NtsbNo,EventType,Mkey,EventDate,City,State,Country,ReportNo,N#,SerialNumber,HasSafetyRec,Mode,TopicMode,ReportType,OriginalPublishedDate,DocketOriginalPublishedDate,HighestInjuryLevel,FatalInjuryCount,SeriousInjuryCount,MinorInjuryCount,OnboardInjuryCount,OnGroundInjuryCount,ProbableCause,Findings,EventID,Latitude,Longitude,Make,Model,AirCraftCategory,AirportID,AirportName,AmateurBuilt,NumberOfEngines,EngineType,Scheduled,PurposeOfFlight,FAR,AirCraftDamage,WeatherCondition,Operator,BroadPhaseofFlight,ReportStatus,RepGenFlag,MostRecentReportType,DocketUrl,ReportUrl,first_bad_date,second_bad_date
ANC26LA008,Accident,202156,2025-12-13,Palmer,AK,USA,NA,N20305,17261176,False,Aviation,Aviation,Approved by Office Director,2026-06-25,NA,None,0,0,0,0,0,The student pilot’s failure to maintain directional control during the landing roll.,Aircraft - Aircraft oper/perf/capability - Performance/control parameters - Not attained/maintained; Personnel issues - Task performance - Use of equip/info - Student/instructed pilot,Accident,61.588913,-149.08635,CESSNA,172M,Airplane,PAQ,Palmer Municipal Airport,False,1,Reciprocating,False,Instructional,091,Substantial,Visual (VMC),On File,Landing; Landing,Completed,False,Approved by Office Director,NA,NA,12/13/2025,13-12-2025
ANC26LA009,Accident,202287,2026-01-12,Anchorage,AK,USA,NA,N669CW,31-514,False,Aviation,Aviation,Approved by Office Director,NA,NA,None,0,0,0,0,0,NA,NA,Accident,61.216469,-149.83574,PIPER,PA-31-310,Airplane,MRI,MERRILL FLD,False,2,NA,False,Positioning,091,Substantial,Instrument (IMC),Theodore Chesley,Landing,Ongoing,False,Approved by Office Director,NA,NA,1/12/2026,12-1-2026
ANC26LA010,Accident,202309,2026-01-16,Anchorage,AK,USA,NA,N918MR; N918MR,LM-138; LM-138,False,Aviation,Aviation,Approved by Office Director,2026-06-25,NA,None,0,0,0,0,0,The pilot’s failure to attain proper flare during landing resulting in a hard landing short of the runway threshold. Contributing to the accident were gusting wind conditions.,Personnel issues - Task performance - Use of equip/info - Pilot; Environmental issues - Conditions/weather/phenomena - Wind - Effect on equipment; Aircraft - Aircraft oper/perf/capability - Performance/control parameters - Not attained/maintained,Accident,61.215082,-149.85249,BEECH; BEECH,65-A90-1; 65-A90-1,Airplane; Airplane,MRI,Merrill Field,False,2,Turbo prop; Turbo prop,False,Executive/Corporate,091; 091,Substantial; Substantial,Visual (VMC); Visual (VMC),Missionary Aviation Repair Center; Missionary Aviation Repair Center,Landing; Landing; Landing,Completed,False,Approved by Office Director,NA,NA,1/16/2026,16-1-2026
ANC26LA011,Accident,202336,2026-01-25,Anchorage,AK,USA,NA,N6333G,15071833,False,Aviation,Aviation,Approved by Office Director,2026-06-25,NA,None,0,0,0,0,0,"The flight instructor’s unintentional selection of the wrong, snow-covered landing surface, which resulted in a nose-over.",Personnel issues - Psychological - Perception/orientation/illusion - Instructor/check pilot; Personnel issues - Action/decision - Info processing/decision - Instructor/check pilot; Environmental issues - Physical environment - Runway/land/takeoff/taxi surface - Effect on operation; Personnel issues - Action/decision - Action - Instructor/check pilot; Aircraft - Aircraft oper/perf/capability - Performance/control parameters - Not attained/maintained,Accident,61.17,-149.96,CESSNA,150K,Airplane,LHD,Lake Hood Seaplane Base,False,1,Reciprocating,False,Instructional,091,Substantial,Visual (VMC); Visual (VMC); Visual (VMC),On File,Landing; Landing,Completed,False,Approved by Office Director,NA,NA,1/25/2026,25-1-2026
DCA26LA102,Accident,202353,2026-01-15,Kodiak,AK,USA,NA,N583AS; N583AS,35681; 35681,False,Aviation,Aviation,Approved by Office Director,2026-03-17,NA,None,0,0,0,0,0,The reduced surface friction of the contaminated ramp which led to a loss of directional control during taxi.,Personnel issues - Task performance - Use of equip/info - Pilot; Environmental issues - Physical environment - Runway/land/takeoff/taxi surface - Effect on operation,Accident,57.749794,-152.49394,BOEING; BOEING,737; 737,Airplane; Airplane,ADQ,KODIAK,False,2,Turbo fan; Turbo fan,False,NA,121; 121,Substantial; Substantial,Visual (VMC),Alaska Airlines; Alaska Airlines,Taxi,Completed,False,Approved by Office Director,NA,NA,1/15/2026,15-1-2026
ANC26LA013,Accident,202367,2026-02-01,Anchorage,AK,USA,NA,N3263Z,227212,False,Aviation,Aviation,Approved by Office Director,NA,NA,Serious,0,0,0,1,0,NA,NA,Accident,61.216389,-149.84722,PIPER,PA-22-150,Airplane,MRI,Merrill Field,False,1,NA,False,Personal,091,Substantial,Visual (VMC),On File,Takeoff,Ongoing,False,Approved by Office Director,NA,NA,2/1/2026,1-2-2026
ANC26LA022,Accident,202711,2026-03-28,Skwentna,AK,USA,NA,N94237,18503294,False,Aviation,Aviation,Approved by Office Director,2026-06-25,NA,None,0,0,0,0,0,The pilot’s loss of directional control during landing roll due to contact with wind hardened snow berm and subsequent failure of main landing gear.,Environmental issues - Physical environment - Runway/land/takeoff/taxi surface - Effect on equipment; Aircraft - Aircraft systems - Landing gear system - Failure; Aircraft - Aircraft oper/perf/capability - Performance/control parameters - Attain/maintain not possible; Personnel issues - Task performance - Use of equip/info - Pilot,Accident,61.897117,-151.61852,CESSNA,A185F,Airplane,NONE,NA,False,1,Reciprocating,False,Personal,091,Substantial,Visual (VMC),On File,Landing; Landing; Landing,Completed,False,Approved by Office Director,NA,NA,3/28/2026,28-3-2026
ANC26LA023,Accident,202728,2026-03-30,Cordova,AK,USA,NA,N212PX,1133,False,Aviation,Aviation,Approved by Office Director,NA,NA,Minor,0,0,0,1,0,NA,NA,Accident,60.543384,-145.73078,MARCIL GERRY,SPORTSMAN 2+2,Airplane,CKU,Cordova,False,1,NA,False,Personal,091,Substantial,Visual (VMC),On File,Landing,Ongoing,False,Approved by Office Director,NA,NA,3/30/2026,30-3-2026
ANC26LA025,Accident,202791,2026-04-09,Anchorage,AK,USA,NA,N394BJ,359,False,Aviation,Aviation,Approved by Office Director,NA,NA,None,0,0,0,0,0,NA,NA,Accident,61.42,-149.51,JEFFREY BURNETTE,AVID FLYER/HEAVY HAU,Airplane,BCV,NA,False,1,NA,False,Personal,091,Substantial,NA,DYE SAMUEL N,Taxi,Ongoing,False,Approved by Office Director,NA,NA,4/9/2026,9-4-2026
ANC26LA026,Accident,202853,2026-04-16,Juneau,AK,USA,NA,N93021,U20603149,False,Aviation,Aviation,Approved by Office Director,NA,NA,Minor,0,0,0,1,0,NA,NA,Accident,58.51,-134.88,CESSNA,U206F,Airplane,NA,NA,False,1,NA,False,Positioning,091,Substantial,Visual (VMC); Visual (VMC),WARD AIR INC,Enroute,Ongoing,False,Approved by Office Director,NA,NA,4/16/2026,16-4-2026
ANC26LA028,Accident,202871,2026-04-22,Palmer,AK,USA,NA,N4136E,18-7809082,False,Aviation,Aviation,Approved by Office Director,NA,NA,None,0,0,0,0,0,NA,NA,Accident,61.435471,-148.54935,PIPER,PA-18-150,Airplane,NONE,Gravel river bar,False,1,NA,False,Personal,091,Substantial,Visual (VMC),On File,Landing,Ongoing,False,Approved by Office Director,NA,NA,4/22/2026,22-4-2026
ANC26LA029,Accident,202873,2026-04-03,Wasilla,AK,USA,NA,N93ML,4114-C,False,Aviation,Aviation,Approved by Office Director,NA,NA,None,0,0,0,0,0,NA,NA,Accident,61.633748,-149.6818,MAULE,M-7-235,Airplane,6AK9,CIZEK NORTH,False,1,NA,False,Personal,091,Substantial,Visual (VMC),HOPMAN CHRISTOPHER J,InitialClimb,Ongoing,False,Approved by Office Director,NA,NA,4/3/2026,3-4-2026
ANC26LA032,Accident,202882,2026-04-24,Aniak,AK,USA,NA,N92DC,18502828,False,Aviation,Aviation,Approved by Office Director,NA,NA,None,0,0,0,0,0,NA,NA,Accident,61.58014,-159.54309,CESSNA,A185F,Airplane,ANI,Aniak,False,1,NA,False,Business,091,Substantial,Visual (VMC),On File,Landing,Ongoing,False,Approved by Office Director,NA,NA,4/24/2026,24-4-2026
ANC26LA034,Accident,202913,2026-04-30,Palmer,AK,USA,NA,N3982Z,18-7925,False,Aviation,Aviation,Approved by Office Director,NA,NA,None,0,0,0,0,0,NA,NA,Accident,61.569027,-149.03857,PIPER,PA-18S-150,Airplane,NA,NA,False,1,NA,False,Personal,091,Substantial,Visual (VMC); Visual (VMC),On File,Landing,Ongoing,False,Approved by Office Director,NA,NA,4/30/2026,30-4-2026
ANC26LA037,Accident,202942,2026-05-06,Palmer,AK,USA,NA,N62TK,TK-01,False,Aviation,Aviation,Approved by Office Director,NA,NA,Serious,0,0,0,1,0,NA,NA,Accident,61.403378,-148.59547,TUNDRAIR,KING,Airplane,NA,NA,True,1,NA,False,Personal,091,Destroyed,Visual (VMC),On File,Maneuvering,Ongoing,False,Approved by Office Director,NA,NA,5/6/2026,6-5-2026
ANC26LA038,Accident,202947,2026-05-05,Salcha,AK,USA,NA,N67RF,FM-80,False,Aviation,Aviation,Approved by Office Director,NA,NA,None,0,0,0,0,0,NA,NA,Accident,64.37,-143.91,TEXTRON AVIATION INC,B300C,Airplane,NA,NA,False,2,NA,False,Public aircraft - federal,PUBU,Substantial,NA,NATIONAL OCEANIC & ATMOSPHERIC ADMINISTRATION,Enroute,Ongoing,False,Approved by Office Director,NA,NA,5/5/2026,5-5-2026
ANC26LA040,Accident,202972,2026-05-08,Anchorage,AK,USA,NA,N115U,33567,False,Aviation,Aviation,Approved by Office Director,NA,NA,None,0,0,0,0,0,NA,NA,Accident,61.196272,-150.00196,DOUGLAS,DC3C,Airplane,ANC,Anchorage International Airport,False,2,NA,False,Business,135,Substantial,Visual (VMC),Desert Air Transport Inc.,Taxi,Ongoing,False,Approved by Office Director,NA,NA,5/8/2026,8-5-2026
ANC26LA041,Accident,203000,2026-05-16,Susitna,AK,USA,NA,N4997M,11-485,False,Aviation,Aviation,Approved by Office Director,NA,NA,None,0,0,0,0,0,NA,NA,Accident,61.39917,-150.4822,PIPER,PA-11,Airplane,NA,NA,False,1,NA,False,Personal,091,Substantial,Visual (VMC),On File,Taxi,Ongoing,False,Approved by Office Director,NA,NA,5/16/2026,16-5-2026
ANC26LA042,Accident,203016,2026-05-18,Nenana,AK,USA,NA,N5184H,14-502,False,Aviation,Aviation,Approved by Office Director,NA,NA,None,0,0,0,0,0,NA,NA,Accident,64.083333,-148.3,PIPER,PA-14,Airplane,NA,NA,False,1,NA,False,Personal,091,Substantial,Visual (VMC); Visual (VMC),On File,Landing,Ongoing,False,Approved by Office Director,NA,NA,5/18/2026,18-5-2026
ANC26LA043,Accident,203029,2026-05-19,Tyonek,AK,USA,NA,N9250D,18-6541,False,Aviation,Aviation,Approved by Office Director,NA,NA,None,0,0,0,0,0,NA,NA,Accident,59.40301,-154.25018,PIPER,PA-18A 150,Airplane,NONE,NA,False,1,NA,False,Business,135,Substantial,Visual (VMC),"Alaska Skies Air Taxi, LLC",Takeoff,Ongoing,False,Approved by Office Director,NA,NA,5/19/2026,19-5-2026
ANC26LA045,Accident,203099,2026-05-28,Bethel,AK,USA,NA,N2526D,20678,False,Aviation,Aviation,Approved by Office Director,NA,NA,None,0,0,0,0,0,NA,NA,Accident,60.779109,-161.83721,CESSNA,170B,Airplane,BET,BETHEL,False,1,NA,False,Personal,091,Substantial,Visual (VMC),On File,Landing,Ongoing,False,Approved by Office Director,NA,NA,5/28/2026,28-5-2026
ANC26LA046,Accident,203100,2026-05-31,South Van Horn,AK,USA,NA,N1888A,18-1718,False,Aviation,Aviation,Approved by Office Director,NA,NA,None,0,0,0,0,0,NA,NA,Accident,64.795732,-147.84243,PIPER,PA-18-125,Airplane,NA,NA,False,1,NA,False,Personal,091,Substantial,NA,ALASKA TAILWHEEL LLC,Landing,Ongoing,False,Approved by Office Director,NA,NA,5/31/2026,31-5-2026
ANC26LA047,Accident,203110,2026-06-02,Salcha,AK,USA,NA,N4162Y,242-77,False,Aviation,Aviation,Approved by Office Director,NA,NA,None,0,0,0,0,0,NA,NA,Accident,64.542101,-146.83307,BELLANCA,8GCBC,Airplane,AK41,GREG'N SAGE,False,1,NA,False,Personal,091,Substantial,Visual (VMC),GARRELS GREGORY J,Landing,Ongoing,False,Approved by Office Director,NA,NA,6/2/2026,2-6-2026
ANC26LA048,Accident,203155,2026-06-08,Fairbanks,AK,USA,NA,N2267Z,1282,False,Aviation,Aviation,Approved by Office Director,NA,NA,None,0,0,0,0,0,NA,NA,Accident,64.804888,-147.8647,HELIO,H-295,Airplane,NA,NA,False,1,NA,False,Personal,091,Substantial,Visual (VMC),On File,Takeoff,Ongoing,False,Approved by Office Director,NA,NA,6/8/2026,8-6-2026
ANC26LA050,Accident,203176,2026-05-31,Steele Creek,AK,USA,NA,N2821Q,18503533,False,Aviation,Aviation,Approved by Office Director,NA,NA,None,0,0,0,0,0,NA,NA,Accident,64.966667,-147.26666,CESSNA,A185F,Airplane,na,remote,False,1,NA,False,Personal,091,Substantial,Visual (VMC),Richard Hattan,Takeoff,Ongoing,False,Approved by Office Director,NA,NA,5/31/2026,31-5-2026
ANC26LA055,Accident,203198,2026-06-18,Petersville,AK,USA,NA,N249T,18-2363,False,Aviation,Aviation,Approved by Office Director,NA,NA,None,0,0,0,0,0,NA,NA,Accident,62.866688,-150.87644,PIPER,PA-18 105,Airplane,NONE,NA,False,1,NA,False,Personal,091,Substantial,Visual (VMC),On File,Maneuvering,Ongoing,False,Approved by Office Director,NA,NA,6/18/2026,18-6-2026
ANC26LA056,Accident,203199,2026-06-11,Russian Mission,AK,USA,NA,N8953D,22-6112,False,Aviation,Aviation,Approved by Office Director,NA,NA,None,0,0,0,0,0,NA,NA,Accident,61.899,-161.43972,PIPER,PA-22-160,Airplane,9AK2,Kako Airport,False,1,NA,False,Business,091,Substantial,Visual (VMC); Visual (VMC),VASSAL MINISTRIES,Landing,Ongoing,False,Approved by Office Director,NA,NA,6/11/2026,11-6-2026
ANC26FA057,Accident,203200,2026-06-18,Cordova,AK,USA,NA,N7635K,20-454,False,Aviation,Aviation,Approved by Office Director,NA,NA,Fatal,0,0,0,1,0,NA,NA,Accident,60.206833,-144.42983,PIPER,PA20,Airplane,NA,NA,False,1,NA,False,Personal,091,Destroyed,Instrument (IMC),Micael Grimes,Enroute,Ongoing,False,Approved by Office Director,NA,NA,6/18/2026,18-6-2026
ANC26LA058,Accident,203201,2026-06-19,Beaver,AK,USA,NA,N828PB,18265926,False,Aviation,Aviation,Approved by Office Director,NA,NA,None,0,0,0,0,0,NA,NA,Accident,66.477696,-146.92696,CESSNA,182Q,Airplane,PVT,NA,False,1,NA,False,Positioning,091,Substantial,Visual (VMC),Charles Kinard,Landing,Ongoing,False,Approved by Office Director,NA,NA,6/19/2026,19-6-2026
ANC26LA059,Accident,203206,2026-06-21,North Pole,AK,USA,NA,N2586M,12-1047,False,Aviation,Aviation,Approved by Office Director,NA,NA,None,0,0,0,0,0,NA,NA,Accident,64.771641,-147.24645,PIPER,PA-12,Airplane,78AA,Lakewood,False,1,NA,False,Personal,091,Substantial,Visual (VMC),On File,Takeoff,Ongoing,False,Approved by Office Director,NA,NA,6/21/2026,21-6-2026
ANC26LA061,Accident,203214,2026-06-20,Skwentna,AK,USA,NA,N7741A,32638,False,Aviation,Aviation,Approved by Office Director,NA,NA,None,0,0,0,0,0,NA,NA,Accident,61.673967,-151.38475,CESSNA,180,Airplane,1AK8,Talaheim,False,1,NA,False,Personal,091,Substantial,Visual (VMC),On File,Landing,Ongoing,False,Approved by Office Director,NA,NA,6/20/2026,20-6-2026
ANC26LA062,Accident,203219,2026-06-22,Wiseman,AK,USA,NA,N94AW,208B5529,False,Aviation,Aviation,Approved by Office Director,NA,NA,Minor,0,0,0,1,0,NA,NA,Accident,67.515597,-150.41561,TEXTRON AVIATION INC,208B,Airplane,NONE,NA,False,1,NA,True,Business,135,Substantial,Visual (VMC),"Wright Air Service, Inc",Enroute,Ongoing,False,Approved by Office Director,NA,NA,6/22/2026,22-6-2026
ANC26LA064,Accident,203247,2026-06-23,Chena,AK,USA,NA,N7506K,18-226,False,Aviation,Aviation,Approved by Office Director,NA,NA,None,0,0,0,0,0,NA,NA,Accident,64.710246,-148.1885,PIPER,PA-18 105,Airplane,NA,NA,False,1,NA,False,Personal,091,Substantial,Visual (VMC),On File,Landing,Ongoing,False,Approved by Office Director,NA,NA,6/23/2026,23-6-2026
ANC26LA065,Accident,203248,2026-06-24,Wasilla,AK,USA,NA,N7178K,18-549,False,Aviation,Aviation,Approved by Office Director,NA,NA,None,0,0,0,0,0,NA,NA,Accident,61.394615,-149.84374,PIPER,PA-18-125,Airplane,Z40,GOOSE BAY,False,1,NA,False,Instructional,091,Substantial,Visual (VMC),On File,Landing,Ongoing,False,Approved by Office Director,NA,NA,6/24/2026,24-6-2026
ANC26LA067,Accident,203309,2026-07-03,Denali National Park,AK,USA,NA,N424KT,338,False,Aviation,Aviation,Approved by Office Director,NA,NA,None,0,0,0,0,0,NA,NA,Accident,62.99214,-150.6746,DEHAVILLAND,DHC-3,Airplane,NA,NA,False,1,NA,False,Positioning,091,Substantial,NA,RUSTAIR INC,Takeoff,Ongoing,False,Approved by Office Director,NA,NA,7/3/2026,3-7-2026
ANC26LA068,Accident,203328,2026-07-05,Skwentna,AK,USA,NA,N907AL,S1742,False,Aviation,Aviation,Approved by Office Director,NA,NA,Minor,0,0,0,2,0,NA,NA,Accident,62.4968,-151.45818,SCHWEIZER,269C,Helicopter,NONE,Private Helipad,False,1,NA,False,Personal,091,Substantial,Visual (VMC),TJM VENTURES INC,Approach,Ongoing,False,Approved by Office Director,NA,NA,7/5/2026,5-7-2026
ANC26LA069,Accident,203352,2026-07-07,Mekoryuk,AK,USA,NA,N824JT,18-6040,False,Aviation,Aviation,Approved by Office Director,NA,NA,None,0,0,0,0,0,NA,NA,Accident,60.30846,-165.96901,PIPER,PA-18-150,Airplane,NA,NA,False,1,NA,False,Public aircraft - state,091,Substantial,Visual (VMC),Renfro's Alaskan Adventures,Enroute,Ongoing,False,Approved by Office Director,NA,NA,7/7/2026,7-7-2026
ANC26LA071,Accident,203402,2026-07-11,Skwentna,AK,USA,NA,N11647,345-72,False,Aviation,Aviation,Approved by Office Director,NA,NA,Serious,0,0,0,1,0,NA,NA,Accident,62.445489,-151.16309,BELLANCA,7GCBC,Airplane,NA,NA,False,1,NA,False,Personal,091,Substantial,Visual (VMC),On File,Unknown,Ongoing,False,Approved by Office Director,NA,NA,7/11/2026,11-7-2026
ANC26LA072,Accident,203418,2026-07-19,Nondalton,AK,USA,NA,N791PW,791,False,Aviation,Aviation,Approved by Office Director,NA,NA,None,0,0,0,0,0,NA,NA,Accident,60.087,-154.67233,DEHAVILLAND,DHC-2 MK.I,Airplane,PVT,Lake Clark Lodge Strip,False,1,NA,False,Business,091,Substantial,Visual (VMC),Lake Clark Lodge,Landing; Landing,Ongoing,False,Approved by Office Director,NA,NA,7/19/2026,19-7-2026
ANC26FA077,Accident,203476,2026-07-28,McCarthy,AK,USA,NA,N4535A,NA,False,Aviation,Aviation,Approved by Office Director,NA,NA,None,0,0,0,0,0,NA,NA,Accident,NA,NA,PIPER,PA22,NA,NA,NA,False,NA,NA,False,Personal,091,NA,NA,NA,Landing,Ongoing,False,Approved by Office Director,NA,NA,7/28/2026,28-7-2026
ANC26LA078,Accident,203495,2026-07-31,Nenana,AK,USA,NA,N2332C,30632,False,Aviation,Aviation,Approved by Office Director,NA,NA,None,0,0,0,0,0,NA,NA,Accident,64.548636,-149.07522,CESSNA,180,Airplane,ENN,NA,False,1,NA,False,Personal,091,Substantial,Visual (VMC),On File,Taxi,Ongoing,False,Approved by Office Director,NA,NA,7/31/2026,31-7-2026
ANC25FA044,Accident,200266,2025-06-04,Kaparuk,AK,USA,NA,N962MD,0725,False,Aviation,Aviation,Approved by Office Director,NA,NA,Fatal,0,0,0,2,0,NA,NA,Accident,70.1855,-149.53866,ROBINSON HELICOPTER CO,R66,Helicopter,NA,NA,False,1,NA,True,Business,135,Substantial,Instrument (IMC),Pollux Aviation,Enroute,Ongoing,False,Approved by Office Director,NA,NA,6/4/2025,4-6-2025
ANC25LA051,Accident,200321,2025-06-14,Fairbanks,AK,USA,NA,N3846M,12-2757,False,Aviation,Aviation,Approved by Office Director,2025-08-11,NA,Serious,0,0,0,1,0,The pilot’s failure to maintain clearance from trees during a go-around with a tailwind.,Aircraft - Aircraft oper/perf/capability - Performance/control parameters - Attain/maintain not possible; Personnel issues - Action/decision - Info processing/decision - Pilot; Environmental issues - Conditions/weather/phenomena - Wind - Effect on operation,Accident,64.873336,-147.01568,PIPER,PA-12,Airplane,NONE,Private Strip,False,1,Reciprocating,False,Personal,091,Substantial,Visual (VMC); Visual (VMC),On File,Approach,Completed,False,Approved by Office Director,NA,NA,6/14/2025,14-6-2025
ANC25LA052,Accident,200324,2025-06-14,Cantwell,AK,USA,NA,N2101Q,108-1182,False,Aviation,Aviation,Approved by Office Director,NA,NA,Minor,0,0,0,2,0,NA,NA,Accident,63.226317,-149.63272,STINSON,108,Airplane,NONE,NA,False,1,NA,False,Personal,091,Substantial,Visual (VMC),On File,Landing,Ongoing,False,Approved by Office Director,NA,NA,6/14/2025,14-6-2025
ANC25LA055,Accident,200386,2025-06-24,Big Lake,AK,USA,NA,N3609Q,32R-7780319,False,Aviation,Aviation,Approved by Office Director,NA,NA,Serious,0,0,0,2,0,NA,NA,Accident,61.53515,-149.80707,PIPER,PA-32R-300,Airplane,BGQ,Big Lake Airport,False,1,NA,False,Instructional,091,Substantial,Visual (VMC),On File,Approach,Ongoing,False,Approved by Office Director,NA,NA,6/24/2025,24-6-2025
ANC25LA056,Accident,200411,2025-06-29,Manokotak,AK,USA,NA,N8085L,17256285,False,Aviation,Aviation,Approved by Office Director,2026-01-09,NA,None,0,0,0,0,0,"The pilot’s decision to land on an unsuitable landing surface with a tailwind, which resulted in a nose over. Contributing was the pilot’s failure to recognize the wind direction, resulting in a tailwind landing.",Environmental issues - Conditions/weather/phenomena - Wind - Effect on operation; Personnel issues - Action/decision - Info processing/decision - Pilot; Environmental issues - Physical environment - Runway/land/takeoff/taxi surface - Effect on operation; Personnel issues - Action/decision - Info processing/decision - Pilot,Accident,58.814722,-159.48572,CESSNA,172H,Airplane,NONE,Beach,False,1,Reciprocating,False,Personal,091,Substantial,Visual (VMC),On File,Landing,Completed,False,Approved by Office Director,NA,NA,6/29/2025,29-6-2025
ANC25LA058,Accident,200420,2025-06-25,Alexander Creek,AK,USA,NA,N97438,108-438,False,Aviation,Aviation,Approved by Office Director,2025-10-09,NA,None,0,0,0,0,0,The pilot’s failure to maintain airplane control during final approach. Contributing to the accident was the airplane’s encounter with a downdraft that led to a rapid loss of altitude.,Personnel issues - Task performance - Use of equip/info - Pilot; Environmental issues - Conditions/weather/phenomena - Wind - Effect on operation; Aircraft - Aircraft oper/perf/capability - Performance/control parameters - Attain/maintain not possible; Aircraft - Aircraft oper/perf/capability - Performance/control parameters - Attain/maintain not possible,Accident,61.421067,-150.58583,STINSON,108-8,Airplane,None,Roy's Strip,False,1,Reciprocating,False,Personal,091,Substantial,Visual (VMC),On File,Approach; Approach; Landing; Landing,Completed,False,Approved by Office Director,NA,NA,6/25/2025,25-6-2025
ANC25LA059,Accident,200423,2025-06-25,Denali Park,AK,USA,NA,N2655D,20807,False,Aviation,Aviation,Approved by Office Director,2026-01-09,NA,None,0,0,0,0,0,The failure of the left main landing gear spring due to a fatigue fracture during landing on uneven terrain.,Aircraft - Aircraft systems - Landing gear system - Failure; Aircraft - Aircraft systems - Landing gear system - Fatigue/wear/corrosion; Personnel issues - Task performance - Use of equip/info - Pilot; Personnel issues - Action/decision - Info processing/decision - Pilot; Personnel issues - Task performance - Maintenance - Maintenance personnel,Accident,63.22338,-150.94702,CESSNA,170B,Airplane,NONE,Backcountry Airstrip,False,1,Reciprocating,False,Personal,091,Substantial,Visual (VMC); Visual (VMC),On File,Landing,Completed,False,Approved by Office Director,NA,NA,6/25/2025,25-6-2025
ANC25LA060,Accident,200440,2025-07-01,Chinitna Bay,AK,USA,NA,N3609Z,22-7497,False,Aviation,Aviation,Approved by Office Director,NA,NA,None,0,0,0,0,0,NA,NA,Accident,59.879456,-153.05283,PIPER,PA-22-150,Airplane,NA,NA,False,1,NA,False,Personal,091,Substantial,Visual (VMC),On File,Enroute,Ongoing,False,Approved by Office Director,NA,NA,7/1/2025,1-7-2025
ANC25LA062,Accident,200460,2025-07-02,Wasilla,AK,USA,NA,N5169X,676,False,Aviation,Aviation,Approved by Office Director,2025-08-21,NA,None,0,0,0,0,0,"The pilot’s excessive use of brakes during landing roll, which resulted in a nose-over.",Aircraft - Aircraft oper/perf/capability - Performance/control parameters - Incorrect use/operation; Personnel issues - Task performance - Use of equip/info - Pilot; Aircraft - Aircraft systems - Landing gear system - Incorrect use/operation,Accident,61.394728,-149.84244,CHAMPION,7ECA,Airplane,Z40,Goose Bay Airport,False,1,Reciprocating,False,Instructional,091,Substantial,Visual (VMC); Visual (VMC),JIN JIN AVIATION LLC,Landing,Completed,False,Approved by Office Director,NA,NA,7/2/2025,2-7-2025
ANC25LA064,Accident,200463,2025-06-30,Palmer,AK,USA,NA,N531AT,14025,False,Aviation,Aviation,Approved by Office Director,2025-09-05,NA,None,0,0,0,0,0,"The pilot’s diverted attention during takeoff in flat light conditions, which resulted in a loss of visual reference with terrain.",Personnel issues - Psychological - Attention/monitoring - Pilot; Environmental issues - Conditions/weather/phenomena - Light condition - Effect on personnel; Personnel issues - Action/decision - Info processing/decision - Pilot; Environmental issues - Physical environment - Terrain - Effect on operation; Personnel issues - Task performance - Workload management - Pilot; Personnel issues - Experience/knowledge - Training - Pilot; Personnel issues - Psychological - Personality/attitude - Pilot; Personnel issues - Psychological - Perception/orientation/illusion - Pilot,Accident,61.441667,-148.759,ROBINSON HELICOPTER COMPANY,R44 II,Helicopter,NA,NA,False,1,Reciprocating,False,Business,135,Substantial,Visual (VMC); Visual (VMC); Visual (VMC),Elevate Aviation LLC,Takeoff,Completed,False,Approved by Office Director,NA,NA,6/30/2025,30-6-2025
ANC25LA065,Accident,200464,2025-07-05,King Salmon,AK,USA,NA,N52009,18052438,False,Aviation,Aviation,Approved by Office Director,NA,NA,Serious,0,0,0,4,0,NA,NA,Accident,58.550313,-155.77591,CESSNA,180J,Airplane,NA,NA,False,1,NA,False,Personal,091,Substantial,Visual (VMC),On File,Landing,Ongoing,False,Approved by Office Director,NA,NA,7/5/2025,5-7-2025
ANC25LA066,Accident,200478,2025-06-28,Chenega,AK,USA,NA,N55PT,18-2675,False,Aviation,Aviation,Approved by Office Director,2025-10-09,NA,None,0,0,0,0,0,The pilot’s failure to maintain directional control during landing in gusting and variable wind conditions.,Environmental issues - Conditions/weather/phenomena - Wind - Effect on operation; Personnel issues - Task performance - Use of equip/info - Pilot; Environmental issues - Conditions/weather/phenomena - Wind - Effect on operation; Aircraft - Aircraft oper/perf/capability - Performance/control parameters - Not attained/maintained; Environmental issues - Conditions/weather/phenomena - Wind - Effect on operation,Accident,60.050046,-147.90822,PIPER,PA-18-135,Airplane,NA,NA,False,1,Reciprocating,False,Personal,091,Substantial,Visual (VMC); Visual (VMC),On File,Landing; Landing,Completed,False,Approved by Office Director,NA,NA,6/28/2025,28-6-2025
ANC25LA067,Accident,200483,2025-07-03,Fairbanks,AK,USA,NA,N690AX; N690AX,11384; 11384,False,Aviation,Aviation,Approved by Office Director,2025-08-21,NA,None,0,0,0,0,0,The pilot’s failure to maintain control during takeoff resulting in a gear-up landing on the runway. Contributing to the accident was the pilot’s momentary distraction from within the airplane.,Personnel issues - Task performance - Use of equip/info - Pilot; Aircraft - Aircraft oper/perf/capability - Performance/control parameters - Not attained/maintained; Personnel issues - Psychological - Perception/orientation/illusion - Pilot; Personnel issues - Psychological - Attention/monitoring - Pilot; Personnel issues - Action/decision - Info processing/decision - Pilot,Accident,64.837559,-147.61472,ROCKWELL INTERNATIONAL; ROCKWELL INTERNATIONAL,690B; 690B,Airplane; Airplane,FBK,Ladd Army Airfield,False,2,Turbo prop; Turbo prop,False,Personal,135; 135,Substantial; Substantial,Visual (VMC); Visual (VMC); Visual (VMC),CLEARWATER AIR INC; CLEARWATER AIR INC,Takeoff,Completed,False,Approved by Office Director,NA,NA,7/3/2025,3-7-2025
ANC25LA068,Accident,200489,2025-07-06,Kokhanok,AK,USA,NA,N67251,251,False,Aviation,Aviation,Approved by Office Director,2025-08-21,NA,None,0,0,0,0,0,The pilot’s failure to attain a proper touchdown point during landing which resulted in a hard landing.,Personnel issues - Action/decision - Info processing/decision - Pilot; Aircraft - Aircraft oper/perf/capability - Performance/control parameters - Not attained/maintained,Accident,59.4376,-154.7772,DEHAVILLAND,BEAVER DHC-2 MK.1,Airplane,NONE,NA,False,1,Reciprocating,False,Business,091,Substantial,Visual (VMC),No See Um Lodge,Landing,Completed,False,Approved by Office Director,NA,NA,7/6/2025,6-7-2025
ANC25LA069,Accident,200501,2025-06-23,Port Graham,AK,USA,NA,N8630Z,P206-0430,False,Aviation,Aviation,Approved by Office Director,2026-04-30,NA,None,0,0,0,0,0,"The pilot's improper landing flare and failure to maintain pitch control, which resulted in a tail strike. Contributing to the accident was the pilot’s failure to initiate a go around after the abnormal runway contact.",Personnel issues - Action/decision - Action - Pilot; Aircraft - Aircraft oper/perf/capability - Performance/control parameters - Not attained/maintained; Aircraft - Aircraft oper/perf/capability - Performance/control parameters - Not attained/maintained; Personnel issues - Task performance - Use of equip/info - Pilot; Personnel issues - Action/decision - Info processing/decision - Pilot,Accident,59.35,-151.83,CESSNA,P206C,Airplane,PGM,Port Graham,False,1,Reciprocating,False,Other work use,091,Substantial,Visual (VMC),ALASKA VILLAGE MISSIONS,Landing; Landing,Completed,False,Approved by Office Director,NA,NA,6/23/2025,23-6-2025
ANC25LA070,Accident,200502,2025-07-09,Homer,AK,USA,NA,N2694D,20846,False,Aviation,Aviation,Approved by Office Director,2025-09-05,NA,None,0,0,0,0,0,"The pilot’s failure to maintain directional control during landing, which resulted in a ground loop.",Personnel issues - Task performance - Use of equip/info - Pilot; Aircraft - Aircraft oper/perf/capability - Performance/control parameters - Not attained/maintained,Accident,59.6481,-151.5299,CESSNA,170B,Airplane,HOM,Homer Airport,False,1,Reciprocating,False,Personal,091,Substantial,Visual (VMC),On File,Landing,Completed,False,Approved by Office Director,NA,NA,7/9/2025,9-7-2025
ANC25LA071,Accident,200508,2025-06-03,Willow,AK,USA,NA,N3994Z,18-7943,False,Aviation,Aviation,Approved by Office Director,2026-04-02,NA,None,0,0,0,0,0,"The flight instructor’s delayed remedial action/lack of supervision. Contributing to the accident was the pilot receiving instructions failure to maintain directional control during the landing roll in gusting wind conditions, which resulted in a ground loop.",Personnel issues - Psychological - Attention/monitoring - Instructor/check pilot; Personnel issues - Task performance - Use of equip/info - Pilot; Personnel issues - Task performance - Use of equip/info - Instructor/check pilot; Personnel issues - Action/decision - Action - Pilot; Personnel issues - Action/decision - Action - Instructor/check pilot; Aircraft - Aircraft oper/perf/capability - Performance/control parameters - Not attained/maintained; Environmental issues - Conditions/weather/phenomena - Wind - Effect on operation,Accident,61.755474,-150.05266,PIPER,PA-18-150,Airplane,PAUO,WILLOW,False,1,Reciprocating,False,Instructional,091,Substantial,Visual (VMC),Blue River Aviation,Landing; Landing; Landing,Completed,False,Approved by Office Director,NA,NA,6/3/2025,3-6-2025
ANC25LA072,Accident,200515,2025-07-12,Dillingham,AK,USA,NA,N82109,18-7809130,False,Aviation,Aviation,Approved by Office Director,2025-09-05,NA,None,0,0,0,0,0,"The pilot’s failure to maintain direction control during takeoff roll which resulted in a ground loop, and subsequent runway excursion.",Aircraft - Aircraft oper/perf/capability - Performance/control parameters - Not attained/maintained; Personnel issues - Task performance - Use of equip/info - Pilot,Accident,59.055333,-158.57283,PIPER,PA-18-150,Airplane,AA15,Shannons Pond,False,1,Reciprocating,False,Personal,091,Substantial,Visual (VMC); Visual (VMC),On File,Takeoff; Takeoff,Completed,False,Approved by Office Director,NA,NA,7/12/2025,12-7-2025
ANC25LA073,Accident,200520,2025-07-11,Palmer,AK,USA,NA,N27293,18-3367,False,Aviation,Aviation,Approved by Office Director,2026-01-09,NA,None,0,0,0,0,0,"The pilot’s excessive braking during the landing roll, resulting in a nose over. Contributing to the accident was the pilot’s decision to continue the landing after determining the landing area was unsuitable.",Aircraft - Aircraft oper/perf/capability - Performance/control parameters - Incorrect use/operation; Personnel issues - Action/decision - Info processing/decision - Pilot; Environmental issues - Physical environment - Terrain - Contributed to outcome; Personnel issues - Task performance - Use of equip/info - Pilot,Accident,61.41,-148.56,PIPER,PA-18-135,Airplane,NONE,River Bed,False,1,Reciprocating,False,Personal,091,Substantial,Visual (VMC); Visual (VMC),On File,Landing,Completed,False,Approved by Office Director,NA,NA,7/11/2025,11-7-2025
ANC25LA074,Accident,200536,2025-07-11,Nelson Lagoon,AK,USA,NA,N109KS,1295,False,Aviation,Aviation,Approved by Office Director,2025-09-05,NA,None,0,0,0,0,0,The pilot’s failure to maintain clearance from a creek bank while maneuvering to land.,Environmental issues - Physical environment - Terrain - Response/compensation; Personnel issues - Psychological - Attention/monitoring - Pilot,Accident,55.903279,-161.73183,DEHAVILLAND,BEAVER DHC-2 MK.1,Airplane,NONE,Remote Beach,False,1,Reciprocating,False,Business,091,Substantial,Visual (VMC),RS SPECIALTIES LLC,Landing,Completed,False,Approved by Office Director,NA,NA,7/11/2025,11-7-2025
ANC25LA075,Accident,200537,2025-07-11,Palmer,AK,USA,NA,N8979D,18-7509053,False,Aviation,Aviation,Approved by Office Director,2026-01-09,NA,None,0,0,0,0,0,"The pilot's excessive braking during the landing roll, resulting in a nose over.",Personnel issues - Action/decision - Info processing/decision - Pilot; Aircraft - Aircraft oper/perf/capability - Performance/control parameters - Not attained/maintained; Personnel issues - Task performance - Use of equip/info - Pilot; Environmental issues - Physical environment - Terrain - Contributed to outcome; Aircraft - Aircraft oper/perf/capability - Performance/control parameters - Incorrect use/operation,Accident,61.41,-148.56,PIPER,PA-18-150,Airplane,NONE,Landing Strip,False,1,Reciprocating,False,Personal,091,Substantial,Visual (VMC); Visual (VMC),On File,Landing,Completed,False,Approved by Office Director,NA,NA,7/11/2025,11-7-2025
ANC25LA076,Accident,200608,2025-07-17,Gulkana,AK,USA,NA,N91393,18052063,False,Aviation,Aviation,Approved by Office Director,2026-05-21,NA,None,0,0,0,0,0,The failure of the left rudder assembly which resulted in a runway excursion and ground loop.,Personnel issues - Task performance - Use of equip/info - Pilot; Aircraft - Aircraft systems - Flight control system - Failure,Accident,62.49,-145.48,CESSNA,180H,Airplane,NA,Sanford River strip,False,1,Reciprocating,False,Business,135,Substantial,Visual (VMC); Visual (VMC); Visual (VMC); Visual (VMC),Copper Calley Air Service,Landing; Taxi; Landing,Completed,False,Approved by Office Director,NA,NA,7/17/2025,17-7-2025
ANC25LA077,Accident,200628,2025-07-24,Yakutat,AK,USA,NA,N8457Z,205-0457,False,Aviation,Aviation,Approved by Office Director,NA,NA,None,0,0,0,0,0,NA,NA,Accident,59.10776,-138.50177,CESSNA,210-5,Airplane,NA,NA,False,1,NA,False,Business,135,Substantial,Visual (VMC); Visual (VMC); Visual (VMC); Visual (VMC),Yakutat Air,Takeoff,Ongoing,False,Approved by Office Director,NA,NA,7/24/2025,24-7-2025
ANC25LA078,Accident,200630,2025-07-25,Gulkana,AK,USA,NA,N29110,U206-1080,False,Aviation,Aviation,Approved by Office Director,2026-01-09,NA,None,0,0,0,0,0,"The pilot’s inadequate fuel management, which resulted in a total loss of engine power due to fuel starvation.",Aircraft - Fluids/misc hardware - Fluids - Fluid management; Personnel issues - Task performance - Use of equip/info - Pilot,Accident,62.142637,-145.44946,CESSNA,U206C,Airplane,GKN,Gulkana Airport,False,1,Reciprocating,False,Business,135,Substantial,Visual (VMC),COPPER VALLEY AIR SERVICE LLC,Approach,Completed,False,Approved by Office Director,NA,NA,7/25/2025,25-7-2025
ANC25FA079,Accident,200633,2025-07-25,Dillingham,AK,USA,NA,N5050R,15301,False,Aviation,Aviation,Approved by Office Director,NA,NA,Fatal,0,0,0,1,0,NA,NA,Accident,59.03856,-158.51182,PIPER,J3C-65,Airplane,DLG,Dillingham Airport,False,1,NA,False,Personal,091,Substantial,Visual (VMC),On File,InitialClimb,Ongoing,False,Approved by Office Director,NA,NA,7/25/2025,25-7-2025
ANC25LA080,Accident,200679,2025-07-31,Soldotna,AK,USA,NA,N60509,15070361,False,Aviation,Aviation,Approved by Office Director,NA,NA,Serious,0,0,0,2,0,NA,NA,Accident,60.474917,-151.02589,CESSNA,150J,Airplane,sxq,Soldotna Airport,False,1,NA,False,Instructional,091,Substantial,Visual (VMC),On File,Takeoff,Ongoing,False,Approved by Office Director,NA,NA,7/31/2025,31-7-2025
ANC25LA081,Accident,200685,2025-08-01,Anchorage,AK,USA,NA,N645AT,208B5009,False,Aviation,Aviation,Approved by Office Director,2025-09-18,NA,None,0,0,0,0,0,"The pilot’s decision to continue an unstabilized approach, which resulted in a landing touchdown with insufficient runway remaining and a subsequent runway overrun and a collision with a fence.",Personnel issues - Action/decision - Action - Pilot; Personnel issues - Task performance - Use of equip/info - Pilot; Aircraft - Aircraft oper/perf/capability - Performance/control parameters - Not attained/maintained; Personnel issues - Action/decision - Info processing/decision - Pilot; Aircraft - Aircraft oper/perf/capability - Performance/control parameters - Not attained/maintained; Aircraft - Aircraft oper/perf/capability - Aircraft capability - Capability exceeded; Personnel issues - Psychological - Perception/orientation/illusion - Pilot; Personnel issues - Action/decision - Action - Pilot; Aircraft - Aircraft oper/perf/capability - Aircraft capability - Capability exceeded,Accident,61.2085,-149.8525,CESSNA,208B,Airplane,MRI,Merrill Field,False,1,Turbo prop,True,NA,135,Substantial,Visual (VMC),J & M Alaska Air Tours,Landing; Landing,Completed,False,Approved by Office Director,NA,NA,8/1/2025,1-8-2025
ANC25LA082,Accident,200686,2025-08-02,Yakutat,AK,USA,NA,N206GR,U20601753,False,Aviation,Aviation,Approved by Office Director,2025-09-16,NA,None,0,0,0,0,0,"The pilot’s failure to maintain clearance during approach in gusting wind conditions to a remote airstrip, resulting in a collision with brush.",Aircraft - Aircraft oper/perf/capability - Performance/control parameters - Not attained/maintained; Personnel issues - Task performance - Use of equip/info - Pilot; Personnel issues - Psychological - Perception/orientation/illusion - Pilot; Personnel issues - Psychological - Attention/monitoring - Pilot; Environmental issues - Conditions/weather/phenomena - Wind - Contributed to outcome,Accident,60.079166,-143.12743,CESSNA,U206F,Airplane,PVT,Diericks Tsiu River Lodge Strip,False,1,Reciprocating,False,Other work use,091,Substantial,Visual (VMC); Visual (VMC),On File,Landing,Completed,False,Approved by Office Director,NA,NA,8/2/2025,2-8-2025
ANC25LA083,Accident,200687,2025-08-02,Chisana,AK,USA,NA,N900HY,2362,False,Aviation,Aviation,Approved by Office Director,2025-10-23,NA,None,0,0,0,0,0,The pilot’s failure to maintain clearance from terrain while maneuvering at low altitude.,Personnel issues - Action/decision - Info processing/decision - Pilot; Personnel issues - Psychological - Perception/orientation/illusion - Pilot; Environmental issues - Physical environment - Terrain - Effect on equipment; Personnel issues - Action/decision - Info processing/decision - Pilot; Aircraft - Aircraft oper/perf/capability - Aircraft capability - Capability exceeded; Aircraft - Aircraft oper/perf/capability - Performance/control parameters - Not attained/maintained; Personnel issues - Task performance - Use of equip/info - Pilot; Personnel issues - Psychological - Attention/monitoring - Pilot; Personnel issues - Psychological - Personality/attitude - Pilot,Accident,62.282155,-142.20762,AVIAT AIRCRAFT INC,A-1B,Airplane,NA,NA,False,1,Reciprocating,False,Personal,091,Substantial,Visual (VMC); Visual (VMC); Visual (VMC),On File,Maneuvering,Completed,False,Approved by Office Director,NA,NA,8/2/2025,2-8-2025
ANC25LA084,Accident,200722,2025-08-06,Willow,AK,USA,NA,N84726,7AC-3432,False,Aviation,Aviation,Approved by Office Director,NA,NA,Serious,0,0,0,1,0,NA,NA,Accident,61.751876,-150.04922,AERONCA,7AC,Airplane,UUO,Willow Airport,False,1,NA,False,Personal,091,Substantial,Visual (VMC),On File,Takeoff,Ongoing,False,Approved by Office Director,NA,NA,8/6/2025,6-8-2025
ANC25LA085,Accident,200744,2025-08-09,Soldotna,AK,USA,NA,N232KT,52,False,Aviation,Aviation,Approved by Office Director,2025-10-23,NA,None,0,0,0,0,0,The pilot’s failure to maintain clearance from rising terrain while maneuvering at low altitude.,Personnel issues - Action/decision - Action - Pilot; Aircraft - Aircraft oper/perf/capability - Aircraft capability - Not attained/maintained; Environmental issues - Physical environment - Terrain - Contributed to outcome,Accident,60.174017,-150.40188,DEHAVILLAND,DHC-2 MK 1,Airplane,NONE,NA,False,1,Reciprocating,False,Business,135,Substantial,Visual (VMC),"Rust's Flying Service, Inc",Maneuvering,Completed,False,Approved by Office Director,NA,NA,8/9/2025,9-8-2025
ANC25LA087,Accident,200819,2025-08-19,Homer,AK,USA,NA,N9314D,22-6325,False,Aviation,Aviation,Approved by Office Director,2026-01-09,NA,None,0,0,0,0,0,The failure of the left main landing gear mount due to extensive corrosion while landing in an area of rough terrain.,Aircraft - Aircraft systems - Landing gear system - Fatigue/wear/corrosion; Environmental issues - Physical environment - Terrain - Effect on operation,Accident,59.8243,-150.6442,PIPER,PA-22-160,Airplane,NONE,Sheep River Airstrip,False,1,Reciprocating,False,Personal,091,Substantial,Visual (VMC),On File,Landing,Completed,False,Approved by Office Director,NA,NA,8/19/2025,19-8-2025
ANC25LA088,Accident,200820,2025-08-19,Delta Junction,AK,USA,NA,N4721U,18051421,False,Aviation,Aviation,Approved by Office Director,2026-01-09,NA,None,0,0,0,0,0,"The pilot’s failure to maintain a rate of climb sufficient to clear obstacles during takeoff, resulting in a collision with tree-covered terrain.",Personnel issues - Task performance - Use of equip/info - Pilot; Environmental issues - Physical environment - Terrain - Contributed to outcome; Aircraft - Aircraft oper/perf/capability - Performance/control parameters - Not attained/maintained; Environmental issues - Physical environment - Object/animal/substance - Contributed to outcome,Accident,63.8051,-146.4754,CESSNA,180G,Airplane,NONE,East Hayes Creek,False,1,Reciprocating,False,Personal,091,Substantial,Visual (VMC); Visual (VMC),On File,Takeoff,Completed,False,Approved by Office Director,NA,NA,8/19/2025,19-8-2025
ANC25LA089,Accident,200821,2025-07-14,Egegik,AK,USA,NA,N2638M,12-981,False,Aviation,Aviation,Approved by Office Director,2026-01-09,NA,None,0,0,0,0,0,"The pilot’s excessive use of brakes during landing roll, which resulted in a nose-over.",Personnel issues - Task performance - Use of equip/info - Pilot; Aircraft - Aircraft oper/perf/capability - Performance/control parameters - Incorrect use/operation; Aircraft - Aircraft systems - Landing gear system - Incorrect use/operation,Accident,57.88,-157.27,PIPER,PA-12,Airplane,NONE,Remote Strip,False,1,Reciprocating,False,Personal,091,Substantial,Visual (VMC),On File,Landing,Completed,False,Approved by Office Director,NA,NA,7/14/2025,14-7-2025
ANC25LA090,Accident,200832,2025-08-18,Willow,AK,USA,NA,N4387Z,18-8709,False,Aviation,Aviation,Approved by Office Director,2026-01-09,NA,None,0,0,0,0,0,"The pilot’s loss of control after a rejected takeoff, which resulted in a noseover.",Aircraft - Aircraft oper/perf/capability - Performance/control parameters - Not attained/maintained; Personnel issues - Task performance - Use of equip/info - Pilot; Environmental issues - Physical environment - Terrain - Contributed to outcome,Accident,61.754613,-150.0514,PIPER,PA-18-150,Airplane,NA,NA,False,1,Reciprocating,False,Public aircraft - state,PUBU,Substantial,Visual (VMC); Visual (VMC),STATE OF ALASKA,Takeoff; Takeoff,Completed,False,Approved by Office Director,NA,NA,8/18/2025,18-8-2025
ANC25LA091,Accident,200833,2025-08-20,Ninilchik,AK,USA,NA,N246VU,18656A26444,False,Aviation,Aviation,Approved by Office Director,NA,NA,None,0,0,0,0,0,NA,NA,Accident,60.02,-151.71,VU HOLDINGS LLC/DBA VANILLA UN,VA 001,Airplane,NA,NA,False,1,NA,False,Public aircraft - federal,PUBU,Substantial,Visual (VMC),VU HOLDINGS LLC,Enroute,Ongoing,False,Approved by Office Director,NA,NA,8/20/2025,20-8-2025
ANC25LA092,Accident,200840,2025-08-22,Juneau,AK,USA,NA,N149TH,9071,False,Aviation,Aviation,Approved by Office Director,2026-04-30,NA,None,0,0,0,0,0,"The pilot’s failure to maintain adequate obstacle clearance during takeoff from uneven, snow-covered terrain in flat light conditions.",Environmental issues - Conditions/weather/phenomena - Light condition - Effect on operation; Personnel issues - Action/decision - Info processing/decision - Pilot; Environmental issues - Physical environment - Terrain - Effect on operation; Environmental issues - Physical environment - Terrain - Effect on operation,Accident,58.55,-134.54,EUROCOPTER,AS 350 B2,Helicopter,NONE,Glacier,False,1,Turbo shaft,False,Positioning,091,Substantial,Visual (VMC),TEMSCO HELICOPTERS INC,Takeoff,Completed,False,Approved by Office Director,NA,NA,8/22/2025,22-8-2025
ANC25LA093,Accident,200846,2025-08-23,Anchorage,AK,USA,NA,N7050K,20-158,False,Aviation,Aviation,Approved by Office Director,2026-05-21,NA,None,0,0,0,0,0,The pilot receiving instruction’s failure to maintain directional control during the landing roll. Contributing to the accident was the flight instructor’s delayed remedial action.,Personnel issues - Task performance - Use of equip/info - Pilot; Personnel issues - Action/decision - Action - Instructor/check pilot; Aircraft - Aircraft oper/perf/capability - Performance/control parameters - Not attained/maintained; Personnel issues - Action/decision - Action - Instructor/check pilot,Accident,61.216436,-149.83206,PIPER,PA-20,Airplane,MRI,Merrill Field,False,1,Reciprocating,False,Instructional,091,Substantial,Visual (VMC),On File,Landing,Completed,False,Approved by Office Director,NA,NA,8/23/2025,23-8-2025
ANC25LA094,Accident,200861,2025-08-24,Chicken,AK,USA,NA,N7771N,28-5218,False,Aviation,Aviation,Approved by Office Director,NA,NA,Minor,0,0,0,2,0,NA,NA,Accident,64.07567,-141.96029,PIPER,PA-28-180,Airplane,CKX,Chicken,False,1,NA,False,Personal,091,Substantial,Visual (VMC),On File,InitialClimb,Ongoing,False,Approved by Office Director,NA,NA,8/24/2025,24-8-2025
ANC25LA095,Accident,200862,2025-08-21,Pilot Point,AK,USA,NA,N44344,597,False,Aviation,Aviation,Approved by Office Director,2026-04-30,NA,None,0,0,0,0,0,"The pilot's inadequate takeoff performance planning, which resulted in a runway excursion and collision with terrain.",Personnel issues - Action/decision - Info processing/decision - Pilot; Personnel issues - Task performance - Planning/preparation - Pilot; Aircraft - Aircraft oper/perf/capability - Aircraft capability - Not attained/maintained,Accident,57.753056,-156.16611,HELIO,H-395,Airplane,NONE,Unimproved Strip,False,1,Reciprocating,False,Business,091,Substantial,Visual (VMC); Visual (VMC),On File,Takeoff,Completed,False,Approved by Office Director,NA,NA,8/21/2025,21-8-2025
ANC25LA096,Accident,200872,2025-08-18,Haines,AK,USA,NA,N9BB,18503356,False,Aviation,Aviation,Approved by Office Director,2025-10-23,NA,None,0,0,0,0,0,The pilot’s selection of an unsuitable landing area resulting in an on-ground collision with an obscured log and a main landing gear separation.,Environmental issues - Physical environment - Object/animal/substance - Contributed to outcome; Personnel issues - Action/decision - Action - Pilot; Aircraft - Aircraft structures - Fuselage - Capability exceeded,Accident,59.200965,-135.28274,CESSNA,A185F,Airplane,NA,NA,False,1,Reciprocating,False,Personal,091,Substantial,Visual (VMC); Visual (VMC); Visual (VMC),On File,Landing,Completed,False,Approved by Office Director,NA,NA,8/18/2025,18-8-2025
ANC25LA097,Accident,200883,2025-08-20,Skwentna,AK,USA,NA,N589SH,7745,False,Aviation,Aviation,Approved by Office Director,2025-10-23,NA,None,0,0,0,0,0,"The pilot’s inadvertent entanglement of a lightweight Kevlar long line into the helicopters operating main rotor system, resulting in a severe imbalance and separation of the main rotor gearbox.",Personnel issues - Action/decision - Action - Pilot; Environmental issues - Physical environment - Terrain - Effect on operation,Accident,61.769167,-152.98693,AIRBUS HELICOPTERS,AS350B3e,Helicopter,NA,NA,False,1,Turbo shaft,False,External load,133,Substantial,Visual (VMC); Visual (VMC),Soloy Helicopters LLC,Standing,Completed,False,Approved by Office Director,NA,NA,8/20/2025,20-8-2025
ANC25LA099,Accident,200960,2025-08-29,Petersville,AK,USA,NA,N74435,10718,False,Aviation,Aviation,Approved by Office Director,2026-05-21,NA,None,0,0,0,0,0,"The pilot’s exceedance of the helicopter’s available power while landing in a remote confined area, which resulted in rotor droop and a hard landing.",Personnel issues - Task performance - Use of equip/info - Pilot; Personnel issues - Psychological - Attention/monitoring - Pilot; Personnel issues - Psychological - Attention/monitoring - Pilot; Environmental issues - Conditions/weather/phenomena - Wind - Effect on operation; Aircraft - Aircraft oper/perf/capability - Performance/control parameters - Capability exceeded,Accident,62.54243,-151.444,ROBINSON HELICOPTER COMPANY,R44 II,Helicopter,NA,NA,False,1,Reciprocating,False,NA,135,Substantial,Visual (VMC); Visual (VMC),POLLUX AVIATION LTD,Landing,Completed,False,Approved by Office Director,NA,NA,8/29/2025,29-8-2025
ANC25LA100,Accident,200961,2025-08-31,Sutton,AK,USA,NA,N5267X,192,False,Aviation,Aviation,Approved by Office Director,2026-05-21,NA,None,0,0,0,0,0,"The airplane’s encounter with a downdraft while maneuvering at low altitude, which resulted in a forced landing and collision with terrain.",Environmental issues - Conditions/weather/phenomena - Wind - Effect on operation; Personnel issues - Action/decision - Info processing/decision - Pilot; Personnel issues - Psychological - Attention/monitoring - Pilot; Aircraft - Aircraft oper/perf/capability - Performance/control parameters - Capability exceeded,Accident,61.70565,-148.31331,CHAMPION,7GCBC,Airplane,NA,NA,False,1,Reciprocating,False,Personal,091,Substantial,Visual (VMC); Visual (VMC); Visual (VMC); Visual (VMC); Visual (VMC),On File,Approach,Completed,False,Approved by Office Director,NA,NA,8/31/2025,31-8-2025
ANC25LA101,Accident,200963,2025-09-01,Willow,AK,USA,NA,N2996C,30896,False,Aviation,Aviation,Approved by Office Director,2026-05-21,NA,None,0,0,0,0,0,"The pilot’s decision to takeoff from an unsuitable runway due to large puddles of water, which resulted in a nose over.",Personnel issues - Action/decision - Info processing/decision - Pilot; Environmental issues - Physical environment - Terrain - Contributed to outcome,Accident,61.7526,-150.0544,CESSNA,180,Airplane,PVT,PVT,False,1,Reciprocating,False,Personal,091,Substantial,Visual (VMC),On File,Takeoff,Completed,False,Approved by Office Director,NA,NA,9/1/2025,1-9-2025
ANC25LA102,Accident,200970,2025-09-05,Unalakleet,AK,USA,NA,N242BC,534-2010,False,Aviation,Aviation,Approved by Office Director,2026-05-21,NA,None,0,0,0,0,0,"The pilots encounter with an obstructed dip in the landing surface during the landing roll out on a remote airstrip, which resulted in a noseover.",Personnel issues - Task performance - Use of equip/info - Pilot; Aircraft - Aircraft oper/perf/capability - Performance/control parameters - Attain/maintain not possible; Environmental issues - Physical environment - Object/animal/substance - Effect on operation; Environmental issues - Physical environment - Terrain - Effect on operation,Accident,62.859,-161.73566,AMERICAN CHAMPION AIRCRAFT,8GCBC,Airplane,NA,remote strip,False,1,Reciprocating,False,Personal,091,Substantial,Visual (VMC),On File,Landing,Completed,False,Approved by Office Director,NA,NA,9/5/2025,5-9-2025
ANC25LA103,Accident,200982,2025-09-10,Lake Louise,AK,USA,NA,N5025H,11-905,False,Aviation,Aviation,Approved by Office Director,2026-05-21,NA,Serious,0,0,0,1,0,"The pilot’s encounter with gusting crosswind conditions during takeoff, which resulted in a loss of control and subsequent impact with terrain.",Personnel issues - Task performance - Use of equip/info - Pilot; Aircraft - Aircraft oper/perf/capability - Performance/control parameters - Not attained/maintained; Environmental issues - Conditions/weather/phenomena - Wind - Effect on equipment,Accident,62.705,-147.22166000000001,PIPER,PA-11,Airplane,NONE,NA,False,1,Reciprocating,False,Personal,091,Substantial,Visual (VMC),On File,Takeoff,Completed,False,Approved by Office Director,NA,NA,9/10/2025,10-9-2025
ANC25LA104,Accident,200994,2025-09-08,Chisana,AK,USA,NA,N9930D,JP001,False,Aviation,Aviation,Approved by Office Director,2026-05-21,NA,None,0,0,0,0,0,The pilot’s failure to maintain directional control during the takeoff roll.,Environmental issues - Conditions/weather/phenomena - Wind - Contributed to outcome; Personnel issues - Task performance - Use of equip/info - Pilot; Aircraft - Aircraft oper/perf/capability - Performance/control parameters - Not attained/maintained,Accident,62.216667,-142.66666,JEREMY PRICE,SMITH SUPER CUB,Airplane,NONE,NA,True,1,Reciprocating,False,Personal,091,Substantial,Visual (VMC),On File,Takeoff,Completed,False,Approved by Office Director,NA,NA,9/8/2025,8-9-2025
ANC25LA105,Accident,200995,2025-09-13,Point MacKenzie,AK,USA,NA,N343GA,7009C,False,Aviation,Aviation,Approved by Office Director,NA,NA,Serious,0,0,0,1,0,NA,NA,Accident,61.367833,-149.93716,MAULE,M-5-235C,Airplane,Z40,Goose Bay,False,1,NA,False,Personal,091,Substantial,Visual (VMC),On File,Approach,Ongoing,False,Approved by Office Director,NA,NA,9/13/2025,13-9-2025
ANC25LA106,Accident,201015,2025-08-06,Delta Junction,AK,USA,NA,N907BT,072515,False,Aviation,Aviation,Approved by Office Director,2026-05-21,NA,None,0,0,0,0,0,"The pilot’s failure to maintain obstacle clearance during landing, which resulted in an impact with trees.",Personnel issues - Task performance - Use of equip/info - Pilot; Environmental issues - Physical environment - Object/animal/substance - Effect on operation; Aircraft - Aircraft oper/perf/capability - Performance/control parameters - Not attained/maintained,Accident,64.11,-147.68,BRIAN TURNER,NORTHERN EXPLORER,Airplane,NA,NA,True,1,Reciprocating,False,Personal,091,Substantial,Visual (VMC),On File,Landing,Completed,False,Approved by Office Director,NA,NA,8/6/2025,6-8-2025
ANC25LA107,Accident,201017,2025-09-16,Tyonek,AK,USA,NA,N798AK,007,False,Aviation,Aviation,Approved by Office Director,2026-05-21,NA,None,0,0,0,0,0,"The pilot’s failure to maintain directional control of the airplane during the landing roll, in gusting crosswind conditions.",Environmental issues - Conditions/weather/phenomena - Wind - Effect on operation; Personnel issues - Task performance - Use of equip/info - Pilot; Aircraft - Aircraft oper/perf/capability - Performance/control parameters - Not attained/maintained,Accident,61.234905,-151.78733,DAVID HUNTER,DANCHINI CUB,Airplane,NONE,NA,True,1,Reciprocating,False,Personal,091,Substantial,Visual (VMC),On File,Landing,Completed,False,Approved by Office Director,NA,NA,9/16/2025,16-9-2025
ANC25LA108,Accident,201034,2025-09-17,Delta Junction,AK,USA,NA,N7777D,18-5962,False,Aviation,Aviation,Approved by Office Director,2026-06-17,NA,None,0,0,0,0,0,"The pilot’s failure to maintain clearance from an object during takeoff, which resulted in a collision and ground loop. Contributing was the pilot’s selection of an unsuitable takeoff area.",Environmental issues - Physical environment - Object/animal/substance - Contributed to outcome; Personnel issues - Task performance - Use of equip/info - Pilot; Aircraft - Aircraft oper/perf/capability - Performance/control parameters - Not attained/maintained; Personnel issues - Action/decision - Info processing/decision - Pilot,Accident,63.95798,-147.07552,PIPER,PA-18-150,Airplane,NONE,Ridge,False,1,Reciprocating,False,Personal,091,Substantial,Visual (VMC),On File,Takeoff,Completed,False,Approved by Office Director,NA,NA,9/17/2025,17-9-2025
ANC25LA109,Accident,201068,2025-09-16,Kotlik,AK,USA,NA,N3816M,12-2737,False,Aviation,Aviation,Approved by Office Director,2026-06-22,NA,Minor,0,0,0,1,0,The pilot’s failure to maintain airplane control during a go-around in variable wind conditions.,Environmental issues - Conditions/weather/phenomena - Wind - Effect on operation; Aircraft - Aircraft oper/perf/capability - Performance/control parameters - Not attained/maintained; Personnel issues - Task performance - Use of equip/info - Pilot; Environmental issues - Conditions/weather/phenomena - Wind - Effect on operation,Accident,62.6324,-162.5109,PIPER,PA-12,Airplane,NONE,Ridge,False,1,Reciprocating,False,Personal,091,Substantial,Visual (VMC); Visual (VMC); Visual (VMC),On File,Landing,Completed,False,Approved by Office Director,NA,NA,9/16/2025,16-9-2025
ANC25LA110,Accident,201705,2025-09-23,Healy,AK,USA,NA,N976E,208B0976,False,Aviation,Aviation,Approved by Office Director,2026-06-22,NA,None,0,0,0,0,0,The pilot’s failure to maintain directional control during the departure roll resulting in a collision with a tractor/loader.,Personnel issues - Task performance - Use of equip/info - Pilot; Aircraft - Aircraft oper/perf/capability - Performance/control parameters - Not attained/maintained,Accident,64.006104,-148.23198,CESSNA,208B,Airplane,PVT,Decker Airstrip,False,1,Turbo prop,True,Business,135,Substantial,Visual (VMC),WRIGHT AIR SERVICE INC,Takeoff,Completed,False,Approved by Office Director,NA,NA,9/23/2025,23-9-2025
ANC25LA111,Accident,201707,2025-09-20,McGrath,AK,USA,NA,N217WM,SQ12-0012,False,Aviation,Aviation,Approved by Office Director,2026-06-22,NA,None,0,0,0,0,0,"The pilot’s failure to maintain clearance from a hole in the tundra, which resulted in impact with terrain.",Personnel issues - Task performance - Use of equip/info - Pilot; Personnel issues - Task performance - Planning/preparation - Pilot,Accident,62.954198,-155.64979,217WHISKEYMIKE LLC,SQ12,Airplane,NA,NA,True,1,Reciprocating,False,Personal,091,Substantial,Visual (VMC),BACKCOUNTRY ADVENTURES LLC,Taxi,Completed,False,Approved by Office Director,NA,NA,9/20/2025,20-9-2025
ANC25LA112,Accident,201746,2025-09-22,Yakataga,AK,USA,NA,N4282F,46182,False,Aviation,Aviation,Approved by Office Director,2026-06-22,NA,None,0,0,0,0,0,The total loss of engine power due to carburetor icing and the pilot’s failure to effectively use carburetor heat in meteorological conditions conducive to the formation of carburetor icing.,Environmental issues - Conditions/weather/phenomena - Temp/humidity/pressure - Effect on operation; Personnel issues - Task performance - Use of equip/info - Pilot; Environmental issues - Conditions/weather/phenomena - Temp/humidity/pressure - Contributed to outcome; Personnel issues - Action/decision - Action - Pilot; Aircraft - Aircraft power plant - Engine fuel and control - Incorrect use/operation,Accident,60.094722,-142.70333,CESSNA,172,Airplane,NONE,Beach,False,1,Reciprocating,False,Personal,091,Substantial,Visual (VMC); Visual (VMC); Visual (VMC); Visual (VMC),On File,Approach,Completed,False,Approved by Office Director,NA,NA,9/22/2025,22-9-2025
ANC25LA117,Accident,201809,2025-10-01,Kotlik,AK,USA,NA,N16SC; N16SC,31-639; 31-639,False,Aviation,Aviation,Approved by Office Director,2026-06-22,NA,None,0,0,0,0,0,The pilot’s failure to extend the landing gear before landing.,Aircraft - Aircraft systems - Landing gear system - Not used/operated; Personnel issues - Action/decision - Action - Flight crew; Personnel issues - Task performance - Workload management - Flight crew; Personnel issues - Task performance - Use of equip/info - Flight crew,Accident,63.030667,-163.53266,PIPER; PIPER,PA-31; PA-31,Airplane; Airplane,PFKO,Kotlik Airport,False,2,Reciprocating; Reciprocating,True,Business,135; 135,Substantial; Substantial,Visual (VMC),Paklook Air; Paklook Air,Landing,Completed,False,Approved by Office Director,NA,NA,10/1/2025,1-10-2025
ANC26LA001,Accident,201826,2025-10-07,Petersburg,AK,USA,NA,N80628,17269062,False,Aviation,Aviation,Approved by Office Director,NA,NA,None,0,0,0,0,0,NA,NA,Accident,56.923233,-133.30215,CESSNA,172N,Airplane,NA,NA,False,1,NA,False,Instructional,091,Substantial,Visual (VMC),On File,Enroute; Landing; EmergencyDescent; Landing,Ongoing,False,Approved by Office Director,NA,NA,10/7/2025,7-10-2025
ANC25LA118,Accident,201873,2025-09-19,Palmer,AK,USA,NA,N803R,001001,False,Aviation,Aviation,Approved by Office Director,2026-05-21,NA,None,0,0,0,0,0,The pilot’s failure to maintain airplane control during the go-around.,Aircraft - Aircraft oper/perf/capability - Performance/control parameters - Capability exceeded; Aircraft - Aircraft oper/perf/capability - Performance/control parameters - Not attained/maintained; Personnel issues - Task performance - Use of equip/info - Pilot,Accident,61.435,-148.6735,TOCI GABE C G,SUPA,Airplane,NONE,Gravel Bar,True,1,Reciprocating,False,Personal,091,Substantial,Visual (VMC),On File,Approach,Completed,False,Approved by Office Director,NA,NA,9/19/2025,19-9-2025
ANC25LA119,Accident,201874,2025-09-08,Eagle,AK,USA,NA,N1869W,18-8835,False,Aviation,Aviation,Approved by Office Director,NA,NA,None,0,0,0,0,0,NA,NA,Accident,64.800148,-141.19394,PIPER,PA-18-150,Airplane,NA,NA,False,1,NA,False,Personal,091,Substantial,Visual (VMC),WOLTER KENNETH W,Landing,Ongoing,False,Approved by Office Director,NA,NA,9/8/2025,8-9-2025
ANC25LA120,Accident,201876,2025-09-14,St Mary's,AK,USA,NA,N3797Z,18-7492,False,Aviation,Aviation,Approved by Office Director,2026-05-21,NA,None,0,0,0,0,0,"The pilot’s improper decision to takeoff with a tailwind, from a short off-airport strip, which degraded the climb performance of the airplane and led to impact with trees at the end of the strip.",Aircraft - Aircraft oper/perf/capability - Aircraft capability - Capability exceeded; Environmental issues - Conditions/weather/phenomena - Wind - Effect on operation; Personnel issues - Action/decision - Info processing/decision - Pilot,Accident,62.326934,-163.19165,PIPER,PA-18-150,Airplane,NA,NA,False,1,Reciprocating,False,Personal,091,Substantial,Visual (VMC),On File,Takeoff,Completed,False,Approved by Office Director,NA,NA,9/14/2025,14-9-2025
ANC25LA121,Accident,201915,2025-09-18,Lime Village,AK,USA,NA,N4612T,1001C,False,Aviation,Aviation,Approved by Office Director,2026-06-22,NA,None,0,0,0,0,0,A collision with terrain during takeoff.,Personnel issues - Task performance - Use of equip/info - Pilot; Personnel issues - Experience/knowledge - Experience/qualifications - Pilot; Environmental issues - Physical environment - Terrain - Effect on operation; Aircraft - Aircraft oper/perf/capability - Performance/control parameters - Not attained/maintained,Accident,61.71947,-153.36714,MAULE,M-4-210C,Airplane,NA,NA,False,1,Reciprocating,False,Personal,091,Substantial,Visual (VMC),On File,Takeoff; Takeoff,Completed,False,Approved by Office Director,NA,NA,9/18/2025,18-9-2025
ANC26LA005,Accident,202027,2025-11-17,Eek,AK,USA,NA,N4112D; N4112D,31-8353004; 31-8353004,False,Aviation,Aviation,Approved by Office Director,2026-06-22,NA,None,0,0,0,0,0,The pilot’s loss of directional control when the airplane encountered snow and ice on the runway while landing at night in gusting crosswind conditions.,Environmental issues - Conditions/weather/phenomena - Light condition - Effect on operation; Personnel issues - Task performance - Use of equip/info - Pilot; Environmental issues - Physical environment - Runway/land/takeoff/taxi surface - Effect on operation; Aircraft - Aircraft oper/perf/capability - Performance/control parameters - Not attained/maintained; Environmental issues - Conditions/weather/phenomena - Wind - Effect on operation; Environmental issues - Physical environment - Object/animal/substance - Effect on operation; Environmental issues - Conditions/weather/phenomena - Wind - Effect on operation,Accident,60.215306,-162.04337,PIPER; PIPER,PA-31-350; PA-31-350,Airplane; Airplane,EEK,EEK,False,2,Reciprocating; Reciprocating,True,Business,135; 135,Substantial; Substantial,Visual (VMC),Yute Air; Yute Air,Landing; Landing; Landing; Landing,Completed,False,Approved by Office Director,NA,NA,11/17/2025,17-11-2025
ANC26LA006,Accident,202048,2025-11-08,Talkeetna,AK,USA,NA,N5188H,14-506,False,Aviation,Aviation,Approved by Office Director,NA,NA,None,0,0,0,0,0,NA,NA,Accident,62.271789,-150.13243,PIPER,PA-14,Airplane,PATK,NA,False,1,NA,False,Personal,091,Substantial,Visual (VMC),On File,Enroute,Ongoing,False,Approved by Office Director,NA,NA,11/8/2025,8-11-2025
ANC26LA007,Accident,202049,2025-11-24,Wasilla,AK,USA,NA,N794AK,001,False,Aviation,Aviation,Approved by Office Director,2026-06-25,NA,None,0,0,0,0,0,"The pilot’s inadequate preflight inspection, and inadequate inflight fuel management, which resulted in a total loss of engine power due to fuel starvation and subsequent forced landing.",Personnel issues - Task performance - Use of equip/info - Pilot; Personnel issues - Task performance - Inspection - Pilot; Aircraft - Fluids/misc hardware - Fluids - Fluid management,Accident,61.639084,-149.26704,Danchini Aero,Danchini Cub,Airplane,4AK6,WOLF LAKE,True,1,Reciprocating,False,Personal,091,Substantial,Visual (VMC),Flying Dutchman LLC,InitialClimb; InitialClimb,Completed,False,Approved by Office Director,NA,NA,11/24/2025,24-11-2025
ANC24LA095,Accident,195168,2024-09-21,Bettles,AK,USA,NA,N808PT,22-4644,False,Aviation,Aviation,Approved by Office Director,2025-06-05,NA,None,0,0,0,0,0,"The pilot’s failure to adequately compensate for shifting wind conditions, resulting in a hard landing.",Aircraft - Aircraft oper/perf/capability - Aircraft capability - Attain/maintain not possible; Environmental issues - Conditions/weather/phenomena - Wind - Contributed to outcome; Personnel issues - Action/decision - Info processing/decision - Pilot,Accident,66.809574,-151.51985,PIPER,PA-22-150,Airplane,PABT,Bettles,False,1,Reciprocating,False,Business,135,Substantial,Visual (VMC),"Dancing Bear Alaska, LLC",Takeoff,Completed,False,Approved by Office Director,NA,NA,9/21/2024,21-9-2024
ANC24FA102,Accident,195193,2024-09-24,Chalkyitsik,AK,USA,NA,N8255Q,U20603116,False,Aviation,Aviation,Approved by Office Director,2025-08-20,NA,Fatal,0,0,0,1,0,A loss of engine power due to water-contaminated fuel as a result of the pilot’s inadequate preflight inspection. Contributing to the accident was the operator’s failure to ensure replacement filters were available for use during refueling operations.,Personnel issues - Task performance - Inspection - Pilot; Aircraft - Fluids/misc hardware - Misc hardware - Fluid condition; Personnel issues - Action/decision - Info processing/decision - Pilot; Personnel issues - Psychological - Attention/monitoring - Pilot; Organizational issues - Management - Policy/procedure - Operator; Organizational issues - Support/oversight/monitoring - Enforcement - Operator; Personnel issues - Action/decision - Info processing/decision - Pilot; Organizational issues - Support/oversight/monitoring - Oversight - Operator,Accident,66.785289,-144.33791,CESSNA,206,Airplane,NA,NA,False,1,Reciprocating,False,Positioning,091,Substantial,Visual (VMC),KAVIK AVIATION SERVICES LLC,EmergencyDescent; InitialClimb,Completed,False,Approved by Office Director,NA,NA,9/24/2024,24-9-2024
ANC25FA001,Accident,195259,2024-10-05,Big Lake,AK,USA,NA,N4631U,18051331,False,Aviation,Aviation,Approved by Office Director,NA,NA,Fatal,0,0,0,2,0,NA,NA,Accident,61.598886,-150.08947,CESSNA,180,Airplane,NA,NA,False,1,NA,False,Personal,091,Substantial,Visual (VMC),On File,Unknown,Ongoing,False,Approved by Office Director,NA,NA,10/5/2024,5-10-2024
ANC24LA103,Accident,195270,2024-09-17,McKinley Village,AK,USA,NA,N3474C,26517,False,Aviation,Aviation,Approved by Office Director,2025-06-05,NA,None,0,0,0,0,0,"The pilot’s late decision to go-around, failure to maintain proper airspeed, and his exceedance of the airplane’s critical angle of attack which resulted in an aerodynamic stall at too low of an altitude to recover.",Aircraft - Aircraft oper/perf/capability - Performance/control parameters - Not attained/maintained; Environmental issues - Physical environment - Object/animal/substance - Contributed to outcome; Personnel issues - Task performance - Use of equip/info - Pilot; Aircraft - Aircraft oper/perf/capability - Performance/control parameters - Not attained/maintained; Personnel issues - Action/decision - Info processing/decision - Pilot,Accident,63.633333,-148.25,CESSNA,170,Airplane,NA,NA,False,1,Reciprocating,False,Personal,091,Substantial,Visual (VMC),On File,Approach; Approach; Approach,Completed,False,Approved by Office Director,NA,NA,9/17/2024,17-9-2024
ANC24LA104,Accident,195280,2024-09-19,Dillingham,AK,USA,NA,N6847B,22-4146,False,Aviation,Aviation,Approved by Office Director,2025-06-05,NA,None,0,0,0,0,0,The pilot’s failure to maintain directional control while taxiing in gusting wind conditions.,Environmental issues - Conditions/weather/phenomena - Wind - Contributed to outcome; Environmental issues - Conditions/weather/phenomena - Wind - Ability to respond/compensate; Personnel issues - Action/decision - Info processing/decision - Pilot,Accident,59.056032,-158.49472,PIPER,PA-22-150,Airplane,NA,NA,False,1,Reciprocating,False,Business,135,Substantial,Visual (VMC),On File,Taxi,Completed,False,Approved by Office Director,NA,NA,9/19/2024,19-9-2024
ANC25LA002,Accident,195301,2024-10-08,Kasilof,AK,USA,NA,N9621D,22-6532,False,Aviation,Aviation,Approved by Office Director,2025-05-12,NA,None,0,0,0,0,0,"The right main landing gear’s inadvertent contact with uneven terrain, which resulted in a hard landing. Contributing was the pilot’s failure to adequately assess the landing environment prior to touchdown.",Personnel issues - Task performance - Use of equip/info - Pilot; Personnel issues - Action/decision - Info processing/decision - Pilot; Aircraft - Aircraft systems - Landing gear system - Capability exceeded; Personnel issues - Action/decision - Action - Pilot,Accident,60.178553,-150.56171,PIPER,PA-22-160,Airplane,NA,NA,False,1,Reciprocating,False,Personal,091,Substantial,Visual (VMC),On File,Landing,Completed,False,Approved by Office Director,NA,NA,10/8/2024,8-10-2024
ANC25LA003,Accident,195367,2024-10-20,Wasilla,AK,USA,NA,N61795,18504256,False,Aviation,Aviation,Approved by Office Director,2025-06-13,NA,None,0,0,0,0,0,"The pilot’s failure to maintain directional control during the landing roll, resulting in a ground loop.",Aircraft - Aircraft oper/perf/capability - Performance/control parameters - Not attained/maintained; Personnel issues - Task performance - Use of equip/info - Pilot,Accident,61.394637,-149.8423,CESSNA,A185F,Airplane,Z40,GOOSE BAY,False,1,Reciprocating,False,Instructional,091,Substantial,Visual (VMC); Visual (VMC),CIVIL AIR PATROL INC,Landing; Landing; Landing,Completed,False,Approved by Office Director,NA,NA,10/20/2024,20-10-2024
ANC25LA004,Accident,195370,2024-10-04,Skwentna,AK,USA,NA,N3495L,U206-0795,False,Aviation,Aviation,Approved by Office Director,2025-05-12,NA,None,0,0,0,0,0,"The pilot’s delayed go-around decision, which resulted in inadvertent contact with the landing surface, loss of directional control, and a nose over in gusting wind conditions.",Environmental issues - Conditions/weather/phenomena - Wind - Contributed to outcome; Personnel issues - Action/decision - Info processing/decision - Pilot; Personnel issues - Action/decision - Action - Pilot; Personnel issues - Task performance - Use of equip/info - Pilot; Aircraft - Aircraft oper/perf/capability - Performance/control parameters - Not attained/maintained,Accident,62.44,-151.44,CESSNA,U206B,Airplane,NA,NA,False,1,Reciprocating,False,Personal,091,Substantial,Visual (VMC); Visual (VMC),On File,Landing,Completed,False,Approved by Office Director,NA,NA,10/4/2024,4-10-2024
ANC25LA006,Accident,195378,2024-10-25,Talkeetna,AK,USA,NA,N694AB,22-5347,False,Aviation,Aviation,Approved by Office Director,2025-06-13,NA,None,0,0,0,0,0,"The mechanical failure of the left main landing gear leg due to corrosion, resulting in substantial damage to the left struts.",Aircraft - Aircraft systems - Landing gear system - Damaged/degraded,Accident,62.297313,-150.14169,PIPER,PA22,Airplane,NA,NA,False,1,Reciprocating,False,Personal,091,Substantial,Visual (VMC); Visual (VMC),On File,Landing,Completed,False,Approved by Office Director,NA,NA,10/25/2024,25-10-2024
ANC25LA007,Accident,195386,2024-10-27,Seward,AK,USA,NA,N307AM,2403,False,Aviation,Aviation,Approved by Office Director,2025-06-13,NA,None,0,0,0,0,0,"The pilot’s improper landing flare which resulted in a hard landing, loss of directional control, and nose-over.",Personnel issues - Task performance - Use of equip/info - Pilot; Aircraft - Aircraft oper/perf/capability - Performance/control parameters - Not attained/maintained,Accident,59.909708,-147.68312,AVIAT,A1,Airplane,NA,NA,False,1,Reciprocating,False,Personal,091,Substantial,Visual (VMC),On File,Landing; Landing; Landing,Completed,False,Approved by Office Director,NA,NA,10/27/2024,27-10-2024
ANC25LA008,Accident,195428,2024-11-02,Anchorage,AK,USA,NA,N55PK,CC18-0096,False,Aviation,Aviation,Approved by Office Director,2025-11-19,NA,Serious,0,0,0,1,0,"The incorrect installation of the rear flight control stick, resulting in the pilot’s inability to control the pitch attitude, coupled with the pilot’s inadequate control system check before departure, all which resulted in an aerodynamic stall during takeoff.",Personnel issues - Experience/knowledge - Training - Pilot; Aircraft - Aircraft systems - Flight control system - Incorrect service/maintenance; Organizational issues - Development - Design - Manufacturer; Organizational issues - Management - Policy/procedure - Manufacturer; Personnel issues - Experience/knowledge - Knowledge - Pilot; Organizational issues - Support/oversight/monitoring - Training - Manufacturer; Personnel issues - Experience/knowledge - Knowledge - Maintenance personnel; Personnel issues - Task performance - Inspection - Pilot; Organizational issues - Support/oversight/monitoring - Training - Operator; Personnel issues - Action/decision - Info processing/decision - Pilot,Accident,61.186401,-149.96498,CUB CRAFTERS INC,CC18-180,Airplane,PALH,Lake Hood Airport,False,1,Reciprocating,False,Public aircraft,PUBU,Substantial,Visual (VMC),National Park Service,Takeoff; Takeoff,Completed,False,Approved by Office Director,NA,NA,11/2/2024,2-11-2024
ANC25LA009,Accident,195574,2024-11-29,Egegik,AK,USA,NA,N9140R,30207,False,Aviation,Aviation,Approved by Office Director,2025-08-20,NA,None,0,0,0,0,0,A failure of the right main landing gear leg for reasons that could not be determined.,Aircraft - Aircraft systems - Landing gear system - Failure,Accident,57.9925,-156.86866,CESSNA,180,Airplane,NA,NA,False,1,Reciprocating,False,Personal,091,Substantial,Visual (VMC),On File,Landing; Landing,Completed,False,Approved by Office Director,NA,NA,11/29/2024,29-11-2024
DCA25LA061,Accident,199449,2024-12-18,St. Mary's,AK,USA,NA,N403LC; N403LC; N403LC; N403LC,4590; 4590; 4590; 4590,False,Aviation,Aviation,Approved by Office Director,2026-07-16,NA,None,0,0,0,0,0,The fatigue failure of the forward pressure bulkhead canted web that originated from stress corrosion cracking areas. Contributing to the failure were inspection procedures and intervals inadequate to identify the fatigue cracks.,Aircraft - Aircraft structures - Fuselage - Fatigue/wear/corrosion; Organizational issues - Management - Policy/procedure - Manufacturer; Aircraft - Aircraft structures - Fuselage - Failure; Aircraft - Aircraft structures - Fuselage - Inadequate inspection,Accident,62.097638,-162.6006,LOCKHEED; LOCKHEED; LOCKHEED; LOCKHEED,382G-44K-30; 382G-44K-30; 382G-44K-30; 382G-44K-30,Airplane; Airplane; Airplane; Airplane,NA,NA,False,4,Turbo prop; Turbo prop; Turbo prop; Turbo prop,False,NA,121; 121; 121; 121,Substantial; Substantial; Substantial; Substantial,Visual (VMC); Visual (VMC),LYNDEN AIR CARGO LLC; LYNDEN AIR CARGO LLC; LYNDEN AIR CARGO LLC; LYNDEN AIR CARGO LLC,Enroute,Completed,False,Approved by Office Director,NA,NA,12/18/2024,18-12-2024
ANC25LA012,Accident,199467,2024-12-25,Palmer,AK,USA,NA,N3802Z,18-7535,False,Aviation,Aviation,Approved by Office Director,2025-06-13,NA,None,0,0,0,0,0,The pilot’s improper airspeed management which resulted in a bounced landing and insufficient airspeed to perform a go around procedure.,Aircraft - Aircraft oper/perf/capability - Aircraft capability - Capability exceeded; Personnel issues - Action/decision - Info processing/decision - Pilot; Personnel issues - Task performance - Use of equip/info - Pilot; Personnel issues - Psychological - Perception/orientation/illusion - Pilot; Aircraft - Aircraft oper/perf/capability - Performance/control parameters - Not attained/maintained,Accident,61.614951,-149.07413,PIPER,PA-18-150,Airplane,NA,NA,False,1,Reciprocating,False,Personal,091,Substantial,Visual (VMC),On File,Landing; Landing,Completed,False,Approved by Office Director,NA,NA,12/25/2024,25-12-2024
ANC25LA014,Accident,199498,2024-12-31,Anchorage,AK,USA,NA,N3552E,17271584,False,Aviation,Aviation,Approved by Office Director,2025-05-12,NA,None,0,0,0,0,0,The student pilot’s failure to maintain directional control of the airplane during touch-and-go operations on an ice-covered runway during her first solo flight.,Personnel issues - Task performance - Use of equip/info - Student/instructed pilot; Environmental issues - Physical environment - Runway/land/takeoff/taxi surface - Contributed to outcome; Aircraft - Aircraft oper/perf/capability - Performance/control parameters - Not attained/maintained,Accident,61.215714,-149.84268,CESSNA,172N,Airplane,MRI,Merrill Field,False,1,Reciprocating,False,Instructional,091,Substantial,Visual (VMC),On File,Takeoff,Completed,False,Approved by Office Director,NA,NA,12/31/2024,31-12-2024
ANC25LA015,Accident,199505,2025-01-04,Nightmute,AK,USA,NA,N916RK,GA8-12-176,False,Aviation,Aviation,Approved by Office Director,2025-05-12,NA,None,0,0,0,0,0,The pilot’s loss of directional control while taxiing in gusting wind conditions.,Aircraft - Aircraft oper/perf/capability - Performance/control parameters - Not attained/maintained; Environmental issues - Conditions/weather/phenomena - Wind - Contributed to outcome; Personnel issues - Task performance - Use of equip/info - Pilot; Environmental issues - Conditions/weather/phenomena - Wind - Contributed to outcome,Accident,60.472312,-164.6998,GIPPSAERO PTY LTD,GA8,Airplane,IGT,Nightmute AIrport,False,1,Reciprocating,True,NA,135,Substantial,Visual (VMC); Visual (VMC),On File,Taxi; Taxi,Completed,False,Approved by Office Director,NA,NA,1/4/2025,4-1-2025
ANC25LA016,Accident,199529,2025-01-10,Fairbanks,AK,USA,NA,N59826; N59826,31-7652077; 31-7652077,False,Aviation,Aviation,Approved by Office Director,2025-05-12,NA,None,0,0,0,0,0,"The pilot’s failure to recognize that an automated taxiway gate was closing, and the pilot’s failure stop for the closing gate.",Personnel issues - Action/decision - Info processing/decision - Pilot; Environmental issues - Physical environment - Object/animal/substance - Contributed to outcome; Organizational issues - Management - Policy/procedure - Airport; Organizational issues - Management - Policy/procedure - Operator; Personnel issues - Action/decision - Info processing/decision - Pilot; Environmental issues - Operating environment - Airport facilities/design - Contributed to outcome,Accident,64.813417,-147.85322,PIPER; PIPER,PA-31-350; PA-31-350,Airplane; Airplane,FAI,Fairbanks International Airport,False,2,Reciprocating; Reciprocating,False,NA,135; 135,Substantial; Substantial,Visual (VMC),Warbelows Air Ventures Inc; Warbelows Air Ventures Inc,Taxi,Completed,False,Approved by Office Director,NA,NA,1/10/2025,10-1-2025
ANC25LA017,Accident,199633,2025-02-02,Anchorage,AK,USA,NA,N3206U,18254606,False,Aviation,Aviation,Approved by Office Director,2026-02-19,NA,None,0,0,0,0,0,"The pilot’s inadequate fuel planning, which resulted in fuel starvation and a total loss of engine power.",Personnel issues - Task performance - Planning/preparation - Pilot; Aircraft - Fluids/misc hardware - Fluids - Fluid management; Personnel issues - Task performance - Use of equip/info - Pilot; Aircraft - Fluids/misc hardware - Fluids - Fluid level,Accident,61.216351,-149.82227,CESSNA,182F,Airplane,MRI,Merrill Field,False,1,Reciprocating,False,Personal,091,Substantial,Visual (VMC),On File,Approach,Completed,False,Approved by Office Director,NA,NA,2/2/2025,2-2-2025
ANC25MA018,Accident,199662,2025-02-06,Nome,AK,USA,AIR2605,N321BA,208B5613,True,Aviation,Aviation,Board-adopted by Notation,2026-07-30,NA,Fatal,10,0,0,10,0,"The National Transportation Safety Board determines that the probable cause of this accident was the pilot’s inadequate airspeed management due to workload and degraded situation awareness and his improper inputs leading up to and during the aerodynamic stall, which increased the airplane’s angle of attack. Also causal was operation of the airplane above maximum gross weight, which reduced the airplane’s stall margin. Contributing to the accident were the operator’s inadequate safety management, which allowed the routine operation of flights that exceeded weight limitations, and the Federal Aviation Administration’s inadequate oversight of the operator, which failed to identify and address the routine operation of overweight flights.",Aircraft - Aircraft oper/perf/capability - Performance/control parameters - Capability exceeded; Organizational issues - Support/oversight/monitoring - Oversight - FAA/Regulator; Aircraft - Aircraft oper/perf/capability - Performance/control parameters - Not attained/maintained; Aircraft - Aircraft oper/perf/capability - Aircraft capability - Capability exceeded; Organizational issues - Management - Policy/procedure - Operator; Personnel issues - Task performance - Use of equip/info - Pilot,Accident,64.351667,-164.28083,TEXTRON AVIATION INC,208B,Airplane,NA,N/A,False,1,Turbo prop,True,NA,135,Destroyed,Visual (VMC); Visual (VMC); Visual (VMC); Visual (VMC),BERING AIR INC,UncontrolledDescent; Enroute; Enroute,Completed,False,Board-adopted by Notation,NA,NA,2/6/2025,6-2-2025
ANC25LA019,Accident,199729,2025-02-21,Wasilla,AK,USA,NA,N2447J,18-7909125,False,Aviation,Aviation,Approved by Office Director,2026-03-04,NA,None,0,0,0,0,0,A total loss of engine power for undetermined reasons.,Aircraft - Aircraft power plant - Engine (reciprocating) - Unknown/Not determined,Accident,61.4895,-149.60366,PIPER,PA-18-150,Airplane,77AK,Tidewater Airport,False,1,Reciprocating,False,Personal,091,Substantial,Visual (VMC),On File,Approach; EmergencyDescent,Completed,False,Approved by Office Director,NA,NA,2/21/2025,21-2-2025
ANC25LA022,Accident,199804,2025-02-28,Anchor Point,AK,USA,NA,N3798Z,18-7493,False,Aviation,Aviation,Approved by Office Director,2025-07-17,NA,Minor,0,0,0,1,0,A complete loss of engine power as a result of carburetor ice due to the pilot’s failure to effectively use carburetor heat in conditions conducive to the formation of carburetor ice.,Aircraft - Aircraft systems - Ice/rain protection system - Not used/operated; Personnel issues - Action/decision - Action - Pilot; Environmental issues - Conditions/weather/phenomena - Temp/humidity/pressure - Effect on equipment,Accident,59.79466,-151.84684,PIPER,PA-18-150,Airplane,AK00,Anchor River Airpark,False,1,Reciprocating,False,Personal,091,Substantial,Visual (VMC),On File,Enroute,Completed,False,Approved by Office Director,NA,NA,2/28/2025,28-2-2025
ANC25LA023,Accident,199837,2025-03-10,Cantwell,AK,USA,NA,N5375R,17263527,False,Aviation,Aviation,Approved by Office Director,2025-06-13,NA,None,0,0,0,0,0,The pilot’s failure to maintain altitude during a low-altitude maneuver which resulted in inadvertent ground contact and a nose over.,Personnel issues - Psychological - Attention/monitoring - Pilot; Aircraft - Aircraft oper/perf/capability - Performance/control parameters - Not attained/maintained,Accident,63.328762,-149.13677,CESSNA,172,Airplane,UMM,Summit,False,1,Reciprocating,False,Personal,091,Substantial,Visual (VMC),Arctic Flying Club,Maneuvering,Completed,False,Approved by Office Director,NA,NA,3/10/2025,10-3-2025
ANC25LA024,Accident,199842,2025-03-02,Palmer,AK,USA,NA,N6999,18-8881,False,Aviation,Aviation,Approved by Office Director,2025-07-17,NA,Minor,0,0,0,1,0,"The pilot's failure to maintain an appropriate airspeed during the landing approach, which resulted in exceedance of the critical angle of attack and an aerodynamic stall, during gusting wind conditions.",Personnel issues - Task performance - Use of equip/info - Pilot; Aircraft - Aircraft oper/perf/capability - Performance/control parameters - Not attained/maintained; Personnel issues - Psychological - Attention/monitoring - Pilot; Personnel issues - Action/decision - Info processing/decision - Pilot; Environmental issues - Conditions/weather/phenomena - Wind - Effect on operation; Personnel issues - Action/decision - Info processing/decision - Pilot,Accident,61.5,-148.89,PIPER,PA-18-150,Airplane,NA,NA,False,1,Reciprocating,False,Personal,091,Substantial,Visual (VMC),On File,Landing; Landing,Completed,False,Approved by Office Director,NA,NA,3/2/2025,2-3-2025
ANC25LA025,Accident,199877,2025-03-16,Fairbanks,AK,USA,NA,N7274T,46874,False,Aviation,Aviation,Approved by Office Director,2026-02-19,NA,Minor,0,0,0,1,0,"The pilot’s decision to initiate the flight despite identifying a malfunction in the carburetor heat system during the pre-takeoff engine run-up, which led to a partial loss of engine power during climb out. Contributing to the accident was maintenance personnel’s improper rigging of the carburetor heat control cable.",Personnel issues - Action/decision - Info processing/decision - Maintenance personnel; Aircraft - Aircraft power plant - Engine fuel and control - Incorrect service/maintenance; Personnel issues - Action/decision - Info processing/decision - Pilot,Accident,64.786555,-147.89818,CESSNA,172A,Airplane,FAI,Fairbanks International,False,1,Reciprocating,False,Personal,091,Substantial,Visual (VMC),On File,InitialClimb; InitialClimb,Completed,False,Approved by Office Director,NA,NA,3/16/2025,16-3-2025
ANC25LA026,Accident,199891,2025-03-20,Kenai,AK,USA,NA,N2527B,48-507,False,Aviation,Aviation,Approved by Office Director,2026-04-29,NA,None,0,0,0,0,0,A total loss of engine power due to carburetor icing as a result of the pilot’s inadequate use of carburetor heat.,Personnel issues - Task performance - Use of equip/info - Pilot; Environmental issues - Conditions/weather/phenomena - Temp/humidity/pressure - Response/compensation,Accident,60.559925,-151.16719,AERONCA,7CCM,Airplane,ENA,NA,False,1,Reciprocating,False,Personal,091,Substantial,Visual (VMC),On File,Enroute,Completed,False,Approved by Office Director,NA,NA,3/20/2025,20-3-2025
ANC25LA027,Accident,199893,2025-03-08,Sleetmute,AK,USA,NA,N304PT,304,False,Aviation,Aviation,Approved by Office Director,NA,NA,None,0,0,0,0,0,NA,NA,Accident,61.699624,-157.17343,PILATUS,PC-12/45,Airplane,SLQ,Sleetmute,False,1,NA,False,Business,135,Substantial,Instrument (IMC),"Trygg Holdings, LLC",Enroute,Ongoing,False,Approved by Office Director,NA,NA,3/8/2025,8-3-2025
ANC25LA029,Accident,199938,2025-03-29,Manley Hot Springs,AK,USA,NA,N733KV,17268360,False,Aviation,Aviation,Approved by Office Director,2025-06-13,NA,None,0,0,0,0,0,"The student pilot’s failure to maintain directional control during the landing roll on a snow and ice-covered runway, which resulted in a runway excursion and subsequent nose over.",Aircraft - Aircraft oper/perf/capability - Performance/control parameters - Not attained/maintained; Personnel issues - Task performance - Use of equip/info - Pilot; Environmental issues - Operating environment - Airport facilities/design - Contributed to outcome,Accident,64.997087,-150.64332,CESSNA,172N,Airplane,MLY,MANLEY HOT SPRINGS,False,1,Reciprocating,False,Instructional,091,Substantial,Visual (VMC); Visual (VMC),"Proflite of Alaska, LLC",Landing,Completed,False,Approved by Office Director,NA,NA,3/29/2025,29-3-2025
ANC25LA030,Accident,199961,2025-03-07,Skwentna,AK,USA,NA,N1718R,18502439,False,Aviation,Aviation,Approved by Office Director,2026-03-04,NA,None,0,0,0,0,0,Maintenance personnel’s reuse of worn hardware during the installation of the landing gear assembly and the hardware’s failure and subsequent separation of the gear leg from the landing gear box assembly during taxi.,Personnel issues - Task performance - Maintenance - Maintenance personnel; Aircraft - Aircraft systems - Landing gear system - Fatigue/wear/corrosion,Accident,61.76501,-151.57764,CESSNA,A185F,Airplane,NA,NONE,False,1,Reciprocating,False,Personal,091,Substantial,Visual (VMC),On File,Taxi,Completed,False,Approved by Office Director,NA,NA,3/7/2025,7-3-2025
ANC25LA033,Accident,200006,2025-04-09,Bethel,AK,USA,NA,N57617,18-7709125,False,Aviation,Aviation,Approved by Office Director,2025-08-11,NA,None,0,0,0,0,0,The pilot's delayed decision to abort the takeoff when the airplane was not attaining sufficient airspeed for takeoff and subsequently departed the end of the lake and collided with terrain.,Personnel issues - Action/decision - Info processing/decision - Pilot; Aircraft - Aircraft oper/perf/capability - Performance/control parameters - Capability exceeded; Environmental issues - Physical environment - Runway/land/takeoff/taxi surface - Effect on operation,Accident,60.80135,-161.823,PIPER,PA-18-150,Airplane,NA,NA,False,1,Reciprocating,False,Other work use,091,Substantial,Visual (VMC),On File,Takeoff,Completed,False,Approved by Office Director,NA,NA,4/9/2025,9-4-2025
ANC25LA034,Accident,200007,2025-04-12,Girdwood,AK,USA,NA,N916GG,52236,False,Aviation,Aviation,Approved by Office Director,2025-08-11,NA,Minor,0,0,0,2,0,"The pilot's decision to land on an unsuitable landing surface, which resulted in a nose-over.",Personnel issues - Action/decision - Info processing/decision - Pilot; Environmental issues - Physical environment - Runway/land/takeoff/taxi surface - Effect on operation,Accident,60.96826,-149.12066,CESSNA,182B,Airplane,AQY,Girdwood,False,1,Reciprocating,False,Personal,091,Substantial,Visual (VMC),On File,Landing,Completed,False,Approved by Office Director,NA,NA,4/12/2025,12-4-2025
ANC25FA035,Accident,200076,2025-04-28,Nanwalek,AK,USA,NA,N91025,20700016,False,Aviation,Aviation,Approved by Office Director,NA,NA,Fatal,0,0,0,3,0,NA,NA,Accident,59.355632,-151.92299,CESSNA,T207,Airplane,NA,NA,False,1,NA,True,Business,135,Substantial,Visual (VMC),Smokey Bay Air,Unknown,Ongoing,False,Approved by Office Director,NA,NA,4/28/2025,28-4-2025
ANC25LA036,Accident,200094,2025-04-25,North Pole,AK,USA,NA,N9308K,2308,False,Aviation,Aviation,Approved by Office Director,2025-08-11,NA,Minor,0,0,0,1,0,The pilot's failure to maintain obstacle clearance which resulted in an in-flight collision with a tree. Contributing to the accident was his impairment from the effects of alcohol consumption.,Aircraft - Aircraft oper/perf/capability - Performance/control parameters - Not attained/maintained; Personnel issues - Psychological - Attention/monitoring - Pilot; Personnel issues - Physical - Impairment/incapacitation - Pilot; Environmental issues - Physical environment - Object/animal/substance - Effect on equipment,Accident,64.710847,-147.19166,STINSON,108,Airplane,NA,NA,False,1,Reciprocating,False,Personal,091,Substantial,Visual (VMC),On File,Enroute,Completed,False,Approved by Office Director,NA,NA,4/25/2025,25-4-2025
ANC25LA039,Accident,200181,2025-05-18,Willow,AK,USA,NA,N44473,10273,False,Aviation,Aviation,Approved by Office Director,2025-08-11,NA,None,0,0,0,0,0,"The pilot's inadvertent application of brakes during landing, which resulted in a nose over.",Environmental issues - Physical environment - Runway/land/takeoff/taxi surface - Contributed to outcome; Personnel issues - Action/decision - Info processing/decision - Pilot; Aircraft - Aircraft oper/perf/capability - Performance/control parameters - Incorrect use/operation; Aircraft - Aircraft systems - Landing gear system - Unintentional use/operation; Personnel issues - Task performance - Use of equip/info - Pilot,Accident,61.63798,-150.37179,TAYLORCRAFT,BC12-D1,Airplane,NA,NA,False,1,Reciprocating,False,Personal,091,Substantial,Visual (VMC),On File,Landing,Completed,False,Approved by Office Director,NA,NA,5/18/2025,18-5-2025
ANC25LA041,Accident,200226,2025-05-23,Susitna,AK,USA,NA,N1364C,18-2613,False,Aviation,Aviation,Approved by Office Director,2025-10-23,NA,None,0,0,0,0,0,"The pilot’s encounter with shifting winds during landing, which resulted in a loss of airspeed and altitude, and subsequent contact with water.",Aircraft - Aircraft oper/perf/capability - Performance/control parameters - Not attained/maintained; Personnel issues - Task performance - Use of equip/info - Pilot; Aircraft - Aircraft oper/perf/capability - Performance/control parameters - Not attained/maintained; Environmental issues - Conditions/weather/phenomena - Wind - Effect on operation,Accident,61.596646,-150.4839,PIPER,PA-18A 150,Airplane,NA,NA,False,1,Reciprocating,False,Personal,091,Substantial,Visual (VMC),On File,Landing,Completed,False,Approved by Office Director,NA,NA,5/23/2025,23-5-2025
ANC25LA057,Accident,200419,2025-05-21,Trapper Creek,AK,USA,NA,N3308S,18502267,False,Aviation,Aviation,Approved by Office Director,2025-10-23,NA,None,0,0,0,0,0,"The pilot’s improper flare while landing on glassy water, which resulted in a hard landing.",Aircraft - Aircraft oper/perf/capability - Performance/control parameters - Not attained/maintained; Environmental issues - Physical environment - Runway/land/takeoff/taxi surface - Decision related to condition; Personnel issues - Action/decision - Info processing/decision - Pilot,Accident,62.148894,-150.85628,CESSNA,A185F,Airplane,NA,NA,False,1,Reciprocating,False,Personal,091,Substantial,Visual (VMC),On File,Landing,Completed,False,Approved by Office Director,NA,NA,5/21/2025,21-5-2025
ANC24LA019,Accident,193973,2024-03-18,Anchorage,AK,USA,NA,N696AK,1533,False,Aviation,Aviation,Approved by Office Director,2024-12-02,NA,None,0,0,0,0,0,"The pilot’s loss of directional control while landing in soft snow, resulting in a nose over.",Aircraft - Aircraft oper/perf/capability - Performance/control parameters - Capability exceeded; Personnel issues - Action/decision - Info processing/decision - Pilot; Environmental issues - Conditions/weather/phenomena - Light condition - Effect on personnel; Personnel issues - Task performance - Use of equip/info - Pilot,Accident,61.215573,-149.83955,MICHAEL G DARBY,DARD 1,Airplane,MRI,MERRILL FLD,True,1,Reciprocating,False,Personal,091,Substantial,Visual (VMC); Visual (VMC); Visual (VMC); Visual (VMC); Visual (VMC),On File,Landing,Completed,False,Approved by Office Director,NA,NA,3/18/2024,18-3-2024
ANC24LA020,Accident,193974,2024-03-15,Houston,AK,USA,NA,N9041K,108-2041,False,Aviation,Aviation,Approved by Office Director,2024-12-02,NA,Minor,0,0,0,2,0,A total loss of engine power due to fuel starvation and the pilot's mismanagement of the available fuel.,Personnel issues - Task performance - Use of equip/info - Pilot; Aircraft - Fluids/misc hardware - Fluids - Fluid management; Personnel issues - Task performance - Use of equip/info - Pilot,Accident,61.599924,-149.805,STINSON,108,Airplane,pvt,9AK7,False,1,Reciprocating,False,Personal,091,Substantial,Visual (VMC),On File,InitialClimb; EmergencyDescent,Completed,False,Approved by Office Director,NA,NA,3/15/2024,15-3-2024
ANC24LA025,Accident,194123,2024-04-21,Talkeetna,AK,USA,NA,N77032,11478,False,Aviation,Aviation,Approved by Office Director,2025-04-02,NA,None,0,0,0,0,0,"A degraded ignition system, which resulted in a total loss of engine power. Contributing to the accident was maintenance personnel’s inadequate inspection of the ignition system.",Aircraft - Aircraft power plant - Ignition system - Inadequate inspection; Aircraft - Aircraft power plant - Ignition system - Fatigue/wear/corrosion; Aircraft - Aircraft power plant - Ignition system - Fatigue/wear/corrosion; Personnel issues - Task performance - Maintenance - Maintenance personnel; Aircraft - Aircraft power plant - Engine (reciprocating) - Fatigue/wear/corrosion,Accident,62.31803,-150.09522,CESSNA,120,Airplane,TKA,Talkeetna Airport,False,1,Reciprocating,False,Personal,091,Substantial,Visual (VMC),On File,Takeoff; Standing,Completed,False,Approved by Office Director,NA,NA,4/21/2024,21-4-2024
ANC24FA029,Accident,194141,2024-04-23,Fairbanks,AK,USA,NA,N3054V; N3054V; N3054V; N3054V,10547; 10547; 10547; 10547,False,Aviation,Aviation,Approved by Office Director,2025-04-01,NA,Fatal,0,0,0,2,0,"A loss of power of the No. 1 engine for reasons that could not be determined, and the incorrect installation of a B-nut fitting in the propeller feathering system, which allowed engine oil to spray onto the exhaust system when the propeller was feathered following the loss of engine power. Contributing to the accident was an incorrectly repaired fuel leak, which resulted in an explosion that separated the aileron bell housing that resulted in a loss of control and subsequent impact with terrain.",Personnel issues - Task performance - Maintenance - Maintenance personnel; Aircraft - Aircraft power plant - Engine (reciprocating) - Unknown/Not determined; Aircraft - Fluids/misc hardware - Fluids - Incorrect service/maintenance; Aircraft - Aircraft structures - Wing structure - Damaged/degraded; Aircraft - Aircraft systems - Fuel system - Damaged/degraded,Accident,64.745345,-148.07959,DOUGLAS; DOUGLAS; DOUGLAS; DOUGLAS,C54D; C54D; C54D; C54D,Airplane; Airplane; Airplane; Airplane,NA,NA,False,4,Reciprocating; Reciprocating; Reciprocating; Reciprocating,False,Other work use,091; 091; 091; 091,Destroyed; Destroyed; Destroyed; Destroyed,Visual (VMC),ALASKA AIR FUEL INC; ALASKA AIR FUEL INC; ALASKA AIR FUEL INC; ALASKA AIR FUEL INC,Enroute; Enroute; Enroute; Enroute; Enroute; UncontrolledDescent,Completed,False,Approved by Office Director,NA,NA,4/23/2024,23-4-2024
ANC24LA031,Accident,194222,2024-05-08,Anchorage,AK,USA,NA,N65065,17275681,False,Aviation,Aviation,Approved by Office Director,2025-03-20,NA,None,0,0,0,0,0,The student pilot’s failure to maintain directional control during landing.,Aircraft - Aircraft oper/perf/capability - Performance/control parameters - Not attained/maintained; Personnel issues - Experience/knowledge - Experience/qualifications - Student/instructed pilot,Accident,61.216263,-149.84185,CESSNA,172P,Airplane,PAMR,Merrill Field,False,1,Reciprocating,False,Instructional,091,Substantial,Visual (VMC),On File,Landing; Landing; Landing,Completed,False,Approved by Office Director,NA,NA,5/8/2024,8-5-2024
ANC24FA032,Accident,194279,2024-05-17,Nondalton,AK,USA,NA,N95744,8044,False,Aviation,Aviation,Approved by Office Director,NA,NA,Fatal,0,0,0,2,0,NA,NA,Accident,59.988,-154.80216,TAYLORCRAFT,BC12-D,Airplane,NA,NA,False,1,NA,False,Personal,091,Substantial,Unknown,On File,Enroute,Ongoing,False,Approved by Office Director,NA,NA,5/17/2024,17-5-2024
ANC24LA033,Accident,194287,2024-05-14,Dry Creek,AK,USA,NA,N4387Z,18-8709,False,Aviation,Aviation,Approved by Office Director,2025-03-28,NA,None,0,0,0,0,0,"The pilot receiving instruction’s excessive use of brakes during landing, and the pilot providing instruction’s inadequate supervision, resulting in a nose-over.",Personnel issues - Psychological - Attention/monitoring - Instructor/check pilot; Personnel issues - Task performance - Use of equip/info - Pilot; Aircraft - Aircraft systems - Landing gear system - Incorrect use/operation,Accident,63.470333,-144.85266,PIPER,PA-18-150,Airplane,NA,NA,False,1,Reciprocating,False,Other work use,PUBU,Substantial,Visual (VMC); Visual (VMC),STATE OF ALASKA,Landing,Completed,False,Approved by Office Director,NA,NA,5/14/2024,14-5-2024
ANC24LA037,Accident,194324,2024-05-28,Fairbanks,AK,USA,NA,N5343G,862,False,Aviation,Aviation,Approved by Office Director,2025-03-28,NA,None,0,0,0,0,0,The pilot’s improper fuel management resulting in a loss of engine power due to fuel starvation.,Aircraft - Fluids/misc hardware - Fluids - Fluid management; Personnel issues - Task performance - Planning/preparation - Pilot,Accident,64.806708,-147.7803,DEHAVILLAND,BEAVER DHC-2 MK.1,Airplane,MTF,Metro Field,False,1,Reciprocating,False,Positioning,091,Substantial,Visual (VMC),COYOTE AIR LLC,InitialClimb; EmergencyDescent; Landing,Completed,False,Approved by Office Director,NA,NA,5/28/2024,28-5-2024
ANC24LA040,Accident,194374,2024-06-01,Soldotna,AK,USA,NA,N91224,18052010,False,Aviation,Aviation,Approved by Office Director,2025-03-28,NA,None,0,0,0,0,0,The pilot’s failure to recognize and avoid an obstacle on the runway environment during takeoff roll. Contributing was flat light conditions.,Environmental issues - Physical environment - Object/animal/substance - Contributed to outcome; Environmental issues - Conditions/weather/phenomena - Light condition - Contributed to outcome; Aircraft - Aircraft oper/perf/capability - Performance/control parameters - Not attained/maintained; Personnel issues - Action/decision - Info processing/decision - Pilot,Accident,60.5,-150.75166,CESSNA,180H,Airplane,N/A,Holiday Park Residential,False,1,Reciprocating,False,Personal,091,Substantial,Visual (VMC),On File,Takeoff; Takeoff,Completed,False,Approved by Office Director,NA,NA,6/1/2024,1-6-2024
ANC24LA041,Accident,194375,2024-05-27,Knik,AK,USA,NA,N9166L,319-72,False,Aviation,Aviation,Approved by Office Director,2025-03-28,NA,None,0,0,0,0,0,"The pilot's excessive braking during the landing roll, resulting in a nose over.",Aircraft - Aircraft oper/perf/capability - Aircraft capability - Incorrect use/operation; Personnel issues - Task performance - Use of equip/info - Pilot,Accident,61.32,-148.58,BELLANCA,7GCBC,Airplane,N/A,Beaver Pod Strip,False,1,Reciprocating,False,Personal,091,Substantial,Visual (VMC),On File,Landing; Landing,Completed,False,Approved by Office Director,NA,NA,5/27/2024,27-5-2024
ANC24LA042,Accident,194390,2024-06-01,Willow,AK,USA,NA,N5789C,19743,False,Aviation,Aviation,Approved by Office Director,2025-04-02,NA,None,0,0,0,0,0,"The pilot’s failure to maintain directional control during landing roll, resulting in a ground loop and substantial damage to the airplane.",Aircraft - Aircraft oper/perf/capability - Performance/control parameters - Not attained/maintained,Accident,61.754434,-150.05153,CESSNA,170A,Airplane,PAUO,Willow Airport,False,1,Reciprocating,False,Personal,091,Substantial,Visual (VMC),On File,Landing,Completed,False,Approved by Office Director,NA,NA,6/1/2024,1-6-2024
ANC24LA043,Accident,194391,2024-06-03,Bethel,AK,USA,NA,N9651M,20700715,False,Aviation,Aviation,Approved by Office Director,2025-04-23,NA,None,0,0,0,0,0,"The pilot’s improper short-field takeoff procedure, which resulted in an aerodynamic stall and subsequent hard landing.",Aircraft - Aircraft oper/perf/capability - Performance/control parameters - Not attained/maintained; Personnel issues - Task performance - Use of equip/info - Pilot; Personnel issues - Task performance - Use of equip/info - Pilot,Accident,60.785181,-161.83168,CESSNA,207A,Airplane,BET,Bethel Airport,False,1,Reciprocating,False,Unknown,135,Substantial,Visual (VMC); Visual (VMC); Visual (VMC); Visual (VMC),GRANT AVIATION INC,Takeoff,Completed,False,Approved by Office Director,NA,NA,6/3/2024,3-6-2024
ANC24LA044,Accident,194402,2024-05-31,Fairbanks,AK,USA,NA,N1314K,016,False,Aviation,Aviation,Approved by Office Director,2025-03-28,NA,None,0,0,0,0,0,The pilot’s failure to maintain directional control during the takeoff roll.,Personnel issues - Task performance - Use of equip/info - Pilot; Environmental issues - Physical environment - Runway/land/takeoff/taxi surface - Effect on operation; Aircraft - Aircraft oper/perf/capability - Performance/control parameters - Not attained/maintained,Accident,65,-146,JORDAN HARRY JAMES,SPORTSMAN 2+2,Airplane,NA,NA,True,1,Reciprocating,False,Personal,091,Substantial,Visual (VMC),On File,Takeoff; Takeoff,Completed,False,Approved by Office Director,NA,NA,5/31/2024,31-5-2024
ANC24LA045,Accident,194426,2024-06-07,King Salmon,AK,USA,NA,N756CL,U20603983,False,Aviation,Aviation,Approved by Office Director,2025-04-23,NA,None,0,0,0,0,0,A partial loss of engine power due to detonation/preignition of the No. 1 cylinder for reasons that could not be determined.,Aircraft - Aircraft power plant - Power plant - Malfunction; Not determined - Not determined - (general) - Unknown/Not determined,Accident,58.677237,-156.65184,CESSNA,206,Airplane,NA,NA,False,1,Reciprocating,False,Personal,091,Substantial,Visual (VMC),Egli Air Haul Service,EmergencyDescent,Completed,False,Approved by Office Director,NA,NA,6/7/2024,7-6-2024
ANC24LA046,Accident,194427,2024-06-08,Fairbanks,AK,USA,NA,N8795Q,U20603547,False,Aviation,Aviation,Approved by Office Director,2025-03-28,NA,None,0,0,0,0,0,The pilot’s failure to maintain directional control during takeoff in gusting wind conditions.,Environmental issues - Conditions/weather/phenomena - Wind - Contributed to outcome; Personnel issues - Task performance - Use of equip/info - Pilot,Accident,64.352159,-147.3585,CESSNA,206,Airplane,2AK1,Blair Lake,False,1,NA,False,Business,135,Substantial,Visual (VMC),Wright Air Service Inc,Takeoff,Completed,False,Approved by Office Director,NA,NA,6/8/2024,8-6-2024
ANC24LA047,Accident,194435,2024-06-06,Nenana,AK,USA,NA,N2358A,20-921,False,Aviation,Aviation,Approved by Office Director,2025-03-28,NA,None,0,0,0,0,0,"The pilot providing instruction’s delayed remedial action, resulting in a loss of control during landing roll.",Aircraft - Aircraft oper/perf/capability - Performance/control parameters - Not attained/maintained; Personnel issues - Task performance - Use of equip/info - Student/instructed pilot; Personnel issues - Action/decision - Action - Instructor/check pilot,Accident,64.558718,-149.11906,PIPER,PA-20-135,Airplane,PANN,Nenana Municipal Airport,False,1,Reciprocating,False,Instructional,091,Substantial,Visual (VMC),On File,Landing,Completed,False,Approved by Office Director,NA,NA,6/6/2024,6-6-2024
ANC24LA048,Accident,194438,2024-06-01,Bethel,AK,USA,NA,N299C,108-3299,False,Aviation,Aviation,Approved by Office Director,2025-03-28,NA,None,0,0,0,0,0,"The uncertificated pilot’s decision to fly an unairworthy airplane and his failure to maintain directional control during landing, which resulted in a landing gear collapse. Contributing was the failure of the right main landing gear oleo strut.",Aircraft - Aircraft systems - Landing gear system - Failure; Personnel issues - Task performance - Maintenance - Owner/builder; Personnel issues - Task performance - Use of equip/info - Pilot; Personnel issues - Action/decision - Info processing/decision - Pilot; Aircraft - Aircraft oper/perf/capability - Performance/control parameters - Not attained/maintained,Accident,60.781786,-161.83522,STINSON,108-2,Airplane,BET,BETHEL,False,1,Reciprocating,False,Personal,091,Substantial,Visual (VMC),On File,Landing; Landing; Landing,Completed,False,Approved by Office Director,NA,NA,6/1/2024,1-6-2024
ANC24LA049,Accident,194439,2024-06-11,Port Alsworth,AK,USA,NA,N4957,490,False,Aviation,Aviation,Approved by Office Director,2025-06-24,NA,Serious,0,0,0,1,0,A partial loss of engine power for reasons that could not be determined.,Aircraft - Aircraft power plant - Power plant - Unknown/Not determined,Accident,60.203676,-154.3968,DEHAVILLAND,BEAVER L-20A (DHC-2),Airplane,NA,NA,False,1,Reciprocating,False,Other work use,091,Substantial,Visual (VMC),TALON AIR SERVICE INC,InitialClimb,Completed,False,Approved by Office Director,NA,NA,6/11/2024,11-6-2024
ANC24LA050,Accident,194441,2024-06-11,Bethel,AK,USA,NA,N187CC,CC18-0060,False,Aviation,Aviation,Approved by Office Director,2025-03-28,NA,None,0,0,0,0,0,The pilot's failure to maintain directional control during landing which resulted in a ground loop.,Personnel issues - Task performance - Use of equip/info - Pilot; Aircraft - Aircraft oper/perf/capability - Performance/control parameters - Not attained/maintained,Accident,60.778556,-161.83716,CUB CRAFTERS INC,CC18-180,Airplane,ABE,Bethel Airport,False,1,Reciprocating,False,Public aircraft - federal,PUBU,Substantial,Visual (VMC); Visual (VMC),U S DEPARTMENT OF THE INTERIOR,Landing,Completed,False,Approved by Office Director,NA,NA,6/11/2024,11-6-2024
ANC24LA051,Accident,194465,2024-06-02,Fairbanks,AK,USA,NA,N7170A,582-646,False,Aviation,Aviation,Approved by Office Director,2025-03-28,NA,None,0,0,0,0,0,"The pilot’s selection of an unsuitable landing site, resulting in a collision with a hole during landing rollout.",Aircraft - Aircraft oper/perf/capability - Performance/control parameters - Capability exceeded; Environmental issues - Physical environment - Runway/land/takeoff/taxi surface - Effect on operation; Personnel issues - Task performance - Use of equip/info - Pilot,Accident,65.000957,-145.99923,MORGAN EDWARD L,EDGE X 582,Weight-shift,NA,NA,True,1,Reciprocating,False,Personal,091,Substantial,Visual (VMC),On File,Landing,Completed,False,Approved by Office Director,NA,NA,6/2/2024,2-6-2024
ANC24FA052,Accident,194497,2024-06-18,Moose Pass,AK,USA,NA,N645DT,18-8309022,False,Aviation,Aviation,Approved by Office Director,NA,NA,Fatal,0,0,0,2,0,NA,NA,Accident,60.45457,-149.48339000000001,PIPER,PA-18-150,Airplane,NA,NA,False,1,NA,False,Instructional,091,Substantial,Visual (VMC),Alaska Float Ratings,Unknown,Ongoing,False,Approved by Office Director,NA,NA,6/18/2024,18-6-2024
ANC24LA053,Accident,194525,2024-06-24,Tok,AK,USA,NA,N2839C,26382,False,Aviation,Aviation,Approved by Office Director,2025-03-28,NA,None,0,0,0,0,0,The pilot’s failure to maintain directional control of the airplane during the landing roll.,Aircraft - Aircraft oper/perf/capability - Performance/control parameters - Not attained/maintained; Personnel issues - Task performance - Use of equip/info - Pilot,Accident,63.33,-142.954,CESSNA,170B,Airplane,PFTO,Tok Junction,False,1,Reciprocating,False,Personal,091,Substantial,Visual (VMC),On File,Landing,Completed,False,Approved by Office Director,NA,NA,6/24/2024,24-6-2024
ANC24LA054,Accident,194526,2024-06-21,Aleknagik,AK,USA,NA,N55WE,273,False,Aviation,Aviation,Approved by Office Director,2025-03-28,NA,None,0,0,0,0,0,The pilot’s failure to maintain pitch control of the airplane during initial climb.,Personnel issues - Task performance - Use of equip/info - Pilot; Aircraft - Aircraft oper/perf/capability - Performance/control parameters - Not attained/maintained,Accident,59.414075,-158.93736,DEHAVILLAND,BEAVER DHC-2 MK.1,Airplane,NA,NA,False,1,Reciprocating,False,Business,091,Substantial,Visual (VMC); Visual (VMC),Bristol Bay Lodge LLC,Takeoff,Completed,False,Approved by Office Director,NA,NA,6/21/2024,21-6-2024
ANC24LA055,Accident,194565,2024-06-26,Tuntutuliak,AK,USA,NA,N13AV,GA8-03-028,False,Aviation,Aviation,Approved by Office Director,2025-03-28,NA,None,0,0,0,0,0,"The pilot's failure to maintain directional control during takeoff after an encounter with a gusting wind, which resulted in a wing strike.",Environmental issues - Conditions/weather/phenomena - Wind - Effect on operation; Personnel issues - Task performance - Use of equip/info - Pilot; Aircraft - Aircraft oper/perf/capability - Performance/control parameters - Not attained/maintained,Accident,60.351108,-162.65461,GIPPSLAND,GA-8,Airplane,A61,TUNTUTULIAK,False,1,Reciprocating,True,Business,135,Substantial,Visual (VMC),GRANT AVIATION INC,Takeoff; Takeoff,Completed,False,Approved by Office Director,NA,NA,6/26/2024,26-6-2024
ANC24LA057,Accident,194588,2024-06-28,Juneau,AK,USA,NA,N590DB,1412,False,Aviation,Aviation,Approved by Office Director,2025-03-28,NA,None,0,0,0,0,0,A partial loss of engine power during initial climb due to a cracked cylinder.,Aircraft - Aircraft power plant - Engine (reciprocating) - Failure,Accident,58.354283,-134.60396,DEHAVILLAND-KENMORE,DHC-2,Airplane,JNU,JUNEAU INTL,False,1,Reciprocating,False,Business,091,Substantial,Visual (VMC); Visual (VMC),"Lone Eagle Resorts, Inc.",EmergencyDescent; InitialClimb,Completed,False,Approved by Office Director,NA,NA,6/28/2024,28-6-2024
ANC24LA058,Accident,194594,2024-06-26,Cordova,AK,USA,NA,N3411U,18254811,False,Aviation,Aviation,Approved by Office Director,2025-03-28,NA,None,0,0,0,0,0,"The pilot’s improper landing flare, which resulted in a hard, bounced landing.",Personnel issues - Task performance - Use of equip/info - Pilot; Aircraft - Aircraft oper/perf/capability - Performance/control parameters - Not attained/maintained,Accident,60.649126,-144.75853,CESSNA,182F,Airplane,NA,NA,False,1,Reciprocating,False,Personal,091,Substantial,Visual (VMC),On File,Landing; Landing; Landing,Completed,False,Approved by Office Director,NA,NA,6/26/2024,26-6-2024
ANC24LA059,Accident,194606,2024-06-24,Anchorage,AK,USA,NA,N748WP,185-1207,False,Aviation,Aviation,Approved by Office Director,2025-03-28,NA,None,0,0,0,0,0,The pilot’s failure to maintain directional control during landing in gusting crosswind conditions.,Aircraft - Aircraft oper/perf/capability - Performance/control parameters - Not attained/maintained; Personnel issues - Task performance - Use of equip/info - Pilot; Environmental issues - Conditions/weather/phenomena - Wind - Contributed to outcome,Accident,61.41502,-149.50967,CESSNA,185,Airplane,PABV,Birchwood,False,1,Reciprocating,False,Personal,091,Substantial,Visual (VMC),On File,Landing,Completed,False,Approved by Office Director,NA,NA,6/24/2024,24-6-2024
ANC24LA060,Accident,194608,2024-07-02,Susitna,AK,USA,NA,N6LU,908,False,Aviation,Aviation,Approved by Office Director,2025-03-28,NA,None,0,0,0,0,0,"The pilot’s selection of an unsuitable takeoff area, resulting in the floats contacting the shallow river bottom during takeoff, and a subsequent loss of control.",Personnel issues - Psychological - Attention/monitoring - Pilot; Environmental issues - Physical environment - Object/animal/substance - Contributed to outcome; Aircraft - Aircraft oper/perf/capability - Performance/control parameters - Not attained/maintained; Environmental issues - Physical environment - Runway/land/takeoff/taxi surface - Contributed to outcome,Accident,61.411752,-150.59147,DE HAVILLAND,DHC2,Airplane,NA,NA,False,1,Reciprocating,False,Business,135,Substantial,Visual (VMC),Trail Ridge Air,Takeoff; Takeoff,Completed,False,Approved by Office Director,NA,NA,7/2/2024,2-7-2024
ANC24LA061,Accident,194659,2024-07-09,Koliganek,AK,USA,NA,N243AK,1809010,False,Aviation,Aviation,Approved by Office Director,2025-04-08,NA,None,0,0,0,0,0,"The pilot's improper landing flare and an improper recovery from a bounced landing, resulting in a loss of directional control, and a subsequent nose over.",Personnel issues - Task performance - Use of equip/info - Pilot; Aircraft - Aircraft oper/perf/capability - Performance/control parameters - Not attained/maintained; Aircraft - Aircraft oper/perf/capability - Performance/control parameters - Not attained/maintained,Accident,59.726833,-157.26033,PIPER,PA-18-150,Airplane,JZZ,NA,False,1,Reciprocating,False,Personal,091,Substantial,Visual (VMC),On File,Landing; Landing; Landing,Completed,False,Approved by Office Director,NA,NA,7/9/2024,9-7-2024
ANC24LA062,Accident,194665,2024-07-09,Tok,AK,USA,NA,N876AK,KA13363280,False,Aviation,Aviation,Approved by Office Director,2025-03-28,NA,Minor,0,0,0,1,0,The pilot's failure to maintain directional control during takeoff with a crosswind.,Environmental issues - Conditions/weather/phenomena - Wind - Effect on equipment; Personnel issues - Task performance - Use of equip/info - Pilot; Aircraft - Aircraft oper/perf/capability - Performance/control parameters - Not attained/maintained,Accident,63.329514,-142.95368,FOXAIR LLC,KITFOX S7 SUPERSPORT,Airplane,PFTO,Tok Junction Airport,True,1,Reciprocating,False,Personal,091,Substantial,Visual (VMC); Visual (VMC); Visual (VMC),On File,Takeoff,Completed,False,Approved by Office Director,NA,NA,7/9/2024,9-7-2024
ANC24LA064,Accident,194683,2024-07-13,Petersville,AK,USA,NA,N535KT,1665-TB37,False,Aviation,Aviation,Approved by Office Director,2026-02-11,NA,None,0,0,0,0,0,An in-flight loss of thrust due to an uncommanded feathering of the propeller for reasons that could not be determined.,Aircraft - Aircraft propeller/rotor - Propeller system - Unknown/Not determined,Accident,62.725683,-150.7958,DEHAVILLAND,DHC-2T,Airplane,NA,NA,False,1,Turbo prop,False,NA,135,Substantial,Visual (VMC); Visual (VMC); Visual (VMC),Rusts Flying Service,Enroute,Completed,False,Approved by Office Director,NA,NA,7/13/2024,13-7-2024
ANC24LA066,Accident,194707,2024-07-11,Kenai,AK,USA,NA,N7848B; N7848B,273; 273,False,Aviation,Aviation,Approved by Office Director,2025-04-08,NA,None,0,0,0,0,0,An in-flight collision with birds during takeoff.,Environmental issues - Physical environment - Object/animal/substance - Effect on equipment,Accident,60.573333,-151.24483,CURTISS WRIGHT; CURTISS WRIGHT,C-46R; C-46R,Airplane; Airplane,ENA,Kenai Muni,False,2,Reciprocating; Reciprocating,False,Business,125; 125,Substantial; Substantial,Visual (VMC); Visual (VMC),EVERTS AIR FUEL INC; EVERTS AIR FUEL INC,Takeoff,Completed,False,Approved by Office Director,NA,NA,7/11/2024,11-7-2024
ANC24LA068,Accident,194727,2024-07-20,Pedro Bay,AK,USA,NA,N65223,55-4602,False,Aviation,Aviation,Approved by Office Director,2025-04-08,NA,None,0,0,0,0,0,The pilot’s failure to maintain directional control of the airplane during takeoff. Contributing to the accident was sun glare.,Aircraft - Aircraft oper/perf/capability - Performance/control parameters - Not attained/maintained; Environmental issues - Conditions/weather/phenomena - Light condition - Contributed to outcome; Personnel issues - Task performance - Use of equip/info - Pilot,Accident,59.73666,-153.92651,DEHAVILLAND,BEAVER U-6A,Airplane,NA,NA,False,1,Reciprocating,False,Other work use,091,Substantial,Visual (VMC); Visual (VMC); Visual (VMC),RAINBOW RIVER LODGE AVIATION LLC,Takeoff,Completed,False,Approved by Office Director,NA,NA,7/20/2024,20-7-2024
ANC24LA069,Accident,194735,2024-07-20,Gustavus,AK,USA,NA,N410B,D-1607,False,Aviation,Aviation,Approved by Office Director,2025-08-20,NA,Fatal,0,0,0,3,0,"The pilot’s decision to continue the visual flight rules flight into instrument meteorological conditions, which resulted in controlled flight into terrain.",Personnel issues - Action/decision - Info processing/decision - Pilot; Environmental issues - Conditions/weather/phenomena - Ceiling/visibility/precip - Contributed to outcome; Environmental issues - Conditions/weather/phenomena - Ceiling/visibility/precip - Contributed to outcome; Environmental issues - Conditions/weather/phenomena - Ceiling/visibility/precip - Contributed to outcome; Personnel issues - Action/decision - Info processing/decision - Pilot,Accident,58.65852,-137.13252,BEECH,A35,Airplane,NA,NA,False,1,Reciprocating,False,Personal,091,Destroyed,Unknown,On File,Enroute; Enroute,Completed,False,Approved by Office Director,NA,NA,7/20/2024,20-7-2024
ANC24LA072,Accident,194832,2024-08-03,Goose Bay,AK,USA,NA,N9697P,18-7509040,False,Aviation,Aviation,Approved by Office Director,2025-06-05,NA,None,0,0,0,0,0,The pilot's failure to maintain directional control during the landing roll.,Aircraft - Aircraft oper/perf/capability - Performance/control parameters - Not attained/maintained; Personnel issues - Task performance - Use of equip/info - Pilot,Accident,61.39509,-149.84827,PIPER,PA18,Airplane,Z40,GOOSE BAY,False,1,Reciprocating,False,Personal,091,Substantial,Visual (VMC),On File,Landing; Landing; Landing,Completed,False,Approved by Office Director,NA,NA,8/3/2024,3-8-2024
ANC24LA073,Accident,194833,2024-08-02,Anchorage,AK,USA,NA,N4444Z,1307,False,Aviation,Aviation,Approved by Office Director,2025-07-16,NA,None,0,0,0,0,0,A partial loss of power during takeoff climb for undetermined reasons.,Aircraft - Aircraft power plant - Power plant - Unknown/Not determined,Accident,61.179038,-149.95929,DE HAVILLAND,DHC2,Airplane,PALH,Lake Hood,False,1,Reciprocating,False,Business,135,Substantial,Visual (VMC),"Rust's Flying Service , Inc",InitialClimb,Completed,False,Approved by Office Director,NA,NA,8/2/2024,2-8-2024
ANC24LA074,Accident,194845,2024-08-05,Fairbanks,AK,USA,NA,N9FW; N9FW,31-7405468; 31-7405468,False,Aviation,Aviation,Approved by Office Director,2025-04-08,NA,None,0,0,0,0,0,"The pilot's continuation of an unstabilized approach and his failure to monitor the aircraft's altitude and airspeed during the approach, resulting in a loss of control.",Aircraft - Aircraft oper/perf/capability - Performance/control parameters - Not attained/maintained; Aircraft - Aircraft oper/perf/capability - Performance/control parameters - Not attained/maintained; Personnel issues - Task performance - Use of equip/info - Pilot; Personnel issues - Action/decision - Info processing/decision - Pilot,Accident,64.817822,-147.843,PIPER; PIPER,PA31; PA31,Airplane; Airplane,PAFA,Fairbanks International Airport,False,2,Reciprocating; Reciprocating,True,Unknown,135; 135,Substantial; Substantial,Visual (VMC),Warbelows Air Ventures; Warbelows Air Ventures,Landing,Completed,False,Approved by Office Director,NA,NA,8/5/2024,5-8-2024
ANC24LA075,Accident,194913,2024-08-08,Fairbanks,AK,USA,NA,N94260,18503296,False,Aviation,Aviation,Approved by Office Director,2025-04-08,NA,None,0,0,0,0,0,The pilot's failure to maintain directional control while landing at a short remote airstrip.,Aircraft - Aircraft oper/perf/capability - Performance/control parameters - Not attained/maintained; Personnel issues - Experience/knowledge - Knowledge - Pilot; Personnel issues - Task performance - Use of equip/info - Pilot; Personnel issues - Action/decision - Info processing/decision - Pilot,Accident,65.733333,-148.28333,CESSNA,A185F,Airplane,NA,NA,False,1,Reciprocating,False,Business,135,Substantial,Visual (VMC); Visual (VMC); Visual (VMC),On File,Landing; Landing; Landing,Completed,False,Approved by Office Director,NA,NA,8/8/2024,8-8-2024
ANC24LA076,Accident,194923,2024-08-07,Skwentna,AK,USA,NA,N9303Z,380,False,Aviation,Aviation,Approved by Office Director,2025-04-08,NA,None,0,0,0,0,0,The pilot's failure to maintain directional control during the landing roll.,Personnel issues - Task performance - Use of equip/info - Pilot; Aircraft - Aircraft oper/perf/capability - Performance/control parameters - Not attained/maintained,Accident,61.934958,-150.98895,DEHAVILLAND,BEAVER DHC-2,Airplane,PVT,Bentalit,False,1,Reciprocating,False,Business,135,Substantial,Visual (VMC),Bush Air Alaska LLC,Landing,Completed,False,Approved by Office Director,NA,NA,8/7/2024,7-8-2024
ANC24LA078,Accident,194950,2024-08-15,Healy,AK,USA,NA,N2524D,20676,False,Aviation,Aviation,Approved by Office Director,2025-04-08,NA,None,0,0,0,0,0,"The pilot’s failure to maintain directional control during takeoff, in gusty wind conditions, resulting in a loss of control and a collision with trees.",Aircraft - Aircraft oper/perf/capability - Performance/control parameters - Not attained/maintained; Environmental issues - Conditions/weather/phenomena - Wind - Effect on operation; Personnel issues - Task performance - Use of equip/info - Pilot,Accident,63.879528,-148.82625,CESSNA,170B,Airplane,NA,NA,False,1,Reciprocating,False,Personal,091,Substantial,Visual (VMC),On File,Takeoff; Takeoff,Completed,False,Approved by Office Director,NA,NA,8/15/2024,15-8-2024
ANC24LA079,Accident,194970,2024-08-18,Palmer,AK,USA,NA,N783AK,14674,False,Aviation,Aviation,Approved by Office Director,2025-04-08,NA,Minor,0,0,0,2,0,The pilot's failure to follow the operator’s procedure manual and attempted to land at a remote landing zone in high wind conditions. Contributing factor was the pilot’s decision to not conduct a fly over of the landing site to determine wind condition which resulted in a loss of control during landing.,Personnel issues - Action/decision - Info processing/decision - Pilot; Environmental issues - Conditions/weather/phenomena - Wind - Effect on operation; Organizational issues - Support/oversight/monitoring - Enforcement - Unknown/Not determined; Aircraft - Aircraft oper/perf/capability - Performance/control parameters - Capability exceeded; Personnel issues - Task performance - Use of equip/info - Pilot; Personnel issues - Action/decision - Info processing/decision - Pilot,Accident,61.355,-148.21666,ROBINSON HELICOPTER COMPANY,R44 II,Helicopter,NA,NA,False,1,Reciprocating,False,Other work use,135,Substantial,Visual (VMC); Visual (VMC); Visual (VMC),Alpha Aviation,Landing; Landing; Landing,Completed,False,Approved by Office Director,NA,NA,8/18/2024,18-8-2024
ANC24LA080,Accident,194992,2024-08-16,Arctic Village,AK,USA,NA,N82065,18-7809124,False,Aviation,Aviation,Approved by Office Director,2025-05-09,NA,None,0,0,0,0,0,The pilot’s failure to maintain directional control of the airplane during takeoff in gusting wind conditions.,Environmental issues - Conditions/weather/phenomena - Wind - Contributed to outcome; Personnel issues - Task performance - Use of equip/info - Pilot; Aircraft - Aircraft oper/perf/capability - Performance/control parameters - Not attained/maintained,Accident,68.83,-143.55,PIPER,PA-18-150,Airplane,NA,NA,False,1,Reciprocating,False,Personal,091,Substantial,Visual (VMC); Visual (VMC),On File,Takeoff,Completed,False,Approved by Office Director,NA,NA,8/16/2024,16-8-2024
ANC24LA081,Accident,195008,2024-08-24,King Salmon,AK,USA,NA,N2512G,51812,False,Aviation,Aviation,Approved by Office Director,2025-05-12,NA,None,0,0,0,0,0,"The airplanes contact with terrain during takeoff which resulted in an inability to gain airspeed, which resulted in an aerodynamic stall and subsequent impact with terrain.",Aircraft - Aircraft oper/perf/capability - Performance/control parameters - Not attained/maintained; Aircraft - Aircraft oper/perf/capability - Performance/control parameters - Not attained/maintained; Personnel issues - Task performance - Use of equip/info - Pilot,Accident,58.183748,-156.22761,CESSNA,182B,Airplane,NA,Contact Creek Airstrip,False,1,Reciprocating,False,Business,091,Substantial,Visual (VMC); Visual (VMC),On File,Takeoff; Takeoff; Takeoff,Completed,False,Approved by Office Director,NA,NA,8/24/2024,24-8-2024
ANC24LA082,Accident,195009,2024-08-25,Sagwon,AK,USA,NA,N6815B,22-4111,False,Aviation,Aviation,Approved by Office Director,2025-05-29,NA,None,0,0,0,0,0,A failure of the landing gear fitting at the fuselage attachment point to due to a poor weld joint.,Aircraft - Aircraft systems - Landing gear system - Failure,Accident,69.6475,-148.3955,PIPER,PA-22-150,Airplane,NA,NA,False,1,Reciprocating,False,Personal,091,Substantial,Visual (VMC),On File,Landing; Landing,Completed,False,Approved by Office Director,NA,NA,8/25/2024,25-8-2024
ANC24LA083,Accident,195025,2024-08-30,Aleknagik,AK,USA,NA,N4NW,22-7520,False,Aviation,Aviation,Approved by Office Director,2025-06-12,NA,None,0,0,0,0,0,The pilot’s failure to maintain clearance from terrain while maneuvering at low altitude.,Aircraft - Aircraft oper/perf/capability - Performance/control parameters - Not attained/maintained; Personnel issues - Task performance - Use of equip/info - Pilot; Environmental issues - Physical environment - Object/animal/substance - Contributed to outcome,Accident,59.583333,-159.16666,PIPER,PA22,Airplane,NA,NA,False,1,Reciprocating,False,Personal,091,Substantial,Visual (VMC),On File,Maneuvering,Completed,False,Approved by Office Director,NA,NA,8/30/2024,30-8-2024
ANC24FA085,Accident,195031,2024-08-31,McGrath,AK,USA,NA,N7154Z,18-8263,False,Aviation,Aviation,Approved by Office Director,2025-08-20,NA,Fatal,0,0,0,1,0,"The pilot's exceedance of the airplane’s critical angle of attack while maneuvering for landing, which resulted in an aerodynamic stall and loss of control.",Aircraft - Aircraft oper/perf/capability - Performance/control parameters - Attain/maintain not possible; Personnel issues - Task performance - Use of equip/info - Pilot,Accident,62.008135,-154.80312,PIPER,PA-18-150,Airplane,NA,NA,False,1,Reciprocating,False,Business,091,Substantial,Visual (VMC),On File,Unknown,Completed,False,Approved by Office Director,NA,NA,8/31/2024,31-8-2024
ANC24LA086,Accident,195032,2024-08-31,Tok,AK,USA,NA,N41WP,15068019,False,Aviation,Aviation,Approved by Office Director,2025-05-12,NA,Serious,0,0,0,2,0,The airplane’s encounter with gusting winds resulting in a loss of altitude with performance insufficient to outclimb terrain.,Aircraft - Aircraft oper/perf/capability - Performance/control parameters - Not attained/maintained; Environmental issues - Conditions/weather/phenomena - Wind - Contributed to outcome; Personnel issues - Task performance - Use of equip/info - Pilot,Accident,62.792369,-144.29318,CESSNA,150H,Airplane,NA,NA,False,1,Reciprocating,False,Personal,091,Substantial,Visual (VMC); Visual (VMC); Visual (VMC),On File,Maneuvering,Completed,False,Approved by Office Director,NA,NA,8/31/2024,31-8-2024
ANC24LA087,Accident,195049,2024-08-31,Lime Village,AK,USA,NA,N1217E,255-77,False,Aviation,Aviation,Approved by Office Director,2025-05-29,NA,None,0,0,0,0,0,"The pilot’s excessive braking during the landing roll, resulting in a nose over.",Environmental issues - Conditions/weather/phenomena - Wind - Contributed to outcome; Personnel issues - Action/decision - Action - Pilot; Aircraft - Aircraft oper/perf/capability - Performance/control parameters - Incorrect use/operation,Accident,61.599698,-154.47973,BELLANCA,8GCBC,Airplane,NA,NA,False,1,Reciprocating,False,Personal,091,Substantial,Visual (VMC),On File,Landing,Completed,False,Approved by Office Director,NA,NA,8/31/2024,31-8-2024
ANC24LA088,Accident,195056,2024-09-01,Coal Creek,AK,USA,NA,N4981Y,18-7309021,False,Aviation,Aviation,Approved by Office Director,2025-06-05,NA,None,0,0,0,0,0,The pilot's failure to maintain directional control during the landing roll with a quartering tailwind.,Personnel issues - Task performance - Use of equip/info - Pilot; Aircraft - Aircraft oper/perf/capability - Performance/control parameters - Not attained/maintained; Environmental issues - Conditions/weather/phenomena - Wind - Effect on operation,Accident,65.307702,-143.13972,PIPER,PA-18-150,Airplane,NA,NA,False,1,NA,False,Personal,091,Substantial,Visual (VMC),On File,Landing; Landing; Landing; Landing,Completed,False,Approved by Office Director,NA,NA,9/1/2024,1-9-2024
ANC24FA089,Accident,195072,2024-09-07,King Salmon,AK,USA,NA,N306FW,3940,False,Aviation,Aviation,Approved by Office Director,2025-08-20,NA,Fatal,0,0,0,5,0,"The pilot’s decision to initiate the visual flight into instrument meteorological conditions, which resulted in his spatial disorientation, failure to maintain helicopter control and subsequent impact with water.",Personnel issues - Psychological - Perception/orientation/illusion - Pilot; Personnel issues - Task performance - Use of equip/info - Pilot; Environmental issues - Conditions/weather/phenomena - Ceiling/visibility/precip - Effect on personnel; Personnel issues - Action/decision - Info processing/decision - Pilot; Personnel issues - Psychological - Perception/orientation/illusion - Pilot; Environmental issues - Conditions/weather/phenomena - Ceiling/visibility/precip - Effect on personnel; Personnel issues - Psychological - Perception/orientation/illusion - Pilot; Personnel issues - Task performance - Use of equip/info - Pilot,Accident,58.659147,-156.64661,BELL,206B,Helicopter,NA,NA,False,1,Turbo shaft,False,Business,135,Substantial,Instrument (IMC); Instrument (IMC); Instrument (IMC),EGLI AIR HAUL INC,Enroute; Maneuvering,Completed,False,Approved by Office Director,NA,NA,9/7/2024,7-9-2024
ANC24LA090,Accident,195118,2024-09-04,Denali,AK,USA,NA,N424RD,18-5169,False,Aviation,Aviation,Approved by Office Director,2025-06-05,NA,None,0,0,0,0,0,Failure to maintain clearance from terrain due to the airplane’s encounter with windshear during takeoff.,Environmental issues - Conditions/weather/phenomena - Wind - Effect on operation; Personnel issues - Task performance - Use of equip/info - Pilot; Aircraft - Aircraft oper/perf/capability - Performance/control parameters - Not attained/maintained,Accident,63.61734,-147.62994,PIPER,PA-18A 150,Airplane,PVT,Yanert strip,False,1,Reciprocating,False,Personal,091,Substantial,Visual (VMC),On File,Takeoff; Takeoff,Completed,False,Approved by Office Director,NA,NA,9/4/2024,4-9-2024
ANC24FA091,Accident,195119,2024-09-13,Ninilchik,AK,USA,NA,N8CK,104,False,Aviation,Aviation,Approved by Office Director,NA,NA,Fatal,0,0,0,2,0,NA,NA,Accident,60.083135,-151.0576,CHAMPION,7GCBC,Airplane,NA,NA,False,1,NA,False,Personal,091,Substantial,Visual (VMC),On File,Unknown,Ongoing,False,Approved by Office Director,NA,NA,9/13/2024,13-9-2024
ANC24FA092,Accident,195120,2024-09-14,Wasilla,AK,USA,NA,N1202Y,2,False,Aviation,Aviation,Approved by Office Director,NA,NA,Fatal,0,0,0,1,0,NA,NA,Accident,61.615712,-149.31137,JON BERGSTEDT,JP FLYER,Airplane,0AK1,ANDERSON LAKE,True,1,NA,False,Personal,091,Substantial,Visual (VMC),On File,Unknown,Ongoing,False,Approved by Office Director,NA,NA,9/14/2024,14-9-2024
ANC24LA093,Accident,195122,2024-09-14,Anchorage,AK,USA,NA,N5275E,50575,False,Aviation,Aviation,Approved by Office Director,2025-06-05,NA,Minor,0,0,0,1,0,"The pilot’s encounter with wake turbulence, which resulted in substantial damage to the airplane.",Environmental issues - Conditions/weather/phenomena - Turbulence - Effect on equipment; Environmental issues - Conditions/weather/phenomena - Turbulence - Contributed to outcome,Accident,61.238672,-149.98331,CESSNA,180B,Airplane,LHD,Lake Hood,False,1,Reciprocating,False,Personal,091,Substantial,Visual (VMC); Visual (VMC),On File,Enroute,Completed,False,Approved by Office Director,NA,NA,9/14/2024,14-9-2024
ANC24FA094,Accident,195123,2024-09-16,Saint Mary's,AK,USA,NA,N90193,20700007,False,Aviation,Aviation,Approved by Office Director,NA,NA,Fatal,4,0,0,4,0,NA,NA,Accident,62.045783,-163.30887,CESSNA,207,Airplane,KSM,ST MARY'S,False,1,NA,False,Personal,091,Destroyed,Instrument (IMC),PAKLOOK Air Inc,Approach; Approach,Ongoing,False,Approved by Office Director,NA,NA,9/16/2024,16-9-2024
ANC24LA096,Accident,195177,2024-09-14,Buckland,AK,USA,NA,N5407B,33407,False,Aviation,Aviation,Approved by Office Director,2025-06-05,NA,None,0,0,0,0,0,The pilot's failure to maintain directional control during the landing roll.,Personnel issues - Task performance - Use of equip/info - Pilot; Aircraft - Aircraft oper/perf/capability - Performance/control parameters - Not attained/maintained,Accident,66.633333,-159.01666,CESSNA,182,Airplane,NA,NA,False,1,Reciprocating,False,Personal,091,Substantial,Visual (VMC); Visual (VMC),On File,Landing,Completed,False,Approved by Office Director,NA,NA,9/14/2024,14-9-2024
ANC24LA097,Accident,195178,2024-09-14,Lime Village,AK,USA,NA,N691E,1085047,False,Aviation,Aviation,Approved by Office Director,2025-06-05,NA,None,0,0,0,0,0,"The pilot's inadequate preflight inspection and fuel planning, which resulted in a total loss of engine power due to fuel exhaustion and a subsequent forced landing in tree-covered terrain.",Aircraft - Fluids/misc hardware - Fluids - Fluid management; Personnel issues - Task performance - Planning/preparation - Pilot; Aircraft - Fluids/misc hardware - Misc hardware - Fluid level; Personnel issues - Task performance - Inspection - Pilot; Personnel issues - Action/decision - Info processing/decision - Pilot; Environmental issues - Physical environment - Terrain - Contributed to outcome,Accident,61.390167,-154.46566,STINSON,108-3,Airplane,NA,NA,False,1,Reciprocating,False,Personal,091,Substantial,Visual (VMC); Visual (VMC),On File,Standing; Enroute; Landing,Completed,False,Approved by Office Director,NA,NA,9/14/2024,14-9-2024
ANC24LA098,Accident,195179,2024-09-15,Fairbanks,AK,USA,NA,N4242Z,18-8597,False,Aviation,Aviation,Approved by Office Director,2025-06-05,NA,None,0,0,0,0,0,"The pilot’s failure to maintain a rate of climb sufficient to clear obstacles during takeoff, resulting in a collision with obstacles and a subsequent aerodynamic stall.",Aircraft - Aircraft oper/perf/capability - Performance/control parameters - Not attained/maintained; Personnel issues - Task performance - Planning/preparation - Pilot,Accident,64.763559,-147.7588,PIPER,PA-18-150,Airplane,NA,NA,False,1,Reciprocating,False,Personal,091,Substantial,Visual (VMC),On File,Takeoff; Takeoff,Completed,False,Approved by Office Director,NA,NA,9/15/2024,15-9-2024
ANC24LA099,Accident,195180,2024-09-15,Skwentna,AK,USA,NA,N2466H,18-7909187,False,Aviation,Aviation,Approved by Office Director,2025-05-12,NA,None,0,0,0,0,0,The pilot’s failure to maintain directional control of the airplane during taxi in gusting wind conditions.,Aircraft - Aircraft oper/perf/capability - Performance/control parameters - Not attained/maintained; Environmental issues - Conditions/weather/phenomena - Wind - Contributed to outcome; Personnel issues - Task performance - Use of equip/info - Pilot,Accident,61.4455,-150.9137,PIPER,PA-18-150,Airplane,NA,NA,False,1,Reciprocating,False,Personal,091,Substantial,Visual (VMC),On File,Taxi,Completed,False,Approved by Office Director,NA,NA,9/15/2024,15-9-2024
ANC24LA100,Accident,195181,2024-09-15,Palmer,AK,USA,NA,N4118Z,18-8159,False,Aviation,Aviation,Approved by Office Director,2025-05-12,NA,None,0,0,0,0,0,"The pilot's excessive braking during the landing roll, resulting in a ground loop and nose over.",Personnel issues - Task performance - Use of equip/info - Pilot; Aircraft - Aircraft oper/perf/capability - Performance/control parameters - Not attained/maintained; Aircraft - Aircraft oper/perf/capability - Performance/control parameters - Incorrect use/operation,Accident,61.442078,-148.72219,PIPER,PA-18-150,Airplane,NA,NA,False,1,Reciprocating,False,Personal,091,Substantial,Visual (VMC),On File,Landing; Landing,Completed,False,Approved by Office Director,NA,NA,9/15/2024,15-9-2024
ANC24LA101,Accident,195182,2024-04-15,Big Lake,AK,USA,NA,N303T,18-2417,False,Aviation,Aviation,Approved by Office Director,2025-03-06,NA,None,0,0,0,0,0,The pilot’s failure to maintain clearance from an obstacle during takeoff.,Personnel issues - Action/decision - Info processing/decision - Pilot; Aircraft - Aircraft oper/perf/capability - Performance/control parameters - Incorrect use/operation,Accident,61.45,-150.5,PIPER,PA-18-105 SPECIAL,Airplane,NA,NA,False,1,Reciprocating,False,Personal,091,Substantial,Visual (VMC),On File,Takeoff,Completed,False,Approved by Office Director,NA,NA,4/15/2024,15-4-2024
ANC23FA056,Accident,192675,2023-07-20,Wainwright,AK,USA,NA,N311MH,52055,False,Aviation,Aviation,Approved by Office Director,2025-08-20,NA,Fatal,0,0,0,4,0,"The pilot's decision to fly at a low altitude over a large body of water toward featureless terrain, which resulted in a loss of visual clues and controlled flight into terrain.",Personnel issues - Action/decision - Info processing/decision - Pilot; Personnel issues - Psychological - Perception/orientation/illusion - Pilot; Personnel issues - Psychological - Perception/orientation/illusion - Pilot; Environmental issues - Physical environment - Terrain - Effect on personnel,Accident,70.653972,-158.55984,BELL,206-L4,Helicopter,NA,NA,False,1,Turbo shaft,False,Business,135,Destroyed,Visual (VMC); Visual (VMC); Visual (VMC); Visual (VMC),MARITIME HELICOPTERS INC,Enroute,Completed,False,Approved by Office Director,NA,NA,7/20/2023,20-7-2023
ANC23LA057,Accident,192719,2023-07-26,Point Baker,AK,USA,NA,N6782L,820,False,Aviation,Aviation,Approved by Office Director,2024-02-01,NA,None,0,0,0,0,0,The pilot’s failure to maintain directional control during takeoff with a quartering tailwind.,Environmental issues - Conditions/weather/phenomena - Wind - Effect on operation; Aircraft - Aircraft oper/perf/capability - Performance/control parameters - Not attained/maintained; Personnel issues - Task performance - Use of equip/info - Pilot,Accident,56.35186,-133.62258,DEHAVILLAND,DHC-2 MK. I(L20A),Airplane,NA,NA,False,1,Reciprocating,False,Business,091,Substantial,Visual (VMC),SEAWIND AVIATION INC,Takeoff; Takeoff; Takeoff; Takeoff,Completed,False,Approved by Office Director,NA,NA,7/26/2023,26-7-2023
ANC23LA058,Accident,192778,2023-08-01,Wasilla,AK,USA,NA,N907AX,1,False,Aviation,Aviation,Approved by Office Director,2024-02-01,NA,Minor,0,0,0,2,0,"The pilot’s failure to maintain clearance during takeoff, which resulted in impact with trees.",Personnel issues - Action/decision - Info processing/decision - Pilot; Aircraft - Aircraft oper/perf/capability - Performance/control parameters - Capability exceeded,Accident,61.66428,-149.25469,CORT J NEUMAN,APEX,Airplane,97AK,High Ridge Association Airport,True,1,Reciprocating,False,Personal,091,Substantial,Visual (VMC); Visual (VMC); Visual (VMC),On File,Takeoff,Completed,False,Approved by Office Director,NA,NA,8/1/2023,1-8-2023
ANC23LA059,Accident,192804,2023-08-04,Iliamna,AK,USA,NA,N9855X,1850055,False,Aviation,Aviation,Approved by Office Director,2024-05-15,NA,None,0,0,0,0,0,The passenger’s inadvertent application of brakes during landing that resulted in a nose over.,Personnel issues - Experience/knowledge - Knowledge - Passenger,Accident,59.20667,-154.96895,CESSNA,185,Airplane,NA,NA,False,1,Reciprocating,False,Personal,091,Substantial,Visual (VMC),On File,Landing,Completed,False,Approved by Office Director,NA,NA,8/4/2023,4-8-2023
ANC23LA060,Accident,192820,2023-08-05,Igiugig,AK,USA,NA,N2262G,12-1183,False,Aviation,Aviation,Approved by Office Director,2024-05-16,NA,None,0,0,0,0,0,"The pilot’s inadequate fuel management, which resulted in a total loss of engine power due to fuel exhaustion.",Personnel issues - Task performance - Planning/preparation - Pilot; Aircraft - Fluids/misc hardware - Fluids - Fluid level,Accident,59.46,-155.94,PIPER,PA-12S,Airplane,NA,NA,False,1,Reciprocating,False,Personal,091,Substantial,Visual (VMC),On File,Enroute,Completed,False,Approved by Office Director,NA,NA,8/5/2023,5-8-2023
ANC23FA061,Accident,192841,2023-08-09,Skwentna,AK,USA,NA,N4481Z,18-8816,False,Aviation,Aviation,Approved by Office Director,2024-05-16,NA,Fatal,0,0,0,2,0,An impact with terrain for reasons that could not be determined because the airplane was not recovered due to the inaccessible nature of the accident site.,Not determined - Not determined - (general) - Unknown/Not determined,Accident,62.462453,-152.35866,PIPER,PA-18-150,Airplane,NA,NA,False,1,Reciprocating,False,Business,135,Destroyed,Visual (VMC),"Willow Creek Aviation, LLC",Maneuvering,Completed,False,Approved by Office Director,NA,NA,8/9/2023,9-8-2023
ANC23LA062,Accident,192882,2023-08-10,Chaka Creek,AK,USA,NA,N42610,18052366,False,Aviation,Aviation,Approved by Office Director,2023-10-26,NA,None,0,0,0,0,0,A partial loss of engine power as a result of carburetor ice. Contributing to the outcome was the pilot’s failure to effectively use carburetor heat in conditions conducive to the formation of carburetor ice.,Personnel issues - Action/decision - Action - Pilot; Environmental issues - Conditions/weather/phenomena - Temp/humidity/pressure - Effect on equipment; Aircraft - Aircraft systems - Ice/rain protection system - Not used/operated,Accident,60.943687,-150.40466,CESSNA,180J,Airplane,NA,NA,False,1,Reciprocating,False,Personal,091,Substantial,Visual (VMC),On File,Landing; Landing,Completed,False,Approved by Office Director,NA,NA,8/10/2023,10-8-2023
ANC23LA063,Accident,192889,2023-08-14,Skwentna,AK,USA,NA,N4891Z,U20606044,False,Aviation,Aviation,Approved by Office Director,2023-10-26,NA,None,0,0,0,0,0,The airplane’s float contacted an undetected submerged gravel bar during landing which resulted in a nose over.,Environmental issues - Physical environment - Runway/land/takeoff/taxi surface - Awareness of condition; Environmental issues - Physical environment - Runway/land/takeoff/taxi surface - Contributed to outcome; Personnel issues - Task performance - Use of equip/info - Pilot,Accident,61.953016,-151.25359,CESSNA,U206G,Airplane,NA,NA,False,1,Reciprocating,False,Business,135,Substantial,Visual (VMC),Rust's Flying Service,Landing; Landing,Completed,False,Approved by Office Director,NA,NA,8/14/2023,14-8-2023
ANC23LA064,Accident,192953,2023-08-22,SKWENTNA,AK,USA,NA,N4111Z,18-8153,False,Aviation,Aviation,Approved by Office Director,2024-04-04,NA,None,0,0,0,0,0,The pilot’s decision to taxi the airplane through tall grass without visual reference to the surface which obscured uneven terrain.,Personnel issues - Action/decision - Info processing/decision - Pilot; Environmental issues - Physical environment - Terrain - Effect on operation,Accident,61.877966,-151.34587,PIPER,PA-18,Airplane,NA,NA,False,1,Reciprocating,False,Personal,091,Substantial,Visual (VMC); Visual (VMC),On File,Taxi; Taxi,Completed,False,Approved by Office Director,NA,NA,8/22/2023,22-8-2023
ANC23LA065,Accident,192957,2023-08-27,Cape Yakataga,AK,USA,NA,N6709Q,EA-368,False,Aviation,Aviation,Approved by Office Director,2025-09-11,NA,Fatal,2,0,0,2,0,"The pilot’s continued flight into moderate to severe icing conditions, including supercooled large droplets, over mountainous terrain, which resulted in a loss of control and impact with terrain. Contributing to the accident was the National Weather Service forecast that underestimated the area and intensity of the icing conditions and the lack of Alaska-specific icing graphics readily accessible to the pilot for preflight planning.",Environmental issues - Operating environment - Meteorological services - Availability of related info; Environmental issues - Operating environment - Meteorological services - Accuracy of related info; Environmental issues - Conditions/weather/phenomena - Ceiling/visibility/precip - Effect on equipment; Aircraft - Aircraft oper/perf/capability - Performance/control parameters - Attain/maintain not possible; Environmental issues - Conditions/weather/phenomena - Ceiling/visibility/precip - Awareness of condition; Personnel issues - Experience/knowledge - Knowledge - Pilot,Accident,60.317,-142.093,BEECH,B36TC,Airplane,NA,NA,False,1,Reciprocating,False,Personal,091,Destroyed,Instrument (IMC),On File,Enroute; Enroute,Completed,False,Approved by Office Director,NA,NA,8/27/2023,27-8-2023
ANC23LA066,Accident,192958,2023-08-15,Tyonek,AK,USA,NA,N3995Z,18-7944,False,Aviation,Aviation,Approved by Office Director,2024-04-04,NA,None,0,0,0,0,0,"The pilot’s encounter with windshear during the initial climb, which resulted in a loss of control.",Aircraft - Aircraft oper/perf/capability - Performance/control parameters - Not attained/maintained; Personnel issues - Task performance - Planning/preparation - Pilot; Environmental issues - Conditions/weather/phenomena - Wind - Contributed to outcome; Personnel issues - Action/decision - Info processing/decision - Pilot,Accident,61.405506,-151.71058,PIPER,PA-18-150,Airplane,NA,NA,False,1,Reciprocating,False,Personal,091,Substantial,Visual (VMC),On File,Takeoff,Completed,False,Approved by Office Director,NA,NA,8/15/2023,15-8-2023
ANC23LA067,Accident,192982,2023-08-28,Chinitna Bay,AK,USA,NA,N1733R,U20602068,False,Aviation,Aviation,Approved by Office Director,2024-04-04,NA,None,0,0,0,0,0,The pilot’s failure to maintain directional control on takeoff.,Personnel issues - Task performance - Use of equip/info - Pilot; Aircraft - Aircraft oper/perf/capability - Performance/control parameters - Not attained/maintained; Environmental issues - Physical environment - Runway/land/takeoff/taxi surface - Effect on operation; Environmental issues - Physical environment - Runway/land/takeoff/taxi surface - Contributed to outcome,Accident,59.866972,-153.11274,CESSNA,U206F,Airplane,NA,NA,False,1,Reciprocating,False,Business,135,Substantial,Visual (VMC),Alaska Skyways Inc,Takeoff,Completed,False,Approved by Office Director,NA,NA,8/28/2023,28-8-2023
ANC23LA068,Accident,192983,2023-08-30,McCarthy,AK,USA,NA,N416RK,18-8434,False,Aviation,Aviation,Approved by Office Director,2024-04-04,NA,Minor,0,0,0,1,0,The pilot’s excessive application of brakes during landing that resulted in a nose over.,Aircraft - Aircraft oper/perf/capability - Performance/control parameters - Incorrect use/operation; Personnel issues - Task performance - Use of equip/info - Pilot,Accident,61.456661,-142.47074,PIPER,PA-18-150,Airplane,NONE,Peavine,False,1,Reciprocating,False,Personal,091,Substantial,Visual (VMC),On File,Landing,Completed,False,Approved by Office Director,NA,NA,8/30/2023,30-8-2023
ANC23LA069,Accident,192991,2023-09-03,Cordova,AK,USA,NA,N723AK,76-74,False,Aviation,Aviation,Approved by Office Director,2024-04-04,NA,None,0,0,0,0,0,"The pilot’s exceedance of the airplane’s critical angle of attack during landing, which resulted in an aerodynamic stall and loss of airplane control.",Personnel issues - Action/decision - Info processing/decision - Pilot; Personnel issues - Action/decision - Info processing/decision - Pilot; Aircraft - Aircraft oper/perf/capability - Performance/control parameters - Capability exceeded; Personnel issues - Task performance - Use of equip/info - Pilot,Accident,60.494294,-145.48603,BELLANCA,8GCBC,Airplane,CDV,Merle K Smith Airport,False,1,Reciprocating,False,Personal,091,Substantial,Visual (VMC),On File,Landing; Landing,Completed,False,Approved by Office Director,NA,NA,9/3/2023,3-9-2023
ANC23LA070,Accident,192993,2023-08-25,Big Delta,AK,USA,NA,N151RF,S69912-006,False,Aviation,Aviation,Approved by Office Director,2024-07-24,NA,Minor,0,0,0,2,0,A partial loss of engine power for undetermined reasons.,Aircraft - Aircraft power plant - Engine (reciprocating) - Unknown/Not determined,Accident,64.102592,-145.78693,OLIVER ROBERT K,OLIVER SERIES 6,Airplane,NA,NA,True,1,Reciprocating,False,Personal,091,Substantial,Visual (VMC),On File,Enroute; Landing,Completed,False,Approved by Office Director,NA,NA,8/25/2023,25-8-2023
ANC23LA071,Accident,193005,2023-09-05,King Salmon,AK,USA,NA,N193AL; N193AL; N97EL; N97EL,52344; 52344; 1345; 1345,False,Aviation,Aviation,Approved by Office Director,2024-07-24,NA,Minor,0,0,0,1,0,"The failure of both pilots to see and avoid while en route, which resulted in a midair collision.",Personnel issues - Psychological - Attention/monitoring - Pilot; Personnel issues - Psychological - Attention/monitoring - Pilot of other aircraft; Personnel issues - Psychological - Attention/monitoring - Pilot of other aircraft; Personnel issues - Psychological - Attention/monitoring - Pilot,Accident,58.945431,-155.56252,BELL HELICOPTER TEXTRON CANADA; BELL HELICOPTER TEXTRON CANADA; DEHAVILLAND; DEHAVILLAND,206L-4; 206L-4; DHC-2; DHC-2,Helicopter; Helicopter; Airplane; Airplane,NA,NA,False,1,Turbo shaft; Turbo shaft; Reciprocating; Reciprocating,False,Positioning; Business,135; 135; 091; 091,Substantial; Substantial; Minor; Minor,Visual (VMC); Visual (VMC),Maritime Helicopters; Maritime Helicopters; ALASKAS ENCHANTED LAKE LODGE INC; ALASKAS ENCHANTED LAKE LODGE INC,UncontrolledDescent; Enroute; Enroute; Enroute,Completed,False,Approved by Office Director,NA,NA,9/5/2023,5-9-2023
ANC23LA072,Accident,193014,2023-08-17,Palmer,AK,USA,NA,N5061G,1167-79,False,Aviation,Aviation,Approved by Office Director,2024-04-04,NA,None,0,0,0,0,0,The pilot’s failure to maintain directional control during the landing rollout.,Personnel issues - Task performance - Use of equip/info - Pilot; Aircraft - Aircraft oper/perf/capability - Performance/control parameters - Not attained/maintained,Accident,61.24012,-148.6562,BELLANCA,7GCBC,Airplane,NA,NA,False,1,Reciprocating,False,Personal,091,Substantial,Visual (VMC); Visual (VMC),On File,Landing; Landing; Landing,Completed,False,Approved by Office Director,NA,NA,8/17/2023,17-8-2023
ANC23LA073,Accident,193051,2023-09-10,Beluga,AK,USA,NA,N124UA,18503022,False,Aviation,Aviation,Approved by Office Director,2024-04-04,NA,None,0,0,0,0,0,The pilot’s delayed go-around decision with insufficient runway remaining.,Aircraft - Aircraft oper/perf/capability - Aircraft capability - Not attained/maintained; Personnel issues - Action/decision - Action - Pilot; Personnel issues - Action/decision - Action - Pilot,Accident,61.276111,-151.78305,CESSNA,A185F,Airplane,N/A,Capps Creek,False,1,Reciprocating,False,Personal,091,Substantial,Visual (VMC); Visual (VMC),On File,Landing,Completed,False,Approved by Office Director,NA,NA,9/10/2023,10-9-2023
ANC23FA074,Accident,193053,2023-09-13,St. Mary's,AK,USA,NA,N109T,18-2223,False,Aviation,Aviation,Approved by Office Director,2025-07-22,NA,Fatal,0,0,0,1,0,"The pilot’s decision to operate the airplane above its maximum certificated gross weight, and his installation of an unapproved external load that degraded takeoff performance and flight characteristics resulting in a loss of airplane control during takeoff into an area of mechanical turbulence and downdrafts.",Personnel issues - Action/decision - Info processing/decision - Pilot; Aircraft - Aircraft oper/perf/capability - Performance/control parameters - Attain/maintain not possible; Environmental issues - Conditions/weather/phenomena - Wind - Effect on equipment; Aircraft - Aircraft oper/perf/capability - Aircraft capability - Capability exceeded; Aircraft - Aircraft oper/perf/capability - Aircraft capability - Attain/maintain not possible; Aircraft - Aircraft oper/perf/capability - Aircraft capability - Capability exceeded,Accident,62.863731,-161.77257,PIPER,PA-18-150,Airplane,NA,NA,False,1,Reciprocating,False,Other work use,135,Substantial,Visual (VMC),NEITZ AVIATION INC,Takeoff; Takeoff; Standing; Takeoff,Completed,False,Approved by Office Director,NA,NA,9/13/2023,13-9-2023
ANC23LA075,Accident,193057,2023-09-12,Healy,AK,USA,NA,N34VV,185-0036,False,Aviation,Aviation,Approved by Office Director,2024-04-04,NA,None,0,0,0,0,0,"The pilot’s selection of an unsuitable landing site, resulting in a nose over.",Personnel issues - Action/decision - Info processing/decision - Pilot; Aircraft - Aircraft oper/perf/capability - Performance/control parameters - Capability exceeded; Personnel issues - Task performance - Use of equip/info - Pilot; Environmental issues - Physical environment - Runway/land/takeoff/taxi surface - Effect on operation,Accident,64.16,-148.3,CESSNA,185,Airplane,NA,NA,False,1,Reciprocating,False,Personal,091,Substantial,Visual (VMC),Fly Denali INC,Landing,Completed,False,Approved by Office Director,NA,NA,9/12/2023,12-9-2023
ANC23LA077,Accident,193070,2023-09-13,Palmer,AK,USA,NA,N95250,9650,False,Aviation,Aviation,Approved by Office Director,2024-07-02,NA,None,0,0,0,0,0,"The pilot’s exceedance of the airplane’s critical angle of attack while maneuvering at low altitude, which resulted in an aerodynamic stall; loss of airplane control; and impact with terrain.",Aircraft - Aircraft oper/perf/capability - Aircraft capability - Attain/maintain not possible; Aircraft - Aircraft oper/perf/capability - Performance/control parameters - Capability exceeded; Personnel issues - Action/decision - Info processing/decision - Pilot,Accident,61.6445,-148.68584,TAYLORCRAFT,BC12-D,Airplane,NA,NA,False,1,Reciprocating,False,Personal,091,Substantial,Unknown,On File,Maneuvering,Completed,False,Approved by Office Director,NA,NA,9/13/2023,13-9-2023
ANC23LA078,Accident,193088,2023-09-17,NENANA,AK,USA,NA,N907W,173SR,False,Aviation,Aviation,Approved by Office Director,2024-07-24,NA,None,0,0,0,0,0,A total loss of engine power due to fuel starvation. Contributing was the owner/builder’s inadequate maintenance.,Aircraft - Aircraft systems - Fuel system - Not serviced/maintained; Personnel issues - Experience/knowledge - Knowledge - Owner/builder; Personnel issues - Task performance - Maintenance - Owner/builder,Accident,64.650753,-149.83691,RHODES STEVEN D,SR3500,Airplane,NA,NA,True,1,Reciprocating,False,Personal,091,Substantial,Visual (VMC),On File,Enroute,Completed,False,Approved by Office Director,NA,NA,9/17/2023,17-9-2023
ANC23LA080,Accident,193097,2023-09-18,Homer,AK,USA,NA,N7558H,18503394,False,Aviation,Aviation,Approved by Office Director,2025-09-30,NA,None,0,0,0,0,0,A total loss of engine power for undetermined reasons.,Aircraft - Aircraft power plant - Engine (reciprocating) - Unknown/Not determined,Accident,59.643,-151.48466,CESSNA,A185F,Airplane,5BL,HOMER-BELUGA LAKE,False,1,Reciprocating,False,Business,091,Substantial,Visual (VMC),Adventure Airways,InitialClimb; EmergencyDescent,Completed,False,Approved by Office Director,NA,NA,9/18/2023,18-9-2023
ANC23LA081,Accident,193100,2023-09-11,Juneau,AK,USA,NA,N4900C,AI-18062,False,Aviation,Aviation,Approved by Office Director,2024-08-30,NA,Serious,0,0,0,1,0,The student pilot’s failure to maintain altitude after the airplane encountered a downdraft while maneuvering over an area of hilly terrain.,Environmental issues - Conditions/weather/phenomena - Wind - Effect on equipment; Aircraft - Aircraft oper/perf/capability - Performance/control parameters - Not attained/maintained; Personnel issues - Task performance - Use of equip/info - Student/instructed pilot,Accident,58.59667,-135.5156,PIPER/GERBI CHARLES R,PA 18-150,Airplane,NA,NA,False,1,Reciprocating,False,Personal,091,Substantial,Visual (VMC),On File,Maneuvering,Completed,False,Approved by Office Director,NA,NA,9/11/2023,11-9-2023
ANC23LA082,Accident,193105,2023-09-17,Fairbanks,AK,USA,NA,N713C,1438,False,Aviation,Aviation,Approved by Office Director,2024-04-04,NA,None,0,0,0,0,0,"The pilot’s encounter with windshear during initial climb out, which resulted in a loss of control.",Aircraft - Aircraft oper/perf/capability - Performance/control parameters - Not attained/maintained; Environmental issues - Conditions/weather/phenomena - Wind - Effect on equipment; Environmental issues - Conditions/weather/phenomena - Wind - Effect on equipment; Personnel issues - Task performance - Use of equip/info - Pilot,Accident,67.4381,-147.7772,HELIO,H-295,Airplane,NA,NA,False,1,Reciprocating,False,Business,135,Substantial,Visual (VMC); Visual (VMC); Visual (VMC),WRIGHT AIR SERVICE INC,InitialClimb; InitialClimb; InitialClimb; InitialClimb,Completed,False,Approved by Office Director,NA,NA,9/17/2023,17-9-2023
ANC23LA083,Accident,193106,2023-09-16,McGrath,AK,USA,NA,N1755P,18-4075,False,Aviation,Aviation,Approved by Office Director,2024-06-28,NA,None,0,0,0,0,0,The pilot’s failure to maintain directional control during after encountering a wind gust during landing that resulted in an impact with terrain.,Personnel issues - Task performance - Use of equip/info - Pilot; Aircraft - Aircraft oper/perf/capability - Performance/control parameters - Not attained/maintained; Environmental issues - Conditions/weather/phenomena - Wind - Effect on equipment,Accident,62.946312,-155.52845,PIPER,PA-18-150,Airplane,NA,NA,False,1,Reciprocating,False,Personal,091,Substantial,Visual (VMC),On File,Landing; Landing,Completed,False,Approved by Office Director,NA,NA,9/16/2023,16-9-2023
ANC23LA084,Accident,193128,2023-09-20,Bethel,AK,USA,NA,N8192D,18-6130,False,Aviation,Aviation,Approved by Office Director,2024-04-04,NA,None,0,0,0,0,0,"The pilot’s excessive use of brakes during landing roll, which resulted in a nose-over.",Aircraft - Aircraft oper/perf/capability - Performance/control parameters - Incorrect use/operation; Personnel issues - Action/decision - Action - Pilot; Personnel issues - Action/decision - Action - Pilot,Accident,60.15,-160.08,PIPER,PA-18-150,Airplane,NA,NA,False,1,Reciprocating,False,Personal,091,Substantial,Visual (VMC),On File,Landing,Completed,False,Approved by Office Director,NA,NA,9/20/2023,20-9-2023
ANC23LA085,Accident,193130,2023-09-16,Johnson River,AK,USA,NA,N297SH,7429,False,Aviation,Aviation,Approved by Office Director,2024-05-03,NA,Serious,0,1,0,0,1,"The ground crew’s failure to remain clear of a tag line during sling load operations, resulting in his entanglement.",Personnel issues - Task performance - Use of equip/info - Ground crew; Environmental issues - Physical environment - Object/animal/substance - Contributed to outcome,Accident,60.15,-152.9,EUROCOPTER,AS 350 B3,Helicopter,NA,NA,False,1,Turbo shaft,False,External load,133,None,Visual (VMC),Soloy Helicopters LLC,Maneuvering,Completed,False,Approved by Office Director,NA,NA,9/16/2023,16-9-2023
ANC23LA086,Accident,193153,2023-09-24,Trimble River Valley,AK,USA,NA,N2586R,18258286,False,Aviation,Aviation,Approved by Office Director,2024-04-04,NA,None,0,0,0,0,0,"The pilot’s selection of unsuitable terrain for landing, which resulted in the left main landing gear (MLG) tire impacting a rock, resulting in the separation of the MLG wheel, and the subsequent loss of directional control.",Personnel issues - Action/decision - Info processing/decision - Pilot; Environmental issues - Physical environment - Object/animal/substance - Effect on operation; Environmental issues - Physical environment - Runway/land/takeoff/taxi surface - Decision related to condition,Accident,61.77516,-152.15263,CESSNA,182K,Airplane,NA,Trimble River,False,1,Reciprocating,False,Personal,091,Substantial,Visual (VMC); Visual (VMC),On File,Landing; Landing,Completed,False,Approved by Office Director,NA,NA,9/24/2023,24-9-2023
ANC23LA087,Accident,193194,2023-09-24,Beluga,AK,USA,NA,N169EZ,927-76,False,Aviation,Aviation,Approved by Office Director,2024-06-28,NA,None,0,0,0,0,0,The pilot’s excessive application of brakes during landing that resulted in a nose over.,Personnel issues - Action/decision - Info processing/decision - Pilot; Aircraft - Aircraft oper/perf/capability - Performance/control parameters - Capability exceeded,Accident,61.23,-152.29,BELLANCA,7GCBC,Airplane,9AK3,Nikolai Creek,False,1,Reciprocating,False,Personal,091,Substantial,Visual (VMC); Visual (VMC); Visual (VMC); Visual (VMC),On File,Landing,Completed,False,Approved by Office Director,NA,NA,9/24/2023,24-9-2023
ANC24LA001,Accident,193231,2023-10-08,Beluga,AK,USA,NA,N2129P,211622,False,Aviation,Aviation,Approved by Office Director,2024-06-28,NA,None,0,0,0,0,0,"The pilot’s loss of control after failing to determine wind direction during landing in variable, gusting wind conditions.",Personnel issues - Task performance - Use of equip/info - Pilot; Environmental issues - Conditions/weather/phenomena - Wind - Contributed to outcome; Personnel issues - Action/decision - Info processing/decision - Pilot; Environmental issues - Conditions/weather/phenomena - Wind - Contributed to outcome,Accident,61.496667,-151.90388,NATHAN A REHAK,CAW-12,Airplane,NA,NA,True,1,Reciprocating,False,Personal,091,Substantial,Unknown; Unknown,On File,Landing,Completed,False,Approved by Office Director,NA,NA,10/8/2023,8-10-2023
ANC24LA002,Accident,193357,2023-11-04,Wasilla,AK,USA,NA,N3994Z,18-7943,False,Aviation,Aviation,Approved by Office Director,2024-06-28,NA,None,0,0,0,0,0,The instructor pilot’s delayed action and over application of brakes which resulted in a nose-over.,Personnel issues - Action/decision - Action - Instructor/check pilot; Aircraft - Aircraft oper/perf/capability - Performance/control parameters - Not attained/maintained; Personnel issues - Task performance - Use of equip/info - Instructor/check pilot; Aircraft - Aircraft oper/perf/capability - Performance/control parameters - Incorrect use/operation; Personnel issues - Action/decision - Info processing/decision - Instructor/check pilot,Accident,61.572,-149.5395,PIPER,PA-18-150,Airplane,IYS,Wasilla Airport,False,1,Reciprocating,False,Instructional,091,Substantial,Visual (VMC); Visual (VMC),On File,Landing,Completed,False,Approved by Office Director,NA,NA,11/4/2023,4-11-2023
ANC24LA003,Accident,193416,2023-11-21,McCarthy,AK,USA,NA,N91393,18052063,False,Aviation,Aviation,Approved by Office Director,2024-06-28,NA,None,0,0,0,0,0,The pilot’s loss of directional control after touchdown which resulted in substantial damage to the right wing.,Aircraft - Aircraft oper/perf/capability - Performance/control parameters - Not attained/maintained; Environmental issues - Physical environment - Runway/land/takeoff/taxi surface - Contributed to outcome; Personnel issues - Task performance - Use of equip/info - Pilot,Accident,61.44,-142.9,CESSNA,180H,Airplane,15K,McCarthy,False,1,Reciprocating,False,Business,135,Substantial,Visual (VMC); Visual (VMC),On File,Landing,Completed,False,Approved by Office Director,NA,NA,11/21/2023,21-11-2023
ANC24LA004,Accident,193441,2023-11-13,Anchorage,AK,USA,NA,N8095C,22-2241,False,Aviation,Aviation,Approved by Office Director,2025-04-02,NA,Minor,0,0,0,1,0,"The loss of engine power during final approach due to fuel exhaustion, which resulted from the pilot’s inadequate preflight.",Personnel issues - Task performance - Planning/preparation - Pilot; Personnel issues - Task performance - Use of equip/info - Pilot; Aircraft - Fluids/misc hardware - Fluids - Fluid level,Accident,61.183002,-149.96158,PIPER,PA-22,Airplane,PALH,Lake Hood,False,1,Reciprocating,False,Personal,091,Substantial,Visual (VMC); Visual (VMC); Visual (VMC),On File,Approach,Completed,False,Approved by Office Director,NA,NA,11/13/2023,13-11-2023
ANC24LA006,Accident,193485,2023-11-18,Big Lake,AK,USA,NA,N853AK,6901,False,Aviation,Aviation,Approved by Office Director,2024-08-30,NA,None,0,0,0,0,0,The pilot’s selection of an unsuitable landing site that was covered in deep snow.,Personnel issues - Action/decision - Info processing/decision - Pilot; Personnel issues - Task performance - Use of equip/info - Pilot; Aircraft - Aircraft oper/perf/capability - Performance/control parameters - Not attained/maintained; Personnel issues - Action/decision - Info processing/decision - Pilot,Accident,61.534683,-149.81254,CHARLES J KASE,KASE KUB,Airplane,PAGQ,Big Lake,True,1,Reciprocating,False,Personal,091,Substantial,Visual (VMC),On File,Landing,Completed,False,Approved by Office Director,NA,NA,11/18/2023,18-11-2023
ANC24LA007,Accident,193493,2023-12-06,New Stuyahok,AK,USA,NA,N98RA; N98RA,BB439; BB439,False,Aviation,Aviation,Approved by Office Director,2024-08-30,NA,None,0,0,0,0,0,The pilot’s loss of directional control during landing flare resulting in substantial damage to the left wing.,Personnel issues - Task performance - Use of equip/info - Pilot; Personnel issues - Action/decision - Info processing/decision - Pilot,Accident,59.4525,-157.3775,BEECH; BEECH,200; 200,Airplane; Airplane,PANW,New Stuyahok,False,2,Turbo prop; Turbo prop,False,Unknown,135; 135,Substantial; Substantial,Instrument (IMC); Instrument (IMC),DENAINA AIR TAXI LLC; DENAINA AIR TAXI LLC,Landing; Landing,Completed,False,Approved by Office Director,NA,NA,12/6/2023,6-12-2023
ANC24FA008,Accident,193500,2023-12-08,Anchor Point,AK,USA,NA,N1880P,18-4160,False,Aviation,Aviation,Approved by Office Director,2026-04-29,NA,Fatal,0,0,0,2,0,"An impact to the left wing, at an undetermined time, for reasons that could not be determined, which partially separated the left wing and rendered the airplane uncontrollable.",Environmental issues - Physical environment - Object/animal/substance - Unknown/Not determined; Aircraft - Aircraft structures - Wing structure - Damaged/degraded,Accident,59.807976,-151.8341,PIPER,PA-18-150,Airplane,NA,NA,False,1,Reciprocating,False,Personal,091,Destroyed,Visual (VMC),On File,Enroute,Completed,False,Approved by Office Director,NA,NA,12/8/2023,8-12-2023
ANC24LA009,Accident,193569,2023-12-26,Palmer,AK,USA,NA,N21FY,9116,False,Aviation,Aviation,Approved by Office Director,2024-08-30,NA,Minor,0,0,0,3,0,The pilot's failure to maintain clearance from snow-covered terrain during the landing approach in flat light conditions.,Aircraft - Aircraft oper/perf/capability - Performance/control parameters - Not attained/maintained; Personnel issues - Action/decision - Info processing/decision - Pilot; Environmental issues - Conditions/weather/phenomena - Light condition - Contributed to outcome,Accident,61.252209,-148.53131,AIRBUS HELICOPTERS INC,AS350B3,Helicopter,NA,NA,False,1,Turbo shaft,False,Business,135,Substantial,Visual (VMC),Alpha Aviation LLC,Landing,Completed,False,Approved by Office Director,NA,NA,12/26/2023,26-12-2023
ANC24LA013,Accident,193797,2024-02-11,Glacier View,AK,USA,NA,N74868,11038,False,Aviation,Aviation,Approved by Office Director,2026-04-29,NA,None,0,0,0,0,0,"A sudden stoppage of the tail rotor for unknown reasons, which resulted in the tortional overload failure of the tail rotor driveshaft.",Aircraft - Aircraft propeller/rotor - Tail rotor drive system - Failure; Aircraft - Aircraft propeller/rotor - Tail rotor - Unknown/Not determined,Accident,61.661298,-147.58215,ROBINSON HELICOPTER COMPANY,R44 II,Helicopter,NONE,Ridgeline,False,1,Reciprocating,False,Business,091,Substantial,Visual (VMC),SHEEP MOUNTAIN AIR LLC,Enroute; Enroute,Completed,False,Approved by Office Director,NA,NA,2/11/2024,11-2-2024
ANC24LA014,Accident,193817,2024-02-19,Galena,AK,USA,NA,N406AK,208P,False,Aviation,Aviation,Approved by Office Director,2025-03-06,NA,None,0,0,0,0,0,A loss of engine power as a result of carburetor ice. Contributing to the outcome was the pilot’s failure to effectively use carburetor heat in conditions conducive to the formation of carburetor ice.,Environmental issues - Conditions/weather/phenomena - Temp/humidity/pressure - Effect on equipment; Personnel issues - Action/decision - Action - Pilot; Aircraft - Aircraft systems - Ice/rain protection system - Incorrect use/operation,Accident,65.1119,-158.95466,BENJAMIN PRATT,BEARHAWK PATROL,Airplane,NA,NA,True,1,Reciprocating,False,Personal,091,Substantial,Visual (VMC),On File,Enroute; Approach; Enroute; Landing; EmergencyDescent,Completed,False,Approved by Office Director,NA,NA,2/19/2024,19-2-2024
ANC24LA015,Accident,193818,2024-02-17,Trapper Creek,AK,USA,NA,N1258V,R1722154,False,Aviation,Aviation,Approved by Office Director,2024-12-02,NA,None,0,0,0,0,0,"The pilot’s exceedance of the airplane’s critical angle of attack while maneuvering at low altitude, which resulted in an aerodynamic stall; loss of airplane control; and impact with terrain.",Personnel issues - Task performance - Use of equip/info - Pilot; Aircraft - Aircraft oper/perf/capability - Performance/control parameters - Capability exceeded,Accident,62.493162,-150.76918,CESSNA,R172K,Airplane,NA,NA,False,1,Reciprocating,False,Unknown,091,Substantial,Visual (VMC),On File,Maneuvering,Completed,False,Approved by Office Director,NA,NA,2/17/2024,17-2-2024
ANC24LA018,Accident,193925,2024-03-10,Skwentna,AK,USA,NA,N7741A,32638,False,Aviation,Aviation,Approved by Office Director,2024-12-02,NA,None,0,0,0,0,0,"The pilot’s failure to maintain directional control while taxiing, which resulted in a collision with trees.",Personnel issues - Task performance - Use of equip/info - Pilot; Aircraft - Aircraft oper/perf/capability - Performance/control parameters - Not attained/maintained,Accident,61.675814,-151.38557,CESSNA,180,Airplane,1AK8,TALAHEIM,False,1,Reciprocating,False,Personal,091,Substantial,Visual (VMC),On File,Takeoff,Completed,False,Approved by Office Director,NA,NA,3/10/2024,10-3-2024
ANC23LA011,Accident,106557,2023-01-02,Kenai,AK,USA,NA,N94X,18-7858,False,Aviation,Aviation,Approved by Office Director,2023-03-30,NA,Minor,0,0,0,1,0,"The pilot's failure to maintain directional control during landing in flat light conditions,  resulting in the airplane to nose over.",Environmental issues - Conditions/weather/phenomena - Light condition - Contributed to outcome; Personnel issues - Task performance - Use of equip/info - Pilot; Aircraft - Aircraft oper/perf/capability - Performance/control parameters - Capability exceeded,Accident,60.726361,-151.29916,PIPER,PA-18-150,Airplane,AK73,McGahan Industrial,False,1,Reciprocating,False,Personal,091,Substantial,Visual (VMC),On File,Landing,Completed,False,Approved by Office Director,NA,NA,1/2/2023,2-1-2023
ANC23LA013,Accident,106592,2023-01-14,Wasilla,AK,USA,NA,N29886,2737,False,Aviation,Aviation,Approved by Office Director,2023-10-05,NA,None,0,0,0,0,0,"The pilot's failure to remove all water from the fuel tank, which resulted in fuel contamination and a subsequent partial loss of engine power.",Environmental issues - Conditions/weather/phenomena - Ceiling/visibility/precip - Effect on operation; Personnel issues - Task performance - Inspection - Pilot; Aircraft - Fluids/misc hardware - Fluids - Fluid condition,Accident,61.332529,-150.07709,TAYLORCRAFT,BL-65,Airplane,NA,NA,False,1,Reciprocating,False,Personal,091,Substantial,Visual (VMC),On File,Takeoff; Landing; Enroute; Standing; Landing,Completed,False,Approved by Office Director,NA,NA,1/14/2023,14-1-2023
ANC23LA015,Accident,106629,2023-01-16,Anchorage,AK,USA,NA,N3904M,12-2803,False,Aviation,Aviation,Approved by Office Director,2023-04-06,NA,None,0,0,0,0,0,"The pilot's selection of an unsuitable landing site, resulting in the main landing gear wheels breaking through the snow, and a subsequent nose over.",Aircraft - Aircraft oper/perf/capability - Aircraft capability - Capability exceeded; Personnel issues - Action/decision - Info processing/decision - Pilot,Accident,61.132206,-149.94506,PIPER,PA-12,Airplane,A11,Campbell Lake,False,1,Reciprocating,False,Personal,091,Substantial,Visual (VMC); Visual (VMC),On File,Landing,Completed,False,Approved by Office Director,NA,NA,1/16/2023,16-1-2023
ANC23LA018,Accident,106664,2023-01-13,Glennallen,AK,USA,NA,N5373Y,18-8140,False,Aviation,Aviation,Approved by Office Director,2023-04-27,NA,Minor,0,0,0,1,0,"The pilot’s failure to maintain airspeed during a drag maneuver, which resulted in an overrun and subsequent impact with terrain.",Aircraft - Aircraft oper/perf/capability - Performance/control parameters - Not attained/maintained; Personnel issues - Action/decision - Info processing/decision - Pilot,Accident,62.00667,-147.30638,PIPER,PA-18-180,Airplane,NA,NA,False,1,Reciprocating,False,Personal,091,Substantial,Visual (VMC),On File,Landing,Completed,False,Approved by Office Director,NA,NA,1/13/2023,13-1-2023
ANC23LA019,Accident,106690,2023-02-02,Newtok,AK,USA,NA,N9996M,207007779,False,Aviation,Aviation,Approved by Office Director,2023-04-20,NA,None,0,0,0,0,0,"The pilot’s failure to maintain directional control while landing with a crosswind on an ice-covered runway, resulting in a loss of control and subsequent impact with a snowbank. A factor was the check airman’s inadequate supervision.",Aircraft - Aircraft oper/perf/capability - Performance/control parameters - Not attained/maintained; Personnel issues - Task performance - Use of equip/info - Pilot; Environmental issues - Physical environment - Runway/land/takeoff/taxi surface - Effect on equipment; Environmental issues - Conditions/weather/phenomena - Wind - Effect on operation; Personnel issues - Action/decision - Action - Instructor/check pilot,Accident,60.93916,-164.64124,CESSNA,207,Airplane,PAEW,Newtok,False,1,Reciprocating,False,Business,135,Substantial,Visual (VMC); Visual (VMC),Yute Air Commuter,Landing,Completed,False,Approved by Office Director,NA,NA,2/2/2023,2-2-2023
ANC23LA020,Accident,106728,2023-02-09,Soldotna,AK,USA,NA,N5987H,16-615,False,Aviation,Aviation,Approved by Office Director,2023-12-14,2023-03-01,None,0,0,0,0,0,A total loss of engine power for undetermined reasons.,Not determined - Not determined - (general) - Unknown/Not determined; Aircraft - Aircraft power plant - Engine (reciprocating) - Failure,Accident,60.474864,-151.03964,PIPER,PA-16,Airplane,SXQ,Soldotna Airport,False,1,Reciprocating,False,Personal,091,Substantial,Visual (VMC),On File,Takeoff,Completed,False,Approved by Office Director,NA,NA,2/9/2023,9-2-2023
ANC23LA021,Accident,106730,2023-02-11,Tok,AK,USA,NA,N44782,32-7500002,False,Aviation,Aviation,Approved by Office Director,2023-04-06,NA,None,0,0,0,0,0,"The pilot's failure to maintain a proper approach glide path, which resulted in a hard landing, short of his anticipated touchdown point.",Aircraft - Aircraft oper/perf/capability - Performance/control parameters - Not attained/maintained; Personnel issues - Task performance - Use of equip/info - Pilot,Accident,63.330079,-142.96163,PIPER,PA-32-260,Airplane,TKJ,Tok Junction,False,1,Reciprocating,False,Personal,091,Substantial,Visual (VMC),On File,Landing; Approach,Completed,False,Approved by Office Director,NA,NA,2/11/2023,11-2-2023
ANC23LA022,Accident,106736,2023-02-14,Chugiak,AK,USA,NA,N9572G,U20601772,False,Aviation,Aviation,Approved by Office Director,2023-04-06,2023-03-01,None,0,0,0,0,0,The pilot’s failure to maintain directional control during takeoff in flat light conditions which resulted in a loss of control and impact with a snow berm.,Environmental issues - Physical environment - Runway/land/takeoff/taxi surface - Effect on personnel; Environmental issues - Conditions/weather/phenomena - Light condition - Contributed to outcome; Personnel issues - Task performance - Use of equip/info - Pilot; Aircraft - Aircraft oper/perf/capability - Performance/control parameters - Not attained/maintained,Accident,61.414737,-149.50909,CESSNA,U206F,Airplane,BCV,Birchwood Airport,False,1,Reciprocating,False,Business,135,Substantial,Visual (VMC),On File,Takeoff; Takeoff; Takeoff; Takeoff,Completed,False,Approved by Office Director,NA,NA,2/14/2023,14-2-2023
ANC23LA024,Accident,106823,2023-03-05,Anchorage,AK,USA,NA,N5688R,466-2,False,Aviation,Aviation,Approved by Office Director,2024-05-16,NA,None,0,0,0,0,0,"The pilot’s failure to maintain main rotor rpm on takeoff, which resulted in a forced run-on landing.",Aircraft - Aircraft oper/perf/capability - Performance/control parameters - Not attained/maintained; Aircraft - Aircraft oper/perf/capability - Performance/control parameters - Capability exceeded; Personnel issues - Task performance - Use of equip/info - Pilot,Accident,61.184112,-149.97584,ENSTROM,F-28C,Helicopter,LHD,Lake Hood Seaplane,False,1,Reciprocating,False,Personal,091,Substantial,Visual (VMC),On File,Takeoff; Landing,Completed,False,Approved by Office Director,NA,NA,3/5/2023,5-3-2023
ANC23LA026,Accident,106908,2023-03-07,Homer,AK,USA,NA,N9697Q,18503788,False,Aviation,Aviation,Approved by Office Director,2023-07-27,NA,None,0,0,0,0,0,"The pilot’s failure to maintain directional control of the airplane during the landing roll, which resulted in a ground loop and impact with terrain.",Personnel issues - Task performance - Use of equip/info - Pilot; Aircraft - Aircraft oper/perf/capability - Performance/control parameters - Not attained/maintained,Accident,59.642988,-151.48437,CESSNA,A185F,Airplane,HOM,Homer Airport,False,1,Reciprocating,False,Personal,091,Substantial,Visual (VMC),On File,Landing,Completed,False,Approved by Office Director,NA,NA,3/7/2023,7-3-2023
ANC23LA027,Accident,106971,2023-03-17,Minto,AK,USA,NA,N6266E,18268355,False,Aviation,Aviation,Approved by Office Director,2024-07-24,NA,None,0,0,0,0,0,A total loss of engine power for reasons that could not be determined.,Aircraft - Aircraft power plant - Engine (reciprocating) - Unknown/Not determined,Accident,65.148484,-149.36735,CESSNA,182R,Airplane,51Z,Al Wright Airport,False,1,Reciprocating,False,Personal,091,Substantial,Visual (VMC); Visual (VMC),CIVIL AIR PATROL INC,Landing; Landing,Completed,False,Approved by Office Director,NA,NA,3/17/2023,17-3-2023
ANC23LA028,Accident,107018,2023-04-04,Palmer,AK,USA,NA,N5644W,7350C,False,Aviation,Aviation,Approved by Office Director,2023-07-27,NA,None,0,0,0,0,0,"The pilot's delayed decision to execute a go-around maneuver while landing with excess airspeed into a short strip, which resulted in a runway overrun and subsequent loss of control.",Aircraft - Aircraft oper/perf/capability - Performance/control parameters - Not attained/maintained; Personnel issues - Action/decision - Info processing/decision - Pilot; Personnel issues - Task performance - Use of equip/info - Pilot,Accident,61.599631,-149.24824,MAULE,M-5-235C,Airplane,14AK,Wick Air,False,1,Reciprocating,False,Positioning,091,Substantial,Visual (VMC),On File,Landing,Completed,False,Approved by Office Director,NA,NA,4/4/2023,4-4-2023
ANC23LA029,Accident,107023,2023-04-03,Wasilla,AK,USA,NA,N4464B,26808,False,Aviation,Aviation,Approved by Office Director,2023-08-31,NA,None,0,0,0,0,0,"The pilot’s failure to maintained directional control and the instructor pilot's inadequate supervision, which resulted in a loss of control during takeoff.",Personnel issues - Task performance - Use of equip/info - Pilot; Personnel issues - Action/decision - Action - Instructor/check pilot; Environmental issues - Conditions/weather/phenomena - Wind - Contributed to outcome; Aircraft - Aircraft oper/perf/capability - Performance/control parameters - Not attained/maintained,Accident,61.570761,-149.5413,CESSNA,170,Airplane,PAWS,Wasilla Airport,False,1,Reciprocating,False,Instructional,091,Substantial,Visual (VMC); Visual (VMC),On File,Takeoff,Completed,False,Approved by Office Director,NA,NA,4/3/2023,3-4-2023
ANC23LA030,Accident,107116,2023-04-22,Soldotna,AK,USA,NA,N454FU; N454FU,1193; 1193,False,Aviation,Aviation,Approved by Office Director,2023-06-06,NA,None,0,0,0,0,0,"The pilot’s selection of an unsuitable landing site, which resulted in the main landing gear wheels breaking through the snow and the airplane nosing over.",Aircraft - Aircraft oper/perf/capability - Aircraft capability - Capability exceeded; Personnel issues - Action/decision - Info processing/decision - Pilot; Environmental issues - Physical environment - Runway/land/takeoff/taxi surface - Contributed to outcome; Personnel issues - Task performance - Use of equip/info - Pilot,Accident,60.475522,-151.04341,DEHAVILLAND; DEHAVILLAND,BEAVER DHC-2 MK.1; BEAVER DHC-2 MK.1,Airplane; Airplane,SXQ,Soldotna Airport,False,1,Reciprocating; Reciprocating,False,Personal,091; 091,Substantial; Substantial,Visual (VMC),On File; On File,Landing,Completed,False,Approved by Office Director,NA,NA,4/22/2023,22-4-2023
ANC23LA032,Accident,139291,2023-05-09,Skwentna,AK,USA,NA,N704T,10343,False,Aviation,Aviation,Approved by Office Director,2023-07-07,NA,Minor,0,0,0,2,0,"The pilot's failure to maintain adequate altitude/clearance from terrain while maneuvering in adverse weather conditions, which resulted in a dynamic rollover.",Environmental issues - Conditions/weather/phenomena - Ceiling/visibility/precip - Effect on operation; Environmental issues - Conditions/weather/phenomena - Ceiling/visibility/precip - Decision related to condition; Personnel issues - Action/decision - Info processing/decision - Pilot; Personnel issues - Action/decision - Info processing/decision - Pilot,Accident,61.774586,-151.7413,ROBINSON HELICOPTER,R44 II,Helicopter,NA,NA,False,1,Reciprocating,False,Business,135,Substantial,Unknown,Willow Creek Aviation,Maneuvering; Maneuvering; Maneuvering,Completed,False,Approved by Office Director,NA,NA,5/9/2023,9-5-2023
ANC23LA033,Accident,162754,2023-05-10,Soldotna,AK,USA,NA,N30AG,4131C,False,Aviation,Aviation,Approved by Office Director,2023-08-31,NA,None,0,0,0,0,0,The pilot’s failure to maintain directional control during the landing roll in gusting crosswind conditions.,Aircraft - Aircraft oper/perf/capability - Performance/control parameters - Not attained/maintained; Personnel issues - Task performance - Use of equip/info - Pilot; Environmental issues - Conditions/weather/phenomena - Wind - Contributed to outcome,Accident,60.474797,-151.03835,MAULE,M-7-235,Airplane,SXQ,Soldotna Airport,False,1,Reciprocating,False,Personal,091,Substantial,Visual (VMC),On File,Landing,Completed,False,Approved by Office Director,NA,NA,5/10/2023,10-5-2023
ANC23LA034,Accident,162755,2023-05-12,Sterling,AK,USA,NA,N3151,CCK-1865-0106,False,Aviation,Aviation,Approved by Office Director,2023-08-31,NA,None,0,0,0,0,0,"The pilot's inadequate preflight inspection and fuel planning, which resulted in a total loss of engine power due to fuel exhaustion.",Personnel issues - Task performance - Planning/preparation - Pilot; Aircraft - Fluids/misc hardware - Fluids - Not serviced/maintained; Personnel issues - Task performance - Inspection - Pilot; Personnel issues - Action/decision - Info processing/decision - Pilot; Personnel issues - Experience/knowledge - Experience/qualifications - Pilot,Accident,60.539931,-150.87026,DENNIS D DOWNS,CCK-1865,Airplane,NA,NA,True,1,Reciprocating,False,Personal,091,Substantial,Visual (VMC),On File,InitialClimb; Standing,Completed,False,Approved by Office Director,NA,NA,5/12/2023,12-5-2023
ANC23LA035,Accident,192217,2023-05-17,Anchorage,AK,USA,NA,N7741D,22-5419,False,Aviation,Aviation,Approved by Office Director,2023-10-20,NA,None,0,0,0,0,0,"The pilot's excessive braking during the landing roll, resulting in a nose over.",Aircraft - Aircraft oper/perf/capability - Aircraft capability - Incorrect use/operation; Environmental issues - Operating environment - Air traffic/operating proc - Contributed to outcome; Personnel issues - Task performance - Use of equip/info - Pilot,Accident,61.170133,-149.95902,PIPER,PA22,Airplane,ANC,TED STEVENS ANCHORAGE INTL,False,1,Reciprocating,False,Personal,091,Substantial,Visual (VMC),On File,Landing; Landing,Completed,False,Approved by Office Director,NA,NA,5/17/2023,17-5-2023
ANC23LA036,Accident,192218,2023-05-17,Point Thomson,AK,USA,NA,N34WM; N34WM,31-7305125; 31-7305125,False,Aviation,Aviation,Approved by Office Director,2023-10-20,NA,None,0,0,0,0,0,"The pilot’s inadvertent descent below the published minimum descent altitude, while operating in flat light conditions, which resulted in controlled flight into terrain.",Personnel issues - Psychological - Attention/monitoring - Pilot; Personnel issues - Task performance - Use of equip/info - Pilot; Aircraft - Aircraft oper/perf/capability - Performance/control parameters - Not attained/maintained; Environmental issues - Conditions/weather/phenomena - Light condition - Contributed to outcome; Environmental issues - Physical environment - Terrain - Contributed to outcome,Accident,70.136,-146.29002,PIPER; PIPER,PA31; PA31,Airplane; Airplane,37AA,POINT THOMSON AIRSTRIP,False,2,Reciprocating; Reciprocating,False,Business,135; 135,Substantial; Substantial,Instrument (IMC); Instrument (IMC); Instrument (IMC),JuniPogo LLC; JuniPogo LLC,Approach; Approach,Completed,False,Approved by Office Director,NA,NA,5/17/2023,17-5-2023
ANC23LA037,Accident,192219,2023-05-20,Hunter Creek,AK,USA,NA,N4231Z,18-8457,False,Aviation,Aviation,Approved by Office Director,2023-10-20,NA,None,0,0,0,0,0,The pilot’s loss of directional control during takeoff roll in gusting wind conditions.,Personnel issues - Task performance - Use of equip/info - Pilot; Environmental issues - Conditions/weather/phenomena - Wind - Effect on operation; Aircraft - Aircraft oper/perf/capability - Performance/control parameters - Unknown/Not determined; Aircraft - Aircraft oper/perf/capability - Aircraft capability - Capability exceeded,Accident,61.443797,-148.7007,PIPER,PA-18-150,Airplane,PAQ,Palmer Municipal,False,1,Reciprocating,False,Personal,091,Substantial,Visual (VMC),On File,Takeoff; Takeoff,Completed,False,Approved by Office Director,NA,NA,5/20/2023,20-5-2023
ANC23LA039,Accident,192272,2023-05-29,Fairbanks,AK,USA,NA,N4488Z,18-8843,False,Aviation,Aviation,Approved by Office Director,2023-10-20,NA,None,0,0,0,0,0,"The pilot’s failure to maintain directional control during landing with a quartering tailwind, which resulted in a water loop and impact with terrain.",Environmental issues - Conditions/weather/phenomena - Wind - Effect on operation; Personnel issues - Task performance - Use of equip/info - Pilot; Aircraft - Aircraft oper/perf/capability - Performance/control parameters - Not attained/maintained,Accident,64.8128,-147.9207,PIPER,PA-18-150,Airplane,2Z5,Chena River Seaplane Base,False,1,Reciprocating,False,Other work use,091,Substantial,Visual (VMC); Visual (VMC),On File,Landing; Unknown,Completed,False,Approved by Office Director,NA,NA,5/29/2023,29-5-2023
ANC23LA040,Accident,192329,2023-06-04,Anchorage,AK,USA,NA,N83330,18-7609080,False,Aviation,Aviation,Approved by Office Director,2023-08-31,NA,None,0,0,0,0,0,"The pilot's excessive braking during landing on a sand bar, which resulted in a noseover.",Personnel issues - Task performance - Use of equip/info - Pilot; Environmental issues - Physical environment - Runway/land/takeoff/taxi surface - Effect on operation; Aircraft - Aircraft systems - Landing gear system - Incorrect use/operation,Accident,61.3,-150.6,PIPER,PA-18-150,Airplane,NA,NA,False,1,Reciprocating,False,Personal,091,Substantial,Visual (VMC),On File,Landing,Completed,False,Approved by Office Director,NA,NA,6/4/2023,4-6-2023
ANC23LA041,Accident,192349,2023-05-29,McGrath,AK,USA,NA,N7712H,12-604,False,Aviation,Aviation,Approved by Office Director,2023-10-20,NA,None,0,0,0,0,0,"The pilot’s delayed decision to abort the takeoff, which resulted in a forced landing and impact with terrain.",Personnel issues - Task performance - Use of equip/info - Pilot; Personnel issues - Action/decision - Info processing/decision - Pilot; Aircraft - Aircraft oper/perf/capability - Performance/control parameters - Capability exceeded,Accident,62.323988,-154.39636,PIPER,PA-12,Airplane,NA,NA,False,1,Reciprocating,False,Personal,091,Substantial,Visual (VMC),On File,Takeoff,Completed,False,Approved by Office Director,NA,NA,5/29/2023,29-5-2023
ANC23FA042,Accident,192387,2023-06-16,Shaktoolik,AK,USA,NA,N91361,18052045,False,Aviation,Aviation,Approved by Office Director,2025-07-22,NA,Fatal,2,0,0,2,0,"The pilot’s encounter with gusting tailwind conditions during takeoff, which resulted in impact with a tree, a loss of control, and subsequent impact with terrain.",Environmental issues - Physical environment - Object/animal/substance - Effect on equipment; Personnel issues - Task performance - Use of equip/info - Pilot; Environmental issues - Conditions/weather/phenomena - Wind - Effect on equipment; Environmental issues - Physical environment - Terrain - Effect on equipment; Environmental issues - Conditions/weather/phenomena - Wind - Effect on equipment; Environmental issues - Physical environment - Terrain - Effect on equipment,Accident,64.528214,-160.08637,CESSNA,180,Airplane,NA,NA,False,1,Reciprocating,False,Business,135,Substantial,Visual (VMC),JAMES B. TWETO,InitialClimb,Completed,False,Approved by Office Director,NA,NA,6/16/2023,16-6-2023
ANC23LA043,Accident,192408,2023-06-18,Anchorage,AK,USA,NA,N5075T,237,False,Aviation,Aviation,Approved by Office Director,2023-10-26,NA,None,0,0,0,0,0,"The instructor pilot’s failure to maintain directional control of the airplane during takeoff, which resulted in a wing impacting a runway light.",Aircraft - Aircraft oper/perf/capability - Performance/control parameters - Not attained/maintained; Personnel issues - Task performance - Use of equip/info - Instructor/check pilot,Accident,61.185664,-149.96435,BUCK/CRAWFORD/CRAWFORD,CHRISTAVIA MK-1,Airplane,LHD,Lake Hood Airport,False,1,Reciprocating,False,Instructional,091,Substantial,Visual (VMC),On File,Takeoff,Completed,False,Approved by Office Director,NA,NA,6/18/2023,18-6-2023
ANC23LA044,Accident,192409,2023-06-19,Talkeetna,AK,USA,NA,N9214C,31313,False,Aviation,Aviation,Approved by Office Director,2023-10-26,NA,None,0,0,0,0,0,"A loss of directional control, while landing, due to a flat main landing gear tire.",Aircraft - Aircraft oper/perf/capability - Performance/control parameters - Not attained/maintained; Aircraft - Aircraft systems - Landing gear system - Damaged/degraded,Accident,62.319844,-150.09445,CESSNA,180,Airplane,TKA,Talkeetna Airport,False,1,Reciprocating,False,Personal,091,Substantial,Visual (VMC); Visual (VMC),On File,Landing,Completed,False,Approved by Office Director,NA,NA,6/19/2023,19-6-2023
ANC23FA045,Accident,192496,2023-07-02,Old Harbor,AK,USA,NA,N1132Q,32-7740046,False,Aviation,Aviation,Approved by Office Director,2025-04-02,NA,Fatal,0,0,0,5,0,The pilot’s failure to maintain clearance from rising terrain. Contributing to the accident was the pilot’s delayed decision to turn away from the terrain.,Aircraft - Aircraft oper/perf/capability - Aircraft capability - Capability exceeded; Personnel issues - Action/decision - Info processing/decision - Pilot; Personnel issues - Action/decision - Info processing/decision - Pilot; Personnel issues - Action/decision - Info processing/decision - Pilot; Personnel issues - Task performance - Use of equip/info - Pilot,Accident,57.240995,-153.17977,PIPER,PA-32-300,Airplane,NA,NA,False,1,Reciprocating,False,Business,135,Substantial,Visual (VMC),Vertigo Air Taxi,Maneuvering,Completed,False,Approved by Office Director,NA,NA,7/2/2023,2-7-2023
ANC23LA046,Accident,192552,2023-07-02,Talkeetna,AK,USA,NA,N3321B,22-2136,False,Aviation,Aviation,Approved by Office Director,2023-12-07,NA,None,0,0,0,0,0,"The pilot’s encounter with a downdraft while maneuvering low-level, which resulted in a collision with terrain.",Personnel issues - Action/decision - Info processing/decision - Pilot; Personnel issues - Task performance - Use of equip/info - Pilot; Personnel issues - Action/decision - Info processing/decision - Pilot; Environmental issues - Conditions/weather/phenomena - Wind - Effect on equipment,Accident,62.29196,-150.11253,PIPER,PA-22,Airplane,NA,NA,False,1,Reciprocating,False,Personal,091,Substantial,Visual (VMC),On File,Maneuvering; Maneuvering,Completed,False,Approved by Office Director,NA,NA,7/2/2023,2-7-2023
ANC23LA047,Accident,192578,2023-07-05,Kusatan,AK,USA,NA,N51592,6023C,False,Aviation,Aviation,Approved by Office Director,2023-10-26,NA,None,0,0,0,0,0,"The pilot's selection of unsuitable terrain for landing, which resulted in a bounced landing and an encounter with soft terrain, and a nose over.",Personnel issues - Action/decision - Info processing/decision - Pilot; Environmental issues - Physical environment - Terrain - Contributed to outcome,Accident,61.061,-152.0305,MAULE,M-5-210C,Airplane,NONE,McArthur River Gravel Bar,False,1,Reciprocating,False,Personal,091,Substantial,Visual (VMC); Visual (VMC),On File,Landing,Completed,False,Approved by Office Director,NA,NA,7/5/2023,5-7-2023
ANC23LA048,Accident,192637,2023-07-01,Prospect Creek,AK,USA,NA,N40661,2173C,False,Aviation,Aviation,Approved by Office Director,2023-12-07,NA,None,0,0,0,0,0,"The pilot’s exceedance of the airplane’s critical angle of attack on climbout, which resulted in a loss of control and impact with trees.",Aircraft - Aircraft oper/perf/capability - Performance/control parameters - Attain/maintain not possible; Aircraft - Aircraft oper/perf/capability - Performance/control parameters - Capability exceeded; Personnel issues - Action/decision - Info processing/decision - Pilot; Personnel issues - Task performance - Use of equip/info - Pilot; Aircraft - Aircraft oper/perf/capability - Performance/control parameters - Not attained/maintained,Accident,66.56,-150.81,MAULE,M-4-210C,Airplane,NA,NA,False,1,Reciprocating,False,Personal,091,Substantial,Visual (VMC); Visual (VMC),On File,Maneuvering; Maneuvering; Maneuvering,Completed,False,Approved by Office Director,NA,NA,7/1/2023,1-7-2023
ANC23LA049,Accident,192638,2023-07-01,Beluga,AK,USA,NA,N15XX,18-811,False,Aviation,Aviation,Approved by Office Director,2024-01-25,NA,None,0,0,0,0,0,"The pilot's selection of an unsuitable takeoff site, resulting in a collision with brush-covered terrain.",Personnel issues - Action/decision - Info processing/decision - Pilot; Environmental issues - Physical environment - Object/animal/substance - Effect on equipment,Accident,60.971564,-151.80398,PIPER,PA-18,Airplane,NA,NA,False,1,Reciprocating,False,Personal,091,Substantial,Visual (VMC); Visual (VMC),On File,Takeoff,Completed,False,Approved by Office Director,NA,NA,7/1/2023,1-7-2023
ANC23LA050,Accident,192639,2023-07-13,Matanuska Glacier,AK,USA,NA,N460JC,2343,False,Aviation,Aviation,Approved by Office Director,2024-02-01,NA,None,0,0,0,0,0,The airplane’s encounter with downdrafts resulting in decreased performance insufficient to outclimb rising terrain.,Aircraft - Aircraft oper/perf/capability - Performance/control parameters - Not attained/maintained; Personnel issues - Task performance - Planning/preparation - Pilot; Environmental issues - Conditions/weather/phenomena - Wind - Contributed to outcome; Personnel issues - Action/decision - Info processing/decision - Pilot,Accident,61.589432,-147.47834,AVIAT AIRCRAFT INC,A-1B,Airplane,NA,Scandinavian Peaks Hut Airstrip,False,1,Reciprocating,False,Personal,091,Substantial,Visual (VMC),On File,InitialClimb; InitialClimb; InitialClimb,Completed,False,Approved by Office Director,NA,NA,7/13/2023,13-7-2023
ANC23LA051,Accident,192643,2023-07-13,Ninilchik,AK,USA,NA,N97719,108-719,False,Aviation,Aviation,Approved by Office Director,2024-08-21,NA,None,0,0,0,0,0,A partial loss of engine power due to failure of the No. 1 cylinder intake valve head.,Aircraft - Aircraft power plant - Engine (reciprocating) - Failure,Accident,60.033611,-151.65077,STINSON,108,Airplane,NIN,NINILCHIK,False,1,Reciprocating,False,Personal,091,Substantial,Visual (VMC),On File,EmergencyDescent; Landing; Enroute,Completed,False,Approved by Office Director,NA,NA,7/13/2023,13-7-2023
ANC23LA052,Accident,192644,2023-07-12,McCarthy,AK,USA,NA,N814DW,34,False,Aviation,Aviation,Approved by Office Director,2024-05-15,NA,None,0,0,0,0,0,"A failure of the right brake caliper bolts during landing, which resulted in a runway excursion and subsequent impact with terrain.",Aircraft - Aircraft systems - Landing gear system - Failure,Accident,61.442003,-142.89609,DEHAVILLAND,DHC-2,Airplane,NA,NA,False,1,Reciprocating,False,NA,135,Substantial,Visual (VMC),WRANGELL MOUNTAIN AIR INC,Landing; Landing; Landing,Completed,False,Approved by Office Director,NA,NA,7/12/2023,12-7-2023
ANC23LA053,Accident,192670,2023-07-13,Ninilchik,AK,USA,NA,N83391,7AC2058,False,Aviation,Aviation,Approved by Office Director,2024-05-16,NA,None,0,0,0,0,0,"A total loss of engine power due to a shift of a crankshaft main bearing, which resulted in a lack of lubrication and subsequent overheating and failure of the engine crankshaft.",Aircraft - Aircraft power plant - Engine (reciprocating) - Damaged/degraded; Aircraft - Aircraft power plant - Engine (reciprocating) - Damaged/degraded,Accident,60.037204,-151.63662,AERONCA,7DC,Airplane,PASX,Soldotna,False,1,Reciprocating,False,Personal,091,Substantial,Visual (VMC); Visual (VMC),On File,Enroute; Landing; Landing,Completed,False,Approved by Office Director,NA,NA,7/13/2023,13-7-2023
ANC23LA054,Accident,192671,2023-07-13,Twin Hills,AK,USA,NA,N302BL,613,False,Aviation,Aviation,Approved by Office Director,2025-08-20,NA,Serious,0,0,0,4,0,The pilot’s loss of control during initial climb for reasons that could not be determined.,Aircraft - Aircraft oper/perf/capability - Performance/control parameters - Unknown/Not determined,Accident,58.926762,-160.17477,DEHAVILLAND,DHC-2 MK. I(L20A),Airplane,NA,NA,False,1,Reciprocating,False,Other work use,091,Substantial,Visual (VMC); Visual (VMC); Visual (VMC),Bristol Bay Lodge,InitialClimb; InitialClimb,Completed,False,Approved by Office Director,NA,NA,7/13/2023,13-7-2023
ANC23LA055,Accident,192672,2023-07-13,Palmer,AK,USA,NA,N37WP,18-756,False,Aviation,Aviation,Approved by Office Director,2024-02-01,NA,Minor,0,0,0,1,0,"The student pilot’s inadvertent application of the brakes, which resulted in the airplane nosing over.",Personnel issues - Task performance - Use of equip/info - Student/instructed pilot; Personnel issues - Action/decision - Info processing/decision - Student/instructed pilot; Aircraft - Aircraft oper/perf/capability - Performance/control parameters - Incorrect use/operation,Accident,61.531489,-148.66972,PIPER,PA-18,Airplane,NA,NA,False,1,Reciprocating,False,Instructional,091,Substantial,Visual (VMC); Visual (VMC); Visual (VMC),On File,Takeoff,Completed,False,Approved by Office Director,NA,NA,7/13/2023,13-7-2023
ANC22LA040,Accident,105232,2022-06-08,Kodiak,AK,USA,NA,N592KB,U20601770,False,Aviation,Aviation,Approved by Office Director,2023-08-23,NA,None,0,0,0,0,0,The failure of the right main landing gear leg due to fatigue cracks that initiated from corrosion pitting.,Aircraft - Aircraft systems - Landing gear system - Fatigue/wear/corrosion,Accident,58.45173,-154.0743,CESSNA,U206F,Airplane,NA,NA,False,1,Reciprocating,False,Aerial observation,135,Substantial,Visual (VMC),K Bay Air LLC,Landing,Completed,False,Approved by Office Director,NA,NA,6/8/2022,8-6-2022
ANC22LA042,Accident,105265,2022-06-08,Chisana,AK,USA,NA,N731E; N731E,SH-1853; SH-1853,False,Aviation,Aviation,Approved by Office Director,2023-04-20,NA,None,0,0,0,0,0,"The pilot’s selection of an unsuitable landing site, which resulted in the nosewheel collapsing.",Personnel issues - Action/decision - Info processing/decision - Pilot; Environmental issues - Physical environment - Terrain - Contributed to outcome,Accident,62.062794,-142.07527,SHORT BROS. & HARLAND; SHORT BROS. & HARLAND,SC7 ; SC7,Airplane; Airplane,CZN,Chisana Airport,False,2,Turbo prop; Turbo prop,False,Business,135; 135,Substantial; Substantial,Visual (VMC),Viking Air LLC; Viking Air LLC,Landing,Completed,False,Approved by Office Director,NA,NA,6/8/2022,8-6-2022
ANC22LA043,Accident,105295,2022-06-11,Wasilla,AK,USA,NA,N907GP,001,False,Aviation,Aviation,Approved by Office Director,2022-11-01,NA,Minor,0,0,0,2,0,"The pilot's overapplication of brakes during landing, which resulted in a nose-over.
",Personnel issues - Action/decision - Info processing/decision - Pilot,Accident,61.65196,-149.38052,PEPPERD GREG J,CARIBOU CRUISER,Airplane,NA,NA,False,1,Reciprocating,False,Instructional,091,Substantial,Visual (VMC),On File,Landing,Completed,False,Approved by Office Director,NA,NA,6/11/2022,11-6-2022
ANC22LA044,Accident,105296,2022-06-09,Anchorage,AK,USA,NA,N9209H,18267927,False,Aviation,Aviation,Approved by Office Director,2022-09-01,NA,None,0,0,0,0,0,"The pilot’s improper landing flare which resulted in a hard landing. 
",Personnel issues - Action/decision - Info processing/decision - Pilot,Accident,61.250719,-149.82003,CESSNA,182R,Airplane,PAED,Elmendorf Air Force Base,False,1,Reciprocating,False,Personal,091,Substantial,Visual (VMC); Visual (VMC),UNITED STATES AIR FORCE OWNER,Landing,Completed,False,Approved by Office Director,NA,NA,6/9/2022,9-6-2022
ANC22FA047,Accident,105359,2022-06-27,Clear,AK,USA,NA,N9970F,60-3568,False,Aviation,Aviation,Approved by Office Director,2024-07-05,NA,Fatal,0,0,0,1,0,A loss of control for reasons that could not be determined based on the available information.,Aircraft - Aircraft oper/perf/capability - Performance/control parameters - Unknown/Not determined; Not determined - Not determined - (general) - Unknown/Not determined,Accident,64.301207,-149.11473,BELL,UH1B,Helicopter,Z84,CLEAR,False,1,Turbo shaft,False,Firefighting,133,Destroyed,Visual (VMC),NORTHERN PIONEER HELICOPTERS LLC,Takeoff,Completed,False,Approved by Office Director,NA,NA,6/27/2022,27-6-2022
ANC22LA048,Accident,105388,2022-06-26,Elfin Cove,AK,USA,NA,N265KP,20800375,False,Aviation,Aviation,Approved by Office Director,2022-12-02,NA,None,0,0,0,0,0,"The pilot’s failure to maintain directional control during takeoff which resulted in an impact with terrain. Contributing to the accident was the pilot’s momentary distraction from conflicting boat traffic. 
",Personnel issues - Task performance - Use of equip/info - Pilot; Aircraft - Aircraft oper/perf/capability - Performance/control parameters - Not attained/maintained,Accident,58.127212,-136.31496,CESSNA,208,Airplane,ELV,ELFIN COVE,False,1,Turbo prop,True,NA,135,Substantial,Visual (VMC),KALININ PARTNERS LLC,Takeoff,Completed,False,Approved by Office Director,NA,NA,6/26/2022,26-6-2022
ANC22LA049,Accident,105390,2022-06-20,Palmer,AK,USA,NA,N7048K,20-155,False,Aviation,Aviation,Approved by Office Director,2022-09-08,2022-06-30,None,0,0,0,0,0,"The loss of engine power due to carburetor icing and the pilot’s failure to utilize carburetor heat.
",Environmental issues - Conditions/weather/phenomena - Temp/humidity/pressure - Effect on equipment; Aircraft - Aircraft systems - Ice/rain protection system - Not used/operated; Personnel issues - Action/decision - Action - Pilot,Accident,61.47,-148.83,PIPER,PA-20,Airplane,NA,NA,False,1,Reciprocating,False,Personal,091,Substantial,Visual (VMC); Visual (VMC),On File,Takeoff,Completed,False,Approved by Office Director,NA,NA,6/20/2022,20-6-2022
ANC22LA050,Accident,105392,2022-06-26,Kokhanok,AK,USA,NA,N600NL,857,False,Aviation,Aviation,Approved by Office Director,2022-11-01,NA,None,0,0,0,0,0,"The pilot’s failure to maintain directional control during takeoff in gusting wind conditions which resulted in a loss of control and impact with the water.
",Environmental issues - Conditions/weather/phenomena - Wind - Effect on operation; Aircraft - Aircraft oper/perf/capability - Performance/control parameters - Not attained/maintained; Personnel issues - Task performance - Use of equip/info - Pilot,Accident,59.439361,-154.7681,DEHAVILLAND,BEAVER U-6A,Airplane,PVT,Private,False,1,Reciprocating,False,Business,091,Substantial,Visual (VMC),NEWHALEN LODGE INC,Takeoff,Completed,False,Approved by Office Director,NA,NA,6/26/2022,26-6-2022
ANC22LA051,Accident,105393,2022-06-24,Palmer,AK,USA,NA,N3085G,91,False,Aviation,Aviation,Approved by Office Director,2022-12-02,NA,None,0,0,0,0,0,"The pilot’s inadequate compensation for the gusting wind conditions with resulted in a loss of control and impact with terrain.
",Aircraft - Aircraft oper/perf/capability - Performance/control parameters - Not attained/maintained; Personnel issues - Task performance - Use of equip/info - Pilot; Environmental issues - Conditions/weather/phenomena - Wind - Effect on operation,Accident,62.18,-148.38,CHAMPION,7GCBC,Airplane,PVT,Private,False,1,Reciprocating,False,Personal,091,Substantial,Visual (VMC); Visual (VMC),On File,Approach,Completed,False,Approved by Office Director,NA,NA,6/24/2022,24-6-2022
ANC22LA052,Accident,105435,2022-07-06,Cordova,AK,USA,NA,N2588P,18-4332,False,Aviation,Aviation,Approved by Office Director,2022-12-02,NA,None,0,0,0,0,0,"The pilot’s exceedance of the airplane’s critical angle of attack while maneuvering for landing, which resulted in an aerodynamic stall and impact with terrain. 
",Personnel issues - Task performance - Use of equip/info - Pilot; Aircraft - Aircraft oper/perf/capability - Performance/control parameters - Capability exceeded,Accident,60.04746,-147.36492,PIPER,PA-18-150,Airplane,NA,NA,False,1,Reciprocating,False,Personal,091,Substantial,Visual (VMC),OKONEK KELLIE L,Landing,Completed,False,Approved by Office Director,NA,NA,7/6/2022,6-7-2022
ANC22FA053,Accident,105476,2022-07-12,Valdez,AK,USA,NA,N4340C,7EC-356,False,Aviation,Aviation,Approved by Office Director,2024-01-31,2022-07-18,Fatal,0,0,0,1,0,The pilot’s decision to continue visual flight rules flight into instrument meteorological conditions which resulted in loss of control and collision with terrain.,Environmental issues - Conditions/weather/phenomena - Ceiling/visibility/precip - Decision related to condition; Personnel issues - Experience/knowledge - Experience/qualifications - Pilot,Accident,61.133798,-145.73117,CHAMPION,7EC,Airplane,NA,NA,False,1,Reciprocating,False,Personal,091,Destroyed,Visual (VMC),On File,Enroute,Completed,False,Approved by Office Director,NA,NA,7/12/2022,12-7-2022
ANC22LA054,Accident,105498,2022-07-06,McGrath,AK,USA,NA,N8754X,18253154,False,Aviation,Aviation,Approved by Office Director,2023-03-30,NA,None,0,0,0,0,0,A nose landing gear collapse during landing for reasons that could not be determined based on the available information.,Not determined - Not determined - (general) - Unknown/Not determined; Aircraft - Aircraft systems - Landing gear system - Unknown/Not determined,Accident,62.952784,-155.60704,CESSNA,182D,Airplane,PAMC,McGrath Airport,False,1,Reciprocating,False,Personal,091,Substantial,Visual (VMC),Thomas C Coyle,Landing; Landing,Completed,False,Approved by Office Director,NA,NA,7/6/2022,6-7-2022
ANC22LA056,Accident,105523,2022-07-15,Bettles,AK,USA,NA,N4040W,1147,False,Aviation,Aviation,Approved by Office Director,2023-02-09,NA,None,0,0,0,0,0,The pilot's failure to maintain control of the airplane during taxi operations on a riverbank with shallow water.,Personnel issues - Task performance - Use of equip/info - Pilot; Personnel issues - Psychological - Attention/monitoring - Pilot,Accident,66.91541,-151.52498,DEHAVILLAND,BEAVER DHC-2 MK.1,Airplane,NA,NA,False,1,Reciprocating,False,Business,135,Substantial,Visual (VMC); Visual (VMC),JESPERSEN AIRCRAFT SERVICES INC,Landing,Completed,False,Approved by Office Director,NA,NA,7/15/2022,15-7-2022
ANC22LA057,Accident,105524,2022-07-15,Lake Louise,AK,USA,NA,N3980T,F-122,False,Aviation,Aviation,Approved by Office Director,2023-02-09,NA,None,0,0,0,0,0,"The pilot's failure to maintain a proper glide path, which resulted in a hard landing short of the airstrip.",Aircraft - Aircraft oper/perf/capability - Performance/control parameters - Not attained/maintained; Personnel issues - Psychological - Perception/orientation/illusion - Pilot,Accident,62.538825,-147.59892,TAYLORCRAFT AVIATION CORP,F19,Airplane,NA,NA,False,1,Reciprocating,False,Personal,091,Substantial,Visual (VMC),On File,Landing,Completed,False,Approved by Office Director,NA,NA,7/15/2022,15-7-2022
ANC22LA058,Accident,105526,2022-07-15,Port Alsworth,AK,USA,NA,N14LD,18-4450,False,Aviation,Aviation,Approved by Office Director,2022-12-02,NA,None,0,0,0,0,0,"The pilot’s excessive use of brakes which resulted in a nose-over. 
",Personnel issues - Task performance - Use of equip/info - Pilot; Aircraft - Aircraft systems - Landing gear system - Incorrect use/operation; Aircraft - Aircraft oper/perf/capability - Performance/control parameters - Incorrect use/operation,Accident,59.913512,-154.2461,PIPER,PA-18-150,Airplane,PVT,Private,False,1,Reciprocating,False,Business,135,Substantial,Visual (VMC); Visual (VMC),COPPER MOUNTAIN AVIATION LLC,Landing,Completed,False,Approved by Office Director,NA,NA,7/15/2022,15-7-2022
ANC22LA059,Accident,105533,2022-07-01,Beluga,AK,USA,NA,N73AK,05004,False,Aviation,Aviation,Approved by Office Director,2022-12-02,NA,None,0,0,0,0,0,"The pilot’s loss of control during the landing roll. 
",Personnel issues - Task performance - Use of equip/info - Pilot,Accident,61.179709,-151.16119,KAKELDEY RONALD O,SMITH PA12 EXP,Airplane,NA,NA,False,1,Reciprocating,False,Personal,091,Substantial,Visual (VMC),KRUGER JON N,Landing,Completed,False,Approved by Office Director,NA,NA,7/1/2022,1-7-2022
ANC22LA060,Accident,105591,2022-07-15,Kenai,AK,USA,NA,N2005Z,F-1018,False,Aviation,Aviation,Approved by Office Director,2022-12-02,NA,None,0,0,0,0,0,"The pilot’s failure to maintain adequate distance from a tree while landing. 
",Personnel issues - Psychological - Attention/monitoring - Pilot; Environmental issues - Physical environment - Object/animal/substance - Effect on equipment,Accident,60.151142,-152.57982,TAYLORCRAFT AVIATION CORP.,F21,Airplane,PVT,Private,False,1,Reciprocating,False,Personal,091,Substantial,Visual (VMC),On File,Landing,Completed,False,Approved by Office Director,NA,NA,7/15/2022,15-7-2022
ANC22LA061,Accident,105597,2022-07-26,Aniak,AK,USA,NA,N4743T,1008,False,Aviation,Aviation,Approved by Office Director,2022-12-02,NA,None,0,0,0,0,0,"The pilot’s selection of unsuitable terrain for landing which resulted in a nose-over.
",Personnel issues - Action/decision - Info processing/decision - Pilot; Environmental issues - Physical environment - Runway/land/takeoff/taxi surface - Awareness of condition,Accident,61.043611,-158.33416,MAULE,M-4-210,Airplane,PVT,Private,False,1,Reciprocating,False,Personal,091,Substantial,Visual (VMC),On File,Landing,Completed,False,Approved by Office Director,NA,NA,7/26/2022,26-7-2022
ANC22LA062,Accident,105601,2022-07-28,Anchorage,AK,USA,NA,N6165V,818,False,Aviation,Aviation,Approved by Office Director,2022-12-02,NA,None,0,0,0,0,0,"The pilot’s failure to maintain directional control during the landing rollout in crosswind conditions, which resulted in a runway excursion and impact with equipment.",Aircraft - Aircraft oper/perf/capability - Performance/control parameters - Not attained/maintained; Environmental issues - Conditions/weather/phenomena - Wind - Response/compensation; Personnel issues - Task performance - Use of equip/info - Pilot,Accident,61.215943,-149.84172,CONSOLIDATED AERONAUTICS INC.,LAKE LA-4-200,Airplane,MRI,MERRILL FLD,False,1,Reciprocating,False,Personal,091,Substantial,Visual (VMC),On File,Landing,Completed,False,Approved by Office Director,NA,NA,7/28/2022,28-7-2022
ANC22LA063,Accident,105639,2022-07-26,Anchorage,AK,USA,NA,N9776R,1126,False,Aviation,Aviation,Approved by Office Director,2022-12-02,NA,Serious,0,0,0,6,0,"The pilot’s failure to maintain directional control during takeoff in gusting wind conditions which resulted in the wing exceeding its critical angle of attack, a loss of control and impact with the water.
",Aircraft - Aircraft oper/perf/capability - Performance/control parameters - Not attained/maintained; Aircraft - Aircraft oper/perf/capability - Performance/control parameters - Not attained/maintained; Environmental issues - Conditions/weather/phenomena - Wind - Response/compensation; Personnel issues - Task performance - Use of equip/info - Pilot,Accident,61.179673,-149.96348,DE HAVILLAND,DHC2,Airplane,LHD,LAKE HOOD,False,1,Reciprocating,False,Aerial observation,135,Substantial,Visual (VMC); Visual (VMC); Visual (VMC); Visual (VMC); Visual (VMC),Alaska Skyways Inc,InitialClimb,Completed,False,Approved by Office Director,NA,NA,7/26/2022,26-7-2022
ANC22LA064,Accident,105645,2022-07-27,Soldotna,AK,USA,NA,N58SQ,2009,False,Aviation,Aviation,Approved by Office Director,2023-10-19,NA,Serious,0,0,0,1,0,"A total loss of engine power due to carburetor icing, which resulted from the pilot's failure to use carburetor heat while operating in conditions conducive to the formation of carburetor ice.",Personnel issues - Action/decision - Info processing/decision - Pilot; Personnel issues - Action/decision - Action - Pilot; Aircraft - Aircraft systems - Ice/rain protection system - Not used/operated; Environmental issues - Conditions/weather/phenomena - Temp/humidity/pressure - Effect on equipment,Accident,60.165006,-150.3927,5 RIVERS LLC,SQ-2,Airplane,NA,NA,True,1,Reciprocating,False,Personal,091,Substantial,Visual (VMC),On File,Enroute,Completed,False,Approved by Office Director,NA,NA,7/27/2022,27-7-2022
WPR22LA288,Accident,105653,2022-07-28,McCarthy,AK,USA,NA,N82735,18-7709183,False,Aviation,Aviation,Approved by Office Director,2022-12-02,NA,None,0,0,0,0,0,The pilot’s improper decision to takeoff from an unimproved airstrip with a high density altitude which degraded its climb performance and led to a collision with vegetation off the end of the airstrip.,Aircraft - Aircraft oper/perf/capability - Performance/control parameters - Not attained/maintained; Personnel issues - Action/decision - Info processing/decision - Pilot; Environmental issues - Physical environment - Terrain - Effect on operation; Environmental issues - Conditions/weather/phenomena - Temp/humidity/pressure - Effect on equipment,Accident,61.200608,-142.26552,PIPER,PA-18-150,Airplane,NA,NA,False,1,Reciprocating,False,Public aircraft - state,PUBU,Substantial,Visual (VMC),STATE OF ALASKA,Takeoff,Completed,False,Approved by Office Director,NA,NA,7/28/2022,28-7-2022
WPR22LA289,Accident,105657,2022-07-29,Fairbank's,AK,USA,NA,N4493B,26837,False,Aviation,Aviation,Approved by Office Director,2022-12-08,NA,None,0,0,0,0,0,The student pilot's failure to maintain directional control during the takeoff roll.,Personnel issues - Task performance - Use of equip/info - Student/instructed pilot; Aircraft - Aircraft oper/perf/capability - Performance/control parameters - Not attained/maintained,Accident,64.815354,-147.85665,CESSNA,170B,Airplane,PAFA,Fairbanks International Airport,False,1,Reciprocating,False,Personal,091,Substantial,Visual (VMC),On File,Takeoff,Completed,False,Approved by Office Director,NA,NA,7/29/2022,29-7-2022
ERA22LA358,Accident,105670,2022-07-28,Dillingham,AK,USA,NA,N6908M,20700672,False,Aviation,Aviation,Approved by Office Director,2024-01-04,NA,None,0,0,0,0,0,"Maintenance personnel’s failure to detect and correct improper rudder control system alignment, the resulting interference with the pulley’s rotation, and the accelerated corrosion and wear of the control cable, which ultimately led to its failure in flight.",Personnel issues - Task performance - Maintenance - Maintenance personnel; Aircraft - Aircraft systems - Flight control system - Fatigue/wear/corrosion,Accident,59.044667,-158.5055,CESSNA,207,Airplane,DLG,Dilingham,False,1,Reciprocating,True,NA,135,Substantial,Visual (VMC); Visual (VMC),GRANT AVIATION INC,Enroute,Completed,False,Approved by Office Director,NA,NA,7/28/2022,28-7-2022
CEN22LA372,Accident,105695,2022-07-28,Talkeetna,AK,USA,NA,N320KT,73,False,Aviation,Aviation,Approved by Office Director,2022-10-06,NA,None,0,0,0,0,0,"The pilot's failure to maintain directional control during the landing roll which resulted in a runway excursion and collision with a ditch. 
",Environmental issues - Physical environment - Terrain - Contributed to outcome; Aircraft - Aircraft oper/perf/capability - Performance/control parameters - Not attained/maintained; Personnel issues - Task performance - Use of equip/info - Pilot,Accident,62.321775,-150.092,DEHAVILLAND,DHC-3,Airplane,PATK,TALKEETNA,False,1,Turbo prop,False,NA,135,Substantial,Visual (VMC),"Rust's Flying Service, INC",Landing,Completed,False,Approved by Office Director,NA,NA,7/28/2022,28-7-2022
CEN22LA373,Accident,105696,2022-08-04,Cantwell,AK,USA,NA,N9211T,50711,False,Aviation,Aviation,Approved by Office Director,2022-10-06,NA,None,0,0,0,0,0,"The pilot's excessive brake application during the landing roll that resulted in a nose over.
",Environmental issues - Physical environment - Terrain - Effect on equipment; Personnel issues - Experience/knowledge - Knowledge - Pilot; Aircraft - Aircraft oper/perf/capability - Aircraft capability - Capability exceeded,Accident,63.14675,-149.13356,CESSNA,180C,Airplane,N/A,No ID,False,1,Reciprocating,False,Personal,091,Substantial,Visual (VMC); Visual (VMC); Visual (VMC),On File,Landing; Landing,Completed,False,Approved by Office Director,NA,NA,8/4/2022,4-8-2022
CEN22LA374,Accident,105697,2022-07-27,Kenai,AK,USA,NA,N4210Z,18-8429,False,Aviation,Aviation,Approved by Office Director,2022-11-03,NA,None,0,0,0,0,0,"The pilot’s failure to maintain proper approach glide path, which resulted in a collision with a berm.
",Aircraft - Aircraft oper/perf/capability - Performance/control parameters - Not attained/maintained; Environmental issues - Physical environment - Terrain - Response/compensation; Personnel issues - Action/decision - Info processing/decision - Pilot,Accident,61.38,-152.69,PIPER,PA-18-150,Airplane,N/A,N/A,False,1,Reciprocating,False,Personal,091,Substantial,Visual (VMC); Visual (VMC),On File,Approach,Completed,False,Approved by Office Director,NA,NA,7/27/2022,27-7-2022
CEN22LA380,Accident,105715,2022-08-07,McCarthy,AK,USA,NA,N171Q,28197,False,Aviation,Aviation,Approved by Office Director,2022-12-08,NA,None,0,0,0,0,0,"The pilot’s failure to maintain control of the airplane during takeoff in turbulent weather conditions.  
",Environmental issues - Conditions/weather/phenomena - Turbulence - Effect on operation; Personnel issues - Task performance - Use of equip/info - Pilot; Aircraft - Aircraft oper/perf/capability - Performance/control parameters - Attain/maintain not possible,Accident,61.976369,-141.57128,CESSNA,172,Airplane,NA,NA,False,1,Reciprocating,False,Personal,091,Substantial,Visual (VMC),On File,UncontrolledDescent; InitialClimb,Completed,False,Approved by Office Director,NA,NA,8/7/2022,7-8-2022
CEN22LA381,Accident,105716,2022-08-02,Port Alsworth,AK,USA,NA,N317AK,31-7752145,False,Aviation,Aviation,Approved by Office Director,2023-02-23,NA,None,0,0,0,0,0,"A hard landing that occurred at an unknown time and date, which resulted in substantial damage.",Personnel issues - Task performance - Use of equip/info - Pilot; Aircraft - Aircraft oper/perf/capability - Performance/control parameters - Not attained/maintained,Accident,60.1191,-154.1938,PIPER,PA31,Airplane,05K,Port Alsworth Airport,False,2,Reciprocating,False,Unknown,091,Substantial,Visual (VMC); Visual (VMC); Visual (VMC),On File,Landing,Completed,False,Approved by Office Director,NA,NA,8/2/2022,2-8-2022
WPR22LA299,Accident,105721,2022-08-11,Palmer,AK,USA,NA,N987WH,10551,False,Aviation,Aviation,Approved by Office Director,2022-09-23,NA,Minor,0,0,0,1,0,"The pilot’s failure to maintain lateral control during an off-field landing, which resulted in loss of control and an impact with terrain.
",Aircraft - Aircraft oper/perf/capability - Performance/control parameters - Not attained/maintained; Personnel issues - Task performance - Use of equip/info - Pilot,Accident,61.438207,-148.74734,ROBINSON HELICOPTER COMPANY,R44 II,Helicopter,NA,NA,False,1,Reciprocating,False,Personal,091,Substantial,Visual (VMC),On File,Landing,Completed,False,Approved by Office Director,NA,NA,8/11/2022,11-8-2022
WPR22LA300,Accident,105722,2022-08-10,Manley Hot Springs,AK,USA,NA,N8486D,E693,False,Aviation,Aviation,Approved by Office Director,2022-12-08,NA,None,0,0,0,0,0,"The pilot’s unstable approach to land, which resulted in a hard landing.",Aircraft - Aircraft oper/perf/capability - Performance/control parameters - Not attained/maintained; Personnel issues - Task performance - Use of equip/info - Pilot,Accident,64.640833,-151.804,HOFFMAN DAVID J,MURPHY ELITE,Airplane,NA,NA,True,1,Reciprocating,False,Personal,091,Substantial,Visual (VMC),On File,Landing,Completed,False,Approved by Office Director,NA,NA,8/10/2022,10-8-2022
ANC22LA065,Accident,105727,2022-08-12,Fairbanks,AK,USA,NA,N736KP,R1722590,False,Aviation,Aviation,Approved by Office Director,2022-12-08,NA,Minor,0,0,0,1,0,"The pilot’s failure to maintain control of the airplane during landing. 
",Personnel issues - Experience/knowledge - Experience/qualifications - Pilot; Personnel issues - Task performance - Use of equip/info - Pilot,Accident,64.818999,-147.84123,CESSNA,R172K,Airplane,PAFA,Fairbanks International Airport,False,1,Reciprocating,False,Positioning,091,Substantial,Visual (VMC),On File,Landing,Completed,False,Approved by Office Director,NA,NA,8/12/2022,12-8-2022
ANC22FA066,Accident,105729,2022-08-11,Arctic Village,AK,USA,NA,N3937M,12-2825,False,Aviation,Aviation,Approved by Office Director,2024-06-26,NA,Fatal,1,0,0,1,0,"The pilot’s decision to depart in turbulent and gusting wind conditions, which resulted in a loss of control and impact with terrain.",Aircraft - Aircraft oper/perf/capability - Aircraft capability - Capability exceeded; Aircraft - Aircraft oper/perf/capability - Performance/control parameters - Not attained/maintained; Environmental issues - Conditions/weather/phenomena - Wind - Contributed to outcome; Personnel issues - Action/decision - Info processing/decision - Pilot; Environmental issues - Conditions/weather/phenomena - Wind - Contributed to outcome,Accident,68.720123,-146.23407,PIPER,PA-12,Airplane,NA,NA,False,1,Reciprocating,False,Personal,091,Substantial,Visual (VMC),On File,InitialClimb,Completed,False,Approved by Office Director,NA,NA,8/11/2022,11-8-2022
ANC22LA067,Accident,105752,2022-08-10,Delta Junction,AK,USA,NA,N7087D,18-5575,False,Aviation,Aviation,Approved by Office Director,2022-12-08,NA,None,0,0,0,0,0,The pilot’s failure to maintain directional control of the airplane during the takeoff roll following a hard landing.,Aircraft - Aircraft oper/perf/capability - Performance/control parameters - Not attained/maintained,Accident,64.574077,-143.24154,PIPER,PA-18-150,Airplane,-,3 Finger Charley,False,1,Reciprocating,False,Personal,091,Substantial,Visual (VMC),On File,Takeoff,Completed,False,Approved by Office Director,NA,NA,8/10/2022,10-8-2022
ANC22LA068,Accident,105762,2022-08-12,Sutton-Alpine,AK,USA,NA,N6577A,32474,False,Aviation,Aviation,Approved by Office Director,2024-06-26,NA,Minor,0,0,0,1,0,A total loss of engine power due to fuel exhaustion.,Aircraft - Fluids/misc hardware - Fluids - Fluid management; Personnel issues - Task performance - Planning/preparation - Pilot; Personnel issues - Task performance - Inspection - Pilot; Aircraft - Fluids/misc hardware - Fluids - Fluid level,Accident,61.757487,-149.0227,CESSNA,180,Airplane,NA,NA,False,1,Reciprocating,False,Personal,091,Substantial,Visual (VMC),On File,Enroute,Completed,False,Approved by Office Director,NA,NA,8/12/2022,12-8-2022
ANC22FA069,Accident,105826,2022-08-29,Wasilla,AK,USA,NA,N2723P,C9404-002,False,Aviation,Aviation,Approved by Office Director,2023-11-07,NA,Fatal,0,0,0,1,0,The pilot’s inability to maintain control of the airplane for reasons that could not be determined.,Not determined - Not determined - (general) - Unknown/Not determined; Aircraft - Aircraft oper/perf/capability - Performance/control parameters - Attain/maintain not possible,Accident,61.637625,-149.30054,STORY CHARLES BRAD,TT FOX,Airplane,4AK6,WOLF LAKE,True,1,Reciprocating,False,Flight test,091,Substantial,Visual (VMC),On File,Unknown; Approach,Completed,False,Approved by Office Director,NA,NA,8/29/2022,29-8-2022
WPR22LA325,Accident,105835,2022-08-22,Hope,AK,USA,NA,N96095,8395,False,Aviation,Aviation,Approved by Office Director,2022-12-15,NA,None,0,0,0,0,0,The pilot’s failure to maintain clearance from a tree while taxiing.,Personnel issues - Psychological - Attention/monitoring - Pilot; Environmental issues - Physical environment - Object/animal/substance - Effect on operation,Accident,60.879722,-149.95055,TAYLORCRAFT,BC12-D1,Airplane,None,Big Indian,False,1,Reciprocating,False,Personal,091,Substantial,Visual (VMC); Visual (VMC); Visual (VMC),On File,Taxi,Completed,False,Approved by Office Director,NA,NA,8/22/2022,22-8-2022
WPR22LA326,Accident,105837,2022-08-23,Egegik,AK,USA,NA,N6455X,18050955,False,Aviation,Aviation,Approved by Office Director,2022-12-15,NA,None,0,0,0,0,0,The pilot's failure to maintain directional control during takeoff from a lake.,Aircraft - Aircraft oper/perf/capability - Performance/control parameters - Not attained/maintained; Personnel issues - Task performance - Use of equip/info - Pilot,Accident,58.085284,-156.89764,CESSNA,180,Airplane,PAII,Egegik Airport,False,1,Reciprocating,False,Other work use,091,Substantial,Visual (VMC),Tracy Vrem,Takeoff; Takeoff; Takeoff; Takeoff,Completed,False,Approved by Office Director,NA,NA,8/23/2022,23-8-2022
WPR22LA329,Accident,105841,2022-08-26,Deadhorse,AK,USA,NA,N240RM,1090,False,Aviation,Aviation,Approved by Office Director,2022-12-08,NA,None,0,0,0,0,0,"The pilot's failure to maintain helicopter control during a descent, which resulted in a collision with terrain.",Personnel issues - Task performance - Use of equip/info - Pilot; Aircraft - Aircraft oper/perf/capability - Performance/control parameters - Not attained/maintained,Accident,68.690654,-149.08972,ROBINSON HELICOPTER,R44 Clipper 1,Helicopter,NA,NA,False,1,Reciprocating,False,Other work use,135,Substantial,Visual (VMC),POLLUX AVIATION LTD,Approach; Landing,Completed,False,Approved by Office Director,NA,NA,8/26/2022,26-8-2022
ANC22LA070,Accident,105870,2022-09-03,Fairbanks,AK,USA,NA,N119CC,18-7409126,False,Aviation,Aviation,Approved by Office Director,2022-11-01,NA,None,0,0,0,0,0,"The pilot’s failure to maintain centerline in dusk light conditions which resulted in impact with trees. 
",Personnel issues - Physical - Sensory ability/limitation - Pilot; Environmental issues - Conditions/weather/phenomena - Light condition - Effect on personnel; Aircraft - Aircraft oper/perf/capability - Performance/control parameters - Incorrect use/operation,Accident,64.205228,-147.5605,PIPER,PA-18-150,Airplane,PVT,Remote Airstrip,False,1,Reciprocating,False,Personal,091,Substantial,Visual (VMC),On File,Takeoff,Completed,False,Approved by Office Director,NA,NA,9/3/2022,3-9-2022
ANC22LA071,Accident,105871,2022-09-03,Port Alsworth,AK,USA,NA,N5847X,7896,False,Aviation,Aviation,Approved by Office Director,2022-12-08,NA,None,0,0,0,0,0,"The pilot's delayed decision to execute a go-around maneuver while landing with a tailwind into a short strip, which resulted in a runway overrun and subsequent loss of control.
",Environmental issues - Conditions/weather/phenomena - Wind - Decision related to condition; Personnel issues - Action/decision - Info processing/decision - Pilot,Accident,60.385911,-154.59083,STINSON,10A,Airplane,NA,NA,False,1,Reciprocating,False,Personal,091,Substantial,Visual (VMC); Visual (VMC),On File,Landing,Completed,False,Approved by Office Director,NA,NA,9/3/2022,3-9-2022
ANC22LA072,Accident,105873,2022-09-01,Point MacKenzie,AK,USA,NA,N9622V,1154,False,Aviation,Aviation,Approved by Office Director,2022-12-08,NA,Minor,0,0,0,2,0,"The pilot’s improper monitoring and failure to maintain airspeed during a critical phase of flight, which resulted in an exceedance of the airplane’s critical angle of attack, an aerodynamic stall, and subsequent impact with terrain.
",Aircraft - Aircraft oper/perf/capability - Performance/control parameters - Not attained/maintained; Personnel issues - Task performance - Use of equip/info - Pilot,Accident,61.27,-150.15,CHRISTEN INDUSTRIES INC,A-1,Airplane,NA,NA,False,1,Reciprocating,False,Personal,091,Substantial,Visual (VMC),On File,Landing,Completed,False,Approved by Office Director,NA,NA,9/1/2022,1-9-2022
ANC22LA074,Accident,105910,2022-08-30,Palmer,AK,USA,NA,N1129,18-4022,False,Aviation,Aviation,Approved by Office Director,2022-12-08,NA,None,0,0,0,0,0,"The pilot’s failure to maintain directional control of the airplane during the landing roll, which resulted in a ground loop and impact with terrain.
",Personnel issues - Task performance - Use of equip/info - Pilot,Accident,61.314836,-148.57966,PIPER,PA-18-135,Airplane,NA,NA,False,1,Reciprocating,False,Personal,091,Substantial,Visual (VMC); Visual (VMC),On File,Landing,Completed,False,Approved by Office Director,NA,NA,8/30/2022,30-8-2022
ERA22LA410,Accident,105917,2022-09-09,Buckland,AK,USA,NA,N8019Z,U206-0419,False,Aviation,Aviation,Approved by Office Director,2024-08-29,NA,None,0,0,0,0,0,"The installation of incompatible rocker arms and rocker arm bushings during an engine overhaul, which resulted in a complete loss of engine power.",Aircraft - Aircraft power plant - Engine (reciprocating) - Incorrect service/maintenance; Personnel issues - Task performance - Maintenance - Maintenance personnel; Aircraft - Aircraft handling/service - Maintenance/inspections - Incorrect service/maintenance,Accident,65.934639,-161.09805,CESSNA,U206,Airplane,n/a,NA,False,1,Reciprocating,False,Business,135,Substantial,Visual (VMC); Visual (VMC); Visual (VMC),GOLDEN EAGLE OUTFITTERS INC,EmergencyDescent; Enroute,Completed,False,Approved by Office Director,NA,NA,9/9/2022,9-9-2022
CEN22LA417,Accident,105918,2022-09-09,Delta Junction,AK,USA,NA,N303T,18-2417,False,Aviation,Aviation,Approved by Office Director,2022-12-08,NA,None,0,0,0,0,0,"The pilot’s decision to depart during high, gusty wind conditions which resulted sink and subsequent impact with terrain.",Environmental issues - Conditions/weather/phenomena - Wind - Decision related to condition; Personnel issues - Action/decision - Info processing/decision - Pilot,Accident,63.425367,-145.74469,PIPER,PA-18-105 SPECIAL,Airplane,n/a,NA,False,1,Reciprocating,False,Public aircraft - federal,PUBU,Substantial,Visual (VMC); Visual (VMC); Visual (VMC),On File,InitialClimb; InitialClimb,Completed,False,Approved by Office Director,NA,NA,9/9/2022,9-9-2022
ANC22LA075,Accident,105926,2022-09-04,McCarty,AK,USA,NA,N91224,18052010,False,Aviation,Aviation,Approved by Office Director,2022-12-08,NA,Minor,0,0,0,1,0,"The pilot’s failure to initiate a go around maneuver when the airplane past the intended touch down point.
",Personnel issues - Action/decision - Info processing/decision - Pilot; Aircraft - Aircraft oper/perf/capability - Performance/control parameters - Capability exceeded,Accident,61.218728,-142.89077,CESSNA,180H,Airplane,AK0,Jake's Bar,False,1,Reciprocating,False,Personal,091,Substantial,Visual (VMC),On File,Landing,Completed,False,Approved by Office Director,NA,NA,9/4/2022,4-9-2022
CEN22LA422,Accident,105949,2022-09-07,Galena,AK,USA,NA,N590DC,18-6245,False,Aviation,Aviation,Approved by Office Director,2022-12-15,NA,None,0,0,0,0,0,"The pilot’s selection of unsuitable terrain for landing which resulted in a nose over.
",Aircraft - Aircraft oper/perf/capability - Aircraft capability - Capability exceeded; Environmental issues - Physical environment - Terrain - Effect on equipment; Personnel issues - Experience/knowledge - Knowledge - Pilot,Accident,64.2645,-158.2642,PIPER,PA-18-150,Airplane,n/a,NA,False,1,Reciprocating,False,Personal,091,Substantial,Visual (VMC),Aleksey Sokirkin,Landing; Landing,Completed,False,Approved by Office Director,NA,NA,9/7/2022,7-9-2022
ANC22LA077,Accident,105967,2022-09-16,Anchorage,AK,USA,NA,N2340S,18-7909134,False,Aviation,Aviation,Approved by Office Director,2022-12-15,NA,Minor,0,0,1,1,0,"The pilot’s inadvertent application of the brakes during the landing roll, which resulted in a nose-over and substantial damage to the rudder and wings.
",Personnel issues - Action/decision - Action - Pilot; Aircraft - Aircraft systems - Landing gear system - Unintentional use/operation,Accident,61.510553,-150.93687,PIPER,PA-18-150,Airplane,None,Mountain,False,1,Reciprocating,False,Instructional,091,Substantial,Visual (VMC); Visual (VMC); Visual (VMC),Acme Cub,Landing,Completed,False,Approved by Office Director,NA,NA,9/16/2022,16-9-2022
ANC22LA078,Accident,105976,2022-09-19,Egegik,AK,USA,NA,N24BR,644,False,Aviation,Aviation,Approved by Office Director,2022-12-15,NA,Minor,0,0,2,2,0,"The pilot’s loss of control during takeoff in gusting wind conditions.
",Environmental issues - Conditions/weather/phenomena - Wind - Contributed to outcome; Personnel issues - Task performance - Use of equip/info - Pilot; Aircraft - Aircraft oper/perf/capability - Performance/control parameters - Not attained/maintained,Accident,57.872361,-155.82937,DEHAVILLAND,DHC-2,Airplane,NA,NA,False,1,Reciprocating,False,NA,135,Substantial,Visual (VMC),Branch River Air Service Inc.,Takeoff,Completed,False,Approved by Office Director,NA,NA,9/19/2022,19-9-2022
ANC22LA079,Accident,105991,2022-09-18,Tok,AK,USA,NA,N92740,12-177,False,Aviation,Aviation,Approved by Office Director,2022-12-15,NA,None,0,0,0,0,0,"The pilot’s improper application of the brakes, which resulted in a nose-over and substantial damage to the rudder and wings.
",Personnel issues - Action/decision - Action - Pilot; Aircraft - Aircraft systems - Landing gear system - Incorrect use/operation,Accident,62.236555,-141.11793,PIPER,PA-12,Airplane,None,Gravel Bar,False,1,Reciprocating,False,Personal,091,Substantial,Visual (VMC),On File,Landing,Completed,False,Approved by Office Director,NA,NA,9/18/2022,18-9-2022
ANC22LA080,Accident,105993,2022-09-25,Skwentna,AK,USA,NA,N9728B,50026,False,Aviation,Aviation,Approved by Office Director,2024-02-28,NA,Fatal,1,0,0,1,0,The failure of the landing gear float due to inadequate maintenance of the floats and corrosion.,Aircraft - Aircraft systems - Landing gear system - Fatigue/wear/corrosion; Personnel issues - Task performance - Maintenance - Pilot,Accident,61.991057,-151.40254,CESSNA,180A,Airplane,NA,NA,False,1,Reciprocating,False,Personal,091,Substantial,Visual (VMC),On File,Takeoff; Takeoff,Completed,False,Approved by Office Director,NA,NA,9/25/2022,25-9-2022
ANC22LA081,Accident,106000,2022-09-23,Chignik Lake,AK,USA,NA,N4144E,18-7809084,False,Aviation,Aviation,Approved by Office Director,2022-12-15,NA,None,0,0,0,0,0,"The pilot’s failure to maintain airplane control during taxi in gusty conditions, which resulted in a nose-over and substantial damage to the rudder and wings.  
",Aircraft - Aircraft oper/perf/capability - Performance/control parameters - Not attained/maintained; Environmental issues - Conditions/weather/phenomena - Wind - Effect on operation; Personnel issues - Task performance - Use of equip/info - Pilot,Accident,56.394611,-158.83161,PIPER,PA-18-150,Airplane,NONE,Fan Creek,False,1,Reciprocating,False,Other work use,091,Substantial,Visual (VMC); Visual (VMC); Visual (VMC),TRADEWIND LLC,Taxi,Completed,False,Approved by Office Director,NA,NA,9/23/2022,23-9-2022
ANC23FA001,Accident,106074,2022-10-06,Fairbanks,AK,USA,NA,N217C,18503558,False,Aviation,Aviation,Approved by Office Director,2023-10-10,NA,Fatal,0,0,0,1,0,"The improperly maintained floats, which allowed water to fill the front compartments and resulted in the airplane nosing over during taxi. Contributing to the fatal injury of the pilot was the improperly secured cargo, which prevented the pilot from egressing the airplane following the nose-over.",Aircraft - Aircraft systems - Landing gear system - Incorrect service/maintenance,Accident,64.812908,-147.92137,CESSNA,A185F,Airplane,AK28,Chena Marina,False,1,Reciprocating,False,Personal,091,None,Visual (VMC),On File,Taxi,Completed,False,Approved by Office Director,NA,NA,10/6/2022,6-10-2022
ANC22LA082,Accident,106110,2022-08-03,Kokhanok,AK,USA,NA,N65223,55-4602,False,Aviation,Aviation,Approved by Office Director,2023-02-09,2022-10-25,None,0,0,0,0,0,The pilot's failure to maintain directional control of the airplane during takeoff operations.,Personnel issues - Task performance - Use of equip/info - Pilot; Aircraft - Aircraft oper/perf/capability - Performance/control parameters - Not attained/maintained; Personnel issues - Action/decision - Info processing/decision - Pilot,Accident,59.437017,-154.85829,DEHAVILLAND,BEAVER U-6A,Airplane,NA,NA,False,1,Reciprocating,False,Other work use,091,Substantial,Visual (VMC); Visual (VMC); Visual (VMC); Visual (VMC),RAINBOW RIVER LODGE AVIATION LLC,Takeoff,Completed,False,Approved by Office Director,NA,NA,8/3/2022,3-8-2022
ANC23LA002,Accident,106134,2022-10-16,Cordova,AK,USA,NA,N3432W,32-329,False,Aviation,Aviation,Approved by Office Director,2024-03-28,NA,Fatal,0,0,0,1,0,"The pilot’s improper decision to continue visual flight rules flight into instrument meteorological conditions, which resulted in controlled flight into terrain.",Personnel issues - Action/decision - Action - Pilot; Personnel issues - Action/decision - Info processing/decision - Pilot; Environmental issues - Conditions/weather/phenomena - Ceiling/visibility/precip - Decision related to condition,Accident,60.46441,-145.82206,PIPER,PA-32-260,Airplane,NA,NA,False,1,Reciprocating,False,Positioning,091,Substantial,Instrument (IMC),On File,Enroute; Enroute,Completed,False,Approved by Office Director,NA,NA,10/16/2022,16-10-2022
ANC23FA004,Accident,106278,2022-11-10,Chickaloon,AK,USA,NA,N7123K,18-341,False,Aviation,Aviation,Approved by Office Director,2024-11-14,NA,Fatal,0,0,0,1,0,"The pilot's decision to fly at low altitude, which resulted in a collision with a cable.",Personnel issues - Action/decision - Info processing/decision - Pilot; Personnel issues - Psychological - Attention/monitoring - Pilot; Environmental issues - Physical environment - Object/animal/substance - Awareness of condition,Accident,61.781067,-148.46164,PIPER,PA-18,Airplane,NA,NA,False,1,Reciprocating,False,Personal,091,Substantial,Visual (VMC),On File,Enroute,Completed,False,Approved by Office Director,NA,NA,11/10/2022,10-11-2022
ANC23LA005,Accident,106291,2022-10-27,Kenai,AK,USA,NA,N8119D,22-5610,False,Aviation,Aviation,Approved by Office Director,2023-10-05,NA,None,0,0,0,0,0,"Improper installation of the crankshaft drive gear by maintenance personnel, who failed to install all required hardware, resulting in an in-flight engine failure.",Aircraft - Aircraft power plant - Engine (reciprocating) - Incorrect service/maintenance; Personnel issues - Task performance - Maintenance - Maintenance personnel,Accident,60.542275,-151.19815,PIPER,PA-22-160,Airplane,NA,NA,False,1,Reciprocating,False,Instructional,091,Substantial,Visual (VMC),HAM KEITH W,Landing; InitialClimb,Completed,False,Approved by Office Director,NA,NA,10/27/2022,27-10-2022
ANC23LA006,Accident,106337,2022-11-20,Bethel,AK,USA,NA,N23CF,20700276,False,Aviation,Aviation,Approved by Office Director,2023-10-05,NA,None,0,0,0,0,0,The total loss of engine power during cruise flight due to fuel starvation and the pilot’s mismanagement of the available fuel.,Aircraft - Fluids/misc hardware - Fluids - Fluid level; Personnel issues - Task performance - Use of equip/info - Pilot; Personnel issues - Task performance - Use of equip/info - Pilot,Accident,60.711872,-161.68636,CESSNA,207,Airplane,NA,NA,False,1,Reciprocating,True,Business,135,Substantial,Visual (VMC),YR-AIRCRAFT LEASING LLC,EmergencyDescent; Enroute,Completed,False,Approved by Office Director,NA,NA,11/20/2022,20-11-2022
ANC23LA014,Accident,106603,2022-11-27,Anchorage,AK,USA,NA,N5626U,28-26423,False,Aviation,Aviation,Approved by Office Director,2023-03-30,NA,None,0,0,0,0,0,The pilot’s failure to maintain directional control of the airplane during landing.,Aircraft - Aircraft oper/perf/capability - Performance/control parameters - Not attained/maintained; Personnel issues - Task performance - Use of equip/info - Pilot; Environmental issues - Physical environment - Runway/land/takeoff/taxi surface - Effect on operation,Accident,61.215814,-149.85578,PIPER,PA-28-140,Airplane,MRI,Merrill Field Airport,False,1,Reciprocating,False,Instructional,091,Substantial,Visual (VMC); Visual (VMC),FLY AROUND ALASKA LLC,Landing; Landing; Landing; Landing,Completed,False,Approved by Office Director,NA,NA,11/27/2022,27-11-2022
ANC23LA016,Accident,106642,2022-12-03,Anchorage,AK,USA,NA,N8365V,66,False,Aviation,Aviation,Approved by Office Director,2023-07-27,NA,None,0,0,0,0,0,The pilot's loss of directional control during takeoff.,Aircraft - Aircraft oper/perf/capability - Performance/control parameters - Not attained/maintained; Personnel issues - Task performance - Use of equip/info - Pilot,Accident,61.184965,-149.96448,CHAMPION,7GCBC,Airplane,LHD,LAKE HOOD,False,1,Reciprocating,False,Personal,091,Substantial,Visual (VMC),On File,Takeoff; Takeoff; Takeoff,Completed,False,Approved by Office Director,NA,NA,12/3/2022,3-12-2022
ANC23LA017,Accident,106662,2022-12-08,Wasilla,AK,USA,NA,N3861P,22-3553,False,Aviation,Aviation,Approved by Office Director,2023-04-06,NA,None,0,0,0,0,0,"The pilot's selection of an unsuitable landing site, which resulted in a nose over after the main landing gear wheels broke through deep snow on the snow-covered runway.",Personnel issues - Action/decision - Info processing/decision - Instructor/check pilot; Environmental issues - Physical environment - Runway/land/takeoff/taxi surface - Contributed to outcome; Aircraft - Aircraft oper/perf/capability - Aircraft capability - Capability exceeded,Accident,61.39446,-149.84359,PIPER,PA-22-150,Airplane,Z40,Goose Bay,False,1,Reciprocating,False,Instructional,091,Substantial,Visual (VMC); Visual (VMC); Visual (VMC); Visual (VMC),On File,Landing,Completed,False,Approved by Office Director,NA,NA,12/8/2022,8-12-2022
ANC22LA001,Accident,104098,2021-10-10,Palmer,AK,USA,NA,N555EL; N555EL; FA3P4CAK37; FA3P4CAK37,10665; 10665; 3YTSJ4T0030A8A; 3YTSJ4T0030A8A,False,Aviation,Aviation,Approved by Office Director,2022-08-12,NA,None,0,0,0,0,0,"The unmanned aircraft pilot’s failure to yield the right of way to the helicopter. 
",Personnel issues - Psychological - Attention/monitoring - Pilot of other aircraft; Personnel issues - Psychological - Attention/monitoring - Pilot,Accident,61.40406,-148.60457,ROBINSON HELICOPTER COMPANY; ROBINSON HELICOPTER COMPANY; DJI; DJI,R44 II; R44 II; AIR IIS; AIR IIS,Helicopter; Helicopter; Unknown; Unknown,NA,NA,False,1,Reciprocating; Reciprocating,False,Personal; Aerial observation,135; 135; 107; 107,Substantial; Substantial; Destroyed; Destroyed,Visual (VMC),POLLUX AVIATION LTD; POLLUX AVIATION LTD; Charlie Crosby; Charlie Crosby,Maneuvering,Completed,False,Approved by Office Director,NA,NA,10/10/2021,10-10-2021
ANC22LA002,Accident,104116,2021-10-13,Chickaloon,AK,USA,NA,N9966N; Unknown,18052621; unk,False,Aviation,Aviation,Approved by Office Director,2022-04-29,NA,None,0,0,0,0,0,"A mid-air collision for reasons that could not be determined based on the available evidence.
",Not determined - Not determined - (general) - Unknown/Not determined; Not determined - Not determined - (general) - Unknown/Not determined,Accident,61.702064,-148.97528,CESSNA; unknown,180J; unknown,Airplane; Airplane,NA,NA,False,1,Reciprocating; Unknown,False,Personal; Unknown,091; UNK,Substantial; Unknown,Visual (VMC),On File; unk,Enroute,Completed,False,Approved by Office Director,NA,NA,10/13/2021,13-10-2021
ANC22LA003,Accident,104149,2021-10-22,Juneau,AK,USA,NA,N754KP,208B1264,False,Aviation,Aviation,Approved by Office Director,2023-04-26,NA,None,0,0,0,0,0,The pilot’s loss of directional control for reasons that could not be determined.,Personnel issues - Task performance - Use of equip/info - Pilot; Aircraft - Aircraft oper/perf/capability - Performance/control parameters - Not attained/maintained,Accident,58.355395,-134.58326,CESSNA,208B,Airplane,JNU,JUNEAU INTL,False,1,Turbo prop,True,NA,135,Substantial,Visual (VMC),Alaska Seaplanes,Takeoff,Completed,False,Approved by Office Director,NA,NA,10/22/2021,22-10-2021
ANC22LA004,Accident,104158,2021-10-24,Willow,AK,USA,NA,N368G,1801,False,Aviation,Aviation,Approved by Office Director,2023-05-03,NA,Fatal,0,0,0,2,0,"The pilot's exceedance of the airplane’s critical angle of attack while maneuvering for landing, which resulted in an aerodynamic stall and loss of control.",Aircraft - Aircraft oper/perf/capability - Performance/control parameters - Not attained/maintained; Aircraft - Aircraft oper/perf/capability - Performance/control parameters - Not attained/maintained; Personnel issues - Task performance - Use of equip/info - Pilot,Accident,61.718812,-150.05409,GREGG ORIGER,PA-18 REPLICA,Airplane,AK68,MINUTEMAN STRIP,True,1,Reciprocating,False,Personal,091,Substantial,Visual (VMC),On File,Approach,Completed,False,Approved by Office Director,NA,NA,10/24/2021,24-10-2021
ANC22FA005,Accident,104214,2021-11-07,Kodiak,AK,USA,NA,N540AK,001,False,Aviation,Aviation,Approved by Office Director,2022-08-31,NA,Fatal,0,0,0,1,0,"The pilot's failure to maintain adequate airspeed while maneuvering, which resulted in an exceedance of the airplane’s critical angle of attack and an aerodynamic stall. 
",Aircraft - Aircraft oper/perf/capability - Performance/control parameters - Not attained/maintained; Personnel issues - Task performance - Use of equip/info - Pilot; Aircraft - Aircraft oper/perf/capability - Performance/control parameters - Capability exceeded,Accident,57.805489,-152.36548,GERALD JONES,2+2,Airplane,NA,NA,True,1,Reciprocating,False,Personal,091,Substantial,Visual (VMC),On File,Takeoff,Completed,False,Approved by Office Director,NA,NA,11/7/2021,7-11-2021
ANC22LA006,Accident,104234,2021-11-09,Yukon Charlie River,AK,USA,NA,N413CC,CC18-0065,False,Aviation,Aviation,Approved by Office Director,2022-05-26,NA,None,0,0,0,0,0,"The pilot’s selection of an unsuitable landing site, which resulted in a nose-over. 
",Environmental issues - Physical environment - Runway/land/takeoff/taxi surface - Decision related to condition; Personnel issues - Action/decision - Info processing/decision - Pilot,Accident,65.300192,-143.13334,CUB CRAFTERS,CC-18-180,Airplane,L20,COAL CREEK,False,1,Reciprocating,False,Public aircraft,091,Substantial,Visual (VMC); Visual (VMC); Visual (VMC); Visual (VMC),US DEPT OF THE INTERIOR,Unknown; Approach; Approach; Approach,Completed,False,Approved by Office Director,NA,NA,11/9/2021,9-11-2021
ANC22LA007,Accident,104287,2021-11-21,Bethel,AK,USA,NA,N9794M,20700730,False,Aviation,Aviation,Approved by Office Director,2023-09-20,NA,None,0,0,0,0,0,"The improper installation of an avionics wire harness over a fuel line, which resulted in chafing of the wire harness, arcing, and a subsequent fire.",Aircraft - Aircraft systems - Electrical power system - Fatigue/wear/corrosion; Aircraft - Fluids/misc hardware - Misc hardware - Not serviced/maintained,Accident,60.779217,-161.8368,CESSNA,207A,Airplane,BET,BETHEL,False,1,Reciprocating,True,Business,135,Substantial,Visual (VMC); Visual (VMC); Visual (VMC),Paklook Air Inc,Enroute,Completed,False,Approved by Office Director,NA,NA,11/21/2021,21-11-2021
ANC22LA008,Accident,104338,2021-11-26,Palmer,AK,USA,NA,N1380A,18-1211,False,Aviation,Aviation,Approved by Office Director,2022-06-09,NA,None,0,0,0,0,0,"The pilot’s failure to effectively use carburetor heat in conditions conducive to the formation of carburetor ice, which resulted in a partial loss of engine power, off-airport landing, and nose over. 
",Personnel issues - Action/decision - Action - Pilot; Environmental issues - Conditions/weather/phenomena - Temp/humidity/pressure - Effect on operation; Aircraft - Aircraft systems - Ice/rain protection system - Incorrect use/operation,Accident,61.250133,-148.58345,PIPER,PA-18,Airplane,NA,NA,False,1,Reciprocating,False,Personal,091,Substantial,Visual (VMC),On File,Landing; Landing; Enroute,Completed,False,Approved by Office Director,NA,NA,11/26/2021,26-11-2021
ANC22LA009,Accident,104341,2021-12-02,Port Alsworth,AK,USA,NA,N9602F,20800103,False,Aviation,Aviation,Approved by Office Director,2022-06-09,NA,Minor,0,0,0,1,0,"The pilot's failure to maintain a proper approach path which resulted in landing short of the runway and impact with terrain. 
",Personnel issues - Task performance - Use of equip/info - Pilot; Aircraft - Aircraft oper/perf/capability - Performance/control parameters - Not attained/maintained,Accident,60.200057,-154.33666,CESSNA,208,Airplane,PAKX,Port Alsworth,False,1,Turbo prop,False,Business,135,Substantial,Visual (VMC); Visual (VMC); Visual (VMC); Visual (VMC),LAKE AND PENINSULA AIRLINES INC,Approach,Completed,False,Approved by Office Director,NA,NA,12/2/2021,2-12-2021
ANC22LA010,Accident,104343,2021-11-30,Kenai,AK,USA,NA,N108J,39,False,Aviation,Aviation,Approved by Office Director,2022-06-09,NA,None,0,0,0,0,0,"The pilot’s failure to maintain directional control during takeoff, which resulted in a runway excursion. 
",Personnel issues - Task performance - Use of equip/info - Pilot; Environmental issues - Conditions/weather/phenomena - Wind - Effect on operation; Environmental issues - Conditions/weather/phenomena - Wind - Effect on operation; Aircraft - Aircraft oper/perf/capability - Performance/control parameters - Not attained/maintained,Accident,60.636564,-151.30359,FOUND ACFT CANADA INC,FBA-2C1,Airplane,PVT,Salamatof Airpark,False,1,Reciprocating,False,Business,135,Substantial,Visual (VMC),"Alaska West Air, Inc.",Takeoff,Completed,False,Approved by Office Director,NA,NA,11/30/2021,30-11-2021
ANC22LA011,Accident,104477,2021-12-15,Haines,AK,USA,NA,N555LB,01,False,Aviation,Aviation,Approved by Office Director,2023-06-08,NA,None,0,0,0,0,0,"A partial loss of engine power for reasons that could not be determined based on available information, which resulted in a precautionary landing and impact with snow.",Not determined - Not determined - (general) - Unknown/Not determined,Accident,59.403056,-136.01944,Larry Bingham,LB-1,Airplane,9AA9,AIRKAT AIRPARK,True,1,Reciprocating,False,Personal,091,Substantial,Visual (VMC); Visual (VMC),On File,Takeoff; Takeoff; Takeoff,Completed,False,Approved by Office Director,NA,NA,12/15/2021,15-12-2021
ANC22LA016,Accident,104582,2022-01-28,Skwenta,AK,USA,NA,N189BH,18-7322,False,Aviation,Aviation,Approved by Office Director,2022-06-14,NA,None,0,0,0,0,0,"The pilot’s failure to maintain adequate clearance from a tree while landing. 
",Personnel issues - Psychological - Attention/monitoring - Pilot; Environmental issues - Physical environment - Object/animal/substance - Effect on equipment,Accident,61.977096,-151.26242,PIPER,PA-18-150,Airplane,NA,NA,False,1,Reciprocating,False,Personal,091,Substantial,Visual (VMC),On File,Landing,Completed,False,Approved by Office Director,NA,NA,1/28/2022,28-1-2022
ANC22LA017,Accident,104635,2022-02-05,Kasilof,AK,USA,NA,N23RB,22-4108,False,Aviation,Aviation,Approved by Office Director,2022-09-01,NA,None,0,0,0,0,0,"The pilot’s decision to land on an unmaintained runway surface, which resulted in a loss of control and nose over.
",Personnel issues - Action/decision - Info processing/decision - Pilot; Personnel issues - Task performance - Use of equip/info - Pilot; Environmental issues - Physical environment - Runway/land/takeoff/taxi surface - Effect on operation,Accident,60.250092,-151.30005,PIPER,PA-22-150,Airplane,5KS,KASILOF,False,1,Reciprocating,False,Personal,091,Substantial,Visual (VMC),Kenai Aviation Training Academy,Landing; Landing; Landing,Completed,False,Approved by Office Director,NA,NA,2/5/2022,5-2-2022
ANC22LA019,Accident,104691,2022-02-21,Deadhorse,AK,USA,NA,N413JP,314,False,Aviation,Aviation,Approved by Office Director,2022-06-22,2022-03-03,None,0,0,0,0,0,"The pilot's failure to maintain a proper approach path in flat light conditions, which resulted in landing short of the runway and impact with terrain.
",Environmental issues - Conditions/weather/phenomena - Light condition - Effect on personnel; Personnel issues - Psychological - Perception/orientation/illusion - Pilot,Accident,70.111113,-148.27498,DEHAVILLAND,DHC-3,Airplane,PVT,PVT,False,1,Reciprocating,False,Business,135,Substantial,Visual (VMC),BALD MOUNTAIN AIR SERVICE INC,Landing,Completed,False,Approved by Office Director,NA,NA,2/21/2022,21-2-2022
ANC22LA020,Accident,104713,2022-02-27,Wasilla,AK,USA,NA,N99640,54-2642,False,Aviation,Aviation,Approved by Office Director,2023-08-23,NA,Minor,0,0,0,1,0,A partial loss of engine power for undetermined reasons.,Not determined - Not determined - (general) - Unknown/Not determined,Accident,61.639338,-149.28758,PIPER,PA-18-135,Airplane,4AK6,Wolf Lake Airport,False,1,NA,False,Personal,091,Substantial,Visual (VMC),On File,Unknown; Takeoff,Completed,False,Approved by Office Director,NA,NA,2/27/2022,27-2-2022
ANC22LA022,Accident,104735,2022-03-05,Newhalen,AK,USA,NA,N1853Q,U20602943,False,Aviation,Aviation,Approved by Office Director,2022-09-01,NA,Serious,0,0,0,5,0,"The pilot’s decision to continue visual flight into an area of instrument meteorological conditions, which resulted in the pilot experiencing a loss of visual reference and subsequent controlled flight into terrain.
",Environmental issues - Conditions/weather/phenomena - Ceiling/visibility/precip - Effect on operation; Personnel issues - Action/decision - Info processing/decision - Pilot; Aircraft - Aircraft oper/perf/capability - Performance/control parameters - Not attained/maintained; Personnel issues - Psychological - Attention/monitoring - Pilot,Accident,59.648403,-154.98516,CESSNA,U206F,Airplane,NA,NA,False,1,Reciprocating,False,Business,091,Substantial,Instrument (IMC),SEND NORTH,Maneuvering; Maneuvering; Maneuvering,Completed,False,Approved by Office Director,NA,NA,3/5/2022,5-3-2022
ANC22LA023,Accident,104788,2022-03-15,Valdez,AK,USA,NA,N99676,1542,False,Aviation,Aviation,Approved by Office Director,2022-07-05,NA,Minor,0,0,0,1,0,"The pilot's failure to maintain a proper approach path in flat light conditions, which resulted in landing short of the intended landing spot and impact with terrain. 
",Environmental issues - Conditions/weather/phenomena - Light condition - Contributed to outcome; Personnel issues - Psychological - Perception/orientation/illusion - Pilot,Accident,61.262204,-145.87494,EUROCOPTER,AS 350 BA,Helicopter,NA,NA,False,1,Turbo shaft,False,Positioning,135,Substantial,Visual (VMC),ALPINE AIR ALASKA LLC,Landing; Approach,Completed,False,Approved by Office Director,NA,NA,3/15/2022,15-3-2022
WPR22LA124,Accident,104790,2022-03-10,McGrath,AK,USA,NA,N3UR; N3UR,310R0061; 310R0061,False,Aviation,Aviation,Approved by Office Director,2024-01-31,NA,None,0,0,0,0,0,"A failure of the right main landing gear bellcrank lower arm fork, bellcrank, pivot bolt, and trunnion bellcrank lug for undetermined reasons.",Aircraft - Aircraft systems - Landing gear system - Failure; Aircraft - Aircraft systems - Landing gear system - Unknown/Not determined,Accident,62.952784,-155.60704,CESSNA; CESSNA,310R; 310R,Airplane; Airplane,PAMC,McGrath,False,2,Reciprocating; Reciprocating,False,Personal,091; 091,Substantial; Substantial,Visual (VMC),On File; On File,Taxi,Completed,False,Approved by Office Director,NA,NA,3/10/2022,10-3-2022
ANC22LA024,Accident,104803,2022-03-20,Talkeetna,AK,USA,NA,N6332D,17272720,False,Aviation,Aviation,Approved by Office Director,2023-09-20,NA,None,0,0,0,0,0,"The pilot’s improper positioning of the fuel selector during takeoff, which resulted in fuel starvation and a subsequent total loss of engine power.",Personnel issues - Experience/knowledge - Knowledge - Pilot; Personnel issues - Task performance - Use of equip/info - Pilot,Accident,62.315222,-150.09988,CESSNA,172N,Airplane,TKA,Talkeetna,False,1,Reciprocating,False,Personal,091,Substantial,Visual (VMC),On File,Takeoff,Completed,False,Approved by Office Director,NA,NA,3/20/2022,20-3-2022
ANC22LA026,Accident,104853,2022-03-28,Anchorage,AK,USA,NA,N915AA,15280359,False,Aviation,Aviation,Approved by Office Director,2022-11-01,NA,Minor,0,0,0,1,0,"The flight instructor’s failure to adequately monitor the student pilot which resulted in an impact with terrain and a nose-over. 
",Personnel issues - Action/decision - Action - Instructor/check pilot; Personnel issues - Psychological - Attention/monitoring - Instructor/check pilot,Accident,61.215831,-149.84193,CESSNA,152,Airplane,MRI,Merrill Field Airport,False,1,Reciprocating,False,Instructional,091,Substantial,Visual (VMC); Visual (VMC),On File,Landing,Completed,False,Approved by Office Director,NA,NA,3/28/2022,28-3-2022
ANC22LA027,Accident,104860,2022-03-25,Chitina,AK,USA,NA,N7074K,20-181,False,Aviation,Aviation,Approved by Office Director,2022-09-01,NA,None,0,0,0,0,0,"The pilot’s exceedance of the wing’s critical angle of attack, which resulted in a stall and impact with terrain. 
",Environmental issues - Conditions/weather/phenomena - Wind - Effect on operation; Aircraft - Aircraft oper/perf/capability - Performance/control parameters - Not attained/maintained; Personnel issues - Task performance - Use of equip/info - Pilot,Accident,61.74363,-142.2717,PIPER,PA-20,Airplane,NA,NA,False,1,Reciprocating,False,Personal,091,Substantial,Visual (VMC); Visual (VMC),On File,Approach; Approach,Completed,False,Approved by Office Director,NA,NA,3/25/2022,25-3-2022
ANC22LA028,Accident,104935,2022-04-10,Chugiak,AK,USA,NA,N8020L,17256220,False,Aviation,Aviation,Approved by Office Director,2023-08-23,2022-04-12,None,0,0,0,0,0,"The pilot’s failure to maintain directional control while landing, which resulted in a runway excursion and nose over.",Personnel issues - Task performance - Use of equip/info - Pilot; Aircraft - Aircraft oper/perf/capability - Performance/control parameters - Not attained/maintained,Accident,61.419254,-149.50339,CESSNA,172H,Airplane,PABV,Birchwood,False,1,Reciprocating,False,Personal,091,Substantial,Visual (VMC); Visual (VMC); Visual (VMC),On File,Landing; Landing,Completed,False,Approved by Office Director,NA,NA,4/10/2022,10-4-2022
ANC22LA029,Accident,104947,2022-04-12,Beluga,AK,USA,NA,N135ES,18-8109074,False,Aviation,Aviation,Approved by Office Director,2022-09-01,NA,None,0,0,0,0,0,"The pilot’s excessive touchdown speed, which resulted in a long landing and impact with terrain.
",Personnel issues - Task performance - Use of equip/info - Pilot; Aircraft - Aircraft oper/perf/capability - Performance/control parameters - Not attained/maintained; Environmental issues - Physical environment - Terrain - Response/compensation,Accident,61.4135,-151.9883,PIPER,PA-18-150,Airplane,NA,NA,False,1,Reciprocating,False,Personal,091,Substantial,Visual (VMC),On File,Landing; Landing; Landing; Landing,Completed,False,Approved by Office Director,NA,NA,4/12/2022,12-4-2022
ANC22LA031,Accident,104965,2022-04-16,Pilot Station,AK,USA,NA,N73503,20700599,False,Aviation,Aviation,Approved by Office Director,2022-09-01,2022-04-28,None,0,0,0,0,0,"The pilot’s failure to maintain directional control during takeoff in crosswind conditions which resulted in a loss of control and impact with terrain. 
",Environmental issues - Conditions/weather/phenomena - Wind - Decision related to condition,Accident,61.96155,-162.94136,CESSNA,207A,Airplane,OAK,Pilot Station,False,1,Reciprocating,False,Business,091,Substantial,Visual (VMC),RYAN AIR INC,Takeoff,Completed,False,Approved by Office Director,NA,NA,4/16/2022,16-4-2022
ANC22LA032,Accident,104996,2022-04-20,Wasilla,AK,USA,NA,N64518,6913,False,Aviation,Aviation,Approved by Office Director,2022-08-12,NA,None,0,0,0,0,0,"The pilot's failure to maintain a proper glidepath while on final approach to landing which resulted in an impact with a snow berm and a nose over.
",Personnel issues - Action/decision - Info processing/decision - Pilot,Accident,61.616632,-149.67087,TAYLORCRAFT,BC12-D,Airplane,6ak8,Tulakes Airport,False,1,Reciprocating,False,Personal,091,Substantial,Visual (VMC),On File,Landing,Completed,False,Approved by Office Director,NA,NA,4/20/2022,20-4-2022
ANC22LA033,Accident,105094,2022-05-17,Anchorage,AK,USA,NA,N927AP,F-109,False,Aviation,Aviation,Approved by Office Director,2022-09-01,NA,Minor,0,0,1,1,0,"A loss of engine power for reasons that could not be determined due to a lack of available evidence.
",Aircraft - Aircraft power plant - (general) - Unknown/Not determined,Accident,61.392605,-149.82741,TAYLORCRAFT AVIATION CORP,F19,Airplane,Z40,Goose Bay,False,1,Reciprocating,False,Instructional,091,Substantial,Visual (VMC); Visual (VMC),On File,Approach,Completed,False,Approved by Office Director,NA,NA,5/17/2022,17-5-2022
ANC22LA034,Accident,105111,2022-05-21,Big Lake,AK,USA,NA,N2692D,20844,False,Aviation,Aviation,Approved by Office Director,2022-11-01,2022-05-22,None,0,0,0,0,0,"The pilot's failure to maintain adequate airspeed during final approach which resulted in the airplane exceeding its critical angle of attack and a subsequent aerodynamic stall at too low of an altitude to recover.
",Personnel issues - Task performance - Use of equip/info - Pilot; Aircraft - Aircraft oper/perf/capability - Performance/control parameters - Not attained/maintained; Aircraft - Aircraft oper/perf/capability - Performance/control parameters - Not attained/maintained; Aircraft - Aircraft oper/perf/capability - Performance/control parameters - Not attained/maintained,Accident,61.569515,-149.85473,CESSNA,170B,Airplane,PAGQ,Big Lake Airport,False,1,Reciprocating,False,Personal,091,Substantial,Visual (VMC); Visual (VMC),On File,Landing,Completed,False,Approved by Office Director,NA,NA,5/21/2022,21-5-2022
ANC22LA035,Accident,105132,2022-05-24,Yakutat,AK,USA,NA,N703TH,456,False,Aviation,Aviation,Approved by Office Director,2023-10-05,NA,Serious,0,0,0,4,0,"The pilot’s failure to determine the actual weight and balance of the airplane before departure, which resulted in the airplane being operated outside of the aft center of gravity limits and the subsequent aerodynamic stall on final approach. Contributing to the accident was the Federal Aviation Administration's failure to require weight and balance documentation for 14 Code of Federal Regulations Part 135 single-engine operations.",Aircraft - Aircraft oper/perf/capability - Performance/control parameters - Attain/maintain not possible; Aircraft - Aircraft oper/perf/capability - Performance/control parameters - Capability exceeded; Aircraft - Aircraft oper/perf/capability - Aircraft capability - Incorrect use/operation; Organizational issues - Support/oversight/monitoring - Oversight - FAA/Regulator; Personnel issues - Task performance - Planning/preparation - Not specified; Aircraft - Aircraft oper/perf/capability - (general) - Incorrect use/operation,Accident,59.164333,-138.4888,DEHAVILLAND,DHC-3,Airplane,3AK,Dry Bay Airport,False,1,Turbo prop,False,NA,135,Substantial,Visual (VMC),Yakutat Coastal Airlines,Approach,Completed,False,Approved by Office Director,NA,NA,5/24/2022,24-5-2022
ANC22LA036,Accident,105144,2022-05-28,Gulkana,AK,USA,NA,N5773M,18-7509082,False,Aviation,Aviation,Approved by Office Director,2022-09-08,NA,None,0,0,0,0,0,"The pilot’s failure to maintain directional during the landing rollout in crosswind conditions, which resulted in a runway excursion and impact with terrain. 
",Personnel issues - Task performance - Use of equip/info - Pilot; Aircraft - Aircraft oper/perf/capability - Performance/control parameters - Not attained/maintained; Environmental issues - Conditions/weather/phenomena - Wind - Response/compensation,Accident,62.205568,-145.44536,PIPER,PA-18-150,Airplane,GKN,Gulkana,False,1,Reciprocating,False,Personal,091,Substantial,Visual (VMC); Visual (VMC),On File,Landing,Completed,False,Approved by Office Director,NA,NA,5/28/2022,28-5-2022
ANC22LA037,Accident,105156,2022-05-27,Willow,AK,USA,NA,N1694M,18501879,False,Aviation,Aviation,Approved by Office Director,2022-09-08,NA,None,0,0,0,0,0,"The pilot’s selection of unsuitable terrain for landing which resulted in a nose over. 
",Environmental issues - Physical environment - Runway/land/takeoff/taxi surface - Decision related to condition; Personnel issues - Action/decision - Info processing/decision - Pilot,Accident,61.615,-150.532,CESSNA,A185E,Airplane,NA,NA,False,1,Reciprocating,False,Personal,091,Substantial,Visual (VMC),On File,Landing,Completed,False,Approved by Office Director,NA,NA,5/27/2022,27-5-2022
ANC22LA038,Accident,105176,2022-05-29,Glacier View,AK,USA,NA,N4024Z,18-7977,False,Aviation,Aviation,Approved by Office Director,2022-08-12,NA,Serious,0,0,0,3,0,"The pilot's failure to maintain adequate airspeed during the landing approach, which resulted in the airplane exceeding its critical angle of attack and a subsequent aerodynamic stall at an altitude too low to recover.  
",Aircraft - Aircraft oper/perf/capability - Performance/control parameters - Not attained/maintained; Personnel issues - Task performance - Use of equip/info - Pilot; Aircraft - Aircraft oper/perf/capability - Performance/control parameters - Not attained/maintained,Accident,61.786851,-147.79807,PIPER,PA-18-150,Airplane,NA,NA,False,1,Reciprocating,False,Personal,091,Substantial,Unknown,On File,Approach,Completed,False,Approved by Office Director,NA,NA,5/29/2022,29-5-2022
ANC22LA045,Accident,105305,2022-04-07,Aleknagik,AK,USA,NA,N6847B,22-4146,False,Aviation,Aviation,Approved by Office Director,2022-09-08,NA,None,0,0,0,0,0,"The pilot’s selection of unsuitable terrain for taxi which resulted in an impact with trees. 
",Personnel issues - Action/decision - Info processing/decision - Pilot; Environmental issues - Physical environment - Runway/land/takeoff/taxi surface - Decision related to condition,Accident,59.2731,-158.61829,PIPER,PA-22-150,Airplane,NA,NA,False,1,Reciprocating,False,Business,135,Substantial,Visual (VMC),Wood Tikchik Air,Taxi,Completed,False,Approved by Office Director,NA,NA,4/7/2022,7-4-2022
ANC22LA055,Accident,105520,2022-05-22,Port Moller,AK,USA,NA,N757R,52554,False,Aviation,Aviation,Approved by Office Director,2023-02-09,NA,Serious,0,0,0,1,0,"The pilot’s inadequate preflight inspection, which did not detect a screw in the control yoke column, and his failure to confirm flight control continuity before takeoff.",Personnel issues - Task performance - Use of equip/info - Pilot; Personnel issues - Task performance - Inspection - Pilot,Accident,56.136541,-160.4533,CESSNA,182C,Airplane,NA,Bear River Lodge,False,1,Reciprocating,False,Business,091,Substantial,Visual (VMC),SHEPARD PETER M,Takeoff,Completed,False,Approved by Office Director,NA,NA,5/22/2022,22-5-2022
ANC22LA076,Accident,105946,2022-05-28,Big Lake,AK,USA,NA,N5896B,33896,False,Aviation,Aviation,Approved by Office Director,2023-02-09,NA,None,0,0,0,0,0,"A hard landing for an unknown reason, resulting in substantial damage to the airplane.",Personnel issues - Task performance - Use of equip/info - Pilot,Accident,61.534571,-149.97824,CESSNA,182A,Airplane,PVT,Call of the wild,False,NA,Reciprocating,False,Unknown,091,Substantial,Visual (VMC),On File,Landing,Completed,False,Approved by Office Director,NA,NA,5/28/2022,28-5-2022
ANC21LA066,Accident,103604,2021-08-02,Igiugig,AK,USA,NA,N9608G,U20601808,False,Aviation,Aviation,Approved by Office Director,2022-04-20,NA,Minor,0,0,0,3,0,"The pilot’s improper decision to continue a takeoff attempt when it became evident that the airplane would not become airborne before reaching the departure end shoreline.
",Personnel issues - Action/decision - Info processing/decision - Pilot,Accident,59.12105,-155.4005,CESSNA,U206F,Airplane,NA,NA,False,1,Reciprocating,False,Other work use,135,Substantial,Visual (VMC),Branch River Air Service Inc,Takeoff,Completed,False,Approved by Office Director,NA,NA,8/2/2021,2-8-2021
ANC21LA068,Accident,103616,2021-08-02,Sterling,AK,USA,NA,N8656K,108-1656,False,Aviation,Aviation,Approved by Office Director,2023-02-02,NA,None,0,0,0,0,0,Insufficient available power as a result of low compression in three engine cylinders. Contributing to the accident was the pilot’s decision to takeoff with a slight quartering tailwind.,Aircraft - Aircraft power plant - Ignition system - Related maintenance info; Personnel issues - Action/decision - Info processing/decision - Pilot; Aircraft - Aircraft power plant - Engine (reciprocating) - Not specified; Environmental issues - Conditions/weather/phenomena - Wind - Contributed to outcome; Aircraft - Aircraft power plant - Power plant - Not specified,Accident,60.528637,-150.82989,STINSON,108-1,Airplane,AK84,SCOOTER'S LANDING STRIP,False,1,Reciprocating,False,Personal,091,Substantial,Visual (VMC),STINSON AVIATION COMPANY LLC,InitialClimb,Completed,False,Approved by Office Director,NA,NA,8/2/2021,2-8-2021
ANC21FA069,Accident,103647,2021-08-05,Ketchikan,AK,USA,NA,N1249K,1594,False,Aviation,Aviation,Approved by Office Director,2022-09-21,NA,Fatal,6,0,0,6,0,"The pilot’s decision to continue visual flight rules (VFR) flight into instrument meteorological conditions (IMC), which resulted in controlled flight into terrain. Contributing to the accident was the FAA’s reliance on voluntary compliance with the Ketchikan Operator’s Letter of Agreement. 
",Environmental issues - Conditions/weather/phenomena - Ceiling/visibility/precip - Contributed to outcome; Aircraft - Aircraft oper/perf/capability - Aircraft capability - Attain/maintain not possible; Personnel issues - Action/decision - Info processing/decision - Pilot,Accident,55.482583,-131.22532,DEHAVILLAND,DHC-2 MK.I,Airplane,NA,NA,False,1,Reciprocating,False,NA,135,Destroyed,Instrument (IMC),Southeast Aviation LLC,Enroute; Enroute,Completed,False,Approved by Office Director,NA,NA,8/5/2021,5-8-2021
ANC21LA070,Accident,103709,2021-08-05,Talkeetna,AK,USA,NA,N148CM,TCQ1003064,False,Aviation,Aviation,Approved by Office Director,2022-04-20,NA,None,0,0,0,0,0,"The pilot’s inadvertent movement of the fuel selector valve to a position between the tanks, which resulted in fuel starvation and a subsequent loss of engine power.
",Personnel issues - Action/decision - Action - Pilot; Personnel issues - Task performance - Use of equip/info - Pilot; Aircraft - Aircraft systems - Fuel system - Unintentional use/operation,Accident,62.318002,-150.11321,ALASKAN AIR ADVENTURES LLC,SQ2,Airplane,AK44,TALKEETNA VILLAGE STRIP,False,1,Reciprocating,False,Personal,091,Substantial,Visual (VMC),On File,InitialClimb; Landing,Completed,False,Approved by Office Director,NA,NA,8/5/2021,5-8-2021
ANC21LA071,Accident,103710,2021-08-15,Tyonek,AK,USA,NA,N4226H,14-29,False,Aviation,Aviation,Approved by Office Director,2022-04-20,NA,Serious,0,1,2,3,0,"The pilot’s failure to maintain directional control and adequate airspeed during takeoff which resulted in a collision with a river. Contributing to the accident was the pilot’s improper decision to load the airplane above its maximum allowable gross weight. 
",Aircraft - Aircraft oper/perf/capability - Performance/control parameters - Not attained/maintained; Aircraft - Aircraft oper/perf/capability - Aircraft capability - Capability exceeded; Aircraft - Aircraft oper/perf/capability - Performance/control parameters - Not attained/maintained; Personnel issues - Task performance - Use of equip/info - Pilot; Personnel issues - Action/decision - Info processing/decision - Pilot,Accident,61.210482,-150.94421,PIPER,PA-14,Airplane,NA,NA,False,1,Reciprocating,False,Personal,091,Substantial,Visual (VMC),ANGEL AVIATION INC,InitialClimb,Completed,False,Approved by Office Director,NA,NA,8/15/2021,15-8-2021
ANC21LA072,Accident,103711,2021-08-12,Rohn,AK,USA,NA,N4018E,18-7809040,False,Aviation,Aviation,Approved by Office Director,2022-04-20,NA,None,0,0,0,0,0,"The pilot’s failure to maintain directional control during the takeoff roll. 
",Aircraft - Aircraft oper/perf/capability - Performance/control parameters - Not attained/maintained; Personnel issues - Task performance - Use of equip/info - Pilot,Accident,62.293727,-153.37426,PIPER,PA-18-150,Airplane,NA,NA,False,1,Reciprocating,False,Personal,091,Substantial,Visual (VMC),On File,Takeoff,Completed,False,Approved by Office Director,NA,NA,8/12/2021,12-8-2021
ANC21LA073,Accident,103719,2021-08-16,Fairbanks,AK,USA,NA,N97HA,208B0610,False,Aviation,Aviation,Approved by Office Director,2023-04-26,NA,None,0,0,0,0,0,"The pilot’s unexpected encounter with supercooled liquid droplets (SLD), which resulted in a loss of control due to ice accumulation. Contributing to the accident were: (1) the pilot’s failure to maintain the minimum airspeed for flight in icing conditions, (2) the pilot’s failure to disconnect the autopilot every 10 minutes to check for ice buildup, (3) the overweight airplane, (4) the lack of an SLD forecast product for the state of Alaska, and (5) the Federal Aviation Administration's failure to require weight and balance documentation for each flight in Title 14 Code of Federal Regulations Part 135 single-engine operations.",Personnel issues - Task performance - Use of equip/info - Pilot; Environmental issues - Conditions/weather/phenomena - Ceiling/visibility/precip - Effect on equipment; Personnel issues - Task performance - Use of equip/info - Pilot; Environmental issues - Conditions/weather/phenomena - Ceiling/visibility/precip - Awareness of condition; Aircraft - Aircraft oper/perf/capability - Performance/control parameters - Not attained/maintained; Personnel issues - Task performance - Planning/preparation - Pilot; Aircraft - Aircraft oper/perf/capability - Performance/control parameters - Not attained/maintained; Personnel issues - Task performance - Planning/preparation - FAA or designated personnel,Accident,64.935913,-148.20412,CESSNA,208,Airplane,NA,NA,False,1,Turbo prop,True,NA,135,Substantial,Instrument (IMC); Instrument (IMC),WRIGHT AIR SERVICE INC,Enroute; Enroute,Completed,False,Approved by Office Director,NA,NA,8/16/2021,16-8-2021
ANC21LA074,Accident,103736,2021-08-13,Soldotna,AK,USA,NA,N3467Y,18051967,False,Aviation,Aviation,Approved by Office Director,2023-08-23,NA,None,0,0,0,0,0,"The flight instructor's inadequate supervision of the pilot receiving instruction, which resulted in a loss of control during the landing touchdown and a left main landing gear collapse.",Personnel issues - Task performance - Use of equip/info - Pilot; Aircraft - Aircraft oper/perf/capability - Performance/control parameters - Not attained/maintained; Personnel issues - Psychological - Attention/monitoring - Instructor/check pilot; Environmental issues - Physical environment - Object/animal/substance - Contributed to outcome; Environmental issues - Physical environment - Object/animal/substance - Contributed to outcome; Environmental issues - Physical environment - Terrain - Contributed to outcome,Accident,60.475139,-151.03963,CESSNA,180H,Airplane,SXQ,Soldotna Airport,False,1,Reciprocating,False,Instructional,091,Substantial,Visual (VMC); Visual (VMC),On File,Landing,Completed,False,Approved by Office Director,NA,NA,8/13/2021,13-8-2021
ANC21LA075,Accident,103737,2021-08-10,Talkeetna,AK,USA,NA,N1264A,18-1060,False,Aviation,Aviation,Approved by Office Director,2022-12-20,NA,Minor,0,0,0,2,0,The malfunction of the control stick during initial climb for reasons that could not be determined based on available evidence.,Aircraft - Aircraft systems - Flight control system - Inoperative,Accident,62.635386,-149.06035,PIPER,PA-18,Airplane,AK61,STEPHAN LAKE LODGE,False,1,Reciprocating,False,Personal,091,Substantial,Visual (VMC),PIERSKALLA SHEILA,InitialClimb; EmergencyDescent,Completed,False,Approved by Office Director,NA,NA,8/10/2021,10-8-2021
WPR21LA328,Accident,103757,2021-08-20,Wasilla,AK,USA,NA,N89ZW,18-7509114,False,Aviation,Aviation,Approved by Office Director,2022-02-08,NA,None,0,0,0,0,0,"The pilot’s inability to maintain control of the airplane during taxi after it encountered the prop wash from a larger airplane that was conducting a high-power engine run on the same taxiway.
",Aircraft - Aircraft oper/perf/capability - Performance/control parameters - Capability exceeded; Environmental issues - Physical environment - Object/animal/substance - Ability to respond/compensate,Accident,61.639324,-149.2854,PIPER,PA-18-150,Airplane,4AK6,WOLF LAKE,False,1,Reciprocating,False,Personal,091,Substantial,Visual (VMC),On File,Taxi,Completed,False,Approved by Office Director,NA,NA,8/20/2021,20-8-2021
ANC21LA076,Accident,103770,2021-08-28,Kenai,AK,USA,NA,N82064,18-7809123,False,Aviation,Aviation,Approved by Office Director,2022-04-20,NA,None,0,0,0,0,0,"The pilot’s failure to maintain directional control during takeoff in gusting wind conditions which resulted in a loss of control and impact with terrain.
",Aircraft - Aircraft oper/perf/capability - Performance/control parameters - Not attained/maintained; Personnel issues - Task performance - Use of equip/info - Pilot; Environmental issues - Conditions/weather/phenomena - Wind - Response/compensation,Accident,60.77425,-151.89859,PIPER,PA-18-150,Airplane,PVT,PVT,False,1,Reciprocating,False,Personal,091,Substantial,Visual (VMC),On File,Takeoff,Completed,False,Approved by Office Director,NA,NA,8/28/2021,28-8-2021
ANC21LA077,Accident,103778,2021-08-28,Nikolai,AK,USA,NA,N2579M,12-946,False,Aviation,Aviation,Approved by Office Director,2022-04-20,NA,None,0,0,0,0,0,"The pilot’s loss of control on go-around in gusting crosswind conditions. Contributing to accident was the pilot’s decision to attempt to land at a short off-airport landing site with a malfunctioning airspeed indicator. 
",Personnel issues - Task performance - Use of equip/info - Pilot; Aircraft - Aircraft systems - Indicating/recording systems - Malfunction; Aircraft - Aircraft oper/perf/capability - Performance/control parameters - Not attained/maintained; Aircraft - Aircraft oper/perf/capability - Performance/control parameters - Not attained/maintained,Accident,63.01,-152.48,PIPER,PA-12,Airplane,PVT,PVT,False,1,Reciprocating,False,Personal,091,Substantial,Visual (VMC),On File,Approach,Completed,False,Approved by Office Director,NA,NA,8/28/2021,28-8-2021
ANC21LA079,Accident,103782,2021-08-30,Pelican,AK,USA,NA,N878CB,10404,False,Aviation,Aviation,Approved by Office Director,2022-04-20,NA,None,0,0,0,0,0,"The pilot’s improper preflight planning to ensure adequate power to hover out-of-ground effect while conducting external load operations.
",Personnel issues - Task performance - Planning/preparation - Pilot,Accident,58.0903,-136.41332,ROBINSON HELICOPTER COMPANY,R44 II,Helicopter,NA,NA,False,1,Reciprocating,False,External load,133,Substantial,Visual (VMC),HELICOPTER AIR ALASKA LLC,Landing; Landing,Completed,False,Approved by Office Director,NA,NA,8/30/2021,30-8-2021
ANC21LA080,Accident,103783,2021-08-31,Pelican,AK,USA,NA,N779DZ,10149,False,Aviation,Aviation,Approved by Office Director,2022-04-20,NA,None,0,0,0,0,0,"The pilot’s loss of control while landing on a remote helipad. 
",Personnel issues - Task performance - Use of equip/info - Pilot; Aircraft - Aircraft oper/perf/capability - Performance/control parameters - Not attained/maintained,Accident,58.0903,-136.41332,ROBINSON HELICOPTER COMPANY,R44 II,Helicopter,NA,NA,False,1,Reciprocating,False,Positioning,091,Substantial,Visual (VMC),Helicopter Air Alaska LLC,Landing,Completed,False,Approved by Office Director,NA,NA,8/31/2021,31-8-2021
ANC21LA081,Accident,103784,2021-08-21,Kodiak,AK,USA,NA,N4334Y,1401,False,Aviation,Aviation,Approved by Office Director,2022-04-20,NA,None,0,0,0,0,0,"The pilot’s improper landing flare, which resulted in a hard landing and nose over. 
",Personnel issues - Task performance - Use of equip/info - Pilot; Environmental issues - Physical environment - Runway/land/takeoff/taxi surface - Response/compensation; Aircraft - Aircraft oper/perf/capability - Performance/control parameters - Not attained/maintained,Accident,57.496253,-152.58134,DEHAVILLAND,DHC-2 MK. I(L20A),Airplane,NA,NA,False,1,Reciprocating,False,Personal,091,Substantial,Visual (VMC),On File,Landing; Landing; Landing,Completed,False,Approved by Office Director,NA,NA,8/21/2021,21-8-2021
ANC21LA082,Accident,103794,2021-08-30,Soldotna,AK,USA,NA,N3419A,22-1692,False,Aviation,Aviation,Approved by Office Director,2022-04-20,NA,None,0,0,0,0,0,"The pilot’s failure to maintain directional control during landing, which resulted in a ground-loop. 
",Personnel issues - Task performance - Use of equip/info - Pilot; Aircraft - Aircraft oper/perf/capability - Performance/control parameters - Not attained/maintained,Accident,60.48,-151.04,PIPER,PA-22-135,Airplane,SXQ,SOLDOTNA,False,1,Reciprocating,False,Personal,091,Substantial,Visual (VMC); Visual (VMC),On File,Landing,Completed,False,Approved by Office Director,NA,NA,8/30/2021,30-8-2021
ANC21LA083,Accident,103817,2021-09-07,Delta Junction,AK,USA,NA,N125KW,0336E,False,Aviation,Aviation,Approved by Office Director,2022-04-20,NA,Minor,0,0,0,1,0,"The pilot’s inability to maintain lateral control during the takeoff, which resulted in dynamic rollover. Contributing to the accident was the pilot’s decision to utilize an unsuitable landing area for flight operations. 
",Personnel issues - Task performance - Use of equip/info - Pilot; Aircraft - Aircraft oper/perf/capability - Performance/control parameters - Not attained/maintained; Personnel issues - Action/decision - Info processing/decision - Pilot; Environmental issues - Physical environment - Runway/land/takeoff/taxi surface - Ability to respond/compensate,Accident,63.999752,-144.73459,MCDONNELL DOUGLAS HELICOPTER,369E,Helicopter,NA,NA,False,1,Turbo shaft,True,Business,135,Substantial,Visual (VMC); Visual (VMC); Visual (VMC),On File,Takeoff; Takeoff,Completed,False,Approved by Office Director,NA,NA,9/7/2021,7-9-2021
ANC21LA084,Accident,103829,2021-09-04,Gustavus,AK,USA,NA,N371SC,18-8914,False,Aviation,Aviation,Approved by Office Director,2022-04-20,NA,None,0,0,0,0,0,"The pilot’s failure to maintain directional control during an off-airport beach landing. 
",Aircraft - Aircraft oper/perf/capability - Performance/control parameters - Not attained/maintained; Environmental issues - Conditions/weather/phenomena - Wind - Ability to respond/compensate; Personnel issues - Task performance - Use of equip/info - Pilot,Accident,58.406419,-136.98371,PIPER,PA-18-150,Airplane,NA,NA,False,1,Reciprocating,False,Personal,091,Substantial,Visual (VMC),On File,Landing; Landing,Completed,False,Approved by Office Director,NA,NA,9/4/2021,4-9-2021
ANC21LA085,Accident,103846,2021-09-06,Tyonek,AK,USA,NA,N149AK,121338,False,Aviation,Aviation,Approved by Office Director,2022-04-20,NA,None,0,0,0,0,0,"The pilot’s selection of inappropriate terrain and decision to land with a tailwind, which resulted in a loss of directional control, an attempted go-around, and subsequent impact with terrain. 
",Aircraft - Aircraft oper/perf/capability - Performance/control parameters - Not attained/maintained; Personnel issues - Task performance - Use of equip/info - Pilot; Personnel issues - Action/decision - Info processing/decision - Pilot; Aircraft - Aircraft oper/perf/capability - Performance/control parameters - Attain/maintain not possible; Environmental issues - Conditions/weather/phenomena - Wind - Effect on operation,Accident,61.272318,-152.06502,PIPER,PA-12,Airplane,NA,NA,False,1,Reciprocating,False,Personal,091,Substantial,Visual (VMC),On File,Landing; Landing; Landing; Landing,Completed,False,Approved by Office Director,NA,NA,9/6/2021,6-9-2021
ANC21LA086,Accident,103847,2021-09-12,Port Alsworth,AK,USA,NA,N6476M,108-4476,False,Aviation,Aviation,Approved by Office Director,2023-03-29,NA,None,0,0,0,0,0,A loss of directional control for reasons that could not be determined based on the available information.,Aircraft - Aircraft systems - Landing gear system - Failure,Accident,60.2,-154.32,STINSON,108-3,Airplane,PVT,PVT,False,1,Reciprocating,False,Personal,091,Substantial,Visual (VMC),On File,Landing,Completed,False,Approved by Office Director,NA,NA,9/12/2021,12-9-2021
ANC21LA087,Accident,103851,2021-09-10,North Pole,AK,USA,NA,N1441H,15AC-506,False,Aviation,Aviation,Approved by Office Director,2022-04-20,NA,Serious,0,0,0,1,0,"The pilot’s failure to ensure adequate obstacle clearance while maneuvering, which resulted in a collision with a tree and a loss of control.
",Aircraft - Aircraft oper/perf/capability - Performance/control parameters - Not attained/maintained; Personnel issues - Psychological - Attention/monitoring - Pilot; Environmental issues - Physical environment - Object/animal/substance - Effect on equipment,Accident,64.774519,-147.33907,AERONCA,15AC,Airplane,5AK3,AIRWAY,False,1,Reciprocating,False,Personal,091,Substantial,Visual (VMC),HOLDER JIMMY R,Takeoff,Completed,False,Approved by Office Director,NA,NA,9/10/2021,10-9-2021
ANC21LA088,Accident,103883,2021-09-11,Talkeetna,AK,USA,NA,N7MY,18-7242,False,Aviation,Aviation,Approved by Office Director,2022-04-20,NA,None,0,0,0,0,0,"The pilot’s selection of unsuitable terrain for landing, which resulted in a loss of directional control and nose over.
",Environmental issues - Conditions/weather/phenomena - Wind - Effect on operation; Personnel issues - Task performance - Use of equip/info - Pilot; Personnel issues - Action/decision - Info processing/decision - Pilot; Aircraft - Aircraft oper/perf/capability - Performance/control parameters - Not attained/maintained; Environmental issues - Physical environment - Object/animal/substance - Response/compensation; Environmental issues - Physical environment - Terrain - Effect on operation,Accident,62.537216,-149.64694,PIPER,PA-18-150,Airplane,NA,NA,False,1,Reciprocating,False,Personal,091,Substantial,Visual (VMC),On File,Landing; Landing; Landing; Landing,Completed,False,Approved by Office Director,NA,NA,9/11/2021,11-9-2021
ANC21LA091,Accident,103917,2021-09-18,Nenana,AK,USA,NA,N6357N,95,False,Aviation,Aviation,Approved by Office Director,2022-04-20,NA,None,0,0,0,0,0,"The pilots over application of the brakes during landing, which resulted in a nose-over. 
",Aircraft - Aircraft oper/perf/capability - Performance/control parameters - Incorrect use/operation; Aircraft - Aircraft systems - Landing gear system - Incorrect use/operation; Environmental issues - Conditions/weather/phenomena - Wind - Contributed to outcome; Personnel issues - Task performance - Use of equip/info - Pilot,Accident,64.310083,-147.3275,CHAMPION,7GCBC,Airplane,2AK1,BLAIR LAKE,False,1,Reciprocating,False,Personal,091,Substantial,Visual (VMC); Visual (VMC),On File,Landing; Landing,Completed,False,Approved by Office Director,NA,NA,9/18/2021,18-9-2021
ANC21LA092,Accident,103919,2021-09-18,Homer,AK,USA,NA,N2808P,22-3101,False,Aviation,Aviation,Approved by Office Director,2022-04-20,NA,None,0,0,0,0,0,"The pilot’s failure to maintain directional control while landing in crosswind conditions. 
",Aircraft - Aircraft oper/perf/capability - Performance/control parameters - Not attained/maintained; Personnel issues - Task performance - Use of equip/info - Pilot; Environmental issues - Conditions/weather/phenomena - Wind - Effect on operation,Accident,59.643255,-151.48317,PIPER,PA-22-150,Airplane,HOM,HOMER,False,1,Reciprocating,False,Personal,091,Substantial,Visual (VMC),On File,Landing; Landing; Landing,Completed,False,Approved by Office Director,NA,NA,9/18/2021,18-9-2021
ANC21LA093,Accident,103925,2021-09-17,Chandalar Shelf,AK,USA,NA,N8061D,22-5584,False,Aviation,Aviation,Approved by Office Director,2022-04-20,NA,None,0,0,0,0,0,"A separation of the rudder cable from the rudder pedal due to the connecting bolt detaching for undetermined reasons, which resulted in a loss of directional control.
",Aircraft - Aircraft systems - Flight control system - Unknown/Not determined; Aircraft - Aircraft systems - Flight control system - Failure; Aircraft - Fluids/misc hardware - Misc hardware - Unknown/Not determined,Accident,68.050258,-149.56688,PIPER,PA-22-150,Airplane,5CD,CHANDALAR SHELF,False,1,Reciprocating,False,Personal,091,Substantial,Visual (VMC),On File,Takeoff; Landing; EmergencyDescent,Completed,False,Approved by Office Director,NA,NA,9/17/2021,17-9-2021
ANC21LA094,Accident,103927,2021-08-21,Bettles,AK,USA,NA,N560TR,141,False,Aviation,Aviation,Approved by Office Director,2023-09-27,NA,None,0,0,0,0,0,"The seizure of the engine during flight for undetermined reasons, which led to a total loss of engine power.",Aircraft - Aircraft power plant - Engine (reciprocating) - Unknown/Not determined; Not determined - Not determined - (general) - Unknown/Not determined,Accident,68.07526,-155.83897,DEHAVILLAND,DHC-3,Airplane,NA,NA,False,1,Reciprocating,False,Business,135,Substantial,Visual (VMC),"Sourdough Air Service, Inc.",Enroute,Completed,False,Approved by Office Director,NA,NA,8/21/2021,21-8-2021
ANC21LA096,Accident,103972,2021-09-23,Chickaloon,AK,USA,NA,N4276H,1480,False,Aviation,Aviation,Approved by Office Director,2023-03-29,NA,Minor,0,0,1,1,0,A total loss of engine power during takeoff for reasons that could not be determined based on the available information.,Not determined - Not determined - (general) - Unknown/Not determined; Aircraft - Aircraft power plant - Engine (reciprocating) - Inoperative,Accident,61.791111,-148.35166,PIPER,PA-14,Airplane,AK59,King Ranch,False,1,Reciprocating,False,Personal,091,Substantial,Visual (VMC),Kingdom Air Corps,Takeoff; Takeoff; Takeoff; Takeoff,Completed,False,Approved by Office Director,NA,NA,9/23/2021,23-9-2021
ANC21LA097,Accident,103977,2021-09-26,Kotzebue,AK,USA,NA,N716,18051088,False,Aviation,Aviation,Approved by Office Director,2022-04-20,NA,None,0,0,0,0,0,"The pilot’s loss of control during takeoff due to a gusty, variable wind and the rough terrain.  
",Environmental issues - Physical environment - Runway/land/takeoff/taxi surface - Contributed to outcome; Personnel issues - Task performance - Use of equip/info - Pilot; Environmental issues - Conditions/weather/phenomena - Wind - Contributed to outcome,Accident,67.489064,-162.17135,CESSNA,180E,Airplane,PAOT,Ralph Wien Memorial,False,1,Reciprocating,True,Personal,091,Substantial,Visual (VMC),On File,Takeoff,Completed,False,Approved by Office Director,NA,NA,9/26/2021,26-9-2021
ANC21LA098,Accident,104026,2021-09-29,Willow,AK,USA,NA,N9724P,18-7609003,False,Aviation,Aviation,Approved by Office Director,2022-04-29,NA,None,0,0,0,0,0,"The pilot’s failure to maintain clearance to terrain following a go-around.
",Personnel issues - Task performance - Use of equip/info - Pilot,Accident,61.746951,-150.06163,PIPER,PA-18-150,Airplane,NA,NA,False,1,Reciprocating,False,Personal,091,Substantial,Visual (VMC),On File,Landing,Completed,False,Approved by Office Director,NA,NA,9/29/2021,29-9-2021
ANC21LA099,Accident,104038,2021-09-23,Cordova,AK,USA,NA,N82448,18-7909099,False,Aviation,Aviation,Approved by Office Director,2022-04-29,NA,None,0,0,0,0,0,"The pilot’s failure to maintain control of the airplane after landing in gusty wind conditions.
",Personnel issues - Task performance - Use of equip/info - Pilot; Environmental issues - Conditions/weather/phenomena - Wind - Contributed to outcome,Accident,60.0952,-142.8183,PIPER,PA-18-150,Airplane,NA,NA,False,1,Reciprocating,False,Business,091,Substantial,Visual (VMC),Fejes Guide Service LTD,Landing,Completed,False,Approved by Office Director,NA,NA,9/23/2021,23-9-2021
ANC21LA100,Accident,104066,2021-09-18,Birchwood,AK,USA,NA,N35408,17281081,False,Aviation,Aviation,Approved by Office Director,2022-04-29,NA,None,0,0,0,0,0,"The flight instructor’s inadequate supervision of the student pilot, and student pilot’s improper landing flare, resulting in a hard landing.
",Personnel issues - Action/decision - Action - Student/instructed pilot; Aircraft - Aircraft oper/perf/capability - Performance/control parameters - Not attained/maintained; Personnel issues - Action/decision - Action - Instructor/check pilot,Accident,61.3662,-149.5083,CESSNA,172R,Airplane,PABV,Birchwood,False,1,Reciprocating,False,Instructional,091,Substantial,Visual (VMC); Visual (VMC),ELMENDORF AERO CLUB,Landing,Completed,False,Approved by Office Director,NA,NA,9/18/2021,18-9-2021
ANC21LA101,Accident,104475,2021-09-01,Glennallen,AK,USA,NA,N8987Y,18-7409132,False,Aviation,Aviation,Approved by Office Director,2022-06-14,NA,None,0,0,0,0,0,"The pilot’s improper landing flare while landing off-airport with a tailwind.
",Personnel issues - Task performance - Use of equip/info - Pilot; Aircraft - Aircraft oper/perf/capability - Performance/control parameters - Not attained/maintained; Environmental issues - Conditions/weather/phenomena - Wind - Response/compensation,Accident,62.333333,-147.67583,PIPER,PA-18-150,Airplane,NA,NA,False,1,Reciprocating,False,Personal,091,Substantial,Visual (VMC); Visual (VMC),On File,Landing,Completed,False,Approved by Office Director,NA,NA,9/1/2021,1-9-2021
