NtsbNo,EventType,Mkey,EventDate,City,State,Country,ReportNo,N#,SerialNumber,HasSafetyRec,Mode,TopicMode,ReportType,OriginalPublishedDate,DocketOriginalPublishedDate,HighestInjuryLevel,FatalInjuryCount,SeriousInjuryCount,MinorInjuryCount,OnboardInjuryCount,OnGroundInjuryCount,ProbableCause,Findings,EventID,Latitude,Longitude,Make,Model,AirCraftCategory,AirportID,AirportName,AmateurBuilt,NumberOfEngines,EngineType,Scheduled,PurposeOfFlight,FAR,AirCraftDamage,WeatherCondition,Operator,BroadPhaseofFlight,ReportStatus,RepGenFlag,MostRecentReportType,DocketUrl,ReportUrl,first_bad_date,second_bad_date
WPR26LA060,Accident,202173,2025-12-15,Tracy,CA,USA,NA,N360FV,E-4035,False,Aviation,Aviation,Approved by Office Director,NA,NA,Minor,0,0,1,1,0,NA,NA,Accident,37.692888,-121.40115,BEECHCRAFT CORP,G36,Airplane,TCY,Tracy Municipal,False,1,NA,False,Personal,091,Substantial,Instrument (IMC); Instrument (IMC); Instrument (IMC),On File,Enroute,Ongoing,False,Approved by Office Director,NA,NA,12/15/2025,15-12-2025
WPR26LA065,Accident,202192,2025-12-20,Temecula,CA,USA,NA,N8155S,15061755,False,Aviation,Aviation,Approved by Office Director,2026-05-07,NA,None,0,0,0,0,0,"The pilot’s inadequate preflight inspection and fuel planning, which resulted in a total loss of engine power due to fuel exhaustion.",Personnel issues - Action/decision - Info processing/decision - Pilot; Personnel issues - Task performance - Planning/preparation - Pilot; Aircraft - Fluids/misc hardware - Fluids - Fluid level; Personnel issues - Task performance - Inspection - Pilot; Environmental issues - Physical environment - Object/animal/substance - Contributed to outcome,Accident,33.560667,-117.02333,CESSNA,150F,Airplane,NA,NA,False,1,Reciprocating,False,Personal,091,Substantial,Visual (VMC),On File,Standing; Landing; Enroute,Completed,False,Approved by Office Director,NA,NA,12/20/2025,20-12-2025
WPR26LA066,Accident,202194,2025-12-19,El Cajon,CA,USA,NA,N68830,755667,False,Aviation,Aviation,Approved by Office Director,2026-03-13,NA,None,0,0,0,0,0,The pilot's failure to maintain directional control during the landing roll.,Aircraft - Aircraft oper/perf/capability - Performance/control parameters - Not attained/maintained; Personnel issues - Task performance - Use of equip/info - Pilot; Environmental issues - Conditions/weather/phenomena - Wind - Effect on operation,Accident,32.827014,-116.96803,BOEING,PT-13D,Airplane,SEE,GILLESPIE FLD,False,1,Reciprocating,False,Personal,091,Substantial,Visual (VMC),On File,Landing,Completed,False,Approved by Office Director,NA,NA,12/19/2025,19-12-2025
WPR26FA069,Accident,202208,2025-12-24,Rio Linda,CA,USA,NA,N2785Q,32-688,False,Aviation,Aviation,Approved by Office Director,NA,NA,Fatal,0,0,0,2,0,NA,NA,Accident,38.666,-121.448,PIPER,PA-32-260,Airplane,L36,RIO LINDA,False,1,NA,False,Personal,091,Substantial,Visual (VMC),On File,Takeoff,Ongoing,False,Approved by Office Director,NA,NA,12/24/2025,24-12-2025
WPR26LA071,Accident,202220,2025-12-23,Lake Elsinore,CA,USA,NA,N272HM,1079,False,Aviation,Aviation,Approved by Office Director,2026-03-13,NA,None,0,0,0,0,0,The pilot’s intentional deployment of the airframe parachute system due to task-saturation in instrument meteorological conditions.,Personnel issues - Psychological - Cognitive limitation - Pilot; Aircraft - Aircraft oper/perf/capability - Performance/control parameters - Not attained/maintained; Personnel issues - Action/decision - Info processing/decision - Pilot,Accident,33.6092,-117.43,CIRRUS DESIGN CORP,SR22T,Airplane,SNA,JOHN WAYNE/ORANGE COUNTY,False,1,Reciprocating,False,Business,091,Substantial,Visual (VMC); Visual (VMC); Visual (VMC); Visual (VMC),On File,Enroute; Landing; EmergencyDescent; Enroute,Completed,False,Approved by Office Director,NA,NA,12/23/2025,23-12-2025
WPR26LA073,Accident,202222,2025-12-27,Needles,CA,USA,NA,N2312T,2011 1410,False,Aviation,Aviation,Approved by Office Director,NA,NA,None,0,0,0,0,0,NA,NA,Accident,34.766347,-114.62327,EVEKTOR - AEROTECHNIK A S,SPORTSTAR MAX,Airplane,EED,NEEDLES,False,1,NA,False,Personal,091,Substantial,Visual (VMC); Visual (VMC); Visual (VMC),ATHENEAIR LLC,Enroute,Ongoing,False,Approved by Office Director,NA,NA,12/27/2025,27-12-2025
DCA26LA097,Accident,202310,2026-01-16,San Bernardino,CA,USA,NA,N443AZ,NA,False,Aviation,Aviation,Approved by Office Director,NA,NA,None,0,0,0,0,0,NA,NA,Accident,NA,NA,BOEING,767-323,NA,NA,NA,False,NA,NA,False,NA,121,NA,NA,Air Transport International,Landing,Ongoing,False,Approved by Office Director,NA,NA,1/16/2026,16-1-2026
DCA26LA115,Accident,202424,2026-02-09,San Francisco,CA,USA,NA,N2188J; N2188J,11955; 11955,False,Aviation,Aviation,Approved by Office Director,2026-07-16,NA,None,0,0,0,0,0,"The first officer’s excessive aft sidestick input combined with decaying airspeed during initiation of a go-around, resulting in an increase in the airplane pitch attitude and subsequent lower fuselage contacting the runway.",Aircraft - Aircraft structures - Fuselage - Damaged/degraded; Personnel issues - Action/decision - Action - Copilot; Personnel issues - Action/decision - Info processing/decision - Copilot,Accident,37.618889,-122.375,AIRBUS; AIRBUS,A321-271NX; A321-271NX,Airplane; Airplane,SFO,SAN FRANCISCO INTL,False,2,Turbo fan; Turbo fan,True,NA,121; 121,Substantial; Substantial,Visual (VMC); Visual (VMC); Visual (VMC); Visual (VMC); Visual (VMC),JETBLUE AIRWAYS CORP; JETBLUE AIRWAYS CORP,Landing,Completed,False,Approved by Office Director,NA,NA,2/9/2026,9-2-2026
WPR26FA103,Accident,202437,2026-02-16,Camarillo,CA,USA,NA,N9735X,21058035,False,Aviation,Aviation,Approved by Office Director,NA,NA,Fatal,1,1,0,2,0,NA,NA,Accident,34.229734,-119.05224,CESSNA,210B,Airplane,CMA,CAMARILLO,False,1,NA,False,Personal,091,Substantial,Visual (VMC),Rudolph Oelofse,Enroute; EmergencyDescent,Ongoing,False,Approved by Office Director,NA,NA,2/16/2026,16-2-2026
WPR26LA106,Accident,202487,2026-02-20,Kneeland,CA,USA,NA,N72904,10098,False,Aviation,Aviation,Approved by Office Director,2026-05-14,NA,None,0,0,0,0,0,The pilot’s failure to maintain airplane control during landing roll on a snow-covered runway.,Personnel issues - Task performance - Use of equip/info - Pilot; Environmental issues - Physical environment - Runway/land/takeoff/taxi surface - Effect on equipment; Personnel issues - Action/decision - Info processing/decision - Pilot,Accident,40.718228,-123.92712,CESSNA,120,Airplane,O19,Kneeland,False,1,Reciprocating,False,Personal,091,Substantial,Visual (VMC),On File,Landing; Landing,Completed,False,Approved by Office Director,NA,NA,2/20/2026,20-2-2026
WPR26LA107,Accident,202498,2026-02-24,Big Bear,CA,USA,NA,N811LE,30-1224,False,Aviation,Aviation,Approved by Office Director,NA,NA,None,0,0,0,0,0,NA,NA,Accident,34.263778,-116.85602,PIPER,PA-30,Airplane,L35,BIG BEAR CITY,False,2,NA,False,Personal,091,Substantial,Visual (VMC); Visual (VMC),On File,Landing,Ongoing,False,Approved by Office Director,NA,NA,2/24/2026,24-2-2026
WPR26FA109,Accident,202565,2026-02-28,Oroville,CA,USA,NA,N3170Z,22-7122,False,Aviation,Aviation,Approved by Office Director,NA,NA,Fatal,0,0,0,1,0,NA,NA,Accident,39.665913,-121.65727,PIPER,PA-22-150,Airplane,CA92,PARADISE SKYPARK,False,1,NA,False,Personal,091,Destroyed,Visual (VMC),On File,Approach; Unknown,Ongoing,False,Approved by Office Director,NA,NA,2/28/2026,28-2-2026
DCA26LA184,Incident,202579,2026-03-02,Los Angeles,CA,USA,NA,N24972,40939,False,Aviation,Aviation,Approved by Office Director,NA,NA,None,0,0,0,0,0,NA,NA,Incident,33.942368,-118.40354,BOEING,787-9,Airplane,LAX,LOS ANGELES INTL,False,2,NA,True,NA,121,None,Visual (VMC); Visual (VMC); Visual (VMC); Visual (VMC); Visual (VMC),UNITED AIRLINES INC,Enroute; Landing,Ongoing,False,Approved by Office Director,NA,NA,3/2/2026,2-3-2026
WPR26LA115,Accident,202591,2026-03-02,Atwater,CA,USA,NA,N258MF,0003,False,Aviation,Aviation,Approved by Office Director,NA,NA,None,0,0,0,0,0,NA,NA,Accident,37.383492,-120.57472,MIGHTYFLY INC,MF-100,Airplane,MER,NA,False,8,NA,False,NA,107,Destroyed,NA,MIGHTYFLY INC,Maneuvering,Ongoing,False,Approved by Office Director,NA,NA,3/2/2026,2-3-2026
WPR26FA121,Accident,202626,2026-03-09,Mojave,CA,USA,NA,N530XX,0710FF,False,Aviation,Aviation,Approved by Office Director,NA,NA,Fatal,0,0,0,1,0,NA,NA,Accident,35.038279,-118.26446,MD HELICOPTERS INC,369FF,Helicopter,NA,NA,False,2,NA,False,External load,133,Substantial,Visual (VMC),FERGUSON AND SONS CONSTRUCTION LLC,Maneuvering,Ongoing,False,Approved by Office Director,NA,NA,3/9/2026,9-3-2026
WPR26LA124,Accident,202637,2026-03-11,Upland,CA,USA,NA,N29138,21059815,False,Aviation,Aviation,Approved by Office Director,2026-05-07,NA,Minor,0,0,0,1,0,"The pilot’s improper approach, which resulted in a long landing, runway excursion, and a nose over.",Aircraft - Aircraft oper/perf/capability - Performance/control parameters - Incorrect use/operation; Aircraft - Aircraft oper/perf/capability - Performance/control parameters - Not attained/maintained,Accident,34.111609,-117.68738,CESSNA,T210,Airplane,CCB,CABLE,False,1,Reciprocating,False,Personal,091,Substantial,Visual (VMC); Visual (VMC),On File,Landing,Completed,False,Approved by Office Director,NA,NA,3/11/2026,11-3-2026
WPR26FA130,Accident,202675,2026-03-23,Olympic Valley,CA,USA,NA,N2882W,E-452,False,Aviation,Aviation,Approved by Office Director,NA,NA,Fatal,0,0,0,1,0,NA,NA,Accident,39.176506,-120.24677,BEECH,A36,Airplane,NA,NA,False,1,NA,False,Personal,091,Substantial,Visual (VMC),On File,Enroute,Ongoing,False,Approved by Office Director,NA,NA,3/23/2026,23-3-2026
WPR26LA135,Accident,202685,2026-03-20,Big Bear,CA,USA,NA,N9368A,7447,False,Aviation,Aviation,Approved by Office Director,2026-06-17,NA,None,0,0,0,0,0,The pilot's failure to maintain directional control during the landing roll with a quartering tailwind.,Aircraft - Aircraft oper/perf/capability - Performance/control parameters - Not attained/maintained; Personnel issues - Task performance - Use of equip/info - Pilot; Environmental issues - Conditions/weather/phenomena - Wind - Effect on operation,Accident,34.2638,-116.856,CESSNA,195,Airplane,L35,BIG BEAR CITY,False,1,Reciprocating,False,Personal,091,Substantial,Visual (VMC); Visual (VMC),On File,Landing; Landing; Landing; Landing,Completed,False,Approved by Office Director,NA,NA,3/20/2026,20-3-2026
WPR26LA143,Accident,202717,2026-03-27,Lincoln,CA,USA,NA,N11446,C0203-0277,False,Aviation,Aviation,Approved by Office Director,2026-08-11,NA,None,0,0,0,0,0,"The pilot's failure to properly flare the airplane during landing, which resulted in a hard landing and separation of the main landing gear. Contributing to the accident was the improper installation and over torquing of the landing gear attachment hardware, which reduced the load-carrying capacity of the landing gear clamping brackets.",Personnel issues - Task performance - Use of equip/info - Pilot; Aircraft - Aircraft oper/perf/capability - Performance/control parameters - Not attained/maintained; Aircraft - Aircraft systems - Landing gear system - Capability exceeded; Aircraft - Aircraft systems - Landing gear system - Incorrect service/maintenance,Accident,38.909167,-121.35133,Paul D Cannon,Kitfox Light Squared,Airplane,LHM,Lincoln Regional / Karl Harder Field,True,1,Reciprocating,False,Personal,091,Substantial,Visual (VMC),On File,Landing; Landing; Landing; Landing,Completed,False,Approved by Office Director,NA,NA,3/27/2026,27-3-2026
WPR26LA144,Accident,202718,2026-03-26,Los Angeles,CA,USA,NA,N24932,15280456,False,Aviation,Aviation,Approved by Office Director,2026-06-17,NA,None,0,0,0,0,0,The pilot’s failure to maintain adequate clearance from a jet blast fence during taxi.,Personnel issues - Psychological - Attention/monitoring - Pilot; Aircraft - Aircraft oper/perf/capability - Performance/control parameters - Not attained/maintained; Environmental issues - Physical environment - Object/animal/substance - Ability to respond/compensate,Accident,34.217245,-118.49078,CESSNA,152,Airplane,VNY,Van Nuys,False,1,Reciprocating,False,Personal,091,Substantial,Visual (VMC); Visual (VMC),On File,Taxi,Completed,False,Approved by Office Director,NA,NA,3/26/2026,26-3-2026
WPR26LA148,Accident,202775,2026-03-23,Chula Vista,CA,USA,NA,N120LF,1042,False,Aviation,Aviation,Approved by Office Director,2026-07-01,NA,None,0,0,0,0,0,"The pilot’s improper landing flare, which resulted in a bounced landing and a subsequent runway excursion.",Personnel issues - Task performance - Use of equip/info - Pilot; Personnel issues - Experience/knowledge - Experience/qualifications - Pilot; Aircraft - Aircraft oper/perf/capability - Performance/control parameters - Not attained/maintained,Accident,32.633372,-116.89031,QUICKSILVER,GT-400,Airplane,0CL3,JOHN NICHOL'S FLD,True,1,Reciprocating,False,Personal,091,Substantial,Visual (VMC); Visual (VMC),On File,Landing; Landing,Completed,False,Approved by Office Director,NA,NA,3/23/2026,23-3-2026
ANC26FA024,Accident,202790,2026-04-09,Avalon,CA,USA,NA,N166TW,161,False,Aviation,Aviation,Approved by Office Director,NA,NA,Fatal,0,0,0,2,0,NA,NA,Accident,33.322789,-118.35079,AIRPLANE FACTORY (PTY) LTD THE,SLING,Airplane,NA,NA,False,1,NA,False,Personal,091,Substantial,Visual (VMC),SARNER JASON L,Unknown,Ongoing,False,Approved by Office Director,NA,NA,4/9/2026,9-4-2026
WPR26LA158,Accident,202810,2026-04-13,Williams,CA,USA,NA,N77UK,31088,False,Aviation,Aviation,Approved by Office Director,NA,NA,Minor,0,0,0,1,0,NA,NA,Accident,39.163502,-122.13164,ALEXANDER SCHLEICHER GMBH & CO,ASH 31 MI,Glider,CN12,Williams Gliderport,False,1,NA,False,Personal,091,Substantial,Visual (VMC),On File,InitialClimb; Maneuvering; Maneuvering,Ongoing,False,Approved by Office Director,NA,NA,4/13/2026,13-4-2026
WPR26LA159,Accident,202836,2026-04-13,Fullerton,CA,USA,NA,N285AH,1863,False,Aviation,Aviation,Approved by Office Director,2026-06-22,NA,Minor,0,0,0,1,0,"The pilot’s loss of control during takeoff, due to the seat sliding aft.",Aircraft - Aircraft systems - Equipment/furnishings - Malfunction; Aircraft - Aircraft oper/perf/capability - Performance/control parameters - Attain/maintain not possible; Personnel issues - Task performance - Use of equip/info - Pilot; Aircraft - Aircraft oper/perf/capability - Performance/control parameters - Attain/maintain not possible,Accident,33.872014,-117.97978,CIRRUS DESIGN CORP,SR22T,Airplane,FUL,Fullerton Municipal Airport,False,1,Reciprocating,False,Executive/Corporate,091,Substantial,Visual (VMC); Visual (VMC),On File,Takeoff; Takeoff,Completed,False,Approved by Office Director,NA,NA,4/13/2026,13-4-2026
WPR26LA164,Accident,202856,2026-04-20,Pacoima,CA,USA,NA,N2126F,172S10458,False,Aviation,Aviation,Approved by Office Director,NA,NA,Serious,0,0,0,1,0,NA,NA,Accident,34.266896,-118.4206,CESSNA,172S,Airplane,WHP,WHITEMAN,False,1,NA,False,Personal,091,Substantial,Visual (VMC),On File,Approach,Ongoing,False,Approved by Office Director,NA,NA,4/20/2026,20-4-2026
WPR26LA169,Accident,202904,2026-04-22,Carlsbad,CA,USA,NA,N733WT,17268613,False,Aviation,Aviation,Approved by Office Director,NA,NA,None,0,0,0,0,0,NA,NA,Accident,33.12825,-117.28008,CESSNA,172N,Airplane,KCRQ,NA,False,1,NA,False,Personal,091,Substantial,NA,ANDERSON AVIATION SERVICES INC,Landing,Ongoing,False,Approved by Office Director,NA,NA,4/22/2026,22-4-2026
WPR26LA170,Accident,202905,2026-04-27,Elk Grove,CA,USA,NA,N355WC,1293,False,Aviation,Aviation,Approved by Office Director,2026-08-11,NA,None,0,0,0,0,0,"The pilot’s delayed decision to deflate the balloon during a static display in windy conditions, which resulted in a loss of control and impact with a building. Contributing to the accident was the proximity of the balloon from structures during a static display.",Personnel issues - Action/decision - Action - Pilot; Aircraft - Aircraft handling/service - Parking/securing - Incorrect use/operation; Environmental issues - Conditions/weather/phenomena - Wind - Effect on equipment,Accident,38.3821,-121.34727,BALONY KUBICEK SPOL SRO,BB100Z,Balloon,NA,N/A,False,0,NA,False,Personal,091,Substantial,Visual (VMC); Visual (VMC),Wim Scott van der Horst,InitialClimb; Unknown,Completed,False,Approved by Office Director,NA,NA,4/27/2026,27-4-2026
WPR26LA171,Accident,202909,2026-04-25,Redding,CA,USA,NA,N6130F,21059030,False,Aviation,Aviation,Approved by Office Director,2026-07-30,NA,None,0,0,0,0,0,The pilot’s failure to extend the landing gear before landing due to distraction and his failure to conduct the before landing checklist.,Personnel issues - Task performance - Use of equip/info - Pilot; Personnel issues - Psychological - Attention/monitoring - Pilot; Aircraft - Aircraft systems - Landing gear system - Not used/operated; Personnel issues - Psychological - Attention/monitoring - Pilot,Accident,40.57368,-122.40733,CESSNA,210,Airplane,O85,BENTON FLD,False,1,Reciprocating,False,Personal,091,Substantial,Visual (VMC),On File,Landing,Completed,False,Approved by Office Director,NA,NA,4/25/2026,25-4-2026
WPR26LA173,Accident,202929,2026-04-18,Salinas,CA,USA,NA,N143AW,1030 AT 912 LSA,False,Aviation,Aviation,Approved by Office Director,NA,NA,None,0,0,0,0,0,NA,NA,Accident,36.667411,-121.61363,PIPISTREL D O O,ALPHA TRAINER,Airplane,SNS,Salinas Municipal Airport,False,1,NA,False,Instructional,091,Substantial,Visual (VMC),APOGEE AIR VENTURE LLC,InitialClimb; InitialClimb; Approach; Landing,Ongoing,False,Approved by Office Director,NA,NA,4/18/2026,18-4-2026
ANC26FA039,Accident,202952,2026-05-07,Armistead,CA,USA,NA,N227TF,18281826,False,Aviation,Aviation,Approved by Office Director,NA,NA,Fatal,0,0,0,2,0,NA,NA,Accident,35.5,-117.85,CESSNA,182T,Airplane,NA,NA,False,1,NA,False,Instructional,091,Substantial,Visual (VMC),TOP FLIGHT AVIATION INC,Unknown,Ongoing,False,Approved by Office Director,NA,NA,5/7/2026,7-5-2026
WPR26LA182,Accident,202973,2026-05-12,Jurupa Valley,CA,USA,NA,N5832L,AA5-0232,False,Aviation,Aviation,Approved by Office Director,NA,NA,None,0,0,0,0,0,NA,NA,Accident,33.989026,-117.40765,AMERICAN,AA-5,Airplane,RIR,FLABOB,False,1,NA,False,Personal,091,Substantial,NA,On File,Landing,Ongoing,False,Approved by Office Director,NA,NA,5/12/2026,12-5-2026
WPR26LA194,Accident,203008,2026-05-13,Palo Alto,CA,USA,NA,N40CT,V00300,False,Aviation,Aviation,Approved by Office Director,2026-07-01,NA,Minor,0,0,0,1,0,"The pilot’s failure to maintain directional control during the landing roll, in gusting crosswind conditions.",Aircraft - Aircraft oper/perf/capability - Performance/control parameters - Not attained/maintained; Environmental issues - Conditions/weather/phenomena - Wind - Effect on equipment; Personnel issues - Task performance - Use of equip/info - Pilot; Environmental issues - Conditions/weather/phenomena - Wind - Effect on equipment; Aircraft - Aircraft oper/perf/capability - Performance/control parameters - Not attained/maintained,Accident,37.46,-122.12,AUTOGYRO,CAVALON,Gyroplane,KPAO,Palo Alto Airport,True,1,Reciprocating,False,Personal,091,Substantial,Visual (VMC),On File,Landing; Landing; Landing; Landing,Completed,False,Approved by Office Director,NA,NA,5/13/2026,13-5-2026
WPR26FA198,Accident,203043,2026-05-23,Woodlake,CA,USA,NA,N4452H,24-0738,False,Aviation,Aviation,Approved by Office Director,NA,NA,Fatal,0,0,0,1,0,NA,NA,Accident,36.399411,-119.11846,MOONEY,M20J,Airplane,O42,WOODLAKE,False,1,NA,False,Personal,091,Destroyed,Visual (VMC),On File,Maneuvering,Ongoing,False,Approved by Office Director,NA,NA,5/23/2026,23-5-2026
WPR26LA204,Accident,203102,2026-05-30,Robbins,CA,USA,NA,N5111A,602-0427,False,Aviation,Aviation,Approved by Office Director,NA,NA,Minor,0,0,0,1,0,NA,NA,Accident,38.877441,-121.69006,AIR TRACTOR INC,AT-602,Airplane,NA,NA,False,1,NA,False,Aerial application,137,Substantial,Visual (VMC),BASIN AVIATION INC,Enroute,Ongoing,False,Approved by Office Director,NA,NA,5/30/2026,30-5-2026
WPR26LA207,Accident,203108,2026-06-01,Wheeler Ridge,CA,USA,NA,N88755,2252,False,Aviation,Aviation,Approved by Office Director,NA,NA,None,0,0,0,0,0,NA,NA,Accident,35,-119,BELL,47G-2,Helicopter,NA,NA,False,1,NA,False,NA,137,Substantial,NA,On File,Takeoff,Ongoing,False,Approved by Office Director,NA,NA,6/1/2026,1-6-2026
WPR26LA213,Accident,203154,2026-05-27,Big Bend,CA,USA,NA,N135DS,30,False,Aviation,Aviation,Approved by Office Director,NA,NA,Serious,0,0,0,2,0,NA,NA,Accident,38.223942,-122.45005,Moose,SR 2500,Airplane,0Q3,Sonoma Valley Airport,True,1,NA,False,Personal,091,Substantial,Visual (VMC); Visual (VMC),JM Environmental INC,Landing; Takeoff,Ongoing,False,Approved by Office Director,NA,NA,5/27/2026,27-5-2026
WPR26LA220,Accident,203179,2026-06-11,Morgan Hill,CA,USA,NA,N55231,172S11414,False,Aviation,Aviation,Approved by Office Director,NA,NA,None,0,0,0,0,0,NA,NA,Accident,37.129839,-121.63298,CESSNA,172S,Airplane,E16,NA,False,1,NA,False,Instructional,091,Substantial,Visual (VMC),GOLF NOVEMBER AERO LLC,Maneuvering,Ongoing,False,Approved by Office Director,NA,NA,6/11/2026,11-6-2026
WPR26LA222,Accident,203196,2026-06-17,DEATH VALLEY,CA,USA,NA,N96FA,172S10002,False,Aviation,Aviation,Approved by Office Director,NA,NA,None,0,0,0,0,0,NA,NA,Accident,36.4605,-116.8798,CESSNA,172S,Airplane,L06,Furnace Creek Airport,False,1,NA,False,Personal,091,Substantial,Visual (VMC),On File,Landing,Ongoing,False,Approved by Office Director,NA,NA,6/17/2026,17-6-2026
WPR26LA226,Accident,203224,2026-06-21,Los Angeles,CA,USA,NA,N2194S,R18201312,False,Aviation,Aviation,Approved by Office Director,NA,NA,None,0,0,0,0,0,NA,NA,Accident,34.210302,-118.48855,CESSNA,TR182,Airplane,VNY,VAN NUYS,False,1,NA,False,Personal,091,Substantial,Visual (VMC),On File,Landing,Ongoing,False,Approved by Office Director,NA,NA,6/21/2026,21-6-2026
WPR26LA227,Accident,203227,2026-06-21,Healdsburg,CA,USA,NA,N8329H,32,False,Aviation,Aviation,Approved by Office Director,NA,NA,None,0,0,0,0,0,NA,NA,Accident,38.615934,-122.76603,EMIGH,TROJAN A2,Airplane,NA,NA,False,1,NA,False,Instructional,091,Substantial,Visual (VMC),On File,Enroute,Ongoing,False,Approved by Office Director,NA,NA,6/21/2026,21-6-2026
WPR26LA228,Accident,203230,2026-06-16,Los Angeles,CA,USA,NA,N84BZ,L2K-133,False,Aviation,Aviation,Approved by Office Director,NA,NA,Minor,0,0,0,1,0,NA,NA,Accident,34.258482,-118.41116,LANCAIR,LEGACY 2000,Airplane,WHP,Whiteman,True,1,NA,False,Personal,091,Substantial,Visual (VMC),On File,Landing,Ongoing,False,Approved by Office Director,NA,NA,6/16/2026,16-6-2026
WPR26LA237,Accident,203283,2026-06-29,San Jose,CA,USA,NA,N423AG,M01235,False,Aviation,Aviation,Approved by Office Director,NA,NA,Serious,0,1,1,2,0,NA,NA,Accident,37.338687,-121.82438,AUTOGYRO,MT03,Gyroplane,RHV,Reid Hillview of Santa-Clara County,False,1,NA,False,Personal,091,Substantial,Visual (VMC),On File,Takeoff,Ongoing,False,Approved by Office Director,NA,NA,6/29/2026,29-6-2026
WPR26LA239,Accident,203286,2026-06-27,El Cajon,CA,USA,NA,N1607D,20249,False,Aviation,Aviation,Approved by Office Director,NA,NA,None,0,0,0,0,0,NA,NA,Accident,32.825122,-116.97272,CESSNA,170A,Airplane,KSEE,Gillespie Field,False,1,NA,False,Instructional,091,Substantial,Visual (VMC),On File,Landing,Ongoing,False,Approved by Office Director,NA,NA,6/27/2026,27-6-2026
WPR26LA240,Accident,203288,2026-06-27,Santa Paula,CA,USA,NA,N501CR,73-30607,False,Aviation,Aviation,Approved by Office Director,NA,NA,Serious,0,0,0,1,0,NA,NA,Accident,34.35545,-119.03677,BELLANCA,17 30,Airplane,KSZP,Santa Paula,False,1,NA,False,Personal,091,Substantial,Visual (VMC),On File,Approach,Ongoing,False,Approved by Office Director,NA,NA,6/27/2026,27-6-2026
WPR26LA246,Accident,203336,2026-07-05,Lake Elsinore,CA,USA,NA,N5790S,117,False,Aviation,Aviation,Approved by Office Director,NA,NA,Serious,0,1,0,0,1,NA,NA,Accident,33.632978,-117.30157,SCHWEIZER,SGS 2-33A,Glider,CA89,NA,False,0,NA,False,Personal,091,Substantial,Visual (VMC),LAKE ELSINORE SOARING CLUB,Landing,Ongoing,False,Approved by Office Director,NA,NA,7/5/2026,5-7-2026
WPR26LA251,Accident,203355,2026-07-07,Novato,CA,USA,NA,N45886,2413,False,Aviation,Aviation,Approved by Office Director,NA,NA,None,0,0,0,0,0,NA,NA,Accident,38.147964,-122.5603,LUSCOMBE,8A,Airplane,DVO,GNOSS FLD,False,1,NA,False,Personal,091,Substantial,Visual (VMC),On File,InitialClimb; Landing,Ongoing,False,Approved by Office Director,NA,NA,7/7/2026,7-7-2026
WPR26LA256,Accident,203390,2026-07-10,Mojave,CA,USA,NA,N845PS,116845,False,Aviation,Aviation,Approved by Office Director,NA,NA,None,0,0,0,0,0,NA,NA,Accident,35.059149,-118.14861,CANADAIR LTD,CF-5D,Airplane,MHV,Mojave Air and Space Port,False,4,NA,False,Business,091,Substantial,Visual (VMC),On File,Landing,Ongoing,False,Approved by Office Director,NA,NA,7/10/2026,10-7-2026
WPR26LA260,Accident,203404,2026-07-14,Auburn,CA,USA,NA,N5051W,527-79,False,Aviation,Aviation,Approved by Office Director,NA,NA,Minor,0,0,0,2,0,NA,NA,Accident,38.95482,-121.08172,BELLANCA,8KCAB,Airplane,AUN,AUBURN MUNI,False,1,NA,False,Instructional,091,Substantial,Visual (VMC),FOX TWO LLC,Landing,Ongoing,False,Approved by Office Director,NA,NA,7/14/2026,14-7-2026
WPR26FA262,Accident,203407,2026-07-16,Yuba City,CA,USA,NA,N98GB,NA,False,Aviation,Aviation,Approved by Office Director,NA,NA,Fatal,0,0,0,1,0,NA,NA,Accident,NA,NA,BINSE GERALD R,BINSE RV-4,NA,NA,NA,False,NA,NA,False,NA,091,NA,NA,NA,Unknown,Ongoing,False,Approved by Office Director,NA,NA,7/16/2026,16-7-2026
WPR26LA263,Accident,203408,2026-07-15,Montague,CA,USA,NA,N920KB,27123,False,Aviation,Aviation,Approved by Office Director,NA,NA,None,0,0,0,0,0,NA,NA,Accident,41.79832,-122.47101,SCHLEICHER,ASW-27,Glider,SIY,SISKIYOU COUNTY,False,0,NA,False,Glider tow,091,Substantial,NA,On File,InitialClimb; Landing,Ongoing,False,Approved by Office Director,NA,NA,7/15/2026,15-7-2026
WPR26LA268,Accident,203423,2026-07-18,Colusa,CA,USA,NA,N7590K,18-307,False,Aviation,Aviation,Approved by Office Director,NA,NA,Serious,0,0,0,1,0,NA,NA,Accident,39.20442,-122.04191,PIPER,PA-18,Airplane,O08,Colusa County Airport,False,1,NA,False,Personal,091,Substantial,Visual (VMC),On File,Landing; Landing; Approach; Landing,Ongoing,False,Approved by Office Director,NA,NA,7/18/2026,18-7-2026
WPR26LA269,Accident,203427,2026-07-18,San Bernardino,CA,USA,NA,N8249B,28-8116008,False,Aviation,Aviation,Approved by Office Director,NA,NA,None,0,0,0,0,0,NA,NA,Accident,34.095361,-117.23488,PIPER,PA-28-161,Airplane,SBD,SAN BERNARDINO INTL,False,1,NA,False,Personal,091,Substantial,Visual (VMC),On File,Taxi,Ongoing,False,Approved by Office Director,NA,NA,7/18/2026,18-7-2026
WPR26LA282,Accident,203492,2026-07-30,Petaluma,CA,USA,NA,N556GT,NA,False,Aviation,Aviation,Approved by Office Director,NA,NA,Minor,0,0,0,1,0,NA,NA,Accident,NA,NA,MARK LEE SCHILLINGER,GT-VX2,NA,NA,NA,False,NA,NA,False,NA,NA,NA,NA,NA,Takeoff,Ongoing,False,Approved by Office Director,NA,NA,7/30/2026,30-7-2026
WPR25FA169,Accident,200282,2025-06-08,San Diego,CA,USA,NA,N414BA,414-0047,False,Aviation,Aviation,Approved by Office Director,NA,NA,Fatal,0,0,0,6,0,NA,NA,Accident,32.695711,-117.28911,CESSNA,414,Airplane,SAN,SAN DIEGO INTL,False,2,NA,False,Business,091,Substantial,Instrument (IMC),On File,InitialClimb,Ongoing,False,Approved by Office Director,NA,NA,6/8/2025,8-6-2025
WPR25LA171,Accident,200291,2025-06-07,Hayward,CA,USA,NA,N150YK,822308,False,Aviation,Aviation,Approved by Office Director,NA,NA,Minor,0,0,0,1,0,NA,NA,Accident,37.660983,-122.12386,YAKOVLEV,YAK-50,Airplane,HWD,Hayward Executive Airport,False,1,NA,False,Personal,091,Substantial,Visual (VMC),On File,InitialClimb,Ongoing,False,Approved by Office Director,NA,NA,6/7/2025,7-6-2025
ANC25LA048,Accident,200311,2025-06-08,Mojave,CA,USA,NA,N724SC,C0594,False,Aviation,Aviation,Approved by Office Director,2025-08-11,NA,None,0,0,0,0,0,The pilot’s failure to maintain directional control during landing roll.,Aircraft - Aircraft oper/perf/capability - Performance/control parameters - Not attained/maintained; Personnel issues - Task performance - Use of equip/info - Pilot,Accident,35.058661,-118.15699,CZECH SPORT AIRCRAFT A S,SPORTCRUISER,Airplane,MHV,Mojave Air & Space Port/Rutan Field,False,1,Reciprocating,False,Instructional,091,Substantial,Visual (VMC); Visual (VMC); Visual (VMC); Visual (VMC),"Aviators, Inc",Landing,Completed,False,Approved by Office Director,NA,NA,6/8/2025,8-6-2025
WPR25LA174,Accident,200328,2025-06-14,Acampo,CA,USA,NA,N375ME,428,False,Aviation,Aviation,Approved by Office Director,NA,NA,Serious,0,0,0,1,0,NA,NA,Accident,38.175945,-121.31618,QUITTER JOHN F,MXL II,Airplane,NA,NA,False,1,NA,False,Personal,091,Substantial,Visual (VMC),On File,Enroute,Ongoing,False,Approved by Office Director,NA,NA,6/14/2025,14-6-2025
WPR25LA175,Accident,200329,2025-06-13,Hyampom,CA,USA,NA,N78720,18261776,False,Aviation,Aviation,Approved by Office Director,2026-02-11,NA,None,0,0,0,0,0,"The pilot’s failure to use carburetor heat, which resulted in a loss of engine power due to
carburetor icing and a subsequent impact with terrain during a forced landing.",Personnel issues - Task performance - Use of equip/info - Pilot; Aircraft - Aircraft power plant - Power plant - Not used/operated; Environmental issues - Conditions/weather/phenomena - Temp/humidity/pressure - Effect on equipment; Personnel issues - Task performance - Use of equip/info - Pilot,Accident,40.619056,-123.4659,CESSNA,182P,Airplane,H47,HYAMPOM,False,1,Reciprocating,False,Personal,091,Substantial,Visual (VMC),On File,Approach; Landing,Completed,False,Approved by Office Director,NA,NA,6/13/2025,13-6-2025
ANC25LA054,Accident,200331,2025-06-14,Modesto,CA,USA,NA,N4909T,R18201787,False,Aviation,Aviation,Approved by Office Director,2025-08-11,NA,None,0,0,0,0,0,The pilot’s failure to properly configure the airplane for landing.,Personnel issues - Action/decision - Info processing/decision - Pilot; Personnel issues - Action/decision - Action - Pilot; Personnel issues - Task performance - Use of equip/info - Pilot; Personnel issues - Action/decision - Info processing/decision - Pilot,Accident,37.63,-120.95,CESSNA,TR182,Airplane,MOD,Modesto,False,1,Reciprocating,False,Personal,091,Substantial,Visual (VMC),On File,Landing,Completed,False,Approved by Office Director,NA,NA,6/14/2025,14-6-2025
WPR25LA185,Accident,200372,2025-06-20,San Andreas,CA,USA,NA,N28545,1374,False,Aviation,Aviation,Approved by Office Director,2025-11-14,2025-06-25,None,0,0,0,0,0,The pilot’s loss of directional control during landing roll following an encounter with a dust devil.,Environmental issues - Conditions/weather/phenomena - Wind - Effect on operation; Aircraft - Aircraft oper/perf/capability - Performance/control parameters - Attain/maintain not possible,Accident,38.146111,-120.64816,SILVAIRE,LUSCOMBE 8A,Airplane,CPU,CALAVERAS COUNTY/MAURY RASMUSSEN FLD,False,1,Reciprocating,False,Personal,091,Substantial,Visual (VMC),On File,Landing; Landing,Completed,False,Approved by Office Director,NA,NA,6/20/2025,20-6-2025
WPR25LA188,Accident,200384,2025-06-23,Morgan Hill,CA,USA,NA,N696WG,90842,False,Aviation,Aviation,Approved by Office Director,NA,NA,Minor,0,0,0,1,0,NA,NA,Accident,37.157,-121.6815,FILBY GERRY,RV-9,Airplane,NA,NA,True,1,NA,False,Personal,091,Substantial,Visual (VMC),On File,Enroute,Ongoing,False,Approved by Office Director,NA,NA,6/23/2025,23-6-2025
WPR25LA192,Accident,200425,2025-06-27,Santa Barbara,CA,USA,NA,N307BE,30007,False,Aviation,Aviation,Approved by Office Director,2026-05-14,NA,None,0,0,0,0,0,The pilot’s failure to maintain taxiway centerline while taxiing off the runway which resulted in a left-wing strike with a runway direction sign.,Environmental issues - Physical environment - Object/animal/substance - Contributed to outcome; Personnel issues - Psychological - Attention/monitoring - Pilot; Personnel issues - Task performance - Use of equip/info - Pilot,Accident,34.426192,-119.84149,ALEXANDER SCHLEICHER GMBH & CO,ASH 30 MI,Glider,SBA,SANTA BARBARA MUNI,False,1,Reciprocating,False,Personal,091,Substantial,Visual (VMC),On File,Taxi; Taxi,Completed,False,Approved by Office Director,NA,NA,6/27/2025,27-6-2025
WPR25LA195,Accident,200428,2025-06-28,Tracy,CA,USA,NA,N6744F,15063344,False,Aviation,Aviation,Approved by Office Director,NA,NA,None,0,0,0,0,0,NA,NA,Accident,37.688895,-121.44157,CESSNA,150F,Airplane,TCY,TRACY MUNI,False,1,NA,False,Personal,091,Substantial,Visual (VMC),REGISTRATION PENDING,Takeoff,Ongoing,False,Approved by Office Director,NA,NA,6/28/2025,28-6-2025
WPR25FA208,Accident,200521,2025-07-14,Needles,CA,USA,NA,N8375W,28-2575,False,Aviation,Aviation,Approved by Office Director,NA,NA,Fatal,0,0,0,2,0,NA,NA,Accident,34.761397,-114.62489,PIPER,PA-28-180,Airplane,EED,NEEDLES,False,1,NA,False,Personal,091,Substantial,Visual (VMC),On File,Unknown,Ongoing,False,Approved by Office Director,NA,NA,7/14/2025,14-7-2025
WPR25LA212,Accident,200551,2025-07-13,San Diego,CA,USA,NA,N636CS,T24002046,False,Aviation,Aviation,Approved by Office Director,2026-05-14,NA,Fatal,0,0,0,1,0,Impact with the ocean for reasons that could not be determined because the pilot and airplane were not located.,Not determined - Not determined - (general) - Unknown/Not determined,Accident,32.81678,-117.14084,CESSNA,T240,Airplane,NA,NA,False,1,Reciprocating,False,Personal,091,Unknown,Visual (VMC),On File,Unknown; Enroute,Completed,False,Approved by Office Director,NA,NA,7/13/2025,13-7-2025
OPS25LA048,Incident,200560,2025-07-15,Monterey,CA,USA,NA,N185SY,17000600,False,Aviation,Aviation,Approved by Office Director,NA,NA,None,0,0,0,0,0,NA,NA,Incident,36.588274,-121.85733,EMBRAER,ERJ 170-200 LR,Airplane,MRY,MONTEREY RGNL,False,2,NA,True,NA,121,None,Instrument (IMC),SKYWEST AIRLINES INC,Approach; Standing; Approach; Approach,Ongoing,False,Approved by Office Director,NA,NA,7/15/2025,15-7-2025
WPR25LA219,Accident,200589,2025-07-19,Hollister,CA,USA,NA,N551SG; N551SG; N926DT; N926DT,4562; 4562; 80759; 80759,False,Aviation,Aviation,Approved by Office Director,2026-05-07,NA,Serious,0,1,0,1,0,"The departing pilot’s failure to see and avoid the landing airplane during the takeoff, which resulted in a mid-air collision.",Environmental issues - Physical environment - Object/animal/substance - Effect on equipment; Personnel issues - Action/decision - Action - Pilot; Personnel issues - Psychological - Attention/monitoring - Pilot,Accident,36.887566,-121.40454,CIRRUS DESIGN CORP; CIRRUS DESIGN CORP; NELSON DOUGLAS; NELSON DOUGLAS,SR22; SR22; VANS RV-8; VANS RV-8,Airplane; Airplane; Airplane; Airplane,CVH,Hollister Municipal Airport,True,1,Reciprocating; Reciprocating; Reciprocating; Reciprocating,False,Personal; Personal,091; 091; 091; 091,Substantial; Substantial; Minor; Minor,Visual (VMC); Visual (VMC); Visual (VMC),On File; On File; On File; On File,Landing; Takeoff,Completed,False,Approved by Office Director,NA,NA,7/19/2025,19-7-2025
DCA25LA268,Accident,200619,2025-07-19,Santa Barbara,CA,USA,NA,N822UA; N822UA,0948; 0948,False,Aviation,Aviation,Approved by Office Director,2026-03-17,NA,Serious,0,1,0,0,1,The ramp worker’s premature entry into the jet blast hazard area of an operating engine due to his failure to maintain situational awareness and his misinterpretation of the marshaller’s hand signals.,Personnel issues - Action/decision - Action - Ground crew,Accident,34.426201,-119.83999,AIRBUS INDUSTRIE; AIRBUS INDUSTRIE,A319-131; A319-131,Airplane; Airplane,KSBA,Santa Barbara Municipal Airport,False,2,Turbo fan; Turbo fan,True,NA,121; 121,None; None,Visual (VMC); Visual (VMC),UNITED AIRLINES INC; UNITED AIRLINES INC,Standing,Completed,False,Approved by Office Director,NA,NA,7/19/2025,19-7-2025
WPR25FA224,Accident,200637,2025-07-27,Pacific Grove,CA,USA,NA,N8796R,TC-1807,False,Aviation,Aviation,Approved by Office Director,NA,NA,Fatal,0,0,0,3,0,NA,NA,Accident,36.627945,-121.94057,BEECH,95-B55 (T42A),Airplane,MRY,MONTEREY RGNL,False,2,NA,False,Personal,091,Substantial,Instrument (IMC),SEA2SKY AVIATION LLC,Approach,Ongoing,False,Approved by Office Director,NA,NA,7/27/2025,27-7-2025
WPR25LA237,Accident,200705,2025-07-31,Thermal,CA,USA,NA,N2658C,R18200198,False,Aviation,Aviation,Approved by Office Director,2026-02-13,NA,None,0,0,0,0,0,The pilot's failure to extend the landing gear during landing. Contributing to the accident was the pilot’s failure to use a pre-landing checklist.,Personnel issues - Task performance - Use of equip/info - Pilot; Aircraft - Aircraft systems - Landing gear system - Not used/operated; Personnel issues - Task performance - Use of equip/info - Pilot; Personnel issues - Action/decision - Action - Pilot,Accident,33.630469,-116.16122,CESSNA,R182,Airplane,TRM,JACQUELINE COCHRAN RGNL,False,1,Reciprocating,False,Personal,091,Substantial,Visual (VMC); Visual (VMC),On File,Landing; Landing,Completed,False,Approved by Office Director,NA,NA,7/31/2025,31-7-2025
WPR25LA250,Accident,200764,2025-08-11,San Celmente,CA,USA,NA,N344CS,334,False,Aviation,Aviation,Approved by Office Director,NA,NA,None,0,0,0,0,0,NA,NA,Accident,33.0228,-118.58761,DE HAVILLAND,DHC-6-300,Airplane,NUC,SAN CLEMENTE ISLAND NALF,False,2,NA,False,NA,135,Substantial,Instrument (IMC); Instrument (IMC); Instrument (IMC),Rampart Aviation,Landing,Ongoing,False,Approved by Office Director,NA,NA,8/11/2025,11-8-2025
WPR25LA255,Accident,200789,2025-08-14,Anza,CA,USA,NA,N2691K,18053036,False,Aviation,Aviation,Approved by Office Director,NA,NA,None,0,0,0,0,0,NA,NA,Accident,33.521603,-116.79607,CESSNA,180K,Airplane,54CL,LAKE RIVERSIDE ESTATES,False,1,NA,False,Personal,091,Substantial,Visual (VMC),On File,Landing,Ongoing,False,Approved by Office Director,NA,NA,8/14/2025,14-8-2025
WPR25FA257,Accident,200803,2025-08-17,Shelter Cove,CA,USA,NA,N89447,8479,False,Aviation,Aviation,Approved by Office Director,NA,NA,Fatal,0,0,0,2,0,NA,NA,Accident,40.018245,-124.06608,CESSNA,140,Airplane,0Q5,SHELTER COVE,False,1,NA,False,Personal,091,Unknown,Visual (VMC),On File,InitialClimb; InitialClimb; InitialClimb,Ongoing,False,Approved by Office Director,NA,NA,8/17/2025,17-8-2025
WPR25LA258,Accident,200822,2025-08-19,Vacaville,CA,USA,NA,N14GC,75-6503,False,Aviation,Aviation,Approved by Office Director,2025-10-17,NA,None,0,0,0,0,0,The pilot's failure to maintain directional control during the landing roll with a quartering tailwind.,Personnel issues - Task performance - Use of equip/info - Pilot; Aircraft - Aircraft oper/perf/capability - Performance/control parameters - Not attained/maintained; Environmental issues - Conditions/weather/phenomena - Wind - Effect on operation,Accident,38.378235,-121.9612,BOEING,B75N1,Airplane,VCB,NUT TREE,False,1,Reciprocating,False,Personal,091,Substantial,Visual (VMC); Visual (VMC),On File,Landing; Landing; Landing; Landing; Landing,Completed,False,Approved by Office Director,NA,NA,8/19/2025,19-8-2025
WPR25LA261,Accident,200869,2025-08-17,San Diego,CA,USA,NA,N8150J,28-8090229,False,Aviation,Aviation,Approved by Office Director,NA,NA,None,0,0,0,0,0,NA,NA,Accident,32.894354,-117.21372,PIPER,PA-28-181,Airplane,NA,NA,False,1,NA,False,Personal,091,Substantial,Visual (VMC),On File,Enroute; EmergencyDescent,Ongoing,False,Approved by Office Director,NA,NA,8/17/2025,17-8-2025
WPR25FA264,Accident,200875,2025-08-27,Los Banos,CA,USA,NA,N5203H,172S9732,False,Aviation,Aviation,Approved by Office Director,NA,NA,Fatal,0,0,0,1,0,NA,NA,Accident,36.989284,-120.90099,CESSNA,172S,Airplane,NA,NA,False,1,NA,False,Personal,091,Destroyed,Visual (VMC),Trade Winds Aviation,Unknown,Ongoing,False,Approved by Office Director,NA,NA,8/27/2025,27-8-2025
WPR25LA266,Accident,200890,2025-08-12,San Diego,CA,USA,NA,N619MW,R18200993,False,Aviation,Aviation,Approved by Office Director,NA,NA,None,0,0,0,0,0,NA,NA,Accident,32.816801,-117.1409,CESSNA,TR182,Airplane,MYF,MONTGOMERY-GIBBS EXEC,False,1,NA,False,Personal,091,Substantial,Visual (VMC),Mark Williams,Landing,Ongoing,False,Approved by Office Director,NA,NA,8/12/2025,12-8-2025
WPR25LA272,Accident,200923,2025-08-31,Jamesburg,CA,USA,NA,N15WJ,824-99,False,Aviation,Aviation,Approved by Office Director,NA,NA,Minor,0,0,2,2,0,NA,NA,Accident,36.344939,-121.61323,AMERICAN CHAMPION AIRCRAFT,8KCAB,Airplane,SNS,SALINAS MUNI,False,1,NA,False,Personal,091,Substantial,Visual (VMC),On File,Maneuvering,Ongoing,False,Approved by Office Director,NA,NA,8/31/2025,31-8-2025
WPR25LA275,Accident,200981,2025-09-11,Hollister,CA,USA,NA,N7756N,28-5200,False,Aviation,Aviation,Approved by Office Director,2025-11-14,NA,None,0,0,0,0,0,The pilot’s delayed go-around from an unstabilized approach that resulted in an impact with terrain.,Personnel issues - Action/decision - Action - Pilot; Aircraft - Aircraft oper/perf/capability - Performance/control parameters - Not attained/maintained,Accident,36.952318,-121.45237,PIPER,PA-28-180,Airplane,1C9,FRAZIER LAKE AIRPARK,False,1,Reciprocating,False,Personal,091,Substantial,Visual (VMC),On File,Approach; Approach; Approach,Completed,False,Approved by Office Director,NA,NA,9/11/2025,11-9-2025
WPR25FA277,Accident,200993,2025-09-12,Mount Hamilton,CA,USA,NA,N905ET,148,False,Aviation,Aviation,Approved by Office Director,NA,NA,Fatal,0,0,0,1,0,NA,NA,Accident,37.39495,-121.58826,LAWSON THOMAS O,LANCAIR SUPER ES,Airplane,NA,NA,True,1,NA,False,Personal,091,Destroyed,Visual (VMC),On File,Enroute; Enroute,Ongoing,False,Approved by Office Director,NA,NA,9/12/2025,12-9-2025
WPR25LA282,Accident,201032,2025-09-13,Victorville,CA,USA,NA,N25WD,P21000094,False,Aviation,Aviation,Approved by Office Director,NA,NA,None,0,0,0,0,0,NA,NA,Accident,34.590604,-117.37911,CESSNA,P210N,Airplane,VCV,NA,False,1,NA,False,Personal,091,Substantial,NA,On File,Landing,Ongoing,False,Approved by Office Director,NA,NA,9/13/2025,13-9-2025
WPR25LA288,Accident,201044,2025-09-18,San Diego,CA,USA,NA,N769XJ,750-0269,False,Aviation,Aviation,Approved by Office Director,NA,NA,None,0,0,0,0,0,NA,NA,Accident,32.733357,-117.18873,CESSNA,750,Airplane,SAN,San Diego International Airport,False,2,NA,False,Other work use,135,Substantial,Visual (VMC),Bell Air,Takeoff,Ongoing,False,Approved by Office Director,NA,NA,9/18/2025,18-9-2025
WPR25LA292,Accident,201727,2025-09-23,Fallbrook,CA,USA,NA,N766EE,18260217,False,Aviation,Aviation,Approved by Office Director,NA,NA,Minor,0,0,0,1,0,NA,NA,Accident,33.3525,-117.24516,CESSNA,182N,Airplane,L18,Fallbrook Community Airpark,False,1,NA,False,Personal,091,Substantial,Visual (VMC),On File,Approach,Ongoing,False,Approved by Office Director,NA,NA,9/23/2025,23-9-2025
ANC25LA113,Accident,201752,2025-09-27,Los Banos,CA,USA,NA,N9410A,15231,False,Aviation,Aviation,Approved by Office Director,2026-06-22,NA,None,0,0,0,0,0,"The pilot’s failure to maintain directional control during the landing roll with a crosswind, resulting in a ground loop and nose over.",Personnel issues - Task performance - Use of equip/info - Pilot; Aircraft - Aircraft oper/perf/capability - Performance/control parameters - Capability exceeded; Environmental issues - Conditions/weather/phenomena - Wind - Effect on equipment,Accident,37.058333,-120.8685,CESSNA,140A,Airplane,LSN,LOS BANOS MUNI,False,1,Reciprocating,False,Personal,091,Substantial,Visual (VMC); Visual (VMC),On File,Landing; Landing,Completed,False,Approved by Office Director,NA,NA,9/27/2025,27-9-2025
WPR25LA300,Accident,201762,2025-09-01,Firebaugh,CA,USA,NA,N82003,7AC-628,False,Aviation,Aviation,Approved by Office Director,2025-12-11,NA,None,0,0,0,0,0,A loss of directional control during landing due to the partial separation of the right main landing gear oleo strut from a failed weld.,Aircraft - Aircraft oper/perf/capability - Performance/control parameters - Attain/maintain not possible; Aircraft - Aircraft systems - Landing gear system - Failure,Accident,36.859989,-120.46446,AERONCA,7AC,Airplane,F34,FIREBAUGH,False,1,Reciprocating,False,Personal,091,Substantial,Visual (VMC); Visual (VMC),On File,Landing; Landing,Completed,False,Approved by Office Director,NA,NA,9/1/2025,1-9-2025
WPR25LA304,Accident,201798,2025-09-29,Avalon,CA,USA,NA,N2079G,51379,False,Aviation,Aviation,Approved by Office Director,2026-06-25,NA,None,0,0,0,0,0,The pilot’s decision to land with a tailwind and a downslope to the runway.,Personnel issues - Task performance - Use of equip/info - Pilot,Accident,33.40565,-118.41751,CESSNA,182A,Airplane,AVX,Catalina Airport,False,1,Reciprocating,False,Personal,091,Substantial,Visual (VMC); Visual (VMC); Visual (VMC),On File,Landing,Completed,False,Approved by Office Director,NA,NA,9/29/2025,29-9-2025
WPR26FA008,Accident,201802,2025-10-07,Sacramento,CA,USA,NA,N414RX,8909,False,Aviation,Aviation,Approved by Office Director,NA,NA,Fatal,0,0,0,3,0,NA,NA,Accident,38.558524,-121.45248,AIRBUS HELICOPTERS,EC 130 T2,Helicopter,NA,NA,False,1,NA,False,NA,135,Substantial,Visual (VMC),REACH AIR MEDICAL SERVICES LLC,InitialClimb,Ongoing,False,Approved by Office Director,NA,NA,10/7/2025,7-10-2025
WPR26LA009,Accident,201812,2025-10-07,Watsonville,CA,USA,NA,N6814N,680111,False,Aviation,Aviation,Approved by Office Director,2025-11-20,NA,None,0,0,0,0,0,"The pilot’s decision to program avionics during taxi, resulting in an inadvertent throttle input and collision with a hangar.",Aircraft - Aircraft oper/perf/capability - Performance/control parameters - Incorrect use/operation; Personnel issues - Psychological - Attention/monitoring - Pilot; Personnel issues - Action/decision - Info processing/decision - Pilot; Aircraft - Aircraft handling/service - Towing and taxiing - Incorrect use/operation,Accident,36.935733,-121.78963,MOONEY,M20C,Airplane,WVI,WATSONVILLE MUNI,False,1,Reciprocating,False,Personal,091,Substantial,Visual (VMC); Visual (VMC); Visual (VMC),On File,Taxi,Completed,False,Approved by Office Director,NA,NA,10/7/2025,7-10-2025
WPR26LA015,Accident,201832,2025-10-04,Lathrop,CA,USA,NA,N103VK,172S8532,False,Aviation,Aviation,Approved by Office Director,2026-04-30,NA,None,0,0,0,0,0,An inflight collision with a bird.,Environmental issues - Physical environment - Object/animal/substance - Unknown/Not determined,Accident,37.84558,-121.49025,CESSNA,172S,Airplane,None,Open field,False,1,Reciprocating,False,Instructional,091,Substantial,Visual (VMC),Skyview Aviation,Maneuvering,Completed,False,Approved by Office Director,NA,NA,10/4/2025,4-10-2025
CEN26FA015,Accident,201834,2025-10-11,Huntington Beach,CA,USA,NA,N222EX,47043,False,Aviation,Aviation,Approved by Office Director,NA,NA,Serious,0,3,2,2,3,NA,NA,Accident,33.650628,-117.99198,BELL,222,Helicopter,NA,NA,False,2,NA,False,Personal,091,Substantial,Visual (VMC),On File,Landing,Ongoing,False,Approved by Office Director,NA,NA,10/11/2025,11-10-2025
WPR26LA023,Accident,201896,2025-10-15,Big Sur,CA,USA,NA,N335AX,41H-697458,False,Aviation,Aviation,Approved by Office Director,2026-01-15,NA,Minor,0,0,0,1,0,A complete loss of engine power for reasons that could not be determined.,Not determined - Not determined - (general) - Unknown/Not determined,Accident,36.180833,-121.90916,HAWKER AIRCRAFT LTD,HAWKER HUNTER MK.58,Airplane,KMRY,Monterey Regional Airport,False,1,Turbo jet,False,Public aircraft - federal,ARMF,Substantial,Visual (VMC); Visual (VMC); Visual (VMC); Visual (VMC); Visual (VMC),AIRBORNE TACTICAL ADVANTAGE CO,Enroute; Enroute,Completed,False,Approved by Office Director,NA,NA,10/15/2025,15-10-2025
WPR26LA030,Accident,201912,2025-10-20,Long Beach,CA,USA,NA,N8183K,RAF-717,False,Aviation,Aviation,Approved by Office Director,NA,NA,Serious,0,2,0,1,1,NA,NA,Accident,33.83055,-118.11232,RUTAN,Long-EZ,Airplane,LGB,LONG BEACH (DAUGHERTY FLD),False,1,NA,False,Personal,091,Substantial,Visual (VMC),On File,Enroute,Ongoing,False,Approved by Office Director,NA,NA,10/20/2025,20-10-2025
WPR26LA034,Accident,201936,2025-10-29,La Verne,CA,USA,NA,N5107S,28R-7135108,False,Aviation,Aviation,Approved by Office Director,NA,NA,None,0,0,0,0,0,NA,NA,Accident,34.091667,-117.78177,PIPER,PA-28R-200,Airplane,POC,BRACKETT FLD,False,1,NA,False,Personal,091,Substantial,Visual (VMC),JDC AVIATION LLC,Enroute,Ongoing,False,Approved by Office Director,NA,NA,10/29/2025,29-10-2025
WPR26LA037,Accident,201956,2025-10-30,Santa Ynez,CA,USA,NA,N74323,AA5B-0201,False,Aviation,Aviation,Approved by Office Director,NA,NA,None,0,0,0,0,0,NA,NA,Accident,34.605494,-120.08063,GRUMMAN AMERICAN AVN. CORP.,AA-5B,Airplane,IZA,SANTA YNEZ/KUNKLE FLD,False,1,NA,False,Personal,091,Substantial,Visual (VMC),On File,InitialClimb,Ongoing,False,Approved by Office Director,NA,NA,10/30/2025,30-10-2025
WPR26LA038,Accident,201957,2025-11-03,San Andreas,CA,USA,NA,N1303S,18264869,False,Aviation,Aviation,Approved by Office Director,2026-02-13,NA,Serious,0,1,0,1,0,"The pilot’s decision to adjust his seat during the takeoff roll, which resulted in the seat sliding aft and a subsequent loss of directional control.",Aircraft - Aircraft oper/perf/capability - Performance/control parameters - Not attained/maintained; Personnel issues - Task performance - Use of equip/info - Pilot; Personnel issues - Action/decision - Action - Pilot,Accident,38.144511,-120.64888,CESSNA,182P,Airplane,CPU,Calaveras County Maury Rasmussen Field,False,1,Reciprocating,False,Personal,091,Substantial,Visual (VMC),On File,Takeoff,Completed,False,Approved by Office Director,NA,NA,11/3/2025,3-11-2025
WPR26FA043,Accident,201989,2025-11-10,Poleta,CA,USA,NA,N13221,17262586,False,Aviation,Aviation,Approved by Office Director,NA,NA,Fatal,0,0,0,3,0,NA,NA,Accident,37.29748,-118.20793,CESSNA,172M,Airplane,NA,NA,False,1,NA,False,Personal,091,Substantial,Visual (VMC),REGISTRATION PENDING,Enroute,Ongoing,False,Approved by Office Director,NA,NA,11/10/2025,10-11-2025
WPR26LA044,Accident,202004,2025-11-12,Fresno,CA,USA,NA,N1264K,3991,False,Aviation,Aviation,Approved by Office Director,2026-02-13,NA,None,0,0,0,0,0,"The pilot's improper application of left brake pedal during the landing roll, which resulted in a loss of directional control and a ground loop.",Aircraft - Aircraft oper/perf/capability - Performance/control parameters - Incorrect use/operation; Personnel issues - Task performance - Use of equip/info - Pilot,Accident,36.776285,-119.71955,LUSCOMBE,8A,Airplane,FAT,FRESNO YOSEMITE INTL,False,1,Reciprocating,False,Personal,091,Substantial,Visual (VMC),On File,Landing,Completed,False,Approved by Office Director,NA,NA,11/12/2025,12-11-2025
WPR26LA047,Accident,202018,2025-11-09,Lancaster,CA,USA,NA,N5199J,172S9097,False,Aviation,Aviation,Approved by Office Director,NA,NA,None,0,0,0,0,0,NA,NA,Accident,34.741056,-118.21863,CESSNA,172S,Airplane,WJF,GENERAL WM J FOX AIRFIELD,False,1,NA,False,Personal,091,Substantial,Visual (VMC); Visual (VMC),EIGHT BALL FLYING CLUB,Landing; Landing,Ongoing,False,Approved by Office Director,NA,NA,11/9/2025,9-11-2025
DCA24WA308,Incident,195152,2024-09-16,San Francisco,CA,USA,NA,N105JS,43709,False,Aviation,Aviation,None,NA,NA,NA,0,0,0,0,0,NA,NA,Incident,NA,NA,BOEING,737-8,Airplane,NA,NA,False,2,NA,False,NA,129,None,NA,Aeromexico,Enroute,N/A,False,None,NA,NA,9/16/2024,16-9-2024
WPR24FA309,Accident,195157,2024-09-22,Lancaster,CA,USA,NA,N313YK; N313YK; N5287; N5287,1032013; 1032013; 877509; 877509,False,Aviation,Aviation,Approved by Office Director,NA,NA,Fatal,0,0,0,2,0,NA,NA,Accident,34.75,-118.03333,NANCHANG CHINA; NANCHANG CHINA; YAKOVLEV; YAKOVLEV,CJ-6A; CJ-6A; YAK 52; YAK 52,Airplane; Airplane; Airplane; Airplane,NA,NA,False,1,NA,False,Personal; Personal,091; 091; 091; 091,Substantial; Substantial; Substantial; Substantial,Visual (VMC),CRA TRAVEL LLC; CRA TRAVEL LLC; FIGHT'S ON! LLC; FIGHT'S ON! LLC,Maneuvering,Ongoing,False,Approved by Office Director,NA,NA,9/22/2024,22-9-2024
WPR24LA310,Accident,195187,2024-09-22,Redlands,CA,USA,NA,N177SX,17702532,False,Aviation,Aviation,Approved by Office Director,2025-03-13,NA,Minor,0,0,2,2,0,"The pilot’s failure to maintain airplane control during final approach, which resulted in a collision with rocky terrain.",Personnel issues - Task performance - Use of equip/info - Pilot; Environmental issues - Physical environment - Terrain - Contributed to outcome,Accident,34,-117,CESSNA,177B,Airplane,REI,REDLANDS MUNI,False,1,Reciprocating,False,Personal,091,Substantial,Visual (VMC); Visual (VMC),William Lindsey,Landing; Landing,Completed,False,Approved by Office Director,NA,NA,9/22/2024,22-9-2024
DCA24LA316,Accident,195189,2024-09-19,Dunnigan,CA,USA,NA,N12125; N12125,28967; 28967,False,Aviation,Aviation,Approved by Office Director,2025-03-27,NA,Serious,0,2,2,4,0,The abrupt pitch control input by the flight crew in response to a TCAS resolution advisory resulted in two serious passenger injuries.,Environmental issues - Physical environment - Object/animal/substance - Effect on equipment; Environmental issues - Physical environment - Object/animal/substance - Effect on personnel,Accident,38.9134,-121.961,BOEING; BOEING,757-224; 757-224,Airplane; Airplane,NA,NA,False,2,Turbo fan; Turbo fan,True,NA,121; 121,None; None,Visual (VMC); Visual (VMC),UNITED AIRLINES INC; UNITED AIRLINES INC,Enroute; Enroute,Completed,False,Approved by Office Director,NA,NA,9/19/2024,19-9-2024
WPR24LA314,Accident,195224,2024-09-19,West Sacramento,CA,USA,NA,N6522Z,U20606307,False,Aviation,Aviation,Approved by Office Director,NA,NA,Minor,0,0,0,1,0,NA,NA,Accident,38.54,-121.519,CESSNA,U206G,Airplane,KSAC,Sacramento Executive Airport,False,1,NA,False,Other work use,091,Substantial,Visual (VMC),On File,EmergencyDescent; Landing; Enroute,Ongoing,False,Approved by Office Director,NA,NA,9/19/2024,19-9-2024
WPR24LA316,Accident,195227,2024-09-22,Taft,CA,USA,NA,N56TA,1420,False,Aviation,Aviation,Approved by Office Director,2025-05-09,NA,None,0,0,0,0,0,The pilot receiving instruction’s failure to maintain directional control during landing roll and the flight instructor’s delayed remedial action.,Personnel issues - Action/decision - Action - Instructor/check pilot; Personnel issues - Task performance - Use of equip/info - Pilot; Aircraft - Aircraft oper/perf/capability - Performance/control parameters - Not attained/maintained,Accident,35.153489,-119.22965,AVIAT AIRCRAFT INC,A-1A,Airplane,na,PVT,False,1,Reciprocating,False,Instructional,091,Substantial,Visual (VMC),On File,Landing; Landing,Completed,False,Approved by Office Director,NA,NA,9/22/2024,22-9-2024
WPR24LA317,Accident,195228,2024-09-20,Watsonville,CA,USA,NA,N613BM; N6027F,842803; D-7895,False,Aviation,Aviation,Approved by Office Director,2025-04-22,NA,None,0,0,0,0,0,The Yak-50 pilot’s failure to maintain clearance from another airplane while taxiing and maneuvering. Contributing to the accident was the pilot’s inattention due to a distraction inside the cockpit.,Personnel issues - Psychological - Attention/monitoring - Pilot; Personnel issues - Psychological - Attention/monitoring - Pilot; Environmental issues - Physical environment - Object/animal/substance - Ability to respond/compensate,Accident,36,-121,YAKOVLEV; BEECH,YAK-50; S35,Airplane; Airplane,WVI,WATSONVILLE MUNI,False,1,Reciprocating; Reciprocating,False,Personal; Personal,091; 091,Substantial; Minor,Visual (VMC),On File; On File,Taxi; Taxi,Completed,False,Approved by Office Director,NA,NA,9/20/2024,20-9-2024
WPR25LA001,Accident,195252,2024-10-02,Bakersfield,CA,USA,NA,N752B,3157,False,Aviation,Aviation,Approved by Office Director,NA,NA,Serious,0,0,0,1,0,NA,NA,Accident,35.414372,-119.0385,CIRRUS DESIGN CORP,SR22,Airplane,BFL,Meadows Field AIrport,False,1,NA,False,Personal,091,Substantial,Visual (VMC),On File,Enroute,Ongoing,False,Approved by Office Director,NA,NA,10/2/2024,2-10-2024
WPR25LA003,Accident,195260,2024-10-04,Bakersfield,CA,USA,NA,N6077X,LJ-1677,False,Aviation,Aviation,Approved by Office Director,NA,NA,NA,0,0,0,0,0,NA,NA,Accident,35.369197,-119.0335,RAYTHEON AIRCRAFT COMPANY,C90A,Airplane,BFL,MEADOWS FLD,False,2,NA,False,Personal,091,None,Visual (VMC),On File,Enroute,Ongoing,False,Approved by Office Director,NA,NA,10/4/2024,4-10-2024
WPR25LA004,Accident,195265,2024-10-07,El Monte,CA,USA,NA,N7869G,17259569,False,Aviation,Aviation,Approved by Office Director,2025-12-10,NA,None,0,0,0,0,0,A total loss of engine power due to contaminated fuel.,Aircraft - Fluids/misc hardware - Fluids - Fluid condition; Personnel issues - Action/decision - Info processing/decision - Pilot; Personnel issues - Task performance - Use of equip/info - Pilot; Aircraft - Fluids/misc hardware - Fluids - Inadequate inspection,Accident,34.086898,-118.03438,CESSNA,172L,Airplane,EMT,San Gabriel Valley Airport,False,1,Reciprocating,False,Personal,091,Substantial,Visual (VMC),On File,Enroute,Completed,False,Approved by Office Director,NA,NA,10/7/2024,7-10-2024
WPR25LA005,Accident,195278,2024-10-07,Chico,CA,USA,NA,N726CA,RSUK-V00426,False,Aviation,Aviation,Approved by Office Director,2025-03-20,NA,Serious,0,2,0,2,0,The pilot's failure to maintain adequate airspeed resulting in an inadvertent descent and subsequent collision with trees.,Aircraft - Aircraft oper/perf/capability - Performance/control parameters - Not attained/maintained; Environmental issues - Physical environment - Object/animal/substance - Ability to respond/compensate; Environmental issues - Physical environment - Object/animal/substance - Effect on equipment,Accident,39.745952,-121.80271,ROTORSPORT,CAVALON,Gyroplane,KCIC,Chico Regional Airport,False,1,Reciprocating,False,Personal,091,Substantial,Visual (VMC); Visual (VMC),On File,Maneuvering; Maneuvering,Completed,False,Approved by Office Director,NA,NA,10/7/2024,7-10-2024
WPR25FA007,Accident,195282,2024-10-09,Avalon,CA,USA,NA,N73WA,TC-1262,False,Aviation,Aviation,Approved by Office Director,NA,NA,Fatal,0,0,0,5,0,NA,NA,Accident,33.402534,-118.43729,BEECH,95-B55,Airplane,NA,NA,False,2,NA,False,Personal,091,Substantial,Unknown,On File,InitialClimb,Ongoing,False,Approved by Office Director,NA,NA,10/9/2024,9-10-2024
WPR25LA011,Accident,195296,2024-10-08,Corcoran,CA,USA,NA,N243LA,502B-3020,False,Aviation,Aviation,Approved by Office Director,2025-04-09,NA,None,0,0,0,0,0,"A total loss of engine power due to the pilot's improper manipulation of the condition lever during flight, which resulted in fuel starvation and a forced landing.",Personnel issues - Action/decision - Action - Pilot; Aircraft - Fluids/misc hardware - Fluids - Incorrect use/operation; Aircraft - Aircraft power plant - Engine controls - Unintentional use/operation,Accident,36.036,-119.694,AIR TRACTOR,AT502,Airplane,PVT,10 Strip,False,1,Turbo prop,False,Aerial application,137,Substantial,Visual (VMC),Lakeland Dusters Aviation Inc,Approach; Approach; Approach; Approach,Completed,False,Approved by Office Director,NA,NA,10/8/2024,8-10-2024
OPS25LA005,Incident,195355,2024-10-19,Long Beach,CA,USA,NA,N250WN; N895AM,34972; 40.895,False,Aviation,Aviation,Approved by Office Director,NA,NA,NA,0,0,0,0,0,NA,NA,Incident,33.821644,-118.15631,BOEING; DIAMOND AIRCRAFT IND INC,737-7H4; DA 40,Airplane; Airplane,LGB,Long Beach Airport,False,2,NA,True,Personal,121; 091,None; None,Visual (VMC),SOUTHWEST AIRLINES CO; MENG YE,Landing; Landing,Ongoing,False,Approved by Office Director,NA,NA,10/19/2024,19-10-2024
WPR25LA028,Accident,195408,2024-10-25,Lancaster,CA,USA,NA,N805RV,25686,False,Aviation,Aviation,Approved by Office Director,2025-04-22,NA,None,0,0,0,0,0,"The pilot’s failure to maintain a stablized approach, which resulted in a hard landing.",Personnel issues - Psychological - Attention/monitoring - Pilot; Aircraft - Aircraft oper/perf/capability - Performance/control parameters - Not attained/maintained; Personnel issues - Task performance - Use of equip/info - Pilot,Accident,34.741145,-118.21797,DIERENFIELD DEVIN,RV-6A,Airplane,KWJF,General Wm J Fox Airfield,True,1,Reciprocating,False,Instructional,091,Substantial,Visual (VMC); Visual (VMC),On File,Landing,Completed,False,Approved by Office Director,NA,NA,10/25/2024,25-10-2024
WPR25LA033,Accident,195469,2024-11-08,Lancaster,CA,USA,NA,N1977C,26122,False,Aviation,Aviation,Approved by Office Director,2025-04-21,NA,None,0,0,0,0,0,"The pilot's failure to maintain directional control during the landing roll, which resulted in a
ground loop.",Personnel issues - Task performance - Use of equip/info - Pilot; Environmental issues - Conditions/weather/phenomena - Wind - Effect on operation; Aircraft - Aircraft oper/perf/capability - Performance/control parameters - Not attained/maintained,Accident,34.741056,-118.21863,CESSNA,170B,Airplane,WJF,General Wm J Fox Airfield,False,1,Reciprocating,False,Personal,091,Substantial,Visual (VMC); Visual (VMC),On File,Landing,Completed,False,Approved by Office Director,NA,NA,11/8/2024,8-11-2024
WPR25LA037,Accident,195491,2024-11-14,Los Angeles,CA,USA,NA,N46028,17256998,False,Aviation,Aviation,Approved by Office Director,NA,NA,None,0,0,0,0,0,NA,NA,Accident,34.173538,-118.46962,CESSNA,172I,Airplane,VNY,VAN NUYS,False,1,NA,False,Personal,091,Substantial,Visual (VMC); Visual (VMC); Visual (VMC),FIRST TAKE AVIATION LLC,Takeoff,Ongoing,False,Approved by Office Director,NA,NA,11/14/2024,14-11-2024
WPR25LA039,Accident,195504,2024-11-17,Pomona,CA,USA,NA,N617ET,32-40205,False,Aviation,Aviation,Approved by Office Director,NA,NA,Serious,0,0,0,4,0,NA,NA,Accident,34.09148,-117.77164,PIPER,PA-32-300,Airplane,KPOC,Brackett Field Airport,False,1,NA,False,Personal,091,Substantial,Visual (VMC); Visual (VMC); Visual (VMC),On File,Approach,Ongoing,False,Approved by Office Director,NA,NA,11/17/2024,17-11-2024
WPR25LA041,Accident,195511,2024-11-17,Palm Springs,CA,USA,NA,N828PS,10020,False,Aviation,Aviation,Approved by Office Director,2025-04-22,NA,None,0,0,0,0,0,The pilot’s failure to maintain clearance from a commercial airliner which resulted in an encounter with wake turbulence and subsequent loss of control resulting in impact with terrain.,Aircraft - Aircraft oper/perf/capability - Performance/control parameters - Not attained/maintained; Personnel issues - Task performance - Use of equip/info - Pilot; Environmental issues - Conditions/weather/phenomena - Turbulence - Effect on equipment,Accident,33.829061,-116.50727,CIRRUS DESIGN CORP,SR22T,Airplane,KPSP,Palm Springs International,False,1,Reciprocating,False,Personal,091,Substantial,Visual (VMC); Visual (VMC),On File,Landing,Completed,False,Approved by Office Director,NA,NA,11/17/2024,17-11-2024
WPR25LA048,Accident,195555,2024-11-25,Fullerton,CA,USA,NA,N9245V,690066,False,Aviation,Aviation,Approved by Office Director,NA,NA,Serious,0,0,0,2,0,NA,NA,Accident,33.872556,-117.97136,MOONEY,M20F,Airplane,FUL,FULLERTON MUNI,False,1,NA,False,Personal,091,Substantial,Visual (VMC),On File,InitialClimb,Ongoing,False,Approved by Office Director,NA,NA,11/25/2024,25-11-2024
WPR25LA055,Accident,199396,2024-12-05,Palmdale,CA,USA,NA,N144SD,140196,False,Aviation,Aviation,Approved by Office Director,NA,NA,None,0,0,0,0,0,NA,NA,Accident,34.625507,-117.96261,VANS,RV14,Airplane,NA,NA,True,1,NA,False,Personal,091,Substantial,Visual (VMC),On File,Enroute,Ongoing,False,Approved by Office Director,NA,NA,12/5/2024,5-12-2024
WPR25LA058,Accident,199405,2024-12-10,Los Alamitos,CA,USA,NA,N913WB,4491,False,Aviation,Aviation,Approved by Office Director,2025-04-22,NA,Minor,0,0,0,2,0,The student pilot’s failure to maintain directional control during a run-on landing and the flight instructor’s excessive correction which resulted in impact with terrain. Contributing to the accident was the flight instructor’s delayed remedial action.,Personnel issues - Task performance - Use of equip/info - Pilot; Personnel issues - Action/decision - Action - Instructor/check pilot; Personnel issues - Task performance - Use of equip/info - Student/instructed pilot,Accident,33.79003,-118.05142,EUROCOPTER,AS 350 B2,Helicopter,SLI,LOS ALAMITOS AAF,False,1,Turbo shaft,False,Instructional,PUBU,Substantial,Visual (VMC),LAPD AIR SUPPORT DIVISION,Landing; Maneuvering,Completed,False,Approved by Office Director,NA,NA,12/10/2024,10-12-2024
WPR25LA059,Accident,199407,2024-12-08,El Cajon,CA,USA,NA,N9199R,75-2212,False,Aviation,Aviation,Approved by Office Director,2025-05-09,NA,None,0,0,0,0,0,The pilot’s inability to maintain directional control during landing with a flat tire.,Aircraft - Aircraft oper/perf/capability - Performance/control parameters - Not attained/maintained; Personnel issues - Task performance - Use of equip/info - Pilot; Aircraft - Aircraft systems - Landing gear system - Failure,Accident,32.826222,-116.97244,BOEING,A75N1(PT17),Airplane,SEE,GILLESPIE FLD,False,1,Reciprocating,False,Personal,091,Substantial,Visual (VMC),On File,Landing; Landing; Landing; Landing,Completed,False,Approved by Office Director,NA,NA,12/8/2024,8-12-2024
ENG25WA011,Incident,199411,2024-12-04,Los Angeles,CA,USA,NA,VH-EBQ,1198,False,Aviation,Aviation,None,2025-07-23,NA,NA,0,0,0,0,0,NA,NA,Incident,NA,NA,AIRBUS,A330,Airplane,NA,NA,False,NA,Turbo fan,False,NA,129,None,NA,Qantas,Enroute,N/A,False,None,NA,NA,12/4/2024,4-12-2024
WPR25LA060,Accident,199427,2024-12-12,Reedley,CA,USA,NA,N789RC,6 343 385C,False,Aviation,Aviation,Approved by Office Director,NA,NA,Minor,0,0,0,1,0,NA,NA,Accident,36.671,-119.451,ZALL JIHLAVAN AIRPLANES S R O,JA-600 SKYLEADER,Airplane,O32,Reedley Municipal Airport,False,1,NA,False,Instructional,091,Substantial,Visual (VMC); Visual (VMC),On File,Landing,Ongoing,False,Approved by Office Director,NA,NA,12/12/2024,12-12-2024
WPR25FA062,Accident,199430,2024-12-16,Potrero,CA,USA,NA,N617GC,4676,False,Aviation,Aviation,Approved by Office Director,NA,NA,Fatal,0,0,0,1,0,NA,NA,Accident,32.65218,-116.6242,AMERICAN EUROCOPTER LLC,AS350B3,Helicopter,NA,NA,False,1,NA,False,Public aircraft - federal,PUBU,Substantial,Visual (VMC),Department of Homeland Security,Enroute,Ongoing,False,Approved by Office Director,NA,NA,12/16/2024,16-12-2024
WPR25LA066,Accident,199455,2024-12-20,Placerville,CA,USA,NA,N29247,28R-7931195,False,Aviation,Aviation,Approved by Office Director,2025-04-22,NA,None,0,0,0,0,0,"The pilot’s failure to maintain an adequate descent rate during the landing approach, which resulted in an impact with terrain short of the runway threshold.",Aircraft - Aircraft oper/perf/capability - Performance/control parameters - Not attained/maintained; Environmental issues - Physical environment - Terrain - Contributed to outcome; Personnel issues - Task performance - Use of equip/info - Pilot; Aircraft - Aircraft oper/perf/capability - Performance/control parameters - Not attained/maintained,Accident,38.723955,-120.75416,PIPER,PA-28RT-201T,Airplane,PVF,PLACERVILLE,False,1,Reciprocating,False,Personal,091,Substantial,Visual (VMC); Visual (VMC); Visual (VMC),On File,Landing,Completed,False,Approved by Office Director,NA,NA,12/20/2024,20-12-2024
WPR25LA068,Accident,199462,2024-12-22,Brawley,CA,USA,NA,N191DY,191,False,Aviation,Aviation,Approved by Office Director,2025-08-11,NA,None,0,0,0,0,0,"The flight instructor’s lack of remedial action to the student pilot’s inadequate landing flare, which resulted in a hard landing and a loss of directional control.",Personnel issues - Action/decision - Action - Instructor/check pilot; Environmental issues - Physical environment - Object/animal/substance - Effect on equipment; Aircraft - Aircraft oper/perf/capability - Performance/control parameters - Not attained/maintained,Accident,32.985196,-115.52824,REMOS AIRCRAFT GMBH,REMOS G-3/600,Airplane,BWC,BRAWLEY MUNI,False,1,Reciprocating,False,Personal,091,Substantial,Visual (VMC),On File,Approach,Completed,False,Approved by Office Director,NA,NA,12/22/2024,22-12-2024
WPR25LA069,Accident,199463,2024-12-22,Carson,CA,USA,NA,N519CV,354,False,Aviation,Aviation,Approved by Office Director,2025-04-22,NA,None,0,0,0,0,0,The pilot’s decision to conduct a prolonged slip against warnings specified in the Pilot’s Operating Handbook which resulted in a total loss of engine power due to fuel starvation.,Personnel issues - Task performance - Use of equip/info - Pilot; Personnel issues - Action/decision - Action - Pilot,Accident,33.854479,-118.26942,SLING AIRCRAFT (PTY) LTD,SLING LSA,Airplane,CPM,Compton-Woodley,False,1,Reciprocating,False,Personal,091,Substantial,Visual (VMC),Sling Flying Club,Landing; Enroute,Completed,False,Approved by Office Director,NA,NA,12/22/2024,22-12-2024
WPR25FA072,Accident,199502,2025-01-02,Fullerton,CA,USA,NA,N8757R,001,False,Aviation,Aviation,Approved by Office Director,NA,NA,Fatal,2,8,11,2,19,NA,NA,Accident,33.873481,-117.97067,Vans Aircraft,RV-10,Airplane,FUL,Fullerton Municipal Airport,True,1,NA,False,Personal,091,Substantial,Visual (VMC),On File,Approach,Ongoing,False,Approved by Office Director,NA,NA,1/2/2025,2-1-2025
WPR25LA073,Accident,199516,2025-01-06,Temple City,CA,USA,NA,N5943T,15060643,False,Aviation,Aviation,Approved by Office Director,2025-04-22,NA,NA,0,0,0,0,0,The flight instructor’s unfamiliarity with the fuel quantities the fuel measuring dip stick measured and inadequate preflight inspection which resulted in fuel exhaustion.,Personnel issues - Task performance - Use of equip/info - Instructor/check pilot; Personnel issues - Task performance - Inspection - Instructor/check pilot; Personnel issues - Experience/knowledge - Knowledge - Instructor/check pilot; Aircraft - Fluids/misc hardware - Fluids - Fluid level,Accident,34.094305,-118.04314,CESSNA,150D,Airplane,KEMT,San Gabriel Valley Airport,False,1,Reciprocating,False,Instructional,091,Substantial,Visual (VMC),MISSION FLIGHT ACADEMY,InitialClimb; Landing,Completed,False,Approved by Office Director,NA,NA,1/6/2025,6-1-2025
WPR25LA077,Incident,199536,2025-01-09,Los Angeles,CA,USA,NA,C-GQBE; C-GQBE; C-GQBE; C-GQBE; Unknown; Unknown,2017; 2017; 2017; 2017; Unknown; Unknown,False,Aviation,Aviation,Approved by Office Director,2025-04-22,NA,None,0,0,0,0,0,The NTSB did not determine the probable cause of this event and does not plan to issue a report or open a public docket. The investigation of this event is being conducted under the jurisdiction of the Federal Bureau of Investigation.,Not determined - Not determined - (general) - Other authority investigated; Not determined - Not determined - (general) - Other authority investigated,Incident,34.209806,-118.48997,"Bombardier Inc., Canadair; Bombardier Inc., Canadair; Bombardier Inc., Canadair; Bombardier Inc., Canadair; Unknown; Unknown",CL-215-6B11 ; CL-215-6B11 ; CL-215-6B11 ; CL-215-6B11 ; Unknown; Unknown,Airplane; Airplane; Airplane; Airplane; Unknown; Unknown,VNY,VAN NUYS,False,2,Turbo prop; Turbo prop; Turbo prop; Turbo prop,False,Firefighting; Unknown,PUBU; PUBU; PUBU; PUBU; UNK; UNK,Minor; Minor; Minor; Minor; Destroyed; Destroyed,Visual (VMC); Visual (VMC); Visual (VMC),"Gouvernement du Québec, Service aérien gouvernemental; Gouvernement du Québec, Service aérien gouvernemental; Gouvernement du Québec, Service aérien gouvernemental; Gouvernement du Québec, Service aérien gouvernemental; Unknown; Unknown",Unknown; Enroute,Completed,False,Approved by Office Director,NA,NA,1/9/2025,9-1-2025
DCA25LA085,Accident,199538,2025-01-10,San Bernardino,CA,USA,NA,N324UP; N324UP,27750; 27750,False,Aviation,Aviation,Approved by Office Director,2025-10-23,NA,None,0,0,0,0,0,Encounter with windshear during landing which resulted in a tailstrike.,Personnel issues - Experience/knowledge - Knowledge - Flight crew; Environmental issues - Conditions/weather/phenomena - Wind - Ability to respond/compensate; Aircraft - Aircraft structures - Fuselage - Damaged/degraded; Environmental issues - Conditions/weather/phenomena - Wind - Contributed to outcome,Accident,34,-117,BOEING; BOEING,767; 767,Airplane; Airplane,SBD,SAN BERNARDINO INTL,False,2,Turbo fan; Turbo fan,False,NA,121; 121,Substantial; Substantial,Visual (VMC); Visual (VMC),UNITED PARCEL SERVICE CO; UNITED PARCEL SERVICE CO,Landing,Completed,False,Approved by Office Director,NA,NA,1/10/2025,10-1-2025
WPR25LA078,Accident,199544,2025-01-14,Lemoore,CA,USA,NA,N6255N,129,False,Aviation,Aviation,Approved by Office Director,2025-04-22,NA,None,0,0,0,0,0,The pilot’s failure to maintain clearance from power lines while maneuvering at a low altitude.,Environmental issues - Physical environment - Object/animal/substance - Awareness of condition; Aircraft - Aircraft oper/perf/capability - Performance/control parameters - Not attained/maintained; Personnel issues - Psychological - Attention/monitoring - Pilot,Accident,36.351211,-119.88717,BELL,206A,Helicopter,NA,NA,False,1,Turbo shaft,False,Aerial application,137,Destroyed,Visual (VMC),TRINKLE AVIATION LLC,Maneuvering; Maneuvering,Completed,False,Approved by Office Director,NA,NA,1/14/2025,14-1-2025
WPR25LA082,Accident,199593,2025-01-23,Columbia,CA,USA,NA,N79910,17258243,False,Aviation,Aviation,Approved by Office Director,NA,NA,Serious,0,0,0,2,0,NA,NA,Accident,38.015813,-120.41977,CESSNA,172K,Airplane,O22,COLUMBIA,False,1,NA,False,Personal,091,Substantial,Visual (VMC),On File,Approach,Ongoing,False,Approved by Office Director,NA,NA,1/23/2025,23-1-2025
DCA25LA102,Accident,199608,2025-01-08,Ojai,CA,USA,NA,JA892A; JA892A,34513; 34513,False,Aviation,Aviation,Approved by Office Director,2025-09-03,NA,Serious,0,0,0,5,0,"An encounter with turbulence during descent, which resulted in a serious injury to a flight attendant.",Environmental issues - Physical environment - (general) - Effect on operation; Environmental issues - Physical environment - (general) - Effect on personnel,Accident,34.5478,-119.1889,BOEING; BOEING,787; 787,Airplane; Airplane,NA,NA,False,2,Turbo fan; Turbo fan,True,NA,129; 129,None; None,Visual (VMC),All Nippon Airways Co. Ltd; All Nippon Airways Co. Ltd,Approach,Completed,False,Approved by Office Director,NA,NA,1/8/2025,8-1-2025
WPR25LA083,Accident,199612,2025-01-24,Vacaville,CA,USA,NA,N730CS,CCK-1865-1076,False,Aviation,Aviation,Approved by Office Director,2025-06-05,NA,None,0,0,0,0,0,The pilot’s failure to maintain directional control during the landing roll.,Aircraft - Aircraft oper/perf/capability - Performance/control parameters - Not attained/maintained; Personnel issues - Task performance - Use of equip/info - Pilot,Accident,38.378222,-121.96119,CHARLES E SPENCER,CCK-1865,Airplane,VCB,NUT TREE,True,1,Reciprocating,False,Personal,091,Substantial,Visual (VMC); Visual (VMC),On File,Landing; Landing; Landing,Completed,False,Approved by Office Director,NA,NA,1/24/2025,24-1-2025
WPR25LA085,Accident,199623,2025-01-29,Santa Barbara,CA,USA,NA,N124LZ,1125,False,Aviation,Aviation,Approved by Office Director,NA,NA,Serious,0,0,0,2,0,NA,NA,Accident,34.438175,-119.85799,CIRRUS DESIGN CORP,SR22T,Airplane,SBA,Santa Barbara Municipal Airport,False,1,NA,False,Personal,091,Destroyed,Visual (VMC); Visual (VMC); Visual (VMC),LIMA ZULU AIRCRAFT CORP,Approach,Ongoing,False,Approved by Office Director,NA,NA,1/29/2025,29-1-2025
WPR25LA086,Accident,199642,2025-02-02,Ramona,CA,USA,NA,N5268K,17274038,False,Aviation,Aviation,Approved by Office Director,2025-06-20,NA,None,0,0,0,0,0,An in-flight collision with a bird in the airport traffic pattern.,Environmental issues - Physical environment - Object/animal/substance - Effect on equipment,Accident,33.039452,-116.91526,CESSNA,172P,Airplane,RNM,Ramona Airport,False,1,Reciprocating,False,Personal,091,Substantial,Visual (VMC),On File,Approach,Completed,False,Approved by Office Director,NA,NA,2/2/2025,2-2-2025
WPR25LA087,Accident,199647,2025-02-01,Upland,CA,USA,NA,N79LC; N79LC; N2951H; N2951H,AL-1143; AL-1143; 3576; 3576,False,Aviation,Aviation,Approved by Office Director,2025-07-17,NA,None,0,0,0,0,0,"The pilot’s failure to maintain adequate separation during landing, which resulted in a runway collision with another airplane.",Personnel issues - Psychological - Attention/monitoring - Pilot; Personnel issues - Action/decision - Info processing/decision - Pilot; Personnel issues - Task performance - Communication (personnel) - Pilot; Aircraft - Aircraft oper/perf/capability - Performance/control parameters - Not attained/maintained,Accident,34.111609,-117.68738,AMERICAN LEGEND AIRCRAFT CO; AMERICAN LEGEND AIRCRAFT CO; ERCOUPE; ERCOUPE,AL3; AL3; 415-C; 415-C,Airplane; Airplane; Airplane; Airplane,CCB,CABLE,False,1,Reciprocating; Reciprocating; Reciprocating; Reciprocating,False,Personal; Personal,091; 091; 091; 091,Substantial; Substantial; Substantial; Substantial,Visual (VMC),On File; On File; On File; On File,Taxi; Landing,Completed,False,Approved by Office Director,NA,NA,2/1/2025,1-2-2025
WPR25LA089,Accident,199680,2025-02-01,Daggett,CA,USA,NA,N466TM; N466TM; N466TM; N466TM,57-466; 57-466; 57-466; 57-466,False,Aviation,Aviation,Approved by Office Director,2025-04-22,NA,Serious,0,2,0,2,0,An inflight upset due to an improperly secured load that resulted in serious injuries.,Personnel issues - Task performance - Use of equip/info - Cabin crew; Aircraft - Aircraft oper/perf/capability - Performance/control parameters - Attain/maintain not possible; Organizational issues - Support/oversight/monitoring - Oversight - Operator,Accident,35.100116,-116.90368,LOCKHEED; LOCKHEED; LOCKHEED; LOCKHEED,C-130A; C-130A; C-130A; C-130A,Airplane; Airplane; Airplane; Airplane,NA,NA,False,4,Turbo prop; Turbo prop; Turbo prop; Turbo prop,False,Air drop,091; 091; 091; 091,None; None; None; None,Visual (VMC),TBM INC; TBM INC; TBM INC; TBM INC,Enroute,Completed,False,Approved by Office Director,NA,NA,2/1/2025,1-2-2025
WPR25LA091,Accident,199686,2025-02-09,Auburn,CA,USA,NA,N92467,18260219,False,Aviation,Aviation,Approved by Office Director,2025-04-22,NA,None,0,0,0,0,0,The pilot’s improper use of throttle and brakes during engine start that resulted in a loss of control and impact with a hangar.,Aircraft - Aircraft oper/perf/capability - Aircraft capability - Incorrect use/operation; Personnel issues - Action/decision - Action - Pilot; Aircraft - Aircraft power plant - Engine controls - Incorrect use/operation,Accident,38.954833,-121.08172,CESSNA,182N,Airplane,AUN,AUBURN MUNI,False,1,Reciprocating,False,Personal,091,Substantial,Visual (VMC),On File,Standing,Completed,False,Approved by Office Director,NA,NA,2/9/2025,9-2-2025
WPR25LA092,Accident,199690,2025-02-09,Shafter,CA,USA,NA,N8535N,28-11334,False,Aviation,Aviation,Approved by Office Director,NA,NA,None,0,0,0,0,0,NA,NA,Accident,35.49581,-119.185,PIPER,PA-28-235,Airplane,MIT,SHAFTER-MINTER FLD,False,1,NA,False,Instructional,091,Substantial,Visual (VMC),On File,Approach,Ongoing,False,Approved by Office Director,NA,NA,2/9/2025,9-2-2025
DCA25LA126,Accident,199703,2025-02-14,Hacienda Heights,CA,USA,NA,N939WN; N939WN,36646; 36646,False,Aviation,Aviation,Approved by Office Director,2025-09-16,NA,Serious,0,0,0,1,0,"The airplane’s encounter with moderate turbulence during descent, which resulted in serious injury to a flight attendant.",Environmental issues - Conditions/weather/phenomena - Turbulence - Effect on personnel,Accident,34,-118,BOEING; BOEING,737-7H4; 737-7H4,Airplane; Airplane,NA,NA,False,2,Turbo fan; Turbo fan,True,NA,121; 121,None; None,Instrument (IMC); Instrument (IMC),SOUTHWEST AIRLINES CO; SOUTHWEST AIRLINES CO,Enroute,Completed,False,Approved by Office Director,NA,NA,2/14/2025,14-2-2025
WPR25LA095,Accident,199721,2025-02-17,Geyserville,CA,USA,NA,N14QK,10003,False,Aviation,Aviation,Approved by Office Director,2025-05-12,NA,None,0,0,0,0,0,"The pilot’s failure to secure the coolant cap during the preflight inspection, which resulted in a total loss of engine power due to overheating and a subsequent forced landing.",Aircraft - Aircraft power plant - Engine (reciprocating) - Malfunction; Aircraft - Aircraft power plant - Engine (reciprocating) - Incorrect service/maintenance; Personnel issues - Task performance - Inspection - Pilot,Accident,38.71781,-122.88706,QUICKSILVER AERONAUTICS LLC,L-S2S,Airplane,NA,NA,False,1,Reciprocating,False,Personal,091,Substantial,Visual (VMC); Visual (VMC); Visual (VMC),On File,Landing; Landing; Enroute,Completed,False,Approved by Office Director,NA,NA,2/17/2025,17-2-2025
WPR25LA098,Accident,199724,2025-02-18,Oxnard,CA,USA,NA,N3901L,17254070,False,Aviation,Aviation,Approved by Office Director,2025-05-09,NA,None,0,0,0,0,0,The student pilot’s failure to maintain directional control during landing roll.,Personnel issues - Task performance - Use of equip/info - Student/instructed pilot; Aircraft - Aircraft oper/perf/capability - Performance/control parameters - Not attained/maintained,Accident,34.200807,-119.20722,CESSNA,172,Airplane,OXR,Oxnard Airport,False,1,Reciprocating,False,Instructional,091,Substantial,Visual (VMC); Visual (VMC); Visual (VMC); Visual (VMC),SAN FERNANDO AVITIOIN LLC,Landing,Completed,False,Approved by Office Director,NA,NA,2/18/2025,18-2-2025
WPR25LA102,Accident,199745,2025-02-23,La Verne,CA,USA,NA,N137RJ,172S8296,False,Aviation,Aviation,Approved by Office Director,NA,NA,None,0,0,0,0,0,NA,NA,Accident,34.09,-117.78,CESSNA,172S,Airplane,KPOC,Brackett Field,False,1,NA,False,Instructional,091,Substantial,Visual (VMC),On File,Taxi,Ongoing,False,Approved by Office Director,NA,NA,2/23/2025,23-2-2025
DCA25LA156,Accident,199820,2025-03-02,San Diego,CA,USA,NA,N8776L; N8776L,67761; 67761,False,Aviation,Aviation,Approved by Office Director,2025-09-03,NA,Serious,0,0,0,1,0,An encounter with an area of moderate clear air turbulence associated with the jet stream during cruise.,Environmental issues - Conditions/weather/phenomena - Turbulence - Awareness of condition; Environmental issues - Conditions/weather/phenomena - Turbulence - Effect on personnel,Accident,32.66431,-117.25253,BOEING; BOEING,737-8; 737-8,Airplane; Airplane,NA,NA,False,2,Turbo fan; Turbo fan,True,NA,121; 121,None; None,Unknown,SOUTHWEST AIRLINES CO; SOUTHWEST AIRLINES CO,Enroute,Completed,False,Approved by Office Director,NA,NA,3/2/2025,2-3-2025
WPR25LA112,Accident,199873,2025-03-15,Waterford,CA,USA,NA,N402TA,2122,False,Aviation,Aviation,Approved by Office Director,2025-07-03,NA,Serious,0,0,0,2,0,The pilot’s failure to maintain clearance from water while operating at a low altitude.,Aircraft - Aircraft oper/perf/capability - Performance/control parameters - Incorrect use/operation; Environmental issues - Physical environment - Object/animal/substance - Effect on equipment; Personnel issues - Task performance - Use of equip/info - Pilot; Personnel issues - Action/decision - Info processing/decision - Pilot; Aircraft - Aircraft oper/perf/capability - Performance/control parameters - Not attained/maintained,Accident,37.66654,-120.6631,ENSTROM,280FX,Helicopter,MOD,NA,False,1,NA,False,Personal,091,Destroyed,Visual (VMC),On File,Maneuvering; Maneuvering,Completed,False,Approved by Office Director,NA,NA,3/15/2025,15-3-2025
WPR25LA113,Accident,199874,2025-03-16,Van Nuys,CA,USA,NA,N994WY; N994WY,TE-1001; TE-1001,False,Aviation,Aviation,Approved by Office Director,2025-05-12,NA,Minor,0,0,0,1,0,An in-flight collision with a bird during an approach to land.,Environmental issues - Physical environment - Object/animal/substance - Effect on equipment; Environmental issues - Physical environment - Object/animal/substance - Ability to respond/compensate,Accident,34.209806,-118.48997,BEECH; BEECH,E-55; E-55,Airplane; Airplane,KVNY,Van Nuys Airport,False,2,Reciprocating; Reciprocating,False,Personal,091; 091,Substantial; Substantial,Visual (VMC); Visual (VMC),GEMA MERDEKA GOEYARDI; GEMA MERDEKA GOEYARDI,Approach,Completed,False,Approved by Office Director,NA,NA,3/16/2025,16-3-2025
WPR25LA115,Accident,199898,2025-03-20,Murrieta,CA,USA,NA,N157P,RSUK-V00548,False,Aviation,Aviation,Approved by Office Director,2025-05-29,NA,Minor,0,0,0,1,0,The student pilot’s failure to maintain adequate airspeed during an approach and subsequent descent into terrain. Contributing to the accident was the student pilot’s failure to perform a go-around maneuver.,Personnel issues - Psychological - Attention/monitoring - Pilot; Personnel issues - Task performance - Use of equip/info - Pilot; Aircraft - Aircraft oper/perf/capability - Performance/control parameters - Not attained/maintained; Personnel issues - Action/decision - Action - Student/instructed pilot,Accident,33.5754,-117.13,ROTORSPORT UK LTD,CAVALON,Gyroplane,F70,French Valley Airport,False,1,Reciprocating,False,Instructional,091,Substantial,Visual (VMC),On File,Approach,Completed,False,Approved by Office Director,NA,NA,3/20/2025,20-3-2025
WPR25LA119,Accident,199920,2025-03-26,San Carlos,CA,USA,NA,N180ZR,31662,False,Aviation,Aviation,Approved by Office Director,2025-05-09,NA,None,0,0,0,0,0,The pilot's failure to maintain directional control during landing roll with crosswind conditions.,Aircraft - Aircraft oper/perf/capability - Performance/control parameters - Not attained/maintained; Environmental issues - Conditions/weather/phenomena - Wind - Effect on operation; Personnel issues - Task performance - Use of equip/info - Pilot,Accident,37.512594,-122.25032,CESSNA,180,Airplane,SQL,SAN CARLOS,False,1,Reciprocating,False,Instructional,091,Substantial,Visual (VMC),On File,Landing; Landing; Landing; Landing,Completed,False,Approved by Office Director,NA,NA,3/26/2025,26-3-2025
WPR25LA121,Accident,199925,2025-03-25,Tracy,CA,USA,NA,N9528D,22-6444,False,Aviation,Aviation,Approved by Office Director,2025-05-09,NA,None,0,0,0,0,0,The pilot's failure to maintain directional control during the landing roll.,Personnel issues - Task performance - Use of equip/info - Pilot; Aircraft - Aircraft oper/perf/capability - Performance/control parameters - Not attained/maintained,Accident,37.688895,-121.44157,PIPER,PA-22-160,Airplane,TCY,TRACY MUNI,False,1,Reciprocating,False,Personal,091,Substantial,Visual (VMC),On File,Landing,Completed,False,Approved by Office Director,NA,NA,3/25/2025,25-3-2025
DCA25LA174,Accident,199962,2025-03-28,Dixon,CA,USA,NA,N939NP; N939NP; N939NP; N939NP,16056PS0030; 16056PS0030; 16056PS0030; 16056PS0030,False,Aviation,Aviation,Approved by Office Director,2025-10-23,NA,None,0,0,0,0,0,"The flight control system’s unanticipated transition to takeoff abort mode due to a software error in the autonomous flight control system, which resulted in a premature throttle reduction and hard landing.",Aircraft - Aircraft systems - Flight control system - Design,Accident,38.431806,-121.72608,PYKA INC; PYKA INC; PYKA INC; PYKA INC,PELICAN; PELICAN; PELICAN; PELICAN,Airplane; Airplane; Airplane; Airplane,PVT,PVT,False,4,Electric; Electric; Electric; Electric,False,Flight test,091; 091; 091; 091,Substantial; Substantial; Substantial; Substantial,Visual (VMC),PYKA INC; PYKA INC; PYKA INC; PYKA INC,InitialClimb,Completed,False,Approved by Office Director,NA,NA,3/28/2025,28-3-2025
ANC25LA032,Accident,199975,2025-03-08,Redding,CA,USA,NA,N32371,32-7540035,False,Aviation,Aviation,Approved by Office Director,2025-08-11,NA,None,0,0,0,0,0,"The pilot's failure to maintain a stabilized approach and his delayed action to perform a go-around, resulting in a collision with the runway surface.",Personnel issues - Task performance - Use of equip/info - Pilot; Aircraft - Aircraft oper/perf/capability - Performance/control parameters - Not attained/maintained,Accident,40.507251,-122.29885,PIPER,PA-32-300,Airplane,KRDD,Redding,False,1,Reciprocating,False,Personal,091,Substantial,Visual (VMC); Visual (VMC),On File,Landing,Completed,False,Approved by Office Director,NA,NA,3/8/2025,8-3-2025
WPR25LA132,Accident,200017,2025-04-10,Oakland,CA,USA,NA,N7779K,18052728,False,Aviation,Aviation,Approved by Office Director,2025-07-03,NA,None,0,0,0,0,0,The pilot’s failure to maintain directional control during takeoff roll with a left crosswind.,Aircraft - Aircraft oper/perf/capability - Performance/control parameters - Not attained/maintained; Environmental issues - Conditions/weather/phenomena - Wind - Effect on operation; Personnel issues - Task performance - Use of equip/info - Pilot,Accident,37.7213,-122.2207,CESSNA,180J,Airplane,OAK,SAN FRANCISCO BAY OAKLAND INTL,False,1,Reciprocating,False,Personal,091,Substantial,Visual (VMC),On File,Takeoff; Takeoff; Takeoff,Completed,False,Approved by Office Director,NA,NA,4/10/2025,10-4-2025
WPR25LA139,Accident,200049,2025-04-20,Oakland,CA,USA,NA,N22QT,40.491,False,Aviation,Aviation,Approved by Office Director,2025-08-11,NA,None,0,0,0,0,0,The pilot’s failure to maintain airplane control during takeoff with a left quartering crosswind.,Aircraft - Aircraft oper/perf/capability - Performance/control parameters - Not attained/maintained; Personnel issues - Task performance - Use of equip/info - Pilot; Aircraft - Aircraft oper/perf/capability - Performance/control parameters - Not attained/maintained; Aircraft - Aircraft oper/perf/capability - Performance/control parameters - Not attained/maintained; Environmental issues - Conditions/weather/phenomena - Wind - Effect on operation,Accident,37.732452,-122.21958,DIAMOND AIRCRAFT IND INC,DA 40,Airplane,KOAK,Oakland International,False,1,Reciprocating,False,Personal,091,Substantial,Visual (VMC),ALAMEDA AERO CLUB,Takeoff; Takeoff; Takeoff,Completed,False,Approved by Office Director,NA,NA,4/20/2025,20-4-2025
WPR25LA140,Accident,200050,2025-04-19,Placerville,CA,USA,NA,N6682S,15067482,False,Aviation,Aviation,Approved by Office Director,2025-07-03,NA,None,0,0,0,0,0,The pilot’s failure to maintain directional control while landing with a crosswind.,Personnel issues - Task performance - Use of equip/info - Pilot; Aircraft - Aircraft oper/perf/capability - Performance/control parameters - Not attained/maintained; Environmental issues - Conditions/weather/phenomena - Wind - Effect on operation,Accident,38.725592,-120.74895,CESSNA,150,Airplane,PVF,PLACERVILLE,False,1,Reciprocating,False,Personal,091,Substantial,Visual (VMC),On File,Landing,Completed,False,Approved by Office Director,NA,NA,4/19/2025,19-4-2025
WPR25LA141,Accident,200051,2025-04-18,Placerville,CA,USA,NA,N1286B,5913,False,Aviation,Aviation,Approved by Office Director,2025-07-03,NA,None,0,0,0,0,0,The pilot’s failure to maintain directional control during the landing roll.,Personnel issues - Task performance - Use of equip/info - Pilot; Aircraft - Aircraft oper/perf/capability - Performance/control parameters - Not attained/maintained,Accident,38.79966,-120.73742,LUSCOMBE,8,Airplane,01CL,SWANSBORO COUNTRY,False,1,Reciprocating,False,Personal,091,Substantial,Visual (VMC); Visual (VMC); Visual (VMC),On File,Landing; Landing; Landing,Completed,False,Approved by Office Director,NA,NA,4/18/2025,18-4-2025
WPR25FA145,Accident,200080,2025-04-29,Cottonwood,CA,USA,NA,N6310N,463,False,Aviation,Aviation,Approved by Office Director,2026-05-13,NA,Fatal,0,0,0,2,0,"The flight instructor’s delayed response to an improper landing approach and runway overshoot, which resulted in an impact with an airport perimeter fence and trees.",Aircraft - Aircraft oper/perf/capability - Performance/control parameters - Not attained/maintained; Environmental issues - Physical environment - Object/animal/substance - Effect on equipment; Personnel issues - Action/decision - Action - Instructor/check pilot,Accident,40.33924,-122.33881,CHAMPION,7ECA,Airplane,CA04,FLYING N RANCH,False,1,Reciprocating,False,Instructional,091,Destroyed,Visual (VMC),On File,Landing; Takeoff,Completed,False,Approved by Office Director,NA,NA,4/29/2025,29-4-2025
WPR25FA146,Accident,200089,2025-05-01,Grass Valley,CA,USA,NA,N52156,177RG1180,False,Aviation,Aviation,Approved by Office Director,2025-12-10,NA,Fatal,0,0,0,1,0,"An improperly tightened B-nut fitting at the fuel flow divider, which resulted in a fuel leak and loss of engine power due to fuel starvation, and the inadequate maintenance inspection, which failed to detect and correct the discrepancy.",Aircraft - Aircraft systems - Fuel system - Inadequate inspection; Personnel issues - Task performance - Inspection - Maintenance personnel; Personnel issues - Task performance - Inspection - Maintenance personnel; Personnel issues - Task performance - Maintenance - Maintenance personnel; Aircraft - Aircraft systems - Fuel system - Incorrect service/maintenance,Accident,39.223303,-121.0361,CESSNA,177RG,Airplane,KGOO,Nevada County,False,1,Reciprocating,False,Personal,091,Substantial,Visual (VMC),On File,Approach; EmergencyDescent,Completed,False,Approved by Office Director,NA,NA,5/1/2025,1-5-2025
WPR25FA147,Accident,200098,2025-05-03,Simi Valley,CA,USA,NA,N626PB,42088,False,Aviation,Aviation,Approved by Office Director,NA,NA,Fatal,0,0,0,2,0,NA,NA,Accident,34.238026,-118.80183,PAUL BERKOVITZ,VANS RV-10,Airplane,NA,NA,True,1,NA,False,Personal,091,Destroyed,Instrument (IMC),On File,UncontrolledDescent,Ongoing,False,Approved by Office Director,NA,NA,5/3/2025,3-5-2025
WPR25LA149,Accident,200123,2025-05-02,Mojave,CA,USA,NA,N538EE,1205-2022,False,Aviation,Aviation,Approved by Office Director,2025-08-11,NA,None,0,0,0,0,0,The pilot’s exceedance of the airplane’s critical angle of attack during climb out from an aborted landing.,Personnel issues - Task performance - Use of equip/info - Pilot; Environmental issues - Conditions/weather/phenomena - Temp/humidity/pressure - Effect on equipment; Aircraft - Aircraft oper/perf/capability - Performance/control parameters - Capability exceeded,Accident,35.05693,-118.14831,AMERICAN CHAMPION AIRCRAFT,8KCAB,Airplane,KMHV,Mojave Air and Space Port/Rutan Field,False,1,Reciprocating,False,Personal,091,Substantial,Visual (VMC),On File,Landing; Landing; Landing,Completed,False,Approved by Office Director,NA,NA,5/2/2025,2-5-2025
WPR25LA150,Accident,200124,2025-05-03,San Diego,CA,USA,NA,N508XC,CC19-0005,False,Aviation,Aviation,Approved by Office Director,2025-07-03,NA,None,0,0,0,0,0,The pilot's failure to maintain directional control during landing roll.,Aircraft - Aircraft oper/perf/capability - Performance/control parameters - Not attained/maintained; Personnel issues - Task performance - Use of equip/info - Pilot,Accident,32.815722,-117.13955,CUB CRAFTERS INC,CC19-180,Airplane,MYF,MONTGOMERY-GIBBS EXEC,False,1,Reciprocating,False,Personal,091,Substantial,Visual (VMC),On File,Landing,Completed,False,Approved by Office Director,NA,NA,5/3/2025,3-5-2025
WPR25LA157,Accident,200175,2025-04-25,Fullerton,CA,USA,NA,N415DG,0553,False,Aviation,Aviation,Approved by Office Director,2025-08-11,NA,None,0,0,0,0,0,"The pilot’s failure to attain a proper touchdown point, which resulted in a runway overrun and collision with terrain.",Environmental issues - Physical environment - Terrain - Effect on equipment; Aircraft - Aircraft oper/perf/capability - Performance/control parameters - Not attained/maintained; Personnel issues - Task performance - Use of equip/info - Pilot,Accident,33.872014,-117.97978,CIRRUS DESIGN CORP,SR22T,Airplane,FUL,FULLERTON MUNI,False,1,Reciprocating,False,Personal,091,Substantial,Visual (VMC),TRUONGTON AVIATION LLC,Landing,Completed,False,Approved by Office Director,NA,NA,4/25/2025,25-4-2025
WPR25LA158,Accident,200178,2025-05-09,Butte City,CA,USA,NA,N7503L,826B,False,Aviation,Aviation,Approved by Office Director,2025-07-17,NA,Minor,0,0,0,1,0,The pilot’s use of engine beta prior to ensuring the tailwheel was on the ground during landing roll.,Personnel issues - Action/decision - Action - Pilot; Aircraft - Aircraft oper/perf/capability - Performance/control parameters - Not attained/maintained,Accident,39.472894,-121.99058,SCHWEIZER AIRCRAFT CORP,G-164B,Airplane,NA,Private,False,1,Reciprocating,False,Unknown,091,Substantial,Visual (VMC),CW EQUIPMENT RENTALS INC,Landing,Completed,False,Approved by Office Director,NA,NA,5/9/2025,9-5-2025
WPR25LA159,Accident,200179,2025-05-17,Olivehurst,CA,USA,NA,N28DE,138275,False,Aviation,Aviation,Approved by Office Director,NA,NA,Serious,0,0,0,2,0,NA,NA,Accident,39.08472,-121.58625,NORTH AMERICAN,T-28B,Airplane,MYV,YUBA COUNTY,False,1,NA,False,Personal,091,Substantial,Visual (VMC),HMONG MEMORIAL FOUNDATION,InitialClimb,Ongoing,False,Approved by Office Director,NA,NA,5/17/2025,17-5-2025
WPR25FA161,Accident,200192,2025-05-22,San Diego,CA,USA,NA,N666DS,S550-0056,False,Aviation,Aviation,Approved by Office Director,NA,NA,Fatal,6,0,8,6,8,NA,NA,Accident,32.803082,-117.10597,CESSNA,S550,Airplane,MYF,MONTGOMERY-GIBBS EXEC,False,2,NA,False,Business,091,Destroyed,Instrument (IMC),DAVIATOR LLC,Approach,Ongoing,False,Approved by Office Director,NA,NA,5/22/2025,22-5-2025
ANC25LA040,Accident,200225,2025-05-23,San Luis Obispo,CA,USA,NA,N797CK,1694,False,Aviation,Aviation,Approved by Office Director,2025-08-11,NA,None,0,0,0,0,0,The pilot's failure to maintain directional control during takeoff.,Personnel issues - Task performance - Use of equip/info - Pilot; Aircraft - Aircraft oper/perf/capability - Performance/control parameters - Not attained/maintained,Accident,35.236848,-120.64157,CIRRUS DESIGN CORP,SR22T,Airplane,SBP,San Luis Obispo County Regional Airport,False,1,Reciprocating,False,Personal,091,Substantial,Visual (VMC); Visual (VMC); Visual (VMC); Visual (VMC),On File,Takeoff; Takeoff; Takeoff,Completed,False,Approved by Office Director,NA,NA,5/23/2025,23-5-2025
WPR24LA111,Accident,193937,2024-03-14,Grass Valley,CA,USA,NA,N1SS; N1SS,61P06947963331; 61P06947963331,False,Aviation,Aviation,Approved by Office Director,2024-10-24,NA,Minor,0,0,0,1,0,The pilot’s failure to maintain directional control in a gusting wind condition.,Aircraft - Aircraft oper/perf/capability - Performance/control parameters - Not attained/maintained; Environmental issues - Conditions/weather/phenomena - Turbulence - Ability to respond/compensate; Personnel issues - Task performance - Use of equip/info - Pilot,Accident,39.222988,-121.00515,PIPER; PIPER,AEROSTAR 601P; AEROSTAR 601P,Airplane; Airplane,GOO,Nevada County Airport,False,2,Reciprocating; Reciprocating,False,Personal,091; 091,Substantial; Substantial,Visual (VMC); Visual (VMC); Visual (VMC),On File; On File,Landing; Landing; Landing,Completed,False,Approved by Office Director,NA,NA,3/14/2024,14-3-2024
WPR24LA114,Accident,193957,2024-03-16,Farmington,CA,USA,NA,N38RK,25-1059,False,Aviation,Aviation,Approved by Office Director,2024-10-24,NA,None,0,0,0,0,0,The pilot’s improper preflight fuel planning that resulted in the loss of engine power due to fuel exhaustion.,Personnel issues - Task performance - Planning/preparation - Pilot; Personnel issues - Action/decision - Info processing/decision - Pilot; Aircraft - Fluids/misc hardware - Fluids - Fluid level; Personnel issues - Task performance - Inspection - Pilot,Accident,37.885117,-120.93498,MOONEY AIRCRAFT CORP.,M20K,Airplane,NONE,Field,False,1,Reciprocating,False,Personal,091,Substantial,Visual (VMC); Visual (VMC); Visual (VMC),On File,Enroute; Landing; Enroute,Completed,False,Approved by Office Director,NA,NA,3/16/2024,16-3-2024
WPR24LA117,Accident,193985,2024-03-23,Acton,CA,USA,NA,N1695H,28-7725155,False,Aviation,Aviation,Approved by Office Director,2026-01-14,NA,None,0,0,0,0,0,The pilots inability to fully turn off the carburetor heat which resulted in a reduction of engine power and reduced climb performance. Contributing to the accident was the pilots delayed recovery from the simulated emergency landing.,Personnel issues - Action/decision - Action - Pilot; Aircraft - Aircraft power plant - Engine controls - Malfunction,Accident,34.41648,-118.19907,PIPER,PA-28-140,Airplane,NA,NA,False,1,Reciprocating,False,Flight test,091,Substantial,Visual (VMC),On File,Maneuvering; Maneuvering; Maneuvering; Maneuvering,Completed,False,Approved by Office Director,NA,NA,3/23/2024,23-3-2024
WPR24FA119,Accident,194007,2024-03-31,Truckee,CA,USA,NA,N960LP,1441,False,Aviation,Aviation,Approved by Office Director,NA,NA,Fatal,0,0,0,2,0,NA,NA,Accident,39.333665,-120.15256,DAHER,TBM700,Airplane,TRK,TRUCKEE-TAHOE,False,1,NA,False,Personal,091,Destroyed,Instrument (IMC),AVRAM ENTERPRISES LLC,Approach,Ongoing,False,Approved by Office Director,NA,NA,3/31/2024,31-3-2024
ANC24LA021,Accident,194055,2024-04-06,HUASNA,CA,USA,NA,N8907B,36707,False,Aviation,Aviation,Approved by Office Director,2024-05-03,NA,Minor,0,0,0,1,0,"The pilot’s failure to maintain adequate airspeed during a low altitude maneuver, resulting in a loss of control.",Personnel issues - Task performance - Use of equip/info - Pilot; Aircraft - Aircraft oper/perf/capability - Performance/control parameters - Not attained/maintained; Aircraft - Aircraft oper/perf/capability - Aircraft capability - Incorrect use/operation,Accident,35,-120,CESSNA,172,Airplane,None,Huasna Ranch,False,1,Reciprocating,False,Air drop,091,Substantial,Visual (VMC),On File,Maneuvering,Completed,False,Approved by Office Director,NA,NA,4/6/2024,6-4-2024
WPR24LA121,Accident,194060,2024-04-05,Yucca Grove,CA,USA,NA,N743JT,S9501-0091,False,Aviation,Aviation,Approved by Office Director,2024-11-26,NA,None,0,0,0,0,0,"The pilot’s improper repair of the oil sump, which resulted in a loss of oil pressure and collision with terrain during a precautionary landing.",Personnel issues - Task performance - Maintenance - Pilot; Aircraft - Aircraft power plant - Engine (reciprocating) - Incorrect service/maintenance; Aircraft - Aircraft power plant - Engine (reciprocating) - Fatigue/wear/corrosion,Accident,35.436962,-115.69038,Kitfox,Series 5,Airplane,NA,NA,True,1,Reciprocating,False,Personal,091,Substantial,Visual (VMC); Visual (VMC); Visual (VMC),On File,Enroute; Landing,Completed,False,Approved by Office Director,NA,NA,4/5/2024,5-4-2024
WPR24FA123,Accident,194065,2024-04-09,Derner,CA,USA,NA,N40261,G10-158,False,Aviation,Aviation,Approved by Office Director,2026-05-21,NA,Fatal,0,0,0,1,0,"The pilot’s failure to adequately monitor his fuel supply, resulting in fuel exhaustion, a total loss of engine power, and the airplane’s impact with terrain.",Aircraft - Fluids/misc hardware - Fluids - Fluid level; Personnel issues - Physical - Health/Fitness - Pilot; Personnel issues - Task performance - Planning/preparation - Pilot; Personnel issues - Experience/knowledge - Experience/qualifications - Pilot,Accident,41.299892,-120.55866,AYRES CORPORATION,S2R-G10,Airplane,NA,NA,False,1,Turbo prop,False,Aerial application,137,Substantial,Visual (VMC),JONES AVIATION INC,Maneuvering,Completed,False,Approved by Office Director,NA,NA,4/9/2024,9-4-2024
WPR24FA124,Accident,194082,2024-04-14,San Bernardino,CA,USA,NA,N965BC; N965BC,96071; 96071,False,Aviation,Aviation,Approved by Office Director,2026-04-29,NA,Fatal,0,0,0,1,0,"The pilot’s continued use of the airplane’s autopilot after flight into moderate to severe icing conditions, which resulted in an exceedance of the airplane’s critical angle of attack and an aerodynamic stall.",Aircraft - Aircraft oper/perf/capability - Performance/control parameters - Capability exceeded; Personnel issues - Action/decision - Action - Pilot; Personnel issues - Action/decision - Info processing/decision - Pilot; Aircraft - Aircraft systems - Ice/rain protection system - Capability exceeded; Personnel issues - Task performance - Use of equip/info - Pilot; Personnel issues - Task performance - Workload management - Pilot; Personnel issues - Psychological - Personality/attitude - Pilot; Aircraft - Aircraft systems - Auto flight system - Incorrect use/operation; Personnel issues - Task performance - Use of equip/info - Pilot; Environmental issues - Conditions/weather/phenomena - Ceiling/visibility/precip - Effect on equipment; Environmental issues - Conditions/weather/phenomena - Temp/humidity/pressure - Effect on equipment,Accident,34.21064,-117.34217,Gulfstream Corporation; Gulfstream Corporation,695A; 695A,Airplane; Airplane,NA,NA,False,2,Turbo prop; Turbo prop,False,Personal,091; 091,Destroyed; Destroyed,Instrument (IMC),On File; On File,UncontrolledDescent; Enroute; Enroute,Completed,False,Approved by Office Director,NA,NA,4/14/2024,14-4-2024
ANC24LA026,Accident,194129,2024-04-19,Paso Robles,CA,USA,NA,N51FM,2156,False,Aviation,Aviation,Approved by Office Director,2025-03-06,NA,Serious,0,0,0,2,0,The flight instructor’s failure to maintain adequate airspeed during landing which resulted in a loss of directional control and runway excursion. Contributing to the accident was the pilot receiving instructions failure to maintain runway alignment.,Personnel issues - Task performance - Use of equip/info - Instructor/check pilot; Aircraft - Aircraft oper/perf/capability - Performance/control parameters - Not attained/maintained; Aircraft - Aircraft oper/perf/capability - Performance/control parameters - Not attained/maintained,Accident,35.680398,-120.62565,CIRRUS DESIGN CORP,SR22T,Airplane,PRB,Paso Robles Municipal Airport,False,1,Reciprocating,False,Personal,091,Substantial,Visual (VMC); Visual (VMC); Visual (VMC),On File,Landing; Landing; Landing,Completed,False,Approved by Office Director,NA,NA,4/19/2024,19-4-2024
WPR24LA133,Accident,194162,2024-04-23,Placerville,CA,USA,NA,N89EP,21060380,False,Aviation,Aviation,Approved by Office Director,2026-04-08,NA,None,0,0,0,0,0,The pilot’s loss of directional control during the landing roll.,Personnel issues - Task performance - Use of equip/info - Pilot,Accident,38.798437,-120.73422,CESSNA,T210,Airplane,01CL,Swansboro Airport,False,1,Reciprocating,False,Personal,091,Substantial,Visual (VMC),On File,Landing; Landing,Completed,False,Approved by Office Director,NA,NA,4/23/2024,23-4-2024
WPR24LA134,Accident,194163,2024-04-23,Tracy,CA,USA,NA,N17592,51535,False,Aviation,Aviation,Approved by Office Director,2025-07-16,NA,None,0,0,0,0,0,A loss of collective control authority due to fatigue failure of the collective servo cylinder extension arms from corrosion pitting.,Aircraft - Aircraft propeller/rotor - Rotorcraft flight control - Failure; Aircraft - Aircraft systems - Flight control system - Failure,Accident,37,-121,BELL,206L-3,Helicopter,1Q4,NEW JERUSALEM,False,1,Turbo shaft,False,Aerial observation,091,Substantial,Visual (VMC); Visual (VMC),PREMIER ROTORS LLC,Maneuvering,Completed,False,Approved by Office Director,NA,NA,4/23/2024,23-4-2024
WPR24LA135,Accident,194164,2024-04-29,El Cajon,CA,USA,NA,N8800V,74-31085,False,Aviation,Aviation,Approved by Office Director,2024-11-21,NA,Minor,0,0,0,1,0,"Maintenance personnel’s improper installation of an engine-driven vacuum pump, which resulted in oil starvation to the engine and a subsequent total loss of engine power. Contributing to the accident was the A&P IA’s lack of supervision.",Aircraft - Aircraft power plant - Engine (reciprocating) - Malfunction; Personnel issues - Action/decision - Info processing/decision - Maintenance personnel; Personnel issues - Task performance - Maintenance - Maintenance personnel,Accident,32.815172,-116.92691,BELLANCA,17-31ATC,Airplane,SEE,GILLESPIE FLD,False,1,Reciprocating,False,Personal,091,Substantial,Visual (VMC),On File,Enroute,Completed,False,Approved by Office Director,NA,NA,4/29/2024,29-4-2024
WPR24LA142,Accident,194216,2024-05-04,Del Mar,CA,USA,NA,N290UM,90/209,False,Aviation,Aviation,Approved by Office Director,2026-05-13,NA,Fatal,0,0,0,1,0,The passenger’s intentional departure from the balloon in flight as an act of suicide.,Personnel issues - Miscellaneous - Intentional act - Passenger,Accident,32.96395,-117.23654,Ultramagic SA,Z-90,Balloon,N/A,NA,False,0,NA,True,Personal,091,None,Visual (VMC); Visual (VMC); Visual (VMC),On File,Enroute,Completed,False,Approved by Office Director,NA,NA,5/4/2024,4-5-2024
WPR24LA144,Accident,194218,2024-04-30,Hemet,CA,USA,NA,N92NP,0911564,False,Aviation,Aviation,Approved by Office Director,2024-11-19,NA,None,0,0,0,0,0,The pilot’s failure to maintain directional control during landing with a crosswind.,Environmental issues - Conditions/weather/phenomena - Wind - Effect on operation; Aircraft - Aircraft oper/perf/capability - Performance/control parameters - Not attained/maintained; Personnel issues - Task performance - Use of equip/info - Pilot,Accident,33.73499,-117.02189,RANS,S7,Airplane,HMT,HEMET-RYAN,True,1,Reciprocating,False,Personal,091,Substantial,Visual (VMC); Visual (VMC),On File,Landing; Landing; Landing; Landing,Completed,False,Approved by Office Director,NA,NA,4/30/2024,30-4-2024
WPR24LA145,Accident,194232,2024-05-09,Big Bear,CA,USA,NA,N2193C,16178,False,Aviation,Aviation,Approved by Office Director,2024-11-19,NA,None,0,0,0,0,0,The pilot’s failure to maintain directional control during takeoff with a gusty crosswind.,Environmental issues - Conditions/weather/phenomena - Wind - Contributed to outcome; Environmental issues - Conditions/weather/phenomena - Wind - Contributed to outcome; Personnel issues - Task performance - Use of equip/info - Pilot; Aircraft - Aircraft oper/perf/capability - Performance/control parameters - Not attained/maintained,Accident,34.263851,-116.85548,CESSNA,195,Airplane,L35,Big Bear Airport,False,1,Reciprocating,False,Personal,091,Substantial,Visual (VMC); Visual (VMC),On File,Takeoff; Takeoff; Takeoff; Takeoff; Takeoff,Completed,False,Approved by Office Director,NA,NA,5/9/2024,9-5-2024
WPR24LA151,Accident,194263,2024-05-12,Maxwell,CA,USA,NA,N6612Q,163B,False,Aviation,Aviation,Approved by Office Director,2024-11-22,NA,Serious,0,0,0,1,0,"The pilot’s failure to ascertain a proper touchdown point and late decision to initiate a go-around, which resulted in a subsequent collision with vegetation.",Personnel issues - Action/decision - Info processing/decision - Pilot; Environmental issues - Physical environment - Runway/land/takeoff/taxi surface - Effect on equipment; Personnel issues - Task performance - Use of equip/info - Pilot,Accident,39.443273,-122.25859,GRUMMAN,G164,Airplane,NA,NA,False,1,Reciprocating,False,Aerial application,137,Destroyed,Visual (VMC),ALASKA AIR SERVICE LLC,Landing; Landing,Completed,False,Approved by Office Director,NA,NA,5/12/2024,12-5-2024
WPR24LA154,Accident,194273,2024-05-16,Lakeport,CA,USA,NA,N4448L,17254541,False,Aviation,Aviation,Approved by Office Director,2026-04-29,NA,None,0,0,0,0,0,"The pilot’s inadequate use of carburetor heat, which resulted in a total loss of engine power shortly after takeoff due to fuel starvation as a result of carburetor ice.",Environmental issues - Conditions/weather/phenomena - Temp/humidity/pressure - Effect on equipment; Personnel issues - Task performance - Use of equip/info - Pilot; Aircraft - Aircraft power plant - Power plant - Incorrect use/operation,Accident,38.99494,-122.90895,CESSNA,172G,Airplane,1O2,LAMPSON FLD,False,1,Reciprocating,False,Personal,091,Substantial,Visual (VMC),On File,EmergencyDescent; InitialClimb; Landing,Completed,False,Approved by Office Director,NA,NA,5/16/2024,16-5-2024
ANC24LA036,Accident,194301,2024-05-17,San Luis Obispo,CA,USA,NA,N1500D,7722,False,Aviation,Aviation,Approved by Office Director,2025-08-20,NA,None,0,0,0,0,0,"The pilot’s failure to maintain directional control during the landing roll, which resulted in a failure of the right main landing gear and subsequent ground loop.",Personnel issues - Task performance - Use of equip/info - Pilot; Aircraft - Aircraft oper/perf/capability - Performance/control parameters - Not attained/maintained,Accident,35.237273,-120.6426,CESSNA,190,Airplane,SBP,San Luis Obispo,False,1,Reciprocating,False,Personal,091,Substantial,Visual (VMC),On File,Landing,Completed,False,Approved by Office Director,NA,NA,5/17/2024,17-5-2024
WPR24LA157,Accident,194304,2024-05-16,Daggett,CA,USA,NA,N4769K,P21000300,False,Aviation,Aviation,Approved by Office Director,2026-04-15,NA,None,0,0,0,0,0,"The pilot’s failure to detect the tripped alternator circuit breaker in flight, which resulted in a drained battery that prevented the landing gear from fully extending to the down-and-locked position. Contributing to the accident was the improperly installed hardware on the landing gear extension handle, which prevented the extension of the handle and operation of the system.",Aircraft - Aircraft systems - Electrical power system - Capability exceeded; Aircraft - Aircraft systems - Electrical power system - Not used/operated; Aircraft - Aircraft systems - Landing gear system - Inoperative; Personnel issues - Task performance - Use of equip/info - Pilot; Aircraft - Aircraft systems - Landing gear system - Inoperative; Personnel issues - Action/decision - Action - Pilot; Aircraft - Aircraft systems - Hydraulic power system - Incorrect service/maintenance,Accident,34.854233,-116.94179,CESSNA,P210,Airplane,DAG,BARSTOW-DAGGETT,False,1,Reciprocating,False,Personal,091,Substantial,Visual (VMC); Visual (VMC); Visual (VMC),SPIRIT 210 LLC,Enroute; Approach; Landing,Completed,False,Approved by Office Director,NA,NA,5/16/2024,16-5-2024
WPR24LA160,Accident,194320,2024-05-26,Santa Maria,CA,USA,NA,N873X,1,False,Aviation,Aviation,Approved by Office Director,2026-05-27,NA,Minor,0,0,0,1,0,A total loss of engine power during approach for reasons that could not be determined.,Aircraft - Aircraft power plant - (general) - Unknown/Not determined,Accident,34.860556,-120.45083,STEEN,SKYBOLT,Airplane,SMX,SANTA MARIA PUB/CAPT G ALLAN HANCOCK FLD,True,1,Reciprocating,False,Personal,091,Substantial,Visual (VMC),On File,Approach,Completed,False,Approved by Office Director,NA,NA,5/26/2024,26-5-2024
WPR24LA163,Accident,194325,2024-05-25,Livermore,CA,USA,NA,N6003F,16200125,False,Aviation,Aviation,Approved by Office Director,2024-07-25,NA,None,0,0,0,0,0,"The flight instructor’s delayed remedial action, which resulted in an aerodynamic stall and abnormal contact with the runway. Contributing to the accident was the student pilot’s improper landing flare and go-around.",Personnel issues - Task performance - Use of equip/info - Student/instructed pilot; Aircraft - Aircraft oper/perf/capability - Performance/control parameters - Capability exceeded; Personnel issues - Action/decision - Action - Instructor/check pilot,Accident,37.693389,-121.82036,CESSNA AIRCRAFT CO,162,Airplane,LVK,Livermore Municipal Airport,False,1,Reciprocating,False,Instructional,091,Substantial,Visual (VMC); Visual (VMC),IONAJ INC,Landing,Completed,False,Approved by Office Director,NA,NA,5/25/2024,25-5-2024
ANC24FA038,Accident,194331,2024-05-28,Richvale,CA,USA,NA,N3629Y,754B,False,Aviation,Aviation,Approved by Office Director,2025-09-30,NA,Fatal,0,0,0,1,0,The pilot’s failure to maintain clearance from a trailer located on the edge of the runway during takeoff. Contributing to the accident was the location of the trailer on the side of the runway.,Personnel issues - Task performance - Use of equip/info - Pilot; Personnel issues - Action/decision - Info processing/decision - Pilot; Environmental issues - Physical environment - Object/animal/substance - Contributed to outcome,Accident,39.501094,-121.77123,SCHWEIZER AIRCRAFT CORP,G-164B,Airplane,07CL,Richvale Airport,False,1,Turbo prop,False,Aerial application,137,Substantial,Visual (VMC),AvAg,Takeoff,Completed,False,Approved by Office Director,NA,NA,5/28/2024,28-5-2024
WPR24LA167,Accident,194378,2024-06-02,Modesto,CA,USA,NA,N7522U,CCF-4-214,False,Aviation,Aviation,Approved by Office Director,2025-02-12,NA,Minor,0,0,0,2,0,"The pilot’s improper fuel tank selection, which resulted in a total loss of engine power due to fuel starvation. Contributing to the accident was a malfunctioning fuel selector at low fuel levels.",Personnel issues - Task performance - Use of equip/info - Pilot; Aircraft - Fluids/misc hardware - Fluids - Fluid management; Aircraft - Aircraft systems - Fuel system - Malfunction,Accident,37.624957,-120.90517,CANADIAN CAR & FOUNDRY,HARVARD MK IV,Airplane,MOD,MODESTO CITY-COUNTY-HARRY SHAM FLD,False,1,Reciprocating,False,Personal,091,Substantial,Visual (VMC),PAY IT FORWARD AVIATION LLC,Enroute,Completed,False,Approved by Office Director,NA,NA,6/2/2024,2-6-2024
WPR24LA174,Accident,194392,2024-06-01,San Diego,CA,USA,NA,N1259M,CE-175,False,Aviation,Aviation,Approved by Office Director,2026-04-29,NA,None,0,0,0,0,0,A partial loss of engine power due to water contamination of the fuel system.,Aircraft - Fluids/misc hardware - Fluids - Fluid condition,Accident,32.816772,-117.13735,BEECH,35-C33A,Airplane,MYF,Montgomery-Gibbs Executive Airport,False,1,Reciprocating,False,Personal,091,Substantial,Visual (VMC),L A M Capital Management LLC,Landing; Approach,Completed,False,Approved by Office Director,NA,NA,6/1/2024,1-6-2024
WPR24LA181,Accident,194409,2024-06-05,Santa Ynez,CA,USA,NA,N9567L,17276579,False,Aviation,Aviation,Approved by Office Director,2025-02-12,NA,Serious,0,0,0,1,0,"The pilot’s failure to maintain airspeed which resulted in exceedance of the critical angle of attack and an aerodynamic stall/spin, with insufficient altitude for recovery. 
The student pilot’s exceedance of the critical angle of attack which resulted in a stall and subsequent spin during a go-around.",Personnel issues - Task performance - Use of equip/info - Pilot; Aircraft - Aircraft oper/perf/capability - Performance/control parameters - Not attained/maintained,Accident,34.60824,-120.08484,CESSNA,172P,Airplane,IZA,Santa Ynez Airport/Kunkle Field,False,1,Reciprocating,False,Personal,091,Substantial,Visual (VMC); Visual (VMC),On File,Maneuvering; Maneuvering; Landing,Completed,False,Approved by Office Director,NA,NA,6/5/2024,5-6-2024
DCA24LA206,Incident,194423,2024-05-25,Oakland,CA,USA,NA,N8825Q,67472,False,Aviation,Aviation,Approved by Office Director,NA,NA,None,0,0,0,0,0,NA,NA,Incident,37.721298,-122.221,BOEING,737-8,Airplane,NA,NA,False,2,NA,True,NA,121,None,Unknown; Unknown; Unknown,SOUTHWEST AIRLINES CO,Enroute,Ongoing,False,Approved by Office Director,NA,NA,5/25/2024,25-5-2024
WPR24LA186,Accident,194431,2024-06-08,Richvale,CA,USA,NA,N6736K,31C,False,Aviation,Aviation,Approved by Office Director,2025-03-06,NA,None,0,0,0,0,0,The pilot’s decision to take off with a tailwind and their failure to maintain clearance from terrain.,Aircraft - Aircraft oper/perf/capability - Performance/control parameters - Not attained/maintained; Personnel issues - Task performance - Use of equip/info - Pilot,Accident,39.501886,-121.77114,GRUMMAN/SCHWEIZER,G-164D,Airplane,07CL,Richvale Airport,False,1,Turbo prop,False,Aerial application,137,Substantial,Visual (VMC),AVAG INC,Takeoff,Completed,False,Approved by Office Director,NA,NA,6/8/2024,8-6-2024
WPR24LA189,Accident,194434,2024-06-08,Paso Robles,CA,USA,NA,N208ZM,920 AT 912 LSA,False,Aviation,Aviation,Approved by Office Director,2025-02-11,NA,None,0,0,0,0,0,The pilot’s exceedance of the airplane’s critical angle of attack that resulted in an aerodynamic stall and subsequent loss of control on final approach. Contributing to the accident was the pilot’s decision to land with a tailwind.,Aircraft - Aircraft oper/perf/capability - Performance/control parameters - Not attained/maintained; Aircraft - Aircraft oper/perf/capability - Performance/control parameters - Not attained/maintained; Environmental issues - Conditions/weather/phenomena - Wind - Effect on equipment; Personnel issues - Task performance - Use of equip/info - Pilot,Accident,35.64,-120.85,PIPISTREL ITALIA S R L,ALPHA TRAINER,Airplane,89CA,Halter Ranch Airstrip,False,1,Reciprocating,False,Personal,091,Substantial,Visual (VMC),On File,Landing,Completed,False,Approved by Office Director,NA,NA,6/8/2024,8-6-2024
WPR24LA193,Accident,194457,2024-06-12,Monument Hills,CA,USA,NA,N8WF,18503001,False,Aviation,Aviation,Approved by Office Director,2026-06-25,NA,None,0,0,0,0,0,A total loss of engine power for reasons that could not be determined.,Aircraft - Aircraft systems - (general) - Unknown/Not determined; Not determined - Not determined - (general) - Unknown/Not determined; Personnel issues - Miscellaneous - (general) - Unknown/Not determined,Accident,38.63,-121.85,CESSNA,A185F,Airplane,O41,WATTS-WOODLAND,False,1,Reciprocating,False,Personal,091,Substantial,Visual (VMC); Visual (VMC); Visual (VMC),On File,Landing; Enroute; Unknown; EmergencyDescent,Completed,False,Approved by Office Director,NA,NA,6/12/2024,12-6-2024
WPR24FA195,Accident,194461,2024-06-12,South Lake Tahoe,CA,USA,NA,N37081,1742,False,Aviation,Aviation,Approved by Office Director,2026-06-10,NA,Fatal,0,0,0,2,0,"The pilot’s decision to continue low-altitude flight toward rising mountainous terrain in high density altitude conditions, which resulted in collision with trees and terrain.",Environmental issues - Conditions/weather/phenomena - Temp/humidity/pressure - Effect on operation; Aircraft - Aircraft oper/perf/capability - Performance/control parameters - Capability exceeded; Personnel issues - Task performance - Use of equip/info - Pilot,Accident,38.891071,-119.96671,LUSCOMBE,8A,Airplane,NA,NA,False,1,Reciprocating,False,Unknown,091,Substantial,Visual (VMC),On File,Enroute,Completed,False,Approved by Office Director,NA,NA,6/12/2024,12-6-2024
WPR24FA196,Accident,194475,2024-06-15,Chino,CA,USA,NA,N93R,1257,False,Aviation,Aviation,Approved by Office Director,NA,NA,Fatal,0,0,0,2,0,NA,NA,Accident,33.975375,-117.64796,LOCKHEED,12A,Airplane,CNO,CHINO,False,2,NA,False,Personal,091,Substantial,Visual (VMC),Yanks Air Museum,InitialClimb,Ongoing,False,Approved by Office Director,NA,NA,6/15/2024,15-6-2024
WPR24LA207,Accident,194539,2024-06-19,Scheelite,CA,USA,NA,N3627N,22879,False,Aviation,Aviation,Approved by Office Director,2025-02-12,NA,Serious,0,0,0,1,0,The pilot’s inadvertent entry to a box canyon where the airplane could not outclimb the rising terrain.,Environmental issues - Physical environment - Terrain - Awareness of condition; Personnel issues - Task performance - Planning/preparation - Pilot; Aircraft - Aircraft oper/perf/capability - Aircraft capability - Capability exceeded; Personnel issues - Psychological - Attention/monitoring - Pilot,Accident,37.31016,-118.71979,PIPER,J3C-65,Airplane,none,NA,False,1,Reciprocating,False,Personal,091,Substantial,Visual (VMC),On File,Enroute; Enroute,Completed,False,Approved by Office Director,NA,NA,6/19/2024,19-6-2024
WPR24LA210,Accident,194542,2024-06-20,Humboldt Bay,CA,USA,NA,N141PB,42066,False,Aviation,Aviation,Approved by Office Director,2025-04-23,NA,None,0,0,0,0,0,"Maintenance personnel’s incorrect installation of an engine rocker cover gasket, which resulted in oil exhaustion and subsequent loss of engine power during the initial climb.",Aircraft - Fluids/misc hardware - Fluids - Fluid level; Aircraft - Aircraft power plant - Engine (reciprocating) - Incorrect service/maintenance; Personnel issues - Task performance - Maintenance - Maintenance personnel,Accident,40.69524,-124.21173,LANCAIR COMPANY,LC42-550FG,Airplane,NA,NA,False,1,Reciprocating,False,Personal,091,Substantial,Visual (VMC),On File,Standing; Landing; Enroute; Enroute,Completed,False,Approved by Office Director,NA,NA,6/20/2024,20-6-2024
WPR24LA212,Accident,194548,2024-06-18,Lemoore,CA,USA,NA,C-GJBG; C-GJBG,31-7612033; 31-7612033,False,Aviation,Aviation,Approved by Office Director,2025-02-12,NA,Minor,0,0,2,2,0,The pilot’s improper in-flight decision making which resulted in a total loss of engine power due to fuel exhaustion and a subsequent emergency landing.,Personnel issues - Task performance - Use of equip/info - Pilot; Aircraft - Fluids/misc hardware - Fluids - Fluid level; Personnel issues - Task performance - Planning/preparation - Pilot; Personnel issues - Action/decision - Info processing/decision - Pilot; Personnel issues - Action/decision - Info processing/decision - Pilot,Accident,36.364164,-119.96069,PIPER; PIPER,PA31; PA31,Airplane; Airplane,KNLC,Lemoore,False,2,Turbo prop; Turbo prop,False,Aerial observation,091; 091,Substantial; Substantial,Visual (VMC),On File; On File,Enroute; Approach; Landing; EmergencyDescent; Approach,Completed,False,Approved by Office Director,NA,NA,6/18/2024,18-6-2024
WPR24LA214,Accident,194552,2024-06-25,Pleasant Grove,CA,USA,NA,N6793K,487B,False,Aviation,Aviation,Approved by Office Director,2026-04-29,NA,None,0,0,0,0,0,The pilot’s delayed recognition of the extent of the airplane’s increased takeoff roll. Contributing to the accident was the pilot’s lack of experience operating the airplane at a high gross weight.,Aircraft - Aircraft oper/perf/capability - Aircraft capability - Not attained/maintained; Personnel issues - Action/decision - Info processing/decision - Pilot; Personnel issues - Experience/knowledge - Experience/qualifications - Pilot,Accident,38.907455,-121.49334,GRUMMAN ACFT ENG COR-SCHWEIZER,G-164B,Airplane,PVT,Moe's Crop Dusting Service,False,1,Turbo prop,False,Positioning,091,Substantial,Visual (VMC); Visual (VMC),CAJUNCATS LLC,Takeoff,Completed,False,Approved by Office Director,NA,NA,6/25/2024,25-6-2024
WPR24LA218,Accident,194593,2024-06-26,Rio Linda,CA,USA,NA,N912RG,TLUSA 103912S,False,Aviation,Aviation,Approved by Office Director,2026-07-02,NA,Minor,0,0,0,1,0,"A loss of engine power due to fuel exhaustion. Contributing to the accident was a fuel quantity indication that was inconsistent with the actual fuel state of the airplane, which likely led the pilot to overestimate the amount of fuel remaining onboard.",Aircraft - Aircraft systems - Fuel system - Unknown/Not determined; Aircraft - Fluids/misc hardware - Fluids - Fluid level; Personnel issues - Task performance - Planning/preparation - Pilot,Accident,38.681258,-121.44451,TL ULTRALIGHT,Sting RG,Airplane,L36,RIO LINDA,True,1,Reciprocating,False,Personal,091,Substantial,Visual (VMC); Visual (VMC),NOVABOX LLC,Landing; Approach,Completed,False,Approved by Office Director,NA,NA,6/26/2024,26-6-2024
WPR24LA219,Accident,194595,2024-06-29,Oxnard,CA,USA,NA,N2835Q,17259835,False,Aviation,Aviation,Approved by Office Director,2025-02-12,NA,None,0,0,0,0,0,The student pilot’s failure to maintain directional control during the takeoff roll.,Personnel issues - Task performance - Use of equip/info - Student/instructed pilot; Aircraft - Aircraft oper/perf/capability - Performance/control parameters - Not attained/maintained,Accident,34.200807,-119.20722,CESSNA,172L,Airplane,OXR,OXNARD,False,1,Reciprocating,False,Instructional,091,Substantial,Visual (VMC),REGISTRATION PENDING,Takeoff; Takeoff; Takeoff; Takeoff,Completed,False,Approved by Office Director,NA,NA,6/29/2024,29-6-2024
WPR24LA221,Accident,194597,2024-07-01,Running Springs,CA,USA,NA,N6553R,MB-744,False,Aviation,Aviation,Approved by Office Director,2025-04-22,NA,None,0,0,0,0,0,"The pilot’s decision to maneuver the airplane at a low altitude toward rising terrain, which exceeded the climb capability of the airplane.",Aircraft - Aircraft oper/perf/capability - Performance/control parameters - Capability exceeded; Personnel issues - Task performance - Planning/preparation - Pilot,Accident,34.17773,-117.12951,BEECH,B19,Airplane,NA,NA,False,1,Reciprocating,False,Personal,091,Substantial,Visual (VMC); Visual (VMC),On File,Maneuvering,Completed,False,Approved by Office Director,NA,NA,7/1/2024,1-7-2024
WPR24LA229,Accident,194638,2024-07-02,San Diego,CA,USA,NA,N74C,17270368,False,Aviation,Aviation,Approved by Office Director,2026-07-02,NA,Minor,0,0,0,1,0,A failure of the No. 2 cylinder due to fatigue cracking as the result of an undersized fillet radius around the edge of the cylinder head dome.,Aircraft - Aircraft power plant - Engine (reciprocating) - Failure; Aircraft - Aircraft power plant - Engine (reciprocating) - Design,Accident,32.815722,-117.13955,CESSNA,172N,Airplane,MYF,MONTGOMERY-GIBBS EXEC,False,1,Reciprocating,False,Personal,091,Substantial,Visual (VMC); Visual (VMC),On File,Approach; Approach; Landing; Landing,Completed,False,Approved by Office Director,NA,NA,7/2/2024,2-7-2024
WPR24LA244,Accident,194699,2024-07-12,Lakeport,CA,USA,NA,N4443X,28R-7635044,False,Aviation,Aviation,Approved by Office Director,2025-02-21,NA,None,0,0,0,0,0,A collision with a deer during takeoff.,Environmental issues - Physical environment - Object/animal/substance - Ability to respond/compensate; Environmental issues - Physical environment - Object/animal/substance - Effect on equipment,Accident,38.990545,-122.90197,PIPER,PA-28R-200,Airplane,SMF,SACRAMENTO INTL,False,1,Reciprocating,False,Personal,091,Substantial,Visual (VMC); Visual (VMC),"Mach 5 Aviation, Inc",Takeoff; Takeoff,Completed,False,Approved by Office Director,NA,NA,7/12/2024,12-7-2024
WPR24LA250,Accident,194744,2024-07-18,Hollister,CA,USA,NA,N54173,75-6574,False,Aviation,Aviation,Approved by Office Director,2025-02-27,NA,None,0,0,0,0,0,"The pilot’s loss of directional control on landing, which resulted in a nose over.",Personnel issues - Task performance - Use of equip/info - Pilot; Aircraft - Aircraft oper/perf/capability - Performance/control parameters - Not attained/maintained,Accident,36.891059,-121.40804,BOEING,B75N1/N2S-3,Airplane,KCVH,Hollister Municipal Airport,False,1,Reciprocating,False,Instructional,091,Substantial,Visual (VMC),On File,Landing,Completed,False,Approved by Office Director,NA,NA,7/18/2024,18-7-2024
WPR24LA251,Accident,194746,2024-07-18,Carlsbad,CA,USA,NA,N886JB,30058,False,Aviation,Aviation,Approved by Office Director,2025-02-27,NA,Minor,0,0,0,1,0,"The pilot’s failure to maintain lateral control of the helicopter while departing with a crosswind, which resulted in a dynamic rollover.",Aircraft - Aircraft oper/perf/capability - Performance/control parameters - Not attained/maintained; Personnel issues - Task performance - Use of equip/info - Pilot; Environmental issues - Conditions/weather/phenomena - Wind - Effect on operation,Accident,33.12825,-117.28008,ROBINSON HELICOPTER,R44,Helicopter,KCRQ,Mc Clellan - Palomar,False,1,Reciprocating,False,Instructional,091,Substantial,Visual (VMC),CIVIC HELICOPTERS INC,Takeoff,Completed,False,Approved by Office Director,NA,NA,7/18/2024,18-7-2024
WPR24FA252,Accident,194756,2024-07-23,Kneeland,CA,USA,NA,N460DC,T20609660,False,Aviation,Aviation,Approved by Office Director,2025-12-10,NA,Fatal,0,0,0,2,0,"The pilot’s delayed decision to perform a go-around after an unstabilized approach, which resulted in a loss of control, runway overrun, and impact with terrain.",Personnel issues - Task performance - Use of equip/info - Pilot; Personnel issues - Action/decision - Info processing/decision - Pilot; Aircraft - Aircraft oper/perf/capability - Performance/control parameters - Not attained/maintained,Accident,40.723,-123.928,TEXTRON AVIATION INC,T206H,Airplane,O19,KNEELAND,False,1,Reciprocating,False,Business,091,Destroyed,Visual (VMC),DYNCORP INTERNATIONAL INC,Landing; Landing; Landing,Completed,False,Approved by Office Director,NA,NA,7/23/2024,23-7-2024
WPR24LA258,Accident,194787,2024-07-25,Camarillo,CA,USA,NA,N5708N,75-7809,False,Aviation,Aviation,Approved by Office Director,2025-02-27,NA,None,0,0,0,0,0,"The pilot’s loss of directional control during landing, which resulted in a nose over.",Personnel issues - Task performance - Use of equip/info - Pilot; Aircraft - Aircraft oper/perf/capability - Performance/control parameters - Not attained/maintained,Accident,34.213914,-119.08787,BOEING,A75N1(PT17),Airplane,CMA,CAMARILLO,False,1,Reciprocating,False,Personal,091,Substantial,Visual (VMC); Visual (VMC),On File,Landing; Landing; Landing; Landing,Completed,False,Approved by Office Director,NA,NA,7/25/2024,25-7-2024
WPR24LA261,Accident,194801,2024-07-27,Winchester,CA,USA,NA,N86270,11AC-75,False,Aviation,Aviation,Approved by Office Director,2026-05-27,NA,None,0,0,0,0,0,A total loss of engine power due to a fatigue fracture of the crankshaft.,Aircraft - Aircraft power plant - Engine (reciprocating) - Fatigue/wear/corrosion,Accident,33.705446,-117.09146,AERONCA,11AC,Airplane,NA,NA,False,1,Reciprocating,False,Personal,091,Substantial,Visual (VMC),On File,Landing; Enroute; Landing,Completed,False,Approved by Office Director,NA,NA,7/27/2024,27-7-2024
WPR24LA267,Accident,194852,2024-08-04,Sacramento,CA,USA,NA,N135DG,28R-7803122,False,Aviation,Aviation,Approved by Office Director,2026-06-10,NA,Minor,0,0,1,1,0,A loss of engine power during the initial climb due to the detachment of the turbocharger’s inlet sleeve as a result of the installation of an incorrect sleeve clamp.,Personnel issues - Action/decision - Action - Maintenance personnel; Aircraft - Aircraft power plant - Turbocharging (recip only) - Malfunction; Aircraft - Aircraft power plant - Turbocharging (recip only) - Incorrect service/maintenance,Accident,38.633463,-121.40314,PIPER,PA-28R-201T,Airplane,MCC,MC CLELLAN AIRFIELD,False,1,Reciprocating,False,Personal,091,Substantial,Visual (VMC),On File,InitialClimb,Completed,False,Approved by Office Director,NA,NA,8/4/2024,4-8-2024
WPR24LA269,Accident,194856,2024-08-03,Lodi,CA,USA,NA,N657MJ,PT 1135,False,Aviation,Aviation,Approved by Office Director,2026-06-25,NA,None,0,0,0,0,0,A reported loss of engine power for reasons that could not be determined.,Aircraft - Aircraft power plant - Power plant - Unknown/Not determined,Accident,38.20011,-121.20955,PROTECH,PT2,Airplane,1O3,LODI,True,1,Reciprocating,False,Personal,091,Substantial,Visual (VMC),On File,Enroute,Completed,False,Approved by Office Director,NA,NA,8/3/2024,3-8-2024
WPR24LA272,Accident,194909,2024-08-08,Hawthorne,CA,USA,NA,N552GC,7266,False,Aviation,Aviation,Approved by Office Director,2025-02-27,NA,Minor,0,0,0,1,0,"The flight crew’s failure to maintain airspeed during a short field landing and the instructor’s delayed remediation, which resulted in a hard landing.",Personnel issues - Action/decision - Action - Instructor/check pilot; Aircraft - Aircraft oper/perf/capability - Performance/control parameters - Not attained/maintained,Accident,33.922816,-118.33531,RENQUIST GEORGE,GS-2 SPORTSMAN,Airplane,KHHR,Jack Northrop Field/Hawthorne Municipal Airport,True,1,Reciprocating,False,Instructional,091,Substantial,Visual (VMC),On File,Landing; Landing; Landing,Completed,False,Approved by Office Director,NA,NA,8/8/2024,8-8-2024
WPR24LA275,Accident,194922,2024-08-09,Concord,CA,USA,NA,N8458Y; N8458Y,30-1617; 30-1617,False,Aviation,Aviation,Approved by Office Director,2026-06-10,NA,None,0,0,0,0,0,The failure of the main landing gear to extend and lock for reasons that could not be determined based on the available information. Contributing to the accident was a mechanical failure of the manual landing gear release mechanism due to inadequate clearance between the release linkage and side structure and maintenance personnel’s failure to identify the interference during previous annual inspections.,Aircraft - Aircraft systems - Landing gear system - Unknown/Not determined; Personnel issues - Task performance - Maintenance - Maintenance personnel; Aircraft - Aircraft systems - Landing gear system - Failure,Accident,37.989657,-122.0569,PIPER; PIPER,PA-30; PA-30,Airplane; Airplane,KCCR,Buchanan Field Airport,False,2,Reciprocating; Reciprocating,False,Ferry,091; 091,Substantial; Substantial,Visual (VMC),On File; On File,Landing; Approach,Completed,False,Approved by Office Director,NA,NA,8/9/2024,9-8-2024
WPR24LA278,Accident,194931,2024-08-10,Watsonville,CA,USA,NA,N727VB,0430,False,Aviation,Aviation,Approved by Office Director,2025-12-10,NA,None,0,0,0,0,0,"The pilot’s inadvertent use of the landing gear control handle instead of the flaps selector switch during the landing rollout, which resulted in the collapse of the nose landing gear.",Personnel issues - Task performance - Use of equip/info - Pilot; Aircraft - Aircraft systems - Landing gear system - Unintentional use/operation,Accident,36.934802,-121.79107,CIRRUS DESIGN CORP,SF50,Airplane,WVI,Watsonville Municipal Airport,False,1,Turbo fan,False,Business,091,Substantial,Visual (VMC); Visual (VMC),On File,Landing,Completed,False,Approved by Office Director,NA,NA,8/10/2024,10-8-2024
WPR24LA282,Accident,194957,2024-08-13,Durham,CA,USA,NA,N6633K,400B,False,Aviation,Aviation,Approved by Office Director,2025-03-06,NA,Serious,0,0,0,1,0,"The pilot’s failure to maintain clearance from powerlines, which resulted in a wire strike.",Personnel issues - Psychological - Attention/monitoring - Pilot; Environmental issues - Physical environment - Object/animal/substance - Effect on equipment,Accident,39.543815,-121.65765,GRUMMAN ACFT ENG COR-SCHWEIZER,G-164B,Airplane,OVE,OROVILLE MUNI,False,1,Turbo prop,False,Aerial application,137,Substantial,Visual (VMC),On File,Maneuvering,Completed,False,Approved by Office Director,NA,NA,8/13/2024,13-8-2024
WPR24LA283,Accident,194958,2024-08-09,Fallbrook,CA,USA,NA,N56631,32-7440010,False,Aviation,Aviation,Approved by Office Director,2025-03-06,NA,None,0,0,0,0,0,The pilot’s failure to maintain clearance from an obstacle during taxi operations.,Personnel issues - Psychological - Attention/monitoring - Pilot; Environmental issues - Physical environment - Object/animal/substance - Effect on operation,Accident,33.355911,-117.25031,PIPER,PA-32-300,Airplane,L18,FALLBROOK COMMUNITY AIRPARK,False,1,Reciprocating,False,Personal,091,Substantial,Visual (VMC),On File,Taxi,Completed,False,Approved by Office Director,NA,NA,8/9/2024,9-8-2024
WPR24FA287,Accident,194998,2024-08-25,Santa Paula,CA,USA,NA,N42JF,1,False,Aviation,Aviation,Approved by Office Director,2026-07-02,NA,Serious,0,1,0,1,0,The total loss of engine power at low altitude for reasons that could not be determined.,Personnel issues - Action/decision - Action - Pilot; Personnel issues - Task performance - Use of equip/info - Pilot; Aircraft - Aircraft power plant - Engine (reciprocating) - Unknown/Not determined,Accident,34.350587,-119.05226,PITTS,S1,Airplane,SZP,SANTA PAULA,True,1,Reciprocating,False,Personal,091,Destroyed,Visual (VMC),On File,EmergencyDescent; Approach; EmergencyDescent,Completed,False,Approved by Office Director,NA,NA,8/25/2024,25-8-2024
WPR24FA290,Accident,195033,2024-08-31,Novato,CA,USA,NA,N2912T,318,False,Aviation,Aviation,Approved by Office Director,NA,NA,Fatal,1,0,0,1,0,NA,NA,Accident,38.14254,-122.55744,AERO COMMANDER,200D,Airplane,DVO,GNOSS FLD,False,1,NA,False,Personal,091,Substantial,Visual (VMC),KRAHLING JEFFREY B,Takeoff; Takeoff,Ongoing,False,Approved by Office Director,NA,NA,8/31/2024,31-8-2024
WPR24LA293,Accident,195053,2024-09-02,Amboy,CA,USA,NA,N66948,15281683,False,Aviation,Aviation,Approved by Office Director,2025-04-22,NA,None,0,0,0,0,0,The pilot's failure to maintain clearance from a street sign during takeoff from a road.,Personnel issues - Task performance - Use of equip/info - Pilot; Environmental issues - Physical environment - Object/animal/substance - Effect on operation,Accident,34.55843,-115.74891,CESSNA,152,Airplane,NA,Amboy Airfield,False,1,Reciprocating,False,Personal,091,Substantial,Visual (VMC),On File,Takeoff,Completed,False,Approved by Office Director,NA,NA,9/2/2024,2-9-2024
WPR24FA295,Accident,195067,2024-09-06,Hawthorne,CA,USA,NA,N588CP,24-431,False,Aviation,Aviation,Approved by Office Director,NA,NA,Serious,0,0,0,2,0,NA,NA,Accident,33.918212,-118.35411,PIPER,PA-24-250,Airplane,HHR,JACK NORTHROP FLD/HAWTHORNE MUNI,False,1,NA,False,Personal,091,Destroyed,Visual (VMC),On File,EmergencyDescent; Takeoff,Ongoing,False,Approved by Office Director,NA,NA,9/6/2024,6-9-2024
WPR24LA299,Accident,195085,2024-08-30,Colusa,CA,USA,NA,N710WD,65-09761,False,Aviation,Aviation,Approved by Office Director,2025-04-22,NA,Serious,0,0,0,1,0,The pilot’s failure to set collective friction which resulted in collective bounce and subsequent loss of control.,Personnel issues - Task performance - Use of equip/info - Pilot; Personnel issues - Task performance - Use of equip/info - Pilot,Accident,39.247946,-121.99082,WILLIAMS HELICOPTER CORP,UH-1H,Helicopter,none,NA,False,1,Turbo shaft,False,Aerial application,137,Substantial,Visual (VMC),A&P HELICOPTERS INC,Maneuvering,Completed,False,Approved by Office Director,NA,NA,8/30/2024,30-8-2024
WPR23FA287,Accident,192739,2023-07-30,Upland,CA,USA,NA,N8572M,D-7217,False,Aviation,Aviation,Approved by Office Director,2025-08-20,NA,Fatal,0,0,0,3,0,"The pilot’s exceedance of the airplane’s critical angle of attack, for reasons that could not be determined, which resulted in a subsequent aerodynamic stall and impact with a building.",Personnel issues - Experience/knowledge - Experience/qualifications - Pilot; Personnel issues - Task performance - Use of equip/info - Pilot; Aircraft - Aircraft oper/perf/capability - Performance/control parameters - Not attained/maintained; Aircraft - Aircraft oper/perf/capability - Performance/control parameters - Not attained/maintained,Accident,34.111611,-117.68738,BEECH,P35,Airplane,CCB,CABLE,False,1,Reciprocating,False,Personal,091,Substantial,Visual (VMC),On File,Post-Impact; InitialClimb,Completed,False,Approved by Office Director,NA,NA,7/30/2023,30-7-2023
WPR23LA298,Accident,192775,2023-08-01,Long Beach,CA,USA,NA,N46393; N65537,15283042; 172S9726,False,Aviation,Aviation,Approved by Office Director,2023-11-16,NA,None,0,0,0,0,0,"The flight instructor’s inattention during ground operations, which resulted in unintentional movement of the airplane and ground collision with another airplane.",Personnel issues - Psychological - Attention/monitoring - Instructor/check pilot; Environmental issues - Physical environment - Object/animal/substance - Response/compensation; Personnel issues - Psychological - Attention/monitoring - Student/instructed pilot; Personnel issues - Task performance - Use of equip/info - Instructor/check pilot; Environmental issues - Physical environment - Object/animal/substance - Response/compensation; Personnel issues - Psychological - Attention/monitoring - Pilot,Accident,33.81793,-118.15189,CESSNA; CESSNA,152; 172S,Airplane; Airplane,LGB,LONG BEACH (DAUGHERTY FLD),False,1,Reciprocating; Reciprocating,False,Instructional; Instructional,091; 091,Minor; Substantial,Visual (VMC); Visual (VMC); Visual (VMC),ACES HIGH AVIATION LLC; ACES HIGH AVIATION LLC,Taxi; Taxi,Completed,False,Approved by Office Director,NA,NA,8/1/2023,1-8-2023
WPR23FA299,Accident,192777,2023-08-02,Van Nuys,CA,USA,NA,N384SC,C0522,False,Aviation,Aviation,Approved by Office Director,2025-08-20,NA,Fatal,0,0,0,2,0,"The misalignment of the carburetor piston slides, which resulted in a partial loss of engine power, and the flight instructor’s failure to maintain control of the airplane during an emergency landing, leading to an aerodynamic stall and impact with terrain.",Aircraft - Aircraft power plant - Engine fuel and control - Incorrect service/maintenance; Personnel issues - Task performance - Use of equip/info - Unknown/Not determined,Accident,34.215756,-118.48817,CZECH SPORT AIRCRAFT,SportCruiser,Airplane,VNY,VAN NUYS,False,1,Reciprocating,False,Instructional,091,Destroyed,Visual (VMC),Aviators Flight Academy,Approach; Approach,Completed,False,Approved by Office Director,NA,NA,8/2/2023,2-8-2023
DCA23LA397,Accident,192800,2023-08-03,California City,CA,USA,NA,N183TD; N183TD; N183TD; N183TD; N183TD; N183TD,001; 001; 001; 001; 001; 001,False,Aviation,Aviation,Approved by Office Director,2025-03-21,NA,None,0,0,0,0,0,A loss of control in flight due to a loss of electrical power to one of the lift-motors.,Aircraft - Aircraft propeller/rotor - Propeller system - Malfunction,Accident,35.081667,-118.09388,SUPERNAL LLC; SUPERNAL LLC; SUPERNAL LLC; SUPERNAL LLC; SUPERNAL LLC; SUPERNAL LLC,SUP83-1; SUP83-1; SUP83-1; SUP83-1; SUP83-1; SUP83-1,Powered-lift; Powered-lift; Powered-lift; Powered-lift; Powered-lift; Powered-lift,NA,NA,False,6,Electric; Electric; Electric; Electric; Electric; Electric,False,Flight test,091; 091; 091; 091; 091; 091,Substantial; Substantial; Substantial; Substantial; Substantial; Substantial,Visual (VMC),"Supernal, LLC; Supernal, LLC; Supernal, LLC; Supernal, LLC; Supernal, LLC; Supernal, LLC",Maneuvering,Completed,False,Approved by Office Director,NA,NA,8/3/2023,3-8-2023
WPR23FA302,Accident,192807,2023-08-07,Cabazon,CA,USA,NA,N555AS; N555AS; N4037S; N4037S; N4037S; N4037S,53591; 53591; 64101; 64101; 64101; 64101,False,Aviation,Aviation,Approved by Office Director,2025-09-11,NA,Fatal,0,0,0,3,0,"The Skycrane flight crew’s decision to enter the Fire Traffic Area’s 7-nm NOCOM ring at an altitude significantly above their maximum cleared altitude, which resulted in their need for an aggressive descent into congested airspace and subsequent failure to see and avoid the Bell 407.",Personnel issues - Action/decision - Info processing/decision - Pilot of other aircraft; Personnel issues - Psychological - Attention/monitoring - Pilot of other aircraft; Personnel issues - Action/decision - Action - Flight crew; Personnel issues - Action/decision - Info processing/decision - Flight crew; Aircraft - Aircraft oper/perf/capability - Performance/control parameters - Not attained/maintained; Personnel issues - Psychological - Attention/monitoring - Flight crew,Accident,33.9143,-116.8067,BELL; BELL; SIKORSKY; SIKORSKY; SIKORSKY; SIKORSKY,407; 407; S-64E; S-64E; S-64E; S-64E,Helicopter; Helicopter; Helicopter; Helicopter; Helicopter; Helicopter,BNG,BANNING MUNI,False,1,Turbo shaft; Turbo shaft; Turbo shaft; Turbo shaft; Turbo shaft; Turbo shaft,False,Public aircraft - state; Public aircraft - state,PUBU; PUBU; PUBU; PUBU; PUBU; PUBU,Substantial; Substantial; Minor; Minor; Minor; Minor,Visual (VMC); Visual (VMC),Air Shasta Rotor & Wing Inc.; Air Shasta Rotor & Wing Inc.; SILLER HELICOPTERS INC; SILLER HELICOPTERS INC; SILLER HELICOPTERS INC; SILLER HELICOPTERS INC,Enroute; Enroute,Completed,False,Approved by Office Director,NA,NA,8/7/2023,7-8-2023
WPR23LA305,Accident,192817,2023-08-06,Davis,CA,USA,NA,N5450,1160,False,Aviation,Aviation,Approved by Office Director,2025-07-24,NA,Fatal,0,0,0,1,0,An inflight loss of control during a low altitude operation for undetermined reasons.,Personnel issues - Task performance - Use of equip/info - Pilot,Accident,38.516972,-121.67063,GRUMMAN ACFT ENG COR-SCHWEIZER,G-164A,Airplane,NA,NA,False,1,Reciprocating,False,Aerial application,137,Substantial,Visual (VMC),GROWERS AIR SERVICE,Maneuvering; Maneuvering,Completed,False,Approved by Office Director,NA,NA,8/6/2023,6-8-2023
OPS23FA010,Incident,192847,2023-08-11,San Diego,CA,USA,NA,N7734H; N7734H; N564HV; N564HV,33923; 33923; 560-6211; 560-6211,False,Aviation,Aviation,Approved by Office Director,2025-09-29,NA,NA,0,0,0,0,0,The local control controller’s poor judgment in duty prioritization which distracted them from monitoring arriving and departing traffic and resulted in a runway incursion and loss of same runway separation. Contributing was the operations supervisor’s decision to troubleshoot a faulty flight strip printer instead of maintaining direct supervision of the operation.,Organizational issues - Support/oversight/monitoring - Oversight - ATC; Personnel issues - Action/decision - Info processing/decision - ATC personnel; Personnel issues - Task performance - Use of equip/info - ATC personnel; Personnel issues - Action/decision - Info processing/decision - ATC personnel; Personnel issues - Task performance - Use of equip/info - ATC personnel; Organizational issues - Support/oversight/monitoring - Oversight - ATC,Incident,32.730189,-117.17562,BOEING; BOEING; TEXTRON AVIATION INC; TEXTRON AVIATION INC,737-7BD; 737-7BD; 560XL; 560XL,Airplane; Airplane; Airplane; Airplane,SAN,SAN DIEGO INTL,False,2,Turbo fan; Turbo fan; Turbo fan; Turbo fan,True,Executive/Corporate,121; 121; 091; 091,None; None; None; None,Visual (VMC),SOUTHWEST AIRLINES CO; SOUTHWEST AIRLINES CO; On File; On File,Taxi; Approach,Completed,False,Approved by Office Director,NA,NA,8/11/2023,11-8-2023
WPR23LA312,Accident,192866,2023-08-09,Dixon,CA,USA,NA,N50443,1128-79,False,Aviation,Aviation,Approved by Office Director,2023-11-30,NA,None,0,0,0,0,0,"The pilot’s loss of directional control after striking an unidentified object during landing on an unimproved runway, and his subsequent use of excessive braking that resulted in a nose-over.",Aircraft - Aircraft oper/perf/capability - Performance/control parameters - Attain/maintain not possible; Environmental issues - Physical environment - Runway/land/takeoff/taxi surface - Effect on operation; Personnel issues - Task performance - Use of equip/info - Pilot; Aircraft - Aircraft systems - Landing gear system - Incorrect use/operation,Accident,38.201636,-121.80603,BELLANCA,7GCBC,Airplane,NA,NA,False,1,Reciprocating,False,Personal,091,Substantial,Visual (VMC),On File,Landing; Landing,Completed,False,Approved by Office Director,NA,NA,8/9/2023,9-8-2023
WPR23LA313,Accident,192867,2023-08-09,Guernsey,CA,USA,NA,N861CC,71-20861,False,Aviation,Aviation,Approved by Office Director,2025-08-27,NA,Minor,0,0,0,1,0,"The pilot’s overpitching of the main rotor blades while maneuvering at low altitude in a high-temperature environment at high gross weight, which resulted in a reduction of engine and rotor speed, excessive main rotor blade flapping, mast bumping, and impact with terrain.",Aircraft - Aircraft oper/perf/capability - Performance/control parameters - Capability exceeded; Personnel issues - Task performance - Use of equip/info - Pilot; Personnel issues - Action/decision - Action - Pilot; Aircraft - Aircraft propeller/rotor - Main rotor system - Capability exceeded; Personnel issues - Task performance - Use of equip/info - Pilot,Accident,36.189063,-119.617,BELL,OH-58A,Helicopter,NA,NA,False,1,Turbo shaft,False,Aerial application,137,Substantial,Visual (VMC),BLAIR HELICOPTER SERVICE,Maneuvering; Maneuvering; Maneuvering; Maneuvering,Completed,False,Approved by Office Director,NA,NA,8/9/2023,9-8-2023
WPR23LA315,Accident,192871,2023-08-10,Marysville,CA,USA,NA,N20268,17261144,False,Aviation,Aviation,Approved by Office Director,2023-11-30,NA,None,0,0,0,0,0,"The flight instructor’s failure to monitor the airplane’s speed during a high-speed taxi, resulting in a runway excursion.",Personnel issues - Action/decision - Info processing/decision - Instructor/check pilot; Aircraft - Aircraft oper/perf/capability - (general) - Incorrect use/operation; Aircraft - Aircraft oper/perf/capability - Performance/control parameters - Not attained/maintained; Personnel issues - Action/decision - Info processing/decision - Instructor/check pilot; Personnel issues - Psychological - Attention/monitoring - Instructor/check pilot,Accident,39.0977,-121.5698,CESSNA,172M,Airplane,MYV,Yuba County,False,1,Reciprocating,False,Instructional,091,Substantial,Visual (VMC),On File,Taxi; Takeoff,Completed,False,Approved by Office Director,NA,NA,8/10/2023,10-8-2023
WPR23LA317,Accident,192891,2023-08-08,Fullerton,CA,USA,NA,N503JA,24-4165,False,Aviation,Aviation,Approved by Office Director,2024-06-20,NA,Minor,0,0,0,1,0,"The separation of the stabilator actuator from the stabilator tab, which resulted in pitch control surface flutter and structural damage.",Aircraft - Aircraft systems - Flight control system - Failure; Aircraft - Aircraft systems - Flight control system - Damaged/degraded; Aircraft - Aircraft systems - Flight control system - Fatigue/wear/corrosion,Accident,33.872014,-117.97978,PIPER,PA-24-260,Airplane,FUL,FULLERTON MUNI,False,1,Reciprocating,False,Personal,091,Substantial,Visual (VMC); Visual (VMC),On File,Enroute; Enroute,Completed,False,Approved by Office Director,NA,NA,8/8/2023,8-8-2023
DCA23FA417,Accident,192903,2023-08-21,Santa Ana,CA,USA,NA,N516AS; N516AS,39044; 39044,False,Aviation,Aviation,Approved by Office Director,2025-05-22,NA,None,0,0,0,0,0,"Maintenance personnel’s excessive grinding of the left main landing gear’s aft trunnion pin during machining, which imparted heat damage to the base metal and led to the fatigue cracking that caused the pin to fracture during landing.",Aircraft - Aircraft systems - Landing gear system - Fatigue/wear/corrosion; Aircraft - Aircraft systems - Landing gear system - Incorrect service/maintenance,Accident,33.675701,-117.86799,BOEING; BOEING,737-890; 737-890,Airplane; Airplane,KSNA,John Wayne/Orange County Airport,False,2,Turbo fan; Turbo fan,True,NA,121; 121,Substantial; Substantial,Instrument (IMC); Instrument (IMC); Instrument (IMC); Instrument (IMC); Instrument (IMC); Instrument (IMC),Alaska Airlines; Alaska Airlines,Landing; Landing,Completed,False,Approved by Office Director,NA,NA,8/21/2023,21-8-2023
WPR23LA320,Accident,192920,2023-08-19,Santa Rosa,CA,USA,NA,N3282L,17256182,False,Aviation,Aviation,Approved by Office Director,2024-01-04,NA,None,0,0,0,0,0,The pilot’s inadequate fuel management which resulted in a total loss of engine power due to fuel exhaustion.,Personnel issues - Task performance - Inspection - Pilot; Personnel issues - Task performance - Planning/preparation - Pilot; Personnel issues - Action/decision - Info processing/decision - Pilot,Accident,38.509694,-122.81288,CESSNA,172H,Airplane,STS,Santa Rosa,False,1,Reciprocating,False,Business,091,Substantial,Visual (VMC),On File,Approach,Completed,False,Approved by Office Director,NA,NA,8/19/2023,19-8-2023
WPR23LA321,Accident,192922,2023-08-21,Napa,CA,USA,NA,N6535B,21062783,False,Aviation,Aviation,Approved by Office Director,2025-02-20,NA,None,0,0,0,0,0,"Insufficient hydraulic pressure to the landing gear system following the completion of the emergency gear extension checklist, which resulted in the main landing gear collapsing during landing. Contributing to the accident was a loss of electrical power for reasons that could not be determined based on available evidence, which resulted in a failure of the normal landing gear extension system.",Aircraft - Aircraft systems - Landing gear system - Inoperative; Aircraft - Aircraft systems - Landing gear system - Malfunction; Aircraft - Aircraft oper/perf/capability - Performance/control parameters - Attain/maintain not possible; Aircraft - Aircraft systems - Electrical power system - Unknown/Not determined,Accident,38.214484,-122.28205,CESSNA,T210M,Airplane,APC,Napa County Airport,False,1,Reciprocating,False,Personal,091,Substantial,Visual (VMC),On File,Landing; InitialClimb; Landing,Completed,False,Approved by Office Director,NA,NA,8/21/2023,21-8-2023
WPR23LA322,Accident,192924,2023-08-19,Lone Pine,CA,USA,NA,N4537Y,AA5B1292,False,Aviation,Aviation,Approved by Office Director,2023-11-30,NA,Serious,0,0,0,2,0,"The pilot's inability to maintain altitude after encountering a downdraft, which resulted in collision with terrain.",Personnel issues - Action/decision - Info processing/decision - Pilot; Aircraft - Aircraft oper/perf/capability - Performance/control parameters - Capability exceeded; Environmental issues - Conditions/weather/phenomena - Wind - Ability to respond/compensate; Aircraft - Aircraft oper/perf/capability - Performance/control parameters - Not attained/maintained; Environmental issues - Conditions/weather/phenomena - Wind - Contributed to outcome; Environmental issues - Physical environment - Terrain - Effect on operation,Accident,36.226698,-118.16611,GRUMMAN AMERICAN AVN. CORP.,AA-5B,Airplane,NA,NA,False,1,Reciprocating,False,Personal,091,Substantial,Visual (VMC); Visual (VMC),On File,Maneuvering; Maneuvering,Completed,False,Approved by Office Director,NA,NA,8/19/2023,19-8-2023
WPR23LA333,Accident,193010,2023-09-01,Three Rocks,CA,USA,NA,N61373,T34-216,False,Aviation,Aviation,Approved by Office Director,2023-12-07,NA,None,0,0,0,0,0,"The airplane’s exceedance of the critical angle of attack, resulting in an aerodynamic stall and impact with terrain.",Aircraft - Aircraft oper/perf/capability - Performance/control parameters - Not attained/maintained; Personnel issues - Psychological - Attention/monitoring - Pilot; Aircraft - Aircraft oper/perf/capability - Performance/control parameters - Capability exceeded; Personnel issues - Task performance - Use of equip/info - Pilot,Accident,36.44355,-120.31049,AYRES CORPORATION,S2R-T34,Airplane,N/A,none - private farm strip,False,1,Turbo prop,False,Aerial application,137,Substantial,Visual (VMC); Visual (VMC),On File,Takeoff,Completed,False,Approved by Office Director,NA,NA,9/1/2023,1-9-2023
WPR23LA336,Accident,193013,2023-09-03,Compton,CA,USA,NA,N7199K,18-222,False,Aviation,Aviation,Approved by Office Director,2025-02-20,NA,Minor,0,0,0,1,0,"An overstress fracture of the pilot’s seat, which resulted in the loss of control during takeoff and the pilot’s inadvertent movement of the fuel selector and subsequent partial loss of engine power.",Aircraft - Aircraft structures - (general) - Failure; Aircraft - Aircraft systems - Fuel system - Unintentional use/operation,Accident,33.889917,-118.2438,PIPER,PA-18-135,Airplane,CPM,COMPTON/WOODLEY,False,1,Reciprocating,False,Banner tow,091,Substantial,Visual (VMC); Visual (VMC); Visual (VMC),VAN WAGNER AERIAL MEDIA LLC,Maneuvering; UncontrolledDescent,Completed,False,Approved by Office Director,NA,NA,9/3/2023,3-9-2023
WPR23LA338,Accident,193040,2023-09-10,Balch Camp,CA,USA,NA,N873HL; N873HL,30873; 30873,False,Aviation,Aviation,Approved by Office Director,2025-04-02,NA,Serious,0,0,0,1,0,"The pilot’s inadequate performance planning for the operation that resulted in an excessive gross weight for the operating conditions, leading to a loss of altitude during maneuvering and contact with trees. Contributing to the accident was the pilot’s decision to continue the flight despite a series of malfunctions with the water deployment system, and his subsequent inability to jettison the load, preventing a successful recovery from the loss of altitude.",Environmental issues - Conditions/weather/phenomena - Temp/humidity/pressure - Decision related to condition; Personnel issues - Action/decision - Info processing/decision - Pilot; Personnel issues - Task performance - Planning/preparation - Pilot; Aircraft - Aircraft systems - (general) - Malfunction,Accident,36.963822,-119.05102,BELL; BELL,212; 212,Helicopter; Helicopter,NA,NA,False,2,Turbo shaft; Turbo shaft,False,Firefighting,133; 133,Destroyed; Destroyed,Visual (VMC); Visual (VMC); Visual (VMC),ROGERS ROBIN M; ROGERS ROBIN M,Maneuvering,Completed,False,Approved by Office Director,NA,NA,9/10/2023,10-9-2023
WPR23LA341,Accident,193054,2023-09-09,El Cajon,CA,USA,NA,N57679,999-74,False,Aviation,Aviation,Approved by Office Director,2025-09-25,NA,None,0,0,0,0,0,A total loss of engine power for undetermined reasons.,Aircraft - Aircraft power plant - Engine (reciprocating) - Unknown/Not determined,Accident,32.826222,-116.97244,BELLANCA,7ECA,Airplane,SEE,NA,False,1,Reciprocating,False,Instructional,091,Substantial,Visual (VMC),On File,Approach; EmergencyDescent,Completed,False,Approved by Office Director,NA,NA,9/9/2023,9-9-2023
WPR23LA342,Accident,193058,2023-09-06,Santa Rosa,CA,USA,NA,N2210R,T210-0360,False,Aviation,Aviation,Approved by Office Director,2024-04-30,NA,None,0,0,0,0,0,The pilot’s failure to configure the landing gear during the landing approach.,Personnel issues - Action/decision - Action - Pilot; Personnel issues - Task performance - Use of equip/info - Pilot; Aircraft - Aircraft systems - Landing gear system - Not used/operated,Accident,38.510517,-122.8098,CESSNA,T210H,Airplane,STS,CHARLES M SCHULZ - SONOMA COUNTY,False,1,Reciprocating,False,Personal,091,Substantial,Visual (VMC),On File,Landing,Completed,False,Approved by Office Director,NA,NA,9/6/2023,6-9-2023
WPR23LA349,Accident,193104,2023-09-20,Compton,CA,USA,NA,N733ZN,17268680,False,Aviation,Aviation,Approved by Office Director,2025-02-20,NA,Minor,0,0,0,1,0,"The total loss of engine power on takeoff due to water-contaminated fuel. Contributing to the accident was the inadequately maintained fuel system, which resulted in water entering the fuel tanks through the filler caps.",Aircraft - Fluids/misc hardware - Fluids - Fluid condition; Aircraft - Aircraft systems - Fuel system - Fatigue/wear/corrosion; Personnel issues - Task performance - Maintenance - Maintenance personnel; Aircraft - Aircraft systems - Fuel system - Damaged/degraded,Accident,33.89005,-118.25134,CESSNA,172N,Airplane,CPM,Compton-Woodle Airport,False,1,Reciprocating,False,Personal,091,Substantial,Visual (VMC),On File,Takeoff; Standing; Landing,Completed,False,Approved by Office Director,NA,NA,9/20/2023,20-9-2023
WPR23LA352,Accident,193140,2023-09-25,San Pedro,CA,USA,NA,N135WT,131S,False,Aviation,Aviation,Approved by Office Director,2025-07-22,NA,Serious,0,0,0,2,0,A total loss of engine power due to a failure of the No. 4 cylinder exhaust valve from overheating and excessive wear.,Personnel issues - Task performance - Maintenance - Maintenance personnel; Aircraft - Aircraft power plant - Engine (reciprocating) - Incorrect service/maintenance; Aircraft - Aircraft power plant - Engine (reciprocating) - Failure,Accident,33.762117,-118.29072,WAYNE TODDUN,SLING 4 TSI,Airplane,TOA,Zamperini Field,True,1,Reciprocating,False,Instructional,091,Substantial,Visual (VMC),"Sling Flying Club, LLC",Enroute,Completed,False,Approved by Office Director,NA,NA,9/25/2023,25-9-2023
WPR23LA355,Accident,193151,2023-09-07,Woodland,CA,USA,NA,N234RA,13512003,False,Aviation,Aviation,Approved by Office Director,2023-12-07,NA,None,0,0,0,0,0,"The pilot’s failure to maintain directional control during the landing roll, which resulted in a ground loop.",Aircraft - Aircraft oper/perf/capability - Performance/control parameters - Not attained/maintained; Personnel issues - Task performance - Use of equip/info - Pilot,Accident,38.673876,-121.87207,AMERICAN CHAMPION AIRCRAFT,7GCBC,Airplane,O41,WATTS-WOODLAND,False,1,Reciprocating,False,Personal,091,Substantial,Visual (VMC),TOM EATON CONSULTING LLC,Landing,Completed,False,Approved by Office Director,NA,NA,9/7/2023,7-9-2023
WPR23LA357,Accident,193154,2023-09-27,Redding,CA,USA,NA,N17274,17280353,False,Aviation,Aviation,Approved by Office Director,2023-12-07,NA,None,0,0,0,0,0,"The student pilot’s loss of airplane control during takeoff, which resulted in a bounced landing and impact with the airport’s windsock.",Personnel issues - Task performance - Use of equip/info - Student/instructed pilot; Aircraft - Aircraft oper/perf/capability - Performance/control parameters - Not attained/maintained,Accident,40.508972,-122.29338,CESSNA,172R,Airplane,RDD,REDDING MUNI,False,1,Reciprocating,False,Instructional,091,Substantial,Visual (VMC); Visual (VMC),IASCO FLIGHT TRAINING INC,Takeoff; Takeoff,Completed,False,Approved by Office Director,NA,NA,9/27/2023,27-9-2023
WPR23LA359,Accident,193159,2023-09-27,San Diego,CA,USA,NA,N9128K,108-2128,False,Aviation,Aviation,Approved by Office Director,2023-12-13,NA,None,0,0,0,0,0,The pilot’s failure to maintain directional control during landing in gusty wind conditions that resulted in a ground loop.,Environmental issues - Conditions/weather/phenomena - Wind - Effect on equipment; Personnel issues - Task performance - Use of equip/info - Pilot; Aircraft - Aircraft oper/perf/capability - Performance/control parameters - Not attained/maintained,Accident,32.826222,-116.97244,STINSON,108-1,Airplane,SEE,GILLESPIE FLD,False,1,Reciprocating,False,Personal,091,Substantial,Visual (VMC),On File,Landing; Landing,Completed,False,Approved by Office Director,NA,NA,9/27/2023,27-9-2023
WPR24LA003,Accident,193184,2023-10-02,Hayward,CA,USA,NA,N121CB; N121CB,340A0087; 340A0087,False,Aviation,Aviation,Approved by Office Director,2025-09-30,NA,None,0,0,0,0,0,"The pilot’s sudden incapacitation from effects of a previously undiagnosed underlying heart disease, which resulted in his loss of control of the airplane and subsequent impact with terrain.",Environmental issues - Physical environment - Terrain - Contributed to outcome; Personnel issues - Physical - Health/Fitness - Pilot; Personnel issues - Physical - Impairment/incapacitation - Pilot,Accident,37.658929,-122.12173,CESSNA; CESSNA,340A; 340A,Airplane; Airplane,KHWD,Hayward Executive Airport,False,2,Reciprocating; Reciprocating,False,Personal,091; 091,Substantial; Substantial,Visual (VMC); Visual (VMC),On File; On File,Taxi; Taxi; Taxi,Completed,False,Approved by Office Director,NA,NA,10/2/2023,2-10-2023
WPR23LA361,Accident,193193,2023-09-28,Madera,CA,USA,NA,N126GM,001,False,Aviation,Aviation,Approved by Office Director,2024-05-06,NA,Minor,0,0,0,1,0,An emergency landing on uneven terrain that resulted in the loss of directional control during landing.,Aircraft - Aircraft oper/perf/capability - Performance/control parameters - Not attained/maintained; Personnel issues - Task performance - Use of equip/info - Pilot,Accident,36.941333,-119.9908,GLEIM JAMES M,MG-1,Airplane,NA,NA,True,1,Reciprocating,False,Personal,091,Substantial,Visual (VMC),On File,Landing; Enroute,Completed,False,Approved by Office Director,NA,NA,9/28/2023,28-9-2023
WPR24LA007,Accident,193200,2023-10-05,South Lake Tahoe,CA,USA,NA,N531SL,CCX-2000-0158,False,Aviation,Aviation,Approved by Office Director,2024-06-06,NA,None,0,0,0,0,0,"The pilot’s loss of directional control during landing roll, which resulted in a ground loop and collision with terrain.",Aircraft - Aircraft oper/perf/capability - Performance/control parameters - Not attained/maintained; Personnel issues - Task performance - Use of equip/info - Pilot,Accident,38.896058,-119.99453,SCOTT AND LAURA HOISINGTON,CCX-2000,Airplane,TVL,LAKE TAHOE,True,1,Reciprocating,False,Personal,091,Substantial,Visual (VMC),On File,Landing,Completed,False,Approved by Office Director,NA,NA,10/5/2023,5-10-2023
WPR24FA018,Accident,193276,2023-10-21,Covelo,CA,USA,NA,N8248K,E-2678,False,Aviation,Aviation,Approved by Office Director,2025-04-01,NA,Fatal,0,0,0,2,0,The pilot’s failure to maintain clearance from trees after entering a steep banked turn for unknown reasons. Contributing to the accident was the pilot’s decision to take off toward rising terrain.,Organizational issues - Support/oversight/monitoring - Oversight - FAA/Regulator; Personnel issues - Task performance - Use of equip/info - Pilot; Environmental issues - Physical environment - Terrain - Effect on operation; Aircraft - Aircraft oper/perf/capability - Performance/control parameters - Not attained/maintained,Accident,39.79105,-123.27963,BEECH,A36,Airplane,O09,ROUND VALLEY,False,1,Reciprocating,False,Personal,091,Destroyed,Visual (VMC),On File,InitialClimb,Completed,False,Approved by Office Director,NA,NA,10/21/2023,21-10-2023
WPR24LA023,Accident,193312,2023-10-26,Novato,CA,USA,NA,N28BS,120002,False,Aviation,Aviation,Approved by Office Director,2025-10-22,NA,None,0,0,0,0,0,A partial loss of engine power during initial climb for undetermined reasons.,Aircraft - Aircraft power plant - (general) - Unknown/Not determined,Accident,38.14904,-122.56179,VANS AIRCRAFT INC,RV-12,Airplane,DVO,Gnoss Field,True,1,Reciprocating,False,Personal,091,Substantial,Visual (VMC),On File,InitialClimb; EmergencyDescent; Landing,Completed,False,Approved by Office Director,NA,NA,10/26/2023,26-10-2023
OPS24LA004,Incident,193314,2023-10-27,Long Beach,CA,USA,NA,N216HA; N216HA; N24CV,8471; 8471; 17270186,False,Aviation,Aviation,Approved by Office Director,2025-10-28,NA,NA,0,0,0,0,0,"The local controller’s poor judgment in prioritization of their ground traffic ahead of their airborne traffic, that became a distraction and led to a loss of situational awareness resulting in a near midair collision. Contributing to the incident was the controller in charge’s ineffective oversight.",Personnel issues - Action/decision - Action - ATC personnel; Personnel issues - Task performance - Workload management - ATC personnel; Personnel issues - Action/decision - Action - ATC personnel; Personnel issues - Task performance - Planning/preparation - ATC personnel,Incident,33.813884,-118.14666,AIRBUS; AIRBUS; CESSNA,A321-271N; A321-271N; 172N,Airplane; Airplane; Airplane,LGB,LONG BEACH (DAUGHERTY FLD),False,2,Turbo fan; Turbo fan; Reciprocating,True,Unknown,121; 121; 091,None; None; None,Visual (VMC),HAWAIIAN AIRLINES INC; HAWAIIAN AIRLINES INC; On File,Approach; Approach,Completed,False,Approved by Office Director,NA,NA,10/27/2023,27-10-2023
WPR24LA030,Accident,193363,2023-11-04,Firebaugh,CA,USA,NA,N3053Q,66-1104,False,Aviation,Aviation,Approved by Office Director,2025-11-05,NA,None,0,0,0,0,0,An on-ground fuel fire for reasons that could not be determined due to extensive thermal damage.,Aircraft - Fluids/misc hardware - Fluids - Not specified; Not determined - Not determined - (general) - Unknown/Not determined,Accident,36.859989,-120.46446,Arrow Falcon Exporters,UH-1H,Helicopter,F34,FIREBAUGH,False,1,Turbo shaft,False,Aerial application,137,Substantial,Visual (VMC),WEST VALLEY AVIATION INC,Standing,Completed,False,Approved by Office Director,NA,NA,11/4/2023,4-11-2023
WPR24LA032,Incident,193377,2023-11-12,Santa Ynez,CA,USA,NA,N2358Z,NA,False,Aviation,Aviation,Approved by Office Director,NA,NA,NA,0,0,0,0,0,NA,NA,Incident,NA,NA,BEECH,23,NA,NA,NA,False,NA,NA,False,Instructional,091,NA,NA,NA,Enroute,Ongoing,False,Approved by Office Director,NA,NA,11/12/2023,12-11-2023
WPR24FA037,Accident,193391,2023-11-16,San Diego,CA,USA,NA,N1400,P210-00277,False,Aviation,Aviation,Approved by Office Director,2025-12-10,NA,Fatal,0,0,0,1,0,A total loss of engine power due to fuel exhaustion. Contributing to the accident were the pilot’s inadequate flight and fuel planning and his decision to fly in night instrument meteorological conditions despite his lack of recent instrument flight.,Personnel issues - Experience/knowledge - Experience/qualifications - Pilot; Environmental issues - Conditions/weather/phenomena - Ceiling/visibility/precip - Ability to respond/compensate; Personnel issues - Action/decision - Info processing/decision - Pilot; Aircraft - Fluids/misc hardware - Fluids - Fluid level; Personnel issues - Task performance - Planning/preparation - Pilot,Accident,32.868472,-117.23909,CESSNA,P210N,Airplane,MYF,MONTGOMERY-GIBBS EXEC,False,1,Reciprocating,False,Personal,091,Substantial,Instrument (IMC),On File,EmergencyDescent; Approach,Completed,False,Approved by Office Director,NA,NA,11/16/2023,16-11-2023
WPR24LA041,Accident,193429,2023-11-21,Brawley,CA,USA,NA,N158TR,71-20791,False,Aviation,Aviation,Approved by Office Director,2025-06-04,NA,None,0,0,0,0,0,A total loss of engine power due to the failure of the No. 8 bearing and the subsequent failure of the scavenge oil pump.,Personnel issues - Task performance - Use of equip/info - Pilot; Aircraft - Aircraft power plant - Engine (turbine/turboprop) - Failure; Aircraft - Aircraft oper/perf/capability - Aircraft capability - Capability exceeded,Accident,33.002,-115.467,Bell,OH-58A,Helicopter,KBWC,Brawley Municipal,False,1,Turbo shaft,False,Aerial application,137,Substantial,Visual (VMC),On File,Landing; InitialClimb,Completed,False,Approved by Office Director,NA,NA,11/21/2023,21-11-2023
WPR24LA043,Accident,193447,2023-11-29,Modesto,CA,USA,NA,N9991N,18052646,False,Aviation,Aviation,Approved by Office Director,2024-01-10,NA,None,0,0,0,0,0,"The failure of the pilot to maintain directional control of the airplane during landing, which resulted in a nose over.",Environmental issues - Conditions/weather/phenomena - Wind - Effect on operation; Aircraft - Aircraft oper/perf/capability - Performance/control parameters - Not attained/maintained; Personnel issues - Task performance - Use of equip/info - Pilot,Accident,37.63,-120.95,CESSNA,180J,Airplane,MOD,MODESTO CITY-COUNTY-HARRY SHAM FLD,False,1,Reciprocating,False,Personal,091,Substantial,Visual (VMC); Visual (VMC),On File,Landing,Completed,False,Approved by Office Director,NA,NA,11/29/2023,29-11-2023
WPR24LA045,Accident,193449,2023-11-27,Cameron Park,CA,USA,NA,N170HT,20347,False,Aviation,Aviation,Approved by Office Director,2025-02-26,NA,Minor,0,0,0,1,0,"A failure of the right brake master cylinder piston due to a faulty return spring, which resulted in a seized right main landing gear brake and a runway excursion",Aircraft - Aircraft systems - Landing gear system - Failure; Aircraft - Aircraft systems - Landing gear system - Failure,Accident,38.684,-120.98752,CESSNA,170B,Airplane,O61,CAMERON PARK,False,1,Reciprocating,False,Personal,091,Substantial,Visual (VMC),On File,Landing; Landing,Completed,False,Approved by Office Director,NA,NA,11/27/2023,27-11-2023
WPR24LA046,Accident,193468,2023-12-02,Big Bear,CA,USA,NA,N7LV,P21000506,False,Aviation,Aviation,Approved by Office Director,2025-09-11,NA,Serious,0,1,0,1,0,"A loss of engine power during the initial climb for undetermined reasons, which resulted in an aborted takeoff and runway excursion.",Aircraft - Aircraft systems - (general) - Unknown/Not determined,Accident,34.263719,-116.86656,CESSNA,P210N,Airplane,L35,Big Bear City,False,1,Turbo prop,False,Personal,091,Substantial,Visual (VMC),SURFSIDE CONSULTING,InitialClimb; Landing; Landing,Completed,False,Approved by Office Director,NA,NA,12/2/2023,2-12-2023
WPR24LA049,Accident,193474,2023-11-29,Watsonville,CA,USA,NA,N6212F,17273167,False,Aviation,Aviation,Approved by Office Director,2024-06-06,NA,None,0,0,0,0,0,An in-flight collision with a bird while in the initial climb.,Environmental issues - Physical environment - Object/animal/substance - Ability to respond/compensate; Environmental issues - Physical environment - Object/animal/substance - Effect on equipment,Accident,36.935733,-121.78963,CESSNA,172N,Airplane,WVI,NA,False,1,NA,False,Instructional,091,Substantial,Visual (VMC),PARKER HELICOPTER LLC,InitialClimb,Completed,False,Approved by Office Director,NA,NA,11/29/2023,29-11-2023
WPR23LA363,Accident,193497,2023-08-13,Needles,CA,USA,NA,N2957N,32-7940228,False,Aviation,Aviation,Approved by Office Director,2024-04-04,NA,None,0,0,0,0,0,"An encounter with windshear during the initial climb after takeoff, resulting in a loss of control and a subsequent hard landing.",Environmental issues - Conditions/weather/phenomena - Wind - Ability to respond/compensate; Personnel issues - Task performance - Use of equip/info - Pilot,Accident,34.527857,-114.43186,PIPER,PA-32-300,Airplane,49X,CHEMEHUEVI VALLEY,False,1,Reciprocating,False,Personal,091,Substantial,Visual (VMC),On File,Takeoff,Completed,False,Approved by Office Director,NA,NA,8/13/2023,13-8-2023
WPR24FA056,Accident,193532,2023-12-16,Corona,CA,USA,NA,N6948L,82987,False,Aviation,Aviation,Approved by Office Director,2025-10-29,NA,Fatal,0,0,0,1,0,"Fuel contamination from the pilot’s improper application of a sealant to the fuel tank, which resulted in a partial loss of engine power on takeoff.",Aircraft - Aircraft systems - Fuel system - Incorrect service/maintenance; Aircraft - Fluids/misc hardware - Fluids - Fluid condition; Aircraft - Aircraft systems - Fuel system - Related maintenance info; Personnel issues - Task performance - Maintenance - Owner/builder,Accident,33.897327,-117.5852,VANS,RV8,Airplane,AJO,CORONA MUNI,True,1,Reciprocating,False,Personal,091,Substantial,Visual (VMC),On File,Takeoff,Completed,False,Approved by Office Director,NA,NA,12/16/2023,16-12-2023
WPR24LA062,Accident,193584,2023-12-28,Lake Havasu,CA,USA,NA,N312PR,1127,False,Aviation,Aviation,Approved by Office Director,2024-02-01,NA,Minor,0,0,0,1,0,"The pilot’s failure to confirm the landing gear was configured for a water landing during the approach. Contributing to the accident was the pilot’s deviation from the airplanes operating procedures by previously pulling the landing gear circuit breakers, which resulted in the landing gear not retracting when commanded during takeoff.",Personnel issues - Task performance - Use of equip/info - Pilot; Personnel issues - Action/decision - Action - Pilot,Accident,34.51109,-114.38233,PROGRESSIVE AERODYNE INC,SEAREY LSA,Airplane,NA,NA,False,1,Reciprocating,False,Personal,091,Substantial,Visual (VMC); Visual (VMC); Visual (VMC),On File,Landing,Completed,False,Approved by Office Director,NA,NA,12/28/2023,28-12-2023
WPR24LA066,Accident,193627,2024-01-08,Byron,CA,USA,NA,N9338V,700004,False,Aviation,Aviation,Approved by Office Director,2024-07-25,NA,None,0,0,0,0,0,"The pilot’s improper landing flare, which resulted in a hard, bounced landing and runway excursion. Contributing to the accident was the flight instructor’s delayed remedial action.",Aircraft - Aircraft oper/perf/capability - Performance/control parameters - Not attained/maintained; Personnel issues - Action/decision - Action - Instructor/check pilot; Personnel issues - Action/decision - Action - Student/instructed pilot; Personnel issues - Task performance - Use of equip/info - Student/instructed pilot,Accident,37.828444,-121.62583,MOONEY,M20E,Airplane,C83,Byron Airport,False,1,Reciprocating,False,Instructional,091,Substantial,Visual (VMC),On File,Landing; Landing; Landing,Completed,False,Approved by Office Director,NA,NA,1/8/2024,8-1-2024
WPR24LA067,Accident,193630,2023-12-24,El Centro,CA,USA,NA,N111PM,1770,False,Aviation,Aviation,Approved by Office Director,2025-10-22,NA,None,0,0,0,0,0,An in-flight failure of the engine-to-transmission driveshaft due to a fatigue fracture of the forward-most flex plate in the forward KAflex coupling that resulted from a loose bolt attachment between the flex plate and the forward driveshaft coupling. Contributing to the accident was maintenance personnel’s failure to identify the condition and remove the KAflex driveshaft for repair as specified by the manufacturer.,Aircraft - Aircraft propeller/rotor - Main rotor drive - Failure; Personnel issues - Task performance - Inspection - Maintenance personnel,Accident,32.94059,-115.31871,BELL,206B,Helicopter,NA,NA,False,1,Turbo shaft,False,Aerial application,137,Substantial,Visual (VMC); Visual (VMC),On File,EmergencyDescent; Enroute; Enroute,Completed,False,Approved by Office Director,NA,NA,12/24/2023,24-12-2023
WPR24LA070,Accident,193638,2024-01-10,Stratford,CA,USA,NA,N6126U,502A-0298,False,Aviation,Aviation,Approved by Office Director,2026-02-11,NA,None,0,0,0,0,0,A partial loss of engine power due to the malfunction of the engine compressor bleed-off valve.,Aircraft - Aircraft power plant - Engine bleed air system - Malfunction,Accident,36.204833,-119.79411,AIR TRACTOR INC,AT-502A,Airplane,Priv,Blair Air,False,1,Turbo prop,False,Positioning,091,Substantial,Visual (VMC),Blair Ground Services,InitialClimb,Completed,False,Approved by Office Director,NA,NA,1/10/2024,10-1-2024
WPR24FA073,Accident,193662,2024-01-15,Half Moon Bay,CA,USA,NA,N656TE,001,False,Aviation,Aviation,Approved by Office Director,2026-02-11,NA,Fatal,0,0,0,4,0,"The airplane’s impact with the ocean for undetermined reasons after departing into night, instrument meteorological conditions.",Not determined - Not determined - (general) - Unknown/Not determined,Accident,37.501833,-122.5105,OSTROTH THANE L,COZY MK IV,Airplane,HAF,HALF MOON BAY,True,1,Reciprocating,False,Personal,091,Destroyed,Instrument (IMC),On File,InitialClimb; InitialClimb,Completed,False,Approved by Office Director,NA,NA,1/15/2024,15-1-2024
WPR24LA078,Accident,193693,2024-01-18,Grass Valley,CA,USA,NA,N7250Q,17260550,False,Aviation,Aviation,Approved by Office Director,2025-03-05,NA,None,0,0,0,0,0,Loss of control during the landing roll due to a malfunctioning brake for undetermined reasons.,Aircraft - Aircraft oper/perf/capability - Performance/control parameters - Not attained/maintained; Aircraft - Aircraft systems - Landing gear system - Unknown/Not determined,Accident,39.224056,-121.00255,CESSNA,172L,Airplane,GOO,NEVADA COUNTY,False,1,Reciprocating,False,Personal,091,Substantial,Visual (VMC); Visual (VMC),On File,Landing; Landing,Completed,False,Approved by Office Director,NA,NA,1/18/2024,18-1-2024
WPR24FA080,Accident,193721,2024-01-30,Concord,CA,USA,NA,N30AK,21153,False,Aviation,Aviation,Approved by Office Director,2026-03-12,NA,Fatal,0,0,0,1,0,A total loss of engine power during takeoff due to a separated fuel line and the pilot’s subsequent failure to maintain control of the airplane. Contributing to the accident were the pilot's medical condition and the effects of multiple impairing substances.,Organizational issues - Support/oversight/monitoring - Documentation/record keeping - FAA/Regulator; Personnel issues - Physical - Impairment/incapacitation - Pilot; Personnel issues - Physical - Health/Fitness - Pilot; Aircraft - Aircraft oper/perf/capability - Performance/control parameters - Not attained/maintained; Aircraft - Aircraft power plant - Engine fuel and control - Incorrect service/maintenance; Organizational issues - Support/oversight/monitoring - Oversight - FAA/Regulator; Personnel issues - Task performance - Use of equip/info - Pilot; Aircraft - Aircraft oper/perf/capability - Performance/control parameters - Not attained/maintained; Personnel issues - Physical - Impairment/incapacitation - Pilot,Accident,37.977824,-122.06119,SWANSON R/SWANSON S,RV-6,Airplane,CCR,Buchanan Field Airport,True,1,Reciprocating,False,Personal,091,Substantial,Visual (VMC),On File,Takeoff; Takeoff; Takeoff,Completed,False,Approved by Office Director,NA,NA,1/30/2024,30-1-2024
WPR24LA081,Accident,193732,2024-01-30,Camarillo,CA,USA,NA,N906CR,CR-001,False,Aviation,Aviation,Approved by Office Director,2025-05-06,NA,Serious,0,0,0,2,0,"A total loss of engine power due to the loss of power to the electronic fuel injection and ignition system, which was the result of a loose connection between a common ground feed-through stud and the ground bus.",Aircraft - Aircraft systems - Electrical power system - Not serviced/maintained; Aircraft - Aircraft systems - Electrical power system - Failure; Aircraft - Aircraft power plant - Engine (reciprocating) - Failure,Accident,34.1932,-119.00925,CHRISTOPHER RANDALL,RAPTOR JUNIOR 540,Airplane,NA,NA,True,1,Reciprocating,False,Personal,091,Substantial,Visual (VMC); Visual (VMC); Visual (VMC),On File,Landing; Enroute,Completed,False,Approved by Office Director,NA,NA,1/30/2024,30-1-2024
CEN24MA111,Accident,193770,2024-02-10,Halloran Springs,CA,USA,NA,N130CZ,4060,False,Aviation,Aviation,Approved by Office Director,2025-05-06,NA,Fatal,0,0,0,6,0,"The pilot’s decision to continue the visual flight rules flight into instrument meteorological conditions, which resulted in the pilot’s spatial disorientation and loss of control. Contributing to the accident was the company’s inadequate oversight of its safety management processes, including ensuring the pilots were accurately completing and updating the flight risk analysis, logging maintenance discrepancies, and ensuring the helicopter met Part 135 regulations before departure.",Personnel issues - Action/decision - Info processing/decision - Pilot; Organizational issues - Support/oversight/monitoring - Safety programs - Operator; Personnel issues - Task performance - Use of equip/info - Pilot; Personnel issues - Psychological - Perception/orientation/illusion - Pilot; Aircraft - Aircraft systems - Indicating/recording systems - Not installed/available; Environmental issues - Conditions/weather/phenomena - Ceiling/visibility/precip - Decision related to condition,Accident,35.37304,-115.86357,AIRBUS HELICOPTERS,EC 130,Helicopter,NA,NA,False,1,Turbo shaft,False,Business,135,Destroyed,Instrument (IMC),ORBIC AIR LLC,Enroute; Enroute; Enroute,Completed,False,Approved by Office Director,NA,NA,2/10/2024,10-2-2024
WPR24LA085,Accident,193780,2024-02-11,Santa Ana,CA,USA,NA,N377YG,20202131,False,Aviation,Aviation,Approved by Office Director,2026-02-19,NA,Serious,0,0,0,2,0,A loss of airplane control due to wake turbulence resulting from the instructor pilot’s decision to continue the landing into a drifting wake vortex.,Aircraft - Aircraft oper/perf/capability - Performance/control parameters - Incorrect use/operation; Environmental issues - Conditions/weather/phenomena - Turbulence - Effect on equipment; Personnel issues - Action/decision - Info processing/decision - Instructor/check pilot; Personnel issues - Task performance - Use of equip/info - Instructor/check pilot,Accident,33.675662,-117.86823,EVEKTOR-AEROTECHNIK A S,HARMONY LSA,Airplane,SNA,JOHN WAYNE/ORANGE COUNTY,False,1,Reciprocating,False,Instructional,091,Substantial,Visual (VMC),Sunrise Aviation Company,Landing; Landing; Landing,Completed,False,Approved by Office Director,NA,NA,2/11/2024,11-2-2024
WPR24LA089,Accident,193786,2024-02-11,Madera,CA,USA,NA,N737LU,17269508,False,Aviation,Aviation,Approved by Office Director,2024-10-10,NA,None,0,0,0,0,0,The pilot’s failure to maintain directional control during landing.,Personnel issues - Task performance - Use of equip/info - Pilot; Aircraft - Aircraft oper/perf/capability - Performance/control parameters - Not attained/maintained,Accident,37,-120,CESSNA,172N,Airplane,E45,Pine Mountain Lake,False,1,Reciprocating,False,Personal,091,Substantial,Visual (VMC),RIYA AVIATION LLC,Landing; Landing; Landing,Completed,False,Approved by Office Director,NA,NA,2/11/2024,11-2-2024
WPR24LA092,Accident,193822,2023-12-06,Calexico,CA,USA,NA,N422DX,12699,False,Aviation,Aviation,Approved by Office Director,2024-10-22,NA,None,0,0,0,0,0,The pilot's failure to maintain clearance from power lines during an aerial application flight.,Personnel issues - Psychological - Attention/monitoring - Pilot; Environmental issues - Physical environment - Object/animal/substance - Effect on equipment,Accident,32.691817,-115.43301,ROBINSON HELICOPTER COMPANY,R44 II,Helicopter,CXL,NA,False,1,Reciprocating,False,Aerial application,137,Substantial,Visual (VMC),MERTEN AVIATION SERVICES LLC,Maneuvering,Completed,False,Approved by Office Director,NA,NA,12/6/2023,6-12-2023
WPR24LA093,Accident,193831,2024-02-23,Garey,CA,USA,NA,N2618W,6580,False,Aviation,Aviation,Approved by Office Director,2025-07-23,NA,Minor,0,0,0,1,0,"Maintenance personnel’s failure to properly check the torque paint on a fuel control unit B-nut, which resulted in the loosening of the B-nut, a loss of engine power at a low altitude, and a subsequent impact with terrain.",Personnel issues - Task performance - Maintenance - Maintenance personnel; Aircraft - Aircraft power plant - Engine fuel and control - Incorrect service/maintenance; Aircraft - Aircraft oper/perf/capability - Aircraft capability - Attain/maintain not possible,Accident,34.894958,-120.32216,BELL,47G-3B-1,Helicopter,SMX,Santa Maria,False,1,Turbo shaft,False,Aerial application,137,Substantial,Visual (VMC),ENGLISH AIR SERVICE LLC,Maneuvering,Completed,False,Approved by Office Director,NA,NA,2/23/2024,23-2-2024
WPR24LA094,Accident,193832,2024-02-23,Valley Springs,CA,USA,NA,N1611E,7AC-5176,False,Aviation,Aviation,Approved by Office Director,2024-08-15,NA,Minor,0,0,0,1,0,The pilot’s decision to maneuver the airplane at a low altitude and inadvertently entering a box canyon where the airplane could not outclimb the rising terrain.,Aircraft - Aircraft oper/perf/capability - Performance/control parameters - Capability exceeded; Personnel issues - Task performance - Planning/preparation - Pilot,Accident,38.169615,-120.7559,AERONCA,7AC,Airplane,NA,NA,False,1,Reciprocating,False,Personal,091,Substantial,Visual (VMC),On File,Maneuvering,Completed,False,Approved by Office Director,NA,NA,2/23/2024,23-2-2024
DCA24LA110,Accident,193849,2024-02-26,San Francisco,CA,USA,NA,N13138; N13138,0138; 0138,False,Aviation,Aviation,Approved by Office Director,2024-07-17,NA,None,0,0,0,0,0,The crew’s over-rotation of the aircraft pitch during takeoff which resulted in a tailstrike.,Personnel issues - Action/decision - Action - Pilot,Accident,37.6193,-122.3816,BOEING; BOEING,757-224; 757-224,Airplane; Airplane,SFO,SAN FRANCISCO INTL,False,2,Turbo fan; Turbo fan,False,Flight test,091; 091,Substantial; Substantial,Visual (VMC); Visual (VMC),UNITED AIRLINES INC; UNITED AIRLINES INC,Takeoff,Completed,False,Approved by Office Director,NA,NA,2/26/2024,26-2-2024
WPR24LA106,Accident,193914,2024-03-08,Whitethorn,CA,USA,NA,N2824M,1144,False,Aviation,Aviation,Approved by Office Director,2025-07-16,NA,Minor,0,0,0,2,0,A total loss of engine power due to water-contaminated fuel.,Aircraft - Fluids/misc hardware - Fluids - Fluid condition,Accident,39.975161,-123.97834,CIRRUS DESIGN CORP,SR22,Airplane,NA,NA,False,1,Reciprocating,False,Personal,091,Substantial,Visual (VMC); Visual (VMC),On File,InitialClimb,Completed,False,Approved by Office Director,NA,NA,3/8/2024,8-3-2024
WPR24LA107,Accident,193918,2024-03-09,Death Valley,CA,USA,NA,N78659,11-1420,False,Aviation,Aviation,Approved by Office Director,2024-05-29,NA,None,0,0,0,0,0,"The pilot’s failure to maintain directional control during the landing rollout, resulting in a ground loop and runway excursion.",Personnel issues - Task performance - Use of equip/info - Pilot; Aircraft - Aircraft oper/perf/capability - Performance/control parameters - Not attained/maintained,Accident,36.46,-116.88,PIPER,PA-11,Airplane,L06,Furnace Creek,False,1,Reciprocating,False,Personal,091,Substantial,Visual (VMC); Visual (VMC),On File,Landing,Completed,False,Approved by Office Director,NA,NA,3/9/2024,9-3-2024
WPR24LA110,Accident,193931,2024-03-11,Chino,CA,USA,NA,N167U; N167U,P-99; P-99,False,Aviation,Aviation,Approved by Office Director,2025-02-26,NA,None,0,0,0,0,0,Corrosion on a landing gear retract rod assembly which precluded an extension of the gear and resulted in a gear-up landing.,Aircraft - Aircraft systems - Landing gear system - Fatigue/wear/corrosion; Aircraft - Aircraft systems - Landing gear system - Failure,Accident,33.973062,-117.636,BEECH; BEECH,60; 60,Airplane; Airplane,CNO,CHINO,False,2,Reciprocating; Reciprocating,False,Personal,091; 091,Substantial; Substantial,Visual (VMC); Visual (VMC); Visual (VMC),On File; On File,Landing,Completed,False,Approved by Office Director,NA,NA,3/11/2024,11-3-2024
WPR23FA073,Accident,106489,2022-12-22,Santa Monica,CA,USA,NA,N7032X,15059132,False,Aviation,Aviation,Approved by Office Director,2025-01-29,NA,Fatal,0,0,0,2,0,"A failure of the No. 1 piston connecting rod bearing journal due to oil starvation for reasons that could not be determined, which resulted in a complete loss of engine power.",Aircraft - Aircraft power plant - Engine (reciprocating) - Failure; Aircraft - Aircraft power plant - Engine (reciprocating) - Malfunction,Accident,34.006042,-118.49441,CESSNA,150A,Airplane,SMO,SANTA MONICA MUNI,False,1,Reciprocating,False,Personal,091,Substantial,Visual (VMC),On File,Landing; EmergencyDescent; Enroute,Completed,False,Approved by Office Director,NA,NA,12/22/2022,22-12-2022
WPR23LA074,Accident,106496,2022-12-17,Cottonwood,CA,USA,NA,N9YA,582R,False,Aviation,Aviation,Approved by Office Director,2023-04-27,NA,Minor,0,0,0,1,0,The pilot’s fuel mismanagement which resulted in fuel starvation and a total loss of engine power.,Aircraft - Fluids/misc hardware - Fluids - Fluid management; Personnel issues - Action/decision - Action - Pilot; Personnel issues - Task performance - Use of equip/info - Pilot,Accident,40.342991,-122.33936,ROYSE RALPH L,GLASAIR,Airplane,CA04,Flying N Ranch Airport,True,1,Reciprocating,False,Personal,091,Substantial,Visual (VMC),On File,Takeoff; Landing; Landing,Completed,False,Approved by Office Director,NA,NA,12/17/2022,17-12-2022
WPR23LA077,Accident,106499,2022-12-25,Livermore,CA,USA,NA,N65Y,D-10080,False,Aviation,Aviation,Approved by Office Director,2025-01-16,NA,Serious,0,0,0,1,0,"The pilot’s inadvertent use of the mixture control instead of the throttle, which resulted in fuel starvation and the subsequent loss of engine power.",Aircraft - Aircraft power plant - Engine controls - Unintentional use/operation; Personnel issues - Task performance - Use of equip/info - Pilot,Accident,37.695076,-121.80188,BEECH,V35B,Airplane,LVK,Livermore Municipal Airport,False,1,Reciprocating,False,Personal,091,Substantial,Visual (VMC),On File,InitialClimb; Takeoff,Completed,False,Approved by Office Director,NA,NA,12/25/2022,25-12-2022
WPR23LA081,Accident,106530,2022-12-28,Hawthorne,CA,USA,NA,N16DF; N16DF,50500167; 50500167,False,Aviation,Aviation,Approved by Office Director,2023-04-20,NA,None,0,0,0,0,0,A runway overrun due to the pilot’s failure to stop the airplane as a result of diminished braking action due to a water contaminated runway surface.,Environmental issues - Physical environment - Runway/land/takeoff/taxi surface - Effect on equipment; Aircraft - Aircraft oper/perf/capability - Performance/control parameters - Attain/maintain not possible; Personnel issues - Task performance - Use of equip/info - Pilot; Environmental issues - Conditions/weather/phenomena - Ceiling/visibility/precip - Effect on equipment,Accident,33.922548,-118.34365,EMBRAER EXECUTIVE AIRCRAFT INC; EMBRAER EXECUTIVE AIRCRAFT INC,EMB-505; EMB-505,Airplane; Airplane,HHR,JACK NORTHROP FLD/HAWTHORNE MUNI,False,2,Geared turbofan; Geared turbofan,False,Personal,091; 091,Substantial; Substantial,Visual (VMC); Visual (VMC); Visual (VMC),Solairus Aviation; Solairus Aviation,Landing,Completed,False,Approved by Office Director,NA,NA,12/28/2022,28-12-2022
WPR23LA082,Accident,106536,2023-01-01,Watsonville,CA,USA,NA,N7181A,29281,False,Aviation,Aviation,Approved by Office Director,2023-03-02,NA,Serious,0,0,0,1,0,The pilot’s failure to maintain clearance from powerlines during a go around.,Environmental issues - Physical environment - Object/animal/substance - Awareness of condition; Personnel issues - Action/decision - Info processing/decision - Pilot; Aircraft - Aircraft oper/perf/capability - Performance/control parameters - Not attained/maintained,Accident,36.935733,-121.78963,CESSNA,172,Airplane,WVI,WATSONVILLE MUNI,False,1,Reciprocating,False,Instructional,091,Substantial,Visual (VMC),On File,InitialClimb,Completed,False,Approved by Office Director,NA,NA,1/1/2023,1-1-2023
WPR23LA088,Accident,106595,2023-01-12,Agua Caliente Springs,CA,USA,NA,N2875K,18053111,False,Aviation,Aviation,Approved by Office Director,2023-06-23,NA,None,0,0,0,0,0,"The pilot’s failure to maintain aircraft control during an aborted approach, which resulted in a collision with terrain.",Personnel issues - Task performance - Use of equip/info - Pilot,Accident,32.955687,-116.29494,CESSNA,180K,Airplane,L54,Agua Caliente Springs,False,1,Reciprocating,False,Personal,091,Substantial,Visual (VMC),On File,Approach,Completed,False,Approved by Office Director,NA,NA,1/12/2023,12-1-2023
WPR23LA091,Accident,106598,2023-01-15,San Diego,CA,USA,NA,N9687J,28-3863,False,Aviation,Aviation,Approved by Office Director,2023-03-02,NA,None,0,0,0,0,0,The flight instructor’s failure to maintain altitude while maneuvering to another runway after the engine cowling opened shortly after takeoff. Contributing to the accident was the failure of both the student pilot and flight instructor to conduct an adequate preflight inspection.,Personnel issues - Task performance - Use of equip/info - Instructor/check pilot; Personnel issues - Psychological - Attention/monitoring - Instructor/check pilot; Personnel issues - Task performance - Inspection - Pilot; Aircraft - Fluids/misc hardware - Misc hardware - Incorrect use/operation; Aircraft - Aircraft oper/perf/capability - Performance/control parameters - Not attained/maintained,Accident,32.813613,-117.1417,PIPER,PA-28-180,Airplane,MYF,Montgomery-Gibbs Executive AIrport,False,1,Reciprocating,False,Instructional,091,Substantial,Visual (VMC); Visual (VMC); Visual (VMC),Christopher Cardoza,Takeoff,Completed,False,Approved by Office Director,NA,NA,1/15/2023,15-1-2023
WPR23FA092,Accident,106599,2023-01-18,Modesto,CA,USA,NA,N4765G; N4765G,414-0940; 414-0940,False,Aviation,Aviation,Approved by Office Director,2024-08-07,NA,Fatal,0,0,0,1,0,"The pilot’s exceedance of the airplane’s critical angle of attack and failure to maintain proper airspeed during a turn to final, resulting in an aerodynamic stall and subsequent impact with terrain. Contributing to the accident was the pilot’s distraction due to a non-critical radio anomaly.",Personnel issues - Psychological - Attention/monitoring - Pilot; Aircraft - Aircraft oper/perf/capability - Performance/control parameters - Not attained/maintained; Personnel issues - Task performance - Workload management - Pilot; Aircraft - Aircraft oper/perf/capability - Performance/control parameters - Capability exceeded; Personnel issues - Task performance - Use of equip/info - Pilot; Aircraft - Aircraft systems - Communications system - Unknown/Not determined,Accident,37.618304,-120.93793,CESSNA; CESSNA,414; 414,Airplane; Airplane,MOD,MODESTO CITY-COUNTY-HARRY SHAM FLD,False,2,Reciprocating; Reciprocating,False,Personal,091; 091,Substantial; Substantial,Visual (VMC),On File; On File,Approach; Approach; Approach,Completed,False,Approved by Office Director,NA,NA,1/18/2023,18-1-2023
WPR23LA094,Accident,106604,2023-01-19,Carlsbad,CA,USA,NA,N57355,28R-7435084,False,Aviation,Aviation,Approved by Office Director,2025-03-05,NA,None,0,0,0,0,0,"A failure of the No. 2 piston connecting rod bearing due to oil starvation for reasons that could not be determined, which resulted in a complete loss of engine power.",Aircraft - Aircraft power plant - Engine (reciprocating) - Failure; Aircraft - Fluids/misc hardware - Fluids - Unknown/Not determined; Not determined - Not determined - (general) - Unknown/Not determined,Accident,33.106831,-117.32138,PIPER,PA28R,Airplane,NA,NA,False,1,Reciprocating,False,Instructional,091,Substantial,Visual (VMC),On File,Enroute; EmergencyDescent,Completed,False,Approved by Office Director,NA,NA,1/19/2023,19-1-2023
WPR23LA095,Accident,106618,2023-01-20,Calexico,CA,USA,NA,N95U,7714,False,Aviation,Aviation,Approved by Office Director,2023-03-02,NA,None,0,0,0,0,0,The pilot’s failure to maintain directional control during the landing roll in gusting wind.,Aircraft - Aircraft oper/perf/capability - Performance/control parameters - Not attained/maintained; Personnel issues - Task performance - Use of equip/info - Pilot; Environmental issues - Conditions/weather/phenomena - Wind - Effect on operation,Accident,32.67,-115.52,CESSNA,195A,Airplane,CXL,Calexico Intl,False,1,Reciprocating,False,Personal,091,Substantial,Visual (VMC); Visual (VMC); Visual (VMC),On File,Landing; Landing,Completed,False,Approved by Office Director,NA,NA,1/20/2023,20-1-2023
WPR23LA098,Accident,106646,2023-01-27,Murrieta,CA,USA,NA,N4758C,21063615,False,Aviation,Aviation,Approved by Office Director,2025-02-13,NA,Serious,0,0,0,2,0,"A loss of engine power during the turn from base to final for undetermined reasons. Contributing to the accident was the pilot’s decision to not maintain traffic pattern altitude, which resulted in the off-airport landing.",Personnel issues - Action/decision - Info processing/decision - Pilot; Aircraft - Aircraft power plant - Engine (reciprocating) - Unknown/Not determined,Accident,33.560556,-117.13027,CESSNA,T210N,Airplane,F70,FRENCH VALLEY,False,1,Reciprocating,False,Personal,091,Substantial,Visual (VMC),On File,Maneuvering; Approach,Completed,False,Approved by Office Director,NA,NA,1/27/2023,27-1-2023
WPR23FA110,Accident,106746,2023-02-19,Grass Valley,CA,USA,NA,N420PF; N420PF,001; 001,False,Aviation,Aviation,Approved by Office Director,2025-03-05,NA,Fatal,0,0,0,2,0,"The pilot’s failure to maintain adequate airspeed and his exceedance of the airplane’s critical angle of attack, which resulted in an aerodynamic stall/spin at an altitude too low for recovery.",Personnel issues - Action/decision - Info processing/decision - Pilot; Aircraft - Aircraft oper/perf/capability - Performance/control parameters - Not attained/maintained; Personnel issues - Task performance - Use of equip/info - Pilot; Personnel issues - Action/decision - Info processing/decision - Pilot,Accident,39.093996,-120.99763,WILLMAN LOREN; WILLMAN LOREN,LOREN'S AIRCAM; LOREN'S AIRCAM,Airplane; Airplane,NA,NA,True,2,Reciprocating; Reciprocating,False,Personal,091; 091,Substantial; Substantial,Visual (VMC),On File; On File,Maneuvering,Completed,False,Approved by Office Director,NA,NA,2/19/2023,19-2-2023
WPR23LA112,Accident,106771,2023-02-16,Corning,CA,USA,NA,UNREG,UNK,False,Aviation,Aviation,Approved by Office Director,2025-02-20,NA,Fatal,0,0,0,1,0,"The student pilot’s loss of airplane control during an intentional aerobatic maneuver, which resulted in an inflight separation of the left wing and subsequent impact with the terrain.",Aircraft - Aircraft structures - Wing structure - Capability exceeded; Personnel issues - Action/decision - Info processing/decision - Student/instructed pilot; Personnel issues - Physical - Health/Fitness - Student/instructed pilot; Personnel issues - Task performance - Use of equip/info - Student/instructed pilot,Accident,39.94257,-122.17846,STAR LITE,SL1,Airplane,0O4,CORNING MUNI,True,1,Reciprocating,False,Personal,091,Destroyed,Visual (VMC),On File,Maneuvering; Maneuvering; Maneuvering,Completed,False,Approved by Office Director,NA,NA,2/16/2023,16-2-2023
DCA23LA185,Incident,106779,2023-02-23,Burbank,CA,USA,NA,N954LR; N954LR; N954LR; N954LR; N619UX; N619UX; N619UX; N619UX,15375; 15375; 15375; 15375; 17000821; 17000821; 17000821; 17000821,False,Aviation,Aviation,Approved by Office Director,2025-02-27,NA,None,0,0,0,0,0,"The interruption of the local controller’s workflow due to the necessitated management of a go-around of a third airplane that was approaching a different runway.  Contributing to the incident was: 1) the controller’s decision to continue the landing of ASH5826, likely without a re-assessment of its distance from the departing SKW5326, after the interruption, and 2) the lack of surface detection equipment at the Bob Hope Airport to aid the controller with traffic management.",Personnel issues - Action/decision - Action - ATC personnel; Personnel issues - Action/decision - Action - ATC personnel,Incident,34.200699,-118.359,BOMBARDIER INC; BOMBARDIER INC; BOMBARDIER INC; BOMBARDIER INC; EMBRAER S A; EMBRAER S A; EMBRAER S A; EMBRAER S A,CL-600-2D24; CL-600-2D24; CL-600-2D24; CL-600-2D24; ERJ 170-200 LL; ERJ 170-200 LL; ERJ 170-200 LL; ERJ 170-200 LL,Airplane; Airplane; Airplane; Airplane; Airplane; Airplane; Airplane; Airplane,KBUR,Bob Hope Airport,False,2,Turbo fan; Turbo fan; Turbo fan; Turbo fan; Turbo fan; Turbo fan; Turbo fan; Turbo fan,True,NA,121; 121; 121; 121; 121; 121; 121; 121,None; None; None; None; None; None; None; None,Visual (VMC),MESA AIRLINES INC; MESA AIRLINES INC; MESA AIRLINES INC; MESA AIRLINES INC; SkyWest Airlines; SkyWest Airlines; SkyWest Airlines; SkyWest Airlines,Takeoff,Completed,False,Approved by Office Director,NA,NA,2/23/2023,23-2-2023
WPR23LA116,Accident,106827,2023-02-20,San Jose,CA,USA,NA,N9267P,24-4767,False,Aviation,Aviation,Approved by Office Director,2024-06-20,NA,None,0,0,0,0,0,A landing gear collapse due to an inadequately maintained landing gear extension and retraction system.,Personnel issues - Task performance - Maintenance - Maintenance personnel; Aircraft - Aircraft systems - Landing gear system - Not serviced/maintained; Aircraft - Aircraft systems - Landing gear system - Fatigue/wear/corrosion,Accident,37.332861,-121.8198,PIPER,PA-24-260,Airplane,RHV,REID-HILLVIEW OF SANTA CLARA COUNTY,False,1,Reciprocating,False,Personal,091,Substantial,Visual (VMC),On File,Landing; Landing,Completed,False,Approved by Office Director,NA,NA,2/20/2023,20-2-2023
WPR23LA118,Accident,106831,2023-03-02,Orland,CA,USA,NA,N234SJ,388,False,Aviation,Aviation,Approved by Office Director,2023-06-06,NA,None,0,0,0,0,0,"The pilot’s inadequate fuel planning, which resulted in fuel exhaustion and a loss of engine power.",Aircraft - Fluids/misc hardware - Fluids - Fluid level; Personnel issues - Task performance - Planning/preparation - Pilot,Accident,39.727032,-122.07095,BELL,UH-1B,Helicopter,NA,NA,False,1,Turbo shaft,False,Aerial application,137,Substantial,Visual (VMC),PORTER FLYING SERVICES INC,EmergencyDescent; Maneuvering; EmergencyDescent; Maneuvering,Completed,False,Approved by Office Director,NA,NA,3/2/2023,2-3-2023
WPR23LA119,Accident,106835,2023-02-15,Fullerton,CA,USA,NA,N8318C,28-7615087,False,Aviation,Aviation,Approved by Office Director,2023-06-23,NA,None,0,0,0,0,0,"The student pilot's failure to maintain control of the airplane during the landing roll and the flight instructor’s delayed remedial action, which resulted in an impact with an obstacle.",Environmental issues - Conditions/weather/phenomena - Wind - Effect on operation; Personnel issues - Action/decision - Action - Instructor/check pilot; Aircraft - Aircraft oper/perf/capability - Performance/control parameters - Not attained/maintained; Personnel issues - Task performance - Use of equip/info - Pilot,Accident,33.872014,-117.97978,PIPER,PA28,Airplane,KFUL,FULLERTON MUNI,False,1,Reciprocating,False,Instructional,091,Substantial,Visual (VMC),SALE REPORTED,Landing; Landing; Landing; Landing,Completed,False,Approved by Office Director,NA,NA,2/15/2023,15-2-2023
WPR23LA120,Accident,106836,2023-03-03,Vernalis,CA,USA,NA,N48492,47B,False,Aviation,Aviation,Approved by Office Director,2023-06-23,NA,Serious,0,0,0,1,0,The pilot’s failure to maintain clearance from a power line during a low-level aerial application flight.,Environmental issues - Physical environment - Object/animal/substance - Effect on equipment; Personnel issues - Psychological - Attention/monitoring - Pilot; Environmental issues - Physical environment - Object/animal/substance - Awareness of condition,Accident,37.63118,-121.23477,GRUMMAN ACFT ENG COR-SCHWEIZER,G-164B,Airplane,NA,NA,False,1,Turbo prop,False,Aerial application,137,Substantial,Visual (VMC),On File,Maneuvering; Maneuvering,Completed,False,Approved by Office Director,NA,NA,3/3/2023,3-3-2023
WPR23LA121,Accident,106841,2023-03-03,San Andreas,CA,USA,NA,N9375J,28-3474,False,Aviation,Aviation,Approved by Office Director,2025-02-13,NA,Minor,0,0,0,2,0,A loss of engine power for undetermined reasons.,Aircraft - Aircraft power plant - Power plant - Unknown/Not determined,Accident,38.146449,-120.64744,PIPER,PA-28-180,Airplane,CPU,CALAVERAS COUNTY-MAURY RASMUSSEN FLD,False,1,Reciprocating,False,Personal,091,Substantial,Visual (VMC),CFI Academy,InitialClimb,Completed,False,Approved by Office Director,NA,NA,3/3/2023,3-3-2023
WPR23FA122,Accident,106847,2023-03-08,Willows,CA,USA,NA,N8424V,2184R,False,Aviation,Aviation,Approved by Office Director,2024-06-20,NA,Fatal,0,0,0,1,0,"The pilot’s failure to maintain clearance from powerlines while flying under multiple conductors during a low-altitude aerial application flight, which resulted in propeller contact with a powerline and a subsequent loss of control.",Personnel issues - Psychological - Attention/monitoring - Pilot; Environmental issues - Physical environment - Object/animal/substance - Effect on equipment,Accident,39.499499,-122.28518,ROCKWELL INTERNATIONAL,S-2R,Airplane,NA,NA,False,1,Turbo prop,False,Aerial application,137,Substantial,Visual (VMC),JONES AVIATION INC,Maneuvering; Maneuvering,Completed,False,Approved by Office Director,NA,NA,3/8/2023,8-3-2023
WPR23LA124,Accident,106879,2023-03-10,Van Nuys,CA,USA,NA,N73726,17267630,False,Aviation,Aviation,Approved by Office Director,2023-06-23,NA,None,0,0,0,0,0,The pilots failure to maintain directional control during takeoff.,Personnel issues - Task performance - Use of equip/info - Pilot; Aircraft - Aircraft oper/perf/capability - Performance/control parameters - Not attained/maintained,Accident,34.209806,-118.48997,CESSNA,172N,Airplane,VNY,Van Nuys,False,1,Reciprocating,False,Instructional,091,Substantial,Visual (VMC),On File,Takeoff; Takeoff; Takeoff,Completed,False,Approved by Office Director,NA,NA,3/10/2023,10-3-2023
WPR23LA128,Accident,106887,2023-03-12,Castroville,CA,USA,NA,N55XJ,JDJ002C,False,Aviation,Aviation,Approved by Office Director,2024-11-07,NA,Serious,0,0,0,1,0,"A failure of the outboard trailing edge rib in the left wing, which resulted in a separation of the left aileron and a loss of control.",Aircraft - Aircraft oper/perf/capability - Performance/control parameters - Attain/maintain not possible; Aircraft - Aircraft structures - Wing structure - Not specified; Aircraft - Aircraft structures - Wing structure - Failure; Aircraft - Aircraft structures - Wing structure - Not specified,Accident,36.761053,-121.75544,JONES JAY D,CASSUTT M 11,Airplane,NA,NA,True,1,Reciprocating,False,Personal,091,Substantial,Visual (VMC),On File,Maneuvering; Standing,Completed,False,Approved by Office Director,NA,NA,3/12/2023,12-3-2023
WPR23LA131,Accident,106915,2023-03-18,Santa Ynez,CA,USA,NA,N40635,2153C,False,Aviation,Aviation,Approved by Office Director,2023-06-23,NA,Minor,0,0,0,1,0,"The pilot’s inadequate fuel planning, which resulted in a loss of engine power due to fuel starvation.",Personnel issues - Task performance - Use of equip/info - Pilot; Personnel issues - Task performance - Planning/preparation - Pilot; Aircraft - Fluids/misc hardware - Fluids - Fluid management,Accident,34.6,-120.08,MAULE,M-4-220C,Airplane,KIZA,Santa Ynez Airport,False,1,Reciprocating,False,Personal,091,Substantial,Visual (VMC); Visual (VMC),HARTMANN PETER C,Maneuvering; Maneuvering,Completed,False,Approved by Office Director,NA,NA,3/18/2023,18-3-2023
DCA23LA213,Accident,106933,2023-03-21,Sacramento,CA,USA,NA,N79011; N79011,29859; 29859,False,Aviation,Aviation,Approved by Office Director,2023-06-16,NA,Serious,0,0,0,1,0,An encounter with forecast convective turbulence during climb.,Environmental issues - Conditions/weather/phenomena - Turbulence - Effect on personnel; Environmental issues - Conditions/weather/phenomena - Turbulence - Effect on operation,Accident,38.41679,-121.56391,BOEING; BOEING,777-224; 777-224,Airplane; Airplane,NA,NA,False,2,Turbo fan; Turbo fan,True,NA,121; 121,None; None,Visual (VMC); Visual (VMC); Visual (VMC); Visual (VMC); Visual (VMC),UNITED AIRLINES INC; UNITED AIRLINES INC,Enroute,Completed,False,Approved by Office Director,NA,NA,3/21/2023,21-3-2023
ANC23FA031,Accident,106951,2023-03-24,Nuevo,CA,USA,NA,N14Z,54704,False,Aviation,Aviation,Approved by Office Director,2025-02-05,NA,Fatal,0,0,0,2,0,"The pilot’s decision to maneuver in a steep bank at a low altitude, which resulted in his failure to maintain clearance with terrain.",Aircraft - Aircraft oper/perf/capability - Performance/control parameters - Not attained/maintained; Environmental issues - Physical environment - Terrain - Decision related to condition; Personnel issues - Action/decision - Info processing/decision - Pilot; Personnel issues - Action/decision - Info processing/decision - Pilot,Accident,33.789279,-117.09542,BELL HELICOPTER TEXTRON,407,Helicopter,NA,NA,False,1,Turbo shaft,False,Personal,091,Destroyed,Visual (VMC),On File,Maneuvering,Completed,False,Approved by Office Director,NA,NA,3/24/2023,24-3-2023
WPR23LA146,Accident,106999,2023-04-01,Santa Ana,CA,USA,NA,N1399U,17267070,False,Aviation,Aviation,Approved by Office Director,2023-07-07,NA,None,0,0,0,0,0,The flight instructor’s failure to maintain clearance from a commercial airliner which resulted in an encounter with wake turbulence and subsequent loss of control resulting in impact with terrain.,Environmental issues - Conditions/weather/phenomena - Turbulence - Ability to respond/compensate; Personnel issues - Task performance - Use of equip/info - Student/instructed pilot; Aircraft - Aircraft oper/perf/capability - Performance/control parameters - Not attained/maintained,Accident,33.675662,-117.86823,CESSNA,172M,Airplane,KSNA,John Wayne/Orange County Airport,False,1,Reciprocating,False,Instructional,091,Substantial,Visual (VMC),OC 172 GROUP LLC,Landing,Completed,False,Approved by Office Director,NA,NA,4/1/2023,1-4-2023
WPR23LA151,Accident,107034,2023-04-05,Susanville,CA,USA,NA,N1641E,1854,False,Aviation,Aviation,Approved by Office Director,2023-11-15,NA,None,0,0,0,0,0,"The pilot’s braking technique during an off airport precautionary landing on unforeseen soft terrain, which resulted in a nose over.",Environmental issues - Physical environment - Terrain - Effect on operation; Aircraft - Aircraft oper/perf/capability - Performance/control parameters - Incorrect use/operation,Accident,40.28018,-120.01184,LOWE BRUCE,SKYSTR KTFX IV-1200,Airplane,NA,NA,True,1,Reciprocating,False,Personal,091,Substantial,Visual (VMC),On File,Landing,Completed,False,Approved by Office Director,NA,NA,4/5/2023,5-4-2023
WPR23LA154,Accident,107068,2023-04-16,Upland,CA,USA,NA,N38C; N38C,P3370097; P3370097,False,Aviation,Aviation,Approved by Office Director,2024-11-07,NA,None,0,0,0,0,0,"The pilot’s failure to properly flare the airplane, which resulted in a hard landing. Contributing to the accident was the pilot’s decision to fly a nonstandard traffic pattern, which resulted in an unstable approach.",Aircraft - Aircraft systems - Landing gear system - Malfunction; Personnel issues - Psychological - Mental/emotional state - Pilot; Aircraft - Aircraft oper/perf/capability - Performance/control parameters - Not attained/maintained; Personnel issues - Task performance - Use of equip/info - Pilot,Accident,34.113708,-117.68145,CESSNA; CESSNA,T337G; T337G,Airplane; Airplane,CCB,CABLE,False,2,Reciprocating; Reciprocating,False,Personal,091; 091,Substantial; Substantial,Visual (VMC),On File; On File,Approach; Landing; UncontrolledDescent; Approach,Completed,False,Approved by Office Director,NA,NA,4/16/2023,16-4-2023
WPR23LA156,Accident,107070,2023-04-16,Riverside,CA,USA,NA,N8376W,28-2576,False,Aviation,Aviation,Approved by Office Director,2024-11-07,NA,Minor,0,0,0,1,0,"The pilot’s failure to use carburetor heat during an extended ground delay before takeoff, which resulted in a total loss of engine power during initial climb due to carburetor ice.",Aircraft - Aircraft power plant - Engine (reciprocating) - Failure; Environmental issues - Conditions/weather/phenomena - Temp/humidity/pressure - Effect on equipment; Personnel issues - Psychological - Attention/monitoring - Pilot,Accident,33.955456,-117.48377,PIPER,PA-28-180,Airplane,KRAL,Riverside Municipal,False,1,Reciprocating,False,Personal,091,Substantial,Visual (VMC),On File,InitialClimb; EmergencyDescent,Completed,False,Approved by Office Director,NA,NA,4/16/2023,16-4-2023
WPR23LA159,Accident,107084,2023-04-18,Upland,CA,USA,NA,N349VR,10202,False,Aviation,Aviation,Approved by Office Director,2023-08-17,NA,None,0,0,0,0,0,"The pilot's improper selection of the mixture control, which resulted in a total loss of engine power and a collision with the airport boundary fence during a forced landing.",Personnel issues - Task performance - Use of equip/info - Pilot; Environmental issues - Physical environment - Object/animal/substance - Contributed to outcome,Accident,34.111611,-117.68738,VASHON AIRCRAFT,RANGER R7,Airplane,KCCB,CABLE Airport,False,1,Reciprocating,False,Personal,091,Substantial,Visual (VMC),CKD ENGINEERING LLC DBA,Approach; Approach; Landing,Completed,False,Approved by Office Director,NA,NA,4/18/2023,18-4-2023
WPR23LA161,Accident,107096,2023-04-14,Concord,CA,USA,NA,N80922,1115,False,Aviation,Aviation,Approved by Office Director,2023-12-13,NA,None,0,0,0,0,0,The pilot’s failure to maintain directional control of the airplane during a landing in gusting wind conditions.,Aircraft - Aircraft oper/perf/capability - Performance/control parameters - Not attained/maintained; Personnel issues - Task performance - Use of equip/info - Pilot,Accident,37.989657,-122.0569,GLOBE,GC-1B,Airplane,CCR,Buchanan Field Airport,False,1,Reciprocating,False,Personal,091,Substantial,Visual (VMC); Visual (VMC); Visual (VMC),On File,Landing,Completed,False,Approved by Office Director,NA,NA,4/14/2023,14-4-2023
WPR23LA165,Accident,107122,2023-04-24,Tracy,CA,USA,NA,N92734,166,False,Aviation,Aviation,Approved by Office Director,2023-09-08,NA,None,0,0,0,0,0,The pilot’s failure to maintain directional control during the takeoff roll.,Aircraft - Aircraft oper/perf/capability - Performance/control parameters - Not attained/maintained; Personnel issues - Task performance - Use of equip/info - Pilot,Accident,37.672425,-121.48301,ONEAL J R/ONEAL R C,EDI EXPRESS,Airplane,TCY,TRACY MUNI,True,1,Reciprocating,False,Personal,091,Substantial,Visual (VMC),On File,Takeoff; Takeoff; Takeoff,Completed,False,Approved by Office Director,NA,NA,4/24/2023,24-4-2023
WPR23LA170,Accident,107165,2023-04-28,Van Nuys,CA,USA,NA,N549TS,11075,False,Aviation,Aviation,Approved by Office Director,2023-11-15,NA,None,0,0,0,0,0,"The pilot’s failure to maintain lateral control of the helicopter, which resulted in a hard landing.",Aircraft - Aircraft oper/perf/capability - Performance/control parameters - Not attained/maintained; Personnel issues - Task performance - Use of equip/info - Pilot; Aircraft - Aircraft oper/perf/capability - Performance/control parameters - Not attained/maintained,Accident,34.209806,-118.48997,ROBINSON HELICOPTER COMPANY,R44 II,Helicopter,KVNY,Van Nuys Airport,False,1,Reciprocating,False,Personal,091,Substantial,Visual (VMC),On File,Maneuvering; Landing; Landing,Completed,False,Approved by Office Director,NA,NA,4/28/2023,28-4-2023
WPR23FA172,Accident,107167,2023-04-30,Los Angeles,CA,USA,NA,N575ND,172S10954,False,Aviation,Aviation,Approved by Office Director,2025-05-09,NA,Fatal,0,0,0,1,0,The pilot’s failure to maintain clearance with the hilly terrain resulting from his loss of situational awareness due to the deteriorating weather conditions as he descended to approach his destination airport.,Environmental issues - Physical environment - Terrain - Awareness of condition; Environmental issues - Conditions/weather/phenomena - Ceiling/visibility/precip - Effect on personnel; Environmental issues - Conditions/weather/phenomena - Light condition - Effect on personnel; Personnel issues - Psychological - Perception/orientation/illusion - Pilot; Personnel issues - Task performance - Workload management - Pilot,Accident,34.128553,-118.44288,CESSNA,172S,Airplane,NA,NA,False,1,Reciprocating,False,Personal,091,Substantial,Unknown; Unknown,On File,Approach; Approach,Completed,False,Approved by Office Director,NA,NA,4/30/2023,30-4-2023
WPR23FA173,Accident,107201,2023-05-01,Big Bear,CA,USA,NA,N2038Y,E-1376,False,Aviation,Aviation,Approved by Office Director,2025-04-01,NA,Fatal,0,0,0,3,0,"The pilot’s exceedance of the airplane’s critical angle of attack and failure to maintain adequate airspeed on short final while operating in adverse wind conditions, which resulted in an aerodynamic stall and impact with terrain.",Environmental issues - Conditions/weather/phenomena - Wind - Effect on equipment; Environmental issues - Conditions/weather/phenomena - Wind - Effect on equipment; Personnel issues - Action/decision - Action - Pilot; Environmental issues - Conditions/weather/phenomena - Wind - Effect on equipment; Environmental issues - Conditions/weather/phenomena - Wind - Effect on equipment; Aircraft - Aircraft oper/perf/capability - Performance/control parameters - Capability exceeded,Accident,34.263778,-116.85602,BEECH,A36,Airplane,L35,Big Bear City Airport,False,1,Reciprocating,False,Personal,091,Substantial,Visual (VMC),On File,Approach,Completed,False,Approved by Office Director,NA,NA,5/1/2023,1-5-2023
WPR23LA174,Accident,107203,2023-05-02,San Luis Obispo,CA,USA,NA,N29TR,21064570,False,Aviation,Aviation,Approved by Office Director,2023-09-08,NA,None,0,0,0,0,0,The pilot’s failure to maintain directional control during the landing roll.,Environmental issues - Conditions/weather/phenomena - Wind - Effect on operation; Aircraft - Aircraft oper/perf/capability - Performance/control parameters - Not attained/maintained; Personnel issues - Task performance - Use of equip/info - Pilot,Accident,35.24,-120.64,CESSNA,T210N,Airplane,KSBP,San Luis Obispo,False,1,Reciprocating,False,Personal,091,Substantial,Visual (VMC),On File,Landing; Landing; Landing,Completed,False,Approved by Office Director,NA,NA,5/2/2023,2-5-2023
WPR23LA176,Accident,107309,2023-05-02,Santa Barbara,CA,USA,NA,C-GXGS,61,False,Aviation,Aviation,Approved by Office Director,2023-09-08,NA,None,0,0,0,0,0,A fire that resulted from venting fuel coming into contact with hot exhaust surfaces or exhaust gases. Contributing to the fire was the design and location of the main tank fuel vent.,Aircraft - Fluids/misc hardware - Fluids - Fluid level; Aircraft - Aircraft systems - Fuel system - Design,Accident,34.426191,-119.84149,AkroTech Aviation,Giles G-202,Airplane,KSBA,Santa Barbara Municipal Airport,True,1,Reciprocating,False,Personal,091,Substantial,Visual (VMC); Visual (VMC),MKT Aerobatics LTD,Landing,Completed,False,Approved by Office Director,NA,NA,5/2/2023,2-5-2023
WPR23LA181,Accident,114708,2023-05-06,Moorpark,CA,USA,NA,N799CP,JA622-03-21,False,Aviation,Aviation,Approved by Office Director,2023-09-21,NA,None,0,0,0,0,0,The pilot’s failure to maintain control of the airplane during an off airport precautionary landing. Contributing to the accident was the pilot’s decision to continue the flight with a possible mechanical malfunction.,Aircraft - Aircraft oper/perf/capability - Performance/control parameters - Not attained/maintained; Aircraft - Aircraft systems - Fuel system - Malfunction; Personnel issues - Action/decision - Action - Pilot,Accident,34.31,-118.81,STEVEN RADENBAUGH,JA35 SUPERSTOL,Airplane,NA,NA,True,1,Reciprocating,False,Flight test,091,Substantial,Visual (VMC),EMERALD ISLE APARTMENTS LLC,Enroute; Landing,Completed,False,Approved by Office Director,NA,NA,5/6/2023,6-5-2023
WPR23FA185,Accident,130456,2023-05-10,San Clemente Island,CA,USA,NA,N56PA; N56PA,023; 023,False,Aviation,Aviation,Approved by Office Director,2025-06-12,NA,Fatal,0,0,0,3,0,The pilots’ loss of airplane control following a catastrophic fire that started on the left side of the aft equipment bay (tail cone). The fire likely initiated from a leak from the left fuel motive flow line due to a b-nut that loosened for reasons that could not be determined based on available evidence.,Aircraft - Aircraft systems - (general) - Failure; Not determined - Not determined - (general) - Unknown/Not determined; Aircraft - Aircraft oper/perf/capability - Performance/control parameters - Attain/maintain not possible,Accident,32.839382,-118.51568,GATES LEAR JET; GATES LEAR JET,36A; 36A,Airplane; Airplane,NA,NA,False,2,Turbo fan; Turbo fan,False,Other work use,091; 091,Destroyed; Destroyed,Visual (VMC); Visual (VMC); Visual (VMC),PHOENIX AIR GROUP INC; PHOENIX AIR GROUP INC,EmergencyDescent; EmergencyDescent; Enroute; Enroute,Completed,False,Approved by Office Director,NA,NA,5/10/2023,10-5-2023
WPR23LA192,Accident,184404,2023-05-20,Half Moon Bay,CA,USA,NA,N153QS; N153QS,869; 869,False,Aviation,Aviation,Approved by Office Director,2025-04-24,NA,Fatal,0,0,0,2,0,"The failure of the ferry fuel tank system to transfer fuel during a trans-Pacific flight for reasons that could not be determined, which resulted in fuel starvation and a subsequent ditching into the water.",Aircraft - Aircraft systems - Fuel system - Unknown/Not determined; Aircraft - Aircraft systems - Fuel system - Inoperative,Accident,37.599193,-123.14686,VIKING AIR LIMITED; VIKING AIR LIMITED,DHC-6-400; DHC-6-400,Airplane; Airplane,NA,NA,False,2,Turbo prop; Turbo prop,False,Ferry,091; 091,Substantial; Substantial,Visual (VMC),BANK OF UTAH TRUSTEE; BANK OF UTAH TRUSTEE,Enroute; Enroute; Enroute,Completed,False,Approved by Office Director,NA,NA,5/20/2023,20-5-2023
WPR23LA197,Accident,192222,2023-05-20,Redding,CA,USA,NA,N9433T,57233,False,Aviation,Aviation,Approved by Office Director,2025-04-23,NA,Minor,0,0,0,1,0,"A fuel leak caused by an age-degraded fuel pressure sender hose, which resulted in fuel starvation and a loss of engine power. Contributing to the accident was inadequate maintenance.",Personnel issues - Task performance - Maintenance - Maintenance personnel; Aircraft - Fluids/misc hardware - Misc hardware - Not serviced/maintained,Accident,40.48842,-122.29542,CESSNA,210,Airplane,RDD,REDDING RGNL,False,1,Reciprocating,False,Personal,091,Substantial,Visual (VMC); Visual (VMC),On File,Enroute; Enroute; Approach,Completed,False,Approved by Office Director,NA,NA,5/20/2023,20-5-2023
WPR23LA200,Accident,192242,2023-05-24,San Diego,CA,USA,NA,N791AM,4335,False,Aviation,Aviation,Approved by Office Director,2023-10-20,NA,None,0,0,0,0,0,The pilot’s failure to maintain altitude during a hover taxi due to distraction resulting from the unanticipated activation of strobing lights while using night vision googles.,Personnel issues - Psychological - Attention/monitoring - Pilot; Personnel issues - Task performance - Use of equip/info - Pilot; Aircraft - Aircraft oper/perf/capability - Performance/control parameters - Not attained/maintained; Environmental issues - Conditions/weather/phenomena - Light condition - Response/compensation,Accident,32.570396,-116.98481,EUROCOPTER,AS 350 B3,Helicopter,SDM,BROWN FLD MUNI,False,1,Turbo shaft,False,Public aircraft - federal,091,Substantial,Visual (VMC); Visual (VMC); Visual (VMC),US DEPARTMENT OF HOMELAND SECURITY,Taxi,Completed,False,Approved by Office Director,NA,NA,5/24/2023,24-5-2023
WPR23LA202,Accident,192263,2023-05-26,Napa,CA,USA,NA,N201MM,357,False,Aviation,Aviation,Approved by Office Director,2025-06-04,NA,Minor,0,0,0,1,0,"The pilot’s failure to use carburetor heat, which resulted in a loss of engine power due to carburetor icing and a subsequent impact with terrain during a forced landing.",Personnel issues - Action/decision - Action - Pilot; Environmental issues - Conditions/weather/phenomena - Temp/humidity/pressure - Effect on equipment; Personnel issues - Task performance - Use of equip/info - Pilot; Aircraft - Aircraft systems - Ice/rain protection system - Not used/operated,Accident,38.297833,-122.25548,MOONEY,M-18C 55,Airplane,APC,NAPA COUNTY,False,1,Reciprocating,False,Personal,091,Substantial,Visual (VMC),"Karen Harms, Michael Harms, Oren Redsun",Approach; Landing,Completed,False,Approved by Office Director,NA,NA,5/26/2023,26-5-2023
WPR23LA212,Accident,192307,2023-06-04,Colusa,CA,USA,NA,N6750K,449-B,False,Aviation,Aviation,Approved by Office Director,2023-10-20,NA,Serious,0,0,0,1,0,"The pilot’s failure to maintain clearance from a power line during a low-level aerial application
flight. Contributing to the accident was the pilot’s fatigue.",Environmental issues - Physical environment - Object/animal/substance - Contributed to outcome; Environmental issues - Physical environment - Object/animal/substance - Compliance w/ procedure; Personnel issues - Psychological - Mental/emotional state - Pilot; Personnel issues - Physical - Alertness/Fatigue - Pilot,Accident,39.241597,-121.90951,GRUMMAN ACFT ENG COR-SCHWEIZER,G-164B,Airplane,NA,NA,False,1,Reciprocating,False,Aerial application,137,Substantial,Visual (VMC); Visual (VMC),Valley Air,Standing; Takeoff,Completed,False,Approved by Office Director,NA,NA,6/4/2023,4-6-2023
WPR23LA216,Accident,192319,2023-06-05,Santa Monica,CA,USA,NA,N819KS,17280914,False,Aviation,Aviation,Approved by Office Director,2024-06-20,NA,None,0,0,0,0,0,"A failure of the nose wheel upper torque link bolt, which resulted in a loss of steering control. Contributing to the accident were maintenance personnel’s failure to inspect and replace the fractured bolt and the pilot’s oversight of the bolt during his preflight inspection.",Aircraft - Aircraft oper/perf/capability - Performance/control parameters - Attain/maintain not possible; Aircraft - Aircraft systems - Landing gear system - Inadequate inspection; Personnel issues - Task performance - Inspection - Pilot; Personnel issues - Task performance - Maintenance - Maintenance personnel; Aircraft - Aircraft systems - Landing gear system - Failure,Accident,34.015822,-118.4513,CESSNA,172R,Airplane,SMO,SANTA MONICA MUNI,False,1,Reciprocating,False,Flight test,091,Substantial,Visual (VMC); Visual (VMC),On File,Standing; Landing; Landing,Completed,False,Approved by Office Director,NA,NA,6/5/2023,5-6-2023
WPR23LA217,Accident,192320,2023-06-05,Bakersfield,CA,USA,NA,N6174W,502B-0351,False,Aviation,Aviation,Approved by Office Director,2024-04-04,NA,Minor,0,0,0,1,0,The pilot’s improper use of flaps during the takeoff sequence which resulted in a runway overrun and collision with trees.,Personnel issues - Action/decision - Info processing/decision - Pilot; Aircraft - Aircraft oper/perf/capability - Performance/control parameters - Incorrect use/operation; Environmental issues - Physical environment - Object/animal/substance - Effect on equipment; Aircraft - Aircraft oper/perf/capability - Aircraft capability - Capability exceeded,Accident,35.082813,-119.00267,AIR TRACTOR INC,AT-502B,Airplane,0,Company Airstrip,False,1,Reciprocating,False,Aerial application,137,Substantial,Visual (VMC),WHEELER RIDGE AVIATION INC,Takeoff; Takeoff,Completed,False,Approved by Office Director,NA,NA,6/5/2023,5-6-2023
WPR23FA219,Accident,192338,2023-06-08,Rio Vista,CA,USA,NA,N202GM,56,False,Aviation,Aviation,Approved by Office Director,2025-07-08,NA,Fatal,0,0,0,2,0,"The pilots’ exceedance of the airplane's critical angle of attack while maneuvering to land, which resulted in an aerodynamic stall and subsequent loss of control.",Aircraft - Aircraft oper/perf/capability - Performance/control parameters - Capability exceeded; Personnel issues - Task performance - Use of equip/info - Pilot,Accident,38.19288,-121.68608,STEEN,SKYBOLT,Airplane,O88,RIO VISTA MUNI,True,1,Reciprocating,False,Personal,091,Substantial,Visual (VMC),Flying Cowboys LLC,Maneuvering,Completed,False,Approved by Office Director,NA,NA,6/8/2023,8-6-2023
WPR23LA229,Accident,192403,2023-06-17,Big Bear City,CA,USA,NA,N62TX,305M0051,False,Aviation,Aviation,Approved by Office Director,2025-03-19,NA,None,0,0,0,0,0,The pilot’s failure to maintain directional control of the airplane during takeoff.,Personnel issues - Task performance - Use of equip/info - Pilot; Aircraft - Aircraft oper/perf/capability - Performance/control parameters - Not attained/maintained,Accident,34.263778,-116.85602,CESSNA,305C (0-1E),Airplane,L35,Big Bear City Airport,False,1,Reciprocating,False,Personal,091,Substantial,Visual (VMC),On File,Takeoff,Completed,False,Approved by Office Director,NA,NA,6/17/2023,17-6-2023
WPR23LA234,Accident,192410,2023-06-10,Olivehurst,CA,USA,NA,N4761A,P21000821,False,Aviation,Aviation,Approved by Office Director,2024-04-04,NA,None,0,0,0,0,0,The pilot’s failure to extend the landing gear before landing.,Personnel issues - Action/decision - Action - Pilot; Aircraft - Aircraft systems - Landing gear system - Not used/operated; Personnel issues - Task performance - Use of equip/info - Pilot,Accident,39.096001,-121.56819,CESSNA,P210N,Airplane,KMYV,Yuba County Airport,False,1,Reciprocating,False,Personal,091,Substantial,Visual (VMC); Visual (VMC); Visual (VMC); Visual (VMC),On File,Landing,Completed,False,Approved by Office Director,NA,NA,6/10/2023,10-6-2023
WPR23LA235,Accident,192422,2023-06-21,Truckee,CA,USA,NA,N356AW,PA-18-200-1-JT,False,Aviation,Aviation,Approved by Office Director,2023-10-26,NA,None,0,0,0,0,0,"The pilot’s loss of directional control on landing roll out, during variable wind conditions.",Aircraft - Aircraft oper/perf/capability - Performance/control parameters - Not attained/maintained; Environmental issues - Conditions/weather/phenomena - Wind - Effect on equipment; Personnel issues - Task performance - Use of equip/info - Pilot,Accident,39.3196,-120.1545,JOHN TOPLIFF,PA18-200EXP,Airplane,TRK,Truckee-Tahoe,True,1,Reciprocating,False,Personal,091,Substantial,Visual (VMC); Visual (VMC); Visual (VMC),On File,Landing,Completed,False,Approved by Office Director,NA,NA,6/21/2023,21-6-2023
WPR23LA239,Accident,192448,2023-06-25,Alturas,CA,USA,NA,N6430P,24-1540,False,Aviation,Aviation,Approved by Office Director,2025-07-08,NA,Minor,0,0,0,1,0,A loss of engine power due to the failure of the right magneto distributor gear and the pilot’s decision to conduct a test flight with known mechanical issues.,Aircraft - Aircraft power plant - Ignition system - Failure; Personnel issues - Action/decision - Info processing/decision - Pilot,Accident,41.482861,-120.56541,PIPER,PA-24-250,Airplane,AAT,ALTURAS MUNI,False,1,Reciprocating,False,Personal,091,Substantial,Visual (VMC),On File,Landing; InitialClimb; EmergencyDescent,Completed,False,Approved by Office Director,NA,NA,6/25/2023,25-6-2023
WPR23LA245,Accident,192487,2023-06-26,Williams,CA,USA,NA,N26DX,26242,False,Aviation,Aviation,Approved by Office Director,2023-11-02,NA,None,0,0,0,0,0,"The pilot’s encounter with atmospheric conditions where the lift was not sufficient to maintain flight, which resulted in a collision with terrain.",Environmental issues - Physical environment - Terrain - Effect on operation; Environmental issues - Conditions/weather/phenomena - Temp/humidity/pressure - Effect on operation; Aircraft - Aircraft oper/perf/capability - Performance/control parameters - Attain/maintain not possible,Accident,39.163502,-122.13164,SCHLEICHER ALEXANDER GMBH & CO,ASH 26 E,Glider,CN12,WILLIAMS,False,1,Reciprocating,False,Personal,091,Substantial,Visual (VMC); Visual (VMC),On File,Approach,Completed,False,Approved by Office Director,NA,NA,6/26/2023,26-6-2023
DCA23LA340,Accident,192490,2023-06-29,California City,CA,USA,NA,N283TD,002,False,Aviation,Aviation,Approved by Office Director,2024-07-10,NA,None,0,0,0,0,0,Erroneous signal processing that resulted in a total loss of propulsion power.,Aircraft - Aircraft systems - Flight control system - Malfunction,Accident,35.081667,-118.09388,SUPERNAL LLC,SUP83-1,Powered-lift,NA,NA,False,6,Electric,False,Flight test,091,Substantial,Visual (VMC),Supernal LLC,Maneuvering,Completed,False,Approved by Office Director,NA,NA,6/29/2023,29-6-2023
WPR23FA247,Accident,192510,2023-07-04,Murrieta,CA,USA,NA,N5243E,17271793,False,Aviation,Aviation,Approved by Office Director,2024-07-05,NA,Fatal,0,0,0,4,0,"The pilot’s exceedance of the airplane’s critical angle of attack during takeoff, which resulted in an aerodynamic stall and loss of control. Contributing to the loss of control was the pilot’s sudden retraction of the flaps.",Aircraft - Aircraft oper/perf/capability - Performance/control parameters - Not attained/maintained; Personnel issues - Task performance - Use of equip/info - Pilot,Accident,33.574179,-117.12847,CESSNA,172N,Airplane,F70,French Valley Airport,False,1,Reciprocating,False,Personal,091,Substantial,Visual (VMC),CALIFORNIA PROFESSIONAL FLYERS INC,Takeoff,Completed,False,Approved by Office Director,NA,NA,7/4/2023,4-7-2023
WPR23LA249,Accident,192519,2023-07-01,Meeks Bay,CA,USA,NA,N4586R,28-21330,False,Aviation,Aviation,Approved by Office Director,2025-04-24,NA,Serious,0,1,0,1,0,A loss of engine power for reasons that could not be determined based on the available information.,Aircraft - Aircraft power plant - Engine (reciprocating) - Unknown/Not determined; Aircraft - Aircraft power plant - Engine controls - Unknown/Not determined,Accident,39.01401,-120.10984,PIPER,PA-28-140,Airplane,NA,NA,False,1,Reciprocating,False,Personal,091,Substantial,Visual (VMC); Visual (VMC),On File,EmergencyDescent; Enroute; Landing,Completed,False,Approved by Office Director,NA,NA,7/1/2023,1-7-2023
WPR23LA253,Accident,192525,2023-06-30,Novato,CA,USA,NA,N372AH,172S10156,False,Aviation,Aviation,Approved by Office Director,2023-11-02,NA,None,0,0,0,0,0,"The pilot's failure to maintain directional control of the airplane during the landing roll for a touch and go, which resulted in a collision with terrain.",Aircraft - Aircraft oper/perf/capability - Performance/control parameters - Not attained/maintained; Personnel issues - Task performance - Use of equip/info - Pilot,Accident,38.143576,-122.55709,CESSNA,172S,Airplane,DVO,Gnoss Field Airport,False,1,Reciprocating,False,Personal,091,Substantial,Visual (VMC),On File,Landing; Landing,Completed,False,Approved by Office Director,NA,NA,6/30/2023,30-6-2023
WPR23FA257,Accident,192559,2023-07-08,Murrieta,CA,USA,NA,N819KR; N819KR,550-0114; 550-0114,False,Aviation,Aviation,Approved by Office Director,2025-07-23,NA,Fatal,0,0,0,6,0,"The flight crew’s decision to descend below the decision altitude of an instrument approach without having the appropriate runway visual reference(s) distinctively identified and with the visibility below the minimum that was prescribed for the approach, which resulted in controlled flight into terrain.",Personnel issues - Action/decision - Action - Pilot; Personnel issues - Psychological - Perception/orientation/illusion - Flight crew; Environmental issues - Conditions/weather/phenomena - Ceiling/visibility/precip - Decision related to condition; Personnel issues - Task performance - Use of equip/info - Flight crew; Environmental issues - Conditions/weather/phenomena - Ceiling/visibility/precip - Effect on personnel; Personnel issues - Physical - Alertness/Fatigue - Flight crew,Accident,33.584444,-117.12583,CESSNA; CESSNA,550; 550,Airplane; Airplane,F70,FRENCH VALLEY,False,2,Turbo fan; Turbo fan,False,Personal,091; 091,Destroyed; Destroyed,Instrument (IMC),On File; On File,Approach; Approach,Completed,False,Approved by Office Director,NA,NA,7/8/2023,8-7-2023
WPR23FA258,Accident,192562,2023-07-09,San Rafael,CA,USA,NA,N4922G,17273469,False,Aviation,Aviation,Approved by Office Director,2025-07-08,NA,Fatal,0,0,0,2,0,The total loss of engine power due to carburetor icing as a result of the pilot’s failure to activate the carburetor heat in a timely manner during the descent.,Environmental issues - Conditions/weather/phenomena - Temp/humidity/pressure - Contributed to outcome; Personnel issues - Action/decision - Action - Pilot,Accident,38.020643,-122.51492,CESSNA,172N,Airplane,CA35,SAN RAFAEL,False,1,Reciprocating,False,Personal,091,Substantial,Visual (VMC),On File,Landing; Approach,Completed,False,Approved by Office Director,NA,NA,7/9/2023,9-7-2023
WPR23LA262,Accident,192580,2023-07-08,Shelter Cove,CA,USA,NA,N9520Y,D-7016,False,Aviation,Aviation,Approved by Office Director,2024-01-25,NA,Serious,0,0,0,2,0,A partial loss of engine power for reasons that could not be determined because the airplane was not located and recovered.,Aircraft - Aircraft power plant - Power plant - Unknown/Not determined,Accident,40.028167,-124.0743,BEECH,P35,Airplane,0Q5,SHELTER COVE,False,1,Reciprocating,False,Personal,091,Substantial,Visual (VMC),On File,Landing,Completed,False,Approved by Office Director,NA,NA,7/8/2023,8-7-2023
WPR23LA264,Accident,192582,2023-07-09,La Mesa,CA,USA,NA,N1839R,18502554,False,Aviation,Aviation,Approved by Office Director,2025-07-23,NA,Minor,0,0,0,2,0,A total loss of engine power for undetermined reasons.,Personnel issues - Action/decision - Info processing/decision - Pilot; Aircraft - Aircraft power plant - (general) - Unknown/Not determined,Accident,32.783694,-117.02636,CESSNA,A185F,Airplane,NA,NA,False,1,Reciprocating,False,Personal,091,Substantial,Visual (VMC),On File,EmergencyDescent; Enroute,Completed,False,Approved by Office Director,NA,NA,7/9/2023,9-7-2023
WPR23LA270,Accident,192613,2023-07-11,Palm Springs,CA,USA,NA,N294JY,351,False,Aviation,Aviation,Approved by Office Director,2025-05-14,NA,None,0,0,0,0,0,Failure of the landing gear strut during takeoff due to a preexisting cracks that were caused by a manufacturing anomaly during the composite fiber layup process.,Aircraft - Aircraft systems - Landing gear system - Fatigue/wear/corrosion; Aircraft - Aircraft systems - Landing gear system - Failure; Organizational issues - Development - Manufacture/production - Manufacturer,Accident,33.8264,-116.502,SLING AIRCRAFT (PTY) LTD,SLING LSA,Airplane,PSP,PALM SPRINGS INTL,False,1,Reciprocating,False,Instructional,091,Substantial,Visual (VMC),AIRPLANE FACTORY INC,Takeoff; Takeoff; Takeoff,Completed,False,Approved by Office Director,NA,NA,7/11/2023,11-7-2023
WPR23LA274,Accident,192651,2023-07-10,Long Beach,CA,USA,NA,N3307E,17271499,False,Aviation,Aviation,Approved by Office Director,2023-11-02,NA,Minor,0,0,0,1,0,"The student pilot’s failure to maintain directional control during landing and the subsequent go-around, which resulted in impact with a hangar.",Aircraft - Aircraft oper/perf/capability - Performance/control parameters - Not attained/maintained; Aircraft - Aircraft oper/perf/capability - Performance/control parameters - Incorrect use/operation; Personnel issues - Experience/knowledge - Experience/qualifications - Pilot,Accident,33.81793,-118.15189,CESSNA,172N,Airplane,LGB,Long Beach Airport (Daugherty Field),False,1,Reciprocating,False,Instructional,091,Substantial,Visual (VMC),"Pacific Air Flight School, LLC",Landing,Completed,False,Approved by Office Director,NA,NA,7/10/2023,10-7-2023
WPR23LA300,Accident,192782,2023-05-17,Tracy,CA,USA,NA,N2771C,26315,False,Aviation,Aviation,Approved by Office Director,2023-12-21,NA,None,0,0,0,0,0,The pilot’s failure to maintain directional control during the landing roll after encountering a wind gust.,Environmental issues - Conditions/weather/phenomena - Wind - Effect on operation; Aircraft - Aircraft oper/perf/capability - Performance/control parameters - Not attained/maintained; Personnel issues - Task performance - Use of equip/info - Pilot; Environmental issues - Conditions/weather/phenomena - Wind - Contributed to outcome,Accident,37.688895,-121.44157,CESSNA,170B,Airplane,TCY,TRACY MUNI,False,1,Reciprocating,False,Personal,091,Substantial,Visual (VMC),KENMORE CREW LEASING INC TRUSTEE,Landing; Landing,Completed,False,Approved by Office Director,NA,NA,5/17/2023,17-5-2023
WPR22FA198,Accident,105212,2022-06-07,Hemet,CA,USA,NA,N18244,WA-295,False,Aviation,Aviation,Approved by Office Director,2024-04-25,NA,Fatal,0,0,0,1,0,The student pilot’s failure to maintain clearance from a cinderblock wall while performing a go-around.,Personnel issues - Action/decision - Action - Student/instructed pilot; Personnel issues - Action/decision - Info processing/decision - Pilot; Environmental issues - Conditions/weather/phenomena - Temp/humidity/pressure - Effect on equipment; Environmental issues - Physical environment - Object/animal/substance - Contributed to outcome,Accident,33.715531,-117.03241,BEECH,77,Airplane,HMT,HEMET-RYAN,False,1,Reciprocating,False,Instructional,091,Substantial,Visual (VMC),On File,Approach; InitialClimb; Landing; Landing; Approach,Completed,False,Approved by Office Director,NA,NA,6/7/2022,7-6-2022
WPR22LA201,Accident,105217,2022-06-07,Hawthorne,CA,USA,NA,N694PD; N694PD; N175WA; N175WA,20257; 20257; 1750; 1750,False,Aviation,Aviation,Approved by Office Director,2022-12-02,NA,None,0,0,0,0,0,The multi-engine pilot's failure to maintain clearance from another airplane during taxi.,Environmental issues - Physical environment - Object/animal/substance - Effect on equipment; Personnel issues - Psychological - Attention/monitoring - Pilot; Personnel issues - Psychological - Attention/monitoring - Pilot of other aircraft,Accident,33.922153,-118.33408,BOMBARDIER; BOMBARDIER; PILATUS; PILATUS,BD100 1A10; BD100 1A10; PC12; PC12,Airplane; Airplane; Airplane; Airplane,KHHR,Jack Northrop Field/Hawthorne Municipal Airport,False,2,Turbo shaft; Turbo shaft,True,Business; Business,091; 091; 135; 135,Minor; Minor; Substantial; Substantial,Visual (VMC),PACIFIC DENTAL SERVICES LLC; PACIFIC DENTAL SERVICES LLC; Western Aircraft Inc.; Western Aircraft Inc.,Taxi; Taxi,Completed,False,Approved by Office Director,NA,NA,6/7/2022,7-6-2022
WPR22FA210,Accident,105237,2022-06-10,Camarillo,CA,USA,NA,N305L,25-0616,False,Aviation,Aviation,Approved by Office Director,2024-04-18,NA,Fatal,0,0,0,1,0,The pilot’s spatial disorientation and loss of airplane control after entering instrument meteorological conditions shortly after takeoff.,Personnel issues - Task performance - Use of equip/info - Pilot; Environmental issues - Conditions/weather/phenomena - Ceiling/visibility/precip - Effect on personnel; Environmental issues - Conditions/weather/phenomena - Ceiling/visibility/precip - Effect on personnel; Personnel issues - Psychological - Perception/orientation/illusion - Pilot,Accident,34.223017,-119.12125,MOONEY AIRCRAFT CORP.,M20K,Airplane,CMA,CAMARILLO,False,1,Reciprocating,False,Personal,091,Destroyed,Instrument (IMC),On File,UncontrolledDescent; Takeoff,Completed,False,Approved by Office Director,NA,NA,6/10/2022,10-6-2022
WPR22FA216,Accident,105275,2022-06-18,Porterville,CA,USA,NA,N3835U; N3835U,336-0135; 336-0135,False,Aviation,Aviation,Approved by Office Director,2024-05-14,NA,Fatal,0,0,0,1,0,"Maintenance personnel’s failure to properly secure the elevator control assembly hardware, which resulted in an in-flight disconnection of the elevator and elevator counterweight and the pilot’s inability to maintain pitch control.",Aircraft - Aircraft systems - Flight control system - Not specified; Personnel issues - Task performance - Maintenance - Maintenance personnel; Aircraft - Aircraft systems - Flight control system - Incorrect service/maintenance; Aircraft - Aircraft systems - Flight control system - Inadequate inspection,Accident,36.006567,-119.03956,CESSNA; CESSNA,336; 336,Airplane; Airplane,NA,NA,False,2,Reciprocating; Reciprocating,False,Personal,091; 091,Destroyed; Destroyed,Visual (VMC),On File; On File,Enroute; Enroute,Completed,False,Approved by Office Director,NA,NA,6/18/2022,18-6-2022
WPR22LA219,Accident,105292,2022-06-16,Davis,CA,USA,NA,N756EG,R18201049,False,Aviation,Aviation,Approved by Office Director,2023-08-23,NA,Minor,0,0,0,1,0,An in-flight fire during the initial takeoff climb for reasons that could not be determined based on the available evidence.,Aircraft - Aircraft systems - (general) - Unknown/Not determined,Accident,38.5314,-121.7864,CESSNA,TR182,Airplane,EDU,UNIVERSITY,False,1,Reciprocating,False,Personal,091,Destroyed,Visual (VMC); Visual (VMC),On File,InitialClimb; InitialClimb; EmergencyDescent,Completed,False,Approved by Office Director,NA,NA,6/16/2022,16-6-2022
WPR22LA221,Accident,105297,2022-06-17,Stockton,CA,USA,NA,N90326,1764,False,Aviation,Aviation,Approved by Office Director,2024-04-18,NA,None,0,0,0,0,0,"Tail rotor blade impact with an unidentified object, which resulted in the loss of control and subsequent rollover of the helicopter.",Aircraft - Aircraft propeller/rotor - Tail rotor - Damaged/degraded,Accident,37.908851,-121.37392,BELL,206B,Helicopter,NA,NA,False,1,Turbo shaft,False,Positioning,091,Substantial,Visual (VMC); Visual (VMC),ALPINE HELICOPTER SERVICE INC,Enroute; Landing; Landing; Landing,Completed,False,Approved by Office Director,NA,NA,6/17/2022,17-6-2022
WPR22LA225,Accident,105343,2022-06-20,Tahoe Vista,CA,USA,NA,N536LS,6329,False,Aviation,Aviation,Approved by Office Director,2022-09-08,NA,None,0,0,0,0,0,"The glider’s encounter with atmospheric conditions where the lift was not sufficient to maintain flight and subsequent water ditching.
",Aircraft - Aircraft oper/perf/capability - Performance/control parameters - Attain/maintain not possible; Environmental issues - Conditions/weather/phenomena - Temp/humidity/pressure - Effect on operation,Accident,39.238379,-120.04298,ROLLADEN-SCHNEIDER,LS-6,Glider,TRK,TRUCKEE-TAHOE,False,0,NA,False,Personal,091,Substantial,Visual (VMC),On File,Maneuvering; Enroute,Completed,False,Approved by Office Director,NA,NA,6/20/2022,20-6-2022
WPR22LA226,Accident,105344,2022-06-24,Santa Barbara,CA,USA,NA,N738JZ,R18200935,False,Aviation,Aviation,Approved by Office Director,2024-04-25,NA,None,0,0,0,0,0,"A failure of the right main landing gear actuator pressure line O-ring, which resulted in a gear-up landing on the runway.",Aircraft - Aircraft systems - Landing gear system - Fatigue/wear/corrosion,Accident,34.426191,-119.84149,CESSNA,TR182,Airplane,SBA,SANTA BARBARA MUNI,False,1,Reciprocating,False,Personal,091,Substantial,Visual (VMC),On File,Landing; Landing,Completed,False,Approved by Office Director,NA,NA,6/24/2022,24-6-2022
WPR22LA232,Accident,105368,2022-06-11,Copperopolis,CA,USA,NA,N13ZF,10051C,False,Aviation,Aviation,Approved by Office Director,2022-09-08,NA,None,0,0,0,0,0,"The pilot’s failure to maintain lateral control of the airplane during takeoff in gusting wind.
",Personnel issues - Task performance - Use of equip/info - Pilot; Aircraft - Aircraft oper/perf/capability - Performance/control parameters - Not attained/maintained; Environmental issues - Conditions/weather/phenomena - Wind - Contributed to outcome,Accident,37.990625,-120.54333,MAULE,MX-7-235,Airplane,NA,NA,False,1,Reciprocating,False,Personal,091,Substantial,Visual (VMC); Visual (VMC),On File,Takeoff; Takeoff,Completed,False,Approved by Office Director,NA,NA,6/11/2022,11-6-2022
WPR22LA236,Accident,105378,2022-06-24,Merced,CA,USA,NA,N915B,720,False,Aviation,Aviation,Approved by Office Director,2024-04-25,NA,None,0,0,0,0,0,"The in-flight failure of the engine-to-transmission drive shaft due to a fatigue fracture of one of the KAflex flex frames caused by a loose bolt, which resulted in a total loss of power to the transmission and a subsequent hard landing.",Aircraft - Aircraft systems - Flight control system - Incorrect service/maintenance; Aircraft - Aircraft systems - Flight control system - Failure,Accident,37.286657,-120.59379,BELL,206B,Helicopter,NA,NA,False,1,Turbo shaft,False,Aerial application,137,Substantial,Visual (VMC),BETTENCOURT FLYING SERVICE INC,Maneuvering,Completed,False,Approved by Office Director,NA,NA,6/24/2022,24-6-2022
WPR22LA241,Accident,105422,2022-07-04,Petaluma,CA,USA,NA,N8414S,18256514,False,Aviation,Aviation,Approved by Office Director,2023-01-09,NA,None,0,0,0,0,0,The pilot’s failure to maintain airplane control during a go-around in gusting wind conditions.,Environmental issues - Conditions/weather/phenomena - Wind - Effect on operation; Personnel issues - Task performance - Use of equip/info - Pilot; Personnel issues - Task performance - Use of equip/info - Pilot,Accident,38.257793,-122.60532,CESSNA,182H,Airplane,O69,Petaluma Municipal,False,1,Reciprocating,False,Personal,091,Substantial,Visual (VMC),On File,Approach,Completed,False,Approved by Office Director,NA,NA,7/4/2022,4-7-2022
WPR22LA242,Accident,105433,2022-06-28,San Carlos,CA,USA,NA,N2056V,14269,False,Aviation,Aviation,Approved by Office Director,2024-04-10,NA,None,0,0,0,0,0,The total loss of engine power for undetermined reasons.,Not determined - Not determined - (general) - Unknown/Not determined,Accident,37.511861,-122.24953,CESSNA,120,Airplane,SQL,SAN CARLOS,False,1,Reciprocating,False,Personal,091,Substantial,Visual (VMC),On File,InitialClimb; InitialClimb; Landing,Completed,False,Approved by Office Director,NA,NA,6/28/2022,28-6-2022
WPR22LA243,Accident,105445,2022-07-10,Oxnard,CA,USA,NA,N6416U,2163,False,Aviation,Aviation,Approved by Office Director,2023-05-11,NA,None,0,0,0,0,0,Fuel starvation due to an inappropriately maintained and modified fuel selector valve.,Personnel issues - Task performance - Maintenance - Other; Aircraft - Aircraft systems - Fuel system - Fatigue/wear/corrosion; Aircraft - Fluids/misc hardware - Fluids - Fluid management,Accident,34.200673,-119.19487,MOONEY,M20C,Airplane,OXR,OXNARD,False,1,Reciprocating,False,Personal,091,Substantial,Visual (VMC),On File,Approach; Enroute; Enroute,Completed,False,Approved by Office Director,NA,NA,7/10/2022,10-7-2022
WPR22LA249,Accident,105460,2022-06-20,Red Bluff,CA,USA,NA,N4383D,32R-8529004,False,Aviation,Aviation,Approved by Office Director,2022-09-22,NA,None,0,0,0,0,0,"The pilot’s failure to detect the tripped landing gear motor circuit breaker, which prevented the gear from fully locking in the down position, and subsequent collapse during landing. 
",Personnel issues - Psychological - Attention/monitoring - Pilot,Accident,40.150306,-122.25219,PIPER,PA-32R-301T,Airplane,RBL,RED BLUFF MUNI,False,1,Reciprocating,False,Personal,091,Substantial,Visual (VMC),On File,Landing,Completed,False,Approved by Office Director,NA,NA,6/20/2022,20-6-2022
WPR22LA252,Accident,105475,2022-07-14,San Martin,CA,USA,NA,N9802E,18263916,False,Aviation,Aviation,Approved by Office Director,2022-12-02,NA,None,0,0,0,0,0,The pilot’s failure to maintain directional control during landing.,Aircraft - Aircraft oper/perf/capability - Performance/control parameters - Not attained/maintained; Personnel issues - Task performance - Use of equip/info - Pilot,Accident,37.082876,-121.59745,CESSNA,182P,Airplane,E16,SAN MARTIN,False,1,Reciprocating,False,Personal,091,Substantial,Visual (VMC); Visual (VMC),On File,Landing,Completed,False,Approved by Office Director,NA,NA,7/14/2022,14-7-2022
DCA22LA151,Accident,105497,2022-07-02,Santa Ana,CA,USA,NA,N480WN; N480WN,33998; 33998,False,Aviation,Aviation,Approved by Office Director,2022-08-05,NA,Serious,0,0,0,1,0,A flight attendant received a serious injury for undetermined reasons during a firm landing.,Personnel issues - Physical - Impairment/incapacitation - Cabin crew; Aircraft - Aircraft oper/perf/capability - Performance/control parameters - Unknown/Not determined,Accident,33.675701,-117.86799,BOEING; BOEING,737-700; 737-700,Airplane; Airplane,sna,John Wayne Orange County Airport,False,2,Turbo fan; Turbo fan,True,NA,121; 121,None; None,Visual (VMC); Visual (VMC),SOUTHWEST AIRLINES CO; SOUTHWEST AIRLINES CO,Landing,Completed,False,Approved by Office Director,NA,NA,7/2/2022,2-7-2022
WPR22LA258,Accident,105503,2022-07-17,Walter Springs,CA,USA,NA,N258MH,001028,False,Aviation,Aviation,Approved by Office Director,2024-06-20,NA,Fatal,0,0,0,2,0,"The pilot’s failure to maintain clearance from powerlines, which resulted in a wire strike and impact with terrain.",Environmental issues - Physical environment - Object/animal/substance - Effect on equipment; Personnel issues - Action/decision - Info processing/decision - Pilot,Accident,38.689458,-122.36447,EVOLUTION AIRCRAFT INC,REVOLT,Weight-shift,na,NA,False,1,Reciprocating,False,Personal,091,Destroyed,Visual (VMC),On File,Enroute,Completed,False,Approved by Office Director,NA,NA,7/17/2022,17-7-2022
WPR22LA259,Accident,105509,2022-07-17,San Marcos,CA,USA,NA,N718TB,2128,False,Aviation,Aviation,Approved by Office Director,2024-04-25,NA,Minor,0,0,2,0,2,"The failure of the mechanical fuel pump due to internal friction for reasons that could not be determined based on available evidence, which resulted in a total loss of engine power.",Environmental issues - Physical environment - Runway/land/takeoff/taxi surface - Ability to respond/compensate; Aircraft - Aircraft oper/perf/capability - Performance/control parameters - Attain/maintain not possible; Personnel issues - Task performance - Maintenance - Other; Environmental issues - Physical environment - Object/animal/substance - Ability to respond/compensate; Aircraft - Aircraft power plant - Engine (reciprocating) - Failure; Aircraft - Aircraft systems - Fuel system - Failure,Accident,33.109852,-117.22536,SOCATA,TB21,Airplane,CRQ,NA,False,1,Reciprocating,False,Personal,091,Substantial,Visual (VMC),On File,Enroute; Landing; Enroute,Completed,False,Approved by Office Director,NA,NA,7/17/2022,17-7-2022
WPR22FA265,Accident,105555,2022-07-23,Fallbrook,CA,USA,NA,N787AS,137787,False,Aviation,Aviation,Approved by Office Director,2024-02-28,NA,Fatal,0,0,0,2,0,A loss of power due to an unmaintained carburetor diaphragm and inoperative electric fuel pump that resulted in fuel starvation to the engine.,Aircraft - Aircraft power plant - Engine fuel and control - Failure; Aircraft - Aircraft power plant - Engine fuel and control - Not serviced/maintained; Aircraft - Aircraft power plant - Engine fuel and control - Damaged/degraded,Accident,33.348248,-117.25172,NORTH AMERICAN,T-28B,Airplane,L18,FALLBROOK COMMUNITY AIRPARK,False,1,Reciprocating,False,Personal,091,Substantial,Visual (VMC),MACH ONE AIR CHARTERS INC,Takeoff,Completed,False,Approved by Office Director,NA,NA,7/23/2022,23-7-2022
WPR22LA268,Accident,105571,2022-07-22,Huntington Beach,CA,USA,NA,N3666K,22356,False,Aviation,Aviation,Approved by Office Director,2024-05-02,NA,Minor,0,0,0,1,0,A total loss of engine power due to fuel starvation and the pilot’s mismanagement of the available fuel at an altitude too low for recovery. Contributing was the pilot’s delayed decision to switch fuel tanks.,Personnel issues - Action/decision - Info processing/decision - Pilot; Aircraft - Fluids/misc hardware - Fluids - Fluid level; Aircraft - Aircraft systems - Fuel system - Incorrect use/operation,Accident,33.661747,-118.011,PIPER,J3C-65,Airplane,NA,NA,False,1,Reciprocating,False,Banner tow,091,Substantial,Visual (VMC),On File,Landing; Maneuvering,Completed,False,Approved by Office Director,NA,NA,7/22/2022,22-7-2022
WPR22LA271,Accident,105586,2022-07-23,San Jose,CA,USA,NA,N300BH,32-8006011,False,Aviation,Aviation,Approved by Office Director,2023-12-14,NA,Serious,0,0,0,1,0,"The pilot’s inadequate preflight inspection and fuel management, which resulted in fuel starvation, a total loss of engine power, and an impact with terrain.",Aircraft - Fluids/misc hardware - Fluids - Fluid management; Aircraft - Fluids/misc hardware - Fluids - Inadequate inspection; Personnel issues - Task performance - Planning/preparation - Pilot; Personnel issues - Task performance - Inspection - Pilot; Personnel issues - Task performance - Communication (personnel) - Maintenance personnel,Accident,37.332861,-121.8198,PIPER,PA-32-301,Airplane,RHV,REID-HILLVIEW OF SANTA CLARA COUNTY,False,1,Reciprocating,False,Business,091,Substantial,Visual (VMC),GREEN VALLEY CORPORATION I,Enroute,Completed,False,Approved by Office Director,NA,NA,7/23/2022,23-7-2022
WPR22LA284,Accident,105614,2022-07-27,San Francisco,CA,USA,NA,N557XJ; N557XJ,20047; 20047,False,Aviation,Aviation,Approved by Office Director,2025-07-08,NA,Serious,0,0,0,1,0,An inflight upset resulting in serious injury to the cabin attendant following an autopilot disconnect for reasons that could not be determined based on the available information.,Personnel issues - Action/decision - Action - Pilot; Personnel issues - Action/decision - Action - Copilot; Aircraft - Aircraft oper/perf/capability - Performance/control parameters - Not attained/maintained,Accident,38.032205,-121.33612,BOMBARDIER INC; BOMBARDIER INC,BD-100-1A10; BD-100-1A10,Airplane; Airplane,NA,NA,False,2,Turbo fan; Turbo fan,False,Positioning,091; 091,None; None,Visual (VMC),XO Jet; XO Jet,Enroute,Completed,False,Approved by Office Director,NA,NA,7/27/2022,27-7-2022
WPR22LA287,Accident,105630,2022-07-30,Livermore,CA,USA,NA,N2591V,177RG0627,False,Aviation,Aviation,Approved by Office Director,2023-08-23,NA,None,0,0,0,0,0,The total loss of engine power due to an inadequately maintained fuel injection servo.,Aircraft - Aircraft power plant - Engine fuel and control - Fatigue/wear/corrosion; Aircraft - Aircraft power plant - Engine fuel and control - Not serviced/maintained,Accident,37.693789,-121.80988,CESSNA,177RG,Airplane,LVK,LIVERMORE MUNI,False,1,Reciprocating,False,Personal,091,Substantial,Visual (VMC),On File,Approach; Landing,Completed,False,Approved by Office Director,NA,NA,7/30/2022,30-7-2022
WPR22LA291,Accident,105666,2022-08-04,Chino,CA,USA,NA,N833SB,8435,False,Aviation,Aviation,Approved by Office Director,2022-12-08,NA,None,0,0,0,0,0,The subsequent delamination of the main rotor blades as a result of an unidentified main rotor blade impact with vegetation during a previous flight by another pilot.,Aircraft - Aircraft propeller/rotor - Main rotor system - Damaged/degraded; Environmental issues - Physical environment - Object/animal/substance - Effect on equipment,Accident,34.010715,-117.68767,AIRBUS HELICOPTERS INC,AS350B3,Helicopter,KCNO,N/A,False,1,Turbo shaft,False,Public aircraft,PUBU,Substantial,Visual (VMC),SAN BERNARDINO COUNTY SHERIFFS DEPT,Enroute; Enroute,Completed,False,Approved by Office Director,NA,NA,8/4/2022,4-8-2022
WPR22LA292,Accident,105674,2022-07-27,San Diego,CA,USA,NA,N41757,2843283,False,Aviation,Aviation,Approved by Office Director,2022-12-02,NA,None,0,0,0,0,0,"The student pilot’s unstable approach and inadequate flare which resulted in a hard, bounced landing.",Aircraft - Aircraft oper/perf/capability - Performance/control parameters - Not attained/maintained; Personnel issues - Task performance - Use of equip/info - Student/instructed pilot; Aircraft - Aircraft oper/perf/capability - Performance/control parameters - Not attained/maintained; Personnel issues - Action/decision - Info processing/decision - Student/instructed pilot,Accident,32.815722,-117.13955,PIPER,PA-28-181,Airplane,MYF,MONTGOMERY-GIBBS EXEC,False,1,Reciprocating,False,Instructional,091,Substantial,Visual (VMC),COAST FLIGHT TRAINING AND MANAGEMENT INC,Landing; UncontrolledDescent; Landing,Completed,False,Approved by Office Director,NA,NA,7/27/2022,27-7-2022
CEN22FA375,Accident,105703,2022-08-09,Maxwell,CA,USA,NA,N51YX,W0051,False,Aviation,Aviation,Approved by Office Director,2024-03-20,NA,Fatal,1,0,0,1,0,A loss of control in flight for undetermined reasons that resulted in an impact with terrain.,Aircraft - Aircraft oper/perf/capability - Performance/control parameters - Not attained/maintained; Personnel issues - Task performance - Use of equip/info - Pilot; Not determined - Not determined - (general) - Unknown/Not determined,Accident,39.378551,-122.22683,SONEX AIRCRAFT,WAIEX,Airplane,NA,NA,True,1,Reciprocating,False,Personal,091,Destroyed,Visual (VMC),On File,Post-Impact; UncontrolledDescent; Enroute; Enroute,Completed,False,Approved by Office Director,NA,NA,8/9/2022,9-8-2022
WPR22LA296,Accident,105710,2022-08-09,Corona,CA,USA,NA,N841AD,32-7340079,False,Aviation,Aviation,Approved by Office Director,2024-04-25,NA,None,0,0,0,0,0,"The airplane’s partial loss of engine power during the landing for reasons that could not be determined based on the available evidence, which resulted in an off airport landing and subsequent fire.",Aircraft - Aircraft oper/perf/capability - Performance/control parameters - Attain/maintain not possible; Aircraft - Aircraft systems - Fuel system - Incorrect service/maintenance,Accident,33.897654,-117.60244,PIPER,PA-32-300,Airplane,AJO,CORONA MUNI,False,1,Reciprocating,False,Personal,091,Substantial,Visual (VMC),CEDAR REAL ESTATE INC,Approach; Landing; Landing,Completed,False,Approved by Office Director,NA,NA,8/9/2022,9-8-2022
WPR22LA302,Accident,105731,2022-08-13,Corona,CA,USA,NA,N532KB,001,False,Aviation,Aviation,Approved by Office Director,2024-04-25,NA,Minor,0,0,0,1,0,The fatigue failure of the engine mount resulting in a loss of engine power and directional control while maneuvering.,Aircraft - Aircraft structures - (general) - Fatigue/wear/corrosion,Accident,33.89447,-117.58393,GODDARD DICK SIM,BENSEN B-8M,Gyroplane,AJO,CORONA MUNI,True,1,Reciprocating,False,Personal,091,Substantial,Visual (VMC),On File,Approach; Approach; Landing,Completed,False,Approved by Office Director,NA,NA,8/13/2022,13-8-2022
WPR22LA308,Accident,105761,2022-08-18,El Cajon,CA,USA,NA,N1097D,7721,False,Aviation,Aviation,Approved by Office Director,2024-04-25,NA,Serious,0,0,0,1,0,"The pilot’s failure to verify the fuel quantity prior to departure, which led to a loss of engine power due to fuel exhaustion.",Personnel issues - Action/decision - Action - Pilot; Aircraft - Fluids/misc hardware - Fluids - Fluid level; Personnel issues - Task performance - Planning/preparation - Pilot; Aircraft - Fluids/misc hardware - Fluids - Inadequate inspection; Aircraft - Fluids/misc hardware - Fluids - Not inspected,Accident,32.811779,-116.91732,CESSNA,195,Airplane,SEE,GILLESPIE FLD,False,1,Reciprocating,False,Personal,091,Substantial,Visual (VMC),On File,Approach,Completed,False,Approved by Office Director,NA,NA,8/18/2022,18-8-2022
WPR22FA309,Accident,105763,2022-08-18,Watsonville,CA,USA,NA,N49931; N49931; N740WJ; N740WJ; N740WJ; N740WJ,15281402; 15281402; 340A0740; 340A0740; 340A0740; 340A0740,False,Aviation,Aviation,Approved by Office Director,2024-03-28,NA,Fatal,0,0,0,3,0,The failure of the pilot of the multi-engine airplane to see and avoid the single-engine airplane while performing a straight-in approach for landing.,Not determined - Not determined - (general) - Unknown/Not determined; Personnel issues - Task performance - Use of equip/info - Pilot; Personnel issues - Psychological - Attention/monitoring - Pilot; Personnel issues - Action/decision - Action - Pilot,Accident,36.93648,-121.78904,CESSNA; CESSNA; CESSNA; CESSNA; CESSNA; CESSNA,152; 152; 340A; 340A; 340A; 340A,Airplane; Airplane; Airplane; Airplane; Airplane; Airplane,WVI,WATSONVILLE MUNI,False,1,Reciprocating; Reciprocating; Reciprocating; Reciprocating; Reciprocating; Reciprocating,False,Personal; Personal,091; 091; 091; 091; 091; 091,Substantial; Substantial; Destroyed; Destroyed; Destroyed; Destroyed,Visual (VMC),United Flight Services; United Flight Services; ALM HOLDING LLC; ALM HOLDING LLC; ALM HOLDING LLC; ALM HOLDING LLC,Approach; Approach,Completed,False,Approved by Office Director,NA,NA,8/18/2022,18-8-2022
WPR22LA310,Accident,105764,2022-08-18,Camarillo,CA,USA,NA,N995GS,1285,False,Aviation,Aviation,Approved by Office Director,2023-11-15,NA,Serious,0,0,0,1,0,"The pilot’s failure to maintain proper airspeed and his exceedance of the airplane’s critical angle of attack, which resulted in an aerodynamic stall.",Personnel issues - Task performance - Use of equip/info - Pilot; Aircraft - Aircraft oper/perf/capability - Performance/control parameters - Not attained/maintained; Aircraft - Aircraft oper/perf/capability - Performance/control parameters - Not attained/maintained; Aircraft - Aircraft oper/perf/capability - Performance/control parameters - Not attained/maintained,Accident,34.213579,-119.08715,STUCKER GARY,BANTY,Ultralight,CMA,CAMARILLO,True,1,Reciprocating,False,Personal,091,Substantial,Visual (VMC),On File,InitialClimb; InitialClimb,Completed,False,Approved by Office Director,NA,NA,8/18/2022,18-8-2022
WPR22LA316,Accident,105794,2022-08-24,Vacaville,CA,USA,NA,N22507,15068324,False,Aviation,Aviation,Approved by Office Director,2023-08-15,NA,Minor,0,0,0,2,0,The partial loss of engine power due to a stuck exhaust valve.,Aircraft - Aircraft power plant - Engine (reciprocating) - Malfunction,Accident,38.370146,-121.96546,CESSNA,150H,Airplane,VCB,Nut Tree Airport,False,1,Reciprocating,False,Personal,091,Substantial,Visual (VMC),On File,InitialClimb; EmergencyDescent; InitialClimb; Landing,Completed,False,Approved by Office Director,NA,NA,8/24/2022,24-8-2022
WPR22LA320,Accident,105823,2022-08-26,Ione,CA,USA,NA,N49430,15281260,False,Aviation,Aviation,Approved by Office Director,2024-04-10,NA,Minor,0,0,0,1,0,"The flight instructor’s delayed decision to abort the takeoff, which resulted in impact with a fence and a tree. Contributing to the accident was the instructor’s decision to land at the unfamiliar airstrip without determining whether it was within the airplane’s performance capabilities.",Personnel issues - Task performance - Planning/preparation - Pilot; Personnel issues - Action/decision - Info processing/decision - Pilot,Accident,38.2176,-120.9081,CESSNA,152,Airplane,PRIV,PRIV,False,1,Reciprocating,False,Instructional,091,Substantial,Visual (VMC),On File,Takeoff,Completed,False,Approved by Office Director,NA,NA,8/26/2022,26-8-2022
WPR22LA327,Accident,105838,2022-06-22,Lodi,CA,USA,NA,N6150V,804,False,Aviation,Aviation,Approved by Office Director,2022-12-02,NA,None,0,0,0,0,0,"The pilot’s premature retraction of the landing gear during a go-around, which resulted in a gear up landing.",Personnel issues - Task performance - Use of equip/info - Pilot; Personnel issues - Action/decision - Action - Pilot,Accident,38.202442,-121.26914,CONSOLIDATED AERONAUTICS INC.,LAKE LA-4-200,Airplane,1O3,LODI,False,1,Reciprocating,False,Personal,091,Substantial,Visual (VMC),CFI Academy,Landing; Landing,Completed,False,Approved by Office Director,NA,NA,6/22/2022,22-6-2022
WPR22FA331,Accident,105852,2022-09-02,Shafter,CA,USA,NA,N5943,407,False,Aviation,Aviation,Approved by Office Director,2024-09-05,NA,Fatal,0,0,0,1,0,"The pilot’s exceedance of the airplane’s critical angle of attack, which resulted in an aerodynamic stall and subsequent impact with terrain. Contributing to the accident was the loss of engine oil pressure shortly after takeoff.",Personnel issues - Task performance - Use of equip/info - Pilot; Aircraft - Aircraft power plant - Engine (reciprocating) - Unknown/Not determined; Aircraft - Aircraft oper/perf/capability - Performance/control parameters - Not attained/maintained,Accident,35.519151,-119.21637,YAKOVLEV,YAK-11,Airplane,MIT,SHAFTER-MINTER FLD,False,1,Reciprocating,False,Personal,091,Destroyed,Visual (VMC),On File,Approach; Approach; Approach,Completed,False,Approved by Office Director,NA,NA,9/2/2022,2-9-2022
WPR22FA332,Accident,105854,2022-09-04,Galt,CA,USA,NA,N142DR; N142DR,TH-1458; TH-1458,False,Aviation,Aviation,Approved by Office Director,2024-04-25,NA,Fatal,0,0,0,2,0,"The certified flight instructor's failure to maintain control of the airplane and inadequate supervision of the flight, which resulted in an aerodynamic stall/spin from which he could not recover.",Personnel issues - Task performance - Use of equip/info - Instructor/check pilot; Personnel issues - Action/decision - Action - Instructor/check pilot,Accident,38.30462,-121.35155,BEECH; BEECH,58; 58,Airplane; Airplane,NA,NA,False,2,Reciprocating; Reciprocating,False,Instructional,091; 091,Substantial; Substantial,Visual (VMC),On File; On File,Maneuvering; Maneuvering; Maneuvering,Completed,False,Approved by Office Director,NA,NA,9/4/2022,4-9-2022
WPR22LA333,Accident,105859,2022-09-04,Mount Baldy,CA,USA,NA,N687AM,53497,False,Aviation,Aviation,Approved by Office Director,2024-08-21,NA,Serious,0,0,0,1,0,"The pilot’s failure to ensure the throttle was properly positioned before commencing an approach to land, which resulted in a low rotor rpm condition and impact with terrain. Contributing to the accident was a worn throttle detent.",Personnel issues - Task performance - Maintenance - Maintenance personnel; Personnel issues - Task performance - Use of equip/info - Pilot; Aircraft - Aircraft power plant - Engine controls - Fatigue/wear/corrosion; Aircraft - Aircraft power plant - Engine controls - Incorrect service/maintenance; Personnel issues - Task performance - Use of equip/info - Pilot,Accident,34.243,-117.654,BELL,407,Helicopter,NA,NA,False,1,Turbo shaft,False,Other work use,091,Substantial,Visual (VMC),AIR METHODS CORP,Approach; Standing,Completed,False,Approved by Office Director,NA,NA,9/4/2022,4-9-2022
WPR22FA335,Accident,105874,2022-09-05,Columbia,CA,USA,NA,N10EZ,BB001,False,Aviation,Aviation,Approved by Office Director,2024-09-11,NA,Fatal,0,0,0,1,0,"The pilot’s improper maintenance of the ignition system, which led to an ignition system failure and a loss of engine power.",Aircraft - Aircraft power plant - Ignition system - Inoperative; Aircraft - Aircraft power plant - Ignition system - Incorrect service/maintenance,Accident,38.043051,-120.40995,RUTAN,VARIEZE,Airplane,O22,COLUMBIA,True,1,Reciprocating,False,Personal,091,Substantial,Visual (VMC),On File,Approach,Completed,False,Approved by Office Director,NA,NA,9/5/2022,5-9-2022
WPR22FA338,Accident,105890,2022-09-08,Santa Monica,CA,USA,NA,N126WK,P1001093,False,Aviation,Aviation,Approved by Office Director,2024-07-10,NA,Fatal,0,0,0,2,0,"The pilot’s inability to maintain control of the airplane during the landing flare due to the passenger’s excessive control inputs, which resulted in the airplane exceeding its critical angle of attack and entering an aerodynamic stall.",Aircraft - Aircraft oper/perf/capability - Performance/control parameters - Incorrect use/operation; Personnel issues - Psychological - Mental/emotional state - Passenger; Aircraft - Aircraft oper/perf/capability - Performance/control parameters - Capability exceeded; Personnel issues - Task performance - Use of equip/info - Passenger; Personnel issues - Action/decision - Info processing/decision - Instructor/check pilot; Aircraft - Aircraft oper/perf/capability - Performance/control parameters - Not attained/maintained,Accident,34.017882,-118.44801,CZECH SPORT AIRCRAFT,Piper Sport,Airplane,SMO,SANTA MONICA MUNI,False,1,Reciprocating,False,Instructional,091,Destroyed,Visual (VMC),On File,InitialClimb; UncontrolledDescent; Landing; Landing,Completed,False,Approved by Office Director,NA,NA,9/8/2022,8-9-2022
WPR22LA340,Accident,105896,2022-09-10,Banning,CA,USA,NA,N242BH,45506,False,Aviation,Aviation,Approved by Office Director,2024-04-25,NA,Minor,0,0,0,3,0,"The improper attachment of the tail rotor drive shaft to the air conditioner drive pulley without a drive ring, which resulted in the failure of the hardware, a loss of tail rotor drive, and the loss of control of the helicopter followed by a hard landing and rollover.",Aircraft - Aircraft propeller/rotor - Tail rotor drive system - Incorrect service/maintenance; Personnel issues - Task performance - Maintenance - Maintenance personnel,Accident,33.916332,-116.85932,BELL HELICOPTER TEXTRON,206L-1,Helicopter,BNG,Banning Municipal Airport,False,1,Turbo shaft,False,Firefighting,091,Substantial,Visual (VMC); Visual (VMC); Visual (VMC),Blue Sky Aviation,Landing,Completed,False,Approved by Office Director,NA,NA,9/10/2022,10-9-2022
WPR22LA344,Accident,105924,2022-09-09,San Diego,CA,USA,NA,N26FN; N26FN,011; 011,False,Aviation,Aviation,Approved by Office Director,2024-10-03,NA,Minor,0,0,0,2,0,"The flight crew’s fast landing on a wet runway, which resulted in the airplane hydroplaning during the landing roll and subsequently overrunning the runway.",Aircraft - Aircraft oper/perf/capability - Performance/control parameters - Attain/maintain not possible; Environmental issues - Physical environment - Runway/land/takeoff/taxi surface - Effect on equipment; Environmental issues - Conditions/weather/phenomena - Ceiling/visibility/precip - Effect on equipment,Accident,32.698196,-117.21311,GATES LEAR JET CORP.; GATES LEAR JET CORP.,36; 36,Airplane; Airplane,NZY,NORTH ISLAND NAS /HALSEY FLD/,False,2,Turbo fan; Turbo fan,False,Other work use,PUBU; PUBU,Substantial; Substantial,Visual (VMC); Visual (VMC),Strategic Airborne Operations; Strategic Airborne Operations,Landing; Landing,Completed,False,Approved by Office Director,NA,NA,9/9/2022,9-9-2022
WPR22LA351,Accident,105963,2022-09-16,Ventura,CA,USA,NA,N7917G,17259617,False,Aviation,Aviation,Approved by Office Director,2024-05-02,NA,Minor,0,0,0,2,0,A partial loss of engine power due to the fatigue fracture of the No. 4 exhaust valve.,Aircraft - Aircraft power plant - Engine (reciprocating) - Fatigue/wear/corrosion; Aircraft - Aircraft power plant - Engine (reciprocating) - Failure,Accident,34.254498,-119.26951,CESSNA,172L,Airplane,NA,NA,False,1,Reciprocating,False,Personal,091,Substantial,Visual (VMC),On File,Enroute,Completed,False,Approved by Office Director,NA,NA,9/16/2022,16-9-2022
DCA22LA212,Incident,106004,2022-09-22,Los Angeles,CA,USA,NA,N393HA; N393HA,1422; 1422,False,Aviation,Aviation,Approved by Office Director,2024-09-19,NA,None,0,0,0,0,0,Uncommanded movement of the trimmable horizontal stabilizer control wheel for reasons that could not be determined based on the available evidence.,Aircraft - Aircraft systems - Flight control system - Unknown/Not determined,Incident,33.9416,-118.4085,AIRBUS; AIRBUS,A330-243; A330-243,Airplane; Airplane,NA,NA,False,2,Turbo fan; Turbo fan,True,NA,121; 121,None; None,Visual (VMC),Hawaiian Airlines; Hawaiian Airlines,Enroute,Completed,False,Approved by Office Director,NA,NA,9/22/2022,22-9-2022
WPR22LA355,Accident,106006,2022-09-25,Big Bear,CA,USA,NA,N204BH,468,False,Aviation,Aviation,Approved by Office Director,2023-02-23,NA,Minor,0,0,0,1,0,"The pilot’s inability to maintain directional control after landing with an excessive ground speed due to a tailwind which, resulted in a severe shimmy which subsequently damaged a hydraulic brake line.",Personnel issues - Task performance - Use of equip/info - Pilot; Environmental issues - Conditions/weather/phenomena - Wind - Effect on operation; Aircraft - Aircraft oper/perf/capability - Performance/control parameters - Not attained/maintained; Aircraft - Aircraft systems - Landing gear system - Damaged/degraded; Aircraft - Aircraft oper/perf/capability - Performance/control parameters - Attain/maintain not possible,Accident,34.263778,-116.85602,HARTUNIAN ROBERT,PULSAR XP,Airplane,L35,Big Bear City Airport,True,1,Reciprocating,False,Personal,091,Substantial,Visual (VMC),On File,Landing,Completed,False,Approved by Office Director,NA,NA,9/25/2022,25-9-2022
WPR23LA004,Accident,106044,2022-10-01,Fresno,CA,USA,NA,N284CA,1578,False,Aviation,Aviation,Approved by Office Director,2024-09-26,NA,Serious,0,0,0,2,0,"The disbond of a tail rotor drive shaft splined adapter, which resulted in a loss of tail rotor drive and a subsequent hard landing.",Aircraft - Aircraft propeller/rotor - Tail rotor drive system - Failure,Accident,36.708971,-119.72895,BELL,206B,Helicopter,NA,NA,False,1,Turbo shaft,False,Other work use,091,Substantial,Visual (VMC),Lasen,Maneuvering; Landing; EmergencyDescent,Completed,False,Approved by Office Director,NA,NA,10/1/2022,1-10-2022
WPR22LA365,Accident,106046,2022-10-01,Groveland,CA,USA,NA,N119AM,JA321-10-13,False,Aviation,Aviation,Approved by Office Director,2023-01-09,NA,Minor,0,0,0,1,0,The pilot's excessive application of brake during an attempt to avoid wildlife while taxing resulted in a nose over.,Environmental issues - Physical environment - Object/animal/substance - Contributed to outcome; Personnel issues - Task performance - Use of equip/info - Pilot; Aircraft - Aircraft systems - Landing gear system - Incorrect use/operation,Accident,37.861667,-120.17855,MARY ALEXANDER,JA30 SUPERSTOL,Airplane,E45,PINE MOUNTAIN LAKE,False,1,Reciprocating,False,Personal,091,Substantial,Visual (VMC),On File,Taxi,Completed,False,Approved by Office Director,NA,NA,10/1/2022,1-10-2022
WPR23FA007,Accident,106059,2022-10-04,Jamul,CA,USA,NA,N887QR,M-II-2283,False,Aviation,Aviation,Approved by Office Director,2024-10-03,NA,Fatal,0,0,0,1,0,Impact with mountainous terrain for undetermined reasons due to the limited evidence that could be collected from the accident scene,Not determined - Not determined - (general) - Unknown/Not determined,Accident,32.706333,-116.76383,CORNFORD CRAIG H,MUSTANG II,Airplane,NA,NA,True,1,Reciprocating,False,Personal,091,Destroyed,Visual (VMC),On File,Enroute,Completed,False,Approved by Office Director,NA,NA,10/4/2022,4-10-2022
WPR22LA369,Accident,106078,2022-09-10,Maxwell,CA,USA,NA,N7550B,7FC-52,False,Aviation,Aviation,Approved by Office Director,2023-01-26,NA,None,0,0,0,0,0,"The pilot’s failure to maintain directional control during landing, resulting in a runway excursion.",Personnel issues - Task performance - Use of equip/info - Pilot; Aircraft - Aircraft oper/perf/capability - Performance/control parameters - Not attained/maintained,Accident,39.275564,-122.17958,CHAMPION,7FC,Airplane,12CN,Richter Aviation,False,1,Reciprocating,False,Personal,091,Substantial,Visual (VMC); Visual (VMC),On File,Landing,Completed,False,Approved by Office Director,NA,NA,9/10/2022,10-9-2022
WPR23LA008,Accident,106107,2022-10-01,Clarksburg,CA,USA,NA,N699X,CCK-2000-0087,False,Aviation,Aviation,Approved by Office Director,2023-01-26,NA,None,0,0,0,0,0,The pilot's failure to maintain directional control during the landing roll with a gusting quartering tailwind.,Environmental issues - Conditions/weather/phenomena - Wind - Effect on operation; Aircraft - Aircraft oper/perf/capability - Performance/control parameters - Not attained/maintained; Personnel issues - Task performance - Use of equip/info - Pilot,Accident,38.44325,-121.50886,SEABOURN SCOTT R,CCK-2000,Airplane,CN13,Borges Clarkburg Airport,True,1,Reciprocating,False,Personal,091,Substantial,Visual (VMC),On File,Landing; Landing,Completed,False,Approved by Office Director,NA,NA,10/1/2022,1-10-2022
WPR23LA014,Accident,106138,2022-10-15,Petaluma,CA,USA,NA,N42PT,75-8387,False,Aviation,Aviation,Approved by Office Director,2023-01-09,NA,None,0,0,0,0,0,The pilot’s failure to maintain directional control during landing in gusting wind.,Aircraft - Aircraft oper/perf/capability - Performance/control parameters - Not attained/maintained; Personnel issues - Task performance - Use of equip/info - Pilot,Accident,38.257793,-122.60532,BOEING,A75N1(PT17),Airplane,O69,PETALUMA MUNI,False,1,Reciprocating,False,Personal,091,Substantial,Visual (VMC),On File,Landing,Completed,False,Approved by Office Director,NA,NA,10/15/2022,15-10-2022
WPR23LA021,Accident,106168,2022-10-20,Georgetown,CA,USA,NA,N55DC,11395,False,Aviation,Aviation,Approved by Office Director,2024-05-02,NA,None,0,0,0,0,0,"The pilot’s failure to maintain control during an attempted go-around, which resulted in a runway excursion and a separation of the right main landing gear.",Aircraft - Aircraft oper/perf/capability - Performance/control parameters - Not attained/maintained; Aircraft - Aircraft systems - Landing gear system - Capability exceeded; Personnel issues - Task performance - Use of equip/info - Pilot,Accident,38.921111,-120.8648,CESSNA,140,Airplane,E36,Georgetown Airport,False,1,Reciprocating,False,Personal,091,Substantial,Visual (VMC),On File,Takeoff,Completed,False,Approved by Office Director,NA,NA,10/20/2022,20-10-2022
WPR23LA025,Accident,106206,2022-10-26,Alturas,CA,USA,NA,N354MB,582-912,False,Aviation,Aviation,Approved by Office Director,2024-10-30,NA,Fatal,0,0,0,1,0,The non-certificated pilot’s loss of control for undetermined reasons.,Personnel issues - Experience/knowledge - Experience/qualifications - Not specified; Aircraft - Aircraft oper/perf/capability - Performance/control parameters - Incorrect use/operation; Aircraft - Aircraft oper/perf/capability - (general) - Unknown/Not determined,Accident,41.48664,-120.56523,Airborne Windsports,Edge X,Weight-shift,ATT,NA,False,1,Reciprocating,False,Unknown,091,Substantial,Visual (VMC),On File,Unknown,Completed,False,Approved by Office Director,NA,NA,10/26/2022,26-10-2022
WPR22LA371,Accident,106232,2022-08-20,Pacific Ocean,CA,USA,NA,N9670V,17264450,False,Aviation,Aviation,Approved by Office Director,2023-08-15,NA,Fatal,0,0,0,1,0,Undetermined because the airplane and pilot were not located.,Not determined - Not determined - (general) - Unknown/Not determined,Accident,38.311101,-125.55451,CESSNA,172M,Airplane,NA,NA,False,1,NA,False,Personal,091,Unknown,Unknown,On File,Unknown,Completed,False,Approved by Office Director,NA,NA,8/20/2022,20-8-2022
WPR23FA027,Accident,106252,2022-11-05,San Diego,CA,USA,NA,N700YZ,2599,False,Aviation,Aviation,Approved by Office Director,2024-05-16,NA,Fatal,0,0,0,1,0,"The student pilot’s exceedance of the critical angle of attack during a go-around, resulting in an aerodynamic stall and impact with terrain following a non-stabilized approach to land.",Personnel issues - Task performance - Use of equip/info - Student/instructed pilot; Aircraft - Aircraft oper/perf/capability - Performance/control parameters - Not attained/maintained,Accident,32.815722,-117.13955,CIRRUS DESIGN CORP,SR20,Airplane,MYF,MONTGOMERY-GIBBS EXEC,False,1,Reciprocating,False,Instructional,091,Substantial,Visual (VMC),Coast Air Center,Approach; Approach; Approach,Completed,False,Approved by Office Director,NA,NA,11/5/2022,5-11-2022
WPR22LA373,Accident,106287,2022-08-18,Avalon,CA,USA,NA,N52946,177RG1317,False,Aviation,Aviation,Approved by Office Director,2023-01-09,NA,None,0,0,0,0,0,"The pilot’s failure to extend the landing gear before landing, resulting in a gear up landing and substantial damage to the airplane’s belly.",Aircraft - Aircraft systems - Landing gear system - Not used/operated; Personnel issues - Action/decision - Action - Pilot; Personnel issues - Task performance - Use of equip/info - Pilot,Accident,33.4,-118.42,CESSNA,177RG,Airplane,KAVX,Catalina,False,1,Reciprocating,False,Personal,091,Substantial,Visual (VMC),On File,Landing,Completed,False,Approved by Office Director,NA,NA,8/18/2022,18-8-2022
WPR23LA029,Accident,106288,2022-11-13,San Jose,CA,USA,NA,N5171B,15283787,False,Aviation,Aviation,Approved by Office Director,2023-01-09,NA,None,0,0,0,0,0,"The student pilots unstabilized approach and improper landing flare, which resulted in a hard bounced landing.",Personnel issues - Action/decision - Info processing/decision - Student/instructed pilot; Aircraft - Aircraft oper/perf/capability - Performance/control parameters - Not attained/maintained; Aircraft - Aircraft oper/perf/capability - Performance/control parameters - Not attained/maintained; Personnel issues - Task performance - Use of equip/info - Student/instructed pilot,Accident,37.332861,-121.8198,CESSNA,152,Airplane,RHV,Reid-Hillview,False,1,Reciprocating,False,Instructional,091,Substantial,Visual (VMC),FLYING 20S INC,Landing; Approach; Landing,Completed,False,Approved by Office Director,NA,NA,11/13/2022,13-11-2022
WPR23FA044,Accident,106352,2022-11-23,Banning,CA,USA,NA,N101BH,01,False,Aviation,Aviation,Approved by Office Director,2024-11-26,NA,Fatal,0,0,0,1,0,An inflight engine fire for reasons that could not be determined that resulted in impact with terrain.,Aircraft - Aircraft power plant - Turbocharging (recip only) - Unknown/Not determined,Accident,33.9285,-116.83644,GALLAGHER,XLT-RG,Airplane,BNG,BANNING MUNI,True,1,Reciprocating,False,Personal,091,Destroyed,Visual (VMC),On File,Enroute; Post-Impact; UncontrolledDescent,Completed,False,Approved by Office Director,NA,NA,11/23/2022,23-11-2022
WPR23LA045,Accident,106354,2022-11-23,San Diego,CA,USA,NA,N160AQ ; N160AQ ; N160AQ ; N160AQ ; 166583; 166583; 166583; 166583,81-23588; 81-23588; 81-23588; 81-23588;  166583;  166583;  166583;  166583,False,Aviation,Aviation,Approved by Office Director,2024-12-05,NA,None,0,0,0,0,0,The failure of the crewmembers of the second helicopter to maintain visual separation with the first helicopter while complying with the LC controller’s instruction to go around. Contributing to the accident were the nighttime conditions and the lack of a safety alert from the controller to either helicopter.,Personnel issues - Psychological - Attention/monitoring - Pilot of other aircraft; Personnel issues - Task performance - Communication (personnel) - ATC personnel; Personnel issues - Psychological - Attention/monitoring - Flight crew; Personnel issues - Task performance - Communication (personnel) - ATC personnel,Accident,32.57268,-116.98031,SIKORSKY; SIKORSKY; SIKORSKY; SIKORSKY; SIKORSKY; SIKORSKY; SIKORSKY; SIKORSKY,UH-60A; UH-60A; UH-60A; UH-60A; MH-60R; MH-60R; MH-60R; MH-60R,Helicopter; Helicopter; Helicopter; Helicopter; Helicopter; Helicopter; Helicopter; Helicopter,SDM,Brown Field Municipal Airport,False,2,Turbo shaft; Turbo shaft; Turbo shaft; Turbo shaft; Turbo shaft; Turbo shaft; Turbo shaft; Turbo shaft,False,Public aircraft - federal; Instructional,091; 091; 091; 091; ARMF; ARMF; ARMF; ARMF,Substantial; Substantial; Substantial; Substantial; Substantial; Substantial; Substantial; Substantial,Visual (VMC),HeliStream Inc.; HeliStream Inc.; HeliStream Inc.; HeliStream Inc.; U.S. Navy; U.S. Navy; U.S. Navy; U.S. Navy,Takeoff; Landing,Completed,False,Approved by Office Director,NA,NA,11/23/2022,23-11-2022
WPR23FA047,Accident,106386,2022-11-30,Torrance,CA,USA,NA,N60MY,125,False,Aviation,Aviation,Approved by Office Director,2024-12-05,NA,Fatal,0,0,0,2,0,The failure of the pilot to maintain control of the airplane while performing a slip maneuver on final approach. Contributing was the failure of the pilot to fly a stabilized approach.,Personnel issues - Task performance - Use of equip/info - Pilot; Personnel issues - Action/decision - Action - Pilot; Personnel issues - Task performance - Use of equip/info - Pilot,Accident,33.8075,-118.34722,GREG HOBBS,LIGHTNING,Airplane,TOA,ZAMPERINI FLD,True,1,Reciprocating,False,Personal,091,Substantial,Visual (VMC),On File,Approach,Completed,False,Approved by Office Director,NA,NA,11/30/2022,30-11-2022
WPR23LA050,Accident,106394,2022-10-26,Long Beach,CA,USA,NA,N75321,75-3523,False,Aviation,Aviation,Approved by Office Director,2023-01-25,NA,None,0,0,0,0,0,The pilot’s failure to maintain directional control during landing.,Personnel issues - Task performance - Use of equip/info - Pilot; Aircraft - Aircraft oper/perf/capability - Performance/control parameters - Not attained/maintained,Accident,33.81793,-118.15189,BOEING,A75N1(PT17),Airplane,KLGB,Long Beach Airport,False,1,Reciprocating,False,Personal,091,Substantial,Visual (VMC); Visual (VMC),On File,Landing,Completed,False,Approved by Office Director,NA,NA,10/26/2022,26-10-2022
WPR23LA066,Accident,106456,2022-12-13,Yuba City,CA,USA,NA,N415RX,9130,False,Aviation,Aviation,Approved by Office Director,2023-02-09,NA,None,0,0,0,0,0,An in-flight collision with a bird while in cruise flight.,Environmental issues - Physical environment - Object/animal/substance - Ability to respond/compensate; Environmental issues - Physical environment - Object/animal/substance - Effect on equipment,Accident,39.176333,-121.69066,AIRBUS HELICOPTERS,EC 130 T2,Helicopter,NA,NA,False,1,Turbo shaft,False,Business,135,Substantial,Visual (VMC),REACH AIR MEDICAL SERVICES LLC,Enroute,Completed,False,Approved by Office Director,NA,NA,12/13/2022,13-12-2022
WPR23LA068,Accident,106469,2022-12-11,Rancho Cordova,CA,USA,NA,N255SD,1102,False,Aviation,Aviation,Approved by Office Director,2023-06-15,NA,None,0,0,0,0,0,"The pilot receiving instruction’s loss of helicopter control during landing with a crosswind, and the flight instructor’s delayed remedial action.",Environmental issues - Conditions/weather/phenomena - Wind - Effect on operation; Personnel issues - Action/decision - Action - Instructor/check pilot; Personnel issues - Task performance - Use of equip/info - Student/instructed pilot; Personnel issues - Psychological - Attention/monitoring - Instructor/check pilot,Accident,38.579102,-121.2985,EUROCOPTER,EC120B,Helicopter,KMHR,Mather,False,1,Turbo shaft,False,Instructional,091,Substantial,Visual (VMC),SACRAMENTO COUNTY SHERIFFS OFFICE,Landing,Completed,False,Approved by Office Director,NA,NA,12/11/2022,11-12-2022
WPR22FA004,Accident,104080,2021-10-11,Santee,CA,USA,NA,N7022G; N7022G,340A0695; 340A0695,False,Aviation,Aviation,Approved by Office Director,2023-11-08,NA,Fatal,2,2,0,1,3,Loss of control due to spatial disorientation.,Personnel issues - Psychological - Perception/orientation/illusion - Pilot; Personnel issues - Action/decision - Info processing/decision - Pilot; Environmental issues - Conditions/weather/phenomena - Ceiling/visibility/precip - Decision related to condition,Accident,32.85702,-116.96358,CESSNA; CESSNA,340A; 340A,Airplane; Airplane,KMYF,Montgomery-Gibbs Executive Airport,False,2,Reciprocating; Reciprocating,False,Personal,091; 091,Destroyed; Destroyed,Visual (VMC),On File; On File,Approach; Approach; Approach,Completed,False,Approved by Office Director,NA,NA,10/11/2021,11-10-2021
WPR22LA005,Accident,104084,2021-10-09,Los Banos,CA,USA,NA,N7220B,EA-425,False,Aviation,Aviation,Approved by Office Director,2023-10-19,NA,None,0,0,0,0,0,The total loss of engine power due to the improper installation of the No. 4 connecting rod bolt nut during a recent overhaul.,Aircraft - Aircraft handling/service - Maintenance/inspections - Incorrect service/maintenance; Aircraft - Aircraft power plant - Power plant - Incorrect service/maintenance; Personnel issues - Task performance - Maintenance - Maintenance personnel,Accident,37.042261,-120.86175,BEECH,B36TC,Airplane,LSN,LOS BANOS MUNI,False,1,Reciprocating,False,Business,091,Substantial,Visual (VMC); Visual (VMC); Visual (VMC),On File,Approach; Enroute; Enroute,Completed,False,Approved by Office Director,NA,NA,10/9/2021,9-10-2021
WPR22LA006,Accident,104087,2021-10-10,Camarillo,CA,USA,NA,N186JB,001,False,Aviation,Aviation,Approved by Office Director,2022-04-29,NA,None,0,0,0,0,0,"The pilot’s failure to maintain airplane control during takeoff
",Environmental issues - Physical environment - Object/animal/substance - Effect on equipment; Personnel issues - Action/decision - Info processing/decision - Pilot; Personnel issues - Task performance - Use of equip/info - Pilot,Accident,34.21375,-119.09436,BEVILACQUA JEFFREY L,DRAGONFLY MKIIH,Airplane,CMA,CAMARILLO,True,1,Reciprocating,False,Personal,091,Substantial,Visual (VMC); Visual (VMC); Visual (VMC); Visual (VMC),On File,Landing; Landing,Completed,False,Approved by Office Director,NA,NA,10/10/2021,10-10-2021
WPR22LA007,Accident,104088,2021-10-09,San Juan Baptista,CA,USA,NA,N87R,41,False,Aviation,Aviation,Approved by Office Director,2022-04-29,NA,Serious,0,0,0,3,0,"The glider’s encounter with atmospheric conditions where the lift was not sufficient to maintain flight, which necessitated a forced landing. 
",Aircraft - Aircraft oper/perf/capability - Performance/control parameters - Attain/maintain not possible; Environmental issues - Physical environment - Object/animal/substance - Effect on operation; Environmental issues - Conditions/weather/phenomena - Temp/humidity/pressure - Effect on equipment,Accident,36.857972,-121.49844,SCHWEIZER,SGS 2-32,Glider,CVH,HOLLISTER MUNI,False,0,NA,False,Personal,091,Substantial,Visual (VMC); Visual (VMC); Visual (VMC); Visual (VMC); Visual (VMC),HOLLISTER SOARING CENTER LLC,Landing; Enroute,Completed,False,Approved by Office Director,NA,NA,10/9/2021,9-10-2021
WPR22LA008,Accident,104089,2021-10-04,Garberville,CA,USA,NA,N3453K,22144,False,Aviation,Aviation,Approved by Office Director,2023-03-22,NA,None,0,0,0,0,0,"The pilot's failure to maintain directional control during the landing roll, which resulted in a runway excursion and subsequent collision with an unoccupied parked airplane.",Personnel issues - Task performance - Use of equip/info - Pilot; Aircraft - Aircraft oper/perf/capability - Performance/control parameters - Not attained/maintained,Accident,40.085433,-123.81414,PIPER,J3C-65,Airplane,O16,GARBERVILLE,False,1,Reciprocating,False,Personal,091,Substantial,Visual (VMC),On File,Landing,Completed,False,Approved by Office Director,NA,NA,10/4/2021,4-10-2021
WPR22LA015,Accident,104128,2021-10-14,Wilton,CA,USA,NA,N857PF,1G10857,False,Aviation,Aviation,Approved by Office Director,2023-10-19,NA,Serious,0,0,0,4,0,The pilot’s inability to control the airplane’s pitch during departure for reasons that could not be determined because of the extensive fragmentation and thermal damage the airplane sustained in the accident sequence.,Aircraft - Aircraft oper/perf/capability - Performance/control parameters - Attain/maintain not possible; Aircraft - Aircraft systems - (general) - Unknown/Not determined,Accident,38.38192,-121.22357,WSK-MIELEC,AN-2TD,Airplane,3CN7,ALTA MESA AIRPARK,False,1,Reciprocating,False,Personal,091,Substantial,Visual (VMC),On File,Takeoff; Takeoff,Completed,False,Approved by Office Director,NA,NA,10/14/2021,14-10-2021
WPR22FA021,Accident,104148,2021-10-20,Dunsmuir,CA,USA,NA,N5268Q,15073168,False,Aviation,Aviation,Approved by Office Director,2023-11-29,NA,Fatal,0,0,0,1,0,The non-certificated pilot’s improper decision to continue the flight under visual flight rules into instrument meteorological conditions which resulted in controlled flight into terrain.,Environmental issues - Physical environment - Terrain - Contributed to outcome; Environmental issues - Conditions/weather/phenomena - Ceiling/visibility/precip - Contributed to outcome; Personnel issues - Experience/knowledge - Experience/qualifications - Student/instructed pilot; Personnel issues - Action/decision - Info processing/decision - Student/instructed pilot; Aircraft - Aircraft systems - Electrical power system - Inoperative; Personnel issues - Experience/knowledge - Experience/qualifications - Pilot,Accident,41.2197,-122.30906,CESSNA,150L,Airplane,NA,NA,False,1,Reciprocating,False,Personal,091,Substantial,Instrument (IMC),On File,Enroute; Enroute; Enroute,Completed,False,Approved by Office Director,NA,NA,10/20/2021,20-10-2021
WPR22FA022,Accident,104177,2021-10-28,Ukiah,CA,USA,NA,N1870V,17263776,False,Aviation,Aviation,Approved by Office Director,2023-04-27,NA,Fatal,0,0,0,1,0,"A power interruption due to water-contaminated fuel, which resulted in the student pilot aborting the takeoff and landing hard. Contributing to the accident were a leak in the left fuel tank that allowed water to enter and damage to the fuel tank that prevented water from being properly drained during the preflight inspection.",Aircraft - Aircraft systems - Fuel system - Damaged/degraded; Aircraft - Aircraft systems - Fuel system - Fatigue/wear/corrosion; Personnel issues - Task performance - Use of equip/info - Student/instructed pilot; Aircraft - Fluids/misc hardware - Fluids - Fluid condition,Accident,39.122619,-123.2004,CESSNA,172,Airplane,UKI,Ukiah Municipal Airport,False,1,Reciprocating,False,Instructional,091,Substantial,Visual (VMC); Visual (VMC); Visual (VMC),Mike Smith Aviation,Standing; Landing; Takeoff; Takeoff; Landing,Completed,False,Approved by Office Director,NA,NA,10/28/2021,28-10-2021
WPR22FA026,Accident,104201,2021-11-03,Shafter,CA,USA,NA,N8960Q,2450R,False,Aviation,Aviation,Approved by Office Director,2023-12-06,NA,Fatal,0,0,0,1,0,"The pilot’s decision to depart into instrument meteorological conditions, which resulted in spatial disorientation and a subsequent loss of airplane control.",Environmental issues - Conditions/weather/phenomena - Ceiling/visibility/precip - Effect on equipment; Personnel issues - Action/decision - Info processing/decision - Pilot,Accident,35.519039,-119.21833,AYRES CORPORATION,S-2R,Airplane,MIT,SHAFTER-MINTER FLD,False,1,Turbo prop,False,Aerial application,137,Substantial,Visual (VMC),Max A. Hanner,InitialClimb,Completed,False,Approved by Office Director,NA,NA,11/3/2021,3-11-2021
WPR22LA028,Accident,104221,2021-11-08,Redding,CA,USA,NA,N360WM,001,False,Aviation,Aviation,Approved by Office Director,2022-05-04,NA,None,0,0,0,0,0,"The pilot’s improper landing flare which resulted in a hard landing and subsequent ground loop.
",Aircraft - Aircraft oper/perf/capability - Performance/control parameters - Not attained/maintained; Personnel issues - Task performance - Use of equip/info - Pilot; Personnel issues - Action/decision - Info processing/decision - Pilot,Accident,40.507981,-122.29382,Bearhawk,4,Airplane,RDD,REDDING MUNI,True,1,Reciprocating,False,Personal,091,Substantial,Visual (VMC),Eran Hayoun,Landing,Completed,False,Approved by Office Director,NA,NA,11/8/2021,8-11-2021
WPR22LA031,Accident,104227,2021-10-28,Covelo,CA,USA,NA,N27TK,51138,False,Aviation,Aviation,Approved by Office Director,2022-05-04,NA,None,0,0,0,0,0,"A passenger’s unsecured object departed the cabin resulted in a collision with the tail rotor drive shaft.  
",Environmental issues - Physical environment - Object/animal/substance - Contributed to outcome; Personnel issues - Action/decision - Info processing/decision - Passenger,Accident,39.7905,-123.26633,BELL,206L-3,Helicopter,UKI,UKIAH MUNI,False,1,Turbo shaft,False,Aerial observation,091,Substantial,Visual (VMC),Helico Sonoma Inc.,Enroute; Enroute,Completed,False,Approved by Office Director,NA,NA,10/28/2021,28-10-2021
WPR22LA032,Accident,104233,2021-11-09,Holtville,CA,USA,NA,N902SF,70-15406,False,Aviation,Aviation,Approved by Office Director,2022-05-26,NA,None,0,0,0,0,0,"The pilot’s failure to maintain helicopter control after becoming spatially disoriented when the helicopter entered low-level haze/fog. 
",Environmental issues - Conditions/weather/phenomena - Ceiling/visibility/precip - Effect on operation; Personnel issues - Psychological - Perception/orientation/illusion - Pilot; Personnel issues - Task performance - Use of equip/info - Pilot; Personnel issues - Action/decision - Info processing/decision - Pilot,Accident,32.66,-115.66,BELL,OH-58A,Helicopter,NA,NA,False,1,Turbo shaft,False,Aerial application,091,Substantial,Visual (VMC); Visual (VMC),Farm Aviation,Maneuvering,Completed,False,Approved by Office Director,NA,NA,11/9/2021,9-11-2021
WPR22FA033,Accident,104238,2021-11-12,Randsburg,CA,USA,NA,N984LD,7-8819,False,Aviation,Aviation,Approved by Office Director,2023-05-03,NA,Fatal,0,0,0,2,0,"The pilot’s improper landing approach, which failed to account for wind conditions, and his exceedance of the airplane’s critical angle of attack following an overshoot of the runway extended centerline, resulting in an accelerated aerodynamic stall. Contributing to the accident was the pilot’s lack of experience flying into challenging backcountry airstrips.",Personnel issues - Task performance - Use of equip/info - Pilot; Aircraft - Aircraft oper/perf/capability - Performance/control parameters - Capability exceeded; Personnel issues - Experience/knowledge - Experience/qualifications - Pilot; Aircraft - Aircraft oper/perf/capability - Performance/control parameters - Not attained/maintained; Aircraft - Aircraft oper/perf/capability - Performance/control parameters - Not attained/maintained,Accident,35.429426,-117.73031,ZENITH,STOL CH701,Airplane,NONE,Goler Heights Airstrip,True,1,Reciprocating,False,Personal,091,Destroyed,Visual (VMC),On File,Approach; Approach,Completed,False,Approved by Office Director,NA,NA,11/12/2021,12-11-2021
WPR22LA042,Accident,104275,2021-11-18,Carlsbad,CA,USA,NA,N44DY,02,False,Aviation,Aviation,Approved by Office Director,2022-05-26,NA,None,0,0,0,0,0,"The pilot’s failure to maintain distance with an airport sign while taxiing. 
",Personnel issues - Psychological - Attention/monitoring - Pilot; Environmental issues - Physical environment - Object/animal/substance - Effect on operation,Accident,33.128373,-117.27858,PHOENIX AIR,U-15 PHOENIX,Glider,CRQ,MC CLELLAN-PALOMAR,False,1,Reciprocating,False,Personal,091,Substantial,Visual (VMC),On File,Taxi,Completed,False,Approved by Office Director,NA,NA,11/18/2021,18-11-2021
WPR22FA044,Accident,104283,2021-11-21,Big Bear City,CA,USA,NA,N291KT,3141,False,Aviation,Aviation,Approved by Office Director,2023-06-08,NA,Fatal,0,0,0,1,0,"The pilot’s failure to maintain clearance from mountainous terrain for reasons that could not be determined based on the available information, which resulted in controlled flight into terrain.",Personnel issues - Psychological - Attention/monitoring - Pilot; Aircraft - Aircraft oper/perf/capability - Performance/control parameters - Not attained/maintained; Personnel issues - Psychological - Attention/monitoring - Unknown/Not determined; Personnel issues - Task performance - Use of equip/info - Pilot,Accident,34.1234,-116.9361,JAHNKE LIONEL G,GLASAIR III,Airplane,NA,NA,True,1,Reciprocating,False,Personal,091,Destroyed,Visual (VMC),On File,Enroute,Completed,False,Approved by Office Director,NA,NA,11/21/2021,21-11-2021
WPR22FA048,Accident,104310,2021-11-23,Temecula,CA,USA,NA,N601KS,6-5930,False,Aviation,Aviation,Approved by Office Director,2023-06-08,NA,Fatal,1,0,0,1,0,"The failure of the airplane’s canopy latch system, which resulted in the canopy opening in flight and a loss of airplane control. Contributing to the accident was the lack of a secondary canopy latch as recommended by the kit manufacturer.",Aircraft - Aircraft structures - Doors - Design; Aircraft - Aircraft structures - Doors - Capability exceeded; Aircraft - Aircraft systems - (general) - Not installed/available; Personnel issues - Task performance - Use of equip/info - Pilot; Aircraft - Aircraft oper/perf/capability - Performance/control parameters - Not attained/maintained,Accident,33.548991,-117.09208,ZENITH,Zodiac CH601XL,Airplane,F70,FRENCH VALLEY,True,1,Reciprocating,False,Personal,091,Destroyed,Visual (VMC),On File,Enroute; Enroute; UncontrolledDescent,Completed,False,Approved by Office Director,NA,NA,11/23/2021,23-11-2021
WPR22LA049,Accident,104325,2021-11-24,New Cuyama,CA,USA,NA,N29508,2351,False,Aviation,Aviation,Approved by Office Director,2023-08-17,NA,Minor,0,0,0,1,0,The pilot’s decision to intentionally crash the airplane.,Personnel issues - Miscellaneous - Intentional act - Pilot; Personnel issues - Action/decision - Info processing/decision - Pilot,Accident,34.814,-119.9591,TAYLORCRAFT,BL-65,Airplane,NA,NA,False,1,Reciprocating,False,Personal,091,Destroyed,Visual (VMC),On File,Enroute,Completed,False,Approved by Office Director,NA,NA,11/24/2021,24-11-2021
WPR22LA050,Accident,104330,2021-11-24,Frazier Park,CA,USA,NA,N989T,A-87,False,Aviation,Aviation,Approved by Office Director,2022-06-08,NA,Serious,0,0,0,1,0,"The pilot’s failure to maintain adequate airspeed while on approach for landing which, resulted in an aerodynamic stall and collision with terrain. 
",Aircraft - Aircraft oper/perf/capability - Performance/control parameters - Not attained/maintained; Personnel issues - Task performance - Use of equip/info - Pilot; Aircraft - Aircraft oper/perf/capability - Performance/control parameters - Not attained/maintained,Accident,34.818193,-118.94436,ALON,A2,Airplane,NA,NA,False,1,Reciprocating,False,Personal,091,Substantial,Visual (VMC),On File,Approach,Completed,False,Approved by Office Director,NA,NA,11/24/2021,24-11-2021
WPR22LA051,Accident,104337,2021-11-30,Riverside,CA,USA,NA,N476N,1366,False,Aviation,Aviation,Approved by Office Director,2022-06-08,NA,None,0,0,0,0,0,"The pilot's failure to abort a high-speed taxi in time before the airplane exited the end of the airstrip which resulted in the pilot’s over application of the brakes and subsequent nose over.  
",Personnel issues - Action/decision - Info processing/decision - Pilot; Personnel issues - Task performance - Use of equip/info - Pilot,Accident,33.5703,-117.2647,TRAVEL AIR,4-D,Airplane,RIR,FLABOB,False,1,Reciprocating,False,Personal,091,Substantial,Visual (VMC),ZIELER RICHARD,Taxi; Landing; Taxi; Taxi,Completed,False,Approved by Office Director,NA,NA,11/30/2021,30-11-2021
WPR22FA053,Accident,104342,2021-12-02,Lakeport,CA,USA,NA,N425RD,011,False,Aviation,Aviation,Approved by Office Director,2023-12-14,NA,Fatal,0,0,0,1,0,The pilot’s loss of control for reasons that could not be determined and the delayed remedial action to recover from the power pushover event.,Personnel issues - Action/decision - Info processing/decision - Pilot; Personnel issues - Task performance - Use of equip/info - Pilot; Aircraft - Aircraft oper/perf/capability - Performance/control parameters - Not attained/maintained; Aircraft - Aircraft oper/perf/capability - Performance/control parameters - Not attained/maintained,Accident,39.027041,-122.90724,RUSSELL W DYER,VORTEX,Helicopter,1O2,LAMPSON FLD,True,1,Reciprocating,False,Personal,091,Substantial,Visual (VMC),On File,Enroute; UncontrolledDescent,Completed,False,Approved by Office Director,NA,NA,12/2/2021,2-12-2021
WPR22FA054,Accident,104345,2021-12-05,Visalia,CA,USA,NA,N7933M,D-8265,False,Aviation,Aviation,Approved by Office Director,2023-04-26,NA,Fatal,0,0,0,4,0,The pilot’s loss of control due to spatial disorientation shortly after takeoff. Contributing to the accident was the pilot’s decision to depart into night instrument meteorological conditions.,Environmental issues - Conditions/weather/phenomena - Ceiling/visibility/precip - Effect on operation; Personnel issues - Action/decision - Info processing/decision - Pilot; Environmental issues - Conditions/weather/phenomena - Light condition - Effect on personnel; Personnel issues - Task performance - Use of equip/info - Pilot; Personnel issues - Psychological - Perception/orientation/illusion - Pilot,Accident,36.3198,-119.40696,BEECH,V35,Airplane,VIS,VISALIA MUNI,False,1,Reciprocating,False,Personal,091,Substantial,Instrument (IMC); Instrument (IMC),On File,InitialClimb; Maneuvering,Completed,False,Approved by Office Director,NA,NA,12/5/2021,5-12-2021
WPR22LA061,Accident,104387,2021-12-11,Bermuda Dunes,CA,USA,NA,N9YY,11267,False,Aviation,Aviation,Approved by Office Director,2023-06-08,NA,Fatal,0,0,0,1,0,"The pilot’s improper positioning of the fuel shutoff valve, which resulted in a loss of engine power, and the pilot’s subsequent exceedance of the airplane’s critical angle of attack, resulting in an aerodynamic stall and loss of control.",Aircraft - Aircraft oper/perf/capability - Performance/control parameters - Not attained/maintained; Personnel issues - Task performance - Use of equip/info - Pilot; Aircraft - Aircraft systems - Fuel system - Incorrect use/operation; Aircraft - Aircraft oper/perf/capability - Performance/control parameters - Capability exceeded,Accident,33.740161,-116.29579,MOUL WILLIS,RV-3,Airplane,NA,NA,True,1,Reciprocating,False,Personal,091,Substantial,Visual (VMC),WALLACE JAMES A,EmergencyDescent; EmergencyDescent; Enroute; EmergencyDescent; EmergencyDescent,Completed,False,Approved by Office Director,NA,NA,12/11/2021,11-12-2021
WPR22LA062,Accident,104388,2021-12-11,Temecula,CA,USA,NA,N654HR,D-5840,False,Aviation,Aviation,Approved by Office Director,2023-06-08,NA,None,0,0,0,0,0,The total loss of engine power for reasons that could not be determined from the available evidence.,Not determined - Not determined - (general) - Unknown/Not determined,Accident,33.5,-117.22,BEECH,K35,Airplane,NA,NA,False,1,Reciprocating,False,Personal,091,Substantial,Visual (VMC),On File,Enroute; Enroute,Completed,False,Approved by Office Director,NA,NA,12/11/2021,11-12-2021
WPR22LA065,Accident,104428,2021-12-16,Ivanhoe,CA,USA,NA,N3744P,22-3464,False,Aviation,Aviation,Approved by Office Director,2022-06-09,NA,None,0,0,0,0,0,"The pilot’s improper landing flare, which resulted in a bounced landing and subsequent nose over.
",Personnel issues - Task performance - Use of equip/info - Pilot; Personnel issues - Action/decision - Info processing/decision - Pilot; Aircraft - Aircraft oper/perf/capability - Performance/control parameters - Not attained/maintained,Accident,36.38853,-119.17111,PIPER,PA-22,Airplane,PVT,Private,False,1,Reciprocating,False,Personal,091,Substantial,Visual (VMC),FERRARO NICHOLAS A,Landing,Completed,False,Approved by Office Director,NA,NA,12/16/2021,16-12-2021
WPR22FA068,Accident,104445,2021-12-28,El Cajon,CA,USA,NA,N880Z; N880Z,591; 591,False,Aviation,Aviation,Approved by Office Director,2024-07-05,NA,Fatal,0,0,0,4,0,"The flight crew’s decision to descend below the published MDA, cancel their IFR clearance to conduct an unauthorized circle-to-land approach to another runway while the airport was in nighttime IFR conditions, and the exceedance of the airplane’s critical angle of attack, and subsequently entering an aerodynamic stall at a low altitude. Contributing to the accident was the tower crew’s failure to monitor and augment the airport weather conditions as required, due in part to, the placement of the AWOS display in the tower cab and the lack of audible AWOS alerting.",Environmental issues - Conditions/weather/phenomena - Ceiling/visibility/precip - Decision related to condition; Environmental issues - Task environment - Physical workspace - Availability of related info; Environmental issues - Operating environment - Meteorological services - Availability of related info; Aircraft - Aircraft oper/perf/capability - Performance/control parameters - Not attained/maintained; Personnel issues - Psychological - Attention/monitoring - ATC personnel; Aircraft - Aircraft oper/perf/capability - Performance/control parameters - Not attained/maintained; Personnel issues - Action/decision - Info processing/decision - Flight crew; Personnel issues - Action/decision - Action - ATC personnel; Personnel issues - Task performance - Use of equip/info - ATC personnel,Accident,32.821182,-116.93942,GATES LEARJET CORPORATION; GATES LEARJET CORPORATION,35A; 35A,Airplane; Airplane,SEE,GILLESPIE FLD,False,2,Turbo fan; Turbo fan,False,Positioning,091; 091,Destroyed; Destroyed,Visual (VMC),Aeromedevac Inc; Aeromedevac Inc,Approach; Approach,Completed,False,Approved by Office Director,NA,NA,12/28/2021,28-12-2021
WPR22LA069,Accident,104450,2021-12-22,Auburn,CA,USA,NA,N6280F,17273178,False,Aviation,Aviation,Approved by Office Director,2022-06-14,NA,Serious,0,0,0,1,0,"The pilot’s failure to maintain altitude during an instrument approach, which resulted in an impact with power lines.
",Personnel issues - Physical - Sensory ability/limitation - Pilot; Environmental issues - Conditions/weather/phenomena - Ceiling/visibility/precip - Effect on personnel; Aircraft - Aircraft oper/perf/capability - Performance/control parameters - Not attained/maintained,Accident,38.943167,-121.13416,CESSNA,172N,Airplane,KAUN,Auburn Municipal Airport,False,1,Reciprocating,False,Positioning,091,Substantial,Instrument (IMC),"Fox Two, LLC",Approach,Completed,False,Approved by Office Director,NA,NA,12/22/2021,22-12-2021
DCA22WA057,Incident,104470,2021-11-30,San Diego,CA,USA,NA,C-GJZV,NA,False,Aviation,Aviation,None,NA,NA,NA,0,0,0,0,0,NA,NA,Incident,NA,NA,CANADAIR,CRJ-900,Airplane,NA,NA,False,NA,NA,False,NA,NUSC,Minor,NA,Jazz Aviation,Takeoff,N/A,False,None,NA,NA,11/30/2021,30-11-2021
WPR22LA070,Accident,104474,2021-12-31,Mojave,CA,USA,NA,N89084,15282623,False,Aviation,Aviation,Approved by Office Director,2022-06-14,NA,Minor,0,0,0,1,0,"The pilot’s failure to maintain airplane control during an encounter with a wind gust during taxi.  
",Environmental issues - Conditions/weather/phenomena - Wind - Ability to respond/compensate; Personnel issues - Task performance - Use of equip/info - Pilot,Accident,35.058944,-118.15061,CESSNA,152,Airplane,MHV,MOJAVE AIR AND SPACE PORT,False,1,Reciprocating,False,Personal,091,Substantial,Visual (VMC),AERO ASSOCIATION OF CALTECH INC,Taxi,Completed,False,Approved by Office Director,NA,NA,12/31/2021,31-12-2021
WPR22LA071,Accident,104476,2021-12-30,Johnsondale,CA,USA,NA,N7801Z,15059901,False,Aviation,Aviation,Approved by Office Director,2022-06-14,NA,None,0,0,0,0,0,"The pilot’s failure to maintain directional control of the airplane while landing on a snow-covered unimproved runway.  
",Personnel issues - Action/decision - Info processing/decision - Pilot; Personnel issues - Task performance - Use of equip/info - Pilot; Environmental issues - Physical environment - Runway/land/takeoff/taxi surface - Effect on operation; Aircraft - Aircraft oper/perf/capability - Performance/control parameters - Not attained/maintained,Accident,36.0095,-118.489,CESSNA,150C,Airplane,NA,NA,False,1,Reciprocating,False,Personal,091,Substantial,Visual (VMC),On File,Landing,Completed,False,Approved by Office Director,NA,NA,12/30/2021,30-12-2021
WPR22LA072,Accident,104480,2022-01-03,Upland,CA,USA,NA,N76646,11086,False,Aviation,Aviation,Approved by Office Director,2022-06-22,NA,Minor,0,0,0,1,0,"The pilot’s loss of airplane control during a go-around as it encountered wake turbulence from a slow hover taxiing helicopter. 
",Environmental issues - Conditions/weather/phenomena - Turbulence - Effect on equipment; Personnel issues - Task performance - Use of equip/info - Pilot; Aircraft - Aircraft oper/perf/capability - Performance/control parameters - Attain/maintain not possible,Accident,34.111611,-117.68738,CESSNA,120,Airplane,CCB,CABLE,False,1,Reciprocating,False,Personal,091,Substantial,Visual (VMC),NEXTGEN FLIGHT ACADEMY INC,Landing,Completed,False,Approved by Office Director,NA,NA,1/3/2022,3-1-2022
WPR22LA075,Accident,104493,2021-11-28,Santa Paula,CA,USA,NA,N64DS,602,False,Aviation,Aviation,Approved by Office Director,2022-06-22,NA,Serious,0,0,0,1,0,"The pilot’s failure to extend the landing gear before landing. 
",Aircraft - Aircraft systems - Landing gear system - Not used/operated; Personnel issues - Action/decision - Action - Pilot; Personnel issues - Task performance - Use of equip/info - Pilot,Accident,34.347018,-119.06161,SCHULZE ERWIN E JR,SHA GLASAIR SH-2R,Airplane,SZP,SANTA PAULA,True,1,Reciprocating,False,Personal,091,Substantial,Visual (VMC),On File,Landing; Landing,Completed,False,Approved by Office Director,NA,NA,11/28/2021,28-11-2021
WPR22LA076,Accident,104510,2022-01-09,Los Angeles,CA,USA,NA,N8056L,17256256,False,Aviation,Aviation,Approved by Office Director,2023-06-14,NA,Serious,0,1,0,1,0,"The pilot’s inadequate preflight inspection during which he failed to remove all water contamination in the fuel system, which resulted in a total loss of engine power on takeoff. Contributing to the accident was the condition of the fuel caps, which allowed the water to enter the fuel system.",Personnel issues - Task performance - Inspection - Pilot; Aircraft - Aircraft systems - Fuel system - Damaged/degraded; Aircraft - Fluids/misc hardware - Fluids - Fluid condition,Accident,34.254307,-118.40925,CESSNA,172H,Airplane,WHP,WHITEMAN,False,1,Reciprocating,False,Personal,091,Substantial,Visual (VMC),MARK JENKINS,InitialClimb; InitialClimb,Completed,False,Approved by Office Director,NA,NA,1/9/2022,9-1-2022
ANC22LA014,Accident,104543,2022-01-15,El Cajon,CA,USA,NA,N502HQ,30172,False,Aviation,Aviation,Approved by Office Director,2023-08-23,2022-02-10,None,0,0,0,0,0,A partial loss of engine power for reasons that could not be determined based on the available evidence.,Not determined - Not determined - (general) - Unknown/Not determined,Accident,32.948616,-116.76365,BELL,205A-1,Helicopter,N/A,NA,False,1,Turbo shaft,False,Instructional,091,Substantial,Visual (VMC),On File,Unknown; EmergencyDescent,Completed,False,Approved by Office Director,NA,NA,1/15/2022,15-1-2022
WPR22LA084,Accident,104563,2022-01-23,Gustine,CA,USA,NA,N333XL,154951,False,Aviation,Aviation,Approved by Office Director,2024-01-30,NA,None,0,0,0,0,0,"Failure of the 90° gearbox due to the lack of lubricating oil, which resulted in a loss of rotational drive to the tail rotor and a subsequent loss of control of the helicopter.",Aircraft - Aircraft propeller/rotor - Tail rotor drive system - Malfunction,Accident,37.102274,-120.97578,BELL,UH-1E,Helicopter,LSN,Los Banos,False,1,Turbo shaft,False,Aerial application,137,Substantial,Visual (VMC),Marquis Aviation,Maneuvering,Completed,False,Approved by Office Director,NA,NA,1/23/2022,23-1-2022
WPR22LA085,Accident,104564,2022-01-27,Byron,CA,USA,NA,N9433K,1082433,False,Aviation,Aviation,Approved by Office Director,2022-06-14,NA,None,0,0,0,0,0,"The pilot’s inadequate flare and loss of directional control during landing which resulted in a runway excursion. Contributing to the accident was the instructor’s delayed remedial action.  
",Personnel issues - Task performance - Use of equip/info - Pilot; Personnel issues - Action/decision - Info processing/decision - Pilot; Aircraft - Aircraft oper/perf/capability - Performance/control parameters - Not attained/maintained; Personnel issues - Action/decision - Action - Instructor/check pilot; Aircraft - Aircraft oper/perf/capability - Performance/control parameters - Not attained/maintained,Accident,37.4973,-121.3758,UNIVERSAL STINSON,108-2,Airplane,C83,BYRON,False,1,Reciprocating,False,Instructional,091,Substantial,Visual (VMC); Visual (VMC),Dale Zapara,Landing; Landing; Landing,Completed,False,Approved by Office Director,NA,NA,1/27/2022,27-1-2022
WPR22LA086,Accident,104566,2021-12-07,Corona,CA,USA,NA,N310CC; N310CC,310Q0970; 310Q0970,False,Aviation,Aviation,Approved by Office Director,2022-06-22,NA,None,0,0,0,0,0,"The pilot receiving instruction failure to extend the landing gear before landing due to distraction and the flight instructor’s inadequate supervision.    
",Personnel issues - Action/decision - Action - Student/instructed pilot; Aircraft - Aircraft systems - Landing gear system - Not used/operated; Personnel issues - Psychological - Attention/monitoring - Instructor/check pilot; Personnel issues - Task performance - Use of equip/info - Student/instructed pilot,Accident,33.897654,-117.60244,CESSNA; CESSNA,310Q; 310Q,Airplane; Airplane,AJO,CORONA MUNI,False,2,Reciprocating; Reciprocating,False,Instructional,091; 091,Substantial; Substantial,Visual (VMC),Mustang Aeronautics LLC; Mustang Aeronautics LLC,Landing,Completed,False,Approved by Office Director,NA,NA,12/7/2021,7-12-2021
WPR22LA090,Accident,104575,2022-01-28,Ravendale,CA,USA,NA,N420WT,T24002124,False,Aviation,Aviation,Approved by Office Director,2024-01-31,NA,Minor,0,0,0,1,0,"The inadequate maintenance and inspection of the engine induction system, which resulted in the separation of the right induction tube from the turbocharger compressor outlet and the subsequent loss of engine power during departure.",Personnel issues - Task performance - Maintenance - Maintenance personnel; Aircraft - Aircraft oper/perf/capability - Aircraft capability - Not attained/maintained; Aircraft - Aircraft handling/service - Maintenance/inspections - Inadequate inspection; Personnel issues - Task performance - Maintenance - Maintenance personnel; Personnel issues - Action/decision - Info processing/decision - Maintenance personnel,Accident,40.809411,-120.36549,Textron Aviation,TTX Inc. T240,Airplane,O39,RAVENDALE,False,1,Reciprocating,False,Instructional,091,Substantial,Visual (VMC); Visual (VMC); Visual (VMC); Visual (VMC),SarkAir Inc.,Takeoff,Completed,False,Approved by Office Director,NA,NA,1/28/2022,28-1-2022
WPR22LA093,Accident,104616,2022-02-08,Chemehuevi Valley,CA,USA,NA,N6496L,15284420,False,Aviation,Aviation,Approved by Office Director,2023-07-06,NA,None,0,0,0,0,0,The student pilot’s loss of directional control during takeoff.,Personnel issues - Task performance - Use of equip/info - Student/instructed pilot; Aircraft - Aircraft systems - Flight control system - Inadequate inspection; Aircraft - Aircraft systems - Flight control system - Fatigue/wear/corrosion; Aircraft - Aircraft oper/perf/capability - Performance/control parameters - Not attained/maintained,Accident,34.528889,-114.43197,CESSNA,152,Airplane,49X,CHEMEHUEVI VALLEY,False,1,Reciprocating,False,Instructional,091,Substantial,Visual (VMC); Visual (VMC),Mach 6,Takeoff; Takeoff; Takeoff,Completed,False,Approved by Office Director,NA,NA,2/8/2022,8-2-2022
WPR22LA097,Accident,104643,2022-02-09,Paradise,CA,USA,NA,N201VJ,24-0254,False,Aviation,Aviation,Approved by Office Director,2022-06-14,NA,Minor,0,0,0,1,0,"The pilot’s failure to maintain a proper glidepath which resulted in a collision with terrain. 
",Personnel issues - Action/decision - Info processing/decision - Pilot; Aircraft - Aircraft oper/perf/capability - Performance/control parameters - Not attained/maintained,Accident,39.705681,-121.61675,MOONEY,M20J,Airplane,CA92,PARADISE SKYPARK,False,1,Reciprocating,False,Personal,091,Substantial,Visual (VMC),Alfred W. Brown,Approach,Completed,False,Approved by Office Director,NA,NA,2/9/2022,9-2-2022
WPR22FA098,Accident,104646,2022-02-17,Coalinga,CA,USA,NA,N72297,67-17147,False,Aviation,Aviation,Approved by Office Director,2023-08-23,NA,Fatal,0,0,0,1,0,"The pilot’s loss of situational awareness for reasons that could not be determined given the available evidence, which led to controlled flight into terrain. Contributing to the accident was the pilot’s decision to operate the helicopter while ill and fatigued.",Personnel issues - Task performance - Use of equip/info - Pilot; Personnel issues - Physical - Health/Fitness - Pilot,Accident,36.29256,-120.24516,BELL,UH-1H,Helicopter,NA,NA,False,1,Turbo shaft,False,Aerial application,137,Substantial,Visual (VMC),AMERICAN AG AVIATION INC DBA,Enroute,Completed,False,Approved by Office Director,NA,NA,2/17/2022,17-2-2022
WPR22LA099,Accident,104651,2022-02-08,Napa,CA,USA,NA,N9500E,11AC-1135,False,Aviation,Aviation,Approved by Office Director,2024-03-28,NA,None,0,0,0,0,0,"The loss of engine power for undetermined reasons, which resulted in an off-airport landing on unimproved terrain.",Aircraft - Aircraft power plant - Ignition system - Not serviced/maintained; Personnel issues - Task performance - Maintenance - Owner/builder; Personnel issues - Task performance - Inspection - Owner/builder; Aircraft - Aircraft power plant - Engine (reciprocating) - Unknown/Not determined,Accident,38.462184,-122.2149,AERONCA,11AC,Airplane,NA,NA,False,1,Reciprocating,False,Personal,091,Substantial,Visual (VMC); Visual (VMC),On File,EmergencyDescent; Enroute,Completed,False,Approved by Office Director,NA,NA,2/8/2022,8-2-2022
DCA22FA082,Accident,104654,2022-02-16,Jolon,CA,USA,NA,N542AJ; N542AJ; N542AJ; N542AJ; N542AJ; N542AJ,JAS4-201; JAS4-201; JAS4-201; JAS4-201; JAS4-201; JAS4-201,False,Aviation,Aviation,Approved by Office Director,2024-02-07,NA,None,0,0,0,0,0,The separation of a propeller blade during expansion flight testing that resulted in cascading effects to include the separation of multiple propulsion motor/propeller assemblies and the loss of remote pilot control of the aircraft.  Contributing to the accident was the tilt rotor actuator linkage for propulsion station 3 that allowed some propeller blades to be at a steeper angle than commanded.,Aircraft - Aircraft propeller/rotor - Propeller system - Malfunction; Aircraft - Aircraft propeller/rotor - Propeller system - Failure,Accident,35.97087,-121.17582,JOBY AERO INC; JOBY AERO INC; JOBY AERO INC; JOBY AERO INC; JOBY AERO INC; JOBY AERO INC,JAS4-2; JAS4-2; JAS4-2; JAS4-2; JAS4-2; JAS4-2,Airplane; Airplane; Airplane; Airplane; Airplane; Airplane,NA,NA,False,6,Electric; Electric; Electric; Electric; Electric; Electric,True,Flight test,091; 091; 091; 091; 091; 091,Substantial; Substantial; Substantial; Substantial; Substantial; Substantial,Visual (VMC); Visual (VMC),JOBY AERO INC; JOBY AERO INC; JOBY AERO INC; JOBY AERO INC; JOBY AERO INC; JOBY AERO INC,Maneuvering; Maneuvering; Maneuvering,Completed,False,Approved by Office Director,NA,NA,2/16/2022,16-2-2022
WPR22FA101,Accident,104671,2022-02-20,Newport Beach,CA,USA,NA,N521HB,LN084,False,Aviation,Aviation,Approved by Office Director,2023-12-14,NA,Fatal,0,0,0,2,0,"The helicopter’s encounter with unanticipated right yaw during a low-altitude, low-airspeed, tight-radius orbit. Contributing to the accident was the pilot’s distraction during the orbit, which resulted in the loss of control, his fatigue due to his early wake time and time since awakening, and the lack of external cues that hindered his ability to perform a recovery.",Personnel issues - Physical - Alertness/Fatigue - Pilot; Personnel issues - Psychological - Perception/orientation/illusion - Pilot; Personnel issues - Psychological - Attention/monitoring - Pilot; Aircraft - Aircraft oper/perf/capability - Performance/control parameters - Not attained/maintained; Personnel issues - Physical - Alertness/Fatigue - Pilot,Accident,33.610368,-117.92438,MCDONNELL DOUGLAS,500N,Helicopter,NA,NA,False,1,Turbo shaft,False,Public aircraft,PUBU,Substantial,Visual (VMC); Visual (VMC),CITY OF HUNTINGTON BEACH,Maneuvering; Maneuvering; Maneuvering,Completed,False,Approved by Office Director,NA,NA,2/20/2022,20-2-2022
WPR22LA110,Accident,104704,2022-02-19,Placerville,CA,USA,NA,N800SW,AL-1013,False,Aviation,Aviation,Approved by Office Director,2022-07-13,NA,None,0,0,0,0,0,"Loss of directional control during landing with a tailwind.
",Environmental issues - Conditions/weather/phenomena - Wind - Effect on equipment; Personnel issues - Task performance - Use of equip/info - Pilot; Aircraft - Aircraft oper/perf/capability - Performance/control parameters - Not attained/maintained,Accident,38.724227,-120.7533,AMERICAN LEGEND AIRCRAFT CO,AL11C-100,Airplane,PVF,PLACERVILLE,False,1,Reciprocating,False,Personal,091,Substantial,Visual (VMC),On File,Landing; Landing,Completed,False,Approved by Office Director,NA,NA,2/19/2022,19-2-2022
WPR22LA111,Accident,104705,2022-02-26,Banning,CA,USA,NA,N9010H,17265898,False,Aviation,Aviation,Approved by Office Director,2022-06-22,NA,Minor,0,0,0,1,0,"The solo student pilot's improper landing flare and bounced landing, which resulted in a runway excursion and impact with a parked vehicle and hanger.
",Aircraft - Aircraft oper/perf/capability - Performance/control parameters - Not attained/maintained; Personnel issues - Task performance - Use of equip/info - Student/instructed pilot; Aircraft - Aircraft oper/perf/capability - Performance/control parameters - Not attained/maintained,Accident,33.922556,-116.85097,CESSNA,172M,Airplane,BNG,BANNING MUNI,False,1,Reciprocating,False,Instructional,091,Substantial,Visual (VMC),FLEX AIR HOLDINGS INC,Landing,Completed,False,Approved by Office Director,NA,NA,2/26/2022,26-2-2022
WPR22LA114,Accident,104712,2022-02-24,Oceanside,CA,USA,NA,N10JA,208B0961,False,Aviation,Aviation,Approved by Office Director,2024-05-16,NA,Serious,0,0,0,2,0,"The pilot’s intentional inflight operation of the propeller in beta, which led to an aerodynamic lock, his inability to restore forward thrust, and subsequent collision with terrain.",Aircraft - Aircraft propeller/rotor - Propeller system - Incorrect use/operation; Personnel issues - Action/decision - Action - Pilot,Accident,33.220357,-117.34318,CESSNA,208B,Airplane,OKB,Bob Maxwell Memorial Airfield,False,1,Turbo prop,False,Skydiving,091,Substantial,Visual (VMC),GoJump,Approach,Completed,False,Approved by Office Director,NA,NA,2/24/2022,24-2-2022
WPR22LA115,Accident,104717,2022-03-02,Desert Camp,CA,USA,NA,N8814X,18253214,False,Aviation,Aviation,Approved by Office Director,2024-03-13,NA,None,0,0,0,0,0,The airplane’s loss of engine power due to carburetor icing.,Environmental issues - Conditions/weather/phenomena - Temp/humidity/pressure - Effect on equipment; Personnel issues - Task performance - Use of equip/info - Pilot; Aircraft - Aircraft oper/perf/capability - Performance/control parameters - Not attained/maintained,Accident,33.52814,-115.96742,CESSNA,182D,Airplane,NA,NA,False,1,Reciprocating,False,Public aircraft - federal,PUBU,Substantial,Visual (VMC),CLOUDSTREET FLYING SERVICES,Enroute; Enroute,Completed,False,Approved by Office Director,NA,NA,3/2/2022,2-3-2022
WPR22LA123,Accident,104781,2022-03-07,San Carlos,CA,USA,NA,N653ND,172S11469,False,Aviation,Aviation,Approved by Office Director,2022-09-01,NA,None,0,0,0,0,0,"The pilot’s improper landing flare which resulted in a bounced landing.
",Aircraft - Aircraft oper/perf/capability - Performance/control parameters - Incorrect use/operation; Personnel issues - Task performance - Use of equip/info - Pilot; Personnel issues - Action/decision - Info processing/decision - Pilot,Accident,37.3071,-122.1497,CESSNA,172S,Airplane,KSQL,San Carlos Airport,False,1,Reciprocating,False,Instructional,091,Substantial,Visual (VMC),Pelican Flight Training LLC,Landing,Completed,False,Approved by Office Director,NA,NA,3/7/2022,7-3-2022
WPR22LA125,Accident,104802,2022-03-20,Azusa,CA,USA,NA,N950SG; N950SG,9007; 9007,False,Aviation,Aviation,Approved by Office Director,2022-09-08,NA,Serious,0,0,0,6,0,"The pilot's failure to maintain clearance from a tree after encountering brownout conditions and a loss of visual reference during the approach to land.  
",Environmental issues - Physical environment - Object/animal/substance - Effect on operation; Personnel issues - Psychological - Attention/monitoring - Pilot; Personnel issues - Task performance - Use of equip/info - Pilot; Personnel issues - Psychological - Perception/orientation/illusion - Pilot,Accident,34.176519,-117.88304,EUROCOPTER; EUROCOPTER,AS332L1; AS332L1,Helicopter; Helicopter,N/A,NA,False,2,Turbo shaft; Turbo shaft,False,Other work use,091; 091,Substantial; Substantial,Visual (VMC),COUNTY OF LOS ANGELES; COUNTY OF LOS ANGELES,Maneuvering; Maneuvering; Maneuvering,Completed,False,Approved by Office Director,NA,NA,3/20/2022,20-3-2022
WPR22LA126,Accident,104814,2022-03-14,Lancaster,CA,USA,NA,N94001,21060478,False,Aviation,Aviation,Approved by Office Director,2022-07-13,NA,None,0,0,0,0,0,"A total loss of engine power due to the pilot’s inadequate fuel management which resulted in fuel starvation and subsequent collision with a fence during landing.
",Environmental issues - Physical environment - Object/animal/substance - Effect on equipment; Personnel issues - Task performance - Use of equip/info - Pilot; Aircraft - Fluids/misc hardware - Fluids - Fluid level,Accident,34.741056,-118.21863,CESSNA,T210L,Airplane,KWJF,General William J Fox Airfield,False,1,Reciprocating,False,Personal,091,Substantial,Visual (VMC); Visual (VMC),On File,Approach; Landing; Approach,Completed,False,Approved by Office Director,NA,NA,3/14/2022,14-3-2022
WPR22LA133,Accident,104845,2022-03-26,Mojave,CA,USA,NA,N88KL,1644,False,Aviation,Aviation,Approved by Office Director,2023-08-15,NA,Serious,0,0,0,2,0,"The failure of the carburetor intake Sceet tubing, which resulted in a total loss of engine power.",Aircraft - Aircraft power plant - Power plant - Failure,Accident,35.053475,-118.18486,ADAMS DENNIS ALLEN,VARIEZE,Airplane,MHV,Mojave Air and Space Port,True,1,Reciprocating,False,Personal,091,Substantial,Visual (VMC),On File,InitialClimb,Completed,False,Approved by Office Director,NA,NA,3/26/2022,26-3-2022
WPR22LA134,Accident,104846,2022-03-23,El Monte,CA,USA,NA,N1688B,V00123,False,Aviation,Aviation,Approved by Office Director,2022-09-22,NA,Minor,0,0,0,1,0,"The pilot’s diverted attention during landing, which resulted in a loss of directional control. 
",Personnel issues - Psychological - Attention/monitoring - Pilot; Aircraft - Aircraft oper/perf/capability - Performance/control parameters - Not attained/maintained; Personnel issues - Task performance - Use of equip/info - Pilot,Accident,34.050963,-118.02054,AUTOGYRO,CAVALON,Gyroplane,EMT,SAN GABRIEL VALLEY,True,1,Reciprocating,False,Personal,091,Substantial,Visual (VMC),On File,Landing,Completed,False,Approved by Office Director,NA,NA,3/23/2022,23-3-2022
WPR22LA135,Accident,104847,2022-03-23,Torrance,CA,USA,NA,N863SL,302,False,Aviation,Aviation,Approved by Office Director,2022-07-13,NA,None,0,0,0,0,0,"The flight instructor’s loss of airplane control during an aborted landing due to a wind shift, which resulted in an impact with a runway sign.
",Environmental issues - Physical environment - Object/animal/substance - Effect on equipment; Personnel issues - Task performance - Use of equip/info - Instructor/check pilot; Environmental issues - Conditions/weather/phenomena - Wind - Effect on operation; Aircraft - Aircraft oper/perf/capability - Performance/control parameters - Not attained/maintained,Accident,33.803383,-118.3396,AIRPLANE FACTORY (PTY) LTD,SLING LSA,Airplane,TOA,Zamperini Field Airport,False,1,Reciprocating,False,Instructional,091,Substantial,Visual (VMC),AVIATION FINANCIAL CORP,Landing,Completed,False,Approved by Office Director,NA,NA,3/23/2022,23-3-2022
WPR22LA140,Accident,104882,2022-04-01,Merced,CA,USA,NA,N9287U,71-20428,False,Aviation,Aviation,Approved by Office Director,2022-07-13,NA,Minor,0,0,0,1,0,"The pilot’s failure to see and avoid wires while conducting an aerial application flight, which resulted in a wire strike and ground impact.
",Environmental issues - Physical environment - Object/animal/substance - Effect on operation; Personnel issues - Psychological - Attention/monitoring - Pilot,Accident,37.189404,-120.68928,BELL,OH-58A,Helicopter,NA,NA,False,1,Turbo shaft,False,Aerial application,137,Substantial,Visual (VMC),AMERICAN AG AVIATION INC,Maneuvering,Completed,False,Approved by Office Director,NA,NA,4/1/2022,1-4-2022
WPR22LA141,Accident,104884,2022-04-02,Saline Valley,CA,USA,NA,N727DF,2126,False,Aviation,Aviation,Approved by Office Director,2022-07-13,NA,None,0,0,0,0,0,"The pilot’s failure to establish a controlled descent rate during landing which resulted in the airplane touching down short of the runway. 
",Personnel issues - Task performance - Use of equip/info - Pilot; Aircraft - Aircraft oper/perf/capability - Performance/control parameters - Not attained/maintained; Personnel issues - Task performance - Use of equip/info - Pilot,Accident,36.802403,-117.77346,FERNANDES DALE R,GLASAIR II S-FT,Airplane,N/A,Saline Valley Warm Springs Airfield,False,1,Reciprocating,False,Personal,091,Substantial,Visual (VMC),On File,Landing,Completed,False,Approved by Office Director,NA,NA,4/2/2022,2-4-2022
WPR22LA143,Accident,104897,2022-04-02,Van Nuys,CA,USA,NA,N3901L; N3901L; N604RM; N604RM; N604RM; N604RM,17254070; 17254070; 5441; 5441; 5441; 5441,False,Aviation,Aviation,Approved by Office Director,2022-07-20,NA,None,0,0,0,0,0,"The student pilot’s failure to maintain sufficient distance behind a jet airplane which, resulted in his loss of airplane control due to the jet airplane’s jet blast and the flight instructor’s delayed remedial action. 
",Personnel issues - Psychological - Attention/monitoring - Instructor/check pilot; Environmental issues - Conditions/weather/phenomena - Turbulence - Effect on equipment; Personnel issues - Task performance - Use of equip/info - Student/instructed pilot; Personnel issues - Action/decision - Info processing/decision - Pilot,Accident,34.2185,-118.4922,CESSNA; CESSNA; BOMBARDIER INC; BOMBARDIER INC; BOMBARDIER INC; BOMBARDIER INC,172G; 172G; CL-600-2B16; CL-600-2B16; CL-600-2B16; CL-600-2B16,Airplane; Airplane; Airplane; Airplane; Airplane; Airplane,VNY,Van Nuys,False,1,Reciprocating; Reciprocating; Turbo fan; Turbo fan; Turbo fan; Turbo fan,False,Instructional; Executive/Corporate,091; 091; 091; 091; 091; 091,Substantial; Substantial; None; None; None; None,Visual (VMC),On File; On File; SANCTUS AVIATION LLC; SANCTUS AVIATION LLC; SANCTUS AVIATION LLC; SANCTUS AVIATION LLC,Taxi; Taxi,Completed,False,Approved by Office Director,NA,NA,4/2/2022,2-4-2022
WPR22LA144,Accident,104898,2022-03-19,Alpine,CA,USA,NA,N42764,28-7415399,False,Aviation,Aviation,Approved by Office Director,2022-07-13,NA,None,0,0,0,0,0,"The pilot’s failure to maintain clearance from rising terrain while operating in a canyon, which resulted in an impact with terrain
",Personnel issues - Action/decision - Info processing/decision - Pilot; Environmental issues - Physical environment - Terrain - Contributed to outcome; Personnel issues - Psychological - Attention/monitoring - Pilot; Aircraft - Aircraft oper/perf/capability - Performance/control parameters - Not attained/maintained,Accident,32.929204,-116.66529,PIPER,PA-28-151,Airplane,NA,NA,False,1,NA,False,Personal,091,Substantial,Visual (VMC); Visual (VMC); Visual (VMC),SKINNER COLIN C,Maneuvering,Completed,False,Approved by Office Director,NA,NA,3/19/2022,19-3-2022
WPR22LA145,Accident,104905,2022-04-06,Palo Alto,CA,USA,NA,N6076C,16200229,False,Aviation,Aviation,Approved by Office Director,2022-07-13,NA,Serious,0,0,0,1,0,"The pilot’s failure to maintain pitch control during a go-around maneuver, which resulted in an aerodynamic stall and impact with the ground. 
",Personnel issues - Task performance - Use of equip/info - Student/instructed pilot; Aircraft - Aircraft oper/perf/capability - Performance/control parameters - Not attained/maintained; Aircraft - Aircraft oper/perf/capability - Performance/control parameters - Incorrect use/operation,Accident,37.461111,-122.11505,CESSNA AIRCRAFT CO,162,Airplane,PAO,Palo Alto Airport,False,1,Reciprocating,False,Personal,091,Substantial,Visual (VMC); Visual (VMC),FLY AMERICA INC,Approach,Completed,False,Approved by Office Director,NA,NA,4/6/2022,6-4-2022
WPR22LA149,Accident,104926,2022-04-08,Chula Vista,CA,USA,NA,N3156D,97251,False,Aviation,Aviation,Approved by Office Director,2024-03-28,NA,None,0,0,0,0,0,"The pilot/owner and maintenance personnel’s improper installation of the right wing’s aft lift strut to the right wing, which resulted in a loss of lift during takeoff, an uncommanded right roll, and an impact with terrain.",Aircraft - Aircraft handling/service - Maintenance/inspections - Incorrect service/maintenance; Personnel issues - Task performance - Maintenance - Owner/builder; Personnel issues - Task performance - Maintenance - Maintenance personnel; Aircraft - Aircraft structures - Wing structure - Incorrect service/maintenance,Accident,32.633372,-116.89031,DIETRICH RYAN,S-4 COYOTE 1,Airplane,0CL3,John Nichols Field,False,1,Reciprocating,False,Personal,091,Substantial,Visual (VMC),On File,Takeoff,Completed,False,Approved by Office Director,NA,NA,4/8/2022,8-4-2022
WPR22LA150,Accident,104927,2022-04-08,Valyermo,CA,USA,NA,N212NM,21947,False,Aviation,Aviation,Approved by Office Director,2022-07-13,NA,None,0,0,0,0,0,"The gliders encounter with atmospheric conditions where the lift was not sufficient to maintain flight and subsequent impact with mountainous terrain.
",Environmental issues - Physical environment - Terrain - Contributed to outcome; Aircraft - Aircraft oper/perf/capability - Performance/control parameters - Attain/maintain not possible; Environmental issues - Conditions/weather/phenomena - Temp/humidity/pressure - Effect on operation,Accident,34.351121,-117.80157,ALEXANDER SCHLEICHER GMBH & CO,ASK 21,Glider,NA,NA,True,0,None,False,Personal,091,Substantial,Visual (VMC),"Southern California Soaring Academy, Inc.",Maneuvering; Enroute,Completed,False,Approved by Office Director,NA,NA,4/8/2022,8-4-2022
WPR22LA153,Accident,104955,2022-04-16,Oxnard,CA,USA,NA,N90YY,2020,False,Aviation,Aviation,Approved by Office Director,2022-11-03,NA,None,0,0,0,0,0,"The pilot’s failure to maintain airplane control while on final approach, which resulted in a collision with a runway approach light. 
",Environmental issues - Physical environment - Object/animal/substance - Effect on equipment; Personnel issues - Task performance - Use of equip/info - Pilot; Aircraft - Aircraft oper/perf/capability - Performance/control parameters - Not attained/maintained,Accident,34.1151,-119.1037,STODDARD HAMILTON,GLASAIR SUPER II,Airplane,OXR,OXNARD,True,1,Reciprocating,False,Personal,091,Substantial,Visual (VMC); Visual (VMC),On File,Landing; Approach,Completed,False,Approved by Office Director,NA,NA,4/16/2022,16-4-2022
WPR22LA159,Accident,104967,2022-04-19,Long Beach,CA,USA,NA,N822SA; N822SA,42.AC006; 42.AC006,False,Aviation,Aviation,Approved by Office Director,2022-12-07,NA,None,0,0,0,0,0,The failure of the right main landing gear brace rib for reasons that could not be determined based on available information.,Aircraft - Aircraft systems - Landing gear system - Unknown/Not determined; Not determined - Not determined - (general) - Unknown/Not determined,Accident,33.816136,-118.14948,DIAMOND AIRCRAFT IND INC; DIAMOND AIRCRAFT IND INC,DA 42; DA 42,Airplane; Airplane,LGB,Long Beach Airport (Daugherty Field),False,2,Reciprocating; Reciprocating,False,Instructional,091; 091,Substantial; Substantial,Visual (VMC),PUGHS AIR WEST LLC; PUGHS AIR WEST LLC,Landing,Completed,False,Approved by Office Director,NA,NA,4/19/2022,19-4-2022
WPR22FA160,Accident,104976,2022-04-20,Sylmar,CA,USA,NA,N143JB; N143JB,337-0102; 337-0102,False,Aviation,Aviation,Approved by Office Director,2024-05-16,NA,Fatal,0,0,0,1,0,"The pilot’s loss of airplane control while troubleshooting a landing gear issue, which resulted in an aerodynamic stall/spin at an altitude too low to recover. Contributing to the accident was the pilot’s impairment from alcohol consumption.",Personnel issues - Physical - Impairment/incapacitation - Pilot; Aircraft - Aircraft oper/perf/capability - Performance/control parameters - Not attained/maintained; Aircraft - Aircraft oper/perf/capability - Performance/control parameters - Not attained/maintained; Personnel issues - Task performance - Use of equip/info - Pilot; Personnel issues - Psychological - Attention/monitoring - Pilot,Accident,34.310972,-118.43192,CESSNA; CESSNA,337; 337,Airplane; Airplane,WHP,Whiteman Airport,False,2,Reciprocating; Reciprocating,False,Personal,091; 091,Substantial; Substantial,Visual (VMC),On File; On File,InitialClimb; Enroute,Completed,False,Approved by Office Director,NA,NA,4/20/2022,20-4-2022
WPR22LA163,Accident,104985,2022-04-21,Santa Barbara,CA,USA,NA,N20617,T20609522,False,Aviation,Aviation,Approved by Office Director,2024-04-10,NA,None,0,0,0,0,0,The loss of directional control for undetermined reasons. Contributing was the overstress fracture of the nose gear upper trunnion brace attach point.,Aircraft - Aircraft systems - Landing gear system - Failure; Aircraft - Aircraft oper/perf/capability - Performance/control parameters - Unknown/Not determined,Accident,34.427688,-119.84068,TEXTRON AVIATION INC,T206H,Airplane,SBA,Santa Barbara Municipal Airport,False,1,Reciprocating,False,Personal,091,Substantial,Visual (VMC); Visual (VMC),On File,Landing; Landing,Completed,False,Approved by Office Director,NA,NA,4/21/2022,21-4-2022
WPR22LA167,Accident,105014,2022-04-25,Redding,CA,USA,NA,N9572W,17280544,False,Aviation,Aviation,Approved by Office Director,2022-07-20,NA,None,0,0,0,0,0,"The student pilot's improper landing flare and remedial action which resulted in a bounced landing.
",Personnel issues - Task performance - Use of equip/info - Student/instructed pilot; Personnel issues - Action/decision - Info processing/decision - Student/instructed pilot; Personnel issues - Action/decision - Info processing/decision - Student/instructed pilot; Aircraft - Aircraft oper/perf/capability - Performance/control parameters - Not attained/maintained,Accident,40.508972,-122.29338,CESSNA,172R,Airplane,RDD,Redding Municipal Airport,False,1,Reciprocating,False,Instructional,091,Substantial,Visual (VMC); Visual (VMC),IASCO FLIGHT TRAINING INC,Landing,Completed,False,Approved by Office Director,NA,NA,4/25/2022,25-4-2022
WPR22FA172,Accident,105050,2022-05-06,Sausalito,CA,USA,NA,N54MG,41688,False,Aviation,Aviation,Approved by Office Director,2024-04-10,NA,Fatal,0,0,0,2,0,"The pilot’s improper decision to continue a visual flight rules flight into an area of limited visibility conditions, which resulted in spatial disorientation and a loss of airplane control.",Personnel issues - Psychological - Perception/orientation/illusion - Pilot; Personnel issues - Action/decision - Info processing/decision - Pilot,Accident,37.834268,-122.49105,VANS,RV10,Airplane,NA,NA,True,1,Reciprocating,False,Personal,091,Substantial,Instrument (IMC),On File,Enroute; Enroute,Completed,False,Approved by Office Director,NA,NA,5/6/2022,6-5-2022
WPR22LA174,Accident,105065,2022-05-11,Livermore,CA,USA,NA,N999GH,53868,False,Aviation,Aviation,Approved by Office Director,2024-05-14,NA,Serious,0,0,0,2,0,"Loss of engine power due to the pilot inadvertently selecting engine IDLE mode while in flight, which reduced rotor and engine speed to a level that could not sustain flight.",Aircraft - Aircraft power plant - Engine (turbine/turboprop) - Unintentional use/operation; Personnel issues - Action/decision - Action - Pilot; Personnel issues - Task performance - Use of equip/info - Pilot,Accident,37.699413,-121.70852,BELL HELICOPTER TEXTRON CANADA,407,Helicopter,LA22,PG&E LIVERMORE TRAINING CENTER,False,1,Turbo shaft,False,External load,133,Substantial,Visual (VMC),Guardian Helicopters,Maneuvering; Maneuvering; EmergencyDescent,Completed,False,Approved by Office Director,NA,NA,5/11/2022,11-5-2022
WPR22LA181,Accident,105098,2022-05-12,Franklin,CA,USA,NA,N23FG,18504035,False,Aviation,Aviation,Approved by Office Director,2022-11-03,NA,None,0,0,0,0,0,The pilot’s failure to maintain directional control of the airplane during the landing roll.,Aircraft - Aircraft oper/perf/capability - Performance/control parameters - Not attained/maintained; Personnel issues - Task performance - Use of equip/info - Pilot,Accident,38.304,-121.4293,CESSNA,185,Airplane,F72,FRANKLIN FLD,False,1,Reciprocating,False,Public aircraft - state,091,Substantial,Visual (VMC),On File,Landing,Completed,False,Approved by Office Director,NA,NA,5/12/2022,12-5-2022
WPR22LA183,Accident,105109,2022-05-14,Winters,CA,USA,NA,N605PK; N605PK; N605PK; N605PK,16056PS0025; 16056PS0025; 16056PS0025; 16056PS0025,False,Aviation,Aviation,Approved by Office Director,2022-08-12,NA,NA,0,0,0,0,0,"Delamination of the uncrewed aircraft systems’ right wing skin surfaces from the wing spar that resulted in a spin and impact with terrain.
",Aircraft - Aircraft structures - Wing structure - Failure; Aircraft - Aircraft structures - Wing structure - Failure,Accident,38.599861,-121.97961,PYKA INC; PYKA INC; PYKA INC; PYKA INC,PELICAN; PELICAN; PELICAN; PELICAN,Airplane; Airplane; Airplane; Airplane,NA,NA,False,4,Electric; Electric; Electric; Electric,False,Personal,091; 091; 091; 091,Substantial; Substantial; Substantial; Substantial,Visual (VMC),PYKA INC; PYKA INC; PYKA INC; PYKA INC,Maneuvering; Maneuvering,Completed,False,Approved by Office Director,NA,NA,5/14/2022,14-5-2022
WPR22LA191,Accident,105164,2022-05-30,Carlsbad,CA,USA,NA,N722PA,40.727,False,Aviation,Aviation,Approved by Office Director,2022-10-13,NA,None,0,0,0,0,0,"The pilot’s failure to maintain directional control of the airplane during takeoff. 
",Aircraft - Aircraft oper/perf/capability - Performance/control parameters - Not attained/maintained; Personnel issues - Task performance - Use of equip/info - Pilot; Environmental issues - Physical environment - Object/animal/substance - Effect on equipment,Accident,33.092,-117.21,DIAMOND AIRCRAFT IND INC,DA 40,Airplane,CRQ,McClelland-Palomar Airport,False,1,Reciprocating,False,Personal,091,Substantial,Visual (VMC); Visual (VMC),Patric McConnell,Takeoff,Completed,False,Approved by Office Director,NA,NA,5/30/2022,30-5-2022
WPR22LA192,Accident,105165,2022-05-30,Willits,CA,USA,NA,N1043B,28003C,False,Aviation,Aviation,Approved by Office Director,2024-04-10,NA,Fatal,0,0,0,2,0,An uncommanded descent during a go-around maneuver for undetermined reasons.,Not determined - Not determined - (general) - Unknown/Not determined; Aircraft - Aircraft oper/perf/capability - Performance/control parameters - Not specified,Accident,39.498044,-123.19368,MAULE,MX-7-180C,Airplane,none,PRIV,False,1,Reciprocating,False,Personal,091,Destroyed,Visual (VMC),On File,Approach,Completed,False,Approved by Office Director,NA,NA,5/30/2022,30-5-2022
WPR22FA195,Accident,105178,2022-06-02,Lucerne Valley,CA,USA,NA,N6366M,001,False,Aviation,Aviation,Approved by Office Director,2024-06-20,NA,Fatal,0,0,0,1,0,"The pilot’s failure to maintain altitude during an aerobatic maneuver, which resulted in an impact with terrain.",Aircraft - Aircraft oper/perf/capability - Performance/control parameters - Not attained/maintained; Personnel issues - Task performance - Use of equip/info - Pilot,Accident,34.431885,-116.86114,MEYER FRED J,HORNET,Airplane,NA,NA,False,1,Reciprocating,False,Personal,091,Substantial,Visual (VMC),On File,Maneuvering,Completed,False,Approved by Office Director,NA,NA,6/2/2022,2-6-2022
WPR22FA196,Accident,105179,2022-06-02,Oroville,CA,USA,NA,N7641R,MB-432,False,Aviation,Aviation,Approved by Office Director,2024-04-10,NA,Fatal,0,0,0,2,0,"The pilot’s failure to maintain proper airspeed during a turn and his exceedance of the airplane’s critical angle of attack, which resulted in an accelerated stall. Contributing to the accident was the improper placement of the fuel selector, which resulted in fuel starvation and a partial loss of engine power.",Aircraft - Aircraft oper/perf/capability - Performance/control parameters - Not attained/maintained; Personnel issues - Task performance - Use of equip/info - Pilot; Aircraft - Aircraft systems - Fuel system - Incorrect use/operation,Accident,39.485833,-121.61194,BEECH,19A,Airplane,OVE,OROVILLE MUNI,False,1,Reciprocating,False,Personal,091,Substantial,Visual (VMC),On File,Approach,Completed,False,Approved by Office Director,NA,NA,6/2/2022,2-6-2022
WPR22FA197,Accident,105183,2022-06-03,Oceanside,CA,USA,NA,N7581F,208B0389,False,Aviation,Aviation,Approved by Office Director,2024-07-10,NA,Fatal,0,0,0,2,0,"The right-seated pilot’s failure to correct the left-seated pilot’s mismanagement of the engine thrust, which resulted in undesired speed and thrust oscillations during the final approach and a subsequent descent into terrain.",Aircraft - Aircraft oper/perf/capability - Performance/control parameters - Incorrect use/operation; Aircraft - Aircraft oper/perf/capability - Performance/control parameters - Not attained/maintained; Personnel issues - Action/decision - Action - Student/instructed pilot; Personnel issues - Action/decision - Action - Instructor/check pilot; Personnel issues - Experience/knowledge - Experience/qualifications - Student/instructed pilot,Accident,33.219797,-117.34196,CESSNA,208B,Airplane,OKB,Bob Maxwell Memorial Airfield,False,1,Turbo prop,False,Skydiving,091,Substantial,Visual (VMC),GoJump,Approach; Landing; Post-Impact,Completed,False,Approved by Office Director,NA,NA,6/3/2022,3-6-2022
WPR22LA228,Accident,105352,2022-06-04,Palm Springs,CA,USA,NA,N4752K,P21000283,False,Aviation,Aviation,Approved by Office Director,2024-04-10,NA,None,0,0,0,0,0,The failure of the pilot to ensure the landing gear was down and locked before landing.,Aircraft - Aircraft systems - Landing gear system - Incorrect use/operation; Personnel issues - Task performance - Use of equip/info - Pilot; Personnel issues - Psychological - Attention/monitoring - Pilot; Personnel issues - Action/decision - Action - Pilot,Accident,33.829667,-116.50669,CESSNA,P210N,Airplane,PSP,PALM SPRINGS INTL,False,1,Reciprocating,False,Personal,091,Substantial,Visual (VMC); Visual (VMC),On File,Landing; Landing,Completed,False,Approved by Office Director,NA,NA,6/4/2022,4-6-2022
WPR21LA368,Accident,107076,2022-05-21,Sacramento,CA,USA,NA,N8521V,602-0690,False,Aviation,Aviation,Approved by Office Director,2023-06-06,NA,None,0,0,0,0,0,"The pilot's inadequate fuel management, which resulted in a total loss of engine power due to fuel starvation.",Personnel issues - Task performance - Use of equip/info - Pilot; Aircraft - Fluids/misc hardware - Fluids - Fluid management,Accident,38.838611,-121.54722,AIR TRACTOR INC,AT-602,Airplane,CA07,Scheidel Ranch Airport,False,1,Turbo prop,False,Aerial application,137,Substantial,Visual (VMC),FARM AIR FLYING SERVICE LLC,Maneuvering; Maneuvering,Completed,False,Approved by Office Director,NA,NA,5/21/2022,21-5-2022
WPR21FA300,Accident,103602,2021-08-01,Colusa,CA,USA,NA,N7000J,0411,False,Aviation,Aviation,Approved by Office Director,2023-09-07,NA,Fatal,0,0,0,4,0,The pilot’s abrupt flight control input that led to mast bumping and a subsequent in-flight breakup.,Aircraft - Aircraft propeller/rotor - Main rotor system - Related operating info; Personnel issues - Task performance - Use of equip/info - Pilot; Aircraft - Aircraft oper/perf/capability - Performance/control parameters - Capability exceeded,Accident,39.296803,-122.03939,ROBINSON HELICOPTER CO,R66,Helicopter,NA,NA,False,1,Turbo shaft,False,Personal,091,Destroyed,Visual (VMC),On File,Enroute; Enroute; Enroute,Completed,False,Approved by Office Director,NA,NA,8/1/2021,1-8-2021
WPR21LA312,Accident,103673,2021-08-03,Lake Isabell,CA,USA,NA,N7615L,388,False,Aviation,Aviation,Approved by Office Director,2022-06-22,NA,Minor,0,0,0,1,0,"The pilot’s failure to establish a positive climb rate after takeoff, which resulted in an impact with an object.
",Aircraft - Aircraft oper/perf/capability - Performance/control parameters - Incorrect use/operation; Environmental issues - Physical environment - Object/animal/substance - Effect on equipment; Aircraft - Aircraft oper/perf/capability - Performance/control parameters - Not attained/maintained,Accident,35.66476,-118.44093,LAKE,LA-4,Airplane,NA,NA,False,1,Reciprocating,False,Personal,091,Substantial,Visual (VMC),On File,Takeoff,Completed,False,Approved by Office Director,NA,NA,8/3/2021,3-8-2021
WPR21LA317,Accident,103699,2021-08-12,Santa Monica,CA,USA,NA,N643JK,P1001019,False,Aviation,Aviation,Approved by Office Director,2022-02-08,NA,None,0,0,0,0,0,"The student pilot’s improper landing flare.    
",Personnel issues - Action/decision - Info processing/decision - Pilot; Aircraft - Aircraft oper/perf/capability - Performance/control parameters - Not attained/maintained; Personnel issues - Task performance - Use of equip/info - Pilot,Accident,34.095,-118.2708,CZECH SPORT AIRCRAFT AS,PIPER SPORT,Airplane,SMO,Santa Monica,False,1,Reciprocating,False,Personal,091,Substantial,Visual (VMC); Visual (VMC),SANTA MONICA FLYERS INC,Landing,Completed,False,Approved by Office Director,NA,NA,8/12/2021,12-8-2021
WPR21LA326,Accident,103752,2021-08-24,Del Mar,CA,USA,NA,N2843T,32-7240094,False,Aviation,"Aviation, Highway",Approved by Office Director,2023-02-24,NA,None,0,0,0,0,0,"The partial loss of engine power for reasons that could not be determined, which resulted in a forced landing on an interstate highway and subsequent collision with vehicles.",Aircraft - Aircraft power plant - Engine (reciprocating) - Unknown/Not determined; Environmental issues - Physical environment - Object/animal/substance - Effect on operation,Accident,32.9725,-117.25027,PIPER,PA-32-300,Airplane,MYF,MONTGOMERY-GIBBS EXEC,False,1,Reciprocating,False,Personal,091,Substantial,Visual (VMC); Visual (VMC),On File,InitialClimb; Landing; InitialClimb; InitialClimb,Completed,False,Approved by Office Director,NA,NA,8/24/2021,24-8-2021
WPR21LA329,Accident,103761,2021-08-25,Chino,CA,USA,NA,N4375U,15060375,False,Aviation,Aviation,Approved by Office Director,2023-09-20,NA,Minor,0,0,0,1,0,"The pilot’s delayed use of carburetor heat, which resulted in a loss of engine power due to carburetor icing.",Personnel issues - Action/decision - Action - Pilot; Environmental issues - Conditions/weather/phenomena - Temp/humidity/pressure - Contributed to outcome,Accident,33.994387,-117.58998,CESSNA,150D,Airplane,CNO,CHINO,False,1,Reciprocating,False,Personal,091,Substantial,Visual (VMC); Visual (VMC),On File,Enroute,Completed,False,Approved by Office Director,NA,NA,8/25/2021,25-8-2021
WPR21LA331,Accident,103777,2021-08-23,Hayward,CA,USA,NA,N737GL,17269406,False,Aviation,Aviation,Approved by Office Director,2022-02-18,NA,None,0,0,0,0,0,"The pilot's improper landing flare, which resulted in a bounced hard landing.  
",Aircraft - Aircraft oper/perf/capability - Performance/control parameters - Not attained/maintained; Personnel issues - Task performance - Use of equip/info - Pilot; Personnel issues - Action/decision - Info processing/decision - Pilot,Accident,37.658929,-122.12173,CESSNA,172N,Airplane,HWD,HAYWARD EXEC,False,1,Reciprocating,False,Personal,091,Substantial,Visual (VMC),Flying Panthers Flight School,Landing,Completed,False,Approved by Office Director,NA,NA,8/23/2021,23-8-2021
WPR21LA342,Accident,103850,2021-09-13,Palo Alto,CA,USA,NA,N162DF; N162DF,TJ-403; TJ-403,False,Aviation,Aviation,Approved by Office Director,2022-02-18,NA,Serious,0,0,0,1,0,"The fuelers addition of the incorrect fuel to the fuel tanks which resulted in a total loss of engine power.   
",Aircraft - Fluids/misc hardware - Fluids - Fluid type; Personnel issues - Action/decision - Action - Ground crew,Accident,37.457391,-122.10347,BEECH; BEECH,58; 58,Airplane; Airplane,PAO,PALO ALTO,False,2,Reciprocating; Reciprocating,False,Business,091; 091,Substantial; Substantial,Visual (VMC),FAFORD AVIATION LEASING CO; FAFORD AVIATION LEASING CO,Standing; InitialClimb; Landing; InitialClimb,Completed,False,Approved by Office Director,NA,NA,9/13/2021,13-9-2021
WPR21LA343,Accident,103858,2021-08-30,Fullerton,CA,USA,NA,N8501P,26-81,False,Aviation,Aviation,Approved by Office Director,2021-11-16,NA,Minor,0,0,0,2,0,"The pilot’s failure to monitor the environment and maintain a proper glidepath on approach which,  resulted in a collision with the airport perimeter fence.  
",Environmental issues - Physical environment - Object/animal/substance - Effect on operation; Aircraft - Aircraft oper/perf/capability - Performance/control parameters - Not attained/maintained; Personnel issues - Psychological - Attention/monitoring - Pilot,Accident,33.872014,-117.97978,PIPER,PA-24-400,Airplane,FUL,FULLERTON MUNI,False,1,Reciprocating,False,Personal,091,Substantial,Visual (VMC),On File,Approach,Completed,False,Approved by Office Director,NA,NA,8/30/2021,30-8-2021
WPR21LA348,Accident,103912,2021-09-19,Grass Valley,CA,USA,NA,N4977G,17273524,False,Aviation,Aviation,Approved by Office Director,2021-11-16,NA,None,0,0,0,0,0,"The pilot’s failure to attain a proper touchdown point on the runway while landing in gusting wind conditions, which resulted in a runway overrun. Contributing to the accident was the pilot’s distraction due to an electrical issue.  
",Personnel issues - Action/decision - Info processing/decision - Pilot; Environmental issues - Conditions/weather/phenomena - Wind - Effect on operation; Aircraft - Aircraft systems - Communications system - Malfunction; Personnel issues - Psychological - Personality/attitude - Pilot; Aircraft - Aircraft oper/perf/capability - Performance/control parameters - Not attained/maintained,Accident,39.224056,-121.00255,CESSNA,172N,Airplane,GOO,NEVADA COUNTY,False,1,Reciprocating,False,Personal,091,Substantial,Visual (VMC),On File,Approach; Landing,Completed,False,Approved by Office Director,NA,NA,9/19/2021,19-9-2021
WPR21LA349,Accident,103929,2021-09-21,San Diego / El Cajon,CA,USA,NA,N1196V,6703,False,Aviation,Aviation,Approved by Office Director,2022-02-18,NA,None,0,0,0,0,0,"The pilot’s failure to maintain directional control of the airplane during the landing roll with a crosswind, which resulted in a runway excursion and subsequent collision with runway signage.
",Environmental issues - Conditions/weather/phenomena - Wind - Effect on operation; Environmental issues - Physical environment - Object/animal/substance - Effect on equipment; Personnel issues - Task performance - Use of equip/info - Pilot; Aircraft - Aircraft oper/perf/capability - Performance/control parameters - Not attained/maintained,Accident,32.826222,-116.97244,BEECH,D17S,Airplane,SEE,GILLESPIE FLD,False,1,Reciprocating,False,Personal,091,Substantial,Visual (VMC),On File,Landing,Completed,False,Approved by Office Director,NA,NA,9/21/2021,21-9-2021
WPR21LA364,Accident,104147,2021-09-19,Auburn,CA,USA,NA,N84068,17258321,False,Aviation,Aviation,Approved by Office Director,2022-05-04,NA,None,0,0,0,0,0,"The student pilot’s inadequate flare which resulted in a hard and bounced landing. 
",Personnel issues - Action/decision - Info processing/decision - Student/instructed pilot; Aircraft - Aircraft oper/perf/capability - Performance/control parameters - Not attained/maintained; Personnel issues - Task performance - Use of equip/info - Student/instructed pilot,Accident,38.954833,-121.08172,CESSNA,172,Airplane,AUN,AUBURN MUNI,False,1,Reciprocating,False,Personal,091,Substantial,Visual (VMC),Citabria,Landing,Completed,False,Approved by Office Director,NA,NA,9/19/2021,19-9-2021
WPR21LA366,Accident,104262,2021-09-24,Bishop,CA,USA,NA,N701SA,7-6054,False,Aviation,Aviation,Approved by Office Director,2022-05-26,NA,None,0,0,0,0,0,"A loss of airplane control for undetermined reasons.  
",Personnel issues - Task performance - Use of equip/info - Other; Not determined - Not determined - (general) - Unknown/Not determined; Personnel issues - Miscellaneous - Intentional act - Other,Accident,37.37311,-118.36361,SHARP RALPH R,ZENITH STOL CH 701,Airplane,BIH,BISHOP,True,1,Reciprocating,False,Unknown,091,Substantial,Unknown,On File,Unknown,Completed,False,Approved by Office Director,NA,NA,9/24/2021,24-9-2021
