NtsbNo,EventType,Mkey,EventDate,City,State,Country,ReportNo,N#,SerialNumber,HasSafetyRec,Mode,TopicMode,ReportType,OriginalPublishedDate,DocketOriginalPublishedDate,HighestInjuryLevel,FatalInjuryCount,SeriousInjuryCount,MinorInjuryCount,OnboardInjuryCount,OnGroundInjuryCount,ProbableCause,Findings,EventID,Latitude,Longitude,Make,Model,AirCraftCategory,AirportID,AirportName,AmateurBuilt,NumberOfEngines,EngineType,Scheduled,PurposeOfFlight,FAR,AirCraftDamage,WeatherCondition,Operator,BroadPhaseofFlight,ReportStatus,RepGenFlag,MostRecentReportType,DocketUrl,ReportUrl,first_bad_date,second_bad_date
WPR26FA091,Accident,202348,2026-01-27,Montour,ID,USA,NA,N126C,CCX-1865-0016,False,Aviation,Aviation,Approved by Office Director,NA,NA,Fatal,2,0,0,2,0,NA,NA,Accident,43.938426,-116.37886,N126C LLC,CCX-1865,Airplane,S78,Emmett Municipal Airport,True,1,NA,False,Personal,091,Substantial,Visual (VMC),Cub Crafters,EmergencyDescent; Enroute; EmergencyDescent; Enroute,Ongoing,False,Approved by Office Director,NA,NA,1/27/2026,27-1-2026
WPR26FA101,Accident,202403,2026-02-06,Caldwell,ID,USA,NA,N362DZ,0039,False,Aviation,Aviation,Approved by Office Director,NA,NA,Fatal,0,0,0,1,0,NA,NA,Accident,43.637298,-116.6258,SONEX AIRCRAFT,ONEX,Airplane,EUL,CALDWELL EXEC,False,1,NA,False,Personal,091,Destroyed,Visual (VMC),On File,InitialClimb,Ongoing,False,Approved by Office Director,NA,NA,2/6/2026,6-2-2026
WPR26LA102,Accident,202417,2026-02-05,Nampa,ID,USA,NA,N4464R,17263206,False,Aviation,Aviation,Approved by Office Director,2026-07-01,NA,None,0,0,0,0,0,"The pilot’s failure to verify that the seat locking pins were fully engaged before takeoff, which allowed the seat to slide aft during the takeoff roll and resulted in a loss of directional control.",Aircraft - Aircraft oper/perf/capability - Performance/control parameters - Not attained/maintained; Personnel issues - Task performance - Use of equip/info - Pilot; Personnel issues - Action/decision - Action - Pilot,Accident,43.58113,-116.523,CESSNA,172M,Airplane,MAN,Nampa Municipal,False,1,Reciprocating,False,Personal,091,Substantial,Visual (VMC),On File,Takeoff; Takeoff,Completed,False,Approved by Office Director,NA,NA,2/5/2026,5-2-2026
WPR26LA117,Accident,202593,2026-01-18,Lewiston,ID,USA,NA,N465CS,T20609165,False,Aviation,Aviation,Approved by Office Director,2026-04-30,NA,None,0,0,0,0,0,"The pilot’s improper landing flare, which resulted in hard, bounced landing and subsequent tail strike.",Personnel issues - Task performance - Use of equip/info - Pilot; Aircraft - Aircraft oper/perf/capability - Performance/control parameters - Not attained/maintained,Accident,46.374499,-117.01539,CESSNA,T206H,Airplane,LWS,LEWISTON/NEZ PERCE COUNTY,False,1,Reciprocating,False,Personal,091,Substantial,Visual (VMC); Visual (VMC),On File,Landing; Landing; Landing,Completed,False,Approved by Office Director,NA,NA,1/18/2026,18-1-2026
WPR26LA184,Accident,202977,2026-05-11,Kooskia,ID,USA,NA,N333PK,PK-2,False,Aviation,Aviation,Approved by Office Director,2026-07-09,NA,None,0,0,0,0,0,"The pilot’s collision with a hole in the runway surface during the landing roll, which resulted in a nose over.",Environmental issues - Physical environment - Runway/land/takeoff/taxi surface - Effect on operation,Accident,46.124845,-114.92247,VANS,RV-6A,Airplane,1U1,Moose Creek Ranger Station,True,1,Reciprocating,False,Personal,091,Substantial,Visual (VMC),On File,Landing; Landing,Completed,False,Approved by Office Director,NA,NA,5/11/2026,11-5-2026
WPR26LA185,Accident,202984,2026-05-13,Sandpoint,ID,USA,NA,N953CN,443-87/88,False,Aviation,Aviation,Approved by Office Director,NA,NA,None,0,0,0,0,0,NA,NA,Accident,48.347815,-116.55367,CRAIG ELLISON,BEARHAWK FOUR,Airplane,ID25,OLMSTEAD SKY RANCH,True,1,NA,False,Personal,091,Substantial,Visual (VMC),On File,Landing,Ongoing,False,Approved by Office Director,NA,NA,5/13/2026,13-5-2026
WPR26LA188,Accident,202999,2026-05-14,Twin Falls,ID,USA,NA,N952SF,0366E,False,Aviation,Aviation,Approved by Office Director,2026-07-30,NA,Minor,0,0,0,1,0,"The pilot’s failure to maintain control while hovering in gusty wind conditions, resulting in the helicopter rolling onto its side.",Environmental issues - Conditions/weather/phenomena - Wind - Effect on operation; Aircraft - Aircraft oper/perf/capability - Performance/control parameters - Not attained/maintained; Personnel issues - Task performance - Use of equip/info - Pilot,Accident,42.481809,-114.48773,MCDONNELL DOUGLAS HELICOPTER,500,Helicopter,TWF,JOSLIN FLD/MAGIC VALLEY RGNL,False,1,Turbo shaft,False,Personal,091,Substantial,Visual (VMC),INTERPARTS GENERAL BUSINESS INC,Maneuvering; Maneuvering; Maneuvering,Completed,False,Approved by Office Director,NA,NA,5/14/2026,14-5-2026
WPR26LA195,Accident,203023,2026-05-18,Arco,ID,USA,NA,N2479C,30779,False,Aviation,Aviation,Approved by Office Director,2026-07-01,NA,None,0,0,0,0,0,The pilot's failure to maintain directional control during the landing roll with a right crosswind.,Aircraft - Aircraft oper/perf/capability - Performance/control parameters - Not attained/maintained; Personnel issues - Task performance - Use of equip/info - Pilot; Environmental issues - Conditions/weather/phenomena - Wind - Effect on operation,Accident,43.603667,-113.33433,CESSNA,180,Airplane,AOC,Arco-Butte County,False,1,Reciprocating,False,Personal,091,Substantial,Visual (VMC); Visual (VMC),On File,Landing; Landing; Landing; Landing; Landing,Completed,False,Approved by Office Director,NA,NA,5/18/2026,18-5-2026
WPR26LA206,Accident,203105,2026-05-28,Cascade,ID,USA,NA,N13430,17702420,False,Aviation,Aviation,Approved by Office Director,NA,NA,Minor,0,0,0,2,0,NA,NA,Accident,45.128549,-115.32331,CESSNA,177B,Airplane,U60,BIG CREEK,False,1,NA,False,Personal,091,Substantial,Visual (VMC),MJR ASSOC LLC,Approach,Ongoing,False,Approved by Office Director,NA,NA,5/28/2026,28-5-2026
WPR26LA234,Accident,203246,2026-06-23,Warren,ID,USA,NA,N3013M,12-1573,False,Aviation,Aviation,Approved by Office Director,NA,NA,None,0,0,0,0,0,NA,NA,Accident,45.396667,-115.48333,PIPER,PA-12,Airplane,C48,Wilson Bar USFS Airport,False,1,NA,False,Personal,091,Substantial,Visual (VMC),On File,Approach,Ongoing,False,Approved by Office Director,NA,NA,6/23/2026,23-6-2026
WPR26LA252,Accident,203358,2026-07-05,Greenleaf,ID,USA,NA,N53953,T41-1342,False,Aviation,Aviation,Approved by Office Director,NA,NA,Serious,0,0,0,1,0,NA,NA,Accident,43.68169,-116.82647,FAIRCHILD,M-62A,Airplane,ID90,Greenleaf Air Ranch,False,1,NA,False,Personal,091,Substantial,Visual (VMC),On File,Approach,Ongoing,False,Approved by Office Director,NA,NA,7/5/2026,5-7-2026
WPR26LA270,Accident,203436,2026-07-21,Malad City,ID,USA,NA,N8624B,752,False,Aviation,Aviation,Approved by Office Director,NA,NA,None,0,0,0,0,0,NA,NA,Accident,42.170126,-112.29267,ENSTROM,F-28F,Helicopter,MLD,MALAD CITY,False,1,NA,False,Personal,091,Substantial,Visual (VMC),On File,Taxi,Ongoing,False,Approved by Office Director,NA,NA,7/21/2026,21-7-2026
WPR26FA284,Accident,203499,2026-08-02,Blackfoot,ID,USA,NA,N1166F,NA,False,Aviation,Aviation,Approved by Office Director,NA,NA,Fatal,0,0,0,3,0,NA,NA,Accident,NA,NA,CESSNA,172,NA,NA,NA,False,NA,NA,False,Personal,091,NA,NA,NA,Unknown,Ongoing,False,Approved by Office Director,NA,NA,8/2/2026,2-8-2026
WPR26LA286,Accident,203509,2026-08-01,Blackfoot,ID,USA,NA,N37248,91,False,Aviation,Aviation,Approved by Office Director,NA,NA,None,0,0,0,0,0,NA,NA,Accident,43.209444,-112.34972,INTERSTATE,S-1A,Airplane,U02,MCCARLEY FLD,False,1,NA,False,Personal,091,Substantial,Visual (VMC),LARSEN KEVIN L,Landing,Ongoing,False,Approved by Office Director,NA,NA,8/1/2026,1-8-2026
ANC25LA053,Accident,200330,2025-06-13,Yellow Pine,ID,USA,NA,N84FS,001,False,Aviation,Aviation,Approved by Office Director,2025-08-11,NA,None,0,0,0,0,0,"The pilot's excessive application of the airplane’s wheel brakes during the landing roll, which resulted in a nose over.",Aircraft - Aircraft oper/perf/capability - Performance/control parameters - Incorrect use/operation; Personnel issues - Task performance - Use of equip/info - Pilot; Personnel issues - Action/decision - Info processing/decision - Pilot,Accident,44.974222,-115.72975,FREDERICK JOSEPH SHIPLE,KITFOX SS7,Airplane,24K,Krassel USFS,True,1,Reciprocating,False,Personal,091,Substantial,Visual (VMC),On File,Landing,Completed,False,Approved by Office Director,NA,NA,6/13/2025,13-6-2025
WPR25LA183,Accident,200368,2025-06-22,Winchester,ID,USA,NA,N31998,32R-7887019,False,Aviation,Aviation,Approved by Office Director,2025-09-16,NA,Minor,0,0,0,2,0,"The pilot’s improper fuel management resulting in fuel starvation, a total loss of engine power, and a subsequent off-airport forced landing. Contributing to the accident was the pilot’s reduced fuel level monitoring due to an inflight distraction.",Personnel issues - Psychological - Attention/monitoring - Pilot; Personnel issues - Task performance - Use of equip/info - Pilot; Aircraft - Fluids/misc hardware - Fluids - Fluid management,Accident,46.28875,-116.63487,PIPER,PA-32RT-300T,Airplane,NA,NA,False,1,Reciprocating,False,Personal,091,Substantial,Visual (VMC),LANCE GROUP LLC,Enroute,Completed,False,Approved by Office Director,NA,NA,6/22/2025,22-6-2025
WPR25LA186,Accident,200374,2025-06-18,Challis,ID,USA,NA,N6161C,015SR,False,Aviation,Aviation,Approved by Office Director,2025-09-26,NA,None,0,0,0,0,0,The pilot’s failure to maintain directional control during the landing roll.,Environmental issues - Conditions/weather/phenomena - Wind - Contributed to outcome; Personnel issues - Task performance - Use of equip/info - Pilot; Aircraft - Aircraft oper/perf/capability - Performance/control parameters - Not attained/maintained,Accident,44.808206,-114.80843,KOHUT MARK A,MURPHY SR 2500,Airplane,C53,Lower Loon Creek Airport,True,1,Reciprocating,False,Personal,091,Substantial,Visual (VMC),On File,Landing; Landing; Landing,Completed,False,Approved by Office Director,NA,NA,6/18/2025,18-6-2025
WPR25LA198,Accident,200468,2025-06-28,Coolin,ID,USA,NA,N6759K,1047,False,Aviation,Aviation,Approved by Office Director,2025-10-02,NA,None,0,0,0,0,0,The pilot’s failure to maintain control of the airplane and exceedance of the critical angle of attack during takeoff in windy conditions which resulted in a subsequent hard landing.,Aircraft - Aircraft oper/perf/capability - Performance/control parameters - Attain/maintain not possible; Environmental issues - Conditions/weather/phenomena - Wind - Effect on operation; Personnel issues - Task performance - Use of equip/info - Pilot; Aircraft - Aircraft oper/perf/capability - Performance/control parameters - Not attained/maintained,Accident,48.725018,-116.84229,REPUBLIC,RC-3,Airplane,D28,TANGLEFOOT,False,1,Reciprocating,False,Personal,091,Substantial,Visual (VMC),On File,Takeoff; Takeoff; Takeoff; Takeoff,Completed,False,Approved by Office Director,NA,NA,6/28/2025,28-6-2025
WPR25LA204,Accident,200487,2025-07-09,Coolin,ID,USA,NA,N41VH,E-2832,False,Aviation,Aviation,Approved by Office Director,NA,NA,Minor,0,0,0,2,0,NA,NA,Accident,48.524026,-116.82374,BEECH,A36,Airplane,66S,CAVANAUGH BAY,False,1,NA,False,Personal,091,Substantial,Visual (VMC),On File,Takeoff,Ongoing,False,Approved by Office Director,NA,NA,7/9/2025,9-7-2025
WPR25LA210,Accident,200544,2025-07-13,Blackfoot,ID,USA,NA,N69TY,08 96 204,False,Aviation,Aviation,Approved by Office Director,NA,NA,None,0,0,0,0,0,NA,NA,Accident,43.276989,-112.50239,HIBBARD RICK,RANS S7,Airplane,NA,NA,True,1,NA,False,Personal,091,Substantial,Visual (VMC),On File,Enroute,Ongoing,False,Approved by Office Director,NA,NA,7/13/2025,13-7-2025
WPR25FA225,Accident,200638,2025-07-27,Nampa,ID,USA,NA,N5764H,24-1477,False,Aviation,Aviation,Approved by Office Director,NA,NA,Fatal,0,0,0,3,0,NA,NA,Accident,43.585227,-116.53971,MOONEY,M20J,Airplane,MAN,NAMPA MUNI,False,1,NA,False,Personal,091,Substantial,Visual (VMC),SLEEPYTIME PLLC,InitialClimb; InitialClimb,Ongoing,False,Approved by Office Director,NA,NA,7/27/2025,27-7-2025
WPR25LA230,Accident,200658,2025-07-27,Coeur d' Alene,ID,USA,NA,N505RF,EVO-0046,False,Aviation,Aviation,Approved by Office Director,NA,NA,Minor,0,0,0,3,0,NA,NA,Accident,47.778872,-116.80959,BALLISODARE LLC,LANCAIR EVOLUTION,Airplane,COE,Coeur d' Alene Airport -Pappy Boyington Field,True,1,NA,False,Personal,091,Destroyed,Visual (VMC),On File,Approach,Ongoing,False,Approved by Office Director,NA,NA,7/27/2025,27-7-2025
WPR25LA235,Accident,200703,2025-08-01,Kamiah,ID,USA,NA,N52175,18052538,False,Aviation,Aviation,Approved by Office Director,2025-10-17,NA,None,0,0,0,0,0,The pilot’s loss of airplane control following an encounter with a microburst during takeoff.,Environmental issues - Conditions/weather/phenomena - Wind - Effect on operation; Aircraft - Aircraft oper/perf/capability - Performance/control parameters - Capability exceeded; Environmental issues - Conditions/weather/phenomena - Wind - Effect on operation; Personnel issues - Task performance - Use of equip/info - Pilot,Accident,46.298,-116.061,CESSNA,180J,Airplane,PVT,Flying Elk,False,1,Reciprocating,False,Personal,091,Substantial,Visual (VMC),On File,Takeoff; Takeoff; UncontrolledDescent,Completed,False,Approved by Office Director,NA,NA,8/1/2025,1-8-2025
WPR25LA238,Accident,200711,2025-08-02,Warren,ID,USA,NA,N2252T,185-1410,False,Aviation,Aviation,Approved by Office Director,2025-10-17,NA,None,0,0,0,0,0,"The pilot’s failure to adequately compensate for a wind gust during the departure roll, which resulted in a loss of directional control and a runway excursion.",Environmental issues - Conditions/weather/phenomena - Wind - Effect on operation; Environmental issues - Conditions/weather/phenomena - Wind - Response/compensation; Aircraft - Aircraft oper/perf/capability - Performance/control parameters - Not attained/maintained,Accident,45.2681,-115.6836,CESSNA,A185E,Airplane,3U1,Warren,False,1,Reciprocating,False,Personal,091,Substantial,Visual (VMC),On File,Takeoff,Completed,False,Approved by Office Director,NA,NA,8/2/2025,2-8-2025
WPR25LA245,Accident,200756,2025-08-08,Parma,ID,USA,NA,N300KF,C9904-0300,False,Aviation,Aviation,Approved by Office Director,NA,NA,Serious,0,1,0,1,0,NA,NA,Accident,43.771041,-116.93065,DENNEY,KITFOX,Airplane,50S,PARMA,True,NA,NA,False,Personal,091,Substantial,Visual (VMC),On File,Landing,Ongoing,False,Approved by Office Director,NA,NA,8/8/2025,8-8-2025
WPR25LA280,Accident,201029,2025-09-17,Hayden,ID,USA,NA,N686X,207,False,Aviation,Aviation,Approved by Office Director,2025-11-20,NA,None,0,0,0,0,0,"The pilot’s loss of directional control during landing, which resulted in a runway excursion and collision with terrain.",Aircraft - Aircraft oper/perf/capability - Performance/control parameters - Not attained/maintained; Personnel issues - Task performance - Use of equip/info - Pilot,Accident,47.77374,-116.81406,WEAVER,Harmon Rocket,Airplane,COE,Pappy Boyington Field,True,1,Reciprocating,False,Personal,091,Substantial,Visual (VMC),On File,Landing; Landing,Completed,False,Approved by Office Director,NA,NA,9/17/2025,17-9-2025
WPR25LA283,Accident,201035,2025-09-17,Rigby,ID,USA,NA,N8047F,15064147,False,Aviation,Aviation,Approved by Office Director,2026-04-14,NA,Minor,0,0,0,1,0,"The flight instructor’s improper flap position during takeoff, which resulted in degraded climb performance and a subsequent impact with a building.",Personnel issues - Task performance - Use of equip/info - Instructor/check pilot; Personnel issues - Action/decision - Action - Instructor/check pilot; Environmental issues - Conditions/weather/phenomena - Temp/humidity/pressure - Effect on equipment; Aircraft - Aircraft systems - Flight control system - Incorrect use/operation; Personnel issues - Experience/knowledge - Experience/qualifications - Instructor/check pilot,Accident,43.642725,-111.92916,CESSNA,150F,Airplane,U56,Rigby Airport,False,1,Reciprocating,False,Instructional,091,Substantial,Visual (VMC); Visual (VMC); Visual (VMC),On File,UncontrolledDescent; InitialClimb,Completed,False,Approved by Office Director,NA,NA,9/17/2025,17-9-2025
WPR25LA297,Accident,201736,2025-09-26,Hayden,ID,USA,NA,N7373A,29473,False,Aviation,Aviation,Approved by Office Director,2025-12-04,NA,None,0,0,0,0,0,The student pilot’s inability to maintain control of the airplane during a sudden wind gust resulting in the airplane coming to rest inverted.,Personnel issues - Task performance - Use of equip/info - Student/instructed pilot; Environmental issues - Conditions/weather/phenomena - Wind - Effect on equipment; Environmental issues - Conditions/weather/phenomena - Wind - Ability to respond/compensate,Accident,47.779397,-116.8099,CESSNA,172,Airplane,COE,COEUR D'ALENE/PAPPY BOYINGTON FLD,False,1,Reciprocating,False,Instructional,091,Substantial,Visual (VMC),On File,Taxi; Taxi,Completed,False,Approved by Office Director,NA,NA,9/26/2025,26-9-2025
WPR26LA024,Accident,201897,2025-10-17,Paris,ID,USA,NA,N1755A,18-1314,False,Aviation,Aviation,Approved by Office Director,2026-01-09,NA,None,0,0,0,0,0,"The pilot receiving instruction’s failure to maintain directional control during landing and the flight instructor’s delayed remedial action, which resulted in a runway excursion.",Personnel issues - Task performance - Use of equip/info - Student/instructed pilot; Personnel issues - Action/decision - Action - Student/instructed pilot; Personnel issues - Action/decision - Action - Instructor/check pilot,Accident,42.249833,-111.34166,PIPER,PA-18,Airplane,1U7,BEAR LAKE COUNTY,False,1,Reciprocating,False,Instructional,091,Substantial,Visual (VMC),On File,Landing; Landing,Completed,False,Approved by Office Director,NA,NA,10/17/2025,17-10-2025
WPR26LA029,Accident,201904,2025-10-18,Kilgore,ID,USA,NA,N98RW,KA 19012436,False,Aviation,Aviation,Approved by Office Director,2026-01-15,NA,None,0,0,0,0,0,The pilot's failure to maintain directional control during the takeoff. Contributing to the accident was the separation of the control stick grip.,Personnel issues - Task performance - Use of equip/info - Pilot; Aircraft - Aircraft oper/perf/capability - Performance/control parameters - Not attained/maintained; Aircraft - Aircraft systems - Flight control system - Inadequate inspection,Accident,44.401333,-111.88966,RODERICK JAMES WILLMORE,KITFOX S7 SUPERSPORT,Airplane,N/A,NA,True,1,Reciprocating,False,Personal,091,Substantial,Visual (VMC),On File,Takeoff; Takeoff; Takeoff,Completed,False,Approved by Office Director,NA,NA,10/18/2025,18-10-2025
WPR26LA046,Accident,202017,2025-11-09,Boise,ID,USA,NA,N14PM,KA17009342,False,Aviation,Aviation,Approved by Office Director,2026-03-13,NA,Minor,0,0,0,2,0,"The pilot’s operation of the airplane while intoxicated, resulting in its impact with obstacles while on approach.",Personnel issues - Action/decision - Info processing/decision - Pilot; Aircraft - Aircraft oper/perf/capability - Performance/control parameters - Not attained/maintained; Personnel issues - Physical - Impairment/incapacitation - Pilot,Accident,43.573361,-116.24569,MICHAEL W VERZWYVELT,SS-7 SUPER SPORT,Airplane,BOI,Boise Air Terminal/Gowen Field,True,1,Reciprocating,False,Personal,091,Substantial,Visual (VMC),On File,Approach; Approach,Completed,False,Approved by Office Director,NA,NA,11/9/2025,9-11-2025
WPR26LA053,Accident,202100,2025-11-10,Blackfoot,ID,USA,NA,N208CM,183,False,Aviation,Aviation,Approved by Office Director,2026-02-13,NA,Serious,0,0,0,1,0,The student pilot’s failure to maintain altitude and clearance from trees while maneuvering at night.,Personnel issues - Psychological - Perception/orientation/illusion - Student/instructed pilot; Personnel issues - Psychological - Attention/monitoring - Student/instructed pilot; Personnel issues - Psychological - Attention/monitoring - Student/instructed pilot; Environmental issues - Conditions/weather/phenomena - Light condition - Effect on operation; Aircraft - Aircraft oper/perf/capability - Performance/control parameters - Not attained/maintained,Accident,43.229012,-112.32888,TECNAM,P2008,Airplane,U02,McCarley Field,False,1,Reciprocating,False,Personal,091,Substantial,Visual (VMC),On File,Maneuvering; Maneuvering,Completed,False,Approved by Office Director,NA,NA,11/10/2025,10-11-2025
WPR24LA311,Accident,195188,2024-09-23,Grand View,ID,USA,NA,N30YC,CC11-00442,False,Aviation,Aviation,Approved by Office Director,2025-03-13,NA,None,0,0,0,0,0,The pilot’s loss of control after encountering a dust devil during taxi.,Aircraft - Aircraft oper/perf/capability - Performance/control parameters - Attain/maintain not possible; Environmental issues - Conditions/weather/phenomena - Wind - Effect on operation,Accident,42.9896,-116.0934,CUB CRAFTERS,CC11,Airplane,NA,NA,False,1,Reciprocating,False,Aerial observation,091,Substantial,Visual (VMC),On File,Taxi; Taxi; Taxi,Completed,False,Approved by Office Director,NA,NA,9/23/2024,23-9-2024
WPR24LA312,Accident,195190,2024-09-21,Yellow Pine,ID,USA,NA,N448MT,92248,False,Aviation,Aviation,Approved by Office Director,2025-03-13,NA,None,0,0,0,0,0,"The pilot's failure to maintain directional control of the airplane during the landing roll, which resulted in an impact with a fence.",Personnel issues - Task performance - Use of equip/info - Pilot; Aircraft - Aircraft oper/perf/capability - Performance/control parameters - Not attained/maintained,Accident,45.133243,-115.32177,CONNER MICHAEL A,VANS ACFT RV-9,Airplane,U60,Big Creek Airport,True,1,Reciprocating,False,Personal,091,Substantial,Visual (VMC),On File,Landing,Completed,False,Approved by Office Director,NA,NA,9/21/2024,21-9-2024
WPR24LA315,Accident,195225,2024-09-26,Kooskia,ID,USA,NA,N54829,17275059,False,Aviation,Aviation,Approved by Office Director,2025-03-13,NA,Serious,0,0,0,2,0,"The pilot’s decision to descend into a canyon that exceeded the performance
capabilities of the airplane, which resulted in an impact with trees and terrain.",Aircraft - Aircraft oper/perf/capability - Aircraft capability - Capability exceeded; Personnel issues - Action/decision - Info processing/decision - Pilot,Accident,46.327919,-115.0702,CESSNA,172P,Airplane,S92,FISH LAKE USFS,False,1,Reciprocating,False,Personal,091,Substantial,Visual (VMC); Visual (VMC),AVIATE LLC DBA,Maneuvering,Completed,False,Approved by Office Director,NA,NA,9/26/2024,26-9-2024
WPR24LA322,Accident,195242,2024-09-27,Paris,ID,USA,NA,N916PH,120157,False,Aviation,Aviation,Approved by Office Director,2025-03-20,NA,None,0,0,0,0,0,"The pilot’s failure to properly configure the flaps, which resulted in a loss of directional control during takeoff.",Personnel issues - Task performance - Use of equip/info - Pilot; Aircraft - Aircraft systems - Flight control system - Incorrect use/operation; Aircraft - Aircraft oper/perf/capability - Performance/control parameters - Not attained/maintained; Personnel issues - Task performance - Use of equip/info - Pilot,Accident,42.25329,-111.3431,VANS AIRCRAFT INC,RV-12,Airplane,1U7,BEAR LAKE COUNTY,False,1,Reciprocating,False,Personal,091,Substantial,Visual (VMC),On File,Takeoff,Completed,False,Approved by Office Director,NA,NA,9/27/2024,27-9-2024
WPR25LA012,Accident,195248,2024-10-01,Soda Springs,ID,USA,NA,N5636D,7305C,False,Aviation,Aviation,Approved by Office Director,2025-03-20,NA,Minor,0,0,1,1,0,The passenger’s inadvertent application of brakes during landing which resulted in a nose over.,Aircraft - Aircraft systems - Landing gear system - Unintentional use/operation; Personnel issues - Task performance - Use of equip/info - Passenger,Accident,42.648185,-111.58265,MAULE,M-5-235C,Airplane,U78,Allen H. Tigert Airport,False,1,Reciprocating,False,Personal,091,Substantial,Visual (VMC),On File,Landing,Completed,False,Approved by Office Director,NA,NA,10/1/2024,1-10-2024
WPR25LA021,Accident,195358,2024-10-19,Rexburg,ID,USA,NA,N4846M,11-376,False,Aviation,Aviation,Approved by Office Director,2025-08-11,NA,Serious,0,0,0,2,0,The pilot’s failure to see and avoid transmission wires during the landing approach.,Environmental issues - Physical environment - Object/animal/substance - Effect on equipment; Personnel issues - Psychological - Attention/monitoring - Pilot; Personnel issues - Action/decision - Info processing/decision - Pilot,Accident,43.833917,-111.80511,PIPER,PA-11,Airplane,RXE,REXBURG-MADISON COUNTY,False,1,Reciprocating,False,Air drop,091,Substantial,Visual (VMC),On File,Approach; Approach,Completed,False,Approved by Office Director,NA,NA,10/19/2024,19-10-2024
WPR25LA026,Accident,195392,2024-10-25,Aberdeen,ID,USA,NA,N2524M,12-910,False,Aviation,Aviation,Approved by Office Director,2025-04-22,NA,Minor,0,0,0,1,0,"The pilot’s failure to maintain back pressure on the control stick during a landing attempt on gravel, which resulted in a nose over.",Personnel issues - Action/decision - Action - Pilot; Personnel issues - Task performance - Use of equip/info - Pilot,Accident,42,-112,PIPER,PA-12,Airplane,NA,NA,False,1,Reciprocating,False,Personal,091,Substantial,Visual (VMC),On File,Landing,Completed,False,Approved by Office Director,NA,NA,10/25/2024,25-10-2024
WPR25LA035,Accident,195472,2024-11-06,Priest River,ID,USA,NA,N9207X,18253607,False,Aviation,Aviation,Approved by Office Director,2025-04-22,NA,None,0,0,0,0,0,"The pilot's failure to attain a proper touchdown point and his inability to stop the landing roll on a wet gras runway, which resulted in a collision with a tree.",Aircraft - Aircraft oper/perf/capability - Performance/control parameters - Not attained/maintained; Environmental issues - Physical environment - Runway/land/takeoff/taxi surface - Contributed to outcome; Personnel issues - Task performance - Use of equip/info - Pilot,Accident,48.069951,-116.84033,CESSNA,182E,Airplane,NA,NA,False,1,Reciprocating,False,Personal,091,Substantial,Visual (VMC); Visual (VMC),On File,Landing,Completed,False,Approved by Office Director,NA,NA,11/6/2024,6-11-2024
WPR25LA036,Accident,195473,2024-10-13,Owinza,ID,USA,NA,N9493C,31891,False,Aviation,Aviation,Approved by Office Director,2025-04-21,NA,Minor,0,0,0,2,0,The pilot’s failure to maintain clearance from the water during a low pass over a lake.,Personnel issues - Psychological - Attention/monitoring - Pilot; Environmental issues - Physical environment - Runway/land/takeoff/taxi surface - Effect on operation; Personnel issues - Psychological - Perception/orientation/illusion - Pilot; Aircraft - Aircraft oper/perf/capability - Performance/control parameters - Not attained/maintained,Accident,43,-114,CESSNA,180,Airplane,NA,NA,False,1,Reciprocating,False,Personal,091,Unknown,Visual (VMC); Visual (VMC); Visual (VMC),BLUE THUNDER LLC,Maneuvering,Completed,False,Approved by Office Director,NA,NA,10/13/2024,13-10-2024
WPR25FA100,Accident,199728,2025-02-20,Ririe,ID,USA,NA,N118LG,65107,False,Aviation,Aviation,Approved by Office Director,NA,NA,Fatal,0,0,0,2,0,NA,NA,Accident,43.57196,-111.73587,BELL HELICOPTER TEXTRON CANADA,505,Helicopter,NA,NA,False,1,NA,False,Personal,091,Substantial,Visual (VMC),On File,Maneuvering,Ongoing,False,Approved by Office Director,NA,NA,2/20/2025,20-2-2025
WPR25LA125,Accident,199996,2025-04-11,Idaho Falls,ID,USA,NA,N190CG,7634,False,Aviation,Aviation,Approved by Office Director,2025-09-26,NA,None,0,0,0,0,0,The pilot’s failure to maintain directional control during the landing roll in crosswind conditions.,Environmental issues - Conditions/weather/phenomena - Wind - Effect on operation; Personnel issues - Task performance - Use of equip/info - Pilot; Aircraft - Aircraft oper/perf/capability - Performance/control parameters - Not attained/maintained,Accident,43.514476,-112.07062,CESSNA,190,Airplane,IDA,IDAHO FALLS RGNL,False,1,Reciprocating,False,Personal,091,Substantial,Visual (VMC); Visual (VMC); Visual (VMC),On File,Landing; Landing; Landing; Landing,Completed,False,Approved by Office Director,NA,NA,4/11/2025,11-4-2025
WPR25FA153,Accident,200138,2025-05-09,Big Creek,ID,USA,NA,N342H,1245-98,False,Aviation,Aviation,Approved by Office Director,NA,NA,Fatal,0,0,0,1,0,NA,NA,Accident,45.133243,-115.32177,AMERICAN CHAMPION AIRCRAFT,7GCBC,Airplane,U60,BIG CREEK,False,1,NA,False,Personal,091,Substantial,Visual (VMC),On File,Takeoff,Ongoing,False,Approved by Office Director,NA,NA,5/9/2025,9-5-2025
WPR25LA167,Accident,200254,2025-05-31,Kooskia,ID,USA,NA,N3463F,18257463,False,Aviation,Aviation,Approved by Office Director,NA,NA,Serious,0,0,0,1,0,NA,NA,Accident,46.13132,-115.97838,CESSNA,182J,Airplane,S82,KOOSKIA MUNI,False,1,NA,False,Personal,091,Substantial,Visual (VMC),On File,Enroute,Ongoing,False,Approved by Office Director,NA,NA,5/31/2025,31-5-2025
WPR24LA122,Accident,194062,2024-04-04,Nordman,ID,USA,NA,N5281D,50179,False,Aviation,Aviation,Approved by Office Director,2026-04-15,NA,None,0,0,0,0,0,"Maintenance personnel's improper installation of the left main landing gear wheel assembly, which resulted in a loss of torque and subsequent separation of the wheel and axle assembly from the main landing gear leg during landing.",Aircraft - Aircraft structures - (general) - Fatigue/wear/corrosion; Aircraft - Aircraft structures - (general) - Incorrect service/maintenance; Personnel issues - Task performance - Maintenance - Maintenance personnel,Accident,48.574,-116.95858,CESSNA,180A,Airplane,67S,PRIEST LAKE USFS,False,1,Reciprocating,False,Instructional,091,Substantial,Visual (VMC); Visual (VMC); Visual (VMC),On File,Landing; Landing; Standing,Completed,False,Approved by Office Director,NA,NA,4/4/2024,4-4-2024
WPR24LA131,Accident,194144,2024-04-23,Challis,ID,USA,NA,N2299C,52334,False,Aviation,Aviation,Approved by Office Director,2024-10-24,NA,None,0,0,0,0,0,The pilot’s failure to attain a proper touchdown point during landing which resulted in a runway excursion and subsequent nose over.,Aircraft - Aircraft oper/perf/capability - Performance/control parameters - Not attained/maintained; Personnel issues - Action/decision - Info processing/decision - Pilot,Accident,44.741167,-114.9186,CESSNA,182B,Airplane,D47,COUGAR RANCH,False,1,Reciprocating,False,Personal,091,Substantial,Visual (VMC),On File,Landing; Landing,Completed,False,Approved by Office Director,NA,NA,4/23/2024,23-4-2024
WPR24LA138,Accident,194210,2024-05-02,Lewiston,ID,USA,NA,N42PL,2438,False,Aviation,Aviation,Approved by Office Director,2024-11-19,NA,Minor,0,0,0,1,0,The pilot’s failure to maintain clearance from power lines during a low level aerial application.,Aircraft - Aircraft oper/perf/capability - Performance/control parameters - Not attained/maintained; Personnel issues - Psychological - Attention/monitoring - Pilot; Environmental issues - Physical environment - Object/animal/substance - Awareness of condition,Accident,46.408,-116.90316,AEROSPATIALE,SA315B,Helicopter,N/A,NA,False,1,Turbo shaft,False,Aerial application,137,Substantial,Visual (VMC); Visual (VMC),ESSENTIAL FLIGHT OPERATIONS LLC,Maneuvering,Completed,False,Approved by Office Director,NA,NA,5/2/2024,2-5-2024
WPR24LA147,Accident,194246,2024-05-12,Emmett,ID,USA,NA,N3915P,22-3585,False,Aviation,Aviation,Approved by Office Director,2025-06-05,NA,None,0,0,0,0,0,The pilot’s loss of directional control during landing roll due to a loose tailwheel leaf spring assembly.,Aircraft - Aircraft oper/perf/capability - Performance/control parameters - Not attained/maintained; Aircraft - Aircraft systems - Landing gear system - Damaged/degraded; Aircraft - Aircraft systems - Landing gear system - Fatigue/wear/corrosion,Accident,43.85265,-116.53906,PIPER,PA-22-150,Airplane,S78,Emmett Municipal Airport,False,1,Reciprocating,False,Instructional,091,Substantial,Visual (VMC),On File,Landing; Landing; Landing; Landing; Landing,Completed,False,Approved by Office Director,NA,NA,5/12/2024,12-5-2024
WPR24LA149,Accident,194257,2024-05-13,Bonners Ferry,ID,USA,NA,N3505L,15062305,False,Aviation,Aviation,Approved by Office Director,2024-11-19,NA,Minor,0,0,0,1,0,The student pilot’s failure to maintain control of the airplane during landing in gusting wind conditions.,Environmental issues - Conditions/weather/phenomena - Wind - Effect on equipment; Personnel issues - Task performance - Use of equip/info - Student/instructed pilot; Aircraft - Aircraft oper/perf/capability - Performance/control parameters - Not attained/maintained; Environmental issues - Conditions/weather/phenomena - Wind - Response/compensation,Accident,48.725972,-116.29516,CESSNA,150F,Airplane,65S,BOUNDARY COUNTY,False,1,Reciprocating,False,Instructional,091,Substantial,Visual (VMC),PILOT TRAINING NORTHWEST LLC,Landing; Landing; Landing; Landing; Landing,Completed,False,Approved by Office Director,NA,NA,5/13/2024,13-5-2024
WPR24LA170,Accident,194385,2024-05-28,McCall,ID,USA,NA,N275DM,18052558,False,Aviation,Aviation,Approved by Office Director,2024-11-22,NA,None,0,0,0,0,0,The pilot’s failure to maintain directional control during the landing roll with a gusty right crosswind.,Personnel issues - Task performance - Use of equip/info - Pilot; Environmental issues - Conditions/weather/phenomena - Wind - Effect on operation; Environmental issues - Conditions/weather/phenomena - Wind - Effect on operation; Aircraft - Aircraft oper/perf/capability - Performance/control parameters - Not attained/maintained,Accident,44.888744,-116.10175,CESSNA,180J,Airplane,MYL,MC CALL MUNI,False,1,Reciprocating,False,Personal,091,Substantial,Visual (VMC),On File,Landing; Landing; Landing; Landing; Landing,Completed,False,Approved by Office Director,NA,NA,5/28/2024,28-5-2024
WPR24FA190,Accident,194454,2024-06-12,Elk River,ID,USA,NA,N34903,17702077,False,Aviation,Aviation,Approved by Office Director,2026-05-21,NA,Fatal,0,0,0,3,0,"The pilot’s failure to maintain clearance from terrain while climbing in mountainous terrain during moderately high density altitude conditions, and conditions conducive to severe carburetor icing.",Aircraft - Aircraft oper/perf/capability - Performance/control parameters - Not attained/maintained; Environmental issues - Physical environment - Terrain - Awareness of condition; Personnel issues - Action/decision - Info processing/decision - Pilot; Personnel issues - Task performance - Use of equip/info - Pilot,Accident,46.8755,-116.18433,CESSNA,177B,Airplane,ID85,Elk River Airport,False,1,Reciprocating,False,Personal,091,Destroyed,Visual (VMC),SKYRAIDER AERO CLUB,InitialClimb,Completed,False,Approved by Office Director,NA,NA,6/12/2024,12-6-2024
WPR24LA199,Accident,194495,2024-06-13,Nampa,ID,USA,NA,N2768J,185-1518,False,Aviation,Aviation,Approved by Office Director,2025-02-11,NA,None,0,0,0,0,0,Loss of directional control during the takeoff roll.,Environmental issues - Conditions/weather/phenomena - Wind - Effect on operation; Aircraft - Aircraft oper/perf/capability - Performance/control parameters - Not attained/maintained; Personnel issues - Task performance - Use of equip/info - Pilot; Environmental issues - Conditions/weather/phenomena - Wind - Effect on operation,Accident,43.581341,-116.52306,CESSNA,A185E,Airplane,KMAN,Nampa Municipal Airport,False,1,Reciprocating,False,Unknown,091,Substantial,Visual (VMC),On File,Takeoff; Takeoff; Takeoff,Completed,False,Approved by Office Director,NA,NA,6/13/2024,13-6-2024
WPR24FA201,Accident,194510,2024-06-20,Arco,ID,USA,NA,N802TP; N802TP; N581TW; N581TW,802-0665; 802-0665; 502B-2581; 502B-2581,False,Aviation,Aviation,Approved by Office Director,NA,NA,Fatal,0,0,0,2,0,NA,NA,Accident,43.58576,-113.40286,AIR TRACTOR INC; AIR TRACTOR INC; AIR TRACTOR INC; AIR TRACTOR INC,AT-802; AT-802; AT-502B; AT-502B,Airplane; Airplane; Airplane; Airplane,NA,NA,False,1,NA,False,Aerial application; Aerial application,137; 137; 137; 137,Substantial; Substantial; Substantial; Substantial,Visual (VMC),VISSER AG INC; VISSER AG INC; VISSER AG INC; VISSER AG INC,Maneuvering,Ongoing,False,Approved by Office Director,NA,NA,6/20/2024,20-6-2024
WPR24LA203,Accident,194535,2024-06-18,Twin Falls,ID,USA,NA,N357MB,57P-123P/124P-P377,False,Aviation,Aviation,Approved by Office Director,2025-02-12,NA,None,0,0,0,0,0,The pilot’s failure to maintain directional control during the landing roll.,Personnel issues - Task performance - Use of equip/info - Pilot; Aircraft - Aircraft oper/perf/capability - Performance/control parameters - Not attained/maintained,Accident,42.481809,-114.48773,JOSEPH H MASON,BEARHAWK PATROL,Airplane,TWF,JOSLIN FLD/MAGIC VALLEY RGNL,True,1,Reciprocating,False,Personal,091,Substantial,Visual (VMC),On File,Landing,Completed,False,Approved by Office Director,NA,NA,6/18/2024,18-6-2024
WPR24LA208,Accident,194540,2024-06-21,Yellow Pine,ID,USA,NA,N588Z,1496,False,Aviation,Aviation,Approved by Office Director,2025-02-12,NA,Minor,0,0,0,1,0,The pilot’s failure to attain a proper touchdown point during landing and his subsequent excessive use of brakes.,Environmental issues - Conditions/weather/phenomena - Wind - Effect on operation; Personnel issues - Task performance - Use of equip/info - Pilot; Aircraft - Aircraft oper/perf/capability - Performance/control parameters - Incorrect use/operation,Accident,44.891667,-115.71305,DEHAVILLAND,BEAVER DHC-2 MK.1,Airplane,I92,Reed Ranch Airport,False,1,Reciprocating,False,Personal,091,Substantial,Visual (VMC); Visual (VMC); Visual (VMC),POWER JUSTIN TRUSTEE,Landing,Completed,False,Approved by Office Director,NA,NA,6/21/2024,21-6-2024
WPR24LA209,Accident,194541,2024-06-22,Chamberlain Guard Station,ID,USA,NA,N4722B,31620,False,Aviation,Aviation,Approved by Office Director,2025-02-12,NA,None,0,0,0,0,0,The pilot’s failure to maintain directional control during takeoff which resulted in a collision with a rodent hole and subsequent nose over.,Environmental issues - Conditions/weather/phenomena - Wind - Effect on operation; Personnel issues - Task performance - Use of equip/info - Pilot; Aircraft - Aircraft oper/perf/capability - Performance/control parameters - Not attained/maintained; Environmental issues - Physical environment - Terrain - Effect on operation,Accident,45.379078,-115.19678,CESSNA,180,Airplane,U79,Chamberlain USFS Airport,False,1,Reciprocating,False,Personal,091,Substantial,Visual (VMC),On File,Takeoff; Takeoff; Takeoff,Completed,False,Approved by Office Director,NA,NA,6/22/2024,22-6-2024
WPR24FA215,Accident,194573,2024-06-28,Big Creek,ID,USA,NA,N6210A,33010,False,Aviation,Aviation,Approved by Office Director,NA,NA,Fatal,0,0,0,2,0,NA,NA,Accident,45.121738,-115.32246,CESSNA,182,Airplane,U60,Big Creek Airport,False,1,NA,False,Personal,091,Substantial,Visual (VMC),DEPOT AVIONICS INC,Landing; Landing,Ongoing,False,Approved by Office Director,NA,NA,6/28/2024,28-6-2024
WPR24FA225,Accident,194613,2024-07-04,Irwin,ID,USA,NA,N786AE,0030,False,Aviation,Aviation,Approved by Office Director,NA,NA,Fatal,0,0,0,1,0,NA,NA,Accident,43.18117,-111.06185,GAME COMPOSITES LLC,GB1 GAMEBIRD,Airplane,46U,ALPINE,False,1,NA,False,Personal,091,Substantial,Visual (VMC),GAMEBIRD WEST LLC,Maneuvering,Ongoing,False,Approved by Office Director,NA,NA,7/4/2024,4-7-2024
WPR24LA240,Accident,194694,2024-07-13,Soldier,ID,USA,NA,N2617G,51917,False,Aviation,Aviation,Approved by Office Director,2026-07-29,NA,Minor,0,0,0,2,0,A total loss of engine power resulting from the failure of the No. 1 piston and the No. 2 piston connecting rod due to detonation.,Aircraft - Aircraft oper/perf/capability - Performance/control parameters - Incorrect use/operation; Aircraft - Aircraft power plant - Engine (reciprocating) - Failure,Accident,43.42602,-114.79896,CESSNA,182B,Airplane,NA,NA,False,1,Reciprocating,False,Personal,091,Substantial,Visual (VMC),On File,Landing; Landing; Enroute,Completed,False,Approved by Office Director,NA,NA,7/13/2024,13-7-2024
WPR24LA247,Accident,194702,2024-07-11,Stanley,ID,USA,NA,N21BH,53262,False,Aviation,Aviation,Approved by Office Director,2025-03-06,NA,Minor,0,0,1,1,0,A sudden wind shift which resulted in a rapid descent and subsequent dynamic rollover and collision into water.,Environmental issues - Conditions/weather/phenomena - Wind - Effect on operation,Accident,44.116333,-114.956,BELL,407,Helicopter,NA,NA,False,1,Turbo shaft,False,Firefighting,PUBU,Substantial,Visual (VMC),Brainerd Helicopter Services Inc.,Maneuvering; Maneuvering; Maneuvering; Maneuvering; Maneuvering,Completed,False,Approved by Office Director,NA,NA,7/11/2024,11-7-2024
WPR24LA262,Accident,194811,2024-07-24,Bonners Ferry,ID,USA,NA,N3375T,5237,False,Aviation,Aviation,Approved by Office Director,2025-03-06,NA,None,0,0,0,0,0,"The pilot’s improper selection of a landing site, which resulted in a main rotor strike. Contributing to the accident was the pilot’s improper performance planning and altitude selection over water, which resulted in an rpm droop.",Aircraft - Aircraft oper/perf/capability - Performance/control parameters - Not attained/maintained; Personnel issues - Task performance - Use of equip/info - Pilot; Aircraft - Aircraft oper/perf/capability - Performance/control parameters - Not attained/maintained,Accident,48.838352,-116.56743,HILLER,UH-12E,Helicopter,None,NA,False,1,Reciprocating,False,Personal,091,Substantial,Visual (VMC),On File,Landing,Completed,False,Approved by Office Director,NA,NA,7/24/2024,24-7-2024
WPR24LA265,Accident,194840,2024-08-03,Raft River,ID,USA,NA,N20BH,53242,False,Aviation,Aviation,Approved by Office Director,2026-06-10,NA,Minor,0,0,0,4,0,"The pilot’s misdiagnosis of an erroneous engine instrument indication and his subsequent decision to enter an autorotation, which resulted in a hard landing due to degraded visual cues and low ambient light conditions. Contributing to the accident were the erroneous engine indications likely caused by an undetermined electrical supply disruption; time pressure, pilot fatigue, and plan continuation bias as daylight diminished and the crew aimed to complete the flight; and cognitive overload from multiple airframe and engine caution indications.",Aircraft - Aircraft systems - Indicating/recording systems - Malfunction; Environmental issues - Task environment - Pressures/demands - Effect on personnel; Environmental issues - Conditions/weather/phenomena - Light condition - Contributed to outcome; Personnel issues - Physical - Alertness/Fatigue - Pilot; Personnel issues - Action/decision - Info processing/decision - Pilot; Environmental issues - Physical environment - Terrain - Ability to respond/compensate; Personnel issues - Psychological - Cognitive limitation - Pilot,Accident,42.531213,-113.23015,BELL,407,Helicopter,NA,NONE,False,1,Turbo shaft,False,Positioning,PUBU,Substantial,Visual (VMC); Visual (VMC); Visual (VMC); Visual (VMC),Brainerd Helicopter Services,Enroute; Enroute; EmergencyDescent; Landing,Completed,False,Approved by Office Director,NA,NA,8/3/2024,3-8-2024
WPR24LA279,Accident,194947,2024-08-17,Boise,ID,USA,NA,N5216D,50114,False,Aviation,Aviation,Approved by Office Director,2025-03-06,NA,None,0,0,0,0,0,The pilot’s failure to maintain directional control during landing in gusting wind conditions.,Environmental issues - Conditions/weather/phenomena - Wind - Effect on operation; Environmental issues - Conditions/weather/phenomena - Wind - Effect on operation; Aircraft - Aircraft oper/perf/capability - Performance/control parameters - Not attained/maintained; Personnel issues - Task performance - Use of equip/info - Pilot,Accident,43.564361,-116.22286,CESSNA,180A,Airplane,BOI,Boise Air Terminal/Gowen Field,False,1,Reciprocating,False,Personal,091,Substantial,Visual (VMC); Visual (VMC),SIXTY NORTH LLC,Landing,Completed,False,Approved by Office Director,NA,NA,8/17/2024,17-8-2024
WPR24LA280,Accident,194954,2024-08-19,Island Park,ID,USA,NA,N9166T,18-7909065,False,Aviation,Aviation,Approved by Office Director,2025-03-20,NA,Serious,0,1,0,1,0,A loss of lateral control during takeoff due to an accumulation of water in the right wing.,Personnel issues - Task performance - Inspection - Pilot; Aircraft - Aircraft oper/perf/capability - Performance/control parameters - Attain/maintain not possible; Environmental issues - Conditions/weather/phenomena - Ceiling/visibility/precip - Effect on equipment,Accident,44,-111,PIPER,PA-18-150,Airplane,PRIV,"Island Park, Idaho",False,1,Reciprocating,False,Personal,091,Substantial,Visual (VMC),On File,InitialClimb; InitialClimb,Completed,False,Approved by Office Director,NA,NA,8/19/2024,19-8-2024
WPR24LA286,Accident,194997,2024-08-23,Stanley,ID,USA,NA,N9989E,18264049,False,Aviation,Aviation,Approved by Office Director,2025-03-06,NA,None,0,0,0,0,0,"The pilot’s loss of directional control in reduced visibility conditions due to a wind gust, which resulted in a collision with a trailer.",Personnel issues - Physical - Sensory ability/limitation - Pilot; Aircraft - Aircraft oper/perf/capability - Performance/control parameters - Not attained/maintained; Personnel issues - Psychological - Attention/monitoring - Pilot; Environmental issues - Conditions/weather/phenomena - Wind - Effect on operation; Environmental issues - Physical environment - Object/animal/substance - Effect on operation,Accident,44.208109,-114.93473,CESSNA,182P,Airplane,2U7,STANLEY,False,1,Reciprocating,False,Personal,091,Substantial,Visual (VMC),T CRAFT AERO CLUB INC,Taxi; Taxi,Completed,False,Approved by Office Director,NA,NA,8/23/2024,23-8-2024
WPR24FA288,Accident,195022,2024-08-29,Yellow Pine,ID,USA,NA,N712AM,T20609517,False,Aviation,Aviation,Approved by Office Director,NA,NA,Fatal,0,0,0,2,0,NA,NA,Accident,44.902319,-115.48692,TEXTRON AVIATION INC,T206H,Airplane,3U2,JOHNSON CREEK,False,1,NA,False,Personal,091,Destroyed,Visual (VMC),On File,Landing,Ongoing,False,Approved by Office Director,NA,NA,8/29/2024,29-8-2024
WPR24LA292,Accident,195048,2024-08-28,Shearer,ID,USA,NA,N924LB,RJM-4,False,Aviation,Aviation,Approved by Office Director,2025-03-06,NA,None,0,0,0,0,0,"The pilot’s failure to maintain directional control during landing, which resulted in a ground loop.",Environmental issues - Conditions/weather/phenomena - Wind - Effect on operation; Personnel issues - Task performance - Use of equip/info - Pilot; Aircraft - Aircraft oper/perf/capability - Performance/control parameters - Not attained/maintained,Accident,45.9895,-114.84127,RONALD J MCLAUGHLIN,BEARHAWK PATROL,Airplane,2U5,Shearer USFS Airport,True,1,Reciprocating,False,Personal,091,Substantial,Visual (VMC); Visual (VMC),On File,Landing,Completed,False,Approved by Office Director,NA,NA,8/28/2024,28-8-2024
WPR23LA290,Accident,192756,2023-07-30,Coolin,ID,USA,NA,N2362Z,M-76,False,Aviation,Aviation,Approved by Office Director,2023-11-16,NA,Serious,0,0,0,3,0,"The pilot’s failure to maintain clearance from trees after takeoff, during high density altitude weather conditions.",Aircraft - Aircraft oper/perf/capability - Performance/control parameters - Not attained/maintained; Personnel issues - Action/decision - Info processing/decision - Pilot; Aircraft - Aircraft systems - Fuel system - Incorrect use/operation; Environmental issues - Conditions/weather/phenomena - Temp/humidity/pressure - Effect on equipment; Personnel issues - Action/decision - Action - Pilot; Personnel issues - Psychological - Attention/monitoring - Pilot,Accident,48.519,-116.822,BEECH,23,Airplane,66S,Cavanaugh Bay,False,1,Reciprocating,False,Personal,091,Substantial,Visual (VMC),On File,Takeoff,Completed,False,Approved by Office Director,NA,NA,7/30/2023,30-7-2023
WPR23LA292,Accident,192759,2023-07-29,Buhl,ID,USA,NA,N314E,12001,False,Aviation,Aviation,Approved by Office Director,2023-11-16,NA,None,0,0,0,0,0,The pilot's failure to maintain airplane control during landing with a gusting tail wind.,Aircraft - Aircraft oper/perf/capability - Performance/control parameters - Not attained/maintained; Environmental issues - Conditions/weather/phenomena - Wind - Response/compensation; Personnel issues - Task performance - Use of equip/info - Pilot,Accident,42.597389,-114.80063,JOHN ESPE,CRUISER,Airplane,U03,BUHL MUNI,True,1,Reciprocating,False,Personal,091,Substantial,Visual (VMC),On File,Landing; Landing,Completed,False,Approved by Office Director,NA,NA,7/29/2023,29-7-2023
WPR23FA296,Accident,192763,2023-07-30,Yellow Pine,ID,USA,NA,N918KG,T20608637,False,Aviation,Aviation,Approved by Office Director,2025-08-20,NA,Fatal,0,0,0,1,0,"The pilot’s decision to perform a go-around into rising mountainous terrain. Contributing to the accident was the pilot’s failure to follow published airport guidance about go-arounds, and landings and takeoffs with unfavorable winds.",Environmental issues - Conditions/weather/phenomena - Turbulence - Effect on equipment; Personnel issues - Task performance - Use of equip/info - Pilot; Personnel issues - Action/decision - Action - Pilot; Personnel issues - Task performance - Planning/preparation - Pilot; Environmental issues - Physical environment - Terrain - Ability to respond/compensate; Environmental issues - Conditions/weather/phenomena - Wind - Effect on equipment; Personnel issues - Task performance - Use of equip/info - Pilot; Personnel issues - Task performance - Planning/preparation - Pilot; Aircraft - Aircraft oper/perf/capability - Aircraft capability - Capability exceeded,Accident,45.181667,-114.91116,CESSNA,T206H,Airplane,I08,CABIN CREEK USFS,False,1,Reciprocating,False,Personal,091,Substantial,Visual (VMC),On File,Approach; InitialClimb,Completed,False,Approved by Office Director,NA,NA,7/30/2023,30-7-2023
WPR23LA297,Accident,192764,2023-07-30,Blanchard,ID,USA,NA,N613SS,71-20613,False,Aviation,Aviation,Approved by Office Director,2025-08-20,NA,None,0,0,0,0,0,"Fuel contamination, which resulted in a loss of engine power. The source of the contamination could not be determined.",Aircraft - Fluids/misc hardware - Fluids - Fluid condition,Accident,48.010191,-116.98413,BELL,OH-58A,Helicopter,NA,NA,False,1,Turbo shaft,False,Personal,091,Substantial,Visual (VMC),On File,Enroute,Completed,False,Approved by Office Director,NA,NA,7/30/2023,30-7-2023
WPR23FA301,Accident,192795,2023-08-04,Idaho City,ID,USA,NA,N617G,5752,False,Aviation,Aviation,Approved by Office Director,2025-08-20,NA,Fatal,0,0,0,1,0,The pilot’s loss of airplane control during takeoff for reasons that could not be determined.,Personnel issues - Physical - Impairment/incapacitation - Pilot; Aircraft - Aircraft oper/perf/capability - Performance/control parameters - Not attained/maintained; Environmental issues - Physical environment - Object/animal/substance - Contributed to outcome; Not determined - Not determined - (general) - Unknown/Not determined,Accident,43.824747,-115.84221,Glasair,Glastar,Airplane,U98,Idaho CIty USFS Airport,True,1,Reciprocating,False,Personal,091,Substantial,Visual (VMC),On File,Takeoff; Takeoff; Takeoff,Completed,False,Approved by Office Director,NA,NA,8/4/2023,4-8-2023
WPR23LA314,Accident,192869,2023-08-09,Rigby,ID,USA,NA,N440ZM,440,False,Aviation,Aviation,Approved by Office Director,2025-04-24,NA,Serious,0,1,0,1,0,"The loss of engine power during takeoff due to inadequately secured wires, which resulted in the wearing of the wires’ sheaths and the grounding of the airplane’s electrical system. Contributing to the accident was the pilot’s failure to maintain airplane control during the flight.",Aircraft - Aircraft oper/perf/capability - Performance/control parameters - Not attained/maintained; Aircraft - Aircraft power plant - Engine (reciprocating) - Failure; Aircraft - Aircraft power plant - Engine (reciprocating) - Fatigue/wear/corrosion; Aircraft - Aircraft power plant - Engine (reciprocating) - Incorrect service/maintenance; Personnel issues - Task performance - Use of equip/info - Pilot,Accident,43.640725,-111.92987,REYNOLDS RONALD B,TEAM ACFT Z-MAX,Airplane,U56,Rigby Airport,True,1,Reciprocating,False,Personal,091,Substantial,Visual (VMC),REYNOLDS RONALD B,Takeoff; Takeoff,Completed,False,Approved by Office Director,NA,NA,8/9/2023,9-8-2023
WPR23LA318,Accident,192906,2023-08-05,Indian Creek,ID,USA,NA,N7067Z,21062572,False,Aviation,Aviation,Approved by Office Director,2024-01-04,NA,None,0,0,0,0,0,"The pilot's improper fuel management, which resulted in fuel starvation, and gear up landing on a dirt airstrip.",Personnel issues - Task performance - Use of equip/info - Pilot; Aircraft - Fluids/misc hardware - Fluids - Fluid management; Environmental issues - Physical environment - Terrain - Contributed to outcome,Accident,44.761139,-115.10736,CESSNA,T210M,Airplane,S81,INDIAN CREEK USFS,False,1,Reciprocating,False,Business,135,Substantial,Visual (VMC),"GEM AIR, LCC",Enroute; Landing,Completed,False,Approved by Office Director,NA,NA,8/5/2023,5-8-2023
WPR23LA346,Accident,193090,2023-09-16,Apple,ID,USA,NA,N46WR,11AC1108,False,Aviation,Aviation,Approved by Office Director,2024-07-02,NA,Minor,0,0,0,1,0,"Fuel starvation due to the pilot’s incorrect movement of the fuel selector valve to OFF, which resulted in a loss of engine power.",Aircraft - Fluids/misc hardware - Fluids - Fluid management; Aircraft - Aircraft oper/perf/capability - Performance/control parameters - Not attained/maintained; Personnel issues - Action/decision - Info processing/decision - Pilot,Accident,47.91807,-116.63943,AERONCA,11AC,Airplane,NA,NA,False,NA,Reciprocating,False,Personal,091,Substantial,Visual (VMC),On File,Enroute; Enroute; Landing,Completed,False,Approved by Office Director,NA,NA,9/16/2023,16-9-2023
WPR23LA350,Accident,193112,2023-09-20,Challis,ID,USA,NA,N3923G,U206-0923,False,Aviation,Aviation,Approved by Office Director,2025-02-26,NA,None,0,0,0,0,0,The failure of the left main landing gear spring assembly due to a fatigue crack. Contributing to the accident was the improper maintenance on the landing gear spring assembly which allowed corrosion to develop.,Personnel issues - Task performance - Maintenance - Maintenance personnel; Aircraft - Aircraft systems - Landing gear system - Fatigue/wear/corrosion,Accident,44.979439,-114.73477,CESSNA,U206C,Airplane,U54,Bernard USFS,False,1,Reciprocating,False,Business,135,Substantial,Visual (VMC),MIDDLE FORK AVIATION INC,Takeoff; Standing,Completed,False,Approved by Office Director,NA,NA,9/20/2023,20-9-2023
WPR24LA008,Accident,193214,2023-10-09,Caldwell,ID,USA,NA,N838SH,3811,False,Aviation,Aviation,Approved by Office Director,2023-12-07,NA,None,0,0,0,0,0,"The pilot’s failure to maintain directional control during landing, resulting in a roll over.",Personnel issues - Psychological - Attention/monitoring - Instructor/check pilot; Personnel issues - Task performance - Use of equip/info - Pilot; Aircraft - Aircraft oper/perf/capability - Performance/control parameters - Not attained/maintained; Personnel issues - Action/decision - Action - Instructor/check pilot,Accident,43.62,-116.72,ROBINSON HELICOPTER,R22 BETA,Helicopter,KEUL,Caldwell Executive,False,1,Reciprocating,False,Instructional,091,Substantial,Visual (VMC); Visual (VMC),On File,Landing,Completed,False,Approved by Office Director,NA,NA,10/9/2023,9-10-2023
WPR24LA013,Accident,193236,2023-10-12,Boise,ID,USA,NA,N682JS; N682JS,340A1237; 340A1237,False,Aviation,Aviation,Approved by Office Director,2025-02-26,NA,None,0,0,0,0,0,"The pilot’s failure to maintain directional control while taxiing, which resulted in impact with a fence.",Environmental issues - Physical environment - Object/animal/substance - Awareness of condition; Aircraft - Aircraft oper/perf/capability - Performance/control parameters - Not attained/maintained; Personnel issues - Psychological - Attention/monitoring - Pilot,Accident,43.564361,-116.22286,CESSNA; CESSNA,340A; 340A,Airplane; Airplane,BOI,Boise AIr Terminal/Gowen Field,False,2,Reciprocating; Reciprocating,False,Positioning,091; 091,Substantial; Substantial,Visual (VMC); Visual (VMC),WESTERN AIRLINES LC; WESTERN AIRLINES LC,Taxi,Completed,False,Approved by Office Director,NA,NA,10/12/2023,12-10-2023
WPR24LA027,Accident,193355,2023-11-04,Ririe,ID,USA,NA,N88VJ,001,False,Aviation,Aviation,Approved by Office Director,2024-02-08,NA,None,0,0,0,0,0,The pilot’s inadvertent excessive use of brakes which resulted in a nose-over.,Environmental issues - Physical environment - Terrain - Contributed to outcome; Aircraft - Aircraft oper/perf/capability - Performance/control parameters - Incorrect use/operation; Aircraft - Aircraft systems - Landing gear system - Incorrect use/operation; Personnel issues - Task performance - Use of equip/info - Pilot,Accident,43.48488,-111.76102,KITFOX,S5,Airplane,NA,NA,True,1,Reciprocating,False,Personal,091,Substantial,Visual (VMC),On File,Landing,Completed,False,Approved by Office Director,NA,NA,11/4/2023,4-11-2023
WPR24LA034,Accident,193384,2023-11-13,Hayden,ID,USA,NA,N86H; N86H,39087; 39087,False,Aviation,Aviation,Approved by Office Director,2025-09-11,NA,Minor,0,0,0,1,0,"The pilot’s failure to maintain adequate airspeed and his exceedance of the airplane’s critical angle of attack, which resulted in a loss of control and subsequent stall during a precautionary landing. Contributing to the accident was the improper maintenance performed by unknown personnel, which resulted in a partial loss of throttle control of the left engine.",Aircraft - Aircraft oper/perf/capability - Performance/control parameters - Attain/maintain not possible; Personnel issues - Task performance - Maintenance - Maintenance personnel; Personnel issues - Experience/knowledge - Training - Pilot; Personnel issues - Task performance - Use of equip/info - Pilot; Aircraft - Fluids/misc hardware - Misc hardware - Incorrect use/operation,Accident,47.76673,-116.82192,CESSNA; CESSNA,310; 310,Airplane; Airplane,COE,COEUR D'ALENE/PAPPY BOYINGTON FLD,False,2,Reciprocating; Reciprocating,False,Personal,091; 091,Substantial; Substantial,Visual (VMC); Visual (VMC),On File; On File,Enroute; Standing; Approach,Completed,False,Approved by Office Director,NA,NA,11/13/2023,13-11-2023
WPR24LA079,Accident,193698,2024-01-18,Featherville,ID,USA,NA,N2975A,30175,False,Aviation,Aviation,Approved by Office Director,2024-08-08,NA,None,0,0,0,0,0,"The pilot's failure to maintain directional control during taxi, which resulted in a runway excursion and impact with terrain.",Environmental issues - Physical environment - Runway/land/takeoff/taxi surface - Effect on operation; Personnel issues - Action/decision - Info processing/decision - Pilot; Aircraft - Aircraft oper/perf/capability - Performance/control parameters - Not attained/maintained; Personnel issues - Task performance - Use of equip/info - Pilot; Environmental issues - Physical environment - Terrain - Effect on operation,Accident,43,-115,CESSNA,180,Airplane,0ID0,SOUTH FORK RANCH,False,1,Reciprocating,False,Personal,091,Substantial,Visual (VMC); Visual (VMC),On File,Taxi; Taxi,Completed,False,Approved by Office Director,NA,NA,1/18/2024,18-1-2024
WPR24LA087,Accident,193782,2024-02-10,Burley,ID,USA,NA,C-FLQQ,25-0511,False,Aviation,Aviation,Approved by Office Director,2026-02-11,NA,Minor,0,0,0,1,0,"The failure of the pilot to fly a stabilized approach during an emergency landing with a tailwind, which resulted in a bounced landing and subsequent runway excursion during the landing roll. Contributing to the accident was the pilot’s inadequate preflight inspection of the airplane, which resulted in its operation with an inadequate quantity of oil, insufficient engine oil pressure, and a subsequent emergency landing.",Aircraft - Fluids/misc hardware - Fluids - Fluid level; Environmental issues - Conditions/weather/phenomena - Wind - Effect on equipment; Personnel issues - Task performance - Inspection - Pilot; Personnel issues - Psychological - Attention/monitoring - Pilot; Aircraft - Aircraft oper/perf/capability - Performance/control parameters - Not attained/maintained; Personnel issues - Task performance - Use of equip/info - Pilot,Accident,42,-113,MOONEY,M20K,Airplane,BYI,Burley Municipal AIrport,False,1,Reciprocating,False,Personal,091,Substantial,Visual (VMC),On File,Standing; Landing; Landing; Approach; Enroute; Landing,Completed,False,Approved by Office Director,NA,NA,2/10/2024,10-2-2024
WPR24LA098,Accident,193862,2024-02-22,Weippe,ID,USA,NA,N6323B,34223,False,Aviation,Aviation,Approved by Office Director,2024-08-15,NA,None,0,0,0,0,0,"The pilot’s failure to secure the oil filler cap during the preflight inspection, which resulted in a precautionary landing on the soft surface and subsequent nose over.",Personnel issues - Task performance - Inspection - Pilot; Environmental issues - Physical environment - Runway/land/takeoff/taxi surface - Effect on equipment; Aircraft - Aircraft power plant - Eng oil sys (airframe furnish) - Incorrect use/operation; Environmental issues - Physical environment - Runway/land/takeoff/taxi surface - Effect on equipment,Accident,46.350675,-115.977,CESSNA,182A,Airplane,3ID2,THE LAST RESORT,False,1,Reciprocating,False,Personal,091,Substantial,Visual (VMC),On File,InitialClimb; Landing,Completed,False,Approved by Office Director,NA,NA,2/22/2024,22-2-2024
WPR23LA090,Accident,106597,2023-01-16,Minidoka,ID,USA,NA,N30737,19019C,False,Aviation,Aviation,Approved by Office Director,2023-06-23,NA,None,0,0,0,0,0,The pilot’s failure to maintain control during landing on a contaminated runway.,Personnel issues - Task performance - Use of equip/info - Pilot; Environmental issues - Physical environment - Object/animal/substance - Effect on equipment,Accident,43.037078,-113.7343,MAULE,MX-7-160,Airplane,U99,Laidlaw Corrals AIrport,False,1,Reciprocating,False,Personal,091,Substantial,Visual (VMC),On File,Landing; Landing,Completed,False,Approved by Office Director,NA,NA,1/16/2023,16-1-2023
WPR23LA102,Accident,106672,2023-01-31,Hayden,ID,USA,NA,N9235B,55035,False,Aviation,Aviation,Approved by Office Director,2024-07-05,NA,None,0,0,0,0,0,"The failure of the right main landing gearbox assembly due to fatigue cracking, which resulted in a loss of directional control during the landing roll.",Aircraft - Aircraft systems - Landing gear system - Failure; Aircraft - Aircraft oper/perf/capability - Performance/control parameters - Not attained/maintained,Accident,47.77,-116.82,CESSNA,175,Airplane,COE,Coeur D'Alene/Pappy Boyington Field,False,1,Reciprocating,False,Instructional,091,Substantial,Visual (VMC); Visual (VMC); Visual (VMC),On File,Landing; Landing,Completed,False,Approved by Office Director,NA,NA,1/31/2023,31-1-2023
WPR23LA106,Accident,106694,2023-01-30,Sandpoint,ID,USA,NA,N1791P,22-2564,False,Aviation,Aviation,Approved by Office Director,2023-06-23,NA,None,0,0,0,0,0,The pilot’s failure to maintain directional control during landing and subsequent failure to maintain clearance from a snow berm during a go around.,Aircraft - Aircraft oper/perf/capability - Performance/control parameters - Not attained/maintained; Personnel issues - Task performance - Use of equip/info - Pilot; Environmental issues - Physical environment - Object/animal/substance - Effect on equipment,Accident,48.299528,-116.56013,PIPER,PA-22,Airplane,KSZT,Sandpoint,False,1,Reciprocating,False,Personal,091,Substantial,Visual (VMC),On File,Landing; Landing; Landing,Completed,False,Approved by Office Director,NA,NA,1/30/2023,30-1-2023
WPR23LA127,Accident,106883,2023-03-11,Lewiston,ID,USA,NA,N7010Q,17260310,False,Aviation,Aviation,Approved by Office Director,2023-06-06,NA,None,0,0,0,0,0,"The flight instructor’s inadequate fuel planning and improper in-flight decision-making, which resulted in a total loss of engine power due to fuel exhaustion.",Personnel issues - Action/decision - Info processing/decision - Instructor/check pilot; Personnel issues - Task performance - Planning/preparation - Instructor/check pilot; Aircraft - Fluids/misc hardware - Fluids - Fluid level,Accident,46.38359,-117.02753,CESSNA,172L,Airplane,LWS,NA,False,1,Reciprocating,False,Instructional,091,Substantial,Visual (VMC),MOSMAN MATTHEW J,EmergencyDescent; EmergencyDescent; InitialClimb,Completed,False,Approved by Office Director,NA,NA,3/11/2023,11-3-2023
WPR23LA144,Accident,106996,2023-03-27,Rigby,ID,USA,NA,N89CK,311,False,Aviation,Aviation,Approved by Office Director,2023-08-10,NA,None,0,0,0,0,0,The pilot receiving instruction’s failure to maintain directional control during landing and the flight instructor’s delayed remedial action.,Personnel issues - Task performance - Use of equip/info - Student/instructed pilot; Personnel issues - Action/decision - Action - Instructor/check pilot; Aircraft - Aircraft oper/perf/capability - Performance/control parameters - Not attained/maintained,Accident,43.64377,-111.92815,KESKIMAKI CHARLES A,KITFOX,Airplane,U56,RIGBY,False,1,Reciprocating,False,Personal,091,Substantial,Visual (VMC),BALER CALEB,Landing,Completed,False,Approved by Office Director,NA,NA,3/27/2023,27-3-2023
WPR23LA193,Accident,192211,2023-05-20,American Falls,ID,USA,NA,N77J,11489,False,Aviation,Aviation,Approved by Office Director,2023-12-13,NA,Minor,0,0,0,1,0,"The pilot’s inadvertent selection of the off position of the fuel tank selector inflight, which resulted in a total loss of engine power due to fuel starvation.",Personnel issues - Action/decision - Action - Pilot; Aircraft - Aircraft systems - Fuel system - Incorrect use/operation; Aircraft - Aircraft oper/perf/capability - Performance/control parameters - Attain/maintain not possible,Accident,42.811906,-112.82105,CESSNA,140,Airplane,U01,NA,False,1,Reciprocating,False,Personal,091,Substantial,Visual (VMC),On File,InitialClimb,Completed,False,Approved by Office Director,NA,NA,5/20/2023,20-5-2023
WPR23LA211,Accident,192305,2023-06-03,Paul,ID,USA,NA,N4894X,2079R,False,Aviation,Aviation,Approved by Office Director,2023-10-20,NA,None,0,0,0,0,0,"The pilot’s failure to maintain directional control on the takeoff roll, resulting in a runway excursion.",Personnel issues - Task performance - Use of equip/info - Pilot; Aircraft - Aircraft oper/perf/capability - Performance/control parameters - Not attained/maintained,Accident,42.73535,-113.84289,ROCKWELL INTERNATIONAL,S-2R,Airplane,n/a,Rocky Ridge,False,1,Turbo prop,False,Aerial application,137,Substantial,Visual (VMC),On File,Takeoff; Takeoff,Completed,False,Approved by Office Director,NA,NA,6/3/2023,3-6-2023
WPR23LA214,Accident,192309,2023-06-03,Filer,ID,USA,NA,N205PA,1996,False,Aviation,Aviation,Approved by Office Director,2023-10-26,NA,Minor,0,0,0,1,0,"The pilot’s improper anti-torque pedal inputs during takeoff, which resulted in a loss of helicopter control during takeoff and subsequent dynamic rollover.",Personnel issues - Task performance - Use of equip/info - Pilot; Aircraft - Aircraft oper/perf/capability - Performance/control parameters - Not attained/maintained; Aircraft - Aircraft oper/perf/capability - Performance/control parameters - Not attained/maintained,Accident,42.562778,-114.54916,BELL,206B,Helicopter,NA,NA,False,1,Turbo shaft,False,Personal,091,Substantial,Visual (VMC),On File,Takeoff; Takeoff,Completed,False,Approved by Office Director,NA,NA,6/3/2023,3-6-2023
WPR23FA225,Accident,192360,2023-06-12,McCall,ID,USA,NA,N3138C,R18200239,False,Aviation,Aviation,Approved by Office Director,2024-11-14,NA,Fatal,0,0,0,2,0,"Maintenance personnel's failure to properly torque and inspect the magneto hardware, which resulted in a partial loss of engine power.",Environmental issues - Physical environment - Object/animal/substance - Contributed to outcome; Aircraft - Aircraft power plant - Ignition system - Incorrect service/maintenance; Personnel issues - Task performance - Maintenance - Maintenance personnel,Accident,44.903,-116.102,CESSNA,R182,Airplane,MYL,MC CALL MUNI,False,1,Reciprocating,False,Personal,091,Substantial,Visual (VMC),TURBO-SPHERE INC,Takeoff; InitialClimb,Completed,False,Approved by Office Director,NA,NA,6/12/2023,12-6-2023
WPR23LA227,Accident,192400,2023-06-09,Jerome,ID,USA,NA,N800YA,C00308,False,Aviation,Aviation,Approved by Office Director,2023-10-20,NA,None,0,0,0,0,0,"The pilot’s failure to maintain directional control during landing, which resulted in rollover.",Aircraft - Aircraft oper/perf/capability - Performance/control parameters - Not attained/maintained; Personnel issues - Task performance - Use of equip/info - Pilot,Accident,42.726683,-114.45664,CAMILLE E PATCH,CALIDUS,Gyroplane,JER,JEROME COUNTY,True,1,Reciprocating,False,Personal,091,Substantial,Visual (VMC); Visual (VMC); Visual (VMC),AVIATE LLC DBA,Landing,Completed,False,Approved by Office Director,NA,NA,6/9/2023,9-6-2023
WPR23LA237,Accident,192444,2023-06-21,Idaho Falls,ID,USA,NA,N3531Y,18254431,False,Aviation,Aviation,Approved by Office Director,2023-12-07,NA,None,0,0,0,0,0,The pilot’s failure to maintain directional control while landing with a gusting crosswind.,Aircraft - Aircraft oper/perf/capability - Performance/control parameters - Not attained/maintained; Environmental issues - Conditions/weather/phenomena - Wind - Effect on equipment; Personnel issues - Action/decision - Action - Pilot,Accident,43.513673,-112.07082,CESSNA,182F,Airplane,IDA,Idaho Falls Regional Airport,False,1,Reciprocating,False,Personal,091,Substantial,Visual (VMC),CJ3 AVIATION LLC,Landing; Landing; Landing,Completed,False,Approved by Office Director,NA,NA,6/21/2023,21-6-2023
WPR23LA242,Accident,192463,2023-06-27,Newdale,ID,USA,NA,N730SC,28-7225546,False,Aviation,Aviation,Approved by Office Director,2023-11-02,NA,None,0,0,0,0,0,"The premature retraction of the flaps by the student pilot, while just above the airplane’s stall speed. Contributing to the accident was the flight instructor’s inadequate supervision and failure to regain aircraft control from the student pilot.",Personnel issues - Task performance - Use of equip/info - Student/instructed pilot; Personnel issues - Action/decision - Action - Student/instructed pilot; Personnel issues - Psychological - Attention/monitoring - Instructor/check pilot; Aircraft - Aircraft oper/perf/capability - Performance/control parameters - Not attained/maintained; Personnel issues - Action/decision - Action - Instructor/check pilot,Accident,43.876,-111.579,PIPER,PA-28-140,Airplane,NA,NA,False,1,Reciprocating,False,Instructional,091,Substantial,Visual (VMC),On File,Maneuvering; EmergencyDescent,Completed,False,Approved by Office Director,NA,NA,6/27/2023,27-6-2023
WPR23LA246,Accident,192488,2023-06-28,Big Creek Ranger Station,ID,USA,NA,N510US,CCX-1865-0007,False,Aviation,Aviation,Approved by Office Director,2023-11-02,NA,None,0,0,0,0,0,"The pilot’s failure to identify the wet landing surface and his subsequent inability to maintain directional control and stop during landing on the unimproved grass runway, which resulted in a runway excursion and unintentional ground loop.",Environmental issues - Physical environment - Runway/land/takeoff/taxi surface - Ability to respond/compensate; Personnel issues - Task performance - Use of equip/info - Pilot; Aircraft - Aircraft oper/perf/capability - Performance/control parameters - Attain/maintain not possible; Personnel issues - Action/decision - Info processing/decision - Pilot,Accident,45.14852,-115.00035,BLACK SHEEP AVIATION LLC,CCX-1865,Airplane,n/a,Mile Hi,True,1,Reciprocating,False,Personal,091,Substantial,Visual (VMC); Visual (VMC),On File,Landing; Landing,Completed,False,Approved by Office Director,NA,NA,6/28/2023,28-6-2023
WPR23LA250,Accident,192521,2023-07-03,McCall,ID,USA,NA,N36KG,18-4586,False,Aviation,Aviation,Approved by Office Director,2023-11-02,NA,None,0,0,0,0,0,"The pilot’s application of wheel brakes during landing roll out, resulting in a nose over.",Aircraft - Aircraft oper/perf/capability - Performance/control parameters - Not attained/maintained; Personnel issues - Task performance - Use of equip/info - Pilot; Personnel issues - Action/decision - Action - Pilot,Accident,44.89425,-116.09978,PIPER,PA-18,Airplane,KMYL,McCall Municipal Airport,False,1,Reciprocating,False,Personal,091,Substantial,Visual (VMC); Visual (VMC),On File,Landing,Completed,False,Approved by Office Director,NA,NA,7/3/2023,3-7-2023
WPR23FA256,Accident,192543,2023-07-06,St Maries,ID,USA,NA,N703Z,18260582,False,Aviation,Aviation,Approved by Office Director,2025-05-14,NA,Fatal,0,0,0,1,0,The total loss of engine power due to the failure of the No. 3 exhaust valve for reasons that could not be determined. Contributing to the accident was the pilot’s failure to maintain control of the airplane after the loss of engine power.,Aircraft - Aircraft power plant - Engine (reciprocating) - Fatigue/wear/corrosion; Aircraft - Aircraft power plant - Engine (reciprocating) - Failure; Personnel issues - Task performance - Use of equip/info - Pilot; Aircraft - Aircraft power plant - Engine (reciprocating) - Unknown/Not determined,Accident,47.32226,-116.56148,CESSNA,182N,Airplane,S72,ST MARIES MUNI,False,1,Reciprocating,False,Personal,091,Substantial,Visual (VMC),On File,Takeoff; Takeoff,Completed,False,Approved by Office Director,NA,NA,7/6/2023,6-7-2023
WPR23LA265,Accident,192583,2023-07-08,Emmett,ID,USA,NA,N74778,3968,False,Aviation,Aviation,Approved by Office Director,2023-11-02,NA,Minor,0,0,0,2,0,"The instructor’s failure to maintain airspeed during a simulated turning autorotation, which resulted in a hard landing.",Aircraft - Aircraft oper/perf/capability - Performance/control parameters - Not attained/maintained; Personnel issues - Task performance - Use of equip/info - Instructor/check pilot,Accident,43.794444,-116.54444,ROBINSON HELICOPTER,R22 BETA,Helicopter,NA,NA,False,1,Reciprocating,False,Instructional,091,Substantial,Visual (VMC),On File,EmergencyDescent; Maneuvering,Completed,False,Approved by Office Director,NA,NA,7/8/2023,8-7-2023
WPR22LA207,Accident,105224,2022-06-07,Blackfoot,ID,USA,NA,N7303M,55603,False,Aviation,Aviation,Approved by Office Director,2022-11-03,NA,Minor,0,0,0,1,0,"The pilot’s loss of airplane control during the landing approach which, resulted in an undershoot and collision with a fence.",Aircraft - Aircraft oper/perf/capability - Performance/control parameters - Not attained/maintained; Personnel issues - Task performance - Use of equip/info - Pilot; Environmental issues - Physical environment - Object/animal/substance - Effect on equipment,Accident,43.209249,-112.34958,CESSNA,175,Airplane,U02,MCCARLEY FLD,False,1,NA,False,Personal,091,Substantial,Visual (VMC),On File,Approach; Landing; Landing,Completed,False,Approved by Office Director,NA,NA,6/7/2022,7-6-2022
WPR22LA212,Accident,105244,2022-06-10,Big Creek,ID,USA,NA,N55HU,2046,False,Aviation,Aviation,Approved by Office Director,2022-09-08,NA,Minor,0,0,0,2,0,"The pilot's failure to maintain directional control of the airplane during takeoff, which resulted in a runway excursion and collision with fencing. 
",Aircraft - Aircraft oper/perf/capability - Performance/control parameters - Not attained/maintained; Personnel issues - Task performance - Use of equip/info - Pilot; Environmental issues - Conditions/weather/phenomena - Wind - Ability to respond/compensate,Accident,45.133243,-115.32177,AVIAT AIRCRAFT INC,A-1B,Airplane,U60,Big Creek Airport,False,1,Reciprocating,False,Personal,091,Substantial,Visual (VMC),On File,Takeoff,Completed,False,Approved by Office Director,NA,NA,6/10/2022,10-6-2022
WPR22LA217,Accident,105290,2022-06-09,McCall,ID,USA,NA,N61KT,CC19-0058,False,Aviation,Aviation,Approved by Office Director,2023-08-30,NA,None,0,0,0,0,0,A loss of directional control during the landing roll due to a fractured brake line fitting on the brake caliper.,Aircraft - Aircraft oper/perf/capability - Performance/control parameters - Attain/maintain not possible; Aircraft - Aircraft systems - Landing gear system - Damaged/degraded,Accident,44.888744,-116.10175,CUB CRAFTERS INC,CC19-215,Airplane,MYL,MC CALL MUNI,False,1,Reciprocating,False,Instructional,091,Substantial,Visual (VMC),On File,Landing; Landing,Completed,False,Approved by Office Director,NA,NA,6/9/2022,9-6-2022
WPR22LA222,Accident,105312,2022-06-22,Hailey,ID,USA,NA,N161CC,CC11-00315,False,Aviation,Aviation,Approved by Office Director,2022-09-08,NA,Minor,0,0,0,1,0,"The pilot's failure to maintain directional control of the airplane during landing, which resulted in a ground loop.
",Personnel issues - Task performance - Use of equip/info - Pilot; Aircraft - Aircraft oper/perf/capability - Performance/control parameters - Not attained/maintained,Accident,43.503781,-114.29735,CUBCRAFTERS INC,CC11-160,Airplane,KSUN,Friedman Memorial Airport,False,1,Reciprocating,False,Personal,091,Substantial,Visual (VMC),On File,Landing,Completed,False,Approved by Office Director,NA,NA,6/22/2022,22-6-2022
WPR22LA238,Accident,105391,2022-06-27,Challis,ID,USA,NA,N1231C,20-967,False,Aviation,Aviation,Approved by Office Director,2024-02-08,NA,Fatal,0,0,0,2,0,The pilot's turn towards rising terrain with limited climb performance and his subsequent failure to maintain clearance from terrain that resulted in an impact with terrain.,Personnel issues - Task performance - Use of equip/info - Pilot; Environmental issues - Physical environment - Terrain - Effect on equipment,Accident,44.822667,-114.82533,PIPER,PA20,Airplane,C53,LOWER LOON CREEK,False,1,Reciprocating,False,Personal,091,Substantial,Visual (VMC),On File,InitialClimb,Completed,False,Approved by Office Director,NA,NA,6/27/2022,27-6-2022
WPR22LA248,Accident,105459,2022-07-07,Stanley,ID,USA,NA,N6353U,21064941,False,Aviation,Aviation,Approved by Office Director,2024-05-14,NA,None,0,0,0,0,0,"The pilot’s failure to provide adequate braking during a tailwind landing, which resulted in a runway excursion.",Personnel issues - Task performance - Use of equip/info - Pilot; Environmental issues - Conditions/weather/phenomena - Wind - Effect on equipment; Environmental issues - Conditions/weather/phenomena - Wind - Effect on equipment; Aircraft - Aircraft systems - Landing gear system - Incorrect use/operation,Accident,44.211689,-114.93437,CESSNA,T210R,Airplane,2U7,STANLEY,False,1,Reciprocating,False,Other work use,135,Substantial,Visual (VMC),Sawtooth Aviation,Landing; Landing,Completed,False,Approved by Office Director,NA,NA,7/7/2022,7-7-2022
CEN22FA331,Accident,105544,2022-07-21,North Fork,ID,USA,NA,N388RA; N388RA,88-0097; 88-0097,False,Aviation,Aviation,Approved by Office Director,2024-06-26,NA,Fatal,2,0,0,2,0,"The failure of the flight crew to properly secure a company-issued iPad, leading to its migration into and jamming of the copilot’s left pedal, preventing the pilot from arresting a left yaw, and resulting in a loss of control.",Environmental issues - Task environment - Physical workspace - Ability to respond/compensate; Environmental issues - Task environment - Physical workspace - Effect on operation; Aircraft - Aircraft oper/perf/capability - Performance/control parameters - Not attained/maintained; Personnel issues - Task performance - Use of equip/info - Pilot,Accident,45.399833,-114.16656,Columbia Helicopters; Columbia Helicopters,CH-47D; CH-47D,Helicopter; Helicopter,NA,NA,False,2,Turbo shaft; Turbo shaft,False,Firefighting,PUBU; PUBU,Destroyed; Destroyed,Visual (VMC),"ROTAK, LLC; ROTAK, LLC",Maneuvering; Unknown,Completed,False,Approved by Office Director,NA,NA,7/21/2022,21-7-2022
WPR22LA297,Accident,105712,2022-08-05,Yellow Pine,ID,USA,NA,N722BS,52252,False,Aviation,Aviation,Approved by Office Director,2022-12-08,NA,None,0,0,0,0,0,The pilot's failure to maintain clearance from a tree while maneuvering.,Aircraft - Aircraft oper/perf/capability - Performance/control parameters - Not attained/maintained; Personnel issues - Psychological - Attention/monitoring - Pilot; Environmental issues - Physical environment - Object/animal/substance - Effect on equipment,Accident,44.917086,-115.47667,CESSNA,182B,Airplane,3U2,JOHNSON CREEK AIRPORT,False,1,Reciprocating,False,Personal,091,Substantial,Visual (VMC),On File,Approach; Maneuvering,Completed,False,Approved by Office Director,NA,NA,8/5/2022,5-8-2022
WPR22FA304,Accident,105737,2022-08-15,Yellow Pine,ID,USA,NA,N26HV,1410,False,Aviation,Aviation,Approved by Office Director,2024-03-06,NA,Fatal,0,0,0,2,0,"The pilot's failure to maintain adequate airspeed during an initial climb, which resulted in the exceedance of the critical angle of attack, subsequent aerodynamic stall, and impact with terrain. Contributing was the pilot’s decision to operate the airplane above its maximum gross weight.",Aircraft - Aircraft oper/perf/capability - Performance/control parameters - Capability exceeded; Personnel issues - Task performance - Use of equip/info - Pilot; Aircraft - Aircraft oper/perf/capability - Aircraft capability - Capability exceeded,Accident,44.911722,-115.48552,AVIAT AIRCRAFT INC,A-1A,Airplane,3U2,JOHNSON CREEK,False,1,Reciprocating,False,Personal,091,Substantial,Visual (VMC),On File,InitialClimb; InitialClimb,Completed,False,Approved by Office Director,NA,NA,8/15/2022,15-8-2022
WPR22LA314,Accident,105790,2022-08-21,Wilder,ID,USA,NA,N4133S,CE-591,False,Aviation,Aviation,Approved by Office Director,2024-04-25,NA,Minor,0,0,0,2,0,Catastrophic engine failure during the initial climb due to an incorrectly installed crankshaft counterweight retaining ring.,Personnel issues - Task performance - Maintenance - Maintenance personnel; Aircraft - Aircraft power plant - Engine (reciprocating) - Incorrect service/maintenance,Accident,43.705708,-116.9131,BEECH,F33A,Airplane,50S,PARMA,False,1,Reciprocating,False,Personal,091,Substantial,Visual (VMC),On File,EmergencyDescent; InitialClimb,Completed,False,Approved by Office Director,NA,NA,8/21/2022,21-8-2022
WPR22LA315,Accident,105792,2022-08-20,Donnelly,ID,USA,NA,N735DU,18265349,False,Aviation,Aviation,Approved by Office Director,2022-12-08,NA,None,0,0,0,0,0,"The pilot’s improper decision to takeoff from a wet grass runway which did not allow for adequate braking traction when the pilot aborted the takeoff, which resulted in a runway excursion.",Aircraft - Aircraft oper/perf/capability - Performance/control parameters - Not attained/maintained; Environmental issues - Physical environment - Runway/land/takeoff/taxi surface - Effect on equipment; Personnel issues - Action/decision - Info processing/decision - Pilot,Accident,44.723583,-116.02198,CESSNA,182Q,Airplane,ID76,Elk Ridge Airport,False,1,Reciprocating,False,Personal,091,Substantial,Visual (VMC); Visual (VMC); Visual (VMC),On File,Takeoff,Completed,False,Approved by Office Director,NA,NA,8/20/2022,20-8-2022
WPR22LA319,Accident,105822,2022-08-27,Rexburg,ID,USA,NA,N305SU,305M-0007,False,Aviation,Aviation,Approved by Office Director,2022-12-08,NA,None,0,0,0,0,0,The pilot's failure to maintain airplane control during the landing roll on a wet airstrip.,Personnel issues - Task performance - Use of equip/info - Pilot; Environmental issues - Physical environment - Runway/land/takeoff/taxi surface - Effect on operation; Personnel issues - Action/decision - Info processing/decision - Pilot,Accident,43.762222,-111.85027,CESSNA,305C (0-1E),Airplane,NA,NA,False,1,Reciprocating,False,Personal,091,Substantial,Visual (VMC),John Bagley,Landing; Landing,Completed,False,Approved by Office Director,NA,NA,8/27/2022,27-8-2022
WPR22LA322,Accident,105825,2022-08-26,Caldwell,ID,USA,NA,N52367,V9404-0008,False,Aviation,Aviation,Approved by Office Director,2024-04-25,NA,Minor,0,0,0,1,0,"The partial loss of engine power due to a loose wire leading to the engine’s electronic control unit (ECU). Contributing was the pilot’s exceedance of the critical angle of attack while maneuvering, which resulted in an aerodynamic stall at an altitude too low for recovery.",Aircraft - Aircraft oper/perf/capability - Performance/control parameters - Attain/maintain not possible; Aircraft - Aircraft systems - Electrical power system - Malfunction; Aircraft - Aircraft oper/perf/capability - Performance/control parameters - Attain/maintain not possible; Aircraft - Aircraft power plant - (general) - Design,Accident,43.648025,-116.63789,RAY E ROBERTS,KITFOX V VIXEN,Airplane,EUL,Caldwell Executive  Airport,True,1,Reciprocating,False,Personal,091,Substantial,Visual (VMC),On File,InitialClimb,Completed,False,Approved by Office Director,NA,NA,8/26/2022,26-8-2022
WPR22LA324,Accident,105834,2022-08-23,Athol,ID,USA,NA,N9512S,7GCBA21,False,Aviation,Aviation,Approved by Office Director,2024-05-02,NA,None,0,0,0,0,0,"The failure of the right brake due to a disconnected master cylinder piston rod, which led to the departure of the airplane from the runway surface. Contributing to the accident was the mechanic’s failure to adequately inspect the connection between the piston rod and rudder pedal.",Personnel issues - Task performance - Inspection - Maintenance personnel; Aircraft - Aircraft systems - Landing gear system - Inadequate inspection; Aircraft - Aircraft systems - Landing gear system - Inoperative,Accident,47.95681,-116.67741,CHAMPION,7GCBA,Airplane,ID05,HACKNEY AIRPARK,False,1,Reciprocating,False,Personal,091,Substantial,Visual (VMC),On File,Landing; Landing,Completed,False,Approved by Office Director,NA,NA,8/23/2022,23-8-2022
WPR22LA328,Accident,105840,2022-08-19,Stanley,ID,USA,NA,N25MF,5,False,Aviation,Aviation,Approved by Office Director,2022-12-08,NA,None,0,0,0,0,0,The pilot’s failure to maintain airplane control during takeoff with a crosswind.,Aircraft - Aircraft oper/perf/capability - Performance/control parameters - Not attained/maintained; Environmental issues - Conditions/weather/phenomena - Wind - Effect on operation; Personnel issues - Task performance - Use of equip/info - Pilot,Accident,44.212199,-114.93347,FALL MARTIN,SUPER CUB,Airplane,2U7,Stanley Airport,True,1,Reciprocating,False,Personal,091,Substantial,Visual (VMC),Bud Sommerville,Takeoff; Takeoff,Completed,False,Approved by Office Director,NA,NA,8/19/2022,19-8-2022
WPR22FA347,Accident,105941,2022-09-14,Preston,ID,USA,NA,N992KS,001,False,Aviation,Aviation,Approved by Office Director,2024-10-03,NA,Fatal,0,0,0,2,0,"The non-instrument-rated pilot’s continued visual flight into instrument meteorological conditions, which resulted in a loss of control due to spatial disorientation.",Personnel issues - Action/decision - Action - Pilot; Environmental issues - Conditions/weather/phenomena - Ceiling/visibility/precip - Effect on personnel; Environmental issues - Conditions/weather/phenomena - Ceiling/visibility/precip - Effect on operation; Environmental issues - Conditions/weather/phenomena - Ceiling/visibility/precip - Contributed to outcome,Accident,42.09218,-111.58406,SKILES KENNETH C,RV-6A,Airplane,NA,NA,True,1,Reciprocating,False,Personal,091,Substantial,Instrument (IMC),On File,Maneuvering; Enroute,Completed,False,Approved by Office Director,NA,NA,9/14/2022,14-9-2022
WPR22LA362,Accident,106039,2022-09-19,Howe,ID,USA,NA,N750RH,75-7832,False,Aviation,Aviation,Approved by Office Director,2023-01-09,NA,None,0,0,0,0,0,"The pilot’s failure to maintain adequate airspeed during the landing approach, which resulted in an aerodynamic stall.",Aircraft - Aircraft oper/perf/capability - Performance/control parameters - Not attained/maintained; Aircraft - Aircraft oper/perf/capability - Performance/control parameters - Not attained/maintained; Personnel issues - Task performance - Use of equip/info - Pilot,Accident,43.805332,-113.01927,ANGUS WATT,ZENAIR STOLCH 750,Airplane,U97,HOWE,True,1,NA,False,Personal,091,Substantial,Visual (VMC),MCDONALD CHARLES H,Approach,Completed,False,Approved by Office Director,NA,NA,9/19/2022,19-9-2022
WPR22LA014,Accident,104121,2021-10-13,Payette,ID,USA,NA,N583DM,1582D,False,Aviation,Aviation,Approved by Office Director,2023-08-15,NA,None,0,0,0,0,0,A total loss of engine power during cruise flight due to fuel starvation. Contributing to the accident was the lack of an outlet screen on the fuel system header tank.,Aircraft - Aircraft systems - Fuel system - Not installed/available; Aircraft - Aircraft systems - Fuel system - Inoperative; Aircraft - Fluids/misc hardware - Fluids - Fluid condition,Accident,44.079228,-116.93496,AVID,MARK IV,Airplane,NA,NA,False,1,Reciprocating,False,Personal,091,Substantial,Visual (VMC),Nelson Christopher H,Maneuvering; Landing; Maneuvering,Completed,False,Approved by Office Director,NA,NA,10/13/2021,13-10-2021
WPR22LA025,Accident,104194,2021-10-31,Rexburg,ID,USA,NA,N1082V,R1722110,False,Aviation,Aviation,Approved by Office Director,2023-04-05,NA,None,0,0,0,0,0,A total loss of engine power for reasons that could not be determined based on the available evidence. Contributing to the accident was the pilot’s decision to operate the airplane with a known mechanical issue.,Personnel issues - Action/decision - Info processing/decision - Student/instructed pilot; Not determined - Not determined - (general) - Unknown/Not determined; Aircraft - Aircraft power plant - Engine (reciprocating) - Not specified,Accident,43.824079,-111.80785,CESSNA,R172K,Airplane,RXE,Rexburg-Madison County,False,1,Reciprocating,False,Instructional,091,Substantial,Visual (VMC); Visual (VMC); Visual (VMC),Dean N. Jordan,Landing,Completed,False,Approved by Office Director,NA,NA,10/31/2021,31-10-2021
WPR22LA029,Accident,104222,2021-11-04,Challis,ID,USA,NA,N727SS,CC11-00200,False,Aviation,Aviation,Approved by Office Director,2022-05-04,NA,None,0,0,0,0,0,"The pilot’s loss of directional control after the airplane encountered a gust of wind during the landing roll.
",Environmental issues - Conditions/weather/phenomena - Wind - Effect on equipment; Aircraft - Aircraft oper/perf/capability - Performance/control parameters - Not attained/maintained; Personnel issues - Task performance - Use of equip/info - Pilot,Accident,44.821738,-114.42129,CUBCRAFTERS INC,CC11-160,Airplane,PVT,Castle Creek Hideout,False,1,Reciprocating,False,Personal,091,Substantial,Visual (VMC),On File,Landing; Landing,Completed,False,Approved by Office Director,NA,NA,11/4/2021,4-11-2021
WPR22LA030,Accident,104226,2021-10-28,Newdale,ID,USA,NA,N1671J,28-24072,False,Aviation,Aviation,Approved by Office Director,2022-05-04,NA,Minor,0,0,0,2,0,"The flight instructor’s failure to monitor the flight to ensure terrain clearance during the dark night conditions. 
",Personnel issues - Psychological - Attention/monitoring - Instructor/check pilot; Personnel issues - Psychological - Attention/monitoring - Instructor/check pilot; Aircraft - Aircraft oper/perf/capability - Performance/control parameters - Not attained/maintained; Environmental issues - Conditions/weather/phenomena - Light condition - Effect on operation,Accident,43.83,-111.5,PIPER,PA-28-140,Airplane,N/A,NA,False,1,Reciprocating,False,Instructional,091,Substantial,Visual (VMC),Idaho Flight Academy,Enroute,Completed,False,Approved by Office Director,NA,NA,10/28/2021,28-10-2021
WPR22LA036,Accident,104259,2021-11-17,Mackay,ID,USA,NA,N2YQ,CC11-00289,False,Aviation,Aviation,Approved by Office Director,2022-05-26,NA,None,0,0,0,0,0,"The pilot’s failure to maintain directional control during the landing roll, which resulted in the airplane veering into a ditch and nosing over. 
",Aircraft - Aircraft oper/perf/capability - Performance/control parameters - Not attained/maintained; Environmental issues - Physical environment - Terrain - Effect on equipment; Personnel issues - Task performance - Use of equip/info - Pilot,Accident,43.910972,-113.60355,CUBCRAFTERS,CC11-160,Airplane,U62,MACKAY,False,1,Reciprocating,False,Personal,091,Substantial,Visual (VMC),On File,Landing,Completed,False,Approved by Office Director,NA,NA,11/17/2021,17-11-2021
WPR22LA037,Accident,104264,2021-11-14,Stanley,ID,USA,NA,N8509B,36209,False,Aviation,Aviation,Approved by Office Director,2022-05-26,NA,Minor,0,0,0,2,0,"The pilot's failure to attain sufficient airspeed for the airplane to climb with a tailwind.
",Aircraft - Aircraft oper/perf/capability - Performance/control parameters - Not attained/maintained; Aircraft - Aircraft oper/perf/capability - Performance/control parameters - Not attained/maintained; Environmental issues - Conditions/weather/phenomena - Wind - Effect on equipment,Accident,44.723306,-115.00397,CESSNA,172,Airplane,2U8,THOMAS CREEK,False,1,Reciprocating,False,Personal,091,Substantial,Visual (VMC),Joel A LaFleur,InitialClimb,Completed,False,Approved by Office Director,NA,NA,11/14/2021,14-11-2021
WPR22LA089,Accident,104574,2022-01-30,Ketchum,ID,USA,NA,N8794G,JA515-12-17,False,Aviation,Aviation,Approved by Office Director,2023-08-15,NA,None,0,0,0,0,0,The total loss of engine power due to carburetor ice.,Environmental issues - Conditions/weather/phenomena - Temp/humidity/pressure - Effect on equipment; Aircraft - Aircraft power plant - Engine fuel and control - Not specified,Accident,43.600938,-114.40779,BLAKE D BARRYMORE,JUST ACFT SUPERSTOL,Airplane,NA,NA,True,1,Reciprocating,False,Personal,091,Substantial,Visual (VMC),On File,Enroute; Enroute; Enroute,Completed,False,Approved by Office Director,NA,NA,1/30/2022,30-1-2022
WPR22LA103,Accident,104695,2022-02-18,Murphy,ID,USA,NA,N36430,3246,False,Aviation,Aviation,Approved by Office Director,2022-06-22,NA,None,0,0,0,0,0,"The pilot's failure to maintain directional control during the landing roll. 
",Environmental issues - Conditions/weather/phenomena - Wind - Effect on operation; Aircraft - Aircraft oper/perf/capability - Performance/control parameters - Not attained/maintained; Personnel issues - Task performance - Use of equip/info - Pilot,Accident,43.215,-116.54833000000001,TAYLORCRAFT,BC12-65,Airplane,1U3,Murphy ID,False,1,Reciprocating,False,Personal,091,Substantial,Visual (VMC),On File,Landing; Landing; Landing,Completed,False,Approved by Office Director,NA,NA,2/18/2022,18-2-2022
WPR22LA104,Accident,104696,2022-02-18,Coeur d'Alene,ID,USA,NA,N141E,001,False,Aviation,Aviation,Approved by Office Director,2022-06-22,NA,None,0,0,0,0,0,"The pilot’s improper landing flare which, resulted in a bounced landing, loss of airplane control and subsequent nose over. 
",Aircraft - Aircraft oper/perf/capability - Performance/control parameters - Not attained/maintained; Personnel issues - Action/decision - Info processing/decision - Pilot; Personnel issues - Task performance - Use of equip/info - Pilot,Accident,47.772619,-116.81682,CHRISTOPHER P GAGE,SHORTFIELD EXPLORER,Airplane,COE,Coeur d' Alene Pappy Boyington Field,True,1,Reciprocating,False,Personal,091,Substantial,Visual (VMC),On File,Landing,Completed,False,Approved by Office Director,NA,NA,2/18/2022,18-2-2022
WPR22LA118,Accident,104739,2022-03-08,Bonners Ferry,ID,USA,NA,N6755B,22-4089,False,Aviation,Aviation,Approved by Office Director,2022-07-05,NA,None,0,0,0,0,0,"The pilot’s improper landing flare, and bounced landing, which resulted in a ground loop and runway excursion.
",Personnel issues - Task performance - Use of equip/info - Pilot; Aircraft - Aircraft oper/perf/capability - Performance/control parameters - Not attained/maintained; Aircraft - Aircraft oper/perf/capability - Performance/control parameters - Not attained/maintained,Accident,48.726447,-116.2946,PIPER,PA-22-150,Airplane,65S,Boundary County Airport,False,1,Reciprocating,False,Personal,091,Substantial,Visual (VMC),CROW AIR LLC,Landing,Completed,False,Approved by Office Director,NA,NA,3/8/2022,8-3-2022
WPR22LA120,Accident,104766,2022-03-07,Nampa,ID,USA,NA,N968SW,18-1444,False,Aviation,Aviation,Approved by Office Director,2022-07-13,NA,None,0,0,0,0,0,"The pilot’s failure to maintain directional control during landing with a crosswind. 
",Aircraft - Aircraft oper/perf/capability - Performance/control parameters - Not attained/maintained; Environmental issues - Conditions/weather/phenomena - Wind - Effect on equipment; Personnel issues - Task performance - Use of equip/info - Pilot,Accident,43.581341,-116.52306,PIPER,PA-18,Airplane,KMAN,Nampa Municipal Airport,False,1,Reciprocating,False,Personal,091,Substantial,Visual (VMC),On File,Landing; Landing; Landing,Completed,False,Approved by Office Director,NA,NA,3/7/2022,7-3-2022
WPR22LA132,Accident,104844,2022-03-22,Howe,ID,USA,NA,N44DQ,10821,False,Aviation,Aviation,Approved by Office Director,2022-11-03,NA,Minor,0,0,0,2,0,"The pilot’s failure to maintain adequate rotor rpm while descending with a gusting tailwind condition, which resulted in a loss of helicopter control.
",Aircraft - Aircraft oper/perf/capability - Performance/control parameters - Not attained/maintained; Environmental issues - Conditions/weather/phenomena - Wind - Effect on equipment; Personnel issues - Task performance - Use of equip/info - Pilot,Accident,44.1042,-113.0019,ROBINSON HELICOPTER COMPANY,R44 II,Helicopter,NA,NA,False,1,Reciprocating,False,Personal,091,Substantial,Visual (VMC); Visual (VMC),On File,Landing; Approach,Completed,False,Approved by Office Director,NA,NA,3/22/2022,22-3-2022
WPR22LA139,Accident,104881,2022-03-30,Swan Valley,ID,USA,NA,N35AH,2417,False,Aviation,Aviation,Approved by Office Director,2022-07-13,NA,None,0,0,0,0,0,"The pilot’s failure to maintain airplane control during the landing roll on a snow-covered runway surface.  
",Environmental issues - Physical environment - Runway/land/takeoff/taxi surface - Effect on equipment; Personnel issues - Task performance - Use of equip/info - Pilot; Personnel issues - Action/decision - Info processing/decision - Pilot,Accident,43.51958,-111.38095,AVIAT AIRCRAFT INC,A-1B,Airplane,PVT,Diamond AIrstrip,False,1,Reciprocating,False,Personal,091,Substantial,Visual (VMC),On File,Landing; Landing,Completed,False,Approved by Office Director,NA,NA,3/30/2022,30-3-2022
WPR22FA151,Accident,104938,2022-04-13,Heyburn,ID,USA,NA,N928JP,208B2428,False,Aviation,Aviation,Approved by Office Director,2024-04-18,NA,Fatal,0,0,0,1,0,"The pilot’s failure to maintain altitude during an instrument approach, which resulted in a descent below the approach path and impact with a vent stack. Also causal was the failure of the processing plant to correctly paint the vent stacks, which had been determined by the FAA to be a hazard to navigation due to their proximity to the landing approach path. Contributing to the accident was the likely distraction/illusion/obscuration created by steam from the processing plant, which intermittently obscured the runway.",Organizational issues - Support/oversight/monitoring - Enforcement - FAA/Regulator; Environmental issues - Physical environment - Object/animal/substance - Decision related to condition; Personnel issues - Action/decision - Info processing/decision - Pilot; Personnel issues - Task performance - Maintenance - Other; Environmental issues - Conditions/weather/phenomena - Ceiling/visibility/precip - Effect on operation; Personnel issues - Task performance - Use of equip/info - Pilot; Personnel issues - Psychological - Attention/monitoring - Pilot,Accident,42.551433,-113.75969,CESSNA,208B,Airplane,KBYI,Burley Municipal Airport,False,1,Turbo prop,False,Other work use,135,Substantial,Instrument (IMC); Instrument (IMC),Gem Air LLC,Approach,Completed,False,Approved by Office Director,NA,NA,4/13/2022,13-4-2022
WPR22LA155,Accident,104957,2022-04-17,Boise,ID,USA,NA,N2929D,26872,False,Aviation,Aviation,Approved by Office Director,2022-07-20,NA,None,0,0,0,0,0,"The pilot receiving instructions failure to maintain directional control during landing. Contributing to the accident was the flight instructor’s delayed remedial action.
",Aircraft - Aircraft oper/perf/capability - Performance/control parameters - Not attained/maintained; Personnel issues - Action/decision - Action - Instructor/check pilot; Personnel issues - Task performance - Use of equip/info - Pilot,Accident,43.56685,-116.23285,CESSNA,170B,Airplane,BOI,Boise Air Terminal,False,1,Reciprocating,False,Instructional,091,Substantial,Visual (VMC),On File,Landing,Completed,False,Approved by Office Director,NA,NA,4/17/2022,17-4-2022
WPR22FA173,Accident,105052,2022-05-08,Grasmere,ID,USA,NA,N801DT,027078SS52T03,False,Aviation,Aviation,Approved by Office Director,2024-06-20,NA,Fatal,0,0,0,2,0,"The pilot’s failure to maintain proper airspeed and his exceedance of the airplane’s critical angle of attack, which resulted in an aerodynamic stall.",Personnel issues - Task performance - Use of equip/info - Pilot; Aircraft - Aircraft oper/perf/capability - Performance/control parameters - Not attained/maintained; Environmental issues - Conditions/weather/phenomena - Temp/humidity/pressure - Effect on equipment; Aircraft - Aircraft oper/perf/capability - Performance/control parameters - Not attained/maintained; Personnel issues - Task performance - Use of equip/info - Pilot; Aircraft - Fluids/misc hardware - Fluids - Fluid management,Accident,42.188,-115.58407,BLUE SIDE UP INC,COMP AIR 8 SS52,Airplane,U91,NA,True,1,Turbo prop,False,Personal,091,Substantial,Unknown,On File,Maneuvering; Maneuvering; Maneuvering; Maneuvering,Completed,False,Approved by Office Director,NA,NA,5/8/2022,8-5-2022
WPR21LA324,Accident,103716,2021-08-07,Athol,ID,USA,NA,N4110L,17254179,False,Aviation,Aviation,Approved by Office Director,2022-02-18,NA,None,0,0,0,0,0,"The failure of the windshield during spin recovery for reasons that were not determined.
",Not determined - Not determined - (general) - Unknown/Not determined; Aircraft - Aircraft structures - Windows-windshield system - Failure,Accident,47.97796,-116.79269,CESSNA,172,Airplane,ID22,TREEPORT,False,1,Reciprocating,False,Instructional,091,Substantial,Visual (VMC),On File,Maneuvering,Completed,False,Approved by Office Director,NA,NA,8/7/2021,7-8-2021
WPR21FA330,Accident,103764,2021-08-28,Bernard,ID,USA,NA,N922MA,U20603467,False,Aviation,Aviation,Approved by Office Director,2023-02-24,NA,Fatal,0,0,0,3,0,"The pilot’s decision to continue the flight into a canyon that exceeded the performance capabilities of the airplane, which resulted in an impact with trees an terrain.",Environmental issues - Physical environment - Terrain - Effect on operation; Aircraft - Aircraft oper/perf/capability - Aircraft capability - Capability exceeded; Environmental issues - Physical environment - Object/animal/substance - Effect on operation; Personnel issues - Action/decision - Info processing/decision - Pilot; Aircraft - Aircraft oper/perf/capability - Performance/control parameters - Capability exceeded,Accident,45.009338,-114.87202,CESSNA,TU206F,Airplane,NA,NA,False,1,Reciprocating,False,NA,135,Substantial,Visual (VMC),McCall Aviation Inc.,Maneuvering; Maneuvering,Completed,False,Approved by Office Director,NA,NA,8/28/2021,28-8-2021
WPR21LA347,Accident,103885,2021-09-15,Stanley,ID,USA,NA,N529PE,3246151,False,Aviation,Aviation,Approved by Office Director,2021-11-16,NA,None,0,0,0,0,0,"The pilot’s failure to maintain airplane control during landing with a gusting crosswind which, resulted in a hard landing and collision with terrain.
",Aircraft - Aircraft oper/perf/capability - Performance/control parameters - Not attained/maintained; Personnel issues - Task performance - Use of equip/info - Pilot; Aircraft - Aircraft oper/perf/capability - Performance/control parameters - Not attained/maintained,Accident,44.208556,-114.93452,PIPER,PA-32R-301,Airplane,2U7,STANLEY,False,1,Reciprocating,False,Business,135,Substantial,Visual (VMC),"Rose Air, LLC",Landing; Landing,Completed,False,Approved by Office Director,NA,NA,9/15/2021,15-9-2021
WPR21LA354,Accident,103976,2021-09-23,Bovill,ID,USA,NA,N5334V,2008,False,Aviation,Aviation,Approved by Office Director,2023-06-14,NA,None,0,0,0,0,0,A loss of helicopter control for undetermined reasons based on the available evidence for this accident.,Not determined - Not determined - (general) - Unknown/Not determined; Personnel issues - Task performance - Use of equip/info - Pilot,Accident,46.840453,-116.2866,HILLER,UH-12E,Helicopter,NA,NA,False,1,Turbo shaft,False,Aerial application,137,Substantial,Visual (VMC),Western Helicopter Services,Maneuvering; Maneuvering; Maneuvering,Completed,False,Approved by Office Director,NA,NA,9/23/2021,23-9-2021
WPR21LA360,Accident,104037,2021-09-27,Warren,ID,USA,NA,N3121Y,18254121,False,Aviation,Aviation,Approved by Office Director,2022-05-25,NA,Serious,0,0,0,2,0,"The pilot’s failure to maintain altitude while maneuvering in a valley of mountainous terrain.
",Environmental issues - Conditions/weather/phenomena - Wind - Effect on operation; Aircraft - Aircraft oper/perf/capability - Performance/control parameters - Not attained/maintained; Personnel issues - Action/decision - Info processing/decision - Pilot,Accident,45.284081,-115.6021,CESSNA,182E,Airplane,3U1,WARREN /USFS/,False,1,Reciprocating,False,Personal,091,Destroyed,Visual (VMC),Bill Rhoades,Maneuvering; InitialClimb,Completed,False,Approved by Office Director,NA,NA,9/27/2021,27-9-2021
WPR21LA361,Accident,104074,2021-09-25,Elk River,ID,USA,NA,N31876,20045C,False,Aviation,Aviation,Approved by Office Director,2022-06-08,NA,None,0,0,0,0,0,"The pilot's failure to maintain directional control during takeoff, which resulted in a runway excursion and impact with a fence.
",Aircraft - Aircraft oper/perf/capability - Performance/control parameters - Not attained/maintained; Personnel issues - Task performance - Use of equip/info - Pilot,Accident,46.787403,-116.16765,MAULE,MX-7-180A,Airplane,ID85,ELK RIVER,False,1,Reciprocating,False,Personal,091,Substantial,Visual (VMC),On File,Takeoff,Completed,False,Approved by Office Director,NA,NA,9/25/2021,25-9-2021
