NtsbNo,EventType,Mkey,EventDate,City,State,Country,ReportNo,N#,SerialNumber,HasSafetyRec,Mode,TopicMode,ReportType,OriginalPublishedDate,DocketOriginalPublishedDate,HighestInjuryLevel,FatalInjuryCount,SeriousInjuryCount,MinorInjuryCount,OnboardInjuryCount,OnGroundInjuryCount,ProbableCause,Findings,EventID,Latitude,Longitude,Make,Model,AirCraftCategory,AirportID,AirportName,AmateurBuilt,NumberOfEngines,EngineType,Scheduled,PurposeOfFlight,FAR,AirCraftDamage,WeatherCondition,Operator,BroadPhaseofFlight,ReportStatus,RepGenFlag,MostRecentReportType,DocketUrl,ReportUrl,first_bad_date,second_bad_date
WPR26MA063,Accident,202182,2025-12-18,Statesville,NC,USA,NA,N257BW,5500283,False,Aviation,Aviation,Approved by Office Director,NA,NA,Fatal,0,0,0,7,0,NA,NA,Accident,35.763788,-80.941827,CESSNA,550,Airplane,SVH,STATESVILLE RGNL,False,2,NA,False,Personal,091,Substantial,Instrument (IMC),GB AVIATION LEASING LLC,Landing,Ongoing,False,Approved by Office Director,NA,NA,12/18/2025,18-12-2025
ERA26LA081,Accident,202225,2025-12-30,Louisburg,NC,USA,NA,N506SR,1692,False,Aviation,Aviation,Approved by Office Director,2026-05-14,NA,None,0,0,0,0,0,"The pilot’s failure to compensate for gusting crosswind conditions and subsequent loss of directional control following an aborted go-around attempt, which resulted in a runway excursion.",Environmental issues - Conditions/weather/phenomena - Wind - Response/compensation; Personnel issues - Task performance - Use of equip/info - Pilot,Accident,36.025797,-78.324697,CIRRUS DESIGN CORP,SR20,Airplane,LHZ,TRIANGLE NORTH EXEC,False,1,Reciprocating,False,Personal,091,Substantial,Visual (VMC),MCKNIGHT AVIATION LLC,Landing; Landing; Landing; Approach,Completed,False,Approved by Office Director,NA,NA,12/30/2025,30-12-2025
ERA26LA123,Accident,202490,2026-02-23,Monroe,NC,USA,NA,N9624J,28-3780,False,Aviation,Aviation,Approved by Office Director,2026-06-17,NA,Serious,0,1,2,3,0,The pilot’s failure to maintain directional control while landing in gusting crosswind conditions.,Aircraft - Aircraft oper/perf/capability - Performance/control parameters - Not attained/maintained; Personnel issues - Task performance - Use of equip/info - Pilot; Environmental issues - Conditions/weather/phenomena - Wind - Response/compensation,Accident,35.012685,-80.626237,PIPER,PA-28-180,Airplane,EQY,CHARLOTTE/MONROE EXEC,False,1,Reciprocating,False,Personal,091,Substantial,Visual (VMC); Visual (VMC),On File,Landing,Completed,False,Approved by Office Director,NA,NA,2/23/2026,23-2-2026
ERA26LA133,Accident,202568,2026-03-01,Hendersonville,NC,USA,NA,N123XP,7-5087,False,Aviation,Aviation,Approved by Office Director,2026-07-09,NA,Minor,0,0,0,1,0,"The pilot’s failure to maintain directional control during takeoff, which resulted in a runway excursion and impact with trees.",Personnel issues - Task performance - Use of equip/info - Pilot; Aircraft - Aircraft oper/perf/capability - Performance/control parameters - Not attained/maintained,Accident,35.306113,-82.434034,MORRIS BRADLEY D,ZENITH STOL CH-701,Airplane,8NC9,W N C  AIR MUSEUM AIRPORT,True,1,Reciprocating,False,Personal,091,Substantial,Visual (VMC),On File,Takeoff; Takeoff; Takeoff,Completed,False,Approved by Office Director,NA,NA,3/1/2026,1-3-2026
ERA26LA138,Accident,202606,2026-03-05,Little Switzerland,NC,USA,NA,N9919,4,False,Aviation,Aviation,Approved by Office Director,2026-06-17,NA,Minor,0,0,0,1,0,"A loss of thermal lift during a glider flight, which resulted in a collision with trees during a landing approach to a diversionary airport.",Aircraft - Aircraft oper/perf/capability - Performance/control parameters - Attain/maintain not possible,Accident,35.853283,-82.113383,GLASFLUGEL,KESTREL,Glider,N/A,Strawberry Ridge,False,0,NA,False,Personal,091,Substantial,Visual (VMC),On File,Enroute; Approach; Maneuvering,Completed,False,Approved by Office Director,NA,NA,3/5/2026,5-3-2026
ERA26LA143,Accident,202621,2026-03-01,Carthage,NC,USA,NA,N972WW,172S9072,False,Aviation,Aviation,Approved by Office Director,2026-07-09,NA,None,0,0,0,0,0,The pilot’s failure to maintain clearance from trees while on final approach for landing. Contributing to the accident were the flight instructor’s inadequate remedial actions.,Personnel issues - Task performance - Use of equip/info - Pilot; Personnel issues - Psychological - Attention/monitoring - Instructor/check pilot; Aircraft - Aircraft oper/perf/capability - Performance/control parameters - Not attained/maintained,Accident,35.340873,-79.435695,CESSNA,172,Airplane,BQ1,GILLIAM - MC CONNELL AIRFIELD,False,1,Reciprocating,False,Instructional,091,Substantial,Visual (VMC); Visual (VMC),CHAPEL HILL FLYING CLUB INC DBA,Approach,Completed,False,Approved by Office Director,NA,NA,3/1/2026,1-3-2026
ERA26LA144,Accident,202622,2026-03-08,Indian Trail,NC,USA,NA,N98360,28-26184,False,Aviation,Aviation,Approved by Office Director,NA,NA,Serious,0,2,0,2,0,NA,NA,Accident,35.109059,-80.585735,PIPER,PA-28-140,Airplane,28A,GOOSE CREEK,False,1,NA,False,Personal,091,Substantial,Visual (VMC),JTS AIRCRAFT LLC,InitialClimb,Ongoing,False,Approved by Office Director,NA,NA,3/8/2026,8-3-2026
ENG26LA018,Incident,202762,2026-02-11,Charlotte,NC,USA,NA,N9010R,NA,False,Aviation,Aviation,Approved by Office Director,NA,NA,NA,0,0,0,0,0,NA,NA,Incident,NA,NA,AIRBUS,A319,NA,NA,NA,False,NA,NA,True,NA,NA,NA,NA,American Airlines,Enroute,Ongoing,False,Approved by Office Director,NA,NA,2/11/2026,11-2-2026
CEN26LA162,Accident,202776,2026-04-04,Camden,NC,USA,NA,N94PT,LIV-494,False,Aviation,Aviation,Approved by Office Director,NA,NA,None,0,0,0,0,0,NA,NA,Accident,36.374442,-76.153212,LANCAIR,IV,Airplane,NA,NA,True,1,NA,False,Public aircraft,091,Substantial,Visual (VMC),On File,Enroute,Ongoing,False,Approved by Office Director,NA,NA,4/4/2026,4-4-2026
ERA26LA169,Accident,202819,2026-04-10,Iron Station,NC,USA,NA,N551EV,017,False,Aviation,Aviation,Approved by Office Director,NA,NA,Serious,0,1,1,2,0,NA,NA,Accident,35.47213,-81.17321,ERIC VARGOSKO,SW-51,Airplane,IPJ,LINCOLN COUNTY RGNL,True,1,NA,False,Personal,091,Minor,Visual (VMC),On File,Takeoff,Ongoing,False,Approved by Office Director,NA,NA,4/10/2026,10-4-2026
ERA26LA191,Accident,202902,2026-04-24,Sanford,NC,USA,NA,N85WM,CE-943,False,Aviation,Aviation,Approved by Office Director,2026-07-15,NA,None,0,0,0,0,0,"A loss of electrical power as a result of broken stator leads within the alternator, which resulted in the pilot’s inability to extend the airplane’s landing gear.",Aircraft - Aircraft systems - Electrical power system - Failure,Accident,35.5805,-79.102298,BEECH,F33A,Airplane,TTA,RALEIGH EXEC JETPORT AT SANFORD-LEE COUNTY,False,1,Reciprocating,False,Instructional,091,Substantial,Visual (VMC); Visual (VMC); Visual (VMC),On File,Enroute; Landing,Completed,False,Approved by Office Director,NA,NA,4/24/2026,24-4-2026
ERA26LA213,Accident,203047,2026-05-18,Statesville,NC,USA,NA,N177BT,177RG1194,False,Aviation,Aviation,Approved by Office Director,NA,NA,None,0,0,0,0,0,NA,NA,Accident,35.764901,-80.952528,CESSNA,177RG,Airplane,SVH,STATESVILLE RGNL,False,1,NA,False,Personal,091,Substantial,Visual (VMC),PLANE DATA INC,Landing,Ongoing,False,Approved by Office Director,NA,NA,5/18/2026,18-5-2026
ERA26LA219,Accident,203069,2026-05-27,Knightdale,NC,USA,NA,N146RC,CH090,False,Aviation,Aviation,Approved by Office Director,NA,NA,Serious,0,2,0,2,0,NA,NA,Accident,35.797722,-78.43701,RAINBOW AIRCRAFT (PTY) LTD,CHEETAH XLS,Airplane,W17,RALEIGH EAST,False,1,NA,False,Instructional,091,Substantial,Visual (VMC),On File,Landing; InitialClimb; EmergencyDescent,Ongoing,False,Approved by Office Director,NA,NA,5/27/2026,27-5-2026
ERA26LA227,Accident,203119,2026-03-22,Maiden,NC,USA,NA,N870CP,17280666,False,Aviation,Aviation,Approved by Office Director,NA,NA,None,0,0,0,0,0,NA,NA,Accident,35.577884,-81.111029,CESSNA,172R,Airplane,N92,Laneys Airport,False,1,NA,False,Instructional,091,Substantial,Visual (VMC),Avolant Aviation LLC,Takeoff,Ongoing,False,Approved by Office Director,NA,NA,3/22/2026,22-3-2026
ERA26LA247,Accident,203238,2026-06-24,Morganton,NC,USA,NA,N4552A,22-3862,False,Aviation,Aviation,Approved by Office Director,NA,NA,Serious,0,0,0,1,0,NA,NA,Accident,35.822678,-81.613272,PIPER,PA-22-150,Airplane,MRN,FOOTHILLS RGNL,False,1,NA,False,Instructional,091,Substantial,Visual (VMC),On File,Takeoff; Takeoff,Ongoing,False,Approved by Office Director,NA,NA,6/24/2026,24-6-2026
ERA26LA256,Accident,203305,2026-07-01,Morrisville,NC,USA,NA,N356N,50000335,False,Aviation,Aviation,Approved by Office Director,NA,NA,None,0,0,0,0,0,NA,NA,Accident,35.881586,-78.78926,EMBRAER EXECUTIVE AIRCRAFT INC,EMB-500,Airplane,RDU,Raleigh-Durham International Airport,False,2,NA,False,Positioning,091,Substantial,Visual (VMC),NICHOLAS SERVICES LLC DBA,Taxi,Ongoing,False,Approved by Office Director,NA,NA,7/1/2026,1-7-2026
ERA26LA264,Accident,203350,2026-06-29,Greensboro,NC,USA,NA,N7764G,17259464,False,Aviation,Aviation,Approved by Office Director,NA,NA,None,0,0,0,0,0,NA,NA,Accident,36.097622,-79.932888,CESSNA,172L,Airplane,GSO,NA,False,1,NA,False,Instructional,091,Substantial,Visual (VMC),TRIAD AVIATION ACADEMY LLC,Taxi,Ongoing,False,Approved by Office Director,NA,NA,6/29/2026,29-6-2026
ERA26LA281,Accident,203462,2026-07-18,Mooresville,NC,USA,NA,N3462E,17271555,False,Aviation,Aviation,Approved by Office Director,NA,NA,None,0,0,0,0,0,NA,NA,Accident,35.614117,-80.899673,CESSNA,172N,Airplane,14A,Lake Norman Airpark,False,1,NA,False,Personal,091,Substantial,Visual (VMC),NC86 Flying Club Inc.,Landing; Landing,Ongoing,False,Approved by Office Director,NA,NA,7/18/2026,18-7-2026
CEN25FA194,Accident,200255,2025-06-03,Farmington,NC,USA,NA,N40158,108-88,False,Aviation,Aviation,Approved by Office Director,NA,NA,Fatal,2,1,0,3,0,NA,NA,Accident,35.988797,-80.510404,UNIVERSAL STINSON,108,Airplane,5NC2,Sugar Valley Airport,False,1,NA,False,Personal,091,Substantial,Visual (VMC),On File,Unknown,Ongoing,False,Approved by Office Director,NA,NA,6/3/2025,3-6-2025
ERA25FA228,Accident,200322,2025-06-14,Tabor City,NC,USA,NA,N82UC,TH-276,False,Aviation,Aviation,Approved by Office Director,NA,NA,Fatal,2,0,0,2,0,NA,NA,Accident,34.00752,-78.686867,BEECH,58,Airplane,NA,NA,False,2,NA,False,Personal,091,Destroyed,Instrument (IMC),MAJESTY AIR INC,Maneuvering,Ongoing,False,Approved by Office Director,NA,NA,6/14/2025,14-6-2025
ERA25FA231,Accident,200356,2025-06-20,Broadway,NC,USA,NA,N79AV,5114,False,Aviation,Aviation,Approved by Office Director,NA,NA,Fatal,2,0,0,2,0,NA,NA,Accident,35.437687,-79.016907,PITTS,S2,Airplane,NA,NA,False,1,NA,False,Personal,091,Substantial,NA,On File,Enroute,Ongoing,False,Approved by Office Director,NA,NA,6/20/2025,20-6-2025
ERA25FA260,Accident,200482,2025-07-07,Sanford,NC,USA,NA,N5656M,0341,False,Aviation,Aviation,Approved by Office Director,NA,NA,Fatal,4,0,0,4,0,NA,NA,Accident,35.507011,-79.141281,CIRRUS DESIGN CORP,SR22T,Airplane,NA,NA,False,1,NA,False,Personal,091,Substantial,Visual (VMC),On File,Unknown,Ongoing,False,Approved by Office Director,NA,NA,7/7/2025,7-7-2025
ERA25LA289,Accident,200715,2025-08-02,Oak Island,NC,USA,NA,N784J,980,False,Aviation,Aviation,Approved by Office Director,NA,NA,Minor,0,0,1,1,0,NA,NA,Accident,33.900748,-78.07954,JABIRU AIRCRAFT PTY LTD,J230-D,Airplane,SUT,CAPE FEAR RGNL JETPORT/HOWIE FRANKLIN FLD,False,1,NA,False,Personal,091,Substantial,Visual (VMC),On File,Enroute,Ongoing,False,Approved by Office Director,NA,NA,8/2/2025,2-8-2025
ERA25FA352,Accident,201041,2025-09-18,Franklin,NC,USA,NA,N218VB,1378,False,Aviation,Aviation,Approved by Office Director,NA,NA,Fatal,3,0,0,3,0,NA,NA,Accident,35.226085,-83.418479,CIRRUS DESIGN CORP,SR22T,Airplane,1A5,MACON COUNTY,False,1,NA,False,Personal,091,Substantial,Visual (VMC),On File,Approach,Ongoing,False,Approved by Office Director,NA,NA,9/18/2025,18-9-2025
ERA26LA008,Accident,201815,2025-10-07,East Rockingham,NC,USA,NA,N63BC,637,False,Aviation,Aviation,Approved by Office Director,2025-12-11,NA,None,0,0,0,0,0,"The pilot’s failure to maintain control of the airplane during initial climb, resulting in an aerodynamic stall and impact with terrain.",Personnel issues - Task performance - Use of equip/info - Pilot; Aircraft - Aircraft oper/perf/capability - Performance/control parameters - Capability exceeded,Accident,34.890375,-79.758469,CHAMPION,7ECA,Airplane,RCZ,RICHMOND COUNTY,False,1,Reciprocating,False,Personal,091,Substantial,Visual (VMC); Visual (VMC),On File,InitialClimb; Landing; UncontrolledDescent,Completed,False,Approved by Office Director,NA,NA,10/7/2025,7-10-2025
CEN26FA022,Accident,201880,2025-10-17,Spruce Pine,NC,USA,NA,N8610X,004,False,Aviation,Aviation,Approved by Office Director,NA,NA,Fatal,1,0,0,1,0,NA,NA,Accident,35.941379,-81.993969,KITFOX,II,Airplane,7A8,AVERY COUNTY/MORRISON FLD,True,1,NA,False,Personal,091,Destroyed,Visual (VMC),On File,Takeoff,Ongoing,False,Approved by Office Director,NA,NA,10/17/2025,17-10-2025
ERA26LA037,Accident,201976,2025-11-09,Southern Pines,NC,USA,NA,N500CA; N500CA,TC-494; TC-494,False,Aviation,Aviation,Approved by Office Director,2026-05-07,NA,None,0,0,0,0,0,"The pilot’s failure to maintain directional control during takeoff at night, while distracted by an animal approaching the runway, which resulted in collision with a runway light.",Aircraft - Aircraft oper/perf/capability - Performance/control parameters - Not attained/maintained; Personnel issues - Psychological - Attention/monitoring - Pilot; Personnel issues - Task performance - Use of equip/info - Pilot,Accident,35.235996,-79.392088,BEECH; BEECH,95-A55; 95-A55,Airplane; Airplane,SOP,Moore County Airport,False,2,Reciprocating; Reciprocating,False,Personal,091; 091,Substantial; Substantial,Visual (VMC),On File; On File,Takeoff; Takeoff; Takeoff,Completed,False,Approved by Office Director,NA,NA,11/9/2025,9-11-2025
ERA26LA050,Accident,202051,2025-11-18,Eureka,NC,USA,NA,N6255Q,401A0055,False,Aviation,Aviation,Approved by Office Director,NA,NA,Minor,0,0,1,1,0,NA,NA,Accident,35.570653,-77.872397,CESSNA,401,Airplane,NA,NA,False,2,NA,False,Aerial observation,091,Substantial,Visual (VMC),On File,Maneuvering,Ongoing,False,Approved by Office Director,NA,NA,11/18/2025,18-11-2025
ERA24FA397,Accident,195219,2024-09-28,Kill Devil Hills,NC,USA,NA,N1281F,9379,False,Aviation,Aviation,Approved by Office Director,NA,NA,Fatal,5,0,0,5,0,NA,NA,Accident,36.015372,-75.671062,CIRRUS DESIGN CORP,SR22,Airplane,FFA,First Flight,False,1,NA,False,Personal,091,Destroyed,Visual (VMC),PANTHEON AVIATION LLC,Landing; Landing,Ongoing,False,Approved by Office Director,NA,NA,9/28/2024,28-9-2024
ERA25LA007,Accident,195303,2024-10-03,Rutherfordton,NC,USA,NA,N9117R,NAV-4-960,False,Aviation,Aviation,Approved by Office Director,NA,NA,Minor,0,0,2,2,0,NA,NA,Accident,35.42938,-81.935182,NORTH AMERICAN,NAVION,Airplane,FQD,Rutherford County Airport/Marchman Field,False,1,NA,False,Personal,091,Substantial,Visual (VMC); Visual (VMC),On File,Approach; Landing,Ongoing,False,Approved by Office Director,NA,NA,10/3/2024,3-10-2024
ERA25LA061,Accident,195558,2024-11-28,Franklin,NC,USA,NA,N907EJ,FL-161,False,Aviation,Aviation,Approved by Office Director,NA,NA,None,0,0,0,0,0,NA,NA,Accident,35.223074,-83.415684,BEECH,B300,Airplane,1A5,MACON COUNTY,False,2,NA,False,Personal,091,Substantial,Visual (VMC),BARREL KING LLC,Landing; Landing; Landing,Ongoing,False,Approved by Office Director,NA,NA,11/28/2024,28-11-2024
ERA25LA062,Accident,195559,2024-11-27,Ocean Isle Beach,NC,USA,NA,N814B,SC20-014,False,Aviation,Aviation,Approved by Office Director,NA,NA,Serious,0,1,0,1,0,NA,NA,Accident,33.90932,-78.434686,ALEXANDER S ROLINSKI,BOT JOURNEY,Airplane,60J,Odell Williamson Municipal,False,1,NA,False,Flight test,091,Substantial,Visual (VMC),On File,InitialClimb,Ongoing,False,Approved by Office Director,NA,NA,11/27/2024,27-11-2024
ERA25LA087,Accident,199495,2024-12-19,Southport,NC,USA,NA,N7085G,17258785,False,Aviation,Aviation,Approved by Office Director,2025-11-20,NA,None,0,0,0,0,0,"The pilot’s loss of aircraft control due to spatial disorientation, and the flight instructor’s inadequate supervision, which resulted in the subsequent overstress of the airplane during recovery.",Aircraft - Aircraft structures - Wing structure - Capability exceeded; Personnel issues - Action/decision - Action - Instructor/check pilot; Personnel issues - Psychological - Perception/orientation/illusion - Pilot,Accident,33.932947,-78.070601,CESSNA,172K,Airplane,ILM,NA,False,1,Reciprocating,False,Instructional,091,Substantial,Instrument (IMC); Instrument (IMC),On File,Enroute,Completed,False,Approved by Office Director,NA,NA,12/19/2024,19-12-2024
ERA25LA099,Accident,199578,2025-01-14,Wilmington,NC,USA,NA,N417KG,579,False,Aviation,Aviation,Approved by Office Director,2025-04-22,NA,None,0,0,0,0,0,"The pilot’s improper landing flare, which resulted in a wing strike.",Personnel issues - Task performance - Use of equip/info - Pilot; Aircraft - Aircraft oper/perf/capability - Performance/control parameters - Not attained/maintained,Accident,34.269851,-77.903948,SOCATA,TBM 700,Airplane,ILM,WILMINGTON INTL,False,1,Turbo prop,False,Personal,091,Substantial,Visual (VMC); Visual (VMC),On File,Landing,Completed,False,Approved by Office Director,NA,NA,1/14/2025,14-1-2025
ERA25LA116,Accident,199685,2025-02-11,Asheboro,NC,USA,NA,N769DM,08SP24,False,Aviation,Aviation,Approved by Office Director,NA,NA,None,0,0,0,0,0,NA,NA,Accident,35.655695,-79.894193,Mackey Property Holdings LLC,Sparker,Airplane,HBI,ASHEBORO RGNL,True,1,NA,False,Personal,091,Unknown,Visual (VMC); Visual (VMC); Visual (VMC),On File,Takeoff; Landing; Landing,Ongoing,False,Approved by Office Director,NA,NA,2/11/2025,11-2-2025
ERA25LA126,Accident,199757,2025-02-25,Hampstead,NC,USA,NA,N930NH,0461,False,Aviation,Aviation,Approved by Office Director,NA,NA,Serious,0,0,0,3,0,NA,NA,Accident,34.35319,-77.8154,EUROCOPTER DEUTSCHLAND GMBH,EC 135 P2+,Helicopter,NA,NA,False,2,NA,False,Positioning,135,Substantial,Visual (VMC),Integra Aviation LLC.,Enroute,Ongoing,False,Approved by Office Director,NA,NA,2/25/2025,25-2-2025
ERA25FA143,Accident,199855,2025-03-14,Greenville,NC,USA,NA,N566C,E-3621,False,Aviation,Aviation,Approved by Office Director,NA,NA,Fatal,0,0,0,2,0,NA,NA,Accident,35.636917,-77.370767,RAYTHEON AIRCRAFT COMPANY,A36,Airplane,PGV,Pitt-Greenville Airport,False,1,NA,False,Personal,091,Substantial,Unknown,On File,InitialClimb,Ongoing,False,Approved by Office Director,NA,NA,3/14/2025,14-3-2025
ERA25LA157,Accident,199917,2025-02-25,Lenoir,NC,USA,NA,N7697N,CD-1201,False,Aviation,Aviation,Approved by Office Director,2026-04-29,NA,None,0,0,0,0,0,"The mechanic’s inadequate annual inspection of the airplane and failure to comply with an applicable airworthiness directive, which resulted in a total loss of engine power due to oil starvation.",Personnel issues - Task performance - Inspection - Maintenance personnel; Aircraft - Aircraft power plant - Eng oil sys (airframe furnish) - Incorrect service/maintenance,Accident,35.934627,-81.499871,BEECH,E33,Airplane,NC27,Lowe Creek,False,1,Reciprocating,False,Personal,091,Substantial,Visual (VMC),On File,Landing; EmergencyDescent; Enroute,Completed,False,Approved by Office Director,NA,NA,2/25/2025,25-2-2025
ERA25LA164,Accident,199950,2025-04-01,Hickory,NC,USA,NA,N79514,17268134,False,Aviation,Aviation,Approved by Office Director,2025-08-28,NA,Minor,0,0,1,1,0,"The student pilot’s failure to maintain airplane control during an attempted go-around, which resulted in an aerodynamic stall/spin and collision with terrain.",Aircraft - Aircraft oper/perf/capability - Performance/control parameters - Not attained/maintained; Personnel issues - Task performance - Use of equip/info - Pilot,Accident,35.743384,-81.379581,CESSNA,172N,Airplane,HKY,HICKORY RGNL,False,1,Reciprocating,False,Instructional,091,Substantial,Visual (VMC),On File,UncontrolledDescent; InitialClimb,Completed,False,Approved by Office Director,NA,NA,4/1/2025,1-4-2025
ERA25LA183,Accident,200052,2025-04-18,Taylorsville,NC,USA,NA,N497AR,LCF2,False,Aviation,Aviation,Approved by Office Director,2025-09-05,NA,Serious,0,1,1,2,0,"The pilot’s failure to maintain control of the airplane during an attempted go around in gusty tailwind conditions, which resulted in an aerodynamic stall and impact with terrain.",Personnel issues - Task performance - Use of equip/info - Pilot; Aircraft - Aircraft oper/perf/capability - Performance/control parameters - Not attained/maintained,Accident,35.83353,-81.23142,FRANK LOWELL C,PIETENPOL,Airplane,PVT,Crossroads Grill Airstrip,True,1,Reciprocating,False,Personal,091,Substantial,Visual (VMC),On File,UncontrolledDescent; Approach; Approach,Completed,False,Approved by Office Director,NA,NA,4/18/2025,18-4-2025
ERA25LA188,Accident,200073,2025-04-23,Louisburg,NC,USA,NA,N6386V,172RG0649,False,Aviation,Aviation,Approved by Office Director,NA,NA,None,0,0,0,0,0,NA,NA,Accident,36.015592,-78.337792,CESSNA,172RG,Airplane,LHZ,TRIANGLE NORTH EXEC,False,1,NA,False,Personal,091,Substantial,Visual (VMC),On File,InitialClimb; InitialClimb; InitialClimb,Ongoing,False,Approved by Office Director,NA,NA,4/23/2025,23-4-2025
ERA25LA196,Accident,200116,2025-04-30,Brasstown,NC,USA,NA,N788MP,JA612-01-21,False,Aviation,Aviation,Approved by Office Director,2025-11-06,NA,Serious,0,0,0,1,0,"The pilot’s inadvertent application of brake pressure during landing, which resulted in a nose over.",Personnel issues - Task performance - Use of equip/info - Pilot; Aircraft - Aircraft systems - Landing gear system - Incorrect use/operation,Accident,35,-83,CHRIS WALLEN/MICHAEL PLISKE,JUST ACFT HIGHLANDER,Airplane,None,Payne's Landing,True,1,Reciprocating,False,Personal,091,Substantial,Visual (VMC),On File,Landing,Completed,False,Approved by Office Director,NA,NA,4/30/2025,30-4-2025
ERA25LA198,Accident,200131,2025-05-07,Sanford,NC,USA,NA,N499BW,40.NC020,False,Aviation,Aviation,Approved by Office Director,NA,NA,Serious,0,0,0,2,0,NA,NA,Accident,35.571684,-79.106008,DIAMOND AIRCRAFT IND INC,DA 40 NG,Airplane,TTA,RALEIGH EXEC JETPORT AT SANFORD-LEE COUNTY,False,1,NA,False,Personal,091,Substantial,Visual (VMC),On File,Approach,Ongoing,False,Approved by Office Director,NA,NA,5/7/2025,7-5-2025
DCA24LA144,Accident,194029,2024-04-03,Cecil,NC,USA,NA,N899AT; N899AT,55049; 55049,False,Aviation,Aviation,Approved by Office Director,2024-10-15,NA,Serious,0,0,0,1,0,An encounter with clear air turbulence.,Environmental issues - Conditions/weather/phenomena - Turbulence - Effect on personnel,Accident,35.31538,-82.937207,BOEING; BOEING,717-200; 717-200,Airplane; Airplane,NA,NA,False,2,Turbo fan; Turbo fan,True,NA,121; 121,None; None,Visual (VMC); Visual (VMC),"Delta Air Lines, Inc.; Delta Air Lines, Inc.",Enroute,Completed,False,Approved by Office Director,NA,NA,4/3/2024,3-4-2024
ERA24LA169,Accident,194045,2024-04-07,Hendersonville,NC,USA,NA,N381RS,CH2-1003-2381,False,Aviation,Aviation,Approved by Office Director,2024-05-29,NA,None,0,0,0,0,0,A loss of engine power for undetermined reasons.,Not determined - Not determined - (general) - Unknown/Not determined,Accident,35.3187,-82.461,SNYDER ROBERT L,CHALLENGER II,Airplane,0A7,HENDERSONVILLE,True,1,Reciprocating,False,Personal,091,Substantial,Visual (VMC),On File,EmergencyDescent; InitialClimb,Completed,False,Approved by Office Director,NA,NA,4/7/2024,7-4-2024
ERA24LA179,Accident,194096,2024-04-15,Rocky Mount,NC,USA,NA,N3FR,R172-0237,False,Aviation,Aviation,Approved by Office Director,2025-01-16,NA,None,0,0,0,0,0,"The pilot and mechanic’s failure to identify and completely eliminate the water and debris contamination present in the airplane’s fuel system before embarking on the flight, which resulted in a total loss of engine power.",Personnel issues - Task performance - Inspection - Pilot; Aircraft - Fluids/misc hardware - Fluids - Fluid condition; Personnel issues - Task performance - Inspection - Maintenance personnel,Accident,35.92926,-77.81499,CESSNA,R172,Airplane,N/A,NA,False,1,Reciprocating,False,Positioning,091,Substantial,Visual (VMC),On File,Enroute; Enroute,Completed,False,Approved by Office Director,NA,NA,4/15/2024,15-4-2024
ERA24LA186,Accident,194120,2024-04-12,Concord,NC,USA,NA,N777NT,21060972,False,Aviation,Aviation,Approved by Office Director,2024-06-21,NA,None,0,0,0,0,0,"Failure of a landing gear extension system hydraulic hose, which resulted in a landing with the landing gear retracted.",Aircraft - Aircraft systems - Landing gear system - Failure,Accident,35.38777,-80.709132,CESSNA,210,Airplane,JQF,Concord Regional Airport,False,1,Reciprocating,False,Personal,091,Substantial,Visual (VMC),On File,Landing; Landing; Approach,Completed,False,Approved by Office Director,NA,NA,4/12/2024,12-4-2024
ERA24LA188,Accident,194127,2024-04-18,Stoneville,NC,USA,NA,N7921G,17259621,False,Aviation,Aviation,Approved by Office Director,2024-10-31,NA,None,0,0,0,0,0,"The student pilot’s improper landing flare, which resulted in a bounced, hard landing.",Personnel issues - Task performance - Use of equip/info - Student/instructed pilot; Aircraft - Aircraft oper/perf/capability - Performance/control parameters - Not attained/maintained,Accident,36.437216,-79.85101,CESSNA,172,Airplane,SIF,ROCKINGHAM COUNTY NC SHILOH,False,1,Reciprocating,False,Instructional,091,Substantial,Visual (VMC),TRIAD AVIATION ACADEMY LLC,Landing,Completed,False,Approved by Office Director,NA,NA,4/18/2024,18-4-2024
ERA24LA191,Accident,194143,2024-04-24,Raleigh,NC,USA,NA,N228CH,356,False,Aviation,Aviation,Approved by Office Director,2026-05-13,NA,Serious,0,1,1,2,0,"The pilot’s decision to continue an unstabilized approach, which resulted in a bounced landing, and his failure to maintain proper airspeed and climb attitude after aborting the landing, which led to the airplane exceeding its critical angle of attack and resulting in an aerodynamic stall.",Personnel issues - Task performance - Use of equip/info - Pilot; Aircraft - Aircraft oper/perf/capability - Performance/control parameters - Not attained/maintained; Aircraft - Aircraft oper/perf/capability - Performance/control parameters - Not attained/maintained; Aircraft - Aircraft oper/perf/capability - Performance/control parameters - Not attained/maintained; Personnel issues - Action/decision - Info processing/decision - Pilot,Accident,35.870384,-78.778245,SOCATA,TBM 850,Airplane,RDU,RALEIGH-DURHAM INTL,False,1,Turbo prop,False,Business,091,Substantial,Visual (VMC); Visual (VMC); Visual (VMC),On File,InitialClimb; Landing; Landing,Completed,False,Approved by Office Director,NA,NA,4/24/2024,24-4-2024
ERA24LA203,Accident,194192,2024-04-30,Louisburg,NC,USA,NA,N7535Z,3477,False,Aviation,Aviation,Approved by Office Director,2024-08-30,NA,None,0,0,0,0,0,"The pilot under instruction’s inadvertent use of the mixture control, which resulted in a total loss of engine power.",Aircraft - Aircraft power plant - Engine fuel and control - Incorrect use/operation; Personnel issues - Action/decision - Action - Student/instructed pilot,Accident,36,-78,ROBINSON HELICOPTER,R22 BETA,Helicopter,LHZ,Triangle North Executive,False,1,Reciprocating,False,Instructional,091,Substantial,Visual (VMC); Visual (VMC),On File,Approach; EmergencyDescent,Completed,False,Approved by Office Director,NA,NA,4/30/2024,30-4-2024
ERA24LA213,Accident,194227,2024-05-01,Apex,NC,USA,NA,N6872H,20089,False,Aviation,Aviation,Approved by Office Director,2024-08-30,NA,Minor,0,0,0,1,0,"The loss of directional control during the landing roll for reasons that could not be determined, due to impact damage sustained to the brake system.",Not determined - Not determined - (general) - Unknown/Not determined,Accident,35.751818,-78.859729,PIPER,J3C-65,Airplane,NC81,Cox Airport,False,1,Reciprocating,False,Instructional,091,Substantial,Visual (VMC),On File,Landing; Landing,Completed,False,Approved by Office Director,NA,NA,5/1/2024,1-5-2024
ERA24LA230,Accident,194314,2024-05-26,Hope Mills,NC,USA,NA,N33563,28-7515346,False,Aviation,Aviation,Approved by Office Director,2025-11-05,NA,Serious,0,2,1,3,0,"A loss of engine performance due to carbon fouling of three spark plugs that, when combined with the airplane’s high gross weight condition, resulted in a collision with trees and terrain.",Aircraft - Aircraft oper/perf/capability - Aircraft capability - Related operating info; Aircraft - Aircraft power plant - Ignition system - Damaged/degraded; Personnel issues - Action/decision - Info processing/decision - Pilot; Aircraft - Aircraft oper/perf/capability - Aircraft capability - Attain/maintain not possible; Environmental issues - Physical environment - Object/animal/substance - Contributed to outcome; Aircraft - Aircraft oper/perf/capability - Performance/control parameters - Attain/maintain not possible; Environmental issues - Conditions/weather/phenomena - Temp/humidity/pressure - Effect on equipment,Accident,34.90315,-78.848506,PIPER,PA-28-151,Airplane,2GC,GRAYS CREEK,False,1,Reciprocating,False,Personal,091,Substantial,Visual (VMC),CAPE FEAR AVIATION SERVICES LLC,InitialClimb; InitialClimb,Completed,False,Approved by Office Director,NA,NA,5/26/2024,26-5-2024
ERA24LA240,Accident,194367,2024-06-01,Zebulon,NC,USA,NA,N7650V,1378,False,Aviation,Aviation,Approved by Office Director,2025-02-27,NA,Serious,0,1,0,1,0,A total loss of engine power while maneuvering due to fuel starvation.,Personnel issues - Task performance - Use of equip/info - Pilot; Aircraft - Fluids/misc hardware - Fluids - Fluid level,Accident,35.935278,-78.243056,AERO COMMANDER,CALLAIR A-9B,Airplane,7NC5,CROOKED CREEK,False,1,Reciprocating,False,Glider tow,091,Substantial,Visual (VMC),On File,Landing; Maneuvering,Completed,False,Approved by Office Director,NA,NA,6/1/2024,1-6-2024
ERA24LA244,Accident,194381,2024-06-01,New Hill,NC,USA,NA,N331PF,1907,False,Aviation,Aviation,Approved by Office Director,2024-07-02,NA,None,0,0,0,0,0,The pilot's failure to maintain control of the helicopter while hovering.,Aircraft - Aircraft oper/perf/capability - Performance/control parameters - Not attained/maintained; Personnel issues - Task performance - Use of equip/info - Pilot,Accident,35.68111,-78.93555,Ruth,Hummingbird,Helicopter,NA,NA,True,1,Reciprocating,False,Flight test,091,Substantial,Visual (VMC); Visual (VMC),On File,Maneuvering,Completed,False,Approved by Office Director,NA,NA,6/1/2024,1-6-2024
ERA24LA260,Accident,194466,2024-05-30,Greensboro,NC,USA,NA,N3687L,17253856,False,Aviation,Aviation,Approved by Office Director,2024-09-19,NA,None,0,0,0,0,0,"The pilot's improper landing flare, which resulted in a hard landing and a subsequent loss of directional control.",Personnel issues - Task performance - Use of equip/info - Pilot; Aircraft - Aircraft oper/perf/capability - Performance/control parameters - Not attained/maintained,Accident,36,-79,CESSNA,172G,Airplane,GSO,PIEDMONT TRIAD INTL,False,1,Reciprocating,False,Personal,091,Substantial,Visual (VMC),On File,Landing; Landing,Completed,False,Approved by Office Director,NA,NA,5/30/2024,30-5-2024
ERA24FA261,Accident,194471,2024-06-14,Siler City,NC,USA,NA,N515DH,28-25331,False,Aviation,Aviation,Approved by Office Director,NA,NA,Fatal,2,0,0,2,0,NA,NA,Accident,35.696578,-79.501358,PIPER,PA28,Airplane,KSCR,Siler City Municipal Airport,False,1,NA,False,Instructional,091,Destroyed,Visual (VMC),On File,Approach,Ongoing,False,Approved by Office Director,NA,NA,6/14/2024,14-6-2024
ERA24LA280,Accident,194559,2024-06-08,Beaufort,NC,USA,NA,N65131,42027,False,Aviation,Aviation,Approved by Office Director,2024-11-22,NA,None,0,0,0,0,0,"The pilot's failure to attain a proper touchdown point during landing, which resulted in a runway overrun.",Personnel issues - Task performance - Use of equip/info - Pilot; Aircraft - Aircraft oper/perf/capability - Performance/control parameters - Not attained/maintained,Accident,34.728573,-76.655277,LANCAIR COMPANY,LC42-550FG,Airplane,MRH,MICHAEL J SMITH FLD,False,1,Reciprocating,False,Personal,091,Substantial,Visual (VMC),On File,Landing,Completed,False,Approved by Office Director,NA,NA,6/8/2024,8-6-2024
ERA24LA289,Accident,194590,2024-06-29,Lewiston Woodville,NC,USA,NA,N46118,17257051,False,Aviation,Aviation,Approved by Office Director,2026-04-29,NA,None,0,0,0,0,0,"The obstruction of the engine’s cooling system by foreign object debris (residential-type insulation), which resulted in smoke, an elevated oil temperature, and a subsequent  off-airport landing on unsuitable terrain.",Aircraft - Aircraft power plant - Power plant - Damaged/degraded; Environmental issues - Physical environment - Terrain - Contributed to outcome; Aircraft - Aircraft power plant - Eng oil sys (airframe furnish) - Damaged/degraded,Accident,36.033729,-77.15066,CESSNA,172,Airplane,JGG,Williamsburg-Jamestown Airport,False,1,Reciprocating,False,Personal,091,Substantial,Visual (VMC),On File,EmergencyDescent; Landing; Enroute,Completed,False,Approved by Office Director,NA,NA,6/29/2024,29-6-2024
ERA24FA294,Accident,194627,2024-07-08,Rutherfordton,NC,USA,NA,N2198G,18251498,False,Aviation,Aviation,Approved by Office Director,2026-07-16,NA,Fatal,3,0,0,3,0,"The pilot’s failure to maintain clearance from clouds, resulting in controlled flight into terrain due to mountain obscuration.",Personnel issues - Experience/knowledge - Experience/qualifications - Pilot; Personnel issues - Action/decision - Info processing/decision - Pilot; Environmental issues - Conditions/weather/phenomena - Ceiling/visibility/precip - Effect on operation; Environmental issues - Conditions/weather/phenomena - Ceiling/visibility/precip - Effect on personnel; Personnel issues - Action/decision - Info processing/decision - Pilot; Personnel issues - Task performance - Use of equip/info - Pilot,Accident,35.5294,-81.915802,CESSNA,182,Airplane,NA,NA,False,1,Reciprocating,False,Positioning,091,Substantial,Instrument (IMC),AIRSTAR AVIATION INC,Enroute; Enroute,Completed,False,Approved by Office Director,NA,NA,7/8/2024,8-7-2024
ERA24LA307,Accident,194720,2024-07-01,Greenville,NC,USA,NA,N9308Q; N9308Q,TC-1411; TC-1411,False,Aviation,Aviation,Approved by Office Director,2024-10-22,NA,None,0,0,0,0,0,A landing with the nose gear retracted as a result of an intermittent landing gear relay.,Aircraft - Aircraft systems - Landing gear system - Malfunction,Accident,35.631947,-77.384789,BEECH; BEECH,95-B55 ; 95-B55,Airplane; Airplane,PGV,PITT-GREENVILLE,False,2,Reciprocating; Reciprocating,False,Personal,091; 091,Substantial; Substantial,Visual (VMC),On File; On File,Approach; Landing; Landing,Completed,False,Approved by Office Director,NA,NA,7/1/2024,1-7-2024
ERA24LA311,Accident,194730,2024-07-21,Beaufort,NC,USA,NA,N9581S,192,False,Aviation,Aviation,Approved by Office Director,2026-07-08,NA,Serious,0,1,1,2,0,"The pilot’s inadequate fuel planning and preflight inspection, which resulted in fuel exhaustion, a total loss of engine power, and a forced landing.",Aircraft - Fluids/misc hardware - Fluids - Fluid management; Personnel issues - Task performance - Inspection - Pilot; Personnel issues - Task performance - Planning/preparation - Pilot,Accident,34.781306,-76.666178,CHAMPION,7ECA,Airplane,MRH,Michael J Smith Field Airport,False,1,Reciprocating,False,Personal,091,Substantial,Visual (VMC); Visual (VMC),On File,Enroute; Enroute; Landing,Completed,False,Approved by Office Director,NA,NA,7/21/2024,21-7-2024
ERA24LA319,Accident,194751,2024-06-16,Elizabeth City,NC,USA,NA,N92970,172S11124,False,Aviation,Aviation,Approved by Office Director,2024-09-04,NA,None,0,0,0,0,0,The pilot’s improper flare and subsequent improper recovery from a bounced landing.,Aircraft - Aircraft oper/perf/capability - Performance/control parameters - Not attained/maintained; Personnel issues - Task performance - Use of equip/info - Pilot,Accident,36.260576,-76.174567,CESSNA,172,Airplane,ECG,ELIZABETH CITY CG AIR STATION/RGNL,False,1,Reciprocating,False,Instructional,091,Substantial,Visual (VMC),ELIZABETH CITY STATE UNIVERSITY,Landing,Completed,False,Approved by Office Director,NA,NA,6/16/2024,16-6-2024
ERA24LA321,Accident,194755,2024-07-12,Pisgah Forest,NC,USA,NA,N5VV; N5VV,TH1334; TH1334,False,Aviation,Aviation,Approved by Office Director,2024-09-27,NA,None,0,0,0,0,0,"The pilot’s failure to maintain proper altitude and airspeed on final approach, resulting in a runway excursion and substantial damage to the airplane.",Aircraft - Aircraft oper/perf/capability - Performance/control parameters - Not attained/maintained; Aircraft - Aircraft oper/perf/capability - Performance/control parameters - Not attained/maintained; Personnel issues - Task performance - Use of equip/info - Pilot,Accident,35.270278,-82.644167,BEECH; BEECH,58; 58,Airplane; Airplane,3NR3,Transylvania Community Airport,False,2,Reciprocating; Reciprocating,False,Personal,091; 091,Substantial; Substantial,Visual (VMC),On File; On File,Landing; Landing,Completed,False,Approved by Office Director,NA,NA,7/12/2024,12-7-2024
ERA24LA351,Accident,194945,2024-08-18,Washington,NC,USA,NA,N680SA; N680SA,680-0237; 680-0237,False,Aviation,Aviation,Approved by Office Director,2025-07-03,NA,Minor,0,0,1,0,1,"The flight crew’s failure to properly configure the airplane before landing and the captain’s subsequent failure to recognize the landing gear aural warning, which resulted in a gear-up landing. Contributing to the accident was the flight crew’s inadequate checklist use and crew coordination, and the known diminished capability of the airplane’s communication system.",Personnel issues - Task performance - Communication (personnel) - Flight crew; Personnel issues - Task performance - Use of equip/info - Flight crew,Accident,35.571435,-77.047174,CESSNA; CESSNA,680; 680,Airplane; Airplane,OCW,WASHINGTON-WARREN,False,2,Turbo fan; Turbo fan,False,Positioning,091; 091,Substantial; Substantial,Visual (VMC),On File; On File,Landing,Completed,False,Approved by Office Director,NA,NA,8/18/2024,18-8-2024
ERA24LA354,Accident,194972,2024-08-19,Asheboro,NC,USA,NA,N600KA; N600KA,FA-143; FA-143,False,Aviation,Aviation,Approved by Office Director,2024-11-08,NA,None,0,0,0,0,0,The pilot’s failure to extend the landing gear before landing.,Aircraft - Aircraft systems - Landing gear system - Not used/operated; Personnel issues - Action/decision - Action - Pilot,Accident,35.655069,-79.896499,BEECH; BEECH,300; 300,Airplane; Airplane,HBI,ASHEBORO RGNL,False,2,Turbo prop; Turbo prop,False,Personal,091; 091,Substantial; Substantial,Visual (VMC); Visual (VMC),On File; On File,Landing; Landing,Completed,False,Approved by Office Director,NA,NA,8/19/2024,19-8-2024
ERA24LA374,Accident,195084,2024-06-16,Smithfield,NC,USA,NA,N2257D,20409,False,Aviation,Aviation,Approved by Office Director,2025-01-21,NA,None,0,0,0,0,0,The pilot’s failure to maintain directional control during the landing roll.,Personnel issues - Task performance - Use of equip/info - Pilot; Aircraft - Aircraft oper/perf/capability - Performance/control parameters - Not attained/maintained,Accident,35.541285,-78.390004,CESSNA,170B,Airplane,JNX,Johnston Regional Airport,False,1,Reciprocating,False,Personal,091,Substantial,Visual (VMC),On File,Landing; Landing,Completed,False,Approved by Office Director,NA,NA,6/16/2024,16-6-2024
ERA24LA376,Accident,195098,2024-09-08,Raleigh,NC,USA,NA,N6037M; N6037M,TH-1022; TH-1022,False,Aviation,Aviation,Approved by Office Director,2025-01-03,NA,None,0,0,0,0,0,Damage to the landing gear selector switch wire bundle which resulted in an inadvertent retraction of the landing gear during the takeoff roll.,Aircraft - Aircraft systems - Landing gear system - Damaged/degraded; Aircraft - Aircraft systems - Landing gear system - Malfunction,Accident,35.872419,-78.78785,BEECH; BEECH,58; 58,Airplane; Airplane,RDU,Raleigh-Durham International Airport,False,2,Reciprocating; Reciprocating,False,Personal,091; 091,Substantial; Substantial,Visual (VMC); Visual (VMC),RALEIGH FLYING CLUB LLC; RALEIGH FLYING CLUB LLC,Takeoff,Completed,False,Approved by Office Director,NA,NA,9/8/2024,8-9-2024
ERA23LA310,Accident,192705,2023-07-24,New London,NC,USA,NA,N98134,28-26064,False,Aviation,Aviation,Approved by Office Director,2024-09-18,NA,Serious,0,1,1,2,0,A partial loss of engine power due to the No. 4 cylinder’s stuck exhaust valve.,Aircraft - Aircraft power plant - Engine (reciprocating) - Damaged/degraded,Accident,35.416694,-80.150791,PIPER,PA-28-140,Airplane,VUJ,STANLY COUNTY,False,1,Reciprocating,False,Instructional,091,Substantial,Visual (VMC),On File,EmergencyDescent; Enroute,Completed,False,Approved by Office Director,NA,NA,7/24/2023,24-7-2023
ERA23LA316,Accident,192735,2023-07-27,MAIDEN,NC,USA,NA,N6194Q,15285189,False,Aviation,Aviation,Approved by Office Director,2023-11-30,NA,Minor,0,0,0,2,0,"The flight instructor’s inadequate supervision of the landing approach and go-around, and his delayed remedial action.",Personnel issues - Psychological - Attention/monitoring - Instructor/check pilot; Personnel issues - Action/decision - Action - Instructor/check pilot,Accident,35.576147,-81.109913,CESSNA,152,Airplane,N92,Laneys Airport,False,1,Reciprocating,False,Instructional,091,Substantial,Visual (VMC),Flight Level Aviation  LLC,Approach,Completed,False,Approved by Office Director,NA,NA,7/27/2023,27-7-2023
ERA23LA334,Accident,192853,2023-08-13,Hickory,NC,USA,NA,N239WD,S0392,False,Aviation,Aviation,Approved by Office Director,2024-07-05,NA,Fatal,2,0,0,2,0,"The pilot’s failure to maintain clearance from powerlines while maneuvering at a low altitude over water, which resulted in a collision and loss of control.",Personnel issues - Action/decision - Action - Pilot; Personnel issues - Psychological - Attention/monitoring - Pilot; Environmental issues - Physical environment - Object/animal/substance - Effect on equipment; Personnel issues - Action/decision - Info processing/decision - Pilot; Environmental issues - Physical environment - Object/animal/substance - Ability to respond/compensate,Accident,35.77307,-81.352747,SCODA AERONAUTICA LTDA,SUPER PETREL LS,Airplane,HKY,HICKORY RGNL,False,1,Reciprocating,False,Personal,091,Substantial,Visual (VMC),On File,Maneuvering,Completed,False,Approved by Office Director,NA,NA,8/13/2023,13-8-2023
ERA23LA338,Accident,192886,2023-08-13,Edenton,NC,USA,NA,N169SM,JAESC0049,False,Aviation,Aviation,Approved by Office Director,2024-07-10,NA,None,0,0,0,0,0,"The pilot’s inadequate fuel planning, which led to a total loss of engine power due to fuel exhaustion.",Aircraft - Fluids/misc hardware - Fluids - Fluid level; Personnel issues - Task performance - Planning/preparation - Pilot,Accident,36.02181,-76.46954,STEPHEN J MOORMAN,JUST AIRCRAFT HIGHLA,Airplane,NA,NA,True,1,Reciprocating,False,Personal,091,Substantial,Visual (VMC),On File,Enroute; EmergencyDescent,Completed,False,Approved by Office Director,NA,NA,8/13/2023,13-8-2023
ERA23LA348,Accident,192935,2023-08-23,Pink Hill,NC,USA,NA,N8474J,15066374,False,Aviation,Aviation,Approved by Office Director,2023-12-07,NA,Minor,0,0,0,2,0,"The pilot’s inadequate compensation for prevailing wind conditions during the landing approach, which resulted in the airplane contacting the ground short of the runway.",Aircraft - Aircraft oper/perf/capability - Performance/control parameters - Not attained/maintained; Environmental issues - Conditions/weather/phenomena - Wind - Response/compensation,Accident,35.07575,-77.696028,CESSNA,150,Airplane,NONE,Howard Field,False,1,Reciprocating,False,Personal,091,Substantial,Visual (VMC),On File,Landing; Landing,Completed,False,Approved by Office Director,NA,NA,8/23/2023,23-8-2023
ERA23LA375,Accident,193093,2023-09-18,Winston-Salem,NC,USA,NA,N1451U,17267118,False,Aviation,Aviation,Approved by Office Director,2023-11-09,NA,None,0,0,0,0,0,The pilot’s loss of directional control upon landing which resulted in substantial damage to the left wing and left horizontal stabilizer.,Aircraft - Aircraft oper/perf/capability - Performance/control parameters - Not attained/maintained; Personnel issues - Task performance - Use of equip/info - Student/instructed pilot,Accident,36.138127,-80.22637,CESSNA,172,Airplane,INT,SMITH REYNOLDS,False,1,Reciprocating,False,Instructional,091,Substantial,Visual (VMC); Visual (VMC),PIEDMONT FLIGHT INC,Landing; Landing; Landing,Completed,False,Approved by Office Director,NA,NA,9/18/2023,18-9-2023
ERA24LA010,Accident,193249,2023-10-15,Southport,NC,USA,NA,N72FU,08SC140,False,Aviation,Aviation,Approved by Office Director,2025-11-05,NA,Minor,0,0,1,1,0,"The student pilot’s use of carburetor heat during takeoff, which resulted in a partial loss of engine power during initial climb due to an excessively rich fuel-air mixture.",Aircraft - Aircraft power plant - Engine controls - Incorrect use/operation; Personnel issues - Task performance - Use of equip/info - Student/instructed pilot; Personnel issues - Action/decision - Info processing/decision - Student/instructed pilot,Accident,33.940813,-78.059862,CZECH AIRCRAFT WORKS SPOL SRO,SPORTCRUISER,Airplane,SUT,Cape Fear Regional Jetport / Howie Franklin Field Airport,False,1,Reciprocating,False,Personal,091,Substantial,Visual (VMC),On File,InitialClimb,Completed,False,Approved by Office Director,NA,NA,10/15/2023,15-10-2023
ERA24LA025,Accident,193329,2023-10-28,Williamston,NC,USA,NA,N19YM,22827,False,Aviation,Aviation,Approved by Office Director,2023-12-13,NA,Serious,0,2,0,2,0,"Loss of directional control to avoid a deer during landing, which resulted in a runway excursion and collision with a culvert.",Aircraft - Aircraft oper/perf/capability - Performance/control parameters - Not attained/maintained; Environmental issues - Physical environment - Object/animal/substance - Ability to respond/compensate,Accident,35.862193,-77.178201,CESSNA,305,Airplane,MCZ,MARTIN COUNTY,False,1,Reciprocating,False,Personal,091,Substantial,Visual (VMC),On File,Landing; Landing,Completed,False,Approved by Office Director,NA,NA,10/28/2023,28-10-2023
ERA24LA066,Accident,193528,2023-12-15,Asheville,NC,USA,NA,N907L,40.NC262,False,Aviation,Aviation,Approved by Office Director,2025-12-17,NA,Serious,0,1,1,2,0,"Fatigue failure of the No. 4 inner main bearing cap screw and connecting rod bolts, which resulted in a total loss of engine power. Contributing to the failure were the low material strength of the inner main bearing cap screw and the increased loads on the screw due to wear in the No. 1 fuel injector.",Aircraft - Aircraft power plant - Engine fuel and control - Fatigue/wear/corrosion; Aircraft - Aircraft power plant - Power plant - Failure; Organizational issues - Development - Manufacture/production - Manufacturer; Aircraft - Aircraft power plant - Engine (reciprocating) - Fatigue/wear/corrosion,Accident,35.436113,-82.542047,DIAMOND AIRCRAFT IND INC,DA 40 NG,Airplane,NA,NA,False,1,Reciprocating,False,Instructional,091,Substantial,Visual (VMC),LIFT AIRCRAFT LLC,Maneuvering; Maneuvering,Completed,False,Approved by Office Director,NA,NA,12/15/2023,15-12-2023
ERA24LA086,Accident,193536,2023-10-22,Morganton,NC,USA,NA,N5954Q,3194,False,Aviation,Aviation,Approved by Office Director,2024-04-12,NA,None,0,0,0,0,0,"The pilot’s failure to maintain directional control during the takeoff roll, which resulted in a runway excursion and an impact with the runway’s precision approach path indicator (PAPI) lights.",Personnel issues - Task performance - Use of equip/info - Pilot; Aircraft - Aircraft oper/perf/capability - Performance/control parameters - Not attained/maintained,Accident,35.819809,-81.611685,MOONEY,M20C,Airplane,MRN,Foothills Regional Airport,False,1,Reciprocating,False,Flight test,091,Substantial,Visual (VMC),On File,Takeoff; Takeoff; Takeoff,Completed,False,Approved by Office Director,NA,NA,10/22/2023,22-10-2023
ERA24FA078,Accident,193581,2023-12-31,Mooresville,NC,USA,NA,N539MA,4692139,False,Aviation,Aviation,Approved by Office Director,2026-02-11,NA,Fatal,1,0,0,1,0,"A missing induction clamp, which allowed the induction hose to the left side intercooler to become disconnected, resulting in a total loss of engine power due to an overly rich fuel/air mixture.",Aircraft - Aircraft power plant - Power plant - Malfunction,Accident,35.624637,-80.912255,PIPER AIRCRAFT INC,PA46R-350T,Airplane,14A,LAKE NORMAN AIRPARK,False,1,Reciprocating,False,Personal,091,Substantial,Visual (VMC),On File,Landing; EmergencyDescent; Enroute,Completed,False,Approved by Office Director,NA,NA,12/31/2023,31-12-2023
ERA24LA090,Accident,193666,2024-01-14,Mooresville,NC,USA,NA,N512SP,172S8371,False,Aviation,Aviation,Approved by Office Director,2024-04-12,NA,Serious,0,1,0,1,0,The pilot’s failure to maintain control of the airplane during a go-around in gusting crosswind conditions.,Aircraft - Aircraft oper/perf/capability - Performance/control parameters - Not attained/maintained; Personnel issues - Task performance - Use of equip/info - Pilot; Environmental issues - Conditions/weather/phenomena - Wind - Response/compensation,Accident,35.613947,-80.899531,CESSNA,172,Airplane,14A,LAKE NORMAN AIRPARK,False,1,Reciprocating,False,Personal,091,Substantial,Visual (VMC); Visual (VMC),On File,InitialClimb; Approach,Completed,False,Approved by Office Director,NA,NA,1/14/2024,14-1-2024
ERA24LA107,Accident,193754,2024-02-01,Elizabethtown,NC,USA,NA,N6015U,M-2135,False,Aviation,Aviation,Approved by Office Director,2024-06-13,NA,None,0,0,0,0,0,"The pilot’s failure to maintain directional control during the landing roll in crosswind conditions, which resulted in a runway excursion, right main landing gear collapse, and a collision with a ditch.",Aircraft - Aircraft oper/perf/capability - Performance/control parameters - Not attained/maintained; Personnel issues - Task performance - Use of equip/info - Pilot; Environmental issues - Conditions/weather/phenomena - Wind - Response/compensation,Accident,34.601816,-78.579276,BEECH,C23,Airplane,EYF,CURTIS L BROWN JR FLD,False,1,Reciprocating,False,Personal,091,Substantial,Visual (VMC),On File,Landing; Landing; Landing,Completed,False,Approved by Office Director,NA,NA,2/1/2024,1-2-2024
ERA24LA133,Accident,193900,2024-03-08,Greensboro,NC,USA,NA,N8455R,28-22356,False,Aviation,Aviation,Approved by Office Director,2024-05-03,NA,None,0,0,0,0,0,The pilot’s failure to maintain directional control while landing with a crosswind.,Environmental issues - Conditions/weather/phenomena - Wind - Response/compensation; Aircraft - Aircraft oper/perf/capability - Performance/control parameters - Not attained/maintained; Personnel issues - Task performance - Use of equip/info - Pilot,Accident,36.099251,-79.933604,PIPER,PA28,Airplane,GSO,PIEDMONT TRIAD INTL,False,1,Reciprocating,False,Personal,091,Substantial,Visual (VMC); Visual (VMC),On File,Landing; Landing,Completed,False,Approved by Office Director,NA,NA,3/8/2024,8-3-2024
ERA24LA151,Accident,193980,2024-03-04,Ellenboro,NC,USA,NA,N3505W,1138,False,Aviation,Aviation,Approved by Office Director,2025-01-02,NA,None,0,0,0,0,0,A total loss of engine power due to an inoperative ignition system.,Aircraft - Aircraft power plant - Ignition system - Inoperative,Accident,35.289412,-81.784072,PALMETTO ELECTRONICS INC,X-AIR H,Airplane,8NC2,TWIN AIRPARK,True,1,Reciprocating,False,Personal,091,Substantial,Visual (VMC); Visual (VMC),On File,Approach; Approach; Landing,Completed,False,Approved by Office Director,NA,NA,3/4/2024,4-3-2024
ERA23LA118,Accident,106640,2023-01-23,Raleigh/Durham,NC,USA,NA,N747PK,28-4647,False,Aviation,Aviation,Approved by Office Director,2023-06-15,NA,None,0,0,0,0,0,"The pilot's flooding the engine with fuel during a cold engine start, which resulted in an engine fire.",Personnel issues - Action/decision - Info processing/decision - Pilot; Aircraft - Aircraft power plant - Engine fuel and control - Incorrect use/operation,Accident,35.877639,-78.787472,PIPER,PA28,Airplane,RDU,RALEIGH-DURHAM INTL,False,1,Reciprocating,False,Personal,091,Substantial,Visual (VMC),RALEIGH FLYING CLUB LLC,Standing,Completed,False,Approved by Office Director,NA,NA,1/23/2023,23-1-2023
ERA23LA125,Accident,106732,2023-02-06,Pikeville,NC,USA,NA,N116CL,C0016,False,Aviation,Aviation,Approved by Office Director,2023-03-30,NA,None,0,0,0,0,0,The student pilot’s failure to maintain directional control during the landing roll.,Aircraft - Aircraft oper/perf/capability - Performance/control parameters - Not attained/maintained; Personnel issues - Task performance - Use of equip/info - Student/instructed pilot,Accident,35.464585,-77.96094,DIAMOND AIRCRAFT IND INC,DA20-C1,Airplane,GWW,WAYNE EXEC JETPORT,False,1,Reciprocating,False,Instructional,091,Substantial,Visual (VMC),On File,Landing; Landing,Completed,False,Approved by Office Director,NA,NA,2/6/2023,6-2-2023
ERA23LA147,Accident,106859,2023-03-09,Franklin,NC,USA,NA,N558MT; N558MT,1073; 1073,False,Aviation,Aviation,Approved by Office Director,2023-06-06,NA,Minor,0,0,3,3,0,"The pilot’s improper decision to review an aircraft logbook while enroute, which resulted in controlled flight into terrain.",Environmental issues - Physical environment - Terrain - Decision related to condition; Personnel issues - Psychological - Attention/monitoring - Pilot; Personnel issues - Task performance - Workload management - Pilot; Personnel issues - Action/decision - Info processing/decision - Pilot; Personnel issues - Task performance - Use of equip/info - Pilot,Accident,35.218056,-83.492778,EUROCOPTER DEUTSCHLAND GMBH; EUROCOPTER DEUTSCHLAND GMBH,EC 135 P2+; EC 135 P2+,Helicopter; Helicopter,NA,NA,False,2,Turbo shaft; Turbo shaft,False,NA,135; 135,Substantial; Substantial,Visual (VMC),MED-TRANS CORPORATION; MED-TRANS CORPORATION,Enroute,Completed,False,Approved by Office Director,NA,NA,3/9/2023,9-3-2023
ERA23LA152,Accident,106900,2023-03-05,Kinston,NC,USA,NA,N2527L,17255727,False,Aviation,Aviation,Approved by Office Director,2023-06-23,NA,None,0,0,0,0,0,The airplane’s impact with two deer while performing a takeoff at night.,Environmental issues - Physical environment - Object/animal/substance - Effect on equipment,Accident,35.330336,-77.60979,CESSNA,172,Airplane,ISO,KINSTON REGIONAL JETPORT AT STALLINGS FIELD,False,1,Reciprocating,False,Instructional,091,Substantial,Visual (VMC),MAST AVIATION LLC,Takeoff,Completed,False,Approved by Office Director,NA,NA,3/5/2023,5-3-2023
ERA23LA155,Accident,106912,2023-03-19,Sanford,NC,USA,NA,N565TF,2881565,False,Aviation,Aviation,Approved by Office Director,2023-06-23,NA,None,0,0,0,0,0,"A loss of directional control while landing, which resulted in a runway excursion and impact with a ditch.",Personnel issues - Task performance - Use of equip/info - Pilot; Aircraft - Aircraft oper/perf/capability - Performance/control parameters - Not attained/maintained,Accident,35.582439,-79.101338,PIPER,PA-28-181,Airplane,TTA,Raleigh Executive,False,1,Reciprocating,False,Personal,091,Substantial,Visual (VMC),AIR THERAPY LLC,Landing; Landing,Completed,False,Approved by Office Director,NA,NA,3/19/2023,19-3-2023
ERA23FA188,Accident,107039,2023-04-11,Climax,NC,USA,NA,N543GM,001,False,Aviation,Aviation,Approved by Office Director,2024-06-05,NA,Fatal,1,1,0,2,0,"The airplane owner/builder’s inappropriate use of a lower grade fuel than that required by the airplane and engine operations manual, which resulted in engine detonation and the degradation and eventual obliteration of the Nos. 1 and 2 cylinder spark plug electrode tips. Contributing to the outcome was the pilots’ decision to continue flight at low altitude following a partial loss of engine power instead of performing an immediate precautionary landing, which resulted in collision with an overpass and terrain.",Aircraft - Aircraft power plant - Engine (reciprocating) - Incorrect use/operation; Aircraft - Aircraft power plant - Ignition system - Damaged/degraded; Environmental issues - Physical environment - Object/animal/substance - Contributed to outcome; Aircraft - Fluids/misc hardware - Fluids - Fluid type; Personnel issues - Action/decision - Info processing/decision - Flight crew,Accident,35.933896,-79.683809,MILLER GLENN F,RV-12,Airplane,3A4,Greensboro Executive Airport,True,1,Reciprocating,False,Flight test,091,Destroyed,Visual (VMC),On File,InitialClimb; Standing; Landing,Completed,False,Approved by Office Director,NA,NA,4/11/2023,11-4-2023
ERA23FA194,Accident,107060,2023-04-15,Andrews,NC,USA,NA,N2357,FGA-001,False,Aviation,Aviation,Approved by Office Director,2024-06-05,NA,Fatal,1,0,0,1,0,"The pilot’s failure to engage the turbocharger for takeoff and his improper decision to continue the takeoff with partial power, rather than reject the takeoff.",Aircraft - Aircraft oper/perf/capability - Performance/control parameters - Capability exceeded; Personnel issues - Task performance - Use of equip/info - Pilot; Personnel issues - Action/decision - Info processing/decision - Pilot; Aircraft - Aircraft power plant - Turbocharging (recip only) - Incorrect use/operation,Accident,35.1834,-83.880433,HOLLAND TRAVIS E,VELOCITY,Airplane,RHP,Western Carolina Regional Airport,True,1,Reciprocating,False,Personal,091,Destroyed,Visual (VMC),On File,UncontrolledDescent; Post-Impact; InitialClimb; InitialClimb,Completed,False,Approved by Office Director,NA,NA,4/15/2023,15-4-2023
ERA23LA207,Accident,107132,2023-04-15,Wake Forest,NC,USA,NA,N33873,615,False,Aviation,Aviation,Approved by Office Director,2023-06-29,NA,Minor,0,0,0,1,0,"The student pilot’s failure to maintain airspeed during the landing approach, which resulted in an exceedance of the glider’s critical angle of attack, an aerodynamic stall, and a loss of control.",Aircraft - Aircraft oper/perf/capability - Performance/control parameters - Not attained/maintained; Personnel issues - Task performance - Use of equip/info - Pilot,Accident,35.89035,-78.486213,SCHWEIZER,SGS 1-26E,Glider,7NC5,CROOKED CREEK,False,0,NA,False,Instructional,091,Substantial,Visual (VMC),NORTH CAROLINA SOARING ASSOCIATION,Landing; Landing; Landing,Completed,False,Approved by Office Director,NA,NA,4/15/2023,15-4-2023
ERA23LA218,Accident,109776,2023-05-05,Greenville,NC,USA,NA,N180LR,28-872,False,Aviation,Aviation,Approved by Office Director,2025-03-19,NA,Serious,0,0,0,2,0,"Inadequate maintenance by the operator and maintenance personnel, which resulted in a loss of engine power due to oil starvation.",Personnel issues - Task performance - Maintenance - Maintenance personnel; Personnel issues - Task performance - Maintenance - Owner/builder; Aircraft - Aircraft power plant - Engine (reciprocating) - Failure; Aircraft - Aircraft power plant - Engine (reciprocating) - Failure; Aircraft - Aircraft handling/service - Maintenance/inspections - Inadequate inspection,Accident,35.630829,-77.398041,PIPER,PA-28-180,Airplane,PGV,PITT-GREENVILLE,False,1,Reciprocating,False,Personal,091,Substantial,Visual (VMC); Visual (VMC); Visual (VMC),On File,EmergencyDescent; EmergencyDescent; Approach,Completed,False,Approved by Office Director,NA,NA,5/5/2023,5-5-2023
DCA23LA278,Accident,135369,2023-05-05,Charlotte,NC,USA,NA,N921US; N921US,6523; 6523,False,Aviation,Aviation,Approved by Office Director,2023-07-18,NA,None,0,0,0,0,0,The captain’s failure to maintain the appropriate airspeed and pitch attitude during landing which resulted in a tailstrike.,Personnel issues - Task performance - Use of equip/info - Pilot; Aircraft - Aircraft oper/perf/capability - Performance/control parameters - Not attained/maintained; Aircraft - Aircraft oper/perf/capability - Performance/control parameters - Not attained/maintained,Accident,35.215878,-80.950875,AIRBUS; AIRBUS,A321-231; A321-231,Airplane; Airplane,CLT,CHARLOTTE/DOUGLAS INTL,False,2,Turbo fan; Turbo fan,True,NA,121; 121,Substantial; Substantial,Visual (VMC),AMERICAN AIRLINES INC; AMERICAN AIRLINES INC,Landing,Completed,False,Approved by Office Director,NA,NA,5/5/2023,5-5-2023
ERA23FA238,Accident,192203,2023-05-21,Rougemont,NC,USA,NA,N272S,D-8002,False,Aviation,Aviation,Approved by Office Director,2025-06-04,NA,Fatal,1,0,0,1,0,A total loss of engine power due to oil starvation. The source of the oil starvation could not be determined.,Aircraft - Fluids/misc hardware - Fluids - Unknown/Not determined,Accident,36.227091,-79.031226,BEECH,V35,Airplane,NONE,NA,False,1,Reciprocating,False,Personal,091,Destroyed,Visual (VMC),On File,Enroute; Landing; Enroute,Completed,False,Approved by Office Director,NA,NA,5/21/2023,21-5-2023
ERA23LA240,Accident,192206,2023-05-21,Macon,NC,USA,NA,N182LG,R18201524,False,Aviation,Aviation,Approved by Office Director,2025-06-12,NA,Fatal,1,0,0,1,0,"The pilot’s failure to properly set the elevator trim before takeoff, which resulted in a loss of control during takeoff.",Personnel issues - Action/decision - Action - Pilot; Aircraft - Aircraft systems - Flight control system - Incorrect use/operation,Accident,36.540115,-78.057756,CESSNA,R182,Airplane,NC10,Nocarva Airport,False,1,Reciprocating,False,Personal,091,Destroyed,Visual (VMC),On File,InitialClimb; InitialClimb; Takeoff; Standing,Completed,False,Approved by Office Director,NA,NA,5/21/2023,21-5-2023
ERA23LA241,Accident,192208,2023-05-17,Wadesboro,NC,USA,NA,N191CK,001,False,Aviation,Aviation,Approved by Office Director,2024-06-20,NA,Minor,0,0,0,1,0,A reported total loss of engine power and a subsequent forced landing for reasons that could not be determined because the pilot did not make the wreckage available for examination.,Not determined - Not determined - (general) - Unknown/Not determined,Accident,35.11263,-80.11994,BURRIL BENJAMIN D,BDB001,Airplane,NA,NA,True,1,Reciprocating,False,Personal,091,Substantial,Visual (VMC),On File,Enroute,Completed,False,Approved by Office Director,NA,NA,5/17/2023,17-5-2023
ERA23LA244,Accident,192236,2023-05-23,Reidsville,NC,USA,NA,N8992J,28-3016,False,Aviation,Aviation,Approved by Office Director,2023-07-07,NA,Minor,0,0,1,1,0,The pilot’s failure to maintain directional control of the airplane while landing in a crosswind.,Personnel issues - Task performance - Use of equip/info - Pilot; Environmental issues - Conditions/weather/phenomena - Wind - Response/compensation; Aircraft - Aircraft oper/perf/capability - Performance/control parameters - Not attained/maintained,Accident,36.438941,-79.853334,PIPER,PA28,Airplane,SIF,Rockingham County,False,1,Reciprocating,False,Instructional,091,Substantial,Visual (VMC),On File,Landing; Landing,Completed,False,Approved by Office Director,NA,NA,5/23/2023,23-5-2023
CEN23LA230,Accident,192323,2023-06-03,Rutherfordton,NC,USA,NA,N5068X,151,False,Aviation,Aviation,Approved by Office Director,2023-07-07,NA,None,0,0,0,0,0,The disengagement of the tailwheel locking mechanism during the landing roll which resulted in a loss of directional control during landing with a crosswind.,Aircraft - Aircraft systems - Landing gear system - Failure; Environmental issues - Conditions/weather/phenomena - Wind - Contributed to outcome; Aircraft - Aircraft oper/perf/capability - Performance/control parameters - Not attained/maintained; Personnel issues - Task performance - Use of equip/info - Pilot,Accident,35.427086,-81.935118,CHAMPION,7KCAB,Airplane,FQD,RUTHERFORD COUNTY/MARCHMAN FLD,False,1,Reciprocating,False,Personal,091,Substantial,Visual (VMC); Visual (VMC); Visual (VMC); Visual (VMC),On File,Landing; Landing; Landing,Completed,False,Approved by Office Director,NA,NA,6/3/2023,3-6-2023
ERA23LA262,Accident,192333,2023-05-31,Sherrills Ford,NC,USA,NA,N2440S,1MK162,False,Aviation,Aviation,Approved by Office Director,2025-03-19,NA,None,0,0,0,0,0,"The pilot’s failure to configure the amphibious airplane’s landing gear before conducting a forced landing to a lake after a loss of engine power. Also causal was the occluded gascolator and the pilot’s lack of knowledge about the airplane’s fuel system, which resulted in his failure to locate and identify the condition of the gascolator following a previous loss of engine power event.",Aircraft - Aircraft systems - Landing gear system - Not used/operated; Aircraft - Aircraft systems - Fuel system - Not serviced/maintained; Personnel issues - Action/decision - Action - Pilot; Personnel issues - Experience/knowledge - Knowledge - Pilot,Accident,35.675319,-80.971728,BURTON,Searey,Airplane,NC26,LONG ISLAND AIRPARK,True,1,Reciprocating,False,Personal,091,Substantial,Visual (VMC),On File,Landing; Takeoff,Completed,False,Approved by Office Director,NA,NA,5/31/2023,31-5-2023
ERA23FA273,Accident,192440,2023-06-25,Southport,NC,USA,NA,N13LV,29-0152,False,Aviation,Aviation,Approved by Office Director,2025-06-04,NA,Fatal,0,0,0,1,0,"The pilot’s improper decision to fly a known unairworthy airplane, which resulted in a total loss of engine power due to oil starvation.",Personnel issues - Action/decision - Info processing/decision - Pilot; Aircraft - Fluids/misc hardware - Fluids - Fluid level,Accident,33.942625,-78.062524,MOONEY,M20R,Airplane,SUT,Cape Fear Regional Jetport,False,1,Reciprocating,False,Personal,091,Destroyed,Visual (VMC),On File,Standing; EmergencyDescent; InitialClimb; Landing,Completed,False,Approved by Office Director,NA,NA,6/25/2023,25-6-2023
ERA23LA278,Accident,192484,2023-06-25,Sanford,NC,USA,NA,N108YZ; N108YZ,986; 986,False,Aviation,Aviation,Approved by Office Director,2023-08-31,NA,None,0,0,0,0,0,"The pilot’s failure to maintain directional control while landing in a crosswind, which resulted in a nose over.",Personnel issues - Task performance - Use of equip/info - Pilot; Environmental issues - Conditions/weather/phenomena - Wind - Response/compensation; Aircraft - Aircraft oper/perf/capability - Performance/control parameters - Not attained/maintained,Accident,35.582439,-79.101338,GOPALAN HARIHARAN; GOPALAN HARIHARAN,4 Place; 4 Place,Airplane; Airplane,TTA,Raleigh Executive Jetport,True,1,Reciprocating; Reciprocating,False,Personal,091; 091,Substantial; Substantial,Visual (VMC),On File; On File,Landing; Landing,Completed,False,Approved by Office Director,NA,NA,6/25/2023,25-6-2023
DCA23FA339,Accident,192485,2023-06-28,Charlotte,NC,USA,NA,N955AT; N955AT,55017; 55017,False,Aviation,Aviation,Approved by Office Director,2025-05-22,NA,None,0,0,0,0,0,A fatigue fracture of the upper lock link that initiated along scratch features on the lower surface at the parting line of the forged aluminum component. Contributing to the accident was the overhaul facilities noncompliance with Service Bulletin 717-32-002.,Organizational issues - Support/oversight/monitoring - Oversight - Maintenance provider; Aircraft - Aircraft systems - Landing gear system - Failure; Personnel issues - Task performance - Maintenance - Other; Aircraft - Aircraft systems - Landing gear system - Fatigue/wear/corrosion,Accident,35.21761,-80.96669,BOEING; BOEING,717-200; 717-200,Airplane; Airplane,CLT,CHARLOTTE/DOUGLAS INTL,False,2,Turbo fan; Turbo fan,True,NA,121; 121,Substantial; Substantial,Visual (VMC); Visual (VMC); Visual (VMC); Visual (VMC),Delta Air Lines Inc; Delta Air Lines Inc,Landing; Landing; Landing,Completed,False,Approved by Office Director,NA,NA,6/28/2023,28-6-2023
ERA23LA281,Accident,192499,2023-06-16,Indian Trail,NC,USA,NA,N3662Z,22-7560,False,Aviation,Aviation,Approved by Office Director,2024-09-18,NA,Minor,0,0,1,1,0,A loss of control during the landing roll due to a brake failure for reasons that could not be determined based on available evidence.,Aircraft - Aircraft systems - Landing gear system - Unknown/Not determined; Aircraft - Aircraft oper/perf/capability - Performance/control parameters - Attain/maintain not possible; Aircraft - Aircraft systems - Landing gear system - Malfunction,Accident,35.120979,-80.587289,PIPER,PA-22-150,Airplane,28A,"Indian Trail, North Carolina",False,1,Reciprocating,False,Personal,091,Substantial,Visual (VMC),On File,Landing; Landing,Completed,False,Approved by Office Director,NA,NA,6/16/2023,16-6-2023
CEN23LA290,Accident,192573,2023-07-07,Caswell Beach,NC,USA,NA,N38HP; N38HP,111042; 111042,False,Aviation,Aviation,Approved by Office Director,2023-09-28,NA,None,0,0,0,0,0,The pilot’s failure to properly evaluate the sea state during an open sea landing and subsequent takeoff attempt resulting in an inadvertent impact with the water.,Environmental issues - Physical environment - Runway/land/takeoff/taxi surface - Ability to respond/compensate; Personnel issues - Psychological - Attention/monitoring - Pilot,Accident,33.862177,-78.014984,GOOD JAMES; GOOD JAMES,AIR CAM; AIR CAM,Airplane; Airplane,NA,NA,True,2,Reciprocating; Reciprocating,False,Personal,091; 091,Substantial; Substantial,Visual (VMC),On File; On File,Takeoff; Takeoff,Completed,False,Approved by Office Director,NA,NA,7/7/2023,7-7-2023
CEN23LA300,Accident,192617,2023-07-12,Hertford,NC,USA,NA,N827JA,827,False,Aviation,Aviation,Approved by Office Director,2023-11-09,NA,None,0,0,0,0,0,"The pilot’s failure to maintain directional control during landing, which resulted in a runway excursion and subsequent impact with vegetation.",Environmental issues - Physical environment - Terrain - Effect on personnel; Aircraft - Aircraft oper/perf/capability - Performance/control parameters - Not attained/maintained; Personnel issues - Task performance - Use of equip/info - Pilot,Accident,36.205278,-76.311389,Acrosport,II,Airplane,PVT,Abe Godfrey PRIVATE,True,1,Reciprocating,False,Personal,091,Substantial,Visual (VMC); Visual (VMC); Visual (VMC),On File,Landing; Landing,Completed,False,Approved by Office Director,NA,NA,7/12/2023,12-7-2023
ERA23LA298,Accident,192623,2023-07-12,MCAS Cherry Point,NC,USA,NA,N143EM,154905,False,Aviation,Aviation,Approved by Office Director,2025-06-24,NA,Serious,0,1,0,1,0,"The pilot’s failure to identify and appropriately respond to an anomalous nose-down trim condition during the takeoff roll, which resulted in his decision to eject and the airplane’s subsequent runway excursion.",Personnel issues - Psychological - Attention/monitoring - Pilot; Personnel issues - Action/decision - Action - Pilot; Aircraft - Aircraft oper/perf/capability - Performance/control parameters - Attain/maintain not possible; Aircraft - Aircraft systems - Flight control system - Malfunction,Accident,34.903169,-76.880773,DOUGLAS,A-4K,Airplane,NKT,CHERRY POINT MCAS (CUNNINGHAM FLD),False,1,Turbo jet,False,Public aircraft - federal,PUBU,Substantial,Visual (VMC),DRAKEN INTERNATIONAL LLC,Takeoff,Completed,False,Approved by Office Director,NA,NA,7/12/2023,12-7-2023
ERA22LA274,Accident,105281,2022-06-16,Brevard,NC,USA,NA,N5064H,17265325,False,Aviation,Aviation,Approved by Office Director,2023-11-08,NA,Serious,0,0,0,3,0,"The pilot’s failure to maintain altitude while maneuvering the airplane at a low altitude, which resulted in impact with trees and terrain.",Personnel issues - Task performance - Use of equip/info - Pilot; Aircraft - Aircraft oper/perf/capability - Performance/control parameters - Not attained/maintained,Accident,35.177699,-82.826421,CESSNA,172,Airplane,NA,NA,False,1,Reciprocating,False,Personal,091,Substantial,Visual (VMC); Visual (VMC),FRANKLIN AIR SERVICES LLC,Maneuvering,Completed,False,Approved by Office Director,NA,NA,6/16/2022,16-6-2022
ERA22LA276,Accident,105300,2022-06-20,LAURINBURG,NC,USA,NA,N9676J,28-3846,False,Aviation,Aviation,Approved by Office Director,2023-11-08,NA,None,0,0,0,0,0,"The pilot’s decision to depart with insufficient fuel onboard, which resulted in a total loss of engine power due to fuel exhaustion on final approach for landing.",Aircraft - Fluids/misc hardware - Fluids - Fluid level; Personnel issues - Action/decision - Info processing/decision - Pilot; Personnel issues - Task performance - Planning/preparation - Pilot,Accident,34.833568,-79.357628,PIPER,PA-28-180,Airplane,MEB,LAURINBURG-MAXTON AIRPORT,False,1,Reciprocating,False,Personal,091,Substantial,Visual (VMC),On File,Approach; Standing; EmergencyDescent,Completed,False,Approved by Office Director,NA,NA,6/20/2022,20-6-2022
ERA22LA277,Accident,105301,2022-06-20,Wilmington,NC,USA,NA,N337AX,41H-697456,False,Aviation,Aviation,Approved by Office Director,2023-11-08,NA,Serious,0,1,0,1,0,"A bearing failure in the high-pressure fuel pump, which resulted in a partial loss of engine power.",Aircraft - Aircraft systems - Fuel system - Failure,Accident,33.769722,-77.488889,HAWKER,HUNTER,Airplane,NA,NA,False,1,Turbo jet,False,Public aircraft,PUBU,Substantial,Visual (VMC),Airborne Tactical Advantage Company,Enroute; Enroute; EmergencyDescent,Completed,False,Approved by Office Director,NA,NA,6/20/2022,20-6-2022
ERA22LA290,Accident,105374,2022-06-23,Boonville,NC,USA,NA,N2158T,S1913,False,Aviation,Aviation,Approved by Office Director,2022-11-01,NA,None,0,0,0,0,0,"The helicopter’s impact with a non-biological object, which resulted in substantial damage to a main rotor blade.
",Environmental issues - Physical environment - Object/animal/substance - Effect on equipment,Accident,36.26025,-80.71911,SCHWEIZER,300 C,Helicopter,ZEF,ELKIN MUNI,False,1,Reciprocating,False,Flight test,091,Substantial,Visual (VMC),On File,Maneuvering,Completed,False,Approved by Office Director,NA,NA,6/23/2022,23-6-2022
ERA22LA313,Accident,105479,2022-06-11,Indian Trail,NC,USA,NA,N298RW,TS97015,False,Aviation,Aviation,Approved by Office Director,2023-11-15,NA,Minor,0,0,1,1,0,"A blockage of the fuel filter inlet by a piece of debris, which resulted in fuel starvation and a total loss of engine power.",Aircraft - Aircraft systems - Fuel system - Capability exceeded; Aircraft - Fluids/misc hardware - Fluids - Fluid condition,Accident,35.12097,-80.585479,Whittridge,Twinstarr,Gyroplane,28A,GOOSE CREEK,True,1,Reciprocating,False,Personal,091,Substantial,Visual (VMC),On File,Takeoff; Takeoff,Completed,False,Approved by Office Director,NA,NA,6/11/2022,11-6-2022
ERA22LA348,Accident,105636,2022-07-29,Raeford,NC,USA,NA,N497CA; N497CA,291; 291,False,Aviation,Aviation,Approved by Office Director,2023-12-14,NA,Fatal,1,0,0,1,0,"The airplane’s encounter with windshear during landing, which resulted in a hard landing and separation of the right main landing gear, and the pilot’s subsequent decision to leave his seat in flight, which resulted in his fall from the airplane.",Environmental issues - Conditions/weather/phenomena - Wind - Ability to respond/compensate; Personnel issues - Action/decision - Action - Copilot; Aircraft - Aircraft structures - (general) - Damaged/degraded,Accident,35.030556,-79.236667,CASA; CASA,C212; C212,Airplane; Airplane,NR20,Raeford West Airport,False,2,Turbo prop; Turbo prop,False,Skydiving,091; 091,Substantial; Substantial,Visual (VMC); Visual (VMC); Visual (VMC),Rampart Aviation; Rampart Aviation,Approach; Landing; Enroute; Approach,Completed,False,Approved by Office Director,NA,NA,7/29/2022,29-7-2022
ERA22LA356,Accident,105667,2022-08-04,Holly Ridge,NC,USA,NA,N8865T,52765,False,Aviation,Aviation,Approved by Office Director,2023-05-04,NA,Minor,0,0,0,1,0,The pilot’s failure to maintain clearance of powerlines on final approach.,Aircraft - Aircraft oper/perf/capability - Performance/control parameters - Not attained/maintained; Personnel issues - Psychological - Attention/monitoring - Pilot; Environmental issues - Physical environment - Object/animal/substance - Effect on equipment,Accident,34.490492,-77.532125,CESSNA,182C,Airplane,N21,Holly Ridge/Topsail,False,1,Reciprocating,False,Personal,091,Substantial,Visual (VMC); Visual (VMC); Visual (VMC),On File,Approach; UncontrolledDescent,Completed,False,Approved by Office Director,NA,NA,8/4/2022,4-8-2022
ERA22LA366,Accident,105686,2022-06-29,Wilmington,NC,USA,NA,N4321M,32R-7985078,False,Aviation,Aviation,Approved by Office Director,2023-11-15,NA,Minor,0,0,1,1,0,A partial loss of engine power during initial climb for reasons that could not be determined.,Aircraft - Aircraft power plant - Engine (reciprocating) - Unknown/Not determined,Accident,34.104208,-77.900256,PIPER,PA-32RT,Airplane,03NC,PILOTS RIDGE,False,1,Reciprocating,False,Personal,091,Substantial,Visual (VMC),On File,InitialClimb; Takeoff; InitialClimb,Completed,False,Approved by Office Director,NA,NA,6/29/2022,29-6-2022
ERA22LA406,Accident,105902,2022-09-05,Ivanhoe,NC,USA,NA,N35243,17702287,False,Aviation,Aviation,Approved by Office Director,2023-05-11,NA,Serious,0,0,0,2,0,"The pilot's inadequate preflight and inflight planning, which resulted in a total loss of engine power due to fuel exhaustion.",Aircraft - Fluids/misc hardware - Fluids - Fluid level; Personnel issues - Task performance - Planning/preparation - Pilot; Personnel issues - Task performance - Planning/preparation - Pilot,Accident,34.5845,-78.2419,CESSNA,177B,Airplane,NA,NA,False,1,Reciprocating,False,Personal,091,Substantial,Visual (VMC); Visual (VMC),On File,Enroute,Completed,False,Approved by Office Director,NA,NA,9/5/2022,5-9-2022
ERA22LA427,Accident,105987,2022-09-21,Southern Shores,NC,USA,NA,N3283N,6199,False,Aviation,Aviation,Approved by Office Director,2024-07-10,NA,Fatal,0,0,0,2,0,A loss of aircraft control due to movement of the outer portion of the right wing fabric and displacement of wing ribs for reasons that could not be determined based on the available information.,Aircraft - Aircraft structures - Wing structure - Unknown/Not determined,Accident,36.121733,-75.716367,NORTHWING DESIGN,APACHE SPORT,Weight-shift,NA,NA,False,1,Reciprocating,False,Personal,091,Substantial,Visual (VMC),On File,UncontrolledDescent; Enroute,Completed,False,Approved by Office Director,NA,NA,9/21/2022,21-9-2022
ERA22LA432,Accident,106024,2022-09-28,Winterville,NC,USA,NA,N2509N,12766,False,Aviation,Aviation,Approved by Office Director,2023-05-11,NA,Minor,0,0,0,2,0,The student pilot’s improper recovery from a bounced landing. A factor in the accident was the instructor’s delayed remedial action which resulted in an inability to recover the airplane from an aerodynamic stall.,Aircraft - Aircraft oper/perf/capability - Performance/control parameters - Not attained/maintained; Personnel issues - Task performance - Use of equip/info - Student/instructed pilot; Personnel issues - Action/decision - Action - Instructor/check pilot,Accident,35.482184,-77.355774,CESSNA,140,Airplane,05N,SOUTH OAKS AERODROME,False,1,Reciprocating,False,Instructional,091,Substantial,Visual (VMC); Visual (VMC),PEARCE CEDRIC J,Landing; Landing; InitialClimb,Completed,False,Approved by Office Director,NA,NA,9/28/2022,28-9-2022
ERA23LA009,Accident,106084,2022-10-06,Greensboro,NC,USA,NA,N655WP,CE-130,False,Aviation,Aviation,Approved by Office Director,2024-10-30,NA,Minor,0,0,1,1,0,"The pilot/mechanic’s failure to remove excess sealant from the header fuel tank after recent maintenance, which resulted in fuel starvation to the engine and a loss of engine power. Contributing to the accident was the pilot’s inflight decision making following the initial loss of engine power.",Personnel issues - Action/decision - Info processing/decision - Pilot; Aircraft - Aircraft systems - Fuel system - Damaged/degraded; Personnel issues - Task performance - Maintenance - Maintenance personnel,Accident,36.129836,-79.928056,Swensen,Fisher Celebrity,Airplane,GSO,Piedmont Triad International Airport,True,1,Reciprocating,False,Personal,091,Substantial,Visual (VMC),On File,Approach; Maneuvering; UncontrolledDescent; Enroute,Completed,False,Approved by Office Director,NA,NA,10/6/2022,6-10-2022
ERA23FA067,Accident,106324,2022-11-19,Winston-Salem,NC,USA,NA,N7295Y; N7295Y,30-335; 30-335,False,Aviation,Aviation,Approved by Office Director,2024-03-06,NA,Fatal,2,0,0,2,0,"Contamination and/or misalignment of the regulator section of the right engine’s fuel servo, which resulted in excessive idle fuel flow and a total loss of engine power. Also causal was the pilot's failure to land immediately on the nearest runway at the destination airport, his failure to feather the right propeller following the loss of engine power while approaching the airport, and his failure to maintain airspeed while maneuvering with one engine, which resulted in a loss of control at a low altitude.",Aircraft - Aircraft oper/perf/capability - Performance/control parameters - Not attained/maintained; Personnel issues - Task performance - Use of equip/info - Pilot; Personnel issues - Action/decision - Action - Pilot; Personnel issues - Action/decision - Info processing/decision - Pilot; Aircraft - Aircraft power plant - Engine fuel and control - Malfunction; Personnel issues - Task performance - Use of equip/info - Pilot,Accident,36.129921,-80.201142,PIPER; PIPER,PA-30; PA-30,Airplane; Airplane,INT,SMITH REYNOLDS,False,2,Reciprocating; Reciprocating,False,Personal,091; 091,Substantial; Substantial,Visual (VMC),On File; On File,UncontrolledDescent; Maneuvering; UncontrolledDescent; Maneuvering,Completed,False,Approved by Office Director,NA,NA,11/19/2022,19-11-2022
ERA23FA070,Accident,106348,2022-11-22,Charlotte,NC,USA,NA,N7094J,0600,False,Aviation,Aviation,Approved by Office Director,2024-05-02,NA,Fatal,0,0,0,2,0,"The inadequate inspections of the forward left control rod end attachment hardware to the stationary swashplate by the pilot and by maintenance personnel, resulting in an eventual loosening and backing out of the hardware and subsequent loss of helicopter control.",Personnel issues - Task performance - Inspection - Maintenance personnel; Aircraft - Aircraft propeller/rotor - Rotorcraft flight control - Inadequate inspection; Aircraft - Aircraft propeller/rotor - Rotorcraft flight control - Incorrect service/maintenance; Personnel issues - Task performance - Inspection - Pilot,Accident,35.15407,-80.89333,ROBINSON HELICOPTER,R44,Helicopter,NA,NA,False,1,Reciprocating,False,Aerial observation,091,Substantial,Visual (VMC),Total Traffic & Weather Network,Maneuvering; UncontrolledDescent,Completed,False,Approved by Office Director,NA,NA,11/22/2022,22-11-2022
ERA23LA076,Accident,106402,2022-11-27,Trinity,NC,USA,NA,N5205A,073 846,False,Aviation,Aviation,Approved by Office Director,2023-06-06,NA,Minor,0,0,1,1,0,"The pilot's failure to maintain control of the airplane during initial climb in gusting wind conditions, which resulted in a collision with power lines and trees.",Aircraft - Aircraft oper/perf/capability - Performance/control parameters - Not attained/maintained; Personnel issues - Task performance - Use of equip/info - Pilot; Environmental issues - Conditions/weather/phenomena - Wind - Response/compensation,Accident,35.892521,-79.889122,Phantom Aeronautics,X1,Airplane,PVT,Private,False,1,Reciprocating,False,Personal,091,Substantial,Visual (VMC),On File,InitialClimb,Completed,False,Approved by Office Director,NA,NA,11/27/2022,27-11-2022
ERA23LA089,Accident,106461,2022-12-13,Rockingham,NC,USA,NA,N498DS,38-79A0668,False,Aviation,Aviation,Approved by Office Director,2023-06-15,NA,None,0,0,0,0,0,"The pilot’s improper fuel management, which resulted in fuel exhaustion and a total loss of engine power.",Personnel issues - Task performance - Planning/preparation - Pilot; Personnel issues - Action/decision - Info processing/decision - Pilot; Aircraft - Fluids/misc hardware - Fluids - Fluid level,Accident,34.859722,-79.752778,PIPER,PA-38-112,Airplane,RCZ,RICHMOND COUNTY,False,1,Reciprocating,False,Personal,091,Substantial,Visual (VMC); Visual (VMC),On File,Approach; Approach,Completed,False,Approved by Office Director,NA,NA,12/13/2022,13-12-2022
ERA22FA001,Accident,104031,2021-10-03,Andrews,NC,USA,NA,N876T,D-7753,False,Aviation,Aviation,Approved by Office Director,2023-08-15,NA,Fatal,2,0,0,2,0,"The pilot’s decision to fly toward rapidly rising, obscured mountainous terrain after departing under visual flight rules at night.",Environmental issues - Conditions/weather/phenomena - Light condition - Effect on operation; Environmental issues - Physical environment - Terrain - Decision related to condition; Personnel issues - Action/decision - Info processing/decision - Pilot; Environmental issues - Conditions/weather/phenomena - Ceiling/visibility/precip - Effect on operation,Accident,35.248309,-83.787619,BEECH,S35,Airplane,RHP,WESTERN CAROLINA RGNL,False,1,Reciprocating,False,Personal,091,Destroyed,Instrument (IMC),On File,InitialClimb,Completed,False,Approved by Office Director,NA,NA,10/3/2021,3-10-2021
ERA22LA002,Accident,104034,2021-10-03,Oxford,NC,USA,NA,N7333A,A1500720,False,Aviation,Aviation,Approved by Office Director,2022-05-25,NA,None,0,0,0,0,0,"A total loss of engine power due to fuel contamination.
",Aircraft - Fluids/misc hardware - Fluids - Fluid condition,Accident,36.361139,-78.529833,CESSNA,150,Airplane,NA,NA,False,1,Reciprocating,False,Instructional,091,Substantial,Visual (VMC),BLUE ANGELS AVIATION LLC,Landing; Maneuvering,Completed,False,Approved by Office Director,NA,NA,10/3/2021,3-10-2021
ERA22FA024,Accident,104145,2021-10-21,Holly Ridge,NC,USA,NA,N3933H,24-0981,False,Aviation,Aviation,Approved by Office Director,2023-08-30,NA,Fatal,2,1,1,4,0,"The pilot’s exceedance of the airplane’s critical angle of attack, which resulted in a stall/mush during takeoff and initial climb. Contributing to the accident was the pilot’s loading the airplane near its maximum allowable gross weight and near its aft cg limit.",Personnel issues - Task performance - Use of equip/info - Pilot; Aircraft - Aircraft oper/perf/capability - Performance/control parameters - Not attained/maintained; Aircraft - Aircraft handling/service - Loading - Incorrect use/operation,Accident,34.492077,-77.536499,MOONEY,M20J,Airplane,N21,HOLLY RIDGE/TOPSAIL ISLAND,False,1,Reciprocating,False,Personal,091,Substantial,Visual (VMC),On File,Standing; InitialClimb; InitialClimb,Completed,False,Approved by Office Director,NA,NA,10/21/2021,21-10-2021
ERA22LA046,Accident,104208,2021-11-04,Margarettsville,NC,USA,NA,N704HQ,15078627,False,Aviation,Aviation,Approved by Office Director,2023-09-07,NA,None,0,0,0,0,0,"The pilot’s delayed application of carburetor heat during the descent, which resulted in a total loss of engine power due to carburetor icing.",Personnel issues - Action/decision - Action - Pilot; Environmental issues - Conditions/weather/phenomena - Temp/humidity/pressure - Effect on equipment,Accident,36.532803,-77.347262,CESSNA,150M,Airplane,NA,NA,False,1,Reciprocating,False,Personal,091,Substantial,Visual (VMC); Visual (VMC); Visual (VMC),On File,Approach; EmergencyDescent,Completed,False,Approved by Office Director,NA,NA,11/4/2021,4-11-2021
ERA22LA059,Accident,104241,2021-11-14,Burnsville,NC,USA,NA,N633CD,0369,False,Aviation,Aviation,Approved by Office Director,2022-06-08,NA,Minor,0,0,0,1,0,"The pilot’s failure to compensate for the high density altitude and the tailwind component while landing at a mountaintop airport, which resulted in an aerodynamic stall and a loss of aircraft control. 
",Personnel issues - Task performance - Use of equip/info - Pilot; Aircraft - Aircraft oper/perf/capability - Performance/control parameters - Capability exceeded; Personnel issues - Action/decision - Info processing/decision - Pilot; Environmental issues - Conditions/weather/phenomena - (general) - Effect on equipment; Environmental issues - Conditions/weather/phenomena - Wind - Effect on equipment,Accident,35.868724,-82.341794,CIRRUS DESIGN CORP,SR22,Airplane,2NC0,MOUNTAIN AIR,False,1,Reciprocating,False,Personal,091,Substantial,Visual (VMC); Visual (VMC); Visual (VMC); Visual (VMC),POLARIS FIRE PROTECTION INC,Landing; Landing,Completed,False,Approved by Office Director,NA,NA,11/14/2021,14-11-2021
ERA22LA063,Accident,104261,2021-11-13,Denver,NC,USA,NA,N3063E,7AC-6652,False,Aviation,Aviation,Approved by Office Director,2022-05-26,NA,None,0,0,0,0,0,"The pilot’s failure to maintain directional control during the landing roll with a gusting crosswind.
",Environmental issues - Conditions/weather/phenomena - Wind - Effect on operation; Aircraft - Aircraft oper/perf/capability - Performance/control parameters - Not attained/maintained; Personnel issues - Task performance - Use of equip/info - Pilot,Accident,35.591629,-81.080507,AERONCA,7AC,Airplane,6NC1,LITTLE MOUNTAIN,False,1,Reciprocating,False,Personal,091,Substantial,Visual (VMC),On File,Landing; Landing; Landing; Landing,Completed,False,Approved by Office Director,NA,NA,11/13/2021,13-11-2021
ERA22LA110,Accident,104538,2022-01-18,Angier,NC,USA,NA,N254RM,398,False,Aviation,Aviation,Approved by Office Director,2022-06-14,NA,Serious,0,0,0,1,0,"The pilot’s encounter with a flock of birds on final approach, which resulted in a loss of control, an aerodynamic stall and spin, and impact with trees and terrain.
",Aircraft - Aircraft oper/perf/capability - Performance/control parameters - Capability exceeded; Environmental issues - Physical environment - Object/animal/substance - Effect on equipment; Environmental issues - Physical environment - Object/animal/substance - Effect on personnel,Accident,35.539246,-78.7458,MILLER ROGER,THATCHER CX4,Airplane,78NC,FUQUAY/ANGIER FLD,True,1,Reciprocating,False,Personal,091,Substantial,Visual (VMC),On File,Approach; Approach; Approach,Completed,False,Approved by Office Director,NA,NA,1/18/2022,18-1-2022
ERA22LA120,Accident,104634,2022-02-13,Beaufort,NC,USA,NA,N79NX,1709,False,Aviation,Aviation,Approved by Office Director,2024-01-30,NA,Fatal,8,0,0,8,0,"The pilot’s inadequate preflight planning, inadequate inflight monitoring of the airplane’s flight parameters, and his failure to regain control of the airplane following entry into an inadvertent aerodynamic stall. The pilot’s likely spatial disorientation following the aerodynamic stall also contributed to the outcome.",Environmental issues - Conditions/weather/phenomena - Ceiling/visibility/precip - Effect on personnel; Personnel issues - Task performance - Use of equip/info - Pilot; Personnel issues - Psychological - Attention/monitoring - Pilot; Aircraft - Aircraft oper/perf/capability - Performance/control parameters - Not attained/maintained; Aircraft - Aircraft oper/perf/capability - Performance/control parameters - Not attained/maintained; Personnel issues - Psychological - Perception/orientation/illusion - Pilot,Accident,34.81355,-76.2871,PILATUS AIRCRAFT LTD,PC-12/47E,Airplane,MRH,MICHAEL J SMITH FLD,False,1,Turbo prop,False,Personal,091,Destroyed,Instrument (IMC),EDP MANAGEMENT GROUP LLC,UncontrolledDescent; Enroute,Completed,False,Approved by Office Director,NA,NA,2/13/2022,13-2-2022
ERA22LA124,Accident,104647,2022-02-06,Rocky Mount,NC,USA,NA,N9382D,172RG1145,False,Aviation,Aviation,Approved by Office Director,2022-06-14,NA,None,0,0,0,0,0,"An inflight collision with a bird, which resulted in substantial damage to the left wing.
",Aircraft - Aircraft structures - Wing structure - Damaged/degraded; Environmental issues - Physical environment - Object/animal/substance - Effect on equipment,Accident,35.856253,-77.891933,CESSNA,172RG,Airplane,RWI,Rocky Mount / Wilson Regional,False,1,Reciprocating,False,Personal,091,Substantial,Visual (VMC),Total Flight Solutions,Approach,Completed,False,Approved by Office Director,NA,NA,2/6/2022,6-2-2022
ERA22LA125,Accident,104648,2022-02-09,Pinehurst,NC,USA,NA,N987AA,0513,False,Aviation,Aviation,Approved by Office Director,2022-06-14,NA,None,0,0,0,0,0,"The in-flight encounter while on final approach with high-speed trailing vortices from a military helicopter, resulting in abnormal runway contact. Contributing to the accident was the Cirrus pilot’s incorrect selection of the common traffic advisory frequency on the aircraft’s radio.
",Environmental issues - Conditions/weather/phenomena - Turbulence - Effect on operation; Personnel issues - Task performance - Use of equip/info - Pilot,Accident,35.237423,-79.389034,CIRRUS DESIGN CORP,SR22,Airplane,SOP,MOORE COUNTY,False,1,Reciprocating,False,Personal,091,Substantial,Visual (VMC),On File,Approach; Landing; Approach,Completed,False,Approved by Office Director,NA,NA,2/9/2022,9-2-2022
ERA22FA126,Accident,104653,2022-02-16,Lexington,NC,USA,NA,N58LF; N58LF,TH-237; TH-237,False,Aviation,Aviation,Approved by Office Director,2024-04-18,NA,Fatal,1,0,2,1,2,"Inadequate maintenance, which led to a partial loss of both right and left engine power during takeoff, and the pilot’s subsequent failure to maintain airspeed while maneuvering with one engine at low altitude. Contributing to the accident was the pilot’s failure to detect the partial loss of left engine power during the early part of the takeoff.",Aircraft - Aircraft power plant - Engine (reciprocating) - Damaged/degraded; Personnel issues - Task performance - Maintenance - Maintenance personnel; Aircraft - Aircraft power plant - Engine fuel and control - Not installed/available; Aircraft - Aircraft oper/perf/capability - Performance/control parameters - Not attained/maintained; Aircraft - Aircraft oper/perf/capability - Performance/control parameters - Not attained/maintained; Aircraft - Aircraft oper/perf/capability - Performance/control parameters - Not attained/maintained; Personnel issues - Action/decision - Info processing/decision - Pilot; Personnel issues - Task performance - Use of equip/info - Pilot,Accident,35.773983,-80.315802,BEECH; BEECH,58; 58,Airplane; Airplane,EXX,Davidson County Airport,False,2,Reciprocating; Reciprocating,False,Personal,091; 091,Destroyed; Destroyed,Visual (VMC),On File; On File,UncontrolledDescent; Takeoff; InitialClimb; Standing,Completed,False,Approved by Office Director,NA,NA,2/16/2022,16-2-2022
ERA22LA130,Accident,104658,2022-02-16,Washington,NC,USA,NA,N114BR,32R-7780140,False,Aviation,Aviation,Approved by Office Director,2022-06-22,NA,None,0,0,0,0,0,"The pilot’s inadequate preflight inspection, which resulted in a total loss of engine power due to fuel contamination.
",Personnel issues - Task performance - Inspection - Pilot; Aircraft - Fluids/misc hardware - Fluids - Inadequate inspection; Aircraft - Fluids/misc hardware - Fluids - Fluid condition,Accident,35.570472,-77.049806,PIPER,PA32R,Airplane,OCW,Washington-Warren Airport,False,1,Reciprocating,False,Personal,091,Substantial,Visual (VMC); Visual (VMC),On File,Landing; Approach; EmergencyDescent; Approach,Completed,False,Approved by Office Director,NA,NA,2/16/2022,16-2-2022
ERA22LA132,Accident,104685,2022-02-11,New Bern,NC,USA,NA,N2509N,12766,False,Aviation,Aviation,Approved by Office Director,2022-06-22,NA,None,0,0,0,0,0,"The loss of brake pressure on the left brake due to a failed O-ring seal.
",Aircraft - Aircraft systems - Landing gear system - Failure,Accident,35.07285,-77.0433,CESSNA,140,Airplane,EWN,COASTAL CAROLINA RGNL,False,1,Reciprocating,False,Personal,091,Substantial,Visual (VMC); Visual (VMC),On File,Landing; Landing,Completed,False,Approved by Office Director,NA,NA,2/11/2022,11-2-2022
ERA22LA169,Accident,104831,2022-03-25,Smithfield,NC,USA,NA,N471BL,40.NC111,False,Aviation,Aviation,Approved by Office Director,2023-10-19,NA,Serious,0,2,0,2,0,"Maintenance personnel’s failure to set the correct engine timing after the replacement of a cylinder head and exhaust camshaft before the accident flight, which resulted in a total loss of engine power.",Personnel issues - Action/decision - Action - Maintenance personnel; Aircraft - Aircraft power plant - Engine (reciprocating) - Failure; Aircraft - Aircraft power plant - Engine (reciprocating) - Incorrect service/maintenance,Accident,35.527596,-78.381851,DIAMOND AIRCRAFT IND INC,DA 40 NG,Airplane,JNX,Johnston Regional Airport,False,1,Reciprocating,False,Instructional,091,Substantial,Visual (VMC),BLUE LINE AVIATION LLC,EmergencyDescent; InitialClimb,Completed,False,Approved by Office Director,NA,NA,3/25/2022,25-3-2022
ERA22LA177,Accident,104877,2022-04-02,Stoney Point,NC,USA,NA,N2656V,18166,False,Aviation,Aviation,Approved by Office Director,2022-07-01,NA,Serious,0,0,0,2,0,"The pilot’s failure to retract the flaps during a go-around from a bounced landing, which resulted in a collision with trees then terrain.
",Aircraft - Aircraft systems - Flight control system - Incorrect use/operation; Personnel issues - Task performance - Use of equip/info - Pilot; Aircraft - Aircraft oper/perf/capability - Performance/control parameters - Incorrect use/operation,Accident,35.856363,-81.043316,CESSNA,170,Airplane,NA,Steve Miller Airstrip,False,1,Reciprocating,False,Personal,091,Substantial,Visual (VMC),On File,Approach; UncontrolledDescent,Completed,False,Approved by Office Director,NA,NA,4/2/2022,2-4-2022
ERA22LA184,Accident,104920,2022-04-10,Bald Head Island,NC,USA,NA,N4693S,18373,False,Aviation,Aviation,Approved by Office Director,2022-07-01,NA,None,0,0,0,0,0,"The pilot’s failure to maintain control during landing on a soft surface.
",Environmental issues - Physical environment - Runway/land/takeoff/taxi surface - Contributed to outcome; Aircraft - Aircraft oper/perf/capability - Performance/control parameters - Not attained/maintained; Personnel issues - Task performance - Use of equip/info - Pilot,Accident,33.85952,-78.005979,PIPER,J3C-65,Airplane,NA,NA,False,1,Reciprocating,False,Personal,091,Substantial,Visual (VMC),On File,Landing,Completed,False,Approved by Office Director,NA,NA,4/10/2022,10-4-2022
ERA22LA196,Accident,104973,2022-04-16,Zebulon,NC,USA,NA,N7784S,154,False,Aviation,Aviation,Approved by Office Director,2022-07-01,NA,Minor,0,0,2,2,0,"The flight instructor’s failure to maintain directional control with a quartering tailwind.
",Environmental issues - Conditions/weather/phenomena - Wind - Awareness of condition; Environmental issues - Conditions/weather/phenomena - Wind - Response/compensation; Personnel issues - Task performance - Use of equip/info - Instructor/check pilot; Aircraft - Aircraft oper/perf/capability - Performance/control parameters - Not attained/maintained,Accident,35.930731,-78.244951,SCHWEIZER,SGS 2-33A,Glider,7NC5,Crooked Creek Airfield,False,0,NA,False,Instructional,091,Substantial,Visual (VMC),NORTH CAROLINA SOARING ASSOCIATION,Landing,Completed,False,Approved by Office Director,NA,NA,4/16/2022,16-4-2022
ERA22LA232,Accident,105108,2022-05-09,Hendersonville,NC,USA,NA,N7FJ,22226,False,Aviation,Aviation,Approved by Office Director,2022-12-15,NA,Minor,0,0,1,1,0,"The pilot’s failure to go-around during an unstable approach, which resulted in a hard landing, runway excursion, and nose over.",Personnel issues - Action/decision - Info processing/decision - Pilot; Personnel issues - Task performance - Use of equip/info - Pilot,Accident,35.306323,-82.430966,JUSTICE FRANK K,VANS RV-6A,Airplane,0A7,Hendersonville Airport,True,1,Reciprocating,False,Personal,091,Substantial,Visual (VMC),On File,Landing; Landing,Completed,False,Approved by Office Director,NA,NA,5/9/2022,9-5-2022
ERA22LA258,Accident,105186,2022-06-03,Pittsboro,NC,USA,NA,N44374,10174,False,Aviation,Aviation,Approved by Office Director,2024-06-26,NA,None,0,0,0,0,0,"The student pilot, and flight instructor’s, inadequate preflight inspection, during which they failed to detect water contamination in the fuel system, which resulted in a total loss of engine power.",Personnel issues - Task performance - Inspection - Student/instructed pilot; Aircraft - Fluids/misc hardware - Fluids - Fluid condition; Personnel issues - Task performance - Inspection - Instructor/check pilot,Accident,35.690483,-79.25653,TAYLORCRAFT,BC12-D1,Airplane,NA,NA,False,1,Reciprocating,False,Instructional,091,Substantial,Visual (VMC); Visual (VMC),On File,EmergencyDescent; Maneuvering; Standing,Completed,False,Approved by Office Director,NA,NA,6/3/2022,3-6-2022
ERA22LA268,Accident,105262,2022-05-09,Brasstown,NC,USA,NA,N86RD,31,False,Aviation,Aviation,Approved by Office Director,2023-10-25,NA,None,0,0,0,0,0,"The failure of the engine gearbox drive flange, which resulted in a nose gear collapse during the subsequent precautionary landing in tall grass.",Aircraft - Aircraft power plant - Accessory gear-boxes - Failure; Aircraft - Aircraft power plant - Engine (reciprocating) - Damaged/degraded; Aircraft - Aircraft power plant - Engine (reciprocating) - Capability exceeded,Accident,35.04707,-83.953172,WINGREN NORMAN,ESCAPADE,Airplane,PVT,Private,True,1,Reciprocating,False,Personal,091,Substantial,Visual (VMC),On File,Landing; Enroute,Completed,False,Approved by Office Director,NA,NA,5/9/2022,9-5-2022
ERA21LA313,Accident,103613,2021-08-02,Waxhaw,NC,USA,NA,N3090U,17250690,False,Aviation,Aviation,Approved by Office Director,2023-09-27,NA,Minor,0,0,0,3,0,The pilot’s failure to abort the takeoff in sufficient time to stop the airplane on the runway remaining. Contributing to the accident was the lack of airplane takeoff performance due to the pilot’s failure to assure that the carburetor heat control was in the off position and the elevated density altitude.,Aircraft - Aircraft oper/perf/capability - Performance/control parameters - Attain/maintain not possible; Personnel issues - Task performance - Use of equip/info - Pilot; Aircraft - Aircraft power plant - Engine (reciprocating) - Incorrect use/operation; Personnel issues - Action/decision - Info processing/decision - Pilot; Environmental issues - Conditions/weather/phenomena - Temp/humidity/pressure - Effect on operation,Accident,34.868453,-80.742878,CESSNA,172,Airplane,N52,JAARS-TOWNSEND,False,1,Reciprocating,False,Instructional,091,Substantial,Visual (VMC); Visual (VMC); Visual (VMC),JAARS Inc.,Takeoff; Takeoff,Completed,False,Approved by Office Director,NA,NA,8/2/2021,2-8-2021
ERA21LA322,Accident,103675,2021-08-09,Hiddenite,NC,USA,NA,N906ER; N906ER,42.301; 42.301,False,Aviation,Aviation,Approved by Office Director,2022-12-07,NA,None,0,0,0,0,0,The flight instructor’s inability to stop the descent following a practice emergency descent for reasons that could not be determined.,Aircraft - Aircraft oper/perf/capability - Performance/control parameters - Not attained/maintained; Not determined - Not determined - (general) - Unknown/Not determined,Accident,35.944915,-81.079957,DIAMOND; DIAMOND,DA42; DA42,Airplane; Airplane,NA,NA,False,2,Reciprocating; Reciprocating,False,Instructional,091; 091,Substantial; Substantial,Visual (VMC); Visual (VMC); Visual (VMC),Academy of Aviation; Academy of Aviation,UncontrolledDescent,Completed,False,Approved by Office Director,NA,NA,8/9/2021,9-8-2021
ERA21FA333,Accident,103731,2021-08-20,Wadesboro,NC,USA,NA,N8262P,24-3515,False,Aviation,Aviation,Approved by Office Director,2023-07-26,NA,Fatal,0,0,0,2,0,"A partial loss of engine power during takeoff for reasons that could not be determined. Contributing was the pilot’s loss of airplane control, resulting in an aerodynamic stall and impact with trees and terrain.",Aircraft - Aircraft oper/perf/capability - Performance/control parameters - Capability exceeded; Personnel issues - Task performance - Use of equip/info - Pilot; Not determined - Not determined - (general) - Unknown/Not determined,Accident,35.030833,-80.089167,PIPER,PA24,Airplane,AFP,Anson County Airport,False,1,Reciprocating,False,Personal,091,Destroyed,Visual (VMC),On File,InitialClimb; EmergencyDescent; UncontrolledDescent,Completed,False,Approved by Office Director,NA,NA,8/20/2021,20-8-2021
ERA21LA353,Accident,103828,2021-08-26,Banner Elk,NC,USA,NA,N413N; N413N,50500455; 50500455,False,Aviation,Aviation,Approved by Office Director,2023-09-27,NA,None,0,0,0,0,0,"The pilot’s failure to achieve the approach criteria for the available runway landing distances published in the POH, likely as a result of the steeper-than-normal approach and the required left turn on short final to avoid the terrain surrounding the airport. Contributing to the accident were a lower runway friction than that assumed by the airframe manufacturer and tire cornering forces imparted during the landing roll, which reduced the airplane’s reduced braking effectiveness, which when combined with a high approach speed, increased the required stopping distance beyond the runway distance available. Also contributing to the accident was the operator’s lack of consideration of airport topography in its Destination Airport Analysis Program.",Environmental issues - Physical environment - Terrain - Effect on operation; Organizational issues - Management - Policy/procedure - Operator; Personnel issues - Task performance - Use of equip/info - Pilot,Accident,36.159618,-81.892907,EMBRAER; EMBRAER,EMB-505; EMB-505,Airplane; Airplane,NC06,ELK RIVER,False,2,Turbo jet; Turbo jet,False,Positioning,091; 091,Substantial; Substantial,Visual (VMC); Visual (VMC),NICHOLAS SERVICES LLC; NICHOLAS SERVICES LLC,Landing; Landing; Landing,Completed,False,Approved by Office Director,NA,NA,8/26/2021,26-8-2021
ERA21LA367,Accident,103894,2021-08-12,Brasstown,NC,USA,NA,N409JD,JAESC0142,False,Aviation,Aviation,Approved by Office Director,2022-05-04,NA,Minor,0,0,0,1,0,"Failure of the left main landing gear wheel lock nuts, which resulted in a wheel separation and nose over during landing.
",Aircraft - Aircraft systems - Landing gear system - Failure,Accident,35.0502,-83.9479,COLLINS ROBERT S,JUST ACFT HIGHLANDER,Airplane,NONE,Private Airstrip,True,1,Reciprocating,False,Personal,091,Substantial,Visual (VMC),On File,Landing; Landing; Landing,Completed,False,Approved by Office Director,NA,NA,8/12/2021,12-8-2021
ERA21LA368,Accident,103897,2021-09-17,Ash,NC,USA,NA,N420AT,940648S,False,Aviation,Aviation,Approved by Office Director,2023-09-14,NA,None,0,0,0,0,0,A partial loss of engine power due to corrosion and erosion damage to the engine’s compressor section components.,Aircraft - Aircraft power plant - Engine (turbine/turboprop) - Not serviced/maintained; Aircraft - Aircraft power plant - Engine (turbine/turboprop) - Damaged/degraded,Accident,34.06136,-78.520028,HUGHES,369,Helicopter,NA,NA,False,1,Turbo shaft,False,Aerial application,137,Substantial,Visual (VMC),DAT AIRCRAFT LLC,Maneuvering; Maneuvering; Maneuvering,Completed,False,Approved by Office Director,NA,NA,9/17/2021,17-9-2021
ERA21LA370,Accident,103908,2021-09-19,Walnut Cove,NC,USA,NA,N9639D,22-6552,False,Aviation,Aviation,Approved by Office Director,2022-05-25,NA,Minor,0,0,0,1,0,"The pilot’s failure to attain the proper touchdown point which resulted in a runway overrun, collision with an airport boundary fence, and a nose over event.
",Aircraft - Aircraft oper/perf/capability - Performance/control parameters - Incorrect use/operation; Personnel issues - Action/decision - Info processing/decision - Pilot; Personnel issues - Task performance - Use of equip/info - Pilot; Aircraft - Aircraft oper/perf/capability - Performance/control parameters - Not attained/maintained,Accident,36.301526,-80.148379,PIPER,PA-22-150,Airplane,N63,MEADOW BROOK FLD,False,1,Reciprocating,False,Personal,091,Substantial,Visual (VMC),VESTAL JAMES L,Landing,Completed,False,Approved by Office Director,NA,NA,9/19/2021,19-9-2021
DCA21LA226,Accident,103922,2021-09-17,Asheville,NC,USA,NA,N444ZW; N444ZW,7788; 7788,False,Aviation,Aviation,Approved by Office Director,2022-07-19,NA,None,0,0,0,0,0,"The fuel truck driver backing up in the direction of the airplane without the use of marshallers.
",Personnel issues - Action/decision - Action - Ground crew,Accident,35.436199,-82.541802,BOMBARDIER INC; BOMBARDIER INC,CL-600-2B19; CL-600-2B19,Airplane; Airplane,AVL,ASHEVILLE RGNL,False,2,Turbo fan; Turbo fan,True,NA,121; 121,Substantial; Substantial,Visual (VMC),AIR WISCONSIN AIRLINES LLC; AIR WISCONSIN AIRLINES LLC,Standing,Completed,False,Approved by Office Director,NA,NA,9/17/2021,17-9-2021
ERA21LA390,Accident,104035,2021-09-29,Kinston,NC,USA,NA,N370NC,4379,False,Aviation,Aviation,Approved by Office Director,2022-04-29,NA,None,0,0,0,0,0,"The buckling of the tail boom as a result of a hard landing event of undetermined time and location. 
",Organizational issues - Support/oversight/monitoring - Oversight - Operator; Personnel issues - Action/decision - Action - Maintenance personnel; Aircraft - Aircraft oper/perf/capability - Performance/control parameters - Not attained/maintained; Personnel issues - Task performance - Use of equip/info - Unknown/Not determined,Accident,35.3314,-77.60883,EUROCOPTER,AS 350 B3,Helicopter,KISO,Kingston Regional Jetport,False,1,Turbo shaft,False,Instructional,PUBU,Substantial,Visual (VMC),STATE OF NORTH CAROLINA,Landing,Completed,False,Approved by Office Director,NA,NA,9/29/2021,29-9-2021
ERA22LA068,Accident,104279,2021-09-27,Indian Trail,NC,USA,NA,N1401U,17267071,False,Aviation,Aviation,Approved by Office Director,2022-05-26,NA,Minor,0,0,1,1,0,"The pilot’s failure to maintain airplane control during takeoff and initial climb. Contributing was the pilot’s physical limitation which caused an inadvertent application of left rudder.
",Aircraft - Aircraft oper/perf/capability - Performance/control parameters - Attain/maintain not possible; Personnel issues - Action/decision - Action - Pilot; Personnel issues - Physical - Physical characteristic - Pilot; Aircraft - Aircraft oper/perf/capability - Performance/control parameters - Not attained/maintained,Accident,35.120979,-80.587289,CESSNA,172M,Airplane,28A,GOOSE CREEK,False,1,Reciprocating,False,Personal,091,Substantial,Visual (VMC),LOCO PANTHER AVIATION LLC,InitialClimb; Takeoff; UncontrolledDescent,Completed,False,Approved by Office Director,NA,NA,9/27/2021,27-9-2021
