NtsbNo,EventType,Mkey,EventDate,City,State,Country,ReportNo,N#,SerialNumber,HasSafetyRec,Mode,TopicMode,ReportType,OriginalPublishedDate,DocketOriginalPublishedDate,HighestInjuryLevel,FatalInjuryCount,SeriousInjuryCount,MinorInjuryCount,OnboardInjuryCount,OnGroundInjuryCount,ProbableCause,Findings,EventID,Latitude,Longitude,Make,Model,AirCraftCategory,AirportID,AirportName,AmateurBuilt,NumberOfEngines,EngineType,Scheduled,PurposeOfFlight,FAR,AirCraftDamage,WeatherCondition,Operator,BroadPhaseofFlight,ReportStatus,RepGenFlag,MostRecentReportType,DocketUrl,ReportUrl,first_bad_date,second_bad_date
WPR26LA072,Accident,202221,2025-12-23,Yacolt,WA,USA,NA,N186BG,SD75-11850,False,Aviation,Aviation,Approved by Office Director,2026-04-14,NA,None,0,0,0,0,0,A loss of engine power for undetermined reasons.,Aircraft - Aircraft power plant - Engine (reciprocating) - Unknown/Not determined,Accident,45.873399,-122.4958,ZENITH,750,Airplane,WA87,Parkside Airpark,True,1,Reciprocating,False,Personal,091,Substantial,Visual (VMC),On File,Enroute,Completed,False,Approved by Office Director,NA,NA,12/23/2025,23-12-2025
WPR26LA090,Accident,202343,2026-01-17,Dewey,WA,USA,NA,N48X,560,False,Aviation,Aviation,Approved by Office Director,NA,NA,None,0,0,0,0,0,NA,NA,Accident,48.438458,-122.61397,LAKE,LA-4-200,Airplane,NA,NA,False,1,NA,False,Instructional,091,Substantial,Visual (VMC),On File,Landing,Ongoing,False,Approved by Office Director,NA,NA,1/17/2026,17-1-2026
WPR26LA112,Accident,202580,2026-03-01,Snohomish,WA,USA,NA,N1850N; N1850N,ME-429; ME-429,False,Aviation,Aviation,Approved by Office Director,2026-05-14,NA,None,0,0,0,0,0,The flight instructor’s inadequate supervision of a dual student who attempted a go-around using one engine which resulted in a loss of control and impact with the ground.,Aircraft - Aircraft oper/perf/capability - Performance/control parameters - Not attained/maintained; Personnel issues - Task performance - Use of equip/info - Student/instructed pilot; Personnel issues - Action/decision - Info processing/decision - Pilot; Personnel issues - Action/decision - Info processing/decision - Instructor/check pilot,Accident,47.904868,-122.10274,BEECH; BEECH,76; 76,Airplane; Airplane,S43,Harvey Field,False,2,Reciprocating; Reciprocating,False,Instructional,091; 091,Substantial; Substantial,Visual (VMC),SNOHOMISH FLYING SERVICE INC; SNOHOMISH FLYING SERVICE INC,Landing; Landing; Landing,Completed,False,Approved by Office Director,NA,NA,3/1/2026,1-3-2026
WPR26LA136,Accident,202689,2026-03-22,Chehalis,WA,USA,NA,N163TW,16200230,False,Aviation,Aviation,Approved by Office Director,2026-06-25,NA,None,0,0,0,0,0,"The pilot’s improper recovery from a bounced landing, which resulted in a tail strike.",Aircraft - Aircraft oper/perf/capability - Performance/control parameters - Incorrect use/operation; Personnel issues - Task performance - Use of equip/info - Pilot,Accident,46.677,-122.983,CESSNA AIRCRAFT CO,162,Airplane,CLS,CHEHALIS-CENTRALIA,False,1,Reciprocating,False,Instructional,091,Substantial,Visual (VMC),RAINIER FLIGHT SERVICE LLC,Landing; Landing,Completed,False,Approved by Office Director,NA,NA,3/22/2026,22-3-2026
WPR26LA142,Accident,202716,2026-03-28,Spanaway,WA,USA,NA,N3484M,12-2080,False,Aviation,Aviation,Approved by Office Director,2026-07-01,NA,None,0,0,0,0,0,"The pilot’s excessive application of brakes, which resulted in the airplane tipping forward onto its nose.",Aircraft - Aircraft oper/perf/capability - Performance/control parameters - Incorrect use/operation,Accident,47.070389,-122.37108,PIPER,PA-12,Airplane,3B8,SHADY ACRES,False,1,Reciprocating,False,Personal,091,Substantial,Visual (VMC); Visual (VMC),On File,Landing,Completed,False,Approved by Office Director,NA,NA,3/28/2026,28-3-2026
WPR26LA163,Accident,202855,2026-04-18,Auburn,WA,USA,NA,N741TJ,30-477,False,Aviation,Aviation,Approved by Office Director,NA,NA,Minor,0,0,0,1,0,NA,NA,Accident,47.29146,-122.23539,PIPER,PA30,Airplane,S50,NA,False,2,NA,False,Personal,091,Substantial,Visual (VMC),On File,Enroute,Ongoing,False,Approved by Office Director,NA,NA,4/18/2026,18-4-2026
WPR26LA178,Accident,202953,2026-04-25,Everett,WA,USA,NA,N162HA,16200035,False,Aviation,Aviation,Approved by Office Director,NA,NA,None,0,0,0,0,0,NA,NA,Accident,47.907318,-122.28209,CESSNA,162,Airplane,PAE,SEATTLE PAINE FLD INTL,False,1,NA,False,Instructional,091,Substantial,Visual (VMC),206 AVIATION LLC,Landing,Ongoing,False,Approved by Office Director,NA,NA,4/25/2026,25-4-2026
WPR26LA183,Accident,202974,2026-05-12,Quilcene,WA,USA,NA,N588C,108-3588,False,Aviation,Aviation,Approved by Office Director,NA,NA,None,0,0,0,0,0,NA,NA,Accident,47.9222,-122.88975,STINSON,108-3,Airplane,NA,NA,False,1,NA,False,Personal,091,Substantial,Visual (VMC); Visual (VMC); Visual (VMC),On File,Enroute,Ongoing,False,Approved by Office Director,NA,NA,5/12/2026,12-5-2026
WPR26LA203,Accident,203101,2026-05-23,Soap Lake,WA,USA,NA,N157AJ,17.10.018,False,Aviation,Aviation,Approved by Office Director,NA,NA,None,0,0,0,0,0,NA,NA,Accident,47.3884,-119.52208,PZL-SWIDNIK,PW-5,Glider,None,In flight about 5.5 mile north of EPH,False,0,NA,False,Personal,091,Substantial,Visual (VMC),PUGET SOUND SOARING ASSOCIATION,Enroute; Enroute,Ongoing,False,Approved by Office Director,NA,NA,5/23/2026,23-5-2026
WPR26LA205,Accident,203104,2026-05-29,Shelton,WA,USA,NA,N661WA,208B0661,False,Aviation,Aviation,Approved by Office Director,NA,NA,Serious,0,0,0,1,0,NA,NA,Accident,47.233556,-123.14755,CESSNA,208B,Airplane,SHN,SANDERSON FLD,False,1,NA,False,Skydiving,091,Substantial,Visual (VMC),KAPOWSIN AIR SPORTS LTD,Approach,Ongoing,False,Approved by Office Director,NA,NA,5/29/2026,29-5-2026
WPR26LA208,Accident,203109,2026-06-01,Pasco,WA,USA,NA,N4179N,13650,False,Aviation,Aviation,Approved by Office Director,NA,NA,None,0,0,0,0,0,NA,NA,Accident,46.264948,-119.1194,CESSNA,140,Airplane,PSC,Tri-cities Airport,False,1,NA,False,Personal,091,Substantial,Visual (VMC),On File,Landing,Ongoing,False,Approved by Office Director,NA,NA,6/1/2026,1-6-2026
WPR26FA233,Accident,203243,2026-06-24,Pasco,WA,USA,NA,N3877V,7339,False,Aviation,Aviation,Approved by Office Director,NA,NA,Fatal,0,0,0,2,0,NA,NA,Accident,46.217,-119.1,CESSNA,195,Airplane,NA,NA,False,1,NA,False,Personal,091,Substantial,Visual (VMC),On File,Maneuvering; Maneuvering,Ongoing,False,Approved by Office Director,NA,NA,6/24/2026,24-6-2026
WPR26LA241,Accident,203291,2026-06-21,Port Angeles,WA,USA,NA,N3404Y,18051904,False,Aviation,Aviation,Approved by Office Director,NA,NA,None,0,0,0,0,0,NA,NA,Accident,48.117794,-123.49176,CESSNA,180H,Airplane,CLM,William R Fairchild International,False,1,NA,False,Personal,091,Substantial,Visual (VMC); Visual (VMC),On File,Landing,Ongoing,False,Approved by Office Director,NA,NA,6/21/2026,21-6-2026
WPR26LA261,Accident,203405,2026-07-14,Greenwater,WA,USA,NA,N323SF,KA20150451,False,Aviation,Aviation,Approved by Office Director,NA,NA,None,0,0,0,0,0,NA,NA,Accident,47.01,-121.53,JAMES AUSBUN,KITFOX S7 STI,Airplane,21W,Ranger Creek,False,1,NA,False,Personal,091,Substantial,NA,On File,Landing,Ongoing,False,Approved by Office Director,NA,NA,7/14/2026,14-7-2026
WPR26LA264,Accident,203411,2026-07-16,Cashmere,WA,USA,NA,N498TE,0049-0718,False,Aviation,Aviation,Approved by Office Director,NA,NA,Serious,0,0,0,1,0,NA,NA,Accident,47.514236,-120.48654,Tag Aviation PTY LTD,Titanium Explorer,Helicopter,8S2,NA,True,1,NA,False,Personal,091,Substantial,NA,On File,Takeoff,Ongoing,False,Approved by Office Director,NA,NA,7/16/2026,16-7-2026
WPR26LA265,Accident,203416,2026-07-17,Kent,WA,USA,NA,N987CW,71185,False,Aviation,Aviation,Approved by Office Director,NA,NA,Minor,0,0,0,1,0,NA,NA,Accident,47.381048,-122.23657,WILSON CHARLIE H,VANS RV 7A,Airplane,S36,CREST AIRFIELD,True,1,NA,False,Personal,091,Substantial,Visual (VMC); Visual (VMC),On File,Landing,Ongoing,False,Approved by Office Director,NA,NA,7/17/2026,17-7-2026
WPR26LA272,Accident,203439,2026-07-20,Metaline Falls,WA,USA,NA,N76GC,AA5A-0107,False,Aviation,Aviation,Approved by Office Director,NA,NA,None,0,0,0,0,0,NA,NA,Accident,48.840895,-117.28398,GRUMMAN AMERICAN AVN. CORP.,AA-5A,Airplane,09S,SULLIVAN LAKE STATE,False,1,NA,False,Personal,091,Substantial,Visual (VMC),On File,Landing,Ongoing,False,Approved by Office Director,NA,NA,7/20/2026,20-7-2026
WPR26LA274,Accident,203453,2026-07-23,Sucia Island,WA,USA,NA,N709KA,NA,False,Aviation,Aviation,Approved by Office Director,NA,NA,NA,0,0,0,0,0,NA,NA,Accident,NA,NA,DEHAVILLAND,DHC-3,NA,NA,NA,False,NA,NA,False,NA,135,NA,NA,KENMORE AIR HARBOR LLC,Landing,Ongoing,False,Approved by Office Director,NA,NA,7/23/2026,23-7-2026
WPR26LA275,Accident,203456,2026-07-22,Cougar,WA,USA,NA,N42SK,NA,False,Aviation,Aviation,None,NA,NA,Minor,0,0,0,1,0,NA,NA,Accident,NA,NA,MCLAGAN WILLIAM,SKEETER2,NA,NA,NA,False,NA,NA,False,Personal,091,NA,NA,KOBAYASHI FUMIAKI,Maneuvering,Ongoing,False,None,NA,NA,7/22/2026,22-7-2026
ANC25LA047,Accident,200308,2025-06-10,Camas,WA,USA,NA,N991RS,140872,False,Aviation,Aviation,Approved by Office Director,2025-08-11,NA,None,0,0,0,0,0,The pilot’s failure to maintain directional control during landing roll which resulted in a runway excursion.,Personnel issues - Task performance - Use of equip/info - Pilot; Environmental issues - Conditions/weather/phenomena - Wind - Ability to respond/compensate; Aircraft - Aircraft oper/perf/capability - Performance/control parameters - Not attained/maintained,Accident,45.627896,-122.40279,BRIAN PECK,RV-14,Airplane,1W1,Camas Grove Field,True,1,Reciprocating,False,Personal,091,Substantial,Visual (VMC); Visual (VMC),On File,Landing,Completed,False,Approved by Office Director,NA,NA,6/10/2025,10-6-2025
WPR25LA172,Accident,200325,2025-06-15,Spokane Valley,WA,USA,NA,N6848,75-6848,False,Aviation,Aviation,Approved by Office Director,2025-10-02,NA,Minor,0,0,2,2,0,The pilot’s failure to maintain directional control during a takeoff roll in quartering tailwind conditions.,Aircraft - Aircraft oper/perf/capability - Performance/control parameters - Not attained/maintained; Personnel issues - Task performance - Use of equip/info - Pilot; Environmental issues - Conditions/weather/phenomena - Wind - Effect on operation,Accident,47.607246,-117.17642,BOEING,B75N1,Airplane,WN92,SKY MEADOWS AIRPARK,False,1,Reciprocating,False,Personal,091,Substantial,Visual (VMC); Visual (VMC),On File,Takeoff; Takeoff,Completed,False,Approved by Office Director,NA,NA,6/15/2025,15-6-2025
WPR25LA177,Accident,200333,2025-06-11,Tonasket,WA,USA,NA,N78AW,7059,False,Aviation,Aviation,Approved by Office Director,2025-08-21,NA,None,0,0,0,0,0,The glider’s encounter with atmospheric conditions where the lift was not sufficient to maintain flight.,Environmental issues - Conditions/weather/phenomena - Temp/humidity/pressure - Effect on operation; Aircraft - Aircraft oper/perf/capability - Performance/control parameters - Attain/maintain not possible,Accident,48.750537,-118.99591,ROLLADEN SCHNEIDER,LS-7WL,Glider,NA,NA,False,0,NA,False,Personal,091,Substantial,Visual (VMC); Visual (VMC),On File,Landing; Landing; Enroute,Completed,False,Approved by Office Director,NA,NA,6/11/2025,11-6-2025
WPR25LA179,Accident,200335,2025-06-13,East Wenatchee,WA,USA,NA,N9550K,108-2550,False,Aviation,Aviation,Approved by Office Director,2025-08-21,NA,None,0,0,0,0,0,The pilot’s failure to maintain directional control during the landing roll with a left crosswind.,Environmental issues - Conditions/weather/phenomena - Wind - Effect on operation; Aircraft - Aircraft oper/perf/capability - Performance/control parameters - Not attained/maintained; Personnel issues - Task performance - Use of equip/info - Pilot,Accident,47.398806,-120.20683,STINSON,108-2,Airplane,EAT,PANGBORN MEML,False,1,Reciprocating,False,Personal,091,Substantial,Visual (VMC),On File,Landing; Landing; Landing; Landing,Completed,False,Approved by Office Director,NA,NA,6/13/2025,13-6-2025
WPR25LA184,Accident,200371,2025-06-20,Rockford,WA,USA,NA,N2680Y,18051180,False,Aviation,Aviation,Approved by Office Director,2025-09-26,NA,Minor,0,0,0,1,0,"The pilot's inadequate preflight inspection, which resulted in a total loss of engine power due to fuel exhaustion and a subsequent landing on rough terrain.",Environmental issues - Physical environment - Terrain - Contributed to outcome; Personnel issues - Task performance - Inspection - Pilot; Aircraft - Fluids/misc hardware - Fluids - Fluid level; Personnel issues - Task performance - Planning/preparation - Pilot,Accident,47.47788,-117.15342,CESSNA,180E,Airplane,NA,NA,False,1,Reciprocating,False,Personal,091,Substantial,Visual (VMC),On File,Standing; Enroute; Landing,Completed,False,Approved by Office Director,NA,NA,6/20/2025,20-6-2025
WPR25FA197,Accident,200452,2025-07-02,Mount Vernon,WA,USA,NA,N774RS,001031,False,Aviation,Aviation,Approved by Office Director,NA,NA,Fatal,0,0,0,1,0,NA,NA,Accident,48.409995,-122.25998,EVOLUTION AIRCRAFT INC,REVOLT,Weight-shift,NA,NA,False,1,NA,False,Personal,091,Substantial,Visual (VMC),EVOLUTION AIRCRAFT INC,Takeoff,Ongoing,False,Approved by Office Director,NA,NA,7/2/2025,2-7-2025
WPR25LA199,Accident,200470,2025-06-30,Tukwila,WA,USA,NA,N23UP,0270,False,Aviation,Aviation,Approved by Office Director,2025-11-06,NA,None,0,0,0,0,0,"The pilot’s failure to maintain yaw control during a takeoff to a hover in a gusting crosswind, which resulted in a loss of directional control and a subsequent hard landing.",Aircraft - Aircraft oper/perf/capability - Performance/control parameters - Not attained/maintained; Environmental issues - Conditions/weather/phenomena - Wind - Effect on operation; Personnel issues - Task performance - Use of equip/info - Pilot,Accident,47.526623,-122.30152,ROBINSON HELICOPTER CO,R66,Helicopter,BFI,Boeing Field/King County International Airport,False,1,Turbo shaft,False,Personal,091,Substantial,Visual (VMC),SEATTLE AIR TAXI LLC,Takeoff; Landing,Completed,False,Approved by Office Director,NA,NA,6/30/2025,30-6-2025
WPR25FA213,Accident,200553,2025-07-15,Quinault,WA,USA,NA,N80TM,259SR,False,Aviation,Aviation,Approved by Office Director,NA,NA,Fatal,1,1,1,3,0,NA,NA,Accident,47.581476,-123.67305,SCOTT MACWILLIAM,SR3500 MOOSE,Airplane,NA,NA,False,1,NA,False,Personal,091,Substantial,NA,On File,Enroute,Ongoing,False,Approved by Office Director,NA,NA,7/15/2025,15-7-2025
WPR25LA216,Accident,200586,2025-07-20,Concrete,WA,USA,NA,N6964A,29064,False,Aviation,Aviation,Approved by Office Director,2025-10-17,NA,Minor,0,0,1,1,0,"The pilot’s failure to maintain clearance from powerlines, which resulted in a wire strike.",Environmental issues - Physical environment - Object/animal/substance - Effect on equipment; Personnel issues - Psychological - Attention/monitoring - Pilot,Accident,48.520374,-121.87735,CESSNA,172,Airplane,N/A,NA,False,1,Reciprocating,False,Personal,091,Substantial,Visual (VMC); Visual (VMC); Visual (VMC),Daniel P Gore,Maneuvering,Completed,False,Approved by Office Director,NA,NA,7/20/2025,20-7-2025
WPR25LA229,Accident,200657,2025-07-28,Davenport,WA,USA,NA,N66LT,008233,False,Aviation,Aviation,Approved by Office Director,2025-12-11,NA,None,0,0,0,0,0,The pilot's failure to maintain directional control during the landing roll.,Personnel issues - Task performance - Use of equip/info - Pilot; Aircraft - Aircraft oper/perf/capability - Performance/control parameters - Not attained/maintained,Accident,47.65206,-118.17377,LAKE TAHOE PROPERTIES INC,CA 8,Airplane,68S,DAVENPORT,True,1,Turbo prop,False,Personal,091,Substantial,Visual (VMC); Visual (VMC); Visual (VMC),On File,Landing; Landing; Landing,Completed,False,Approved by Office Director,NA,NA,7/28/2025,28-7-2025
WPR25LA234,Accident,200688,2025-07-31,Cashmere,WA,USA,NA,N759NB,18266117,False,Aviation,Aviation,Approved by Office Director,2025-11-20,NA,Serious,0,0,0,2,0,"The pilot’s failure to maintain clearance from obstacles during an aborted landing, while flying in tailwind conditions. Contributing to the accident was the high density altitude weather condition.",Aircraft - Aircraft oper/perf/capability - Performance/control parameters - Not attained/maintained; Environmental issues - Conditions/weather/phenomena - Temp/humidity/pressure - Effect on operation; Environmental issues - Conditions/weather/phenomena - Wind - Effect on operation; Personnel issues - Task performance - Use of equip/info - Pilot; Personnel issues - Action/decision - Action - Pilot,Accident,47.514,-120.479,CESSNA,182Q,Airplane,8S2,Cashmere-Dryden,False,1,Reciprocating,False,Personal,091,Substantial,Visual (VMC); Visual (VMC); Visual (VMC),On File,Landing,Completed,False,Approved by Office Director,NA,NA,7/31/2025,31-7-2025
WPR25LA246,Accident,200757,2025-08-11,Fobes Hill,WA,USA,NA,N703WA,2276,False,Aviation,Aviation,Approved by Office Director,2025-11-06,NA,None,0,0,0,0,0,"The pilot’s abrupt maneuver to avoid a powerline during an aerial application flight, which resulted in the helicopter’s impact with terrain.",Personnel issues - Task performance - Use of equip/info - Pilot; Environmental issues - Physical environment - Object/animal/substance - Response/compensation; Environmental issues - Physical environment - Terrain - Contributed to outcome; Personnel issues - Action/decision - Info processing/decision - Pilot,Accident,47.912412,-122.13752,HILLER,UH-12E,Helicopter,S43,HARVEY FLD,False,1,Turbo shaft,False,Aerial application,137,Substantial,Visual (VMC),ANTHONY GHIDOSSI CHEMICAL LLC,Maneuvering,Completed,False,Approved by Office Director,NA,NA,8/11/2025,11-8-2025
WPR25LA259,Accident,200863,2025-08-25,Puyallup,WA,USA,NA,N538SF,C0694,False,Aviation,Aviation,Approved by Office Director,NA,NA,Serious,0,0,0,2,0,NA,NA,Accident,47.10392,-122.2872,CZECH AIRCRAFT GROUP SRO,SPORTCRUISER,Airplane,PLU,PIERCE COUNTY/THUN FLD,False,1,NA,False,Flight test,091,Substantial,Visual (VMC),Spana Flight,Takeoff; Maneuvering; EmergencyDescent,Ongoing,False,Approved by Office Director,NA,NA,8/25/2025,25-8-2025
WPR25LA262,Accident,200870,2025-08-18,Burlington,WA,USA,NA,N877DR,12520,False,Aviation,Aviation,Approved by Office Director,2025-11-20,NA,Minor,0,0,0,2,0,"The pilot’s failure to see and avoid the light pole, which resulted in a collision with the light pole and subsequent ground impact.",Personnel issues - Action/decision - Info processing/decision - Pilot; Personnel issues - Psychological - Attention/monitoring - Pilot,Accident,48.470526,-122.42168,ROBINSON HELICOPTER COMPANY,R44 II,Helicopter,BVS,SKAGIT RGNL,False,1,Reciprocating,False,Personal,091,Substantial,Visual (VMC),On File,Taxi; Taxi,Completed,False,Approved by Office Director,NA,NA,8/18/2025,18-8-2025
WPR25LA270,Accident,200921,2025-08-27,Everett,WA,USA,NA,N1755D,20198,False,Aviation,Aviation,Approved by Office Director,2025-11-20,NA,None,0,0,0,0,0,The pilot’s failure to maintain directional control during landing in crosswind conditions.,Personnel issues - Task performance - Use of equip/info - Pilot; Environmental issues - Conditions/weather/phenomena - Wind - Effect on operation; Aircraft - Aircraft oper/perf/capability - Performance/control parameters - Not attained/maintained,Accident,47.908838,-122.28563,CESSNA,170A,Airplane,PAE,SEATTLE PAINE FLD INTL,False,1,Reciprocating,False,Instructional,091,Substantial,Visual (VMC); Visual (VMC),Boeing Employees Flying Association,Landing,Completed,False,Approved by Office Director,NA,NA,8/27/2025,27-8-2025
WPR25LA290,Accident,201708,2025-09-24,Whittier,WA,USA,NA,N955AL,0554,False,Aviation,Aviation,Approved by Office Director,NA,NA,Minor,0,0,0,4,0,NA,NA,Accident,47.303333,-121.303,EUROCOPTER,EC135,Helicopter,NA,NA,False,2,NA,False,Other work use,135,Substantial,Visual (VMC),Air Methods LLC,Maneuvering,Ongoing,False,Approved by Office Director,NA,NA,9/24/2025,24-9-2025
WPR25FA294,Accident,201729,2025-09-26,Battle Ground,WA,USA,NA,N8219U,17252119,False,Aviation,Aviation,Approved by Office Director,NA,NA,Fatal,0,0,0,1,0,NA,NA,Accident,45.826675,-122.57775,CESSNA,172F,Airplane,W52,GOHEEN,False,1,NA,False,Personal,091,Destroyed,Visual (VMC),On File,Landing; Landing; Maneuvering,Ongoing,False,Approved by Office Director,NA,NA,9/26/2025,26-9-2025
WPR25LA298,Accident,201751,2025-09-27,Ilwaco,WA,USA,NA,N186X,1850437,False,Aviation,Aviation,Approved by Office Director,2025-11-14,NA,None,0,0,0,0,0,"The pilot's inadequate preflight inspection, which resulted in a total loss of engine power due to fuel exhaustion.",Personnel issues - Action/decision - Info processing/decision - Pilot; Personnel issues - Task performance - Inspection - Pilot; Aircraft - Fluids/misc hardware - Fluids - Fluid level; Environmental issues - Physical environment - Terrain - Contributed to outcome; Personnel issues - Task performance - Planning/preparation - Pilot,Accident,46.3071,-123.9655,CESSNA,185A,Airplane,7W1,PORT OF ILWACO,True,1,Reciprocating,False,Personal,091,Substantial,Visual (VMC),On File,Enroute; Approach; Standing; Landing,Completed,False,Approved by Office Director,NA,NA,9/27/2025,27-9-2025
WPR26LA006,Accident,201797,2025-10-02,Richland,WA,USA,NA,N3172U,038,False,Aviation,Aviation,Approved by Office Director,NA,NA,None,0,0,0,0,0,NA,NA,Accident,46.305639,-119.30418,SIAI-MARCHETTI,SM 1019,Airplane,RLD,RICHLAND,False,1,NA,False,Personal,091,Substantial,Visual (VMC),D & D AIRPARK LLC,Landing; Landing; Enroute; Landing,Ongoing,False,Approved by Office Director,NA,NA,10/2/2025,2-10-2025
WPR25LA306,Accident,201817,2025-09-18,Toledo,WA,USA,NA,N78316,2316,False,Aviation,Aviation,Approved by Office Director,2026-04-02,NA,None,0,0,0,0,0,The pilot’s failure to maintain control of the airplane during takeoff in crosswind conditions..,Aircraft - Aircraft oper/perf/capability - Performance/control parameters - Not attained/maintained; Environmental issues - Conditions/weather/phenomena - Wind - Effect on operation; Environmental issues - Conditions/weather/phenomena - Wind - Awareness of condition; Aircraft - Aircraft oper/perf/capability - Performance/control parameters - Not attained/maintained; Personnel issues - Task performance - Use of equip/info - Pilot,Accident,46.476882,-122.80835,TEMCO,GC-1B,Airplane,TDO,ED CARLSON MEML FLD/SOUTH LEWIS COUNTY,False,1,Reciprocating,False,Personal,091,Substantial,Visual (VMC),On File,Takeoff; Takeoff; Takeoff; Takeoff; Takeoff,Completed,False,Approved by Office Director,NA,NA,9/18/2025,18-9-2025
WPR25LA307,Accident,201827,2025-09-22,Anacortes,WA,USA,NA,N6831A,28931,False,Aviation,Aviation,Approved by Office Director,NA,NA,None,0,0,0,0,0,NA,NA,Accident,48.5126,-122.649,CESSNA,172,Airplane,74S,Anacortes Airport,False,1,NA,False,Personal,091,Substantial,Visual (VMC),On File,Takeoff,Ongoing,False,Approved by Office Director,NA,NA,9/22/2025,22-9-2025
WPR26LA016,Accident,201846,2025-10-12,Olympia,WA,USA,NA,N35S,D-7481,False,Aviation,Aviation,Approved by Office Director,2025-12-04,NA,None,0,0,0,0,0,The pilot’s inadvertent retraction of the landing gear after landing.,Personnel issues - Action/decision - Action - Pilot; Personnel issues - Task performance - Use of equip/info - Pilot,Accident,46.969,-122.903,BEECH,S35,Airplane,OLM,Olympia Regional Airport,False,1,Reciprocating,False,Personal,091,Substantial,Visual (VMC),On File,Taxi; Landing,Completed,False,Approved by Office Director,NA,NA,10/12/2025,12-10-2025
WPR26LA026,Accident,201899,2025-10-14,Arlington,WA,USA,NA,N300EX,011,False,Aviation,Aviation,Approved by Office Director,NA,NA,None,0,0,0,0,0,NA,NA,Accident,48.168486,-122.15942,EXTRA FLUGZEUGBAU GMBH,EA 300/L,Airplane,AWO,ARLINGTON MUNI,False,1,NA,False,Instructional,091,Substantial,Visual (VMC),SCOTT GORSKI AVIATION AEROBATICS LLC,Takeoff,Ongoing,False,Approved by Office Director,NA,NA,10/14/2025,14-10-2025
WPR26LA035,Accident,201953,2025-10-31,Friday Harbor,WA,USA,NA,N9234N,4119C,False,Aviation,Aviation,Approved by Office Director,NA,NA,None,0,0,0,0,0,NA,NA,Accident,48.523972,-123.02443,MAULE,M-7-235A,Airplane,FHR,NA,False,1,NA,False,Personal,091,Substantial,Visual (VMC),On File,Landing,Ongoing,False,Approved by Office Director,NA,NA,10/31/2025,31-10-2025
WPR26LA041,Accident,201985,2025-11-07,Pacific,WA,USA,NA,N358D,03-10-51-235,False,Aviation,Aviation,Approved by Office Director,NA,NA,None,0,0,0,0,0,NA,NA,Accident,47.27116,-122.25186,BESSLER DUANE LYNN,SAVANNAH,Airplane,S50,Auburn Municipal Airport,False,1,NA,False,Personal,091,Substantial,Visual (VMC),INTERNATIONAL AIR SERVICES INC TRUSTEE,Enroute,Ongoing,False,Approved by Office Director,NA,NA,11/7/2025,7-11-2025
WPR25LA308,Accident,202059,2025-09-11,Chehalis,WA,USA,NA,N311TS,16-215,False,Aviation,Aviation,Approved by Office Director,2026-03-05,NA,Serious,0,0,0,1,0,"The pilot's improper decision to take off with the airplane over its maximum allowable gross weight, which degraded its climb performance and led to a subsequent off airport landing.",Personnel issues - Task performance - Planning/preparation - Pilot; Aircraft - Aircraft oper/perf/capability - Performance/control parameters - Not attained/maintained; Personnel issues - Action/decision - Info processing/decision - Pilot; Aircraft - Aircraft oper/perf/capability - Aircraft capability - Capability exceeded; Aircraft - Aircraft oper/perf/capability - Performance/control parameters - Not attained/maintained; Personnel issues - Task performance - Use of equip/info - Pilot,Accident,46.659,-122.98275,Thomas Graham,Teenie Two,Airplane,CLS,CHEHALIS-CENTRALIA,True,1,Reciprocating,False,Personal,091,Substantial,Visual (VMC),On File,InitialClimb; InitialClimb,Completed,False,Approved by Office Director,NA,NA,9/11/2025,11-9-2025
WPR24LA318,Accident,195229,2024-09-21,Seattle,WA,USA,NA,N513WF; N513WF; N621WK; N621WK; N621WK; N621WK,172S9756; 172S9756; 2179; 2179; 2179; 2179,False,Aviation,Aviation,Approved by Office Director,2025-04-22,NA,None,0,0,0,0,0,The Gulfstream pilot’s failure to maintain clearance from the Cessna while taxiing that resulted in a ground collision.,Personnel issues - Psychological - Attention/monitoring - Pilot of other aircraft; Personnel issues - Psychological - Attention/monitoring - Pilot,Accident,47.529972,-122.30194,CESSNA; CESSNA; IAI LTD; IAI LTD; IAI LTD; IAI LTD,172S; 172S; GULFSTREAM G280; GULFSTREAM G280; GULFSTREAM G280; GULFSTREAM G280,Airplane; Airplane; Airplane; Airplane; Airplane; Airplane,BFI,BOEING FLD/KING COUNTY INTL,False,1,Reciprocating; Reciprocating; Turbo fan; Turbo fan; Turbo fan; Turbo fan,False,Personal; Executive/Corporate,091; 091; 091; 091; 091; 091,Substantial; Substantial; Minor; Minor; Minor; Minor,Visual (VMC),Galvin Flying ; Galvin Flying ; KELLANOVA; KELLANOVA; KELLANOVA; KELLANOVA,Standing; Taxi,Completed,False,Approved by Office Director,NA,NA,9/21/2024,21-9-2024
WPR24LA319,Accident,195230,2024-09-26,Fern Prairie,WA,USA,NA,N9984K,45054,False,Aviation,Aviation,Approved by Office Director,NA,NA,None,0,0,0,0,0,NA,NA,Accident,45.65406,-122.30411,BELL,206L,Helicopter,N/A,NA,False,1,NA,False,Ferry,091,Substantial,Visual (VMC),JL AVIATION INC,Enroute,Ongoing,False,Approved by Office Director,NA,NA,9/26/2024,26-9-2024
WPR25LA014,Accident,195317,2024-10-12,Seattle,WA,USA,NA,N185WK,185-01832,False,Aviation,Aviation,Approved by Office Director,2025-04-22,NA,None,0,0,0,0,0,The pilot’s failure to maintain directional control during landing roll with a crosswind.,Personnel issues - Task performance - Use of equip/info - Pilot; Aircraft - Aircraft oper/perf/capability - Performance/control parameters - Not attained/maintained,Accident,47.529972,-122.30194,CESSNA,A185E,Airplane,BFI,Boeing Field/King County International Airport,False,1,Reciprocating,False,Personal,091,Substantial,Visual (VMC); Visual (VMC),INTREPID AIR LLC,Landing,Completed,False,Approved by Office Director,NA,NA,10/12/2024,12-10-2024
WPR25LA053,Accident,199375,2024-12-02,Spokane,WA,USA,NA,N29GA; N29GA,15025; 15025,False,Aviation,Aviation,Approved by Office Director,2025-12-10,NA,None,0,0,0,0,0,A partial loss of engine(s) power due ice ingestion.,Environmental issues - Conditions/weather/phenomena - (general) - Effect on equipment,Accident,47.682941,-117.32242,GULFSTREAM AM CORP COMM DIV; GULFSTREAM AM CORP COMM DIV,690D; 690D,Airplane; Airplane,SFF,FELTS FLD,False,2,Turbo prop; Turbo prop,False,Personal,091; 091,Substantial; Substantial,Instrument (IMC); Instrument (IMC),On File; On File,Approach; Landing; Landing,Completed,False,Approved by Office Director,NA,NA,12/2/2024,2-12-2024
WPR25LA061,Accident,199428,2024-12-13,Gig Harbor,WA,USA,NA,N6750H,17265566,False,Aviation,Aviation,Approved by Office Director,2025-04-22,NA,None,0,0,0,0,0,The student pilot’s failure to maintain directional control during a touch-and-go.,Aircraft - Aircraft oper/perf/capability - Performance/control parameters - Not attained/maintained; Personnel issues - Task performance - Use of equip/info - Student/instructed pilot,Accident,47.267944,-122.57811,CESSNA,172M,Airplane,TIW,Tacoma Narrows Airport,False,1,NA,False,Instructional,091,Substantial,Visual (VMC),PICKETT MICHAEL R,Landing,Completed,False,Approved by Office Director,NA,NA,12/13/2024,13-12-2024
DCA25LA117,Accident,199653,2025-02-05,Seattle,WA,USA,NA,N3737C; N3737C; N3737C; N3737C; JA868J; JA868J; JA868J; JA868J,30799; 30799; 30799; 30799; 34845; 34845; 34845; 34845,False,Aviation,Aviation,Approved by Office Director,2025-10-14,NA,None,0,0,0,0,0,The Japan Airlines flight crew’s failure to maintain adequate clearance from the parked Delta Air Lines aircraft while taxiing in congested ramp conditions.,Environmental issues - Conditions/weather/phenomena - (general) - Effect on operation; Environmental issues - Operating environment - Airport facilities/design - Contributed to outcome; Personnel issues - Psychological - Perception/orientation/illusion - Flight crew,Accident,47.437114,-122.30399,BOEING; BOEING; BOEING; BOEING; BOEING; BOEING; BOEING; BOEING,737-832; 737-832; 737-832; 737-832; 787; 787; 787; 787,Airplane; Airplane; Airplane; Airplane; Airplane; Airplane; Airplane; Airplane,SEA,SEATTLE-TACOMA INTL,False,2,Turbo fan; Turbo fan; Turbo fan; Turbo fan; Turbo fan; Turbo fan; Turbo fan; Turbo fan,True,NA,121; 121; 121; 121; 129; 129; 129; 129,Substantial; Substantial; Substantial; Substantial; Minor; Minor; Minor; Minor,Visual (VMC); Visual (VMC),DELTA AIR LINES INC; DELTA AIR LINES INC; DELTA AIR LINES INC; DELTA AIR LINES INC; Japan Air Lines ; Japan Air Lines ; Japan Air Lines ; Japan Air Lines,Standing; Taxi,Completed,False,Approved by Office Director,NA,NA,2/5/2025,5-2-2025
WPR25LA104,Accident,199747,2025-02-20,Waterville,WA,USA,NA,N7792A,32689,False,Aviation,Aviation,Approved by Office Director,2025-05-09,NA,None,0,0,0,0,0,The pilot’s failure to maintain directional control during landing roll.,Environmental issues - Conditions/weather/phenomena - Wind - Effect on operation; Environmental issues - Physical environment - Object/animal/substance - Effect on operation; Personnel issues - Task performance - Use of equip/info - Pilot; Aircraft - Aircraft oper/perf/capability - Performance/control parameters - Not attained/maintained,Accident,47.656004,-120.05646,CESSNA,180A,Airplane,2S5,WATERVILLE,False,1,Reciprocating,False,Instructional,091,Substantial,Visual (VMC),On File,Landing; Landing; Landing,Completed,False,Approved by Office Director,NA,NA,2/20/2025,20-2-2025
WPR25FA108,Accident,199801,2025-03-04,Renslow,WA,USA,NA,N6167F,A1500437,False,Aviation,Aviation,Approved by Office Director,NA,NA,Fatal,0,0,0,1,0,NA,NA,Accident,47.024052,-120.22701,CESSNA,A150L,Airplane,NA,NA,False,1,NA,False,Personal,091,Destroyed,NA,On File,Enroute,Ongoing,False,Approved by Office Director,NA,NA,3/4/2025,4-3-2025
WPR25FA114,Accident,199881,2025-03-19,Mountain Home Park,WA,USA,NA,N23SD,811,False,Aviation,Aviation,Approved by Office Director,NA,NA,Fatal,0,0,0,1,0,NA,NA,Accident,46.236369,-117.93526,BELL,206B II,Helicopter,NA,NA,False,1,NA,False,Aerial application,137,Substantial,Visual (VMC),NORTH WIND AVIATION LLC,Enroute,Ongoing,False,Approved by Office Director,NA,NA,3/19/2025,19-3-2025
WPR25LA134,Accident,200020,2025-04-15,Amboy,WA,USA,NA,N16671,2087,False,Aviation,Aviation,Approved by Office Director,NA,NA,None,0,0,0,0,0,NA,NA,Accident,45.93988,-122.37731,BELL,206B,Helicopter,NA,NA,False,1,NA,False,Personal,091,Substantial,NA,On File,Enroute,Ongoing,False,Approved by Office Director,NA,NA,4/15/2025,15-4-2025
WPR25LA155,Accident,200149,2025-05-10,Enumclaw,WA,USA,NA,N333TM,18-8939,False,Aviation,Aviation,Approved by Office Director,NA,NA,None,0,0,0,0,0,NA,NA,Accident,47.2505,-121.94,PIPER,PA-18-150,Airplane,WN76,Bergseth Field,False,1,NA,False,Glider tow,091,Substantial,Visual (VMC),On File,Landing; Landing; InitialClimb,Ongoing,False,Approved by Office Director,NA,NA,5/10/2025,10-5-2025
WPR25LA162,Accident,200224,2025-05-26,Monroe,WA,USA,NA,N6132G,17273570,False,Aviation,Aviation,Approved by Office Director,2025-08-28,NA,None,0,0,0,0,0,"The student pilot’s failure to maintain airplane control during landing, and the flight instructor’s delayed remedial action, which resulted in impact with a ditch.",Personnel issues - Task performance - Use of equip/info - Instructor/check pilot; Personnel issues - Task performance - Use of equip/info - Student/instructed pilot; Personnel issues - Action/decision - Action - Instructor/check pilot; Aircraft - Aircraft oper/perf/capability - Performance/control parameters - Not attained/maintained; Environmental issues - Physical environment - Terrain - Effect on operation,Accident,47.871364,-121.99524,CESSNA,172N,Airplane,W16,First Air Field,False,1,Reciprocating,False,Instructional,091,Substantial,Visual (VMC); Visual (VMC),MORCOM AVIATION SERVICES INC,Landing,Completed,False,Approved by Office Director,NA,NA,5/26/2025,26-5-2025
ANC25LA043,Accident,200236,2025-05-28,Snohomish,WA,USA,NA,N2155Q,177RG0555,False,Aviation,Aviation,Approved by Office Director,2025-08-11,NA,None,0,0,0,0,0,"The pilot’s decision to continue the landing attempt with insufficient runway remaining, which resulted in a runway overrun and collision with a fence.",Personnel issues - Action/decision - Info processing/decision - Pilot; Aircraft - Aircraft oper/perf/capability - Aircraft capability - Capability exceeded; Personnel issues - Action/decision - Info processing/decision - Pilot; Personnel issues - Psychological - Perception/orientation/illusion - Pilot; Personnel issues - Action/decision - Action - Pilot,Accident,47.9012,-122.10089,CESSNA,177RG,Airplane,S43,Harvey Airfield,False,1,Reciprocating,False,Personal,091,Substantial,Visual (VMC); Visual (VMC); Visual (VMC),On File,Landing,Completed,False,Approved by Office Director,NA,NA,5/28/2025,28-5-2025
WPR25LA168,Accident,200263,2025-06-02,Port Townsend,WA,USA,NA,N85311,7AC4050,False,Aviation,Aviation,Approved by Office Director,2025-10-02,NA,None,0,0,0,0,0,The flight instructor’s delayed remedial action and inadequate compensation for shifting wind conditions which resulted in a veer off the runway and collision with a sign.,Personnel issues - Action/decision - Action - Instructor/check pilot; Personnel issues - Task performance - Use of equip/info - Instructor/check pilot; Environmental issues - Conditions/weather/phenomena - Wind - Ability to respond/compensate,Accident,48.053757,-122.80944,AERONCA,7BCM,Airplane,0S9,JEFFERSON COUNTY INTL,False,1,Reciprocating,False,Instructional,091,Substantial,Visual (VMC),On File,Landing,Completed,False,Approved by Office Director,NA,NA,6/2/2025,2-6-2025
WPR25LA178,Accident,200334,2025-04-04,Vancouver,WA,USA,NA,N9404N,28R-35115,False,Aviation,Aviation,Approved by Office Director,2025-09-18,NA,None,0,0,0,0,0,"A failure of the brake system during landing due to a hydraulic fluid leak, which resulted in a runway excursion.",Aircraft - Fluids/misc hardware - Fluids - Fluid level; Aircraft - Aircraft systems - Landing gear system - Failure,Accident,45.592025,-122.59268,PIPER,PA-28R-200,Airplane,VUO,Pearson Filed Airport,False,1,Reciprocating,False,Personal,091,Substantial,Visual (VMC),On File,Landing; Landing,Completed,False,Approved by Office Director,NA,NA,4/4/2025,4-4-2025
WPR24LA113,Accident,193956,2024-03-16,Asotin,WA,USA,NA,N295P,KA19305429,False,Aviation,Aviation,Approved by Office Director,2024-10-31,NA,Minor,0,0,0,2,0,Pilot’s failure to maintain clearance from powerlines during low altitude flying.,Environmental issues - Physical environment - Object/animal/substance - Awareness of condition; Personnel issues - Psychological - Attention/monitoring - Pilot; Aircraft - Aircraft oper/perf/capability - Performance/control parameters - Not attained/maintained,Accident,46.086313,-116.98281,Kitfox,S7 Super Sport,Airplane,NA,NA,False,1,Reciprocating,False,Personal,091,Substantial,Visual (VMC); Visual (VMC),295P LLC,Maneuvering,Completed,False,Approved by Office Director,NA,NA,3/16/2024,16-3-2024
ANC24LA023,Accident,194057,2024-04-08,Deer Park,WA,USA,NA,N19390,15074385,False,Aviation,Aviation,Approved by Office Director,2025-03-06,NA,None,0,0,0,0,0,The pilot’s improper landing flare which resulted in the airplane contacting the ground short of the runway.,Personnel issues - Task performance - Use of equip/info - Pilot; Aircraft - Aircraft oper/perf/capability - Performance/control parameters - Not attained/maintained; Personnel issues - Experience/knowledge - Experience/qualifications - Pilot,Accident,47.976951,-117.43123,CESSNA,150L,Airplane,DEW,DEER PARK,False,1,Reciprocating,False,Personal,091,Substantial,Visual (VMC),On File,Landing,Completed,False,Approved by Office Director,NA,NA,4/8/2024,8-4-2024
WPR24LA126,Accident,194090,2024-04-11,Auburn,WA,USA,NA,N806RC,P21000149,False,Aviation,Aviation,Approved by Office Director,2024-11-26,NA,None,0,0,0,0,0,"An overstress fracture of the left main landing gear actuator, which resulted in the failure of the left main landing gear to fully extend and lock into place.",Aircraft - Aircraft systems - Landing gear system - Failure,Accident,47.327625,-122.22665,CESSNA,P210N,Airplane,S50,AUBURN MUNI,False,1,Reciprocating,False,Personal,091,Substantial,Visual (VMC); Visual (VMC); Visual (VMC),On File,Landing,Completed,False,Approved by Office Director,NA,NA,4/11/2024,11-4-2024
WPR24LA139,Accident,194211,2024-05-03,Olympia,WA,USA,NA,N4082J,1794,False,Aviation,Aviation,Approved by Office Director,2026-04-03,NA,Minor,0,0,0,1,0,"The flight instructor’s delayed action to arrest the descending, left pedal turn while maneuvering for a low-altitude hover with the helicopter near the maximum gross weight limitation, which resulted in an impact with the ground and a dynamic rollover.",Aircraft - Aircraft oper/perf/capability - Performance/control parameters - Not attained/maintained; Personnel issues - Psychological - Attention/monitoring - Instructor/check pilot; Personnel issues - Task performance - Use of equip/info - Pilot; Aircraft - Aircraft oper/perf/capability - Performance/control parameters - Not attained/maintained; Personnel issues - Action/decision - Action - Instructor/check pilot,Accident,46.97,-122.9,ROBINSON HELICOPTER,R22 BETA,Helicopter,OLM,Olympia Regional Airport,False,1,Reciprocating,False,Instructional,091,Substantial,Visual (VMC); Visual (VMC),On File,Maneuvering; Landing,Completed,False,Approved by Office Director,NA,NA,5/3/2024,3-5-2024
WPR24FA156,Accident,194296,2024-05-19,Bandera,WA,USA,NA,N22MW,131,False,Aviation,Aviation,Approved by Office Director,2026-04-29,NA,Fatal,0,0,0,1,0,"The pilot’s decision to continue flight into icing conditions and inclement weather, which likely led to spatial disorientation when he attempted to divert from the planned course to the destination airport.",Personnel issues - Psychological - Perception/orientation/illusion - Pilot; Environmental issues - Task environment - Pressures/demands - Effect on personnel; Personnel issues - Action/decision - Info processing/decision - Pilot; Environmental issues - Conditions/weather/phenomena - Ceiling/visibility/precip - Effect on personnel,Accident,47.38316,-121.49988,EXTRA FLUGZEUGBAU GMBH,EA 300/L,Airplane,NA,NA,False,1,Reciprocating,False,Personal,091,Substantial,Visual (VMC); Visual (VMC),On File,Enroute; Enroute,Completed,False,Approved by Office Director,NA,NA,5/19/2024,19-5-2024
WPR24LA166,Accident,194377,2024-06-01,Snohomish,WA,USA,NA,N90VT,41675,False,Aviation,Aviation,Approved by Office Director,2024-07-25,NA,None,0,0,0,0,0,The pilot’s failure to attain a proper touchdown point during landing with a tailwind which resulted in a runway overrun.,Environmental issues - Conditions/weather/phenomena - Wind - Contributed to outcome; Aircraft - Aircraft oper/perf/capability - Performance/control parameters - Not attained/maintained; Personnel issues - Action/decision - Info processing/decision - Pilot,Accident,47.904868,-122.10274,THOMAS J SPENCER,RV-10,Airplane,S43,Harvey Field Airport,True,1,Reciprocating,False,Personal,091,Substantial,Visual (VMC),On File,Landing,Completed,False,Approved by Office Director,NA,NA,6/1/2024,1-6-2024
WPR24LA173,Accident,194389,2024-06-03,Benton City,WA,USA,NA,N2302F,55188,False,Aviation,Aviation,Approved by Office Director,2024-12-02,NA,None,0,0,0,0,0,The pilot’s failure to maintain clearance from power lines during a low altitude operation.,Personnel issues - Psychological - Attention/monitoring - Pilot; Aircraft - Aircraft oper/perf/capability - Performance/control parameters - Not attained/maintained; Environmental issues - Physical environment - Object/animal/substance - Awareness of condition,Accident,46.302015,-119.51982,SIKORSKY,S-55QT,Helicopter,NA,NA,False,1,Turbo shaft,False,Other work use,091,Substantial,Visual (VMC); Visual (VMC),N2302F LLC,Maneuvering,Completed,False,Approved by Office Director,NA,NA,6/3/2024,3-6-2024
WPR24FA182,Accident,194412,2024-06-06,Auburn,WA,USA,NA,N412JN,120577,False,Aviation,Aviation,Approved by Office Director,2025-11-13,NA,Fatal,1,0,0,1,0,"The pilot’s improper installation of the control stick pushrod assemblies, which resulted in separation of the left pushrod and a total loss of roll control during flight. Contributing to the accident was the failure to detect the installation error during the airplane’s construction, inspection, and subsequent maintenance.",Personnel issues - Action/decision - Info processing/decision - Owner/builder; Aircraft - Aircraft systems - Flight control system - Failure; Aircraft - Aircraft systems - Flight control system - Incorrect service/maintenance; Personnel issues - Task performance - Inspection - Pilot; Personnel issues - Task performance - Maintenance - Owner/builder,Accident,47.311494,-122.23403,VANS AIRCRAFT INC,RV-12,Airplane,S50,AUBURN MUNICIPAL,True,1,Reciprocating,False,Personal,091,Substantial,Visual (VMC),On File,Approach; Approach; UncontrolledDescent,Completed,False,Approved by Office Director,NA,NA,6/6/2024,6-6-2024
WPR24FA184,Accident,194417,2024-06-07,Deer Harbor,WA,USA,NA,N268AF,G-828,False,Aviation,Aviation,Approved by Office Director,2026-05-13,NA,Fatal,0,0,0,1,0,"The pilot’s decision to perform an aerobatic maneuver at low level, and his misjudged entry altitude for the maneuver, which resulted in impact with water.",Aircraft - Aircraft oper/perf/capability - Performance/control parameters - Not attained/maintained; Personnel issues - Action/decision - Info processing/decision - Pilot,Accident,48.619748,-123.04244,BEECH,A45,Airplane,NA,NA,False,1,Reciprocating,False,Personal,091,Substantial,Visual (VMC),On File,Maneuvering; Maneuvering; Maneuvering,Completed,False,Approved by Office Director,NA,NA,6/7/2024,7-6-2024
WPR24LA188,Accident,194433,2024-06-08,Ocean Shores,WA,USA,NA,N9695W,299 SR,False,Aviation,Aviation,Approved by Office Director,2025-04-24,NA,Serious,0,0,0,2,0,"The pilot’s hard, bounced landing, subsequent failure to maintain adequate airspeed, and his exceedance of the airplane’s critical angle of attack during a go-around, which resulted in an aerodynamic stall and impact with terrain.",Personnel issues - Task performance - Use of equip/info - Pilot; Aircraft - Aircraft oper/perf/capability - Performance/control parameters - Not attained/maintained; Environmental issues - Conditions/weather/phenomena - Wind - Effect on operation,Accident,46.999055,-124.14033,DAVID FISHER,MURPHY MOOSE,Airplane,W04,OCEAN SHORES MUNI,True,1,Reciprocating,False,Personal,091,Substantial,Visual (VMC),On File,Approach; Landing,Completed,False,Approved by Office Director,NA,NA,6/8/2024,8-6-2024
WPR24FA200,Accident,194501,2024-06-19,Bluestem,WA,USA,NA,N323TT,14626,False,Aviation,Aviation,Approved by Office Director,2026-05-21,NA,Fatal,0,0,0,2,0,"The pilot’s failure to manage main rotor rpm during an autorotation, which resulted in a loss of helicopter control. Contributing to the accident was a loss of power for reasons that could not be determined.",Aircraft - Aircraft power plant - Engine (reciprocating) - Unknown/Not determined; Personnel issues - Task performance - Use of equip/info - Pilot; Aircraft - Aircraft oper/perf/capability - Performance/control parameters - Not attained/maintained,Accident,47.546733,-118.15535,ROBINSON HELICOPTER COMPANY,R44 II,Helicopter,NA,NA,False,1,Reciprocating,False,Personal,091,Destroyed,Visual (VMC),On File,Landing; Enroute; EmergencyDescent,Completed,False,Approved by Office Director,NA,NA,6/19/2024,19-6-2024
WPR24LA206,Accident,194538,2024-06-24,Spokane Valley,WA,USA,NA,N4059D,34759,False,Aviation,Aviation,Approved by Office Director,2026-06-10,NA,None,0,0,0,0,0,"The pilot's inadequate preflight inspection and fuel planning, which resulted in a total loss of engine power due to fuel exhaustion.",Aircraft - Fluids/misc hardware - Fluids - Fluid level; Personnel issues - Task performance - Planning/preparation - Pilot; Personnel issues - Action/decision - Info processing/decision - Pilot; Personnel issues - Task performance - Inspection - Pilot,Accident,47.621631,-117.23473,CESSNA,182A,Airplane,SFF,FELTS FLD,False,1,Reciprocating,False,Personal,091,Substantial,Visual (VMC),AIR COEUR LLC,Enroute; Landing; Standing,Completed,False,Approved by Office Director,NA,NA,6/24/2024,24-6-2024
WPR24LA222,Accident,194598,2024-07-01,Tacoma,WA,USA,NA,N4402B,26746,False,Aviation,Aviation,Approved by Office Director,2025-02-12,NA,None,0,0,0,0,0,The pilot’s failure to maintain directional control during landing.,Personnel issues - Task performance - Use of equip/info - Pilot; Aircraft - Aircraft oper/perf/capability - Performance/control parameters - Not attained/maintained,Accident,47.267944,-122.57811,CESSNA,170B,Airplane,TIW,TACOMA NARROWS,False,1,Reciprocating,False,Personal,091,Substantial,Visual (VMC),On File,Landing; Landing,Completed,False,Approved by Office Director,NA,NA,7/1/2024,1-7-2024
WPR24FA226,Accident,194619,2024-07-07,Eatonville,WA,USA,NA,N3464D,168,False,Aviation,Aviation,Approved by Office Director,2026-05-21,NA,Fatal,0,0,0,2,0,"The pilot’s exceedance of the airplane’s critical angle of attack while maneuvering to avoid trees, which resulted in an aerodynamic stall.",Environmental issues - Physical environment - Object/animal/substance - Contributed to outcome; Aircraft - Aircraft oper/perf/capability - Performance/control parameters - Capability exceeded; Personnel issues - Task performance - Use of equip/info - Pilot; Aircraft - Aircraft oper/perf/capability - Aircraft capability - Capability exceeded,Accident,46.859549,-122.25799,CHAMPION,7GCBC,Airplane,2W3,SWANSON FLD,False,1,Reciprocating,False,Personal,091,Substantial,Visual (VMC),On File,UncontrolledDescent; Enroute; Enroute,Completed,False,Approved by Office Director,NA,NA,7/7/2024,7-7-2024
WPR24LA248,Accident,194703,2024-07-15,Ritzville,WA,USA,NA,N714PW,15079336,False,Aviation,Aviation,Approved by Office Director,2025-07-23,NA,None,0,0,0,0,0,"Maintenance personnel’s improper installation of the No. 2 cylinder exhaust valve, which allowed the valve to drop into the cylinder and resulted in a total loss of engine power.",Aircraft - Aircraft power plant - Engine (reciprocating) - Incorrect service/maintenance; Personnel issues - Task performance - Maintenance - Maintenance personnel,Accident,47.103,-118.3863,CESSNA,150M,Airplane,33S,PRU FLD,False,1,Reciprocating,False,Personal,091,Substantial,Visual (VMC),On File,Enroute,Completed,False,Approved by Office Director,NA,NA,7/15/2024,15-7-2024
WPR24LA277,Accident,194925,2024-08-10,Sequim,WA,USA,NA,N354AL,D-6570,False,Aviation,Aviation,Approved by Office Director,2025-03-06,NA,None,0,0,0,0,0,"An encounter with a downdraft, which resulted in a hard landing.",Aircraft - Aircraft oper/perf/capability - Performance/control parameters - Not attained/maintained; Environmental issues - Conditions/weather/phenomena - Wind - Effect on operation,Accident,48.092593,-122.9285,BEECH,N35,Airplane,2WA1,Diamond Point Airstrip,False,1,Reciprocating,False,Personal,091,Substantial,Visual (VMC); Visual (VMC),On File,Landing,Completed,False,Approved by Office Director,NA,NA,8/10/2024,10-8-2024
WPR24FA285,Accident,194996,2024-08-24,Kent,WA,USA,NA,N61323,18504147,False,Aviation,Aviation,Approved by Office Director,2026-06-25,NA,Fatal,0,0,0,1,0,"The pilot’s failure to properly configure the amphibious landing gear for a water landing, which resulted in a touchdown on the water with the wheels extended, noseover, and airplane submersion.",Aircraft - Aircraft systems - Landing gear system - Incorrect use/operation; Personnel issues - Psychological - Attention/monitoring - Pilot; Personnel issues - Action/decision - Action - Pilot; Personnel issues - Task performance - Use of equip/info - Pilot,Accident,47.364393,-122.15364,CESSNA,A185F,Airplane,NA,NA,False,1,Reciprocating,False,Personal,091,Substantial,Visual (VMC),On File,Landing,Completed,False,Approved by Office Director,NA,NA,8/24/2024,24-8-2024
WPR24FA298,Accident,195073,2024-09-06,Yacolt,WA,USA,NA,N53466,75-2175,False,Aviation,Aviation,Approved by Office Director,2026-07-29,NA,Fatal,0,0,0,2,0,"The pilot’s exceedance of the airplane’s critical angle of attack while maneuvering at a low altitude in mountainous terrain in moderately high density altitude conditions, resulting in an aerodynamic stall and subsequent impact with terrain.",Aircraft - Aircraft oper/perf/capability - Performance/control parameters - Not attained/maintained; Environmental issues - Conditions/weather/phenomena - Temp/humidity/pressure - Response/compensation; Personnel issues - Psychological - Attention/monitoring - Pilot; Environmental issues - Physical environment - Terrain - Response/compensation; Personnel issues - Psychological - Attention/monitoring - Pilot; Aircraft - Aircraft oper/perf/capability - Performance/control parameters - Not attained/maintained,Accident,45.7829,-122.17305,BOEING,A75L3,Airplane,NA,NA,False,1,Reciprocating,False,Personal,091,Substantial,Visual (VMC),On File,Maneuvering,Completed,False,Approved by Office Director,NA,NA,9/6/2024,6-9-2024
WPR24LA301,Accident,195090,2024-09-01,Port Angeles,WA,USA,NA,N954RD,2009,False,Aviation,Aviation,Approved by Office Director,2025-03-06,NA,None,0,0,0,0,0,"The pilot’s failure to maintain directional control during the landing rollout, which resulted in a ground loop.",Personnel issues - Task performance - Use of equip/info - Pilot; Personnel issues - Psychological - Attention/monitoring - Pilot; Aircraft - Aircraft oper/perf/capability - Performance/control parameters - Not attained/maintained,Accident,48.120194,-123.49969,THOMPSON RYAN L,THOMPSON CRAFT,Airplane,CLM,William R Fairchild International,True,1,Reciprocating,False,Personal,091,Substantial,Visual (VMC); Visual (VMC); Visual (VMC),On File,Landing,Completed,False,Approved by Office Director,NA,NA,9/1/2024,1-9-2024
WPR24LA303,Accident,195105,2024-08-30,Big Bend-Gold Bar,WA,USA,NA,N379ME,T20608229,False,Aviation,Aviation,Approved by Office Director,2025-03-13,NA,None,0,0,0,0,0,"The pilot’s improper flare, which resulted in a hard landing.",Aircraft - Aircraft oper/perf/capability - Performance/control parameters - Not attained/maintained; Environmental issues - Conditions/weather/phenomena - (general) - Effect on personnel; Aircraft - Aircraft systems - Landing gear system - Capability exceeded; Personnel issues - Psychological - Perception/orientation/illusion - Pilot; Personnel issues - Task performance - Use of equip/info - Pilot; Personnel issues - Action/decision - Info processing/decision - Pilot,Accident,47.865127,-121.60136,CESSNA,T206H,Airplane,none,NA,False,1,Reciprocating,False,Personal,091,Substantial,Visual (VMC); Visual (VMC); Visual (VMC),On File,Landing; Landing,Completed,False,Approved by Office Director,NA,NA,8/30/2024,30-8-2024
WPR23LA285,Accident,192724,2023-07-27,Eastsound,WA,USA,NA,N6201M,7198C,False,Aviation,Aviation,Approved by Office Director,2025-08-20,NA,Minor,0,0,0,2,0,"The pilot’s improper in-flight fuel management, which led to fuel starvation and a total loss of engine power.",Personnel issues - Task performance - Use of equip/info - Pilot; Personnel issues - Task performance - Planning/preparation - Pilot; Personnel issues - Action/decision - Info processing/decision - Pilot; Aircraft - Fluids/misc hardware - Fluids - Fluid level; Aircraft - Fluids/misc hardware - Fluids - Fluid management,Accident,48.65613,-122.93276,MAULE,M-5-235C,Airplane,KORS,Orcas Island Airport,False,1,Reciprocating,False,Personal,091,Substantial,Visual (VMC),On File,Approach; Landing; EmergencyDescent; Landing,Completed,False,Approved by Office Director,NA,NA,7/27/2023,27-7-2023
WPR23LA291,Accident,192757,2023-07-28,Friday Habor,WA,USA,NA,N185GG,18502787,False,Aviation,Aviation,Approved by Office Director,2023-11-02,NA,None,0,0,0,0,0,"The pilot’s loss of directional control during landing, which resulted in a ground loop.",Personnel issues - Task performance - Use of equip/info - Pilot; Aircraft - Aircraft oper/perf/capability - Performance/control parameters - Not attained/maintained,Accident,48.521972,-123.02436,CESSNA,A185F,Airplane,FHR,Friday Harbor Airport,False,1,Reciprocating,False,Personal,091,Substantial,Visual (VMC),On File,Landing; Landing,Completed,False,Approved by Office Director,NA,NA,7/28/2023,28-7-2023
WPR23LA293,Accident,192760,2023-07-30,Port Angeles,WA,USA,NA,N8675W,28-10205,False,Aviation,Aviation,Approved by Office Director,2024-01-04,NA,Minor,0,0,0,1,0,"The pilot’s inadequate fuel monitoring, which resulted in a total loss of engine power due to fuel starvation.",Environmental issues - Operating environment - Airport facilities/design - Not specified; Personnel issues - Task performance - (general) - Pilot; Personnel issues - Psychological - Attention/monitoring - Pilot,Accident,48.097922,-123.18792,PIPER,PA-28-235,Airplane,W28,Sequim Valley Airport,False,1,Reciprocating,False,Personal,091,Substantial,Visual (VMC),BRFLYERS LLC,Approach,Completed,False,Approved by Office Director,NA,NA,7/30/2023,30-7-2023
WPR23LA294,Accident,192761,2023-07-30,Ravensdale,WA,USA,NA,N195JL,7944,False,Aviation,Aviation,Approved by Office Director,2025-02-20,NA,None,0,0,0,0,0,Partial loss of power for undetermined reasons. Contributing to the accident was the siphoning of fuel from the left-wing fuel filler port due to wear on the fuel filler cap.,Personnel issues - Task performance - Inspection - Pilot; Aircraft - Fluids/misc hardware - Fluids - Unknown/Not determined,Accident,47.30978,-121.85624,CESSNA,195,Airplane,NA,NA,False,1,Reciprocating,False,Personal,091,Substantial,Visual (VMC); Visual (VMC),On File,Landing; Enroute; Enroute,Completed,False,Approved by Office Director,NA,NA,7/30/2023,30-7-2023
WPR23LA295,Accident,192762,2023-07-31,Renton,WA,USA,NA,N68XA,943-320-783-SFB,False,Aviation,Aviation,Approved by Office Director,2025-02-20,NA,Serious,0,0,0,2,0,"A loss of electrical power due to low battery voltage, which resulted in an inflight shut down of the capacitor discharge ignition system and a loss of engine power. Contributing to the accident was the pilot’s failure to switch batteries after the electrical power loss.",Aircraft - Aircraft power plant - Ignition system - Failure; Aircraft - Aircraft power plant - Ignition system - Damaged/degraded,Accident,47.493139,-122.21575,FISH LARRY W,LANCAIR 360,Airplane,RNT,RENTON MUNI,True,1,Reciprocating,False,Personal,091,Substantial,Visual (VMC),On File,EmergencyDescent,Completed,False,Approved by Office Director,NA,NA,7/31/2023,31-7-2023
WPR23LA326,Accident,192955,2023-08-28,Leavenworth,WA,USA,NA,N869BB,JA366-04-14,False,Aviation,Aviation,Approved by Office Director,2023-12-07,NA,None,0,0,0,0,0,"The pilot's failure to maintain airplane control during taxi, which resulted in a nose over.",Environmental issues - Physical environment - Runway/land/takeoff/taxi surface - Response/compensation; Personnel issues - Task performance - Use of equip/info - Pilot,Accident,47.8142,-120.68983,HENRY STEVEN J,JA 30 SUPERSTOL,Airplane,27W,LAKE WENATCHEE STATE,True,1,Reciprocating,False,Personal,091,Substantial,Visual (VMC); Visual (VMC),On File,Taxi,Completed,False,Approved by Office Director,NA,NA,8/28/2023,28-8-2023
WPR23LA339,Accident,193047,2023-09-09,Silverton,WA,USA,NA,N350WW,2228,False,Aviation,Aviation,Approved by Office Director,2024-04-30,NA,None,0,0,0,0,0,"The pilot’s failure to maintain visual reference and altitude while maneuvering over a lake during dusk conditions, which resulted in the helicopter impacting water.",Aircraft - Aircraft oper/perf/capability - Performance/control parameters - Not attained/maintained; Environmental issues - Conditions/weather/phenomena - Light condition - Contributed to outcome,Accident,48.03041,-121.53615,EUROCOPTER FRANCE,AS350B2,Helicopter,NA,NA,False,1,Turbo shaft,False,Personal,091,Substantial,Visual (VMC),On File,Maneuvering; Maneuvering,Completed,False,Approved by Office Director,NA,NA,9/9/2023,9-9-2023
WPR23FA344,Accident,193072,2023-09-15,Bellevue,WA,USA,NA,N57TJ,52,False,Aviation,Aviation,Approved by Office Director,2025-09-25,NA,Fatal,1,1,0,2,0,The pilot’s loss of airplane control after encountering a lake swell and skipping during takeoff.,Personnel issues - Task performance - Use of equip/info - Pilot; Aircraft - Aircraft systems - Equipment/furnishings - Not installed/available; Aircraft - Aircraft oper/perf/capability - Performance/control parameters - Not attained/maintained; Environmental issues - Physical environment - Runway/land/takeoff/taxi surface - Effect on operation,Accident,47.60249,-122.09802,SEAWIND,3000,Airplane,NA,NA,True,1,Reciprocating,False,Personal,091,Substantial,Visual (VMC),On File,Takeoff,Completed,False,Approved by Office Director,NA,NA,9/15/2023,15-9-2023
WPR23FA351,Accident,193119,2023-09-22,Arlington,WA,USA,NA,UNREG,unknown,False,Aviation,Aviation,Approved by Office Director,2025-07-22,NA,Fatal,0,0,0,1,0,"A failure of the forward left wing spar due to an improper repair, which resulted in an inflight separation of the left wing. Contributing to the accident was improper maintenance by splicing the wing spar.",Aircraft - Aircraft structures - Wing structure - Failure; Aircraft - Aircraft structures - Wing structure - Incorrect service/maintenance; Personnel issues - Task performance - Maintenance - Maintenance personnel,Accident,48.16075,-122.15902,GOLDEN CIRCLE,T BIRD,Airplane,KAWO,Arlington Municipal Airport,False,1,Reciprocating,False,Personal,091,Substantial,Visual (VMC),On File,Maneuvering,Completed,False,Approved by Office Director,NA,NA,9/22/2023,22-9-2023
WPR23LA356,Accident,193152,2023-09-22,Eatonville,WA,USA,NA,N7955H,12-858,False,Aviation,Aviation,Approved by Office Director,2023-12-21,NA,None,0,0,0,0,0,"The pilot's failure to maintain directional control during the takeoff roll, in gusty wind conditions, which resulted in a runway excursion.",Aircraft - Aircraft oper/perf/capability - Performance/control parameters - Not attained/maintained; Personnel issues - Task performance - Use of equip/info - Pilot; Environmental issues - Conditions/weather/phenomena - Wind - Effect on equipment,Accident,46.871667,-122.25722,PIPER,PA-12,Airplane,2W3,Swanson Airport,False,1,Reciprocating,False,Personal,091,Substantial,Visual (VMC),On File,Takeoff; Takeoff,Completed,False,Approved by Office Director,NA,NA,9/22/2023,22-9-2023
WPR24FA001,Accident,193167,2023-10-01,Twisp,WA,USA,NA,N56DV,CCK-1865-1087,False,Aviation,Aviation,Approved by Office Director,2025-09-30,NA,Fatal,0,0,0,1,0,"The pilot’s failure to see and avoid a rock during an aborted landing on a hillside, the collision with which resulted in damage to the aileron system that precluded subsequent control of the airplane.",Environmental issues - Physical environment - Terrain - Awareness of condition; Aircraft - Aircraft oper/perf/capability - Performance/control parameters - Attain/maintain not possible; Personnel issues - Action/decision - Info processing/decision - Pilot; Personnel issues - Psychological - Cognitive limitation - Pilot; Personnel issues - Psychological - Attention/monitoring - Pilot,Accident,48.329474,-120.01195,CUBCRAFTERS INC,CCK-1865,Airplane,2S0,Private,True,1,Reciprocating,False,Personal,091,Substantial,Visual (VMC),TESLA SUNSETS LLC,Landing,Completed,False,Approved by Office Director,NA,NA,10/1/2023,1-10-2023
WPR24LA009,Accident,193215,2023-10-01,Deer Park,WA,USA,NA,N519SP,5-19,False,Aviation,Aviation,Approved by Office Director,2025-09-30,NA,Serious,0,0,0,1,0,A loss of engine power due to fuel starvation resulting from contamination of the fuel system during low-level flight.,Aircraft - Aircraft systems - Fuel system - Damaged/degraded; Aircraft - Fluids/misc hardware - Fluids - Related operating info; Aircraft - Aircraft systems - Fuel system - Damaged/degraded; Aircraft - Aircraft power plant - Power plant - Unknown/Not determined,Accident,47.894536,-117.4398,STEPHEN D PHILLABAUM,HELICYCLE,Helicopter,WT21,RADIAL FLYER,True,1,Turbo shaft,False,Personal,091,Substantial,Visual (VMC),On File,Maneuvering,Completed,False,Approved by Office Director,NA,NA,10/1/2023,1-10-2023
WPR24LA017,Accident,193258,2023-10-13,Eastsound,WA,USA,NA,N509Z,4636726,False,Aviation,Aviation,Approved by Office Director,2024-06-06,NA,None,0,0,0,0,0,The pilot's unstable approach and improper configuration of the flaps during a go-around which resulted in an aerodynamic stall and subsequent impact with terrain.,Aircraft - Aircraft oper/perf/capability - Performance/control parameters - Not attained/maintained; Personnel issues - Task performance - Use of equip/info - Pilot; Aircraft - Aircraft systems - Flight control system - Incorrect use/operation; Aircraft - Aircraft oper/perf/capability - Performance/control parameters - Not attained/maintained,Accident,48.708337,-122.91059,PIPER AIRCRAFT INC,PA 46-350P,Airplane,ORS,ORCAS ISLAND,False,1,Reciprocating,False,Executive/Corporate,091,Substantial,Visual (VMC); Visual (VMC); Visual (VMC),On File,Approach,Completed,False,Approved by Office Director,NA,NA,10/13/2023,13-10-2023
WPR24LA022,Accident,193299,2023-10-18,Bandera,WA,USA,NA,N734LJ,17268935,False,Aviation,Aviation,Approved by Office Director,2024-06-06,NA,None,0,0,0,0,0,"The pilot’s decision to land at a closed water-soaked grass runway, which resulted in a runway excursion.",Environmental issues - Physical environment - Runway/land/takeoff/taxi surface - Effect on equipment; Aircraft - Aircraft oper/perf/capability - Performance/control parameters - Not attained/maintained; Personnel issues - Task performance - Planning/preparation - Pilot,Accident,47.395369,-121.53647,CESSNA,172N,Airplane,4W0,BANDERA STATE,False,1,Reciprocating,False,Personal,091,Substantial,Visual (VMC); Visual (VMC); Visual (VMC),On File,Landing; Landing,Completed,False,Approved by Office Director,NA,NA,10/18/2023,18-10-2023
WPR24LA039,Accident,193408,2023-11-18,Woodland,WA,USA,NA,N6266K,15077617,False,Aviation,Aviation,Approved by Office Director,2025-07-31,NA,None,0,0,0,0,0,"The flight instructor’s inadequate preflight planning, which resulted in fuel exhaustion and a total loss of engine power.",Personnel issues - Action/decision - Info processing/decision - Instructor/check pilot; Personnel issues - Task performance - Planning/preparation - Instructor/check pilot; Personnel issues - Action/decision - Action - Student/instructed pilot; Aircraft - Fluids/misc hardware - Fluids - Fluid management; Personnel issues - Action/decision - Action - Instructor/check pilot; Aircraft - Fluids/misc hardware - Fluids - Fluid level,Accident,45.903995,-122.76634,CESSNA,150M,Airplane,W27,WOODLAND STATE,False,1,Reciprocating,False,Instructional,091,Substantial,Visual (VMC); Visual (VMC),AERO MAINTENANCE INC,Standing; Maneuvering; EmergencyDescent; Maneuvering,Completed,False,Approved by Office Director,NA,NA,11/18/2023,18-11-2023
WPR24LA074,Accident,193669,2024-01-16,Auburn,WA,USA,NA,N920MB,1145,False,Aviation,Aviation,Approved by Office Director,2026-02-11,NA,None,0,0,0,0,0,"Water contamination within the fuel regulator air-reference system, which resulted in improper fuel metering and a loss of engine power during initial climb.",Aircraft - Aircraft power plant - Engine fuel and control - Damaged/degraded,Accident,47.342702,-122.2224,BECK MICHAEL J,SONEX,Airplane,S50,Auburn Municipal Airport,True,1,Reciprocating,False,Personal,091,Substantial,Visual (VMC); Visual (VMC); Visual (VMC); Visual (VMC),On File,InitialClimb; InitialClimb; InitialClimb,Completed,False,Approved by Office Director,NA,NA,1/16/2024,16-1-2024
WPR24LA091,Accident,193814,2024-02-17,Everett,WA,USA,NA,N3538V,15076538,False,Aviation,Aviation,Approved by Office Director,2024-10-10,NA,None,0,0,0,0,0,"The pilot’s improper fuel planning, which resulted in fuel exhaustion and a total loss of engine power.",Personnel issues - Action/decision - Info processing/decision - Pilot; Aircraft - Fluids/misc hardware - Fluids - Fluid level; Personnel issues - Task performance - Planning/preparation - Pilot,Accident,47.9368,-122.28885,CESSNA,150M,Airplane,NA,NA,False,1,Reciprocating,False,Instructional,091,Substantial,Visual (VMC); Visual (VMC),PUGET SOUND FLYERS INC,Approach,Completed,False,Approved by Office Director,NA,NA,2/17/2024,17-2-2024
WPR24LA099,Accident,193877,2024-02-27,Dallesport,WA,USA,NA,N518SW,18-4389,False,Aviation,Aviation,Approved by Office Director,2024-10-24,NA,Serious,0,0,0,1,0,The pilot’s failure to disengage the ignition prior to moving the propeller by hand resulting in the inadvertent starting of the engine.,Aircraft - Aircraft power plant - Ignition system - Incorrect use/operation; Personnel issues - Task performance - Use of equip/info - Pilot,Accident,45.618529,-121.16719,PIPER,PA-18A 150,Airplane,DLS,COLUMBIA GORGE RGNL/THE DALLES MUNI,False,1,Reciprocating,False,Personal,091,Minor,Visual (VMC),On File,Standing,Completed,False,Approved by Office Director,NA,NA,2/27/2024,27-2-2024
WPR24FA103,Incident,193887,2024-03-06,Bellevue,WA,USA,NA,N927CS,0496,False,Aviation,Aviation,Approved by Office Director,2025-11-13,NA,None,0,0,0,0,0,A total loss of engine power due to a fatigue fracture of the crankshaft.,Aircraft - Aircraft power plant - Engine (reciprocating) - Fatigue/wear/corrosion,Incident,47.544,-122.1709,CIRRUS DESIGN CORP,SR22T,Airplane,RNT,RENTON MUNI,False,1,Reciprocating,False,Instructional,091,Minor,Visual (VMC),Boeing Employees Flying Association,InitialClimb; InitialClimb,Completed,False,Approved by Office Director,NA,NA,3/6/2024,6-3-2024
WPR23LA086,Accident,106561,2023-01-07,Kent,WA,USA,NA,N528J,CH2-1206-LSS-0110,False,Aviation,Aviation,Approved by Office Director,2025-01-29,NA,Serious,0,0,0,2,0,The pilot’s inflight loss of airplane control. Contributing to the accident was the pilot’s decision to fly the airplane without receiving training in its operation and flight characteristics.,Personnel issues - Experience/knowledge - Experience/qualifications - Pilot; Personnel issues - Action/decision - Info processing/decision - Pilot; Aircraft - Aircraft oper/perf/capability - Performance/control parameters - Incorrect use/operation; Personnel issues - Experience/knowledge - Knowledge - Pilot; Aircraft - Aircraft oper/perf/capability - Performance/control parameters - Not attained/maintained; Aircraft - Aircraft oper/perf/capability - Performance/control parameters - Not attained/maintained,Accident,47.364212,-122.23114,QUAD CITY,CHALLENGER,Airplane,N/A,NA,False,1,Reciprocating,False,Positioning,091,Substantial,Visual (VMC),Andrew Semanskee,InitialClimb; UncontrolledDescent,Completed,False,Approved by Office Director,NA,NA,1/7/2023,7-1-2023
WPR23LA089,Accident,106596,2023-01-12,Yelm,WA,USA,NA,N225V; N225V,TE-123; TE-123,False,Aviation,Aviation,Approved by Office Director,2023-03-23,NA,None,0,0,0,0,0,The pilot’s failure to attain a proper touchdown point during landing with a tailwind which resulted in a runway over run. Contributing to the accident was a wet runway.,Aircraft - Aircraft oper/perf/capability - Performance/control parameters - Not attained/maintained; Personnel issues - Action/decision - Info processing/decision - Pilot; Personnel issues - Task performance - Use of equip/info - Pilot; Environmental issues - Physical environment - Runway/land/takeoff/taxi surface - Awareness of condition; Environmental issues - Conditions/weather/phenomena - Wind - Effect on operation,Accident,46.926247,-122.55832,BEECH; BEECH,95-C55; 95-C55,Airplane; Airplane,06WN,Western Air Park,False,2,Reciprocating; Reciprocating,False,Personal,091; 091,Substantial; Substantial,Visual (VMC),On File; On File,Landing; Landing,Completed,False,Approved by Office Director,NA,NA,1/12/2023,12-1-2023
WPR23LA101,Accident,106658,2023-01-29,Dallesport,WA,USA,NA,N127DT,CC18-0051,False,Aviation,Aviation,Approved by Office Director,2023-03-23,NA,None,0,0,0,0,0,The flight instructor’s failure to see and avoid a channel marker during a step taxi in preparation for takeoff on the water.,Environmental issues - Physical environment - Object/animal/substance - Ability to respond/compensate; Personnel issues - Psychological - Attention/monitoring - Pilot,Accident,45.668,-120.8588,CUB CRAFTERS INC,CC18-180,Airplane,NA,NA,False,1,Reciprocating,False,Instructional,091,Substantial,Visual (VMC); Visual (VMC),On File,Takeoff,Completed,False,Approved by Office Director,NA,NA,1/29/2023,29-1-2023
WPR23LA105,Accident,106693,2023-02-06,Yakima,WA,USA,NA,N7452F,760522,False,Aviation,Aviation,Approved by Office Director,2023-03-23,NA,None,0,0,0,0,0,The pilot's failure to see and avoid a powerline while flying at low altitude over a river.,Aircraft - Aircraft oper/perf/capability - Performance/control parameters - Not attained/maintained; Environmental issues - Physical environment - Object/animal/substance - Effect on operation; Personnel issues - Psychological - Attention/monitoring - Pilot; Personnel issues - Action/decision - Info processing/decision - Pilot,Accident,46.709655,-120.6724,HUGHES,269C,Helicopter,NA,NA,False,1,Reciprocating,False,Personal,091,Substantial,Visual (VMC); Visual (VMC),HALLN LLC,Maneuvering,Completed,False,Approved by Office Director,NA,NA,2/6/2023,6-2-2023
WPR23FA143,Accident,106994,2023-03-07,Queets,WA,USA,NA,N24289,T18208518,False,Aviation,Aviation,Approved by Office Director,2024-10-30,NA,Fatal,0,0,0,1,0,The pilot’s failure to maintain clearance from terrain for undetermined reasons.,Personnel issues - Miscellaneous - (general) - Pilot; Not determined - Not determined - (general) - Unknown/Not determined,Accident,47.533385,-124.11056,CESSNA,T182T,Airplane,NA,NA,False,1,Reciprocating,False,Personal,091,Destroyed,Instrument (IMC),On File,Enroute,Completed,False,Approved by Office Director,NA,NA,3/7/2023,7-3-2023
WPR23LA157,Accident,107071,2023-04-05,Bremerton,WA,USA,NA,N21RS; N21RS,TD224; TD224,False,Aviation,Aviation,Approved by Office Director,2024-06-26,NA,None,0,0,0,0,0,"Failure of the down limit and down indicator switch and the warning horn switch assemblies, which prevented the landing gear from extending and at the same time providing a false indication that the landing gear was extended.",Aircraft - Aircraft systems - Landing gear system - Malfunction,Accident,47.49025,-122.7648,BEECH; BEECH,95; 95,Airplane; Airplane,KPWT,Bremerton National,False,1,Reciprocating; Reciprocating,False,Personal,091; 091,Substantial; Substantial,Visual (VMC),On File; On File,Landing; Landing,Completed,False,Approved by Office Director,NA,NA,4/5/2023,5-4-2023
WPR23LA177,Accident,109772,2023-05-04,Pasco,WA,USA,NA,N777CF,21062059,False,Aviation,Aviation,Approved by Office Director,2024-11-07,NA,None,0,0,0,0,0,"Improper maintenance on the fuel outlet line to the fuel servo, which resulted in the line partially separating from the fuel outlet fitting and the subsequent fuel starvation and total loss of engine power.",Aircraft - Aircraft systems - Fuel system - Incorrect service/maintenance; Personnel issues - Task performance - Maintenance - Maintenance personnel,Accident,46.277985,-119.10897,CESSNA,210M,Airplane,KPSC,Tri-cities Airport,False,1,Reciprocating,False,Personal,091,Substantial,Visual (VMC),On File,Standing; EmergencyDescent; Landing,Completed,False,Approved by Office Director,NA,NA,5/4/2023,4-5-2023
WPR23LA180,Accident,114707,2023-05-08,Ariel,WA,USA,NA,N6058D,22-4711,False,Aviation,Aviation,Approved by Office Director,2023-09-08,NA,None,0,0,0,0,0,"The pilot’s failure to maintain aircraft control during the landing roll, resulting in a nose over.",Personnel issues - Task performance - Use of equip/info - Pilot; Aircraft - Aircraft oper/perf/capability - Performance/control parameters - Capability exceeded; Aircraft - Aircraft oper/perf/capability - Performance/control parameters - Not attained/maintained; Environmental issues - Physical environment - Runway/land/takeoff/taxi surface - Contributed to outcome,Accident,45.9947,-122.38851,PIPER,PA-22-150,Airplane,NA,NA,False,1,Reciprocating,False,Personal,091,Substantial,Visual (VMC); Visual (VMC); Visual (VMC),On File,Landing,Completed,False,Approved by Office Director,NA,NA,5/8/2023,8-5-2023
WPR23LA186,Accident,139292,2023-05-09,Lakewood,WA,USA,NA,N416AG,3329,False,Aviation,Aviation,Approved by Office Director,2024-06-26,NA,Serious,0,0,0,2,0,"An erroneous landing gear warning that led to the pilot’s decision to abort the landing, which resulted in a collision with trees during a go-around.",Environmental issues - Physical environment - Object/animal/substance - Contributed to outcome; Personnel issues - Action/decision - Info processing/decision - Pilot; Aircraft - Aircraft systems - Landing gear system - Malfunction,Accident,47.155739,-122.52666,AVIAT AIRCRAFT INC,A-1C-180 Husky,Airplane,NA,Lake Steilacoom,False,1,Reciprocating,False,Personal,091,Destroyed,Visual (VMC),On File,Approach; Post-Impact; Approach,Completed,False,Approved by Office Director,NA,NA,5/9/2023,9-5-2023
WPR23LA189,Accident,174531,2023-05-14,Twisp,WA,USA,NA,N185MG,18502902,False,Aviation,Aviation,Approved by Office Director,2023-11-02,NA,None,0,0,0,0,0,"The pilot’s loss of directional control during landing, which resulted in a runway excursion and ground loop.",Aircraft - Aircraft oper/perf/capability - Performance/control parameters - Not attained/maintained; Personnel issues - Task performance - Use of equip/info - Pilot,Accident,48.350585,-120.09395,CESSNA,A185F,Airplane,2S0,TWISP MUNI,False,1,Reciprocating,False,Instructional,091,Substantial,Visual (VMC),On File,Landing,Completed,False,Approved by Office Director,NA,NA,5/14/2023,14-5-2023
WPR23LA196,Accident,192220,2023-05-19,Seattle,WA,USA,NA,N2550L,17255750,False,Aviation,Aviation,Approved by Office Director,2024-06-20,NA,Minor,0,0,0,1,0,A stuck exhaust valve that resulted in a partial loss of engine power and a forced water ditching.,Aircraft - Aircraft power plant - Engine (reciprocating) - Damaged/degraded; Aircraft - Aircraft power plant - Power plant - Related maintenance info,Accident,47.613142,-122.35534,CESSNA,172H,Airplane,NA,NA,False,1,Reciprocating,False,Personal,091,Substantial,Visual (VMC); Visual (VMC); Visual (VMC),On File,Enroute; Landing,Completed,False,Approved by Office Director,NA,NA,5/19/2023,19-5-2023
WPR23LA213,Accident,192308,2023-05-30,Tacoma,WA,USA,NA,N9574X,21057874,False,Aviation,Aviation,Approved by Office Director,2025-02-20,NA,None,0,0,0,0,0,"A fatigue failure of the left main landing gear hydraulic actuator, which resulted in a loss of hydraulic fluid that prevented the pilot from lowering the landing gear to the fully extended position and maintaining directional control after landing.",Aircraft - Aircraft systems - Landing gear system - Fatigue/wear/corrosion,Accident,47.267944,-122.57811,CESSNA,210,Airplane,TIW,TACOMA NARROWS,False,1,Reciprocating,False,Instructional,091,Substantial,Visual (VMC),FLYING NOVA LLC,Landing,Completed,False,Approved by Office Director,NA,NA,5/30/2023,30-5-2023
WPR23LA215,Accident,192310,2023-06-04,Belfair,WA,USA,NA,N77583,22073,False,Aviation,Aviation,Approved by Office Director,2024-11-07,NA,Serious,0,2,0,2,0,The total loss of engine power due to the fatigue failure of the crankshaft accessory drive gear.,Aircraft - Aircraft power plant - Accessory gear-boxes - Failure; Aircraft - Aircraft power plant - Engine (reciprocating) - Failure; Aircraft - Aircraft oper/perf/capability - Performance/control parameters - Attain/maintain not possible,Accident,47.472075,-122.80606,PIPER,J3C-65,Airplane,PWT,BREMERTON NTL,False,1,Reciprocating,False,Instructional,091,Substantial,Visual (VMC),On File,Enroute,Completed,False,Approved by Office Director,NA,NA,6/4/2023,4-6-2023
WPR23LA222,Accident,192345,2023-06-07,Wishram,WA,USA,NA,N7155F,15063755,False,Aviation,Aviation,Approved by Office Director,2023-10-20,NA,None,0,0,0,0,0,"The pilot’s improper fuel management, which resulted in fuel exhaustion and a total loss of
engine power.",Personnel issues - Task performance - Planning/preparation - Pilot; Personnel issues - Action/decision - Info processing/decision - Pilot,Accident,45.66607,-121.02039,CESSNA,150F,Airplane,NA,NA,False,1,Reciprocating,False,Aerial observation,091,Substantial,Visual (VMC); Visual (VMC),JR Imaging Logistics Inc.,Landing; Enroute; Landing,Completed,False,Approved by Office Director,NA,NA,6/7/2023,7-6-2023
WPR23LA226,Accident,192361,2023-05-25,Sunnyside,WA,USA,NA,N6PK; N6PK,310I0021; 310I0021,False,Aviation,Aviation,Approved by Office Director,2024-11-14,NA,None,0,0,0,0,0,The failure of the side brace lock assembly of the right main landing gear due to overstress as a result of a hard landing.,Aircraft - Aircraft oper/perf/capability - Performance/control parameters - Not attained/maintained; Aircraft - Aircraft systems - Landing gear system - Capability exceeded; Aircraft - Aircraft systems - Landing gear system - Failure; Personnel issues - Task performance - Use of equip/info - Pilot,Accident,46.327072,-119.97036,CESSNA; CESSNA,310I; 310I,Airplane; Airplane,1S5,Sunnyside Municipal Airport,False,2,Reciprocating; Reciprocating,False,Personal,091; 091,Substantial; Substantial,Visual (VMC),On File; On File,Landing; Landing; Landing,Completed,False,Approved by Office Director,NA,NA,5/25/2023,25-5-2023
WPR23LA231,Accident,192405,2023-06-12,Chelan,WA,USA,NA,N88GJ,HO 1186,False,Aviation,Aviation,Approved by Office Director,2023-10-26,NA,Minor,0,0,0,1,0,"The pilot’s improper selection of a touchdown point and delayed recognition, which resulted in an impact with an obstacle.",Personnel issues - Action/decision - Info processing/decision - Pilot; Personnel issues - Task performance - Use of equip/info - Pilot; Environmental issues - Physical environment - Object/animal/substance - Effect on equipment,Accident,47.86601,-119.9427,JOHNSON GARY L,FISHER HORIZON 1,Airplane,S10,LAKE CHELAN,True,1,Reciprocating,False,Personal,091,Substantial,Visual (VMC),On File,Approach,Completed,False,Approved by Office Director,NA,NA,6/12/2023,12-6-2023
WPR23LA248,Accident,192518,2023-07-03,Moses Lake,WA,USA,NA,CFXRB,54,False,Aviation,Aviation,Approved by Office Director,2023-11-02,NA,None,0,0,0,0,0,The pilot’s failure to maintain directional control during landing.,Aircraft - Aircraft oper/perf/capability - Performance/control parameters - Not attained/maintained; Personnel issues - Task performance - Use of equip/info - Student/instructed pilot,Accident,47.208583,-119.31913,FOUND,FBA2C,Airplane,MWH,Grant County,False,1,Reciprocating,False,Instructional,NUSN,Substantial,Visual (VMC); Visual (VMC),AngelOne Canada,Landing,Completed,False,Approved by Office Director,NA,NA,7/3/2023,3-7-2023
WPR23LA268,Accident,192586,2023-07-07,Deer Park,WA,USA,NA,N633VS,CBAF IX.571,False,Aviation,Aviation,Approved by Office Director,2023-12-21,NA,None,0,0,0,0,0,The pilot’s failure to maintain directional control during landing with a crosswind.,Environmental issues - Conditions/weather/phenomena - Wind - Response/compensation; Aircraft - Aircraft oper/perf/capability - Performance/control parameters - Not attained/maintained; Personnel issues - Task performance - Use of equip/info - Pilot; Environmental issues - Conditions/weather/phenomena - Wind - Effect on equipment,Accident,47.967055,-117.42858,VICKERS-ARMSTRONG LTD,SPITFIRE IX,Airplane,DEW,DEER PARK,False,1,Reciprocating,False,Other work use,091,Substantial,Visual (VMC),On File,Landing,Completed,False,Approved by Office Director,NA,NA,7/7/2023,7-7-2023
WPR23LA271,Accident,192614,2023-07-11,Burlington,WA,USA,NA,N8889K,108-1889,False,Aviation,Aviation,Approved by Office Director,2024-04-04,NA,None,0,0,0,0,0,The pilot’s failure to maintain directional control during the landing roll with a quartering tailwind.,Aircraft - Aircraft oper/perf/capability - Performance/control parameters - Not attained/maintained; Environmental issues - Conditions/weather/phenomena - Wind - Effect on operation,Accident,48.470526,-122.42168,STINSON,108-1,Airplane,BVS,Skagit Regional Airport,False,1,Reciprocating,False,Personal,091,Substantial,Visual (VMC); Visual (VMC),TUCKER MITCHELL F,Landing; Landing,Completed,False,Approved by Office Director,NA,NA,7/11/2023,11-7-2023
WPR23LA273,Accident,192641,2023-07-01,Metaline Falls,WA,USA,NA,N68TP,83300,False,Aviation,Aviation,Approved by Office Director,2023-11-02,NA,None,0,0,0,0,0,The pilot’s loss of directional control during landing due to impact with a concrete ring embedded in the grass runway.,Personnel issues - Task performance - Use of equip/info - Pilot; Aircraft - Aircraft oper/perf/capability - Performance/control parameters - Attain/maintain not possible; Environmental issues - Physical environment - Runway/land/takeoff/taxi surface - Effect on equipment,Accident,48.85,-117.28,VANS,RV8,Airplane,O9S,Sullivan Lake State,True,1,Reciprocating,False,Personal,091,Substantial,Visual (VMC),On File,Landing; Landing; Landing,Completed,False,Approved by Office Director,NA,NA,7/1/2023,1-7-2023
WPR23LA276,Accident,192660,2023-07-18,Chelan,WA,USA,NA,N300SS,15062792,False,Aviation,Aviation,Approved by Office Director,2023-11-02,NA,None,0,0,0,0,0,"The pilot's loss of directional control during the landing roll, which resulted in a ground loop and subsequent nose over.",Aircraft - Aircraft oper/perf/capability - Performance/control parameters - Not attained/maintained; Personnel issues - Task performance - Use of equip/info - Pilot,Accident,47.86601,-119.9427,CESSNA,150F,Airplane,S10,Lake Chelan Airport,False,1,Reciprocating,False,Personal,091,Substantial,Visual (VMC),On File,Landing; Landing; Landing,Completed,False,Approved by Office Director,NA,NA,7/18/2023,18-7-2023
WPR22LA213,Accident,105246,2022-06-12,Auburn,WA,USA,NA,N7482P,24-2675,False,Aviation,Aviation,Approved by Office Director,2024-06-20,NA,Minor,0,0,0,2,0,A total loss of engine power due to fuel starvation.,Personnel issues - Task performance - Planning/preparation - Pilot; Aircraft - Fluids/misc hardware - Fluids - Fluid management,Accident,47.34142,-122.21206,PIPER,PA-24-250,Airplane,S50,AUBURN MUNI,False,1,Reciprocating,False,Personal,091,Substantial,Visual (VMC),On File,Approach; Maneuvering,Completed,False,Approved by Office Director,NA,NA,6/12/2022,12-6-2022
WPR22LA218,Accident,105291,2022-06-15,Toledo,WA,USA,NA,N536AC,T13017,False,Aviation,Aviation,Approved by Office Director,2022-09-08,NA,Serious,0,0,0,1,0,"The pilot’s improper control input during landing which resulted in an exceedance of the aircraft’s critical angle of attack, aerodynamic stall and impact with the ground.
",Personnel issues - Task performance - Use of equip/info - Pilot; Aircraft - Aircraft oper/perf/capability - Performance/control parameters - Not attained/maintained; Aircraft - Aircraft oper/perf/capability - Performance/control parameters - Not attained/maintained,Accident,46.477168,-122.80647,AIR CREATION USA LLC,SKYPPER,Weight-shift,TDO,ED CARLSON MEML FLD - SOUTH LEWIS COUNTY,False,1,Reciprocating,False,Personal,091,Substantial,Visual (VMC),On File,Landing; Landing,Completed,False,Approved by Office Director,NA,NA,6/15/2022,15-6-2022
WPR22LA220,Accident,105294,2022-06-18,Auburn,WA,USA,NA,N944BC,13484,False,Aviation,Aviation,Approved by Office Director,2022-11-03,NA,Minor,0,0,0,2,0,The student pilot’s loss of helicopter control and the flight instructor’s delayed remedial action while providing hover training which resulted in a dynamic rollover.,Personnel issues - Action/decision - Action - Instructor/check pilot; Personnel issues - Psychological - Attention/monitoring - Instructor/check pilot; Environmental issues - Physical environment - Runway/land/takeoff/taxi surface - Effect on equipment; Personnel issues - Task performance - Use of equip/info - Student/instructed pilot,Accident,47.324274,-122.22765,ROBINSON HELICOPTER COMPANY,R44 II,Helicopter,S50,AUBURN MUNI,False,1,Reciprocating,False,Instructional,091,Substantial,Visual (VMC); Visual (VMC); Visual (VMC),On File,Maneuvering; Maneuvering,Completed,False,Approved by Office Director,NA,NA,6/18/2022,18-6-2022
WPR22LA223,Accident,105314,2022-06-22,Lake Chelan,WA,USA,NA,N767SS,1037S36,False,Aviation,Aviation,Approved by Office Director,2022-09-22,NA,None,0,0,0,0,0,"The glider’s encounter with atmospheric conditions where the lift was not sufficient to maintain flight. Contributing to the accident was the pilot’s decision to overfly a suitable landing site which resulted in an off-field landing in a lake.
",Aircraft - Aircraft oper/perf/capability - Performance/control parameters - Not attained/maintained; Personnel issues - Action/decision - Info processing/decision - Pilot; Environmental issues - Conditions/weather/phenomena - Temp/humidity/pressure - Effect on operation,Accident,47.993333,-120.24444,DG FLUGZEUGBAU GMBH,DG 1000S,Glider,None,NA,False,0,NA,False,Personal,091,Substantial,Visual (VMC),On File,Enroute,Completed,False,Approved by Office Director,NA,NA,6/22/2022,22-6-2022
WPR22FA235,Accident,105377,2022-06-28,Vancouver,WA,USA,NA,N444PM,D-9905,False,Aviation,Aviation,Approved by Office Director,2024-04-18,NA,Fatal,0,0,0,1,0,"The pilot’s decision to execute a steep turn to final approach, which resulted in an exceedance of the airplane’s critical angle of attack and an accelerated stall. Contributing to the accident was the improper positioning on base leg and the pilot’s subsequent decision to continue the approach.",Personnel issues - Task performance - Use of equip/info - Pilot; Aircraft - Aircraft oper/perf/capability - Performance/control parameters - Not attained/maintained; Personnel issues - Action/decision - Info processing/decision - Pilot,Accident,45.620452,-122.65648,BEECH,V35B,Airplane,VUO,PEARSON FLD,False,1,Reciprocating,False,Personal,091,Destroyed,Visual (VMC),On File,Approach,Completed,False,Approved by Office Director,NA,NA,6/28/2022,28-6-2022
WPR22LA237,Accident,105379,2022-06-21,Auburn,WA,USA,NA,N82579,7AC-1216,False,Aviation,Aviation,Approved by Office Director,2023-01-26,NA,None,0,0,0,0,0,"The pilot's failure to maintain directional control during the landing roll, and the flight instructor’s delayed remedial action.",Personnel issues - Action/decision - Action - Instructor/check pilot; Aircraft - Aircraft oper/perf/capability - Performance/control parameters - Not attained/maintained; Personnel issues - Task performance - Use of equip/info - Pilot,Accident,47.327625,-122.22665,AERONCA,7AC,Airplane,S50,AUBURN MUNI,False,1,NA,False,Instructional,091,Substantial,Visual (VMC),On File,Landing,Completed,False,Approved by Office Director,NA,NA,6/21/2022,21-6-2022
WPR22FA239,Accident,105411,2022-07-03,Lind,WA,USA,NA,N602GH,602-0401,False,Aviation,Aviation,Approved by Office Director,2024-07-05,NA,Fatal,0,0,0,1,0,"The pilot's exceedance of the airplane's critical angle of attack during a steep turn, which resulted in an aerodynamic stall at an altitude too low for recovery.",Aircraft - Aircraft oper/perf/capability - Performance/control parameters - Not attained/maintained; Personnel issues - Task performance - Use of equip/info - Pilot,Accident,46.9588,-118.8206,AIR TRACTOR INC,AT-602,Airplane,NA,NA,False,1,Turbo prop,False,Aerial application,137,Substantial,Visual (VMC),GEMTREK LLC,Maneuvering,Completed,False,Approved by Office Director,NA,NA,7/3/2022,3-7-2022
WPR22LA245,Accident,105452,2022-07-06,Wenatchee,WA,USA,NA,130HA,HA3030,False,Aviation,Aviation,Approved by Office Director,2022-09-22,NA,Serious,0,0,0,1,0,"The pilot’s failure to maintain clearance from power lines during low-level operations in light rain conditions.
",Personnel issues - Psychological - Attention/monitoring - Pilot; Environmental issues - Physical environment - Object/animal/substance - Effect on operation,Accident,47.3329,-120.1501,HILLER,UH-12E,Helicopter,NA,NA,False,1,Reciprocating,False,Other work use,091,Destroyed,Visual (VMC),C&C HELICOPTERS INC,Maneuvering,Completed,False,Approved by Office Director,NA,NA,7/6/2022,6-7-2022
WPR22LA247,Accident,105457,2022-07-01,LaCrosse,WA,USA,NA,N5546D,D-5130,False,Aviation,Aviation,Approved by Office Director,2024-07-24,NA,Serious,0,0,0,1,0,"The pilot’s failure to monitor and manage the fuel supply, which resulted in a loss of engine power due to fuel starvation.",Personnel issues - Task performance - Planning/preparation - Pilot; Personnel issues - Task performance - Use of equip/info - Pilot; Aircraft - Fluids/misc hardware - Fluids - Fluid management; Environmental issues - Physical environment - Terrain - Effect on equipment,Accident,46.785972,-117.90988,BEECH,H35,Airplane,NA,NA,False,1,Reciprocating,False,Personal,091,Substantial,Visual (VMC); Visual (VMC); Visual (VMC),On File,Approach,Completed,False,Approved by Office Director,NA,NA,7/1/2022,1-7-2022
WPR22FA255,Accident,105489,2022-07-16,Lake McMurray,WA,USA,NA,N2588C,7BCM-85,False,Aviation,Aviation,Approved by Office Director,2024-04-25,NA,Fatal,0,0,0,1,0,"The pilot’s decision to continue visual flight into an area of instrument meteorological conditions, which resulted in a loss of visual reference and subsequent controlled flight into terrain.",Personnel issues - Action/decision - Info processing/decision - Pilot; Environmental issues - Conditions/weather/phenomena - Ceiling/visibility/precip - Decision related to condition,Accident,48.309167,-122.25555,AERONCA,7BCM,Airplane,NA,NA,False,1,Reciprocating,False,Personal,091,Destroyed,Instrument (IMC),On File,Enroute; Enroute,Completed,False,Approved by Office Director,NA,NA,7/16/2022,16-7-2022
WPR22LA260,Accident,105511,2022-07-12,Kelso,WA,USA,NA,N43037,28-8316068,False,Aviation,Aviation,Approved by Office Director,2022-12-02,NA,None,0,0,0,0,0,The student pilot’s inadequate flare resulting in a loss of airplane control during landing with gusting wind conditions.,Environmental issues - Physical environment - Object/animal/substance - Effect on equipment; Personnel issues - Action/decision - Info processing/decision - Student/instructed pilot; Personnel issues - Task performance - Use of equip/info - Student/instructed pilot; Aircraft - Aircraft oper/perf/capability - Performance/control parameters - Not attained/maintained; Environmental issues - Conditions/weather/phenomena - Wind - Effect on equipment,Accident,46.118,-122.89836,PIPER,PA-28-161,Airplane,KLS,Southwest Washington Regional Airport,False,1,Reciprocating,False,Instructional,091,Substantial,Visual (VMC),GLACIER AVIATION,Landing,Completed,False,Approved by Office Director,NA,NA,7/12/2022,12-7-2022
WPR22LA263,Accident,105537,2022-07-20,Bothell,WA,USA,NA,N8787G,7-6684,False,Aviation,Aviation,Approved by Office Director,2024-07-17,NA,Serious,0,0,0,2,0,A loss of engine power due to the fatigue failure of the engine’s flywheel screws that were likely overloaded when the engine was involved in a previous accident.,Aircraft - Aircraft power plant - Engine (reciprocating) - Fatigue/wear/corrosion,Accident,47.791003,-122.17668,ZENITH,CH701,Airplane,PAE,SNOHOMISH COUNTY (PAINE FLD),True,1,Reciprocating,False,Personal,091,Substantial,Visual (VMC),On File,Enroute,Completed,False,Approved by Office Director,NA,NA,7/20/2022,20-7-2022
WPR22LA272,Accident,105587,2022-07-13,Scappoose,WA,USA,NA,N601NG; N601NG,61P07908063402; 61P07908063402,False,Aviation,Aviation,Approved by Office Director,2022-09-22,NA,None,0,0,0,0,0,"The pilot’s failure to extend the landing gear before landing. Contributing to the accident was the pilot’s failure to utilize a prelanding checklist. 
",Personnel issues - Task performance - Use of equip/info - Pilot; Personnel issues - Action/decision - Action - Pilot,Accident,45.771028,-122.86183,PIPER AIRCRAFT CORPORATION; PIPER AIRCRAFT CORPORATION,PA-60-601P; PA-60-601P,Airplane; Airplane,SPB,SCAPPOOSE,False,2,Reciprocating; Reciprocating,False,Business,091; 091,Substantial; Substantial,Visual (VMC); Visual (VMC),On File; On File,Landing,Completed,False,Approved by Office Director,NA,NA,7/13/2022,13-7-2022
WPR22LA294,Accident,105698,2022-08-05,White Salmon,WA,USA,NA,N7485R,28-181,False,Aviation,Aviation,Approved by Office Director,2022-12-08,NA,None,0,0,0,0,0,"The pilot’s failure to attain a proper touchdown point, and his delayed decision to go around which, resulted in a collision with trees.",Aircraft - Aircraft oper/perf/capability - Performance/control parameters - Not attained/maintained; Personnel issues - Action/decision - Info processing/decision - Pilot; Personnel issues - Task performance - Use of equip/info - Pilot; Environmental issues - Physical environment - Object/animal/substance - Effect on equipment,Accident,45.805397,-121.50118,PIPER,PA-28-160,Airplane,75WA,PORT ELSNER,False,1,Reciprocating,False,Personal,091,Substantial,Visual (VMC); Visual (VMC); Visual (VMC),On File,Landing,Completed,False,Approved by Office Director,NA,NA,8/5/2022,5-8-2022
WPR22FA298,Accident,105713,2022-08-10,Blyn,WA,USA,NA,N379DH,1662,False,Aviation,Aviation,Approved by Office Director,2024-08-14,NA,Fatal,0,0,0,1,0,"The pilot’s continued operation of the airplane with known mechanical malfunctions with the flight displays, and his continued flight into instrument meteorological conditions, which resulted in an inflight collision with terrain while maneuvering.",Environmental issues - Conditions/weather/phenomena - Ceiling/visibility/precip - Decision related to condition; Personnel issues - Action/decision - Info processing/decision - Pilot; Aircraft - Aircraft systems - Indicating/recording systems - Damaged/degraded; Personnel issues - Task performance - Planning/preparation - Pilot; Personnel issues - Task performance - Use of equip/info - Pilot,Accident,48.025685,-122.94394,CIRRUS DESIGN CORP,SR22,Airplane,NA,NA,False,1,Reciprocating,False,Personal,091,Substantial,Instrument (IMC),On File,Maneuvering; Maneuvering,Completed,False,Approved by Office Director,NA,NA,8/10/2022,10-8-2022
DCA22MA193,Accident,105855,2022-09-04,Freeland,WA,USA,AIR2301,N725TH,466,True,Aviation,Aviation,Board-adopted by Notation,2023-10-11,2023-10-05,Fatal,10,0,0,10,0,"The in-flight unthreading of the clamp nut from the horizontal stabilizer trim actuator barrel due to a missing lock ring, which resulted in the horizontal stabilizer moving to an extreme trailing-edge-down position rendering the airplane’s pitch uncontrollable.",Organizational issues - Management - Policy/procedure - Maintenance provider; Personnel issues - Task performance - Maintenance - Maintenance personnel; Organizational issues - Support/oversight/monitoring - Documentation/record keeping - Maintenance provider; Personnel issues - Experience/knowledge - Knowledge - Maintenance personnel; Organizational issues - Development - Manufacture/production - Manufacturer; Aircraft - Aircraft systems - Flight control system - Malfunction,Accident,47.99032,-122.58502,DEHAVILLAND,DHC-3,Airplane,NA,NA,False,1,Turbo prop,True,NA,135,Destroyed,Visual (VMC),West Isle Air,Enroute,Completed,False,Board-adopted by Notation,NA,NA,9/4/2022,4-9-2022
WPR22LA339,Accident,105894,2022-09-07,Cougar,WA,USA,NA,N66HJ,30239,False,Aviation,Aviation,Approved by Office Director,2024-09-11,NA,Minor,0,0,0,1,0,The helicopter’s encounter with downdrafts during a low-altitude hovering maneuver while dipping for water.,Aircraft - Aircraft oper/perf/capability - Performance/control parameters - Not attained/maintained; Environmental issues - Conditions/weather/phenomena - Wind - Effect on equipment,Accident,46.099922,-122.3311,BELL,205A-1,Helicopter,NA,NA,False,1,Turbo shaft,False,Firefighting,PUBU,Substantial,Visual (VMC); Visual (VMC); Visual (VMC),Kachina Aviation,Maneuvering; Maneuvering; Maneuvering; Maneuvering,Completed,False,Approved by Office Director,NA,NA,9/7/2022,7-9-2022
WPR22LA353,Accident,105974,2022-09-20,Pasco,WA,USA,NA,N528DV; N528DV,525B0329; 525B0329,False,Aviation,Aviation,Approved by Office Director,2024-09-11,NA,None,0,0,0,0,0,"The failure of the pilot to ensure the landing gear was extended before landing. Contributing was the pilot’s failure to fly a stabilized approach, and his configuration of the airplane that prevented activation of the landing gear not extended warning system on final approach.",Personnel issues - Psychological - Attention/monitoring - Pilot; Personnel issues - Task performance - Use of equip/info - Pilot; Aircraft - Aircraft systems - Landing gear system - Capability exceeded; Personnel issues - Task performance - Use of equip/info - Pilot; Personnel issues - Action/decision - Info processing/decision - Pilot,Accident,46.26975,-119.11312,CESSNA; CESSNA,525B; 525B,Airplane; Airplane,PSC,TRI-CITIES,False,2,Turbo fan; Turbo fan,False,Business,091; 091,Destroyed; Destroyed,Visual (VMC),PACIFIC CATARACT & LASER INSTITUTE INC PC; PACIFIC CATARACT & LASER INSTITUTE INC PC,Landing; Approach,Completed,False,Approved by Office Director,NA,NA,9/20/2022,20-9-2022
WPR22LA360,Accident,106016,2022-09-25,Lyman,WA,USA,NA,N7471G,15074664,False,Aviation,Aviation,Approved by Office Director,2023-01-26,NA,None,0,0,0,0,0,The pilot’s delayed decision to exit the valley with rising terrain and failure to maintain clearance from trees.,Environmental issues - Physical environment - Terrain - Effect on operation; Personnel issues - Task performance - Use of equip/info - Pilot; Personnel issues - Psychological - Attention/monitoring - Pilot; Personnel issues - Action/decision - Info processing/decision - Pilot; Aircraft - Aircraft oper/perf/capability - Performance/control parameters - Not attained/maintained; Environmental issues - Physical environment - Object/animal/substance - Effect on equipment,Accident,48.406833,-122.03352,CESSNA,150L,Airplane,N/A,NA,False,1,Reciprocating,False,Personal,091,Substantial,Visual (VMC),On File,Maneuvering,Completed,False,Approved by Office Director,NA,NA,9/25/2022,25-9-2022
WPR23LA010,Accident,106119,2022-10-08,Burlington,WA,USA,NA,N73614,17267578,False,Aviation,Aviation,Approved by Office Director,2023-01-26,NA,None,0,0,0,0,0,"The pilots improper landing flare and remedial action which resulted in a hard, bounced landing.",Personnel issues - Task performance - Use of equip/info - Pilot; Personnel issues - Action/decision - Action - Pilot; Personnel issues - Action/decision - Info processing/decision - Pilot; Aircraft - Aircraft oper/perf/capability - Performance/control parameters - Not attained/maintained,Accident,48.470526,-122.42168,CESSNA,172M,Airplane,BVS,SKAGIT RGNL,False,1,Reciprocating,False,Personal,091,Substantial,Visual (VMC),Cascade Aviation,Landing,Completed,False,Approved by Office Director,NA,NA,10/8/2022,8-10-2022
WPR23LA019,Accident,106160,2022-10-15,Lake Isabel,WA,USA,NA,N129KB,1DK287C,False,Aviation,Aviation,Approved by Office Director,2023-01-09,NA,None,0,0,0,0,0,"The pilot’s loss of airplane control after an encounter with windshear during takeoff which, resulted in a hard water landing.",Environmental issues - Conditions/weather/phenomena - Wind - Effect on operation; Personnel issues - Task performance - Use of equip/info - Pilot,Accident,47.87022,-121.59235,PROGRESSIVE AERODYNE INC,SeaRey,Airplane,NA,NA,True,1,Reciprocating,False,Personal,091,Substantial,Visual (VMC),On File,UncontrolledDescent; Takeoff; Takeoff,Completed,False,Approved by Office Director,NA,NA,10/15/2022,15-10-2022
WPR23LA026,Accident,106233,2022-10-26,Puyallup,WA,USA,NA,N6492F,15063092,False,Aviation,Aviation,Approved by Office Director,2023-01-09,NA,None,0,0,0,0,0,The pilot’s inadequate fuel management that resulted in the loss of engine power due to fuel exhaustion.,Personnel issues - Task performance - Planning/preparation - Pilot; Aircraft - Fluids/misc hardware - Fluids - Fluid level; Personnel issues - Task performance - Use of equip/info - Pilot,Accident,47.21,-122.35,CESSNA,150F,Airplane,N/A,NA,False,1,Reciprocating,False,Personal,091,Substantial,Visual (VMC),On File,Landing; Enroute,Completed,False,Approved by Office Director,NA,NA,10/26/2022,26-10-2022
WPR23FA034,Accident,106317,2022-11-18,Snohomish,WA,USA,NA,N2069B,208B5657,False,Aviation,Aviation,Approved by Office Director,2025-01-16,NA,Fatal,0,0,0,4,0,"The pilot’s improper recovery following a departure from controlled flight after an intentional aerodynamic stall, which resulted in an exceedance of airspeed limitations, airframe overstress, and a subsequent inflight breakup.",Personnel issues - Action/decision - Action - Pilot; Personnel issues - Task performance - Use of equip/info - Pilot; Aircraft - Aircraft oper/perf/capability - Performance/control parameters - Capability exceeded,Accident,47.905952,-122.04892,TEXTRON AVIATION INC,208B,Airplane,NA,NA,False,1,Turbo prop,False,Flight test,091,Substantial,Visual (VMC),Raisbeck Engineering,Maneuvering,Completed,False,Approved by Office Director,NA,NA,11/18/2022,18-11-2022
WPR23LA042,Accident,106349,2022-11-15,Kahlotus,WA,USA,NA,N24227,31504,False,Aviation,Aviation,Approved by Office Director,2023-02-23,NA,Serious,0,0,0,1,0,"The pilot’s failure to check the fuel selector position before takeoff and his improper fuel management, which resulted in fuel starvation and a total loss of engine power. Also causal was the pilot’s loss of airplane control which resulted in an aerodynamic stall.",Personnel issues - Task performance - Use of equip/info - Pilot; Personnel issues - Task performance - Use of equip/info - Pilot; Aircraft - Fluids/misc hardware - Fluids - Fluid management; Personnel issues - Action/decision - Action - Pilot; Aircraft - Aircraft oper/perf/capability - Performance/control parameters - Not attained/maintained,Accident,46.72236,-118.58783,CESSNA,180,Airplane,S61,Hackney,False,1,Reciprocating,False,Personal,091,Substantial,Visual (VMC),DASHIELL ROSS R,Enroute,Completed,False,Approved by Office Director,NA,NA,11/15/2022,15-11-2022
WPR22LA374,Accident,192728,2022-08-13,Deer Park,WA,USA,NA,N213SS,110,False,Aviation,Aviation,Approved by Office Director,2023-08-17,NA,None,0,0,0,0,0,The pilot’s improper landing flare which resulted in a hard landing.,Personnel issues - Task performance - Use of equip/info - Pilot; Aircraft - Aircraft oper/perf/capability - Performance/control parameters - Not attained/maintained,Accident,47.967055,-117.42858,ICA BRASOV,IS-28B2,Glider,KDEW,Deer Park Airport,False,0,NA,False,Personal,091,Substantial,Visual (VMC),On File,Landing,Completed,False,Approved by Office Director,NA,NA,8/13/2022,13-8-2022
WPR22LA013,Accident,104120,2021-10-17,Laurier,WA,USA,NA,N832DC,17271180,False,Aviation,Aviation,Approved by Office Director,2022-05-04,NA,None,0,0,0,0,0,"The flight instructor’s delayed remedial action to prevent the airplane from landing long which, resulted in a runway overrun and collision with terrain.
",Personnel issues - Action/decision - Action - Instructor/check pilot; Personnel issues - Action/decision - Info processing/decision - Instructor/check pilot; Environmental issues - Physical environment - Object/animal/substance - Effect on equipment,Accident,48.998379,-118.22259,CESSNA,172N,Airplane,69S,AVEY FLD,False,1,Reciprocating,False,Instructional,091,Substantial,Visual (VMC),DANIEL J. CASE,Landing,Completed,False,Approved by Office Director,NA,NA,10/17/2021,17-10-2021
WPR22LA017,Accident,104135,2021-10-16,White Swan,WA,USA,NA,N3388T,17700688,False,Aviation,Aviation,Approved by Office Director,2022-04-29,NA,None,0,0,0,0,0,"A total loss of engine power due to fuel starvation as a result of the pilot's improper fuel management.  
",Personnel issues - Task performance - Use of equip/info - Pilot; Aircraft - Fluids/misc hardware - Fluids - Fluid management,Accident,46.367694,-120.80904,CESSNA,177,Airplane,N/A,NA,False,1,Reciprocating,False,Personal,091,Substantial,Visual (VMC),Eric J King,Enroute; Enroute,Completed,False,Approved by Office Director,NA,NA,10/16/2021,16-10-2021
WPR22FA023,Accident,104178,2021-10-28,Snoqualmie,WA,USA,NA,N40KA,27-0171,False,Aviation,Aviation,Approved by Office Director,2023-05-03,NA,Fatal,0,0,0,1,0,"The pilot’s decision to fly the airplane into known icing conditions, which resulted in a loss of airplane control and collision with terrain.",Environmental issues - Conditions/weather/phenomena - Temp/humidity/pressure - Effect on equipment; Personnel issues - Task performance - Use of equip/info - Pilot; Personnel issues - Action/decision - Info processing/decision - Pilot; Environmental issues - Conditions/weather/phenomena - Temp/humidity/pressure - Effect on operation,Accident,47.5923,-121.633,MOONEY,M20M,Airplane,N/A,NA,False,1,Reciprocating,False,Personal,091,Substantial,Instrument (IMC),ANOTHER GREASER LLC,Enroute; Enroute,Completed,False,Approved by Office Director,NA,NA,10/28/2021,28-10-2021
WPR22LA047,Accident,104302,2021-11-22,Puyallup,WA,USA,NA,N7592Y,R18200141,False,Aviation,Aviation,Approved by Office Director,2023-04-26,NA,None,0,0,0,0,0,"An overstress fracture of the left main landing gear pivot assembly, which resulted in the failure of the left main landing gear to fully extend and lock into place.",Aircraft - Aircraft systems - Landing gear system - Failure,Accident,47.10392,-122.2872,CESSNA,R182,Airplane,PLU,PIERCE COUNTY - THUN FLD,False,1,Reciprocating,False,Instructional,091,Substantial,Visual (VMC),CLOVER PARK TECHNICAL COLLEGE,Landing,Completed,False,Approved by Office Director,NA,NA,11/22/2021,22-11-2021
WPR22LA082,Accident,104550,2022-01-21,Shelton,WA,USA,NA,N139KF,KCS139,False,Aviation,Aviation,Approved by Office Director,2022-06-14,NA,None,0,0,0,0,0,"The pilot’s failure to maintain directional control during the landing roll.
",Aircraft - Aircraft oper/perf/capability - Performance/control parameters - Not attained/maintained; Personnel issues - Task performance - Use of equip/info - Pilot,Accident,47.1428,-123.0857,WIGHT ALBERT A,KITFOX SPEEDSTER,Airplane,SHN,Sanderson Field,True,1,Reciprocating,False,Personal,091,Substantial,Visual (VMC),Kroy Richardson,Landing; Landing; Landing,Completed,False,Approved by Office Director,NA,NA,1/21/2022,21-1-2022
WPR22LA092,Accident,104614,2022-02-07,Crane Island,WA,USA,NA,N684S,20700147,False,Aviation,Aviation,Approved by Office Director,2022-06-14,NA,None,0,0,0,0,0,"The pilot’s failure to obtain a proper touch down location on a wet grass runway, resulting in a runway overrun and impact with terrain. 
",Environmental issues - Physical environment - Runway/land/takeoff/taxi surface - Effect on equipment; Personnel issues - Action/decision - Info processing/decision - Pilot; Aircraft - Aircraft oper/perf/capability - Performance/control parameters - Not attained/maintained,Accident,48.597697,-122.99781,CESSNA,T207,Airplane,PVT,Crane Island,False,1,Reciprocating,False,Positioning,091,Substantial,Visual (VMC); Visual (VMC),"Rugby Aviation, LLC",Landing; Landing,Completed,False,Approved by Office Director,NA,NA,2/7/2022,7-2-2022
WPR22LA136,Accident,104848,2022-03-26,Prosser,WA,USA,NA,N7658B,4009,False,Aviation,Aviation,Approved by Office Director,2024-01-31,NA,None,0,0,0,0,0,"An inadequately welded elevator attachment lug, which caused the elevator to partially detach from its bellcrank, resulting in flutter and structural damage.",Aircraft - Aircraft systems - Flight control system - Damaged/degraded; Aircraft - Aircraft systems - Flight control system - Fatigue/wear/corrosion; Aircraft - Aircraft systems - Flight control system - Failure,Accident,46.09001,-119.4289,Downer,Bellanca 14-19-2,Airplane,NA,NA,False,1,Reciprocating,False,Personal,091,Substantial,Visual (VMC),On File,Enroute; Enroute,Completed,False,Approved by Office Director,NA,NA,3/26/2022,26-3-2022
WPR22LA156,Accident,104958,2022-04-17,Richland,WA,USA,NA,N341SS,23894,False,Aviation,Aviation,Approved by Office Director,2022-07-20,NA,Serious,0,0,0,1,0,"The pilot’s failure to maintain directional control during the takeoff ground roll. 
",Personnel issues - Task performance - Use of equip/info - Pilot; Aircraft - Aircraft oper/perf/capability - Performance/control parameters - Not attained/maintained,Accident,46.305975,-119.30361,SAWBY SCOTT,RV-6A,Airplane,RLD,Richland Airport,True,1,Reciprocating,False,Personal,091,Substantial,Visual (VMC),On File,Takeoff,Completed,False,Approved by Office Director,NA,NA,4/17/2022,17-4-2022
WPR22LA158,Accident,104966,2022-04-13,Eastsound,WA,USA,NA,N194XS,A-194,False,Aviation,Aviation,Approved by Office Director,2023-08-15,NA,None,0,0,0,0,0,"The pilot inadvertently shut off the engine control unit, which resulted in the engine turning off before the runway landing was attained.",Personnel issues - Task performance - Use of equip/info - Pilot; Aircraft - Aircraft power plant - Ignition system - Unintentional use/operation,Accident,48.699009,-122.91026,EUROPA,XS Mono,Airplane,ORS,ORCAS ISLAND,True,1,Reciprocating,False,Personal,091,Substantial,Visual (VMC),On File,Approach; Unknown; Approach,Completed,False,Approved by Office Director,NA,NA,4/13/2022,13-4-2022
WPR22LA166,Accident,104998,2022-04-24,Ravensdale,WA,USA,NA,N4398B,26742,False,Aviation,Aviation,Approved by Office Director,2024-05-16,NA,Serious,0,0,0,2,0,A loss of engine power due to fuel exhaustion as a result of the pilot’s inadequate fuel planning.,Personnel issues - Action/decision - Info processing/decision - Pilot; Aircraft - Fluids/misc hardware - Fluids - Fluid level,Accident,47.301483,-121.84748,CESSNA,170B,Airplane,NA,NA,False,1,Reciprocating,False,Personal,091,Substantial,Visual (VMC),On File,EmergencyDescent; Enroute,Completed,False,Approved by Office Director,NA,NA,4/24/2022,24-4-2022
WPR22LA194,Accident,105175,2022-05-30,East Sound,WA,USA,NA,N20487,17261330,False,Aviation,Aviation,Approved by Office Director,2022-08-12,NA,None,0,0,0,0,0,"The pilot's failure to attain a proper touchdown point which, resulted in a runway overrun and collision with trees. 
",Personnel issues - Action/decision - Info processing/decision - Pilot; Personnel issues - Task performance - Use of equip/info - Pilot; Aircraft - Aircraft oper/perf/capability - Performance/control parameters - Not attained/maintained,Accident,48.71177,-123.01824,CESSNA,172M,Airplane,90WA,Waldron Airstrip,False,1,Reciprocating,False,Business,135,Substantial,Visual (VMC),On File,Landing,Completed,False,Approved by Office Director,NA,NA,5/30/2022,30-5-2022
WPR22LA202,Accident,105219,2022-06-05,Chelan,WA,USA,NA,UNREG,SK001S,False,Aviation,Aviation,Approved by Office Director,2024-04-18,NA,Minor,0,0,0,1,0,A total loss of engine power for undetermined reasons.,Personnel issues - Action/decision - Action - Pilot,Accident,47.902199,-119.89787,Fischer,Super Koala,Airplane,91WT,Riverview Airport,True,1,Reciprocating,False,Personal,091,Substantial,Visual (VMC),On File,Landing; EmergencyDescent; EmergencyDescent; Maneuvering,Completed,False,Approved by Office Director,NA,NA,6/5/2022,5-6-2022
WPR22LA204,Accident,105221,2022-06-04,Snohomish,WA,USA,NA,N561PK,32-7340124,False,Aviation,Aviation,Approved by Office Director,2024-02-28,NA,None,0,0,0,0,0,The total loss of engine power during takeoff due to fuel starvation and the pilot’s improper fuel tank selection and inadequate preflight inspection.,Personnel issues - Task performance - Inspection - Pilot; Aircraft - Fluids/misc hardware - Fluids - Fluid level; Personnel issues - Action/decision - Info processing/decision - Pilot,Accident,47.886832,-122.10277,PIPER,PA-32-300,Airplane,S43,HARVEY FLD,False,1,Reciprocating,False,Personal,091,Substantial,Visual (VMC),On File,Landing; InitialClimb,Completed,False,Approved by Office Director,NA,NA,6/4/2022,4-6-2022
DCA22LA134,Accident,105307,2022-05-22,Tacoma,WA,USA,NA,N256WN; N256WN,32514; 32514,False,Aviation,Aviation,Approved by Office Director,2022-07-20,NA,Serious,0,0,0,1,0,"During cruise flight with no reported turbulence a passenger sustained a serious injury for an unknown reason.
",Personnel issues - Miscellaneous - (general) - Passenger,Accident,47.1857,-122.2737,BOEING; BOEING,737-700; 737-700,Airplane; Airplane,NA,NA,False,2,Turbo fan; Turbo fan,True,NA,121; 121,None; None,Visual (VMC),SOUTHWEST AIRLINES CO; SOUTHWEST AIRLINES CO,Enroute,Completed,False,Approved by Office Director,NA,NA,5/22/2022,22-5-2022
WPR21LA307,Accident,103650,2021-08-06,Metaline Falls,WA,USA,NA,N5459C,19493,False,Aviation,Aviation,Approved by Office Director,2021-09-20,NA,Minor,0,0,0,2,0,"The pilot’s failure to attain sufficient altitude during the initial climb to clear trees due to an encounter with windshear.
",Aircraft - Aircraft oper/perf/capability - Performance/control parameters - Not attained/maintained; Environmental issues - Conditions/weather/phenomena - Wind - Effect on operation; Environmental issues - Physical environment - Object/animal/substance - Contributed to outcome,Accident,48.845747,-117.27904,CESSNA,170A,Airplane,09S,SULLIVAN LAKE STATE,False,1,Reciprocating,False,Personal,091,Substantial,Visual (VMC),On File,InitialClimb,Completed,False,Approved by Office Director,NA,NA,8/6/2021,6-8-2021
WPR21LA318,Accident,103700,2021-08-12,Puyallup,WA,USA,NA,N392W,138314,False,Aviation,Aviation,Approved by Office Director,2023-01-19,NA,None,0,0,0,0,0,"A nose wheel shimmy during the landing roll for reasons that could not be determined from the available evidence, which led to a loss of directional control.",Not determined - Not determined - (general) - Unknown/Not determined; Aircraft - Aircraft oper/perf/capability - Performance/control parameters - Unknown/Not determined; Aircraft - Aircraft systems - Landing gear system - Unknown/Not determined,Accident,47.10392,-122.2872,NORTH AMERICAN,T-28B,Airplane,PLU,Pierce County - Thun Field,False,1,Reciprocating,False,Personal,091,Substantial,Visual (VMC); Visual (VMC); Visual (VMC),BUNO 138314 LLC,Landing,Completed,False,Approved by Office Director,NA,NA,8/12/2021,12-8-2021
DCA21LA208,Accident,103753,2021-08-24,SeaTac,WA,USA,NA,N479AS; N479AS,60576; 60576,False,Aviation,Aviation,Approved by Office Director,2022-07-19,NA,Serious,0,0,0,4,0,"The passenger’s use of the evacuation slide resulted in the serious injury. 
",Aircraft - Aircraft oper/perf/capability - (general) - Related operating info,Accident,47.443719,-122.31173,BOEING; BOEING,737-990ER; 737-990ER,Airplane; Airplane,SEA,SEATTLE-TACOMA INTL,False,2,Turbo fan; Turbo fan,True,NA,121; 121,None; None,Visual (VMC),ALASKA AIRLINES INC; ALASKA AIRLINES INC,Taxi,Completed,False,Approved by Office Director,NA,NA,8/24/2021,24-8-2021
WPR21LA332,Accident,103781,2021-08-29,Wenatchee,WA,USA,NA,N51547,17274318,False,Aviation,Aviation,Approved by Office Director,2021-10-20,NA,None,0,0,0,0,0,"The student pilot’s inadequate inflight navigation and the flight instructors delayed remedial action which resulted in a collision with trees. 
",Personnel issues - Task performance - Planning/preparation - Student/instructed pilot; Personnel issues - Psychological - Attention/monitoring - Instructor/check pilot; Environmental issues - Physical environment - Terrain - Effect on equipment; Personnel issues - Action/decision - Action - Instructor/check pilot,Accident,47.287778,-120.40766,CESSNA,172P,Airplane,N/A,NA,False,1,Reciprocating,False,Instructional,091,Substantial,Visual (VMC),Galvin Flight Training,Maneuvering,Completed,False,Approved by Office Director,NA,NA,8/29/2021,29-8-2021
WPR21LA336,Accident,103798,2021-09-04,Arlington,WA,USA,NA,N423JB,RWS296JB,False,Aviation,Aviation,Approved by Office Director,2022-02-18,NA,Serious,0,0,0,1,0,"The pilot’s loss of directional control during landing.
",Personnel issues - Task performance - Use of equip/info - Pilot; Aircraft - Aircraft oper/perf/capability - Performance/control parameters - Not attained/maintained,Accident,48.16543,-122.16309,Ragwing,S1,Airplane,AWO,ARLINGTON MUNI,True,1,Reciprocating,False,Personal,091,Substantial,Visual (VMC),On File,Landing; Landing,Completed,False,Approved by Office Director,NA,NA,9/4/2021,4-9-2021
WPR21LA339,Accident,103832,2021-09-08,Arlington,WA,USA,NA,N185BB,18503449,False,Aviation,Aviation,Approved by Office Director,2023-03-01,NA,None,0,0,0,0,0,"The fatigue fracture of the tailwheel fitting spring, which resulted in the loss of directional control during the landing roll.",Aircraft - Aircraft systems - Landing gear system - Failure; Aircraft - Aircraft systems - Landing gear system - Fatigue/wear/corrosion,Accident,48.16075,-122.15902,CESSNA,A185F,Airplane,AWO,ARLINGTON MUNI,False,1,Reciprocating,False,Instructional,091,Substantial,Visual (VMC); Visual (VMC),Mission Aviation Training Academy,Landing,Completed,False,Approved by Office Director,NA,NA,9/8/2021,8-9-2021
WPR21LA346,Accident,103881,2021-09-15,Palouse,WA,USA,NA,N3977G,23877,False,Aviation,Aviation,Approved by Office Director,2022-02-18,NA,Serious,0,0,0,2,0,"The pilot's improper landing flare, which resulted in a bounced landing and subsequent nose over.
",Aircraft - Aircraft oper/perf/capability - Performance/control parameters - Not attained/maintained; Personnel issues - Action/decision - Info processing/decision - Pilot; Personnel issues - Task performance - Use of equip/info - Pilot,Accident,46.883252,-117.08073,GORDON SCOT A,RV-6A,Airplane,WN26,SCHOEPFLIN,False,1,Reciprocating,False,Instructional,091,Substantial,Visual (VMC),CARTER JASON J,Landing,Completed,False,Approved by Office Director,NA,NA,9/15/2021,15-9-2021
WPR21LA351,Accident,103943,2021-09-21,Monroe,WA,USA,NA,N488VG,JA214-08-10,False,Aviation,Aviation,Approved by Office Director,2022-03-25,NA,None,0,0,0,0,0,"The in-flight malfunction of the throttle control pivot arm, which resulted in a total loss of engine power and the subsequent collision with terrain during the forced landing.  
",Aircraft - Aircraft power plant - Engine fuel and control - Malfunction; Environmental issues - Physical environment - Object/animal/substance - Effect on operation,Accident,47.839997,-121.97986,George A. Thiel,Just Aircraft Highlander,Airplane,N/A,NA,True,1,Reciprocating,False,Personal,091,Substantial,Visual (VMC),On File,Enroute,Completed,False,Approved by Office Director,NA,NA,9/21/2021,21-9-2021
DCA21LA229,Accident,103969,2021-09-01,Seattle,WA,USA,NA,N196DN; N196DN,28453; 28453,False,Aviation,Aviation,Approved by Office Director,2022-07-21,NA,Serious,0,0,0,2,0,"The flightcrew’s failure to set the hydraulic panel correctly during the execution of the pushback checklist, and when the hydraulic panel setting was corrected, that resulted in the airplane coming to a sudden stop and a flight attendant receiving a serious injury. 
",Personnel issues - Task performance - Planning/preparation - Flight crew; Personnel issues - Action/decision - Action - Flight crew; Aircraft - Aircraft systems - Hydraulic power system - Not used/operated,Accident,47.438408,-122.2997,BOEING; BOEING,767-332; 767-332,Airplane; Airplane,SEA,SEATTLE-TACOMA INTL,False,2,Turbo jet; Turbo jet,True,NA,121; 121,None; None,Visual (VMC); Visual (VMC),DELTA AIR LINES INC; DELTA AIR LINES INC,Standing; Standing,Completed,False,Approved by Office Director,NA,NA,9/1/2021,1-9-2021
WPR21LA363,Accident,104133,2021-09-17,Orcas Island,WA,USA,NA,N33022,32-7540081,False,Aviation,Aviation,Approved by Office Director,2023-03-22,NA,Serious,0,0,0,3,0,The total loss of engine power due to the pilot’s mismanagement of the fuel system which resulted in fuel starvation.,Aircraft - Fluids/misc hardware - Fluids - Fluid management; Personnel issues - Task performance - Use of equip/info - Pilot,Accident,48.646286,-122.78279,PIPER,PA-32-300,Airplane,NA,NA,False,1,Reciprocating,False,Business,091,Substantial,Visual (VMC),"Fly Guys Constructions, LLC",Enroute; Landing; Enroute,Completed,False,Approved by Office Director,NA,NA,9/17/2021,17-9-2021
