fiscal_year,state_name,county,congressional_district,program_area,program,zip_code,persistent_poverty_community_status,borrower_name,project_name,investment_type,city,lender_name,funding_code,naics_industry_sector,county_fips,naics_national_industry_code,naics_national_industry,portfolio_type,project_announced_description,investment_dollars,number_of_investments
2026,Vermont,Addison,At-Large,Business Programs,Advanced Biofuel Payment Program,05770,Not Persistent Poverty Community,WOODNOTCH FARMS INC,NOT AVAILABLE,Grant Funds,Shoreham,Not Applicable,GRANT FOR PROD OF ADV BIOFUEL,Other or Not Defined,50001,NA,Not Available,Commercial,Detailed Project Description Not Available,351,5
2026,Vermont,Addison,At-Large,Multifamily Housing,Rental Assistance (MFH),Zip Code Withheld,Not Persistent Poverty Community,Name Withheld,BRIARWOOD APTS,Grant Funds,City Name Withheld,Not Applicable,RENEWAL / REPLACEMENT -FAMILY,Real Estate and Rental and Leasing,50001,NA,Not Available,Residential,Detailed Project Description Not Available,379423,1
2026,Vermont,Addison,At-Large,Multifamily Housing,Rental Assistance (MFH),Zip Code Withheld,Not Persistent Poverty Community,Name Withheld,MIDDLEBURY COMMONS VSHA,Grant Funds,City Name Withheld,Not Applicable,RENEWAL  / REPLACEMENT - ELDERLY,Real Estate and Rental and Leasing,50001,NA,Not Available,Residential,Detailed Project Description Not Available,312284,1
2026,Vermont,Addison,At-Large,Multifamily Housing,Rental Assistance (MFH),Zip Code Withheld,Not Persistent Poverty Community,Name Withheld,SMALLEST CITY HSG C/O ADDISON COUNTY COMMUNITY TRUST,Grant Funds,City Name Withheld,Not Applicable,RENEWAL / REPLACEMENT -FAMILY,Real Estate and Rental and Leasing,50001,NA,Not Available,Residential,Detailed Project Description Not Available,225405,1
2026,Vermont,Addison,At-Large,Single Family Housing,Direct Loan (SFH),Zip Code Withheld,Not Persistent Poverty Community,Name Withheld,NOT AVAILABLE,Loan Funds - Direct,City Name Withheld,Not Applicable,502 LOAN - GENERAL INTEREST SUBSIDY VERY LOW INCOME,Real Estate and Rental and Leasing,50001,NA,Not Available,Residential,Detailed Project Description Not Available,395000,1
2026,Vermont,Bennington,At-Large,Multifamily Housing,Rental Assistance (MFH),Zip Code Withheld,Not Persistent Poverty Community,Name Withheld,BENNINGTON HOUSE,Grant Funds,City Name Withheld,Not Applicable,RENEWAL / REPLACEMENT -FAMILY,Real Estate and Rental and Leasing,50003,NA,Not Available,Residential,Detailed Project Description Not Available,90419,1
2026,Vermont,Bennington,At-Large,Multifamily Housing,Rental Assistance (MFH),Zip Code Withheld,Not Persistent Poverty Community,Name Withheld,HOMESTEAD GREEN,Grant Funds,City Name Withheld,Not Applicable,RENEWAL  / REPLACEMENT - ELDERLY,Real Estate and Rental and Leasing,50003,NA,Not Available,Residential,Detailed Project Description Not Available,127063,1
2026,Vermont,Bennington,At-Large,Multifamily Housing,Rental Assistance (MFH),Zip Code Withheld,Not Persistent Poverty Community,Name Withheld,SILVER STREET APTS,Grant Funds,City Name Withheld,Not Applicable,RENEWAL / REPLACEMENT -FAMILY,Real Estate and Rental and Leasing,50003,NA,Not Available,Residential,Detailed Project Description Not Available,94558,1
2026,Vermont,Bennington,At-Large,Single Family Housing,Guaranteed Loan (SFH),Zip Code Withheld,Not Persistent Poverty Community,Name Withheld,NOT AVAILABLE,Loan Funds - Guaranteed,City Name Withheld,EMM LOANS LLC,SEC 502 GUARANTEED SINGLE FAMILY HOUSING PURCHASE LOAN WITH ANNUAL FEES,Real Estate and Rental and Leasing,50003,NA,Not Available,Residential,Detailed Project Description Not Available,227272,1
2026,Vermont,Bennington,At-Large,Single Family Housing,Guaranteed Loan (SFH),Zip Code Withheld,Not Persistent Poverty Community,Name Withheld,NOT AVAILABLE,Loan Funds - Guaranteed,City Name Withheld,GUILD MORTGAGE COMPANY LLC,SEC 502 GUARANTEED SINGLE FAMILY HOUSING PURCHASE LOAN WITH ANNUAL FEES,Real Estate and Rental and Leasing,50003,NA,Not Available,Residential,Detailed Project Description Not Available,337373,1
2026,Vermont,Bennington,At-Large,Single Family Housing,Repair Grant (SFH),Zip Code Withheld,Not Persistent Poverty Community,Name Withheld,NOT AVAILABLE,Grant Funds,City Name Withheld,Not Applicable,504 GRANT,Real Estate and Rental and Leasing,50003,NA,Not Available,Residential,Detailed Project Description Not Available,10000,1
2026,Vermont,Caledonia,At-Large,Business Programs,Rural Business Development Grant (RBDG),05819,Not Persistent Poverty Community,CALEDONIA FOOD COOPERATIVE INC,"FY25 $200,000 PLANNING",Grant Funds,St. Johnsbury,Not Applicable,RBCS ENTERPRISE GRANTS,Public Administration,50005,926110,ADMINISTRATION OF GENERAL ECONOMIC PROGRAMS,Commercial,"This Rural Development investment will be used by the Caledonia Food Cooperative (CFC) in rural St. Johnsbury, Vermont, to help provide strategic planning and day to day management of the CFC s activities over this critical final year of development, including during construction, and; store design and development services, inclusive of refrigeration and other engineering services, interior decor & lighting design, and legal services. The new cooperative is located in the Northeast Kingdom, a designated Rural Area Economic Partnership (REAP) zone. Once open, the new coop will create approximately 40 jobs.",200000,1
2026,Vermont,Caledonia,At-Large,Business Programs,Rural Business Development Grant (RBDG),05819,Not Persistent Poverty Community,"NORTHEAST KINGDOM COLLABORATIVE, INC.","FY25 EXPAND NEK $99,725",Grant Funds,St. Johnsbury,Not Applicable,RBCS ENTERPRISE GRANTS,Public Administration,50005,926110,ADMINISTRATION OF GENERAL ECONOMIC PROGRAMS,Commercial,"This Rural Development investment will be used to build business and workforce resilience in the Northeast Kingdom of Vermont, a designated Rural Area Economic Partnership (REAP) zone comprised of Orleans, Essex and Caledonia Counties. Funding will enable the NEK Collaborative to plan, promote and execute its annual NEK Summit. This gathering is an essential function of regional economic development, bringing together businesses, nonprofits, legislators, and other regional leaders to build skills, share resources, and make connections for region-wide growth and vitality.",99725,1
2026,Vermont,Caledonia,At-Large,Business Programs,Rural Business Development Grant (RBDG),05819,Not Persistent Poverty Community,NORTHEASTERN VERMONT DEVEL ASSOC INC,"FY25 $200,000 TECHNICAL ASSIST",Grant Funds,St. Johnsbury,Not Applicable,RBCS ENTERPRISE GRANTS,Public Administration,50005,926110,ADMINISTRATION OF GENERAL ECONOMIC PROGRAMS,Commercial,"This Rural Development investment will be used by the Northeastern Vermont Development Association (NVDA) to provide technical assistance for the benefit of small businesses in the Northeast Kingdom of Vermont, a designated Rural Area Economic Partnership (REAP) zone comprised of Orleans, Essex and Caledonia Counties. Funding will support financial management, legal assistance, feasibility studies, architectural & engineering designs, development training and marketing assistance for these businesses, all essential early components of a successful, sustainable operation.",200000,1
2026,Vermont,Caledonia,At-Large,Business Programs,Rural Business Development Grant (RBDG),05819,Not Persistent Poverty Community,SAINT JOHNSBURY WORKS! INC.,"FY25 $73,353 TA",Grant Funds,St Johnsbury,Not Applicable,RBCS ENTERPRISE GRANTS,Public Administration,50005,926110,ADMINISTRATION OF GENERAL ECONOMIC PROGRAMS,Commercial,"This Rural Development investment will be used by St. Johnsbury Works! to provide technical assistance in the Northeast Kingdom of Vermont, a designated Rural Area Economic Partnership (REAP) zone comprised of Orleans, Essex and Caledonia Counties. Funding will include activities that increase organizational capacity of small area enterprises. It will also cover destination and event marketing to increase viability and promotional exposure for hospitality and retail businesses.",73353,1
2026,Vermont,Caledonia,At-Large,Business Programs,Rural Business Development Grant (RBDG),05843,Not Persistent Poverty Community,THE CENTER FOR AN AGRICULTURAL ECONOMY,"FY25 RBDG $199,966 TA",Grant Funds,Hardwick,Not Applicable,RBCS ENTERPRISE GRANTS,Public Administration,50005,926110,ADMINISTRATION OF GENERAL ECONOMIC PROGRAMS,Commercial,"This Rural Development investment will be used to sustain technical assistance activities in the Northeast Kingdom of Vermont (NEK), a designated Rural Area Economic Partnership (REAP) zone comprised of Orleans, Essex and Caledonia Counties. The Center for an Agricultural Economy (CAE) and Vermont Food Venture Center provide strategic guidance and operational planning support to small and emerging farms and food businesses in the NEK. This consultation and technical assistance funding is a crucial part of the developing food economy in the region.",199966,1
2026,Vermont,Caledonia,At-Large,Multifamily Housing,Rental Assistance (MFH),Zip Code Withheld,Not Persistent Poverty Community,Name Withheld,GROTON COMMUNITY HOUSING LP RURAL EDGE PROP MNG,Grant Funds,City Name Withheld,Not Applicable,RENEWAL / REPLACEMENT -FAMILY,Real Estate and Rental and Leasing,50005,NA,Not Available,Residential,Detailed Project Description Not Available,204135,1
2026,Vermont,Caledonia,At-Large,Multifamily Housing,Rental Assistance (MFH),Zip Code Withheld,Not Persistent Poverty Community,Name Withheld,LIND HOMES C/O RURAL EDGE,Grant Funds,City Name Withheld,Not Applicable,RENEWAL / REPLACEMENT -FAMILY,Real Estate and Rental and Leasing,50005,NA,Not Available,Residential,Detailed Project Description Not Available,24905,1
2026,Vermont,Caledonia,At-Large,Multifamily Housing,Rental Assistance (MFH),Zip Code Withheld,Not Persistent Poverty Community,Name Withheld,MARIGOLD APTS,Grant Funds,City Name Withheld,Not Applicable,RENEWAL  / REPLACEMENT - ELDERLY,Real Estate and Rental and Leasing,50005,NA,Not Available,Residential,Detailed Project Description Not Available,35560,1
2026,Vermont,Caledonia,At-Large,Multifamily Housing,Rental Assistance (MFH),Zip Code Withheld,Not Persistent Poverty Community,Name Withheld,MOOSE RIVER HOUSING,Grant Funds,City Name Withheld,Not Applicable,RENEWAL / REPLACEMENT -FAMILY,Real Estate and Rental and Leasing,50005,NA,Not Available,Residential,Detailed Project Description Not Available,216924,1
2026,Vermont,Caledonia,At-Large,Multifamily Housing,Rental Assistance (MFH),Zip Code Withheld,Not Persistent Poverty Community,Name Withheld,MOUNTAIN VIEW APTS,Grant Funds,City Name Withheld,Not Applicable,RENEWAL / REPLACEMENT -FAMILY,Real Estate and Rental and Leasing,50005,NA,Not Available,Residential,Detailed Project Description Not Available,300804,1
2026,Vermont,Caledonia,At-Large,Single Family Housing,Guaranteed Loan (SFH),Zip Code Withheld,Not Persistent Poverty Community,Name Withheld,NOT AVAILABLE,Loan Funds - Guaranteed,City Name Withheld,"NORTHEAST HOME LOAN, LLC",SEC 502 GUARANTEED SINGLE FAMILY HOUSING PURCHASE LOAN WITH ANNUAL FEES,Real Estate and Rental and Leasing,50005,NA,Not Available,Residential,Detailed Project Description Not Available,218686,1
2026,Vermont,Chittenden,At-Large,Multifamily Housing,Rental Assistance (MFH),Zip Code Withheld,Not Persistent Poverty Community,Name Withheld,MEADOWLANE APTS,Grant Funds,City Name Withheld,Not Applicable,RENEWAL  / REPLACEMENT - ELDERLY,Real Estate and Rental and Leasing,50007,NA,Not Available,Residential,Detailed Project Description Not Available,154735,1
2026,Vermont,Essex,At-Large,Business Programs,Rural Business Development Grant (RBDG),05846,Not Persistent Poverty Community,"BRIGHTON COMMUNITY FORUM, INC.","FY25 RBDG $125,000 TA",Grant Funds,Island Pond,Not Applicable,RBCS ENTERPRISE GRANTS,Public Administration,50009,926110,ADMINISTRATION OF GENERAL ECONOMIC PROGRAMS,Commercial,"This Rural Development investment will be used by the Brighton Community Forum (BCF) to expand its reach and visitor numbers through technical assistance. The BCF engages in activities that include community events, advocacy and initiatives to promote economic development and social well-being. This funding will support new event creation, establish a steady income stream from implementing performance fees, and create print and digital marketing campaigns in the Northeast Kingdom of Vermont, a designated Rural Area Economic Partnership (REAP) zone comprised of Orleans, Essex and Caledonia Counties.",125000,1
2026,Vermont,Essex,At-Large,Single Family Housing,Guaranteed Loan (SFH),Zip Code Withheld,Not Persistent Poverty Community,Name Withheld,NOT AVAILABLE,Loan Funds - Guaranteed,City Name Withheld,NEIGHBORS BANK,SEC 502 GUARANTEED SINGLE FAMILY HOUSING PURCHASE LOAN WITH ANNUAL FEES,Real Estate and Rental and Leasing,50009,NA,Not Available,Residential,Detailed Project Description Not Available,272726,2
2026,Vermont,Franklin,At-Large,Business Programs,Advanced Biofuel Payment Program,05450,Not Persistent Poverty Community,KANE'S COW POWER LLC,NOT AVAILABLE,Grant Funds,Enosburg Falls,Not Applicable,GRANT FOR PROD OF ADV BIOFUEL,Other or Not Defined,50011,NA,Not Available,Commercial,Detailed Project Description Not Available,211,4
2026,Vermont,Franklin,At-Large,Multifamily Housing,Rental Assistance (MFH),Zip Code Withheld,Not Persistent Poverty Community,Name Withheld,FOURWINDS APTS,Grant Funds,City Name Withheld,Not Applicable,RENEWAL  / REPLACEMENT - ELDERLY,Real Estate and Rental and Leasing,50011,NA,Not Available,Residential,Detailed Project Description Not Available,454112,1
2026,Vermont,Franklin,At-Large,Multifamily Housing,Rental Assistance (MFH),Zip Code Withheld,Not Persistent Poverty Community,Name Withheld,HILLCREST VIEWS APTS,Grant Funds,City Name Withheld,Not Applicable,RENEWAL / REPLACEMENT -FAMILY,Real Estate and Rental and Leasing,50011,NA,Not Available,Residential,Detailed Project Description Not Available,425042,1
2026,Vermont,Franklin,At-Large,Multifamily Housing,Rental Assistance (MFH),Zip Code Withheld,Not Persistent Poverty Community,Name Withheld,RICHFORD COMMUNITY HOUSING,Grant Funds,City Name Withheld,Not Applicable,RENEWAL / REPLACEMENT -FAMILY,Real Estate and Rental and Leasing,50011,NA,Not Available,Residential,Detailed Project Description Not Available,136139,1
2026,Vermont,Franklin,At-Large,Multifamily Housing,Rental Assistance (MFH),Zip Code Withheld,Not Persistent Poverty Community,Name Withheld,SWANTON MEADOWS REALTY RESOURCE,Grant Funds,City Name Withheld,Not Applicable,RENEWAL / REPLACEMENT -FAMILY,Real Estate and Rental and Leasing,50011,NA,Not Available,Residential,Detailed Project Description Not Available,233659,1
2026,Vermont,Franklin,At-Large,Multifamily Housing,Rental Assistance (MFH),Zip Code Withheld,Not Persistent Poverty Community,Name Withheld,SWANTON SCHOOL SENIOR HOUSING,Grant Funds,City Name Withheld,Not Applicable,RENEWAL  / REPLACEMENT - ELDERLY,Real Estate and Rental and Leasing,50011,NA,Not Available,Residential,Detailed Project Description Not Available,273414,1
2026,Vermont,Franklin,At-Large,Single Family Housing,Guaranteed Loan (SFH),Zip Code Withheld,Not Persistent Poverty Community,Name Withheld,NOT AVAILABLE,Loan Funds - Guaranteed,City Name Withheld,CROSS COUNTRY MORTGAGE LLC,SEC 502 GUARANTEED SINGLE FAMILY HOUSING PURCHASE LOAN WITH ANNUAL FEES,Real Estate and Rental and Leasing,50011,NA,Not Available,Residential,Detailed Project Description Not Available,348484,1
2026,Vermont,Franklin,At-Large,Single Family Housing,Guaranteed Loan (SFH),Zip Code Withheld,Not Persistent Poverty Community,Name Withheld,NOT AVAILABLE,Loan Funds - Guaranteed,City Name Withheld,GUILD MORTGAGE COMPANY LLC,SEC 502 GUARANTEED SINGLE FAMILY HOUSING PURCHASE LOAN WITH ANNUAL FEES,Real Estate and Rental and Leasing,50011,NA,Not Available,Residential,Detailed Project Description Not Available,656564,2
2026,Vermont,Franklin,At-Large,Single Family Housing,Guaranteed Loan (SFH),Zip Code Withheld,Not Persistent Poverty Community,Name Withheld,NOT AVAILABLE,Loan Funds - Guaranteed,City Name Withheld,"HOMEBRIDGE FINANCIAL SERVICES, INC.",SEC 502 GUARANTEED SINGLE FAMILY HOUSING PURCHASE LOAN WITH ANNUAL FEES,Real Estate and Rental and Leasing,50011,NA,Not Available,Residential,Detailed Project Description Not Available,289393,1
2026,Vermont,Franklin,At-Large,Single Family Housing,Guaranteed Loan (SFH),Zip Code Withheld,Not Persistent Poverty Community,Name Withheld,NOT AVAILABLE,Loan Funds - Guaranteed,City Name Withheld,"NORTHEAST HOME LOAN, LLC",SEC 502 GUARANTEED SINGLE FAMILY HOUSING PURCHASE LOAN WITH ANNUAL FEES,Real Estate and Rental and Leasing,50011,NA,Not Available,Residential,Detailed Project Description Not Available,425000,1
2026,Vermont,Franklin,At-Large,Single Family Housing,Guaranteed Loan (SFH),Zip Code Withheld,Not Persistent Poverty Community,Name Withheld,NOT AVAILABLE,Loan Funds - Guaranteed,City Name Withheld,PEOPLES TRUST COMPANY,SEC 502 GUARANTEED SINGLE FAMILY HOUSING PURCHASE LOAN WITH ANNUAL FEES,Real Estate and Rental and Leasing,50011,NA,Not Available,Residential,Detailed Project Description Not Available,189000,1
2026,Vermont,Franklin,At-Large,Single Family Housing,Repair Grant (SFH),Zip Code Withheld,Not Persistent Poverty Community,Name Withheld,NOT AVAILABLE,Grant Funds,City Name Withheld,Not Applicable,504 GRANT,Real Estate and Rental and Leasing,50011,NA,Not Available,Residential,Detailed Project Description Not Available,10000,1
2026,Vermont,Grand Isle,At-Large,Single Family Housing,Guaranteed Loan (SFH),Zip Code Withheld,Not Persistent Poverty Community,Name Withheld,NOT AVAILABLE,Loan Funds - Guaranteed,City Name Withheld,"CMG MORTGAGE, INC",SEC 502 GUARANTEED SINGLE FAMILY HOUSING PURCHASE LOAN WITH ANNUAL FEES,Real Estate and Rental and Leasing,50013,NA,Not Available,Residential,Detailed Project Description Not Available,275959,1
2026,Vermont,Lamoille,At-Large,Multifamily Housing,Rental Assistance (MFH),Zip Code Withheld,Not Persistent Poverty Community,Name Withheld,PORTLAND & MAIN HSG,Grant Funds,City Name Withheld,Not Applicable,RENEWAL / REPLACEMENT -FAMILY,Real Estate and Rental and Leasing,50015,NA,Not Available,Residential,Detailed Project Description Not Available,88585,1
2026,Vermont,Lamoille,At-Large,Multifamily Housing,Rental Assistance (MFH),Zip Code Withheld,Not Persistent Poverty Community,Name Withheld,ST JOHNS KNOLL REALTY RESOURCE,Grant Funds,City Name Withheld,Not Applicable,RENEWAL  / REPLACEMENT - ELDERLY,Real Estate and Rental and Leasing,50015,NA,Not Available,Residential,Detailed Project Description Not Available,285876,1
2026,Vermont,Lamoille,At-Large,Single Family Housing,Repair Grant (SFH),Zip Code Withheld,Not Persistent Poverty Community,Name Withheld,NOT AVAILABLE,Grant Funds,City Name Withheld,Not Applicable,504 GRANT,Real Estate and Rental and Leasing,50015,NA,Not Available,Residential,Detailed Project Description Not Available,16100,3
2026,Vermont,Orange,At-Large,Multifamily Housing,Rental Assistance (MFH),Zip Code Withheld,Not Persistent Poverty Community,Name Withheld,BRADFORD VILLAGE AP REALTY RESOURCE,Grant Funds,City Name Withheld,Not Applicable,RENEWAL / REPLACEMENT -FAMILY,Real Estate and Rental and Leasing,50017,NA,Not Available,Residential,Detailed Project Description Not Available,327764,1
2026,Vermont,Orange,At-Large,Multifamily Housing,Rental Assistance (MFH),Zip Code Withheld,Not Persistent Poverty Community,Name Withheld,BROOKVIEW APTS,Grant Funds,City Name Withheld,Not Applicable,RENEWAL / REPLACEMENT -FAMILY,Real Estate and Rental and Leasing,50017,NA,Not Available,Residential,Detailed Project Description Not Available,136626,1
2026,Vermont,Orange,At-Large,Multifamily Housing,Rental Assistance (MFH),Zip Code Withheld,Not Persistent Poverty Community,Name Withheld,MEADOWBROOK PLACE,Grant Funds,City Name Withheld,Not Applicable,RENEWAL / REPLACEMENT -FAMILY,Real Estate and Rental and Leasing,50017,NA,Not Available,Residential,Detailed Project Description Not Available,205740,1
2026,Vermont,Orange,At-Large,Multifamily Housing,Rental Assistance (MFH),Zip Code Withheld,Not Persistent Poverty Community,Name Withheld,"MONTEBELLO HILL APT AHEAD, INC 262 COTTAGE ST.",Grant Funds,City Name Withheld,Not Applicable,RENEWAL  / REPLACEMENT - ELDERLY,Real Estate and Rental and Leasing,50017,NA,Not Available,Residential,Detailed Project Description Not Available,117160,1
2026,Vermont,Orange,At-Large,Multifamily Housing,Rental Assistance (MFH),Zip Code Withheld,Not Persistent Poverty Community,Name Withheld,"SPEAR HOUSE AHEAD, INC 262 COTTAGE ST",Grant Funds,City Name Withheld,Not Applicable,RENEWAL  / REPLACEMENT - ELDERLY,Real Estate and Rental and Leasing,50017,NA,Not Available,Residential,Detailed Project Description Not Available,132881,1
2026,Vermont,Orange,At-Large,Single Family Housing,Repair Grant (SFH),Zip Code Withheld,Not Persistent Poverty Community,Name Withheld,NOT AVAILABLE,Grant Funds,City Name Withheld,Not Applicable,504 COMBINATION LOAN & GRANT,Real Estate and Rental and Leasing,50017,NA,Not Available,Residential,Detailed Project Description Not Available,6918,1
2026,Vermont,Orange,At-Large,Single Family Housing,Repair Loan (SFH),Zip Code Withheld,Not Persistent Poverty Community,Name Withheld,NOT AVAILABLE,Loan Funds - Direct,City Name Withheld,Not Applicable,504 COMBINATION LOAN & GRANT,Real Estate and Rental and Leasing,50017,NA,Not Available,Residential,Detailed Project Description Not Available,9377,1
2026,Vermont,Orleans,At-Large,Business Programs,Rural Business Development Grant (RBDG),05855,Not Persistent Poverty Community,NEWPORT CITY RENAISSANCE CORPORATION,"FY25 $131,350 TA",Grant Funds,Newport,Not Applicable,RBCS ENTERPRISE GRANTS,Public Administration,50019,926110,ADMINISTRATION OF GENERAL ECONOMIC PROGRAMS,Commercial,"This Rural Development investment will be used to explore the feasibility of a Tax Increment Financing (TIF) District in downtown Newport, Vermont, located in the Northeast Kingdom of Vermont, a designated Rural Area Economic Partnership (REAP) zone comprised of Orleans, Essex and Caledonia Counties. TIF designations help stimulate the economy in underserved areas by providing incentives for developers and funding institutions to supply capital for major infrastructural improvements and projects that draw businesses, residents and tourists to the area, which creates the increased tax revenue to pay down the front-loaded costs over time.",131350,1
2026,Vermont,Orleans,At-Large,Business Programs,Rural Business Development Grant (RBDG),05855,Not Persistent Poverty Community,"VERMONT FARM -TO-SCHOOL, INC","FY25 RBDG $116,284 TA",Grant Funds,Newport,Not Applicable,RBCS ENTERPRISE GRANTS,Public Administration,50019,926110,ADMINISTRATION OF GENERAL ECONOMIC PROGRAMS,Commercial,"This Rural Development investment will be used by the Green Mountain Farm-to-School to provide technical assistance for agricultural producers in the Northeast Kingdom of Vermont, a designated Rural Area Economic Partnership (REAP) zone comprised of Orleans, Essex and Caledonia Counties. This work will improve aggregation and distribution channels by addressing truck routing and on-farm pick-up options, leading to added inventory capacity and expanded opportunities to sell products to wholesale and institutional markets.",116284,1
2026,Vermont,Orleans,At-Large,Multifamily Housing,Rental Assistance (MFH),Zip Code Withheld,Not Persistent Poverty Community,Name Withheld,CRYSTAL LAKE HSG,Grant Funds,City Name Withheld,Not Applicable,RENEWAL / REPLACEMENT -FAMILY,Real Estate and Rental and Leasing,50019,NA,Not Available,Residential,Detailed Project Description Not Available,182981,1
2026,Vermont,Orleans,At-Large,Multifamily Housing,Rental Assistance (MFH),Zip Code Withheld,Not Persistent Poverty Community,Name Withheld,GLOVER RIVERSIDE APARTMENTS,Grant Funds,City Name Withheld,Not Applicable,RENEWAL  / REPLACEMENT - ELDERLY,Real Estate and Rental and Leasing,50019,NA,Not Available,Residential,Detailed Project Description Not Available,136496,1
2026,Vermont,Orleans,At-Large,Multifamily Housing,Rental Assistance (MFH),Zip Code Withheld,Not Persistent Poverty Community,Name Withheld,LAKEVIEW HOUSING,Grant Funds,City Name Withheld,Not Applicable,RENEWAL / REPLACEMENT -FAMILY,Real Estate and Rental and Leasing,50019,NA,Not Available,Residential,Detailed Project Description Not Available,129850,1
2026,Vermont,Orleans,At-Large,Multifamily Housing,Rental Assistance (MFH),Zip Code Withheld,Not Persistent Poverty Community,Name Withheld,NEWPORT PLACE REALTY RESOURCE,Grant Funds,City Name Withheld,Not Applicable,RENEWAL  / REPLACEMENT - ELDERLY,Real Estate and Rental and Leasing,50019,NA,Not Available,Residential,Detailed Project Description Not Available,281474,1
2026,Vermont,Orleans,At-Large,Multifamily Housing,Rental Assistance (MFH),Zip Code Withheld,Not Persistent Poverty Community,Name Withheld,RAINBOW APARTMENTS,Grant Funds,City Name Withheld,Not Applicable,RENEWAL  / REPLACEMENT - ELDERLY,Real Estate and Rental and Leasing,50019,NA,Not Available,Residential,Detailed Project Description Not Available,157186,1
2026,Vermont,Orleans,At-Large,Single Family Housing,Guaranteed Loan (SFH),Zip Code Withheld,Not Persistent Poverty Community,Name Withheld,NOT AVAILABLE,Loan Funds - Guaranteed,City Name Withheld,NEIGHBORS BANK,SEC 502 GUARANTEED SINGLE FAMILY HOUSING PURCHASE LOAN WITH ANNUAL FEES,Real Estate and Rental and Leasing,50019,NA,Not Available,Residential,Detailed Project Description Not Available,186868,1
2026,Vermont,Rutland,At-Large,Business Programs,Advanced Biofuel Payment Program,05759,Not Persistent Poverty Community,"VT WOOD PELLET CO., LLC",NOT AVAILABLE,Grant Funds,North Clarendon,Not Applicable,GRANT FOR PROD OF ADV BIOFUEL,Other or Not Defined,50021,NA,Not Available,Commercial,Detailed Project Description Not Available,10742,6
2026,Vermont,Rutland,At-Large,Multifamily Housing,Rental Assistance (MFH),Zip Code Withheld,Not Persistent Poverty Community,Name Withheld,ADELE-STANLEY APTS,Grant Funds,City Name Withheld,Not Applicable,RENEWAL / REPLACEMENT -FAMILY,Real Estate and Rental and Leasing,50021,NA,Not Available,Residential,Detailed Project Description Not Available,216796,1
2026,Vermont,Rutland,At-Large,Multifamily Housing,Rental Assistance (MFH),Zip Code Withheld,Not Persistent Poverty Community,Name Withheld,HOPKINS ST FAM HSNG HOUSING TRUST OF RUTLAND COUNTY,Grant Funds,City Name Withheld,Not Applicable,RENEWAL / REPLACEMENT -FAMILY,Real Estate and Rental and Leasing,50021,NA,Not Available,Residential,Detailed Project Description Not Available,118377,1
2026,Vermont,Rutland,At-Large,Multifamily Housing,Rental Assistance (MFH),Zip Code Withheld,Not Persistent Poverty Community,Name Withheld,KAZON BUILDING C/O HOUSING TRUST OF RUTLAND COUNTY,Grant Funds,City Name Withheld,Not Applicable,RENEWAL / REPLACEMENT -FAMILY,Real Estate and Rental and Leasing,50021,NA,Not Available,Residential,Detailed Project Description Not Available,13589,1
2026,Vermont,Rutland,At-Large,Multifamily Housing,Rental Assistance (MFH),Zip Code Withheld,Not Persistent Poverty Community,Name Withheld,SCHOOL ST FAMILY C/O HOUSING TRUST OF RUTLAND COUNTY,Grant Funds,City Name Withheld,Not Applicable,RENEWAL / REPLACEMENT -FAMILY,Real Estate and Rental and Leasing,50021,NA,Not Available,Residential,Detailed Project Description Not Available,127778,1
2026,Vermont,Rutland,At-Large,Multifamily Housing,Rental Assistance (MFH),Zip Code Withheld,Not Persistent Poverty Community,Name Withheld,UNION & BARLOWFAM HSG C/O HSG TRST OF RUTLAND COUNTY,Grant Funds,City Name Withheld,Not Applicable,RENEWAL / REPLACEMENT -FAMILY,Real Estate and Rental and Leasing,50021,NA,Not Available,Residential,Detailed Project Description Not Available,137435,1
2026,Vermont,Rutland,At-Large,Single Family Housing,Guaranteed Loan (SFH),Zip Code Withheld,Not Persistent Poverty Community,Name Withheld,NOT AVAILABLE,Loan Funds - Guaranteed,City Name Withheld,NEIGHBORS BANK,SEC 502 GUARANTEED SINGLE FAMILY HOUSING PURCHASE LOAN WITH ANNUAL FEES,Real Estate and Rental and Leasing,50021,NA,Not Available,Residential,Detailed Project Description Not Available,265050,1
2026,Vermont,Rutland,At-Large,Single Family Housing,Repair Grant (SFH),Zip Code Withheld,Not Persistent Poverty Community,Name Withheld,NOT AVAILABLE,Grant Funds,City Name Withheld,Not Applicable,504 GRANT,Real Estate and Rental and Leasing,50021,NA,Not Available,Residential,Detailed Project Description Not Available,9748,2
2026,Vermont,Rutland,At-Large,Water and Environmental,Direct Loan and Grant (WEP),05764,Not Persistent Poverty Community,"Poultney, Village of",Wastewater Treatment Facility Improvement Project,Grant Funds,Poultney,Not Applicable,(COMB LOAN & GRANT) WASTE DISPOSAL ONLY,Utilities,50021,NA,Not Available,Commercial,"This Rural Development (RD) investment will be used to make improvements to the wastewater treatment facility in the Village of Poultney, which is located in Rutland County, Vermont. The facility improvements include wastewater treatment facility upgrades and sewer interceptor rehabilitation. The total project costs are $5,998,900, with $900 in applicant contribution, $4,962,000 in Rural Development direct loan funds and $1,036,000 in Rural Development grant funds. No other funding sources have been identified for this project.",1036000,1
2026,Vermont,Rutland,At-Large,Water and Environmental,Direct Loan and Grant (WEP),05764,Not Persistent Poverty Community,"Poultney, Village of",Wastewater Treatment Facility Improvement Project,Loan Funds - Direct,Poultney,Not Applicable,(COMB LOAN & GRANT) WASTE DISPOSAL ONLY,Utilities,50021,NA,Not Available,Commercial,"This Rural Development (RD) investment will be used to make improvements to the wastewater treatment facility in the Village of Poultney, which is located in Rutland County, Vermont. The facility improvements include wastewater treatment facility upgrades and sewer interceptor rehabilitation. The total project costs are $5,998,900, with $900 in applicant contribution, $4,962,000 in Rural Development direct loan funds and $1,036,000 in Rural Development grant funds. No other funding sources have been identified for this project.",4962000,1
2026,Vermont,Washington,At-Large,Business Programs,Rural Business Development Grant (RBDG),05602,Not Persistent Poverty Community,VT HOUSING & CONSERVATION BOARD,"FY25 $99,942 TECHNICAL ASSIST",Grant Funds,Montpelier,Not Applicable,RBCS ENTERPRISE GRANTS,Public Administration,50023,926110,ADMINISTRATION OF GENERAL ECONOMIC PROGRAMS,Commercial,"This Rural Development investment will be used to provide tailored, one-on-one business coaching and technical assistance to working lands businesses in the Northeast Kingdom of Vermont, a designated Rural Area Economic Partnership (REAP) zone comprised of Orleans, Essex and Caledonia Counties. The Vermont Housing & Conservation Board (VHCB) works to ensure affordable housing, farmland, jobs, and recreational assets for present and future generations. Small businesses focused on working lands may lack the required marketing, administrative and planning capacity to establish and sustain the operation, so the VHCBs consultation and guidance is essential for promoting long-term success.",99942,1
2026,Vermont,Washington,At-Large,Multifamily Housing,Rental Assistance (MFH),Zip Code Withheld,Not Persistent Poverty Community,Name Withheld,58 BARRE ST HSG,Grant Funds,City Name Withheld,Not Applicable,RENEWAL  / REPLACEMENT - ELDERLY,Real Estate and Rental and Leasing,50023,NA,Not Available,Residential,Detailed Project Description Not Available,62898,1
2026,Vermont,Washington,At-Large,Multifamily Housing,Rental Assistance (MFH),Zip Code Withheld,Not Persistent Poverty Community,Name Withheld,FAIRGROUND APTS HOUSING FOUNDATION,Grant Funds,City Name Withheld,Not Applicable,RENEWAL  / REPLACEMENT - ELDERLY,Real Estate and Rental and Leasing,50023,NA,Not Available,Residential,Detailed Project Description Not Available,107806,1
2026,Vermont,Washington,At-Large,Multifamily Housing,Rental Assistance (MFH),Zip Code Withheld,Not Persistent Poverty Community,Name Withheld,PROSPECT PLACE MONTPELIER HOUSING AUTHORITY,Grant Funds,City Name Withheld,Not Applicable,RENEWAL  / REPLACEMENT - ELDERLY,Real Estate and Rental and Leasing,50023,NA,Not Available,Residential,Detailed Project Description Not Available,146677,1
2026,Vermont,Washington,At-Large,Single Family Housing,Repair Grant (SFH),Zip Code Withheld,Not Persistent Poverty Community,Name Withheld,NOT AVAILABLE,Grant Funds,City Name Withheld,Not Applicable,504 COMBINATION LOAN & GRANT,Real Estate and Rental and Leasing,50023,NA,Not Available,Residential,Detailed Project Description Not Available,10000,1
2026,Vermont,Washington,At-Large,Single Family Housing,Repair Loan (SFH),Zip Code Withheld,Not Persistent Poverty Community,Name Withheld,NOT AVAILABLE,Loan Funds - Direct,City Name Withheld,Not Applicable,504 COMBINATION LOAN & GRANT,Real Estate and Rental and Leasing,50023,NA,Not Available,Residential,Detailed Project Description Not Available,9500,1
2026,Vermont,Windham,At-Large,Business Programs,Advanced Biofuel Payment Program,05159,Not Persistent Poverty Community,WESTMINSTER ENERGY GROUP LLC,NOT AVAILABLE,Grant Funds,Westminster Station,Not Applicable,GRANT FOR PROD OF ADV BIOFUEL,Other or Not Defined,50025,NA,Not Available,Commercial,Detailed Project Description Not Available,139,6
2026,Vermont,Windham,At-Large,Multifamily Housing,Rental Assistance (MFH),Zip Code Withheld,Not Persistent Poverty Community,Name Withheld,BELLOWS FALLS FAMILY HOUSING,Grant Funds,City Name Withheld,Not Applicable,RENEWAL / REPLACEMENT -FAMILY,Real Estate and Rental and Leasing,50025,NA,Not Available,Residential,Detailed Project Description Not Available,39110,1
2026,Vermont,Windham,At-Large,Multifamily Housing,Rental Assistance (MFH),Zip Code Withheld,Not Persistent Poverty Community,Name Withheld,GREEN MOUNTAIN APTS,Grant Funds,City Name Withheld,Not Applicable,RENEWAL / REPLACEMENT -FAMILY,Real Estate and Rental and Leasing,50025,NA,Not Available,Residential,Detailed Project Description Not Available,594221,1
2026,Vermont,Windham,At-Large,Multifamily Housing,Rental Assistance (MFH),Zip Code Withheld,Not Persistent Poverty Community,Name Withheld,PUTNEY MEADOWS APTS REALTY RESOURCE,Grant Funds,City Name Withheld,Not Applicable,RENEWAL  / REPLACEMENT - ELDERLY,Real Estate and Rental and Leasing,50025,NA,Not Available,Residential,Detailed Project Description Not Available,260027,1
2026,Vermont,Windham,At-Large,Multifamily Housing,Rental Assistance (MFH),Zip Code Withheld,Not Persistent Poverty Community,Name Withheld,VERNON BIRCHES VERNON ADVENT CHRISTIAN HOME INC,Grant Funds,City Name Withheld,Not Applicable,RENEWAL  / REPLACEMENT - ELDERLY,Real Estate and Rental and Leasing,50025,NA,Not Available,Residential,Detailed Project Description Not Available,78579,1
2026,Vermont,Windham,At-Large,Single Family Housing,Guaranteed Loan (SFH),Zip Code Withheld,Not Persistent Poverty Community,Name Withheld,NOT AVAILABLE,Loan Funds - Guaranteed,City Name Withheld,"CMG MORTGAGE, INC",SEC 502 GUARANTEED SINGLE FAMILY HOUSING PURCHASE LOAN WITH ANNUAL FEES,Real Estate and Rental and Leasing,50025,NA,Not Available,Residential,Detailed Project Description Not Available,424242,1
2026,Vermont,Windsor,At-Large,Community Facilities,Grant (CF),05068,Not Persistent Poverty Community,ROYALTON FIRE DISTRICT NO 1,FY 24 CDS SOUTH ROYALTON RESCU,Grant Funds,South Royalton,Not Applicable,CPF/CDS - CF,Health Care and Social Assistance,50027,62191,AMBULANCE SERVICES,Commercial,"This Rural Development investment will be used for new construction of the South Royalton rescue squad's crew quarters and ambulance garage. The proposed building with be approximately 3,400 square feet including offices, bedrooms, bathrooms and a common area. South Royalton Rescue Squad serves around 4850 residents in the towns of Royalton, Sharon and Tunbridge, Vermont. Project funding was secured through Congressionally Directed Spending via Senator Sander's Office.",648887,1
2026,Vermont,Windsor,At-Large,Multifamily Housing,Rental Assistance (MFH),Zip Code Withheld,Not Persistent Poverty Community,Name Withheld,BLACK RIVER OVERLOOK C/O STEWART PROP MG,Grant Funds,City Name Withheld,Not Applicable,RENEWAL / REPLACEMENT -FAMILY,Real Estate and Rental and Leasing,50027,NA,Not Available,Residential,Detailed Project Description Not Available,13933,1
2026,Vermont,Windsor,At-Large,Multifamily Housing,Rental Assistance (MFH),Zip Code Withheld,Not Persistent Poverty Community,Name Withheld,HOLLOW DRIVE FAMILY C/O VSHA,Grant Funds,City Name Withheld,Not Applicable,RENEWAL / REPLACEMENT -FAMILY,Real Estate and Rental and Leasing,50027,NA,Not Available,Residential,Detailed Project Description Not Available,275352,1
2026,Vermont,Windsor,At-Large,Multifamily Housing,Rental Assistance (MFH),Zip Code Withheld,Not Persistent Poverty Community,Name Withheld,PLEASANTBROOK APTS,Grant Funds,City Name Withheld,Not Applicable,RENEWAL / REPLACEMENT -FAMILY,Real Estate and Rental and Leasing,50027,NA,Not Available,Residential,Detailed Project Description Not Available,321888,1
2026,Vermont,Windsor,At-Large,Multifamily Housing,Rental Assistance (MFH),Zip Code Withheld,Not Persistent Poverty Community,Name Withheld,WALL STREET APTS C/O HOUSING VERMONT,Grant Funds,City Name Withheld,Not Applicable,RENEWAL / REPLACEMENT -FAMILY,Real Estate and Rental and Leasing,50027,NA,Not Available,Residential,Detailed Project Description Not Available,133887,1
2026,Vermont,Windsor,At-Large,Single Family Housing,Direct Loan (SFH),Zip Code Withheld,Not Persistent Poverty Community,Name Withheld,NOT AVAILABLE,Loan Funds - Direct,City Name Withheld,Not Applicable,502 LOAN - GENERAL INTEREST SUBSIDY VERY LOW INCOME,Real Estate and Rental and Leasing,50027,NA,Not Available,Residential,Detailed Project Description Not Available,225500,1
2025,Vermont,Addison,At-Large,Business Programs,Value Added Producer Grant (VAPG),05491,Not Persistent Poverty Community,AGRICOLA MEATS,"FY25 VAPG $202,738 WC",Grant Funds,Panton,Not Applicable,LAMP VALUE ADDED PRODUCER GRANT MANDATORY,"Agriculture, Forestry, Fishing and Hunting",50001,112210,HOG AND PIG FARMING,Commercial,"This Rural Development investment will be used for production and marketing costs related to adding a line of cured pork (prosciutto, coppa, pancetta and lonzino). Agricola Meats is well-known for their salame, and are excited to increase their offerings. As a result of this expansion, Agricola will need to hire and train two new employees.",202738,1
2025,Vermont,Addison,At-Large,Business Programs,Value Added Producer Grant (VAPG),05760,Not Persistent Poverty Community,"STONEWOOD FARM, INC.","FY25 VAPG $197,102 W/C",Grant Funds,Orwell,Not Applicable,LAMP VALUE ADDED PRODUCER GRANT MANDATORY,"Agriculture, Forestry, Fishing and Hunting",50001,112330,TURKEY PRODUCTION,Commercial,"This Rural Development investment will be used to provide working capital to increase production and support market expansion for value added turkey products. Grant funds will be used for processing expenses including labor, supplies, utilities and processing facility rent as well as marketing and administrative expenses. An estimated two jobs will be created.",197102,1
2025,Vermont,Addison,At-Large,Multifamily Housing,Rental Assistance (MFH),Zip Code Withheld,Not Persistent Poverty Community,Name Withheld,BRIARWOOD APTS,Grant Funds,City Name Withheld,Not Applicable,RENEWAL / REPLACEMENT -FAMILY,Real Estate and Rental and Leasing,50001,NA,Not Available,Residential,Detailed Project Description Not Available,440908,1
2025,Vermont,Addison,At-Large,Multifamily Housing,Rental Assistance (MFH),Zip Code Withheld,Not Persistent Poverty Community,Name Withheld,CREEKVIEW HOUSING,Grant Funds,City Name Withheld,Not Applicable,RENEWAL / REPLACEMENT -FAMILY,Real Estate and Rental and Leasing,50001,NA,Not Available,Residential,Detailed Project Description Not Available,225713,1
2025,Vermont,Addison,At-Large,Multifamily Housing,Rental Assistance (MFH),Zip Code Withheld,Not Persistent Poverty Community,Name Withheld,MIDDLEBURY COMMONS VSHA,Grant Funds,City Name Withheld,Not Applicable,RENEWAL  / REPLACEMENT - ELDERLY,Real Estate and Rental and Leasing,50001,NA,Not Available,Residential,Detailed Project Description Not Available,273786,1
2025,Vermont,Addison,At-Large,Multifamily Housing,Rental Assistance (MFH),Zip Code Withheld,Not Persistent Poverty Community,Name Withheld,SMALLEST CITY HSG C/O ADDISON COUNTY COMMUNITY TRUST,Grant Funds,City Name Withheld,Not Applicable,RENEWAL / REPLACEMENT -FAMILY,Real Estate and Rental and Leasing,50001,NA,Not Available,Residential,Detailed Project Description Not Available,196465,1
2025,Vermont,Addison,At-Large,Multifamily Housing,Rental Assistance (MFH),Zip Code Withheld,Not Persistent Poverty Community,Name Withheld,VALLEY VIEW II,Grant Funds,City Name Withheld,Not Applicable,RENEWAL  / REPLACEMENT - ELDERLY,Real Estate and Rental and Leasing,50001,NA,Not Available,Residential,Detailed Project Description Not Available,82128,1
2025,Vermont,Addison,At-Large,Single Family Housing,Repair Grant (SFH),Zip Code Withheld,Not Persistent Poverty Community,Name Withheld,NOT AVAILABLE,Grant Funds,City Name Withheld,Not Applicable,504 COMBINATION LOAN & GRANT,Real Estate and Rental and Leasing,50001,NA,Not Available,Residential,Detailed Project Description Not Available,20000,2
2025,Vermont,Addison,At-Large,Single Family Housing,Repair Grant (SFH),Zip Code Withheld,Not Persistent Poverty Community,Name Withheld,NOT AVAILABLE,Grant Funds,City Name Withheld,Not Applicable,504 GRANT,Real Estate and Rental and Leasing,50001,NA,Not Available,Residential,Detailed Project Description Not Available,10000,2
2025,Vermont,Addison,At-Large,Single Family Housing,Repair Loan (SFH),Zip Code Withheld,Not Persistent Poverty Community,Name Withheld,NOT AVAILABLE,Loan Funds - Direct,City Name Withheld,Not Applicable,504 COMBINATION LOAN & GRANT,Real Estate and Rental and Leasing,50001,NA,Not Available,Residential,Detailed Project Description Not Available,16800,2
2025,Vermont,Bennington,At-Large,Multifamily Housing,Rental Assistance (MFH),Zip Code Withheld,Not Persistent Poverty Community,Name Withheld,BENNINGTON HOUSE,Grant Funds,City Name Withheld,Not Applicable,RENEWAL / REPLACEMENT -FAMILY,Real Estate and Rental and Leasing,50003,NA,Not Available,Residential,Detailed Project Description Not Available,105579,1
2025,Vermont,Bennington,At-Large,Multifamily Housing,Rental Assistance (MFH),Zip Code Withheld,Not Persistent Poverty Community,Name Withheld,HAINES MANOR EAST,Grant Funds,City Name Withheld,Not Applicable,RENEWAL / REPLACEMENT -FAMILY,Real Estate and Rental and Leasing,50003,NA,Not Available,Residential,Detailed Project Description Not Available,138185,1
2025,Vermont,Bennington,At-Large,Multifamily Housing,Rental Assistance (MFH),Zip Code Withheld,Not Persistent Poverty Community,Name Withheld,SILVER STREET APTS,Grant Funds,City Name Withheld,Not Applicable,RENEWAL / REPLACEMENT -FAMILY,Real Estate and Rental and Leasing,50003,NA,Not Available,Residential,Detailed Project Description Not Available,125218,1
2025,Vermont,Bennington,At-Large,Single Family Housing,Guaranteed Loan (SFH),Zip Code Withheld,Not Persistent Poverty Community,Name Withheld,NOT AVAILABLE,Loan Funds - Guaranteed,City Name Withheld,BANK OF BENNINGTON,SEC 502 GUARANTEED SINGLE FAMILY HOUSING PURCHASE LOAN WITH ANNUAL FEES,Real Estate and Rental and Leasing,50003,NA,Not Available,Residential,Detailed Project Description Not Available,186850,1
2025,Vermont,Bennington,At-Large,Single Family Housing,Guaranteed Loan (SFH),Zip Code Withheld,Not Persistent Poverty Community,Name Withheld,NOT AVAILABLE,Loan Funds - Guaranteed,City Name Withheld,"HOMEBRIDGE FINANCIAL SERVICES, INC.",SEC 502 GUARANTEED SINGLE FAMILY HOUSING PURCHASE LOAN WITH ANNUAL FEES,Real Estate and Rental and Leasing,50003,NA,Not Available,Residential,Detailed Project Description Not Available,241414,1
2025,Vermont,Bennington,At-Large,Single Family Housing,Guaranteed Loan (SFH),Zip Code Withheld,Not Persistent Poverty Community,Name Withheld,NOT AVAILABLE,Loan Funds - Guaranteed,City Name Withheld,NEIGHBORS BANK,SEC 502 GUARANTEED SINGLE FAMILY HOUSING PURCHASE LOAN WITH ANNUAL FEES,Real Estate and Rental and Leasing,50003,NA,Not Available,Residential,Detailed Project Description Not Available,203080,1
2025,Vermont,Caledonia,At-Large,Community Facilities,Grant (CF),05819,Not Persistent Poverty Community,CATAMOUNT FILM AND ARTS COMPANY,FY 22 CDS CATAMOUNT FILM AND A,Grant Funds,St Johnsbury,Not Applicable,FY22 CONGRESSIONALLY DIRECTED SPENDING,Other or Not Defined,50005,9999,OTHER,Commercial,"This Rural Development investment will be used to replace degraded rubber roof membrane and flashing, and install rigid foam over the entire roof area for the Catamount Film & Arts Company in St. Johnsbury, Vermont. The roof is approximately 4,600 square feet. The new foam insulation will be installed after the rubber membrane is removed, and in advance of the replacement rubber membrane and flashing system being installed. A consultant's report indicates insulation improvements to the roof system would result in an annual energy savings of 12 percent and a carbon dioxide emissions reduction of 4.7 tons per year for the building. This project was made possible through congressionally directed spending.",109000,1
2025,Vermont,Caledonia,At-Large,Community Facilities,Grant (CF),05819,Not Persistent Poverty Community,NORTHEAST KINGDOM COMMUNITY ACTION,FY24 CDS FAMILY WELLNESS AND E,Grant Funds,St Johnsbury,Not Applicable,CPF/CDS - CF,Health Care and Social Assistance,50005,624190,OTHER INDIVIDUAL AND FAMILY SERVICES,Commercial,"Rural Development funds will be used for the purchase and rehab 1197 Main Street, St Johnsbury VT. FY24 Congressionally Designated Spending Grant thru Representative Balint's Office.",1116279,1
2025,Vermont,Caledonia,At-Large,Multifamily Housing,Rental Assistance (MFH),Zip Code Withheld,Not Persistent Poverty Community,Name Withheld,DARLING INN,Grant Funds,City Name Withheld,Not Applicable,RENEWAL  / REPLACEMENT - ELDERLY,Real Estate and Rental and Leasing,50005,NA,Not Available,Residential,Detailed Project Description Not Available,8232,1
2025,Vermont,Caledonia,At-Large,Multifamily Housing,Rental Assistance (MFH),Zip Code Withheld,Not Persistent Poverty Community,Name Withheld,EVERGREEN MANOR,Grant Funds,City Name Withheld,Not Applicable,RENEWAL / REPLACEMENT -FAMILY,Real Estate and Rental and Leasing,50005,NA,Not Available,Residential,Detailed Project Description Not Available,49080,1
2025,Vermont,Caledonia,At-Large,Single Family Housing,Direct Grant (SFH),Zip Code Withheld,Not Persistent Poverty Community,Name Withheld,NOT AVAILABLE,Grant Funds,City Name Withheld,Not Applicable,533 GRANT HOUSING PRESERVATION INDIVIDUAL,Real Estate and Rental and Leasing,50005,NA,Not Available,Residential,"This Rural Development Investment will allow Gilman Housing Trust, Inc. dba Rural Edge, to assist ten single-family, owner-occupied homeowners at very low-income levels. Funds will improve their properties by removing hazards, modernizing energy efficiency to drive down costs, and implementing crucial repairs to systems and infrastructure. Projects will be targeted to homeowners at or below 50 percent of the area median income (AMI), with the majority at 30 percent AMI. The maximum combined assistance for eligible homeowners will be approximately $20,000 per project.",72500,1
2025,Vermont,Caledonia,At-Large,Single Family Housing,Repair Grant (SFH),Zip Code Withheld,Not Persistent Poverty Community,Name Withheld,NOT AVAILABLE,Grant Funds,City Name Withheld,Not Applicable,504 COMBINATION LOAN & GRANT,Real Estate and Rental and Leasing,50005,NA,Not Available,Residential,Detailed Project Description Not Available,20000,2
2025,Vermont,Caledonia,At-Large,Single Family Housing,Repair Grant (SFH),Zip Code Withheld,Not Persistent Poverty Community,Name Withheld,NOT AVAILABLE,Grant Funds,City Name Withheld,Not Applicable,504 GRANT,Real Estate and Rental and Leasing,50005,NA,Not Available,Residential,Detailed Project Description Not Available,2500,1
2025,Vermont,Caledonia,At-Large,Single Family Housing,Repair Loan (SFH),Zip Code Withheld,Not Persistent Poverty Community,Name Withheld,NOT AVAILABLE,Loan Funds - Direct,City Name Withheld,Not Applicable,504 COMBINATION LOAN & GRANT,Real Estate and Rental and Leasing,50005,NA,Not Available,Residential,Detailed Project Description Not Available,19450,2
2025,Vermont,Chittenden,At-Large,Business Programs,Business and Industry Loan Guarantees (B&I) (BP),05403,Not Persistent Poverty Community,MH HARBORVIEW HOLDINGS LLC,FY25 $12.2MM B&I GUARANTEE 3%,Loan Funds - Guaranteed,South Burlington,"READYCAP COMMERCIAL, LLC",GUARANTEED B&I 3% FEE LOAN,Health Care and Social Assistance,50007,623312,ASSISTED LIVING FACILITIES FOR THE ELDERLY,Commercial,"This Rural Development investment will be used to provide an 80 percent loan guaranty on a $12,215,000 loan. ReadyCap Commercial, LLC will make a loan to refinance and make capital improvements to three assisted/independent living facilities in northwestern Vermont. Homestead Senior Living in St. Albans, and Harbor Village Senior Communities in South Burlington (comprised of two facilities) offer 183 units between them. The properties are managed and operated by Meridian Senior Living, and employ about 70 people between them.",12215000,1
2025,Vermont,Chittenden,At-Large,Business Programs,Rural Energy for America Program (REAP),05401,Not Persistent Poverty Community,RHINO FOODS INC,FY24 RES 549 KW SOLAR ARRAY,Grant Funds,Burlington,Not Applicable,REAP IRA RES GRANT UNRESTRICTED (FY 22/23),Manufacturing,50007,311412,FROZEN SPECIALTY FOOD MANUFACTURING,Commercial,"This Rural Development investment will replace 35 percent of the energy that Rhino Foods Inc. consumes each year by installing solar panels on the roof of its facility. Rhino Foods is located in Boscawen, New Hampshire and was founded in 1981. The solar array will produce roughly 600,000 kWh per year, saving the company an estimated $56,000.",581005,1
2025,Vermont,Chittenden,At-Large,Business Programs,Rural Energy for America Program (REAP),05403,Not Persistent Poverty Community,AYUSHI VT LLC,FY24 RES 642.9 KW SOLAR ARRAY,Grant Funds,South Burlington,Not Applicable,REAP IRA RES GRANT UNRESTRICTED (FY 22/23),Accommodation and Food Services,50007,721110,HOTELS (EXCEPT CASINO HOTELS) AND MOTELS,Commercial,"This Rural Development investment will be used to install a roof and carport-mounted solar array at Delta Hotels Burlington, owned by Ayushi VT LLC. The 642.5kW system will provide approximately 58 percent of the South Burlington hotels current electrical needs. The energy generated from the new system will be enough to power the equivalent of 70 average homes.",828665,1
2025,Vermont,Chittenden,At-Large,Business Programs,Rural Energy for America Program (REAP),05495,Not Persistent Poverty Community,434 HURRICANE LANE,FY24 RES 40.7 KW SOLAR ARRAY,Grant Funds,Williston,Not Applicable,REAP IRA RES GRANT UNRESTRICTED (FY 22/23),Real Estate and Rental and Leasing,50007,531120,LESSORS OF NONRESIDENTIAL BUILDINGS (EXCEPT MINIWAREHOUSES),Commercial,"This Rural Development investment will be used to install a carport-mounted solar array at Freedom Pharmacy in Williston, Vermont, a small, family-owned business striving to become net zero. The 45.7 kilowatt (kW) system will provide approximately 120 percent of the location's current electrical needs, enabling the pharmacy to achieve its goal by offsetting all of historical power needs and creating income to reinvest in more energy-saving initiatives.",81264,1
2025,Vermont,Chittenden,At-Large,Multifamily Housing,Rental Assistance (MFH),Zip Code Withheld,Not Persistent Poverty Community,Name Withheld,MEADOWLANE APTS,Grant Funds,City Name Withheld,Not Applicable,RENEWAL  / REPLACEMENT - ELDERLY,Real Estate and Rental and Leasing,50007,NA,Not Available,Residential,Detailed Project Description Not Available,150948,1
2025,Vermont,Chittenden,At-Large,Multifamily Housing,Rental Assistance (MFH),Zip Code Withheld,Not Persistent Poverty Community,Name Withheld,WRIGHT HOUSE HARRINGTON VILLAGE,Grant Funds,City Name Withheld,Not Applicable,RENEWAL  / REPLACEMENT - ELDERLY,Real Estate and Rental and Leasing,50007,NA,Not Available,Residential,Detailed Project Description Not Available,378212,1
2025,Vermont,Chittenden,At-Large,Single Family Housing,Direct Loan (SFH),Zip Code Withheld,Not Persistent Poverty Community,Name Withheld,NOT AVAILABLE,Loan Funds - Direct,City Name Withheld,Not Applicable,502 LOAN - GENERAL INTEREST SUBSIDY LOW & OTHER INCOME,Real Estate and Rental and Leasing,50007,NA,Not Available,Residential,Detailed Project Description Not Available,260000,1
2025,Vermont,Chittenden,At-Large,Single Family Housing,Guaranteed Loan (SFH),Zip Code Withheld,Not Persistent Poverty Community,Name Withheld,NOT AVAILABLE,Loan Funds - Guaranteed,City Name Withheld,"NORTHEAST HOME LOAN, LLC",SEC 502 GUARANTEED SINGLE FAMILY HOUSING PURCHASE LOAN WITH ANNUAL FEES,Real Estate and Rental and Leasing,50007,NA,Not Available,Residential,Detailed Project Description Not Available,378787,1
2025,Vermont,Essex,At-Large,Community Facilities,Grant (CF),05906,Not Persistent Poverty Community,LUNENBURG TOWN OF,FY25 EXCAVATOR PURCHASE GRANT,Grant Funds,Lunenburg,Not Applicable,COMMUNITY FACILITY GRANTS - EZ/EC,Construction,50009,23413,STREET MAINTENANCE EQUIPMENT,Commercial,"USDA Rural Development funds will be used to purchase an excavator with similar features to a 2019 Case CX145D MSR. This is a 102 horsepower, 2 speed machine with a 21' bucket. It features rubber tracks, auxiliary hydraulics, 1-piece boom, LED lights, air conditioning, heat, etc. It would have a swing speed of approximately 10 rpms and a maximum digging depth of about 13 feet. It would have almost a 20-foot reach along the ground. All these specifications would provide a machine that would adequately handle the ditching needs for the Town of Lunenburg.",51700,1
2025,Vermont,Essex,At-Large,Single Family Housing,Guaranteed Loan (SFH),Zip Code Withheld,Not Persistent Poverty Community,Name Withheld,NOT AVAILABLE,Loan Funds - Guaranteed,City Name Withheld,NEIGHBORS BANK,SEC 502 GUARANTEED SINGLE FAMILY HOUSING PURCHASE LOAN WITH ANNUAL FEES,Real Estate and Rental and Leasing,50009,NA,Not Available,Residential,Detailed Project Description Not Available,271717,1
2025,Vermont,Essex,At-Large,Single Family Housing,Guaranteed Loan (SFH),Zip Code Withheld,Not Persistent Poverty Community,Name Withheld,NOT AVAILABLE,Loan Funds - Guaranteed,City Name Withheld,UNION BANK,SEC 502 GUARANTEED SINGLE FAMILY HOUSING PURCHASE LOAN WITH ANNUAL FEES,Real Estate and Rental and Leasing,50009,NA,Not Available,Residential,Detailed Project Description Not Available,145454,1
2025,Vermont,Essex,At-Large,Single Family Housing,Repair Loan (SFH),Zip Code Withheld,Not Persistent Poverty Community,Name Withheld,NOT AVAILABLE,Loan Funds - Direct,City Name Withheld,Not Applicable,504 LOAN,Real Estate and Rental and Leasing,50009,NA,Not Available,Residential,Detailed Project Description Not Available,14900,1
2025,Vermont,Franklin,At-Large,Business Programs,Advanced Biofuel Payment Program,05450,Not Persistent Poverty Community,KANE'S COW POWER LLC,NOT AVAILABLE,Grant Funds,Enosburg Falls,Not Applicable,GRANT FOR PROD OF ADV BIOFUEL,Other or Not Defined,50011,NA,Not Available,Commercial,Detailed Project Description Not Available,50,1
2025,Vermont,Franklin,At-Large,Business Programs,Value Added Producer Grant (VAPG),05444,Not Persistent Poverty Community,BOYDEN VALLEY WINERY LLC,"FY25 VAPG $49,999 W/C",Grant Funds,Cambridge,Not Applicable,LAMP VALUE ADDED PRODUCER GRANT MANDATORY,Manufacturing,50011,312130,WINERIES,Commercial,"This Rural Development investment will assist with executing a marketing campaign for a new value-added product. Bourbon made from grains grown on the applicant's farm will be introduced once it has finished aging, complementing the company's already successful line of wines. A 22% increase in revenue is projected, and up to two jobs will be created.",49999,1
2025,Vermont,Franklin,At-Large,Business Programs,Value Added Producer Grant (VAPG),05454,Not Persistent Poverty Community,RUNAMOK MAPLE LLC,"FY25 VAPG $250,000 W/C",Grant Funds,Fairfax,Not Applicable,VALUE-ADDED PRODUCER DVLP GRANTS-DISCR,Manufacturing,50011,311999,ALL OTHER MISCELLANEOUS FOOD MANUFACTURING,Commercial,"This Rural Development investment will support the production and marketing of three new products: Pumpkin Spice Infused Maple Syrup, Vanilla Bean Infused Maple Syrup, and a WhistlePig Rye Whiskey Barrel-aged Maple Syrup Gift Box. These new products will allow Runamok Maple to meet growing demand for their specialty maple products. An estimated three new jobs will be added as a result of this project.",250000,1
2025,Vermont,Franklin,At-Large,Multifamily Housing,Rental Assistance (MFH),Zip Code Withheld,Not Persistent Poverty Community,Name Withheld,FOURWINDS APTS,Grant Funds,City Name Withheld,Not Applicable,RENEWAL  / REPLACEMENT - ELDERLY,Real Estate and Rental and Leasing,50011,NA,Not Available,Residential,Detailed Project Description Not Available,429813,1
2025,Vermont,Franklin,At-Large,Multifamily Housing,Rental Assistance (MFH),Zip Code Withheld,Not Persistent Poverty Community,Name Withheld,HILLCREST VIEWS APTS,Grant Funds,City Name Withheld,Not Applicable,RENEWAL / REPLACEMENT -FAMILY,Real Estate and Rental and Leasing,50011,NA,Not Available,Residential,Detailed Project Description Not Available,391572,1
2025,Vermont,Franklin,At-Large,Multifamily Housing,Rental Assistance (MFH),Zip Code Withheld,Not Persistent Poverty Community,Name Withheld,PLEASANT STREET HOUSING LP,Grant Funds,City Name Withheld,Not Applicable,RENEWAL / REPLACEMENT -FAMILY,Real Estate and Rental and Leasing,50011,NA,Not Available,Residential,Detailed Project Description Not Available,214854,1
2025,Vermont,Franklin,At-Large,Multifamily Housing,Rental Assistance (MFH),Zip Code Withheld,Not Persistent Poverty Community,Name Withheld,SWANTON MEADOWS REALTY RESOURCE,Grant Funds,City Name Withheld,Not Applicable,RENEWAL / REPLACEMENT -FAMILY,Real Estate and Rental and Leasing,50011,NA,Not Available,Residential,Detailed Project Description Not Available,231984,1
2025,Vermont,Franklin,At-Large,Multifamily Housing,Rental Assistance (MFH),Zip Code Withheld,Not Persistent Poverty Community,Name Withheld,SWANTON SCHOOL SENIOR HOUSING,Grant Funds,City Name Withheld,Not Applicable,RENEWAL  / REPLACEMENT - ELDERLY,Real Estate and Rental and Leasing,50011,NA,Not Available,Residential,Detailed Project Description Not Available,287293,1
2025,Vermont,Franklin,At-Large,Single Family Housing,Direct Loan (SFH),Zip Code Withheld,Not Persistent Poverty Community,Name Withheld,NOT AVAILABLE,Loan Funds - Direct,City Name Withheld,Not Applicable,502 LOAN - GENERAL INTEREST SUBSIDY LOW & OTHER INCOME,Real Estate and Rental and Leasing,50011,NA,Not Available,Residential,Detailed Project Description Not Available,380000,1
2025,Vermont,Franklin,At-Large,Single Family Housing,Guaranteed Loan (SFH),Zip Code Withheld,Not Persistent Poverty Community,Name Withheld,NOT AVAILABLE,Loan Funds - Guaranteed,City Name Withheld,"ARK-LA-TEX FINANCIAL SERVICES, LLC DBA",SEC 502 GUARANTEED SINGLE FAMILY HOUSING PURCHASE LOAN WITH ANNUAL FEES,Real Estate and Rental and Leasing,50011,NA,Not Available,Residential,Detailed Project Description Not Available,330303,1
2025,Vermont,Franklin,At-Large,Single Family Housing,Guaranteed Loan (SFH),Zip Code Withheld,Not Persistent Poverty Community,Name Withheld,NOT AVAILABLE,Loan Funds - Guaranteed,City Name Withheld,GUILD MORTGAGE COMPANY LLC,SEC 502 GUARANTEED SINGLE FAMILY HOUSING PURCHASE LOAN WITH ANNUAL FEES,Real Estate and Rental and Leasing,50011,NA,Not Available,Residential,Detailed Project Description Not Available,392929,2
2025,Vermont,Franklin,At-Large,Single Family Housing,Guaranteed Loan (SFH),Zip Code Withheld,Not Persistent Poverty Community,Name Withheld,NOT AVAILABLE,Loan Funds - Guaranteed,City Name Withheld,"MOVEMENT MORTGAGE, LLC",SEC 502 GUARANTEED SINGLE FAMILY HOUSING PURCHASE LOAN WITH ANNUAL FEES,Real Estate and Rental and Leasing,50011,NA,Not Available,Residential,Detailed Project Description Not Available,811109,3
2025,Vermont,Franklin,At-Large,Single Family Housing,Guaranteed Loan (SFH),Zip Code Withheld,Not Persistent Poverty Community,Name Withheld,NOT AVAILABLE,Loan Funds - Guaranteed,City Name Withheld,PEOPLES TRUST COMPANY,SEC 502 GUARANTEED SINGLE FAMILY HOUSING PURCHASE LOAN WITH ANNUAL FEES,Real Estate and Rental and Leasing,50011,NA,Not Available,Residential,Detailed Project Description Not Available,544424,2
2025,Vermont,Grand Isle,At-Large,Business Programs,Rural Energy for America Program (REAP),05440,Not Persistent Poverty Community,"HENRY BROTHERS WOLFRIDGE DAIRY, LLC",FY24 EEI GRAIN DRYER,Grant Funds,Alburgh,Not Applicable,REAP IRA RES GRANT UNRESTRICTED (FY 25),"Agriculture, Forestry, Fishing and Hunting",50013,112120,DAIRY CATTLE AND MILK PRODUCTION,Commercial,"This Rural Development investment will be used to purchase and install an energy-efficient grain-roasting unit to support Henry Brothers Wolfridge Dairy LLC in Alburgh, Vermont. The new roaster will allow the farm to sustain its own grain-processing needs on site, saving 16,200 kwh, which equates to a business savings of $1,384 annually.",32425,1
2025,Vermont,Grand Isle,At-Large,Water and Environmental,Grant (WEP),05474,Not Persistent Poverty Community,"North Hero, Town of","North Hero New Elevated Water Storage Tank North Hero, VT  05474",Grant Funds,North Hero,Not Applicable,(GRANT ONLY) CPF/CDS - WATER ONLY,Utilities,50013,NA,Not Available,Commercial,"This Rural Development investment will be used to build an elevated water-storage tank for the community of North Hero, Vermont. The community has determined average daily demands of 146,000 gallons of water per day, and more in summer months, which exceeds the current availability. The tank and associated infrastructure will significantly improve reliability of service to the area, and includes 500 linear feet of PVC main, a booster pump station with back-up chlorination system, electrical monitoring and pressure reduction valves. The funding is via Congressionally Directed Spending (CDS), courtesy of Congresswoman Becca Balint, as part of $1.8 million in total project costs.",500000,1
2025,Vermont,Lamoille,At-Large,Business Programs,Rural Energy for America Program (REAP),05661,Not Persistent Poverty Community,HONEY DO LLC,FY24 EEI RO MAPLE,Grant Funds,Morristown,Not Applicable,REAP IRA EEI GRANT UNRESTRICTED (FY 22/23),"Agriculture, Forestry, Fishing and Hunting",50015,111998,ALL OTHER MISCELLANEOUS CROP FARMING,Commercial,"This Rural Development investment will be used to purchase and install a reverse osmosis machine for Honey Do LLC's sugaring operation in Morristown, Vermont. This project will allow the company to save costs on power and production. The reverse osmosis machine will produce 255,351 kilowatt hours (kwh), saving the company $14,800 every year.",39737,1
2025,Vermont,Lamoille,At-Large,Community Facilities,Grant (CF),05656,Not Persistent Poverty Community,"JOHNSON, VILLAGE OF",FY 24 CDS UTILITY MAINTENANCE,Grant Funds,Johnson,Not Applicable,CPF/CDS - CF,Other Services,50015,811310,COMMERCIAL AND INDUSTRIAL MACHINERY AND EQUIPMENT (EXCEPT AUTOMOTIVE AND ELECTRONIC) REPAIR AND MAINTENANCE,Commercial,"This Rural Development investment will be used to rebuild the existing maintenance and operations garage in the Village of Johnson. The project will use the existing foundation, slab floor and portions of the steel frame. Structural and architectural improvements will be made including a new building envelope, office and a mezzanine used for storage. New mechanical, electrical and plumbing systems will improve occupant health and safety as well as energy efficiency. Project funding was secured through Congressionally Directed Spending via Senator Welch's Office.",824000,1
2025,Vermont,Lamoille,At-Large,Multifamily Housing,Rental Assistance (MFH),Zip Code Withheld,Not Persistent Poverty Community,Name Withheld,COLONIAL MANOR,Grant Funds,City Name Withheld,Not Applicable,RENEWAL / REPLACEMENT -FAMILY,Real Estate and Rental and Leasing,50015,NA,Not Available,Residential,Detailed Project Description Not Available,257213,1
2025,Vermont,Lamoille,At-Large,Multifamily Housing,Rental Assistance (MFH),Zip Code Withheld,Not Persistent Poverty Community,Name Withheld,PORTLAND & MAIN HSG,Grant Funds,City Name Withheld,Not Applicable,RENEWAL / REPLACEMENT -FAMILY,Real Estate and Rental and Leasing,50015,NA,Not Available,Residential,Detailed Project Description Not Available,89126,1
2025,Vermont,Lamoille,At-Large,Multifamily Housing,Rental Assistance (MFH),Zip Code Withheld,Not Persistent Poverty Community,Name Withheld,ST JOHNS KNOLL REALTY RESOURCE,Grant Funds,City Name Withheld,Not Applicable,RENEWAL  / REPLACEMENT - ELDERLY,Real Estate and Rental and Leasing,50015,NA,Not Available,Residential,Detailed Project Description Not Available,286798,1
2025,Vermont,Not Available,Multiple/Unknown Districts,Electric Programs,Powering Affordable Clean Energy (PACE),NA,Not Persistent Poverty Community,Town of Stowe,VT0018-A,Loan Funds - Direct,NA,Not Applicable,RUS IRA PACE,Utilities,Not Available,NA,Not Available,Commercial,"This Rural Development investment will be used to finance the construction of distribution investment and new generation facilities. The new generation facilities consists of a micro-hydro generation unit and two rooftop solar units. The distribution facilities will consist of system upgrades to support and utilize the added generation capacity. The projects will have a combined total of 541,275 kilowatt hours (kWh) of renewable energy generation adding to the existing one-megawatt (MW) solar farm under the utilitys management. The net electrical output of the Projects will be delivered to and consumed by the customers of town of Stowe. The town of Stowe Electric Department is headquartered in Stowe, Vermont.",6089812,1
2025,Vermont,Not Available,Multiple/Unknown Districts,Telecommunications Programs,Distance Learning and Telemedicine (TELE),NA,Not Persistent Poverty Community,North Country Hospital Health Center Inc,VT0709-B,Grant Funds,NA,Not Applicable,TELEMEDICINE- GRANT,Utilities,Not Available,NA,Not Available,Commercial,"This Rural Development investment will be used to equip eight hub/end-user sites throughout Orleans and Caledonia counties in northeast Vermont with telemedicine carts and laptops. Medical professionals at North Country Hospital & Health Center Inc. in Orleans County will deliver radiology, psychiatry, neurology and pediatrics to eight locations benefitting 65,240 individuals.",998457,1
2025,Vermont,Orange,At-Large,Business Programs,Rural Energy for America Program (REAP),05039,Not Persistent Poverty Community,SWEET BEAR FARM,FY24 EEI VACUUM PUMP,Grant Funds,Corinth,Not Applicable,REAP IRA EEI GRANT $20K (FY 25),"Agriculture, Forestry, Fishing and Hunting",50017,111998,ALL OTHER MISCELLANEOUS CROP FARMING,Commercial,"This Rural Development investment will be used to purchase and install a variable frequency drive vacuum pump and electrical extractor system in the business's sugar house. Sweet Bear Farm is a small but diversified agricultural operation tucked in the hills of Corinth, Vermont. Kate Goyette and her partner raise and sell chicken and pork, produce maple syrup and sell eggs and firewood, among other things. Replacing the existing equipment will save the sugaring operation about 30 percent on the electric bills.",5136,1
2025,Vermont,Orange,At-Large,Community Facilities,Grant (CF),05079,Not Persistent Poverty Community,"VERSHIRE, TOWN OF",FY 24 CDS MUNICIPAL HIGHWAY GA,Grant Funds,Vershire,Not Applicable,CPF/CDS - CF,Other Services,50017,81293,PARKING LOTS AND GARAGES,Commercial,"This Rural Development investment will be used to help build a town garage for the town of Vershire, Vermont. This project is the result of congressionally directed spending courtesy of Senator Welch. The garage will provide space for storage and maintenance of vehicles used for road maintenance and repair, as well as related equipment and supplies. The site also has existing buildings consisting of a former residence and storage building. In the future, the town may use these buildings for office space and additional storage. Vershire is a small town with limited resources, and its former garage was past its useful life and not up to current energy codes. The new garage will be safer and more energy efficient, lowering overhead costs for the community.",750000,1
2025,Vermont,Orange,At-Large,Multifamily Housing,Rental Assistance (MFH),Zip Code Withheld,Not Persistent Poverty Community,Name Withheld,BRADFORD VILLAGE AP REALTY RESOURCE,Grant Funds,City Name Withheld,Not Applicable,RENEWAL / REPLACEMENT -FAMILY,Real Estate and Rental and Leasing,50017,NA,Not Available,Residential,Detailed Project Description Not Available,299517,1
2025,Vermont,Orange,At-Large,Multifamily Housing,Rental Assistance (MFH),Zip Code Withheld,Not Persistent Poverty Community,Name Withheld,"MONTEBELLO HILL APT AHEAD, INC 262 COTTAGE ST.",Grant Funds,City Name Withheld,Not Applicable,RENEWAL  / REPLACEMENT - ELDERLY,Real Estate and Rental and Leasing,50017,NA,Not Available,Residential,Detailed Project Description Not Available,132360,1
2025,Vermont,Orange,At-Large,Multifamily Housing,Rental Assistance (MFH),Zip Code Withheld,Not Persistent Poverty Community,Name Withheld,"SPEAR HOUSE AHEAD, INC 262 COTTAGE ST",Grant Funds,City Name Withheld,Not Applicable,RENEWAL  / REPLACEMENT - ELDERLY,Real Estate and Rental and Leasing,50017,NA,Not Available,Residential,Detailed Project Description Not Available,142414,1
2025,Vermont,Orange,At-Large,Single Family Housing,Guaranteed Loan (SFH),Zip Code Withheld,Not Persistent Poverty Community,Name Withheld,NOT AVAILABLE,Loan Funds - Guaranteed,City Name Withheld,EMM LOANS LLC,SEC 502 GUARANTEED SINGLE FAMILY HOUSING PURCHASE LOAN WITH ANNUAL FEES,Real Estate and Rental and Leasing,50017,NA,Not Available,Residential,Detailed Project Description Not Available,292828,1
2025,Vermont,Orange,At-Large,Single Family Housing,Repair Grant (SFH),Zip Code Withheld,Not Persistent Poverty Community,Name Withheld,NOT AVAILABLE,Grant Funds,City Name Withheld,Not Applicable,504 GRANT,Real Estate and Rental and Leasing,50017,NA,Not Available,Residential,Detailed Project Description Not Available,11420,2
2025,Vermont,Orleans,At-Large,Business Programs,Rural Energy for America Program (REAP),05859,Not Persistent Poverty Community,CHAPUT FAMILY FARMS,FY24 RES 224KW SOLAR W STORAGE,Grant Funds,North Troy,Not Applicable,REAP IRA UNRESTRICTED RES - (FY 24),"Agriculture, Forestry, Fishing and Hunting",50019,112120,DAIRY CATTLE AND MILK PRODUCTION,Commercial,"This Rural Development investment will be used install a 224.5 kilowatt (kW) solar array with battery backup for Chaput Family Farms, one of Vermont's larger dairy farms. A large amount of energy is used in their milking and milk processing operation, and the farm also generates demand charges due to the high use that occurs during the milking process. This project will offset about 27 percent of electricity use, and combined with the demand charges, the farm will save over $95,000 annually. This project will offset a portion of the farm's electrical use and will store renewable electricity to be used during high-demand periods, eliminating the demand charges.",875000,1
2025,Vermont,Orleans,At-Large,Business Programs,Rural Energy for America Program (REAP),05860,Not Persistent Poverty Community,"BUTTERFIELD HEMP CO, LLC",FY24 RES 20.16KW SOLAR ARRAY,Grant Funds,Brownington,Not Applicable,REAP IRA RES GRANT UNRESTRICTED (FY 25),"Agriculture, Forestry, Fishing and Hunting",50019,112111,BEEF CATTLE RANCHING AND FARMING,Commercial,"This Rural Development investment will be used to purchase and install a 20.1kW ground-mounted solar array for Butterfield Hemp Co., LLC (dba Butterfield Farm Stand) which features fresh eggs, Black Angus beef, maple syrup, honey, greenhouse-and field-grown vegetables, perennials, and floral bouquets. The electricity used for its operation will be offset over by over 90 percent saving about $4,000 annually.",32676,1
2025,Vermont,Orleans,At-Large,Multifamily Housing,Rental Assistance (MFH),Zip Code Withheld,Not Persistent Poverty Community,Name Withheld,BARTON CHAMBERS APARTMENTS,Grant Funds,City Name Withheld,Not Applicable,RENEWAL  / REPLACEMENT - ELDERLY,Real Estate and Rental and Leasing,50019,NA,Not Available,Residential,Detailed Project Description Not Available,342060,1
2025,Vermont,Orleans,At-Large,Multifamily Housing,Rental Assistance (MFH),Zip Code Withheld,Not Persistent Poverty Community,Name Withheld,GLOVER RIVERSIDE APARTMENTS,Grant Funds,City Name Withheld,Not Applicable,RENEWAL  / REPLACEMENT - ELDERLY,Real Estate and Rental and Leasing,50019,NA,Not Available,Residential,Detailed Project Description Not Available,138266,1
2025,Vermont,Orleans,At-Large,Multifamily Housing,Rental Assistance (MFH),Zip Code Withheld,Not Persistent Poverty Community,Name Withheld,JOHNS RIVER APTS,Grant Funds,City Name Withheld,Not Applicable,RENEWAL / REPLACEMENT -FAMILY,Real Estate and Rental and Leasing,50019,NA,Not Available,Residential,Detailed Project Description Not Available,89699,1
2025,Vermont,Orleans,At-Large,Multifamily Housing,Rental Assistance (MFH),Zip Code Withheld,Not Persistent Poverty Community,Name Withheld,LAKEBRIDGE,Grant Funds,City Name Withheld,Not Applicable,RENEWAL / REPLACEMENT -FAMILY,Real Estate and Rental and Leasing,50019,NA,Not Available,Residential,Detailed Project Description Not Available,189219,1
2025,Vermont,Orleans,At-Large,Multifamily Housing,Rental Assistance (MFH),Zip Code Withheld,Not Persistent Poverty Community,Name Withheld,LAKEVIEW HOUSING,Grant Funds,City Name Withheld,Not Applicable,RENEWAL / REPLACEMENT -FAMILY,Real Estate and Rental and Leasing,50019,NA,Not Available,Residential,Detailed Project Description Not Available,103638,1
2025,Vermont,Orleans,At-Large,Multifamily Housing,Rental Assistance (MFH),Zip Code Withheld,Not Persistent Poverty Community,Name Withheld,LAUREDON VILLAGE APARTMENTS,Grant Funds,City Name Withheld,Not Applicable,RENEWAL  / REPLACEMENT - ELDERLY,Real Estate and Rental and Leasing,50019,NA,Not Available,Residential,Detailed Project Description Not Available,102263,1
2025,Vermont,Orleans,At-Large,Multifamily Housing,Rental Assistance (MFH),Zip Code Withheld,Not Persistent Poverty Community,Name Withheld,NEWPORT PLACE REALTY RESOURCE,Grant Funds,City Name Withheld,Not Applicable,RENEWAL  / REPLACEMENT - ELDERLY,Real Estate and Rental and Leasing,50019,NA,Not Available,Residential,Detailed Project Description Not Available,277137,1
2025,Vermont,Orleans,At-Large,Multifamily Housing,Rental Assistance (MFH),Zip Code Withheld,Not Persistent Poverty Community,Name Withheld,THE MEADOWS,Grant Funds,City Name Withheld,Not Applicable,RENEWAL  / REPLACEMENT - ELDERLY,Real Estate and Rental and Leasing,50019,NA,Not Available,Residential,Detailed Project Description Not Available,121747,1
2025,Vermont,Orleans,At-Large,Single Family Housing,Direct Grant (SFH),Zip Code Withheld,Not Persistent Poverty Community,Name Withheld,NOT AVAILABLE,Grant Funds,City Name Withheld,Not Applicable,533 GRANT HOUSING PRESERVATION INDIVIDUAL,Real Estate and Rental and Leasing,50019,NA,Not Available,Residential,"This Rural Development Investment will allow Northeast Employment and Training Organization (NETO) to help very low-income and low-income single-family owner-occupied households obtain energy conservation measures aimed at the reduction of heating fuel and electric energy consumption. Funds will be targeted to homeowners with income at or below 80% of area median income. The average amount of assistance for 20 eligible homeowners will be approximately $7,500, as NETO will provide a match of $75,000 to bring the total resource for activities to $150,000.",72500,1
2025,Vermont,Orleans,At-Large,Single Family Housing,Guaranteed Loan (SFH),Zip Code Withheld,Not Persistent Poverty Community,Name Withheld,NOT AVAILABLE,Loan Funds - Guaranteed,City Name Withheld,"CMG MORTGAGE, INC",SEC 502 GUARANTEED SINGLE FAMILY HOUSING PURCHASE LOAN WITH ANNUAL FEES,Real Estate and Rental and Leasing,50019,NA,Not Available,Residential,Detailed Project Description Not Available,212121,1
2025,Vermont,Orleans,At-Large,Single Family Housing,Guaranteed Loan (SFH),Zip Code Withheld,Not Persistent Poverty Community,Name Withheld,NOT AVAILABLE,Loan Funds - Guaranteed,City Name Withheld,"LUMINATE HOME LOANS, INC.",SEC 502 GUARANTEED SINGLE FAMILY HOUSING PURCHASE LOAN WITH ANNUAL FEES,Real Estate and Rental and Leasing,50019,NA,Not Available,Residential,Detailed Project Description Not Available,388888,2
2025,Vermont,Orleans,At-Large,Single Family Housing,Repair Grant (SFH),Zip Code Withheld,Not Persistent Poverty Community,Name Withheld,NOT AVAILABLE,Grant Funds,City Name Withheld,Not Applicable,504 COMBINATION LOAN & GRANT,Real Estate and Rental and Leasing,50019,NA,Not Available,Residential,Detailed Project Description Not Available,12500,2
2025,Vermont,Orleans,At-Large,Single Family Housing,Repair Loan (SFH),Zip Code Withheld,Not Persistent Poverty Community,Name Withheld,NOT AVAILABLE,Loan Funds - Direct,City Name Withheld,Not Applicable,504 COMBINATION LOAN & GRANT,Real Estate and Rental and Leasing,50019,NA,Not Available,Residential,Detailed Project Description Not Available,27760,2
2025,Vermont,Rutland,At-Large,Business Programs,Advanced Biofuel Payment Program,05759,Not Persistent Poverty Community,"VT WOOD PELLET CO., LLC",NOT AVAILABLE,Grant Funds,North Clarendon,Not Applicable,GRANT FOR PROD OF ADV BIOFUEL,Other or Not Defined,50021,NA,Not Available,Commercial,Detailed Project Description Not Available,1924,1
2025,Vermont,Rutland,At-Large,Community Facilities,Grant (CF),05733,Not Persistent Poverty Community,BRANDON FREE PUBLIC LIBRARY INC,FY 24 CDS LIBRARY ACCESSIBILIT,Grant Funds,Brandon,Not Applicable,CPF/CDS - CF,Information,50021,51412,LIBRARY,Commercial,"This Rural Development investment will be used to renovate and upgrade the Brandon Free Public Library (BFPL) in Brandon, Vermont. BFPL received this congressionally directed spending (CDS) grant award through support from Senator Welch as part of FY24 congressional appropriations. The existing library will be renovated and updated to accompany the need for additional finished space and ABAAS accessibility. Once the renovation is complete, the library will have an elevator with access to four finished floors, a handicap accessible bathroom and increased handicap accessibility.",1000000,1
2025,Vermont,Rutland,At-Large,Multifamily Housing,Rental Assistance (MFH),Zip Code Withheld,Not Persistent Poverty Community,Name Withheld,ADELE-STANLEY APTS,Grant Funds,City Name Withheld,Not Applicable,RENEWAL / REPLACEMENT -FAMILY,Real Estate and Rental and Leasing,50021,NA,Not Available,Residential,Detailed Project Description Not Available,308212,1
2025,Vermont,Rutland,At-Large,Multifamily Housing,Rental Assistance (MFH),Zip Code Withheld,Not Persistent Poverty Community,Name Withheld,ALFRED COURT APTS,Grant Funds,City Name Withheld,Not Applicable,RENEWAL / REPLACEMENT -FAMILY,Real Estate and Rental and Leasing,50021,NA,Not Available,Residential,Detailed Project Description Not Available,104051,1
2025,Vermont,Rutland,At-Large,Multifamily Housing,Rental Assistance (MFH),Zip Code Withheld,Not Persistent Poverty Community,Name Withheld,AUTUMN LEAVES THE FUCCI CO,Grant Funds,City Name Withheld,Not Applicable,RENEWAL  / REPLACEMENT - ELDERLY,Real Estate and Rental and Leasing,50021,NA,Not Available,Residential,Detailed Project Description Not Available,128561,1
2025,Vermont,Rutland,At-Large,Multifamily Housing,Rental Assistance (MFH),Zip Code Withheld,Not Persistent Poverty Community,Name Withheld,HOPKINS ST FAM HSNG HOUSING TRUST OF RUTLAND COUNTY,Grant Funds,City Name Withheld,Not Applicable,RENEWAL / REPLACEMENT -FAMILY,Real Estate and Rental and Leasing,50021,NA,Not Available,Residential,Detailed Project Description Not Available,137781,1
2025,Vermont,Rutland,At-Large,Multifamily Housing,Rental Assistance (MFH),Zip Code Withheld,Not Persistent Poverty Community,Name Withheld,NESHOBE HOUSE,Grant Funds,City Name Withheld,Not Applicable,RENEWAL  / REPLACEMENT - ELDERLY,Real Estate and Rental and Leasing,50021,NA,Not Available,Residential,Detailed Project Description Not Available,196785,1
2025,Vermont,Rutland,At-Large,Multifamily Housing,Rental Assistance (MFH),Zip Code Withheld,Not Persistent Poverty Community,Name Withheld,THAYER BTS HSG LP C/O HOUSING TRUST OF RUTLAND COUNTY,Grant Funds,City Name Withheld,Not Applicable,RENEWAL / REPLACEMENT -FAMILY,Real Estate and Rental and Leasing,50021,NA,Not Available,Residential,Detailed Project Description Not Available,266681,1
2025,Vermont,Rutland,At-Large,Multifamily Housing,Rental Assistance (MFH),Zip Code Withheld,Not Persistent Poverty Community,Name Withheld,UNION & BARLOWFAM HSG C/O HSG TRST OF RUTLAND COUNTY,Grant Funds,City Name Withheld,Not Applicable,RENEWAL / REPLACEMENT -FAMILY,Real Estate and Rental and Leasing,50021,NA,Not Available,Residential,Detailed Project Description Not Available,143863,1
2025,Vermont,Rutland,At-Large,Multifamily Housing,Rental Assistance (MFH),Zip Code Withheld,Not Persistent Poverty Community,Name Withheld,WALLINGFORD HOUSE,Grant Funds,City Name Withheld,Not Applicable,RENEWAL  / REPLACEMENT - ELDERLY,Real Estate and Rental and Leasing,50021,NA,Not Available,Residential,Detailed Project Description Not Available,142566,1
2025,Vermont,Rutland,At-Large,Single Family Housing,Direct Loan (SFH),Zip Code Withheld,Not Persistent Poverty Community,Name Withheld,NOT AVAILABLE,Loan Funds - Direct,City Name Withheld,Not Applicable,502 LOAN - GENERAL INTEREST SUBSIDY VERY LOW INCOME,Real Estate and Rental and Leasing,50021,NA,Not Available,Residential,Detailed Project Description Not Available,100000,1
2025,Vermont,Rutland,At-Large,Single Family Housing,Guaranteed Loan (SFH),Zip Code Withheld,Not Persistent Poverty Community,Name Withheld,NOT AVAILABLE,Loan Funds - Guaranteed,City Name Withheld,FAIRWAY INDEPENDENT MORTGAGE CORPORATION,SEC 502 GUARANTEED SINGLE FAMILY HOUSING PURCHASE LOAN WITH ANNUAL FEES,Real Estate and Rental and Leasing,50021,NA,Not Available,Residential,Detailed Project Description Not Available,222222,1
2025,Vermont,Rutland,At-Large,Single Family Housing,Guaranteed Loan (SFH),Zip Code Withheld,Not Persistent Poverty Community,Name Withheld,NOT AVAILABLE,Loan Funds - Guaranteed,City Name Withheld,NEIGHBORS BANK,SEC 502 GUARANTEED SINGLE FAMILY HOUSING PURCHASE LOAN WITH ANNUAL FEES,Real Estate and Rental and Leasing,50021,NA,Not Available,Residential,Detailed Project Description Not Available,270707,1
2025,Vermont,Rutland,At-Large,Single Family Housing,Guaranteed Loan (SFH),Zip Code Withheld,Not Persistent Poverty Community,Name Withheld,NOT AVAILABLE,Loan Funds - Guaranteed,City Name Withheld,"NEW AMERICAN FUNDING, LLC",SEC 502 GUARANTEED SINGLE FAMILY HOUSING PURCHASE LOAN WITH ANNUAL FEES,Real Estate and Rental and Leasing,50021,NA,Not Available,Residential,Detailed Project Description Not Available,323232,1
2025,Vermont,Rutland,At-Large,Single Family Housing,Guaranteed Loan (SFH),Zip Code Withheld,Not Persistent Poverty Community,Name Withheld,NOT AVAILABLE,Loan Funds - Guaranteed,City Name Withheld,"NORTHEAST HOME LOAN, LLC",SEC 502 GUARANTEED SINGLE FAMILY HOUSING PURCHASE LOAN WITH ANNUAL FEES,Real Estate and Rental and Leasing,50021,NA,Not Available,Residential,Detailed Project Description Not Available,216075,1
2025,Vermont,Washington,At-Large,Business Programs,Rural Business Development Grant (RBDG),05601,Not Persistent Poverty Community,CENTRAL V ECONOMIC DEVELOPMENT CORP,"FY25 $50,000 TECHNICAL ASSIST",Grant Funds,Montpelier,Not Applicable,RBCS ENTERPRISE GRANTS,Administrative and Support and Waste Management and Remediation Services,50023,561439,OTHER BUSINESS SERVICE CENTERS (INCLUDING COPY SHOPS),Commercial,"This Rural Development investment will be used to help Central Vermont Economic Development Corporation host and facilitate professional workshops specializing in HR, Finance, Online Marketing, newsletter creation and other important tools for small business to develop and cultivate. Small businesses in the Central Vermont region will benefit from strategic insights, marketing techniques, and other lessons learned by subject matter experts and other businesses in the cohorts.",50000,1
2025,Vermont,Washington,At-Large,Business Programs,Rural Energy for America Program (REAP),05602,Not Persistent Poverty Community,"100 STATE STREET HOSPITALITY, LLC",FY24 RES 104 KW SOLAR ARRAY,Grant Funds,Montpelier,Not Applicable,REAP IRA RES GRANT UNRESTRICTED (FY 25),Accommodation and Food Services,50023,721110,HOTELS (EXCEPT CASINO HOTELS) AND MOTELS,Commercial,"This Rural Development investment will be used to install a 104 kW, roof-mounted solar array at the Capitol Plaza Hotel in Montpelier, Vermont. The array will generate 116,450 kWh annually, approximately 22 percent of the hotel's current energy consumption, which will save the business over $16,700 annually.",113825,1
2025,Vermont,Washington,At-Large,Business Programs,Rural Energy for America Program (REAP),05673,Not Persistent Poverty Community,"18 RIVER ROAD, LLC",FY24 RES 175 KW SOLAR ARRAY,Grant Funds,Essex,Not Applicable,REAP IRA UNRESTRICTED RES - (FY 24),Real Estate and Rental and Leasing,50023,531130,LESSORS OF MINIWAREHOUSES AND SELF-STORAGE UNITS,Commercial,"This Rural Development investment will be used to install a 175 kilowatt (kW) solar array at 18 River Road LLC in Essex, Vermont. The array will generate 188,000 kilowatt hours (kWh) annually and be net metered to a variety of local businesses and provide a consistent revenue stream for decades to come.",173750,1
2025,Vermont,Washington,At-Large,Business Programs,Rural Microentrepreneur Assistance Program (RMAP),05601,Not Persistent Poverty Community,CENTRAL V ECONOMIC DEVELOPMENT CORP,"RMAP ANNUAL GRANT FY25 $31,240",Grant Funds,Montpelier,Not Applicable,DISCRETION RURAL MICROPENTERPR DEV ORG,Public Administration,50023,926110,ADMINISTRATION OF GENERAL ECONOMIC PROGRAMS,Commercial,"This Rural Development investment will be used to provide business based technical assistance and training to microentrepreneurs who are seeking or may seek a microloan through the Rural Microentrepreneur Assistance Program. Technical assistance includes market research, product and/or service improvements, feasibility studies, etc. This grant is anticipated to assist 5 small businesses.",31240,1
2025,Vermont,Washington,At-Large,Business Programs,Rural Microentrepreneur Assistance Program (RMAP),05602,Not Persistent Poverty Community,VERMONT COMMUNITY LOAN FUND,"RMAP ANNUAL GRANT FY25 $33,595",Grant Funds,Montpelier,Not Applicable,DISCRETION RURAL MICROPENTERPR DEV ORG,Public Administration,50023,926110,ADMINISTRATION OF GENERAL ECONOMIC PROGRAMS,Commercial,This Rural Development investment will be used to provide technical assistance and training to small businesses who are seeking or potentially need microloans through the Rural Microentrepreneur Assistance Program (RMAP). These subsequent funds are provided to replenish original RMAP grant funds of used in connection with revolving loan funds. An estimated 5 small businesses will benefit from this funding.,33595,1
2025,Vermont,Washington,At-Large,Business Programs,Rural Microentrepreneur Assistance Program (RMAP),05641,Not Persistent Poverty Community,COMMUNITY CAPITAL OF VERMONT,"RMAP ANNUAL GRANT FY25 $23,526",Grant Funds,Barre,Not Applicable,DISCRETION RURAL MICROPENTERPR DEV ORG,Public Administration,50023,926110,ADMINISTRATION OF GENERAL ECONOMIC PROGRAMS,Commercial,This Rural Development investment will be used to provide technical assistance and training to small businesses who are seeking or potentially need microloans through the Rural Microentrepreneur Assistance Program (RMAP). These subsequent funds are provided to replenish original RMAP grant funds of used in connection with revolving loan funds. An estimated 5 small businesses will receive support from this funding.,23526,1
2025,Vermont,Washington,At-Large,Community Facilities,Grant (CF),05681,Not Persistent Poverty Community,"WOODBURY VOLUNTEER FIRE DEPARTMENT, INC.",FY 24 CDS FIRE STATION ADDITIO,Grant Funds,Woodbury,Not Applicable,CPF/CDS - CF,Other or Not Defined,50023,9991,OTHER FIRE/RESCUE & PUBLIC SAFETY RELATED SERVICES,Commercial,"This Rural Development investment will be used to fund the Phase 2 addition to the Woodbury Volunteer Fire Department, which will be a 40' x 50' structure with a 14'x40 mezzanine level. The interior will include a fire sprinkler pump room and underground water storage. The addition will include two 18' x 40' apparatus bays, a training classroom, an ADA restroom, a training mezzanine and a fire-protection pump room. Project funding was secured through Congressionally Directed Spending.",1125000,1
2025,Vermont,Washington,At-Large,Multifamily Housing,Rental Assistance (MFH),Zip Code Withheld,Not Persistent Poverty Community,Name Withheld,58 BARRE ST HSG,Grant Funds,City Name Withheld,Not Applicable,RENEWAL  / REPLACEMENT - ELDERLY,Real Estate and Rental and Leasing,50023,NA,Not Available,Residential,Detailed Project Description Not Available,73461,1
2025,Vermont,Washington,At-Large,Multifamily Housing,Rental Assistance (MFH),Zip Code Withheld,Not Persistent Poverty Community,Name Withheld,DOGWOOD GLEN I,Grant Funds,City Name Withheld,Not Applicable,RENEWAL / REPLACEMENT -FAMILY,Real Estate and Rental and Leasing,50023,NA,Not Available,Residential,Detailed Project Description Not Available,186161,1
2025,Vermont,Washington,At-Large,Multifamily Housing,Rental Assistance (MFH),Zip Code Withheld,Not Persistent Poverty Community,Name Withheld,EVERGREEN PLACE C/O DOWNSTREET HSG 22 KEITH AVE,Grant Funds,City Name Withheld,Not Applicable,RENEWAL  / REPLACEMENT - ELDERLY,Real Estate and Rental and Leasing,50023,NA,Not Available,Residential,Detailed Project Description Not Available,160995,1
2025,Vermont,Washington,At-Large,Multifamily Housing,Rental Assistance (MFH),Zip Code Withheld,Not Persistent Poverty Community,Name Withheld,FAIRGROUND APTS HOUSING FOUNDATION,Grant Funds,City Name Withheld,Not Applicable,RENEWAL  / REPLACEMENT - ELDERLY,Real Estate and Rental and Leasing,50023,NA,Not Available,Residential,Detailed Project Description Not Available,108589,1
2025,Vermont,Washington,At-Large,Multifamily Housing,Rental Assistance (MFH),Zip Code Withheld,Not Persistent Poverty Community,Name Withheld,GREEN MOUNTAIN APTS,Grant Funds,City Name Withheld,Not Applicable,RENEWAL  / REPLACEMENT - ELDERLY,Real Estate and Rental and Leasing,50023,NA,Not Available,Residential,Detailed Project Description Not Available,170269,1
2025,Vermont,Washington,At-Large,Multifamily Housing,Rental Assistance (MFH),Zip Code Withheld,Not Persistent Poverty Community,Name Withheld,HILLTOP TOWN HOUSES,Grant Funds,City Name Withheld,Not Applicable,RENEWAL / REPLACEMENT -FAMILY,Real Estate and Rental and Leasing,50023,NA,Not Available,Residential,Detailed Project Description Not Available,361915,1
2025,Vermont,Washington,At-Large,Multifamily Housing,Rental Assistance (MFH),Zip Code Withheld,Not Persistent Poverty Community,Name Withheld,PROSPECT PLACE MONTPELIER HOUSING AUTHORITY,Grant Funds,City Name Withheld,Not Applicable,RENEWAL  / REPLACEMENT - ELDERLY,Real Estate and Rental and Leasing,50023,NA,Not Available,Residential,Detailed Project Description Not Available,140256,1
2025,Vermont,Washington,At-Large,Single Family Housing,Direct Loan (SFH),Zip Code Withheld,Not Persistent Poverty Community,Name Withheld,NOT AVAILABLE,Loan Funds - Direct,City Name Withheld,Not Applicable,502 LOAN - GENERAL INTEREST SUBSIDY LOW & OTHER INCOME,Real Estate and Rental and Leasing,50023,NA,Not Available,Residential,Detailed Project Description Not Available,319000,1
2025,Vermont,Washington,At-Large,Single Family Housing,Direct Loan (SFH),Zip Code Withheld,Not Persistent Poverty Community,Name Withheld,NOT AVAILABLE,Loan Funds - Direct,City Name Withheld,Not Applicable,502 LOAN - GENERAL INTEREST SUBSIDY VERY LOW INCOME,Real Estate and Rental and Leasing,50023,NA,Not Available,Residential,Detailed Project Description Not Available,239000,1
2025,Vermont,Washington,At-Large,Single Family Housing,Repair Grant (SFH),Zip Code Withheld,Not Persistent Poverty Community,Name Withheld,NOT AVAILABLE,Grant Funds,City Name Withheld,Not Applicable,504 COMBINATION LOAN & GRANT,Real Estate and Rental and Leasing,50023,NA,Not Available,Residential,Detailed Project Description Not Available,10000,1
2025,Vermont,Washington,At-Large,Single Family Housing,Repair Grant (SFH),Zip Code Withheld,Not Persistent Poverty Community,Name Withheld,NOT AVAILABLE,Grant Funds,City Name Withheld,Not Applicable,504 GRANT,Real Estate and Rental and Leasing,50023,NA,Not Available,Residential,Detailed Project Description Not Available,6326,1
2025,Vermont,Washington,At-Large,Single Family Housing,Repair Loan (SFH),Zip Code Withheld,Not Persistent Poverty Community,Name Withheld,NOT AVAILABLE,Loan Funds - Direct,City Name Withheld,Not Applicable,504 COMBINATION LOAN & GRANT,Real Estate and Rental and Leasing,50023,NA,Not Available,Residential,Detailed Project Description Not Available,4300,1
2025,Vermont,Washington,At-Large,Water and Environmental,Direct Loan and Grant (WEP),05673,Not Persistent Poverty Community,"Waitsfield, Town of",FY 25 Wastewater System Project,Grant Funds,Waitsfield,Not Applicable,(COMB LOAN & GRANT) WASTE DISPOSAL ONLY,Utilities,50023,NA,Not Available,Commercial,"This Rural Development investment will be used to create a new municipal wastewater facility for the Town of Waitsfield, VT, in Washington county. The lack of a municipal water system has resulted in limited options for wastewater disposal for residential and commercial properties. By creating a municipal wastewater system, the town will be able to expand access and availability of wastewater options, which will increase economic and residential opportunities. The new system will ensure efficient collection and disposal while resulting in less health and sanitation issues due to old septic systems.",649000,1
2025,Vermont,Washington,At-Large,Water and Environmental,Direct Loan and Grant (WEP),05673,Not Persistent Poverty Community,"Waitsfield, Town of",FY 25 Wastewater System Project,Loan Funds - Direct,Waitsfield,Not Applicable,(COMB LOAN & GRANT) WASTE DISPOSAL ONLY,Utilities,50023,NA,Not Available,Commercial,"This Rural Development investment will be used to create a new municipal wastewater facility for the Town of Waitsfield, VT, in Washington county. The lack of a municipal water system has resulted in limited options for wastewater disposal for residential and commercial properties. By creating a municipal wastewater system, the town will be able to expand access and availability of wastewater options, which will increase economic and residential opportunities. The new system will ensure efficient collection and disposal while resulting in less health and sanitation issues due to old septic systems.",7553000,1
2025,Vermont,Windham,At-Large,Business Programs,Advanced Biofuel Payment Program,05159,Not Persistent Poverty Community,WESTMINSTER ENERGY GROUP LLC,NOT AVAILABLE,Grant Funds,Westminster Station,Not Applicable,GRANT FOR PROD OF ADV BIOFUEL,Other or Not Defined,50025,NA,Not Available,Commercial,Detailed Project Description Not Available,29,1
2025,Vermont,Windham,At-Large,Business Programs,Rural Business Development Grant (RBDG),05301,Not Persistent Poverty Community,"RETREAT FARM, LTD","FY25 RBDG TA $50,000",Grant Funds,Brattleboro,Not Applicable,RBCS ENTERPRISE GRANTS,Public Administration,50025,926110,ADMINISTRATION OF GENERAL ECONOMIC PROGRAMS,Commercial,"This Rural Development investment will be used to install a durable, energy-efficient heating and cooling system at the Retreat Farm in Brattleboro, VT. The new HVAC will be more efficient and thus more cost-effective, replacing an aging, propane-fueled system that is nearing the end of its useful life. The Retreat Farm is a popular destination for agri-tourists and locals who enjoy its vast trail system, wildlife and well-known population of domestic animals, and in recent years it has benefitted from RD funding to remake its North Barn into an income-generating event space.",50000,1
2025,Vermont,Windham,At-Large,Business Programs,Rural Energy for America Program (REAP),05301,Not Persistent Poverty Community,BRATTLEBORO FOOD COOPERATIVE INC.,FY24 EEI REFRIGERATION EQUIP,Grant Funds,Brattleboro,Not Applicable,REAP IRA EEI GRANT UNRESTRICTED (FY 22/23),Retail Trade,50025,445110,SUPERMARKETS AND OTHER GROCERY (EXCEPT CONVENIENCE) STORES,Commercial,"This Rural Development investment will be used to replace aging and inefficient refrigeration at a cooperative grocery store. The Brattleboro Food Cooperative Inc. spent several years identifying inefficiencies in their operations, and installing modern, more energy efficient cooling equipment will reduce electricity cost by over 60 percent and assist in making sure food is stored at safe temperatures.",500000,1
2025,Vermont,Windham,At-Large,Business Programs,Rural Energy for America Program (REAP),05363,Not Persistent Poverty Community,BEARCLAW HOLDINGS LLC,FY24 RES EFFICIENT REFRGRATION,Grant Funds,Wilmington,Not Applicable,REAP IRA EEI GRANT UNRESTRICTED (FY 22/23),Retail Trade,50025,445110,SUPERMARKETS AND OTHER GROCERY (EXCEPT CONVENIENCE) STORES,Commercial,"This Rural Development investment will be used to help the River Valley Market in Wilmington by replacing refrigerated and frozen case replacement with energy-efficient models. It is estimated that electricity use will be reduced by over 60 percent and save the business over $16,000 annually.",48422,1
2025,Vermont,Windham,At-Large,Business Programs,Rural Microentrepreneur Assistance Program (RMAP),05301,Not Persistent Poverty Community,BRATTLEBORO DEVELOPMENT CREDIT CORP,"FY25 RMAP ANNUAL GRANT $8,545",Grant Funds,Brattleboro,Not Applicable,DISCRETION RURAL MICROPENTERPR DEV ORG,Public Administration,50025,926110,ADMINISTRATION OF GENERAL ECONOMIC PROGRAMS,Commercial,"This Rural Development investment will be used to provide business based technical assistance and training to microentrepreneurs who are seeking or may seek a microloan through the Rural Microentrepreneur Assistance Program. Technical assistance includes market research, product and/or service improvements, feasibility studies, etc. This grant is anticipated to assist 5 small businesses.",8545,1
2025,Vermont,Windham,At-Large,Community Facilities,Grant (CF),05353,Not Persistent Poverty Community,"CARLOS G OTIS HEALTH CARE CENTER, INC.",FY 24 CDS GRACE COTTAGE MEDICA,Grant Funds,Townshend,Not Applicable,CPF/CDS - CF,Health Care and Social Assistance,50025,62211,GENERAL MEDICAL AND SURGICAL HOSPITALS,Commercial,"This Rural Development investment will be used to fund the renovation and construction of Grace Cottage's (GC) preliminary care medical office building in Townshend, Vt. Grace Cottage received this congressionally directed spending (CDS) grant award in the amount of $1,500,000 per the request and support of Congresswoman Balint as part of FY24 congressional appropriations. The existing primary care building will be replaced to accompany the need for addition office, mental health, and primary care space. Within that new building, a handicap accessible bathroom and elevator along with a new parking lot outside will be installed to increase accessibility.",1500000,1
2025,Vermont,Windham,At-Large,Multifamily Housing,Rental Assistance (MFH),Zip Code Withheld,Not Persistent Poverty Community,Name Withheld,ADAIR HEIGHTS THM INC,Grant Funds,City Name Withheld,Not Applicable,RENEWAL / REPLACEMENT -FAMILY,Real Estate and Rental and Leasing,50025,NA,Not Available,Residential,Detailed Project Description Not Available,93878,1
2025,Vermont,Windham,At-Large,Multifamily Housing,Rental Assistance (MFH),Zip Code Withheld,Not Persistent Poverty Community,Name Withheld,BUTTERFIELD HOUSING LIMITED PARTNERSHIP,Grant Funds,City Name Withheld,Not Applicable,RENEWAL  / REPLACEMENT - ELDERLY,Real Estate and Rental and Leasing,50025,NA,Not Available,Residential,Detailed Project Description Not Available,214716,1
2025,Vermont,Windham,At-Large,Multifamily Housing,Rental Assistance (MFH),Zip Code Withheld,Not Persistent Poverty Community,Name Withheld,PUTNEY MEADOWS APTS REALTY RESOURCE,Grant Funds,City Name Withheld,Not Applicable,RENEWAL  / REPLACEMENT - ELDERLY,Real Estate and Rental and Leasing,50025,NA,Not Available,Residential,Detailed Project Description Not Available,252948,1
2025,Vermont,Windham,At-Large,Multifamily Housing,Rental Assistance (MFH),Zip Code Withheld,Not Persistent Poverty Community,Name Withheld,VERNON BIRCHES VERNON ADVENT CHRISTIAN HOME INC,Grant Funds,City Name Withheld,Not Applicable,RENEWAL  / REPLACEMENT - ELDERLY,Real Estate and Rental and Leasing,50025,NA,Not Available,Residential,Detailed Project Description Not Available,81814,1
2025,Vermont,Windham,At-Large,Single Family Housing,Direct Grant (SFH),Zip Code Withheld,Not Persistent Poverty Community,Name Withheld,NOT AVAILABLE,Grant Funds,City Name Withheld,Not Applicable,533 GRANT HOUSING PRESERVATION INDIVIDUAL,Real Estate and Rental and Leasing,50025,NA,Not Available,Residential,"This Rural Development Investment will allow Southeastern Vermont Community Action (SEVCA) to continue its successful Emergency Home Repair Program (EHR). EHR provides and brokers emergency home repairs and service coordination for qualifying residents of southeastern Vermont, to enable them to address unsafe, unhealthy, and substandard conditions in their homes, thus improving their health and well-being. Including all resources, the average repair value is expected to be $5,000. SEVCA estimates 40 houses will be improved through combined funding, including this HPG grant. Based on recent data, over 89% of the households assisted are very low income. For the projected households to be assisted next year, about 90 percent are very low-income, and the remaining are low-income.",58096,1
2025,Vermont,Windham,At-Large,Single Family Housing,Direct Loan (SFH),Zip Code Withheld,Not Persistent Poverty Community,Name Withheld,NOT AVAILABLE,Loan Funds - Direct,City Name Withheld,Not Applicable,502 LOAN - GENERAL INTEREST SUBSIDY LOW & OTHER INCOME,Real Estate and Rental and Leasing,50025,NA,Not Available,Residential,Detailed Project Description Not Available,379000,1
2025,Vermont,Windham,At-Large,Single Family Housing,Repair Grant (SFH),Zip Code Withheld,Not Persistent Poverty Community,Name Withheld,NOT AVAILABLE,Grant Funds,City Name Withheld,Not Applicable,504 COMBINATION LOAN & GRANT,Real Estate and Rental and Leasing,50025,NA,Not Available,Residential,Detailed Project Description Not Available,20000,2
2025,Vermont,Windham,At-Large,Single Family Housing,Repair Grant (SFH),Zip Code Withheld,Not Persistent Poverty Community,Name Withheld,NOT AVAILABLE,Grant Funds,City Name Withheld,Not Applicable,504 GRANT,Real Estate and Rental and Leasing,50025,NA,Not Available,Residential,Detailed Project Description Not Available,16360,2
2025,Vermont,Windham,At-Large,Single Family Housing,Repair Loan (SFH),Zip Code Withheld,Not Persistent Poverty Community,Name Withheld,NOT AVAILABLE,Loan Funds - Direct,City Name Withheld,Not Applicable,504 COMBINATION LOAN & GRANT,Real Estate and Rental and Leasing,50025,NA,Not Available,Residential,Detailed Project Description Not Available,7590,2
2025,Vermont,Windsor,At-Large,Business Programs,Rural Energy for America Program (REAP),05055,Not Persistent Poverty Community,KERWIN HILL FARM LLC,FY24 RES 59.25 KW SOLAR ARRAY,Grant Funds,Norwich,Not Applicable,REAP IRA RES GRANT UNRESTRICTED (FY 25),"Agriculture, Forestry, Fishing and Hunting",50027,11121,VEGETABLE AND MELON FARMING,Commercial,"This Rural Development investment will be used to purchase and install a 59.3kW roof-mounted solar array at Sweetland Farm in Norwich, Vermont. The Farm Store is a one-stop shop for produce and meat, plus local and sustainably sourced dairy, eggs, fish, and other products. The array will offset over 80 percent of the annual electricity used for lighting and heating the greenhouses.",56120,1
2025,Vermont,Windsor,At-Large,Business Programs,Rural Energy for America Program (REAP),05156,Not Persistent Poverty Community,SCOTT BARLOW DBA EUREKA SUGAR HOUSE,FY24 RES 17.6KW SOLAR ARRAY,Grant Funds,Springfield,Not Applicable,REAP IRA RES GRANT UNRESTRICTED (FY 22/23),"Agriculture, Forestry, Fishing and Hunting",50027,11198,Not Available,Commercial,"This Rural Development investment will be used to install a 17.6kW ground-mounted solar array. Eureka Sugarhouse is a small maple syrup production business in Springfield, Vermont. The operation's electrical use will be completely offset by the array, with the annual energy produced valued at almost $3,000.",21211,1
2025,Vermont,Windsor,At-Large,Community Facilities,Grant (CF),05757,Not Persistent Poverty Community,"ROCHESTER, TOWN OF",FY 24 CDS COMMUNITY SUPPORT BU,Grant Funds,Rochester,Not Applicable,CPF/CDS - CF,Health Care and Social Assistance,50027,624229,OTHER COMMUNITY HOUSING SERVICES,Commercial,"This Rural Development investment will be used to repurpose and renovate the former Rochester High School. The project will address issues such as boiler replacement and other heating system components, replacement of electrical panel, ventilation system improvements, and other items as identified. The repurposed building will provide opportunities for essential services, economic development, the arts, learning, and social engagement. Project funding was secured through Congressionally Directed Spending via Senator Sanders office.",2329000,1
2025,Vermont,Windsor,At-Large,Multifamily Housing,Farm Labor (MFH),05055,Not Persistent Poverty Community,KERWIN HILL FARM LLC,SWEETLAND FARM,Loan Funds - Direct,Norwich,Not Applicable,"SEC 514, FARM LABOR LOANS",Real Estate and Rental and Leasing,50027,NA,Not Available,Residential,"This Rural Development investment will be used to construct a farm labor housing project for Kerwin Hill Farm, LLC in Norwich, Vermont.",433520,1
2025,Vermont,Windsor,At-Large,Multifamily Housing,Rental Assistance (MFH),Zip Code Withheld,Not Persistent Poverty Community,Name Withheld,BLACK RIVER OVERLOOK C/O STEWART PROP MG,Grant Funds,City Name Withheld,Not Applicable,RENEWAL / REPLACEMENT -FAMILY,Real Estate and Rental and Leasing,50027,NA,Not Available,Residential,Detailed Project Description Not Available,14150,1
2025,Vermont,Windsor,At-Large,Multifamily Housing,Rental Assistance (MFH),Zip Code Withheld,Not Persistent Poverty Community,Name Withheld,BRIGHTWOOD HOUSE,Grant Funds,City Name Withheld,Not Applicable,RENEWAL  / REPLACEMENT - ELDERLY,Real Estate and Rental and Leasing,50027,NA,Not Available,Residential,Detailed Project Description Not Available,156251,1
2025,Vermont,Windsor,At-Large,Multifamily Housing,Rental Assistance (MFH),Zip Code Withheld,Not Persistent Poverty Community,Name Withheld,PROCTORSVILLE GREEN HOUSING C/O STEWART,Grant Funds,City Name Withheld,Not Applicable,RENEWAL / REPLACEMENT -FAMILY,Real Estate and Rental and Leasing,50027,NA,Not Available,Residential,Detailed Project Description Not Available,55496,1
2025,Vermont,Windsor,At-Large,Multifamily Housing,Rental Assistance (MFH),Zip Code Withheld,Not Persistent Poverty Community,Name Withheld,THE MAPLES SPRINGFIELD HOUSING AUTHORITY,Grant Funds,City Name Withheld,Not Applicable,RENEWAL  / REPLACEMENT - ELDERLY,Real Estate and Rental and Leasing,50027,NA,Not Available,Residential,Detailed Project Description Not Available,181168,1
2025,Vermont,Windsor,At-Large,Multifamily Housing,Rental Assistance (MFH),Zip Code Withheld,Not Persistent Poverty Community,Name Withheld,WALL STREET APTS C/O HOUSING VERMONT,Grant Funds,City Name Withheld,Not Applicable,RENEWAL / REPLACEMENT -FAMILY,Real Estate and Rental and Leasing,50027,NA,Not Available,Residential,Detailed Project Description Not Available,171121,1
2025,Vermont,Windsor,At-Large,Multifamily Housing,Rental Assistance (MFH),Zip Code Withheld,Not Persistent Poverty Community,Name Withheld,WINDSOR HOLLOW,Grant Funds,City Name Withheld,Not Applicable,RENEWAL  / REPLACEMENT - ELDERLY,Real Estate and Rental and Leasing,50027,NA,Not Available,Residential,Detailed Project Description Not Available,215988,1
2025,Vermont,Windsor,At-Large,Single Family Housing,Direct Grant (SFH),Zip Code Withheld,Not Persistent Poverty Community,Name Withheld,NOT AVAILABLE,Grant Funds,City Name Withheld,Not Applicable,533 GRANT HOUSING PRESERVATION INDIVIDUAL,Real Estate and Rental and Leasing,50027,NA,Not Available,Residential,"This Rural Development investment will be used by Cover Home Repair to provide urgent home improvements to eligible homeowners in the Upper Valley of New Hampshire and Vermont. Grant funds will help preserve affordable housing units for some of the area's most vulnerable homeowners, and will apply to approximately four essential home repairs so that homeowners can continue to live in their homes safely and with dignity. The work will be completed by COVER staff leading volunteers, and homeowners are asked to make a financial contribution within their means - typically between $25 and $100.",26234,1
2025,Vermont,Windsor,At-Large,Single Family Housing,Guaranteed Loan (SFH),Zip Code Withheld,Not Persistent Poverty Community,Name Withheld,NOT AVAILABLE,Loan Funds - Guaranteed,City Name Withheld,AMERICAN NEIGHBORHOOD MORTGAGE ACCEPT CO,SEC 502 GUARANTEED SINGLE FAMILY HOUSING PURCHASE LOAN WITH ANNUAL FEES,Real Estate and Rental and Leasing,50027,NA,Not Available,Residential,Detailed Project Description Not Available,197474,1
2025,Vermont,Windsor,At-Large,Single Family Housing,Guaranteed Loan (SFH),Zip Code Withheld,Not Persistent Poverty Community,Name Withheld,NOT AVAILABLE,Loan Funds - Guaranteed,City Name Withheld,EMM LOANS LLC,SEC 502 GUARANTEED SINGLE FAMILY HOUSING PURCHASE LOAN WITH ANNUAL FEES,Real Estate and Rental and Leasing,50027,NA,Not Available,Residential,Detailed Project Description Not Available,321212,1
2025,Vermont,Windsor,At-Large,Single Family Housing,Guaranteed Loan (SFH),Zip Code Withheld,Not Persistent Poverty Community,Name Withheld,NOT AVAILABLE,Loan Funds - Guaranteed,City Name Withheld,"NORTHEAST HOME LOAN, LLC",SEC 502 GUARANTEED SINGLE FAMILY HOUSING PURCHASE LOAN WITH ANNUAL FEES,Real Estate and Rental and Leasing,50027,NA,Not Available,Residential,Detailed Project Description Not Available,546383,2
2025,Vermont,Windsor,At-Large,Single Family Housing,Repair Grant (SFH),Zip Code Withheld,Not Persistent Poverty Community,Name Withheld,NOT AVAILABLE,Grant Funds,City Name Withheld,Not Applicable,504 COMBINATION LOAN & GRANT,Real Estate and Rental and Leasing,50027,NA,Not Available,Residential,Detailed Project Description Not Available,10000,1
2025,Vermont,Windsor,At-Large,Single Family Housing,Repair Loan (SFH),Zip Code Withheld,Not Persistent Poverty Community,Name Withheld,NOT AVAILABLE,Loan Funds - Direct,City Name Withheld,Not Applicable,504 COMBINATION LOAN & GRANT,Real Estate and Rental and Leasing,50027,NA,Not Available,Residential,Detailed Project Description Not Available,40000,1
2024,Vermont,Addison,At-Large,Business Programs,Advanced Biofuel Payment Program,05491,Not Persistent Poverty Community,DUBOIS ENERGY LLC,NOT AVAILABLE,Grant Funds,Vergennes,Not Applicable,GRANT FOR PROD OF ADV BIOFUEL,Other or Not Defined,50001,NA,Not Available,Commercial,Detailed Project Description Not Available,8,1
2024,Vermont,Addison,At-Large,Business Programs,Business and Industry Loan Guarantees (B&I) (BP),05491,Not Persistent Poverty Community,"THIRTY FOUR NORTH, LLC","FY24 B&I $17,967,224 1%",Loan Funds - Guaranteed,Vergennes,NATIONAL BANK OF MIDDLEBURY,BUSINESS & INDUSTRY GUARANTEED LOAN - 1%,Health Care and Social Assistance,50001,623312,ASSISTED LIVING FACILITIES FOR THE ELDERLY,Commercial,"This Rural Development investment will be used to provide an 80 percent guarantee on a loan made to Thirty Four North LLC and Vergennes Village LLC, co-borrowers. The endeavor is an expansion of an assisted living facility, which will increase from 18 to 83 beds. A dedicated secure memory care wing will be added, and upon completion, the project will create 38 full-time jobs. This program improves the economic health of rural communities by increasing access to business capital through loan guar",17967224,1
2024,Vermont,Addison,At-Large,Multifamily Housing,Rental Assistance (MFH),Zip Code Withheld,Not Persistent Poverty Community,Name Withheld,CREEKVIEW HOUSING,Grant Funds,City Name Withheld,Not Applicable,RENEWAL / REPLACEMENT -FAMILY,Real Estate and Rental and Leasing,50001,NA,Not Available,Residential,Detailed Project Description Not Available,202915,1
2024,Vermont,Addison,At-Large,Multifamily Housing,Rental Assistance (MFH),Zip Code Withheld,Not Persistent Poverty Community,Name Withheld,VALLEY VIEW II,Grant Funds,City Name Withheld,Not Applicable,RENEWAL  / REPLACEMENT - ELDERLY,Real Estate and Rental and Leasing,50001,NA,Not Available,Residential,Detailed Project Description Not Available,94018,1
2024,Vermont,Addison,At-Large,Single Family Housing,Repair Grant (SFH),Zip Code Withheld,Not Persistent Poverty Community,Name Withheld,NOT AVAILABLE,Grant Funds,City Name Withheld,Not Applicable,504 COMBINATION LOAN & GRANT,Real Estate and Rental and Leasing,50001,NA,Not Available,Residential,Detailed Project Description Not Available,10000,1
2024,Vermont,Addison,At-Large,Single Family Housing,Repair Loan (SFH),Zip Code Withheld,Not Persistent Poverty Community,Name Withheld,NOT AVAILABLE,Loan Funds - Direct,City Name Withheld,Not Applicable,504 COMBINATION LOAN & GRANT,Real Estate and Rental and Leasing,50001,NA,Not Available,Residential,Detailed Project Description Not Available,7410,1
2024,Vermont,Bennington,At-Large,Business Programs,Rural Energy for America Program (REAP),05201,Not Persistent Poverty Community,"LUNDGREN SUBARU OF BENNINGTON, INC.",FY24 RES 129.9 KW SOLAR ARRAY,Grant Funds,Bennington,Not Applicable,REAP IRA RES GRANT UNRESTRICTED (FY 22/23),Retail Trade,50003,441110,NEW CAR DEALERS,Commercial,"This Rural Development investment will be used to install a roof-mounted solar array at Lundgren Subaru of Bennington, Vermont. Freedom Solar will build the array, totaling 129.9 kilowatt (kW) of solar photovoltaic (PV) energy from 268 panels at 485 W each. The array will produce roughly 129,400 kilowatt hours (kWh) annually, offsetting all of the building's electrical costs and saving an estimated $15,000 each year.",150777,1
2024,Vermont,Bennington,At-Large,Community Facilities,Grant (CF),05768,Not Persistent Poverty Community,"RUPERT VILLAGE TRUST, INCORPORATED",FY 22 CDS SHELDON STORE IMPROV,Grant Funds,Rupert,Not Applicable,FY22 CONGRESSIONALLY DIRECTED SPENDING,Health Care and Social Assistance,50003,624229,OTHER COMMUNITY HOUSING SERVICES,Commercial,"This Rural Development investment will be used to fund the modernization of the in-ground septic system and relocation of the potable well to the Sheldon Store in Rupert, Vermont. Rupert Village Trust Inc. received this FY22 congressionally directed spending (CDS) grant award per the request and support of Congresswomen Becca Balint. The project includes construction of two septic tanks, one that is 1,500 gallons and a second tank that is 1,000 gallons, as well as the relocation and installation",120000,1
2024,Vermont,Bennington,At-Large,Multifamily Housing,Rental Assistance (MFH),Zip Code Withheld,Not Persistent Poverty Community,Name Withheld,HOMESTEAD GREEN,Grant Funds,City Name Withheld,Not Applicable,RENEWAL  / REPLACEMENT - ELDERLY,Real Estate and Rental and Leasing,50003,NA,Not Available,Residential,Detailed Project Description Not Available,137433,1
2024,Vermont,Bennington,At-Large,Single Family Housing,Guaranteed Loan (SFH),Zip Code Withheld,Not Persistent Poverty Community,Name Withheld,NOT AVAILABLE,Loan Funds - Guaranteed,City Name Withheld,ACADEMY MORTGAGE CORPORATION,SEC 502 GUARANTEED SINGLE FAMILY HOUSING PURCHASE LOANS - WITH ANNUAL FEES ASSIGNED,Real Estate and Rental and Leasing,50003,NA,Not Available,Residential,Detailed Project Description Not Available,217171,1
2024,Vermont,Bennington,At-Large,Single Family Housing,Repair Grant (SFH),Zip Code Withheld,Not Persistent Poverty Community,Name Withheld,NOT AVAILABLE,Grant Funds,City Name Withheld,Not Applicable,504 COMBINATION LOAN & GRANT,Real Estate and Rental and Leasing,50003,NA,Not Available,Residential,Detailed Project Description Not Available,10000,1
2024,Vermont,Bennington,At-Large,Single Family Housing,Repair Grant (SFH),Zip Code Withheld,Not Persistent Poverty Community,Name Withheld,NOT AVAILABLE,Grant Funds,City Name Withheld,Not Applicable,504 GRANT,Real Estate and Rental and Leasing,50003,NA,Not Available,Residential,Detailed Project Description Not Available,8000,1
2024,Vermont,Bennington,At-Large,Single Family Housing,Repair Loan (SFH),Zip Code Withheld,Not Persistent Poverty Community,Name Withheld,NOT AVAILABLE,Loan Funds - Direct,City Name Withheld,Not Applicable,504 COMBINATION LOAN & GRANT,Real Estate and Rental and Leasing,50003,NA,Not Available,Residential,Detailed Project Description Not Available,25100,1
2024,Vermont,Caledonia,At-Large,Business Programs,Rural Business Development Grant (RBDG),05819,Not Persistent Poverty Community,CATAMOUNT FILM AND ARTS CO INC.,"FY24 $90,000 TA CREATIVE ECONO",Grant Funds,St Johnsbury,Not Applicable,RBCS ENTERPRISE REAP ZONE GRANTS,"Arts, Entertainment, and Recreation",50005,711310,"PROMOTERS OF PERFORMING ARTS, SPORTS, AND SIMILAR EVENTS WITH FACILITIES",Commercial,"This Rural Development investment will be used to advance economic development in the creative sector community. Technical assistance will be made available to bring stakeholders together - public, private and community - to create a bold, comprehensive strategy establishing the towns of Lyndon and St. Johnsbury as a creative sector rural hub in the VT/NH region. It is estimated that six jobs will be created as a result of this project.",90000,1
2024,Vermont,Caledonia,At-Large,Business Programs,Rural Business Development Grant (RBDG),05819,Not Persistent Poverty Community,"NORTHEAST KINGDOM COLLABORATIVE, INC.","FY24 $59,987 NEK SUMMIT",Grant Funds,St. Johnsbury,Not Applicable,RBCS BUSINESS OPPORTUNITY REAP ZONE GRANTS,Public Administration,50005,926110,ADMINISTRATION OF GENERAL ECONOMIC PROGRAMS,Commercial,"This Rural Development investment will be used to increase the capacity to plan and develop projects in Vermont's Northeast Kingdom (NEK), and will result in economic growth and community development. A NEK-based cohort of experts in project/budget management, funding planning, and stakeholder outreach will enable 30 entities to develop business and project plans and better leverage other funds.",59987,1
2024,Vermont,Caledonia,At-Large,Business Programs,Rural Business Development Grant (RBDG),05819,Not Persistent Poverty Community,NORTHEASTERN VERMONT DEVEL ASSOC INC,"FY24 $200,000 TECHNICAL ASSIST",Grant Funds,St. Johnsbury,Not Applicable,RBCS ENTERPRISE REAP ZONE GRANTS,Public Administration,50005,926110,ADMINISTRATION OF GENERAL ECONOMIC PROGRAMS,Commercial,"This Rural Development investment will be used to support Northeastern Vermont Development Association Inc.'s Business Technical Assistance Program, from which small businesses can receive valuable technical assistance from qualified providers. This assistance includes a wide range of services including creating digital strategies, financial management and business operations support, and physical space design. An estimated 30 jobs will be created or saved as a result of this funding. The purpose of this program is to promote economic development and job creation projects.",200000,1
2024,Vermont,Caledonia,At-Large,Business Programs,Rural Business Development Grant (RBDG),05819,Not Persistent Poverty Community,SAINT JOHNSBURY WORKS! INC.,"FY24 $70,014 TECHNICAL ASSIST",Grant Funds,St Johnsbury,Not Applicable,RBCS ENTERPRISE REAP ZONE GRANTS,Public Administration,50005,926110,ADMINISTRATION OF GENERAL ECONOMIC PROGRAMS,Commercial,"This Rural Development investment will be used to provide technical assistance activities to support small and emerging businesses in downtown St. Johnsbury. Assistance provided will include capacity-building activities like free racial literacy trainings and workshops for small businesses, and one-on-one technical assistance and networking events for Black, Indigenous and other People of Color (BIPOC)-owned small businesses.",70014,1
2024,Vermont,Caledonia,At-Large,Business Programs,Rural Business Development Grant (RBDG),05819,Not Persistent Poverty Community,"ST. JOHNSBURY, TOWN OF","FY24 $200,000 FOOD CO-OP",Grant Funds,St. Johnsbury,Not Applicable,RBCS ENTERPRISE REAP ZONE GRANTS,Public Administration,50005,921110,EXECUTIVE OFFICES,Commercial,"This Rural Development investment will be used to provide technical assistance to the Caledonia Food Cooperative (CFC} and several agricultural businesses. This assistance will include architectural and networking design, engineering plans for the renovations and outfitting of the CFCs vibrant, 10,000 square foot facility. The establishment of a food Co-op in downtown St. Johnsbury will have many benefits, including an estimated 47 new jobs. The targeted timeline for opening the store is early Fall of 2025.",200000,1
2024,Vermont,Caledonia,At-Large,Business Programs,Rural Business Development Grant (RBDG),05843,Not Persistent Poverty Community,THE CENTER FOR AN AGRICULTURAL ECONOMY,FY24 TA MARKET ACCESS,Grant Funds,Hardwick,Not Applicable,RBCS ENTERPRISE REAP ZONE GRANTS,Public Administration,50005,926110,ADMINISTRATION OF GENERAL ECONOMIC PROGRAMS,Commercial,"This Rural Development investment will be used to provide technical assistance to farms and food businesses across Vermont, primarily within the Northeast Kingdom. This assistance is offered in the form of direct support around food processing, food safety, marketing/packaging, aggregation, distribution and logistics. It is estimated that eight jobs will be created as a result of this project.",200000,1
2024,Vermont,Caledonia,At-Large,Business Programs,Rural Business Development Grant (RBDG),05851,Not Persistent Poverty Community,"WATERFORD RIDGE RUNNERS, INC.","FY24 $8,000 EQUIPMENT",Grant Funds,Lyndonville,Not Applicable,RBCS ENTERPRISE REAP ZONE GRANTS,Construction,50005,237990,OTHER HEAVY AND CIVIL ENGINEERING CONSTRUCTION,Commercial,"This Rural Development investment will be used to purchase equipment necessary to groom and maintain recreational trails in and around Waterford, Vermont. This small grant will yield big results as the Waterford Ridge Runners will be able to better improve trails used by snowmobiles in the winter. The trails connect to many other communities and help support local businesses, such a gas stations, restaurants and others. The grant will be used to purchase two chain saws, two pole saws, a DR Field and Brush Mower and some smaller items.",8000,1
2024,Vermont,Caledonia,At-Large,Business Programs,Rural Energy for America Program (REAP),05042,Not Persistent Poverty Community,RYEGATE ASSOCIATES,FY24 RES BIOMASS RETROFIT,Grant Funds,East Ryegate,Not Applicable,REAP-MANDATORY RENEW ENERGY SYST GRANTS,Utilities,50005,221117,BIOMASS ELECTRIC POWER GENERATION,Commercial,"This Rural Development investment will be used to install a Waste Heat Recovery module, which will retrofit the Ryegate Biomass Power Plant in East Ryegate, Vermont, to capture waste heat, therefore generating new heat energy. This module will be installed at the base of the plant stack and increase the amount of energy generated by the Ryegate Plant by an additional 315,466 mmBtus annually, for which Ryegate has an off-take agreement. The Ryegate Biomass Power Plant has been in continuous operation since 1992, producing 22.5MW/19.6 MW (Net) to the Vermont electric grid from 250,000 annual tons of wood chips. This project will retrofit this operation, converting it into a combined heat and power plant. The annual value of this additional energy generation is $1,892,676.",1000000,1
2024,Vermont,Caledonia,At-Large,Business Programs,Rural Energy for America Program (REAP),05819,Not Persistent Poverty Community,"BENNETT, HERBERT",FY24 EEI REFRIGERATION EQUIP,Grant Funds,St. Johnsbury,Not Applicable,REAP IRA EEI GRANT $20K AND LESS (FY 23),"Agriculture, Forestry, Fishing and Hunting",50005,111210,Not Available,Commercial,"This Rural Development investment will be used to upgrade equipment for the Bennett Family Farm Stand located in St. Johnsbury, VT. By installing more efficient refrigeration equipment, the farm stand will be able to save their operation approximately $1,200 annually.",5551,1
2024,Vermont,Caledonia,At-Large,Business Programs,Rural Energy for America Program (REAP),05819,Not Persistent Poverty Community,"BENNETT, HERBERT",FY24 RES SOLAR TRACKER,Grant Funds,St. Johnsbury,Not Applicable,REAP IRA RES GRANT $20K AND LESS (FY 23),"Agriculture, Forestry, Fishing and Hunting",50005,111210,Not Available,Commercial,"This Rural Development investment will be used to replace 90 percent of the energy consumed by the Bennett Family Farm Stand each year by installing a Solar Tracker on their site. Bennett Family Farm Stand is located in St. Johnsbury, Vermont. The solar array will produce roughly 9,700 kilowatt hours (kWh) per year, saving the company an estimated $1,800 annually.",17500,1
2024,Vermont,Caledonia,At-Large,Business Programs,Rural Energy for America Program (REAP),05851,Not Persistent Poverty Community,"VERMONT RENEWABLE GAS, LLC",FY24 RES 2200KW BIOMASS PLANT,Grant Funds,Lyndon,Not Applicable,REAP IRA RES GRANT UNRESTRICTED (FY 22/23),Utilities,50005,221117,BIOMASS ELECTRIC POWER GENERATION,Commercial,"This Rural Development investment will be used to help construct a 2,200 kilowatt (kW) farm methane gas digester plant operated by Vermont Renewable Gas in Lyndon, Vermont. The plant will be located at Industrial Parkway in Lyndonville, Vermont. Woody biomass will be put through a High Temperature Ablative Pyrolysis (HTAP) reactor system to generate fuel gas and biochar as a byproduct. The interconnecting utility is Village of Lyndonville Electric Department. Generating an estimated 18,590,930 kilowatt hours (kWh) of power valued at $2,602,730 annually, the plant will also produce nearly 1600 tons of biochar, valued at $479,516.",1000000,1
2024,Vermont,Caledonia,At-Large,Community Facilities,Grant (CF),05819,Not Persistent Poverty Community,CATAMOUNT FILM AND ARTS COMPANY,FY 24 CATAMOUNT ARTS CREATIVE,Grant Funds,St Johnsbury,Not Applicable,COMMUNITY FACILITY GRANTS - EZ/EC,Other or Not Defined,50005,9999,OTHER,Commercial,"This Rural Development investment will be used to implement energy-efficiency upgrades to the creative campus of the Catamount Film & Arts Company in St. Johnsbury, Vermont. Four buildings will receive system improvements that include mini-split, air-source heat pumps for more efficient heating and cooling; an energy-recovery ventilation system to provide fresh air exchange; and a domestic hot-water system with air-sourced heat pump water heaters. The proposed project addresses heating, cooling and mechanical systems in the four buildings, but is a portion of overall activities being implemented for energy efficiency improvements to the campus.",194700,1
2024,Vermont,Caledonia,At-Large,Community Facilities,Grant (CF),05819,Not Persistent Poverty Community,"NORTHEASTERN VERMONT REGIONAL HOSPITAL, INC.",FY 24 CHEMISTRY ANALYZER REPLA,Grant Funds,Saint Johnsbury,Not Applicable,COMMUNITY FACILITY GRANTS - EZ/EC,Wholesale Trade,50005,421450,HOSPITAL EQUIPMENT,Commercial,"This Rural Development investment will be used to replace a chemistry analyzer at Northeastern Vermont Regional Hospital in St. Johnsbury, Vermont. The new analyzer will have the capability to test up to 200 different investigative procedures for 20 different disease states. This will allow the hospital to process a greater number of tests than currently being administered. The analyzer will also allow certain tests that could not previously be conducted onsite to be processed in-house. The addition of this state-of-the-art analyzer will increase laboratory efficiency and decrease test-result waiting times.",59500,1
2024,Vermont,Caledonia,At-Large,Community Facilities,Grant (CF),05819,Not Persistent Poverty Community,"ST. JOHNSBURY, TOWN OF",FY 22 CDS LVRT RIVERFRONT EXTE,Grant Funds,St. Johnsbury,Not Applicable,FY22 CONGRESSIONALLY DIRECTED SPENDING,Other or Not Defined,50005,9992,OTHER -  CULTURAL & EDUCATIONAL RELATED SERVICES,Commercial,"This Rural Development investment will be used to allow the town of St. Johnsbury, Vermont, to complete phase 2 of the Three Rivers Path project. This will involve construction of roughly 3,500 feet for the final segment of a planned path to connect the eastern terminus of the Lamoille Valley Rail Trail (LVRT) to the downtown area referenced as the LVRT Riverfront Extension Project. Project consists of construction of an eight foot wide multi-use path running from the LVRT trailhead at the south end of Main Street and continuing north to connect near the downtown area, ensuring that the final section of the path is completed. This will lead to improved access to the downtown area and also an increased number of visitors for a given season. The majority of these visitors will patronize many of the businesses downtown, and this will result in direct economic benefits.",543000,1
2024,Vermont,Caledonia,At-Large,Multifamily Housing,Rental Assistance (MFH),Zip Code Withheld,Not Persistent Poverty Community,Name Withheld,GROTON COMMUNITY HOUSING LP RURAL EDGE PROP MNG,Grant Funds,City Name Withheld,Not Applicable,RENEWAL / REPLACEMENT -FAMILY,Real Estate and Rental and Leasing,50005,NA,Not Available,Residential,Detailed Project Description Not Available,256651,1
2024,Vermont,Caledonia,At-Large,Multifamily Housing,Rental Assistance (MFH),Zip Code Withheld,Not Persistent Poverty Community,Name Withheld,HILLTOP FAMILY HSNG,Grant Funds,City Name Withheld,Not Applicable,RENEWAL / REPLACEMENT -FAMILY,Real Estate and Rental and Leasing,50005,NA,Not Available,Residential,Detailed Project Description Not Available,298526,1
2024,Vermont,Caledonia,At-Large,Multifamily Housing,Rental Assistance (MFH),Zip Code Withheld,Not Persistent Poverty Community,Name Withheld,MARIGOLD APTS,Grant Funds,City Name Withheld,Not Applicable,RENEWAL  / REPLACEMENT - ELDERLY,Real Estate and Rental and Leasing,50005,NA,Not Available,Residential,Detailed Project Description Not Available,39188,1
2024,Vermont,Caledonia,At-Large,Multifamily Housing,Rental Assistance (MFH),Zip Code Withheld,Not Persistent Poverty Community,Name Withheld,MOOSE RIVER HOUSING,Grant Funds,City Name Withheld,Not Applicable,RENEWAL / REPLACEMENT -FAMILY,Real Estate and Rental and Leasing,50005,NA,Not Available,Residential,Detailed Project Description Not Available,310868,1
2024,Vermont,Caledonia,At-Large,Multifamily Housing,Rental Assistance (MFH),Zip Code Withheld,Not Persistent Poverty Community,Name Withheld,MOUNTAIN VIEW APTS,Grant Funds,City Name Withheld,Not Applicable,RENEWAL / REPLACEMENT -FAMILY,Real Estate and Rental and Leasing,50005,NA,Not Available,Residential,Detailed Project Description Not Available,447421,1
2024,Vermont,Caledonia,At-Large,Single Family Housing,Direct Loan (SFH),Zip Code Withheld,Not Persistent Poverty Community,Name Withheld,NOT AVAILABLE,Loan Funds - Direct,City Name Withheld,Not Applicable,502 LOAN - GENERAL INTEREST SUBSIDY LOW & OTHER INCOME,Real Estate and Rental and Leasing,50005,NA,Not Available,Residential,Detailed Project Description Not Available,240000,1
2024,Vermont,Caledonia,At-Large,Single Family Housing,Direct Loan (SFH),Zip Code Withheld,Not Persistent Poverty Community,Name Withheld,NOT AVAILABLE,Loan Funds - Direct,City Name Withheld,Not Applicable,502 LOAN - GENERAL INTEREST SUBSIDY VERY LOW INCOME,Real Estate and Rental and Leasing,50005,NA,Not Available,Residential,Detailed Project Description Not Available,235000,1
2024,Vermont,Caledonia,At-Large,Single Family Housing,Disaster Repair Grant (SFH),Zip Code Withheld,Not Persistent Poverty Community,Name Withheld,NOT AVAILABLE,Grant Funds,City Name Withheld,Not Applicable,504 DISASTER REPAIR GRANT PILOT,Real Estate and Rental and Leasing,50005,NA,Not Available,Residential,Detailed Project Description Not Available,15000,1
2024,Vermont,Caledonia,At-Large,Single Family Housing,Guaranteed Loan (SFH),Zip Code Withheld,Not Persistent Poverty Community,Name Withheld,NOT AVAILABLE,Loan Funds - Guaranteed,City Name Withheld,UNION BANK,SEC 502 GUARANTEED SINGLE FAMILY HOUSING PURCHASE LOANS - WITH ANNUAL FEES ASSIGNED,Real Estate and Rental and Leasing,50005,NA,Not Available,Residential,Detailed Project Description Not Available,804038,3
2024,Vermont,Caledonia,At-Large,Single Family Housing,Repair Grant (SFH),Zip Code Withheld,Not Persistent Poverty Community,Name Withheld,NOT AVAILABLE,Grant Funds,City Name Withheld,Not Applicable,504 GRANT,Real Estate and Rental and Leasing,50005,NA,Not Available,Residential,Detailed Project Description Not Available,2500,1
2024,Vermont,Chittenden,At-Large,Business Programs,Rural Energy for America Program (REAP),05403,Not Persistent Poverty Community,"SPEAR STREET SOLAR, LLC",FY24 RES 772.2KW SOLAR ARRAY,Grant Funds,South Burlington,Not Applicable,REAP IRA RES GRANT UNRESTRICTED (FY 22/23),Utilities,50007,221114,SOLAR ELECTRIC POWER GENERATION,Commercial,"This Rural Development investment will be used to install a 772 kilowatt (kW) solar array at 600 Spear Street in South Burlington, Vermont. Interconnection will be with Green Mountain Power (GMP) and power sold through a Power Purchase Agreement. The project will generate an estimated 860,000 kilowatt hours (kWh) of electricity annually, worth more than $114,300.",730067,1
2024,Vermont,Chittenden,At-Large,Business Programs,Rural Energy for America Program (REAP),05452,Not Persistent Poverty Community,"AUTUMN HARP, INC",FY24 RES 727.5KW SOLAR ARRAY,Grant Funds,Essex,Not Applicable,REAP IRA RES GRANT UNRESTRICTED (FY 22/23),Manufacturing,50007,325611,SOAP AND OTHER DETERGENT MANUFACTURING,Commercial,"This Rural Development investment will be used to install a roof-mounted solar array at Autumn Harp, a beauty and personal-care contract manufacturer in Essex, Vermont. The array is expected to generate roughly 770,500 kilowatt hours (kWh) yearly, a value of $114,100. This will replace approximately 23 percent of the Company's historical annual energy consumption.",784245,1
2024,Vermont,Chittenden,At-Large,Business Programs,Rural Energy for America Program (REAP),05452,Not Persistent Poverty Community,"ESSEX RESORT HOLDINGS, LLC",FY24 RES 867.5KW SOLAR ARRAY,Grant Funds,Essex,Not Applicable,REAP IRA RES GRANT UNRESTRICTED (FY 22/23),Accommodation and Food Services,50007,721110,HOTELS (EXCEPT CASINO HOTELS) AND MOTELS,Commercial,"This Rural Development investment will be used to install two roof-mounted solar arrays and a ground array at Essex Resort, located at 70 Essex Way in Essex, Vermont. The Resort offers luxury accommodations and day spa services for its clientele, and this project will offset an estimated 48 percent of the operation s historical power consumption. By generating roughly 927,000 kilowatt hours (kWh) annually, the combined arrays will save the Resort $108,000 each year.",894206,1
2024,Vermont,Chittenden,At-Large,Business Programs,Rural Energy for America Program (REAP),05462,Not Persistent Poverty Community,"RUNNING SAPS MAPLEWORKS, LLC",FY24 EEI MAPLE EVAPORATOR,Grant Funds,Huntington,Not Applicable,REAP IRA EEI GRANT UNRESTRICTED (FY 22/23),"Agriculture, Forestry, Fishing and Hunting",50007,111998,ALL OTHER MISCELLANEOUS CROP FARMING,Commercial,"This Rural Development investment will be used to replace a wood-fired evaporator with an electric evaporator to more efficiently process maple sap into syrup at Running Saps Mapleworks in Huntington, Vermont. The evaporator will account for roughly 95 percent of historical energy usage, reducing annual costs by an estimated $4,600 and saving more than 200 million BTUs of forest timber.",44572,1
2024,Vermont,Chittenden,At-Large,Business Programs,Rural Energy for America Program (REAP),05489,Not Persistent Poverty Community,MOOSE MOUNTAIN MAPLE LLC,FY24 RES 41.22KW SOLAR ARRAY,Grant Funds,Underhill,Not Applicable,REAP IRA RES GRANT UNRESTRICTED (FY 22/23),"Agriculture, Forestry, Fishing and Hunting",50007,111998,ALL OTHER MISCELLANEOUS CROP FARMING,Commercial,"This Rural Development investment will be used to install a solar array on the sugarhouse roof of Moose Mountain Maple in Underhill, Vermont. The project is expected to generate 36,896 kilowatt hours (kWh) of electricity, offsetting 88 percent of the business' historical energy use. The solar array will save the operation roughly $7,300 annually.",55575,1
2024,Vermont,Chittenden,At-Large,Community Facilities,Direct Loan (CF),05404,Not Persistent Poverty Community,"WINOOSKI, CITY OF",FY 18 MAIN STREET REVITALIZATI,Loan Funds - Direct,Winooski,Not Applicable,COMMUNITY FACILITY (DIRECT AND GUARANTEED LOANS),Transportation and Warehousing,50007,485113,BUS AND OTHER MOTOR VEHICLE TRANSIT SYSTEMS,Commercial,"This Rural Development investment will be used to help the Downtown Revitalization Project become a reality for the city of Winooski, Vermont by funding the streetscaping with the underground utilities work and it will be financed through a commercial lender. The current streetscape and traffic layout do not promote alternative modes of transportation. By renovating the streetscaping, pedestrians will have improved biking and walking accommodations opening up news means of environmentally frien",4500000,1
2024,Vermont,Chittenden,At-Large,Multifamily Housing,Rental Assistance (MFH),Zip Code Withheld,Not Persistent Poverty Community,Name Withheld,WRIGHT HOUSE HARRINGTON VILLAGE,Grant Funds,City Name Withheld,Not Applicable,RENEWAL  / REPLACEMENT - ELDERLY,Real Estate and Rental and Leasing,50007,NA,Not Available,Residential,Detailed Project Description Not Available,340839,1
2024,Vermont,Chittenden,At-Large,Single Family Housing,Direct Loan (SFH),Zip Code Withheld,Not Persistent Poverty Community,Name Withheld,NOT AVAILABLE,Loan Funds - Direct,City Name Withheld,Not Applicable,502 LOAN - GENERAL INTEREST SUBSIDY LOW & OTHER INCOME,Real Estate and Rental and Leasing,50007,NA,Not Available,Residential,Detailed Project Description Not Available,225000,1
2024,Vermont,Chittenden,At-Large,Single Family Housing,Guaranteed Loan (SFH),Zip Code Withheld,Not Persistent Poverty Community,Name Withheld,NOT AVAILABLE,Loan Funds - Guaranteed,City Name Withheld,"CMG MORTGAGE, INC",SEC 502 GUARANTEED SINGLE FAMILY HOUSING PURCHASE LOANS - WITH ANNUAL FEES ASSIGNED,Real Estate and Rental and Leasing,50007,NA,Not Available,Residential,Detailed Project Description Not Available,303030,1
2024,Vermont,Chittenden,At-Large,Single Family Housing,Repair Loan (SFH),Zip Code Withheld,Not Persistent Poverty Community,Name Withheld,NOT AVAILABLE,Loan Funds - Direct,City Name Withheld,Not Applicable,504 LOAN,Real Estate and Rental and Leasing,50007,NA,Not Available,Residential,Detailed Project Description Not Available,21074,2
2024,Vermont,Essex,At-Large,Single Family Housing,Repair Grant (SFH),Zip Code Withheld,Not Persistent Poverty Community,Name Withheld,NOT AVAILABLE,Grant Funds,City Name Withheld,Not Applicable,504 GRANT,Real Estate and Rental and Leasing,50009,NA,Not Available,Residential,Detailed Project Description Not Available,10000,1
2024,Vermont,Franklin,At-Large,Business Programs,Advanced Biofuel Payment Program,05450,Not Persistent Poverty Community,KANE'S COW POWER LLC,NOT AVAILABLE,Grant Funds,Enosburg Falls,Not Applicable,GRANT FOR PROD OF ADV BIOFUEL,Other or Not Defined,50011,NA,Not Available,Commercial,Detailed Project Description Not Available,317,7
2024,Vermont,Franklin,At-Large,Business Programs,Rural Energy for America Program (REAP),05448,Not Persistent Poverty Community,DOES' LEAP LLC,FY24 RES 13.36 KW SOLAR ARRAY,Grant Funds,Bakersfield,Not Applicable,REAP IRA RES GRANT $20K AND LESS (FY 23),"Agriculture, Forestry, Fishing and Hunting",50011,112420,GOAT FARMING,Commercial,"This Rural Development investment will be used to replace 96 percent of the remaining energy that Does' Leap LLC consumes each year by installing solar panels on the roof of a barn at their farm in East Fairfield, Vermont. The solar array will produce roughly 15,900 kilowatt hours (kWh) per year, saving the company an estimated $1,300 annually.",19464,1
2024,Vermont,Franklin,At-Large,Business Programs,Rural Energy for America Program (REAP),05455,Not Persistent Poverty Community,BRANON'S WEST VIEW MAPLES LLC,FY23 EEI MAPLE EQUIPMENT EFFIC,Grant Funds,Fairfield,Not Applicable,REAP IRA EEI GRANT UNRESTRICTED (FY 22/23),"Agriculture, Forestry, Fishing and Hunting",50011,111998,ALL OTHER MISCELLANEOUS CROP FARMING,Commercial,"This Rural Development investment will be used to make the sugaring operation of Branon's West View Maples in Fairfield, Vermont, more energy efficient and productive. The project includes modern reverse osmosis equipment with hook-up and technical assistance, and new automation equipment with expert labor and testing. This energy upgrade is estimated to save just under $22,000 in annual costs, reflecting a reduction of 219,465 kWh consumed. Additional Funding: Districts: [1] Representatives: B",175034,1
2024,Vermont,Franklin,At-Large,Business Programs,Rural Energy for America Program (REAP),05483,Not Persistent Poverty Community,MACHIA & SONS DAIRY LLC,FY24 RES 708 KW SOLAR ARRAY,Grant Funds,Sheldon,Not Applicable,REAP IRA RES GRANT UNRESTRICTED (FY 22/23),"Agriculture, Forestry, Fishing and Hunting",50011,112120,DAIRY CATTLE AND MILK PRODUCTION,Commercial,"This Rural Development investment will be used to install a roof-mounted solar array at Machia & Sons Dairy Farm in Sheldon, Vermont. The array will generate an estimated 812,000 kilowatt hours (kWh) annually, valued at more than $120,600. This will offset all of the Farm's historical power consumption, and provide additional income as well.",716958,1
2024,Vermont,Franklin,At-Large,Multifamily Housing,Rental Assistance (MFH),Zip Code Withheld,Not Persistent Poverty Community,Name Withheld,PLEASANT STREET HOUSING LP,Grant Funds,City Name Withheld,Not Applicable,RENEWAL / REPLACEMENT -FAMILY,Real Estate and Rental and Leasing,50011,NA,Not Available,Residential,Detailed Project Description Not Available,244385,1
2024,Vermont,Franklin,At-Large,Multifamily Housing,Rental Assistance (MFH),Zip Code Withheld,Not Persistent Poverty Community,Name Withheld,RICHFORD COMMUNITY HOUSING,Grant Funds,City Name Withheld,Not Applicable,RENEWAL / REPLACEMENT -FAMILY,Real Estate and Rental and Leasing,50011,NA,Not Available,Residential,Detailed Project Description Not Available,183568,1
2024,Vermont,Franklin,At-Large,Multifamily Housing,Rental Assistance (MFH),Zip Code Withheld,Not Persistent Poverty Community,Name Withheld,SWANTON SCHOOL SENIOR HOUSING,Grant Funds,City Name Withheld,Not Applicable,RENEWAL  / REPLACEMENT - ELDERLY,Real Estate and Rental and Leasing,50011,NA,Not Available,Residential,Detailed Project Description Not Available,279909,1
2024,Vermont,Franklin,At-Large,Single Family Housing,Direct Loan (SFH),Zip Code Withheld,Not Persistent Poverty Community,Name Withheld,NOT AVAILABLE,Loan Funds - Direct,City Name Withheld,Not Applicable,502 LOAN - GENERAL INTEREST SUBSIDY VERY LOW INCOME,Real Estate and Rental and Leasing,50011,NA,Not Available,Residential,Detailed Project Description Not Available,475880,2
2024,Vermont,Franklin,At-Large,Single Family Housing,Guaranteed Loan (SFH),Zip Code Withheld,Not Persistent Poverty Community,Name Withheld,NOT AVAILABLE,Loan Funds - Guaranteed,City Name Withheld,"CMG MORTGAGE, INC",SEC 502 GUARANTEED SINGLE FAMILY HOUSING PURCHASE LOANS - WITH ANNUAL FEES ASSIGNED,Real Estate and Rental and Leasing,50011,NA,Not Available,Residential,Detailed Project Description Not Available,318181,1
2024,Vermont,Franklin,At-Large,Single Family Housing,Guaranteed Loan (SFH),Zip Code Withheld,Not Persistent Poverty Community,Name Withheld,NOT AVAILABLE,Loan Funds - Guaranteed,City Name Withheld,"NORTHEAST HOME LOAN, LLC",SEC 502 GUARANTEED SINGLE FAMILY HOUSING PURCHASE LOANS - WITH ANNUAL FEES ASSIGNED,Real Estate and Rental and Leasing,50011,NA,Not Available,Residential,Detailed Project Description Not Available,217171,1
2024,Vermont,Franklin,At-Large,Single Family Housing,Guaranteed Loan (SFH),Zip Code Withheld,Not Persistent Poverty Community,Name Withheld,NOT AVAILABLE,Loan Funds - Guaranteed,City Name Withheld,PEOPLES TRUST COMPANY,SEC 502 GUARANTEED SINGLE FAMILY HOUSING PURCHASE LOANS - WITH ANNUAL FEES ASSIGNED,Real Estate and Rental and Leasing,50011,NA,Not Available,Residential,Detailed Project Description Not Available,566000,2
2024,Vermont,Franklin,At-Large,Single Family Housing,Guaranteed Loan (SFH),Zip Code Withheld,Not Persistent Poverty Community,Name Withheld,NOT AVAILABLE,Loan Funds - Guaranteed,City Name Withheld,UNION BANK,SEC 502 GUARANTEED SINGLE FAMILY HOUSING PURCHASE LOANS - WITH ANNUAL FEES ASSIGNED,Real Estate and Rental and Leasing,50011,NA,Not Available,Residential,Detailed Project Description Not Available,268686,1
2024,Vermont,Franklin,At-Large,Single Family Housing,Guaranteed Loan (SFH),Zip Code Withheld,Not Persistent Poverty Community,Name Withheld,NOT AVAILABLE,Loan Funds - Guaranteed,City Name Withheld,"UNITED WHOLESALE MORTGAGE, LLC",SEC 502 GUARANTEED SINGLE FAMILY HOUSING PURCHASE LOANS - WITH ANNUAL FEES ASSIGNED,Real Estate and Rental and Leasing,50011,NA,Not Available,Residential,Detailed Project Description Not Available,313090,1
2024,Vermont,Franklin,At-Large,Single Family Housing,Repair Grant (SFH),Zip Code Withheld,Not Persistent Poverty Community,Name Withheld,NOT AVAILABLE,Grant Funds,City Name Withheld,Not Applicable,504 COMBINATION LOAN & GRANT,Real Estate and Rental and Leasing,50011,NA,Not Available,Residential,Detailed Project Description Not Available,10000,1
2024,Vermont,Franklin,At-Large,Single Family Housing,Repair Loan (SFH),Zip Code Withheld,Not Persistent Poverty Community,Name Withheld,NOT AVAILABLE,Loan Funds - Direct,City Name Withheld,Not Applicable,504 COMBINATION LOAN & GRANT,Real Estate and Rental and Leasing,50011,NA,Not Available,Residential,Detailed Project Description Not Available,11000,1
2024,Vermont,Grand Isle,At-Large,Business Programs,Rural Energy for America Program (REAP),05486,Not Persistent Poverty Community,"SNOW FARM WINERY, LLC",FY24 RES 41.2 KW SOLAR ARRAY,Grant Funds,South Hero,Not Applicable,REAP IRA RES GRANT UNRESTRICTED (FY 22/23),Manufacturing,50013,312130,WINERIES,Commercial,"This Rural Development investment will be used to install a 41.2 kilowatt (kW) roof-mounted solar array at Snow Farm Winery. The Farm is well-known as an agricultural staple in the area and a popular gathering place for summer concerts and events. The array is sized to produce the amount of power used by the business, roughly 37,900 kilowatt hours (kWh) valued at $7,100, as well as supply additional income.",54925,1
2024,Vermont,Grand Isle,At-Large,Community Facilities,Direct Loan (CF),05440,Not Persistent Poverty Community,"ALBURGH FAMILY CLUBHOUSE, INC",FY 22 CDS CHILDCARE CENTER PRO,Loan Funds - Direct,Alburgh,Not Applicable,COMMUNITY FACILITY (DIRECT AND GUARANTEED LOANS),Health Care and Social Assistance,50013,62441,CHILD DAY CARE SERVICES,Commercial,"This Rural Development investment will be used to construct a 4,924 square foot childcare center in Alburgh, Vermont. The facility center will allow Alburgh Family Clubhouse Inc. to provide full-day, full-year, high-quality childcare, and early education to 62 children in five classrooms: 16 infants, 10 Toddlers, 18 Preschoolers and 18 K-5th grade school age children. Projected opening is in the first quarter of 2025. This project will create 16 new jobs and further addresses Vermont's childcare needs that Rural Development has focused on in recent years.",1000000,1
2024,Vermont,Grand Isle,At-Large,Community Facilities,Grant (CF),05440,Not Persistent Poverty Community,"ALBURGH FAMILY CLUBHOUSE, INC",FY 22 CDS CHILDCARE CENTER PRO,Grant Funds,Alburgh,Not Applicable,FY22 CONGRESSIONALLY DIRECTED SPENDING,Health Care and Social Assistance,50013,62441,CHILD DAY CARE SERVICES,Commercial,"This Rural Development investment will be used to construct a 4,924 square foot childcare center in Alburgh, Vermont. The facility center will allow Alburgh Family Clubhouse Inc. to provide full-day, full-year, high-quality childcare, and early education to 62 children in five classrooms: 16 infants, 10 Toddlers, 18 Preschoolers and 18 K-5th grade school age children. Projected opening is in the first quarter of 2025. This project will create 16 new jobs and further addresses Vermont's childcare needs that Rural Development has focused on in recent years.",189000,1
2024,Vermont,Lamoille,At-Large,Business Programs,Rural Energy for America Program (REAP),05444,Not Persistent Poverty Community,BOYDEN VALLEY WINERY LLC,FY24 EEI HEAT PUMPS,Grant Funds,Cambridge,Not Applicable,REAP IRA EEI GRANT $20K AND LESS (FY 23),Manufacturing,50015,312130,WINERIES,Commercial,"This Rural Development investment will be used to purchase and install efficient heat pumps for heating and cooling of the Boyden Valley Winery operation in Cambridge, Vermont. The heat pumps and efficient upgrades will save the business approximately 28,400 kilowatt hours (kWh), equal to $1,000 per year on their utility bills.",12467,1
2024,Vermont,Lamoille,At-Large,Business Programs,Rural Energy for America Program (REAP),05464,Not Persistent Poverty Community,GREGORY BEAUDOIN,FY24 RES 77.1 KW SOLAR ARRAY,Grant Funds,Jeffersonville,Not Applicable,REAP IRA RES GRANT UNRESTRICTED (FY 22/23),"Agriculture, Forestry, Fishing and Hunting",50015,112120,DAIRY CATTLE AND MILK PRODUCTION,Commercial,"This Rural Development investment will be used to install roof-mounted solar arrays on the barns at Greg Beaudoin Farm in Jeffersonville, Vermont. The project will generate an estimated 81,000 kilowatt hours (kWh) annually, and offset energy consumption from the daily operations and generate additional income. Historically consuming roughly 57,000 kWh of power valued at $10,100, Beaudoin Farm will account for all of the expense through the new renewable-energy project.",97523,1
2024,Vermont,Lamoille,At-Large,Business Programs,Rural Energy for America Program (REAP),05672,Not Persistent Poverty Community,"LITTLE RIVER HOLDINGS, LLC",FY24 RES 52.4 KW SOLAR ARRAY,Grant Funds,Stowe,Not Applicable,REAP IRA RES GRANT UNRESTRICTED (FY 22/23),Accommodation and Food Services,50015,721110,HOTELS (EXCEPT CASINO HOTELS) AND MOTELS,Commercial,"This Rural Development investment will be used to install a roof-mounted solar array at Talta Lodge, a boutique hotel owned by Little River Holdings in Stowe, Vermont. The business will produce clean power to replace a portion of their historical energy usage, established at 259,900 kilowatt hours (kWh) annually. By generating 63,060 kWhs valued at $7,325 a year, the operation will offset a quarter of its power cost.",74079,1
2024,Vermont,Lamoille,At-Large,Multifamily Housing,Rental Assistance (MFH),Zip Code Withheld,Not Persistent Poverty Community,Name Withheld,COLONIAL MANOR,Grant Funds,City Name Withheld,Not Applicable,RENEWAL / REPLACEMENT -FAMILY,Real Estate and Rental and Leasing,50015,NA,Not Available,Residential,Detailed Project Description Not Available,272359,1
2024,Vermont,Lamoille,At-Large,Multifamily Housing,Rental Assistance (MFH),Zip Code Withheld,Not Persistent Poverty Community,Name Withheld,PORTLAND & MAIN HSG,Grant Funds,City Name Withheld,Not Applicable,RENEWAL / REPLACEMENT -FAMILY,Real Estate and Rental and Leasing,50015,NA,Not Available,Residential,Detailed Project Description Not Available,100292,1
2024,Vermont,Lamoille,At-Large,Multifamily Housing,Rental Assistance (MFH),Zip Code Withheld,Not Persistent Poverty Community,Name Withheld,ST JOHNS KNOLL REALTY RESOURCE,Grant Funds,City Name Withheld,Not Applicable,RENEWAL  / REPLACEMENT - ELDERLY,Real Estate and Rental and Leasing,50015,NA,Not Available,Residential,Detailed Project Description Not Available,223313,1
2024,Vermont,Lamoille,At-Large,Single Family Housing,Direct Loan (SFH),Zip Code Withheld,Not Persistent Poverty Community,Name Withheld,NOT AVAILABLE,Loan Funds - Direct,City Name Withheld,Not Applicable,502 LOAN - GENERAL INTEREST SUBSIDY LOW & OTHER INCOME,Real Estate and Rental and Leasing,50015,NA,Not Available,Residential,Detailed Project Description Not Available,150000,1
2024,Vermont,Lamoille,At-Large,Single Family Housing,Disaster Repair Grant (SFH),Zip Code Withheld,Not Persistent Poverty Community,Name Withheld,NOT AVAILABLE,Grant Funds,City Name Withheld,Not Applicable,504 DISASTER REPAIR GRANT PILOT,Real Estate and Rental and Leasing,50015,NA,Not Available,Residential,Detailed Project Description Not Available,8000,1
2024,Vermont,Lamoille,At-Large,Single Family Housing,Repair Grant (SFH),Zip Code Withheld,Not Persistent Poverty Community,Name Withheld,NOT AVAILABLE,Grant Funds,City Name Withheld,Not Applicable,504 COMBINATION LOAN & GRANT,Real Estate and Rental and Leasing,50015,NA,Not Available,Residential,Detailed Project Description Not Available,10000,1
2024,Vermont,Lamoille,At-Large,Single Family Housing,Repair Grant (SFH),Zip Code Withheld,Not Persistent Poverty Community,Name Withheld,NOT AVAILABLE,Grant Funds,City Name Withheld,Not Applicable,504 GRANT,Real Estate and Rental and Leasing,50015,NA,Not Available,Residential,Detailed Project Description Not Available,8200,1
2024,Vermont,Lamoille,At-Large,Single Family Housing,Repair Loan (SFH),Zip Code Withheld,Not Persistent Poverty Community,Name Withheld,NOT AVAILABLE,Loan Funds - Direct,City Name Withheld,Not Applicable,504 COMBINATION LOAN & GRANT,Real Estate and Rental and Leasing,50015,NA,Not Available,Residential,Detailed Project Description Not Available,7400,1
2024,Vermont,Not Available,Multiple/Unknown Districts,Electric Programs,Infrastructure,NA,Not Persistent Poverty Community,Washington Electric Coop,VT0008-BH,Loan Funds - Direct,NA,Not Applicable,ELEC SECTION 4 TREASURY RATE,Utilities,Not Available,NA,Not Available,Commercial,"This Rural Development investment will be used to connect 341 consumers, and build and improve 26 miles of line. This loan includes $1,279,600 in smart grid technologies. Washington Electric Coop is headquartered in East Montpelier, Vermont, and serves approximately 11,964 consumers over 1,347 miles of line throughout four counties in north central Vermont.",11195000,1
2024,Vermont,Not Available,Multiple/Unknown Districts,Electric Programs,Rural Energy Savings Program (RESP),NA,Not Persistent Poverty Community,Vermont Economic Development Authority,VT0017-A,Loan Funds - Direct,NA,Not Applicable,RURAL ENERGY SAVINGS PROGRAM (RESP),Utilities,Not Available,NA,Not Available,Commercial,"This Rural Development investment will be used to finance a relending program to qualified consumers who will implement energy efficiency measures. VEDA serves various towns and counties, like Caledonia, Essex and Orleans that has a population less than 50,000 inhabitants.",10000000,1
2024,Vermont,Not Available,Multiple/Unknown Districts,Telecommunications Programs,Community Connect Grant (TELE),NA,Not Persistent Poverty Community,NEK Community Broadband,VT1402-A,Grant Funds,NA,Not Applicable,COMMUNITY CONNECTIVITY-ORIENTED GTS,Utilities,Not Available,NA,Not Available,Commercial,"This Rural Development investment will be used to construct a fiber-to-the-premises system to benefit 525 residents and 29 businesses in the Caledonia County, Vermont service area. Subscribers will have access to up to 1 Gbps symmetrical service, expanding access to economic, educational, health care and public safety opportunities. Community centers will be provided in the Groton Free Public Library and Ryegate Public Library where residents can access the Internet free of charge for at least two years.",2847276,1
2024,Vermont,Not Available,Multiple/Unknown Districts,Telecommunications Programs,Distance Learning and Telemedicine (TELE),NA,Not Persistent Poverty Community,"Lamoille County Mental Health Services,",VT0721-A,Grant Funds,NA,Not Applicable,DLT OPIOID GRANTS,Utilities,Not Available,NA,Not Available,Commercial,"This Rural Development investment will be used to equip one hub site, five end-user sites and three hub/end-user sites located in Lamoille County, Vermont with computer equipment to upgrade telehealth capabilities for mental health services such as out-patient counseling, psychiatry, case management and care coordination. It will also include capabilities for basic primary care services, such as monitoring clients' vital signs in order to achieve proper health-related outcomes. Mental health pro",84379,1
2024,Vermont,Orange,At-Large,Business Programs,Rural Energy for America Program (REAP),05039,Not Persistent Poverty Community,SWEET BEAR FARM,FY23 EEI RO MAPLE,Grant Funds,Corinth,Not Applicable,REAP IRA EEI GRANT UNRESTRICTED (FY 22/23),"Agriculture, Forestry, Fishing and Hunting",50017,111998,ALL OTHER MISCELLANEOUS CROP FARMING,Commercial,"This Rural Development investment will be used to install a reverse osmosis machine at Sweet Bear Farm in Corinth, Vermont. Sweet Bear Farm is owned by Kate and Jeremiah Goyette, who produce maple syrup, raise pigs, grow vegetables and sell firewood and saw timber. The reverse osmosis machine will streamline their sugarhouse operation, saving time and thus wood fuel by concentrating sap ahead of boiling. This project is expected to save $1,662 annually, or 68 percent of the farm's historical ene",6433,1
2024,Vermont,Orange,At-Large,Business Programs,Rural Energy for America Program (REAP),05045,Not Persistent Poverty Community,"P&P MARKETPLACE, INC",FY24 EEI REFRIGERATION & HVAC,Grant Funds,Fairlee,Not Applicable,REAP IRA EEI GRANT UNRESTRICTED (FY 22/23),Retail Trade,50017,445110,SUPERMARKETS AND OTHER GROCERY (EXCEPT CONVENIENCE) STORES,Commercial,"This Rural Development investment will be used to make energy efficiency refrigeration improvements at P&P Marketplace in Thetford, Vermont, dba Wings Marketplace & Deli. The existing gas-fired furnace and existing ductwork will be removed and replaced with a new heating, ventilation and air conditioning (HVAC) system. A heat reclaim system will provide heating for the space through 95 percent of the heating season and replace LP gas as the building's main heating source. It will also be used for dehumidification control during the summer months. Cooling and dehumidification are included in the HVAC unit. This will help with refrigeration system efficiency. The system will also control humidity in the space and prevent condensation on the cooler door. The project is expected to reduce the business's energy cost by roughly 35 percent, saving more than $25,600 annually.",404552,1
2024,Vermont,Orange,At-Large,Business Programs,Rural Energy for America Program (REAP),05045,Not Persistent Poverty Community,"P&P MARKETPLACE, INC",FY24 RES 113.49KWH SOLAR ARRAY,Grant Funds,Fairlee,Not Applicable,REAP IRA RES GRANT UNRESTRICTED (FY 22/23),Retail Trade,50017,445131,Not Available,Commercial,"This Rural Development investment will be used to install a roof-mounted solar array at the Wings Market & Deli in Fairlee, Vermont. The array will generate an estimated 117,000 kilowatt hours (kWh) valued at $19,100, which will offset roughly 33 percent of the business's annual energy consumption.",142866,1
2024,Vermont,Orange,At-Large,Multifamily Housing,Rental Assistance (MFH),Zip Code Withheld,Not Persistent Poverty Community,Name Withheld,BROOKVIEW APTS,Grant Funds,City Name Withheld,Not Applicable,RENEWAL / REPLACEMENT -FAMILY,Real Estate and Rental and Leasing,50017,NA,Not Available,Residential,Detailed Project Description Not Available,148499,1
2024,Vermont,Orange,At-Large,Multifamily Housing,Rental Assistance (MFH),Zip Code Withheld,Not Persistent Poverty Community,Name Withheld,MEADOWBROOK PLACE,Grant Funds,City Name Withheld,Not Applicable,RENEWAL / REPLACEMENT -FAMILY,Real Estate and Rental and Leasing,50017,NA,Not Available,Residential,Detailed Project Description Not Available,270628,1
2024,Vermont,Orange,At-Large,Multifamily Housing,Rental Assistance (MFH),Zip Code Withheld,Not Persistent Poverty Community,Name Withheld,"MONTEBELLO HILL APT AHEAD, INC 262 COTTAGE ST.",Grant Funds,City Name Withheld,Not Applicable,RENEWAL  / REPLACEMENT - ELDERLY,Real Estate and Rental and Leasing,50017,NA,Not Available,Residential,Detailed Project Description Not Available,97119,1
2024,Vermont,Orange,At-Large,Multifamily Housing,Rental Assistance (MFH),Zip Code Withheld,Not Persistent Poverty Community,Name Withheld,"SPEAR HOUSE AHEAD, INC 262 COTTAGE ST",Grant Funds,City Name Withheld,Not Applicable,RENEWAL  / REPLACEMENT - ELDERLY,Real Estate and Rental and Leasing,50017,NA,Not Available,Residential,Detailed Project Description Not Available,126387,1
2024,Vermont,Orange,At-Large,Single Family Housing,Guaranteed Loan (SFH),Zip Code Withheld,Not Persistent Poverty Community,Name Withheld,NOT AVAILABLE,Loan Funds - Guaranteed,City Name Withheld,ACADEMY MORTGAGE CORPORATION,SEC 502 GUARANTEED SINGLE FAMILY HOUSING PURCHASE LOANS - WITH ANNUAL FEES ASSIGNED,Real Estate and Rental and Leasing,50017,NA,Not Available,Residential,Detailed Project Description Not Available,127272,1
2024,Vermont,Orange,At-Large,Single Family Housing,Guaranteed Loan (SFH),Zip Code Withheld,Not Persistent Poverty Community,Name Withheld,NOT AVAILABLE,Loan Funds - Guaranteed,City Name Withheld,NEIGHBORS BANK,SEC 502 GUARANTEED SINGLE FAMILY HOUSING PURCHASE LOANS - WITH ANNUAL FEES ASSIGNED,Real Estate and Rental and Leasing,50017,NA,Not Available,Residential,Detailed Project Description Not Available,119696,1
2024,Vermont,Orange,At-Large,Single Family Housing,Repair Grant (SFH),Zip Code Withheld,Not Persistent Poverty Community,Name Withheld,NOT AVAILABLE,Grant Funds,City Name Withheld,Not Applicable,504 COMBINATION LOAN & GRANT,Real Estate and Rental and Leasing,50017,NA,Not Available,Residential,Detailed Project Description Not Available,12500,2
2024,Vermont,Orange,At-Large,Single Family Housing,Repair Grant (SFH),Zip Code Withheld,Not Persistent Poverty Community,Name Withheld,NOT AVAILABLE,Grant Funds,City Name Withheld,Not Applicable,504 GRANT,Real Estate and Rental and Leasing,50017,NA,Not Available,Residential,Detailed Project Description Not Available,20000,2
2024,Vermont,Orange,At-Large,Single Family Housing,Repair Loan (SFH),Zip Code Withheld,Not Persistent Poverty Community,Name Withheld,NOT AVAILABLE,Loan Funds - Direct,City Name Withheld,Not Applicable,504 COMBINATION LOAN & GRANT,Real Estate and Rental and Leasing,50017,NA,Not Available,Residential,Detailed Project Description Not Available,5500,2
2024,Vermont,Orleans,At-Large,Business Programs,Advanced Biofuel Payment Program,05859,Not Persistent Poverty Community,CHAPUT FAMILY FARMS,NOT AVAILABLE,Grant Funds,North Troy,Not Applicable,GRANT FOR PROD OF ADV BIOFUEL,Other or Not Defined,50019,NA,Not Available,Commercial,Detailed Project Description Not Available,44,1
2024,Vermont,Orleans,At-Large,Business Programs,Rural Business Development Grant (RBDG),05855,Not Persistent Poverty Community,"VERMONT FARM -TO-SCHOOL, INC","FY24 $99,657 T/A",Grant Funds,Newport,Not Applicable,RBCS ENTERPRISE REAP ZONE GRANTS,Public Administration,50019,926110,ADMINISTRATION OF GENERAL ECONOMIC PROGRAMS,Commercial,"This Rural Development investment will be used to strengthen Northern Vermont's local food systems and increase farm viability through marketing, sales and technical assistance for Green Mountain Farm Direct Farm partners. This project will create 10 and sustain 28 full-time jobs in the area.",99657,1
2024,Vermont,Orleans,At-Large,Business Programs,Rural Energy for America Program (REAP),05841,Not Persistent Poverty Community,PETER GEBBIE DBA GEBBIES MAPLEHURST FARM,FY24 RES 67.2 KW SOLAR ARRAY,Grant Funds,Greensboro,Not Applicable,REAP IRA RES GRANT UNRESTRICTED (FY 22/23),"Agriculture, Forestry, Fishing and Hunting",50019,112120,DAIRY CATTLE AND MILK PRODUCTION,Commercial,"This Rural Development investment will be used to install a 67.2 kilowatt (kW) direct current (DC), roof-mounted solar array on a new storage shed at Gebbies Maplehurst Farm in Greensboro, Vermont. To be more environmentally friendly, Farm owners converted from dairy to beef and installed a methane digester in 2012. Now, the shed's rooftop will be transformed into an economically and environmentally beneficial, energy-generating asset that will produce 77,315 kilowatt hours (kWh) of electricity, offsetting 88 percent of the Farm's annual energy usage and saving over $15,000 annually.",88934,1
2024,Vermont,Orleans,At-Large,Business Programs,Value Added Producer Grant (VAPG),05875,Not Persistent Poverty Community,"SWEET ROWEN FARMSTEAD, LLC","FY24 VAPG $250,000 WC",Grant Funds,West Glover,Not Applicable,VALUE-ADDED PRODUCER DVLP GRANTS-DISCR,"Agriculture, Forestry, Fishing and Hunting",50019,112120,DAIRY CATTLE AND MILK PRODUCTION,Commercial,"This Rural Development investment will be used to expand the market share for Sweet Rowen Farmstead LLC by adding two new distributors and 88 new retail and chain accounts due to the addition of case pack pricing and packaging for the farmstead. This assistance will add on two new full time creamery employees and increase the admin staff from 1.25 to 2 full time employees. Additionally, this investment will increase the annual value-added gross sales by over 80 percent. The purpose of this program is to help agricultural producers enter value-added activities to generate new products, create and expand marketing opportunities, and increase producer income.",250000,1
2024,Vermont,Orleans,At-Large,Community Facilities,Grant (CF),05822,Not Persistent Poverty Community,"BARTON VILLAGE, INC.",FY 24 SALT AND SAND SHED COST,Grant Funds,Barton,Not Applicable,COMMUNITY FACILITY GRANTS - EZ/EC,Other or Not Defined,50019,9994,OTHER PUBLIC BUILDING & IMPROVEMENT RELATED SERVICES,Commercial,"This Rural Development investment will be used to to purchase a shed kit for the salt and sand used by the highway department in Barton Village, Vermont. This building will hold approximately 400 cubic yards of sand which is required each year, and another 125 cubic yards of salt that is purchased by the village annually. The facility is needed to finish the transition of operations that was intended for completion in 2005.",138900,1
2024,Vermont,Orleans,At-Large,Multifamily Housing,Rental Assistance (MFH),Zip Code Withheld,Not Persistent Poverty Community,Name Withheld,BARTON CHAMBERS APARTMENTS,Grant Funds,City Name Withheld,Not Applicable,RENEWAL  / REPLACEMENT - ELDERLY,Real Estate and Rental and Leasing,50019,NA,Not Available,Residential,Detailed Project Description Not Available,311334,1
2024,Vermont,Orleans,At-Large,Multifamily Housing,Rental Assistance (MFH),Zip Code Withheld,Not Persistent Poverty Community,Name Withheld,CRYSTAL LAKE HSG,Grant Funds,City Name Withheld,Not Applicable,RENEWAL / REPLACEMENT -FAMILY,Real Estate and Rental and Leasing,50019,NA,Not Available,Residential,Detailed Project Description Not Available,215131,1
2024,Vermont,Orleans,At-Large,Multifamily Housing,Rental Assistance (MFH),Zip Code Withheld,Not Persistent Poverty Community,Name Withheld,GLOVER RIVERSIDE APARTMENTS,Grant Funds,City Name Withheld,Not Applicable,RENEWAL  / REPLACEMENT - ELDERLY,Real Estate and Rental and Leasing,50019,NA,Not Available,Residential,Detailed Project Description Not Available,141877,1
2024,Vermont,Orleans,At-Large,Multifamily Housing,Rental Assistance (MFH),Zip Code Withheld,Not Persistent Poverty Community,Name Withheld,JOHNS RIVER APTS,Grant Funds,City Name Withheld,Not Applicable,RENEWAL / REPLACEMENT -FAMILY,Real Estate and Rental and Leasing,50019,NA,Not Available,Residential,Detailed Project Description Not Available,58641,1
2024,Vermont,Orleans,At-Large,Multifamily Housing,Rental Assistance (MFH),Zip Code Withheld,Not Persistent Poverty Community,Name Withheld,LAKEBRIDGE,Grant Funds,City Name Withheld,Not Applicable,RENEWAL / REPLACEMENT -FAMILY,Real Estate and Rental and Leasing,50019,NA,Not Available,Residential,Detailed Project Description Not Available,244065,1
2024,Vermont,Orleans,At-Large,Multifamily Housing,Rental Assistance (MFH),Zip Code Withheld,Not Persistent Poverty Community,Name Withheld,LAUREDON VILLAGE APARTMENTS,Grant Funds,City Name Withheld,Not Applicable,RENEWAL  / REPLACEMENT - ELDERLY,Real Estate and Rental and Leasing,50019,NA,Not Available,Residential,Detailed Project Description Not Available,106340,1
2024,Vermont,Orleans,At-Large,Multifamily Housing,Rental Assistance (MFH),Zip Code Withheld,Not Persistent Poverty Community,Name Withheld,NEWPORT PLACE REALTY RESOURCE,Grant Funds,City Name Withheld,Not Applicable,RENEWAL  / REPLACEMENT - ELDERLY,Real Estate and Rental and Leasing,50019,NA,Not Available,Residential,Detailed Project Description Not Available,236010,1
2024,Vermont,Orleans,At-Large,Multifamily Housing,Rental Assistance (MFH),Zip Code Withheld,Not Persistent Poverty Community,Name Withheld,RAINBOW APARTMENTS,Grant Funds,City Name Withheld,Not Applicable,RENEWAL  / REPLACEMENT - ELDERLY,Real Estate and Rental and Leasing,50019,NA,Not Available,Residential,Detailed Project Description Not Available,183466,1
2024,Vermont,Orleans,At-Large,Multifamily Housing,Rental Assistance (MFH),Zip Code Withheld,Not Persistent Poverty Community,Name Withheld,THE MEADOWS,Grant Funds,City Name Withheld,Not Applicable,RENEWAL  / REPLACEMENT - ELDERLY,Real Estate and Rental and Leasing,50019,NA,Not Available,Residential,Detailed Project Description Not Available,119045,1
2024,Vermont,Orleans,At-Large,Single Family Housing,Direct Grant (SFH),Zip Code Withheld,Not Persistent Poverty Community,Name Withheld,NOT AVAILABLE,Grant Funds,City Name Withheld,Not Applicable,533 GRANT HOUSING PRESERVATION INDIVIDUAL,Real Estate and Rental and Leasing,50019,NA,Not Available,Residential,"This Rural Development investment will be used to provide housing improvements for 17 very low-income households via Northeast Employment And Training Organization (NETO), focused on reducing heating-fuel costs and energy consumption. Targeted homeowners make less than 50 percent of median income. The rehabilitations will bring homes into compliance with applicable housing-quality standards and codes. The homes will be located within Caledonia, Essex and Orleans counties in Vermont.",75000,1
2024,Vermont,Orleans,At-Large,Single Family Housing,Direct Loan (SFH),Zip Code Withheld,Not Persistent Poverty Community,Name Withheld,NOT AVAILABLE,Loan Funds - Direct,City Name Withheld,Not Applicable,502 LOAN - GENERAL INTEREST SUBSIDY LOW & OTHER INCOME,Real Estate and Rental and Leasing,50019,NA,Not Available,Residential,Detailed Project Description Not Available,225000,1
2024,Vermont,Orleans,At-Large,Single Family Housing,Disaster Repair Grant (SFH),Zip Code Withheld,Not Persistent Poverty Community,Name Withheld,NOT AVAILABLE,Grant Funds,City Name Withheld,Not Applicable,504 DISASTER REPAIR GRANT PILOT,Real Estate and Rental and Leasing,50019,NA,Not Available,Residential,Detailed Project Description Not Available,43133,2
2024,Vermont,Orleans,At-Large,Single Family Housing,Guaranteed Loan (SFH),Zip Code Withheld,Not Persistent Poverty Community,Name Withheld,NOT AVAILABLE,Loan Funds - Guaranteed,City Name Withheld,NEIGHBORS BANK,SEC 502 GUARANTEED SINGLE FAMILY HOUSING PURCHASE LOANS - WITH ANNUAL FEES ASSIGNED,Real Estate and Rental and Leasing,50019,NA,Not Available,Residential,Detailed Project Description Not Available,151515,1
2024,Vermont,Orleans,At-Large,Single Family Housing,Guaranteed Loan (SFH),Zip Code Withheld,Not Persistent Poverty Community,Name Withheld,NOT AVAILABLE,Loan Funds - Guaranteed,City Name Withheld,"NORTHEAST HOME LOAN, LLC",SEC 502 GUARANTEED SINGLE FAMILY HOUSING PURCHASE LOANS - WITH ANNUAL FEES ASSIGNED,Real Estate and Rental and Leasing,50019,NA,Not Available,Residential,Detailed Project Description Not Available,227272,1
2024,Vermont,Orleans,At-Large,Single Family Housing,Repair Grant (SFH),Zip Code Withheld,Not Persistent Poverty Community,Name Withheld,NOT AVAILABLE,Grant Funds,City Name Withheld,Not Applicable,504 COMBINATION LOAN & GRANT,Real Estate and Rental and Leasing,50019,NA,Not Available,Residential,Detailed Project Description Not Available,10000,1
2024,Vermont,Orleans,At-Large,Single Family Housing,Repair Loan (SFH),Zip Code Withheld,Not Persistent Poverty Community,Name Withheld,NOT AVAILABLE,Loan Funds - Direct,City Name Withheld,Not Applicable,504 COMBINATION LOAN & GRANT,Real Estate and Rental and Leasing,50019,NA,Not Available,Residential,Detailed Project Description Not Available,2450,1
2024,Vermont,Orleans,At-Large,Single Family Housing,Repair Loan (SFH),Zip Code Withheld,Not Persistent Poverty Community,Name Withheld,NOT AVAILABLE,Loan Funds - Direct,City Name Withheld,Not Applicable,504 LOAN,Real Estate and Rental and Leasing,50019,NA,Not Available,Residential,Detailed Project Description Not Available,9296,1
2024,Vermont,Rutland,At-Large,Business Programs,Advanced Biofuel Payment Program,05759,Not Persistent Poverty Community,"VT WOOD PELLET CO., LLC",NOT AVAILABLE,Grant Funds,North Clarendon,Not Applicable,GRANT FOR PROD OF ADV BIOFUEL,Other or Not Defined,50021,NA,Not Available,Commercial,Detailed Project Description Not Available,6664,4
2024,Vermont,Rutland,At-Large,Business Programs,Rural Business Development Grant (RBDG),05762,Not Persistent Poverty Community,"TWEED VALLEY TRAVELERS, INC.","FY24 $60,000 EQUIPMENT",Grant Funds,Pittsfield,Not Applicable,RBCS ENTERPRISE GRANTS,Public Administration,50021,926110,ADMINISTRATION OF GENERAL ECONOMIC PROGRAMS,Commercial,"This Rural Development investment will be used to purchase grooming equipment for snowmobile trails in and around Pittsfield, Vermont. The trails are vital to many small businesses as they directly account for a significant portion of revenue. Well-maintained trails are an important part to the areas overall economic development. It is estimated that this project will maintain 28 full-time jobs while creating two new ones.",60000,1
2024,Vermont,Rutland,At-Large,Multifamily Housing,Rental Assistance (MFH),Zip Code Withheld,Not Persistent Poverty Community,Name Withheld,AUTUMN LEAVES THE FUCCI CO,Grant Funds,City Name Withheld,Not Applicable,RENEWAL  / REPLACEMENT - ELDERLY,Real Estate and Rental and Leasing,50021,NA,Not Available,Residential,Detailed Project Description Not Available,113921,1
2024,Vermont,Rutland,At-Large,Multifamily Housing,Rental Assistance (MFH),Zip Code Withheld,Not Persistent Poverty Community,Name Withheld,KAZON BUILDING C/O HOUSING TRUST OF RUTLAND COUNTY,Grant Funds,City Name Withheld,Not Applicable,RENEWAL / REPLACEMENT -FAMILY,Real Estate and Rental and Leasing,50021,NA,Not Available,Residential,Detailed Project Description Not Available,16690,1
2024,Vermont,Rutland,At-Large,Multifamily Housing,Rental Assistance (MFH),Zip Code Withheld,Not Persistent Poverty Community,Name Withheld,NESHOBE HOUSE,Grant Funds,City Name Withheld,Not Applicable,RENEWAL  / REPLACEMENT - ELDERLY,Real Estate and Rental and Leasing,50021,NA,Not Available,Residential,Detailed Project Description Not Available,156312,1
2024,Vermont,Rutland,At-Large,Multifamily Housing,Rental Assistance (MFH),Zip Code Withheld,Not Persistent Poverty Community,Name Withheld,SCHOOL ST FAMILY C/O HOUSING TRUST OF RUTLAND COUNTY,Grant Funds,City Name Withheld,Not Applicable,RENEWAL / REPLACEMENT -FAMILY,Real Estate and Rental and Leasing,50021,NA,Not Available,Residential,Detailed Project Description Not Available,118018,1
2024,Vermont,Rutland,At-Large,Multifamily Housing,Rental Assistance (MFH),Zip Code Withheld,Not Persistent Poverty Community,Name Withheld,THAYER BTS HSG LP C/O HOUSING TRUST OF RUTLAND COUNTY,Grant Funds,City Name Withheld,Not Applicable,RENEWAL / REPLACEMENT -FAMILY,Real Estate and Rental and Leasing,50021,NA,Not Available,Residential,Detailed Project Description Not Available,280386,1
2024,Vermont,Rutland,At-Large,Single Family Housing,Direct Loan (SFH),Zip Code Withheld,Not Persistent Poverty Community,Name Withheld,NOT AVAILABLE,Loan Funds - Direct,City Name Withheld,Not Applicable,502 LOAN - GENERAL INTEREST SUBSIDY LOW & OTHER INCOME,Real Estate and Rental and Leasing,50021,NA,Not Available,Residential,Detailed Project Description Not Available,161000,1
2024,Vermont,Rutland,At-Large,Single Family Housing,Disaster Repair Grant (SFH),Zip Code Withheld,Not Persistent Poverty Community,Name Withheld,NOT AVAILABLE,Grant Funds,City Name Withheld,Not Applicable,504 DISASTER REPAIR GRANT PILOT,Real Estate and Rental and Leasing,50021,NA,Not Available,Residential,Detailed Project Description Not Available,49156,2
2024,Vermont,Rutland,At-Large,Single Family Housing,Repair Grant (SFH),Zip Code Withheld,Not Persistent Poverty Community,Name Withheld,NOT AVAILABLE,Grant Funds,City Name Withheld,Not Applicable,504 COMBINATION LOAN & GRANT,Real Estate and Rental and Leasing,50021,NA,Not Available,Residential,Detailed Project Description Not Available,10000,1
2024,Vermont,Rutland,At-Large,Single Family Housing,Repair Grant (SFH),Zip Code Withheld,Not Persistent Poverty Community,Name Withheld,NOT AVAILABLE,Grant Funds,City Name Withheld,Not Applicable,504 GRANT,Real Estate and Rental and Leasing,50021,NA,Not Available,Residential,Detailed Project Description Not Available,10000,1
2024,Vermont,Rutland,At-Large,Single Family Housing,Repair Loan (SFH),Zip Code Withheld,Not Persistent Poverty Community,Name Withheld,NOT AVAILABLE,Loan Funds - Direct,City Name Withheld,Not Applicable,504 COMBINATION LOAN & GRANT,Real Estate and Rental and Leasing,50021,NA,Not Available,Residential,Detailed Project Description Not Available,40000,1
2024,Vermont,Rutland,At-Large,Single Family Housing,Repair Loan (SFH),Zip Code Withheld,Not Persistent Poverty Community,Name Withheld,NOT AVAILABLE,Loan Funds - Direct,City Name Withheld,Not Applicable,504 LOAN,Real Estate and Rental and Leasing,50021,NA,Not Available,Residential,Detailed Project Description Not Available,16500,2
2024,Vermont,Rutland,At-Large,Water and Environmental,Direct Loan and Grant (WEP),05375,Not Persistent Poverty Community,"Windy Hollow Mobile Home Cooperative, Inc",FY 24 Water Storage System Upgrade,Grant Funds,Castleton,Not Applicable,(COMB LOAN & GRANT) WATER ONLY,Utilities,50021,NA,Not Available,Commercial,"This Rural Development investment will be used to upgrade Windy Hollow Mobile Home Cooperative's water system in Castleton, Vermont. The project will address age-related needs of the water treatment facility by upgrading the water storage, treatment, pressurization, and distribution systems, and thereby improving residents' safety and health. The Cooperative serves 44 residential connections in the community. These facility upgrades will meet current design guidelines to improve water quality and system efficiency. The Cooperative will be able to operate in a more efficient manner, address current treatment limitations, and reduce maintenance and repair costs.",1946000,1
2024,Vermont,Rutland,At-Large,Water and Environmental,Direct Loan and Grant (WEP),05375,Not Persistent Poverty Community,"Windy Hollow Mobile Home Cooperative, Inc",FY 24 Water Storage System Upgrade,Loan Funds - Direct,Castleton,Not Applicable,(COMB LOAN & GRANT) WATER ONLY,Utilities,50021,NA,Not Available,Commercial,"This Rural Development investment will be used to upgrade Windy Hollow Mobile Home Cooperative's water system in Castleton, Vermont. The project will address age-related needs of the water treatment facility by upgrading the water storage, treatment, pressurization, and distribution systems, and thereby improving residents' safety and health. The Cooperative serves 44 residential connections in the community. These facility upgrades will meet current design guidelines to improve water quality and system efficiency. The Cooperative will be able to operate in a more efficient manner, address current treatment limitations, and reduce maintenance and repair costs.",299000,1
2024,Vermont,Washington,At-Large,Business Programs,Rural Business Development Grant (RBDG),05601,Not Persistent Poverty Community,MA MUSEUM OF CONTEMPORARY ART FOUNDATION,"FY24 $29,000 TA-VT",Grant Funds,Montpelier,Not Applicable,RBCS ENTERPRISE GRANTS,"Arts, Entertainment, and Recreation",50023,712110,MUSEUMS,Commercial,"This Rural Development investment will be used to provide technical assistance and training for entrepreneurs in rural Vermont. The technical assistance will consist of interactive group webinars/workshops, one on one coaching, business planning, marketing, and other individualized technical assistance needs. It will also provide networking opportunities for rural small businesses to gather (either online or in person), problem solve and share models for success.",29000,1
2024,Vermont,Washington,At-Large,Business Programs,Rural Business Development Grant (RBDG),05602,Not Persistent Poverty Community,NEW HAMPSHIRE COMMUNITY LOAN FUND INC,FY24 RBDG $199K REAP ZONE TA,Grant Funds,Montpelier,Not Applicable,RBCS ENTERPRISE REAP ZONE GRANTS,Public Administration,50023,926110,ADMINISTRATION OF GENERAL ECONOMIC PROGRAMS,Commercial,"This Rural Development investment will be used to provide training and technical assistance in the Northeast Kingdom of Vermont. Activities will include business planning, market research, feasibility studies, professional/technical reports, and marketing support. It is estimated that 40 jobs will be created or retained as a result of this project.",199000,1
2024,Vermont,Washington,At-Large,Business Programs,Rural Cooperative Development Grant (RCDG),05601,Not Persistent Poverty Community,FOOD CO-OP INITIATIVE,FY24 RCDG - TA,Grant Funds,Montpelier,Not Applicable,RURAL COOPERATIVE DEVELOPMENT GRANTS,Other or Not Defined,50023,642210,Not Available,Commercial,"This Rural Development investment will be used to help the Food Co-Op Initiative, based in Minnesota, continue to provide customized expert assistance to food co-op organizers in Vermont, with relevant and user-friendly tools and resources, and innovative and inclusive opportunities for training. In addition to direct support of startup food co-ops, RD funds will support networking and skill-sharing, and efforts to build awareness of cooperative benefits. Rural Cooperative Development Grants (RCDGs) boost economic conditions in rural areas by helping start, expand, or improve cooperatives and other mutually owned businesses that operate through eligible Cooperative Development Centers.",200000,1
2024,Vermont,Washington,At-Large,Business Programs,Rural Energy for America Program (REAP),05602,Not Persistent Poverty Community,TIMBERHOMES LLC,FY23 RES 15.5 KWH SOLAR ARRAY,Grant Funds,Montpelier,Not Applicable,REAP IRA RES GRANT UNRESTRICTED (FY 22/23),Construction,50023,236220,COMMERCIAL AND INSTITUTIONAL BUILDING CONSTRUCTION,Commercial,"This Rural Development investment will be used to install a 15kW roof-mounted solar array at Timberhomes LLC, a building company in Montpelier, Vermont. Timberhomes LLC is a worker-owned, cooperative design-and-build company specializing in the use of Vermont timber for the production of timber frames for barns, homes, pavilions, kiosks and other products. This project will allow the company to generate enough electricity to offset annual energy usage in the shop and officemore than $2,2",23350,1
2024,Vermont,Washington,At-Large,Business Programs,Rural Energy for America Technical Assistance Grant Program (REAP-TAG),05620,Not Persistent Poverty Community,STATE OF VERMONT   VT AGENCY OF AG,FY24 REAP TAG (VT),Grant Funds,Montpelier,Not Applicable,REAP IRA TECHNICAL ASSISTANCE GRANTS (FY 24),"Professional, Scientific, and Technical Services",50023,541613,MARKETING CONSULTING SERVICES,Commercial,"This Rural Development investment will be used to help the Vermont Agency of Agriculture, Food and Markets provide technical assistance to agricultural producers in the state of Vermont. The outreach focus will be in distressed and disadvantaged communities. Guidance, such as REAP application completion, SAM/UEI registration assistance, and preparing environmental reports will be provided to potential REAP applicants.",181641,1
2024,Vermont,Washington,At-Large,Business Programs,Rural Microentrepreneur Assistance Program (RMAP),05601,Not Persistent Poverty Community,CENTRAL V ECONOMIC DEVELOPMENT CORP,"FY2016 $75,000 RMAP",Grant Funds,Montpelier,Not Applicable,DISCRETION RURAL MICROPENTERPR DEV ORG,Public Administration,50023,926110,ADMINISTRATION OF GENERAL ECONOMIC PROGRAMS,Commercial,This Rural Development investment will be used to establish a loan and grant fund to provide capital and technical assistance to establish new and growing microentrepreneurs in the service area.,125380,1
2024,Vermont,Washington,At-Large,Business Programs,Rural Microentrepreneur Assistance Program (RMAP),05601,Not Persistent Poverty Community,CENTRAL V ECONOMIC DEVELOPMENT CORP,"FY2016 $500,000 RMAP",Grant Funds,Montpelier,Not Applicable,MAND RURAL MICROENTERPRISE DVLP ORG GRANTS,Public Administration,50023,926110,ADMINISTRATION OF GENERAL ECONOMIC PROGRAMS,Commercial,This Rural Development investment will be used to provide technical assistance and training to small businesses who are seeking or potentially need microloans. These subsequent funds are provided to replenish the original grant funds used in connection with the revolving loan fund. The purpose of this program is support the development and ongoing success of rural microentrepreneurs and microenterprises.,4325,1
2024,Vermont,Washington,At-Large,Business Programs,Rural Microentrepreneur Assistance Program (RMAP),05602,Not Persistent Poverty Community,VERMONT COMMUNITY LOAN FUND,"FY24 RMAP GRANT $19,262",Grant Funds,Montpelier,Not Applicable,MAND RURAL MICROENTERPRISE DVLP ORG GRANTS,Finance and Insurance,50023,522298,ALL OTHER NONDEPOSITORY CREDIT INTERMEDIATION,Commercial,This Rural Development investment will be used to provide technical assistance and training to small businesses who are seeking or potentially need microloans. These subsequent funds are provided to replenish original grant funds used in connection with the revolving loan fund. The purpose of this program is support the development and ongoing success of rural microentrepreneurs and microenterprises.,19262,1
2024,Vermont,Washington,At-Large,Business Programs,Rural Microentrepreneur Assistance Program (RMAP),05641,Not Persistent Poverty Community,COMMUNITY CAPITAL OF VERMONT,"FY24 RMAP ANNUAL GRANT $27,934",Grant Funds,Barre,Not Applicable,MAND RURAL MICROENTERPRISE DVLP ORG GRANTS,Other or Not Defined,50023,999999,UNKNOWN (RCFTS CONVERSION),Commercial,This Rural Development investment will be used to provide technical assistance and training to small businesses who are seeking or potentially need microloans. These subsequent funds are provided to replenish the original grant funds used in connection with revolving loan fund. The purpose of this program is support the development and ongoing success of rural microentrepreneurs and microenterprises.,27934,1
2024,Vermont,Washington,At-Large,Community Facilities,Grant (CF),05641,Not Persistent Poverty Community,"BARRE, CITY OF",FY23 CDS COMMUNITY CENTER,Grant Funds,Barre,Not Applicable,FY22 CONGRESSIONALLY DIRECTED SPENDING,Other or Not Defined,50023,9994,OTHER PUBLIC BUILDING & IMPROVEMENT RELATED SERVICES,Commercial,"This Rural Development investment will be used to upgrade the Barre Auditorium that serves the region as a community center for meetings, training sessions, sports, performances, conventions and the Regional Emergency Center for the Red Cross. Upgrades will include, heating and air ventilation, American with Disabilities Act accessibility and electrical and lighting upgrades. More than 8,500 people will benefit from the improvements. This project was funded through a Congressionally Designated Spending grant.",3451000,1
2024,Vermont,Washington,At-Large,Multifamily Housing,Rental Assistance (MFH),Zip Code Withheld,Not Persistent Poverty Community,Name Withheld,DOGWOOD GLEN I,Grant Funds,City Name Withheld,Not Applicable,RENEWAL / REPLACEMENT -FAMILY,Real Estate and Rental and Leasing,50023,NA,Not Available,Residential,Detailed Project Description Not Available,177915,1
2024,Vermont,Washington,At-Large,Multifamily Housing,Rental Assistance (MFH),Zip Code Withheld,Not Persistent Poverty Community,Name Withheld,EVERGREEN PLACE C/O DOWNSTREET HSG 22 KEITH AVE,Grant Funds,City Name Withheld,Not Applicable,RENEWAL  / REPLACEMENT - ELDERLY,Real Estate and Rental and Leasing,50023,NA,Not Available,Residential,Detailed Project Description Not Available,137608,1
2024,Vermont,Washington,At-Large,Multifamily Housing,Rental Assistance (MFH),Zip Code Withheld,Not Persistent Poverty Community,Name Withheld,GREEN MOUNTAIN APTS,Grant Funds,City Name Withheld,Not Applicable,RENEWAL  / REPLACEMENT - ELDERLY,Real Estate and Rental and Leasing,50023,NA,Not Available,Residential,Detailed Project Description Not Available,163235,1
2024,Vermont,Washington,At-Large,Multifamily Housing,Rental Assistance (MFH),Zip Code Withheld,Not Persistent Poverty Community,Name Withheld,HILLTOP TOWN HOUSES,Grant Funds,City Name Withheld,Not Applicable,RENEWAL / REPLACEMENT -FAMILY,Real Estate and Rental and Leasing,50023,NA,Not Available,Residential,Detailed Project Description Not Available,355469,1
2024,Vermont,Washington,At-Large,Single Family Housing,Direct Loan (SFH),Zip Code Withheld,Not Persistent Poverty Community,Name Withheld,NOT AVAILABLE,Loan Funds - Direct,City Name Withheld,Not Applicable,502 HARDSHIP & HOMELESS LOW INCOME,Real Estate and Rental and Leasing,50023,NA,Not Available,Residential,Detailed Project Description Not Available,260000,1
2024,Vermont,Washington,At-Large,Single Family Housing,Direct Loan (SFH),Zip Code Withheld,Not Persistent Poverty Community,Name Withheld,NOT AVAILABLE,Loan Funds - Direct,City Name Withheld,Not Applicable,502 LOAN - GENERAL INTEREST SUBSIDY LOW & OTHER INCOME,Real Estate and Rental and Leasing,50023,NA,Not Available,Residential,Detailed Project Description Not Available,160000,1
2024,Vermont,Washington,At-Large,Single Family Housing,Direct Loan (SFH),Zip Code Withheld,Not Persistent Poverty Community,Name Withheld,NOT AVAILABLE,Loan Funds - Direct,City Name Withheld,Not Applicable,502 LOAN - GENERAL INTEREST SUBSIDY VERY LOW INCOME,Real Estate and Rental and Leasing,50023,NA,Not Available,Residential,Detailed Project Description Not Available,200000,1
2024,Vermont,Washington,At-Large,Single Family Housing,Disaster Repair Grant (SFH),Zip Code Withheld,Not Persistent Poverty Community,Name Withheld,NOT AVAILABLE,Grant Funds,City Name Withheld,Not Applicable,504 DISASTER REPAIR GRANT PILOT,Real Estate and Rental and Leasing,50023,NA,Not Available,Residential,Detailed Project Description Not Available,174762,5
2024,Vermont,Washington,At-Large,Single Family Housing,Guaranteed Loan (SFH),Zip Code Withheld,Not Persistent Poverty Community,Name Withheld,NOT AVAILABLE,Loan Funds - Guaranteed,City Name Withheld,EMM LOANS LLC,SEC 502 GUARANTEED SINGLE FAMILY HOUSING PURCHASE LOANS - WITH ANNUAL FEES ASSIGNED,Real Estate and Rental and Leasing,50023,NA,Not Available,Residential,Detailed Project Description Not Available,231313,1
2024,Vermont,Washington,At-Large,Single Family Housing,Guaranteed Loan (SFH),Zip Code Withheld,Not Persistent Poverty Community,Name Withheld,NOT AVAILABLE,Loan Funds - Guaranteed,City Name Withheld,"NORTHEAST HOME LOAN, LLC",SEC 502 GUARANTEED SINGLE FAMILY HOUSING PURCHASE LOANS - WITH ANNUAL FEES ASSIGNED,Real Estate and Rental and Leasing,50023,NA,Not Available,Residential,Detailed Project Description Not Available,248484,1
2024,Vermont,Washington,At-Large,Single Family Housing,Guaranteed Loan (SFH),Zip Code Withheld,Not Persistent Poverty Community,Name Withheld,NOT AVAILABLE,Loan Funds - Guaranteed,City Name Withheld,NORTHFIELD SAVINGS BANK,SEC 502 GUARANTEED SINGLE FAMILY HOUSING PURCHASE LOANS - WITH ANNUAL FEES ASSIGNED,Real Estate and Rental and Leasing,50023,NA,Not Available,Residential,Detailed Project Description Not Available,141414,1
2024,Vermont,Washington,At-Large,Single Family Housing,Repair Grant (SFH),Zip Code Withheld,Not Persistent Poverty Community,Name Withheld,NOT AVAILABLE,Grant Funds,City Name Withheld,Not Applicable,504 COMBINATION LOAN & GRANT,Real Estate and Rental and Leasing,50023,NA,Not Available,Residential,Detailed Project Description Not Available,40000,4
2024,Vermont,Washington,At-Large,Single Family Housing,Repair Grant (SFH),Zip Code Withheld,Not Persistent Poverty Community,Name Withheld,NOT AVAILABLE,Grant Funds,City Name Withheld,Not Applicable,504 GRANT,Real Estate and Rental and Leasing,50023,NA,Not Available,Residential,Detailed Project Description Not Available,8197,1
2024,Vermont,Washington,At-Large,Single Family Housing,Repair Loan (SFH),Zip Code Withheld,Not Persistent Poverty Community,Name Withheld,NOT AVAILABLE,Loan Funds - Direct,City Name Withheld,Not Applicable,504 COMBINATION LOAN & GRANT,Real Estate and Rental and Leasing,50023,NA,Not Available,Residential,Detailed Project Description Not Available,17040,4
2024,Vermont,Washington,At-Large,Single Family Housing,Repair Loan (SFH),Zip Code Withheld,Not Persistent Poverty Community,Name Withheld,NOT AVAILABLE,Loan Funds - Direct,City Name Withheld,Not Applicable,504 LOAN,Real Estate and Rental and Leasing,50023,NA,Not Available,Residential,Detailed Project Description Not Available,2211,1
2024,Vermont,Windham,At-Large,Business Programs,Advanced Biofuel Payment Program,05159,Not Persistent Poverty Community,WESTMINSTER ENERGY GROUP LLC,NOT AVAILABLE,Grant Funds,Westminster Station,Not Applicable,GRANT FOR PROD OF ADV BIOFUEL,Other or Not Defined,50025,NA,Not Available,Commercial,Detailed Project Description Not Available,99,4
2024,Vermont,Windham,At-Large,Business Programs,Rural Business Development Grant (RBDG),05101,Not Persistent Poverty Community,"ROCKINGHAM FOR PROGRESS, INC.","FY24 $69,250 TECHNICAL ASSIST",Grant Funds,Bellows Falls,Not Applicable,RBCS ENTERPRISE GRANTS,Public Administration,50025,926110,ADMINISTRATION OF GENERAL ECONOMIC PROGRAMS,Commercial,"This Rural Development investment will be used to provide technical assistance to Rockingham for Progress Inc. for the purpose of renovating and restoring the Miss Bellows Falls Diner. The architectural design and engineering plans supported by this grant will enable the historic diner, a fixture in the Bellows Falls community since 1942, to reopen after closing in 2020. In 1983 it was added to the National Register of Historic Places, only the second diner to be recognized in that way. Once reopened, the equivalent of six full-time jobs will have been created.",64337,1
2024,Vermont,Windham,At-Large,Business Programs,Rural Business Development Grant (RBDG),05101,Not Persistent Poverty Community,ROCKINGHAM TOWN OF,"FY24 $10,000 TECHNICAL ASSIST",Grant Funds,Bellows Falls,Not Applicable,RBCS ENTERPRISE GRANTS,Public Administration,50025,926110,ADMINISTRATION OF GENERAL ECONOMIC PROGRAMS,Commercial,"This Rural Development investment will be used for technical assistance, specifically the design, programming and implementation of an updated website for the town of Rockingham. The new features will support the Wayfinding signage placed around town and ""Walk the Rock"" programming, designed to support outdoor recreation and engagement. Small businesses will benefit from the increased foot traffic, adding an estimated 12 full time employees to the area over time. The purpose of this program is to assist with economic development planning and/or the financing or expansion of rural businesses.",10000,1
2024,Vermont,Windham,At-Large,Business Programs,Rural Cooperative Development Grant (RCDG),05301,Not Persistent Poverty Community,BRATTLEBORO DEVELOPMENT CREDIT CORP,FY24 RCDG REGENER8 TA,Grant Funds,Brattleboro,Not Applicable,RURAL COOPERATIVE DEVELOPMENT GRANTS,Public Administration,50025,926110,ADMINISTRATION OF GENERAL ECONOMIC PROGRAMS,Commercial,"This Rural Development investment will be used to implement the REGENER8 Business Succession Planning Program in Brattleboro, Vermont. The objective of this Cooperative Development Center is to create opportunities for employee-ownership when current business owners wish to sell or retire. This renewed growth among the region's small businesses will stimulate the local economy. Training, technical assistance and support will help with the financing and development needs associated with planning for both the sale and purchase of these small and emerging private businesses. Additional funding includes applicant cash of $76,000.00.",200000,1
2024,Vermont,Windham,At-Large,Business Programs,Rural Energy for America Program (REAP),05355,Not Persistent Poverty Community,WARDSBORO SOLAR LLC,FY23 RES 221.4 KW SOLAR ARRAY,Grant Funds,Wardsboro,Not Applicable,REAP IRA RES GRANT UNRESTRICTED (FY 22/23),Utilities,50025,221114,SOLAR ELECTRIC POWER GENERATION,Commercial,"This Rural Development investment will be used to install a 221.4 kW DC solar array at 163 Sheldon Hill Road in Wardsboro, Vermont, private land leased by Wardsboro Solar LLC. It is estimated that the array will generate roughly 268,000 kWh of clean power, equivalent to $43,150 in annual community usage. The half-acre array is located on a five-acre field and is easily accessible to the road and utility lines, with no tree clearing or special equipment required. Additional Funding: $156,681.",156680,1
2024,Vermont,Windham,At-Large,Business Programs,Rural Energy for America Program (REAP),05359,Not Persistent Poverty Community,WINDHAM SOLAR LLC,FY23 RES 136.8 KW SOLAR ARRAY,Grant Funds,Windham,Not Applicable,REAP IRA RES GRANT UNRESTRICTED (FY 22/23),Utilities,50025,221114,SOLAR ELECTRIC POWER GENERATION,Commercial,"This Rural Development investment will be used to install a 136.8 kW DC solar array at 1275 Old Cheney Road in Windham, VT, private land leased by Windham Solar, LLC. It is estimated that the array will generate roughly 165,400 kWh of clean power, equivalent to $26,629 in annual community usage. The .5 acre array is located on a 17 acre parcel and is easily accessible to the road and utility lines, with no tree clearing or special equipment required. This project is a welcome and well-planned, c",104173,1
2024,Vermont,Windham,At-Large,Business Programs,Rural Energy for America Program (REAP),05360,Not Persistent Poverty Community,"CANDLELITE, LLC",FY24 RES 14KW SOLAR ARRAY,Grant Funds,West Wardsboro,Not Applicable,REAP IRA RES GRANT $20K AND LESS (FY 23),Accommodation and Food Services,50025,721310,"ROOMING AND BOARDING HOUSES, DORMITORIES, AND WORKERS' CAMPS",Commercial,"This Rural Development investment will be used to install a 14 kilowatt (kW) rooftop solar array on a hostel-style lodge in West Wardsboro, owned by Candlelite LLC. The array will generate 13,858 kilowatt hours (kWh) annually, approximately 153 percent of their current energy consumption which will replace their current usage and provide a consistent revenue stream for decades to come.",20000,1
2024,Vermont,Windham,At-Large,Business Programs,Rural Microentrepreneur Assistance Program (RMAP),05301,Not Persistent Poverty Community,BRATTLEBORO DEVELOPMENT CREDIT CORP,"FY24 RMAP - $350,000 LOAN",Loan Funds - Direct,Brattleboro,Not Applicable,DISCRETIONARY RMAP LOANS,Other or Not Defined,50025,988888,Not Available,Commercial,"This Rural Development investment will be used to assist small businesses by providing loans that help businesses access the capital they need in order to start or grow, but more importantly, access resources so that the project principles can run their businesses effectively and efficiently. Goals for this funding opportunities include: 1.) greater focus on job creation projects, 2.) inclusivity initiatives to cultivate a more diverse borrowing pool, and 3.) focus on low to moderate income area",350000,1
2024,Vermont,Windham,At-Large,Business Programs,Rural Microentrepreneur Assistance Program (RMAP),05301,Not Persistent Poverty Community,BRATTLEBORO DEVELOPMENT CREDIT CORP,"FY24 RMAP ANNUAL GRANT $19,042",Grant Funds,Brattleboro,Not Applicable,MAND RURAL MICROENTERPRISE DVLP ORG GRANTS,Other or Not Defined,50025,999999,UNKNOWN (RCFTS CONVERSION),Commercial,"This Rural Development investment will be used to provide business based technical assistance and training to small businesses who are seeking or potentially needed microloans. These subsequent funds are provided to replenish the original funds which used to provide technical assistance related to small business developing, expanding and financing.",19042,1
2024,Vermont,Windham,At-Large,Community Facilities,Community Development Grant (CF),05301,Not Persistent Poverty Community,BRATTLEBORO DEVELOPMENT CREDIT CORPORATION,FY24 RCDI,Grant Funds,Brattleboro,Not Applicable,RCDI RURAL COMMUNITY DEVELOPMENT INITIATIVE GRANT,Other or Not Defined,50025,4,APPALACHIAN REG. COMMISSION GRANT (ARC) - CF,Commercial,"This Rural Development investment will be used to implement the Southern Vermont Economy Project (SVEP 4.0) for a three-year period. SVEP 4.0 leverages the partnerships, expert staffing, and accomplishments of Brattleboro Development Credit Corporation's (BDCC) current RCDI-funded SVEP. The program framework targets key organizations and municipal entities to amplify their ability to develop and scale projects at the local, regional, and sub-regional level. SVEP 4.0 will provide training and technical assistance to 600 individuals representing 250 local organizations and all 42 towns in Southern Vermont.",289201,1
2024,Vermont,Windham,At-Large,Community Facilities,Grant (CF),05301,Not Persistent Poverty Community,"RETREAT FARM, LTD.",FY24 NORTH BARN EQUIPMENT & FU,Grant Funds,Brattleboro,Not Applicable,CF GRANTS,Other or Not Defined,50025,9992,OTHER -  CULTURAL & EDUCATIONAL RELATED SERVICES,Commercial,"This Rural Development investment will be used to fund the purchase of a wide variety of equipment for Retreat Farm LTD's North Barn community space in Brattleboro, Vermont. The equipment includes the purchase of folding chairs, exterior patio furniture, a modular performance stage, a mobile storage trailer, audio-visual equipment, and acoustic panels. The North Barn, consisting of a 6,275 square foot first floor with a mezzanine on the second floor, will be able to host weddings, lectures, conferences, fairs, galas, expositions, concerts and community-advancing events in collaboration with other community organizations. Brattleboro will have a community building that will host a variety of essential and transformative events now and in the future.",46800,1
2024,Vermont,Windham,At-Large,Multifamily Housing,Rental Assistance (MFH),Zip Code Withheld,Not Persistent Poverty Community,Name Withheld,ADAIR HEIGHTS THM INC,Grant Funds,City Name Withheld,Not Applicable,RENEWAL / REPLACEMENT -FAMILY,Real Estate and Rental and Leasing,50025,NA,Not Available,Residential,Detailed Project Description Not Available,65403,1
2024,Vermont,Windham,At-Large,Multifamily Housing,Rental Assistance (MFH),Zip Code Withheld,Not Persistent Poverty Community,Name Withheld,BELLOWS FALLS FAMILY HOUSING,Grant Funds,City Name Withheld,Not Applicable,RENEWAL / REPLACEMENT -FAMILY,Real Estate and Rental and Leasing,50025,NA,Not Available,Residential,Detailed Project Description Not Available,40863,1
2024,Vermont,Windham,At-Large,Multifamily Housing,Rental Assistance (MFH),Zip Code Withheld,Not Persistent Poverty Community,Name Withheld,BUTTERFIELD HOUSING LIMITED PARTNERSHIP,Grant Funds,City Name Withheld,Not Applicable,RENEWAL  / REPLACEMENT - ELDERLY,Real Estate and Rental and Leasing,50025,NA,Not Available,Residential,Detailed Project Description Not Available,236592,1
2024,Vermont,Windham,At-Large,Multifamily Housing,Rental Assistance (MFH),Zip Code Withheld,Not Persistent Poverty Community,Name Withheld,GREEN MOUNTAIN APTS,Grant Funds,City Name Withheld,Not Applicable,RENEWAL / REPLACEMENT -FAMILY,Real Estate and Rental and Leasing,50025,NA,Not Available,Residential,Detailed Project Description Not Available,684351,1
2024,Vermont,Windham,At-Large,Multifamily Housing,Rental Assistance (MFH),Zip Code Withheld,Not Persistent Poverty Community,Name Withheld,PUTNEY MEADOWS APTS REALTY RESOURCE,Grant Funds,City Name Withheld,Not Applicable,RENEWAL  / REPLACEMENT - ELDERLY,Real Estate and Rental and Leasing,50025,NA,Not Available,Residential,Detailed Project Description Not Available,227489,1
2024,Vermont,Windham,At-Large,Multifamily Housing,Rental Assistance (MFH),Zip Code Withheld,Not Persistent Poverty Community,Name Withheld,VERNON BIRCHES VERNON ADVENT CHRISTIAN HOME INC,Grant Funds,City Name Withheld,Not Applicable,RENEWAL  / REPLACEMENT - ELDERLY,Real Estate and Rental and Leasing,50025,NA,Not Available,Residential,Detailed Project Description Not Available,74385,1
2024,Vermont,Windham,At-Large,Single Family Housing,Direct Loan (SFH),Zip Code Withheld,Not Persistent Poverty Community,Name Withheld,NOT AVAILABLE,Loan Funds - Direct,City Name Withheld,Not Applicable,502 LOAN - GENERAL INTEREST SUBSIDY VERY LOW INCOME,Real Estate and Rental and Leasing,50025,NA,Not Available,Residential,Detailed Project Description Not Available,130000,1
2024,Vermont,Windham,At-Large,Single Family Housing,Repair Grant (SFH),Zip Code Withheld,Not Persistent Poverty Community,Name Withheld,NOT AVAILABLE,Grant Funds,City Name Withheld,Not Applicable,504 COMBINATION LOAN & GRANT,Real Estate and Rental and Leasing,50025,NA,Not Available,Residential,Detailed Project Description Not Available,10000,1
2024,Vermont,Windham,At-Large,Single Family Housing,Repair Grant (SFH),Zip Code Withheld,Not Persistent Poverty Community,Name Withheld,NOT AVAILABLE,Grant Funds,City Name Withheld,Not Applicable,504 GRANT,Real Estate and Rental and Leasing,50025,NA,Not Available,Residential,Detailed Project Description Not Available,10000,1
2024,Vermont,Windham,At-Large,Single Family Housing,Repair Loan (SFH),Zip Code Withheld,Not Persistent Poverty Community,Name Withheld,NOT AVAILABLE,Loan Funds - Direct,City Name Withheld,Not Applicable,504 COMBINATION LOAN & GRANT,Real Estate and Rental and Leasing,50025,NA,Not Available,Residential,Detailed Project Description Not Available,7055,1
2024,Vermont,Windham,At-Large,Single Family Housing,Repair Loan (SFH),Zip Code Withheld,Not Persistent Poverty Community,Name Withheld,NOT AVAILABLE,Loan Funds - Direct,City Name Withheld,Not Applicable,504 LOAN,Real Estate and Rental and Leasing,50025,NA,Not Available,Residential,Detailed Project Description Not Available,18921,1
2024,Vermont,Windsor,At-Large,Business Programs,Rural Energy for America Program (REAP),05055,Not Persistent Poverty Community,KERWIN HILL FARM LLC,FY24 EEI BUILDING INSULATION,Grant Funds,Norwich,Not Applicable,REAP IRA EEI GRANT UNRESTRICTED (FY 22/23),"Agriculture, Forestry, Fishing and Hunting",50027,111219,OTHER VEGETABLE (EXCEPT POTATO) AND MELON FARMING,Commercial,"This Rural Development investment will be used to save on energy costs at Kerwin Hill Farm in Norwich, Vermont, dba Sweetland Farm, through energy efficiency improvements. The project will insulate the Farm's workshop and mechanic shop. These heated spaces are uninsulated or poorly insulated, and were identified through an energy audit as key efficiency improvements. After completion, energy costs are expected to drop by nearly 70 percent, saving the Farm $1,225 annually.",27048,1
2024,Vermont,Windsor,At-Large,Business Programs,Rural Energy for America Program (REAP),05156,Not Persistent Poverty Community,BLACK RIVER CROSSING LLC,FY23 EEI HVAC AND BUILDING EFF,Grant Funds,Springfield,Not Applicable,REAP IRA EEI GRANT UNRESTRICTED (FY 22/23),Real Estate and Rental and Leasing,50027,531110,LESSORS OF RESIDENTIAL BUILDINGS AND DWELLINGS,Commercial,"This Rural Development investment will be used to retrofit two properties owned by Black River Crossing, LLC, in Springfield, Vermont, with energy-efficiency upgrades and improvements. Springfield has experienced protracted economic hardship due to the closure of manufacturing, specifically tool and die machining. Since the mid-90's, the properties have been underutilized or vacant. One building still has an extremely inefficient oil-fired steam boiler as the primary source of heat. The goal",214911,1
2024,Vermont,Windsor,At-Large,Community Facilities,Community Development Grant (CF),05048,Not Persistent Poverty Community,"Center for Rural Innovation, Inc.",NOT AVAILABLE,Grant Funds,Hartland,Not Applicable,RCDI RURAL COMMUNITY DEVELOPMENT INITIATIVE GRANT,Other or Not Defined,50027,NA,Not Available,Commercial,Detailed Project Description Not Available,260456,1
2024,Vermont,Windsor,At-Large,Community Facilities,Grant (CF),05001,Not Persistent Poverty Community,"UPPER VALLEY HAVEN, INC.",FY 23 CDS EMERGENCY  SHELTER P,Grant Funds,White River Junction,Not Applicable,FY22 CONGRESSIONALLY DIRECTED SPENDING,Other or Not Defined,50027,9991,OTHER FIRE/RESCUE & PUBLIC SAFETY RELATED SERVICES,Commercial,"This Rural Development investment will be used to construct an emergency shelter for Upper Valley Haven Inc. in White River Junction, Vermont. This emergency shelter will be able to house an additional 20 people by providing an additional 20 beds along with providing essential community services to help house those who use the shelter or are in need to housing. The project includes the purchase of land and a building, tearing down the existing building and constructing a new shelter. Funding for the project was secured through a two million dollar Congressionally Designated Spending appropriation.",2000000,1
2024,Vermont,Windsor,At-Large,Multifamily Housing,Rental Assistance (MFH),Zip Code Withheld,Not Persistent Poverty Community,Name Withheld,BRIGHTWOOD HOUSE,Grant Funds,City Name Withheld,Not Applicable,RENEWAL  / REPLACEMENT - ELDERLY,Real Estate and Rental and Leasing,50027,NA,Not Available,Residential,Detailed Project Description Not Available,133427,1
2024,Vermont,Windsor,At-Large,Multifamily Housing,Rental Assistance (MFH),Zip Code Withheld,Not Persistent Poverty Community,Name Withheld,HOLLOW DRIVE FAMILY C/O VSHA,Grant Funds,City Name Withheld,Not Applicable,RENEWAL / REPLACEMENT -FAMILY,Real Estate and Rental and Leasing,50027,NA,Not Available,Residential,Detailed Project Description Not Available,243674,1
2024,Vermont,Windsor,At-Large,Multifamily Housing,Rental Assistance (MFH),Zip Code Withheld,Not Persistent Poverty Community,Name Withheld,PLEASANTBROOK APTS,Grant Funds,City Name Withheld,Not Applicable,RENEWAL / REPLACEMENT -FAMILY,Real Estate and Rental and Leasing,50027,NA,Not Available,Residential,Detailed Project Description Not Available,298635,1
2024,Vermont,Windsor,At-Large,Multifamily Housing,Rental Assistance (MFH),Zip Code Withheld,Not Persistent Poverty Community,Name Withheld,PROCTORSVILLE GREEN HOUSING C/O STEWART,Grant Funds,City Name Withheld,Not Applicable,RENEWAL / REPLACEMENT -FAMILY,Real Estate and Rental and Leasing,50027,NA,Not Available,Residential,Detailed Project Description Not Available,51040,1
2024,Vermont,Windsor,At-Large,Multifamily Housing,Rental Assistance (MFH),Zip Code Withheld,Not Persistent Poverty Community,Name Withheld,THE MAPLES SPRINGFIELD HOUSING AUTHORITY,Grant Funds,City Name Withheld,Not Applicable,RENEWAL  / REPLACEMENT - ELDERLY,Real Estate and Rental and Leasing,50027,NA,Not Available,Residential,Detailed Project Description Not Available,199789,1
2024,Vermont,Windsor,At-Large,Multifamily Housing,Rental Assistance (MFH),Zip Code Withheld,Not Persistent Poverty Community,Name Withheld,WINDSOR HOLLOW,Grant Funds,City Name Withheld,Not Applicable,RENEWAL  / REPLACEMENT - ELDERLY,Real Estate and Rental and Leasing,50027,NA,Not Available,Residential,Detailed Project Description Not Available,219670,1
2024,Vermont,Windsor,At-Large,Single Family Housing,Direct Grant (SFH),Zip Code Withheld,Not Persistent Poverty Community,Name Withheld,NOT AVAILABLE,Grant Funds,City Name Withheld,Not Applicable,533 GRANT HOUSING PRESERVATION INDIVIDUAL,Real Estate and Rental and Leasing,50027,NA,Not Available,Residential,"This Rural Development investment will be used to provide housing improvements for eight very low-income households via Cover Home Repair, focused on reducing heating-fuel costs and energy consumption. Targeted homeowners make less than 50 percent of median income. The rehabilitations will bring homes into compliance with applicable housing-quality standards and codes. The homes will be located within Orange and Windsor counties in Vermont, Grafton and Sullivan counties in New Hampshire.",26234,1
2024,Vermont,Windsor,At-Large,Single Family Housing,Direct Loan (SFH),Zip Code Withheld,Not Persistent Poverty Community,Name Withheld,NOT AVAILABLE,Loan Funds - Direct,City Name Withheld,Not Applicable,502 LOAN - GENERAL INTEREST SUBSIDY VERY LOW INCOME,Real Estate and Rental and Leasing,50027,NA,Not Available,Residential,Detailed Project Description Not Available,307000,1
2024,Vermont,Windsor,At-Large,Single Family Housing,Disaster Repair Grant (SFH),Zip Code Withheld,Not Persistent Poverty Community,Name Withheld,NOT AVAILABLE,Grant Funds,City Name Withheld,Not Applicable,504 DISASTER REPAIR GRANT PILOT,Real Estate and Rental and Leasing,50027,NA,Not Available,Residential,Detailed Project Description Not Available,120507,3
2024,Vermont,Windsor,At-Large,Single Family Housing,Guaranteed Loan (SFH),Zip Code Withheld,Not Persistent Poverty Community,Name Withheld,NOT AVAILABLE,Loan Funds - Guaranteed,City Name Withheld,CLAREMONT SAVINGS BANK,SEC 502 GUARANTEED SINGLE FAMILY HOUSING PURCHASE LOANS - WITH ANNUAL FEES ASSIGNED,Real Estate and Rental and Leasing,50027,NA,Not Available,Residential,Detailed Project Description Not Available,186868,1
2024,Vermont,Windsor,At-Large,Single Family Housing,Guaranteed Loan (SFH),Zip Code Withheld,Not Persistent Poverty Community,Name Withheld,NOT AVAILABLE,Loan Funds - Guaranteed,City Name Withheld,"NORTHEAST HOME LOAN, LLC",SEC 502 GUARANTEED SINGLE FAMILY HOUSING PURCHASE LOANS - WITH ANNUAL FEES ASSIGNED,Real Estate and Rental and Leasing,50027,NA,Not Available,Residential,Detailed Project Description Not Available,166464,1
2024,Vermont,Windsor,At-Large,Single Family Housing,Guaranteed Loan (SFH),Zip Code Withheld,Not Persistent Poverty Community,Name Withheld,NOT AVAILABLE,Loan Funds - Guaranteed,City Name Withheld,NORTHFIELD SAVINGS BANK,SEC 502 GUARANTEED SINGLE FAMILY HOUSING PURCHASE LOANS - WITH ANNUAL FEES ASSIGNED,Real Estate and Rental and Leasing,50027,NA,Not Available,Residential,Detailed Project Description Not Available,181818,1
2024,Vermont,Windsor,At-Large,Single Family Housing,Guaranteed Loan (SFH),Zip Code Withheld,Not Persistent Poverty Community,Name Withheld,NOT AVAILABLE,Loan Funds - Guaranteed,City Name Withheld,SERVICE FEDERAL CREDIT UNION,SEC 502 GUARANTEED SINGLE FAMILY HOUSING PURCHASE LOANS - WITH ANNUAL FEES ASSIGNED,Real Estate and Rental and Leasing,50027,NA,Not Available,Residential,Detailed Project Description Not Available,172700,1
2024,Vermont,Windsor,At-Large,Single Family Housing,Repair Grant (SFH),Zip Code Withheld,Not Persistent Poverty Community,Name Withheld,NOT AVAILABLE,Grant Funds,City Name Withheld,Not Applicable,504 GRANT,Real Estate and Rental and Leasing,50027,NA,Not Available,Residential,Detailed Project Description Not Available,22309,3
2024,Vermont,Windsor,At-Large,Single Family Housing,Repair Loan (SFH),Zip Code Withheld,Not Persistent Poverty Community,Name Withheld,NOT AVAILABLE,Loan Funds - Direct,City Name Withheld,Not Applicable,504 LOAN,Real Estate and Rental and Leasing,50027,NA,Not Available,Residential,Detailed Project Description Not Available,13250,2
2023,Vermont,Addison,At-Large,Business Programs,Advanced Biofuel Payment Program,05491,Not Persistent Poverty Community,DUBOIS ENERGY LLC,NOT AVAILABLE,Grant Funds,Vergennes,Not Applicable,GRANT FOR PROD OF ADV BIOFUEL,Other or Not Defined,50001,NA,Not Available,Commercial,Detailed Project Description Not Available,193,4
2023,Vermont,Addison,At-Large,Business Programs,Meat and Poultry Processing Expansion Program (MPPEP),05456,Not Persistent Poverty Community,VT LIVESTOCK SLAUGHTER AND PROCESSING,MPPEP2022VT01,Grant Funds,Ferrisburg,Not Applicable,MEAT AND POULTRY PROCESSING GRANTS - ARPA,Manufacturing,50001,311611,ANIMAL (EXCEPT POULTRY) SLAUGHTERING,Commercial,"Vermont Livestock Slaughter & Processing connects hundreds of farmers in Vermont and the Northeast with the individuals, families, schools, and businesses they supply. Meat processing is currently a bottleneck in the region with many producers having to wait significant periods for the service. With their MPPEP investment, they are now prepared to revitalize and modernize their multi-species facility, tripling their throughput, and positioning the company for succession planning to an employee-owned model.",1096655,1
2023,Vermont,Addison,At-Large,Business Programs,Rural Business Development Grant (RBDG),05753,Not Persistent Poverty Community,ADDISON COUNTY ECONOMIC DEVELOPMENT CORP,FY23_FS_FOOD HUB EXPANSION,Grant Funds,Middlebury,Not Applicable,SECD RB DEV ENTERPRISE GRANT,Public Administration,50001,926110,ADMINISTRATION OF GENERAL ECONOMIC PROGRAMS,Commercial,"This Rural Development investment will be used to complete a business feasibility study for Addison County Relocalization Network (ACORN) to find and develop a permanent location for Food Hub in Middlebury, Vermont. ACORNs food hub facilitates sales, aggregation, and distribution of locally produced food to local wholesale markets. The project will explore economic, market, technical, financial, and management feasibilities for scaling up to meet growing regional food needs. The food hub expansion will create and retain jobs and play a critical role in strengthening economic development and food security in this rural area.",44418,1
2023,Vermont,Addison,At-Large,Business Programs,Rural Energy for America Program (REAP),05753,Not Persistent Poverty Community,"MIDDLEBURY RESOURCE RECOVERY CENTER, LLC",FY23 RES DIGESTER FOOD WASTE,Loan Funds - Guaranteed,Middlebury,LIVE OAK BANKING COMPANY,REAP-MAND RENEW ENERGY SYSTEMS LOANS GUAR,Utilities,50001,221117,BIOMASS ELECTRIC POWER GENERATION,Commercial,Detailed Project Description Not Available,11677424,1
2023,Vermont,Addison,At-Large,Multifamily Housing,Rental Assistance (MFH),Zip Code Withheld,Not Persistent Poverty Community,Name Withheld,BRIARWOOD APTS,Grant Funds,City Name Withheld,Not Applicable,RENEWAL / REPLACEMENT -FAMILY,Real Estate and Rental and Leasing,50001,NA,Not Available,Residential,Detailed Project Description Not Available,335615,1
2023,Vermont,Addison,At-Large,Multifamily Housing,Rental Assistance (MFH),Zip Code Withheld,Not Persistent Poverty Community,Name Withheld,CREEKVIEW HOUSING,Grant Funds,City Name Withheld,Not Applicable,RENEWAL / REPLACEMENT -FAMILY,Real Estate and Rental and Leasing,50001,NA,Not Available,Residential,Detailed Project Description Not Available,165035,1
2023,Vermont,Addison,At-Large,Multifamily Housing,Rental Assistance (MFH),Zip Code Withheld,Not Persistent Poverty Community,Name Withheld,MIDDLEBURY COMMONS VSHA,Grant Funds,City Name Withheld,Not Applicable,RENEWAL  / REPLACEMENT - ELDERLY,Real Estate and Rental and Leasing,50001,NA,Not Available,Residential,Detailed Project Description Not Available,240356,1
2023,Vermont,Addison,At-Large,Multifamily Housing,Rental Assistance (MFH),Zip Code Withheld,Not Persistent Poverty Community,Name Withheld,SMALLEST CITY HSG C/O ADDISON COUNTY COMMUNITY TRUST,Grant Funds,City Name Withheld,Not Applicable,RENEWAL / REPLACEMENT -FAMILY,Real Estate and Rental and Leasing,50001,NA,Not Available,Residential,Detailed Project Description Not Available,169525,1
2023,Vermont,Addison,At-Large,Single Family Housing,Guaranteed Loan (SFH),Zip Code Withheld,Not Persistent Poverty Community,Name Withheld,NOT AVAILABLE,Loan Funds - Guaranteed,City Name Withheld,NATIONAL BANK OF MIDDLEBURY,SEC 502 GUARANTEED SINGLE FAMILY HOUSING PURCHASE LOANS - WITH ANNUAL FEES ASSIGNED,Real Estate and Rental and Leasing,50001,NA,Not Available,Residential,Detailed Project Description Not Available,222222,1
2023,Vermont,Addison,At-Large,Single Family Housing,Guaranteed Loan (SFH),Zip Code Withheld,Not Persistent Poverty Community,Name Withheld,NOT AVAILABLE,Loan Funds - Guaranteed,City Name Withheld,UNION BANK,SEC 502 GUARANTEED SINGLE FAMILY HOUSING PURCHASE LOANS - WITH ANNUAL FEES ASSIGNED,Real Estate and Rental and Leasing,50001,NA,Not Available,Residential,Detailed Project Description Not Available,167676,1
2023,Vermont,Addison,At-Large,Single Family Housing,Repair Grant (SFH),Zip Code Withheld,Not Persistent Poverty Community,Name Withheld,NOT AVAILABLE,Grant Funds,City Name Withheld,Not Applicable,504 COMBINATION LOAN & GRANT,Real Estate and Rental and Leasing,50001,NA,Not Available,Residential,Detailed Project Description Not Available,10050,2
2023,Vermont,Addison,At-Large,Single Family Housing,Repair Grant (SFH),Zip Code Withheld,Not Persistent Poverty Community,Name Withheld,NOT AVAILABLE,Grant Funds,City Name Withheld,Not Applicable,504 GRANT,Real Estate and Rental and Leasing,50001,NA,Not Available,Residential,Detailed Project Description Not Available,39600,4
2023,Vermont,Addison,At-Large,Single Family Housing,Repair Loan (SFH),Zip Code Withheld,Not Persistent Poverty Community,Name Withheld,NOT AVAILABLE,Loan Funds - Direct,City Name Withheld,Not Applicable,504 COMBINATION LOAN & GRANT,Real Estate and Rental and Leasing,50001,NA,Not Available,Residential,Detailed Project Description Not Available,10890,2
2023,Vermont,Addison,At-Large,Water and Environmental,Grant (WEP),05753,Not Persistent Poverty Community,Addison County Community Trust,FY 21 Lindale MHP Sewer System Installation,Grant Funds,Middlebury,Not Applicable,(GRANT ONLY) WASTE DISPOSAL ONLY,Utilities,50001,NA,Not Available,Commercial,"This Rural Development investment will be used to provide additional funding to complete the Lindale Mobile Home Park (MHP) sewer system installation in Middlebury, Vermont. The project will address general age-related repairs and pollution and health hazards from individual septic failures. Creating a modern community sewer system complying with current environmental regulations, it will help keep Lindale MHP affordable for this rural community's low- to moderate-income families. Additional Fun",446777,1
2023,Vermont,Bennington,At-Large,Business Programs,Rural Business Development Grant (RBDG),05250,Not Persistent Poverty Community,ARLINGTON ARTS AND ENRICHMENT PROGRAM,FY23_FS_ACORN,Grant Funds,Arlington,Not Applicable,SECD RB DEV ENTERPRISE GRANT,Public Administration,50003,926110,ADMINISTRATION OF GENERAL ECONOMIC PROGRAMS,Commercial,"This Rural Development investment will be used to purchase 14 pieces of fitness equipment for the Arlington Common Fitness Center. The purchase will increase the center's membership and financial sustainability, bolster the local economy, and improve rural residents' physical health and quality of life. The equipment will be available for public use. Additional Funding: $10,659.00 Borrower Districts: [VT 00] Representatives: Balint, Becca (VT 00) Senators: Welch, Peter (VT), Sanders, Bernie",22080,1
2023,Vermont,Bennington,At-Large,Community Facilities,Grant (CF),05768,Not Persistent Poverty Community,CONGREGATIONAL CHURCH RUPERT VT,FY 23 RENOVATIONS & EQUIPMENT,Grant Funds,Rupert,Not Applicable,CY 2022  REGULAR GRANTS DIV N,Other or Not Defined,50003,9999,OTHER,Commercial,"This Rural Development investment will be used to fund equipment at the Rupert Meeting House. The project includes kitchen, audio and essential outdoor equipment to update the 237 year-old building. The community hall, which seats 150 people, will receive a new audio system; the 70-person dining area will receive updated furnishings; and the old kitchen equipment will be replaced by new energy efficient equipment. The new equipment will revitalize the Meeting House to provide essential community",21000,1
2023,Vermont,Bennington,At-Large,Multifamily Housing,Rental Assistance (MFH),Zip Code Withheld,Not Persistent Poverty Community,Name Withheld,BENNINGTON HOUSE,Grant Funds,City Name Withheld,Not Applicable,RENEWAL / REPLACEMENT -FAMILY,Real Estate and Rental and Leasing,50003,NA,Not Available,Residential,Detailed Project Description Not Available,97145,1
2023,Vermont,Bennington,At-Large,Multifamily Housing,Rental Assistance (MFH),Zip Code Withheld,Not Persistent Poverty Community,Name Withheld,HAINES MANOR EAST,Grant Funds,City Name Withheld,Not Applicable,RENEWAL / REPLACEMENT -FAMILY,Real Estate and Rental and Leasing,50003,NA,Not Available,Residential,Detailed Project Description Not Available,124800,1
2023,Vermont,Bennington,At-Large,Multifamily Housing,Rental Assistance (MFH),Zip Code Withheld,Not Persistent Poverty Community,Name Withheld,HOMESTEAD GREEN,Grant Funds,City Name Withheld,Not Applicable,RENEWAL  / REPLACEMENT - ELDERLY,Real Estate and Rental and Leasing,50003,NA,Not Available,Residential,Detailed Project Description Not Available,123002,1
2023,Vermont,Bennington,At-Large,Multifamily Housing,Rental Assistance (MFH),Zip Code Withheld,Not Persistent Poverty Community,Name Withheld,SILVER STREET APTS,Grant Funds,City Name Withheld,Not Applicable,RENEWAL / REPLACEMENT -FAMILY,Real Estate and Rental and Leasing,50003,NA,Not Available,Residential,Detailed Project Description Not Available,99885,1
2023,Vermont,Bennington,At-Large,Single Family Housing,Direct Loan (SFH),Zip Code Withheld,Not Persistent Poverty Community,Name Withheld,NOT AVAILABLE,Loan Funds - Direct,City Name Withheld,Not Applicable,502 LOAN - GENERAL INTEREST SUBSIDY VERY LOW INCOME,Real Estate and Rental and Leasing,50003,NA,Not Available,Residential,Detailed Project Description Not Available,262752,1
2023,Vermont,Bennington,At-Large,Single Family Housing,Direct Loan (SFH),Zip Code Withheld,Not Persistent Poverty Community,Name Withheld,NOT AVAILABLE,Loan Funds - Direct,City Name Withheld,Not Applicable,502 LOAN - PURCHASE LOANS - LOW - 21/23 MULTI-YEAR ARPA,Real Estate and Rental and Leasing,50003,NA,Not Available,Residential,Detailed Project Description Not Available,873626,3
2023,Vermont,Bennington,At-Large,Single Family Housing,Guaranteed Loan (SFH),Zip Code Withheld,Not Persistent Poverty Community,Name Withheld,NOT AVAILABLE,Loan Funds - Guaranteed,City Name Withheld,BANK OF BENNINGTON,SEC 502 GUARANTEED SINGLE FAMILY HOUSING PURCHASE LOANS - WITH ANNUAL FEES ASSIGNED,Real Estate and Rental and Leasing,50003,NA,Not Available,Residential,Detailed Project Description Not Available,107060,1
2023,Vermont,Bennington,At-Large,Single Family Housing,Repair Grant (SFH),Zip Code Withheld,Not Persistent Poverty Community,Name Withheld,NOT AVAILABLE,Grant Funds,City Name Withheld,Not Applicable,504 COMBINATION LOAN & GRANT,Real Estate and Rental and Leasing,50003,NA,Not Available,Residential,Detailed Project Description Not Available,10862,2
2023,Vermont,Bennington,At-Large,Single Family Housing,Repair Grant (SFH),Zip Code Withheld,Not Persistent Poverty Community,Name Withheld,NOT AVAILABLE,Grant Funds,City Name Withheld,Not Applicable,504 GRANT,Real Estate and Rental and Leasing,50003,NA,Not Available,Residential,Detailed Project Description Not Available,16900,4
2023,Vermont,Bennington,At-Large,Single Family Housing,Repair Loan (SFH),Zip Code Withheld,Not Persistent Poverty Community,Name Withheld,NOT AVAILABLE,Loan Funds - Direct,City Name Withheld,Not Applicable,504 COMBINATION LOAN & GRANT,Real Estate and Rental and Leasing,50003,NA,Not Available,Residential,Detailed Project Description Not Available,10862,2
2023,Vermont,Caledonia,At-Large,Business Programs,Rural Business Development Grant (RBDG),05819,Not Persistent Poverty Community,"NORTHEAST KINGDOM COLLABORATIVE, INC.",FY23 EXPAND NEK & NEK SUMMIT,Grant Funds,St. Johnsbury,Not Applicable,RBCS ENTERPRISE GRANTS,Public Administration,50005,926110,ADMINISTRATION OF GENERAL ECONOMIC PROGRAMS,Commercial,"This Rural Development investment will be used to increase the capacity to plan and develop projects in Vermont's Northeast Kingdom (NEK), and will result in economic growth and community development. A NEK-based cohort of experts in project/budget management, funding planning, and stakeholder outreach will enable 30 entities to develop business and project plans and better leverage other funds. The purpose of this program is to assist with economic development planning and/or the financing or e",29713,1
2023,Vermont,Caledonia,At-Large,Business Programs,Rural Business Development Grant (RBDG),05843,Not Persistent Poverty Community,THE CENTER FOR AN AGRICULTURAL ECONOMY,FY23 TA MARKET ACCESS,Grant Funds,Hardwick,Not Applicable,RBCS ENTERPRISE REAP ZONE GRANTS,Public Administration,50005,926110,ADMINISTRATION OF GENERAL ECONOMIC PROGRAMS,Commercial,"This Rural Development investment will be used to provide small farms with processing access for the year-round sale of local fruits and vegetables to small grocers, grocers' associations, co-ops, and distributors. The Center for an Agricultural Economy's (CAE) Farm Connex and Vermont Food Venture Center also will help food producers with collection, fulfillment, and delivery services to more than 500 Vermont and New Hampshire locations. Additional Funding: $119,457.00 Borrower Districts: [VT 00",192000,1
2023,Vermont,Caledonia,At-Large,Business Programs,Rural Business Development Grant (RBDG),05851,Not Persistent Poverty Community,"LYNDON OUTING CLUB, INC.",FY23 TA PRE-DEVELOPMENT,Grant Funds,Lyndon,Not Applicable,RBCS ENTERPRISE REAP ZONE GRANTS,Public Administration,50005,926110,ADMINISTRATION OF GENERAL ECONOMIC PROGRAMS,Commercial,"This Rural Development investment will be used to complete design and permitting of a snowmaking project at Shonyo Park in Lyndon, Vermont. The project will allow the Lyndon Outing Club to hire more employees, increase public offerings of affordable skiing, and grow sales and employment for local retail stores and restaurants. It is expected to create five jobs and save 23 jobs. Additional Funding: $20,000.00 Borrower Districts: [VT 00] Representatives: Balint, Becca (VT 00) Senators: Sander",19879,1
2023,Vermont,Caledonia,At-Large,Business Programs,Rural Business Development Grant (RBDG),05851,Not Persistent Poverty Community,VT STATE COLLEGES,FY23 TA BUSINESS DEVELOPMENT,Grant Funds,Montpelier,Not Applicable,RBCS ENTERPRISE REAP ZONE GRANTS,Public Administration,50005,926110,ADMINISTRATION OF GENERAL ECONOMIC PROGRAMS,Commercial,"This Rural Development investment will be used to to provide business planning, feasibility studies, and grant writing support to businesses integrating technologies to produce engineered wood products such as mass timber, biochar, and modern wood heat. The Do North Coworking Forestry Accelerator program, a technical-service organization, will work with partnering organizations on the project. It will help local rural businesses with economic development planning, financing, or expansion. The pr",62500,1
2023,Vermont,Caledonia,At-Large,Business Programs,Rural Energy for America Program (REAP),05828,Not Persistent Poverty Community,"CARY & MAIN CO, LLC",FY23 EEI REVERSE OSMOSIS EQUIP,Grant Funds,Danville,Not Applicable,REAP IRA EEI GRANT $20K AND LESS (FY 23),"Agriculture, Forestry, Fishing and Hunting",50005,111998,ALL OTHER MISCELLANEOUS CROP FARMING,Commercial,"This Rural Development investment will be used to purchase and install a reverse osmosis machine for a sugaring operation in Danville, Vermont. Cary and Main is a hand-crafted sugar products maker, specializing in fine maple syrup, maple crme and scented candles. The company offers certified organic and kosher products and is looking to save costs on power and production. The reverse osmosis machine will produce 141,600 kilowatt hours (kWh), saving the company $15,754 every year.",12247,1
2023,Vermont,Caledonia,At-Large,Business Programs,Rural Energy for America Program (REAP),05871,Not Persistent Poverty Community,FIREFLY FARM AT BURKE HOLLOW LLC,FY23 8KW SOLAR ARRAY,Grant Funds,West Burke,Not Applicable,REAP IRA RES GRANT $20K AND LESS (FY 23),"Agriculture, Forestry, Fishing and Hunting",50005,111219,OTHER VEGETABLE (EXCEPT POTATO) AND MELON FARMING,Commercial,"This Rural Development investment will be used to assist Firefly Farm at Burke Hollow install a renewable energy system. The installation of a 8kW roof-mounted solar PV system will greatly assist in lowering the produce farms operating expenses by saving over $1,425 annually, while benefitting the environment.",9428,1
2023,Vermont,Caledonia,At-Large,Community Facilities,Direct Loan (CF),05819,Not Persistent Poverty Community,"NORTHEASTERN VERMONT REGIONAL HOSPITAL, INC.",FY 23 EMERGENCY ROOM EXPANSION,Loan Funds - Direct,Saint Johnsbury,Not Applicable,COMMUNITY FACILITY (DIRECT AND GUARANTEED LOANS),Health Care and Social Assistance,50005,62211,GENERAL MEDICAL AND SURGICAL HOSPITALS,Commercial,Detailed Project Description Not Available,16500000,1
2023,Vermont,Caledonia,At-Large,Community Facilities,Emergency Health Care Grant (CF),05819,Not Persistent Poverty Community,"NORTHEASTERN VERMONT REGIONAL HOSPITAL, INC.",FY 23 EMERGENCY ROOM EXPANSION,Grant Funds,Saint Johnsbury,Not Applicable,CF ARP EMERGENCY RURAL HEALTH CARE GRANTS - TRACK 1 & 2,Health Care and Social Assistance,50005,62211,GENERAL MEDICAL AND SURGICAL HOSPITALS,Commercial,"This Rural Development investment will be used to update and expand multiple departments at Northeastern Vermont Regional Hospital (NVRH), to increase available beds and upgrade the laboratory, pharmacy and behavioral health and emergency departments to be more efficient, safe and functionally modern. NVRH is a critical-access operation serving St. Johnsbury, surrounding communities and northern rural Vermont. The hospital provides the St. Johnsbury population of 7,603 and the surrounding Northeast Kingdom region with a 24-hour, physician-staffed, 25-bed emergency department, which will have 4,870 square feet more space to operate in. The pharmacy will expand by 964 square feet, and the mental health support area will add 2,665 square feet. This will mean shorter wait times for emergency treatment, greater pharmaceutical offerings as well as improved safe storage, and privacy and dignity for those waiting in the behavioral health holding unit to transfer to another facility.",1000000,1
2023,Vermont,Caledonia,At-Large,Community Facilities,Grant (CF),05046,Not Persistent Poverty Community,"GROTON, TOWN OF",FY 22 CDS WASTE WATER PROJECT,Grant Funds,Groton,Not Applicable,FY22 CONGRESSIONALLY DIRECTED SPENDING,Other or Not Defined,50005,9994,OTHER PUBLIC BUILDING & IMPROVEMENT RELATED SERVICES,Commercial,"This Rural Development investment will be used to improve the town of Groton's municipal office building. This includes health, access, safety and stormwater infrastructure upgrades. The municipal building parking area will be upgraded and expanded. This will result in a more effective parking arrangement and safer access for all workers and visitors. The drainage system for the site and nearby areas will be upgraded to direct any collected water away from the parking area and facility. This",200000,1
2023,Vermont,Caledonia,At-Large,Community Facilities,Grant (CF),05819,Not Persistent Poverty Community,FAIRBANKS MUSEUM AND PLANETARIUM,FY 21 SCIENCE ANNEX MASS TIMBE,Grant Funds,St Johnsbury,Not Applicable,FY22 CONGRESSIONALLY DIRECTED SPENDING,"Arts, Entertainment, and Recreation",50005,71211,MUSEUMS,Commercial,"This Rural Development investment will be used to fund the construction of the mass timber science annex addition to the Fairbanks Museum and Planetarium in St. Johnsbury, Vermont. The project includes construction of a 6,153 square foot addition as well as the renovation of 1,584 square feet in the museum's historic 1891 building. The three-story addition contains classroom and exhibit space, a stair tower, elevator, and four restrooms. The ground floor and balcony levels will contain Science,",2465176,1
2023,Vermont,Caledonia,At-Large,Community Facilities,Grant (CF),05819,Not Persistent Poverty Community,NVDA,FY 2023 CF TAT,Grant Funds,St Johnsbury,Not Applicable,CY 2022 TAT GRANTS DIV N,Other or Not Defined,50005,7,Not Available,Commercial,"This Rural Development investment will be used to support two non-profit organizations with technical assistance funding through the Northeast Vermont Development Association (NVDA). Do North, a co-working space in St. Johnsbury, and theNEK Outdoor Recreation Community Hub, a central component of the developing Kingdom Trails system, will benefit from this grant funding. The Hub's TA money will go toward contracting project-management services over a two-year period to complete all required",120000,1
2023,Vermont,Caledonia,At-Large,Community Facilities,Grant (CF),05841,Not Persistent Poverty Community,"LYNDON, TOWN OF",FY 23 SANBORN COVERED BRIDGE R,Grant Funds,Lyndonville,Not Applicable,CY 2022 REAP GRANTS DIV N,Other or Not Defined,50005,9999,OTHER,Commercial,"This Rural Development investment will be used to restore the 153-year old Paddleford Truss type covered bridge in Lyndon, Vermont. The Sanborn Covered Bridge Revitalization project is focused solely on restoration work, which includes the reframing and retrussing of the superstructure, the complete rebuilding of the abutments (substructure), & new roofing, sidewalls, & flooring. This project has been planned for a number of years and has broad support at the local, state and national levels. Th",170337,1
2023,Vermont,Caledonia,At-Large,Community Facilities,Grant (CF),05843,Not Persistent Poverty Community,"HARDWICK, TOWN OF",FY20 LIBRARY EXPANSION,Grant Funds,Hardwick,Not Applicable,FY22 CONGRESSIONALLY DIRECTED SPENDING,Information,50005,51412,LIBRARY,Commercial,"This Rural Development investment will be used to renovate and expand the town's Jeudevine Memorial Library. The addition and renovation will create two new reading rooms, one each for children and teens, refurbish the adult reading room in the historic building, and create expanded staff and circulation space. Additionally, the expansion will create flexible, multi-purpose spaces, including a conference room and large meeting room that can be divided. This will not only accommodate library serv",600000,1
2023,Vermont,Caledonia,At-Large,Community Facilities,Grant (CF),05851,Not Persistent Poverty Community,NORTHEAST KINGDOM WASTE MANAGEMENT DISTRICT,FY 23 POLYSTYRENE FOAM RECYCLI,Grant Funds,Lyndonville,Not Applicable,CY 2022 REAP GRANTS DIV N,Other or Not Defined,50005,9999,OTHER,Commercial,"This Rural Development community facility grant will allow the Northeast Kingdom Waste Management District (NEK WMD) located in Lyndonville, Vermont to purchase a commercial grade polystyrene recycling machine. Polystyrene is commonly known as styrofoam and is one of the most difficult plastics materials to recycle and it is regularly landfilled. Interestingly this is due to the fact the used styrofoam product is such a lightweight material it is very inefficient to transport to a facili",36000,1
2023,Vermont,Caledonia,At-Large,Multifamily Housing,Rental Assistance (MFH),Zip Code Withheld,Not Persistent Poverty Community,Name Withheld,GROTON COMMUNITY HOUSING LP RURAL EDGE PROP MNG,Grant Funds,City Name Withheld,Not Applicable,RENEWAL / REPLACEMENT -FAMILY,Real Estate and Rental and Leasing,50005,NA,Not Available,Residential,Detailed Project Description Not Available,255865,1
2023,Vermont,Caledonia,At-Large,Multifamily Housing,Rental Assistance (MFH),Zip Code Withheld,Not Persistent Poverty Community,Name Withheld,HILLTOP FAMILY HSNG,Grant Funds,City Name Withheld,Not Applicable,RENEWAL / REPLACEMENT -FAMILY,Real Estate and Rental and Leasing,50005,NA,Not Available,Residential,Detailed Project Description Not Available,235324,1
2023,Vermont,Caledonia,At-Large,Multifamily Housing,Rental Assistance (MFH),Zip Code Withheld,Not Persistent Poverty Community,Name Withheld,LIND HOMES C/O RURAL EDGE,Grant Funds,City Name Withheld,Not Applicable,FAMILY RENEWAL 2023 - 2022/2023,Real Estate and Rental and Leasing,50005,NA,Not Available,Residential,Detailed Project Description Not Available,23991,1
2023,Vermont,Caledonia,At-Large,Multifamily Housing,Rental Assistance (MFH),Zip Code Withheld,Not Persistent Poverty Community,Name Withheld,MARIGOLD APTS,Grant Funds,City Name Withheld,Not Applicable,RENEWAL  / REPLACEMENT - ELDERLY,Real Estate and Rental and Leasing,50005,NA,Not Available,Residential,Detailed Project Description Not Available,42543,1
2023,Vermont,Caledonia,At-Large,Multifamily Housing,Rental Assistance (MFH),Zip Code Withheld,Not Persistent Poverty Community,Name Withheld,MOOSE RIVER HOUSING,Grant Funds,City Name Withheld,Not Applicable,RENEWAL / REPLACEMENT -FAMILY,Real Estate and Rental and Leasing,50005,NA,Not Available,Residential,Detailed Project Description Not Available,275397,1
2023,Vermont,Caledonia,At-Large,Multifamily Housing,Rental Assistance (MFH),Zip Code Withheld,Not Persistent Poverty Community,Name Withheld,MOUNTAIN VIEW APTS,Grant Funds,City Name Withheld,Not Applicable,RENEWAL / REPLACEMENT -FAMILY,Real Estate and Rental and Leasing,50005,NA,Not Available,Residential,Detailed Project Description Not Available,363148,1
2023,Vermont,Caledonia,At-Large,Single Family Housing,Direct Loan (SFH),Zip Code Withheld,Not Persistent Poverty Community,Name Withheld,NOT AVAILABLE,Loan Funds - Direct,City Name Withheld,Not Applicable,502 LOAN - GENERAL INTEREST SUBSIDY VERY LOW INCOME,Real Estate and Rental and Leasing,50005,NA,Not Available,Residential,Detailed Project Description Not Available,140000,1
2023,Vermont,Caledonia,At-Large,Single Family Housing,Guaranteed Loan (SFH),Zip Code Withheld,Not Persistent Poverty Community,Name Withheld,NOT AVAILABLE,Loan Funds - Guaranteed,City Name Withheld,ACADEMY MORTGAGE CORPORATION,SEC 502 GUARANTEED SINGLE FAMILY HOUSING PURCHASE LOANS - WITH ANNUAL FEES ASSIGNED,Real Estate and Rental and Leasing,50005,NA,Not Available,Residential,Detailed Project Description Not Available,297979,1
2023,Vermont,Caledonia,At-Large,Single Family Housing,Guaranteed Loan (SFH),Zip Code Withheld,Not Persistent Poverty Community,Name Withheld,NOT AVAILABLE,Loan Funds - Guaranteed,City Name Withheld,"NORTHEAST HOME LOAN, LLC",SEC 502 GUARANTEED SINGLE FAMILY HOUSING PURCHASE LOANS - WITH ANNUAL FEES ASSIGNED,Real Estate and Rental and Leasing,50005,NA,Not Available,Residential,Detailed Project Description Not Available,140825,1
2023,Vermont,Caledonia,At-Large,Single Family Housing,Guaranteed Loan (SFH),Zip Code Withheld,Not Persistent Poverty Community,Name Withheld,NOT AVAILABLE,Loan Funds - Guaranteed,City Name Withheld,UNION BANK,SEC 502 GUARANTEED SINGLE FAMILY HOUSING PURCHASE LOANS - WITH ANNUAL FEES ASSIGNED,Real Estate and Rental and Leasing,50005,NA,Not Available,Residential,Detailed Project Description Not Available,595422,4
2023,Vermont,Caledonia,At-Large,Single Family Housing,Repair Grant (SFH),Zip Code Withheld,Not Persistent Poverty Community,Name Withheld,NOT AVAILABLE,Grant Funds,City Name Withheld,Not Applicable,504 COMBINATION LOAN & GRANT,Real Estate and Rental and Leasing,50005,NA,Not Available,Residential,Detailed Project Description Not Available,45675,5
2023,Vermont,Caledonia,At-Large,Single Family Housing,Repair Grant (SFH),Zip Code Withheld,Not Persistent Poverty Community,Name Withheld,NOT AVAILABLE,Grant Funds,City Name Withheld,Not Applicable,504 GRANT,Real Estate and Rental and Leasing,50005,NA,Not Available,Residential,Detailed Project Description Not Available,6430,1
2023,Vermont,Caledonia,At-Large,Single Family Housing,Repair Loan (SFH),Zip Code Withheld,Not Persistent Poverty Community,Name Withheld,NOT AVAILABLE,Loan Funds - Direct,City Name Withheld,Not Applicable,504 COMBINATION LOAN & GRANT,Real Estate and Rental and Leasing,50005,NA,Not Available,Residential,Detailed Project Description Not Available,28897,5
2023,Vermont,Chittenden,At-Large,Business Programs,Rural Energy for America Program (REAP),05445,Not Persistent Poverty Community,"GMG FARMS, LLC",FY23 RES 38.4KW SOLAR ARRAY,Grant Funds,Charlotte,Not Applicable,REAP-MANDATORY RENEW ENERGY SYST GRANTS,"Agriculture, Forestry, Fishing and Hunting",50007,111419,OTHER FOOD CROPS GROWN UNDER COVER,Commercial,"This Rural Development investment will be used to purchase & install a 38.4KW ground-mounted solar array in Charlotte, Vermont. GMG Farms, LLC will offset over 120% of its electricity use, saving in excess of $7,1000 annually. In its fifth planting season, the small farm will also benefit from battery storage to protect their greenhouse crops during power outages.",30551,1
2023,Vermont,Chittenden,At-Large,Business Programs,Rural Energy for America Program (REAP),05452,Not Persistent Poverty Community,ALEXANDER BUSHEY DBA BRIGHAM HILL MAPLE,FY23 EEI MAPLE REVERSE OSMOSIS,Grant Funds,Essex Jct,Not Applicable,REAP IRA EEI GRANT $20K AND LESS (FY 23),"Agriculture, Forestry, Fishing and Hunting",50007,111998,ALL OTHER MISCELLANEOUS CROP FARMING,Commercial,"This Rural Development investment will be used to purchase & install a reverse osmosis machine for a sugaring operation in Essex, Vermont. Brigham Hill Maple is a wood-fired sugaring operation specializing in fine traditional maple syrup production. The company offers delicious maple products including maple candy, cotton candy, and various sugars and is looking to save costs on power and production. The reverse osmosis machine will save costs on power and production saving 70,533 kwh, the equivalent of $5,030 every year.",15754,1
2023,Vermont,Chittenden,At-Large,Business Programs,Rural Energy for America Program (REAP),05495,Not Persistent Poverty Community,ST. GEORGE ROOFTOP SOLAR LLC,FY23 RES 314KW SOLAR ARRAY,Grant Funds,St. George,Not Applicable,REAP IRA RES GRANT UNRESTRICTED (FY 22/23),Utilities,50007,221114,SOLAR ELECTRIC POWER GENERATION,Commercial,"This Rural Development investment will be used to expand an established solar array at a self-storage facility in St. George, Vermont. The project will consist of 25,000 square foot, 314 kilowatt (kW) DC solar photovoltaic system estimated to generate roughly 294,500 kilowatt hours (kWh) annually. The power generated will be sold to another Vermont business through a Power Purchase Agreement and provide 30 percent of their required electrical need. Additional Funding: Districts: [VT 00] Rep",239415,1
2023,Vermont,Chittenden,At-Large,Business Programs,Value Added Producer Grant (VAPG),05477,Not Persistent Poverty Community,MAPLE WIND FARM INC.,VAPG2023VT02,Grant Funds,Richmond,Not Applicable,LAMP VALUE ADDED PRODUCER GRANT MANDATORY,"Agriculture, Forestry, Fishing and Hunting",50007,112320,BROILERS AND OTHER MEAT TYPE CHICKEN PRODUCTION,Commercial,"This Rural Development investment will be used to provide the working capital necessary for Maple Wind Farm to expand its pet-focused product line. Currently, most of the waste parts of the processed poultry is composted, with a small portion turned into healthy pet snacks. The project will focus heavily on marketing and expansion into new markets, adding over 550 new customers. Additional Funding: $250,000.00 Grantee Districts: [VT 00] Representatives: Balint, Becca (VT 00) Senators: Welch,",250000,1
2023,Vermont,Chittenden,At-Large,Business Programs,Value Added Producer Grant (VAPG),05482,Not Persistent Poverty Community,FISHER BROTHERS FARM LLC,VAPG2023VT03,Grant Funds,Shelburne,Not Applicable,VALUE-ADDED PRODUCER DVLP GRANTS-DISCR,"Agriculture, Forestry, Fishing and Hunting",50007,111339,OTHER NONCITRUS FRUIT FARMING,Commercial,"This Rural Development investment will be used to accelerate the ability of Fisher Brothers Farm to expand its Sisters of Anarchy Ice Cream brand and customer base. Expected outcomes include increasing customers for novelty ice cream products, enhancing relationships with distributors, and the implementation of supportive marketing to introduce the brand to new customers. Additional Funding: $249,983.00 Grantee Districts: [VT 00] Representatives: Balint, Becca (VT 00) Senators: Welch, Peter (VT)",250000,1
2023,Vermont,Chittenden,At-Large,Business Programs,Value Added Producer Grant (VAPG),05489,Not Persistent Poverty Community,MOOSE MOUNTAIN MAPLE LLC,VAPG2021VT03(ADD-ON_SEE NOTES),Grant Funds,Underhill,Not Applicable,LAMP VALUE ADDED PRODUCER GRANT MANDATORY,"Agriculture, Forestry, Fishing and Hunting",50007,111998,ALL OTHER MISCELLANEOUS CROP FARMING,Commercial,Detailed Project Description Not Available,13768,1
2023,Vermont,Chittenden,At-Large,Multifamily Housing,Rental Assistance (MFH),Zip Code Withheld,Not Persistent Poverty Community,Name Withheld,MEADOWLANE APTS,Grant Funds,City Name Withheld,Not Applicable,RENEWAL  / REPLACEMENT - ELDERLY,Real Estate and Rental and Leasing,50007,NA,Not Available,Residential,Detailed Project Description Not Available,124587,1
2023,Vermont,Chittenden,At-Large,Multifamily Housing,Rental Assistance (MFH),Zip Code Withheld,Not Persistent Poverty Community,Name Withheld,WRIGHT HOUSE HARRINGTON VILLAGE,Grant Funds,City Name Withheld,Not Applicable,RENEWAL  / REPLACEMENT - ELDERLY,Real Estate and Rental and Leasing,50007,NA,Not Available,Residential,Detailed Project Description Not Available,320617,1
2023,Vermont,Chittenden,At-Large,Single Family Housing,Guaranteed Loan (SFH),Zip Code Withheld,Not Persistent Poverty Community,Name Withheld,NOT AVAILABLE,Loan Funds - Guaranteed,City Name Withheld,EASTRISE CREDIT UNION,SEC 502 GUARANTEED SINGLE FAMILY HOUSING PURCHASE LOANS - WITH ANNUAL FEES ASSIGNED,Real Estate and Rental and Leasing,50007,NA,Not Available,Residential,Detailed Project Description Not Available,315151,1
2023,Vermont,Chittenden,At-Large,Single Family Housing,Guaranteed Loan (SFH),Zip Code Withheld,Not Persistent Poverty Community,Name Withheld,NOT AVAILABLE,Loan Funds - Guaranteed,City Name Withheld,"NORTHEAST HOME LOAN, LLC",SEC 502 GUARANTEED SINGLE FAMILY HOUSING PURCHASE LOANS - WITH ANNUAL FEES ASSIGNED,Real Estate and Rental and Leasing,50007,NA,Not Available,Residential,Detailed Project Description Not Available,416666,1
2023,Vermont,Chittenden,At-Large,Single Family Housing,Guaranteed Loan (SFH),Zip Code Withheld,Not Persistent Poverty Community,Name Withheld,NOT AVAILABLE,Loan Funds - Guaranteed,City Name Withheld,"PARAMOUNT RESIDENTIAL MORTGAGE GROUP,INC",SEC 502 GUARANTEED SINGLE FAMILY HOUSING PURCHASE LOANS - WITH ANNUAL FEES ASSIGNED,Real Estate and Rental and Leasing,50007,NA,Not Available,Residential,Detailed Project Description Not Available,301010,1
2023,Vermont,Chittenden,At-Large,Single Family Housing,Guaranteed Loan (SFH),Zip Code Withheld,Not Persistent Poverty Community,Name Withheld,NOT AVAILABLE,Loan Funds - Guaranteed,City Name Withheld,PEOPLES TRUST COMPANY,SEC 502 GUARANTEED SINGLE FAMILY HOUSING PURCHASE LOANS - WITH ANNUAL FEES ASSIGNED,Real Estate and Rental and Leasing,50007,NA,Not Available,Residential,Detailed Project Description Not Available,74000,1
2023,Vermont,Chittenden,At-Large,Single Family Housing,Repair Grant (SFH),Zip Code Withheld,Not Persistent Poverty Community,Name Withheld,NOT AVAILABLE,Grant Funds,City Name Withheld,Not Applicable,504 COMBINATION LOAN & GRANT,Real Estate and Rental and Leasing,50007,NA,Not Available,Residential,Detailed Project Description Not Available,26831,3
2023,Vermont,Chittenden,At-Large,Single Family Housing,Repair Loan (SFH),Zip Code Withheld,Not Persistent Poverty Community,Name Withheld,NOT AVAILABLE,Loan Funds - Direct,City Name Withheld,Not Applicable,504 COMBINATION LOAN & GRANT,Real Estate and Rental and Leasing,50007,NA,Not Available,Residential,Detailed Project Description Not Available,23309,3
2023,Vermont,Chittenden,At-Large,Single Family Housing,Repair Loan (SFH),Zip Code Withheld,Not Persistent Poverty Community,Name Withheld,NOT AVAILABLE,Loan Funds - Direct,City Name Withheld,Not Applicable,504 LOAN,Real Estate and Rental and Leasing,50007,NA,Not Available,Residential,Detailed Project Description Not Available,8046,1
2023,Vermont,Chittenden,At-Large,Water and Environmental,Solid Waste Management Grant (WEP),05461,Not Persistent Poverty Community,"Composting Association of Vermont, Inc.",SWM FY23,Grant Funds,Hinesburg,Not Applicable,(WWA PROGRAM AREA) SOLID WASTE GRANT,Utilities,50007,NA,Not Available,Commercial,Detailed Project Description Not Available,80000,1
2023,Vermont,Essex,At-Large,Business Programs,Rural Business Development Grant (RBDG),05846,Not Persistent Poverty Community,"BRIGHTON COMMUNITY FORUM, INC.",FY23 TA MARKETING,Grant Funds,Island Pond,Not Applicable,RBCS ENTERPRISE REAP ZONE GRANTS,Public Administration,50009,926110,ADMINISTRATION OF GENERAL ECONOMIC PROGRAMS,Commercial,"This Rural Development investment will be used to pursue a Designated Downtown status from the state of Vermont and assist small businesses in the designated area take advantage of the benefits associated with this status. Other focus areas for the Forum will involve pursuing outdoor recreation business development, promoting the addition of broadband internet, and providing the events and marketing support that has allowed the downtown to achieve a 100 percent business occupancy rate. The proje",116500,1
2023,Vermont,Essex,At-Large,Community Facilities,Grant (CF),05846,Not Persistent Poverty Community,"BRIGHTON, TOWN OF",FY 23 TRUCK REPLACEMENT,Grant Funds,Island Pond,Not Applicable,CY 2022 REAP GRANTS DIV N,Other or Not Defined,50009,9991,OTHER FIRE/RESCUE & PUBLIC SAFETY RELATED SERVICES,Commercial,"This Rural Development investment will allow the town of Brighton to purchase a new truck. The vehicle will replace another that is at the end of its useful life, and is a critical piece of equipment for public works operations. The vehicle is utilized year-round in all parts of town, and its tasks include road repairs and related hauling activities and snow clearing actions in the winter months. This project will benefit all community residents and its visitors. Additional Funding: $75,000",75000,1
2023,Vermont,Essex,At-Large,Single Family Housing,Guaranteed Loan (SFH),Zip Code Withheld,Not Persistent Poverty Community,Name Withheld,NOT AVAILABLE,Loan Funds - Guaranteed,City Name Withheld,UNION BANK,SEC 502 GUARANTEED SINGLE FAMILY HOUSING PURCHASE LOANS - WITH ANNUAL FEES ASSIGNED,Real Estate and Rental and Leasing,50009,NA,Not Available,Residential,Detailed Project Description Not Available,157474,1
2023,Vermont,Essex,At-Large,Single Family Housing,Repair Grant (SFH),Zip Code Withheld,Not Persistent Poverty Community,Name Withheld,NOT AVAILABLE,Grant Funds,City Name Withheld,Not Applicable,504 COMBINATION LOAN & GRANT,Real Estate and Rental and Leasing,50009,NA,Not Available,Residential,Detailed Project Description Not Available,4900,1
2023,Vermont,Essex,At-Large,Single Family Housing,Repair Grant (SFH),Zip Code Withheld,Not Persistent Poverty Community,Name Withheld,NOT AVAILABLE,Grant Funds,City Name Withheld,Not Applicable,504 GRANT,Real Estate and Rental and Leasing,50009,NA,Not Available,Residential,Detailed Project Description Not Available,8000,1
2023,Vermont,Essex,At-Large,Single Family Housing,Repair Loan (SFH),Zip Code Withheld,Not Persistent Poverty Community,Name Withheld,NOT AVAILABLE,Loan Funds - Direct,City Name Withheld,Not Applicable,504 COMBINATION LOAN & GRANT,Real Estate and Rental and Leasing,50009,NA,Not Available,Residential,Detailed Project Description Not Available,4900,1
2023,Vermont,Essex,At-Large,Single Family Housing,Repair Loan (SFH),Zip Code Withheld,Not Persistent Poverty Community,Name Withheld,NOT AVAILABLE,Loan Funds - Direct,City Name Withheld,Not Applicable,504 LOAN,Real Estate and Rental and Leasing,50009,NA,Not Available,Residential,Detailed Project Description Not Available,2500,1
2023,Vermont,Franklin,At-Large,Business Programs,Advanced Biofuel Payment Program,05450,Not Persistent Poverty Community,KANE'S COW POWER LLC,NOT AVAILABLE,Grant Funds,Enosburg Falls,Not Applicable,GRANT FOR PROD OF ADV BIOFUEL,Other or Not Defined,50011,NA,Not Available,Commercial,Detailed Project Description Not Available,28,1
2023,Vermont,Franklin,At-Large,Business Programs,Business and Industry Loan Guarantees (B&I) (BP),05478,Not Persistent Poverty Community,"GEORGIA SOLAR I, LLC",FY23 B&I 80% $1.2MM 788KW,Loan Funds - Guaranteed,Georgia,"CAPITAL BANK, NA",GUARANTEED B&I 3% FEE LOAN,Utilities,50011,221114,SOLAR ELECTRIC POWER GENERATION,Commercial,"This Rural Development investment will be used to provide a loan guarantee on the permanent financing of a 788KW solar array farm in Georgia, Vermont. This project is expected to produce over 950,000kWh annually, which is enough energy to power the equivalent of 88 homes. Additional Funding: $4,230.00 Borrower Districts: [VT 00] Representatives: Balint, Becca (VT 00) Senators: Welch, Peter (VT), Sanders, Bernie (VT) States/Counties: VT/Franklin",1200000,1
2023,Vermont,Franklin,At-Large,Business Programs,Rural Energy for America Program (REAP),05450,Not Persistent Poverty Community,"GERVAIS FAMILY FARM NO. 2, LLC",FY23 RES 218 KW ROOFTOP SOLAR,Grant Funds,Enosburg,Not Applicable,REAP IRA RES GRANT UNRESTRICTED (FY 22/23),"Agriculture, Forestry, Fishing and Hunting",50011,112120,DAIRY CATTLE AND MILK PRODUCTION,Commercial,"This Rural Development investment will be used to install a roof-mounted, net-metered solar array at the Gervais Family Farm in Enosburg Falls, Vermont. The power generated will save the farm $33,200 each year, offsetting nearly 37 percent of its usage. The array will produce an estimated 207,500 kilowatt hours (kWh) annually, enough to power the equivalent of roughly 19 homes. Additional Funding: Districts: [VT 00] Representatives: Balint, Becca (VT 00) Senators: Welch, Peter (VT), Sanders",182309,1
2023,Vermont,Franklin,At-Large,Business Programs,Rural Energy for America Program (REAP),05450,Not Persistent Poverty Community,LIGHTHOUSE EXPERIENCE DESIGN,FY23 EEI LIGHTING UPGRADE,Grant Funds,Enosburg Falls,Not Applicable,REAP IRA EEI GRANT $20K AND LESS (FY 23),"Agriculture, Forestry, Fishing and Hunting",50011,11419,Not Available,Commercial,"This Rural Development investment will be used to assist farmers, ranchers, and rural small businesses in in making energy-efficiency improvements to their operations. Lighthouse Experience Design Inc. dba Finn & Roots is a fish and crop producer in Bakersfield, VT specializing in Eco Ark Crops using a controlled environment building combining solar greenhouses and subterranean, insulated fish houses. Project funds will be used to make energy efficiency improvements with the purchase and installation of high performance horticultural lighting equipment. This project will realize $862 per year in savings and will save 6,977 kWh per year.",12968,1
2023,Vermont,Franklin,At-Large,Business Programs,Rural Energy for America Program (REAP),05457,Not Persistent Poverty Community,BOUCHARD FAMILY DAIRY LLC,FY23 RES 54KW SOLAR ARRAY,Grant Funds,Franklin,Not Applicable,REAP IRA RES GRANT UNRESTRICTED (FY 22/23),"Agriculture, Forestry, Fishing and Hunting",50011,112120,DAIRY CATTLE AND MILK PRODUCTION,Commercial,"This Rural Development investment will be used to install a solar array at Bouchard Family Dairy (BFD) in Franklin, Vermont, to generate 55,000 kilowatt hours (kWh) and sell it to Vermont Electric Co-op (VELCO) for $8,800. This will help the farm offset its own usage. As a working dairy farm, BFD experiences tight margins and is looking to minimize costs over the long term, as electricity is a significant expense to the operation. The dairy has a recent history of energy-efficiency improvements",72544,1
2023,Vermont,Franklin,At-Large,Business Programs,Rural Energy for America Program (REAP),05457,Not Persistent Poverty Community,MACHIA BROTHERS DAIRY LLC,FY23 RES ANAEROBIC DIGESTER,Grant Funds,Sheldon,Not Applicable,REAP IRA RES GRANT UNRESTRICTED (FY 22/23),"Agriculture, Forestry, Fishing and Hunting",50011,112120,DAIRY CATTLE AND MILK PRODUCTION,Commercial,"This Rural Development investment will be used to install an anaerobic digester at Machia Bros Dairy farm in Sheldon, Vermont, using off-site organic food waste. Waste generated from the farm operations of the applicant will be used to generate methane, which will be captured and used to power a combined heat and power unit. The system will generate biogas equaling 1,955,670 kilowatt hours (kWh) of power to run a combined heat/electricity unit, and to process and produce a liquid fertilizer, ani",747124,1
2023,Vermont,Franklin,At-Large,Business Programs,Rural Energy for America Program (REAP),05483,Not Persistent Poverty Community,MACHIA & SONS DAIRY LLC,FY23 RES BIOGAS DIGESTER,Grant Funds,Sheldon,Not Applicable,REAP IRA RES GRANT UNRESTRICTED (FY 22/23),"Agriculture, Forestry, Fishing and Hunting",50011,112120,DAIRY CATTLE AND MILK PRODUCTION,Commercial,"This Rural Development investment will be used to install an anaerobic digester at Machia and Sons Dairy farm in Sheldon, Vermont, using the farm's on-site manure. Waste generated from the farm operations of the applicant will be used to generate methane, which will be captured and used to power a combined heat and power unit. The system will generate biogas equaling 1,955,670 kilowatt hours (kWh) of power to run a combined heat/electricity unit, and to process and produce a liquid fertilizer, a",929360,1
2023,Vermont,Franklin,At-Large,Multifamily Housing,Rental Assistance (MFH),Zip Code Withheld,Not Persistent Poverty Community,Name Withheld,FOURWINDS APTS,Grant Funds,City Name Withheld,Not Applicable,RENEWAL  / REPLACEMENT - ELDERLY,Real Estate and Rental and Leasing,50011,NA,Not Available,Residential,Detailed Project Description Not Available,347419,1
2023,Vermont,Franklin,At-Large,Multifamily Housing,Rental Assistance (MFH),Zip Code Withheld,Not Persistent Poverty Community,Name Withheld,HILLCREST VIEWS APTS,Grant Funds,City Name Withheld,Not Applicable,RENEWAL / REPLACEMENT -FAMILY,Real Estate and Rental and Leasing,50011,NA,Not Available,Residential,Detailed Project Description Not Available,358662,1
2023,Vermont,Franklin,At-Large,Multifamily Housing,Rental Assistance (MFH),Zip Code Withheld,Not Persistent Poverty Community,Name Withheld,PLEASANT STREET HOUSING LP,Grant Funds,City Name Withheld,Not Applicable,RENEWAL / REPLACEMENT -FAMILY,Real Estate and Rental and Leasing,50011,NA,Not Available,Residential,Detailed Project Description Not Available,212657,1
2023,Vermont,Franklin,At-Large,Multifamily Housing,Rental Assistance (MFH),Zip Code Withheld,Not Persistent Poverty Community,Name Withheld,RICHFORD COMMUNITY HOUSING,Grant Funds,City Name Withheld,Not Applicable,RENEWAL / REPLACEMENT -FAMILY,Real Estate and Rental and Leasing,50011,NA,Not Available,Residential,Detailed Project Description Not Available,180911,1
2023,Vermont,Franklin,At-Large,Multifamily Housing,Rental Assistance (MFH),Zip Code Withheld,Not Persistent Poverty Community,Name Withheld,SWANTON MEADOWS REALTY RESOURCE,Grant Funds,City Name Withheld,Not Applicable,RENEWAL / REPLACEMENT -FAMILY,Real Estate and Rental and Leasing,50011,NA,Not Available,Residential,Detailed Project Description Not Available,240024,1
2023,Vermont,Franklin,At-Large,Single Family Housing,Direct Loan (SFH),Zip Code Withheld,Not Persistent Poverty Community,Name Withheld,NOT AVAILABLE,Loan Funds - Direct,City Name Withheld,Not Applicable,502 LOAN - ARP MULTI-YEAR,Real Estate and Rental and Leasing,50011,NA,Not Available,Residential,Detailed Project Description Not Available,136000,1
2023,Vermont,Franklin,At-Large,Single Family Housing,Direct Loan (SFH),Zip Code Withheld,Not Persistent Poverty Community,Name Withheld,NOT AVAILABLE,Loan Funds - Direct,City Name Withheld,Not Applicable,502 LOAN - GENERAL INTEREST SUBSIDY VERY LOW INCOME,Real Estate and Rental and Leasing,50011,NA,Not Available,Residential,Detailed Project Description Not Available,279000,1
2023,Vermont,Franklin,At-Large,Single Family Housing,Guaranteed Loan (SFH),Zip Code Withheld,Not Persistent Poverty Community,Name Withheld,NOT AVAILABLE,Loan Funds - Guaranteed,City Name Withheld,ACADEMY MORTGAGE CORPORATION,SEC 502 GUARANTEED SINGLE FAMILY HOUSING PURCHASE LOANS - WITH ANNUAL FEES ASSIGNED,Real Estate and Rental and Leasing,50011,NA,Not Available,Residential,Detailed Project Description Not Available,316161,1
2023,Vermont,Franklin,At-Large,Single Family Housing,Guaranteed Loan (SFH),Zip Code Withheld,Not Persistent Poverty Community,Name Withheld,NOT AVAILABLE,Loan Funds - Guaranteed,City Name Withheld,EASTRISE CREDIT UNION,SEC 502 GUARANTEED SINGLE FAMILY HOUSING PURCHASE LOANS - WITH ANNUAL FEES ASSIGNED,Real Estate and Rental and Leasing,50011,NA,Not Available,Residential,Detailed Project Description Not Available,302020,1
2023,Vermont,Franklin,At-Large,Single Family Housing,Guaranteed Loan (SFH),Zip Code Withheld,Not Persistent Poverty Community,Name Withheld,NOT AVAILABLE,Loan Funds - Guaranteed,City Name Withheld,FAIRWAY INDEPENDENT MORTGAGE CORPORATION,SEC 502 GUARANTEED SINGLE FAMILY HOUSING PURCHASE LOANS - WITH ANNUAL FEES ASSIGNED,Real Estate and Rental and Leasing,50011,NA,Not Available,Residential,Detailed Project Description Not Available,282828,1
2023,Vermont,Franklin,At-Large,Single Family Housing,Guaranteed Loan (SFH),Zip Code Withheld,Not Persistent Poverty Community,Name Withheld,NOT AVAILABLE,Loan Funds - Guaranteed,City Name Withheld,GUARANTEED RATE INC.,SEC 502 GUARANTEED SINGLE FAMILY HOUSING PURCHASE LOANS - WITH ANNUAL FEES ASSIGNED,Real Estate and Rental and Leasing,50011,NA,Not Available,Residential,Detailed Project Description Not Available,232323,1
2023,Vermont,Franklin,At-Large,Single Family Housing,Guaranteed Loan (SFH),Zip Code Withheld,Not Persistent Poverty Community,Name Withheld,NOT AVAILABLE,Loan Funds - Guaranteed,City Name Withheld,"HOMEBRIDGE FINANCIAL SERVICES, INC.",SEC 502 GUARANTEED SINGLE FAMILY HOUSING PURCHASE LOANS - WITH ANNUAL FEES ASSIGNED,Real Estate and Rental and Leasing,50011,NA,Not Available,Residential,Detailed Project Description Not Available,252525,1
2023,Vermont,Franklin,At-Large,Single Family Housing,Guaranteed Loan (SFH),Zip Code Withheld,Not Persistent Poverty Community,Name Withheld,NOT AVAILABLE,Loan Funds - Guaranteed,City Name Withheld,PEOPLES TRUST COMPANY,SEC 502 GUARANTEED SINGLE FAMILY HOUSING PURCHASE LOANS - WITH ANNUAL FEES ASSIGNED,Real Estate and Rental and Leasing,50011,NA,Not Available,Residential,Detailed Project Description Not Available,655368,3
2023,Vermont,Franklin,At-Large,Single Family Housing,Repair Grant (SFH),Zip Code Withheld,Not Persistent Poverty Community,Name Withheld,NOT AVAILABLE,Grant Funds,City Name Withheld,Not Applicable,504 COMBINATION LOAN & GRANT,Real Estate and Rental and Leasing,50011,NA,Not Available,Residential,Detailed Project Description Not Available,11000,2
2023,Vermont,Franklin,At-Large,Single Family Housing,Repair Grant (SFH),Zip Code Withheld,Not Persistent Poverty Community,Name Withheld,NOT AVAILABLE,Grant Funds,City Name Withheld,Not Applicable,504 GRANT,Real Estate and Rental and Leasing,50011,NA,Not Available,Residential,Detailed Project Description Not Available,29703,5
2023,Vermont,Franklin,At-Large,Single Family Housing,Repair Loan (SFH),Zip Code Withheld,Not Persistent Poverty Community,Name Withheld,NOT AVAILABLE,Loan Funds - Direct,City Name Withheld,Not Applicable,504 COMBINATION LOAN & GRANT,Real Estate and Rental and Leasing,50011,NA,Not Available,Residential,Detailed Project Description Not Available,8000,2
2023,Vermont,Franklin,At-Large,Water and Environmental,Direct Loan and Grant (WEP),05457,Not Persistent Poverty Community,Town of Franklin,Drinking Water Well Connection,Grant Funds,Franklin,Not Applicable,(COMB LOAN & GRANT) WATER ONLY,Utilities,50011,NA,Not Available,Commercial,"This Rural Development investment will be used to help create a transformational public water system for the town of Franklin, Vermont. The project is necessary to address a major deficiency identified by the Vermont Drinking Water and Groundwater Protection Division.It will develop a water source with standby disinfection capabilities; construct a transmission line to connect the source to the current distribution system; and install water meters for the system's customers. The currentl",400000,1
2023,Vermont,Franklin,At-Large,Water and Environmental,Direct Loan and Grant (WEP),05457,Not Persistent Poverty Community,Town of Franklin,Drinking Water Well Connection,Loan Funds - Direct,Franklin,Not Applicable,(COMB LOAN & GRANT) WATER ONLY,Utilities,50011,NA,Not Available,Commercial,"This Rural Development investment will be used to help create a transformational public water system for the town of Franklin, Vermont. The project is necessary to address a major deficiency identified by the Vermont Drinking Water and Groundwater Protection Division.It will develop a water source with standby disinfection capabilities; construct a transmission line to connect the source to the current distribution system; and install water meters for the system's customers. The currentl",490000,1
2023,Vermont,Grand Isle,At-Large,Single Family Housing,Repair Grant (SFH),Zip Code Withheld,Not Persistent Poverty Community,Name Withheld,NOT AVAILABLE,Grant Funds,City Name Withheld,Not Applicable,504 COMBINATION LOAN & GRANT,Real Estate and Rental and Leasing,50013,NA,Not Available,Residential,Detailed Project Description Not Available,29002,3
2023,Vermont,Grand Isle,At-Large,Single Family Housing,Repair Loan (SFH),Zip Code Withheld,Not Persistent Poverty Community,Name Withheld,NOT AVAILABLE,Loan Funds - Direct,City Name Withheld,Not Applicable,504 COMBINATION LOAN & GRANT,Real Estate and Rental and Leasing,50013,NA,Not Available,Residential,Detailed Project Description Not Available,16060,3
2023,Vermont,Lamoille,At-Large,Business Programs,Rural Energy for America Program (REAP),05444,Not Persistent Poverty Community,BOYDEN FARM LLC,FY23 RES 20KW SOLAR ARRAY,Grant Funds,Cambridge,Not Applicable,REAP IRA RES GRANT UNRESTRICTED (FY 22/23),"Agriculture, Forestry, Fishing and Hunting",50015,112112,CATTLE FEEDLOTS,Commercial,"This Rural Development investment will be used to install a roof-mounted solar array at Boyden Farm in Cambridge, Vermont, which will generate 23,780 kilowatt hours (kWh). It will offset the farm's energy use by 75 percent. The energy produced will save roughly $4,200 per year and power the equivalent of nearly two homes. Additional Funding: Districts: [VT 00] Representatives: Balint, Becca (VT 00) Senators: Welch, Peter (VT), Sanders, Bernie (VT) States/Counties: VT/Lamoille",25536,1
2023,Vermont,Lamoille,At-Large,Business Programs,Rural Energy for America Program (REAP),05444,Not Persistent Poverty Community,BOYDEN VALLEY WINERY LLC,FY23 RES 22.68 KW ROOF MOUNT S,Grant Funds,Cambridge,Not Applicable,REAP IRA RES GRANT UNRESTRICTED (FY 22/23),Manufacturing,50015,312130,WINERIES,Commercial,"This Rural Development investment will be used to install a 22.68 kilowatt (kW) roof mounted solar array on an existing barn at Boyden Valley Winery, Cambridge, Vermont. The solar array will produce 100 percent of the current electrical usage, saving the owner over $3,700 annually. Additional Funding: $44,670.00 Borrower Districts: [VT 00] Representatives: Balint, Becca (VT 00) Senators: Sanders, Bernie (VT), Welch, Peter (VT) States/Counties: VT/Lamoille",26887,1
2023,Vermont,Lamoille,At-Large,Business Programs,Rural Energy for America Program (REAP),05672,Not Persistent Poverty Community,PAUL PERCY DBA PERCY FARM,FY23 RES ANAEROBIC DIGESTER,Grant Funds,Stowe,Not Applicable,REAP IRA RES GRANT UNRESTRICTED (FY 22/23),"Agriculture, Forestry, Fishing and Hunting",50015,112120,DAIRY CATTLE AND MILK PRODUCTION,Commercial,"This Rural Development investment will be used to install an anaerobic digester at Percy dairy farm in Stowe, Vermont. The project will include receiving off site organic food waste (OFW) in a receiving tank and putting the OFW and existing farm manure into an anaerobic digester tank where it will be processed to generate biogas, and digestate. The biogas will then be cleaned and used to power a combined heat and power (CHP) unit, and the digestate will be further processed to create liquid",750284,1
2023,Vermont,Lamoille,At-Large,Business Programs,Value Added Producer Grant (VAPG),05444,Not Persistent Poverty Community,BOYDEN FARM LLC,VAPG2023VT01,Grant Funds,Cambridge,Not Applicable,VALUE-ADDED PRODUCER DVLP GRANTS-DISCR,"Agriculture, Forestry, Fishing and Hunting",50015,112112,CATTLE FEEDLOTS,Commercial,"This Rural Development investment will be used to help Boyden Farms increase production capacity, market share, and customer awareness of its newly launched GrassPlus branded beef. An outside sales manager will be hired with additional positions expected to be added in the second year. Additional Funding: $250,000.00 Borrower Districts: Representatives: Balint, Becca (VT) Senators: Welch, Peter (VT), Sanders, Bernie (VT) States/Counties: VT/Lamoille",250000,1
2023,Vermont,Lamoille,At-Large,Community Facilities,Direct Loan (CF),05661,Not Persistent Poverty Community,COPLEY HOSPITAL INC,FY 23 ORTHOPEDIC OFFICE CONSTR,Loan Funds - Direct,Morrisville,Not Applicable,COMMUNITY FACILITY (DIRECT AND GUARANTEED LOANS),Real Estate and Rental and Leasing,50015,531190,LESSORS OF OTHER REAL ESTATE PROPERTY,Commercial,Detailed Project Description Not Available,9900000,1
2023,Vermont,Lamoille,At-Large,Community Facilities,Emergency Health Care Grant (CF),05661,Not Persistent Poverty Community,COPLEY HOSPITAL INC,FY 23 ORTHOPEDIC OFFICE CONSTR,Grant Funds,Morrisville,Not Applicable,CF ARP EMERGENCY RURAL HEALTH CARE GRANTS - TRACK 1 & 2,Real Estate and Rental and Leasing,50015,531190,LESSORS OF OTHER REAL ESTATE PROPERTY,Commercial,"This Rural Development investment will be used to purchase property and construct an orthopedic medical office building in Waterbury as owned and managed by Copley Hospital Inc. The hospital will use the funding to support the purchase of medical imaging equipment for the new orthopedic facility and for some related costs. The new 9,962 square foot orthopedic facility will replace an orthopedic facility managed by Copley in Waterbury. The facility is undersized and in need of improvements that cannot be completed for various reasons. The new orthopedic medical office building will help meet the growing community need for orthopedic, rehabilitation, and podiatry services. Copley Hospital is supplying the remaining funds needed to complete this project. This investment by Rural Development will benefit a significant number of rural residents from the north central Vermont region.",1000000,1
2023,Vermont,Lamoille,At-Large,Multifamily Housing,Rental Assistance (MFH),Zip Code Withheld,Not Persistent Poverty Community,Name Withheld,PORTLAND & MAIN HSG,Grant Funds,City Name Withheld,Not Applicable,RENEWAL / REPLACEMENT -FAMILY,Real Estate and Rental and Leasing,50015,NA,Not Available,Residential,Detailed Project Description Not Available,72443,1
2023,Vermont,Lamoille,At-Large,Single Family Housing,Guaranteed Loan (SFH),Zip Code Withheld,Not Persistent Poverty Community,Name Withheld,NOT AVAILABLE,Loan Funds - Guaranteed,City Name Withheld,UNION BANK,SEC 502 GUARANTEED SINGLE FAMILY HOUSING PURCHASE LOANS - WITH ANNUAL FEES ASSIGNED,Real Estate and Rental and Leasing,50015,NA,Not Available,Residential,Detailed Project Description Not Available,110606,1
2023,Vermont,Lamoille,At-Large,Single Family Housing,Repair Grant (SFH),Zip Code Withheld,Not Persistent Poverty Community,Name Withheld,NOT AVAILABLE,Grant Funds,City Name Withheld,Not Applicable,504 COMBINATION LOAN & GRANT,Real Estate and Rental and Leasing,50015,NA,Not Available,Residential,Detailed Project Description Not Available,7082,2
2023,Vermont,Lamoille,At-Large,Single Family Housing,Repair Grant (SFH),Zip Code Withheld,Not Persistent Poverty Community,Name Withheld,NOT AVAILABLE,Grant Funds,City Name Withheld,Not Applicable,504 GRANT,Real Estate and Rental and Leasing,50015,NA,Not Available,Residential,Detailed Project Description Not Available,6200,1
2023,Vermont,Lamoille,At-Large,Single Family Housing,Repair Loan (SFH),Zip Code Withheld,Not Persistent Poverty Community,Name Withheld,NOT AVAILABLE,Loan Funds - Direct,City Name Withheld,Not Applicable,504 COMBINATION LOAN & GRANT,Real Estate and Rental and Leasing,50015,NA,Not Available,Residential,Detailed Project Description Not Available,7082,2
2023,Vermont,Lamoille,At-Large,Water and Environmental,Emergency Water Assistance Grant (WEP),05661,Not Persistent Poverty Community,Morristown Corners Water Corporation,FY23 ECWAG - Well Drilling/Construction,Grant Funds,Morristown,Not Applicable,"(GRANT ONLY) ECWAG - APPROPRIATED $1,000,000 LIMIT",Utilities,50015,NA,Not Available,Commercial,"This Rural Development investment will be used to provide clean drinking water to Morristown Corners within the Town of Morristown, Vermont. The Morristown Water Corporationis a private public water system serving 53 residential connections and one commercial restaurant connection. Recently, it drilled several wells but the yield is not high enough to ensure adequate supply to the system.  Rural Development was able to provide $426,000 grant to fund the delivery of water to the community a",426000,1
2023,Vermont,Not Available,Multiple/Unknown Districts,Electric Programs,Rural Energy Savings Program (RESP),NA,Not Persistent Poverty Community,Vermont Bond Bank,VT0016-A,Loan Funds - Direct,NA,Not Applicable,RURAL ENERGY SAVINGS PROGRAM (RESP),Utilities,Not Available,NA,Not Available,Commercial,"This Rural Development investment will be used to finance a relending program to qualified consumers who will implement energy efficiency measures. The Vermont Municipal Bond Bank primarily provides municipal loans for local infrastructure projects through the pooled loan program. The Bond Bank has issued over $2.7 billion in bonds for local infrastructure projects across Vermont over its history. Additional Funding: Districts: [VT 00] Representatives: Balint, Becca (VT 00) Senators: Sanders, B",40000000,1
2023,Vermont,Not Available,Multiple/Unknown Districts,Telecommunications Programs,Distance Learning and Telemedicine (TELE),NA,Not Persistent Poverty Community,Vermont State Colleges,VT0720-A,Grant Funds,NA,Not Applicable,DLT GRANTS - SUBSTANCE USE DISORDER - EDUCATIONAL,Utilities,Not Available,NA,Not Available,Commercial,"This Rural Development investment will be used to equip four hub/end-user sites throughout Lamoille, Caledonia, Orange, and Rutland counties in Vermont with enhanced teleconferencing technology, a specialized software virtualization platform, and instructor 1:1 technology kits. Instructors at the Vermont State Colleges, dba Vermont Technical College, campuses of Castleton in Rutland County, Johnson in Lamoille County, Lyndon in Caledonia County, and Randolph in Orange County, will deliver instru",635465,1
2023,Vermont,Not Available,Multiple/Unknown Districts,Telecommunications Programs,ReConnect Loan and Grant (TELE),NA,Not Persistent Poverty Community,NEK Community Broadband,VT1701-A,Grant Funds,NA,Not Applicable,RECONNECT 100% GRANT INFRASTRUCTURE INVESTMENTS AND JOBS ACT,Utilities,Not Available,NA,Not Available,Commercial,"This Rural Development investment will be used to deploy a fiber-to-the-premises network to provide high-speed internet. This network will benefit 3,295 people, 94 businesses, 183 farms and 11 educational facilities in Caledonia, Essex and Orleans counties in Vermont. NEK Community Broadband will make high-speed internet affordable by participating in the Federal Communications Commissions (FCC) Lifeline and Affordable Connectivity Programs.",17463911,1
2023,Vermont,Orange,At-Large,Business Programs,Rural Energy for America Program (REAP),05061,Not Persistent Poverty Community,SILLOWAY FARMS LLP,FY23 RES 6.2KW SOLAR ARRAY,Grant Funds,Randolph Center,Not Applicable,REAP IRA RES GRANT $20K AND LESS (FY 23),"Agriculture, Forestry, Fishing and Hunting",50017,112120,DAIRY CATTLE AND MILK PRODUCTION,Commercial,"This Rural Development investment will be used to install a 6.2kW roof-mounted solar array on the Silloway Farms Sawdust Barn in Randolph, VT. The solar array will produce 60 percent of the current electrical usage, saving the owner over $1,345.00 annually.",10454,1
2023,Vermont,Orange,At-Large,Multifamily Housing,Rental Assistance (MFH),Zip Code Withheld,Not Persistent Poverty Community,Name Withheld,BRADFORD VILLAGE AP REALTY RESOURCE,Grant Funds,City Name Withheld,Not Applicable,RENEWAL / REPLACEMENT -FAMILY,Real Estate and Rental and Leasing,50017,NA,Not Available,Residential,Detailed Project Description Not Available,279098,1
2023,Vermont,Orange,At-Large,Multifamily Housing,Rental Assistance (MFH),Zip Code Withheld,Not Persistent Poverty Community,Name Withheld,MEADOWBROOK PLACE,Grant Funds,City Name Withheld,Not Applicable,RENEWAL / REPLACEMENT -FAMILY,Real Estate and Rental and Leasing,50017,NA,Not Available,Residential,Detailed Project Description Not Available,180385,1
2023,Vermont,Orange,At-Large,Multifamily Housing,Rental Assistance (MFH),Zip Code Withheld,Not Persistent Poverty Community,Name Withheld,"MONTEBELLO HILL APT AHEAD, INC 262 COTTAGE ST.",Grant Funds,City Name Withheld,Not Applicable,RENEWAL  / REPLACEMENT - ELDERLY,Real Estate and Rental and Leasing,50017,NA,Not Available,Residential,Detailed Project Description Not Available,83064,1
2023,Vermont,Orange,At-Large,Multifamily Housing,Rental Assistance (MFH),Zip Code Withheld,Not Persistent Poverty Community,Name Withheld,"SPEAR HOUSE AHEAD, INC 262 COTTAGE ST",Grant Funds,City Name Withheld,Not Applicable,RENEWAL  / REPLACEMENT - ELDERLY,Real Estate and Rental and Leasing,50017,NA,Not Available,Residential,Detailed Project Description Not Available,102982,1
2023,Vermont,Orange,At-Large,Single Family Housing,Direct Loan (SFH),Zip Code Withheld,Not Persistent Poverty Community,Name Withheld,NOT AVAILABLE,Loan Funds - Direct,City Name Withheld,Not Applicable,502 LOAN - GENERAL INTEREST SUBSIDY LOW & OTHER INCOME,Real Estate and Rental and Leasing,50017,NA,Not Available,Residential,Detailed Project Description Not Available,548500,2
2023,Vermont,Orange,At-Large,Single Family Housing,Guaranteed Loan (SFH),Zip Code Withheld,Not Persistent Poverty Community,Name Withheld,NOT AVAILABLE,Loan Funds - Guaranteed,City Name Withheld,BANK OF ENGLAND,SEC 502 GUARANTEED SINGLE FAMILY HOUSING PURCHASE LOANS - WITH ANNUAL FEES ASSIGNED,Real Estate and Rental and Leasing,50017,NA,Not Available,Residential,Detailed Project Description Not Available,263636,1
2023,Vermont,Orange,At-Large,Single Family Housing,Guaranteed Loan (SFH),Zip Code Withheld,Not Persistent Poverty Community,Name Withheld,NOT AVAILABLE,Loan Funds - Guaranteed,City Name Withheld,UNION BANK,SEC 502 GUARANTEED SINGLE FAMILY HOUSING PURCHASE LOANS - WITH ANNUAL FEES ASSIGNED,Real Estate and Rental and Leasing,50017,NA,Not Available,Residential,Detailed Project Description Not Available,262626,1
2023,Vermont,Orange,At-Large,Single Family Housing,Repair Grant (SFH),Zip Code Withheld,Not Persistent Poverty Community,Name Withheld,NOT AVAILABLE,Grant Funds,City Name Withheld,Not Applicable,504 COMBINATION LOAN & GRANT,Real Estate and Rental and Leasing,50017,NA,Not Available,Residential,Detailed Project Description Not Available,15000,3
2023,Vermont,Orange,At-Large,Single Family Housing,Repair Grant (SFH),Zip Code Withheld,Not Persistent Poverty Community,Name Withheld,NOT AVAILABLE,Grant Funds,City Name Withheld,Not Applicable,504 GRANT,Real Estate and Rental and Leasing,50017,NA,Not Available,Residential,Detailed Project Description Not Available,22700,3
2023,Vermont,Orange,At-Large,Single Family Housing,Repair Loan (SFH),Zip Code Withheld,Not Persistent Poverty Community,Name Withheld,NOT AVAILABLE,Loan Funds - Direct,City Name Withheld,Not Applicable,504 COMBINATION LOAN & GRANT,Real Estate and Rental and Leasing,50017,NA,Not Available,Residential,Detailed Project Description Not Available,21500,3
2023,Vermont,Orleans,At-Large,Business Programs,Advanced Biofuel Payment Program,05859,Not Persistent Poverty Community,CHAPUT FAMILY FARMS,NOT AVAILABLE,Grant Funds,North Troy,Not Applicable,GRANT FOR PROD OF ADV BIOFUEL,Other or Not Defined,50019,NA,Not Available,Commercial,Detailed Project Description Not Available,156,4
2023,Vermont,Orleans,At-Large,Business Programs,Rural Business Development Grant (RBDG),05833,Not Persistent Poverty Community,NORTHWOODS STEWARDSHIP CENTER,FY23 TA CONSTRUCTION,Grant Funds,East Charleston,Not Applicable,RBCS ENTERPRISE REAP ZONE GRANTS,Public Administration,50019,926110,ADMINISTRATION OF GENERAL ECONOMIC PROGRAMS,Commercial,"This Rural Development investment will be used to complete final design, permitting, and construction of a universal-access trail through the Access for All initiative created by the Northwoods Stewardship Center. The ADA-compliant All Persons Trail will be linked to the main lodge. This project will benefit approximately 20 small businesses, create 15 jobs, and save 54 jobs. Additional Funding: $67,250.00 Borrower Districts: [VT 00] Representatives: Balint, Becca (VT 00) Senators: Sanders,",94500,1
2023,Vermont,Orleans,At-Large,Business Programs,Rural Business Development Grant (RBDG),05855,Not Persistent Poverty Community,NEWPORT CITY RENAISSANCE CORPORATION,FY23 TA MARKETING,Grant Funds,Newport,Not Applicable,RBCS ENTERPRISE REAP ZONE GRANTS,Public Administration,50019,926110,ADMINISTRATION OF GENERAL ECONOMIC PROGRAMS,Commercial,"This Rural Development investment will be used to provide technical assistance to promote Newport, Vermont as a destination for outdoor recreation. The project will create targeted print and radio advertising, install an electronic information kiosk, and connect local small businesses to more visitors and residents. It is anticipated to create eight jobs and save 30 jobs. Additional Funding: $35,000.00 Borrower Districts: [VT 00] Representatives: Balint, Becca (VT 00) Senators: Welch, Peter (VT)",92000,1
2023,Vermont,Orleans,At-Large,Business Programs,Rural Business Development Grant (RBDG),05855,Not Persistent Poverty Community,"VERMONT FARM -TO-SCHOOL, INC",FY23 TA NEW MARKET,Grant Funds,Newport,Not Applicable,RBCS ENTERPRISE REAP ZONE GRANTS,Public Administration,50019,926110,ADMINISTRATION OF GENERAL ECONOMIC PROGRAMS,Commercial,"This Rural Development investment will be used to provide technical assistance to a Northern Vermont regional food hub and improve its farm partners' viability, marketing, and sales. Green Mountain Farm Direct increases access to healthy food by delivering from local rural farms to the region's schools, restaurants, and institutions. The project will create 10 jobs and save 28 full-time jobs. Additional Funding: $98,988.00 Borrower Districts: [VT 00] Representatives: Balint, Becca (VT 00) Se",88500,1
2023,Vermont,Orleans,At-Large,Business Programs,Rural Energy for America Program (REAP),05830,Not Persistent Poverty Community,"DUCHARME, DANIEL C",FY23 EEI MAPLE EQUIPMENT,Grant Funds,Westmore,Not Applicable,REAP IRA EEI GRANT UNRESTRICTED (FY 22/23),"Agriculture, Forestry, Fishing and Hunting",50019,111998,ALL OTHER MISCELLANEOUS CROP FARMING,Commercial,"This Rural Development investment will be used to directly offset energy expenses for Northeast Maple Products, a maple syrup producer in Westmore, Vermont, with a state-of-the-art, energy-efficient evaporator. The system will be installed inside the sugarhouse and consists of a two-pass master evaporator that captures generated steam to use as an extra heat source. The innovative technology will reduce energy costs by more than $7,000 annually, helping the business grow and develop its operatio",44089,1
2023,Vermont,Orleans,At-Large,Business Programs,Rural Energy for America Program (REAP),05855,Not Persistent Poverty Community,KINGDOM BREWING LLC,FY23 RES 38.4KW SOLAR ARRAY,Grant Funds,Newport,Not Applicable,REAP IRA RES GRANT UNRESTRICTED (FY 22/23),Manufacturing,50019,312120,BREWERIES,Commercial,"This Rural Development investment will be used to install a solar array at Kingdom Brewing in Newport, Vermont. Kingdom Brewing was started in 2011, and has grown into the fabric of the community, hosting watershed awareness events, cancer fundraisers and other area gatherings. Roughly 38,000 kilowatt hours (kWh) of energy will offset the operation's annual usage, saving it $6,400 a year. Additional Funding: $45,960.00 Borrower Districts: [VT 00] Representatives: Balint, Becca (VT 00) Senato",30640,1
2023,Vermont,Orleans,At-Large,Business Programs,Rural Energy for America Program (REAP),05875,Not Persistent Poverty Community,WEST WIND LLC,FY23 RES 75KW WIND FACILITY,Grant Funds,West Glover,Not Applicable,REAP IRA RES GRANT UNRESTRICTED (FY 22/23),Utilities,50019,221115,WIND ELECTRIC POWER GENERATION,Commercial,"This Rural Development investment will be used to install three Star Wind STAR72 25 kilowatt (kW) wind turbines in West Glover, Vermont, owned by Brady T. West for placement on property owned by Norman Auger through PPA. Generated energy will be sold to the Vermont Electric Co-op (VELCO) according to the Vermont Standard Offer Program. The turbines are manufactured locally, and will produce an estimated 330,000 kilowatt hours (kWh) of electricity annually, enough to power 31 homes. Additiona",237600,1
2023,Vermont,Orleans,At-Large,Community Facilities,Grant (CF),05341,Not Persistent Poverty Community,"GREENSBORO HOSPITAL ASSOCIATION, INC.",FY 23 COMPLETE ROOF REPLACEMEN,Grant Funds,Greensboro,Not Applicable,CY 2022 REAP GRANTS DIV N,Health Care and Social Assistance,50019,623311,CONTINUING CARE RETIREMENT COMMUNITIES,Commercial,"This Rural Development investment will be used to replace the entire roof covering and drip edge surfaces of the Greensboro Nursing Home in Greensboro, Vermont. This 30-bed facility operated by the Greensboro Hospital Association Inc. is a rehabilitation and long-term care facility with a mission to provide high quality care in a caring, homelike environment. Services offered include physical, occupational and speech therapy.The roof replacement work will cover all portions of the 17,000",70000,1
2023,Vermont,Orleans,At-Large,Multifamily Housing,Rental Assistance (MFH),Zip Code Withheld,Not Persistent Poverty Community,Name Withheld,BARTON CHAMBERS APARTMENTS,Grant Funds,City Name Withheld,Not Applicable,RENEWAL  / REPLACEMENT - ELDERLY,Real Estate and Rental and Leasing,50019,NA,Not Available,Residential,Detailed Project Description Not Available,315253,1
2023,Vermont,Orleans,At-Large,Multifamily Housing,Rental Assistance (MFH),Zip Code Withheld,Not Persistent Poverty Community,Name Withheld,CRYSTAL LAKE HSG,Grant Funds,City Name Withheld,Not Applicable,RENEWAL / REPLACEMENT -FAMILY,Real Estate and Rental and Leasing,50019,NA,Not Available,Residential,Detailed Project Description Not Available,178484,1
2023,Vermont,Orleans,At-Large,Multifamily Housing,Rental Assistance (MFH),Zip Code Withheld,Not Persistent Poverty Community,Name Withheld,GLOVER RIVERSIDE APARTMENTS,Grant Funds,City Name Withheld,Not Applicable,RENEWAL  / REPLACEMENT - ELDERLY,Real Estate and Rental and Leasing,50019,NA,Not Available,Residential,Detailed Project Description Not Available,149014,1
2023,Vermont,Orleans,At-Large,Multifamily Housing,Rental Assistance (MFH),Zip Code Withheld,Not Persistent Poverty Community,Name Withheld,LAKEVIEW HOUSING,Grant Funds,City Name Withheld,Not Applicable,RENEWAL / REPLACEMENT -FAMILY,Real Estate and Rental and Leasing,50019,NA,Not Available,Residential,Detailed Project Description Not Available,140039,1
2023,Vermont,Orleans,At-Large,Multifamily Housing,Rental Assistance (MFH),Zip Code Withheld,Not Persistent Poverty Community,Name Withheld,LAUREDON VILLAGE APARTMENTS,Grant Funds,City Name Withheld,Not Applicable,RENEWAL  / REPLACEMENT - ELDERLY,Real Estate and Rental and Leasing,50019,NA,Not Available,Residential,Detailed Project Description Not Available,90893,1
2023,Vermont,Orleans,At-Large,Multifamily Housing,Rental Assistance (MFH),Zip Code Withheld,Not Persistent Poverty Community,Name Withheld,NEWPORT PLACE REALTY RESOURCE,Grant Funds,City Name Withheld,Not Applicable,RENEWAL  / REPLACEMENT - ELDERLY,Real Estate and Rental and Leasing,50019,NA,Not Available,Residential,Detailed Project Description Not Available,198740,1
2023,Vermont,Orleans,At-Large,Multifamily Housing,Rental Assistance (MFH),Zip Code Withheld,Not Persistent Poverty Community,Name Withheld,RAINBOW APARTMENTS,Grant Funds,City Name Withheld,Not Applicable,RENEWAL  / REPLACEMENT - ELDERLY,Real Estate and Rental and Leasing,50019,NA,Not Available,Residential,Detailed Project Description Not Available,156197,1
2023,Vermont,Orleans,At-Large,Multifamily Housing,Rental Assistance (MFH),Zip Code Withheld,Not Persistent Poverty Community,Name Withheld,THE MEADOWS,Grant Funds,City Name Withheld,Not Applicable,RENEWAL  / REPLACEMENT - ELDERLY,Real Estate and Rental and Leasing,50019,NA,Not Available,Residential,Detailed Project Description Not Available,94592,1
2023,Vermont,Orleans,At-Large,Single Family Housing,Guaranteed Loan (SFH),Zip Code Withheld,Not Persistent Poverty Community,Name Withheld,NOT AVAILABLE,Loan Funds - Guaranteed,City Name Withheld,ACADEMY MORTGAGE CORPORATION,SEC 502 GUARANTEED SINGLE FAMILY HOUSING PURCHASE LOANS - WITH ANNUAL FEES ASSIGNED,Real Estate and Rental and Leasing,50019,NA,Not Available,Residential,Detailed Project Description Not Available,232323,1
2023,Vermont,Orleans,At-Large,Single Family Housing,Guaranteed Loan (SFH),Zip Code Withheld,Not Persistent Poverty Community,Name Withheld,NOT AVAILABLE,Loan Funds - Guaranteed,City Name Withheld,"MOVEMENT MORTGAGE, LLC",SEC 502 GUARANTEED SINGLE FAMILY HOUSING PURCHASE LOANS - WITH ANNUAL FEES ASSIGNED,Real Estate and Rental and Leasing,50019,NA,Not Available,Residential,Detailed Project Description Not Available,247474,1
2023,Vermont,Orleans,At-Large,Single Family Housing,Guaranteed Loan (SFH),Zip Code Withheld,Not Persistent Poverty Community,Name Withheld,NOT AVAILABLE,Loan Funds - Guaranteed,City Name Withheld,UNION BANK,SEC 502 GUARANTEED SINGLE FAMILY HOUSING PURCHASE LOANS - WITH ANNUAL FEES ASSIGNED,Real Estate and Rental and Leasing,50019,NA,Not Available,Residential,Detailed Project Description Not Available,191919,1
2023,Vermont,Orleans,At-Large,Single Family Housing,Repair Grant (SFH),Zip Code Withheld,Not Persistent Poverty Community,Name Withheld,NOT AVAILABLE,Grant Funds,City Name Withheld,Not Applicable,504 COMBINATION LOAN & GRANT,Real Estate and Rental and Leasing,50019,NA,Not Available,Residential,Detailed Project Description Not Available,19550,3
2023,Vermont,Orleans,At-Large,Single Family Housing,Repair Grant (SFH),Zip Code Withheld,Not Persistent Poverty Community,Name Withheld,NOT AVAILABLE,Grant Funds,City Name Withheld,Not Applicable,504 GRANT,Real Estate and Rental and Leasing,50019,NA,Not Available,Residential,Detailed Project Description Not Available,12500,2
2023,Vermont,Orleans,At-Large,Single Family Housing,Repair Loan (SFH),Zip Code Withheld,Not Persistent Poverty Community,Name Withheld,NOT AVAILABLE,Loan Funds - Direct,City Name Withheld,Not Applicable,504 COMBINATION LOAN & GRANT,Real Estate and Rental and Leasing,50019,NA,Not Available,Residential,Detailed Project Description Not Available,22903,3
2023,Vermont,Rutland,At-Large,Business Programs,Advanced Biofuel Payment Program,05759,Not Persistent Poverty Community,"VT WOOD PELLET CO., LLC",NOT AVAILABLE,Grant Funds,North Clarendon,Not Applicable,GRANT FOR PROD OF ADV BIOFUEL,Other or Not Defined,50021,NA,Not Available,Commercial,Detailed Project Description Not Available,7105,4
2023,Vermont,Rutland,At-Large,Business Programs,Rural Energy for America Program (REAP),05735,Not Persistent Poverty Community,"VERMISIAN GROUP, LLC",FY23 RES 14.4KW SOLAR ARRAY,Grant Funds,Hubbarton,Not Applicable,"MAND. RENEW ENERFY SYSTEMS GRANTS UNDER $20,000",Construction,50021,238990,ALL OTHER SPECIALTY TRADE CONTRACTORS,Commercial,"This Rural Development investment will be used to install a 14.4kW roof-mounted solar array on a building owned by Vermisian Group LLC. The Hubbardton, Vermont company is an engineering consulting firm owned by president and founder Dr. Keith Knapp, a mechanical engineer. The energy generated by the solar array is valued at just under $2,600 annually.",19582,1
2023,Vermont,Rutland,At-Large,Community Facilities,Direct Loan (CF),05751,Not Persistent Poverty Community,"KILLINGTON, TOWN OF",FY 23 KILLINGTON FORWARD - KIL,Loan Funds - Direct,Killington,Not Applicable,COMMUNITY FACILITY (DIRECT AND GUARANTEED LOANS),Other or Not Defined,50021,9999,OTHER,Commercial,"This Rural Development investment will be used to help ensure that Phase I of the Killington Forward Initiative is advanced, with a focus on roadway reconstruction, storm water enhancements, and comprehensive landscape, streetscape, traffic control, and pedestrian safety improvements. The project will be implemented on Mountain Road, and is a critical starting point to launch the town's greater municipal objectives. The planned upgrades will meet current design guidelines to improve the roadway",18394000,1
2023,Vermont,Rutland,At-Large,Community Facilities,Grant (CF),05701,Not Persistent Poverty Community,"NEWSTORY CENTER, INC.",FY 23 NSC CAMPUS ACCESSIBILITY,Grant Funds,Rutland,Not Applicable,CY 2022  REGULAR GRANTS DIV N,Health Care and Social Assistance,50021,624190,OTHER INDIVIDUAL AND FAMILY SERVICES,Commercial,"This Rural Development investment will be used to build accessibility ramps for two buildings and purchase equipment and furniture on the campus of NewStory Center Inc. in Rutland, Vermont. The project includes the addition of a handicap ramp to provide accessibility to the main office, and a ramp, essential furnishings and equipment for the new shelter. The new shelter will increase the families the center serves on-site, from seven to fifteen. As Rutland County's largest provider of emergency",66000,1
2023,Vermont,Rutland,At-Large,Community Facilities,Grant (CF),05735,Not Persistent Poverty Community,"CASTLETON, TOWN OF",FY 22 CDS LIBRARY,Grant Funds,Castleton,Not Applicable,FY22 CONGRESSIONALLY DIRECTED SPENDING,Information,50021,51412,LIBRARY,Commercial,"This Rural Development investment will be used to renovate the Castleton Free Library located in Castleton, Vermont. This renovation will offer improved services and accessibility for people who have mobility limitations. The project includes the addition of an elevator along with a handicap bathroom to the library's historic building built in 1930. The library's services are essential being the only remaining public library in the Town of Castleton and the surrounding area. Additional Funding:",125000,1
2023,Vermont,Rutland,At-Large,Multifamily Housing,Rental Assistance (MFH),Zip Code Withheld,Not Persistent Poverty Community,Name Withheld,ADELE-STANLEY APTS,Grant Funds,City Name Withheld,Not Applicable,RENEWAL / REPLACEMENT -FAMILY,Real Estate and Rental and Leasing,50021,NA,Not Available,Residential,Detailed Project Description Not Available,270462,1
2023,Vermont,Rutland,At-Large,Multifamily Housing,Rental Assistance (MFH),Zip Code Withheld,Not Persistent Poverty Community,Name Withheld,ALFRED COURT APTS,Grant Funds,City Name Withheld,Not Applicable,RENEWAL / REPLACEMENT -FAMILY,Real Estate and Rental and Leasing,50021,NA,Not Available,Residential,Detailed Project Description Not Available,92939,1
2023,Vermont,Rutland,At-Large,Multifamily Housing,Rental Assistance (MFH),Zip Code Withheld,Not Persistent Poverty Community,Name Withheld,AUTUMN LEAVES THE FUCCI CO,Grant Funds,City Name Withheld,Not Applicable,RENEWAL  / REPLACEMENT - ELDERLY,Real Estate and Rental and Leasing,50021,NA,Not Available,Residential,Detailed Project Description Not Available,129197,1
2023,Vermont,Rutland,At-Large,Multifamily Housing,Rental Assistance (MFH),Zip Code Withheld,Not Persistent Poverty Community,Name Withheld,HOPKINS ST FAM HSNG HOUSING TRUST OF RUTLAND COUNTY,Grant Funds,City Name Withheld,Not Applicable,RENEWAL / REPLACEMENT -FAMILY,Real Estate and Rental and Leasing,50021,NA,Not Available,Residential,Detailed Project Description Not Available,170027,1
2023,Vermont,Rutland,At-Large,Multifamily Housing,Rental Assistance (MFH),Zip Code Withheld,Not Persistent Poverty Community,Name Withheld,KAZON BUILDING C/O HOUSING TRUST OF RUTLAND COUNTY,Grant Funds,City Name Withheld,Not Applicable,RENEWAL / REPLACEMENT -FAMILY,Real Estate and Rental and Leasing,50021,NA,Not Available,Residential,Detailed Project Description Not Available,14892,1
2023,Vermont,Rutland,At-Large,Multifamily Housing,Rental Assistance (MFH),Zip Code Withheld,Not Persistent Poverty Community,Name Withheld,NESHOBE HOUSE,Grant Funds,City Name Withheld,Not Applicable,RENEWAL  / REPLACEMENT - ELDERLY,Real Estate and Rental and Leasing,50021,NA,Not Available,Residential,Detailed Project Description Not Available,169386,1
2023,Vermont,Rutland,At-Large,Multifamily Housing,Rental Assistance (MFH),Zip Code Withheld,Not Persistent Poverty Community,Name Withheld,SCHOOL ST FAMILY C/O HOUSING TRUST OF RUTLAND COUNTY,Grant Funds,City Name Withheld,Not Applicable,RENEWAL / REPLACEMENT -FAMILY,Real Estate and Rental and Leasing,50021,NA,Not Available,Residential,Detailed Project Description Not Available,95926,1
2023,Vermont,Rutland,At-Large,Multifamily Housing,Rental Assistance (MFH),Zip Code Withheld,Not Persistent Poverty Community,Name Withheld,UNION & BARLOWFAM HSG C/O HSG TRST OF RUTLAND COUNTY,Grant Funds,City Name Withheld,Not Applicable,RENEWAL / REPLACEMENT -FAMILY,Real Estate and Rental and Leasing,50021,NA,Not Available,Residential,Detailed Project Description Not Available,151420,1
2023,Vermont,Rutland,At-Large,Multifamily Housing,Rental Assistance (MFH),Zip Code Withheld,Not Persistent Poverty Community,Name Withheld,WALLINGFORD HOUSE,Grant Funds,City Name Withheld,Not Applicable,RENEWAL  / REPLACEMENT - ELDERLY,Real Estate and Rental and Leasing,50021,NA,Not Available,Residential,Detailed Project Description Not Available,132765,1
2023,Vermont,Rutland,At-Large,Single Family Housing,Direct Loan (SFH),Zip Code Withheld,Not Persistent Poverty Community,Name Withheld,NOT AVAILABLE,Loan Funds - Direct,City Name Withheld,Not Applicable,502 LOAN - GENERAL INTEREST SUBSIDY LOW & OTHER INCOME,Real Estate and Rental and Leasing,50021,NA,Not Available,Residential,Detailed Project Description Not Available,211000,1
2023,Vermont,Rutland,At-Large,Single Family Housing,Direct Loan (SFH),Zip Code Withheld,Not Persistent Poverty Community,Name Withheld,NOT AVAILABLE,Loan Funds - Direct,City Name Withheld,Not Applicable,502 LOAN - PURCHASE LOANS - VERY LOW - 21/23 MULTI-YEAR ARPA,Real Estate and Rental and Leasing,50021,NA,Not Available,Residential,Detailed Project Description Not Available,571280,3
2023,Vermont,Rutland,At-Large,Single Family Housing,Guaranteed Loan (SFH),Zip Code Withheld,Not Persistent Poverty Community,Name Withheld,NOT AVAILABLE,Loan Funds - Guaranteed,City Name Withheld,NEIGHBORS BANK,SEC 502 GUARANTEED SINGLE FAMILY HOUSING PURCHASE LOANS - WITH ANNUAL FEES ASSIGNED,Real Estate and Rental and Leasing,50021,NA,Not Available,Residential,Detailed Project Description Not Available,255555,1
2023,Vermont,Rutland,At-Large,Single Family Housing,Guaranteed Loan (SFH),Zip Code Withheld,Not Persistent Poverty Community,Name Withheld,NOT AVAILABLE,Loan Funds - Guaranteed,City Name Withheld,"NORTHEAST HOME LOAN, LLC",SEC 502 GUARANTEED SINGLE FAMILY HOUSING PURCHASE LOANS - WITH ANNUAL FEES ASSIGNED,Real Estate and Rental and Leasing,50021,NA,Not Available,Residential,Detailed Project Description Not Available,173030,1
2023,Vermont,Rutland,At-Large,Single Family Housing,Repair Grant (SFH),Zip Code Withheld,Not Persistent Poverty Community,Name Withheld,NOT AVAILABLE,Grant Funds,City Name Withheld,Not Applicable,504 COMBINATION LOAN & GRANT,Real Estate and Rental and Leasing,50021,NA,Not Available,Residential,Detailed Project Description Not Available,2668,1
2023,Vermont,Rutland,At-Large,Single Family Housing,Repair Loan (SFH),Zip Code Withheld,Not Persistent Poverty Community,Name Withheld,NOT AVAILABLE,Loan Funds - Direct,City Name Withheld,Not Applicable,504 COMBINATION LOAN & GRANT,Real Estate and Rental and Leasing,50021,NA,Not Available,Residential,Detailed Project Description Not Available,2668,1
2023,Vermont,Washington,At-Large,Business Programs,Intermediary Relending Program (IRP),05601,Not Persistent Poverty Community,VERMONT COMMUNITY LOAN FUND,"FY23 $1,000,000 VT IRP",Loan Funds - Direct,Montpelier,Not Applicable,INTERMEDIARY RELENDING PROGRAM,Finance and Insurance,50023,522298,ALL OTHER NONDEPOSITORY CREDIT INTERMEDIATION,Commercial,"This Rural Development investment will be used to recapitalize the borrower's relending program. The Vermont Community Loan Fund has assisted many small businesses using the Intermediary Relending Program. The purpose of this program is to alleviate poverty and increase economic activity and employment in rural communities. Additional Funding: $250,000.00 Borrower Districts: [00] Representatives: Balint, Becca (VT 00) Senators: Sanders, Bernie (VT), Welch, Peter (VT) States/Counties: VT/Washingt",1000000,1
2023,Vermont,Washington,At-Large,Business Programs,Intermediary Relending Program (IRP),05602,Not Persistent Poverty Community,VERMONT 504 CORPORATION,"FY23 IRP $1,000,000",Loan Funds - Direct,Montpelier,Not Applicable,INTERMEDIARY RELENDING PROGRAM,Public Administration,50023,925120,ADMINISTRATION OF URBAN PLANNING AND COMMUNITY AND RURAL DEVELOPMENT,Commercial,Detailed Project Description Not Available,1000000,1
2023,Vermont,Washington,At-Large,Business Programs,Rural Business Development Grant (RBDG),05602,Not Persistent Poverty Community,PRESERVATION TRUST OF VERMONT INC.,FY23_EXPANSION PROJECT,Grant Funds,Montpelier,Not Applicable,RBCS ENTERPRISE GRANTS,Public Administration,50023,926110,ADMINISTRATION OF GENERAL ECONOMIC PROGRAMS,Commercial,"This Rural Development investment will be used to fund a project development consultant for one year. The consultant will provide business technical assistance to The Landmark Trust, USA. This will include project-development consulting to grow the trust's innovative historic-preservation stewardship model. The project will create two jobs and save seven jobs. Additional Funding: $45,759.00 Borrower Districts: [VT 00] Representatives: Balint, Becca (VT 00) Senators: Sanders, Bernie (VT), Wel",49977,1
2023,Vermont,Washington,At-Large,Business Programs,Rural Business Development Grant (RBDG),05602,Not Persistent Poverty Community,VERMONT COUNCIL ON RURAL DEVELOPMENT,FY23 TA CAPACITY BUILDING,Grant Funds,Montpelier,Not Applicable,RBCS ENTERPRISE REAP ZONE GRANTS,Public Administration,50023,926110,ADMINISTRATION OF GENERAL ECONOMIC PROGRAMS,Commercial,"This Rural Development investment will be used to support the Vermont Council on Rural Development's Community Visit Program for two towns in Vermont's Northeast Kingdom. The program brings deep community engagement processes, facilitation, coaching, technical assistance, and training to communities, helping them to identify and advance key priorities for community revitalization and economic viability. It provides grant money for economic development planning and for financing or expansion of r",85310,1
2023,Vermont,Washington,At-Large,Business Programs,Rural Business Development Grant (RBDG),05602,Not Persistent Poverty Community,VT HOUSING & CONSERVATION BOARD,FY23 TA WORKING LANDS,Grant Funds,Montpelier,Not Applicable,RBCS ENTERPRISE REAP ZONE GRANTS,Public Administration,50023,926110,ADMINISTRATION OF GENERAL ECONOMIC PROGRAMS,Commercial,"This Rural Development investment will be used to expand professional technical assistance and advising to farm, food, and forest-based businesses in the Northeast Kingdom of Vermont. The Vermont Farm and Forest Viability Program has a proven model of delivering business assistance that increases profitability and quality of life among participants. This project is anticipated to create 10 jobs and save 52 jobs. Additional Funding: $109,233.00 Borrower Districts: [VT 00] Representatives: Balint,",93000,1
2023,Vermont,Washington,At-Large,Business Programs,Rural Energy for America Technical Assistance Grant Program (REAP-TAG),05601,Not Persistent Poverty Community,ECOLOGY ACTION OF SANTA CRUZ,FY23 REAP TAG (VT),Grant Funds,Montpelier,Not Applicable,REAP IRA TECHNICAL ASSISTANCE GRANTS,"Professional, Scientific, and Technical Services",50023,541690,OTHER SCIENTIFIC AND TECHNICAL CONSULTING SERVICES,Commercial,"This Rural Development investment will be used to help rural independent grocery store owners in Vermont with application assistance for energy efficiency improvements and adoption of renewable energy technologies, Ecology Action of Santa Cruz will also provide assistance for obtaining Universal Entity Identifiers (UEI) and registering in the System for Award Management (SAM) assistance and technical reports. Additional Funding: Districts: [CA 19, VT-01] Representatives: Panetta, Jimmy (CA 19),",100027,1
2023,Vermont,Washington,At-Large,Business Programs,Rural Energy for America Technical Assistance Grant Program (REAP-TAG),05601,Not Persistent Poverty Community,"FARM CREDIT EAST, ACA",FY23 REAP TAG (VT),Grant Funds,Montpelier,Not Applicable,REAP IRA TECHNICAL ASSISTANCE GRANTS,Finance and Insurance,50023,522292,REAL ESTATE CREDIT,Commercial,"This Rural Development investment will be used to help Farm Credit East provide technical assistance to agricultural producers in the state of Vermont. The outreach focus will be in distressed and disadvantaged communities. Guidance, such as application and SAM/UEI registration assistance, will be provided to potential Rural Energy for America applicants. Additional Funding: Districts: [VT00] Representatives: Balint, Becca (VT 00) Senators: Welch, Peter (VT), Sanders, Bernie (VT) States/Countie",200000,1
2023,Vermont,Washington,At-Large,Business Programs,Rural Microentrepreneur Assistance Program (RMAP),05601,Not Persistent Poverty Community,VERMONT COMMUNITY LOAN FUND,FY23 RMAP LOAN,Loan Funds - Direct,Montpelier,Not Applicable,MAND RURAL MICROENTERPRISE DVLP ORG LOANS,Public Administration,50023,926110,ADMINISTRATION OF GENERAL ECONOMIC PROGRAMS,Commercial,"This Rural Development Rural Microentrepreneur Assistance Program loan will provide microloans up to $50,000 to individual small businesses. The Vermont Community Loan Fund creates opportunities that lead to healthy communities and financial stability for all Vermonters. Additional Funding: $167,000.00 Borrower Districts: [VT 00] Representatives: Balint, Becca (VT 00) Senators: Welch, Peter (VT), Sanders, Bernie (VT) States/Counties: VT/Washington",500000,1
2023,Vermont,Washington,At-Large,Community Facilities,Emergency Health Care Grant (CF),05641,Not Persistent Poverty Community,"TURNING POINT CENTER OF CENTRAL VERMONT, INC.",FY 23 EMERGENCY RURAL HEALTH C,Grant Funds,Barre,Not Applicable,CF ARP EMERGENCY RURAL HEALTH CARE GRANTS - TRACK 1 & 2,Other or Not Defined,50023,9993,OTHER HEALTH CARE RELATED SERVICES,Commercial,"This Rural Development investment will be used to expand and renovate Turning Point Center of Central Vermonts new location in Barre, Vermont. Turning Point Center helps people find, maintain, and enhance recovery from substance use disorder through peer-based recovery support, educational programs, and sober recreation and social activities. The addition and renovated space will create private meeting areas to accommodate the growth in demand for the Centers services, and the growth in their staff from two to nine employees, eight of whom are recovery coaches. Recovery coaches are counselors and supporters, and provide a connection to other resources for everything from parenting to jobs. The project will create more group and informal meeting space, make the entire building accessible, and provide more adequate and accessible parking. This will create a better environment for the Centers existing programs and allow the Center to expand programming. The COVID pandemic has exacerbated and drawn into sharp relief the critical need for mental and behavioral health supports. Additional funding from this project comes from U.S. Health and Human Services, the Vermont Community Development Program, and an applicant contribution.",1000000,1
2023,Vermont,Washington,At-Large,Community Facilities,Grant (CF),05647,Not Persistent Poverty Community,"FAITH IN ACTION NORTHERN COMMUNITY PARTNERSHIP, INC. DBA NEIGHBORS IN ACTION",FY 23 BUILDING PURCHASE,Grant Funds,Cabot,Not Applicable,CY 2022  REGULAR GRANTS DIV N,Manufacturing,50023,311423,DRIED AND DEHYDRATED FOOD MANUFACTURING,Commercial,"This Rural Development investment will be used to purchase a building and property in Cabot, Vermont, which Faith in Action Northern Community Partnership, Inc.(aka Faith in Action) currently rents. Faith in Action conducts food-shelf distribution and other community support services from this location. Residents of Cabot and from the surrounding communities frequently visit this facility, given unprecedented food cost increases in recent times. This project will provideFaith in Action o",83000,1
2023,Vermont,Washington,At-Large,Community Facilities,Guaranteed Loan (CF),05602,Not Persistent Poverty Community,"GREENWAY COLLEGE, INC.",GREENWAY COLLEGE,Loan Funds - Guaranteed,Montpelier,VEDA,COMMUNITY FACILITY (DIRECT AND GUARANTEED LOANS),Educational Services,50023,61131,"COLLEGES, UNIVERSITIES, AND PROFESSIONAL SCHOOLS",Commercial,"This Rural Development investment will be used to guarantee a $1,163,700 loan for Greenway College Inc. doing business as Greenway Institute, through the Vermont Economic Development Association (VEDA). The project consists of purchasing and renovating educational buildings located at 37 and 39 College Street in Montpelier, Vermont, formerly owned by the Vermont College of Fine Arts. The buildings will provide a modern, energy-efficient and safe learning environment for new students to the Green",1163700,1
2023,Vermont,Washington,At-Large,Multifamily Housing,Rental Assistance (MFH),Zip Code Withheld,Not Persistent Poverty Community,Name Withheld,58 BARRE ST HSG,Grant Funds,City Name Withheld,Not Applicable,RENEWAL  / REPLACEMENT - ELDERLY,Real Estate and Rental and Leasing,50023,NA,Not Available,Residential,Detailed Project Description Not Available,79151,1
2023,Vermont,Washington,At-Large,Multifamily Housing,Rental Assistance (MFH),Zip Code Withheld,Not Persistent Poverty Community,Name Withheld,FAIRGROUND APTS HOUSING FOUNDATION,Grant Funds,City Name Withheld,Not Applicable,RENEWAL  / REPLACEMENT - ELDERLY,Real Estate and Rental and Leasing,50023,NA,Not Available,Residential,Detailed Project Description Not Available,72551,1
2023,Vermont,Washington,At-Large,Multifamily Housing,Rental Assistance (MFH),Zip Code Withheld,Not Persistent Poverty Community,Name Withheld,GREEN MOUNTAIN APTS,Grant Funds,City Name Withheld,Not Applicable,RENEWAL  / REPLACEMENT - ELDERLY,Real Estate and Rental and Leasing,50023,NA,Not Available,Residential,Detailed Project Description Not Available,148795,1
2023,Vermont,Washington,At-Large,Multifamily Housing,Rental Assistance (MFH),Zip Code Withheld,Not Persistent Poverty Community,Name Withheld,PROSPECT PLACE MONTPELIER HOUSING AUTHORITY,Grant Funds,City Name Withheld,Not Applicable,RENEWAL  / REPLACEMENT - ELDERLY,Real Estate and Rental and Leasing,50023,NA,Not Available,Residential,Detailed Project Description Not Available,145898,1
2023,Vermont,Washington,At-Large,Single Family Housing,Direct Loan (SFH),Zip Code Withheld,Not Persistent Poverty Community,Name Withheld,NOT AVAILABLE,Loan Funds - Direct,City Name Withheld,Not Applicable,502 LOAN - GENERAL INTEREST SUBSIDY LOW & OTHER INCOME,Real Estate and Rental and Leasing,50023,NA,Not Available,Residential,Detailed Project Description Not Available,765000,3
2023,Vermont,Washington,At-Large,Single Family Housing,Direct Loan (SFH),Zip Code Withheld,Not Persistent Poverty Community,Name Withheld,NOT AVAILABLE,Loan Funds - Direct,City Name Withheld,Not Applicable,502 LOAN - GENERAL INTEREST SUBSIDY VERY LOW INCOME,Real Estate and Rental and Leasing,50023,NA,Not Available,Residential,Detailed Project Description Not Available,150000,1
2023,Vermont,Washington,At-Large,Single Family Housing,Direct Loan (SFH),Zip Code Withheld,Not Persistent Poverty Community,Name Withheld,NOT AVAILABLE,Loan Funds - Direct,City Name Withheld,Not Applicable,502 LOAN - PURCHASE LOANS - LOW - 21/23 MULTI-YEAR ARPA,Real Estate and Rental and Leasing,50023,NA,Not Available,Residential,Detailed Project Description Not Available,206000,1
2023,Vermont,Washington,At-Large,Single Family Housing,Direct Loan (SFH),Zip Code Withheld,Not Persistent Poverty Community,Name Withheld,NOT AVAILABLE,Loan Funds - Direct,City Name Withheld,Not Applicable,502 LOAN - PURCHASE LOANS - VERY LOW - 21/23 MULTI-YEAR ARPA,Real Estate and Rental and Leasing,50023,NA,Not Available,Residential,Detailed Project Description Not Available,409000,2
2023,Vermont,Washington,At-Large,Single Family Housing,Guaranteed Loan (SFH),Zip Code Withheld,Not Persistent Poverty Community,Name Withheld,NOT AVAILABLE,Loan Funds - Guaranteed,City Name Withheld,LOANDEPOT.COM LLC,SEC 502 GUARANTEED SINGLE FAMILY HOUSING PURCHASE LOANS - WITH ANNUAL FEES ASSIGNED,Real Estate and Rental and Leasing,50023,NA,Not Available,Residential,Detailed Project Description Not Available,240909,1
2023,Vermont,Washington,At-Large,Single Family Housing,Repair Grant (SFH),Zip Code Withheld,Not Persistent Poverty Community,Name Withheld,NOT AVAILABLE,Grant Funds,City Name Withheld,Not Applicable,504 COMBINATION LOAN & GRANT,Real Estate and Rental and Leasing,50023,NA,Not Available,Residential,Detailed Project Description Not Available,20000,2
2023,Vermont,Washington,At-Large,Single Family Housing,Repair Grant (SFH),Zip Code Withheld,Not Persistent Poverty Community,Name Withheld,NOT AVAILABLE,Grant Funds,City Name Withheld,Not Applicable,504 GRANT,Real Estate and Rental and Leasing,50023,NA,Not Available,Residential,Detailed Project Description Not Available,10000,1
2023,Vermont,Washington,At-Large,Single Family Housing,Repair Loan (SFH),Zip Code Withheld,Not Persistent Poverty Community,Name Withheld,NOT AVAILABLE,Loan Funds - Direct,City Name Withheld,Not Applicable,504 COMBINATION LOAN & GRANT,Real Estate and Rental and Leasing,50023,NA,Not Available,Residential,Detailed Project Description Not Available,14998,2
2023,Vermont,Windham,At-Large,Business Programs,Advanced Biofuel Payment Program,05159,Not Persistent Poverty Community,WESTMINSTER ENERGY GROUP LLC,NOT AVAILABLE,Grant Funds,Westminster Station,Not Applicable,GRANT FOR PROD OF ADV BIOFUEL,Other or Not Defined,50025,NA,Not Available,Commercial,Detailed Project Description Not Available,96,4
2023,Vermont,Windham,At-Large,Business Programs,Rural Business Development Grant (RBDG),05101,Not Persistent Poverty Community,ROCKINGHAM TOWN OF,FY23_FEASIBILITY STUDY,Grant Funds,Bellows Falls,Not Applicable,RBCS ENTERPRISE GRANTS,Public Administration,50025,926110,ADMINISTRATION OF GENERAL ECONOMIC PROGRAMS,Commercial,"This Rural Development investment will be used to complete a firefighting and prevention feasibility study for the rural town of Rockingham, Vermont. The project will determine how best to combine three firefighting facilities into one location in the service area.It is anticipated to create 23 jobs. Additional Funding: $15,000.00 Borrower Districts: [VT 00] Representatives: Balint, Becca (VT 00) Senators: Welch, Peter (VT), Sanders, Bernie (VT) States/Counties: VT/Windham",15000,1
2023,Vermont,Windham,At-Large,Business Programs,Rural Business Development Grant (RBDG),05301,Not Persistent Poverty Community,"RETREAT FARM, LTD",FY23_ARCHITECT/ENGINEER STUDY,Grant Funds,Brattleboro,Not Applicable,RBCS ENTERPRISE GRANTS,Public Administration,50025,926110,ADMINISTRATION OF GENERAL ECONOMIC PROGRAMS,Commercial,"This Rural Development investment will be used to fund an architectural and engineering study to redesign 9,000-square-feet of retail and industrial space. The project will supply final designs and best location for an expanded retail storefront, cafe, commercial prep kitchen, and accessible public restrooms. The project is expected to create six jobs and save six jobs. Additional Funding: $22,500.00 Borrower Districts: [VT 00] Representatives: Balint, Becca (VT 00) Senators: Welch, Peter (VT),",16774,1
2023,Vermont,Windham,At-Large,Business Programs,Rural Business Development Grant (RBDG),05344,Not Persistent Poverty Community,FOOD CONNECTS INC.,FY23_EQUIPMENT,Grant Funds,Brattleboro,Not Applicable,RBCS ENTERPRISE GRANTS,Public Administration,50025,926110,ADMINISTRATION OF GENERAL ECONOMIC PROGRAMS,Commercial,"This Rural Development investment will be used to purchase equipment to expand food storage for small agricultural producers. The equipment will fill a gap for such producers who wish to expand product line, but who lack access to cold, frozen, and dry-goods storage. The project is expected to create seven jobs and save one job. Additional Funding: $340,000.00 Other Districts: [VT 00] Representatives: Balint, Becca (VT 00) Senators: Welch, Peter (VT), Sanders, Bernie (VT) States/Counties: VT/Win",50000,1
2023,Vermont,Windham,At-Large,Business Programs,Rural Energy for America Program (REAP),05101,Not Persistent Poverty Community,BARBER PARK LLC,FY23 RES 742.4KW SOLAR ARRAY,Grant Funds,Rockingham,Not Applicable,REAP IRA RES GRANT UNRESTRICTED (FY 22/23),Retail Trade,50025,445110,SUPERMARKETS AND OTHER GROCERY (EXCEPT CONVENIENCE) STORES,Commercial,"This Rural Development investment will be used to install a solar array at Allen Brothers Inc., which operates a bakery, deli, gas station, garden center, nursery and tree farm in Westminster, Vermont. The solar array will offset electricity used by various business electricity accounts through a net-metering agreement with utility Green Mountain Power. The solar array site in Rockingham, Vermont, is owned by Barber Park LLC, which is managed by Tim Allen and Stacey Allen, principals of Allen Br",796780,1
2023,Vermont,Windham,At-Large,Business Programs,Rural Energy for America Program (REAP),05301,Not Persistent Poverty Community,USA GROUP LTD,FY23 RES 99 KW ROOF MOUNT SOLA,Grant Funds,Brattleboro,Not Applicable,REAP IRA RES GRANT UNRESTRICTED (FY 22/23),Accommodation and Food Services,50025,721110,HOTELS (EXCEPT CASINO HOTELS) AND MOTELS,Commercial,"This Rural Development investment will be used to install a solar array on roof surfaces at the Black Mountain Inn, Brattleboro, Vermont. The Inn requires significant power to heat, cool and light the building, and launder towels and bedding. The 113,850 kilowatt hours (kWh) solar project will provide approximately 42 percent of yearly energy usage, saving the Inn more than $18,200 a year. The purpose of this funding program is to assist farmers, ranchers, and rural small businesses in developin",99241,1
2023,Vermont,Windham,At-Large,Business Programs,Rural Energy for America Program (REAP),05301,Not Persistent Poverty Community,WHITNEY BLAKE COMPANY,FY23 RES 749.8KW SOLAR ARRAY,Grant Funds,Brattleboro,Not Applicable,REAP IRA RES GRANT UNRESTRICTED (FY 22/23),Manufacturing,50025,335931,CURRENT-CARRYING WIRING DEVICE MANUFACTURING,Commercial,"This Rural Development investment will be used to install a 500 kW AC ground solar array at Whitney Blake Company in Bellows Falls, VT. The Company owes its origin to Theodore Whitney Blake, an honors engineering graduate from the Sheffield School at Yale University, 1883, great-great-nephew of Eli Whitney, inventor of the cotton gin. This solar project is significant, generating roughly 736,000 kWh each year. The Company will offset an estimated 90 percent of its annual energy consumption, savi",242598,1
2023,Vermont,Windham,At-Large,Business Programs,Rural Energy for America Program (REAP),05345,Not Persistent Poverty Community,NORTHERN BUILDING SUPPLIES INC.,FY23 RES 149.5KW SOLAR ARRAY,Grant Funds,Newfane,Not Applicable,REAP IRA RES GRANT UNRESTRICTED (FY 22/23),Retail Trade,50025,444110,HOME CENTERS,Commercial,"This Rural Development investment will be used to install a solar array at WW Building Supply in Newfane, Vermont. The photovoltaic system will be located on the roof of a building being built and other storage structures. Approximately 149.5 kilowatt (kW) DC of power will be produced, representing a group net-metering system serving nine businesses utility accounts through a Power Purchase Agreement. The power generated will offset annual operational energy usage, valued at $21,530, and produce",133560,1
2023,Vermont,Windham,At-Large,Business Programs,Rural Energy for America Program (REAP),05354,Not Persistent Poverty Community,MILLER FARM INC.,FY23 EEI WOOD BOILER & LED,Grant Funds,Vernon,Not Applicable,REAP IRA EEI GRANT $20K AND LESS (FY 23),"Agriculture, Forestry, Fishing and Hunting",50025,112120,DAIRY CATTLE AND MILK PRODUCTION,Commercial,"This Rural Development investment will be used for the installation of a more efficient wood boiler at Miller Farm, Inc., an organic dairy farm in Vernon, VT. The established heating system is operating at only 29 percent efficiency. The new wood boiler system will save over 177,028 kwh of energy, an equivalent savings of $8370 per year. The purpose of this funding program is to assist farmers, ranchers, and rural small businesses in developing renewable energy systems, and in making energy-efficiency improvements to their operations.",11392,1
2023,Vermont,Windham,At-Large,Community Facilities,Grant (CF),05101,Not Persistent Poverty Community,BELLOWS FALLS VILLAGE CORPORATION,FY 23 FIRE DEPARTMENT RADIOS A,Grant Funds,Bellows Falls,Not Applicable,CY 2022  REGULAR GRANTS DIV N,Information,50025,51338,MOBILE COMMUNICATIONS CENTER,Commercial,"This Rural Development investment will be used to purchase equipment used for communication by emergency services in the Village of Bellows Falls in the Town of Rockingham, Vermont. The project includes the purchase of 16 P-25 compliant two-way radios, one repeater, and two antennas. Due to new standards for interoperability and compliance with updated multiagency protocols, this equipment is needed for the Village of Bellows Falls Fire Department. The current communication equipment that the fi",50000,1
2023,Vermont,Windham,At-Large,Multifamily Housing,Rental Assistance (MFH),Zip Code Withheld,Not Persistent Poverty Community,Name Withheld,BELLOWS FALLS FAMILY HOUSING,Grant Funds,City Name Withheld,Not Applicable,RENEWAL / REPLACEMENT -FAMILY,Real Estate and Rental and Leasing,50025,NA,Not Available,Residential,Detailed Project Description Not Available,53579,1
2023,Vermont,Windham,At-Large,Multifamily Housing,Rental Assistance (MFH),Zip Code Withheld,Not Persistent Poverty Community,Name Withheld,BUTTERFIELD HOUSING LIMITED PARTNERSHIP,Grant Funds,City Name Withheld,Not Applicable,RENEWAL  / REPLACEMENT - ELDERLY,Real Estate and Rental and Leasing,50025,NA,Not Available,Residential,Detailed Project Description Not Available,217034,1
2023,Vermont,Windham,At-Large,Multifamily Housing,Rental Assistance (MFH),Zip Code Withheld,Not Persistent Poverty Community,Name Withheld,GREEN MOUNTAIN APTS,Grant Funds,City Name Withheld,Not Applicable,RENEWAL / REPLACEMENT -FAMILY,Real Estate and Rental and Leasing,50025,NA,Not Available,Residential,Detailed Project Description Not Available,523066,1
2023,Vermont,Windham,At-Large,Single Family Housing,Direct Loan (SFH),Zip Code Withheld,Not Persistent Poverty Community,Name Withheld,NOT AVAILABLE,Loan Funds - Direct,City Name Withheld,Not Applicable,502 LOAN - GENERAL INTEREST SUBSIDY LOW & OTHER INCOME,Real Estate and Rental and Leasing,50025,NA,Not Available,Residential,Detailed Project Description Not Available,280000,1
2023,Vermont,Windham,At-Large,Single Family Housing,Direct Loan (SFH),Zip Code Withheld,Not Persistent Poverty Community,Name Withheld,NOT AVAILABLE,Loan Funds - Direct,City Name Withheld,Not Applicable,502 LOAN - GENERAL INTEREST SUBSIDY VERY LOW INCOME,Real Estate and Rental and Leasing,50025,NA,Not Available,Residential,Detailed Project Description Not Available,175000,1
2023,Vermont,Windham,At-Large,Single Family Housing,Direct Loan (SFH),Zip Code Withheld,Not Persistent Poverty Community,Name Withheld,NOT AVAILABLE,Loan Funds - Direct,City Name Withheld,Not Applicable,502 LOAN - PURCHASE LOANS - LOW - 21/23 MULTI-YEAR ARPA,Real Estate and Rental and Leasing,50025,NA,Not Available,Residential,Detailed Project Description Not Available,1149451,4
2023,Vermont,Windham,At-Large,Single Family Housing,Direct Loan (SFH),Zip Code Withheld,Not Persistent Poverty Community,Name Withheld,NOT AVAILABLE,Loan Funds - Direct,City Name Withheld,Not Applicable,502 LOAN - PURCHASE LOANS - VERY LOW - 21/23 MULTI-YEAR ARPA,Real Estate and Rental and Leasing,50025,NA,Not Available,Residential,Detailed Project Description Not Available,89330,1
2023,Vermont,Windham,At-Large,Single Family Housing,Guaranteed Loan (SFH),Zip Code Withheld,Not Persistent Poverty Community,Name Withheld,NOT AVAILABLE,Loan Funds - Guaranteed,City Name Withheld,NEIGHBORS BANK,SEC 502 GUARANTEED SINGLE FAMILY HOUSING PURCHASE LOANS - WITH ANNUAL FEES ASSIGNED,Real Estate and Rental and Leasing,50025,NA,Not Available,Residential,Detailed Project Description Not Available,202020,1
2023,Vermont,Windham,At-Large,Single Family Housing,Repair Grant (SFH),Zip Code Withheld,Not Persistent Poverty Community,Name Withheld,NOT AVAILABLE,Grant Funds,City Name Withheld,Not Applicable,504 COMBINATION LOAN & GRANT,Real Estate and Rental and Leasing,50025,NA,Not Available,Residential,Detailed Project Description Not Available,3941,1
2023,Vermont,Windham,At-Large,Single Family Housing,Repair Grant (SFH),Zip Code Withheld,Not Persistent Poverty Community,Name Withheld,NOT AVAILABLE,Grant Funds,City Name Withheld,Not Applicable,504 GRANT,Real Estate and Rental and Leasing,50025,NA,Not Available,Residential,Detailed Project Description Not Available,20000,2
2023,Vermont,Windham,At-Large,Single Family Housing,Repair Loan (SFH),Zip Code Withheld,Not Persistent Poverty Community,Name Withheld,NOT AVAILABLE,Loan Funds - Direct,City Name Withheld,Not Applicable,504 COMBINATION LOAN & GRANT,Real Estate and Rental and Leasing,50025,NA,Not Available,Residential,Detailed Project Description Not Available,9070,1
2023,Vermont,Windham,At-Large,Single Family Housing,Repair Loan (SFH),Zip Code Withheld,Not Persistent Poverty Community,Name Withheld,NOT AVAILABLE,Loan Funds - Direct,City Name Withheld,Not Applicable,504 LOAN,Real Estate and Rental and Leasing,50025,NA,Not Available,Residential,Detailed Project Description Not Available,7505,1
2023,Vermont,Windham,At-Large,Water and Environmental,Solid Waste Management Grant (WEP),05301,Not Persistent Poverty Community,Windham Solid Waste Management District,SWM FY23,Grant Funds,Brattleboro,Not Applicable,(WWA PROGRAM AREA) SOLID WASTE GRANT,Utilities,50025,NA,Not Available,Commercial,"This Rural Development investment will be used to decrease the generation of solid waste and avoid water and air pollution through the implementation of expanded food scrap drop-off opportunities and targeted education on composting and recycling. A secondary goal of these initiatives is to improve soil health by reducing the contamination of the recycling stream and compostable waste stream. This will be achieved through the development of educational resources, an outreach campaign, and pilot",59000,1
2023,Vermont,Windsor,At-Large,Business Programs,Rural Energy for America Program (REAP),05055,Not Persistent Poverty Community,KERWIN HILL FARM LLC,FY23 EEI HVAC AND BUILDING EEI,Grant Funds,Norwich,Not Applicable,REAP IRA EEI GRANT UNRESTRICTED (FY 22/23),"Agriculture, Forestry, Fishing and Hunting",50027,112119,Not Available,Commercial,"This Rural Development investment will be used to replace two inefficient fossil fuel heaters and a window air conditioner/resistive space heater with heat pumps; upgrading single-pane windows in heated space; air sealing and weather stripping; insulating end walls; installing thermal night curtains in greenhouses; replacing inefficient freezers; and replacing an uninsulated garage door. Sweetland Farm is in Norwich, Vermont. The farm includes a 350-member vegetable community supported agricultu",51867,1
2023,Vermont,Windsor,At-Large,Business Programs,Rural Energy for America Program (REAP),05055,Not Persistent Poverty Community,KERWIN HILL FARM LLC,FY23 RES BIOMASS/45.6KW SOLAR,Grant Funds,Norwich,Not Applicable,REAP IRA RES GRANT UNRESTRICTED (FY 22/23),"Agriculture, Forestry, Fishing and Hunting",50027,111219,OTHER VEGETABLE (EXCEPT POTATO) AND MELON FARMING,Commercial,"This Rural Development investment will be used to install a combined biomass and photovoltaic energy system to generate energy, primarily for vegetable greenhouses, at Sweetland Farm in Norwich, Vermont. The farm operation includes a 350-member vegetable CSA, year-round farm store, pork, chicken, turkey, and beef livestock operations, an heirloom fruit orchard, and a 12,000 bale a year square bale hay operation. The system will consist of a 1.3 MMBTU wood chip biomass boiler, which can be run on",249686,1
2023,Vermont,Windsor,At-Large,Business Programs,Rural Energy for America Program (REAP),05767,Not Persistent Poverty Community,NORTH HOLLOW FARM LLC,FY23 RES 63.1 KW SOLAR ARRAY,Grant Funds,Rochester,Not Applicable,REAP IRA RES GRANT UNRESTRICTED (FY 22/23),"Agriculture, Forestry, Fishing and Hunting",50027,112111,BEEF CATTLE RANCHING AND FARMING,Commercial,"This Rural Development investment will be used to install a roof-mounted solar array at North Hollow Farm in Rochester, Vermont. The farm produces 100 percent grass-fed beef, natural pork, organic chicken, alpaca yarn and maple syrup products, and operates several barns, a farm store and walk-in coolers and freezers to store meat at multiple locations. The array will produce an estimated 71,250 kilowatt hours (kWh) annually, enough to power roughly six homes and save the farm $12,830. Additional",57600,1
2023,Vermont,Windsor,At-Large,Community Facilities,Direct Loan (CF),05001,Not Persistent Poverty Community,GREEN MOUNTAIN ECONOMIC DEVELOPMENT CORPORATION,FY 23 BUILDING PURCHASE & RENO,Loan Funds - Direct,White River Junction,Not Applicable,COMMUNITY FACILITY (DIRECT AND GUARANTEED LOANS),Health Care and Social Assistance,50027,62441,CHILD DAY CARE SERVICES,Commercial,"This Rural Development investment will be used to fund the renovation of a facility that will allow 88 children to access quality infant, toddler, and preschool childcare in the Randolph Vermont region. This project is a powerful collaboration between Green Mountain Economic Development Corporation, Orange County Parent Child Center, the town of Randolph, and other partners. This project has been years in the making, with an ability to provide quality childcare that will also help grow the regi",1700000,1
2023,Vermont,Windsor,At-Large,Multifamily Housing,Rental Assistance (MFH),Zip Code Withheld,Not Persistent Poverty Community,Name Withheld,BLACK RIVER OVERLOOK C/O STEWART PROP MG,Grant Funds,City Name Withheld,Not Applicable,RENEWAL / REPLACEMENT -FAMILY,Real Estate and Rental and Leasing,50027,NA,Not Available,Residential,Detailed Project Description Not Available,12084,1
2023,Vermont,Windsor,At-Large,Multifamily Housing,Rental Assistance (MFH),Zip Code Withheld,Not Persistent Poverty Community,Name Withheld,BLACK RIVER OVERLOOK C/O STEWART PROP MG,Grant Funds,City Name Withheld,Not Applicable,TRANSFER / ASSUMPTION - FAMILY KATRINA,Real Estate and Rental and Leasing,50027,NA,Not Available,Residential,Detailed Project Description Not Available,14647,1
2023,Vermont,Windsor,At-Large,Multifamily Housing,Rental Assistance (MFH),Zip Code Withheld,Not Persistent Poverty Community,Name Withheld,BRIGHTWOOD HOUSE,Grant Funds,City Name Withheld,Not Applicable,RENEWAL  / REPLACEMENT - ELDERLY,Real Estate and Rental and Leasing,50027,NA,Not Available,Residential,Detailed Project Description Not Available,132651,1
2023,Vermont,Windsor,At-Large,Multifamily Housing,Rental Assistance (MFH),Zip Code Withheld,Not Persistent Poverty Community,Name Withheld,HOLLOW DRIVE FAMILY C/O VSHA,Grant Funds,City Name Withheld,Not Applicable,RENEWAL / REPLACEMENT -FAMILY,Real Estate and Rental and Leasing,50027,NA,Not Available,Residential,Detailed Project Description Not Available,200809,1
2023,Vermont,Windsor,At-Large,Multifamily Housing,Rental Assistance (MFH),Zip Code Withheld,Not Persistent Poverty Community,Name Withheld,PLEASANTBROOK APTS,Grant Funds,City Name Withheld,Not Applicable,RENEWAL / REPLACEMENT -FAMILY,Real Estate and Rental and Leasing,50027,NA,Not Available,Residential,Detailed Project Description Not Available,327858,1
2023,Vermont,Windsor,At-Large,Multifamily Housing,Rental Assistance (MFH),Zip Code Withheld,Not Persistent Poverty Community,Name Withheld,PROCTORSVILLE GREEN HOUSING C/O STEWART,Grant Funds,City Name Withheld,Not Applicable,RENEWAL / REPLACEMENT -FAMILY,Real Estate and Rental and Leasing,50027,NA,Not Available,Residential,Detailed Project Description Not Available,50997,1
2023,Vermont,Windsor,At-Large,Multifamily Housing,Rental Assistance (MFH),Zip Code Withheld,Not Persistent Poverty Community,Name Withheld,THE MAPLES SPRINGFIELD HOUSING AUTHORITY,Grant Funds,City Name Withheld,Not Applicable,RENEWAL  / REPLACEMENT - ELDERLY,Real Estate and Rental and Leasing,50027,NA,Not Available,Residential,Detailed Project Description Not Available,166703,1
2023,Vermont,Windsor,At-Large,Multifamily Housing,Rental Assistance (MFH),Zip Code Withheld,Not Persistent Poverty Community,Name Withheld,WALL STREET APTS C/O HOUSING VERMONT,Grant Funds,City Name Withheld,Not Applicable,RENEWAL / REPLACEMENT -FAMILY,Real Estate and Rental and Leasing,50027,NA,Not Available,Residential,Detailed Project Description Not Available,157502,1
2023,Vermont,Windsor,At-Large,Multifamily Housing,Rental Assistance (MFH),Zip Code Withheld,Not Persistent Poverty Community,Name Withheld,WINDSOR HOLLOW,Grant Funds,City Name Withheld,Not Applicable,RENEWAL  / REPLACEMENT - ELDERLY,Real Estate and Rental and Leasing,50027,NA,Not Available,Residential,Detailed Project Description Not Available,231953,1
2023,Vermont,Windsor,At-Large,Single Family Housing,Direct Loan (SFH),Zip Code Withheld,Not Persistent Poverty Community,Name Withheld,NOT AVAILABLE,Loan Funds - Direct,City Name Withheld,Not Applicable,502 LOAN - PURCHASE LOANS - LOW - 21/23 MULTI-YEAR ARPA,Real Estate and Rental and Leasing,50027,NA,Not Available,Residential,Detailed Project Description Not Available,239000,1
2023,Vermont,Windsor,At-Large,Single Family Housing,Guaranteed Loan (SFH),Zip Code Withheld,Not Persistent Poverty Community,Name Withheld,NOT AVAILABLE,Loan Funds - Guaranteed,City Name Withheld,"COLONIAL SAVINGS, F.A.",SEC 502 GUARANTEED SINGLE FAMILY HOUSING PURCHASE LOANS - WITH ANNUAL FEES ASSIGNED,Real Estate and Rental and Leasing,50027,NA,Not Available,Residential,Detailed Project Description Not Available,106767,1
2023,Vermont,Windsor,At-Large,Single Family Housing,Guaranteed Loan (SFH),Zip Code Withheld,Not Persistent Poverty Community,Name Withheld,NOT AVAILABLE,Loan Funds - Guaranteed,City Name Withheld,NEIGHBORS BANK,SEC 502 GUARANTEED SINGLE FAMILY HOUSING PURCHASE LOANS - WITH ANNUAL FEES ASSIGNED,Real Estate and Rental and Leasing,50027,NA,Not Available,Residential,Detailed Project Description Not Available,182323,1
2023,Vermont,Windsor,At-Large,Single Family Housing,Guaranteed Loan (SFH),Zip Code Withheld,Not Persistent Poverty Community,Name Withheld,NOT AVAILABLE,Loan Funds - Guaranteed,City Name Withheld,UNION BANK,SEC 502 GUARANTEED SINGLE FAMILY HOUSING PURCHASE LOANS - WITH ANNUAL FEES ASSIGNED,Real Estate and Rental and Leasing,50027,NA,Not Available,Residential,Detailed Project Description Not Available,117929,1
2023,Vermont,Windsor,At-Large,Single Family Housing,Repair Grant (SFH),Zip Code Withheld,Not Persistent Poverty Community,Name Withheld,NOT AVAILABLE,Grant Funds,City Name Withheld,Not Applicable,504 COMBINATION LOAN & GRANT,Real Estate and Rental and Leasing,50027,NA,Not Available,Residential,Detailed Project Description Not Available,35150,6
2023,Vermont,Windsor,At-Large,Single Family Housing,Repair Grant (SFH),Zip Code Withheld,Not Persistent Poverty Community,Name Withheld,NOT AVAILABLE,Grant Funds,City Name Withheld,Not Applicable,504 GRANT,Real Estate and Rental and Leasing,50027,NA,Not Available,Residential,Detailed Project Description Not Available,10000,1
2023,Vermont,Windsor,At-Large,Single Family Housing,Repair Loan (SFH),Zip Code Withheld,Not Persistent Poverty Community,Name Withheld,NOT AVAILABLE,Loan Funds - Direct,City Name Withheld,Not Applicable,504 COMBINATION LOAN & GRANT,Real Estate and Rental and Leasing,50027,NA,Not Available,Residential,Detailed Project Description Not Available,36544,6
2022,Vermont,Addison,At-Large,Business Programs,Advanced Biofuel Payment Program,05491,Not Persistent Poverty Community,DUBOIS ENERGY LLC,NOT AVAILABLE,Grant Funds,Vergennes,Not Applicable,GRANT FOR PROD OF ADV BIOFUEL,Other or Not Defined,50001,NA,Not Available,Commercial,Detailed Project Description Not Available,110,4
2022,Vermont,Addison,At-Large,Business Programs,Rural Business Development Grant (RBDG),05753,Not Persistent Poverty Community,ADDISON COUNTY COMMUNICATIONS UNION DIS,MAPLE BROADBAND TA FY22,Grant Funds,Middlebury,Not Applicable,RBCS ENTERPRISE GRANTS,Public Administration,50001,926110,ADMINISTRATION OF GENERAL ECONOMIC PROGRAMS,Commercial,"This Rural Development investment will be used to provide universal, affordable high-speed fiber optic internet service to all unserved and underserved businesses of Addison County by December 2027. This grant will support operational capacity, finalization of a business plan, and high-level network design.",30000,1
2022,Vermont,Addison,At-Large,Business Programs,Rural Energy for America Program (REAP),05456,Not Persistent Poverty Community,VT LIVESTOCK SLAUGHTER AND PROCESSING,FY22 RES 203KW SOLAR & STORAGE,Grant Funds,Ferrisburg,Not Applicable,REAP-MANDATORY RENEW ENERGY SYST GRANTS,Manufacturing,50001,311611,ANIMAL (EXCEPT POULTRY) SLAUGHTERING,Commercial,"This Rural Development investment will be used to install a 202.9-kilowatt (kW) ground-mounted solar array. Vermont Livestock Slaughter and Processing is undergoing an expansion and modernization of their Ferrisburgh facility. Besides having a more efficient building and new equipment, the company will generate all of their electricity needs with the new array. The energy produced is valued at over $34,000 a year and is enough to power 21 average homes.",77753,1
2022,Vermont,Addison,At-Large,Business Programs,Rural Energy for America Program (REAP),05770,Not Persistent Poverty Community,"CHAMPLAIN ORCHARDS, INC.",FY22 EEI REFRIGERATION EQUIP,Grant Funds,Shoreham,Not Applicable,"MAND.ENERGY EFFIC IMPROV GRANTS UNDER $20,000","Agriculture, Forestry, Fishing and Hunting",50001,111311,Not Available,Commercial,"This Rural Development investment will be used to install energy efficient equipment at a well-established orchard and farm store. Champlain Orchards is replacing a refrigeration rack system and compressor, which are both used in processing apple cider. Electricity and propane use will be reduced by over 60 percent, saving the business almost $22,000 annually. The energy reduction is enough to power the equivalent of 17 homes.",20000,1
2022,Vermont,Addison,At-Large,Multifamily Housing,Rental Assistance (MFH),Zip Code Withheld,Not Persistent Poverty Community,Name Withheld,BRIARWOOD APTS,Grant Funds,City Name Withheld,Not Applicable,RENEWAL / REPLACEMENT -FAMILY,Real Estate and Rental and Leasing,50001,NA,Not Available,Residential,Detailed Project Description Not Available,287047,1
2022,Vermont,Addison,At-Large,Multifamily Housing,Rental Assistance (MFH),Zip Code Withheld,Not Persistent Poverty Community,Name Withheld,CREEKVIEW HOUSING,Grant Funds,City Name Withheld,Not Applicable,RENEWAL / REPLACEMENT -FAMILY,Real Estate and Rental and Leasing,50001,NA,Not Available,Residential,Detailed Project Description Not Available,143428,1
2022,Vermont,Addison,At-Large,Multifamily Housing,Rental Assistance (MFH),Zip Code Withheld,Not Persistent Poverty Community,Name Withheld,MIDDLEBURY COMMONS VSHA,Grant Funds,City Name Withheld,Not Applicable,RENEWAL  / REPLACEMENT - ELDERLY,Real Estate and Rental and Leasing,50001,NA,Not Available,Residential,Detailed Project Description Not Available,263606,1
2022,Vermont,Addison,At-Large,Multifamily Housing,Rental Assistance (MFH),Zip Code Withheld,Not Persistent Poverty Community,Name Withheld,SMALLEST CITY HSG C/O ADDISON COUNTY COMMUNITY TRUST,Grant Funds,City Name Withheld,Not Applicable,RENEWAL / REPLACEMENT -FAMILY,Real Estate and Rental and Leasing,50001,NA,Not Available,Residential,Detailed Project Description Not Available,175464,1
2022,Vermont,Addison,At-Large,Multifamily Housing,Rental Assistance (MFH),Zip Code Withheld,Not Persistent Poverty Community,Name Withheld,VALLEY VIEW II,Grant Funds,City Name Withheld,Not Applicable,ELDERLY RENEWAL 2022 - 2021/2022,Real Estate and Rental and Leasing,50001,NA,Not Available,Residential,Detailed Project Description Not Available,76990,1
2022,Vermont,Addison,At-Large,Single Family Housing,Guaranteed Loan (SFH),Zip Code Withheld,Not Persistent Poverty Community,Name Withheld,NOT AVAILABLE,Loan Funds - Guaranteed,City Name Withheld,"HOMEBRIDGE FINANCIAL SERVICES, INC.",SEC 502 GUARANTEED SINGLE FAMILY HOUSING PURCHASE LOANS - WITH ANNUAL FEES ASSIGNED,Real Estate and Rental and Leasing,50001,NA,Not Available,Residential,Detailed Project Description Not Available,419110,2
2022,Vermont,Addison,At-Large,Single Family Housing,Guaranteed Loan (SFH),Zip Code Withheld,Not Persistent Poverty Community,Name Withheld,NOT AVAILABLE,Loan Funds - Guaranteed,City Name Withheld,NATIONAL BANK OF MIDDLEBURY,SEC 502 GUARANTEED SINGLE FAMILY HOUSING PURCHASE LOANS - WITH ANNUAL FEES ASSIGNED,Real Estate and Rental and Leasing,50001,NA,Not Available,Residential,Detailed Project Description Not Available,282828,1
2022,Vermont,Addison,At-Large,Single Family Housing,Repair Grant (SFH),Zip Code Withheld,Not Persistent Poverty Community,Name Withheld,NOT AVAILABLE,Grant Funds,City Name Withheld,Not Applicable,504 COMBINATION LOAN & GRANT,Real Estate and Rental and Leasing,50001,NA,Not Available,Residential,Detailed Project Description Not Available,6251,4
2022,Vermont,Addison,At-Large,Single Family Housing,Repair Grant (SFH),Zip Code Withheld,Not Persistent Poverty Community,Name Withheld,NOT AVAILABLE,Grant Funds,City Name Withheld,Not Applicable,504 GRANT,Real Estate and Rental and Leasing,50001,NA,Not Available,Residential,Detailed Project Description Not Available,10000,2
2022,Vermont,Addison,At-Large,Single Family Housing,Repair Loan (SFH),Zip Code Withheld,Not Persistent Poverty Community,Name Withheld,NOT AVAILABLE,Loan Funds - Direct,City Name Withheld,Not Applicable,504 COMBINATION LOAN & GRANT,Real Estate and Rental and Leasing,50001,NA,Not Available,Residential,Detailed Project Description Not Available,10258,4
2022,Vermont,Addison,At-Large,Water and Environmental,Direct Loan (WEP),05491,Not Persistent Poverty Community,"Vergennes, City of",FY 22 Wastewater Improvements,Loan Funds - Direct,Vergennes,Not Applicable,(LOAN ONLY) WASTE DISPOSAL ONLY,Utilities,50001,NA,Not Available,Commercial,Detailed Project Description Not Available,504000,1
2022,Vermont,Addison,At-Large,Water and Environmental,Direct Loan and Grant (WEP),05491,Not Persistent Poverty Community,"Vergennes, City of",FY 22 Wastewater Improvements,Grant Funds,Vergennes,Not Applicable,(COMB LOAN & GRANT) WASTE DISPOSAL ONLY,Utilities,50001,NA,Not Available,Commercial,Detailed Project Description Not Available,7085600,1
2022,Vermont,Addison,At-Large,Water and Environmental,Direct Loan and Grant (WEP),05491,Not Persistent Poverty Community,"Vergennes, City of",FY 22 Wastewater Improvements,Loan Funds - Direct,Vergennes,Not Applicable,(COMB LOAN & GRANT) WASTE DISPOSAL ONLY,Utilities,50001,NA,Not Available,Commercial,Detailed Project Description Not Available,9999000,1
2022,Vermont,Bennington,At-Large,Multifamily Housing,Rental Assistance (MFH),Zip Code Withheld,Not Persistent Poverty Community,Name Withheld,BENNINGTON HOUSE,Grant Funds,City Name Withheld,Not Applicable,RENEWAL / REPLACEMENT -FAMILY,Real Estate and Rental and Leasing,50003,NA,Not Available,Residential,Detailed Project Description Not Available,83628,1
2022,Vermont,Bennington,At-Large,Multifamily Housing,Rental Assistance (MFH),Zip Code Withheld,Not Persistent Poverty Community,Name Withheld,SILVER STREET APTS,Grant Funds,City Name Withheld,Not Applicable,RENEWAL / REPLACEMENT -FAMILY,Real Estate and Rental and Leasing,50003,NA,Not Available,Residential,Detailed Project Description Not Available,5632,1
2022,Vermont,Bennington,At-Large,Single Family Housing,Direct Loan (SFH),Zip Code Withheld,Not Persistent Poverty Community,Name Withheld,NOT AVAILABLE,Loan Funds - Direct,City Name Withheld,Not Applicable,502 HARDSHIP & HOMELESS LOW INCOME,Real Estate and Rental and Leasing,50003,NA,Not Available,Residential,Detailed Project Description Not Available,273000,1
2022,Vermont,Bennington,At-Large,Single Family Housing,Direct Loan (SFH),Zip Code Withheld,Not Persistent Poverty Community,Name Withheld,NOT AVAILABLE,Loan Funds - Direct,City Name Withheld,Not Applicable,502 HARDSHIP & HOMELESS VERY LOW INCOME,Real Estate and Rental and Leasing,50003,NA,Not Available,Residential,Detailed Project Description Not Available,598000,4
2022,Vermont,Bennington,At-Large,Single Family Housing,Direct Loan (SFH),Zip Code Withheld,Not Persistent Poverty Community,Name Withheld,NOT AVAILABLE,Loan Funds - Direct,City Name Withheld,Not Applicable,502 LOAN - GENERAL INTEREST SUBSIDY LOW & OTHER INCOME,Real Estate and Rental and Leasing,50003,NA,Not Available,Residential,Detailed Project Description Not Available,221000,1
2022,Vermont,Bennington,At-Large,Single Family Housing,Direct Loan (SFH),Zip Code Withheld,Not Persistent Poverty Community,Name Withheld,NOT AVAILABLE,Loan Funds - Direct,City Name Withheld,Not Applicable,502 LOAN - GENERAL INTEREST SUBSIDY VERY LOW INCOME,Real Estate and Rental and Leasing,50003,NA,Not Available,Residential,Detailed Project Description Not Available,287500,2
2022,Vermont,Bennington,At-Large,Single Family Housing,Guaranteed Loan (SFH),Zip Code Withheld,Not Persistent Poverty Community,Name Withheld,NOT AVAILABLE,Loan Funds - Guaranteed,City Name Withheld,ADAMS COMMUNITY BANK,SEC 502 GUARANTEED SINGLE FAMILY HOUSING PURCHASE LOANS - WITH ANNUAL FEES ASSIGNED,Real Estate and Rental and Leasing,50003,NA,Not Available,Residential,Detailed Project Description Not Available,227272,1
2022,Vermont,Bennington,At-Large,Single Family Housing,Guaranteed Loan (SFH),Zip Code Withheld,Not Persistent Poverty Community,Name Withheld,NOT AVAILABLE,Loan Funds - Guaranteed,City Name Withheld,"PRIME LENDING, A PLAINS CAPITAL CO.",SEC 502 GUARANTEED SINGLE FAMILY HOUSING PURCHASE LOANS - WITH ANNUAL FEES ASSIGNED,Real Estate and Rental and Leasing,50003,NA,Not Available,Residential,Detailed Project Description Not Available,907667,5
2022,Vermont,Bennington,At-Large,Single Family Housing,Repair Grant (SFH),Zip Code Withheld,Not Persistent Poverty Community,Name Withheld,NOT AVAILABLE,Grant Funds,City Name Withheld,Not Applicable,504 COMBINATION LOAN & GRANT,Real Estate and Rental and Leasing,50003,NA,Not Available,Residential,Detailed Project Description Not Available,3775,1
2022,Vermont,Bennington,At-Large,Single Family Housing,Repair Grant (SFH),Zip Code Withheld,Not Persistent Poverty Community,Name Withheld,NOT AVAILABLE,Grant Funds,City Name Withheld,Not Applicable,504 GRANT,Real Estate and Rental and Leasing,50003,NA,Not Available,Residential,Detailed Project Description Not Available,11160,2
2022,Vermont,Bennington,At-Large,Single Family Housing,Repair Loan (SFH),Zip Code Withheld,Not Persistent Poverty Community,Name Withheld,NOT AVAILABLE,Loan Funds - Direct,City Name Withheld,Not Applicable,504 COMBINATION LOAN & GRANT,Real Estate and Rental and Leasing,50003,NA,Not Available,Residential,Detailed Project Description Not Available,3775,1
2022,Vermont,Bennington,At-Large,Single Family Housing,Repair Loan (SFH),Zip Code Withheld,Not Persistent Poverty Community,Name Withheld,NOT AVAILABLE,Loan Funds - Direct,City Name Withheld,Not Applicable,504 LOAN,Real Estate and Rental and Leasing,50003,NA,Not Available,Residential,Detailed Project Description Not Available,9317,1
2022,Vermont,Caledonia,At-Large,Business Programs,Rural Business Development Grant (RBDG),05819,Not Persistent Poverty Community,NORTHERN COMMUNITY INVESTMENT CORP,SMALL BUSINESS COST SHARE-FY22,Grant Funds,St. Johnsbury,Not Applicable,RBCS ENTERPRISE REAP ZONE GRANTS,Public Administration,50005,926110,ADMINISTRATION OF GENERAL ECONOMIC PROGRAMS,Commercial,"This Rural Business Development investment will be used to hire professional consultants to help strengthen and grow regional small businesses so they are able to sustain and continue offering employment opportunities and economic benefits to the Northeast Kingdom. Eligible projects include but are not limited to, financial management assistance, feasibility studies, energy audits, architectural and engineering designs, business coaching, training, and marketing assistance which includes website development, brand and logo development, as well as the design of business cards, rack cards, and brochures. This project will create 10 jobs and maintain 30 jobs.",197447,1
2022,Vermont,Caledonia,At-Large,Business Programs,Rural Business Development Grant (RBDG),05819,Not Persistent Poverty Community,SAINT JOHNSBURY WORKS! INC.,CREATIVE ENT. SUCCESS- FY22,Grant Funds,St Johnsbury,Not Applicable,RBCS ENTERPRISE REAP ZONE GRANTS,Public Administration,50005,926110,ADMINISTRATION OF GENERAL ECONOMIC PROGRAMS,Commercial,"This Rural Development investment will be used to provide a suite of technical assistance activities to support the small and emerging businesses that make up the diverse creative economy of downtown St.Johnsbury. Technical assistance to be provided will include capacity-building activities for creative enterprises, racial literacy training for small businesses, and regional & event marketing to increase visibility and market access for small businesses in the creative and hospitality sectors, including artisanal food producers. This will be a collaborative effort, with partners including regional arts presenting organization Catamount Arts, the Lyndon Area Chamber of Commerce, and with support from arts & culture organizations including the Fairbanks Museum & Planetarium, Dog Mountain, and the Northeast Kingdom Artisans Guild. This project will save 31 and create 3 jobs in the area.",63500,1
2022,Vermont,Caledonia,At-Large,Business Programs,Rural Business Development Grant (RBDG),05851,Not Persistent Poverty Community,LYNDON TOWN OF,PREDEVELOPMENT WORK FY22,Grant Funds,Lyndonville,Not Applicable,RBCS ENTERPRISE REAP ZONE GRANTS,Public Administration,50005,92110,Not Available,Commercial,"This Rural Development investment will be used to prepare the predevelopment documentation needed for the Sanborn Covered Bridge reconstruction that will happen in 2023. The predevelopment costs include (1) a survey of the area, (2) a boring at each of the bridge abutments, (3) preliminary and final review of all documents prepared (inspection, 95% set of engineering plans, structural analysis, and building specifications), and (4) a hydraulic study to account for the proposed raising of the bridge which would allow more water to pass underneath in a flooding event.",100000,1
2022,Vermont,Caledonia,At-Large,Business Programs,Rural Business Development Grant (RBDG),05851,Not Persistent Poverty Community,"WATERFORD RIDGE RUNNERS, INC.",MOGUL MASTER TRAIL DRAG FY22,Grant Funds,Lyndonville,Not Applicable,RBCS ENTERPRISE REAP ZONE GRANTS,Construction,50005,237990,OTHER HEAVY AND CIVIL ENGINEERING CONSTRUCTION,Commercial,"This Rural Development investment will be used to purchase a Mogul Master Trail drag. As a result of these funds, the grantee will be able to improve trail conditions throughout Waterford, which connects to many other communities and helps support the many local business, i.e. gas and food purchases. The Mogul Master Ultra Light Multiblade Planer will be purchased from TRACK, Inc. in Newport, VT, and this project will create one new job.",14900,1
2022,Vermont,Caledonia,At-Large,Business Programs,Value Added Producer Grant (VAPG),05828,Not Persistent Poverty Community,CURRIER FARMS FOREST PRODUCTS LLC,VAPG2022VT07,Grant Funds,Danville,Not Applicable,LAMP VALUE ADDED PRODUCER GRANT MANDATORY,Manufacturing,50005,321113,SAWMILLS,Commercial,"This Rural Development investment will be used to support Currier Farms Forest Products, a custom wood miller located in the Vermont Northeast Kingdom. Funds will be used for market expansion of its high-end lumber and timber for use by architects, buildings, timber framers, and builders. The project will increase revenue by 50 percent, increase customers base by 35, and add one marketing staff person.",220600,1
2022,Vermont,Caledonia,At-Large,Community Facilities,Grant (CF),05819,Not Persistent Poverty Community,"ST. JOHNSBURY, TOWN OF",FY 22 POLICE CRUISER REPLACEME,Grant Funds,Saint Johnsbury,Not Applicable,COMMUNITY FACILITY GRANTS - EZ/EC,Public Administration,50005,92218,POLICE CAR,Commercial,Detailed Project Description Not Available,50000,1
2022,Vermont,Caledonia,At-Large,Community Facilities,Grant (CF),05866,Not Persistent Poverty Community,KINGDOM EAST UNIFIED UNION SCHOOL DISTRICT,FY 22 PELLET BOILER & HVAC CON,Grant Funds,Sheffield,Not Applicable,COMMUNITY FACILITY GRANTS - EZ/EC,Educational Services,50005,61111,ELEMENTARY AND SECONDARY SCHOOLS,Commercial,Detailed Project Description Not Available,156337,1
2022,Vermont,Caledonia,At-Large,Multifamily Housing,Rental Assistance (MFH),Zip Code Withheld,Not Persistent Poverty Community,Name Withheld,GROTON COMMUNITY HOUSING LP RURAL EDGE PROP MNG,Grant Funds,City Name Withheld,Not Applicable,RENEWAL / REPLACEMENT -FAMILY,Real Estate and Rental and Leasing,50005,NA,Not Available,Residential,Detailed Project Description Not Available,188367,1
2022,Vermont,Caledonia,At-Large,Multifamily Housing,Rental Assistance (MFH),Zip Code Withheld,Not Persistent Poverty Community,Name Withheld,HILLTOP FAMILY HSNG,Grant Funds,City Name Withheld,Not Applicable,RENEWAL / REPLACEMENT -FAMILY,Real Estate and Rental and Leasing,50005,NA,Not Available,Residential,Detailed Project Description Not Available,201937,1
2022,Vermont,Caledonia,At-Large,Multifamily Housing,Rental Assistance (MFH),Zip Code Withheld,Not Persistent Poverty Community,Name Withheld,LIND HOMES C/O RURAL EDGE,Grant Funds,City Name Withheld,Not Applicable,RENEWAL / REPLACEMENT -FAMILY,Real Estate and Rental and Leasing,50005,NA,Not Available,Residential,Detailed Project Description Not Available,7650,1
2022,Vermont,Caledonia,At-Large,Multifamily Housing,Rental Assistance (MFH),Zip Code Withheld,Not Persistent Poverty Community,Name Withheld,MARIGOLD APTS,Grant Funds,City Name Withheld,Not Applicable,RENEWAL  / REPLACEMENT - ELDERLY,Real Estate and Rental and Leasing,50005,NA,Not Available,Residential,Detailed Project Description Not Available,40267,1
2022,Vermont,Caledonia,At-Large,Multifamily Housing,Rental Assistance (MFH),Zip Code Withheld,Not Persistent Poverty Community,Name Withheld,MOOSE RIVER HOUSING,Grant Funds,City Name Withheld,Not Applicable,RENEWAL / REPLACEMENT -FAMILY,Real Estate and Rental and Leasing,50005,NA,Not Available,Residential,Detailed Project Description Not Available,257768,1
2022,Vermont,Caledonia,At-Large,Multifamily Housing,Rental Assistance (MFH),Zip Code Withheld,Not Persistent Poverty Community,Name Withheld,MOUNTAIN VIEW APTS,Grant Funds,City Name Withheld,Not Applicable,RENEWAL / REPLACEMENT -FAMILY,Real Estate and Rental and Leasing,50005,NA,Not Available,Residential,Detailed Project Description Not Available,342043,1
2022,Vermont,Caledonia,At-Large,Single Family Housing,Direct Grant (SFH),Zip Code Withheld,Not Persistent Poverty Community,Name Withheld,NOT AVAILABLE,Grant Funds,City Name Withheld,Not Applicable,533 GRANT HOUSING PRESERVATION INDIVIDUAL,Real Estate and Rental and Leasing,50005,NA,Not Available,Residential,Detailed Project Description Not Available,150000,1
2022,Vermont,Caledonia,At-Large,Single Family Housing,Direct Loan (SFH),Zip Code Withheld,Not Persistent Poverty Community,Name Withheld,NOT AVAILABLE,Loan Funds - Direct,City Name Withheld,Not Applicable,502 EZ/EC LOW INCOME,Real Estate and Rental and Leasing,50005,NA,Not Available,Residential,Detailed Project Description Not Available,807985,3
2022,Vermont,Caledonia,At-Large,Single Family Housing,Direct Loan (SFH),Zip Code Withheld,Not Persistent Poverty Community,Name Withheld,NOT AVAILABLE,Loan Funds - Direct,City Name Withheld,Not Applicable,502 LOAN - ARP MULTI-YEAR,Real Estate and Rental and Leasing,50005,NA,Not Available,Residential,Detailed Project Description Not Available,53600,1
2022,Vermont,Caledonia,At-Large,Single Family Housing,Guaranteed Loan (SFH),Zip Code Withheld,Not Persistent Poverty Community,Name Withheld,NOT AVAILABLE,Loan Funds - Guaranteed,City Name Withheld,ACADEMY MORTGAGE CORPORATION,SEC 502 GUARANTEED SINGLE FAMILY HOUSING PURCHASE LOANS - WITH ANNUAL FEES ASSIGNED,Real Estate and Rental and Leasing,50005,NA,Not Available,Residential,Detailed Project Description Not Available,158585,1
2022,Vermont,Caledonia,At-Large,Single Family Housing,Guaranteed Loan (SFH),Zip Code Withheld,Not Persistent Poverty Community,Name Withheld,NOT AVAILABLE,Loan Funds - Guaranteed,City Name Withheld,"AMERICAN FINANCIAL RESOURCES, LLC",SEC 502 GUARANTEED SINGLE FAMILY HOUSING PURCHASE LOANS - WITH ANNUAL FEES ASSIGNED,Real Estate and Rental and Leasing,50005,NA,Not Available,Residential,Detailed Project Description Not Available,116161,1
2022,Vermont,Caledonia,At-Large,Single Family Housing,Guaranteed Loan (SFH),Zip Code Withheld,Not Persistent Poverty Community,Name Withheld,NOT AVAILABLE,Loan Funds - Guaranteed,City Name Withheld,EVERETT FINANCIAL INC.,SEC 502 GUARANTEED SINGLE FAMILY HOUSING PURCHASE LOANS - WITH ANNUAL FEES ASSIGNED,Real Estate and Rental and Leasing,50005,NA,Not Available,Residential,Detailed Project Description Not Available,144949,1
2022,Vermont,Caledonia,At-Large,Single Family Housing,Guaranteed Loan (SFH),Zip Code Withheld,Not Persistent Poverty Community,Name Withheld,NOT AVAILABLE,Loan Funds - Guaranteed,City Name Withheld,NEIGHBORS BANK,SEC 502 GUARANTEED SINGLE FAMILY HOUSING PURCHASE LOANS - WITH ANNUAL FEES ASSIGNED,Real Estate and Rental and Leasing,50005,NA,Not Available,Residential,Detailed Project Description Not Available,128282,1
2022,Vermont,Caledonia,At-Large,Single Family Housing,Guaranteed Loan (SFH),Zip Code Withheld,Not Persistent Poverty Community,Name Withheld,NOT AVAILABLE,Loan Funds - Guaranteed,City Name Withheld,UNION BANK,SEC 502 GUARANTEED SINGLE FAMILY HOUSING PURCHASE LOANS - WITH ANNUAL FEES ASSIGNED,Real Estate and Rental and Leasing,50005,NA,Not Available,Residential,Detailed Project Description Not Available,985805,7
2022,Vermont,Caledonia,At-Large,Single Family Housing,Guaranteed Loan (SFH),Zip Code Withheld,Not Persistent Poverty Community,Name Withheld,NOT AVAILABLE,Loan Funds - Guaranteed,City Name Withheld,"UNITED WHOLESALE MORTGAGE, LLC",SEC 502 GUARANTEED SINGLE FAMILY HOUSING PURCHASE LOANS - WITH ANNUAL FEES ASSIGNED,Real Estate and Rental and Leasing,50005,NA,Not Available,Residential,Detailed Project Description Not Available,237373,1
2022,Vermont,Caledonia,At-Large,Single Family Housing,Guaranteed Loan (SFH),Zip Code Withheld,Not Persistent Poverty Community,Name Withheld,NOT AVAILABLE,Loan Funds - Guaranteed,City Name Withheld,VERMONT FEDERAL CREDIT UNION,SEC 502 GUARANTEED SINGLE FAMILY HOUSING PURCHASE LOANS - WITH ANNUAL FEES ASSIGNED,Real Estate and Rental and Leasing,50005,NA,Not Available,Residential,Detailed Project Description Not Available,190909,1
2022,Vermont,Caledonia,At-Large,Single Family Housing,Repair Grant (SFH),Zip Code Withheld,Not Persistent Poverty Community,Name Withheld,NOT AVAILABLE,Grant Funds,City Name Withheld,Not Applicable,504 COMBINATION LOAN & GRANT,Real Estate and Rental and Leasing,50005,NA,Not Available,Residential,Detailed Project Description Not Available,10000,1
2022,Vermont,Caledonia,At-Large,Single Family Housing,Repair Grant (SFH),Zip Code Withheld,Not Persistent Poverty Community,Name Withheld,NOT AVAILABLE,Grant Funds,City Name Withheld,Not Applicable,504 EZ/EC COMBINATION LOAN & GRANT,Real Estate and Rental and Leasing,50005,NA,Not Available,Residential,Detailed Project Description Not Available,17825,3
2022,Vermont,Caledonia,At-Large,Single Family Housing,Repair Grant (SFH),Zip Code Withheld,Not Persistent Poverty Community,Name Withheld,NOT AVAILABLE,Grant Funds,City Name Withheld,Not Applicable,504 EZ/EC/REAP GRANT,Real Estate and Rental and Leasing,50005,NA,Not Available,Residential,Detailed Project Description Not Available,13000,2
2022,Vermont,Caledonia,At-Large,Single Family Housing,Repair Grant (SFH),Zip Code Withheld,Not Persistent Poverty Community,Name Withheld,NOT AVAILABLE,Grant Funds,City Name Withheld,Not Applicable,504 GRANT,Real Estate and Rental and Leasing,50005,NA,Not Available,Residential,Detailed Project Description Not Available,16179,2
2022,Vermont,Caledonia,At-Large,Single Family Housing,Repair Loan (SFH),Zip Code Withheld,Not Persistent Poverty Community,Name Withheld,NOT AVAILABLE,Loan Funds - Direct,City Name Withheld,Not Applicable,504 COMBINATION LOAN & GRANT,Real Estate and Rental and Leasing,50005,NA,Not Available,Residential,Detailed Project Description Not Available,7499,1
2022,Vermont,Caledonia,At-Large,Single Family Housing,Repair Loan (SFH),Zip Code Withheld,Not Persistent Poverty Community,Name Withheld,NOT AVAILABLE,Loan Funds - Direct,City Name Withheld,Not Applicable,504 EZ/EC COMBINATION LOAN & GRANT,Real Estate and Rental and Leasing,50005,NA,Not Available,Residential,Detailed Project Description Not Available,11475,3
2022,Vermont,Chittenden,At-Large,Business Programs,Business and Industry Loan Guarantees (B&I) (BP),05452,Not Persistent Poverty Community,ESSEX RESORT HOLDINGS LLC,B&I FY22 4.9MM PARTNER BUYOUT,Loan Funds - Guaranteed,Essex,VEDA,GUARANTEED B&I 3% FEE LOAN,Accommodation and Food Services,50007,721110,HOTELS (EXCEPT CASINO HOTELS) AND MOTELS,Commercial,"This Rural Development investment will be used to guarantee a loan from the Vermont Economic Development Authority to Essex Resort Holdings LLC to partially finance the partner buyout of the Essex Resort and Spa. The ownership change will ensure the facilitys continued operation and future success, maintaining and adding a significant number of well-paying jobs. The project is supported by additional funds from the borrower and third-party financing.",4900000,1
2022,Vermont,Chittenden,At-Large,Business Programs,Rural Business Development Grant (RBDG),05403,Not Persistent Poverty Community,VERMONT GRAPE AND WINE COUNCIL,VITNORD CONFERENCE FY22,Grant Funds,South Burlington,Not Applicable,RBCS ENTERPRISE GRANTS,Manufacturing,50007,312130,WINERIES,Commercial,"This Rural Development investment will be used to fund VitiNord 2022, an international conference centered on cold-hardy grapes. The conference will span two days of continuing education, provide an exhibit hall for vendors, host one day of technical tours to local vineyards, as well as organize tastings and dinners throughout Vermont.",30000,1
2022,Vermont,Chittenden,At-Large,Business Programs,Rural Energy for America Program (REAP),05403,Not Persistent Poverty Community,147 LOOMIS STREET LLC,FY22 RES 22.7KW SOLAR ARRAY,Grant Funds,South Burlington,Not Applicable,"MAND. RENEW ENERFY SYSTEMS GRANTS UNDER $20,000",Accommodation and Food Services,50007,721110,HOTELS (EXCEPT CASINO HOTELS) AND MOTELS,Commercial,"This Rural Development investment will be used to purchase and install a 27.2 kW DC roof-mounted solar array. The Ethan Allen Motel, owned by 147 Loomis Street LLC, was established in 1953. The array will replace almost a third of the classic motel s electricity, valued at over $5,200 annually. The purpose of this funding program is to assist farmers, ranchers, and rural small businesses in developing renewable energy systems, and in making energy-efficiency improvements to their operations.",19461,1
2022,Vermont,Chittenden,At-Large,Business Programs,Rural Energy for America Program (REAP),05465,Not Persistent Poverty Community,"SL MAPLE SOLAR II, LLC",FY22 RES 59.1KW SOLAR PV ARRAY,Grant Funds,Jericho,Not Applicable,"MAND. RENEW ENERFY SYSTEMS GRANTS UNDER $20,000",Utilities,50007,221114,SOLAR ELECTRIC POWER GENERATION,Commercial,"This Rural Development investment will be used to install a 59.1 kilowatt (kW) solar array on a barn roof at the Davis Farm in Jericho, Vermont. SL Maple Solar II LLC will own the system and sell the estimated 61,654 kilowatt hours (kWh) produced annually to the grid while the farm owners will receive 20 percent of the value received. The energy generated by the solar array is enough to power the equivalent of five homes.",20000,1
2022,Vermont,Chittenden,At-Large,Business Programs,Rural Energy for America Program (REAP),05482,Not Persistent Poverty Community,BITTNER HOLDINGS LLC,FY22 EEI WEATHERIZE & EQUIP,Grant Funds,Shelburne,Not Applicable,ENERGY EFFICIENCY IMPROVEMENTS GRANT,Retail Trade,50007,453310,USED MERCHANDISE STORES,Commercial,"This Rural Development investment will be used to make energy efficiency improvements to a commercial building. Bittner Antiques, founded by Brian Bittner, is a third generation antique business in Shelburne. The insulation, weatherization, and HVAC improvements will reduce the natural gas requirements for heating by over 3,500 gallons. The 83 percent reduction in fuel will equate to over $6200 in savings annually.",69832,1
2022,Vermont,Chittenden,At-Large,Business Programs,Rural Energy for America Program (REAP),05482,Not Persistent Poverty Community,BITTNER HOLDINGS LLC,FY22 RES 75.9KW SOLAR ARRAY,Grant Funds,Shelburne,Not Applicable,REAP-MANDATORY RENEW ENERGY SYST GRANTS,Retail Trade,50007,453310,USED MERCHANDISE STORES,Commercial,"This Rural Development investment will be used to install a 75.9 kilowatt (kW) roof-mounted solar array on a building that houses Bittner Antiques. The company was founded by Brian Bittner, a third generation antique dealer. The solar array will generate all the electricity needed at the site, plus extra. Valued at over $12,000, the energy produced will be enough to power six average homes.",40796,1
2022,Vermont,Chittenden,At-Large,Multifamily Housing,Rental Assistance (MFH),Zip Code Withheld,Not Persistent Poverty Community,Name Withheld,MEADOWLANE APTS,Grant Funds,City Name Withheld,Not Applicable,RENEWAL  / REPLACEMENT - ELDERLY,Real Estate and Rental and Leasing,50007,NA,Not Available,Residential,Detailed Project Description Not Available,106627,1
2022,Vermont,Chittenden,At-Large,Multifamily Housing,Rental Assistance (MFH),Zip Code Withheld,Not Persistent Poverty Community,Name Withheld,WRIGHT HOUSE HARRINGTON VILLAGE,Grant Funds,City Name Withheld,Not Applicable,RENEWAL  / REPLACEMENT - ELDERLY,Real Estate and Rental and Leasing,50007,NA,Not Available,Residential,Detailed Project Description Not Available,290161,1
2022,Vermont,Chittenden,At-Large,Single Family Housing,Direct Loan (SFH),Zip Code Withheld,Not Persistent Poverty Community,Name Withheld,NOT AVAILABLE,Loan Funds - Direct,City Name Withheld,Not Applicable,502 LOAN - ARP MULTI-YEAR,Real Estate and Rental and Leasing,50007,NA,Not Available,Residential,Detailed Project Description Not Available,218000,2
2022,Vermont,Chittenden,At-Large,Single Family Housing,Direct Loan (SFH),Zip Code Withheld,Not Persistent Poverty Community,Name Withheld,NOT AVAILABLE,Loan Funds - Direct,City Name Withheld,Not Applicable,502 LOAN - GENERAL INTEREST SUBSIDY VERY LOW INCOME,Real Estate and Rental and Leasing,50007,NA,Not Available,Residential,Detailed Project Description Not Available,361500,2
2022,Vermont,Chittenden,At-Large,Single Family Housing,Guaranteed Loan (SFH),Zip Code Withheld,Not Persistent Poverty Community,Name Withheld,NOT AVAILABLE,Loan Funds - Guaranteed,City Name Withheld,ACADEMY MORTGAGE CORPORATION,SEC 502 GUARANTEED SINGLE FAMILY HOUSING PURCHASE LOANS - WITH ANNUAL FEES ASSIGNED,Real Estate and Rental and Leasing,50007,NA,Not Available,Residential,Detailed Project Description Not Available,303030,1
2022,Vermont,Chittenden,At-Large,Single Family Housing,Guaranteed Loan (SFH),Zip Code Withheld,Not Persistent Poverty Community,Name Withheld,NOT AVAILABLE,Loan Funds - Guaranteed,City Name Withheld,"HOMEBRIDGE FINANCIAL SERVICES, INC.",SEC 502 GUARANTEED SINGLE FAMILY HOUSING PURCHASE LOANS - WITH ANNUAL FEES ASSIGNED,Real Estate and Rental and Leasing,50007,NA,Not Available,Residential,Detailed Project Description Not Available,356565,1
2022,Vermont,Chittenden,At-Large,Single Family Housing,Guaranteed Loan (SFH),Zip Code Withheld,Not Persistent Poverty Community,Name Withheld,NOT AVAILABLE,Loan Funds - Guaranteed,City Name Withheld,"UNITED WHOLESALE MORTGAGE, LLC",SEC 502 GUARANTEED SINGLE FAMILY HOUSING PURCHASE LOANS - WITH ANNUAL FEES ASSIGNED,Real Estate and Rental and Leasing,50007,NA,Not Available,Residential,Detailed Project Description Not Available,217171,1
2022,Vermont,Chittenden,At-Large,Single Family Housing,Repair Grant (SFH),Zip Code Withheld,Not Persistent Poverty Community,Name Withheld,NOT AVAILABLE,Grant Funds,City Name Withheld,Not Applicable,504 COMBINATION LOAN & GRANT,Real Estate and Rental and Leasing,50007,NA,Not Available,Residential,Detailed Project Description Not Available,1700,1
2022,Vermont,Chittenden,At-Large,Single Family Housing,Repair Loan (SFH),Zip Code Withheld,Not Persistent Poverty Community,Name Withheld,NOT AVAILABLE,Loan Funds - Direct,City Name Withheld,Not Applicable,504 COMBINATION LOAN & GRANT,Real Estate and Rental and Leasing,50007,NA,Not Available,Residential,Detailed Project Description Not Available,1700,1
2022,Vermont,Chittenden,At-Large,Water and Environmental,SEARCH - Special Evaluation Assistance for Rural Communities and Households Grant (WEP),05461,Not Persistent Poverty Community,"Sunset Lake Cooperative, Inc.","FY 23 Drinking Water, Wastewater",Grant Funds,Hinesburg,Not Applicable,(GRANT ONLY) SEARCH GRANTS W&W,Utilities,50007,NA,Not Available,Commercial,"This Rural Development investment will be used to prepare a Preliminary Engineering Report and Environmental Report for the Sunset Lake Cooperative in Hinesburg, Vermont. This Special Evaluation Assistance for Rural Communities and Households grant will also fund assistance with preparation of an application to Rural Development for construction of wastewater infrastructure. Sunset Lake Cooperative is a resident owned community (ROC) mobile home park. When the cooperative purchased the park recently, there was a significant amount of deferred maintenance that needed to be addressed. The cooperatives lender requires them to set aside a reserve to make specific capital improvements each year, leaving them little additional funding to address issues with their wastewater infrastructure, which were largely unknown at the time. This planning grant will assist the cooperative in assessing needs and costs for improvements and begin seeking funding for them. There are no additional funding sources for this project.",30000,1
2022,Vermont,Essex,At-Large,Business Programs,Rural Business Development Grant (RBDG),05846,Not Persistent Poverty Community,"BRIGHTON COMMUNITY FORUM, INC.",MARKETING ISLAND POND FY22,Grant Funds,Island Pond,Not Applicable,RBCS ENTERPRISE REAP ZONE GRANTS,"Professional, Scientific, and Technical Services",50009,542690,Not Available,Commercial,"This Rural Development investment will be used to support marketing and technical assistance for the Island Pond business community in order to attract more visitors as well new residents who can staff the new and existing businesses in the community. Three new businesses have joined the Island Pond downtown within the last 12 months and technical and marketing assistance is imperative for their continued growth and success. The existing business communitys growth is being hindered by the lack of available employees, therefore some marketing funds will be utilized to try and attract new residents and workers in order to let the existing businesses reach their full potential.",111490,1
2022,Vermont,Essex,At-Large,Single Family Housing,Direct Loan (SFH),Zip Code Withheld,Not Persistent Poverty Community,Name Withheld,NOT AVAILABLE,Loan Funds - Direct,City Name Withheld,Not Applicable,502 EZ/EC LOW INCOME,Real Estate and Rental and Leasing,50009,NA,Not Available,Residential,Detailed Project Description Not Available,20000,1
2022,Vermont,Essex,At-Large,Single Family Housing,Direct Loan (SFH),Zip Code Withheld,Not Persistent Poverty Community,Name Withheld,NOT AVAILABLE,Loan Funds - Direct,City Name Withheld,Not Applicable,502 LOAN - ARP MULTI-YEAR,Real Estate and Rental and Leasing,50009,NA,Not Available,Residential,Detailed Project Description Not Available,64500,1
2022,Vermont,Essex,At-Large,Single Family Housing,Repair Grant (SFH),Zip Code Withheld,Not Persistent Poverty Community,Name Withheld,NOT AVAILABLE,Grant Funds,City Name Withheld,Not Applicable,504 EZ/EC/REAP GRANT,Real Estate and Rental and Leasing,50009,NA,Not Available,Residential,Detailed Project Description Not Available,2500,1
2022,Vermont,Franklin,At-Large,Business Programs,Advanced Biofuel Payment Program,05450,Not Persistent Poverty Community,KANE'S COW POWER LLC,NOT AVAILABLE,Grant Funds,Enosburg Falls,Not Applicable,GRANT FOR PROD OF ADV BIOFUEL,Other or Not Defined,50011,NA,Not Available,Commercial,Detailed Project Description Not Available,151,4
2022,Vermont,Franklin,At-Large,Business Programs,Rural Energy for America Program (REAP),05459,Not Persistent Poverty Community,"SL MAPLE SOLAR III, LLC",FY22 RES 71.9KW SOLAR ARRAY,Grant Funds,Highgate,Not Applicable,"MAND. RENEW ENERFY SYSTEMS GRANTS UNDER $20,000",Utilities,50011,221114,SOLAR ELECTRIC POWER GENERATION,Commercial,"This Rural Development investment will be used to install a 71.9 kilowatt (kW) solar array on a barn roof at the Choiniere Farms in Highgate, Vermont. SL Maple Solar III LLC will own the system and sell the estimated 74,589 kilowatts hour (kWh) produced annually to the grid. The farm owners will receive 20 percent of the value received. The energy generated by the solar array is enough to power the equivalent of 6 homes.",20000,1
2022,Vermont,Franklin,At-Large,Business Programs,Rural Energy for America Program (REAP),05476,Not Persistent Poverty Community,"RYEA AND SONS MASONRY, INC.",FY22 RES 30.9KW SOLAR ARRAY,Grant Funds,Richford,Not Applicable,"MAND. RENEW ENERFY SYSTEMS GRANTS UNDER $20,000",Construction,50011,238140,MASONRY CONTRACTORS,Commercial,"This Rural Development investment will be used to purchase and install a 26.9 kW ground mounted solar array. Ryea & Sons Masonry was founded in 1973 by Richard Ryea. The family-owned business will be able to offset almost 20,000 kWh of electricity, saving over $3,000 annually. The purpose of this funding program is to assist farmers, ranchers, and rural small businesses in developing renewable energy systems, and in making energy-efficiency improvements to their operations.",7762,1
2022,Vermont,Franklin,At-Large,Business Programs,Rural Energy for America Program (REAP),05478,Not Persistent Poverty Community,RPM ENGINES LLC,FY22 RES 333KW SOLAR ARRAY,Grant Funds,Georgia,Not Applicable,REAP-MANDATORY RENEW ENERGY SYST GRANTS,Manufacturing,50011,332710,MACHINE SHOPS,Commercial,"This Rural Development investment will be used to purchase and install a 333 kilowatt (kW), ground-mounted solar array in Georgia, Vermont. Richard and Michelle Paya, owners of RPM Engines LLC, will sell the energy to Shelburne Limestone at a discounted rate. The bifacial solar trackers will produce an estimated 667,500 kilowatt hours (kWh) in the first year, which is enough to power 61 average homes.",299955,1
2022,Vermont,Franklin,At-Large,Business Programs,Value Added Producer Grant (VAPG),05454,Not Persistent Poverty Community,RUNAMOK MAPLE LLC,"FY22 VAPG $248,600 W/C",Grant Funds,Fairfax,Not Applicable,VALUE-ADDED PRODUCER DVLP GRANTS-DISCR,Manufacturing,50011,311999,ALL OTHER MISCELLANEOUS FOOD MANUFACTURING,Commercial,"This Rural Development investment will be used to manufacture and market maple syrup with sparkles. Maple tree sap will be boiled to maple syrup and then infused with edible sparkles, producing Runamok Sparkle Syrup. It is anticipates that customer accounts will increasefrom 650 to 1,300 and expand into new demographic groups. A $248,600 applicant contribution will be provided by in-kind value of sap collected.",248600,1
2022,Vermont,Franklin,At-Large,Community Facilities,Grant (CF),05476,Not Persistent Poverty Community,RICHFORD TOWN OF,FY 22 AMBULANCE RADIO EQUIPMEN,Grant Funds,Richford,Not Applicable,CF GRANTS,Health Care and Social Assistance,50011,62192,RESCUE AND AMBULANCE SERVICE - EQUIPMENT BUILDING,Commercial,Detailed Project Description Not Available,9000,1
2022,Vermont,Franklin,At-Large,Multifamily Housing,Rental Assistance (MFH),Zip Code Withheld,Not Persistent Poverty Community,Name Withheld,FOURWINDS APTS,Grant Funds,City Name Withheld,Not Applicable,RENEWAL  / REPLACEMENT - ELDERLY,Real Estate and Rental and Leasing,50011,NA,Not Available,Residential,Detailed Project Description Not Available,335708,1
2022,Vermont,Franklin,At-Large,Multifamily Housing,Rental Assistance (MFH),Zip Code Withheld,Not Persistent Poverty Community,Name Withheld,HILLCREST VIEWS APTS,Grant Funds,City Name Withheld,Not Applicable,RENEWAL / REPLACEMENT -FAMILY,Real Estate and Rental and Leasing,50011,NA,Not Available,Residential,Detailed Project Description Not Available,389383,1
2022,Vermont,Franklin,At-Large,Multifamily Housing,Rental Assistance (MFH),Zip Code Withheld,Not Persistent Poverty Community,Name Withheld,RICHFORD COMMUNITY HOUSING,Grant Funds,City Name Withheld,Not Applicable,RENEWAL / REPLACEMENT -FAMILY,Real Estate and Rental and Leasing,50011,NA,Not Available,Residential,Detailed Project Description Not Available,147274,1
2022,Vermont,Franklin,At-Large,Multifamily Housing,Rental Assistance (MFH),Zip Code Withheld,Not Persistent Poverty Community,Name Withheld,SWANTON MEADOWS REALTY RESOURCE,Grant Funds,City Name Withheld,Not Applicable,RENEWAL / REPLACEMENT -FAMILY,Real Estate and Rental and Leasing,50011,NA,Not Available,Residential,Detailed Project Description Not Available,216946,1
2022,Vermont,Franklin,At-Large,Multifamily Housing,Rental Assistance (MFH),Zip Code Withheld,Not Persistent Poverty Community,Name Withheld,SWANTON SCHOOL SENIOR HOUSING,Grant Funds,City Name Withheld,Not Applicable,RENEWAL  / REPLACEMENT - ELDERLY,Real Estate and Rental and Leasing,50011,NA,Not Available,Residential,Detailed Project Description Not Available,162123,1
2022,Vermont,Franklin,At-Large,Multifamily Housing,Rental Assistance (MFH),Zip Code Withheld,Not Persistent Poverty Community,Name Withheld,SWANTON SCHOOL SENIOR HOUSING,Grant Funds,City Name Withheld,Not Applicable,TRANSFERS - ELDERLY KATRINA,Real Estate and Rental and Leasing,50011,NA,Not Available,Residential,Detailed Project Description Not Available,252389,1
2022,Vermont,Franklin,At-Large,Single Family Housing,Direct Loan (SFH),Zip Code Withheld,Not Persistent Poverty Community,Name Withheld,NOT AVAILABLE,Loan Funds - Direct,City Name Withheld,Not Applicable,502 LOAN - ARP MULTI-YEAR,Real Estate and Rental and Leasing,50011,NA,Not Available,Residential,Detailed Project Description Not Available,438000,3
2022,Vermont,Franklin,At-Large,Single Family Housing,Direct Loan (SFH),Zip Code Withheld,Not Persistent Poverty Community,Name Withheld,NOT AVAILABLE,Loan Funds - Direct,City Name Withheld,Not Applicable,502 LOAN - GENERAL INTEREST SUBSIDY LOW & OTHER INCOME,Real Estate and Rental and Leasing,50011,NA,Not Available,Residential,Detailed Project Description Not Available,257000,2
2022,Vermont,Franklin,At-Large,Single Family Housing,Guaranteed Loan (SFH),Zip Code Withheld,Not Persistent Poverty Community,Name Withheld,NOT AVAILABLE,Loan Funds - Guaranteed,City Name Withheld,ACADEMY MORTGAGE CORPORATION,SEC 502 GUARANTEED SINGLE FAMILY HOUSING PURCHASE LOANS - WITH ANNUAL FEES ASSIGNED,Real Estate and Rental and Leasing,50011,NA,Not Available,Residential,Detailed Project Description Not Available,1829048,9
2022,Vermont,Franklin,At-Large,Single Family Housing,Guaranteed Loan (SFH),Zip Code Withheld,Not Persistent Poverty Community,Name Withheld,NOT AVAILABLE,Loan Funds - Guaranteed,City Name Withheld,"CALIBER HOME LOANS, INC.",SEC 502 GUARANTEED SINGLE FAMILY HOUSING PURCHASE LOANS - WITH ANNUAL FEES ASSIGNED,Real Estate and Rental and Leasing,50011,NA,Not Available,Residential,Detailed Project Description Not Available,242424,1
2022,Vermont,Franklin,At-Large,Single Family Housing,Guaranteed Loan (SFH),Zip Code Withheld,Not Persistent Poverty Community,Name Withheld,NOT AVAILABLE,Loan Funds - Guaranteed,City Name Withheld,"CMG MORTGAGE, INC",SEC 502 GUARANTEED SINGLE FAMILY HOUSING PURCHASE LOANS - WITH ANNUAL FEES ASSIGNED,Real Estate and Rental and Leasing,50011,NA,Not Available,Residential,Detailed Project Description Not Available,272727,1
2022,Vermont,Franklin,At-Large,Single Family Housing,Guaranteed Loan (SFH),Zip Code Withheld,Not Persistent Poverty Community,Name Withheld,NOT AVAILABLE,Loan Funds - Guaranteed,City Name Withheld,EASTRISE CREDIT UNION,SEC 502 GUARANTEED SINGLE FAMILY HOUSING PURCHASE LOANS - WITH ANNUAL FEES ASSIGNED,Real Estate and Rental and Leasing,50011,NA,Not Available,Residential,Detailed Project Description Not Available,899544,4
2022,Vermont,Franklin,At-Large,Single Family Housing,Guaranteed Loan (SFH),Zip Code Withheld,Not Persistent Poverty Community,Name Withheld,NOT AVAILABLE,Loan Funds - Guaranteed,City Name Withheld,"ENVOY MORTGAGE, LTD.",SEC 502 GUARANTEED SINGLE FAMILY HOUSING PURCHASE LOANS - WITH ANNUAL FEES ASSIGNED,Real Estate and Rental and Leasing,50011,NA,Not Available,Residential,Detailed Project Description Not Available,353535,1
2022,Vermont,Franklin,At-Large,Single Family Housing,Guaranteed Loan (SFH),Zip Code Withheld,Not Persistent Poverty Community,Name Withheld,NOT AVAILABLE,Loan Funds - Guaranteed,City Name Withheld,FAIRWAY INDEPENDENT MORTGAGE CORPORATION,SEC 502 GUARANTEED SINGLE FAMILY HOUSING PURCHASE LOANS - WITH ANNUAL FEES ASSIGNED,Real Estate and Rental and Leasing,50011,NA,Not Available,Residential,Detailed Project Description Not Available,471717,2
2022,Vermont,Franklin,At-Large,Single Family Housing,Guaranteed Loan (SFH),Zip Code Withheld,Not Persistent Poverty Community,Name Withheld,NOT AVAILABLE,Loan Funds - Guaranteed,City Name Withheld,"HOMEBRIDGE FINANCIAL SERVICES, INC.",SEC 502 GUARANTEED SINGLE FAMILY HOUSING PURCHASE LOANS - WITH ANNUAL FEES ASSIGNED,Real Estate and Rental and Leasing,50011,NA,Not Available,Residential,Detailed Project Description Not Available,460605,2
2022,Vermont,Franklin,At-Large,Single Family Housing,Guaranteed Loan (SFH),Zip Code Withheld,Not Persistent Poverty Community,Name Withheld,NOT AVAILABLE,Loan Funds - Guaranteed,City Name Withheld,PEOPLES TRUST COMPANY,SEC 502 GUARANTEED SINGLE FAMILY HOUSING PURCHASE LOANS - WITH ANNUAL FEES ASSIGNED,Real Estate and Rental and Leasing,50011,NA,Not Available,Residential,Detailed Project Description Not Available,273000,1
2022,Vermont,Franklin,At-Large,Single Family Housing,Guaranteed Loan (SFH),Zip Code Withheld,Not Persistent Poverty Community,Name Withheld,NOT AVAILABLE,Loan Funds - Guaranteed,City Name Withheld,UNION BANK,SEC 502 GUARANTEED SINGLE FAMILY HOUSING PURCHASE LOANS - WITH ANNUAL FEES ASSIGNED,Real Estate and Rental and Leasing,50011,NA,Not Available,Residential,Detailed Project Description Not Available,786867,3
2022,Vermont,Franklin,At-Large,Single Family Housing,Guaranteed Loan (SFH),Zip Code Withheld,Not Persistent Poverty Community,Name Withheld,NOT AVAILABLE,Loan Funds - Guaranteed,City Name Withheld,"UNITED WHOLESALE MORTGAGE, LLC",SEC 502 GUARANTEED SINGLE FAMILY HOUSING PURCHASE LOANS - WITH ANNUAL FEES ASSIGNED,Real Estate and Rental and Leasing,50011,NA,Not Available,Residential,Detailed Project Description Not Available,544443,3
2022,Vermont,Franklin,At-Large,Single Family Housing,Guaranteed Loan (SFH),Zip Code Withheld,Not Persistent Poverty Community,Name Withheld,NOT AVAILABLE,Loan Funds - Guaranteed,City Name Withheld,VERMONT FEDERAL CREDIT UNION,SEC 502 GUARANTEED SINGLE FAMILY HOUSING PURCHASE LOANS - WITH ANNUAL FEES ASSIGNED,Real Estate and Rental and Leasing,50011,NA,Not Available,Residential,Detailed Project Description Not Available,407474,2
2022,Vermont,Franklin,At-Large,Single Family Housing,Repair Grant (SFH),Zip Code Withheld,Not Persistent Poverty Community,Name Withheld,NOT AVAILABLE,Grant Funds,City Name Withheld,Not Applicable,504 GRANT,Real Estate and Rental and Leasing,50011,NA,Not Available,Residential,Detailed Project Description Not Available,17900,3
2022,Vermont,Grand Isle,At-Large,Business Programs,Rural Energy for America Program (REAP),05458,Not Persistent Poverty Community,BULLIS SAVAGE VIEW FARM LLC,FY22 RES 150KW BIOGAS DIGESTER,Grant Funds,Grand Isle,Not Applicable,REAP-MANDATORY RENEW ENERGY SYST GRANTS,"Agriculture, Forestry, Fishing and Hunting",50013,112120,DAIRY CATTLE AND MILK PRODUCTION,Commercial,"This Rural Development investment will be used to install an anaerobic digester on a 750-head dairy farm. The 150 kilowatt (kW) generator system will produce approximately 1.2 megawatt hours (MWh) annually at the Bullis Savage View Farm in Highgate Center, Vermont. Aside from the almost $250,000 in annual revenue the system will provide to the farm, it will also realize significant methane reduction and water-quality improvements.",278195,1
2022,Vermont,Grand Isle,At-Large,Business Programs,Rural Energy for America Program (REAP),05458,Not Persistent Poverty Community,BULLIS SAVAGE VIEW FARM LLC,FY22 RES 150KW BIOGAS DIGESTER,Grant Funds,Grand Isle,Not Applicable,RENEWABLE ENERGY SYSTEMS GRANT,"Agriculture, Forestry, Fishing and Hunting",50013,112120,DAIRY CATTLE AND MILK PRODUCTION,Commercial,Detailed Project Description Not Available,169170,1
2022,Vermont,Grand Isle,At-Large,Business Programs,Rural Energy for America Program (REAP),05474,Not Persistent Poverty Community,LAKE COUNTRY PROVISIONS LLC,FY22 RES 14.8KW SOLAR ARRAY,Grant Funds,North Hero,Not Applicable,REAP-MANDATORY RENEW ENERGY SYST GRANTS,Retail Trade,50013,452319,ALL OTHER GENERAL MERCHANDISE STORES,Commercial,"This Rural Development investment will be used to purchase and install a 14.8 kilowatt (kW) roof-mounted solar array. Lake Country Provisions LLC is owner and operator of a store known as Heros Welcome, located on the shore of Lake Champlain. The solar array will replace 29 percent of the popular establishments electricity needs, a savings of over $3,200 annually.",10616,1
2022,Vermont,Grand Isle,At-Large,Single Family Housing,Guaranteed Loan (SFH),Zip Code Withheld,Not Persistent Poverty Community,Name Withheld,NOT AVAILABLE,Loan Funds - Guaranteed,City Name Withheld,VERMONT FEDERAL CREDIT UNION,SEC 502 GUARANTEED SINGLE FAMILY HOUSING PURCHASE LOANS - WITH ANNUAL FEES ASSIGNED,Real Estate and Rental and Leasing,50013,NA,Not Available,Residential,Detailed Project Description Not Available,280000,1
2022,Vermont,Grand Isle,At-Large,Single Family Housing,Repair Grant (SFH),Zip Code Withheld,Not Persistent Poverty Community,Name Withheld,NOT AVAILABLE,Grant Funds,City Name Withheld,Not Applicable,504 GRANT,Real Estate and Rental and Leasing,50013,NA,Not Available,Residential,Detailed Project Description Not Available,6200,1
2022,Vermont,Lamoille,At-Large,Community Facilities,Grant (CF),05656,Not Persistent Poverty Community,"VERMONT STUDIO CENTER, INC.",FY 22 FURNISHINGS & EQUIPMENT,Grant Funds,Johnson,Not Applicable,CF GRANTS,Educational Services,50015,611699,ALL OTHER MISCELLANEOUS SCHOOLS AND INSTRUCTION,Commercial,Detailed Project Description Not Available,45000,1
2022,Vermont,Lamoille,At-Large,Multifamily Housing,Rental Assistance (MFH),Zip Code Withheld,Not Persistent Poverty Community,Name Withheld,COLONIAL MANOR,Grant Funds,City Name Withheld,Not Applicable,RENEWAL / REPLACEMENT -FAMILY,Real Estate and Rental and Leasing,50015,NA,Not Available,Residential,Detailed Project Description Not Available,233057,1
2022,Vermont,Lamoille,At-Large,Multifamily Housing,Rental Assistance (MFH),Zip Code Withheld,Not Persistent Poverty Community,Name Withheld,PORTLAND & MAIN HSG,Grant Funds,City Name Withheld,Not Applicable,RENEWAL / REPLACEMENT -FAMILY,Real Estate and Rental and Leasing,50015,NA,Not Available,Residential,Detailed Project Description Not Available,73657,1
2022,Vermont,Lamoille,At-Large,Multifamily Housing,Rental Assistance (MFH),Zip Code Withheld,Not Persistent Poverty Community,Name Withheld,ST JOHNS KNOLL REALTY RESOURCE,Grant Funds,City Name Withheld,Not Applicable,RENEWAL  / REPLACEMENT - ELDERLY,Real Estate and Rental and Leasing,50015,NA,Not Available,Residential,Detailed Project Description Not Available,196666,1
2022,Vermont,Lamoille,At-Large,Single Family Housing,Direct Loan (SFH),Zip Code Withheld,Not Persistent Poverty Community,Name Withheld,NOT AVAILABLE,Loan Funds - Direct,City Name Withheld,Not Applicable,502 LOAN - ARP MULTI-YEAR,Real Estate and Rental and Leasing,50015,NA,Not Available,Residential,Detailed Project Description Not Available,106500,1
2022,Vermont,Lamoille,At-Large,Single Family Housing,Guaranteed Loan (SFH),Zip Code Withheld,Not Persistent Poverty Community,Name Withheld,NOT AVAILABLE,Loan Funds - Guaranteed,City Name Withheld,PEOPLES UNITED BANK,SEC 502 GUARANTEED SINGLE FAMILY HOUSING PURCHASE LOANS - WITH ANNUAL FEES ASSIGNED,Real Estate and Rental and Leasing,50015,NA,Not Available,Residential,Detailed Project Description Not Available,164125,1
2022,Vermont,Lamoille,At-Large,Single Family Housing,Guaranteed Loan (SFH),Zip Code Withheld,Not Persistent Poverty Community,Name Withheld,NOT AVAILABLE,Loan Funds - Guaranteed,City Name Withheld,UNION BANK,SEC 502 GUARANTEED SINGLE FAMILY HOUSING PURCHASE LOANS - WITH ANNUAL FEES ASSIGNED,Real Estate and Rental and Leasing,50015,NA,Not Available,Residential,Detailed Project Description Not Available,290768,2
2022,Vermont,Lamoille,At-Large,Single Family Housing,Repair Grant (SFH),Zip Code Withheld,Not Persistent Poverty Community,Name Withheld,NOT AVAILABLE,Grant Funds,City Name Withheld,Not Applicable,504 COMBINATION LOAN & GRANT,Real Estate and Rental and Leasing,50015,NA,Not Available,Residential,Detailed Project Description Not Available,800,1
2022,Vermont,Lamoille,At-Large,Single Family Housing,Repair Grant (SFH),Zip Code Withheld,Not Persistent Poverty Community,Name Withheld,NOT AVAILABLE,Grant Funds,City Name Withheld,Not Applicable,504 GRANT,Real Estate and Rental and Leasing,50015,NA,Not Available,Residential,Detailed Project Description Not Available,20400,3
2022,Vermont,Lamoille,At-Large,Single Family Housing,Repair Loan (SFH),Zip Code Withheld,Not Persistent Poverty Community,Name Withheld,NOT AVAILABLE,Loan Funds - Direct,City Name Withheld,Not Applicable,504 COMBINATION LOAN & GRANT,Real Estate and Rental and Leasing,50015,NA,Not Available,Residential,Detailed Project Description Not Available,1000,1
2022,Vermont,Not Available,Multiple/Unknown Districts,Telecommunications Programs,Distance Learning and Telemedicine (TELE),NA,Not Persistent Poverty Community,The Vermont Program for Quality Health,VT0719-A,Grant Funds,NA,Not Applicable,DLT CONGRESSIONALLY DIRECTED SPENDING - GRANTS,Utilities,Not Available,NA,Not Available,Commercial,"This Rural Development investment will be used to equip 38 sites participating in the Vermont Telemedicine Access Project (V-TAP). Tablets, wifi boosters, monitoring equipment, and telemedicine carts will allow the delivery of medical services to critical access hospitals, midsize hospitals, mental health agencies, Federally Qualified Health Centers, nursing homes, primary care practices, residential and rehabilitation facilities in 13 counties in Vermont. It is estimated that this program will benefit 30,000 rural residents.",482851,1
2022,Vermont,Orange,At-Large,Business Programs,Rural Business Development Grant (RBDG),05033,Not Persistent Poverty Community,"SPACE ON MAIN, INC. THE",STR & BLDING REG. ENT. FY-22,Grant Funds,Bradford,Not Applicable,RBCS ENTERPRISE GRANTS,Real Estate and Rental and Leasing,50017,531120,LESSORS OF NONRESIDENTIAL BUILDINGS (EXCEPT MINIWAREHOUSES),Commercial,"This Rural Development investment will be used to support entrepreneurs through curriculum both new and existing focused on entrepreneurial education. Space On Main will facilitate business incubation for 60 entrepreneurs. Services provided will include, but not be limited to: business planning and formation; navigating basic accounting/legal review; market research, sales & marketing; partner research; federal contracts; online business; developing new products and services; raising capital and pursuing bank financing; basic HR and personnel management; managing a remote workforce; networking; and finding and working with mentors, board members and advisors. As a result of this investment, 60 businesses will be served and 40 new businesses will be created within the first year. It is estimated that within the first 3-5 years of operation, these businesses will provide 133 new jobs to area residents, pursue $8 million in funding (e.g. investments, loans), and generate $4 million in revenue.",14741,1
2022,Vermont,Orange,At-Large,Business Programs,Rural Energy for America Program (REAP),05081,Not Persistent Poverty Community,PK WOOD PELLET LLC,FY22 RES BIOMASS PRODUCTION,Grant Funds,Wells River,Not Applicable,RENEWABLE ENERGY SYSTEMS GRANT,Manufacturing,50017,321999,ALL OTHER MISCELLANEOUS WOOD PRODUCT MANUFACTURING,Commercial,Detailed Project Description Not Available,450000,1
2022,Vermont,Orange,At-Large,Business Programs,Rural Energy for America Program (REAP),05675,Not Persistent Poverty Community,"SL MAPLE SOLAR I, LLC",FY22 RES 122.6KW SOLAR PV,Grant Funds,Washington,Not Applicable,"MAND. RENEW ENERFY SYSTEMS GRANTS UNDER $20,000",Utilities,50017,221114,SOLAR ELECTRIC POWER GENERATION,Commercial,"This Rural Development investment will be used to install a 122.6kW solar array on a barn roof at the Lambert Farm in Washington, Vermont. SL Maple Solar I LLC will own the system and sell the estimated 127,600kWh produced annually to the grid. The farm owners will receive 20percent of the value received. The energy generated by the solar array is enough to power the equivalent of 11 homes.",20000,1
2022,Vermont,Orange,At-Large,Community Facilities,Emergency Health Care Grant (CF),05033,Not Persistent Poverty Community,LITTLE RIVERS HEALTH CARE INC,FY22 EMERGENCY RURAL HEALTH CA,Grant Funds,Bradford,Not Applicable,CF ARP EMERGENCY RURAL HEALTH CARE GRANTS - TRACK 1 & 2,Health Care and Social Assistance,50017,621111,OFFICES OF PHYSICIANS (EXCEPT MENTAL HEALTH SPECIALISTS),Commercial,"This Rural Development investment will be used to provide Little Rivers Health Care Inc. (LRHC) with funds to take on an ambitious renovation and expansion project at its Wells River clinic. LRHC provides comprehensive integrated primary-care services to the residents of Bradford, East Corinth, Wells River and more recently, Newbury, Vermont. The Wells River clinic operates out of a centuries-old barn and is in dire need of renovation to better meet the needs of their patients, especially in light of healthcare gaps laid bare by the COVID-19 pandemic.Improvements will include additional exam rooms, health offices, care team support spaces, a waiting room, work reception area, bathrooms and fire safety compliance work. The project will accommodate additional clinicians and increase access to primary care in economically disadvantaged areas severely impacted by the pandemic, as evidenced by sharp increases in demand for medicinal, behavioral and mental-health care. Services like family medicine, pediatrics, obstetrics, counseling, psychiatric care, substance-use disorder treatment, oral health services, chronic care management, care coordination, and migrant farmworker outreach will all be enhanced with physical assets better aligned with their primary purpose.",1000000,1
2022,Vermont,Orange,At-Large,Community Facilities,Grant (CF),05060,Not Persistent Poverty Community,"RANDOLPH, TOWN OF",FY 22 LIBRARY HVAC UPGRADES,Grant Funds,Randolph,Not Applicable,CF GRANTS,Information,50017,51412,LIBRARY,Commercial,Detailed Project Description Not Available,50000,1
2022,Vermont,Orange,At-Large,Multifamily Housing,Rental Assistance (MFH),Zip Code Withheld,Not Persistent Poverty Community,Name Withheld,BRADFORD VILLAGE AP REALTY RESOURCE,Grant Funds,City Name Withheld,Not Applicable,RENEWAL / REPLACEMENT -FAMILY,Real Estate and Rental and Leasing,50017,NA,Not Available,Residential,Detailed Project Description Not Available,252416,1
2022,Vermont,Orange,At-Large,Multifamily Housing,Rental Assistance (MFH),Zip Code Withheld,Not Persistent Poverty Community,Name Withheld,BROOKVIEW APTS,Grant Funds,City Name Withheld,Not Applicable,RENEWAL / REPLACEMENT -FAMILY,Real Estate and Rental and Leasing,50017,NA,Not Available,Residential,Detailed Project Description Not Available,146515,1
2022,Vermont,Orange,At-Large,Multifamily Housing,Rental Assistance (MFH),Zip Code Withheld,Not Persistent Poverty Community,Name Withheld,MEADOWBROOK PLACE,Grant Funds,City Name Withheld,Not Applicable,RENEWAL / REPLACEMENT -FAMILY,Real Estate and Rental and Leasing,50017,NA,Not Available,Residential,Detailed Project Description Not Available,156836,1
2022,Vermont,Orange,At-Large,Single Family Housing,Direct Loan (SFH),Zip Code Withheld,Not Persistent Poverty Community,Name Withheld,NOT AVAILABLE,Loan Funds - Direct,City Name Withheld,Not Applicable,502 LOAN - GENERAL INTEREST SUBSIDY VERY LOW INCOME,Real Estate and Rental and Leasing,50017,NA,Not Available,Residential,Detailed Project Description Not Available,206000,1
2022,Vermont,Orange,At-Large,Single Family Housing,Repair Grant (SFH),Zip Code Withheld,Not Persistent Poverty Community,Name Withheld,NOT AVAILABLE,Grant Funds,City Name Withheld,Not Applicable,504 GRANT,Real Estate and Rental and Leasing,50017,NA,Not Available,Residential,Detailed Project Description Not Available,1500,1
2022,Vermont,Orleans,At-Large,Business Programs,Advanced Biofuel Payment Program,05859,Not Persistent Poverty Community,CHAPUT FAMILY FARMS,NOT AVAILABLE,Grant Funds,North Troy,Not Applicable,GRANT FOR PROD OF ADV BIOFUEL,Other or Not Defined,50019,NA,Not Available,Commercial,Detailed Project Description Not Available,223,4
2022,Vermont,Orleans,At-Large,Business Programs,Rural Business Development Grant (RBDG),05826,Not Persistent Poverty Community,"NORTHEAST KINGDOM COLLABORATIVE, INC.",PLANNING- FY22,Grant Funds,Craftsbury,Not Applicable,RBCS ENTERPRISE REAP ZONE GRANTS,Public Administration,50019,921160,Not Available,Commercial,"This Rural Development investment will be used to accelerate region-wide economic recovery from the devastating effects of the COVID-19 crisis by connecting businesses to no-cost professional project development services and accelerate community infrastructure projects. Funding will help increase region-wide access to resources and programs, and cross-promote small businesses. The project will also provide one-to-one technical assistance and resources connections to small businesses.",69440,1
2022,Vermont,Orleans,At-Large,Business Programs,Rural Business Development Grant (RBDG),05833,Not Persistent Poverty Community,NORTHWOODS STEWARDSHIP CENTER,ACCESS FOR ALL- FY22,Grant Funds,East Charleston,Not Applicable,RBCS ENTERPRISE REAP ZONE GRANTS,Educational Services,50019,611710,EDUCATIONAL SUPPORT SERVICES,Commercial,"This Rural Development investment will be used to leverage wide-spread community support for two key projects: renovation to provide ADA lodge access, including the main entry way and bathroom, and completion of a feasibility study for a universal access trail, linked to the main lodge. This project will create 18 jobs and save 39.",136125,1
2022,Vermont,Orleans,At-Large,Business Programs,Rural Business Development Grant (RBDG),05855,Not Persistent Poverty Community,"VERMONT FARM -TO-SCHOOL, INC",SUSTAINING A FOOD SYSTEM FY22,Grant Funds,Newport,Not Applicable,RBCS ENTERPRISE REAP ZONE GRANTS,Other Services,50019,813910,BUSINESS ASSOCIATIONS,Commercial,"This Rural Business Development investment will be used to strengthen Northern Vermonts local food systems by building farm viability through marketing, sales, and technical assistance for Green Mountain Farm Direct Farm partners. This project will create 3 and sustain 47 full-time jobs in the area.",189773,1
2022,Vermont,Orleans,At-Large,Community Facilities,Grant (CF),05822,Not Persistent Poverty Community,"BARTON VILLAGE, INC.",FY 22 SAND & STORAGE SHED,Grant Funds,Barton,Not Applicable,COMMUNITY FACILITY GRANTS - EZ/EC,Other or Not Defined,50019,9994,OTHER PUBLIC BUILDING & IMPROVEMENT RELATED SERVICES,Commercial,Detailed Project Description Not Available,93000,1
2022,Vermont,Orleans,At-Large,Community Facilities,Grant (CF),05826,Not Persistent Poverty Community,"CRAFTSBURY COMMUNITY CARE CENTER, THE",FY 22 KITCHEN RENOVATION,Grant Funds,Craftsbury,Not Applicable,COMMUNITY FACILITY GRANTS - EZ/EC,Health Care and Social Assistance,50019,623311,CONTINUING CARE RETIREMENT COMMUNITIES,Commercial,Detailed Project Description Not Available,130000,1
2022,Vermont,Orleans,At-Large,Community Facilities,Grant (CF),05855,Not Persistent Poverty Community,"NEWPORT, CITY OF",FY 22 FIRE DEPARTMENT COMMUNIC,Grant Funds,Newport,Not Applicable,COMMUNITY FACILITY GRANTS - EZ/EC,Other or Not Defined,50019,9991,OTHER FIRE/RESCUE & PUBLIC SAFETY RELATED SERVICES,Commercial,Detailed Project Description Not Available,27000,1
2022,Vermont,Orleans,At-Large,Community Facilities,Technical Assistance and Training Grant (CF),05855,Not Persistent Poverty Community,NORTHEAST KINGDOM COMMUNITY ACTION,FY 22 CF TAT GRANT,Grant Funds,Newport,Not Applicable,CF TAT GRANT (SECTION 6006),Other or Not Defined,50019,6,Not Available,Commercial,"This Rural Development investment will be used to support pre-development expenses associated with identifying a new facility in which to facilitate and deliver the Northeast Kingdom Community Actions (NEKCA) programming. NEKCA is an essential community service provider. Programs delivered by NEKCA include, Parent-Child Programs, Housing Support Programs, Essential Services (to include food, fuel and utilities), Head Start and Children Integrated Services. Funds will specifically be used for: real estate advising to identify available buildings and/or properties available for purchase that meet their needs; architectural/engineering designs to determine the layout of space; environmental consulting to determine potential impacts and prepare for National Environmental Policy Act (NEPA) compliance; Permitting assistance to identify required local, state and/or federal permit requirements; and project management to ensure the project remains on time, on budget, and is compliant with rules and regulations.",50000,1
2022,Vermont,Orleans,At-Large,Multifamily Housing,Rental Assistance (MFH),Zip Code Withheld,Not Persistent Poverty Community,Name Withheld,CRYSTAL LAKE HSG,Grant Funds,City Name Withheld,Not Applicable,RENEWAL / REPLACEMENT -FAMILY,Real Estate and Rental and Leasing,50019,NA,Not Available,Residential,Detailed Project Description Not Available,145553,1
2022,Vermont,Orleans,At-Large,Multifamily Housing,Rental Assistance (MFH),Zip Code Withheld,Not Persistent Poverty Community,Name Withheld,GLOVER RIVERSIDE APARTMENTS,Grant Funds,City Name Withheld,Not Applicable,RENEWAL  / REPLACEMENT - ELDERLY,Real Estate and Rental and Leasing,50019,NA,Not Available,Residential,Detailed Project Description Not Available,125186,1
2022,Vermont,Orleans,At-Large,Multifamily Housing,Rental Assistance (MFH),Zip Code Withheld,Not Persistent Poverty Community,Name Withheld,JOHNS RIVER APTS,Grant Funds,City Name Withheld,Not Applicable,RENEWAL / REPLACEMENT -FAMILY,Real Estate and Rental and Leasing,50019,NA,Not Available,Residential,Detailed Project Description Not Available,65362,1
2022,Vermont,Orleans,At-Large,Multifamily Housing,Rental Assistance (MFH),Zip Code Withheld,Not Persistent Poverty Community,Name Withheld,LAKEBRIDGE,Grant Funds,City Name Withheld,Not Applicable,RENEWAL / REPLACEMENT -FAMILY,Real Estate and Rental and Leasing,50019,NA,Not Available,Residential,Detailed Project Description Not Available,214460,1
2022,Vermont,Orleans,At-Large,Multifamily Housing,Rental Assistance (MFH),Zip Code Withheld,Not Persistent Poverty Community,Name Withheld,LAUREDON VILLAGE APARTMENTS,Grant Funds,City Name Withheld,Not Applicable,RENEWAL  / REPLACEMENT - ELDERLY,Real Estate and Rental and Leasing,50019,NA,Not Available,Residential,Detailed Project Description Not Available,77526,1
2022,Vermont,Orleans,At-Large,Multifamily Housing,Rental Assistance (MFH),Zip Code Withheld,Not Persistent Poverty Community,Name Withheld,RAINBOW APARTMENTS,Grant Funds,City Name Withheld,Not Applicable,RENEWAL  / REPLACEMENT - ELDERLY,Real Estate and Rental and Leasing,50019,NA,Not Available,Residential,Detailed Project Description Not Available,130229,1
2022,Vermont,Orleans,At-Large,Multifamily Housing,Rental Assistance (MFH),Zip Code Withheld,Not Persistent Poverty Community,Name Withheld,THE MEADOWS,Grant Funds,City Name Withheld,Not Applicable,RENEWAL  / REPLACEMENT - ELDERLY,Real Estate and Rental and Leasing,50019,NA,Not Available,Residential,Detailed Project Description Not Available,79264,1
2022,Vermont,Orleans,At-Large,Single Family Housing,Direct Loan (SFH),Zip Code Withheld,Not Persistent Poverty Community,Name Withheld,NOT AVAILABLE,Loan Funds - Direct,City Name Withheld,Not Applicable,502 EZ/EC LOW INCOME,Real Estate and Rental and Leasing,50019,NA,Not Available,Residential,Detailed Project Description Not Available,424450,2
2022,Vermont,Orleans,At-Large,Single Family Housing,Direct Loan (SFH),Zip Code Withheld,Not Persistent Poverty Community,Name Withheld,NOT AVAILABLE,Loan Funds - Direct,City Name Withheld,Not Applicable,502 LOAN - ARP MULTI-YEAR,Real Estate and Rental and Leasing,50019,NA,Not Available,Residential,Detailed Project Description Not Available,76000,1
2022,Vermont,Orleans,At-Large,Single Family Housing,Direct Loan (SFH),Zip Code Withheld,Not Persistent Poverty Community,Name Withheld,NOT AVAILABLE,Loan Funds - Direct,City Name Withheld,Not Applicable,502 LOAN - GENERAL INTEREST SUBSIDY LOW & OTHER INCOME,Real Estate and Rental and Leasing,50019,NA,Not Available,Residential,Detailed Project Description Not Available,351300,2
2022,Vermont,Orleans,At-Large,Single Family Housing,Guaranteed Loan (SFH),Zip Code Withheld,Not Persistent Poverty Community,Name Withheld,NOT AVAILABLE,Loan Funds - Guaranteed,City Name Withheld,ACADEMY MORTGAGE CORPORATION,SEC 502 GUARANTEED SINGLE FAMILY HOUSING PURCHASE LOANS - WITH ANNUAL FEES ASSIGNED,Real Estate and Rental and Leasing,50019,NA,Not Available,Residential,Detailed Project Description Not Available,119696,1
2022,Vermont,Orleans,At-Large,Single Family Housing,Guaranteed Loan (SFH),Zip Code Withheld,Not Persistent Poverty Community,Name Withheld,NOT AVAILABLE,Loan Funds - Guaranteed,City Name Withheld,"ENVOY MORTGAGE, LTD.",SEC 502 GUARANTEED SINGLE FAMILY HOUSING PURCHASE LOANS - WITH ANNUAL FEES ASSIGNED,Real Estate and Rental and Leasing,50019,NA,Not Available,Residential,Detailed Project Description Not Available,136565,1
2022,Vermont,Orleans,At-Large,Single Family Housing,Guaranteed Loan (SFH),Zip Code Withheld,Not Persistent Poverty Community,Name Withheld,NOT AVAILABLE,Loan Funds - Guaranteed,City Name Withheld,FAIRWAY INDEPENDENT MORTGAGE CORPORATION,SEC 502 GUARANTEED SINGLE FAMILY HOUSING PURCHASE LOANS - WITH ANNUAL FEES ASSIGNED,Real Estate and Rental and Leasing,50019,NA,Not Available,Residential,Detailed Project Description Not Available,146464,1
2022,Vermont,Orleans,At-Large,Single Family Housing,Guaranteed Loan (SFH),Zip Code Withheld,Not Persistent Poverty Community,Name Withheld,NOT AVAILABLE,Loan Funds - Guaranteed,City Name Withheld,UNION BANK,SEC 502 GUARANTEED SINGLE FAMILY HOUSING PURCHASE LOANS - WITH ANNUAL FEES ASSIGNED,Real Estate and Rental and Leasing,50019,NA,Not Available,Residential,Detailed Project Description Not Available,1436290,9
2022,Vermont,Orleans,At-Large,Single Family Housing,Repair Grant (SFH),Zip Code Withheld,Not Persistent Poverty Community,Name Withheld,NOT AVAILABLE,Grant Funds,City Name Withheld,Not Applicable,504 COMBINATION LOAN & GRANT,Real Estate and Rental and Leasing,50019,NA,Not Available,Residential,Detailed Project Description Not Available,2500,1
2022,Vermont,Orleans,At-Large,Single Family Housing,Repair Grant (SFH),Zip Code Withheld,Not Persistent Poverty Community,Name Withheld,NOT AVAILABLE,Grant Funds,City Name Withheld,Not Applicable,504 EZ/EC COMBINATION LOAN & GRANT,Real Estate and Rental and Leasing,50019,NA,Not Available,Residential,Detailed Project Description Not Available,11500,3
2022,Vermont,Orleans,At-Large,Single Family Housing,Repair Grant (SFH),Zip Code Withheld,Not Persistent Poverty Community,Name Withheld,NOT AVAILABLE,Grant Funds,City Name Withheld,Not Applicable,504 EZ/EC/REAP GRANT,Real Estate and Rental and Leasing,50019,NA,Not Available,Residential,Detailed Project Description Not Available,25920,3
2022,Vermont,Orleans,At-Large,Single Family Housing,Repair Grant (SFH),Zip Code Withheld,Not Persistent Poverty Community,Name Withheld,NOT AVAILABLE,Grant Funds,City Name Withheld,Not Applicable,504 GRANT,Real Estate and Rental and Leasing,50019,NA,Not Available,Residential,Detailed Project Description Not Available,9400,1
2022,Vermont,Orleans,At-Large,Single Family Housing,Repair Loan (SFH),Zip Code Withheld,Not Persistent Poverty Community,Name Withheld,NOT AVAILABLE,Loan Funds - Direct,City Name Withheld,Not Applicable,504 COMBINATION LOAN & GRANT,Real Estate and Rental and Leasing,50019,NA,Not Available,Residential,Detailed Project Description Not Available,1000,1
2022,Vermont,Orleans,At-Large,Single Family Housing,Repair Loan (SFH),Zip Code Withheld,Not Persistent Poverty Community,Name Withheld,NOT AVAILABLE,Loan Funds - Direct,City Name Withheld,Not Applicable,504 EZ/EC COMBINATION LOAN & GRANT,Real Estate and Rental and Leasing,50019,NA,Not Available,Residential,Detailed Project Description Not Available,11266,3
2022,Vermont,Orleans,At-Large,Single Family Housing,Repair Loan (SFH),Zip Code Withheld,Not Persistent Poverty Community,Name Withheld,NOT AVAILABLE,Loan Funds - Direct,City Name Withheld,Not Applicable,504 LOAN,Real Estate and Rental and Leasing,50019,NA,Not Available,Residential,Detailed Project Description Not Available,41070,3
2022,Vermont,Rutland,At-Large,Business Programs,Advanced Biofuel Payment Program,05759,Not Persistent Poverty Community,"VT WOOD PELLET CO., LLC",NOT AVAILABLE,Grant Funds,North Clarendon,Not Applicable,GRANT FOR PROD OF ADV BIOFUEL,Other or Not Defined,50021,NA,Not Available,Commercial,Detailed Project Description Not Available,9163,4
2022,Vermont,Rutland,At-Large,Community Facilities,Grant (CF),05701,Not Persistent Poverty Community,RUTLAND COUNTY SOLID WASTE DISTRICT,FY22 EXCAVATOR PURCHASE,Grant Funds,Rutland,Not Applicable,CF GRANTS,Other or Not Defined,50021,9999,OTHER,Commercial,"This Rural Development investment will be used to purchase an excavator for the Rutland County Solid Waste Districts Gleason Facility in the city of Rutland, Vermont. The facility has been without a functioning excavator since the old one broke down in January of 2021, significantly impacting efficiency of operations. The excavator will be used to sort materials received at the facility to reduce the amount of waste product sent to landfill locations. The excavator will also be used for containment activities, preventing or reducing contaminant runoff to the nearby state-protected watershed and wetland adjacent to the facility. These activities will bring the facility back into compliance with Vermont State Statutes, facilitate reuse of materials such as yard debris, and perform sorting of recyclable materials. Additional funding for this project will come from the districts capital improvement funds and operational budget as an applicant contribution.",69520,1
2022,Vermont,Rutland,At-Large,Community Facilities,Grant (CF),05701,Not Persistent Poverty Community,RUTLAND ECONOMIC DEVELOPMENT CORPORATION,FY 22 EQUIPMENT PURCHASE,Grant Funds,Rutland,Not Applicable,CF GRANTS,"Professional, Scientific, and Technical Services",50021,541710,"RESEARCH AND DEVELOPMENT IN THE PHYSICAL, ENGINEERING, AND LIFE SCIENCES",Commercial,Detailed Project Description Not Available,50000,1
2022,Vermont,Rutland,At-Large,Multifamily Housing,Rental Assistance (MFH),Zip Code Withheld,Not Persistent Poverty Community,Name Withheld,ALFRED COURT APTS,Grant Funds,City Name Withheld,Not Applicable,RENEWAL / REPLACEMENT -FAMILY,Real Estate and Rental and Leasing,50021,NA,Not Available,Residential,Detailed Project Description Not Available,87354,1
2022,Vermont,Rutland,At-Large,Multifamily Housing,Rental Assistance (MFH),Zip Code Withheld,Not Persistent Poverty Community,Name Withheld,KAZON BUILDING C/O HOUSING TRUST OF RUTLAND COUNTY,Grant Funds,City Name Withheld,Not Applicable,RENEWAL / REPLACEMENT -FAMILY,Real Estate and Rental and Leasing,50021,NA,Not Available,Residential,Detailed Project Description Not Available,11016,1
2022,Vermont,Rutland,At-Large,Multifamily Housing,Rental Assistance (MFH),Zip Code Withheld,Not Persistent Poverty Community,Name Withheld,THAYER BTS HSG LP C/O HOUSING TRUST OF RUTLAND COUNTY,Grant Funds,City Name Withheld,Not Applicable,RENEWAL / REPLACEMENT -FAMILY,Real Estate and Rental and Leasing,50021,NA,Not Available,Residential,Detailed Project Description Not Available,265100,1
2022,Vermont,Rutland,At-Large,Multifamily Housing,Rental Assistance (MFH),Zip Code Withheld,Not Persistent Poverty Community,Name Withheld,UNION & BARLOWFAM HSG C/O HSG TRST OF RUTLAND COUNTY,Grant Funds,City Name Withheld,Not Applicable,RENEWAL / REPLACEMENT -FAMILY,Real Estate and Rental and Leasing,50021,NA,Not Available,Residential,Detailed Project Description Not Available,136788,1
2022,Vermont,Rutland,At-Large,Multifamily Housing,Rental Assistance (MFH),Zip Code Withheld,Not Persistent Poverty Community,Name Withheld,WALLINGFORD HOUSE,Grant Funds,City Name Withheld,Not Applicable,RENEWAL  / REPLACEMENT - ELDERLY,Real Estate and Rental and Leasing,50021,NA,Not Available,Residential,Detailed Project Description Not Available,131457,1
2022,Vermont,Rutland,At-Large,Single Family Housing,Direct Loan (SFH),Zip Code Withheld,Not Persistent Poverty Community,Name Withheld,NOT AVAILABLE,Loan Funds - Direct,City Name Withheld,Not Applicable,502 HARDSHIP & HOMELESS VERY LOW INCOME,Real Estate and Rental and Leasing,50021,NA,Not Available,Residential,Detailed Project Description Not Available,122000,1
2022,Vermont,Rutland,At-Large,Single Family Housing,Direct Loan (SFH),Zip Code Withheld,Not Persistent Poverty Community,Name Withheld,NOT AVAILABLE,Loan Funds - Direct,City Name Withheld,Not Applicable,502 LOAN - GENERAL INTEREST SUBSIDY LOW & OTHER INCOME,Real Estate and Rental and Leasing,50021,NA,Not Available,Residential,Detailed Project Description Not Available,162000,1
2022,Vermont,Rutland,At-Large,Single Family Housing,Direct Loan (SFH),Zip Code Withheld,Not Persistent Poverty Community,Name Withheld,NOT AVAILABLE,Loan Funds - Direct,City Name Withheld,Not Applicable,502 LOAN - GENERAL INTEREST SUBSIDY VERY LOW INCOME,Real Estate and Rental and Leasing,50021,NA,Not Available,Residential,Detailed Project Description Not Available,72000,1
2022,Vermont,Rutland,At-Large,Single Family Housing,Guaranteed Loan (SFH),Zip Code Withheld,Not Persistent Poverty Community,Name Withheld,NOT AVAILABLE,Loan Funds - Guaranteed,City Name Withheld,COMMUNITY BANK NA,SEC 502 GUARANTEED SINGLE FAMILY HOUSING PURCHASE LOANS - WITH ANNUAL FEES ASSIGNED,Real Estate and Rental and Leasing,50021,NA,Not Available,Residential,Detailed Project Description Not Available,150505,1
2022,Vermont,Rutland,At-Large,Single Family Housing,Guaranteed Loan (SFH),Zip Code Withheld,Not Persistent Poverty Community,Name Withheld,NOT AVAILABLE,Loan Funds - Guaranteed,City Name Withheld,EVERETT FINANCIAL INC.,SEC 502 GUARANTEED SINGLE FAMILY HOUSING PURCHASE LOANS - WITH ANNUAL FEES ASSIGNED,Real Estate and Rental and Leasing,50021,NA,Not Available,Residential,Detailed Project Description Not Available,212121,1
2022,Vermont,Rutland,At-Large,Single Family Housing,Guaranteed Loan (SFH),Zip Code Withheld,Not Persistent Poverty Community,Name Withheld,NOT AVAILABLE,Loan Funds - Guaranteed,City Name Withheld,NATIONAL BANK OF MIDDLEBURY,SEC 502 GUARANTEED SINGLE FAMILY HOUSING PURCHASE LOANS - WITH ANNUAL FEES ASSIGNED,Real Estate and Rental and Leasing,50021,NA,Not Available,Residential,Detailed Project Description Not Available,217171,1
2022,Vermont,Rutland,At-Large,Single Family Housing,Guaranteed Loan (SFH),Zip Code Withheld,Not Persistent Poverty Community,Name Withheld,NOT AVAILABLE,Loan Funds - Guaranteed,City Name Withheld,NEIGHBORS BANK,SEC 502 GUARANTEED SINGLE FAMILY HOUSING PURCHASE LOANS - WITH ANNUAL FEES ASSIGNED,Real Estate and Rental and Leasing,50021,NA,Not Available,Residential,Detailed Project Description Not Available,164646,1
2022,Vermont,Rutland,At-Large,Single Family Housing,Guaranteed Loan (SFH),Zip Code Withheld,Not Persistent Poverty Community,Name Withheld,NOT AVAILABLE,Loan Funds - Guaranteed,City Name Withheld,PEOPLES UNITED BANK,SEC 502 GUARANTEED SINGLE FAMILY HOUSING PURCHASE LOANS - WITH ANNUAL FEES ASSIGNED,Real Estate and Rental and Leasing,50021,NA,Not Available,Residential,Detailed Project Description Not Available,361075,2
2022,Vermont,Rutland,At-Large,Single Family Housing,Guaranteed Loan (SFH),Zip Code Withheld,Not Persistent Poverty Community,Name Withheld,NOT AVAILABLE,Loan Funds - Guaranteed,City Name Withheld,VERMONT FEDERAL CREDIT UNION,SEC 502 GUARANTEED SINGLE FAMILY HOUSING PURCHASE LOANS - WITH ANNUAL FEES ASSIGNED,Real Estate and Rental and Leasing,50021,NA,Not Available,Residential,Detailed Project Description Not Available,133333,1
2022,Vermont,Rutland,At-Large,Single Family Housing,Repair Grant (SFH),Zip Code Withheld,Not Persistent Poverty Community,Name Withheld,NOT AVAILABLE,Grant Funds,City Name Withheld,Not Applicable,504 COMBINATION LOAN & GRANT,Real Estate and Rental and Leasing,50021,NA,Not Available,Residential,Detailed Project Description Not Available,4487,1
2022,Vermont,Rutland,At-Large,Single Family Housing,Repair Grant (SFH),Zip Code Withheld,Not Persistent Poverty Community,Name Withheld,NOT AVAILABLE,Grant Funds,City Name Withheld,Not Applicable,504 GRANT,Real Estate and Rental and Leasing,50021,NA,Not Available,Residential,Detailed Project Description Not Available,29464,3
2022,Vermont,Rutland,At-Large,Single Family Housing,Repair Loan (SFH),Zip Code Withheld,Not Persistent Poverty Community,Name Withheld,NOT AVAILABLE,Loan Funds - Direct,City Name Withheld,Not Applicable,504 COMBINATION LOAN & GRANT,Real Estate and Rental and Leasing,50021,NA,Not Available,Residential,Detailed Project Description Not Available,4488,1
2022,Vermont,Rutland,At-Large,Water and Environmental,Solid Waste Management Grant (WEP),05701,Not Persistent Poverty Community,Rutland County Solid Waste District,SWM FY 22,Grant Funds,Rutland,Not Applicable,(WWA PROGRAM AREA) SOLID WASTE GRANT,Utilities,50021,NA,Not Available,Commercial,"This Rural Development investment will be used to increase recycling and composting using outreach and educational community engagements. This project will align the knowledge base within 12 rural communities in central Vermont with the new laws and innovative tools where proficiency is needed to be efficient and successful when managing solid waste. Rutland County Solid Waste will conduct pre-training research using surveys, hold trainings within each community, analyze the current state of solid waste operation and provide technical assistance to better manage these operations, distribute while educating stakeholders in intuitive composting and recycling supplies, and create a digital solid waste management campaign that can be utilized and replicated.",30875,1
2022,Vermont,Washington,At-Large,Business Programs,Rural Business Development Grant (RBDG),05602,Not Persistent Poverty Community,CENTRAL VT REGIONAL PLANNING COMMISSION,DEVELOPMENT ASSISTANCE -FY22,Grant Funds,Montpelier,Not Applicable,RBCS ENTERPRISE GRANTS,Public Administration,50023,926110,ADMINISTRATION OF GENERAL ECONOMIC PROGRAMS,Commercial,"This Rural Development investment will be used to provide business-development assistance to the Winooski Valley Co-operative Market, d.b.a. Plainfield Co-operative in Plainfield, Vermont. This will fund a feasibility study that will inform a decision and develop an action plan for either renovation and expansion of the existing location, or relocation of the Plainfield Co-op to a more visible and larger location. Project includes $3,000 applicant cash and anticipates creating 14 full-time positions and retaining 27 full-time positions.",29931,1
2022,Vermont,Washington,At-Large,Business Programs,Rural Business Development Grant (RBDG),05641,Not Persistent Poverty Community,"VERMONT ATV SPORTSMAN ASSOCIATION, INC.",ALL TERRAIN VEHICLE PROJ FY22,Grant Funds,Barre,Not Applicable,RBCS ENTERPRISE REAP ZONE GRANTS,Construction,50023,237990,OTHER HEAVY AND CIVIL ENGINEERING CONSTRUCTION,Commercial,"This Rural Development investment will be used to provide help in the funding of a track truck for ongoing trail maintenance and grooming activities specifically in the Northeast Kingdoms on its 430 miles of ATV trails. This equipment will be used to improve trail conditions, trail safety and accessibility with the intent of increasing the number of ATV trail users bringing in more business for the restaurants, bed and breakfasts, and stores in the Northeast Kingdom. This project will create 7 and save 69 jobs in the area.",94000,1
2022,Vermont,Washington,At-Large,Business Programs,Rural Business Development Grant (RBDG),05650,Not Persistent Poverty Community,EAST CALAIS COMMUNITY TRUST,EAST CALAIS GENERAL STORE FY22,Grant Funds,East Calais,Not Applicable,RBCS ENTERPRISE GRANTS,Public Administration,50023,925120,ADMINISTRATION OF URBAN PLANNING AND COMMUNITY AND RURAL DEVELOPMENT,Commercial,"This Rural Development investment will be used to help equip the East Calais General Store, a small, emerging business, with the materials and labor needed to establish a kitchen for a cafe/deli as part of a general store. The components and equipment covered by the grant will be included in the lease charged to the store owner. The grant will reduce the amount of rent that East Calais Community Trust needs to charge the store owner in order to make the enterprise financially viable and sustainable. The lower rent means that the store owner will be able to afford debt needed for start-up expenses, equipment, and inventory.",29931,1
2022,Vermont,Washington,At-Large,Business Programs,Rural Microentrepreneur Assistance Program (RMAP),05601,Not Persistent Poverty Community,CENTRAL V ECONOMIC DEVELOPMENT CORP,RMAP ANNUAL GRANT_FY22,Grant Funds,Montpelier,Not Applicable,DISCRETION RURAL MICROPENTERPR DEV ORG,Public Administration,50023,926110,ADMINISTRATION OF GENERAL ECONOMIC PROGRAMS,Commercial,"This Rural Development investment will be used to provide business-based technical assistance and training to microentrepreneurs who are seeking or may seek a microloan through the Rural Microentrepreneur Assistance Program. Technical assistance includes market research, product and/or service improvements, feasibility studies, etc. This project will assist five small businesses.",8076,1
2022,Vermont,Washington,At-Large,Business Programs,Rural Microentrepreneur Assistance Program (RMAP),05602,Not Persistent Poverty Community,VERMONT COMMUNITY LOAN FUND,"FY22RMAP ANNUAL GRANT $1,693",Grant Funds,Montpelier,Not Applicable,DISCRETION RURAL MICROPENTERPR DEV ORG,Finance and Insurance,50023,522298,ALL OTHER NONDEPOSITORY CREDIT INTERMEDIATION,Commercial,"This Rural Development investment will be used to provide business-based technical assistance and training to microentrepreneurs who are seeking or may seek a microloan through the Rural Microentrepreneur Assistance Program.Technical assistance includes market research, product and/or service improvements, feasibility studies, etc. This project will assist two small businesses.",1693,1
2022,Vermont,Washington,At-Large,Business Programs,Rural Microentrepreneur Assistance Program (RMAP),05641,Not Persistent Poverty Community,COMMUNITY CAPITAL OF VERMONT,"FY22_ANNUAL RMAP GRANT_$30,738",Grant Funds,Barre,Not Applicable,DISCRETION RURAL MICROPENTERPR DEV ORG,Public Administration,50023,926110,ADMINISTRATION OF GENERAL ECONOMIC PROGRAMS,Commercial,"This Rural Development investment will be used to provide business-based technical assistance and training to microentrepreneurs who are seeking or may seek a microloan through the Rural Microentrepreneur Assistance Program. Technical assistance includes market research, product and/or service improvements, feasibility studies, etc. This project is expected to assist 10 small businesses.",30738,1
2022,Vermont,Washington,At-Large,Community Facilities,Community Development Grant (CF),05602,Not Persistent Poverty Community,VERMONT PROGRAM FOR QUALITY IN HEALTH CARE,FY22 RDCI VERMONT PROGRAM FOR,Grant Funds,Montpelier,Not Applicable,RCDI RURAL COMMUNITY DEVELOPMENT INITIATIVE GRANT,Other or Not Defined,50023,9,RCDI - TECHNICAL ASSISTANCE CF,Commercial,This Rural Development investment will be used to develop the capacity of Vermont Program for Quality in Health Care. Equal Access to Broadband (EAB) will undertake a community and economic development project that addresses COVID economic recovery through improved broadband access for the beneficiary rural communities of Vermont. The capacity-building initiatives fall into two categories of technical assistance: Program Development and Operational Development.,55461,1
2022,Vermont,Washington,At-Large,Community Facilities,Direct Loan (CF),05641,Not Persistent Poverty Community,"MONTESSORI SCHOOL OF CENTRAL VERMONT, INC.",FY 22 BUILDING ADDITION,Loan Funds - Direct,Barre,Not Applicable,COMMUNITY FACILITY (DIRECT AND GUARANTEED LOANS),Other or Not Defined,50023,9992,OTHER -  CULTURAL & EDUCATIONAL RELATED SERVICES,Commercial,Detailed Project Description Not Available,2379000,1
2022,Vermont,Washington,At-Large,Community Facilities,Technical Assistance and Training Grant (CF),05602,Not Persistent Poverty Community,VERMONT HOUSING & CONSERVATION BOARD,FY 22 CF TAT,Grant Funds,Montpelier,Not Applicable,CF TAT GRANT (SECTION 6006),Other or Not Defined,50023,6,Not Available,Commercial,"This Rural Development investment will be used to grow the Vermont Housing and Conservations Boards Rural Economic Development initiative (REDI), which catalyzes transformational projects in Vermonts small, rural communities. REDI supports the development, operation, and growth of essential community facilities by providing grant writing and technical assistance directly. This support allows communities to accomplish critical development projects and improve quality of life.",150000,1
2022,Vermont,Washington,At-Large,Multifamily Housing,Rental Assistance (MFH),Zip Code Withheld,Not Persistent Poverty Community,Name Withheld,58 BARRE ST HSG,Grant Funds,City Name Withheld,Not Applicable,RENEWAL  / REPLACEMENT - ELDERLY,Real Estate and Rental and Leasing,50023,NA,Not Available,Residential,Detailed Project Description Not Available,77594,1
2022,Vermont,Washington,At-Large,Multifamily Housing,Rental Assistance (MFH),Zip Code Withheld,Not Persistent Poverty Community,Name Withheld,DOGWOOD GLEN I,Grant Funds,City Name Withheld,Not Applicable,RENEWAL / REPLACEMENT -FAMILY,Real Estate and Rental and Leasing,50023,NA,Not Available,Residential,Detailed Project Description Not Available,178809,1
2022,Vermont,Washington,At-Large,Multifamily Housing,Rental Assistance (MFH),Zip Code Withheld,Not Persistent Poverty Community,Name Withheld,EVERGREEN PLACE C/O DOWNSTREET HSG 22 KEITH AVE,Grant Funds,City Name Withheld,Not Applicable,RENEWAL  / REPLACEMENT - ELDERLY,Real Estate and Rental and Leasing,50023,NA,Not Available,Residential,Detailed Project Description Not Available,105023,1
2022,Vermont,Washington,At-Large,Multifamily Housing,Rental Assistance (MFH),Zip Code Withheld,Not Persistent Poverty Community,Name Withheld,FAIRGROUND APTS HOUSING FOUNDATION,Grant Funds,City Name Withheld,Not Applicable,RENEWAL  / REPLACEMENT - ELDERLY,Real Estate and Rental and Leasing,50023,NA,Not Available,Residential,Detailed Project Description Not Available,91907,1
2022,Vermont,Washington,At-Large,Multifamily Housing,Rental Assistance (MFH),Zip Code Withheld,Not Persistent Poverty Community,Name Withheld,GREEN MOUNTAIN APTS,Grant Funds,City Name Withheld,Not Applicable,RENEWAL  / REPLACEMENT - ELDERLY,Real Estate and Rental and Leasing,50023,NA,Not Available,Residential,Detailed Project Description Not Available,169747,2
2022,Vermont,Washington,At-Large,Multifamily Housing,Rental Assistance (MFH),Zip Code Withheld,Not Persistent Poverty Community,Name Withheld,HILLTOP TOWN HOUSES,Grant Funds,City Name Withheld,Not Applicable,RENEWAL / REPLACEMENT -FAMILY,Real Estate and Rental and Leasing,50023,NA,Not Available,Residential,Detailed Project Description Not Available,300590,1
2022,Vermont,Washington,At-Large,Multifamily Housing,Rental Assistance (MFH),Zip Code Withheld,Not Persistent Poverty Community,Name Withheld,PROSPECT PLACE MONTPELIER HOUSING AUTHORITY,Grant Funds,City Name Withheld,Not Applicable,RENEWAL  / REPLACEMENT - ELDERLY,Real Estate and Rental and Leasing,50023,NA,Not Available,Residential,Detailed Project Description Not Available,137528,1
2022,Vermont,Washington,At-Large,Single Family Housing,Direct Loan (SFH),Zip Code Withheld,Not Persistent Poverty Community,Name Withheld,NOT AVAILABLE,Loan Funds - Direct,City Name Withheld,Not Applicable,502 LOAN - ARP MULTI-YEAR,Real Estate and Rental and Leasing,50023,NA,Not Available,Residential,Detailed Project Description Not Available,264500,2
2022,Vermont,Washington,At-Large,Single Family Housing,Direct Loan (SFH),Zip Code Withheld,Not Persistent Poverty Community,Name Withheld,NOT AVAILABLE,Loan Funds - Direct,City Name Withheld,Not Applicable,502 LOAN - GENERAL INTEREST SUBSIDY LOW & OTHER INCOME,Real Estate and Rental and Leasing,50023,NA,Not Available,Residential,Detailed Project Description Not Available,157000,1
2022,Vermont,Washington,At-Large,Single Family Housing,Direct Loan (SFH),Zip Code Withheld,Not Persistent Poverty Community,Name Withheld,NOT AVAILABLE,Loan Funds - Direct,City Name Withheld,Not Applicable,502 LOAN - GENERAL INTEREST SUBSIDY VERY LOW INCOME,Real Estate and Rental and Leasing,50023,NA,Not Available,Residential,Detailed Project Description Not Available,299000,2
2022,Vermont,Washington,At-Large,Single Family Housing,Guaranteed Loan (SFH),Zip Code Withheld,Not Persistent Poverty Community,Name Withheld,NOT AVAILABLE,Loan Funds - Guaranteed,City Name Withheld,ACADEMY MORTGAGE CORPORATION,SEC 502 GUARANTEED SINGLE FAMILY HOUSING PURCHASE LOANS - WITH ANNUAL FEES ASSIGNED,Real Estate and Rental and Leasing,50023,NA,Not Available,Residential,Detailed Project Description Not Available,227272,1
2022,Vermont,Washington,At-Large,Single Family Housing,Guaranteed Loan (SFH),Zip Code Withheld,Not Persistent Poverty Community,Name Withheld,NOT AVAILABLE,Loan Funds - Guaranteed,City Name Withheld,"CARDINAL FINANCIAL COMPANY, LP",SEC 502 GUARANTEED SINGLE FAMILY HOUSING PURCHASE LOANS - WITH ANNUAL FEES ASSIGNED,Real Estate and Rental and Leasing,50023,NA,Not Available,Residential,Detailed Project Description Not Available,249494,1
2022,Vermont,Washington,At-Large,Single Family Housing,Guaranteed Loan (SFH),Zip Code Withheld,Not Persistent Poverty Community,Name Withheld,NOT AVAILABLE,Loan Funds - Guaranteed,City Name Withheld,FAIRWAY INDEPENDENT MORTGAGE CORPORATION,SEC 502 GUARANTEED SINGLE FAMILY HOUSING PURCHASE LOANS - WITH ANNUAL FEES ASSIGNED,Real Estate and Rental and Leasing,50023,NA,Not Available,Residential,Detailed Project Description Not Available,165151,1
2022,Vermont,Washington,At-Large,Single Family Housing,Guaranteed Loan (SFH),Zip Code Withheld,Not Persistent Poverty Community,Name Withheld,NOT AVAILABLE,Loan Funds - Guaranteed,City Name Withheld,NORTHFIELD SAVINGS BANK,SEC 502 GUARANTEED SINGLE FAMILY HOUSING PURCHASE LOANS - WITH ANNUAL FEES ASSIGNED,Real Estate and Rental and Leasing,50023,NA,Not Available,Residential,Detailed Project Description Not Available,221211,1
2022,Vermont,Washington,At-Large,Single Family Housing,Guaranteed Loan (SFH),Zip Code Withheld,Not Persistent Poverty Community,Name Withheld,NOT AVAILABLE,Loan Funds - Guaranteed,City Name Withheld,"PARAMOUNT RESIDENTIAL MORTGAGE GROUP,INC",SEC 502 GUARANTEED SINGLE FAMILY HOUSING PURCHASE LOANS - WITH ANNUAL FEES ASSIGNED,Real Estate and Rental and Leasing,50023,NA,Not Available,Residential,Detailed Project Description Not Available,186868,1
2022,Vermont,Washington,At-Large,Single Family Housing,Guaranteed Loan (SFH),Zip Code Withheld,Not Persistent Poverty Community,Name Withheld,NOT AVAILABLE,Loan Funds - Guaranteed,City Name Withheld,UNION BANK,SEC 502 GUARANTEED SINGLE FAMILY HOUSING PURCHASE LOANS - WITH ANNUAL FEES ASSIGNED,Real Estate and Rental and Leasing,50023,NA,Not Available,Residential,Detailed Project Description Not Available,702357,3
2022,Vermont,Washington,At-Large,Single Family Housing,Repair Grant (SFH),Zip Code Withheld,Not Persistent Poverty Community,Name Withheld,NOT AVAILABLE,Grant Funds,City Name Withheld,Not Applicable,504 COMBINATION LOAN & GRANT,Real Estate and Rental and Leasing,50023,NA,Not Available,Residential,Detailed Project Description Not Available,18200,3
2022,Vermont,Washington,At-Large,Single Family Housing,Repair Grant (SFH),Zip Code Withheld,Not Persistent Poverty Community,Name Withheld,NOT AVAILABLE,Grant Funds,City Name Withheld,Not Applicable,504 GRANT,Real Estate and Rental and Leasing,50023,NA,Not Available,Residential,Detailed Project Description Not Available,35100,6
2022,Vermont,Washington,At-Large,Single Family Housing,Repair Loan (SFH),Zip Code Withheld,Not Persistent Poverty Community,Name Withheld,NOT AVAILABLE,Loan Funds - Direct,City Name Withheld,Not Applicable,504 COMBINATION LOAN & GRANT,Real Estate and Rental and Leasing,50023,NA,Not Available,Residential,Detailed Project Description Not Available,15699,3
2022,Vermont,Washington,At-Large,Single Family Housing,Repair Loan (SFH),Zip Code Withheld,Not Persistent Poverty Community,Name Withheld,NOT AVAILABLE,Loan Funds - Direct,City Name Withheld,Not Applicable,504 LOAN,Real Estate and Rental and Leasing,50023,NA,Not Available,Residential,Detailed Project Description Not Available,14799,2
2022,Vermont,Washington,At-Large,Water and Environmental,Direct Loan (WEP),05602,Not Persistent Poverty Community,"Montpelier, City of",FY22 WRRF Improvements And Stormwater Combo Project,Loan Funds - Direct,Montpelier,Not Applicable,(LOAN ONLY) WASTE DISPOSAL ONLY,Utilities,50023,NA,Not Available,Commercial,Detailed Project Description Not Available,5990000,1
2022,Vermont,Washington,At-Large,Water and Environmental,Direct Loan and Grant (WEP),05602,Not Persistent Poverty Community,"Montpelier, City of",FY22 WRRF Improvements And Stormwater Combo Project,Grant Funds,Montpelier,Not Applicable,(COMB LOAN & GRANT) WASTE DISPOSAL ONLY,Utilities,50023,NA,Not Available,Commercial,Detailed Project Description Not Available,3521000,1
2022,Vermont,Washington,At-Large,Water and Environmental,Direct Loan and Grant (WEP),05602,Not Persistent Poverty Community,"Montpelier, City of",FY22 WRRF Improvements And Stormwater Combo Project,Loan Funds - Direct,Montpelier,Not Applicable,(COMB LOAN & GRANT) WASTE DISPOSAL ONLY,Utilities,50023,NA,Not Available,Commercial,Detailed Project Description Not Available,9999000,1
2022,Vermont,Windham,At-Large,Business Programs,Advanced Biofuel Payment Program,05159,Not Persistent Poverty Community,WESTMINSTER ENERGY GROUP LLC,NOT AVAILABLE,Grant Funds,Westminster Station,Not Applicable,GRANT FOR PROD OF ADV BIOFUEL,Other or Not Defined,50025,NA,Not Available,Commercial,Detailed Project Description Not Available,152,4
2022,Vermont,Windham,At-Large,Business Programs,Rural Energy for America Program (REAP),05301,Not Persistent Poverty Community,HIGH STREET AND GREEN LLC,FY22 RES 54.5KW SOLAR ARRAY,Grant Funds,Brattleboro,Not Applicable,REAP-MANDATORY RENEW ENERGY SYST GRANTS,Real Estate and Rental and Leasing,50025,531120,LESSORS OF NONRESIDENTIAL BUILDINGS (EXCEPT MINIWAREHOUSES),Commercial,"This Rural Development investment will be used to install a 54.5 kilowatt (kW) roof-mounted solar array on a historic commercial building in Brattleboro. The prominent brick structure on the corner of High and Green Streets is home to a variety of small businesses. The solar array will produce 112 percent of the current electrical usage, saving the owner over $11,000 annually.",23270,1
2022,Vermont,Windham,At-Large,Business Programs,Rural Energy for America Program (REAP),05346,Not Persistent Poverty Community,VT-NH VETERINARY CLINIC INC.,FY22 RES 20.7KW SOLAR ARRAY,Grant Funds,East Dummerston,Not Applicable,"MAND. RENEW ENERFY SYSTEMS GRANTS UNDER $20,000","Professional, Scientific, and Technical Services",50025,541940,VETERINARY SERVICES,Commercial,"This Rural Development investment will be used to purchase and install a 20.7 kW roof mounted solar array. Originally founded in 1952, the Vermont-New Hampshire Veterinary Clinic is a well-established small animal and equine practice. The system will replace 76 percent of the annual energy usage at the clinic, saving over $4,200 per year. The purpose of this funding program is to assist farmers, ranchers, and rural small businesses in developing renewable energy systems, and in making energy-efficiency improvements to their operations.",16378,1
2022,Vermont,Windham,At-Large,Business Programs,Rural Energy for America Program (REAP),05353,Not Persistent Poverty Community,"BIG PICTURE FARM, LLC",FY22 RES 32.7KW SOLAR ARRAY,Grant Funds,Townshend,Not Applicable,"MAND. RENEW ENERFY SYSTEMS GRANTS UNDER $20,000","Agriculture, Forestry, Fishing and Hunting",50025,112420,GOAT FARMING,Commercial,"This Rural Development investment will be used to purchase and install a 32.7 kW roof mounted solar array. Big Picture Farm is a goat dairy in Southern Vermont that produces award-winning farmstead confections and cheeses with the milk from its herd of 40 goats. The system will replace 98 percent of the annual energy usage at the farm, saving over $7,700 per year. The purpose of this funding program is to assist farmers, ranchers, and rural small businesses in developing renewable energy systems, and in making energy-efficiency improvements to their operations.",18039,1
2022,Vermont,Windham,At-Large,Business Programs,Rural Microentrepreneur Assistance Program (RMAP),05301,Not Persistent Poverty Community,BRATTLEBORO DEVELOPMENT CREDIT CORP,"FY22_RMAP ANNUAL GRANT $13,329",Grant Funds,Brattleboro,Not Applicable,DISCRETION RURAL MICROPENTERPR DEV ORG,Public Administration,50025,926110,ADMINISTRATION OF GENERAL ECONOMIC PROGRAMS,Commercial,"This Rural Development investment will be used to provide business-based technical assistance and training to microentrepreneurs who are seeking or may seek a microloan through the Rural Microentrepreneur Assistance Program. Technical assistance includes market research, product and/or service improvements, feasibility studies, etc. This project is expected to assist five small businesses.",13329,1
2022,Vermont,Windham,At-Large,Community Facilities,Community Development Grant (CF),05301,Not Persistent Poverty Community,BRATTLEBORO DEVELOPMENT CREDIT CORPORATION,FY 22 RCDI BDCC,Grant Funds,Brattleboro,Not Applicable,RCDI RURAL COMMUNITY DEVELOPMENT INITIATIVE GRANT,Other or Not Defined,50025,9,RCDI - TECHNICAL ASSISTANCE CF,Commercial,Detailed Project Description Not Available,250000,1
2022,Vermont,Windham,At-Large,Community Facilities,Emergency Health Care Grant (CF),05301,Not Persistent Poverty Community,"BRATTLEBORO MEMORIAL HOSPITAL, INC",FY22 EMERGENCY RURAL HEALTH CA,Grant Funds,Brattleboro,Not Applicable,CF ARP EMERGENCY RURAL HEALTH CARE GRANTS - TRACK 1 & 2,Health Care and Social Assistance,50025,62211,GENERAL MEDICAL AND SURGICAL HOSPITALS,Commercial,"This Rural Development investment will be used to purchase equipment to allow the hospital to provide cutting edge and efficient care to patients in the age of COVID-19 and possible future pandemics. Equipment purchases from this grant will include a clinical communication and collaboration platform, an upgraded phone system, portable diagnostic and treatment equipment, portable beds and stretchers, lifts, smart beds, and cutting-edge diagnostic and treatment technologies. Like many hospitals, Brattleboro Memorial had to shift gears during the pandemic, providing treatment and testing and later immunization for COVID, while having to shut down many elective procedures that often provide a steady source of revenue. They also needed to adapt to new ways of providing care, such as expanded telemedicine services and greater distancing. The hospital has developed a comprehensive plan to update equipment throughout the hospital with these concerns in mind. More technologically advanced equipment will support telemedicine and shorten time required for treatments, requiring less close contact without sacrificing interaction with patients. Additionally, acquiring more portable equipment and lifts to assist in moving patients and equipment will mean patients have to move around the hospital less, can be quickly isolated and still receive treatment in place, and can be moved and monitored with less physical contact from providers, reducing risk of infection for both patients and providers. The remainder of the project will be funded by applicant contribution.",637600,1
2022,Vermont,Windham,At-Large,Community Facilities,Grant (CF),05301,Not Persistent Poverty Community,WINDHAM SOLID WASTE MANAGEMENT DISTRICT,FY 22 COMPOSTING FACILITY EXPA,Grant Funds,Brattleboro,Not Applicable,CF GRANTS,Other or Not Defined,50025,9999,OTHER,Commercial,Detailed Project Description Not Available,150000,1
2022,Vermont,Windham,At-Large,Multifamily Housing,Rental Assistance (MFH),Zip Code Withheld,Not Persistent Poverty Community,Name Withheld,ADAIR HEIGHTS THM INC,Grant Funds,City Name Withheld,Not Applicable,RENEWAL / REPLACEMENT -FAMILY,Real Estate and Rental and Leasing,50025,NA,Not Available,Residential,Detailed Project Description Not Available,68999,1
2022,Vermont,Windham,At-Large,Multifamily Housing,Rental Assistance (MFH),Zip Code Withheld,Not Persistent Poverty Community,Name Withheld,BELLOWS FALLS FAMILY HOUSING,Grant Funds,City Name Withheld,Not Applicable,RENEWAL / REPLACEMENT -FAMILY,Real Estate and Rental and Leasing,50025,NA,Not Available,Residential,Detailed Project Description Not Available,37106,1
2022,Vermont,Windham,At-Large,Multifamily Housing,Rental Assistance (MFH),Zip Code Withheld,Not Persistent Poverty Community,Name Withheld,BUTTERFIELD HOUSING LIMITED PARTNERSHIP,Grant Funds,City Name Withheld,Not Applicable,RENEWAL  / REPLACEMENT - ELDERLY,Real Estate and Rental and Leasing,50025,NA,Not Available,Residential,Detailed Project Description Not Available,179520,1
2022,Vermont,Windham,At-Large,Multifamily Housing,Rental Assistance (MFH),Zip Code Withheld,Not Persistent Poverty Community,Name Withheld,GREEN MOUNTAIN APTS,Grant Funds,City Name Withheld,Not Applicable,RENEWAL / REPLACEMENT -FAMILY,Real Estate and Rental and Leasing,50025,NA,Not Available,Residential,Detailed Project Description Not Available,473296,1
2022,Vermont,Windham,At-Large,Multifamily Housing,Rental Assistance (MFH),Zip Code Withheld,Not Persistent Poverty Community,Name Withheld,PUTNEY MEADOWS APTS REALTY RESOURCE,Grant Funds,City Name Withheld,Not Applicable,RENEWAL  / REPLACEMENT - ELDERLY,Real Estate and Rental and Leasing,50025,NA,Not Available,Residential,Detailed Project Description Not Available,197007,1
2022,Vermont,Windham,At-Large,Multifamily Housing,Rental Assistance (MFH),Zip Code Withheld,Not Persistent Poverty Community,Name Withheld,"SHUMLIN, PETER",Grant Funds,City Name Withheld,Not Applicable,MFH REVITALIZATION - TENANT VOUCHERS,Real Estate and Rental and Leasing,50025,NA,Not Available,Residential,Detailed Project Description Not Available,3299,1
2022,Vermont,Windham,At-Large,Multifamily Housing,Rental Assistance (MFH),Zip Code Withheld,Not Persistent Poverty Community,Name Withheld,VERNON BIRCHES VERNON ADVENT CHRISTIAN HOME INC,Grant Funds,City Name Withheld,Not Applicable,RENEWAL  / REPLACEMENT - ELDERLY,Real Estate and Rental and Leasing,50025,NA,Not Available,Residential,Detailed Project Description Not Available,63694,1
2022,Vermont,Windham,At-Large,Single Family Housing,Direct Loan (SFH),Zip Code Withheld,Not Persistent Poverty Community,Name Withheld,NOT AVAILABLE,Loan Funds - Direct,City Name Withheld,Not Applicable,502 HARDSHIP & HOMELESS VERY LOW INCOME,Real Estate and Rental and Leasing,50025,NA,Not Available,Residential,Detailed Project Description Not Available,114500,1
2022,Vermont,Windham,At-Large,Single Family Housing,Direct Loan (SFH),Zip Code Withheld,Not Persistent Poverty Community,Name Withheld,NOT AVAILABLE,Loan Funds - Direct,City Name Withheld,Not Applicable,502 LOAN - GENERAL INTEREST SUBSIDY LOW & OTHER INCOME,Real Estate and Rental and Leasing,50025,NA,Not Available,Residential,Detailed Project Description Not Available,1072500,5
2022,Vermont,Windham,At-Large,Single Family Housing,Direct Loan (SFH),Zip Code Withheld,Not Persistent Poverty Community,Name Withheld,NOT AVAILABLE,Loan Funds - Direct,City Name Withheld,Not Applicable,502 LOAN - GENERAL INTEREST SUBSIDY VERY LOW INCOME,Real Estate and Rental and Leasing,50025,NA,Not Available,Residential,Detailed Project Description Not Available,700000,5
2022,Vermont,Windham,At-Large,Single Family Housing,Guaranteed Loan (SFH),Zip Code Withheld,Not Persistent Poverty Community,Name Withheld,NOT AVAILABLE,Loan Funds - Guaranteed,City Name Withheld,BANK OF ENGLAND,SEC 502 GUARANTEED SINGLE FAMILY HOUSING PURCHASE LOANS - WITH ANNUAL FEES ASSIGNED,Real Estate and Rental and Leasing,50025,NA,Not Available,Residential,Detailed Project Description Not Available,161616,1
2022,Vermont,Windham,At-Large,Single Family Housing,Guaranteed Loan (SFH),Zip Code Withheld,Not Persistent Poverty Community,Name Withheld,NOT AVAILABLE,Loan Funds - Guaranteed,City Name Withheld,BRATTLEBORO SAVINGS & LOAN,SEC 502 GUARANTEED SINGLE FAMILY HOUSING PURCHASE LOANS - WITH ANNUAL FEES ASSIGNED,Real Estate and Rental and Leasing,50025,NA,Not Available,Residential,Detailed Project Description Not Available,202020,1
2022,Vermont,Windham,At-Large,Single Family Housing,Guaranteed Loan (SFH),Zip Code Withheld,Not Persistent Poverty Community,Name Withheld,NOT AVAILABLE,Loan Funds - Guaranteed,City Name Withheld,"MOVEMENT MORTGAGE, LLC",SEC 502 GUARANTEED SINGLE FAMILY HOUSING PURCHASE LOANS - WITH ANNUAL FEES ASSIGNED,Real Estate and Rental and Leasing,50025,NA,Not Available,Residential,Detailed Project Description Not Available,58585,1
2022,Vermont,Windham,At-Large,Single Family Housing,Repair Grant (SFH),Zip Code Withheld,Not Persistent Poverty Community,Name Withheld,NOT AVAILABLE,Grant Funds,City Name Withheld,Not Applicable,504 COMBINATION LOAN & GRANT,Real Estate and Rental and Leasing,50025,NA,Not Available,Residential,Detailed Project Description Not Available,6058,1
2022,Vermont,Windham,At-Large,Single Family Housing,Repair Grant (SFH),Zip Code Withheld,Not Persistent Poverty Community,Name Withheld,NOT AVAILABLE,Grant Funds,City Name Withheld,Not Applicable,504 GRANT,Real Estate and Rental and Leasing,50025,NA,Not Available,Residential,Detailed Project Description Not Available,6800,2
2022,Vermont,Windham,At-Large,Single Family Housing,Repair Loan (SFH),Zip Code Withheld,Not Persistent Poverty Community,Name Withheld,NOT AVAILABLE,Loan Funds - Direct,City Name Withheld,Not Applicable,504 COMBINATION LOAN & GRANT,Real Estate and Rental and Leasing,50025,NA,Not Available,Residential,Detailed Project Description Not Available,6059,1
2022,Vermont,Windsor,At-Large,Business Programs,Rural Energy for America Program (REAP),05034,Not Persistent Poverty Community,CHARLES SHACKLETON AND MIRANDA THOMAS LT,FY22 RES 45.6KW SOLAR ARRAY,Grant Funds,Bridgewater,Not Applicable,REAP-MANDATORY RENEW ENERGY SYST GRANTS,Manufacturing,50027,337122,NONUPHOLSTERED WOOD HOUSEHOLD FURNITURE MANUFACTURING,Commercial,"This Rural Development investment will be used to install a 45.6kW roof-mounted solar array on a historic mill building in Bridgewater, Vermont. Charles Shackleton and Miranda Thomas LTD have been manufacturing fine furniture at the location for many years. The solar array will replace 72 percent of the companys electricity needs, a savings of almost $10,000 annually. The purpose of this funding program is to assist farmers, ranchers, and rural small businesses in developing renewable energy systems, and in making energy-efficiency improvements to their operations.",27315,1
2022,Vermont,Windsor,At-Large,Community Facilities,Emergency Health Care Grant (CF),05001,Not Persistent Poverty Community,"UPPER VALLEY HAVEN, INC.",FY 22 EMERGENCY RURAL HEALTH C,Grant Funds,White River Junction,Not Applicable,CF ARP EMERGENCY RURAL HEALTH CARE GRANTS - TRACK 1 & 2,Other or Not Defined,50027,9993,OTHER HEALTH CARE RELATED SERVICES,Commercial,"This Rural Development investment will be used to purchase kitchen equipment and a new cargo van to support the food programs of Upper Valley Haven in White River Junction, Vermont. Equipment purchased will allow the Haven to upgrade its kitchen from a residential grade kitchen to a commercial-grade kitchen with increased food preparation and storage capacity. The van with a reefer unit will provide additional capacity to pick up supplies and deliver food, as the Haven currently borrows a minivan without refrigeration from the Childrens Program. Food insecurity increased dramatically during the pandemic, causing demand for The Havens services to spike as well. Along with increases in customers and food distributed at the Food Shelf, the Havens community food programs have experienced tremendous growth. The Haven more than doubled the number of programs served, and pounds of food distributed have nearly tripled. This includes a ""grab and go"" program for prepared food. Additional funding for this project comes from the Blue Trident Foundation and an individual donor.",60862,1
2022,Vermont,Windsor,At-Large,Community Facilities,Emergency Health Care Grant (CF),05156,Not Persistent Poverty Community,"SPRINGFIELD HOSPITAL, INC.",FY22 EMERGENCY RURAL HEALTH CA,Grant Funds,Springfield,Not Applicable,CF ARP EMERGENCY RURAL HEALTH CARE GRANTS - TRACK 1 & 2,Health Care and Social Assistance,50027,62211,GENERAL MEDICAL AND SURGICAL HOSPITALS,Commercial,"This Rural Development investment will be used to replace lost revenue for Springfield Hospital in Springfield. This project will provide immediate relief to address economic conditions arising from the COVID-19 pandemic by reimbursing the hospital for lost revenues, allowing them to maintain access to health care for rural populations in Vermont. With the onset of the pandemic, elective surgeries were put on hold and emergency department visits dropped dramatically. This led to decreased utilization of ancillary departments supporting those services, such as diagnostic imaging, lab, and pharmacy. Amid decreased revenues, the hospital continued providing care and became a hub for COVID-19 response by serving psychiatric patients suffering from the disease and providing testing and vaccination services. By offsetting some of these revenue losses, the hospital can recruit and retain staff, update facilities and services, and ensure that residents in Springfield and the surrounding area can continue to access quality health care close to home.",1000000,1
2022,Vermont,Windsor,At-Large,Community Facilities,Grant (CF),05156,Not Persistent Poverty Community,"SPRINGFIELD, TOWN OF",FY 22 LOADER PURCHASE,Grant Funds,Springfield,Not Applicable,CF GRANTS,Other or Not Defined,50027,9991,OTHER FIRE/RESCUE & PUBLIC SAFETY RELATED SERVICES,Commercial,Detailed Project Description Not Available,50000,1
2022,Vermont,Windsor,At-Large,Multifamily Housing,Rental Assistance (MFH),Zip Code Withheld,Not Persistent Poverty Community,Name Withheld,BLACK RIVER OVERLOOK C/O STEWART PROP MG,Grant Funds,City Name Withheld,Not Applicable,FAMILY RENEWAL 2022 - 2021/2022,Real Estate and Rental and Leasing,50027,NA,Not Available,Residential,Detailed Project Description Not Available,4173,1
2022,Vermont,Windsor,At-Large,Multifamily Housing,Rental Assistance (MFH),Zip Code Withheld,Not Persistent Poverty Community,Name Withheld,HOLLOW DRIVE FAMILY C/O VSHA,Grant Funds,City Name Withheld,Not Applicable,RENEWAL / REPLACEMENT -FAMILY,Real Estate and Rental and Leasing,50027,NA,Not Available,Residential,Detailed Project Description Not Available,201420,1
2022,Vermont,Windsor,At-Large,Multifamily Housing,Rental Assistance (MFH),Zip Code Withheld,Not Persistent Poverty Community,Name Withheld,PLEASANTBROOK APTS,Grant Funds,City Name Withheld,Not Applicable,RENEWAL / REPLACEMENT -FAMILY,Real Estate and Rental and Leasing,50027,NA,Not Available,Residential,Detailed Project Description Not Available,298776,1
2022,Vermont,Windsor,At-Large,Multifamily Housing,Rental Assistance (MFH),Zip Code Withheld,Not Persistent Poverty Community,Name Withheld,PROCTORSVILLE GREEN HOUSING C/O STEWART,Grant Funds,City Name Withheld,Not Applicable,RENEWAL / REPLACEMENT -FAMILY,Real Estate and Rental and Leasing,50027,NA,Not Available,Residential,Detailed Project Description Not Available,40471,1
2022,Vermont,Windsor,At-Large,Multifamily Housing,Rental Assistance (MFH),Zip Code Withheld,Not Persistent Poverty Community,Name Withheld,THE MAPLES SPRINGFIELD HOUSING AUTHORITY,Grant Funds,City Name Withheld,Not Applicable,RENEWAL  / REPLACEMENT - ELDERLY,Real Estate and Rental and Leasing,50027,NA,Not Available,Residential,Detailed Project Description Not Available,147171,1
2022,Vermont,Windsor,At-Large,Multifamily Housing,Rental Assistance (MFH),Zip Code Withheld,Not Persistent Poverty Community,Name Withheld,WALL STREET APTS C/O HOUSING VERMONT,Grant Funds,City Name Withheld,Not Applicable,RENEWAL / REPLACEMENT -FAMILY,Real Estate and Rental and Leasing,50027,NA,Not Available,Residential,Detailed Project Description Not Available,150460,1
2022,Vermont,Windsor,At-Large,Single Family Housing,Direct Loan (SFH),Zip Code Withheld,Not Persistent Poverty Community,Name Withheld,NOT AVAILABLE,Loan Funds - Direct,City Name Withheld,Not Applicable,502 HARDSHIP & HOMELESS VERY LOW INCOME,Real Estate and Rental and Leasing,50027,NA,Not Available,Residential,Detailed Project Description Not Available,98500,1
2022,Vermont,Windsor,At-Large,Single Family Housing,Direct Loan (SFH),Zip Code Withheld,Not Persistent Poverty Community,Name Withheld,NOT AVAILABLE,Loan Funds - Direct,City Name Withheld,Not Applicable,502 LOAN - ARP MULTI-YEAR,Real Estate and Rental and Leasing,50027,NA,Not Available,Residential,Detailed Project Description Not Available,287344,2
2022,Vermont,Windsor,At-Large,Single Family Housing,Direct Loan (SFH),Zip Code Withheld,Not Persistent Poverty Community,Name Withheld,NOT AVAILABLE,Loan Funds - Direct,City Name Withheld,Not Applicable,502 LOAN - GENERAL INTEREST SUBSIDY LOW & OTHER INCOME,Real Estate and Rental and Leasing,50027,NA,Not Available,Residential,Detailed Project Description Not Available,180850,1
2022,Vermont,Windsor,At-Large,Single Family Housing,Direct Loan (SFH),Zip Code Withheld,Not Persistent Poverty Community,Name Withheld,NOT AVAILABLE,Loan Funds - Direct,City Name Withheld,Not Applicable,502 LOAN - GENERAL INTEREST SUBSIDY VERY LOW INCOME,Real Estate and Rental and Leasing,50027,NA,Not Available,Residential,Detailed Project Description Not Available,133000,1
2022,Vermont,Windsor,At-Large,Single Family Housing,Guaranteed Loan (SFH),Zip Code Withheld,Not Persistent Poverty Community,Name Withheld,NOT AVAILABLE,Loan Funds - Guaranteed,City Name Withheld,"CMG MORTGAGE, INC",SEC 502 GUARANTEED SINGLE FAMILY HOUSING PURCHASE LOANS - WITH ANNUAL FEES ASSIGNED,Real Estate and Rental and Leasing,50027,NA,Not Available,Residential,Detailed Project Description Not Available,112121,1
2022,Vermont,Windsor,At-Large,Single Family Housing,Guaranteed Loan (SFH),Zip Code Withheld,Not Persistent Poverty Community,Name Withheld,NOT AVAILABLE,Loan Funds - Guaranteed,City Name Withheld,"EMBRACE HOME LOANS, INC.",SEC 502 GUARANTEED SINGLE FAMILY HOUSING PURCHASE LOANS - WITH ANNUAL FEES ASSIGNED,Real Estate and Rental and Leasing,50027,NA,Not Available,Residential,Detailed Project Description Not Available,126262,1
2022,Vermont,Windsor,At-Large,Single Family Housing,Guaranteed Loan (SFH),Zip Code Withheld,Not Persistent Poverty Community,Name Withheld,NOT AVAILABLE,Loan Funds - Guaranteed,City Name Withheld,PEOPLES UNITED BANK,SEC 502 GUARANTEED SINGLE FAMILY HOUSING PURCHASE LOANS - WITH ANNUAL FEES ASSIGNED,Real Estate and Rental and Leasing,50027,NA,Not Available,Residential,Detailed Project Description Not Available,141400,1
2022,Vermont,Windsor,At-Large,Single Family Housing,Repair Grant (SFH),Zip Code Withheld,Not Persistent Poverty Community,Name Withheld,NOT AVAILABLE,Grant Funds,City Name Withheld,Not Applicable,504 COMBINATION LOAN & GRANT,Real Estate and Rental and Leasing,50027,NA,Not Available,Residential,Detailed Project Description Not Available,13080,2
2022,Vermont,Windsor,At-Large,Single Family Housing,Repair Grant (SFH),Zip Code Withheld,Not Persistent Poverty Community,Name Withheld,NOT AVAILABLE,Grant Funds,City Name Withheld,Not Applicable,504 GRANT,Real Estate and Rental and Leasing,50027,NA,Not Available,Residential,Detailed Project Description Not Available,19547,3
2022,Vermont,Windsor,At-Large,Single Family Housing,Repair Loan (SFH),Zip Code Withheld,Not Persistent Poverty Community,Name Withheld,NOT AVAILABLE,Loan Funds - Direct,City Name Withheld,Not Applicable,504 COMBINATION LOAN & GRANT,Real Estate and Rental and Leasing,50027,NA,Not Available,Residential,Detailed Project Description Not Available,11240,2
2022,Vermont,Windsor,At-Large,Water and Environmental,Direct Loan (WEP),05034,Not Persistent Poverty Community,"Bridgewater, Town of",FY 20 WWTF Improvement,Loan Funds - Direct,Bridgewater,Not Applicable,(LOAN ONLY) WASTE DISPOSAL ONLY,Utilities,50027,NA,Not Available,Commercial,Detailed Project Description Not Available,197000,1
2021,Vermont,Addison,At-Large,Business Programs,Advanced Biofuel Payment Program,05491,Not Persistent Poverty Community,DUBOIS ENERGY LLC,NOT AVAILABLE,Grant Funds,Vergennes,Not Applicable,GRANT FOR PROD OF ADV BIOFUEL,Other or Not Defined,50001,NA,Not Available,Commercial,Detailed Project Description Not Available,167,3
2021,Vermont,Addison,At-Large,Business Programs,Intermediary Relending Program (IRP),05753,Not Persistent Poverty Community,ADDISON COUNTY ECONOMIC DEVELOPMENT CORP,"FY21 IRP $500,000",Loan Funds - Direct,Middlebury,Not Applicable,INTERMEDIARY RELENDING PROGRAM,Public Administration,50001,926110,ADMINISTRATION OF GENERAL ECONOMIC PROGRAMS,Commercial,Detailed Project Description Not Available,500000,1
2021,Vermont,Addison,At-Large,Business Programs,Rural Business Development Grant (RBDG),05753,Not Persistent Poverty Community,ADDISON COUNTY ECONOMIC DEV. CORPORATION,FEASIBILITY STUDY- FY21,Grant Funds,Middlebury,Not Applicable,RBCS ENTERPRISE GRANTS,Public Administration,50001,926110,ADMINISTRATION OF GENERAL ECONOMIC PROGRAMS,Commercial,"This Rural Development investment will be used to complete a feasibility study of building EcoGloball LLCsheadquarters and a two-line production facility on rail-accessible land owned by Middlebury College in Middlebury, Vermont.The study will provide a critical building block and foundational assessment to secure funding to plan, build and operate a new production facility. This project has the potential to create 18 new jobs and strengthen the rural economy in the area.",29859,1
2021,Vermont,Addison,At-Large,Business Programs,Value Added Producer Grant (VAPG),05770,Not Persistent Poverty Community,"CHAMPLAIN ORCHARDS, INC.",VAPG2021VT02,Grant Funds,Shoreham,Not Applicable,LOCAL AGRICULTURE MARKET RESOURCE PROGRAM (LAMP) VALUE-ADDED PRODUCER GRANTS - COVID,"Agriculture, Forestry, Fishing and Hunting",50001,111331,APPLE ORCHARDS,Commercial,"This Rural Development investment will be used to expand demand for pre-packaged, eco-certified apples in the greater New York City market. The project will include marketing promotions, processing labor, and purchase of packaging enabling the applicant orchard to process, market and sell Eco-certified apples. The project includes $26,564 in applicant match contribution.",239072,1
2021,Vermont,Addison,At-Large,Multifamily Housing,Rental Assistance (MFH),Zip Code Withheld,Not Persistent Poverty Community,Name Withheld,BRIARWOOD APTS,Grant Funds,City Name Withheld,Not Applicable,RENEWAL / REPLACEMENT -FAMILY,Real Estate and Rental and Leasing,50001,NA,Not Available,Residential,Detailed Project Description Not Available,295868,1
2021,Vermont,Addison,At-Large,Multifamily Housing,Rental Assistance (MFH),Zip Code Withheld,Not Persistent Poverty Community,Name Withheld,CREEKVIEW HOUSING,Grant Funds,City Name Withheld,Not Applicable,FAMILY RENEWAL ARP 2021 - 2021/2022,Real Estate and Rental and Leasing,50001,NA,Not Available,Residential,Detailed Project Description Not Available,3400,1
2021,Vermont,Addison,At-Large,Multifamily Housing,Rental Assistance (MFH),Zip Code Withheld,Not Persistent Poverty Community,Name Withheld,MIDDLEBURY COMMONS VSHA,Grant Funds,City Name Withheld,Not Applicable,RENEWAL  / REPLACEMENT - ELDERLY,Real Estate and Rental and Leasing,50001,NA,Not Available,Residential,Detailed Project Description Not Available,267630,1
2021,Vermont,Addison,At-Large,Multifamily Housing,Rental Assistance (MFH),Zip Code Withheld,Not Persistent Poverty Community,Name Withheld,SMALLEST CITY HSG C/O ADDISON COUNTY COMMUNITY TRUST,Grant Funds,City Name Withheld,Not Applicable,RENEWAL / REPLACEMENT -FAMILY,Real Estate and Rental and Leasing,50001,NA,Not Available,Residential,Detailed Project Description Not Available,181616,1
2021,Vermont,Addison,At-Large,Multifamily Housing,Rental Assistance (MFH),Zip Code Withheld,Not Persistent Poverty Community,Name Withheld,VALLEY VIEW II,Grant Funds,City Name Withheld,Not Applicable,ELDERLY INVENTORY ARP 2021 - 2021/2022,Real Estate and Rental and Leasing,50001,NA,Not Available,Residential,Detailed Project Description Not Available,3400,1
2021,Vermont,Addison,At-Large,Multifamily Housing,Rental Assistance (MFH),Zip Code Withheld,Not Persistent Poverty Community,Name Withheld,VALLEY VIEW II,Grant Funds,City Name Withheld,Not Applicable,RENEWAL  / REPLACEMENT - ELDERLY,Real Estate and Rental and Leasing,50001,NA,Not Available,Residential,Detailed Project Description Not Available,78174,1
2021,Vermont,Addison,At-Large,Single Family Housing,Direct Loan (SFH),Zip Code Withheld,Not Persistent Poverty Community,Name Withheld,NOT AVAILABLE,Loan Funds - Direct,City Name Withheld,Not Applicable,502 LOAN - GENERAL INTEREST SUBSIDY LOW & OTHER INCOME,Real Estate and Rental and Leasing,50001,NA,Not Available,Residential,Detailed Project Description Not Available,140000,1
2021,Vermont,Addison,At-Large,Single Family Housing,Guaranteed Loan (SFH),Zip Code Withheld,Not Persistent Poverty Community,Name Withheld,NOT AVAILABLE,Loan Funds - Guaranteed,City Name Withheld,EASTRISE CREDIT UNION,SEC 502 GUARANTEED SINGLE FAMILY HOUSING PURCHASE LOANS - WITH ANNUAL FEES ASSIGNED,Real Estate and Rental and Leasing,50001,NA,Not Available,Residential,Detailed Project Description Not Available,250000,1
2021,Vermont,Addison,At-Large,Single Family Housing,Guaranteed Loan (SFH),Zip Code Withheld,Not Persistent Poverty Community,Name Withheld,NOT AVAILABLE,Loan Funds - Guaranteed,City Name Withheld,FAIRWAY INDEPENDENT MORTGAGE CORPORATION,SEC 502 GUARANTEED SINGLE FAMILY HOUSING PURCHASE LOANS - WITH ANNUAL FEES ASSIGNED,Real Estate and Rental and Leasing,50001,NA,Not Available,Residential,Detailed Project Description Not Available,151515,1
2021,Vermont,Addison,At-Large,Single Family Housing,Guaranteed Loan (SFH),Zip Code Withheld,Not Persistent Poverty Community,Name Withheld,NOT AVAILABLE,Loan Funds - Guaranteed,City Name Withheld,"HOMEBRIDGE FINANCIAL SERVICES, INC.",SEC 502 GUARANTEED SINGLE FAMILY HOUSING PURCHASE LOANS - WITH ANNUAL FEES ASSIGNED,Real Estate and Rental and Leasing,50001,NA,Not Available,Residential,Detailed Project Description Not Available,265656,1
2021,Vermont,Addison,At-Large,Single Family Housing,Guaranteed Loan (SFH),Zip Code Withheld,Not Persistent Poverty Community,Name Withheld,NOT AVAILABLE,Loan Funds - Guaranteed,City Name Withheld,NATIONAL BANK OF MIDDLEBURY,SEC 502 GUARANTEED SINGLE FAMILY HOUSING PURCHASE LOANS - WITH ANNUAL FEES ASSIGNED,Real Estate and Rental and Leasing,50001,NA,Not Available,Residential,Detailed Project Description Not Available,753514,3
2021,Vermont,Addison,At-Large,Single Family Housing,Guaranteed Loan (SFH),Zip Code Withheld,Not Persistent Poverty Community,Name Withheld,NOT AVAILABLE,Loan Funds - Guaranteed,City Name Withheld,"NORTHEAST HOME LOAN, LLC",SEC 502 GUARANTEED SINGLE FAMILY HOUSING PURCHASE LOANS - WITH ANNUAL FEES ASSIGNED,Real Estate and Rental and Leasing,50001,NA,Not Available,Residential,Detailed Project Description Not Available,275757,1
2021,Vermont,Addison,At-Large,Single Family Housing,Guaranteed Loan (SFH),Zip Code Withheld,Not Persistent Poverty Community,Name Withheld,NOT AVAILABLE,Loan Funds - Guaranteed,City Name Withheld,VERMONT FEDERAL CREDIT UNION,SEC 502 GUARANTEED SINGLE FAMILY HOUSING PURCHASE LOANS - WITH ANNUAL FEES ASSIGNED,Real Estate and Rental and Leasing,50001,NA,Not Available,Residential,Detailed Project Description Not Available,202020,1
2021,Vermont,Addison,At-Large,Single Family Housing,Repair Grant (SFH),Zip Code Withheld,Not Persistent Poverty Community,Name Withheld,NOT AVAILABLE,Grant Funds,City Name Withheld,Not Applicable,504 COMBINATION LOAN & GRANT,Real Estate and Rental and Leasing,50001,NA,Not Available,Residential,Detailed Project Description Not Available,2795,1
2021,Vermont,Addison,At-Large,Single Family Housing,Repair Grant (SFH),Zip Code Withheld,Not Persistent Poverty Community,Name Withheld,NOT AVAILABLE,Grant Funds,City Name Withheld,Not Applicable,504 GRANT,Real Estate and Rental and Leasing,50001,NA,Not Available,Residential,Detailed Project Description Not Available,17027,4
2021,Vermont,Addison,At-Large,Single Family Housing,Repair Loan (SFH),Zip Code Withheld,Not Persistent Poverty Community,Name Withheld,NOT AVAILABLE,Loan Funds - Direct,City Name Withheld,Not Applicable,504 COMBINATION LOAN & GRANT,Real Estate and Rental and Leasing,50001,NA,Not Available,Residential,Detailed Project Description Not Available,2192,1
2021,Vermont,Addison,At-Large,Water and Environmental,Direct Loan and Grant (WEP),05753,Not Persistent Poverty Community,Addison County Community Trust,FY 21 Lindale MHP Sewer System Installation,Loan Funds - Direct,Middlebury,Not Applicable,(COMB LOAN & GRANT) WASTE DISPOSAL ONLY,Utilities,50001,NA,Not Available,Commercial,Detailed Project Description Not Available,203000,1
2021,Vermont,Bennington,At-Large,Business Programs,Rural Energy for America Program (REAP),05251,Not Persistent Poverty Community,"METTOWEE MINT, LLC",FY21 RES BIOMASS SYSTEM,Grant Funds,Dorset,Not Applicable,REAP-MANDATORY RENEW ENERGY SYST GRANTS,Retail Trade,50003,444220,"NURSERY, GARDEN CENTER, AND FARM SUPPLY STORES",Commercial,"This Rural Development investment will help Mettowee Mint LLC to replace the fossil fuel-fired heating systems that service most of the greenhouses. The new advanced wood heating system will offset the equivalent of more than 23,000 gallons of propane.New owners Sarah Linford and Anna Johansen purchased a long-established nursery, renovating it and expanding its offerings. The newly named Mettowee Mint opened in the Spring of 2021. The purpose of this funding program is to assist farmers, ranchers, and rural small businesses in developing renewable energy systems, and in making energy-efficiency improvements to their operations.",35217,1
2021,Vermont,Bennington,At-Large,Business Programs,Rural Energy for America Program (REAP),05352,Not Persistent Poverty Community,"HESPOS WIND FARM, LLC",FY21 RES 34KW SMALL WIND,Grant Funds,Readsboro,Not Applicable,REAP-MANDATORY RENEW ENERGY SYST GRANTS,Utilities,50003,221115,WIND ELECTRIC POWER GENERATION,Commercial,"This Rural Development investment will be used to purchase and install a 34kW wind turbine on a remote ridge in Readsboro, Vermont. Situated on a 140-acre parcel, the turbine will be capable of producing 157,000kWh a year, enough to serve the equivalent of 14 average homes. Benefitting from Vermonts Standard Offer Program, Hespos Wind Farm LLC will receive over $40,000 annually.",56621,1
2021,Vermont,Bennington,At-Large,Multifamily Housing,Rental Assistance (MFH),Zip Code Withheld,Not Persistent Poverty Community,Name Withheld,BENNINGTON HOUSE,Grant Funds,City Name Withheld,Not Applicable,FAMILY RENEWAL ARP 2021 - 2021/2022,Real Estate and Rental and Leasing,50003,NA,Not Available,Residential,Detailed Project Description Not Available,34000,3
2021,Vermont,Bennington,At-Large,Multifamily Housing,Rental Assistance (MFH),Zip Code Withheld,Not Persistent Poverty Community,Name Withheld,BENNINGTON HOUSE,Grant Funds,City Name Withheld,Not Applicable,RENEWAL / REPLACEMENT -FAMILY,Real Estate and Rental and Leasing,50003,NA,Not Available,Residential,Detailed Project Description Not Available,51959,1
2021,Vermont,Bennington,At-Large,Multifamily Housing,Rental Assistance (MFH),Zip Code Withheld,Not Persistent Poverty Community,Name Withheld,HAINES MANOR EAST,Grant Funds,City Name Withheld,Not Applicable,RENEWAL / REPLACEMENT -FAMILY,Real Estate and Rental and Leasing,50003,NA,Not Available,Residential,Detailed Project Description Not Available,160198,1
2021,Vermont,Bennington,At-Large,Multifamily Housing,Rental Assistance (MFH),Zip Code Withheld,Not Persistent Poverty Community,Name Withheld,HOMESTEAD GREEN,Grant Funds,City Name Withheld,Not Applicable,RENEWAL  / REPLACEMENT - ELDERLY,Real Estate and Rental and Leasing,50003,NA,Not Available,Residential,Detailed Project Description Not Available,138541,1
2021,Vermont,Bennington,At-Large,Multifamily Housing,Rental Assistance (MFH),Zip Code Withheld,Not Persistent Poverty Community,Name Withheld,SILVER STREET APTS,Grant Funds,City Name Withheld,Not Applicable,FAMILY RENEWAL ARP 2021 - 2021/2022,Real Estate and Rental and Leasing,50003,NA,Not Available,Residential,Detailed Project Description Not Available,10200,2
2021,Vermont,Bennington,At-Large,Multifamily Housing,Rental Assistance (MFH),Zip Code Withheld,Not Persistent Poverty Community,Name Withheld,SILVER STREET APTS,Grant Funds,City Name Withheld,Not Applicable,RENEWAL / REPLACEMENT -FAMILY,Real Estate and Rental and Leasing,50003,NA,Not Available,Residential,Detailed Project Description Not Available,94948,1
2021,Vermont,Bennington,At-Large,Single Family Housing,Direct Loan (SFH),Zip Code Withheld,Not Persistent Poverty Community,Name Withheld,NOT AVAILABLE,Loan Funds - Direct,City Name Withheld,Not Applicable,502 LOAN - GENERAL INTEREST SUBSIDY VERY LOW INCOME,Real Estate and Rental and Leasing,50003,NA,Not Available,Residential,Detailed Project Description Not Available,181000,1
2021,Vermont,Bennington,At-Large,Single Family Housing,Guaranteed Loan (SFH),Zip Code Withheld,Not Persistent Poverty Community,Name Withheld,NOT AVAILABLE,Loan Funds - Guaranteed,City Name Withheld,ADAMS COMMUNITY BANK,SEC 502 GUARANTEED SINGLE FAMILY HOUSING PURCHASE LOANS - WITH ANNUAL FEES ASSIGNED,Real Estate and Rental and Leasing,50003,NA,Not Available,Residential,Detailed Project Description Not Available,177676,1
2021,Vermont,Bennington,At-Large,Single Family Housing,Guaranteed Loan (SFH),Zip Code Withheld,Not Persistent Poverty Community,Name Withheld,NOT AVAILABLE,Loan Funds - Guaranteed,City Name Withheld,BANK OF BENNINGTON,SEC 502 GUARANTEED SINGLE FAMILY HOUSING PURCHASE LOANS - WITH ANNUAL FEES ASSIGNED,Real Estate and Rental and Leasing,50003,NA,Not Available,Residential,Detailed Project Description Not Available,1131200,6
2021,Vermont,Bennington,At-Large,Single Family Housing,Guaranteed Loan (SFH),Zip Code Withheld,Not Persistent Poverty Community,Name Withheld,NOT AVAILABLE,Loan Funds - Guaranteed,City Name Withheld,FAIRWAY INDEPENDENT MORTGAGE CORPORATION,SEC 502 GUARANTEED SINGLE FAMILY HOUSING PURCHASE LOANS - WITH ANNUAL FEES ASSIGNED,Real Estate and Rental and Leasing,50003,NA,Not Available,Residential,Detailed Project Description Not Available,643923,5
2021,Vermont,Bennington,At-Large,Single Family Housing,Guaranteed Loan (SFH),Zip Code Withheld,Not Persistent Poverty Community,Name Withheld,NOT AVAILABLE,Loan Funds - Guaranteed,City Name Withheld,"HOMEBRIDGE FINANCIAL SERVICES, INC.",SEC 502 GUARANTEED SINGLE FAMILY HOUSING PURCHASE LOANS - WITH ANNUAL FEES ASSIGNED,Real Estate and Rental and Leasing,50003,NA,Not Available,Residential,Detailed Project Description Not Available,211010,1
2021,Vermont,Bennington,At-Large,Single Family Housing,Guaranteed Loan (SFH),Zip Code Withheld,Not Persistent Poverty Community,Name Withheld,NOT AVAILABLE,Loan Funds - Guaranteed,City Name Withheld,"PRIME LENDING, A PLAINS CAPITAL CO.",SEC 502 GUARANTEED SINGLE FAMILY HOUSING PURCHASE LOANS - WITH ANNUAL FEES ASSIGNED,Real Estate and Rental and Leasing,50003,NA,Not Available,Residential,Detailed Project Description Not Available,894442,5
2021,Vermont,Bennington,At-Large,Single Family Housing,Repair Grant (SFH),Zip Code Withheld,Not Persistent Poverty Community,Name Withheld,NOT AVAILABLE,Grant Funds,City Name Withheld,Not Applicable,504 COMBINATION LOAN & GRANT,Real Estate and Rental and Leasing,50003,NA,Not Available,Residential,Detailed Project Description Not Available,7500,1
2021,Vermont,Bennington,At-Large,Single Family Housing,Repair Grant (SFH),Zip Code Withheld,Not Persistent Poverty Community,Name Withheld,NOT AVAILABLE,Grant Funds,City Name Withheld,Not Applicable,504 GRANT,Real Estate and Rental and Leasing,50003,NA,Not Available,Residential,Detailed Project Description Not Available,7500,1
2021,Vermont,Bennington,At-Large,Single Family Housing,Repair Loan (SFH),Zip Code Withheld,Not Persistent Poverty Community,Name Withheld,NOT AVAILABLE,Loan Funds - Direct,City Name Withheld,Not Applicable,504 COMBINATION LOAN & GRANT,Real Estate and Rental and Leasing,50003,NA,Not Available,Residential,Detailed Project Description Not Available,17304,1
2021,Vermont,Caledonia,At-Large,Business Programs,Rural Business Development Grant (RBDG),05819,Not Persistent Poverty Community,CATAMOUNT FILM AND ARTS CO INC.,FY21 TA - FRIENDS OF DOG MTN,Grant Funds,St Johnsbury,Not Applicable,RBCS ENTERPRISE REAP ZONE GRANTS,"Arts, Entertainment, and Recreation",50005,711110,THEATER COMPANIES AND DINNER THEATERS,Commercial,"This Rural Development investment will be used to provide technical support and strategic planning for Dog Mountain to serve a critical role in the regions post-COVID economic recovery, which will be driven largely by the creative sector. Funding will support development & fundraising efforts, grant writing, marketing & promotion, operations and logistics, administration, membership management, gallery curation and public relations. This project will save or create 15 jobs.",50000,1
2021,Vermont,Caledonia,At-Large,Business Programs,Rural Business Development Grant (RBDG),05819,Not Persistent Poverty Community,CATAMOUNT FILM AND ARTS CO INC.,NEK MOBILE STAGE FY21,Grant Funds,St Johnsbury,Not Applicable,RBCS ENTERPRISE REAP ZONE GRANTS,"Arts, Entertainment, and Recreation",50005,711310,"PROMOTERS OF PERFORMING ARTS, SPORTS, AND SIMILAR EVENTS WITH FACILITIES",Commercial,This Rural Development investment will help hire a production coordinator to help community organizations host place-based events throughout the Northeast Kingdom on the new mobile stage. The coordinator will partner with a designated backbone organization in each community to develop local recovery initiatives that will increase the organizations capacity to present community/culture-building events. This project will save or create 56 jobs within the community.,75000,1
2021,Vermont,Caledonia,At-Large,Business Programs,Rural Business Development Grant (RBDG),05819,Not Persistent Poverty Community,FAIRBANKS MUSEUM AND PLANETARIUM,SCIENCE ANNEX ADDITION- FY21,Grant Funds,St Johnsbury,Not Applicable,RBCS ENTERPRISE REAP ZONE GRANTS,"Arts, Entertainment, and Recreation",50005,712110,MUSEUMS,Commercial,"This Rural Development investment will be used to assist the Fairbanks Museum and Planetarium in the construction of a 6,153 square foot addition onto its existing 1891 building, and renovation of 1,584 square feet of the existing building. The proposed construction of Vermonts demonstration mass timber buildingtogether with the co-location of the Community College of Vermontis designed to leverage the creation of a new tourist and educational center as a tool to support small and emerging businesses in the St. Johnsbury area.",197000,1
2021,Vermont,Caledonia,At-Large,Business Programs,Rural Business Development Grant (RBDG),05819,Not Persistent Poverty Community,NORTHEASTERN VERMONT DEVEL ASSOC INC,BUSINESS TA PROGRAM FY21,Grant Funds,St. Johnsbury,Not Applicable,RBCS ENTERPRISE REAP ZONE GRANTS,Public Administration,50005,926110,ADMINISTRATION OF GENERAL ECONOMIC PROGRAMS,Commercial,"This Rural Development investment will be used to assist businesses affected by the COVID-19 pandemic to establish recovery solutions and identify required technical assistance. Assistance will be provided for business operations, financial management, digital strategies, architecture and design, products and processes, safety measures, technology and software, marketing services, business pivot consulting services, and legal/professional services. It is anticipated that these funds will assist approximately 20-30 small businesses, and save or retain 31 jobs.",98575,1
2021,Vermont,Caledonia,At-Large,Business Programs,Rural Business Development Grant (RBDG),05819,Not Persistent Poverty Community,NORTHERN COMMUNITY INVESTMENT CORP,COST SHARE PROGRAM FY21,Grant Funds,St. Johnsbury,Not Applicable,RBCS ENTERPRISE REAP ZONE GRANTS,Public Administration,50005,926110,ADMINISTRATION OF GENERAL ECONOMIC PROGRAMS,Commercial,"This Rural Development investment will be used to provide business technical assistance such as financial management assistance, business coaching, training, and marketing assistance that includes website, brand and logo development. These services are designed to strengthen regional businesses in the Northeast Kingdom of Vermont, a recognized Rural Economic Area Partnership (REAP) zone. It is anticipated that 25 businesses will benefit from this project, creating or retaining 50 jobs.",165755,1
2021,Vermont,Caledonia,At-Large,Business Programs,Rural Business Development Grant (RBDG),05819,Not Persistent Poverty Community,NORTHERN COMMUNITY INVESTMENT CORP,"FY21 RBDG $25,679 NH T/A",Grant Funds,Saint Johnsbury,Not Applicable,RBCS ENTERPRISE GRANTS,Public Administration,50005,926110,ADMINISTRATION OF GENERAL ECONOMIC PROGRAMS,Commercial,"This Rural Development investment will be used to hire professional consultants to help strengthen and grow regional small businesses in Carroll, Coos and Grafton counties of New Hampshire. Assistance to small, rural businesses will include financial management assistance, feasibility studies, energy audits, architectural/engineering design, business coaching, training and marketing assistance. This project will help five small businesses create 21 full-time jobs.",25679,1
2021,Vermont,Caledonia,At-Large,Business Programs,Rural Business Development Grant (RBDG),05843,Not Persistent Poverty Community,HARDWICK TOWN OF,PEDESTRIAN BRIDGE FY21,Grant Funds,Hardwick,Not Applicable,RBCS ENTERPRISE REAP ZONE GRANTS,Public Administration,50005,92110,Not Available,Commercial,This Rural Development investment will be used to help replace the unusable pedestrian bridge located in downtown Hardwick. The footbridge opens up the downtowns geography to incorporate areas on the north side of the Lamoille River and enhances access to the towns small businesses and restaurants. This investment will create or maintain 37 jobs in the area.,200000,1
2021,Vermont,Caledonia,At-Large,Business Programs,Value Added Producer Grant (VAPG),05836,Not Persistent Poverty Community,"KINGDOM CREAMERY OF VERMONT, LLC",VAPG2021VT08,Grant Funds,East Hardwick,Not Applicable,VALUE-ADDED PRODUCER DVLP GRANTS-DISCR,"Agriculture, Forestry, Fishing and Hunting",50005,112120,DAIRY CATTLE AND MILK PRODUCTION,Commercial,"This Rural Development investment will be used to produce value added ice cream and soft serve mix from the grantee farms raw milk. This project represents a business direction shift from retail to wholesale, providing production efficiency, high volume and a higher return to the farm. The project includes a grantee contribution of $250,000.",249026,1
2021,Vermont,Caledonia,At-Large,Business Programs,Value Added Producer Grant (VAPG),05851,Not Persistent Poverty Community,TRENCHERS FARMHOUSE LLC,VAPG2021VT01,Grant Funds,Lyndonville,Not Applicable,LAMP BEGINNING AND SOCIALLY DISADVANTAGED FARMERS OR RANCHERS RESERVE MANDATORY,"Agriculture, Forestry, Fishing and Hunting",50005,111219,OTHER VEGETABLE (EXCEPT POTATO) AND MELON FARMING,Commercial,"This Rural Development investment will be used to undertake a market expansion, providing an outlet for raw commodity products that would otherwise outpace the applicants current value-added production needs. The project will allow the farm to consolidate all of its outputs towards their value added-products. The project includes $65,838 in applicant match contribution.",49950,1
2021,Vermont,Caledonia,At-Large,Community Facilities,Direct Loan (CF),05819,Not Persistent Poverty Community,FAIRBANKS MUSEUM AND PLANETARIUM,FY 21 SCIENCE ANNEX MASS TIMBE,Loan Funds - Direct,St Johnsbury,Not Applicable,COMMUNITY FACILITY (DIRECT AND GUARANTEED LOANS),"Arts, Entertainment, and Recreation",50005,71211,MUSEUMS,Commercial,Detailed Project Description Not Available,369800,1
2021,Vermont,Caledonia,At-Large,Community Facilities,Grant (CF),05819,Not Persistent Poverty Community,FAIRBANKS MUSEUM AND PLANETARIUM,FY 21 SCIENCE ANNEX MASS TIMBE,Grant Funds,St Johnsbury,Not Applicable,COMMUNITY FACILITY GRANTS - EZ/EC,"Arts, Entertainment, and Recreation",50005,71211,MUSEUMS,Commercial,Detailed Project Description Not Available,149900,1
2021,Vermont,Caledonia,At-Large,Community Facilities,Grant (CF),05819,Not Persistent Poverty Community,"NORTHEASTERN VERMONT REGIONAL HOSPITAL, INC.",FY 21 STERILIZATION MACHINE PU,Grant Funds,Saint Johnsbury,Not Applicable,COMMUNITY FACILITY GRANTS - EZ/EC,Health Care and Social Assistance,50005,62211,GENERAL MEDICAL AND SURGICAL HOSPITALS,Commercial,Detailed Project Description Not Available,67000,1
2021,Vermont,Caledonia,At-Large,Community Facilities,Grant (CF),05819,Not Persistent Poverty Community,"TRUSTEES OF THE ST JOHNSBURY ACADEMY, THE",FY 21 ADULT EDUCATION EQUIPMEN,Grant Funds,St Johnsbury,Not Applicable,COMMUNITY FACILITY GRANTS - EZ/EC,Educational Services,50005,611699,ALL OTHER MISCELLANEOUS SCHOOLS AND INSTRUCTION,Commercial,Detailed Project Description Not Available,55000,1
2021,Vermont,Caledonia,At-Large,Multifamily Housing,Rental Assistance (MFH),Zip Code Withheld,Not Persistent Poverty Community,Name Withheld,DARLING INN,Grant Funds,City Name Withheld,Not Applicable,RENEWAL / REPLACEMENT -FAMILY,Real Estate and Rental and Leasing,50005,NA,Not Available,Residential,Detailed Project Description Not Available,2491,1
2021,Vermont,Caledonia,At-Large,Multifamily Housing,Rental Assistance (MFH),Zip Code Withheld,Not Persistent Poverty Community,Name Withheld,EVERGREEN MANOR,Grant Funds,City Name Withheld,Not Applicable,RENEWAL / REPLACEMENT -FAMILY,Real Estate and Rental and Leasing,50005,NA,Not Available,Residential,Detailed Project Description Not Available,12456,1
2021,Vermont,Caledonia,At-Large,Multifamily Housing,Rental Assistance (MFH),Zip Code Withheld,Not Persistent Poverty Community,Name Withheld,GROTON COMMUNITY HOUSING LP RURAL EDGE PROP MNG,Grant Funds,City Name Withheld,Not Applicable,RENEWAL / REPLACEMENT -FAMILY,Real Estate and Rental and Leasing,50005,NA,Not Available,Residential,Detailed Project Description Not Available,221430,1
2021,Vermont,Caledonia,At-Large,Multifamily Housing,Rental Assistance (MFH),Zip Code Withheld,Not Persistent Poverty Community,Name Withheld,HILLTOP FAMILY HSNG,Grant Funds,City Name Withheld,Not Applicable,RENEWAL / REPLACEMENT -FAMILY,Real Estate and Rental and Leasing,50005,NA,Not Available,Residential,Detailed Project Description Not Available,222399,1
2021,Vermont,Caledonia,At-Large,Multifamily Housing,Rental Assistance (MFH),Zip Code Withheld,Not Persistent Poverty Community,Name Withheld,LIND HOMES C/O RURAL EDGE,Grant Funds,City Name Withheld,Not Applicable,FAMILY RENEWAL ARP 2021 - 2021/2022,Real Estate and Rental and Leasing,50005,NA,Not Available,Residential,Detailed Project Description Not Available,6800,1
2021,Vermont,Caledonia,At-Large,Multifamily Housing,Rental Assistance (MFH),Zip Code Withheld,Not Persistent Poverty Community,Name Withheld,MARIGOLD APTS,Grant Funds,City Name Withheld,Not Applicable,RENEWAL  / REPLACEMENT - ELDERLY,Real Estate and Rental and Leasing,50005,NA,Not Available,Residential,Detailed Project Description Not Available,43862,1
2021,Vermont,Caledonia,At-Large,Multifamily Housing,Rental Assistance (MFH),Zip Code Withheld,Not Persistent Poverty Community,Name Withheld,MOOSE RIVER HOUSING,Grant Funds,City Name Withheld,Not Applicable,RENEWAL / REPLACEMENT -FAMILY,Real Estate and Rental and Leasing,50005,NA,Not Available,Residential,Detailed Project Description Not Available,262135,1
2021,Vermont,Caledonia,At-Large,Multifamily Housing,Rental Assistance (MFH),Zip Code Withheld,Not Persistent Poverty Community,Name Withheld,MOUNTAIN VIEW APTS,Grant Funds,City Name Withheld,Not Applicable,RENEWAL / REPLACEMENT -FAMILY,Real Estate and Rental and Leasing,50005,NA,Not Available,Residential,Detailed Project Description Not Available,359714,1
2021,Vermont,Caledonia,At-Large,Single Family Housing,Direct Loan (SFH),Zip Code Withheld,Not Persistent Poverty Community,Name Withheld,NOT AVAILABLE,Loan Funds - Direct,City Name Withheld,Not Applicable,502 LOAN - GENERAL INTEREST SUBSIDY LOW & OTHER INCOME,Real Estate and Rental and Leasing,50005,NA,Not Available,Residential,Detailed Project Description Not Available,165000,1
2021,Vermont,Caledonia,At-Large,Single Family Housing,Guaranteed Loan (SFH),Zip Code Withheld,Not Persistent Poverty Community,Name Withheld,NOT AVAILABLE,Loan Funds - Guaranteed,City Name Withheld,FAIRWAY INDEPENDENT MORTGAGE CORPORATION,SEC 502 GUARANTEED SINGLE FAMILY HOUSING PURCHASE LOANS - WITH ANNUAL FEES ASSIGNED,Real Estate and Rental and Leasing,50005,NA,Not Available,Residential,Detailed Project Description Not Available,326262,2
2021,Vermont,Caledonia,At-Large,Single Family Housing,Guaranteed Loan (SFH),Zip Code Withheld,Not Persistent Poverty Community,Name Withheld,NOT AVAILABLE,Loan Funds - Guaranteed,City Name Withheld,"HOMEBRIDGE FINANCIAL SERVICES, INC.",SEC 502 GUARANTEED SINGLE FAMILY HOUSING PURCHASE LOANS - WITH ANNUAL FEES ASSIGNED,Real Estate and Rental and Leasing,50005,NA,Not Available,Residential,Detailed Project Description Not Available,171717,1
2021,Vermont,Caledonia,At-Large,Single Family Housing,Guaranteed Loan (SFH),Zip Code Withheld,Not Persistent Poverty Community,Name Withheld,NOT AVAILABLE,Loan Funds - Guaranteed,City Name Withheld,"MOVEMENT MORTGAGE, LLC",SEC 502 GUARANTEED SINGLE FAMILY HOUSING PURCHASE LOANS - WITH ANNUAL FEES ASSIGNED,Real Estate and Rental and Leasing,50005,NA,Not Available,Residential,Detailed Project Description Not Available,190909,1
2021,Vermont,Caledonia,At-Large,Single Family Housing,Guaranteed Loan (SFH),Zip Code Withheld,Not Persistent Poverty Community,Name Withheld,NOT AVAILABLE,Loan Funds - Guaranteed,City Name Withheld,NORTHFIELD SAVINGS BANK,SEC 502 GUARANTEED SINGLE FAMILY HOUSING PURCHASE LOANS - WITH ANNUAL FEES ASSIGNED,Real Estate and Rental and Leasing,50005,NA,Not Available,Residential,Detailed Project Description Not Available,161000,1
2021,Vermont,Caledonia,At-Large,Single Family Housing,Guaranteed Loan (SFH),Zip Code Withheld,Not Persistent Poverty Community,Name Withheld,NOT AVAILABLE,Loan Funds - Guaranteed,City Name Withheld,UNION BANK,SEC 502 GUARANTEED SINGLE FAMILY HOUSING PURCHASE LOANS - WITH ANNUAL FEES ASSIGNED,Real Estate and Rental and Leasing,50005,NA,Not Available,Residential,Detailed Project Description Not Available,1671646,9
2021,Vermont,Caledonia,At-Large,Single Family Housing,Guaranteed Loan (SFH),Zip Code Withheld,Not Persistent Poverty Community,Name Withheld,NOT AVAILABLE,Loan Funds - Guaranteed,City Name Withheld,VERMONT FEDERAL CREDIT UNION,SEC 502 GUARANTEED SINGLE FAMILY HOUSING PURCHASE LOANS - WITH ANNUAL FEES ASSIGNED,Real Estate and Rental and Leasing,50005,NA,Not Available,Residential,Detailed Project Description Not Available,186363,1
2021,Vermont,Caledonia,At-Large,Single Family Housing,Repair Grant (SFH),Zip Code Withheld,Not Persistent Poverty Community,Name Withheld,NOT AVAILABLE,Grant Funds,City Name Withheld,Not Applicable,504 COMBINATION LOAN & GRANT,Real Estate and Rental and Leasing,50005,NA,Not Available,Residential,Detailed Project Description Not Available,21000,4
2021,Vermont,Caledonia,At-Large,Single Family Housing,Repair Grant (SFH),Zip Code Withheld,Not Persistent Poverty Community,Name Withheld,NOT AVAILABLE,Grant Funds,City Name Withheld,Not Applicable,504 GRANT,Real Estate and Rental and Leasing,50005,NA,Not Available,Residential,Detailed Project Description Not Available,12367,2
2021,Vermont,Caledonia,At-Large,Single Family Housing,Repair Loan (SFH),Zip Code Withheld,Not Persistent Poverty Community,Name Withheld,NOT AVAILABLE,Loan Funds - Direct,City Name Withheld,Not Applicable,504 COMBINATION LOAN & GRANT,Real Estate and Rental and Leasing,50005,NA,Not Available,Residential,Detailed Project Description Not Available,10000,4
2021,Vermont,Chittenden,At-Large,Business Programs,Business and Industry Loan Guarantees (B&I) (BP),05401,Not Persistent Poverty Community,"GLAVEL, INC.","FY21 B&I GUAR $504,100 GLAVEL",Loan Funds - Guaranteed,Burlington,VEDA,GUARANTEED B&I 3% FEE LOAN,Manufacturing,50007,327215,GLASS PRODUCT MANUFACTURING MADE OF PURCHASED GLASS,Commercial,"This Rural Development investment will provide a guarantee on a loan from the Vermont Economic Development Authority to Glavel, Inc. Loan proceeds will be used to purchase components to operationalize the borrowers production facility. The borrowers mission is to create an ecosystem of low-embodied carbon foam glass products to solve pervasive issues in high-performance building, commercial building, and infrastructure markets.",504100,1
2021,Vermont,Chittenden,At-Large,Business Programs,Business and Industry Loan Guarantees (B&I) (BP),05477,Not Persistent Poverty Community,"BVR, LLC",FY2021 $1.46MM REFI&CONSTRUCT,Loan Funds - Guaranteed,Bolton,VEDA,GUARANTEED B&I 3% FEE LOAN,Accommodation and Food Services,50007,721110,HOTELS (EXCEPT CASINO HOTELS) AND MOTELS,Commercial,Detailed Project Description Not Available,1457891,1
2021,Vermont,Chittenden,At-Large,Business Programs,Rural Business Development Grant (RBDG),05401,Not Persistent Poverty Community,BIG HEAVY WORLD FOUNDATION INC.,ARCGIS ASSET MAP- FY 21,Grant Funds,Burlington,Not Applicable,RBCS ENTERPRISE GRANTS,"Arts, Entertainment, and Recreation",50007,711130,MUSICAL GROUPS AND ARTISTS,Commercial,"This Rural Development Investment will centralize public information about Vermonts music sector, creating a GIS- based interactive guide to supplement the recent production of a statewide GIS directory of Vermont-based musicians. Funding will allow a Vermont music-industry advisory network to transparently research and inform economic development for music industry stakeholders by strengthening social capital in a sustainable way. Rural Development funds will support the engagement of young adults and college students in the research and outreach of this project through collaborative workforce experience programs.",13000,1
2021,Vermont,Chittenden,At-Large,Business Programs,Rural Business Development Grant (RBDG),05401,Not Persistent Poverty Community,"LET'S GROW KIDS, INC.",CHILD CARE,Grant Funds,Burlington,Not Applicable,RBCS ENTERPRISE REAP ZONE GRANTS,Public Administration,50007,926110,ADMINISTRATION OF GENERAL ECONOMIC PROGRAMS,Commercial,This Rural Development Investment will support child care business expansion and sustainability efforts in the Northeast Kingdom to meet the needs of families throughout the region.,78276,1
2021,Vermont,Chittenden,At-Large,Business Programs,Rural Energy for America Program (REAP),05403,Not Persistent Poverty Community,"TLC NURSING ASSOCIATES, INC.",FY21 RES 26.5KW SOLAR PV,Grant Funds,South Burlington,Not Applicable,"MAND. RENEW ENERFY SYSTEMS GRANTS UNDER $20,000",Health Care and Social Assistance,50007,621610,HOME HEALTH CARE SERVICES,Commercial,"This Rural Development investment will be used to purchase and installation of a 26.5kW solar array. TLC Nursing Associates, Inc. provides home health services in VT and NH. This project will realize $4,538 per year in savings and will replace 26,912kWh (97%) per year.",19009,1
2021,Vermont,Chittenden,At-Large,Business Programs,Value Added Producer Grant (VAPG),05461,Not Persistent Poverty Community,SHRUBBLY LLC,VAPG2021VT12,Grant Funds,Hinesburg,Not Applicable,LOCAL AGRICULTURE MARKET RESOURCE PROGRAM (LAMP) VALUE-ADDED PRODUCER GRANTS - COVID,"Agriculture, Forestry, Fishing and Hunting",50007,111339,OTHER NONCITRUS FRUIT FARMING,Commercial,"This Rural Development investment will be used to expand the sales of Shrubbly LLCs Aronia berry based canned beverages. Project funds will pay for co-packing, packaging materials and digital marketing expenses.",250000,1
2021,Vermont,Chittenden,At-Large,Business Programs,Value Added Producer Grant (VAPG),05477,Not Persistent Poverty Community,MAPLE WIND FARM INC.,VAPG2021VT11,Grant Funds,Richmond,Not Applicable,LOCAL AGRICULTURE MARKET RESOURCE PROGRAM (LAMP) VALUE-ADDED PRODUCER GRANTS - COVID,"Agriculture, Forestry, Fishing and Hunting",50007,112320,BROILERS AND OTHER MEAT TYPE CHICKEN PRODUCTION,Commercial,"This Rural Development investment will be used to expand the farms customer base, moving from local markets into the New England/metro New York region. Project work includes marketing and processing, and activities to generate and meet the anticipated increase in demand for the grantees chicken, turkey and pork value-added products. The project includes a match contribution of $65,000 from the grantee.",250000,1
2021,Vermont,Chittenden,At-Large,Business Programs,Value Added Producer Grant (VAPG),05482,Not Persistent Poverty Community,FISHER BROTHERS FARM LLC,VAPG2021VT10,Grant Funds,Shelburne,Not Applicable,LAMP BEGINNING AND SOCIALLY DISADVANTAGED FARMERS OR RANCHERS GRANTS - COVID,"Agriculture, Forestry, Fishing and Hunting",50007,111339,OTHER NONCITRUS FRUIT FARMING,Commercial,"This Rural Development investment will be used to help Fisher Brothers Farm LLC the expand its ice cream brand. The marketing expansion will target three sales channels, events, retail and website. Funds will be utilized to enhance value-added product processing, marketing and distribution. The project includes a contribution of $25,000 from the grantee.",249838,1
2021,Vermont,Chittenden,At-Large,Business Programs,Value Added Producer Grant (VAPG),05482,Not Persistent Poverty Community,GUILLEMETTE FARM,VAPG2021VT17 PL FS MANRE-NRGY,Grant Funds,Shelburne,Not Applicable,LOCAL AGRICULTURE MARKET RESOURCE PROGRAM (LAMP) VALUE-ADDED PRODUCER GRANTS - COVID,"Agriculture, Forestry, Fishing and Hunting",50007,112120,DAIRY CATTLE AND MILK PRODUCTION,Commercial,"This Rural Development investment will be used to conduct a feasibility study for converting dairy manure and other organic waste into value-added coproducts such as fertilizer, soil amendments and cow bedding. The project includes $7,500 match from the applicant and $10,500 match from a third-party.",75000,1
2021,Vermont,Chittenden,At-Large,Business Programs,Value Added Producer Grant (VAPG),05489,Not Persistent Poverty Community,MOOSE MOUNTAIN MAPLE LLC,VAPG2021VT03,Grant Funds,Underhill,Not Applicable,LOCAL AGRICULTURE MARKET RESOURCE PROGRAM (LAMP) VALUE-ADDED PRODUCER GRANTS - COVID,"Agriculture, Forestry, Fishing and Hunting",50007,111998,ALL OTHER MISCELLANEOUS CROP FARMING,Commercial,"This Rural Development investment will be used to expand retail opportunities for organic maple syrup by Moose Mountain Maple LLC. The project will launch a marketing campaign and increase web-based retail capabilities, expand offerings with new maple products, and hire two employees to assist with processing and marketing activities.",236232,1
2021,Vermont,Chittenden,At-Large,Community Facilities,Community Development Grant (CF),05401,Not Persistent Poverty Community,"LET'S GROW KIDS, INCORPORATED",RCDI FY 21,Grant Funds,Burlington,Not Applicable,RCDI RURAL COMMUNITY DEVELOPMENT INITIATIVE GRANT,Other or Not Defined,50007,4,APPALACHIAN REG. COMMISSION GRANT (ARC) - CF,Commercial,Detailed Project Description Not Available,248457,1
2021,Vermont,Chittenden,At-Large,Multifamily Housing,Rental Assistance (MFH),Zip Code Withheld,Not Persistent Poverty Community,Name Withheld,MEADOWLANE APTS,Grant Funds,City Name Withheld,Not Applicable,RENEWAL  / REPLACEMENT - ELDERLY,Real Estate and Rental and Leasing,50007,NA,Not Available,Residential,Detailed Project Description Not Available,111335,1
2021,Vermont,Chittenden,At-Large,Multifamily Housing,Rental Assistance (MFH),Zip Code Withheld,Not Persistent Poverty Community,Name Withheld,WRIGHT HOUSE HARRINGTON VILLAGE,Grant Funds,City Name Withheld,Not Applicable,RENEWAL  / REPLACEMENT - ELDERLY,Real Estate and Rental and Leasing,50007,NA,Not Available,Residential,Detailed Project Description Not Available,272225,1
2021,Vermont,Chittenden,At-Large,Single Family Housing,Direct Loan (SFH),Zip Code Withheld,Not Persistent Poverty Community,Name Withheld,NOT AVAILABLE,Loan Funds - Direct,City Name Withheld,Not Applicable,502 LOAN - GENERAL INTEREST SUBSIDY LOW & OTHER INCOME,Real Estate and Rental and Leasing,50007,NA,Not Available,Residential,Detailed Project Description Not Available,303600,1
2021,Vermont,Chittenden,At-Large,Single Family Housing,Direct Loan (SFH),Zip Code Withheld,Not Persistent Poverty Community,Name Withheld,NOT AVAILABLE,Loan Funds - Direct,City Name Withheld,Not Applicable,502 LOAN - GENERAL INTEREST SUBSIDY VERY LOW INCOME,Real Estate and Rental and Leasing,50007,NA,Not Available,Residential,Detailed Project Description Not Available,142000,1
2021,Vermont,Chittenden,At-Large,Single Family Housing,Guaranteed Loan (SFH),Zip Code Withheld,Not Persistent Poverty Community,Name Withheld,NOT AVAILABLE,Loan Funds - Guaranteed,City Name Withheld,ACADEMY MORTGAGE CORPORATION,SEC 502 GUARANTEED SINGLE FAMILY HOUSING REFINANCE LOANS - WITH ANNUAL FEES ASSIGNED,Real Estate and Rental and Leasing,50007,NA,Not Available,Residential,Detailed Project Description Not Available,205656,1
2021,Vermont,Chittenden,At-Large,Single Family Housing,Guaranteed Loan (SFH),Zip Code Withheld,Not Persistent Poverty Community,Name Withheld,NOT AVAILABLE,Loan Funds - Guaranteed,City Name Withheld,"ARK-LA-TEX FINANCIAL SERVICES, LLC DBA",SEC 502 GUARANTEED SINGLE FAMILY HOUSING PURCHASE LOANS - WITH ANNUAL FEES ASSIGNED,Real Estate and Rental and Leasing,50007,NA,Not Available,Residential,Detailed Project Description Not Available,419191,1
2021,Vermont,Chittenden,At-Large,Single Family Housing,Guaranteed Loan (SFH),Zip Code Withheld,Not Persistent Poverty Community,Name Withheld,NOT AVAILABLE,Loan Funds - Guaranteed,City Name Withheld,"CMG MORTGAGE, INC",SEC 502 GUARANTEED SINGLE FAMILY HOUSING PURCHASE LOANS - WITH ANNUAL FEES ASSIGNED,Real Estate and Rental and Leasing,50007,NA,Not Available,Residential,Detailed Project Description Not Available,227272,1
2021,Vermont,Chittenden,At-Large,Single Family Housing,Guaranteed Loan (SFH),Zip Code Withheld,Not Persistent Poverty Community,Name Withheld,NOT AVAILABLE,Loan Funds - Guaranteed,City Name Withheld,EASTRISE CREDIT UNION,SEC 502 GUARANTEED SINGLE FAMILY HOUSING PURCHASE LOANS - WITH ANNUAL FEES ASSIGNED,Real Estate and Rental and Leasing,50007,NA,Not Available,Residential,Detailed Project Description Not Available,287070,1
2021,Vermont,Chittenden,At-Large,Single Family Housing,Guaranteed Loan (SFH),Zip Code Withheld,Not Persistent Poverty Community,Name Withheld,NOT AVAILABLE,Loan Funds - Guaranteed,City Name Withheld,"ENVOY MORTGAGE, LTD.",SEC 502 GUARANTEED SINGLE FAMILY HOUSING PURCHASE LOANS - WITH ANNUAL FEES ASSIGNED,Real Estate and Rental and Leasing,50007,NA,Not Available,Residential,Detailed Project Description Not Available,619595,2
2021,Vermont,Chittenden,At-Large,Single Family Housing,Guaranteed Loan (SFH),Zip Code Withheld,Not Persistent Poverty Community,Name Withheld,NOT AVAILABLE,Loan Funds - Guaranteed,City Name Withheld,FAIRWAY INDEPENDENT MORTGAGE CORPORATION,SEC 502 GUARANTEED SINGLE FAMILY HOUSING PURCHASE LOANS - WITH ANNUAL FEES ASSIGNED,Real Estate and Rental and Leasing,50007,NA,Not Available,Residential,Detailed Project Description Not Available,820200,3
2021,Vermont,Chittenden,At-Large,Single Family Housing,Guaranteed Loan (SFH),Zip Code Withheld,Not Persistent Poverty Community,Name Withheld,NOT AVAILABLE,Loan Funds - Guaranteed,City Name Withheld,"HOMEBRIDGE FINANCIAL SERVICES, INC.",SEC 502 GUARANTEED SINGLE FAMILY HOUSING PURCHASE LOANS - WITH ANNUAL FEES ASSIGNED,Real Estate and Rental and Leasing,50007,NA,Not Available,Residential,Detailed Project Description Not Available,626262,2
2021,Vermont,Chittenden,At-Large,Single Family Housing,Guaranteed Loan (SFH),Zip Code Withheld,Not Persistent Poverty Community,Name Withheld,NOT AVAILABLE,Loan Funds - Guaranteed,City Name Withheld,"MOVEMENT MORTGAGE, LLC",SEC 502 GUARANTEED SINGLE FAMILY HOUSING PURCHASE LOANS - WITH ANNUAL FEES ASSIGNED,Real Estate and Rental and Leasing,50007,NA,Not Available,Residential,Detailed Project Description Not Available,168686,1
2021,Vermont,Chittenden,At-Large,Single Family Housing,Guaranteed Loan (SFH),Zip Code Withheld,Not Persistent Poverty Community,Name Withheld,NOT AVAILABLE,Loan Funds - Guaranteed,City Name Withheld,UNION BANK,SEC 502 GUARANTEED SINGLE FAMILY HOUSING PURCHASE LOANS - WITH ANNUAL FEES ASSIGNED,Real Estate and Rental and Leasing,50007,NA,Not Available,Residential,Detailed Project Description Not Available,1105872,4
2021,Vermont,Chittenden,At-Large,Single Family Housing,Guaranteed Loan (SFH),Zip Code Withheld,Not Persistent Poverty Community,Name Withheld,NOT AVAILABLE,Loan Funds - Guaranteed,City Name Withheld,VERMONT FEDERAL CREDIT UNION,SEC 502 GUARANTEED SINGLE FAMILY HOUSING PURCHASE LOANS - WITH ANNUAL FEES ASSIGNED,Real Estate and Rental and Leasing,50007,NA,Not Available,Residential,Detailed Project Description Not Available,973735,4
2021,Vermont,Chittenden,At-Large,Single Family Housing,Repair Grant (SFH),Zip Code Withheld,Not Persistent Poverty Community,Name Withheld,NOT AVAILABLE,Grant Funds,City Name Withheld,Not Applicable,504 GRANT,Real Estate and Rental and Leasing,50007,NA,Not Available,Residential,Detailed Project Description Not Available,7500,1
2021,Vermont,Chittenden,At-Large,Water and Environmental,Solid Waste Management Grant (WEP),05461,Not Persistent Poverty Community,"Composting Association of Vermont, Inc.",SWM FY 21,Grant Funds,Hinesburg,Not Applicable,(WWA PROGRAM AREA) SOLID WASTE GRANT,Utilities,50007,NA,Not Available,Commercial,"This Rural Development investment will be used to reduce solid waste, avoid water pollution, and increase soil health by providing technical support and training for community-scale food scrap composting and manure management on farms. Through the development of a multimedia toolkit, trainings, hands-on technical assistance, and development of community partnerships, farms in rural regions will benefit from resources and skills needed to successfully develop and implement community food scrap and agricultural organic waste composting. While developed and extended to farmers in these two states, the toolkit and remote-training resources will serve as a model for rural, small-scale farming communities throughout the U.S.",84700,1
2021,Vermont,Essex,At-Large,Business Programs,Rural Business Development Grant (RBDG),05846,Not Persistent Poverty Community,"BRIGHTON COMMUNITY FORUM, INC.",MAKING ISLAND POND SUSTAINABLE,Grant Funds,Island Pond,Not Applicable,RBCS ENTERPRISE REAP ZONE GRANTS,"Professional, Scientific, and Technical Services",50009,541690,OTHER SCIENTIFIC AND TECHNICAL CONSULTING SERVICES,Commercial,"This Rural Business Development investment will help the Brighton Community Forum revitalize the Island Pond business community. The COVID-19 pandemic put a halt to all events that have become the hallmark of this effort. As a result, the Forum shifted gears into helping the businesses survive the shutdowns and uncertainties, continuing its role as economic growth advisor while suspending that of event coordinator. With this funding, the Forum will restart the event series responsible for the previous growth, making certain adaptations to accommodate smart and safe pandemic policies. Counseling will take place with each of the businesses to help them best capitalize on the changed environment. Messaging will ensure visitors are aware that they are open and ready to serve them. Grant funds will be utilized for marketing, event production costs and consulting fees.",75000,1
2021,Vermont,Essex,At-Large,Business Programs,Rural Business Development Grant (RBDG),05907,Not Persistent Poverty Community,NORTHEST KINGDOM SNOW BLASTERS,EQUIPMENT RBDG FY21,Grant Funds,Norton,Not Applicable,RBCS ENTERPRISE REAP ZONE GRANTS,Public Administration,50009,921160,Not Available,Commercial,"This Rural Development investment will be used to assist the Northeast Kingdom Snow Blasters snowmobile club with purchasing a Model 2000 Tucker-Terra Sno-Cat Trail Groomer. The groomer will be used to grade trails in Essex county, providing quality and safe riding trails for members and visitors. This project will promote tourism to the area and support small businesses along the trails during the winter months, while providing eight new jobs and retaining ten.",99000,1
2021,Vermont,Essex,At-Large,Single Family Housing,Direct Loan (SFH),Zip Code Withheld,Not Persistent Poverty Community,Name Withheld,NOT AVAILABLE,Loan Funds - Direct,City Name Withheld,Not Applicable,502 LOAN - GENERAL INTEREST SUBSIDY LOW & OTHER INCOME,Real Estate and Rental and Leasing,50009,NA,Not Available,Residential,Detailed Project Description Not Available,234000,1
2021,Vermont,Essex,At-Large,Single Family Housing,Guaranteed Loan (SFH),Zip Code Withheld,Not Persistent Poverty Community,Name Withheld,NOT AVAILABLE,Loan Funds - Guaranteed,City Name Withheld,BANK OF ENGLAND,SEC 502 GUARANTEED SINGLE FAMILY HOUSING PURCHASE LOANS - WITH ANNUAL FEES ASSIGNED,Real Estate and Rental and Leasing,50009,NA,Not Available,Residential,Detailed Project Description Not Available,102020,1
2021,Vermont,Essex,At-Large,Single Family Housing,Guaranteed Loan (SFH),Zip Code Withheld,Not Persistent Poverty Community,Name Withheld,NOT AVAILABLE,Loan Funds - Guaranteed,City Name Withheld,UNION BANK,SEC 502 GUARANTEED SINGLE FAMILY HOUSING PURCHASE LOANS - WITH ANNUAL FEES ASSIGNED,Real Estate and Rental and Leasing,50009,NA,Not Available,Residential,Detailed Project Description Not Available,170707,1
2021,Vermont,Essex,At-Large,Single Family Housing,Repair Grant (SFH),Zip Code Withheld,Not Persistent Poverty Community,Name Withheld,NOT AVAILABLE,Grant Funds,City Name Withheld,Not Applicable,504 COMBINATION LOAN & GRANT,Real Estate and Rental and Leasing,50009,NA,Not Available,Residential,Detailed Project Description Not Available,3000,1
2021,Vermont,Essex,At-Large,Single Family Housing,Repair Grant (SFH),Zip Code Withheld,Not Persistent Poverty Community,Name Withheld,NOT AVAILABLE,Grant Funds,City Name Withheld,Not Applicable,504 GRANT,Real Estate and Rental and Leasing,50009,NA,Not Available,Residential,Detailed Project Description Not Available,21160,3
2021,Vermont,Essex,At-Large,Single Family Housing,Repair Loan (SFH),Zip Code Withheld,Not Persistent Poverty Community,Name Withheld,NOT AVAILABLE,Loan Funds - Direct,City Name Withheld,Not Applicable,504 COMBINATION LOAN & GRANT,Real Estate and Rental and Leasing,50009,NA,Not Available,Residential,Detailed Project Description Not Available,3000,1
2021,Vermont,Essex,At-Large,Water and Environmental,Direct Loan and Grant (WEP),05846,Not Persistent Poverty Community,"Brighton, Town of",FY20 SEARCH - FY 21 WWTF Refurbishment,Grant Funds,Island Pond,Not Applicable,(COMB LOAN & GRANT) WASTE DISPOSAL ONLY,Utilities,50009,NA,Not Available,Commercial,Detailed Project Description Not Available,1569000,1
2021,Vermont,Essex,At-Large,Water and Environmental,Direct Loan and Grant (WEP),05846,Not Persistent Poverty Community,"Brighton, Town of",FY20 SEARCH - FY 21 WWTF Refurbishment,Loan Funds - Direct,Island Pond,Not Applicable,(COMB LOAN & GRANT) WASTE DISPOSAL ONLY,Utilities,50009,NA,Not Available,Commercial,Detailed Project Description Not Available,2145000,1
2021,Vermont,Franklin,At-Large,Business Programs,Advanced Biofuel Payment Program,05450,Not Persistent Poverty Community,KANE'S COW POWER LLC,NOT AVAILABLE,Grant Funds,Enosburg Falls,Not Applicable,GRANT FOR PROD OF ADV BIOFUEL,Other or Not Defined,50011,NA,Not Available,Commercial,Detailed Project Description Not Available,217,4
2021,Vermont,Franklin,At-Large,Business Programs,Rural Business Development Grant (RBDG),05478,Not Persistent Poverty Community,NORTHWEST VT COMMUNICATIONS UNION DIS.,NW VT BROADBAND TA- FY21,Grant Funds,St. Albans,Not Applicable,RBCS ENTERPRISE GRANTS,Public Administration,50011,926110,ADMINISTRATION OF GENERAL ECONOMIC PROGRAMS,Commercial,"This Rural Development investment will be used to hire a consultant to assist in the development of anopen-access municipal fiber network. Included in the consultants activities will be business planning and organizational management to facilitate the expansion of broadband in the Northeast Kingdom of Vermont, a designated Rural Economic Area Partnership (REAP) zone.The project will provide critical planning and capacity building to enable small businesses to obtain high speed broadband access. This project will save or create ten new jobs.",8000,1
2021,Vermont,Franklin,At-Large,Business Programs,Rural Energy for America Program (REAP),05450,Not Persistent Poverty Community,DALESTEAD FARM AND MAPLE LLC,FY21 EEI MAPLE EVAPORATOR EQ,Grant Funds,Enosburg Falls,Not Applicable,"MAND.ENERGY EFFIC IMPROV GRANTS UNDER $20,000","Agriculture, Forestry, Fishing and Hunting",50011,112120,DAIRY CATTLE AND MILK PRODUCTION,Commercial,"This Rural Development investment will be used to purchase and install new equipment for a maple syrup producer. Dalestead Farm and Maple, LLC is installing a new evaporator that will reduce the time required to boil sap, resulting in less fuel oil consumed per gallon of syrup produced. It is estimated that the new equipment will reduce fuel consumption by 51% or about 1,500 gallons of oil per year.",10281,1
2021,Vermont,Franklin,At-Large,Business Programs,Rural Energy for America Program (REAP),05450,Not Persistent Poverty Community,"STONE CREEK FARM AT BABBLING BROOK, LLC",FY21 RES 68.2KW SOLAR ARRAY,Grant Funds,Enosburg Falls,Not Applicable,REAP-MANDATORY RENEW ENERGY SYST GRANTS,"Agriculture, Forestry, Fishing and Hunting",50011,111219,OTHER VEGETABLE (EXCEPT POTATO) AND MELON FARMING,Commercial,"This Rural Development investment will be used to install a 68.2 kilowatt (kW) roof-mounted solar array at Stone Creek Farm at Babbling Brook. The operation - complete with a commercial aquaponic greenhouse and packing/processing buildings - produces field crops, herbs and produce. The array will offset 83 percent of utility costs estimated at over $13,700 annually. The purpose of this funding program is to assist farmers, ranchers, and rural small businesses in developing renewable energy systems, and in making energy-efficiency improvements to their operations.",40067,1
2021,Vermont,Franklin,At-Large,Business Programs,Value Added Producer Grant (VAPG),05450,Not Persistent Poverty Community,MAGNAN BROS. MAQUAM SHORE DAIRY LLC,VAPG2021VT19 PL NUTRIENT ABTMT,Grant Funds,Enosburgh,Not Applicable,VALUE-ADDED PRODUCER DEVELOPMENT GRANTS,"Agriculture, Forestry, Fishing and Hunting",50011,112120,DAIRY CATTLE AND MILK PRODUCTION,Commercial,"This Rural Development investment will be used to conduct a feasibility study on the profitability of installing anaerobic digester technology in order to diversify the applicants farm revenue stream. Revenue streams to be investigated include selling of biogas-based electricity, selling of excess digested biosolids, offsets from using digested solids as bedding, and state and federal incentives for renewable energy generation and environmental protection.",37500,1
2021,Vermont,Franklin,At-Large,Multifamily Housing,Rental Assistance (MFH),Zip Code Withheld,Not Persistent Poverty Community,Name Withheld,FOURWINDS APTS,Grant Funds,City Name Withheld,Not Applicable,RENEWAL  / REPLACEMENT - ELDERLY,Real Estate and Rental and Leasing,50011,NA,Not Available,Residential,Detailed Project Description Not Available,327091,1
2021,Vermont,Franklin,At-Large,Multifamily Housing,Rental Assistance (MFH),Zip Code Withheld,Not Persistent Poverty Community,Name Withheld,PLEASANT STREET HOUSING LP,Grant Funds,City Name Withheld,Not Applicable,RENEWAL / REPLACEMENT -FAMILY,Real Estate and Rental and Leasing,50011,NA,Not Available,Residential,Detailed Project Description Not Available,204077,1
2021,Vermont,Franklin,At-Large,Multifamily Housing,Rental Assistance (MFH),Zip Code Withheld,Not Persistent Poverty Community,Name Withheld,RICHFORD COMMUNITY HOUSING,Grant Funds,City Name Withheld,Not Applicable,RENEWAL / REPLACEMENT -FAMILY,Real Estate and Rental and Leasing,50011,NA,Not Available,Residential,Detailed Project Description Not Available,152152,1
2021,Vermont,Franklin,At-Large,Multifamily Housing,Rental Assistance (MFH),Zip Code Withheld,Not Persistent Poverty Community,Name Withheld,SWANTON MEADOWS REALTY RESOURCE,Grant Funds,City Name Withheld,Not Applicable,RENEWAL / REPLACEMENT -FAMILY,Real Estate and Rental and Leasing,50011,NA,Not Available,Residential,Detailed Project Description Not Available,241243,1
2021,Vermont,Franklin,At-Large,Single Family Housing,Direct Loan (SFH),Zip Code Withheld,Not Persistent Poverty Community,Name Withheld,NOT AVAILABLE,Loan Funds - Direct,City Name Withheld,Not Applicable,502 LOAN - GENERAL INTEREST SUBSIDY LOW & OTHER INCOME,Real Estate and Rental and Leasing,50011,NA,Not Available,Residential,Detailed Project Description Not Available,544400,2
2021,Vermont,Franklin,At-Large,Single Family Housing,Direct Loan (SFH),Zip Code Withheld,Not Persistent Poverty Community,Name Withheld,NOT AVAILABLE,Loan Funds - Direct,City Name Withheld,Not Applicable,502 LOAN - GENERAL INTEREST SUBSIDY VERY LOW INCOME,Real Estate and Rental and Leasing,50011,NA,Not Available,Residential,Detailed Project Description Not Available,444000,2
2021,Vermont,Franklin,At-Large,Single Family Housing,Guaranteed Loan (SFH),Zip Code Withheld,Not Persistent Poverty Community,Name Withheld,NOT AVAILABLE,Loan Funds - Guaranteed,City Name Withheld,ACADEMY MORTGAGE CORPORATION,SEC 502 GUARANTEED SINGLE FAMILY HOUSING PURCHASE LOANS - WITH ANNUAL FEES ASSIGNED,Real Estate and Rental and Leasing,50011,NA,Not Available,Residential,Detailed Project Description Not Available,4070599,20
2021,Vermont,Franklin,At-Large,Single Family Housing,Guaranteed Loan (SFH),Zip Code Withheld,Not Persistent Poverty Community,Name Withheld,NOT AVAILABLE,Loan Funds - Guaranteed,City Name Withheld,"ARK-LA-TEX FINANCIAL SERVICES, LLC DBA",SEC 502 GUARANTEED SINGLE FAMILY HOUSING PURCHASE LOANS - WITH ANNUAL FEES ASSIGNED,Real Estate and Rental and Leasing,50011,NA,Not Available,Residential,Detailed Project Description Not Available,230303,1
2021,Vermont,Franklin,At-Large,Single Family Housing,Guaranteed Loan (SFH),Zip Code Withheld,Not Persistent Poverty Community,Name Withheld,NOT AVAILABLE,Loan Funds - Guaranteed,City Name Withheld,"CMG MORTGAGE, INC",SEC 502 GUARANTEED SINGLE FAMILY HOUSING PURCHASE LOANS - WITH ANNUAL FEES ASSIGNED,Real Estate and Rental and Leasing,50011,NA,Not Available,Residential,Detailed Project Description Not Available,267575,1
2021,Vermont,Franklin,At-Large,Single Family Housing,Guaranteed Loan (SFH),Zip Code Withheld,Not Persistent Poverty Community,Name Withheld,NOT AVAILABLE,Loan Funds - Guaranteed,City Name Withheld,COMMUNITY BANK NA,SEC 502 GUARANTEED SINGLE FAMILY HOUSING PURCHASE LOANS - WITH ANNUAL FEES ASSIGNED,Real Estate and Rental and Leasing,50011,NA,Not Available,Residential,Detailed Project Description Not Available,201919,1
2021,Vermont,Franklin,At-Large,Single Family Housing,Guaranteed Loan (SFH),Zip Code Withheld,Not Persistent Poverty Community,Name Withheld,NOT AVAILABLE,Loan Funds - Guaranteed,City Name Withheld,EASTRISE CREDIT UNION,SEC 502 GUARANTEED SINGLE FAMILY HOUSING PURCHASE LOANS - WITH ANNUAL FEES ASSIGNED,Real Estate and Rental and Leasing,50011,NA,Not Available,Residential,Detailed Project Description Not Available,1109963,5
2021,Vermont,Franklin,At-Large,Single Family Housing,Guaranteed Loan (SFH),Zip Code Withheld,Not Persistent Poverty Community,Name Withheld,NOT AVAILABLE,Loan Funds - Guaranteed,City Name Withheld,"ENVOY MORTGAGE, LTD.",SEC 502 GUARANTEED SINGLE FAMILY HOUSING PURCHASE LOANS - WITH ANNUAL FEES ASSIGNED,Real Estate and Rental and Leasing,50011,NA,Not Available,Residential,Detailed Project Description Not Available,231313,1
2021,Vermont,Franklin,At-Large,Single Family Housing,Guaranteed Loan (SFH),Zip Code Withheld,Not Persistent Poverty Community,Name Withheld,NOT AVAILABLE,Loan Funds - Guaranteed,City Name Withheld,FAIRWAY INDEPENDENT MORTGAGE CORPORATION,SEC 502 GUARANTEED SINGLE FAMILY HOUSING PURCHASE LOANS - WITH ANNUAL FEES ASSIGNED,Real Estate and Rental and Leasing,50011,NA,Not Available,Residential,Detailed Project Description Not Available,1617673,7
2021,Vermont,Franklin,At-Large,Single Family Housing,Guaranteed Loan (SFH),Zip Code Withheld,Not Persistent Poverty Community,Name Withheld,NOT AVAILABLE,Loan Funds - Guaranteed,City Name Withheld,"HOMEBRIDGE FINANCIAL SERVICES, INC.",SEC 502 GUARANTEED SINGLE FAMILY HOUSING PURCHASE LOANS - WITH ANNUAL FEES ASSIGNED,Real Estate and Rental and Leasing,50011,NA,Not Available,Residential,Detailed Project Description Not Available,2308076,11
2021,Vermont,Franklin,At-Large,Single Family Housing,Guaranteed Loan (SFH),Zip Code Withheld,Not Persistent Poverty Community,Name Withheld,NOT AVAILABLE,Loan Funds - Guaranteed,City Name Withheld,"MOVEMENT MORTGAGE, LLC",SEC 502 GUARANTEED SINGLE FAMILY HOUSING PURCHASE LOANS - WITH ANNUAL FEES ASSIGNED,Real Estate and Rental and Leasing,50011,NA,Not Available,Residential,Detailed Project Description Not Available,309090,1
2021,Vermont,Franklin,At-Large,Single Family Housing,Guaranteed Loan (SFH),Zip Code Withheld,Not Persistent Poverty Community,Name Withheld,NOT AVAILABLE,Loan Funds - Guaranteed,City Name Withheld,"MOVEMENT MORTGAGE, LLC",SEC 502 GUARANTEED SINGLE FAMILY HOUSING REFINANCE LOANS - WITH ANNUAL FEES ASSIGNED,Real Estate and Rental and Leasing,50011,NA,Not Available,Residential,Detailed Project Description Not Available,259595,1
2021,Vermont,Franklin,At-Large,Single Family Housing,Guaranteed Loan (SFH),Zip Code Withheld,Not Persistent Poverty Community,Name Withheld,NOT AVAILABLE,Loan Funds - Guaranteed,City Name Withheld,"PARAMOUNT RESIDENTIAL MORTGAGE GROUP,INC",SEC 502 GUARANTEED SINGLE FAMILY HOUSING PURCHASE LOANS - WITH ANNUAL FEES ASSIGNED,Real Estate and Rental and Leasing,50011,NA,Not Available,Residential,Detailed Project Description Not Available,267676,1
2021,Vermont,Franklin,At-Large,Single Family Housing,Guaranteed Loan (SFH),Zip Code Withheld,Not Persistent Poverty Community,Name Withheld,NOT AVAILABLE,Loan Funds - Guaranteed,City Name Withheld,PEOPLES TRUST COMPANY,SEC 502 GUARANTEED SINGLE FAMILY HOUSING PURCHASE LOANS - WITH ANNUAL FEES ASSIGNED,Real Estate and Rental and Leasing,50011,NA,Not Available,Residential,Detailed Project Description Not Available,744342,4
2021,Vermont,Franklin,At-Large,Single Family Housing,Guaranteed Loan (SFH),Zip Code Withheld,Not Persistent Poverty Community,Name Withheld,NOT AVAILABLE,Loan Funds - Guaranteed,City Name Withheld,PEOPLES UNITED BANK,SEC 502 GUARANTEED SINGLE FAMILY HOUSING PURCHASE LOANS - WITH ANNUAL FEES ASSIGNED,Real Estate and Rental and Leasing,50011,NA,Not Available,Residential,Detailed Project Description Not Available,202000,1
2021,Vermont,Franklin,At-Large,Single Family Housing,Guaranteed Loan (SFH),Zip Code Withheld,Not Persistent Poverty Community,Name Withheld,NOT AVAILABLE,Loan Funds - Guaranteed,City Name Withheld,UNION BANK,SEC 502 GUARANTEED SINGLE FAMILY HOUSING PURCHASE LOANS - WITH ANNUAL FEES ASSIGNED,Real Estate and Rental and Leasing,50011,NA,Not Available,Residential,Detailed Project Description Not Available,2222531,10
2021,Vermont,Franklin,At-Large,Single Family Housing,Guaranteed Loan (SFH),Zip Code Withheld,Not Persistent Poverty Community,Name Withheld,NOT AVAILABLE,Loan Funds - Guaranteed,City Name Withheld,VERMONT FEDERAL CREDIT UNION,SEC 502 GUARANTEED SINGLE FAMILY HOUSING PURCHASE LOANS - WITH ANNUAL FEES ASSIGNED,Real Estate and Rental and Leasing,50011,NA,Not Available,Residential,Detailed Project Description Not Available,1861926,9
2021,Vermont,Franklin,At-Large,Single Family Housing,Repair Grant (SFH),Zip Code Withheld,Not Persistent Poverty Community,Name Withheld,NOT AVAILABLE,Grant Funds,City Name Withheld,Not Applicable,504 GRANT,Real Estate and Rental and Leasing,50011,NA,Not Available,Residential,Detailed Project Description Not Available,12900,3
2021,Vermont,Grand Isle,At-Large,Single Family Housing,Direct Loan (SFH),Zip Code Withheld,Not Persistent Poverty Community,Name Withheld,NOT AVAILABLE,Loan Funds - Direct,City Name Withheld,Not Applicable,502 LOAN - GENERAL INTEREST SUBSIDY LOW & OTHER INCOME,Real Estate and Rental and Leasing,50013,NA,Not Available,Residential,Detailed Project Description Not Available,251000,1
2021,Vermont,Grand Isle,At-Large,Single Family Housing,Direct Loan (SFH),Zip Code Withheld,Not Persistent Poverty Community,Name Withheld,NOT AVAILABLE,Loan Funds - Direct,City Name Withheld,Not Applicable,502 LOAN - GENERAL INTEREST SUBSIDY VERY LOW INCOME,Real Estate and Rental and Leasing,50013,NA,Not Available,Residential,Detailed Project Description Not Available,298500,1
2021,Vermont,Grand Isle,At-Large,Single Family Housing,Guaranteed Loan (SFH),Zip Code Withheld,Not Persistent Poverty Community,Name Withheld,NOT AVAILABLE,Loan Funds - Guaranteed,City Name Withheld,"ENVOY MORTGAGE, LTD.",SEC 502 GUARANTEED SINGLE FAMILY HOUSING PURCHASE LOANS - WITH ANNUAL FEES ASSIGNED,Real Estate and Rental and Leasing,50013,NA,Not Available,Residential,Detailed Project Description Not Available,220202,1
2021,Vermont,Grand Isle,At-Large,Single Family Housing,Guaranteed Loan (SFH),Zip Code Withheld,Not Persistent Poverty Community,Name Withheld,NOT AVAILABLE,Loan Funds - Guaranteed,City Name Withheld,"HOMEBRIDGE FINANCIAL SERVICES, INC.",SEC 502 GUARANTEED SINGLE FAMILY HOUSING PURCHASE LOANS - WITH ANNUAL FEES ASSIGNED,Real Estate and Rental and Leasing,50013,NA,Not Available,Residential,Detailed Project Description Not Available,163636,1
2021,Vermont,Grand Isle,At-Large,Single Family Housing,Guaranteed Loan (SFH),Zip Code Withheld,Not Persistent Poverty Community,Name Withheld,NOT AVAILABLE,Loan Funds - Guaranteed,City Name Withheld,"HOMEBRIDGE FINANCIAL SERVICES, INC.",SEC 502 GUARANTEED SINGLE FAMILY HOUSING REFINANCE LOANS - WITH ANNUAL FEES ASSIGNED,Real Estate and Rental and Leasing,50013,NA,Not Available,Residential,Detailed Project Description Not Available,161616,1
2021,Vermont,Grand Isle,At-Large,Single Family Housing,Guaranteed Loan (SFH),Zip Code Withheld,Not Persistent Poverty Community,Name Withheld,NOT AVAILABLE,Loan Funds - Guaranteed,City Name Withheld,"NBT BANK, N.A.",SEC 502 GUARANTEED SINGLE FAMILY HOUSING PURCHASE LOANS - WITH ANNUAL FEES ASSIGNED,Real Estate and Rental and Leasing,50013,NA,Not Available,Residential,Detailed Project Description Not Available,361411,1
2021,Vermont,Grand Isle,At-Large,Single Family Housing,Guaranteed Loan (SFH),Zip Code Withheld,Not Persistent Poverty Community,Name Withheld,NOT AVAILABLE,Loan Funds - Guaranteed,City Name Withheld,UNION BANK,SEC 502 GUARANTEED SINGLE FAMILY HOUSING PURCHASE LOANS - WITH ANNUAL FEES ASSIGNED,Real Estate and Rental and Leasing,50013,NA,Not Available,Residential,Detailed Project Description Not Available,201010,1
2021,Vermont,Grand Isle,At-Large,Single Family Housing,Repair Grant (SFH),Zip Code Withheld,Not Persistent Poverty Community,Name Withheld,NOT AVAILABLE,Grant Funds,City Name Withheld,Not Applicable,504 GRANT,Real Estate and Rental and Leasing,50013,NA,Not Available,Residential,Detailed Project Description Not Available,7500,1
2021,Vermont,Lamoille,At-Large,Business Programs,Rural Business Development Grant (RBDG),05661,Not Persistent Poverty Community,LAMOILLE COUNTY PLANNING COMMISSION,EXPANDING RURAL JOBS- FY21,Grant Funds,Morrisville,Not Applicable,RBCS ENTERPRISE GRANTS,Public Administration,50015,926110,ADMINISTRATION OF GENERAL ECONOMIC PROGRAMS,Commercial,"This Rural Business Development investment will be used to help bring broadband to Lamoille County businesses by supporting the initial operation and development of the Lamoille FiberNet Communications Union District (LFCUD). Development initiatives will include support of strategic planning, relevant GIS data and mapping, formulation of foundational organization policies and other operational management, and establishment of partnerships with Internet Service Providers. This project will help create or retain 13 jobs.",29251,1
2021,Vermont,Lamoille,At-Large,Business Programs,Rural Energy for America Program (REAP),05652,Not Persistent Poverty Community,"EDEN SAND & GRAVEL COMPANY, INC.",FY21 RES 778.4KW SOLAR ARRAY,Grant Funds,Eden,Not Applicable,REAP-MANDATORY RENEW ENERGY SYST GRANTS,"Mining, Quarrying, and Oil and Gas Extraction",50015,212320,Not Available,Commercial,"This Rural Development investment will be used for the purchase and installation of a 778.4 kilowatt (kW) ground-mounted solar array. The Eden Sand & Gravel Company Inc. will utilize four acres of land in their gravel pit, which is tucked away from Route 100 in Eden, Vermont. The 897,500 kilowatt hours (kWh) is estimated to generate enough to power 82 average homes which will provide over $150,000 in annual revenue to the company. The purpose of this funding program is to assist farmers, ranchers, and rural small businesses in developing renewable energy systems, and in making energy-efficiency improvements to their operations.",250000,1
2021,Vermont,Lamoille,At-Large,Community Facilities,Grant (CF),05656,Not Persistent Poverty Community,"JENNA TATRO MEMORIAL FUND, INC.",2021 SMD EQUIPMENT PURCHASE,Grant Funds,Johnson,Not Applicable,CF GRANTS,Other or Not Defined,50015,9993,OTHER HEALTH CARE RELATED SERVICES,Commercial,Detailed Project Description Not Available,50000,1
2021,Vermont,Lamoille,At-Large,Multifamily Housing,Preservation (MFH),05656,Not Persistent Poverty Community,JOHNSON HOUSING ASSOCIATES LP,ST JOHNS KNOLL REALTY RESOURCE,Loan Funds - Direct,Johnson,Not Applicable,REVITALIZATION LOAN ZERO INTEREST RATE,Real Estate and Rental and Leasing,50015,NA,Not Available,Residential,Detailed Project Description Not Available,312256,1
2021,Vermont,Lamoille,At-Large,Multifamily Housing,Rental Assistance (MFH),Zip Code Withheld,Not Persistent Poverty Community,Name Withheld,COLONIAL MANOR,Grant Funds,City Name Withheld,Not Applicable,RENEWAL / REPLACEMENT -FAMILY,Real Estate and Rental and Leasing,50015,NA,Not Available,Residential,Detailed Project Description Not Available,231485,1
2021,Vermont,Lamoille,At-Large,Multifamily Housing,Rental Assistance (MFH),Zip Code Withheld,Not Persistent Poverty Community,Name Withheld,PORTLAND & MAIN HSG,Grant Funds,City Name Withheld,Not Applicable,RENEWAL / REPLACEMENT -FAMILY,Real Estate and Rental and Leasing,50015,NA,Not Available,Residential,Detailed Project Description Not Available,72444,1
2021,Vermont,Lamoille,At-Large,Multifamily Housing,Rental Assistance (MFH),Zip Code Withheld,Not Persistent Poverty Community,Name Withheld,ST JOHNS KNOLL REALTY RESOURCE,Grant Funds,City Name Withheld,Not Applicable,RENEWAL  / REPLACEMENT - ELDERLY,Real Estate and Rental and Leasing,50015,NA,Not Available,Residential,Detailed Project Description Not Available,199574,1
2021,Vermont,Lamoille,At-Large,Single Family Housing,Guaranteed Loan (SFH),Zip Code Withheld,Not Persistent Poverty Community,Name Withheld,NOT AVAILABLE,Loan Funds - Guaranteed,City Name Withheld,ACADEMY MORTGAGE CORPORATION,SEC 502 GUARANTEED SINGLE FAMILY HOUSING PURCHASE LOANS - WITH ANNUAL FEES ASSIGNED,Real Estate and Rental and Leasing,50015,NA,Not Available,Residential,Detailed Project Description Not Available,241414,1
2021,Vermont,Lamoille,At-Large,Single Family Housing,Guaranteed Loan (SFH),Zip Code Withheld,Not Persistent Poverty Community,Name Withheld,NOT AVAILABLE,Loan Funds - Guaranteed,City Name Withheld,"CARDINAL FINANCIAL COMPANY, LP",SEC 502 GUARANTEED SINGLE FAMILY HOUSING PURCHASE LOANS - WITH ANNUAL FEES ASSIGNED,Real Estate and Rental and Leasing,50015,NA,Not Available,Residential,Detailed Project Description Not Available,201010,1
2021,Vermont,Lamoille,At-Large,Single Family Housing,Guaranteed Loan (SFH),Zip Code Withheld,Not Persistent Poverty Community,Name Withheld,NOT AVAILABLE,Loan Funds - Guaranteed,City Name Withheld,FAIRWAY INDEPENDENT MORTGAGE CORPORATION,SEC 502 GUARANTEED SINGLE FAMILY HOUSING PURCHASE LOANS - WITH ANNUAL FEES ASSIGNED,Real Estate and Rental and Leasing,50015,NA,Not Available,Residential,Detailed Project Description Not Available,84141,1
2021,Vermont,Lamoille,At-Large,Single Family Housing,Guaranteed Loan (SFH),Zip Code Withheld,Not Persistent Poverty Community,Name Withheld,NOT AVAILABLE,Loan Funds - Guaranteed,City Name Withheld,OCEANSIDE MORTGAGE COMPANY,SEC 502 GUARANTEED SINGLE FAMILY HOUSING REFINANCE LOANS - WITH ANNUAL FEES ASSIGNED,Real Estate and Rental and Leasing,50015,NA,Not Available,Residential,Detailed Project Description Not Available,127946,1
2021,Vermont,Lamoille,At-Large,Single Family Housing,Guaranteed Loan (SFH),Zip Code Withheld,Not Persistent Poverty Community,Name Withheld,NOT AVAILABLE,Loan Funds - Guaranteed,City Name Withheld,PEOPLES UNITED BANK,SEC 502 GUARANTEED SINGLE FAMILY HOUSING PURCHASE LOANS - WITH ANNUAL FEES ASSIGNED,Real Estate and Rental and Leasing,50015,NA,Not Available,Residential,Detailed Project Description Not Available,121200,1
2021,Vermont,Lamoille,At-Large,Single Family Housing,Guaranteed Loan (SFH),Zip Code Withheld,Not Persistent Poverty Community,Name Withheld,NOT AVAILABLE,Loan Funds - Guaranteed,City Name Withheld,UNION BANK,SEC 502 GUARANTEED SINGLE FAMILY HOUSING PURCHASE LOANS - WITH ANNUAL FEES ASSIGNED,Real Estate and Rental and Leasing,50015,NA,Not Available,Residential,Detailed Project Description Not Available,202020,1
2021,Vermont,Lamoille,At-Large,Single Family Housing,Repair Grant (SFH),Zip Code Withheld,Not Persistent Poverty Community,Name Withheld,NOT AVAILABLE,Grant Funds,City Name Withheld,Not Applicable,504 COMBINATION LOAN & GRANT,Real Estate and Rental and Leasing,50015,NA,Not Available,Residential,Detailed Project Description Not Available,7500,1
2021,Vermont,Lamoille,At-Large,Single Family Housing,Repair Grant (SFH),Zip Code Withheld,Not Persistent Poverty Community,Name Withheld,NOT AVAILABLE,Grant Funds,City Name Withheld,Not Applicable,504 GRANT,Real Estate and Rental and Leasing,50015,NA,Not Available,Residential,Detailed Project Description Not Available,3500,1
2021,Vermont,Lamoille,At-Large,Single Family Housing,Repair Loan (SFH),Zip Code Withheld,Not Persistent Poverty Community,Name Withheld,NOT AVAILABLE,Loan Funds - Direct,City Name Withheld,Not Applicable,504 COMBINATION LOAN & GRANT,Real Estate and Rental and Leasing,50015,NA,Not Available,Residential,Detailed Project Description Not Available,7499,1
2021,Vermont,Lamoille,At-Large,Single Family Housing,Repair Loan (SFH),Zip Code Withheld,Not Persistent Poverty Community,Name Withheld,NOT AVAILABLE,Loan Funds - Direct,City Name Withheld,Not Applicable,504 LOAN,Real Estate and Rental and Leasing,50015,NA,Not Available,Residential,Detailed Project Description Not Available,15500,1
2021,Vermont,Lamoille,At-Large,Water and Environmental,SEARCH - Special Evaluation Assistance for Rural Communities and Households Grant (WEP),05656,Not Persistent Poverty Community,"Johnson, Village of",FY21 SEARCH Grant,Grant Funds,Johnson,Not Applicable,(GRANT ONLY) SEARCH GRANTS WATER ONLY,Utilities,50015,NA,Not Available,Commercial,"This Rural Development investment will be used to prepare a preliminary engineering report for the water distribution system in the Village of Johnson, Vt. The report will provide a needed evaluation of three pump stations. This planning report will fully describe the work required to improve the system so it operates efficiently and has capacity for future needs. It will also provide cost estimates and information about available funding. The villages median household income is less than half that of the states, and this investment will help the village pursue completion of the upgrades with limited resources, improving quality of life for the villages residents while keeping rates affordable.",15156,1
2021,Vermont,Not Available,Multiple/Unknown Districts,Telecommunications Programs,Distance Learning and Telemedicine (TELE),NA,Not Persistent Poverty Community,North Country Hospital Health Center Inc,VT0709-A,Grant Funds,NA,Not Applicable,DLT GRANTS- CARES ACT - MEDICAL,Utilities,Not Available,NA,Not Available,Commercial,"This Rural Development investment will be used to establish telemedicine services for North Country Hospital Health Center Inc. (NCCT) to expand capacity through patient monitoring systems and telehealth carts. The NCCT project is expected to benefit up to 64,260 people in Orleans and Caledonia counties.",568373,1
2021,Vermont,Orange,At-Large,Business Programs,Rural Business Development Grant (RBDG),05033,Not Persistent Poverty Community,"SPACE ON MAIN, INC. THE",STR & BLDING REG. ENT. FY-21,Grant Funds,Bradford,Not Applicable,SECD RB DEV ENTERPRISE GRANT,Real Estate and Rental and Leasing,50017,531120,LESSORS OF NONRESIDENTIAL BUILDINGS (EXCEPT MINIWAREHOUSES),Commercial,"This Rural Development investment will be used to support entrepreneurs through curriculum both new and existing focused on business education. Services provided will include business planning and formation; navigating basic accounting/legal review; market research, sales, and marketing; partner research; federal contracts; conducting business online; developing new products and services; raising capital and pursuing bank financing; basic Human Resource and personnel management; managing a remote workforce; networking; and finding and working with mentors, board members, and advisors. It is anticipated that 8 jobs will be created.",14614,1
2021,Vermont,Orange,At-Large,Business Programs,Rural Business Development Grant (RBDG),05061,Not Persistent Poverty Community,VT STATE COLLEGES,AG TRANSFORMATION PLANNING,Grant Funds,Randolph Center,Not Applicable,RBCS DEVELOPMENT GRANT,Educational Services,50017,611210,JUNIOR COLLEGES,Commercial,"This Rural Development investment will support Northern Vermont Universitys Ag Transformation Project. With this funding, the project will take pending recommendations and create a plan for implementation, including additional planning and feasibility work. The transformation group, composed of more than 40 members,has worked hard to gather information needed to formulate a sustainable agriculture transformation process.",25000,1
2021,Vermont,Orange,At-Large,Business Programs,Value Added Producer Grant (VAPG),05079,Not Persistent Poverty Community,FLAG HILL LTD,VAPG2021VT07,Grant Funds,Vershire,Not Applicable,LOCAL AGRICULTURE MARKET RESOURCE PROGRAM (LAMP) VALUE-ADDED PRODUCER GRANTS - COVID,"Agriculture, Forestry, Fishing and Hunting",50017,112410,SHEEP FARMING,Commercial,"This Rural Development investment will be used to pay processing and marketing expenses for the company to transform wool into yarn. The yarn is then organized, packaged and sold as hat kits for consumers to knit into hats. The project includes a $1,309 match contribution from the grantee.",11780,1
2021,Vermont,Orange,At-Large,Community Facilities,Grant (CF),05033,Not Persistent Poverty Community,"SPACE ON MAIN INC, THE",FY 21 EQUIPMENT PURCHASE,Grant Funds,Bradford,Not Applicable,CF GRANTS,"Professional, Scientific, and Technical Services",50017,541720,RESEARCH AND DEVELOPMENT IN THE SOCIAL SCIENCES AND HUMANITIES,Commercial,Detailed Project Description Not Available,15000,1
2021,Vermont,Orange,At-Large,Multifamily Housing,Rental Assistance (MFH),Zip Code Withheld,Not Persistent Poverty Community,Name Withheld,BRADFORD VILLAGE AP REALTY RESOURCE,Grant Funds,City Name Withheld,Not Applicable,RENEWAL / REPLACEMENT -FAMILY,Real Estate and Rental and Leasing,50017,NA,Not Available,Residential,Detailed Project Description Not Available,237172,1
2021,Vermont,Orange,At-Large,Multifamily Housing,Rental Assistance (MFH),Zip Code Withheld,Not Persistent Poverty Community,Name Withheld,BROOKVIEW APTS,Grant Funds,City Name Withheld,Not Applicable,RENEWAL / REPLACEMENT -FAMILY,Real Estate and Rental and Leasing,50017,NA,Not Available,Residential,Detailed Project Description Not Available,154842,1
2021,Vermont,Orange,At-Large,Multifamily Housing,Rental Assistance (MFH),Zip Code Withheld,Not Persistent Poverty Community,Name Withheld,"MONTEBELLO HILL APT AHEAD, INC 262 COTTAGE ST.",Grant Funds,City Name Withheld,Not Applicable,RENEWAL  / REPLACEMENT - ELDERLY,Real Estate and Rental and Leasing,50017,NA,Not Available,Residential,Detailed Project Description Not Available,103073,1
2021,Vermont,Orange,At-Large,Multifamily Housing,Rental Assistance (MFH),Zip Code Withheld,Not Persistent Poverty Community,Name Withheld,"SPEAR HOUSE AHEAD, INC 262 COTTAGE ST",Grant Funds,City Name Withheld,Not Applicable,RENEWAL  / REPLACEMENT - ELDERLY,Real Estate and Rental and Leasing,50017,NA,Not Available,Residential,Detailed Project Description Not Available,105048,1
2021,Vermont,Orange,At-Large,Single Family Housing,Direct Loan (SFH),Zip Code Withheld,Not Persistent Poverty Community,Name Withheld,NOT AVAILABLE,Loan Funds - Direct,City Name Withheld,Not Applicable,502 LOAN - GENERAL INTEREST SUBSIDY LOW & OTHER INCOME,Real Estate and Rental and Leasing,50017,NA,Not Available,Residential,Detailed Project Description Not Available,456000,2
2021,Vermont,Orange,At-Large,Single Family Housing,Direct Loan (SFH),Zip Code Withheld,Not Persistent Poverty Community,Name Withheld,NOT AVAILABLE,Loan Funds - Direct,City Name Withheld,Not Applicable,502 LOAN - GENERAL INTEREST SUBSIDY VERY LOW INCOME,Real Estate and Rental and Leasing,50017,NA,Not Available,Residential,Detailed Project Description Not Available,197000,1
2021,Vermont,Orange,At-Large,Single Family Housing,Guaranteed Loan (SFH),Zip Code Withheld,Not Persistent Poverty Community,Name Withheld,NOT AVAILABLE,Loan Funds - Guaranteed,City Name Withheld,ACADEMY MORTGAGE CORPORATION,SEC 502 GUARANTEED SINGLE FAMILY HOUSING PURCHASE LOANS - WITH ANNUAL FEES ASSIGNED,Real Estate and Rental and Leasing,50017,NA,Not Available,Residential,Detailed Project Description Not Available,197979,1
2021,Vermont,Orange,At-Large,Single Family Housing,Guaranteed Loan (SFH),Zip Code Withheld,Not Persistent Poverty Community,Name Withheld,NOT AVAILABLE,Loan Funds - Guaranteed,City Name Withheld,EMM LOANS LLC,SEC 502 GUARANTEED SINGLE FAMILY HOUSING PURCHASE LOANS - WITH ANNUAL FEES ASSIGNED,Real Estate and Rental and Leasing,50017,NA,Not Available,Residential,Detailed Project Description Not Available,311867,2
2021,Vermont,Orange,At-Large,Single Family Housing,Guaranteed Loan (SFH),Zip Code Withheld,Not Persistent Poverty Community,Name Withheld,NOT AVAILABLE,Loan Funds - Guaranteed,City Name Withheld,"HARBORONE MORTGAGE, LLC",SEC 502 GUARANTEED SINGLE FAMILY HOUSING PURCHASE LOANS - WITH ANNUAL FEES ASSIGNED,Real Estate and Rental and Leasing,50017,NA,Not Available,Residential,Detailed Project Description Not Available,171717,1
2021,Vermont,Orange,At-Large,Single Family Housing,Guaranteed Loan (SFH),Zip Code Withheld,Not Persistent Poverty Community,Name Withheld,NOT AVAILABLE,Loan Funds - Guaranteed,City Name Withheld,NEIGHBORS BANK,SEC 502 GUARANTEED SINGLE FAMILY HOUSING PURCHASE LOANS - WITH ANNUAL FEES ASSIGNED,Real Estate and Rental and Leasing,50017,NA,Not Available,Residential,Detailed Project Description Not Available,231111,1
2021,Vermont,Orange,At-Large,Single Family Housing,Guaranteed Loan (SFH),Zip Code Withheld,Not Persistent Poverty Community,Name Withheld,NOT AVAILABLE,Loan Funds - Guaranteed,City Name Withheld,NORTHFIELD SAVINGS BANK,SEC 502 GUARANTEED SINGLE FAMILY HOUSING PURCHASE LOANS - WITH ANNUAL FEES ASSIGNED,Real Estate and Rental and Leasing,50017,NA,Not Available,Residential,Detailed Project Description Not Available,814946,5
2021,Vermont,Orange,At-Large,Single Family Housing,Guaranteed Loan (SFH),Zip Code Withheld,Not Persistent Poverty Community,Name Withheld,NOT AVAILABLE,Loan Funds - Guaranteed,City Name Withheld,VERMONT FEDERAL CREDIT UNION,SEC 502 GUARANTEED SINGLE FAMILY HOUSING PURCHASE LOANS - WITH ANNUAL FEES ASSIGNED,Real Estate and Rental and Leasing,50017,NA,Not Available,Residential,Detailed Project Description Not Available,181818,1
2021,Vermont,Orange,At-Large,Single Family Housing,Repair Grant (SFH),Zip Code Withheld,Not Persistent Poverty Community,Name Withheld,NOT AVAILABLE,Grant Funds,City Name Withheld,Not Applicable,504 GRANT,Real Estate and Rental and Leasing,50017,NA,Not Available,Residential,Detailed Project Description Not Available,10498,2
2021,Vermont,Orleans,At-Large,Business Programs,Advanced Biofuel Payment Program,05859,Not Persistent Poverty Community,CHAPUT FAMILY FARMS,NOT AVAILABLE,Grant Funds,North Troy,Not Applicable,GRANT FOR PROD OF ADV BIOFUEL,Other or Not Defined,50019,NA,Not Available,Commercial,Detailed Project Description Not Available,236,4
2021,Vermont,Orleans,At-Large,Business Programs,Rural Business Development Grant (RBDG),05826,Not Persistent Poverty Community,"NORTHEAST KINGDOM COLLABORATIVE, INC.",NEK TECHNICAL ASSISTANCE-FY21,Grant Funds,Craftsbury,Not Applicable,RBCS ENTERPRISE REAP ZONE GRANTS,Public Administration,50019,921160,Not Available,Commercial,"This Rural Development investment will fund to implement a key strategy in thier recovery plan: The NEK Project Development Initiative, which is designed to create jobs, remove barriers to project implementation, and relieve the limited capacity of community entities to get things done. The three strategies of this initiative are 1- Connect small businesses to no-cost professional project development services to accelerate community infrastructure projects; 2- Increase region-wide access to resources and programs and cross-promote small businesses; and 3- Offer one-to-one technical assistance and resource connection for small businesses. This project will create and support 28 jobs within the community.",90000,1
2021,Vermont,Orleans,At-Large,Business Programs,Rural Business Development Grant (RBDG),05829,Not Persistent Poverty Community,DRIFT DUSTERS SNOWMOBILE CLUB,TRAIL GROOMER FY21,Grant Funds,Derby,Not Applicable,RBCS ENTERPRISE REAP ZONE GRANTS,"Arts, Entertainment, and Recreation",50019,713940,FITNESS AND RECREATIONAL SPORTS CENTERS,Commercial,"This Rural Development investment will go towards purchasing a trail groomer. By keeping area recreational and work trails accessible and easy to navigate during the winter months, the trail groomer will help facilitate transportation, outdoor activities and tourism to bolster the local economy in Orleans County. This project will help save or create 67 jobs within the community.",99000,1
2021,Vermont,Orleans,At-Large,Business Programs,Rural Business Development Grant (RBDG),05833,Not Persistent Poverty Community,NORTHWOODS STEWARDSHIP CENTER,CREATING A CAMPUS FY21,Grant Funds,East Charleston,Not Applicable,RBCS ENTERPRISE REAP ZONE GRANTS,Educational Services,50019,611710,EDUCATIONAL SUPPORT SERVICES,Commercial,"This Rural Development investment will be used to assist NorthWoods Stewardship Center in Orleans County with completing work to the newly constructed Conservation Lodge. The lodge will be used to collaborate with local and regional partners to achieve conservation and workforce training, and will be used by small businesses for a meeting space and organization retreats. Orleans County is part of Vermonts Northeast Kingdom, a recognized Rural Economic Area Partnership (REAP) zone. This investment is estimated to save or create 40 jobs.",85000,1
2021,Vermont,Orleans,At-Large,Business Programs,Rural Business Development Grant (RBDG),05841,Not Persistent Poverty Community,NEK COMMUNITY BROADBAND,NEK BROADBAND EXTENSION- FY21,Grant Funds,Greensboro,Not Applicable,RBCS ENTERPRISE REAP ZONE GRANTS,Information,50019,517311,WIRED TELECOMMUNICATIONS CARRIERS,Commercial,"This Rural Development investment will be used to extend broadband network into the western part of Concord, Vermont, and the town of Waterford. The project will establish 6.7 miles of fiber to offer businesses and public institutions near and along the Connecticut River Byway advanced telecommunication capabilities. Vermonts Northeast Kingdom is recognized as a Rural Economic Area Partnership (REAP) zone. The project will create or maintain 20 jobs.",190380,1
2021,Vermont,Orleans,At-Large,Business Programs,Rural Business Development Grant (RBDG),05855,Not Persistent Poverty Community,"VERMONT FARM -TO-SCHOOL, INC",CREATING A FOOD SYSTEM- FY21,Grant Funds,Newport,Not Applicable,RBCS ENTERPRISE REAP ZONE GRANTS,Other Services,50019,813910,BUSINESS ASSOCIATIONS,Commercial,"This Rural Development investment will be used to build and strengthen a sustainable food system in Northern Vermont, facilitated byVermont Farm to School, Inc. DBA Green Mountain Farm to School (GMFTS). This funding will have a long-lasting, positive economic impact on the farm partners as well as the rural areas they serve. Through this project, GMFTS will 1) provide technical assistance to Vermont farmers and food producers through the development of new markets in the retail and institutional markets, both in Northern Vermont and greater New England; 2) develop and disseminate creative marketing materials to increase producer public profiles and consumer knowledge of farmers and farm products; and 3) provide efficient and streamlined aggregation and distribution services to benefiting business. This project will create or support 28 jobs within the community.",94204,1
2021,Vermont,Orleans,At-Large,Business Programs,Rural Business Development Grant (RBDG),05857,Not Persistent Poverty Community,NORTH COUNTRY MOUNTAINEERS SNOWMOBILE CL,TRAIL GROOMER FY21,Grant Funds,Newport Center,Not Applicable,RBCS ENTERPRISE REAP ZONE GRANTS,"Arts, Entertainment, and Recreation",50019,713940,FITNESS AND RECREATIONAL SPORTS CENTERS,Commercial,"This Rural Development investment will be used to assist the North Country Mountaineers Snowmobile Club with purchasing a Model 2000 Tucker-Terra Sno-Cat Trail Groomer. The groomer will be used to grade trails in Orleans County providing quality, safe riding trails for members and visitors. This project will promote tourism in the area and support small businesses along the trails during the winter months.",99000,1
2021,Vermont,Orleans,At-Large,Business Programs,Rural Energy for America Program (REAP),05855,Not Persistent Poverty Community,"NORTHEAST KINGDOM HOMECARE, INC.",FY21 RES 22KW SOLAR ARRAY,Grant Funds,Newport,Not Applicable,"MAND. RENEW ENERFY SYSTEMS GRANTS UNDER $20,000",Health Care and Social Assistance,50019,621610,HOME HEALTH CARE SERVICES,Commercial,"This Rural Development investment will be used to install a 22.3 kilowatt roof-mounted solar array at the Northeast Kingdom Homecare, Incorporated. (NEKHC). NEKHC has been providing non-medical personal care, homecare and respite services in Vermonts Northeast Kingdom Incorporated 2004. The solar array will supply 110 percent of NEKHCs electricity needs while decreasing its carbon footprint, saving it about $3,800 annually.",14854,1
2021,Vermont,Orleans,At-Large,Business Programs,Value Added Producer Grant (VAPG),05826,Not Persistent Poverty Community,PETE'S GREENS INC.,VAPG2021VT21 WC CSA EXPANSION,Grant Funds,Craftsbury,Not Applicable,VALUE-ADDED PRODUCER DVLP GRANTS-DISCR,"Agriculture, Forestry, Fishing and Hunting",50019,11211,"BEEF CATTLE RANCHING AND FARMING, INCLUDING FEEDLOTS",Commercial,"This Rural Development investment will be used to support working capital expenses for the Petes Greens Inc. farm. Funds will be used to expand the geographical reach of Petes Greens Community Supported Agriculture program, targeting marketing and staffing costs.",250000,1
2021,Vermont,Orleans,At-Large,Business Programs,Value Added Producer Grant (VAPG),05829,Not Persistent Poverty Community,LAVENDER ESSENTIALS OF VERMONT,VAPG2021VT05,Grant Funds,Derby,Not Applicable,LAMP BEGINNING AND SOCIALLY DISADVANTAGED FARMERS OR RANCHERS RESERVE MANDATORY,"Agriculture, Forestry, Fishing and Hunting",50019,111422,FLORICULTURE PRODUCTION,Commercial,"This Rural Development investment will be used to pay processing, sales, and marketing expenses associated with the applicants expansion of their value-added products. The applicant farm grows herbs which it transforms to valued-added body-care products. Additional funds include a $15,754 applicant match contribution.",2968,1
2021,Vermont,Orleans,At-Large,Business Programs,Value Added Producer Grant (VAPG),05842,Not Persistent Poverty Community,JASPER HILL CREAMERY INC.,VAPG2021VT13,Grant Funds,Greensboro,Not Applicable,LOCAL AGRICULTURE MARKET RESOURCE PROGRAM (LAMP) MID-TIER VALUE CHAIN RESERVE GRANTS - COVID,Manufacturing,50019,311513,CHEESE MANUFACTURING,Commercial,"This Rural Development investment will be used to purchase milk from independent partner farms, augmenting milk produced by the applicant, to make a new cheese that is planned to become the grantees main product. The grantee applied as a Mid-Tier Value Chain project due to the increase in revenue that independent partner farms will receive.",204649,1
2021,Vermont,Orleans,At-Large,Business Programs,Value Added Producer Grant (VAPG),05855,Not Persistent Poverty Community,KINGDOM BREWING LLC,VAPG2021VT24,Grant Funds,Newport,Not Applicable,LOCAL AGRICULTURE MARKET RESOURCE PROGRAM (LAMP) MID-TIER VALUE CHAIN RESERVE GRANTS - COVID,Manufacturing,50019,312120,BREWERIES,Commercial,"This Rural Development investment will be used for the purchase of commodity materials, packaging supplies, distribution capability and marketing costs. The project will enable the grantee to increase production and distribution of its maple beer products. The project includes an $30,000 contribution from the grantee.",250000,1
2021,Vermont,Orleans,At-Large,Business Programs,Value Added Producer Grant (VAPG),05859,Not Persistent Poverty Community,CHAPUT FAMILY FARMS,VAPG2021VT23,Grant Funds,North Troy,Not Applicable,LOCAL AGRICULTURE MARKET RESOURCE PROGRAM (LAMP) VALUE-ADDED PRODUCER GRANTS - COVID,"Agriculture, Forestry, Fishing and Hunting",50019,112120,DAIRY CATTLE AND MILK PRODUCTION,Commercial,"This Rural Development investment will explore the feasibility of processing dairy manure into biogas-renewable electricity, biochar, and associated environmental credits. The project will conduct a full feasibility analysis, and develop a robust business plan and marketing plan, which will inform the decision-making process for starting up the expanded business operation. Project funds include a $7,500 contribution from a third party.",75000,1
2021,Vermont,Orleans,At-Large,Community Facilities,Grant (CF),05855,Not Persistent Poverty Community,"NEWPORT, CITY OF",FY 21 STREETSCAPE PROJECT,Grant Funds,Newport,Not Applicable,CF 2019 DISASTER GRANT - TORNADOES FLOODS OTHER,Construction,50019,23411,STREET IMPROVEMENT,Commercial,"This Rural Development investment will be used to construct and install roadway and streetscape improvements in the City of Newport, Vt. The project will include new traffic signals and street lighting, relocation of the Waterfront Plaza entrance, and electrical service infrastructure. It will improve public safety for pedestrians, cyclists, and motorists while also making it easier for residents and visitors to access events and outdoor recreation facilities for downtown businesses. A $250,000 grant from the Northern Borders Regional Commission and an approximately $500,000 applicant contribution will provide additional funding for this project.",119637,1
2021,Vermont,Orleans,At-Large,Community Facilities,Grant (CF),05855,Not Persistent Poverty Community,NORTH COUNTRY UNION HIGH SCHOOL,FY 21 CAFETERIA RENOVATIONS,Grant Funds,Newport,Not Applicable,COMMUNITY FACILITY GRANTS - EZ/EC,Educational Services,50019,61111,ELEMENTARY AND SECONDARY SCHOOLS,Commercial,Detailed Project Description Not Available,34000,1
2021,Vermont,Orleans,At-Large,Community Facilities,Grant (CF),05860,Not Persistent Poverty Community,"ORLEANS COUNTY HISTORICAL SOCIETY, INC",FY 21 TWILIGHT HOUSE RESTORATI,Grant Funds,Brownington,Not Applicable,COMMUNITY FACILITY GRANTS - EZ/EC,"Arts, Entertainment, and Recreation",50019,71211,MUSEUMS,Commercial,Detailed Project Description Not Available,30000,1
2021,Vermont,Orleans,At-Large,Community Facilities,Grant (CF),05860,Not Persistent Poverty Community,"ORLEANS EMERGENCY UNIT, INC.",FY 21 MONITORS & DEFIBRILLATOR,Grant Funds,Orleans,Not Applicable,COMMUNITY FACILITY GRANTS - EZ/EC,Public Administration,50019,92213,LEGAL COUNSEL AND PROSECUTION,Commercial,"This Rural Development investment will be used to provide assistance to the Orleans Emergency Unit to purchase two manual monitors/defibrillators (one for each of their emergency vehicles). The proposed equipment will replace the two units that are over 25 years old.This equipment is mandatory for the emergency ambulance service, and outstanding patient care is a priority. The new units will be the primary focus of these improvements in 2020. Orleans Emergency Unit provides emergency medical services and patient transport to healthcare facilities.",55870,1
2021,Vermont,Orleans,At-Large,Community Facilities,Grant (CF),05860,Not Persistent Poverty Community,"ORLEANS, VILLAGE OF",FY 21 EXTRICATION EQUIPMENT,Grant Funds,Barton,Not Applicable,COMMUNITY FACILITY GRANTS - EZ/EC,Other or Not Defined,50019,9991,OTHER FIRE/RESCUE & PUBLIC SAFETY RELATED SERVICES,Commercial,Detailed Project Description Not Available,55000,1
2021,Vermont,Orleans,At-Large,Multifamily Housing,Preservation (MFH),05822,Not Persistent Poverty Community,CRYSTAL LAKE HSG C/O HOUSING VERMONT,CRYSTAL LAKE HSG,Loan Funds - Direct,Barton,Not Applicable,REVITALIZATION BULLET /  SOFT SECOND LOAN,Real Estate and Rental and Leasing,50019,NA,Not Available,Residential,Detailed Project Description Not Available,730632,1
2021,Vermont,Orleans,At-Large,Multifamily Housing,Rental Assistance (MFH),Zip Code Withheld,Not Persistent Poverty Community,Name Withheld,BARTON CHAMBERS APARTMENTS,Grant Funds,City Name Withheld,Not Applicable,RENEWAL  / REPLACEMENT - ELDERLY,Real Estate and Rental and Leasing,50019,NA,Not Available,Residential,Detailed Project Description Not Available,325758,1
2021,Vermont,Orleans,At-Large,Multifamily Housing,Rental Assistance (MFH),Zip Code Withheld,Not Persistent Poverty Community,Name Withheld,CRYSTAL LAKE HSG,Grant Funds,City Name Withheld,Not Applicable,RENEWAL / REPLACEMENT -FAMILY,Real Estate and Rental and Leasing,50019,NA,Not Available,Residential,Detailed Project Description Not Available,153891,1
2021,Vermont,Orleans,At-Large,Multifamily Housing,Rental Assistance (MFH),Zip Code Withheld,Not Persistent Poverty Community,Name Withheld,LAKEBRIDGE,Grant Funds,City Name Withheld,Not Applicable,RENEWAL / REPLACEMENT -FAMILY,Real Estate and Rental and Leasing,50019,NA,Not Available,Residential,Detailed Project Description Not Available,212741,1
2021,Vermont,Orleans,At-Large,Multifamily Housing,Rental Assistance (MFH),Zip Code Withheld,Not Persistent Poverty Community,Name Withheld,LAKEVIEW HOUSING,Grant Funds,City Name Withheld,Not Applicable,RENEWAL / REPLACEMENT -FAMILY,Real Estate and Rental and Leasing,50019,NA,Not Available,Residential,Detailed Project Description Not Available,164015,1
2021,Vermont,Orleans,At-Large,Multifamily Housing,Rental Assistance (MFH),Zip Code Withheld,Not Persistent Poverty Community,Name Withheld,LAUREDON VILLAGE APARTMENTS,Grant Funds,City Name Withheld,Not Applicable,RENEWAL  / REPLACEMENT - ELDERLY,Real Estate and Rental and Leasing,50019,NA,Not Available,Residential,Detailed Project Description Not Available,79157,1
2021,Vermont,Orleans,At-Large,Multifamily Housing,Rental Assistance (MFH),Zip Code Withheld,Not Persistent Poverty Community,Name Withheld,NEWPORT PLACE REALTY RESOURCE,Grant Funds,City Name Withheld,Not Applicable,RENEWAL  / REPLACEMENT - ELDERLY,Real Estate and Rental and Leasing,50019,NA,Not Available,Residential,Detailed Project Description Not Available,238720,1
2021,Vermont,Orleans,At-Large,Multifamily Housing,Rental Assistance (MFH),Zip Code Withheld,Not Persistent Poverty Community,Name Withheld,RAINBOW APARTMENTS,Grant Funds,City Name Withheld,Not Applicable,RENEWAL  / REPLACEMENT - ELDERLY,Real Estate and Rental and Leasing,50019,NA,Not Available,Residential,Detailed Project Description Not Available,140378,1
2021,Vermont,Orleans,At-Large,Multifamily Housing,Rental Assistance (MFH),Zip Code Withheld,Not Persistent Poverty Community,Name Withheld,THE MEADOWS,Grant Funds,City Name Withheld,Not Applicable,RENEWAL  / REPLACEMENT - ELDERLY,Real Estate and Rental and Leasing,50019,NA,Not Available,Residential,Detailed Project Description Not Available,84473,1
2021,Vermont,Orleans,At-Large,Single Family Housing,Direct Loan (SFH),Zip Code Withheld,Not Persistent Poverty Community,Name Withheld,NOT AVAILABLE,Loan Funds - Direct,City Name Withheld,Not Applicable,502 LOAN - GENERAL INTEREST SUBSIDY VERY LOW INCOME,Real Estate and Rental and Leasing,50019,NA,Not Available,Residential,Detailed Project Description Not Available,249000,2
2021,Vermont,Orleans,At-Large,Single Family Housing,Guaranteed Loan (SFH),Zip Code Withheld,Not Persistent Poverty Community,Name Withheld,NOT AVAILABLE,Loan Funds - Guaranteed,City Name Withheld,ACADEMY MORTGAGE CORPORATION,SEC 502 GUARANTEED SINGLE FAMILY HOUSING PURCHASE LOANS - WITH ANNUAL FEES ASSIGNED,Real Estate and Rental and Leasing,50019,NA,Not Available,Residential,Detailed Project Description Not Available,173737,1
2021,Vermont,Orleans,At-Large,Single Family Housing,Guaranteed Loan (SFH),Zip Code Withheld,Not Persistent Poverty Community,Name Withheld,NOT AVAILABLE,Loan Funds - Guaranteed,City Name Withheld,FAIRWAY INDEPENDENT MORTGAGE CORPORATION,SEC 502 GUARANTEED SINGLE FAMILY HOUSING PURCHASE LOANS - WITH ANNUAL FEES ASSIGNED,Real Estate and Rental and Leasing,50019,NA,Not Available,Residential,Detailed Project Description Not Available,526766,4
2021,Vermont,Orleans,At-Large,Single Family Housing,Guaranteed Loan (SFH),Zip Code Withheld,Not Persistent Poverty Community,Name Withheld,NOT AVAILABLE,Loan Funds - Guaranteed,City Name Withheld,"HOMEBRIDGE FINANCIAL SERVICES, INC.",SEC 502 GUARANTEED SINGLE FAMILY HOUSING PURCHASE LOANS - WITH ANNUAL FEES ASSIGNED,Real Estate and Rental and Leasing,50019,NA,Not Available,Residential,Detailed Project Description Not Available,166666,1
2021,Vermont,Orleans,At-Large,Single Family Housing,Guaranteed Loan (SFH),Zip Code Withheld,Not Persistent Poverty Community,Name Withheld,NOT AVAILABLE,Loan Funds - Guaranteed,City Name Withheld,PEOPLES UNITED BANK,SEC 502 GUARANTEED SINGLE FAMILY HOUSING PURCHASE LOANS - WITH ANNUAL FEES ASSIGNED,Real Estate and Rental and Leasing,50019,NA,Not Available,Residential,Detailed Project Description Not Available,200904,1
2021,Vermont,Orleans,At-Large,Single Family Housing,Guaranteed Loan (SFH),Zip Code Withheld,Not Persistent Poverty Community,Name Withheld,NOT AVAILABLE,Loan Funds - Guaranteed,City Name Withheld,UNION BANK,SEC 502 GUARANTEED SINGLE FAMILY HOUSING PURCHASE LOANS - WITH ANNUAL FEES ASSIGNED,Real Estate and Rental and Leasing,50019,NA,Not Available,Residential,Detailed Project Description Not Available,1356018,9
2021,Vermont,Orleans,At-Large,Single Family Housing,Guaranteed Loan (SFH),Zip Code Withheld,Not Persistent Poverty Community,Name Withheld,NOT AVAILABLE,Loan Funds - Guaranteed,City Name Withheld,VERMONT FEDERAL CREDIT UNION,SEC 502 GUARANTEED SINGLE FAMILY HOUSING PURCHASE LOANS - WITH ANNUAL FEES ASSIGNED,Real Estate and Rental and Leasing,50019,NA,Not Available,Residential,Detailed Project Description Not Available,121212,1
2021,Vermont,Orleans,At-Large,Single Family Housing,Repair Grant (SFH),Zip Code Withheld,Not Persistent Poverty Community,Name Withheld,NOT AVAILABLE,Grant Funds,City Name Withheld,Not Applicable,504 COMBINATION LOAN & GRANT,Real Estate and Rental and Leasing,50019,NA,Not Available,Residential,Detailed Project Description Not Available,2751,2
2021,Vermont,Orleans,At-Large,Single Family Housing,Repair Grant (SFH),Zip Code Withheld,Not Persistent Poverty Community,Name Withheld,NOT AVAILABLE,Grant Funds,City Name Withheld,Not Applicable,504 GRANT,Real Estate and Rental and Leasing,50019,NA,Not Available,Residential,Detailed Project Description Not Available,58870,9
2021,Vermont,Orleans,At-Large,Single Family Housing,Repair Grant (SFH),Zip Code Withheld,Not Persistent Poverty Community,Name Withheld,NOT AVAILABLE,Grant Funds,City Name Withheld,Not Applicable,504 HARDSHIP GRANT,Real Estate and Rental and Leasing,50019,NA,Not Available,Residential,Detailed Project Description Not Available,7500,1
2021,Vermont,Orleans,At-Large,Single Family Housing,Repair Loan (SFH),Zip Code Withheld,Not Persistent Poverty Community,Name Withheld,NOT AVAILABLE,Loan Funds - Direct,City Name Withheld,Not Applicable,504 COMBINATION LOAN & GRANT,Real Estate and Rental and Leasing,50019,NA,Not Available,Residential,Detailed Project Description Not Available,9800,2
2021,Vermont,Orleans,At-Large,Single Family Housing,Repair Loan (SFH),Zip Code Withheld,Not Persistent Poverty Community,Name Withheld,NOT AVAILABLE,Loan Funds - Direct,City Name Withheld,Not Applicable,504 LOAN,Real Estate and Rental and Leasing,50019,NA,Not Available,Residential,Detailed Project Description Not Available,11089,2
2021,Vermont,Rutland,At-Large,Business Programs,Advanced Biofuel Payment Program,05759,Not Persistent Poverty Community,"VT WOOD PELLET CO., LLC",NOT AVAILABLE,Grant Funds,North Clarendon,Not Applicable,GRANT FOR PROD OF ADV BIOFUEL,Other or Not Defined,50021,NA,Not Available,Commercial,Detailed Project Description Not Available,11121,4
2021,Vermont,Rutland,At-Large,Business Programs,Rural Business Development Grant (RBDG),05737,Not Persistent Poverty Community,"CHITTENDEN DAMMERS, INC.",GROOMER PURCHASE FY21,Grant Funds,Chittenden,Not Applicable,SECD RB DEV ENTERPRISE GRANT,"Arts, Entertainment, and Recreation",50021,713940,FITNESS AND RECREATIONAL SPORTS CENTERS,Commercial,"This Rural Development investment will be used for the purchase of a 2020 Tucker Sno-Cat trail grooming machine to support service areas VAST trail. Maintaining the trails improves recreational usage and increases visitation to the small business along the trails. Businesses bolster their work forces during the recreational season to meet the increased patrons to the stores, gas stations, restaurants, inns etc. It is anticipated this project will create 10 new jobs.",30000,1
2021,Vermont,Rutland,At-Large,Business Programs,Value Added Producer Grant (VAPG),05759,Not Persistent Poverty Community,THURSTON FORESTRY LLC,VAPG2021VT04,Grant Funds,North Clarendon,Not Applicable,LAMP VALUE ADDED PRODUCER GRANT MANDATORY,"Agriculture, Forestry, Fishing and Hunting",50021,113310,LOGGING,Commercial,"This Rural Development investment will be used to conduct a planning study to examine business expansion opportunities for the production of value-added wood products. The study will examine multiple wood products, including green hardwood lumber, green softwood lumber, KD softwood lumber, split firewood and seasoned split firewood. Additional funding includes a $36,000 applicant contribution.",36000,1
2021,Vermont,Rutland,At-Large,Community Facilities,Direct Loan (CF),05701,Not Persistent Poverty Community,"RUTLAND COUNTY PARENT CHILD CENTER, INC",FY21 BUILDING RENOVATIONS & UP,Loan Funds - Direct,Rutland,Not Applicable,COMMUNITY FACILITY (DIRECT AND GUARANTEED LOANS),Health Care and Social Assistance,50021,62441,CHILD DAY CARE SERVICES,Commercial,Detailed Project Description Not Available,833900,1
2021,Vermont,Rutland,At-Large,Community Facilities,Grant (CF),05701,Not Persistent Poverty Community,"RUTLAND COUNTY PARENT CHILD CENTER, INC",FY21 BUILDING RENOVATIONS & UP,Grant Funds,Rutland,Not Applicable,CF 2019 DISASTER GRANT - TORNADOES FLOODS OTHER,Health Care and Social Assistance,50021,62441,CHILD DAY CARE SERVICES,Commercial,"This Rural Development investment will be used to renovate two buildings and purchase equipment and furniture for the new Chaplin Campus 2Gen Whole Family Education Center. The center will have indoor and outdoor spaces to provide a variety of family and childrens services, including services for people recovering from substance misuse. It will include a greenhouse and garden, a community kitchen and space to provide access to the organizations food pantry.",387600,1
2021,Vermont,Rutland,At-Large,Multifamily Housing,Rental Assistance (MFH),Zip Code Withheld,Not Persistent Poverty Community,Name Withheld,ADELE-STANLEY APTS,Grant Funds,City Name Withheld,Not Applicable,RENEWAL / REPLACEMENT -FAMILY,Real Estate and Rental and Leasing,50021,NA,Not Available,Residential,Detailed Project Description Not Available,322132,1
2021,Vermont,Rutland,At-Large,Multifamily Housing,Rental Assistance (MFH),Zip Code Withheld,Not Persistent Poverty Community,Name Withheld,ALFRED COURT APTS,Grant Funds,City Name Withheld,Not Applicable,RENEWAL / REPLACEMENT -FAMILY,Real Estate and Rental and Leasing,50021,NA,Not Available,Residential,Detailed Project Description Not Available,108805,1
2021,Vermont,Rutland,At-Large,Multifamily Housing,Rental Assistance (MFH),Zip Code Withheld,Not Persistent Poverty Community,Name Withheld,AUTUMN LEAVES THE FUCCI CO,Grant Funds,City Name Withheld,Not Applicable,RENEWAL  / REPLACEMENT - ELDERLY,Real Estate and Rental and Leasing,50021,NA,Not Available,Residential,Detailed Project Description Not Available,141606,1
2021,Vermont,Rutland,At-Large,Multifamily Housing,Rental Assistance (MFH),Zip Code Withheld,Not Persistent Poverty Community,Name Withheld,HOPKINS ST FAM HSNG HOUSING TRUST OF RUTLAND COUNTY,Grant Funds,City Name Withheld,Not Applicable,RENEWAL / REPLACEMENT -FAMILY,Real Estate and Rental and Leasing,50021,NA,Not Available,Residential,Detailed Project Description Not Available,219180,1
2021,Vermont,Rutland,At-Large,Multifamily Housing,Rental Assistance (MFH),Zip Code Withheld,Not Persistent Poverty Community,Name Withheld,KAZON BUILDING C/O HOUSING TRUST OF RUTLAND COUNTY,Grant Funds,City Name Withheld,Not Applicable,RENEWAL / REPLACEMENT -FAMILY,Real Estate and Rental and Leasing,50021,NA,Not Available,Residential,Detailed Project Description Not Available,15913,1
2021,Vermont,Rutland,At-Large,Multifamily Housing,Rental Assistance (MFH),Zip Code Withheld,Not Persistent Poverty Community,Name Withheld,NESHOBE HOUSE,Grant Funds,City Name Withheld,Not Applicable,RENEWAL  / REPLACEMENT - ELDERLY,Real Estate and Rental and Leasing,50021,NA,Not Available,Residential,Detailed Project Description Not Available,195175,1
2021,Vermont,Rutland,At-Large,Multifamily Housing,Rental Assistance (MFH),Zip Code Withheld,Not Persistent Poverty Community,Name Withheld,SCHOOL ST FAMILY C/O HOUSING TRUST OF RUTLAND COUNTY,Grant Funds,City Name Withheld,Not Applicable,RENEWAL / REPLACEMENT -FAMILY,Real Estate and Rental and Leasing,50021,NA,Not Available,Residential,Detailed Project Description Not Available,122085,1
2021,Vermont,Rutland,At-Large,Multifamily Housing,Rental Assistance (MFH),Zip Code Withheld,Not Persistent Poverty Community,Name Withheld,THAYER BTS HSG LP C/O HOUSING TRUST OF RUTLAND COUNTY,Grant Funds,City Name Withheld,Not Applicable,RENEWAL / REPLACEMENT -FAMILY,Real Estate and Rental and Leasing,50021,NA,Not Available,Residential,Detailed Project Description Not Available,255581,1
2021,Vermont,Rutland,At-Large,Multifamily Housing,Rental Assistance (MFH),Zip Code Withheld,Not Persistent Poverty Community,Name Withheld,UNION & BARLOWFAM HSG C/O HSG TRST OF RUTLAND COUNTY,Grant Funds,City Name Withheld,Not Applicable,RENEWAL / REPLACEMENT -FAMILY,Real Estate and Rental and Leasing,50021,NA,Not Available,Residential,Detailed Project Description Not Available,132985,1
2021,Vermont,Rutland,At-Large,Multifamily Housing,Rental Assistance (MFH),Zip Code Withheld,Not Persistent Poverty Community,Name Withheld,WALLINGFORD HOUSE,Grant Funds,City Name Withheld,Not Applicable,RENEWAL  / REPLACEMENT - ELDERLY,Real Estate and Rental and Leasing,50021,NA,Not Available,Residential,Detailed Project Description Not Available,140788,1
2021,Vermont,Rutland,At-Large,Single Family Housing,Direct Loan (SFH),Zip Code Withheld,Not Persistent Poverty Community,Name Withheld,NOT AVAILABLE,Loan Funds - Direct,City Name Withheld,Not Applicable,502 HARDSHIP & HOMELESS VERY LOW INCOME,Real Estate and Rental and Leasing,50021,NA,Not Available,Residential,Detailed Project Description Not Available,321000,2
2021,Vermont,Rutland,At-Large,Single Family Housing,Direct Loan (SFH),Zip Code Withheld,Not Persistent Poverty Community,Name Withheld,NOT AVAILABLE,Loan Funds - Direct,City Name Withheld,Not Applicable,502 LOAN - GENERAL INTEREST SUBSIDY LOW & OTHER INCOME,Real Estate and Rental and Leasing,50021,NA,Not Available,Residential,Detailed Project Description Not Available,793000,5
2021,Vermont,Rutland,At-Large,Single Family Housing,Direct Loan (SFH),Zip Code Withheld,Not Persistent Poverty Community,Name Withheld,NOT AVAILABLE,Loan Funds - Direct,City Name Withheld,Not Applicable,502 LOAN - GENERAL INTEREST SUBSIDY VERY LOW INCOME,Real Estate and Rental and Leasing,50021,NA,Not Available,Residential,Detailed Project Description Not Available,439500,3
2021,Vermont,Rutland,At-Large,Single Family Housing,Guaranteed Loan (SFH),Zip Code Withheld,Not Persistent Poverty Community,Name Withheld,NOT AVAILABLE,Loan Funds - Guaranteed,City Name Withheld,ACADEMY MORTGAGE CORPORATION,SEC 502 GUARANTEED SINGLE FAMILY HOUSING PURCHASE LOANS - WITH ANNUAL FEES ASSIGNED,Real Estate and Rental and Leasing,50021,NA,Not Available,Residential,Detailed Project Description Not Available,307878,2
2021,Vermont,Rutland,At-Large,Single Family Housing,Guaranteed Loan (SFH),Zip Code Withheld,Not Persistent Poverty Community,Name Withheld,NOT AVAILABLE,Loan Funds - Guaranteed,City Name Withheld,EASTRISE CREDIT UNION,SEC 502 GUARANTEED SINGLE FAMILY HOUSING PURCHASE LOANS - WITH ANNUAL FEES ASSIGNED,Real Estate and Rental and Leasing,50021,NA,Not Available,Residential,Detailed Project Description Not Available,144900,1
2021,Vermont,Rutland,At-Large,Single Family Housing,Guaranteed Loan (SFH),Zip Code Withheld,Not Persistent Poverty Community,Name Withheld,NOT AVAILABLE,Loan Funds - Guaranteed,City Name Withheld,"HOMEBRIDGE FINANCIAL SERVICES, INC.",SEC 502 GUARANTEED SINGLE FAMILY HOUSING PURCHASE LOANS - WITH ANNUAL FEES ASSIGNED,Real Estate and Rental and Leasing,50021,NA,Not Available,Residential,Detailed Project Description Not Available,827694,5
2021,Vermont,Rutland,At-Large,Single Family Housing,Guaranteed Loan (SFH),Zip Code Withheld,Not Persistent Poverty Community,Name Withheld,NOT AVAILABLE,Loan Funds - Guaranteed,City Name Withheld,NATIONAL BANK OF MIDDLEBURY,SEC 502 GUARANTEED SINGLE FAMILY HOUSING PURCHASE LOANS - WITH ANNUAL FEES ASSIGNED,Real Estate and Rental and Leasing,50021,NA,Not Available,Residential,Detailed Project Description Not Available,190000,1
2021,Vermont,Rutland,At-Large,Single Family Housing,Guaranteed Loan (SFH),Zip Code Withheld,Not Persistent Poverty Community,Name Withheld,NOT AVAILABLE,Loan Funds - Guaranteed,City Name Withheld,"NORTHEAST HOME LOAN, LLC",SEC 502 GUARANTEED SINGLE FAMILY HOUSING PURCHASE LOANS - WITH ANNUAL FEES ASSIGNED,Real Estate and Rental and Leasing,50021,NA,Not Available,Residential,Detailed Project Description Not Available,144949,1
2021,Vermont,Rutland,At-Large,Single Family Housing,Guaranteed Loan (SFH),Zip Code Withheld,Not Persistent Poverty Community,Name Withheld,NOT AVAILABLE,Loan Funds - Guaranteed,City Name Withheld,PEOPLES UNITED BANK,SEC 502 GUARANTEED SINGLE FAMILY HOUSING PURCHASE LOANS - WITH ANNUAL FEES ASSIGNED,Real Estate and Rental and Leasing,50021,NA,Not Available,Residential,Detailed Project Description Not Available,873677,5
2021,Vermont,Rutland,At-Large,Single Family Housing,Guaranteed Loan (SFH),Zip Code Withheld,Not Persistent Poverty Community,Name Withheld,NOT AVAILABLE,Loan Funds - Guaranteed,City Name Withheld,"PRIME LENDING, A PLAINS CAPITAL CO.",SEC 502 GUARANTEED SINGLE FAMILY HOUSING PURCHASE LOANS - WITH ANNUAL FEES ASSIGNED,Real Estate and Rental and Leasing,50021,NA,Not Available,Residential,Detailed Project Description Not Available,457474,3
2021,Vermont,Rutland,At-Large,Single Family Housing,Guaranteed Loan (SFH),Zip Code Withheld,Not Persistent Poverty Community,Name Withheld,NOT AVAILABLE,Loan Funds - Guaranteed,City Name Withheld,"RESIDENTIAL MORTGAGE SERVICES, INC.",SEC 502 GUARANTEED SINGLE FAMILY HOUSING PURCHASE LOANS - WITH ANNUAL FEES ASSIGNED,Real Estate and Rental and Leasing,50021,NA,Not Available,Residential,Detailed Project Description Not Available,212020,1
2021,Vermont,Rutland,At-Large,Single Family Housing,Guaranteed Loan (SFH),Zip Code Withheld,Not Persistent Poverty Community,Name Withheld,NOT AVAILABLE,Loan Funds - Guaranteed,City Name Withheld,UNION BANK,SEC 502 GUARANTEED SINGLE FAMILY HOUSING PURCHASE LOANS - WITH ANNUAL FEES ASSIGNED,Real Estate and Rental and Leasing,50021,NA,Not Available,Residential,Detailed Project Description Not Available,372726,2
2021,Vermont,Rutland,At-Large,Single Family Housing,Repair Grant (SFH),Zip Code Withheld,Not Persistent Poverty Community,Name Withheld,NOT AVAILABLE,Grant Funds,City Name Withheld,Not Applicable,504 COMBINATION LOAN & GRANT,Real Estate and Rental and Leasing,50021,NA,Not Available,Residential,Detailed Project Description Not Available,2000,1
2021,Vermont,Rutland,At-Large,Single Family Housing,Repair Loan (SFH),Zip Code Withheld,Not Persistent Poverty Community,Name Withheld,NOT AVAILABLE,Loan Funds - Direct,City Name Withheld,Not Applicable,504 COMBINATION LOAN & GRANT,Real Estate and Rental and Leasing,50021,NA,Not Available,Residential,Detailed Project Description Not Available,2000,1
2021,Vermont,Rutland,At-Large,Water and Environmental,Direct Loan and Grant (WEP),05733,Not Persistent Poverty Community,"Brandon, Town of",FY 21 Wastewater Treatment Facility Upgrades,Loan Funds - Direct,Brandon,Not Applicable,(COMB LOAN & GRANT) WASTE DISPOSAL ONLY,Utilities,50021,NA,Not Available,Commercial,Detailed Project Description Not Available,3780000,1
2021,Vermont,Washington,At-Large,Business Programs,Rural Business Development Grant (RBDG),05641,Not Persistent Poverty Community,CENTRAL VT PUBLIC TELEVISION,FY21 FAC. VIDEOBASED CONF,Grant Funds,Barre,Not Applicable,RBCS ENTERPRISE GRANTS,Information,50023,512110,MOTION PICTURE AND VIDEO PRODUCTION,Commercial,"This Rural Development Investment will purchase a TriCaster TC1, providing capabilities for HD (high-definition) playback, replay and live editing while providing live-streaming to platforms including Facebook Live, Microsoft Azure, YouTube, and others.These capabilities will allow real-time social media sharing on Facebook, LinkedIn, Twitter, Vimeo, YouTube, and other digital platforms, providing improved user experiences and communications among the numerous rural nonprofits, educators, municipalities, and individuals within Central Vermont Public Televisions (CVPTV) service area. This project will create or retain two jobs for CVPTV in the next three years.",15000,1
2021,Vermont,Washington,At-Large,Business Programs,Rural Business Development Grant (RBDG),05641,Not Persistent Poverty Community,VT GRANITE MUSEUM OF BARRE,STONE SCHOOL CLASSROOMS FY21,Grant Funds,Barre,Not Applicable,RBCS ENTERPRISE GRANTS,Construction,50023,236220,COMMERCIAL AND INSTITUTIONAL BUILDING CONSTRUCTION,Commercial,"The Rural Business Development investment will be used to construct two classrooms, a technology lab and design lab within the building for the museums Stone Arts School. Currently, the museum has a carving studio, clay and plaster classroom and conference room. Additional classrooms are needed because in 2020, the Vermont Granite Museum and Norwich University announced a new partnership to offer a Bachelor of Science degree in the Design Arts. The museum will be providing classroom space, instructors and opportunities for Norwich Universitys Design Arts majors. This project will support 6 businesses.",30000,1
2021,Vermont,Washington,At-Large,Business Programs,Rural Energy for America Program (REAP),05602,Not Persistent Poverty Community,ANDERBELL ACRES LLC,FY21 RES 9.7KW SOLAR ARRAY,Grant Funds,East Montpelier,Not Applicable,"MAND. RENEW ENERFY SYSTEMS GRANTS UNDER $20,000","Agriculture, Forestry, Fishing and Hunting",50023,111219,OTHER VEGETABLE (EXCEPT POTATO) AND MELON FARMING,Commercial,"This Rural Development investment will be used to install a 9.7 kilowatt solar array at a small farm in East Montpelier, Vermont. Anderbell Acres is a new operation that produces pumpkins, flowers berries and vegetables. The system will be mounted on a new lean-to style structure, and will provide 79 percent of the farms historical energy needs.",2771,1
2021,Vermont,Washington,At-Large,Business Programs,Rural Microentrepreneur Assistance Program (RMAP),05601,Not Persistent Poverty Community,CENTRAL V ECONOMIC DEVELOPMENT CORP,"FY21-RMAP-ANNUAL GRANT-$68,695",Grant Funds,Montpelier,Not Applicable,DISCRETION ASSIST MICROPENTERPRENUERS,Public Administration,50023,926110,ADMINISTRATION OF GENERAL ECONOMIC PROGRAMS,Commercial,This Rural Development investment will be used to replenish funds to provide business technical assistance to microentrepreneurs who are seeking or may seek microloans through the Rural Microentrepreneur Assistance Program.,68695,1
2021,Vermont,Washington,At-Large,Business Programs,Rural Microentrepreneur Assistance Program (RMAP),05641,Not Persistent Poverty Community,COMMUNITY CAPITAL OF VERMONT,"FY2017 $500,000 RMAP LOAN",Grant Funds,Barre,Not Applicable,DISCRETION ASSIST MICROPENTERPRENUERS,Public Administration,50023,926110,ADMINISTRATION OF GENERAL ECONOMIC PROGRAMS,Commercial,This Rural Development investment will be used to replenish funds to provide business technical assistance to microentrepreneurs who are seeking or may seek microloans.,41442,1
2021,Vermont,Washington,At-Large,Community Facilities,Direct Loan (CF),05676,Not Persistent Poverty Community,"PB&J, INC",FY 21 CHILD CARE BUILDING ACQU,Loan Funds - Direct,Duxbury,Not Applicable,COMMUNITY FACILITY (DIRECT AND GUARANTEED LOANS),Health Care and Social Assistance,50023,62441,CHILD DAY CARE SERVICES,Commercial,Detailed Project Description Not Available,896000,1
2021,Vermont,Washington,At-Large,Community Facilities,Grant (CF),05641,Not Persistent Poverty Community,"PEOPLE'S HEALTH & WELLNESS CLINIC, INC. THE",FY 21 SMD EQUIPMENT & FURNISHI,Grant Funds,Barre,Not Applicable,CF GRANTS,Other or Not Defined,50023,9993,OTHER HEALTH CARE RELATED SERVICES,Commercial,Detailed Project Description Not Available,47100,1
2021,Vermont,Washington,At-Large,Multifamily Housing,Rental Assistance (MFH),Zip Code Withheld,Not Persistent Poverty Community,Name Withheld,58 BARRE ST HSG,Grant Funds,City Name Withheld,Not Applicable,RENEWAL  / REPLACEMENT - ELDERLY,Real Estate and Rental and Leasing,50023,NA,Not Available,Residential,Detailed Project Description Not Available,77342,1
2021,Vermont,Washington,At-Large,Multifamily Housing,Rental Assistance (MFH),Zip Code Withheld,Not Persistent Poverty Community,Name Withheld,DOGWOOD GLEN I,Grant Funds,City Name Withheld,Not Applicable,RENEWAL / REPLACEMENT -FAMILY,Real Estate and Rental and Leasing,50023,NA,Not Available,Residential,Detailed Project Description Not Available,174140,1
2021,Vermont,Washington,At-Large,Multifamily Housing,Rental Assistance (MFH),Zip Code Withheld,Not Persistent Poverty Community,Name Withheld,EVERGREEN PLACE C/O DOWNSTREET HSG 22 KEITH AVE,Grant Funds,City Name Withheld,Not Applicable,RENEWAL  / REPLACEMENT - ELDERLY,Real Estate and Rental and Leasing,50023,NA,Not Available,Residential,Detailed Project Description Not Available,111341,1
2021,Vermont,Washington,At-Large,Multifamily Housing,Rental Assistance (MFH),Zip Code Withheld,Not Persistent Poverty Community,Name Withheld,EVERGREEN PLACE C/O DOWNSTREET HSG 22 KEITH AVE,Grant Funds,City Name Withheld,Not Applicable,RENEWAL / REPLACEMENT -FAMILY,Real Estate and Rental and Leasing,50023,NA,Not Available,Residential,Detailed Project Description Not Available,4619,1
2021,Vermont,Washington,At-Large,Multifamily Housing,Rental Assistance (MFH),Zip Code Withheld,Not Persistent Poverty Community,Name Withheld,GREEN MOUNTAIN APTS,Grant Funds,City Name Withheld,Not Applicable,RENEWAL  / REPLACEMENT - ELDERLY,Real Estate and Rental and Leasing,50023,NA,Not Available,Residential,Detailed Project Description Not Available,177955,1
2021,Vermont,Washington,At-Large,Multifamily Housing,Rental Assistance (MFH),Zip Code Withheld,Not Persistent Poverty Community,Name Withheld,HILLTOP TOWN HOUSES,Grant Funds,City Name Withheld,Not Applicable,RENEWAL / REPLACEMENT -FAMILY,Real Estate and Rental and Leasing,50023,NA,Not Available,Residential,Detailed Project Description Not Available,333139,1
2021,Vermont,Washington,At-Large,Multifamily Housing,Rental Assistance (MFH),Zip Code Withheld,Not Persistent Poverty Community,Name Withheld,PROSPECT PLACE MONTPELIER HOUSING AUTHORITY,Grant Funds,City Name Withheld,Not Applicable,RENEWAL  / REPLACEMENT - ELDERLY,Real Estate and Rental and Leasing,50023,NA,Not Available,Residential,Detailed Project Description Not Available,119408,1
2021,Vermont,Washington,At-Large,Single Family Housing,Direct Loan (SFH),Zip Code Withheld,Not Persistent Poverty Community,Name Withheld,NOT AVAILABLE,Loan Funds - Direct,City Name Withheld,Not Applicable,502 LOAN - GENERAL INTEREST SUBSIDY LOW & OTHER INCOME,Real Estate and Rental and Leasing,50023,NA,Not Available,Residential,Detailed Project Description Not Available,176000,1
2021,Vermont,Washington,At-Large,Single Family Housing,Guaranteed Loan (SFH),Zip Code Withheld,Not Persistent Poverty Community,Name Withheld,NOT AVAILABLE,Loan Funds - Guaranteed,City Name Withheld,ACADEMY MORTGAGE CORPORATION,SEC 502 GUARANTEED SINGLE FAMILY HOUSING PURCHASE LOANS - WITH ANNUAL FEES ASSIGNED,Real Estate and Rental and Leasing,50023,NA,Not Available,Residential,Detailed Project Description Not Available,1041410,6
2021,Vermont,Washington,At-Large,Single Family Housing,Guaranteed Loan (SFH),Zip Code Withheld,Not Persistent Poverty Community,Name Withheld,NOT AVAILABLE,Loan Funds - Guaranteed,City Name Withheld,EASTRISE CREDIT UNION,SEC 502 GUARANTEED SINGLE FAMILY HOUSING PURCHASE LOANS - WITH ANNUAL FEES ASSIGNED,Real Estate and Rental and Leasing,50023,NA,Not Available,Residential,Detailed Project Description Not Available,366162,2
2021,Vermont,Washington,At-Large,Single Family Housing,Guaranteed Loan (SFH),Zip Code Withheld,Not Persistent Poverty Community,Name Withheld,NOT AVAILABLE,Loan Funds - Guaranteed,City Name Withheld,FAIRWAY INDEPENDENT MORTGAGE CORPORATION,SEC 502 GUARANTEED SINGLE FAMILY HOUSING PURCHASE LOANS - WITH ANNUAL FEES ASSIGNED,Real Estate and Rental and Leasing,50023,NA,Not Available,Residential,Detailed Project Description Not Available,222222,1
2021,Vermont,Washington,At-Large,Single Family Housing,Guaranteed Loan (SFH),Zip Code Withheld,Not Persistent Poverty Community,Name Withheld,NOT AVAILABLE,Loan Funds - Guaranteed,City Name Withheld,"HOMEBRIDGE FINANCIAL SERVICES, INC.",SEC 502 GUARANTEED SINGLE FAMILY HOUSING PURCHASE LOANS - WITH ANNUAL FEES ASSIGNED,Real Estate and Rental and Leasing,50023,NA,Not Available,Residential,Detailed Project Description Not Available,222222,1
2021,Vermont,Washington,At-Large,Single Family Housing,Guaranteed Loan (SFH),Zip Code Withheld,Not Persistent Poverty Community,Name Withheld,NOT AVAILABLE,Loan Funds - Guaranteed,City Name Withheld,"NORTHEAST HOME LOAN, LLC",SEC 502 GUARANTEED SINGLE FAMILY HOUSING PURCHASE LOANS - WITH ANNUAL FEES ASSIGNED,Real Estate and Rental and Leasing,50023,NA,Not Available,Residential,Detailed Project Description Not Available,189393,1
2021,Vermont,Washington,At-Large,Single Family Housing,Guaranteed Loan (SFH),Zip Code Withheld,Not Persistent Poverty Community,Name Withheld,NOT AVAILABLE,Loan Funds - Guaranteed,City Name Withheld,NORTHFIELD SAVINGS BANK,SEC 502 GUARANTEED SINGLE FAMILY HOUSING PURCHASE LOANS - WITH ANNUAL FEES ASSIGNED,Real Estate and Rental and Leasing,50023,NA,Not Available,Residential,Detailed Project Description Not Available,896473,5
2021,Vermont,Washington,At-Large,Single Family Housing,Guaranteed Loan (SFH),Zip Code Withheld,Not Persistent Poverty Community,Name Withheld,NOT AVAILABLE,Loan Funds - Guaranteed,City Name Withheld,"PLAZA HOME MORTGAGE, INC.",SEC 502 GUARANTEED SINGLE FAMILY HOUSING PURCHASE LOANS - WITH ANNUAL FEES ASSIGNED,Real Estate and Rental and Leasing,50023,NA,Not Available,Residential,Detailed Project Description Not Available,141414,1
2021,Vermont,Washington,At-Large,Single Family Housing,Guaranteed Loan (SFH),Zip Code Withheld,Not Persistent Poverty Community,Name Withheld,NOT AVAILABLE,Loan Funds - Guaranteed,City Name Withheld,UNION BANK,SEC 502 GUARANTEED SINGLE FAMILY HOUSING PURCHASE LOANS - WITH ANNUAL FEES ASSIGNED,Real Estate and Rental and Leasing,50023,NA,Not Available,Residential,Detailed Project Description Not Available,346060,2
2021,Vermont,Washington,At-Large,Single Family Housing,Guaranteed Loan (SFH),Zip Code Withheld,Not Persistent Poverty Community,Name Withheld,NOT AVAILABLE,Loan Funds - Guaranteed,City Name Withheld,VERMONT FEDERAL CREDIT UNION,SEC 502 GUARANTEED SINGLE FAMILY HOUSING PURCHASE LOANS - WITH ANNUAL FEES ASSIGNED,Real Estate and Rental and Leasing,50023,NA,Not Available,Residential,Detailed Project Description Not Available,603434,2
2021,Vermont,Washington,At-Large,Single Family Housing,Repair Grant (SFH),Zip Code Withheld,Not Persistent Poverty Community,Name Withheld,NOT AVAILABLE,Grant Funds,City Name Withheld,Not Applicable,504 GRANT,Real Estate and Rental and Leasing,50023,NA,Not Available,Residential,Detailed Project Description Not Available,3100,1
2021,Vermont,Windham,At-Large,Business Programs,Advanced Biofuel Payment Program,05159,Not Persistent Poverty Community,WESTMINSTER ENERGY GROUP LLC,NOT AVAILABLE,Grant Funds,Westminster Station,Not Applicable,GRANT FOR PROD OF ADV BIOFUEL,Other or Not Defined,50025,NA,Not Available,Commercial,Detailed Project Description Not Available,202,4
2021,Vermont,Windham,At-Large,Business Programs,Rural Business Development Grant (RBDG),05363,Not Persistent Poverty Community,"OLD SCHOOL ENRICHMENT COUNCIL, INC.",OLD SCHOOL RENOVATION FY21,Grant Funds,Wilmington,Not Applicable,SECD RB DEV ENTERPRISE GRANT,Other Services,50025,813211,GRANTMAKING FOUNDATIONS,Commercial,"This Rural Development investment will be used to finance renovations to the Old School Community Center which currently supports several small local businesses. Also, a co-working space provider will soon move into the building as a tenant. This facility is fast becoming an important small business and employment hub. The renovation will help create six jobs and retain five.",9200,1
2021,Vermont,Windham,At-Large,Business Programs,Rural Energy for America Program (REAP),05301,Not Persistent Poverty Community,"55 MARLBORO ROAD, LLC",FY21 RES 63.4KW SOLAR PV,Grant Funds,Brattleboro,Not Applicable,REAP-MANDATORY RENEW ENERGY SYST GRANTS,Real Estate and Rental and Leasing,50025,531120,LESSORS OF NONRESIDENTIAL BUILDINGS (EXCEPT MINIWAREHOUSES),Commercial,"This Rural Development investment will be used by 55 Marlboro Road LLC, a multi tenant commercial building occupied by 10 retail and service businesses, to install a 63.4 kilowatt (kW) roof-mounted solar array to offset 89 percent of the electricity demand. The energy generated, enough to power seven average homes, will save the owner almost $14,000 annually. The purpose of this funding program is to assist farmers, ranchers, and rural small businesses in developing renewable energy systems, and in making energy-efficiency improvements to their operations.",37222,1
2021,Vermont,Windham,At-Large,Business Programs,Rural Energy for America Program (REAP),05355,Not Persistent Poverty Community,"ENVIROPROFIT, LLC",FY21 RES 20KW SOLAR PV ARRAY,Grant Funds,Wardsboro,Not Applicable,"MAND. RENEW ENERFY SYSTEMS GRANTS UNDER $20,000","Professional, Scientific, and Technical Services",50025,541600,Not Available,Commercial,"This Rural Development investment will be used to install a 20kW roof-mounted solar that will supply all of Enviroprofit, LLCs electrical needs. The company provides environmental solutions to businesses and municipalities to make best use of their energy investments.",14375,1
2021,Vermont,Windham,At-Large,Business Programs,Rural Microentrepreneur Assistance Program (RMAP),05301,Not Persistent Poverty Community,BRATTLEBORO DEVELOPMENT CREDIT CORP,"FY21-RMAP ANNUAL GRANT-$26,515",Grant Funds,Brattleboro,Not Applicable,DISCRETION ASSIST MICROPENTERPRENUERS,Public Administration,50025,926110,ADMINISTRATION OF GENERAL ECONOMIC PROGRAMS,Commercial,This Rural Development investment will be used to provide business based technical assistance and training to microentrepreneurs who are seeking or may seek a microloan.,25120,1
2021,Vermont,Windham,At-Large,Community Facilities,Direct Loan (CF),05301,Not Persistent Poverty Community,"RETREAT FARM, LTD.",FY 21 NORTH BARN RENOVATION,Loan Funds - Direct,Brattleboro,Not Applicable,COMMUNITY FACILITY (DIRECT AND GUARANTEED LOANS),Other or Not Defined,50025,9992,OTHER -  CULTURAL & EDUCATIONAL RELATED SERVICES,Commercial,Detailed Project Description Not Available,2000000,1
2021,Vermont,Windham,At-Large,Community Facilities,Economic Impact Grant (CF),05301,Not Persistent Poverty Community,"FOOD CONNECTS, INC.",FY 21 EQUIPMENT PURCHASE,Grant Funds,Brattleboro,Not Applicable,ECONOMIC IMPACT INITIATIVE GRANTS,Manufacturing,50025,311423,DRIED AND DEHYDRATED FOOD MANUFACTURING,Commercial,Detailed Project Description Not Available,47500,1
2021,Vermont,Windham,At-Large,Community Facilities,Economic Impact Grant (CF),05301,Not Persistent Poverty Community,"RICH EARTH INSTITUTE, INC.",FY 21  RESEARCH FACILITY EQUIP,Grant Funds,Brattleboro,Not Applicable,ECONOMIC IMPACT INITIATIVE GRANTS,Other or Not Defined,50025,9994,OTHER PUBLIC BUILDING & IMPROVEMENT RELATED SERVICES,Commercial,Detailed Project Description Not Available,18900,1
2021,Vermont,Windham,At-Large,Community Facilities,Grant (CF),05301,Not Persistent Poverty Community,"HATCH INC, THE",FY 21 EQUIPMENT PURCHASE,Grant Funds,Brattleboro,Not Applicable,(SECD) CF GRANTS,Other or Not Defined,50025,9992,OTHER -  CULTURAL & EDUCATIONAL RELATED SERVICES,Commercial,"This Rural Development investment will be used to purchase equipment, furnishings, and fixtures for The Hatch Inc.s expanded space in downtown Brattleboro, Vermont. The new HatchSpace makerspace provides a unique and valuable community resource for woodworkers from beginner to advanced skill levels to share expertise through formal and informal methods. In addition to the current space, tools, equipment, expertise, and programming at the HatchSpace, this project will allow for the purchase and development of High-Tech Design Programs using machines such as the CNC, Laser Cutter, and 3D Printer; create additional youth programs in partnership with schools and social service organizations; and provide evening and weekend availability for class times and member access. The partnerships with youth and trade organizations, as well as the classes available, will help meet the need for 600 manufacturing positions in the region over the next five years.",20500,1
2021,Vermont,Windham,At-Large,Community Facilities,Grant (CF),05301,Not Persistent Poverty Community,"HATCH INC, THE",FY 21 EQUIPMENT PURCHASE,Grant Funds,Brattleboro,Not Applicable,CF GRANTS,Other or Not Defined,50025,9992,OTHER -  CULTURAL & EDUCATIONAL RELATED SERVICES,Commercial,Detailed Project Description Not Available,18500,1
2021,Vermont,Windham,At-Large,Community Facilities,Grant (CF),05301,Not Persistent Poverty Community,"RICH EARTH INSTITUTE, INC.",FY 21  RESEARCH FACILITY EQUIP,Grant Funds,Brattleboro,Not Applicable,CF GRANTS,Other or Not Defined,50025,9994,OTHER PUBLIC BUILDING & IMPROVEMENT RELATED SERVICES,Commercial,"This Rural Development investment will be used to purchase equipment, including a pickup truck with a customized vacuum pump and lift gate, storage tanks, office and lab furniture, safety equipment to support the activities of Rich Earth Institute, Inc.s research facility in Brattleboro, Vermont. Rich Earth Institute is a groundbreaking non-profit that engages in research, education and technological innovation to advance the use of human waste as a resource and has recently been expanding their programs. Their unique work benefits the community in two important areas: improving water quality and supporting local farms. The Institute currently provides regular urine collection and recycling services to approximately 200 people throughout Windham County, representing approximately 95 households, and will soon include several public and business facilities that are installing urine diverting toilet fixtures. Their program keeps urine out of the wastewater stream, which reduces the amount of damaging nutrient pollution flowing into groundwater and surface waters. The urine is processed into a sanitized liquid fertilizer product, which is distributed to local farmers for growing hay. Over 10,000 gallons of urine is processed per year, providing four farms with fertilizer, and with recent grants five additional farmer partners will be added. Rich Earth Institute has also been able to expand their staff team and internship programs and has plans to build a new collection depot in Rockingham within the year. Although currently assisting local farmers, the long-term impacts of Rich Earth Institutes work may be far reaching for the agricultural sector as well as addressing pollution issues. The equipment they are able to purchase with this grant will help support the expanding role Rich Earth Institutes research facility in Brattleboro.",18200,1
2021,Vermont,Windham,At-Large,Community Facilities,Grant (CF),05363,Not Persistent Poverty Community,"WILMINGTON, TOWN OF",FY 21 TECHNOLOGY & MODULAR SPA,Grant Funds,Wilmington,Not Applicable,CF GRANTS,Information,50025,51412,LIBRARY,Commercial,Detailed Project Description Not Available,35700,1
2021,Vermont,Windham,At-Large,Community Facilities,Technical Assistance and Training Grant (CF),05301,Not Persistent Poverty Community,BRATTLEBORO DEVELOPMENT CREDIT CORPORATION,CFTAT FY 21,Grant Funds,Brattleboro,Not Applicable,CF TAT GRANT (SECTION 6006),Other or Not Defined,50025,4,APPALACHIAN REG. COMMISSION GRANT (ARC) - CF,Commercial,"This Rural Development investment will be used to help eligible ultimate recipients develop qualified community facilities projects to access USDA financing to purchase, construct, or improve essential community facilities; purchase equipment; and pay related project expenses.",150000,1
2021,Vermont,Windham,At-Large,Multifamily Housing,Rental Assistance (MFH),Zip Code Withheld,Not Persistent Poverty Community,Name Withheld,ADAIR HEIGHTS THM INC,Grant Funds,City Name Withheld,Not Applicable,RENEWAL / REPLACEMENT -FAMILY,Real Estate and Rental and Leasing,50025,NA,Not Available,Residential,Detailed Project Description Not Available,63777,1
2021,Vermont,Windham,At-Large,Multifamily Housing,Rental Assistance (MFH),Zip Code Withheld,Not Persistent Poverty Community,Name Withheld,BELLOWS FALLS FAMILY HOUSING,Grant Funds,City Name Withheld,Not Applicable,FAMILY RENEWAL ARP 2021 - 2021/2022,Real Estate and Rental and Leasing,50025,NA,Not Available,Residential,Detailed Project Description Not Available,34000,2
2021,Vermont,Windham,At-Large,Multifamily Housing,Rental Assistance (MFH),Zip Code Withheld,Not Persistent Poverty Community,Name Withheld,BUTTERFIELD HOUSING LIMITED PARTNERSHIP,Grant Funds,City Name Withheld,Not Applicable,RENEWAL  / REPLACEMENT - ELDERLY,Real Estate and Rental and Leasing,50025,NA,Not Available,Residential,Detailed Project Description Not Available,172352,1
2021,Vermont,Windham,At-Large,Multifamily Housing,Rental Assistance (MFH),Zip Code Withheld,Not Persistent Poverty Community,Name Withheld,PUTNEY MEADOWS APTS REALTY RESOURCE,Grant Funds,City Name Withheld,Not Applicable,RENEWAL  / REPLACEMENT - ELDERLY,Real Estate and Rental and Leasing,50025,NA,Not Available,Residential,Detailed Project Description Not Available,210971,1
2021,Vermont,Windham,At-Large,Multifamily Housing,Rental Assistance (MFH),Zip Code Withheld,Not Persistent Poverty Community,Name Withheld,"SHUMLIN, PETER",Grant Funds,City Name Withheld,Not Applicable,MFH REVITALIZATION - TENANT VOUCHERS,Real Estate and Rental and Leasing,50025,NA,Not Available,Residential,Detailed Project Description Not Available,6420,1
2021,Vermont,Windham,At-Large,Multifamily Housing,Rental Assistance (MFH),Zip Code Withheld,Not Persistent Poverty Community,Name Withheld,VERNON BIRCHES VERNON ADVENT CHRISTIAN HOME INC,Grant Funds,City Name Withheld,Not Applicable,ELDERLY INVENTORY ARP 2021 - 2021/2022,Real Estate and Rental and Leasing,50025,NA,Not Available,Residential,Detailed Project Description Not Available,17000,2
2021,Vermont,Windham,At-Large,Multifamily Housing,Rental Assistance (MFH),Zip Code Withheld,Not Persistent Poverty Community,Name Withheld,VERNON BIRCHES VERNON ADVENT CHRISTIAN HOME INC,Grant Funds,City Name Withheld,Not Applicable,RENEWAL  / REPLACEMENT - ELDERLY,Real Estate and Rental and Leasing,50025,NA,Not Available,Residential,Detailed Project Description Not Available,57669,1
2021,Vermont,Windham,At-Large,Single Family Housing,Direct Loan (SFH),Zip Code Withheld,Not Persistent Poverty Community,Name Withheld,NOT AVAILABLE,Loan Funds - Direct,City Name Withheld,Not Applicable,502 LOAN - GENERAL INTEREST SUBSIDY LOW & OTHER INCOME,Real Estate and Rental and Leasing,50025,NA,Not Available,Residential,Detailed Project Description Not Available,716500,4
2021,Vermont,Windham,At-Large,Single Family Housing,Direct Loan (SFH),Zip Code Withheld,Not Persistent Poverty Community,Name Withheld,NOT AVAILABLE,Loan Funds - Direct,City Name Withheld,Not Applicable,502 LOAN - GENERAL INTEREST SUBSIDY VERY LOW INCOME,Real Estate and Rental and Leasing,50025,NA,Not Available,Residential,Detailed Project Description Not Available,238000,1
2021,Vermont,Windham,At-Large,Single Family Housing,Guaranteed Loan (SFH),Zip Code Withheld,Not Persistent Poverty Community,Name Withheld,NOT AVAILABLE,Loan Funds - Guaranteed,City Name Withheld,"ADVISORS MORTGAGE GROUP, LLC",SEC 502 GUARANTEED SINGLE FAMILY HOUSING PURCHASE LOANS - WITH ANNUAL FEES ASSIGNED,Real Estate and Rental and Leasing,50025,NA,Not Available,Residential,Detailed Project Description Not Available,730151,3
2021,Vermont,Windham,At-Large,Single Family Housing,Guaranteed Loan (SFH),Zip Code Withheld,Not Persistent Poverty Community,Name Withheld,NOT AVAILABLE,Loan Funds - Guaranteed,City Name Withheld,BRATTLEBORO SAVINGS & LOAN,SEC 502 GUARANTEED SINGLE FAMILY HOUSING PURCHASE LOANS - WITH ANNUAL FEES ASSIGNED,Real Estate and Rental and Leasing,50025,NA,Not Available,Residential,Detailed Project Description Not Available,227272,1
2021,Vermont,Windham,At-Large,Single Family Housing,Guaranteed Loan (SFH),Zip Code Withheld,Not Persistent Poverty Community,Name Withheld,NOT AVAILABLE,Loan Funds - Guaranteed,City Name Withheld,"CMG MORTGAGE, INC",SEC 502 GUARANTEED SINGLE FAMILY HOUSING PURCHASE LOANS - WITH ANNUAL FEES ASSIGNED,Real Estate and Rental and Leasing,50025,NA,Not Available,Residential,Detailed Project Description Not Available,565655,3
2021,Vermont,Windham,At-Large,Single Family Housing,Guaranteed Loan (SFH),Zip Code Withheld,Not Persistent Poverty Community,Name Withheld,NOT AVAILABLE,Loan Funds - Guaranteed,City Name Withheld,EVOLVE BANK & TRUST,SEC 502 GUARANTEED SINGLE FAMILY HOUSING PURCHASE LOANS - WITH ANNUAL FEES ASSIGNED,Real Estate and Rental and Leasing,50025,NA,Not Available,Residential,Detailed Project Description Not Available,199494,1
2021,Vermont,Windham,At-Large,Single Family Housing,Guaranteed Loan (SFH),Zip Code Withheld,Not Persistent Poverty Community,Name Withheld,NOT AVAILABLE,Loan Funds - Guaranteed,City Name Withheld,HOME POINT FINANCIAL CORPORATION,SEC 502 GUARANTEED SINGLE FAMILY HOUSING REFINANCE LOANS - WITH ANNUAL FEES ASSIGNED,Real Estate and Rental and Leasing,50025,NA,Not Available,Residential,Detailed Project Description Not Available,199595,1
2021,Vermont,Windham,At-Large,Single Family Housing,Guaranteed Loan (SFH),Zip Code Withheld,Not Persistent Poverty Community,Name Withheld,NOT AVAILABLE,Loan Funds - Guaranteed,City Name Withheld,"NORTHEAST HOME LOAN, LLC",SEC 502 GUARANTEED SINGLE FAMILY HOUSING PURCHASE LOANS - WITH ANNUAL FEES ASSIGNED,Real Estate and Rental and Leasing,50025,NA,Not Available,Residential,Detailed Project Description Not Available,220202,1
2021,Vermont,Windham,At-Large,Single Family Housing,Guaranteed Loan (SFH),Zip Code Withheld,Not Persistent Poverty Community,Name Withheld,NOT AVAILABLE,Loan Funds - Guaranteed,City Name Withheld,PEOPLES UNITED BANK,SEC 502 GUARANTEED SINGLE FAMILY HOUSING PURCHASE LOANS - WITH ANNUAL FEES ASSIGNED,Real Estate and Rental and Leasing,50025,NA,Not Available,Residential,Detailed Project Description Not Available,451050,3
2021,Vermont,Windham,At-Large,Single Family Housing,Guaranteed Loan (SFH),Zip Code Withheld,Not Persistent Poverty Community,Name Withheld,NOT AVAILABLE,Loan Funds - Guaranteed,City Name Withheld,"PRIME LENDING, A PLAINS CAPITAL CO.",SEC 502 GUARANTEED SINGLE FAMILY HOUSING PURCHASE LOANS - WITH ANNUAL FEES ASSIGNED,Real Estate and Rental and Leasing,50025,NA,Not Available,Residential,Detailed Project Description Not Available,211111,1
2021,Vermont,Windham,At-Large,Single Family Housing,Guaranteed Loan (SFH),Zip Code Withheld,Not Persistent Poverty Community,Name Withheld,NOT AVAILABLE,Loan Funds - Guaranteed,City Name Withheld,"RESIDENTIAL MORTGAGE SERVICES, INC.",SEC 502 GUARANTEED SINGLE FAMILY HOUSING PURCHASE LOANS - WITH ANNUAL FEES ASSIGNED,Real Estate and Rental and Leasing,50025,NA,Not Available,Residential,Detailed Project Description Not Available,218181,1
2021,Vermont,Windham,At-Large,Single Family Housing,Repair Grant (SFH),Zip Code Withheld,Not Persistent Poverty Community,Name Withheld,NOT AVAILABLE,Grant Funds,City Name Withheld,Not Applicable,504 GRANT,Real Estate and Rental and Leasing,50025,NA,Not Available,Residential,Detailed Project Description Not Available,8200,2
2021,Vermont,Windham,At-Large,Single Family Housing,Repair Loan (SFH),Zip Code Withheld,Not Persistent Poverty Community,Name Withheld,NOT AVAILABLE,Loan Funds - Direct,City Name Withheld,Not Applicable,504 LOAN,Real Estate and Rental and Leasing,50025,NA,Not Available,Residential,Detailed Project Description Not Available,22390,2
2021,Vermont,Windham,At-Large,Water and Environmental,Solid Waste Management Grant (WEP),05301,Not Persistent Poverty Community,Windham Solid Waste Management District,SWM FY 21,Grant Funds,Brattleboro,Not Applicable,(WWA PROGRAM AREA) SOLID WASTE GRANT,Utilities,50025,NA,Not Available,Commercial,"This Rural Development investment will be used to decrease the generation of solid waste and environmental pollution through the implementation of a multi-faceted promotional campaign to increase diversion of food scraps banned from landfill disposal in Vermont. Services offered include training and technical assistance. Project goals will be achieved through the development and dissemination of educational resources, and advanced training and assistance for transfer station attendants, town officials, town committee members, citizen activists, businesses, institutions, schools, and residents.",68000,1
2021,Vermont,Windsor,At-Large,Business Programs,Rural Business Development Grant (RBDG),05001,Not Persistent Poverty Community,"VITAL COMMUNITIES, INC",CAPITAL ACCESS- FY21,Grant Funds,White River Junction,Not Applicable,RBCS ENTERPRISE GRANTS,Public Administration,50027,926110,ADMINISTRATION OF GENERAL ECONOMIC PROGRAMS,Commercial,"This Rural Development Investment will support the expansion of The Local Crowd Upper Valley, a community-based crowd funding platform operating in Orange and Windsor counties of Vermont. Funding will provide creative capital access to small businesses and entrepreneurs in the region while fostering new ways for communities to invest in the local economy. Rural Development funds will cover the costs for a crowdfunding platform subscription, staff time to recruit and support businesses as they build and run crowdfunding campaigns, videographer stipends, marketing, promotion, and evaluation. This project will save or create 4 jobs within the community.",12260,1
2021,Vermont,Windsor,At-Large,Business Programs,Rural Energy for America Program (REAP),05767,Not Persistent Poverty Community,MURRAY FARM SOLAR LLC,FY21 RES 74KW SOLAR ARRAY,Grant Funds,Rochester,Not Applicable,"MAND. RENEW ENERFY SYSTEMS GRANTS UNDER $20,000",Utilities,50027,221114,SOLAR ELECTRIC POWER GENERATION,Commercial,"This Rural Development investment will be used to purchase and install a 73.9 kilowatt ground-mounted solar array. Through net-metering, Murray Farm Solar, LLC will benefit from over $15,000 in annual revenue which will help offset their electricity bills.",20000,1
2021,Vermont,Windsor,At-Large,Business Programs,Value Added Producer Grant (VAPG),05156,Not Persistent Poverty Community,GREEN MOUNTAIN SPRING-ROCK FARM LLC,VAPG2021VT06,Grant Funds,Springfield,Not Applicable,LOCAL AGRICULTURE MARKET RESOURCE PROGRAM (LAMP) VALUE-ADDED PRODUCER GRANTS - COVID,"Agriculture, Forestry, Fishing and Hunting",50027,112111,BEEF CATTLE RANCHING AND FARMING,Commercial,"This Rural Development investment will be used to support processing, marketing and packaging expenses related to the expansion of online sales of frozen cuts of Wagyu beef. The project includes a $39,502 match contribution from the grantee.",250000,1
2021,Vermont,Windsor,At-Large,Community Facilities,Direct Loan (CF),05065,Not Persistent Poverty Community,"SHARON ACADEMY, INC., THE",FY21 SCIENCE WING ADDITION,Loan Funds - Direct,Sharon,Not Applicable,COMMUNITY FACILITY (DIRECT AND GUARANTEED LOANS),Educational Services,50027,61169,ALL OTHER SCHOOLS AND INSTRUCTION,Commercial,Detailed Project Description Not Available,1910000,1
2021,Vermont,Windsor,At-Large,Multifamily Housing,Rental Assistance (MFH),Zip Code Withheld,Not Persistent Poverty Community,Name Withheld,BLACK RIVER OVERLOOK C/O STEWART PROP MG,Grant Funds,City Name Withheld,Not Applicable,FAMILY RENEWAL ARP 2021 - 2021/2022,Real Estate and Rental and Leasing,50027,NA,Not Available,Residential,Detailed Project Description Not Available,3400,1
2021,Vermont,Windsor,At-Large,Multifamily Housing,Rental Assistance (MFH),Zip Code Withheld,Not Persistent Poverty Community,Name Withheld,BRIGHTWOOD HOUSE,Grant Funds,City Name Withheld,Not Applicable,RENEWAL  / REPLACEMENT - ELDERLY,Real Estate and Rental and Leasing,50027,NA,Not Available,Residential,Detailed Project Description Not Available,154528,1
2021,Vermont,Windsor,At-Large,Multifamily Housing,Rental Assistance (MFH),Zip Code Withheld,Not Persistent Poverty Community,Name Withheld,PLEASANTBROOK APTS,Grant Funds,City Name Withheld,Not Applicable,RENEWAL / REPLACEMENT -FAMILY,Real Estate and Rental and Leasing,50027,NA,Not Available,Residential,Detailed Project Description Not Available,260447,1
2021,Vermont,Windsor,At-Large,Multifamily Housing,Rental Assistance (MFH),Zip Code Withheld,Not Persistent Poverty Community,Name Withheld,PROCTORSVILLE GREEN HOUSING C/O STEWART,Grant Funds,City Name Withheld,Not Applicable,FAMILY RENEWAL ARP 2021 - 2021/2022,Real Estate and Rental and Leasing,50027,NA,Not Available,Residential,Detailed Project Description Not Available,6800,1
2021,Vermont,Windsor,At-Large,Multifamily Housing,Rental Assistance (MFH),Zip Code Withheld,Not Persistent Poverty Community,Name Withheld,WALL STREET APTS C/O HOUSING VERMONT,Grant Funds,City Name Withheld,Not Applicable,RENEWAL / REPLACEMENT -FAMILY,Real Estate and Rental and Leasing,50027,NA,Not Available,Residential,Detailed Project Description Not Available,150392,1
2021,Vermont,Windsor,At-Large,Multifamily Housing,Rental Assistance (MFH),Zip Code Withheld,Not Persistent Poverty Community,Name Withheld,WINDSOR HOLLOW,Grant Funds,City Name Withheld,Not Applicable,RENEWAL  / REPLACEMENT - ELDERLY,Real Estate and Rental and Leasing,50027,NA,Not Available,Residential,Detailed Project Description Not Available,210749,1
2021,Vermont,Windsor,At-Large,Single Family Housing,Direct Loan (SFH),Zip Code Withheld,Not Persistent Poverty Community,Name Withheld,NOT AVAILABLE,Loan Funds - Direct,City Name Withheld,Not Applicable,502 LOAN - GENERAL INTEREST SUBSIDY LOW & OTHER INCOME,Real Estate and Rental and Leasing,50027,NA,Not Available,Residential,Detailed Project Description Not Available,191870,1
2021,Vermont,Windsor,At-Large,Single Family Housing,Direct Loan (SFH),Zip Code Withheld,Not Persistent Poverty Community,Name Withheld,NOT AVAILABLE,Loan Funds - Direct,City Name Withheld,Not Applicable,502 LOAN - GENERAL INTEREST SUBSIDY VERY LOW INCOME,Real Estate and Rental and Leasing,50027,NA,Not Available,Residential,Detailed Project Description Not Available,399860,3
2021,Vermont,Windsor,At-Large,Single Family Housing,Guaranteed Loan (SFH),Zip Code Withheld,Not Persistent Poverty Community,Name Withheld,NOT AVAILABLE,Loan Funds - Guaranteed,City Name Withheld,ACADEMY MORTGAGE CORPORATION,SEC 502 GUARANTEED SINGLE FAMILY HOUSING PURCHASE LOANS - WITH ANNUAL FEES ASSIGNED,Real Estate and Rental and Leasing,50027,NA,Not Available,Residential,Detailed Project Description Not Available,182980,1
2021,Vermont,Windsor,At-Large,Single Family Housing,Guaranteed Loan (SFH),Zip Code Withheld,Not Persistent Poverty Community,Name Withheld,NOT AVAILABLE,Loan Funds - Guaranteed,City Name Withheld,BRATTLEBORO SAVINGS & LOAN,SEC 502 GUARANTEED SINGLE FAMILY HOUSING PURCHASE LOANS - WITH ANNUAL FEES ASSIGNED,Real Estate and Rental and Leasing,50027,NA,Not Available,Residential,Detailed Project Description Not Available,229459,2
2021,Vermont,Windsor,At-Large,Single Family Housing,Guaranteed Loan (SFH),Zip Code Withheld,Not Persistent Poverty Community,Name Withheld,NOT AVAILABLE,Loan Funds - Guaranteed,City Name Withheld,"CMG MORTGAGE, INC",SEC 502 GUARANTEED SINGLE FAMILY HOUSING PURCHASE LOANS - WITH ANNUAL FEES ASSIGNED,Real Estate and Rental and Leasing,50027,NA,Not Available,Residential,Detailed Project Description Not Available,200000,1
2021,Vermont,Windsor,At-Large,Single Family Housing,Guaranteed Loan (SFH),Zip Code Withheld,Not Persistent Poverty Community,Name Withheld,NOT AVAILABLE,Loan Funds - Guaranteed,City Name Withheld,CROSS COUNTRY MORTGAGE LLC,SEC 502 GUARANTEED SINGLE FAMILY HOUSING PURCHASE LOANS - WITH ANNUAL FEES ASSIGNED,Real Estate and Rental and Leasing,50027,NA,Not Available,Residential,Detailed Project Description Not Available,102525,1
2021,Vermont,Windsor,At-Large,Single Family Housing,Guaranteed Loan (SFH),Zip Code Withheld,Not Persistent Poverty Community,Name Withheld,NOT AVAILABLE,Loan Funds - Guaranteed,City Name Withheld,"EMBRACE HOME LOANS, INC.",SEC 502 GUARANTEED SINGLE FAMILY HOUSING PURCHASE LOANS - WITH ANNUAL FEES ASSIGNED,Real Estate and Rental and Leasing,50027,NA,Not Available,Residential,Detailed Project Description Not Available,126262,1
2021,Vermont,Windsor,At-Large,Single Family Housing,Guaranteed Loan (SFH),Zip Code Withheld,Not Persistent Poverty Community,Name Withheld,NOT AVAILABLE,Loan Funds - Guaranteed,City Name Withheld,"HOMEBRIDGE FINANCIAL SERVICES, INC.",SEC 502 GUARANTEED SINGLE FAMILY HOUSING PURCHASE LOANS - WITH ANNUAL FEES ASSIGNED,Real Estate and Rental and Leasing,50027,NA,Not Available,Residential,Detailed Project Description Not Available,285353,2
2021,Vermont,Windsor,At-Large,Single Family Housing,Guaranteed Loan (SFH),Zip Code Withheld,Not Persistent Poverty Community,Name Withheld,NOT AVAILABLE,Loan Funds - Guaranteed,City Name Withheld,"MEMBER FIRST MORTGAGE, LLC",SEC 502 GUARANTEED SINGLE FAMILY HOUSING PURCHASE LOANS - WITH ANNUAL FEES ASSIGNED,Real Estate and Rental and Leasing,50027,NA,Not Available,Residential,Detailed Project Description Not Available,111111,1
2021,Vermont,Windsor,At-Large,Single Family Housing,Guaranteed Loan (SFH),Zip Code Withheld,Not Persistent Poverty Community,Name Withheld,NOT AVAILABLE,Loan Funds - Guaranteed,City Name Withheld,NORTHFIELD SAVINGS BANK,SEC 502 GUARANTEED SINGLE FAMILY HOUSING PURCHASE LOANS - WITH ANNUAL FEES ASSIGNED,Real Estate and Rental and Leasing,50027,NA,Not Available,Residential,Detailed Project Description Not Available,126262,1
2021,Vermont,Windsor,At-Large,Single Family Housing,Guaranteed Loan (SFH),Zip Code Withheld,Not Persistent Poverty Community,Name Withheld,NOT AVAILABLE,Loan Funds - Guaranteed,City Name Withheld,PEOPLES UNITED BANK,SEC 502 GUARANTEED SINGLE FAMILY HOUSING PURCHASE LOANS - WITH ANNUAL FEES ASSIGNED,Real Estate and Rental and Leasing,50027,NA,Not Available,Residential,Detailed Project Description Not Available,146450,1
2021,Vermont,Windsor,At-Large,Single Family Housing,Guaranteed Loan (SFH),Zip Code Withheld,Not Persistent Poverty Community,Name Withheld,NOT AVAILABLE,Loan Funds - Guaranteed,City Name Withheld,"PRIME LENDING, A PLAINS CAPITAL CO.",SEC 502 GUARANTEED SINGLE FAMILY HOUSING PURCHASE LOANS - WITH ANNUAL FEES ASSIGNED,Real Estate and Rental and Leasing,50027,NA,Not Available,Residential,Detailed Project Description Not Available,317171,2
2021,Vermont,Windsor,At-Large,Single Family Housing,Guaranteed Loan (SFH),Zip Code Withheld,Not Persistent Poverty Community,Name Withheld,NOT AVAILABLE,Loan Funds - Guaranteed,City Name Withheld,"RESIDENTIAL MORTGAGE SERVICES, INC.",SEC 502 GUARANTEED SINGLE FAMILY HOUSING PURCHASE LOANS - WITH ANNUAL FEES ASSIGNED,Real Estate and Rental and Leasing,50027,NA,Not Available,Residential,Detailed Project Description Not Available,237373,1
2021,Vermont,Windsor,At-Large,Single Family Housing,Repair Grant (SFH),Zip Code Withheld,Not Persistent Poverty Community,Name Withheld,NOT AVAILABLE,Grant Funds,City Name Withheld,Not Applicable,504 COMBINATION LOAN & GRANT,Real Estate and Rental and Leasing,50027,NA,Not Available,Residential,Detailed Project Description Not Available,7500,1
2021,Vermont,Windsor,At-Large,Single Family Housing,Repair Grant (SFH),Zip Code Withheld,Not Persistent Poverty Community,Name Withheld,NOT AVAILABLE,Grant Funds,City Name Withheld,Not Applicable,504 GRANT,Real Estate and Rental and Leasing,50027,NA,Not Available,Residential,Detailed Project Description Not Available,7000,1
2021,Vermont,Windsor,At-Large,Single Family Housing,Repair Loan (SFH),Zip Code Withheld,Not Persistent Poverty Community,Name Withheld,NOT AVAILABLE,Loan Funds - Direct,City Name Withheld,Not Applicable,504 COMBINATION LOAN & GRANT,Real Estate and Rental and Leasing,50027,NA,Not Available,Residential,Detailed Project Description Not Available,9985,1
2021,Vermont,Windsor,At-Large,Single Family Housing,Repair Loan (SFH),Zip Code Withheld,Not Persistent Poverty Community,Name Withheld,NOT AVAILABLE,Loan Funds - Direct,City Name Withheld,Not Applicable,504 LOAN,Real Estate and Rental and Leasing,50027,NA,Not Available,Residential,Detailed Project Description Not Available,11800,1
2020,Vermont,Addison,At-Large,Business Programs,Advanced Biofuel Payment Program,05491,Not Persistent Poverty Community,DUBOIS ENERGY LLC,NOT AVAILABLE,Grant Funds,Vergennes,Not Applicable,GRANT FOR PROD OF ADV BIOFUEL,Other or Not Defined,50001,NA,Not Available,Commercial,Detailed Project Description Not Available,374,5
2020,Vermont,Addison,At-Large,Business Programs,Rural Energy for America Program (REAP),05734,Not Persistent Poverty Community,AEGIS RENEWABLE ENERGY INC.,FY20 RES 60KW SOLAR ARRAY,Grant Funds,Bridport,Not Applicable,REAP-MANDATORY RENEW ENERGY SYST GRANTS,Construction,50001,238900,Not Available,Commercial,"This Rural Development investment will be used to purchase and install an 88.1 kW roof-mounted solar array on a barn in Bridport, Vermont. Aegis Renewable Energy Inc. will lease the location at the Vorsteveld Dairy, and the electricity generated will be sold to the grid. The equivalent of nine homes could be powered by the array, which will provide over $17,250 in annual revenue. The purpose of this funding program is to assist farmers, ranchers, and rural small businesses in developing renewable energy systems, and in making energy-efficiency improvements to their operations.",41228,1
2020,Vermont,Addison,At-Large,Business Programs,Rural Energy for America Program (REAP),05770,Not Persistent Poverty Community,ELYSIAN FIELDS LLC,FY20 RES 105KW SOLAR ARRAY,Grant Funds,Shoreham,Not Applicable,REAP-MANDATORY RENEW ENERGY SYST GRANTS,"Agriculture, Forestry, Fishing and Hunting",50001,112120,DAIRY CATTLE AND MILK PRODUCTION,Commercial,"Elysian Fields, LLC produces organic milk from their herd of 300 cows in Shoreham. Owners Joe and Kathleen Hescock are installing solar arrays on three barns to help lower costs and further their commitment to sustainability. The 150kW system will produce enough electricity to power the equivalent of eleven homes. The purpose of this funding program is to assist farmers, ranchers, and rural small businesses in developing renewable energy systems, and in making energy-efficiency improvements to their operations.",67125,1
2020,Vermont,Addison,At-Large,Business Programs,Value Added Producer Grant (VAPG),05491,Not Persistent Poverty Community,AGRICOLA MEATS,VAPG2020 WC SALAME MARKETING,Grant Funds,Panton,Not Applicable,LAMP BEGINNING AND SOCIALLY DISADVANTAGED FARMERS OR RANCHERS RESERVE MANDATORY,"Agriculture, Forestry, Fishing and Hunting",50001,112210,HOG AND PIG FARMING,Commercial,"This Rural Development investment will support both processing costs and a branding and marketing campaign to expand markets and sales for locally produced, pasture-raised pork salame. Agricola Meats raises 160 pigs from farrow to finish on 60 acres, which will provide the raw agricultural commodity for the project. Additional matching funds will be contributed in the form of applicant cash and in-kind labor for a total match of $204,098. The project is expected to create two new jobs and save two positions.",204098,1
2020,Vermont,Addison,At-Large,Business Programs,Value Added Producer Grant (VAPG),05760,Not Persistent Poverty Community,"STONEWOOD FARM, INC.",VAPG2020 WC FRESH TURKEY,Grant Funds,Orwell,Not Applicable,LAMP VALUE ADDED PRODUCER GRANT MANDATORY,"Agriculture, Forestry, Fishing and Hunting",50001,112330,TURKEY PRODUCTION,Commercial,Detailed Project Description Not Available,242381,1
2020,Vermont,Addison,At-Large,Multifamily Housing,Rental Assistance (MFH),Zip Code Withheld,Not Persistent Poverty Community,Name Withheld,BRIARWOOD APTS,Grant Funds,City Name Withheld,Not Applicable,RENEWAL / REPLACEMENT -FAMILY,Real Estate and Rental and Leasing,50001,NA,Not Available,Residential,Detailed Project Description Not Available,265812,1
2020,Vermont,Addison,At-Large,Multifamily Housing,Rental Assistance (MFH),Zip Code Withheld,Not Persistent Poverty Community,Name Withheld,CREEKVIEW HOUSING,Grant Funds,City Name Withheld,Not Applicable,RENEWAL / REPLACEMENT -FAMILY,Real Estate and Rental and Leasing,50001,NA,Not Available,Residential,Detailed Project Description Not Available,143402,1
2020,Vermont,Addison,At-Large,Multifamily Housing,Rental Assistance (MFH),Zip Code Withheld,Not Persistent Poverty Community,Name Withheld,MIDDLEBURY COMMONS VSHA,Grant Funds,City Name Withheld,Not Applicable,RENEWAL  / REPLACEMENT - ELDERLY,Real Estate and Rental and Leasing,50001,NA,Not Available,Residential,Detailed Project Description Not Available,258902,1
2020,Vermont,Addison,At-Large,Multifamily Housing,Rental Assistance (MFH),Zip Code Withheld,Not Persistent Poverty Community,Name Withheld,SMALLEST CITY HSG C/O ADDISON COUNTY COMMUNITY TRUST,Grant Funds,City Name Withheld,Not Applicable,RENEWAL / REPLACEMENT -FAMILY,Real Estate and Rental and Leasing,50001,NA,Not Available,Residential,Detailed Project Description Not Available,147165,1
2020,Vermont,Addison,At-Large,Multifamily Housing,Rental Assistance (MFH),Zip Code Withheld,Not Persistent Poverty Community,Name Withheld,VALLEY VIEW II,Grant Funds,City Name Withheld,Not Applicable,RENEWAL  / REPLACEMENT - ELDERLY,Real Estate and Rental and Leasing,50001,NA,Not Available,Residential,Detailed Project Description Not Available,66150,1
2020,Vermont,Addison,At-Large,Single Family Housing,Direct Loan (SFH),Zip Code Withheld,Not Persistent Poverty Community,Name Withheld,NOT AVAILABLE,Loan Funds - Direct,City Name Withheld,Not Applicable,502 LOAN - GENERAL INTEREST SUBSIDY LOW & OTHER INCOME,Real Estate and Rental and Leasing,50001,NA,Not Available,Residential,Detailed Project Description Not Available,238000,1
2020,Vermont,Addison,At-Large,Single Family Housing,Direct Loan (SFH),Zip Code Withheld,Not Persistent Poverty Community,Name Withheld,NOT AVAILABLE,Loan Funds - Direct,City Name Withheld,Not Applicable,502 LOAN - GENERAL INTEREST SUBSIDY VERY LOW INCOME,Real Estate and Rental and Leasing,50001,NA,Not Available,Residential,Detailed Project Description Not Available,147900,1
2020,Vermont,Addison,At-Large,Single Family Housing,Guaranteed Loan (SFH),Zip Code Withheld,Not Persistent Poverty Community,Name Withheld,NOT AVAILABLE,Loan Funds - Guaranteed,City Name Withheld,"CITIZENS BANK, N.A.",SEC 502 GUARANTEED SINGLE FAMILY HOUSING PURCHASE LOANS - WITH ANNUAL FEES ASSIGNED,Real Estate and Rental and Leasing,50001,NA,Not Available,Residential,Detailed Project Description Not Available,134343,1
2020,Vermont,Addison,At-Large,Single Family Housing,Guaranteed Loan (SFH),Zip Code Withheld,Not Persistent Poverty Community,Name Withheld,NOT AVAILABLE,Loan Funds - Guaranteed,City Name Withheld,EASTRISE CREDIT UNION,SEC 502 GUARANTEED SINGLE FAMILY HOUSING PURCHASE LOANS - WITH ANNUAL FEES ASSIGNED,Real Estate and Rental and Leasing,50001,NA,Not Available,Residential,Detailed Project Description Not Available,318996,2
2020,Vermont,Addison,At-Large,Single Family Housing,Guaranteed Loan (SFH),Zip Code Withheld,Not Persistent Poverty Community,Name Withheld,NOT AVAILABLE,Loan Funds - Guaranteed,City Name Withheld,FAIRWAY INDEPENDENT MORTGAGE CORPORATION,SEC 502 GUARANTEED SINGLE FAMILY HOUSING PURCHASE LOANS - WITH ANNUAL FEES ASSIGNED,Real Estate and Rental and Leasing,50001,NA,Not Available,Residential,Detailed Project Description Not Available,490847,2
2020,Vermont,Addison,At-Large,Single Family Housing,Guaranteed Loan (SFH),Zip Code Withheld,Not Persistent Poverty Community,Name Withheld,NOT AVAILABLE,Loan Funds - Guaranteed,City Name Withheld,"HOMEBRIDGE FINANCIAL SERVICES, INC.",SEC 502 GUARANTEED SINGLE FAMILY HOUSING PURCHASE LOANS - WITH ANNUAL FEES ASSIGNED,Real Estate and Rental and Leasing,50001,NA,Not Available,Residential,Detailed Project Description Not Available,248484,1
2020,Vermont,Addison,At-Large,Single Family Housing,Guaranteed Loan (SFH),Zip Code Withheld,Not Persistent Poverty Community,Name Withheld,NOT AVAILABLE,Loan Funds - Guaranteed,City Name Withheld,NEIGHBORS BANK,SEC 502 GUARANTEED SINGLE FAMILY HOUSING PURCHASE LOANS - WITH ANNUAL FEES ASSIGNED,Real Estate and Rental and Leasing,50001,NA,Not Available,Residential,Detailed Project Description Not Available,262626,1
2020,Vermont,Addison,At-Large,Single Family Housing,Guaranteed Loan (SFH),Zip Code Withheld,Not Persistent Poverty Community,Name Withheld,NOT AVAILABLE,Loan Funds - Guaranteed,City Name Withheld,"PARAMOUNT RESIDENTIAL MORTGAGE GROUP,INC",SEC 502 GUARANTEED SINGLE FAMILY HOUSING PURCHASE LOANS - WITH ANNUAL FEES ASSIGNED,Real Estate and Rental and Leasing,50001,NA,Not Available,Residential,Detailed Project Description Not Available,242424,1
2020,Vermont,Addison,At-Large,Single Family Housing,Guaranteed Loan (SFH),Zip Code Withheld,Not Persistent Poverty Community,Name Withheld,NOT AVAILABLE,Loan Funds - Guaranteed,City Name Withheld,"PRIME LENDING, A PLAINS CAPITAL CO.",SEC 502 GUARANTEED SINGLE FAMILY HOUSING PURCHASE LOANS - WITH ANNUAL FEES ASSIGNED,Real Estate and Rental and Leasing,50001,NA,Not Available,Residential,Detailed Project Description Not Available,257575,1
2020,Vermont,Addison,At-Large,Single Family Housing,Guaranteed Loan (SFH),Zip Code Withheld,Not Persistent Poverty Community,Name Withheld,NOT AVAILABLE,Loan Funds - Guaranteed,City Name Withheld,UNION BANK,SEC 502 GUARANTEED SINGLE FAMILY HOUSING PURCHASE LOANS - WITH ANNUAL FEES ASSIGNED,Real Estate and Rental and Leasing,50001,NA,Not Available,Residential,Detailed Project Description Not Available,447474,2
2020,Vermont,Addison,At-Large,Single Family Housing,Guaranteed Loan (SFH),Zip Code Withheld,Not Persistent Poverty Community,Name Withheld,NOT AVAILABLE,Loan Funds - Guaranteed,City Name Withheld,VERMONT FEDERAL CREDIT UNION,SEC 502 GUARANTEED SINGLE FAMILY HOUSING PURCHASE LOANS - WITH ANNUAL FEES ASSIGNED,Real Estate and Rental and Leasing,50001,NA,Not Available,Residential,Detailed Project Description Not Available,789797,4
2020,Vermont,Addison,At-Large,Single Family Housing,Repair Grant (SFH),Zip Code Withheld,Not Persistent Poverty Community,Name Withheld,NOT AVAILABLE,Grant Funds,City Name Withheld,Not Applicable,504 GRANT,Real Estate and Rental and Leasing,50001,NA,Not Available,Residential,Detailed Project Description Not Available,3400,1
2020,Vermont,Bennington,At-Large,Business Programs,Rural Business Development Grant (RBDG),05201,Not Persistent Poverty Community,BENNINGTON COUNTY REGIONAL COMMISSION,FY20 CUD CONNECTIVITY PROJECT,Grant Funds,Bennington,Not Applicable,RBCS DEVELOPMENT GRANT,Public Administration,50003,926110,ADMINISTRATION OF GENERAL ECONOMIC PROGRAMS,Commercial,"This Rural Development investment will be used to provide essential technical assistance and staff capacity to the newly formed Southern Vermont Communications Union District. Funds will be used for salary and expenses to secure staff time for the project, and to cover the costs of retaining network and ISP consultants. Within this era of major rural broadband investment, the project will create a state-of-the-industry guidebook for the district board, and a resource directory relevant to the districts mission. This project will enable the district to enter a buildout phase.",4766,1
2020,Vermont,Bennington,At-Large,Community Facilities,Direct Loan (CF),05201,Not Persistent Poverty Community,"BENNINGTON PROJECT INDEPENDENCE, INC",FY 20 SOLAR PANELS,Loan Funds - Direct,Bennington,Not Applicable,COMBINATION CF DIRECT LOAN/GRANT,Health Care and Social Assistance,50003,62331,CONTINUING CARE RETIREMENT COMMUNITIES AND ASSISTED LIVING FACILITIES FOR THE ELDERLY,Commercial,Detailed Project Description Not Available,158000,1
2020,Vermont,Bennington,At-Large,Community Facilities,Economic Impact Grant (CF),05201,Not Persistent Poverty Community,"UNITED CHILDREN'S SERVICES OF BENNINGTON COUNTY, INC.",FY 20 EQUIPMENT PURCHASE,Grant Funds,Bennington,Not Applicable,ECONOMIC IMPACT INITIATIVE GRANTS,Health Care and Social Assistance,50003,62441,CHILD DAY CARE SERVICES,Commercial,Detailed Project Description Not Available,21400,1
2020,Vermont,Bennington,At-Large,Community Facilities,Grant (CF),05201,Not Persistent Poverty Community,"UNITED CHILDREN'S SERVICES OF BENNINGTON COUNTY, INC.",FY 20 EQUIPMENT PURCHASE,Grant Funds,Bennington,Not Applicable,CF 2019 DISASTER GRANT - TORNADOES FLOODS OTHER,Health Care and Social Assistance,50003,62441,CHILD DAY CARE SERVICES,Commercial,"This Rural Development investment will be used to purchase equipment, furniture and fixtures for the new Head Start and Early Head Start facility at the Bennington Recreation Center. United Childrens Services of Bennington is partnering with the Recreation Center as well as the Berkshire YMCA to develop full-time, high-quality childcare and afterschool programs in downtown Bennington. This partnership has created a transformative childcare service for the community that supports working parents and the local economy, and the gathering space nurtures a deeper sense of community in an area that has experienced economic challenges and significant flood events in recent years. The project includes two preschool classrooms, three infant-toddler classrooms, a multi-purpose room available to the public during nonoperating hours, a public playground, commercial kitchen, community caf and childrens learning kitchen. The facility will serve 34 preschoolers and 27 infant/toddlers and their families.",95900,1
2020,Vermont,Bennington,At-Large,Multifamily Housing,Rental Assistance (MFH),Zip Code Withheld,Not Persistent Poverty Community,Name Withheld,BENNINGTON HOUSE,Grant Funds,City Name Withheld,Not Applicable,RENEWAL / REPLACEMENT -FAMILY,Real Estate and Rental and Leasing,50003,NA,Not Available,Residential,Detailed Project Description Not Available,52208,1
2020,Vermont,Bennington,At-Large,Multifamily Housing,Rental Assistance (MFH),Zip Code Withheld,Not Persistent Poverty Community,Name Withheld,HAINES MANOR EAST,Grant Funds,City Name Withheld,Not Applicable,RENEWAL / REPLACEMENT -FAMILY,Real Estate and Rental and Leasing,50003,NA,Not Available,Residential,Detailed Project Description Not Available,126538,1
2020,Vermont,Bennington,At-Large,Multifamily Housing,Rental Assistance (MFH),Zip Code Withheld,Not Persistent Poverty Community,Name Withheld,HOMESTEAD GREEN,Grant Funds,City Name Withheld,Not Applicable,RENEWAL  / REPLACEMENT - ELDERLY,Real Estate and Rental and Leasing,50003,NA,Not Available,Residential,Detailed Project Description Not Available,114854,1
2020,Vermont,Bennington,At-Large,Multifamily Housing,Rental Assistance (MFH),Zip Code Withheld,Not Persistent Poverty Community,Name Withheld,SILVER STREET APTS,Grant Funds,City Name Withheld,Not Applicable,RENEWAL / REPLACEMENT -FAMILY,Real Estate and Rental and Leasing,50003,NA,Not Available,Residential,Detailed Project Description Not Available,77421,1
2020,Vermont,Bennington,At-Large,Single Family Housing,Direct Loan (SFH),Zip Code Withheld,Not Persistent Poverty Community,Name Withheld,NOT AVAILABLE,Loan Funds - Direct,City Name Withheld,Not Applicable,502 LOAN - GENERAL INTEREST SUBSIDY LOW & OTHER INCOME,Real Estate and Rental and Leasing,50003,NA,Not Available,Residential,Detailed Project Description Not Available,365000,2
2020,Vermont,Bennington,At-Large,Single Family Housing,Direct Loan (SFH),Zip Code Withheld,Not Persistent Poverty Community,Name Withheld,NOT AVAILABLE,Loan Funds - Direct,City Name Withheld,Not Applicable,502 LOAN - GENERAL INTEREST SUBSIDY VERY LOW INCOME,Real Estate and Rental and Leasing,50003,NA,Not Available,Residential,Detailed Project Description Not Available,182000,1
2020,Vermont,Bennington,At-Large,Single Family Housing,Guaranteed Loan (SFH),Zip Code Withheld,Not Persistent Poverty Community,Name Withheld,NOT AVAILABLE,Loan Funds - Guaranteed,City Name Withheld,ADAMS COMMUNITY BANK,SEC 502 GUARANTEED SINGLE FAMILY HOUSING PURCHASE LOANS - WITH ANNUAL FEES ASSIGNED,Real Estate and Rental and Leasing,50003,NA,Not Available,Residential,Detailed Project Description Not Available,116161,1
2020,Vermont,Bennington,At-Large,Single Family Housing,Guaranteed Loan (SFH),Zip Code Withheld,Not Persistent Poverty Community,Name Withheld,NOT AVAILABLE,Loan Funds - Guaranteed,City Name Withheld,BANK OF BENNINGTON,SEC 502 GUARANTEED SINGLE FAMILY HOUSING PURCHASE LOANS - WITH ANNUAL FEES ASSIGNED,Real Estate and Rental and Leasing,50003,NA,Not Available,Residential,Detailed Project Description Not Available,1248764,8
2020,Vermont,Bennington,At-Large,Single Family Housing,Guaranteed Loan (SFH),Zip Code Withheld,Not Persistent Poverty Community,Name Withheld,NOT AVAILABLE,Loan Funds - Guaranteed,City Name Withheld,BANK OF ENGLAND,SEC 502 GUARANTEED SINGLE FAMILY HOUSING PURCHASE LOANS - WITH ANNUAL FEES ASSIGNED,Real Estate and Rental and Leasing,50003,NA,Not Available,Residential,Detailed Project Description Not Available,178787,1
2020,Vermont,Bennington,At-Large,Single Family Housing,Guaranteed Loan (SFH),Zip Code Withheld,Not Persistent Poverty Community,Name Withheld,NOT AVAILABLE,Loan Funds - Guaranteed,City Name Withheld,FAIRWAY INDEPENDENT MORTGAGE CORPORATION,SEC 502 GUARANTEED SINGLE FAMILY HOUSING PURCHASE LOANS - WITH ANNUAL FEES ASSIGNED,Real Estate and Rental and Leasing,50003,NA,Not Available,Residential,Detailed Project Description Not Available,373736,2
2020,Vermont,Bennington,At-Large,Single Family Housing,Guaranteed Loan (SFH),Zip Code Withheld,Not Persistent Poverty Community,Name Withheld,NOT AVAILABLE,Loan Funds - Guaranteed,City Name Withheld,HOMESTEAD FUNDING CORP,SEC 502 GUARANTEED SINGLE FAMILY HOUSING PURCHASE LOANS - WITH ANNUAL FEES ASSIGNED,Real Estate and Rental and Leasing,50003,NA,Not Available,Residential,Detailed Project Description Not Available,141313,1
2020,Vermont,Bennington,At-Large,Single Family Housing,Guaranteed Loan (SFH),Zip Code Withheld,Not Persistent Poverty Community,Name Withheld,NOT AVAILABLE,Loan Funds - Guaranteed,City Name Withheld,"PRIME LENDING, A PLAINS CAPITAL CO.",SEC 502 GUARANTEED SINGLE FAMILY HOUSING PURCHASE LOANS - WITH ANNUAL FEES ASSIGNED,Real Estate and Rental and Leasing,50003,NA,Not Available,Residential,Detailed Project Description Not Available,712826,5
2020,Vermont,Bennington,At-Large,Single Family Housing,Guaranteed Loan (SFH),Zip Code Withheld,Not Persistent Poverty Community,Name Withheld,NOT AVAILABLE,Loan Funds - Guaranteed,City Name Withheld,"ROCKET MORTGAGE, LLC",SEC 502 GUARANTEED SINGLE FAMILY HOUSING PURCHASE LOANS - WITH ANNUAL FEES ASSIGNED,Real Estate and Rental and Leasing,50003,NA,Not Available,Residential,Detailed Project Description Not Available,338380,2
2020,Vermont,Bennington,At-Large,Single Family Housing,Repair Grant (SFH),Zip Code Withheld,Not Persistent Poverty Community,Name Withheld,NOT AVAILABLE,Grant Funds,City Name Withheld,Not Applicable,504 GRANT,Real Estate and Rental and Leasing,50003,NA,Not Available,Residential,Detailed Project Description Not Available,7100,1
2020,Vermont,Caledonia,At-Large,Business Programs,Rural Business Development Grant (RBDG),05819,Not Persistent Poverty Community,NORTHEASTERN VERMONT DEVEL ASSOC INC,FY20 FS WATERFRONT MARINA,Grant Funds,St. Johnsbury,Not Applicable,RBCS ENTERPRISE REAP ZONE GRANTS,Public Administration,50005,926110,ADMINISTRATION OF GENERAL ECONOMIC PROGRAMS,Commercial,"This Rural Development investment will be used to complete a feasibility study for downtown Newport waterfront business development. Included in the study will be a market analysis for a commercial dock and lakeside inn with projected operational costs and revenue estimates, identification of permits needed and their costs, preliminary construction estimates, and concept plans for the docks, inn, and overall project site. The addition of a marina and lakeside inn will compliment established attractions like the Bluffside Farm Trail system that connects to biking trails in Canada, the Prouty Connector trails that provide access to a wide range of outdoor activities, and the new recreational facilities in Gardner Park (directly across the proposed development site). These all-season lakeside destinations will draw more visitors to Newport, helping to support area businesses.",45687,1
2020,Vermont,Caledonia,At-Large,Business Programs,Rural Business Development Grant (RBDG),05819,Not Persistent Poverty Community,NORTHEASTERN VERMONT DEVEL ASSOC INC,FY20 LAUNCHING CUD NEK,Grant Funds,St. Johnsbury,Not Applicable,RBCS ENTERPRISE REAP ZONE GRANTS,Public Administration,50005,926110,ADMINISTRATION OF GENERAL ECONOMIC PROGRAMS,Commercial,"This Rural Development investment will be used to complete an in-depth feasibility study and business plan for bringing high-speed broadband to the Northeast Kingdom of Vermont, a designated REAP Zone. This initiative will also provide logistical support to the Communications Union District. The development of a truly high-speed broadband network with symmetrical, business-level capabilities is key to the regions economic future. The impact on economic development particularly among small businesses and solo entrepreneurs will be profound and widespread.",63000,1
2020,Vermont,Caledonia,At-Large,Business Programs,Rural Business Development Grant (RBDG),05819,Not Persistent Poverty Community,NORTHERN COMMUNITY INVESTMENT CORP,FY20 MARKETING,Grant Funds,Saint Johnsbury,Not Applicable,RBCS ENTERPRISE REAP ZONE GRANTS,Public Administration,50005,926110,ADMINISTRATION OF GENERAL ECONOMIC PROGRAMS,Commercial,Rural Development funds will be used to establish the Business Growth revolving loan fund that will further diversify the financial solutions to regional businesses in the REAP Zone.,99644,1
2020,Vermont,Caledonia,At-Large,Business Programs,Rural Business Development Grant (RBDG),05819,Not Persistent Poverty Community,SAINT JOHNSBURY WORKS! INC.,FY20 WIRELESS MESH/DEST MRKTG,Grant Funds,St Johnsbury,Not Applicable,RBCS ENTERPRISE REAP ZONE GRANTS,Public Administration,50005,926110,ADMINISTRATION OF GENERAL ECONOMIC PROGRAMS,Commercial,"This Rural Development investment will be used to provide robust, much-needed public wireless internet infrastructure in downtown St. Johnsbury. Currently, the town does not have a reliable public internet service. The investment will also provide funds for technical assistance in creating a destination marketing campaign that features customized itineraries and retail packages for visitors and tourists.",81810,1
2020,Vermont,Caledonia,At-Large,Business Programs,Rural Business Development Grant (RBDG),05819,Not Persistent Poverty Community,"ST. JOHNSBURY, TOWN OF",FY20 CALEDONIA FOOD CO-OP,Grant Funds,St. Johnsbury,Not Applicable,RBCS ENTERPRISE REAP ZONE GRANTS,Public Administration,50005,921110,EXECUTIVE OFFICES,Commercial,"This Rural Development investment will be used to hire consultants to help identify feasible sites to accommodate a food cooperative in St. Johnsbury. This project will define a clear acquisition path, provide board governance and effectiveness training, initiate and streamline efforts to establish and grow memberships, and offer marketing services and materials.",45285,1
2020,Vermont,Caledonia,At-Large,Business Programs,Rural Business Development Grant (RBDG),05843,Not Persistent Poverty Community,THE CENTER FOR AN AGRICULTURAL ECONOMY,FY20 NEW MARKET CONNECTIONS,Grant Funds,Hardwick,Not Applicable,RBCS ENTERPRISE REAP ZONE GRANTS,Public Administration,50005,926110,ADMINISTRATION OF GENERAL ECONOMIC PROGRAMS,Commercial,"This Rural Development investment will be used to provide logistical and operational assistance to small and emerging businesses. Getting products to market in their local food system, and the larger agricultural economy, is a challenge for small-scale agribusinesses. These funds will assist them with marketing and streamlined coordination with customers and partners. Assistance will include marketing, outreach, and education to establish long-term relationships with food producers.",13604,1
2020,Vermont,Caledonia,At-Large,Business Programs,Rural Business Development Grant (RBDG),05851,Not Persistent Poverty Community,"LYNDON SNO-CRUISERS, INC.",FY20 - GROOMER,Grant Funds,Lyndonville,Not Applicable,RBCS ENTERPRISE REAP ZONE GRANTS,"Arts, Entertainment, and Recreation",50005,713940,FITNESS AND RECREATIONAL SPORTS CENTERS,Commercial,This Rural Development investment will be used to purchase a 2017 Piston Bully trail groomer and Mogul Master grooming drag to support the 60-mile VAST trail in the service area. Businesses located on the service trail need it to be maintained to ensure seasonal and part-time employees have access to their jobs in winter months.,99000,1
2020,Vermont,Caledonia,At-Large,Business Programs,Rural Energy for America Program (REAP),05042,Not Persistent Poverty Community,RYEGATE GLC SOLAR LLC,FY20 745KW SOLAR ARRAY LNG,Loan Funds - Guaranteed,East Ryegate,CELTIC BANK CORPORATION,REAP-MAND RENEW ENERGY SYSTEMS LOANS GUAR,Utilities,50005,221114,SOLAR ELECTRIC POWER GENERATION,Commercial,"This Rural Development loan guarantee investment will be used to purchase a 745kW solar array. This project adds an extra layer of security for the bank, and allows the project to move forward. Agri-Mark Inc., which owns Cabot Cooperative Creamery, will purchase all of the electricity produced by the array at a discount.",1191000,1
2020,Vermont,Caledonia,At-Large,Community Facilities,Community Development Grant (CF),05819,Not Persistent Poverty Community,NORTHERN COMMUNITY INVESTMENT CORP,RCDI FY 20,Grant Funds,St. Johnsbury,Not Applicable,RCDI RURAL COMMUNITY DEVELOPMENT INITIATIVE GRANT,Other or Not Defined,50005,9,RCDI - TECHNICAL ASSISTANCE CF,Commercial,Detailed Project Description Not Available,100000,1
2020,Vermont,Caledonia,At-Large,Community Facilities,Grant (CF),05819,Not Persistent Poverty Community,CATAMOUNT FILM AND ARTS COMPANY,FY 20 SOUND & LIGHT UPGRADE,Grant Funds,St Johnsbury,Not Applicable,COMMUNITY FACILITY GRANTS - EZ/EC,Other or Not Defined,50005,9999,OTHER,Commercial,Detailed Project Description Not Available,55000,1
2020,Vermont,Caledonia,At-Large,Community Facilities,Grant (CF),05819,Not Persistent Poverty Community,FAIRBANKS MUSEUM AND PLANETARIUM,FY 20 EXHIBIT EQUIPMENT,Grant Funds,St Johnsbury,Not Applicable,COMMUNITY FACILITY GRANTS - EZ/EC,"Arts, Entertainment, and Recreation",50005,71211,MUSEUMS,Commercial,Detailed Project Description Not Available,47500,1
2020,Vermont,Caledonia,At-Large,Community Facilities,Grant (CF),05843,Not Persistent Poverty Community,CENTER FOR AN AGRICULTURAL ECONOMY LTD (THE),FY 20 EQUIPMENT PURCHASE,Grant Funds,Hardwick,Not Applicable,COMMUNITY FACILITY GRANTS - EZ/EC,Other or Not Defined,50005,9992,OTHER -  CULTURAL & EDUCATIONAL RELATED SERVICES,Commercial,Detailed Project Description Not Available,98200,1
2020,Vermont,Caledonia,At-Large,Community Facilities,Grant (CF),05843,Not Persistent Poverty Community,"HARDWICK, TOWN OF",FY20 LIBRARY EXPANSION,Grant Funds,Hardwick,Not Applicable,COMMUNITY FACILITY GRANTS - EZ/EC,Information,50005,51412,LIBRARY,Commercial,"This Rural Development investment will be used to renovate and expand the towns Jeudevine Memorial Library. The addition and renovation will create two new reading rooms, one each for children and teens, refurbish the adult reading room in the historic building, and create expanded staff and circulation space. Additionally, the expansion will create flexible, multi-purpose spaces, including a conference room and large meeting room that can be divided. This will accommodate library services, community events and programming which have grown exponentially over the last 15 years. At around 1,000 square feet, the current building is cramped and there is no accessible bathroom. The expansion will add nearly 5,000 square feet, transforming the library into a true community hub. In the new space, library patrons can find a quiet nook for themselves, access the internet and participate in a multitude of programs and community events. Additional funding includes a town capital campaign, a Community Development Block Grant from Housing and Urban Development, a contribution from the Vermont Arts Council and a loan from the Vermont Municipal Bond Bank.",157000,1
2020,Vermont,Caledonia,At-Large,Community Facilities,Grant (CF),05866,Not Persistent Poverty Community,KINGDOM EAST UNIFIED UNION SCHOOL DISTRICT,FY 20 PELLET BOILER PLANT,Grant Funds,Sheffield,Not Applicable,COMMUNITY FACILITY GRANTS - EZ/EC,Educational Services,50005,61111,ELEMENTARY AND SECONDARY SCHOOLS,Commercial,Detailed Project Description Not Available,96650,1
2020,Vermont,Caledonia,At-Large,Community Facilities,Technical Assistance and Training Grant (CF),05819,Not Persistent Poverty Community,NORTHERN COMMUNITY INVESTMENT CORP,CFTAT FY20,Grant Funds,St. Johnsbury,Not Applicable,CF TAT GRANT (SECTION 6006),Other or Not Defined,50005,7,Not Available,Commercial,"Rural Development funds will help finance technical assistance and training to 8 counties in Vermont and New Hampshire. These counties include Caledonia, Essex, Orleans, and Windsor in VT and Carroll, Coos, Grafton, and Sullivan in NH. Northern Community Investment Corporation (NCIC) staff will work with at least 10 municipalities to understand and assess the community needs and help coordinate steps to bring projects to fruition. NCIC will provide assistance to hire professional consultants to prepare reports and/or surveys necessary to move community facility projects forward and help to identify and secure financing for the projects. NCIC has a 42-year history of serving communities in the areas of small business development, community economic development, management, and financing.",150000,1
2020,Vermont,Caledonia,At-Large,Multifamily Housing,Direct Loan (MFH),05819,Not Persistent Poverty Community,CALEDONIA RENAISSAN LIMITED PARTNERSHIP,CALEDONIA HOUSING,Loan Funds - Direct,St Johnsbury,Not Applicable,"SEC 515, RURAL RENTAL HOUSING LOANS - NEW CONSTRUCTION EZ/EC",Real Estate and Rental and Leasing,50005,NA,Not Available,Residential,Detailed Project Description Not Available,900000,1
2020,Vermont,Caledonia,At-Large,Multifamily Housing,Rental Assistance (MFH),Zip Code Withheld,Not Persistent Poverty Community,Name Withheld,GROTON COMMUNITY HOUSING LP RURAL EDGE PROP MNG,Grant Funds,City Name Withheld,Not Applicable,RENEWAL / REPLACEMENT -FAMILY,Real Estate and Rental and Leasing,50005,NA,Not Available,Residential,Detailed Project Description Not Available,205861,1
2020,Vermont,Caledonia,At-Large,Multifamily Housing,Rental Assistance (MFH),Zip Code Withheld,Not Persistent Poverty Community,Name Withheld,HILLTOP FAMILY HSNG,Grant Funds,City Name Withheld,Not Applicable,RENEWAL / REPLACEMENT -FAMILY,Real Estate and Rental and Leasing,50005,NA,Not Available,Residential,Detailed Project Description Not Available,206240,1
2020,Vermont,Caledonia,At-Large,Multifamily Housing,Rental Assistance (MFH),Zip Code Withheld,Not Persistent Poverty Community,Name Withheld,MARIGOLD APTS,Grant Funds,City Name Withheld,Not Applicable,RENEWAL  / REPLACEMENT - ELDERLY,Real Estate and Rental and Leasing,50005,NA,Not Available,Residential,Detailed Project Description Not Available,46112,1
2020,Vermont,Caledonia,At-Large,Multifamily Housing,Rental Assistance (MFH),Zip Code Withheld,Not Persistent Poverty Community,Name Withheld,MOOSE RIVER HOUSING,Grant Funds,City Name Withheld,Not Applicable,RENEWAL / REPLACEMENT -FAMILY,Real Estate and Rental and Leasing,50005,NA,Not Available,Residential,Detailed Project Description Not Available,259398,1
2020,Vermont,Caledonia,At-Large,Single Family Housing,Direct Loan (SFH),Zip Code Withheld,Not Persistent Poverty Community,Name Withheld,NOT AVAILABLE,Loan Funds - Direct,City Name Withheld,Not Applicable,502 EZ/EC LOW INCOME,Real Estate and Rental and Leasing,50005,NA,Not Available,Residential,Detailed Project Description Not Available,135500,1
2020,Vermont,Caledonia,At-Large,Single Family Housing,Direct Loan (SFH),Zip Code Withheld,Not Persistent Poverty Community,Name Withheld,NOT AVAILABLE,Loan Funds - Direct,City Name Withheld,Not Applicable,502 LOAN - CERTIFIED PACKAGED VIA AN INTERMEDIARY LOW INCOME,Real Estate and Rental and Leasing,50005,NA,Not Available,Residential,Detailed Project Description Not Available,108400,1
2020,Vermont,Caledonia,At-Large,Single Family Housing,Direct Loan (SFH),Zip Code Withheld,Not Persistent Poverty Community,Name Withheld,NOT AVAILABLE,Loan Funds - Direct,City Name Withheld,Not Applicable,502 LOAN - CERTIFIED PACKAGED VIA AN INTERMEDIARY VERY LOW INCOME,Real Estate and Rental and Leasing,50005,NA,Not Available,Residential,Detailed Project Description Not Available,123000,1
2020,Vermont,Caledonia,At-Large,Single Family Housing,Direct Loan (SFH),Zip Code Withheld,Not Persistent Poverty Community,Name Withheld,NOT AVAILABLE,Loan Funds - Direct,City Name Withheld,Not Applicable,502 LOAN - GENERAL INTEREST SUBSIDY LOW & OTHER INCOME,Real Estate and Rental and Leasing,50005,NA,Not Available,Residential,Detailed Project Description Not Available,242913,2
2020,Vermont,Caledonia,At-Large,Single Family Housing,Direct Loan (SFH),Zip Code Withheld,Not Persistent Poverty Community,Name Withheld,NOT AVAILABLE,Loan Funds - Direct,City Name Withheld,Not Applicable,502 LOAN - GENERAL INTEREST SUBSIDY VERY LOW INCOME,Real Estate and Rental and Leasing,50005,NA,Not Available,Residential,Detailed Project Description Not Available,123600,1
2020,Vermont,Caledonia,At-Large,Single Family Housing,Guaranteed Loan (SFH),Zip Code Withheld,Not Persistent Poverty Community,Name Withheld,NOT AVAILABLE,Loan Funds - Guaranteed,City Name Withheld,COMMUNITY NATIONAL BANK,SEC 502 GUARANTEED SINGLE FAMILY HOUSING PURCHASE LOANS - WITH ANNUAL FEES ASSIGNED,Real Estate and Rental and Leasing,50005,NA,Not Available,Residential,Detailed Project Description Not Available,176767,1
2020,Vermont,Caledonia,At-Large,Single Family Housing,Guaranteed Loan (SFH),Zip Code Withheld,Not Persistent Poverty Community,Name Withheld,NOT AVAILABLE,Loan Funds - Guaranteed,City Name Withheld,FAIRWAY INDEPENDENT MORTGAGE CORPORATION,SEC 502 GUARANTEED SINGLE FAMILY HOUSING PURCHASE LOANS - WITH ANNUAL FEES ASSIGNED,Real Estate and Rental and Leasing,50005,NA,Not Available,Residential,Detailed Project Description Not Available,295958,2
2020,Vermont,Caledonia,At-Large,Single Family Housing,Guaranteed Loan (SFH),Zip Code Withheld,Not Persistent Poverty Community,Name Withheld,NOT AVAILABLE,Loan Funds - Guaranteed,City Name Withheld,"NORTHEAST HOME LOAN, LLC",SEC 502 GUARANTEED SINGLE FAMILY HOUSING PURCHASE LOANS - WITH ANNUAL FEES ASSIGNED,Real Estate and Rental and Leasing,50005,NA,Not Available,Residential,Detailed Project Description Not Available,101010,1
2020,Vermont,Caledonia,At-Large,Single Family Housing,Guaranteed Loan (SFH),Zip Code Withheld,Not Persistent Poverty Community,Name Withheld,NOT AVAILABLE,Loan Funds - Guaranteed,City Name Withheld,UNION BANK,SEC 502 GUARANTEED SINGLE FAMILY HOUSING PURCHASE LOANS - WITH ANNUAL FEES ASSIGNED,Real Estate and Rental and Leasing,50005,NA,Not Available,Residential,Detailed Project Description Not Available,963620,7
2020,Vermont,Caledonia,At-Large,Single Family Housing,Repair Grant (SFH),Zip Code Withheld,Not Persistent Poverty Community,Name Withheld,NOT AVAILABLE,Grant Funds,City Name Withheld,Not Applicable,504 COMBINATION LOAN & GRANT,Real Estate and Rental and Leasing,50005,NA,Not Available,Residential,Detailed Project Description Not Available,9771,2
2020,Vermont,Caledonia,At-Large,Single Family Housing,Repair Grant (SFH),Zip Code Withheld,Not Persistent Poverty Community,Name Withheld,NOT AVAILABLE,Grant Funds,City Name Withheld,Not Applicable,504 EZ/EC/REAP GRANT,Real Estate and Rental and Leasing,50005,NA,Not Available,Residential,Detailed Project Description Not Available,7500,1
2020,Vermont,Caledonia,At-Large,Single Family Housing,Repair Grant (SFH),Zip Code Withheld,Not Persistent Poverty Community,Name Withheld,NOT AVAILABLE,Grant Funds,City Name Withheld,Not Applicable,504 GRANT,Real Estate and Rental and Leasing,50005,NA,Not Available,Residential,Detailed Project Description Not Available,28272,4
2020,Vermont,Caledonia,At-Large,Single Family Housing,Repair Loan (SFH),Zip Code Withheld,Not Persistent Poverty Community,Name Withheld,NOT AVAILABLE,Loan Funds - Direct,City Name Withheld,Not Applicable,504 COMBINATION LOAN & GRANT,Real Estate and Rental and Leasing,50005,NA,Not Available,Residential,Detailed Project Description Not Available,7871,2
2020,Vermont,Chittenden,At-Large,Community Facilities,Direct Loan (CF),05404,Not Persistent Poverty Community,WINOOSKI SCHOOL DISTRICT,FY 20 SCHOOL RENOVATION PROJEC,Loan Funds - Direct,Winooski,Not Applicable,COMMUNITY FACILITY (DIRECT AND GUARANTEED LOANS),Educational Services,50007,61111,ELEMENTARY AND SECONDARY SCHOOLS,Commercial,Detailed Project Description Not Available,55000000,1
2020,Vermont,Chittenden,At-Large,Multifamily Housing,Rental Assistance (MFH),Zip Code Withheld,Not Persistent Poverty Community,Name Withheld,MEADOWLANE APTS,Grant Funds,City Name Withheld,Not Applicable,RENEWAL  / REPLACEMENT - ELDERLY,Real Estate and Rental and Leasing,50007,NA,Not Available,Residential,Detailed Project Description Not Available,118253,1
2020,Vermont,Chittenden,At-Large,Multifamily Housing,Rental Assistance (MFH),Zip Code Withheld,Not Persistent Poverty Community,Name Withheld,WRIGHT HOUSE HARRINGTON VILLAGE,Grant Funds,City Name Withheld,Not Applicable,RENEWAL  / REPLACEMENT - ELDERLY,Real Estate and Rental and Leasing,50007,NA,Not Available,Residential,Detailed Project Description Not Available,260915,1
2020,Vermont,Chittenden,At-Large,Single Family Housing,Direct Loan (SFH),Zip Code Withheld,Not Persistent Poverty Community,Name Withheld,NOT AVAILABLE,Loan Funds - Direct,City Name Withheld,Not Applicable,502 LOAN - GENERAL INTEREST SUBSIDY LOW & OTHER INCOME,Real Estate and Rental and Leasing,50007,NA,Not Available,Residential,Detailed Project Description Not Available,1017500,4
2020,Vermont,Chittenden,At-Large,Single Family Housing,Guaranteed Loan (SFH),Zip Code Withheld,Not Persistent Poverty Community,Name Withheld,NOT AVAILABLE,Loan Funds - Guaranteed,City Name Withheld,ACADEMY MORTGAGE CORPORATION,SEC 502 GUARANTEED SINGLE FAMILY HOUSING PURCHASE LOANS - WITH ANNUAL FEES ASSIGNED,Real Estate and Rental and Leasing,50007,NA,Not Available,Residential,Detailed Project Description Not Available,760100,3
2020,Vermont,Chittenden,At-Large,Single Family Housing,Guaranteed Loan (SFH),Zip Code Withheld,Not Persistent Poverty Community,Name Withheld,NOT AVAILABLE,Loan Funds - Guaranteed,City Name Withheld,DRAPER & KRAMER MORTGAGE CORP.,SEC 502 GUARANTEED SINGLE FAMILY HOUSING PURCHASE LOANS - WITH ANNUAL FEES ASSIGNED,Real Estate and Rental and Leasing,50007,NA,Not Available,Residential,Detailed Project Description Not Available,186868,1
2020,Vermont,Chittenden,At-Large,Single Family Housing,Guaranteed Loan (SFH),Zip Code Withheld,Not Persistent Poverty Community,Name Withheld,NOT AVAILABLE,Loan Funds - Guaranteed,City Name Withheld,EASTRISE CREDIT UNION,SEC 502 GUARANTEED SINGLE FAMILY HOUSING PURCHASE LOANS - WITH ANNUAL FEES ASSIGNED,Real Estate and Rental and Leasing,50007,NA,Not Available,Residential,Detailed Project Description Not Available,616160,2
2020,Vermont,Chittenden,At-Large,Single Family Housing,Guaranteed Loan (SFH),Zip Code Withheld,Not Persistent Poverty Community,Name Withheld,NOT AVAILABLE,Loan Funds - Guaranteed,City Name Withheld,"ENVOY MORTGAGE, LTD.",SEC 502 GUARANTEED SINGLE FAMILY HOUSING PURCHASE LOANS - WITH ANNUAL FEES ASSIGNED,Real Estate and Rental and Leasing,50007,NA,Not Available,Residential,Detailed Project Description Not Available,176767,1
2020,Vermont,Chittenden,At-Large,Single Family Housing,Guaranteed Loan (SFH),Zip Code Withheld,Not Persistent Poverty Community,Name Withheld,NOT AVAILABLE,Loan Funds - Guaranteed,City Name Withheld,FAIRWAY INDEPENDENT MORTGAGE CORPORATION,SEC 502 GUARANTEED SINGLE FAMILY HOUSING PURCHASE LOANS - WITH ANNUAL FEES ASSIGNED,Real Estate and Rental and Leasing,50007,NA,Not Available,Residential,Detailed Project Description Not Available,1185707,5
2020,Vermont,Chittenden,At-Large,Single Family Housing,Guaranteed Loan (SFH),Zip Code Withheld,Not Persistent Poverty Community,Name Withheld,NOT AVAILABLE,Loan Funds - Guaranteed,City Name Withheld,"HOMEBRIDGE FINANCIAL SERVICES, INC.",SEC 502 GUARANTEED SINGLE FAMILY HOUSING PURCHASE LOANS - WITH ANNUAL FEES ASSIGNED,Real Estate and Rental and Leasing,50007,NA,Not Available,Residential,Detailed Project Description Not Available,1112018,4
2020,Vermont,Chittenden,At-Large,Single Family Housing,Guaranteed Loan (SFH),Zip Code Withheld,Not Persistent Poverty Community,Name Withheld,NOT AVAILABLE,Loan Funds - Guaranteed,City Name Withheld,"HOMEBRIDGE FINANCIAL SERVICES, INC.",SEC 502 GUARANTEED SINGLE FAMILY HOUSING REFINANCE LOANS - WITH ANNUAL FEES ASSIGNED,Real Estate and Rental and Leasing,50007,NA,Not Available,Residential,Detailed Project Description Not Available,462625,2
2020,Vermont,Chittenden,At-Large,Single Family Housing,Guaranteed Loan (SFH),Zip Code Withheld,Not Persistent Poverty Community,Name Withheld,NOT AVAILABLE,Loan Funds - Guaranteed,City Name Withheld,"MOVEMENT MORTGAGE, LLC",SEC 502 GUARANTEED SINGLE FAMILY HOUSING PURCHASE LOANS - WITH ANNUAL FEES ASSIGNED,Real Estate and Rental and Leasing,50007,NA,Not Available,Residential,Detailed Project Description Not Available,584848,2
2020,Vermont,Chittenden,At-Large,Single Family Housing,Guaranteed Loan (SFH),Zip Code Withheld,Not Persistent Poverty Community,Name Withheld,NOT AVAILABLE,Loan Funds - Guaranteed,City Name Withheld,"NORTHEAST HOME LOAN, LLC",SEC 502 GUARANTEED SINGLE FAMILY HOUSING PURCHASE LOANS - WITH ANNUAL FEES ASSIGNED,Real Estate and Rental and Leasing,50007,NA,Not Available,Residential,Detailed Project Description Not Available,1807067,7
2020,Vermont,Chittenden,At-Large,Single Family Housing,Guaranteed Loan (SFH),Zip Code Withheld,Not Persistent Poverty Community,Name Withheld,NOT AVAILABLE,Loan Funds - Guaranteed,City Name Withheld,"ROCKET MORTGAGE, LLC",SEC 502 GUARANTEED SINGLE FAMILY HOUSING PURCHASE LOANS - WITH ANNUAL FEES ASSIGNED,Real Estate and Rental and Leasing,50007,NA,Not Available,Residential,Detailed Project Description Not Available,187784,1
2020,Vermont,Chittenden,At-Large,Single Family Housing,Guaranteed Loan (SFH),Zip Code Withheld,Not Persistent Poverty Community,Name Withheld,NOT AVAILABLE,Loan Funds - Guaranteed,City Name Withheld,UNION BANK,SEC 502 GUARANTEED SINGLE FAMILY HOUSING PURCHASE LOANS - WITH ANNUAL FEES ASSIGNED,Real Estate and Rental and Leasing,50007,NA,Not Available,Residential,Detailed Project Description Not Available,1653026,7
2020,Vermont,Chittenden,At-Large,Single Family Housing,Guaranteed Loan (SFH),Zip Code Withheld,Not Persistent Poverty Community,Name Withheld,NOT AVAILABLE,Loan Funds - Guaranteed,City Name Withheld,VERMONT FEDERAL CREDIT UNION,SEC 502 GUARANTEED SINGLE FAMILY HOUSING PURCHASE LOANS - WITH ANNUAL FEES ASSIGNED,Real Estate and Rental and Leasing,50007,NA,Not Available,Residential,Detailed Project Description Not Available,249696,1
2020,Vermont,Chittenden,At-Large,Single Family Housing,Repair Grant (SFH),Zip Code Withheld,Not Persistent Poverty Community,Name Withheld,NOT AVAILABLE,Grant Funds,City Name Withheld,Not Applicable,504 COMBINATION LOAN & GRANT,Real Estate and Rental and Leasing,50007,NA,Not Available,Residential,Detailed Project Description Not Available,6250,1
2020,Vermont,Chittenden,At-Large,Single Family Housing,Repair Grant (SFH),Zip Code Withheld,Not Persistent Poverty Community,Name Withheld,NOT AVAILABLE,Grant Funds,City Name Withheld,Not Applicable,504 GRANT,Real Estate and Rental and Leasing,50007,NA,Not Available,Residential,Detailed Project Description Not Available,7500,2
2020,Vermont,Chittenden,At-Large,Single Family Housing,Repair Loan (SFH),Zip Code Withheld,Not Persistent Poverty Community,Name Withheld,NOT AVAILABLE,Loan Funds - Direct,City Name Withheld,Not Applicable,504 COMBINATION LOAN & GRANT,Real Estate and Rental and Leasing,50007,NA,Not Available,Residential,Detailed Project Description Not Available,6250,1
2020,Vermont,Essex,At-Large,Business Programs,Rural Business Development Grant (RBDG),05846,Not Persistent Poverty Community,"BRIGHTON COMMUNITY FORUM, INC.",FY20 ISLAND PND SUSTAINABILITY,Grant Funds,Island Pond,Not Applicable,RBCS ENTERPRISE REAP ZONE GRANTS,"Professional, Scientific, and Technical Services",50009,541690,OTHER SCIENTIFIC AND TECHNICAL CONSULTING SERVICES,Commercial,Detailed Project Description Not Available,75000,1
2020,Vermont,Essex,At-Large,Business Programs,Rural Business Development Grant (RBDG),05904,Not Persistent Poverty Community,NORTHERN FOREST CENTER INC,FY20 MARKETING THE NEK OUTDOOR,Grant Funds,Gilman,Not Applicable,RBCS ENTERPRISE REAP ZONE GRANTS,Public Administration,50009,926110,ADMINISTRATION OF GENERAL ECONOMIC PROGRAMS,Commercial,"This Rural Development investment will be used to provide technical assistance to support and grow the existing and emerging outdoor-recreation-based destination development efforts in the Northeast Kingdom of Vermont. The NEK is designated as a Rural Economic Assistance Program (REAP) zone. The program is modeled on Oregons Rural Tourism Studio, consisting of professionally led workshops and training sessions combined with technical assistance to support implementation of projects.",32500,1
2020,Vermont,Essex,At-Large,Single Family Housing,Direct Loan (SFH),Zip Code Withheld,Not Persistent Poverty Community,Name Withheld,NOT AVAILABLE,Loan Funds - Direct,City Name Withheld,Not Applicable,502 LOAN - GENERAL INTEREST SUBSIDY LOW & OTHER INCOME,Real Estate and Rental and Leasing,50009,NA,Not Available,Residential,Detailed Project Description Not Available,144000,1
2020,Vermont,Essex,At-Large,Single Family Housing,Direct Loan (SFH),Zip Code Withheld,Not Persistent Poverty Community,Name Withheld,NOT AVAILABLE,Loan Funds - Direct,City Name Withheld,Not Applicable,502 LOAN - GENERAL INTEREST SUBSIDY VERY LOW INCOME,Real Estate and Rental and Leasing,50009,NA,Not Available,Residential,Detailed Project Description Not Available,146500,1
2020,Vermont,Essex,At-Large,Single Family Housing,Guaranteed Loan (SFH),Zip Code Withheld,Not Persistent Poverty Community,Name Withheld,NOT AVAILABLE,Loan Funds - Guaranteed,City Name Withheld,FAIRWAY INDEPENDENT MORTGAGE CORPORATION,SEC 502 GUARANTEED SINGLE FAMILY HOUSING PURCHASE LOANS - WITH ANNUAL FEES ASSIGNED,Real Estate and Rental and Leasing,50009,NA,Not Available,Residential,Detailed Project Description Not Available,158585,1
2020,Vermont,Essex,At-Large,Single Family Housing,Guaranteed Loan (SFH),Zip Code Withheld,Not Persistent Poverty Community,Name Withheld,NOT AVAILABLE,Loan Funds - Guaranteed,City Name Withheld,"ROCKET MORTGAGE, LLC",SEC 502 GUARANTEED SINGLE FAMILY HOUSING PURCHASE LOANS - WITH ANNUAL FEES ASSIGNED,Real Estate and Rental and Leasing,50009,NA,Not Available,Residential,Detailed Project Description Not Available,139939,1
2020,Vermont,Essex,At-Large,Single Family Housing,Guaranteed Loan (SFH),Zip Code Withheld,Not Persistent Poverty Community,Name Withheld,NOT AVAILABLE,Loan Funds - Guaranteed,City Name Withheld,UNION BANK,SEC 502 GUARANTEED SINGLE FAMILY HOUSING PURCHASE LOANS - WITH ANNUAL FEES ASSIGNED,Real Estate and Rental and Leasing,50009,NA,Not Available,Residential,Detailed Project Description Not Available,118000,1
2020,Vermont,Essex,At-Large,Single Family Housing,Repair Grant (SFH),Zip Code Withheld,Not Persistent Poverty Community,Name Withheld,NOT AVAILABLE,Grant Funds,City Name Withheld,Not Applicable,504 COMBINATION LOAN & GRANT,Real Estate and Rental and Leasing,50009,NA,Not Available,Residential,Detailed Project Description Not Available,2100,1
2020,Vermont,Essex,At-Large,Single Family Housing,Repair Loan (SFH),Zip Code Withheld,Not Persistent Poverty Community,Name Withheld,NOT AVAILABLE,Loan Funds - Direct,City Name Withheld,Not Applicable,504 COMBINATION LOAN & GRANT,Real Estate and Rental and Leasing,50009,NA,Not Available,Residential,Detailed Project Description Not Available,2100,1
2020,Vermont,Essex,At-Large,Water and Environmental,SEARCH - Special Evaluation Assistance for Rural Communities and Households Grant (WEP),05846,Not Persistent Poverty Community,"Brighton, Town of",FY20 SEARCH - FY 21 WWTF Refurbishment,Grant Funds,Island Pond,Not Applicable,(GRANT ONLY) SEARCH GRANTS WASTE ONLY,Utilities,50009,NA,Not Available,Commercial,"This Rural Development investment will be used for preliminary engineering and environmental reports to evaluate the towns wastewater system and help proactively plan for infrastructure needs. The preliminary engineering report will evaluate alternatives for either improvement or replacement of the control building and pump stations. Without this planning effort, aging infrastructure replacement would be delayed or possibly never unaddressed.",30000,1
2020,Vermont,Franklin,At-Large,Business Programs,Advanced Biofuel Payment Program,05450,Not Persistent Poverty Community,KANE'S COW POWER LLC,NOT AVAILABLE,Grant Funds,Enosburg Falls,Not Applicable,GRANT FOR PROD OF ADV BIOFUEL,Other or Not Defined,50011,NA,Not Available,Commercial,Detailed Project Description Not Available,425,7
2020,Vermont,Franklin,At-Large,Business Programs,Rural Business Development Grant (RBDG),05459,Not Persistent Poverty Community,"HIGHGATE, TOWN OF",FY20 PLANNING,Grant Funds,Highgate,Not Applicable,RBCS DEVELOPMENT GRANT,Public Administration,50011,921110,EXECUTIVE OFFICES,Commercial,"This Rural Development investment will be used to hire a planning consultant to move forward in creating a policy for impact fees and to explore the benefits of creating a Tax Increment Financing (TIF) district to sustain necessary infrastructure and facilitate desired growth. The procedural and policy documents will assist with strategic plans to improve the vitality of the community, and the TIF district structure will create a necessary funding stream to build public infrastructure.",15000,1
2020,Vermont,Franklin,At-Large,Business Programs,Rural Business Development Grant (RBDG),05476,Not Persistent Poverty Community,RICHFORD TOWN OF,FY20 ECONOMIC DEVELOPMENT,Grant Funds,Richford,Not Applicable,RBCS ENTERPRISE GRANTS,Public Administration,50011,921110,EXECUTIVE OFFICES,Commercial,"This Rural Development investment will be used to hire an Economic Development Coordinator (EDC) to explore, obtain and administer resources to support town businesses and attract new businesses to the community. The EDC will implement projects and provide direct technical assistance to the town and businesses to spur economic development, create and retain jobs and promote a vibrant village center. Additional funding includes a $12,000 applicant contribution.",30000,1
2020,Vermont,Franklin,At-Large,Business Programs,Rural Business Development Grant (RBDG),05478,Not Persistent Poverty Community,FRANKLIN COUNTY INDUSTRIAL DEVELOPMENT,FY20 ENGINEERING/PERMITTING,Grant Funds,St. Albans,Not Applicable,RBCS ENTERPRISE GRANTS,Public Administration,50011,926110,ADMINISTRATION OF GENERAL ECONOMIC PROGRAMS,Commercial,This Rural Development investment will be used to pay engineering and permitting costs for constructing two buildings that will be leased to small and emerging businesses. The business tenants have committed to occupy the space.,24717,1
2020,Vermont,Franklin,At-Large,Business Programs,Rural Business Development Grant (RBDG),05478,Not Persistent Poverty Community,NORTHWEST REGIONAL PLANNING COMMISSION,FY20 ALBURG CHILD CARE CTR,Grant Funds,St. Albans,Not Applicable,RBCS ENTERPRISE GRANTS,Public Administration,50011,926110,ADMINISTRATION OF GENERAL ECONOMIC PROGRAMS,Commercial,"This Rural Development investment will be used to hire a project-management consultant, who will work with the town of Alburg, the Alburg School District, and the Alburg Family Clubhouse to monitor the construction process of the Clubhouse, a childcare facility. The new facility will contribute to the economic development of the service area and surrounding towns.",29999,1
2020,Vermont,Franklin,At-Large,Business Programs,Value Added Producer Grant (VAPG),05454,Not Persistent Poverty Community,RUNAMOK MAPLE LLC,VAPG2020 WC MIXER MARKET,Grant Funds,Fairfax,Not Applicable,LAMP VALUE ADDED PRODUCER GRANT MANDATORY,"Agriculture, Forestry, Fishing and Hunting",50011,111998,ALL OTHER MISCELLANEOUS CROP FARMING,Commercial,"This Rural Development investment will support the diversification of Runamok Maples products, specifically maple-syrup-based cocktail mixers. Well-established as an innovator in the syrup market, Runamok Maple is creating new applications for the utilization of maple sap through this project. In addition to the grant funds, the applicant is providing a 1:1 match for the project in the amount of $248,063. Based on the expansion of their product line through the development of these new products, the applicant anticipates creating three new jobs.",248063,1
2020,Vermont,Franklin,At-Large,Business Programs,Value Added Producer Grant (VAPG),05483,Not Persistent Poverty Community,GREEN MOUNTAIN DAIRY FARM LLC,VAPG2020 WC FARM WASTE REDUC,Grant Funds,Sheldon,Not Applicable,LAMP VALUE ADDED PRODUCER GRANT MANDATORY,"Agriculture, Forestry, Fishing and Hunting",50011,112120,DAIRY CATTLE AND MILK PRODUCTION,Commercial,"This Rural Development investment will support the processing and marketing of organic fertilizer and soil amendments made from digested dairy manure and food waste effluent. Project funds will be used to process digestate, develop products and engage in marketing activities. The project includes a total match of $260,081 from a combination of applicant in-kind labor and raw material, and from third-party contributions of in-kind labor. The project is expected to create five new jobs and save three jobs.",250000,1
2020,Vermont,Franklin,At-Large,Community Facilities,Direct Loan (CF),05471,Not Persistent Poverty Community,"MONTGOMERY, TOWN OF",FY 20 STREETSCAPE PROJECT,Loan Funds - Direct,Montgomery,Not Applicable,COMMUNITY FACILITY (DIRECT AND GUARANTEED LOANS),Construction,50011,23411,STREET IMPROVEMENT,Commercial,"This Rural Development investment will be used to improve roadway facilities in the town of Montgomery, Vt. This project will redefine the streetscape with a more vibrant and balanced roadway featuring new and improved elements. They include green belts lined with trees and landscaping, streetlamps, additional parking and improved signage. The project also involves various traffic-calming measures to benefit pedestrians such as bike lanes, bumpouts and crosswalks. These improvements coupled with a USDA RD-funded wastewater infrastructure project are comprehensive, as are the benefits. Many visitors pass through Montgomery each year; by car on their way to the Jay Peak ski resort, by bike on trail systems that run through town, and on foot to visit local shops, restaurants and recreation areas. The result of the upgraded streetscaping will be transformational, allowing businesses to grow as locals and visitors alike can find and access them more easily and safely. Completing construction of both projects at the same time saves money and limits disruption.",6985000,1
2020,Vermont,Franklin,At-Large,Community Facilities,Grant (CF),05478,Not Persistent Poverty Community,"ST ALBANS, CITY OF",FY 20 POLICE DEPARTMENT EQUIPM,Grant Funds,St. Albans,Not Applicable,CF GRANTS,Public Administration,50011,92213,LEGAL COUNSEL AND PROSECUTION,Commercial,Detailed Project Description Not Available,50000,1
2020,Vermont,Franklin,At-Large,Community Facilities,Technical Assistance and Training Grant (CF),05478,Not Persistent Poverty Community,FRANKLIN COUNTY INDUSTRIAL DEVELOPMENT CORPORATION,CFTAT DISASTER FY20,Grant Funds,St. Albans,Not Applicable,CF TAT 2019 DISASTER GRANTS (SECTION 6006),Other or Not Defined,50011,7,Not Available,Commercial,"This Rural Development investment will be used to provide technical assistance to help prepare eligible recipients to directly apply for Rural Development Community Facilities loan and grant funding. Franklin County Industrial Development Corporation will assist eligible public bodies and private nonprofit corporations to a point where they can access Rural Development grants and loans to plan, construct or improve essential community facilities in Franklin County. The majority of the funding will support technical assistance contracted specialists to provide a range of services from feasibility assessment and grant writing to engineering studies and architectural design. This project will provide the much needed resources to bring community facilities projects from concept to fruition.",150000,1
2020,Vermont,Franklin,At-Large,Multifamily Housing,Rental Assistance (MFH),Zip Code Withheld,Not Persistent Poverty Community,Name Withheld,FOURWINDS APTS,Grant Funds,City Name Withheld,Not Applicable,RENEWAL  / REPLACEMENT - ELDERLY,Real Estate and Rental and Leasing,50011,NA,Not Available,Residential,Detailed Project Description Not Available,338226,1
2020,Vermont,Franklin,At-Large,Multifamily Housing,Rental Assistance (MFH),Zip Code Withheld,Not Persistent Poverty Community,Name Withheld,HILLCREST VIEWS APTS,Grant Funds,City Name Withheld,Not Applicable,RENEWAL / REPLACEMENT -FAMILY,Real Estate and Rental and Leasing,50011,NA,Not Available,Residential,Detailed Project Description Not Available,368512,1
2020,Vermont,Franklin,At-Large,Multifamily Housing,Rental Assistance (MFH),Zip Code Withheld,Not Persistent Poverty Community,Name Withheld,PLEASANT STREET HOUSING LP,Grant Funds,City Name Withheld,Not Applicable,RENEWAL / REPLACEMENT -FAMILY,Real Estate and Rental and Leasing,50011,NA,Not Available,Residential,Detailed Project Description Not Available,174388,1
2020,Vermont,Franklin,At-Large,Multifamily Housing,Rental Assistance (MFH),Zip Code Withheld,Not Persistent Poverty Community,Name Withheld,RICHFORD COMMUNITY HOUSING,Grant Funds,City Name Withheld,Not Applicable,RENEWAL / REPLACEMENT -FAMILY,Real Estate and Rental and Leasing,50011,NA,Not Available,Residential,Detailed Project Description Not Available,163458,1
2020,Vermont,Franklin,At-Large,Multifamily Housing,Rental Assistance (MFH),Zip Code Withheld,Not Persistent Poverty Community,Name Withheld,SWANTON MEADOWS REALTY RESOURCE,Grant Funds,City Name Withheld,Not Applicable,RENEWAL / REPLACEMENT -FAMILY,Real Estate and Rental and Leasing,50011,NA,Not Available,Residential,Detailed Project Description Not Available,219473,1
2020,Vermont,Franklin,At-Large,Multifamily Housing,Rental Assistance (MFH),Zip Code Withheld,Not Persistent Poverty Community,Name Withheld,SWANTON SCHOOL SENIOR HOUSING,Grant Funds,City Name Withheld,Not Applicable,ELDERLY RENEWAL 2020 - 2019/2020,Real Estate and Rental and Leasing,50011,NA,Not Available,Residential,Detailed Project Description Not Available,147959,1
2020,Vermont,Franklin,At-Large,Single Family Housing,Direct Loan (SFH),Zip Code Withheld,Not Persistent Poverty Community,Name Withheld,NOT AVAILABLE,Loan Funds - Direct,City Name Withheld,Not Applicable,502 LOAN - GENERAL INTEREST SUBSIDY LOW & OTHER INCOME,Real Estate and Rental and Leasing,50011,NA,Not Available,Residential,Detailed Project Description Not Available,190000,1
2020,Vermont,Franklin,At-Large,Single Family Housing,Guaranteed Loan (SFH),Zip Code Withheld,Not Persistent Poverty Community,Name Withheld,NOT AVAILABLE,Loan Funds - Guaranteed,City Name Withheld,ACADEMY MORTGAGE CORPORATION,SEC 502 GUARANTEED SINGLE FAMILY HOUSING PURCHASE LOANS - WITH ANNUAL FEES ASSIGNED,Real Estate and Rental and Leasing,50011,NA,Not Available,Residential,Detailed Project Description Not Available,1742667,9
2020,Vermont,Franklin,At-Large,Single Family Housing,Guaranteed Loan (SFH),Zip Code Withheld,Not Persistent Poverty Community,Name Withheld,NOT AVAILABLE,Loan Funds - Guaranteed,City Name Withheld,"ARK-LA-TEX FINANCIAL SERVICES, LLC DBA",SEC 502 GUARANTEED SINGLE FAMILY HOUSING PURCHASE LOANS - WITH ANNUAL FEES ASSIGNED,Real Estate and Rental and Leasing,50011,NA,Not Available,Residential,Detailed Project Description Not Available,422221,2
2020,Vermont,Franklin,At-Large,Single Family Housing,Guaranteed Loan (SFH),Zip Code Withheld,Not Persistent Poverty Community,Name Withheld,NOT AVAILABLE,Loan Funds - Guaranteed,City Name Withheld,"CARDINAL FINANCIAL COMPANY, LP",SEC 502 GUARANTEED SINGLE FAMILY HOUSING PURCHASE LOANS - WITH ANNUAL FEES ASSIGNED,Real Estate and Rental and Leasing,50011,NA,Not Available,Residential,Detailed Project Description Not Available,300505,1
2020,Vermont,Franklin,At-Large,Single Family Housing,Guaranteed Loan (SFH),Zip Code Withheld,Not Persistent Poverty Community,Name Withheld,NOT AVAILABLE,Loan Funds - Guaranteed,City Name Withheld,"CITIZENS BANK, N.A.",SEC 502 GUARANTEED SINGLE FAMILY HOUSING PURCHASE LOANS - WITH ANNUAL FEES ASSIGNED,Real Estate and Rental and Leasing,50011,NA,Not Available,Residential,Detailed Project Description Not Available,262626,1
2020,Vermont,Franklin,At-Large,Single Family Housing,Guaranteed Loan (SFH),Zip Code Withheld,Not Persistent Poverty Community,Name Withheld,NOT AVAILABLE,Loan Funds - Guaranteed,City Name Withheld,"CMG MORTGAGE, INC",SEC 502 GUARANTEED SINGLE FAMILY HOUSING PURCHASE LOANS - WITH ANNUAL FEES ASSIGNED,Real Estate and Rental and Leasing,50011,NA,Not Available,Residential,Detailed Project Description Not Available,186868,1
2020,Vermont,Franklin,At-Large,Single Family Housing,Guaranteed Loan (SFH),Zip Code Withheld,Not Persistent Poverty Community,Name Withheld,NOT AVAILABLE,Loan Funds - Guaranteed,City Name Withheld,EASTRISE CREDIT UNION,SEC 502 GUARANTEED SINGLE FAMILY HOUSING PURCHASE LOANS - WITH ANNUAL FEES ASSIGNED,Real Estate and Rental and Leasing,50011,NA,Not Available,Residential,Detailed Project Description Not Available,1867280,8
2020,Vermont,Franklin,At-Large,Single Family Housing,Guaranteed Loan (SFH),Zip Code Withheld,Not Persistent Poverty Community,Name Withheld,NOT AVAILABLE,Loan Funds - Guaranteed,City Name Withheld,"ENVOY MORTGAGE, LTD.",SEC 502 GUARANTEED SINGLE FAMILY HOUSING PURCHASE LOANS - WITH ANNUAL FEES ASSIGNED,Real Estate and Rental and Leasing,50011,NA,Not Available,Residential,Detailed Project Description Not Available,770706,3
2020,Vermont,Franklin,At-Large,Single Family Housing,Guaranteed Loan (SFH),Zip Code Withheld,Not Persistent Poverty Community,Name Withheld,NOT AVAILABLE,Loan Funds - Guaranteed,City Name Withheld,FAIRWAY INDEPENDENT MORTGAGE CORPORATION,SEC 502 GUARANTEED SINGLE FAMILY HOUSING PURCHASE LOANS - WITH ANNUAL FEES ASSIGNED,Real Estate and Rental and Leasing,50011,NA,Not Available,Residential,Detailed Project Description Not Available,2728456,12
2020,Vermont,Franklin,At-Large,Single Family Housing,Guaranteed Loan (SFH),Zip Code Withheld,Not Persistent Poverty Community,Name Withheld,NOT AVAILABLE,Loan Funds - Guaranteed,City Name Withheld,FAIRWAY INDEPENDENT MORTGAGE CORPORATION,SEC 502 GUARANTEED SINGLE FAMILY HOUSING REFINANCE LOANS - WITH ANNUAL FEES ASSIGNED,Real Estate and Rental and Leasing,50011,NA,Not Available,Residential,Detailed Project Description Not Available,275757,1
2020,Vermont,Franklin,At-Large,Single Family Housing,Guaranteed Loan (SFH),Zip Code Withheld,Not Persistent Poverty Community,Name Withheld,NOT AVAILABLE,Loan Funds - Guaranteed,City Name Withheld,"HOMEBRIDGE FINANCIAL SERVICES, INC.",SEC 502 GUARANTEED SINGLE FAMILY HOUSING PURCHASE LOANS - WITH ANNUAL FEES ASSIGNED,Real Estate and Rental and Leasing,50011,NA,Not Available,Residential,Detailed Project Description Not Available,3006610,14
2020,Vermont,Franklin,At-Large,Single Family Housing,Guaranteed Loan (SFH),Zip Code Withheld,Not Persistent Poverty Community,Name Withheld,NOT AVAILABLE,Loan Funds - Guaranteed,City Name Withheld,"HOMEBRIDGE FINANCIAL SERVICES, INC.",SEC 502 GUARANTEED SINGLE FAMILY HOUSING REFINANCE LOANS - WITH ANNUAL FEES ASSIGNED,Real Estate and Rental and Leasing,50011,NA,Not Available,Residential,Detailed Project Description Not Available,665776,3
2020,Vermont,Franklin,At-Large,Single Family Housing,Guaranteed Loan (SFH),Zip Code Withheld,Not Persistent Poverty Community,Name Withheld,NOT AVAILABLE,Loan Funds - Guaranteed,City Name Withheld,"MOVEMENT MORTGAGE, LLC",SEC 502 GUARANTEED SINGLE FAMILY HOUSING PURCHASE LOANS - WITH ANNUAL FEES ASSIGNED,Real Estate and Rental and Leasing,50011,NA,Not Available,Residential,Detailed Project Description Not Available,792928,4
2020,Vermont,Franklin,At-Large,Single Family Housing,Guaranteed Loan (SFH),Zip Code Withheld,Not Persistent Poverty Community,Name Withheld,NOT AVAILABLE,Loan Funds - Guaranteed,City Name Withheld,NEIGHBORS BANK,SEC 502 GUARANTEED SINGLE FAMILY HOUSING REFINANCE LOANS - WITH ANNUAL FEES ASSIGNED,Real Estate and Rental and Leasing,50011,NA,Not Available,Residential,Detailed Project Description Not Available,197929,1
2020,Vermont,Franklin,At-Large,Single Family Housing,Guaranteed Loan (SFH),Zip Code Withheld,Not Persistent Poverty Community,Name Withheld,NOT AVAILABLE,Loan Funds - Guaranteed,City Name Withheld,"NORTHEAST HOME LOAN, LLC",SEC 502 GUARANTEED SINGLE FAMILY HOUSING PURCHASE LOANS - WITH ANNUAL FEES ASSIGNED,Real Estate and Rental and Leasing,50011,NA,Not Available,Residential,Detailed Project Description Not Available,686564,3
2020,Vermont,Franklin,At-Large,Single Family Housing,Guaranteed Loan (SFH),Zip Code Withheld,Not Persistent Poverty Community,Name Withheld,NOT AVAILABLE,Loan Funds - Guaranteed,City Name Withheld,"NORWICH COMMERCIAL GROUP, INC",SEC 502 GUARANTEED SINGLE FAMILY HOUSING PURCHASE LOANS - WITH ANNUAL FEES ASSIGNED,Real Estate and Rental and Leasing,50011,NA,Not Available,Residential,Detailed Project Description Not Available,175000,1
2020,Vermont,Franklin,At-Large,Single Family Housing,Guaranteed Loan (SFH),Zip Code Withheld,Not Persistent Poverty Community,Name Withheld,NOT AVAILABLE,Loan Funds - Guaranteed,City Name Withheld,"PARAMOUNT RESIDENTIAL MORTGAGE GROUP,INC",SEC 502 GUARANTEED SINGLE FAMILY HOUSING PURCHASE LOANS - WITH ANNUAL FEES ASSIGNED,Real Estate and Rental and Leasing,50011,NA,Not Available,Residential,Detailed Project Description Not Available,272727,1
2020,Vermont,Franklin,At-Large,Single Family Housing,Guaranteed Loan (SFH),Zip Code Withheld,Not Persistent Poverty Community,Name Withheld,NOT AVAILABLE,Loan Funds - Guaranteed,City Name Withheld,PEOPLES TRUST COMPANY,SEC 502 GUARANTEED SINGLE FAMILY HOUSING PURCHASE LOANS - WITH ANNUAL FEES ASSIGNED,Real Estate and Rental and Leasing,50011,NA,Not Available,Residential,Detailed Project Description Not Available,1322474,7
2020,Vermont,Franklin,At-Large,Single Family Housing,Guaranteed Loan (SFH),Zip Code Withheld,Not Persistent Poverty Community,Name Withheld,NOT AVAILABLE,Loan Funds - Guaranteed,City Name Withheld,"PLAZA HOME MORTGAGE, INC.",SEC 502 GUARANTEED SINGLE FAMILY HOUSING PURCHASE LOANS - WITH ANNUAL FEES ASSIGNED,Real Estate and Rental and Leasing,50011,NA,Not Available,Residential,Detailed Project Description Not Available,239292,1
2020,Vermont,Franklin,At-Large,Single Family Housing,Guaranteed Loan (SFH),Zip Code Withheld,Not Persistent Poverty Community,Name Withheld,NOT AVAILABLE,Loan Funds - Guaranteed,City Name Withheld,"ROCKET MORTGAGE, LLC",SEC 502 GUARANTEED SINGLE FAMILY HOUSING PURCHASE LOANS - WITH ANNUAL FEES ASSIGNED,Real Estate and Rental and Leasing,50011,NA,Not Available,Residential,Detailed Project Description Not Available,307395,2
2020,Vermont,Franklin,At-Large,Single Family Housing,Guaranteed Loan (SFH),Zip Code Withheld,Not Persistent Poverty Community,Name Withheld,NOT AVAILABLE,Loan Funds - Guaranteed,City Name Withheld,UNION BANK,SEC 502 GUARANTEED SINGLE FAMILY HOUSING PURCHASE LOANS - WITH ANNUAL FEES ASSIGNED,Real Estate and Rental and Leasing,50011,NA,Not Available,Residential,Detailed Project Description Not Available,4217601,21
2020,Vermont,Franklin,At-Large,Single Family Housing,Guaranteed Loan (SFH),Zip Code Withheld,Not Persistent Poverty Community,Name Withheld,NOT AVAILABLE,Loan Funds - Guaranteed,City Name Withheld,VERMONT FEDERAL CREDIT UNION,SEC 502 GUARANTEED SINGLE FAMILY HOUSING PURCHASE LOANS - WITH ANNUAL FEES ASSIGNED,Real Estate and Rental and Leasing,50011,NA,Not Available,Residential,Detailed Project Description Not Available,3142730,16
2020,Vermont,Franklin,At-Large,Single Family Housing,Repair Grant (SFH),Zip Code Withheld,Not Persistent Poverty Community,Name Withheld,NOT AVAILABLE,Grant Funds,City Name Withheld,Not Applicable,504 GRANT,Real Estate and Rental and Leasing,50011,NA,Not Available,Residential,Detailed Project Description Not Available,15000,2
2020,Vermont,Franklin,At-Large,Single Family Housing,Repair Loan (SFH),Zip Code Withheld,Not Persistent Poverty Community,Name Withheld,NOT AVAILABLE,Loan Funds - Direct,City Name Withheld,Not Applicable,504 LOAN,Real Estate and Rental and Leasing,50011,NA,Not Available,Residential,Detailed Project Description Not Available,2500,1
2020,Vermont,Franklin,At-Large,Water and Environmental,Direct Loan and Grant (WEP),05471,Not Persistent Poverty Community,"Montgomery, Town of",FY 20 Wastewater System,Grant Funds,Montgomery Center,Not Applicable,(COMB LOAN & GRANT) WASTE DISPOSAL ONLY,Utilities,50011,NA,Not Available,Commercial,"This Rural Development investment will be used to establish a town-owned, centralized wastewater system for the town of Montgomery, Vermont. The town will construct a grinder pump collection and conveyance system and three separate septic tank and infiltration areas for treatment and discharge. This will include construction of roughly nine miles of pipe and will establish 165 connections, including residences and commercial properties. This project will address health and sanitary issues, as several existing private systems are either troubled or failing, and will also help to protect valuable environmental resources such as the Trout River. Current lack of wastewater capacity limits business and economic development in the town center, and negatively impacts residential property values. Additional funding for this project will come from a Northern Borders Regional Commission Grant and the states Clean Water Revolving Loan Fund.",6065000,1
2020,Vermont,Franklin,At-Large,Water and Environmental,Direct Loan and Grant (WEP),05471,Not Persistent Poverty Community,"Montgomery, Town of",FY 20 Wastewater System,Loan Funds - Direct,Montgomery Center,Not Applicable,(COMB LOAN & GRANT) WASTE DISPOSAL ONLY,Utilities,50011,NA,Not Available,Commercial,"This Rural Development investment will be used to establish a town-owned, centralized wastewater system for the town of Montgomery, Vermont. The town will construct a grinder pump collection and conveyance system and three separate septic tank and infiltration areas for treatment and discharge. This will include construction of roughly nine miles of pipe and will establish 165 connections, including residences and commercial properties. This project will address health and sanitary issues, as several existing private systems are either troubled or failing, and will also help to protect valuable environmental resources such as the Trout River. Current lack of wastewater capacity limits business and economic development in the town center, and negatively impacts residential property values. Additional funding for this project will come from a Northern Borders Regional Commission Grant and the states Clean Water Revolving Loan Fund.",4948000,1
2020,Vermont,Franklin,At-Large,Water and Environmental,Predevelopment Planning Grant (WEP),05471,Not Persistent Poverty Community,"Montgomery, Town of",FY 20 Wastewater System,Grant Funds,Montgomery Center,Not Applicable,(GRANT ONLY) PRE-DEVELOPMENT GRANTS - WASTE ONLY,Utilities,50011,NA,Not Available,Commercial,This Rural Development investment will be used to update and expand upon a 1999 preliminary engineering study as well as an environmental report and an application for Rural Development construction funding in fiscal year 2020. The purpose is to determine the feasibility of developing a public wastewater system for the Villages of Montgomery and Montgomery Center. There is currently no public wastewater system in these communities which significantly limits opportunities for economic development. A municipal system will also benefit local residents who may have failed and aging septic systems. Wastewater infrastructure was one of three major priorities the town set through an intensive community visioning project.,30000,1
2020,Vermont,Grand Isle,At-Large,Single Family Housing,Guaranteed Loan (SFH),Zip Code Withheld,Not Persistent Poverty Community,Name Withheld,NOT AVAILABLE,Loan Funds - Guaranteed,City Name Withheld,"HOMEBRIDGE FINANCIAL SERVICES, INC.",SEC 502 GUARANTEED SINGLE FAMILY HOUSING PURCHASE LOANS - WITH ANNUAL FEES ASSIGNED,Real Estate and Rental and Leasing,50013,NA,Not Available,Residential,Detailed Project Description Not Available,181818,1
2020,Vermont,Grand Isle,At-Large,Single Family Housing,Guaranteed Loan (SFH),Zip Code Withheld,Not Persistent Poverty Community,Name Withheld,NOT AVAILABLE,Loan Funds - Guaranteed,City Name Withheld,"MOVEMENT MORTGAGE, LLC",SEC 502 GUARANTEED SINGLE FAMILY HOUSING PURCHASE LOANS - WITH ANNUAL FEES ASSIGNED,Real Estate and Rental and Leasing,50013,NA,Not Available,Residential,Detailed Project Description Not Available,488888,2
2020,Vermont,Grand Isle,At-Large,Single Family Housing,Guaranteed Loan (SFH),Zip Code Withheld,Not Persistent Poverty Community,Name Withheld,NOT AVAILABLE,Loan Funds - Guaranteed,City Name Withheld,"NORTHEAST HOME LOAN, LLC",SEC 502 GUARANTEED SINGLE FAMILY HOUSING PURCHASE LOANS - WITH ANNUAL FEES ASSIGNED,Real Estate and Rental and Leasing,50013,NA,Not Available,Residential,Detailed Project Description Not Available,150505,1
2020,Vermont,Grand Isle,At-Large,Single Family Housing,Guaranteed Loan (SFH),Zip Code Withheld,Not Persistent Poverty Community,Name Withheld,NOT AVAILABLE,Loan Funds - Guaranteed,City Name Withheld,UNION BANK,SEC 502 GUARANTEED SINGLE FAMILY HOUSING PURCHASE LOANS - WITH ANNUAL FEES ASSIGNED,Real Estate and Rental and Leasing,50013,NA,Not Available,Residential,Detailed Project Description Not Available,487878,2
2020,Vermont,Grand Isle,At-Large,Single Family Housing,Repair Grant (SFH),Zip Code Withheld,Not Persistent Poverty Community,Name Withheld,NOT AVAILABLE,Grant Funds,City Name Withheld,Not Applicable,504 COMBINATION LOAN & GRANT,Real Estate and Rental and Leasing,50013,NA,Not Available,Residential,Detailed Project Description Not Available,3400,1
2020,Vermont,Grand Isle,At-Large,Single Family Housing,Repair Grant (SFH),Zip Code Withheld,Not Persistent Poverty Community,Name Withheld,NOT AVAILABLE,Grant Funds,City Name Withheld,Not Applicable,504 GRANT,Real Estate and Rental and Leasing,50013,NA,Not Available,Residential,Detailed Project Description Not Available,11600,2
2020,Vermont,Grand Isle,At-Large,Single Family Housing,Repair Loan (SFH),Zip Code Withheld,Not Persistent Poverty Community,Name Withheld,NOT AVAILABLE,Loan Funds - Direct,City Name Withheld,Not Applicable,504 COMBINATION LOAN & GRANT,Real Estate and Rental and Leasing,50013,NA,Not Available,Residential,Detailed Project Description Not Available,2400,1
2020,Vermont,Grand Isle,At-Large,Single Family Housing,Repair Loan (SFH),Zip Code Withheld,Not Persistent Poverty Community,Name Withheld,NOT AVAILABLE,Loan Funds - Direct,City Name Withheld,Not Applicable,504 LOAN,Real Estate and Rental and Leasing,50013,NA,Not Available,Residential,Detailed Project Description Not Available,3000,1
2020,Vermont,Lamoille,At-Large,Business Programs,Rural Business Development Grant (RBDG),05661,Not Persistent Poverty Community,"LAMOILLE HOUSING PARTNERSHIP, INC.",FY20 RESILIENCY - EQUIPMENT,Grant Funds,Morrisville,Not Applicable,RBCS ENTERPRISE REAP ZONE GRANTS,Public Administration,50015,926110,ADMINISTRATION OF GENERAL ECONOMIC PROGRAMS,Commercial,Detailed Project Description Not Available,7564,1
2020,Vermont,Lamoille,At-Large,Business Programs,Rural Business Development Grant (RBDG),05661,Not Persistent Poverty Community,"LAMOILLE HOUSING PARTNERSHIP, INC.",FY20 RURAL RESILIENCY-TA,Grant Funds,Morrisville,Not Applicable,RBCS ENTERPRISE REAP ZONE GRANTS,Public Administration,50015,926110,ADMINISTRATION OF GENERAL ECONOMIC PROGRAMS,Commercial,Detailed Project Description Not Available,85746,1
2020,Vermont,Lamoille,At-Large,Business Programs,Rural Energy for America Program (REAP),05661,Not Persistent Poverty Community,HONEY DO LLC,FY20 EEI MAPLE EQUIPMENT,Grant Funds,Morrisville,Not Applicable,"MAND.ENERGY EFFIC IMPROV GRANTS UNDER $20,000","Agriculture, Forestry, Fishing and Hunting",50015,111998,ALL OTHER MISCELLANEOUS CROP FARMING,Commercial,"This Rural Development investment will be used to assist farmers, ranchers, and rural small businesses in developing renewable energy systems, and in making energy-efficiency improvements to their operations. Honey DO LLC is a maple syrup producer in Morrisville, VT. Project funds will be used to make energy efficiency improvements with the purchase and installation of high efficiency maple syrup production equipment. This project will realize $3,347 per year in savings and will replace 117,876kWh (70 percent) per year, which is enough electricity to power 11 homes.",19994,1
2020,Vermont,Lamoille,At-Large,Business Programs,Value Added Producer Grant (VAPG),05672,Not Persistent Poverty Community,ELLISON ESTATE VINEYARD LLC,VAPG2020 WC SALES EXPANSION,Grant Funds,Stowe,Not Applicable,LAMP VALUE ADDED PRODUCER GRANT MANDATORY,Manufacturing,50015,312130,WINERIES,Commercial,"This Rural Development investment will support a family-run vineyard and winery to transition from wholesaling the grapes they grow to producing their own wine. The project will support labor, marketing and supply costs to assist the farmer applicant in successfully accomplishing this transition. The applicant is committing a 1:1 match in the form of 62 tons of grapes, applicant labor, and cash totaling $250,000. This project is expected to create one new job and save one existing job.",250000,1
2020,Vermont,Lamoille,At-Large,Community Facilities,Grant (CF),05656,Not Persistent Poverty Community,"JENNA TATRO MEMORIAL FUND, INC.",FY 20 BUILDING RENOVATION,Grant Funds,Johnson,Not Applicable,CF 2019 DISASTER GRANT - TORNADOES FLOODS OTHER,Other or Not Defined,50015,9993,OTHER HEALTH CARE RELATED SERVICES,Commercial,"This Rural Development investment will be used to complete renovations at Jennas House in Johnson, VT. The Jenna Tatro Memorial Fund was established to create a network of support for individuals suffering from substance misuse disorder. This project will allow a former church to be converted into a community center, providing space for recovery services, including societal reintegration for those who need help establishing independence. The center will also provide space for community meetings and social functions. The project includes upgrades to accessibility, electrical, HVAC, kitchen and energy efficiency, while other funds will be used to purchase office and computer supplies, fitness apparatuses, a security system, and sound & stage equipment. The town has been reeling from impacts due to severe flooding in the past two years. This project will provide critical services to the community and more gathering space in the village core thats outside the flood plain.",250000,1
2020,Vermont,Lamoille,At-Large,Community Facilities,Technical Assistance and Training Grant (CF),05661,Not Persistent Poverty Community,LAMOILLE COUNTY PLANNING COMMISSION,CFTAT DISASTER FY 20,Grant Funds,Morristown,Not Applicable,CF TAT 2019 DISASTER GRANTS (SECTION 6006),Other or Not Defined,50015,7,Not Available,Commercial,Detailed Project Description Not Available,84173,1
2020,Vermont,Lamoille,At-Large,Multifamily Housing,Rental Assistance (MFH),Zip Code Withheld,Not Persistent Poverty Community,Name Withheld,COLONIAL MANOR,Grant Funds,City Name Withheld,Not Applicable,RENEWAL / REPLACEMENT -FAMILY,Real Estate and Rental and Leasing,50015,NA,Not Available,Residential,Detailed Project Description Not Available,251438,1
2020,Vermont,Lamoille,At-Large,Multifamily Housing,Rental Assistance (MFH),Zip Code Withheld,Not Persistent Poverty Community,Name Withheld,PORTLAND & MAIN HSG,Grant Funds,City Name Withheld,Not Applicable,RENEWAL / REPLACEMENT -FAMILY,Real Estate and Rental and Leasing,50015,NA,Not Available,Residential,Detailed Project Description Not Available,72540,1
2020,Vermont,Lamoille,At-Large,Multifamily Housing,Rental Assistance (MFH),Zip Code Withheld,Not Persistent Poverty Community,Name Withheld,ST JOHNS KNOLL REALTY RESOURCE,Grant Funds,City Name Withheld,Not Applicable,RENEWAL  / REPLACEMENT - ELDERLY,Real Estate and Rental and Leasing,50015,NA,Not Available,Residential,Detailed Project Description Not Available,203707,1
2020,Vermont,Lamoille,At-Large,Single Family Housing,Direct Loan (SFH),Zip Code Withheld,Not Persistent Poverty Community,Name Withheld,NOT AVAILABLE,Loan Funds - Direct,City Name Withheld,Not Applicable,502 LOAN - GENERAL INTEREST SUBSIDY LOW & OTHER INCOME,Real Estate and Rental and Leasing,50015,NA,Not Available,Residential,Detailed Project Description Not Available,172500,1
2020,Vermont,Lamoille,At-Large,Single Family Housing,Guaranteed Loan (SFH),Zip Code Withheld,Not Persistent Poverty Community,Name Withheld,NOT AVAILABLE,Loan Funds - Guaranteed,City Name Withheld,ACADEMY MORTGAGE CORPORATION,SEC 502 GUARANTEED SINGLE FAMILY HOUSING PURCHASE LOANS - WITH ANNUAL FEES ASSIGNED,Real Estate and Rental and Leasing,50015,NA,Not Available,Residential,Detailed Project Description Not Available,161616,1
2020,Vermont,Lamoille,At-Large,Single Family Housing,Guaranteed Loan (SFH),Zip Code Withheld,Not Persistent Poverty Community,Name Withheld,NOT AVAILABLE,Loan Funds - Guaranteed,City Name Withheld,"ARK-LA-TEX FINANCIAL SERVICES, LLC DBA",SEC 502 GUARANTEED SINGLE FAMILY HOUSING PURCHASE LOANS - WITH ANNUAL FEES ASSIGNED,Real Estate and Rental and Leasing,50015,NA,Not Available,Residential,Detailed Project Description Not Available,237373,1
2020,Vermont,Lamoille,At-Large,Single Family Housing,Guaranteed Loan (SFH),Zip Code Withheld,Not Persistent Poverty Community,Name Withheld,NOT AVAILABLE,Loan Funds - Guaranteed,City Name Withheld,"HOMEBRIDGE FINANCIAL SERVICES, INC.",SEC 502 GUARANTEED SINGLE FAMILY HOUSING PURCHASE LOANS - WITH ANNUAL FEES ASSIGNED,Real Estate and Rental and Leasing,50015,NA,Not Available,Residential,Detailed Project Description Not Available,449999,2
2020,Vermont,Lamoille,At-Large,Single Family Housing,Guaranteed Loan (SFH),Zip Code Withheld,Not Persistent Poverty Community,Name Withheld,NOT AVAILABLE,Loan Funds - Guaranteed,City Name Withheld,"MOVEMENT MORTGAGE, LLC",SEC 502 GUARANTEED SINGLE FAMILY HOUSING PURCHASE LOANS - WITH ANNUAL FEES ASSIGNED,Real Estate and Rental and Leasing,50015,NA,Not Available,Residential,Detailed Project Description Not Available,181818,1
2020,Vermont,Lamoille,At-Large,Single Family Housing,Guaranteed Loan (SFH),Zip Code Withheld,Not Persistent Poverty Community,Name Withheld,NOT AVAILABLE,Loan Funds - Guaranteed,City Name Withheld,"NORTHEAST HOME LOAN, LLC",SEC 502 GUARANTEED SINGLE FAMILY HOUSING PURCHASE LOANS - WITH ANNUAL FEES ASSIGNED,Real Estate and Rental and Leasing,50015,NA,Not Available,Residential,Detailed Project Description Not Available,222222,1
2020,Vermont,Lamoille,At-Large,Single Family Housing,Guaranteed Loan (SFH),Zip Code Withheld,Not Persistent Poverty Community,Name Withheld,NOT AVAILABLE,Loan Funds - Guaranteed,City Name Withheld,UNION BANK,SEC 502 GUARANTEED SINGLE FAMILY HOUSING PURCHASE LOANS - WITH ANNUAL FEES ASSIGNED,Real Estate and Rental and Leasing,50015,NA,Not Available,Residential,Detailed Project Description Not Available,910099,5
2020,Vermont,Lamoille,At-Large,Single Family Housing,Guaranteed Loan (SFH),Zip Code Withheld,Not Persistent Poverty Community,Name Withheld,NOT AVAILABLE,Loan Funds - Guaranteed,City Name Withheld,VERMONT FEDERAL CREDIT UNION,SEC 502 GUARANTEED SINGLE FAMILY HOUSING PURCHASE LOANS - WITH ANNUAL FEES ASSIGNED,Real Estate and Rental and Leasing,50015,NA,Not Available,Residential,Detailed Project Description Not Available,206000,1
2020,Vermont,Lamoille,At-Large,Single Family Housing,Repair Grant (SFH),Zip Code Withheld,Not Persistent Poverty Community,Name Withheld,NOT AVAILABLE,Grant Funds,City Name Withheld,Not Applicable,504 GRANT,Real Estate and Rental and Leasing,50015,NA,Not Available,Residential,Detailed Project Description Not Available,15000,2
2020,Vermont,Not Available,Multiple/Unknown Districts,Telecommunications Programs,Distance Learning and Telemedicine (TELE),NA,Not Persistent Poverty Community,Northern Vermont University,VT0718-A,Grant Funds,NA,Not Applicable,DLT GRANTS - SUBSTANCE USE DISORDER - EDUCATIONAL,Utilities,Not Available,NA,Not Available,Commercial,Detailed Project Description Not Available,464205,1
2020,Vermont,Orange,At-Large,Multifamily Housing,Rental Assistance (MFH),Zip Code Withheld,Not Persistent Poverty Community,Name Withheld,BRADFORD VILLAGE AP REALTY RESOURCE,Grant Funds,City Name Withheld,Not Applicable,RENEWAL / REPLACEMENT -FAMILY,Real Estate and Rental and Leasing,50017,NA,Not Available,Residential,Detailed Project Description Not Available,247943,1
2020,Vermont,Orange,At-Large,Multifamily Housing,Rental Assistance (MFH),Zip Code Withheld,Not Persistent Poverty Community,Name Withheld,BROOKVIEW APTS,Grant Funds,City Name Withheld,Not Applicable,RENEWAL / REPLACEMENT -FAMILY,Real Estate and Rental and Leasing,50017,NA,Not Available,Residential,Detailed Project Description Not Available,119430,1
2020,Vermont,Orange,At-Large,Multifamily Housing,Rental Assistance (MFH),Zip Code Withheld,Not Persistent Poverty Community,Name Withheld,MEADOWBROOK PLACE,Grant Funds,City Name Withheld,Not Applicable,RENEWAL / REPLACEMENT -FAMILY,Real Estate and Rental and Leasing,50017,NA,Not Available,Residential,Detailed Project Description Not Available,153932,1
2020,Vermont,Orange,At-Large,Multifamily Housing,Rental Assistance (MFH),Zip Code Withheld,Not Persistent Poverty Community,Name Withheld,"MONTEBELLO HILL APT AHEAD, INC 262 COTTAGE ST.",Grant Funds,City Name Withheld,Not Applicable,RENEWAL  / REPLACEMENT - ELDERLY,Real Estate and Rental and Leasing,50017,NA,Not Available,Residential,Detailed Project Description Not Available,82832,1
2020,Vermont,Orange,At-Large,Multifamily Housing,Rental Assistance (MFH),Zip Code Withheld,Not Persistent Poverty Community,Name Withheld,"SPEAR HOUSE AHEAD, INC 262 COTTAGE ST",Grant Funds,City Name Withheld,Not Applicable,RENEWAL  / REPLACEMENT - ELDERLY,Real Estate and Rental and Leasing,50017,NA,Not Available,Residential,Detailed Project Description Not Available,91247,1
2020,Vermont,Orange,At-Large,Single Family Housing,Direct Loan (SFH),Zip Code Withheld,Not Persistent Poverty Community,Name Withheld,NOT AVAILABLE,Loan Funds - Direct,City Name Withheld,Not Applicable,502 LOAN - GENERAL INTEREST SUBSIDY LOW & OTHER INCOME,Real Estate and Rental and Leasing,50017,NA,Not Available,Residential,Detailed Project Description Not Available,242000,1
2020,Vermont,Orange,At-Large,Single Family Housing,Guaranteed Loan (SFH),Zip Code Withheld,Not Persistent Poverty Community,Name Withheld,NOT AVAILABLE,Loan Funds - Guaranteed,City Name Withheld,ACADEMY MORTGAGE CORPORATION,SEC 502 GUARANTEED SINGLE FAMILY HOUSING PURCHASE LOANS - WITH ANNUAL FEES ASSIGNED,Real Estate and Rental and Leasing,50017,NA,Not Available,Residential,Detailed Project Description Not Available,366363,3
2020,Vermont,Orange,At-Large,Single Family Housing,Guaranteed Loan (SFH),Zip Code Withheld,Not Persistent Poverty Community,Name Withheld,NOT AVAILABLE,Loan Funds - Guaranteed,City Name Withheld,COLONIAL NTL MTG A DIV OF COL SAV F.A.,SEC 502 GUARANTEED SINGLE FAMILY HOUSING PURCHASE LOANS - WITH ANNUAL FEES ASSIGNED,Real Estate and Rental and Leasing,50017,NA,Not Available,Residential,Detailed Project Description Not Available,159595,1
2020,Vermont,Orange,At-Large,Single Family Housing,Guaranteed Loan (SFH),Zip Code Withheld,Not Persistent Poverty Community,Name Withheld,NOT AVAILABLE,Loan Funds - Guaranteed,City Name Withheld,EASTRISE CREDIT UNION,SEC 502 GUARANTEED SINGLE FAMILY HOUSING PURCHASE LOANS - WITH ANNUAL FEES ASSIGNED,Real Estate and Rental and Leasing,50017,NA,Not Available,Residential,Detailed Project Description Not Available,151515,1
2020,Vermont,Orange,At-Large,Single Family Housing,Guaranteed Loan (SFH),Zip Code Withheld,Not Persistent Poverty Community,Name Withheld,NOT AVAILABLE,Loan Funds - Guaranteed,City Name Withheld,FAIRWAY INDEPENDENT MORTGAGE CORPORATION,SEC 502 GUARANTEED SINGLE FAMILY HOUSING PURCHASE LOANS - WITH ANNUAL FEES ASSIGNED,Real Estate and Rental and Leasing,50017,NA,Not Available,Residential,Detailed Project Description Not Available,170707,1
2020,Vermont,Orange,At-Large,Single Family Housing,Guaranteed Loan (SFH),Zip Code Withheld,Not Persistent Poverty Community,Name Withheld,NOT AVAILABLE,Loan Funds - Guaranteed,City Name Withheld,NORTHFIELD SAVINGS BANK,SEC 502 GUARANTEED SINGLE FAMILY HOUSING PURCHASE LOANS - WITH ANNUAL FEES ASSIGNED,Real Estate and Rental and Leasing,50017,NA,Not Available,Residential,Detailed Project Description Not Available,156565,1
2020,Vermont,Orange,At-Large,Single Family Housing,Guaranteed Loan (SFH),Zip Code Withheld,Not Persistent Poverty Community,Name Withheld,NOT AVAILABLE,Loan Funds - Guaranteed,City Name Withheld,PEOPLES UNITED BANK,SEC 502 GUARANTEED SINGLE FAMILY HOUSING PURCHASE LOANS - WITH ANNUAL FEES ASSIGNED,Real Estate and Rental and Leasing,50017,NA,Not Available,Residential,Detailed Project Description Not Available,125757,1
2020,Vermont,Orange,At-Large,Single Family Housing,Guaranteed Loan (SFH),Zip Code Withheld,Not Persistent Poverty Community,Name Withheld,NOT AVAILABLE,Loan Funds - Guaranteed,City Name Withheld,"ROCKET MORTGAGE, LLC",SEC 502 GUARANTEED SINGLE FAMILY HOUSING PURCHASE LOANS - WITH ANNUAL FEES ASSIGNED,Real Estate and Rental and Leasing,50017,NA,Not Available,Residential,Detailed Project Description Not Available,162626,1
2020,Vermont,Orange,At-Large,Single Family Housing,Repair Grant (SFH),Zip Code Withheld,Not Persistent Poverty Community,Name Withheld,NOT AVAILABLE,Grant Funds,City Name Withheld,Not Applicable,504 COMBINATION LOAN & GRANT,Real Estate and Rental and Leasing,50017,NA,Not Available,Residential,Detailed Project Description Not Available,4502,1
2020,Vermont,Orange,At-Large,Single Family Housing,Repair Grant (SFH),Zip Code Withheld,Not Persistent Poverty Community,Name Withheld,NOT AVAILABLE,Grant Funds,City Name Withheld,Not Applicable,504 GRANT,Real Estate and Rental and Leasing,50017,NA,Not Available,Residential,Detailed Project Description Not Available,17800,3
2020,Vermont,Orange,At-Large,Single Family Housing,Repair Loan (SFH),Zip Code Withheld,Not Persistent Poverty Community,Name Withheld,NOT AVAILABLE,Loan Funds - Direct,City Name Withheld,Not Applicable,504 COMBINATION LOAN & GRANT,Real Estate and Rental and Leasing,50017,NA,Not Available,Residential,Detailed Project Description Not Available,4502,1
2020,Vermont,Orleans,At-Large,Business Programs,Advanced Biofuel Payment Program,05859,Not Persistent Poverty Community,CHAPUT FAMILY FARMS,NOT AVAILABLE,Grant Funds,North Troy,Not Applicable,GRANT FOR PROD OF ADV BIOFUEL,Other or Not Defined,50019,NA,Not Available,Commercial,Detailed Project Description Not Available,561,7
2020,Vermont,Orleans,At-Large,Business Programs,Rural Business Development Grant (RBDG),05833,Not Persistent Poverty Community,NORTHWOODS STEWARDSHIP CENTER,FY20 CONSTRUCTION CAMPUS,Grant Funds,East Charleston,Not Applicable,RBCS ENTERPRISE REAP ZONE GRANTS,Public Administration,50019,926110,ADMINISTRATION OF GENERAL ECONOMIC PROGRAMS,Commercial,Detailed Project Description Not Available,99999,1
2020,Vermont,Orleans,At-Large,Business Programs,Rural Business Development Grant (RBDG),05841,Not Persistent Poverty Community,"WONDER & WISDOM, INC.",FY20 CRAFTSBURY SAPLINGS,Grant Funds,Greensboro,Not Applicable,RBCS ENTERPRISE REAP ZONE GRANTS,Public Administration,50019,926110,ADMINISTRATION OF GENERAL ECONOMIC PROGRAMS,Commercial,"This Rural Development investment will be used to hire a consultant to support the Craftsbury Saplings, a community childrens center. The efforts of the consultant will focus on developing a financially-sustainable mode for providing high-quality childcare. The assistance includes site evaluation and feasibility for establishing a new location that will allow Craftsbury Saplings expand to twice its size within three years.",37700,1
2020,Vermont,Orleans,At-Large,Business Programs,Rural Business Development Grant (RBDG),05855,Not Persistent Poverty Community,NORTHEAST KINGDOM LEARNING SERVICE INC.,FY20 - ADVANCING COLLABORATION,Grant Funds,Newport,Not Applicable,RBCS ENTERPRISE REAP ZONE GRANTS,Public Administration,50019,926110,ADMINISTRATION OF GENERAL ECONOMIC PROGRAMS,Commercial,"This Rural Development investment will be used to provide technical assistance to small and emerging businesses in the North East Kingdom (NEK). This project will focus on the economic development response and recovery from COVID-19. This project will bring together NEK stakeholders to systematically advance collaborative planning and recovery. Activities will include hosting a convening of NEK community members, identifying priority areas for action, gathering key stakeholders around those priority areas, and leveraging resources for high impact projects and monitoring progress. By providing staff support and guidance, this project will galvanize leadership in key communities, and provide support for regional collaboration in ways that will fundamentally advance the NEK community as a whole.",64567,1
2020,Vermont,Orleans,At-Large,Business Programs,Rural Business Development Grant (RBDG),05855,Not Persistent Poverty Community,"VERMONT FARM -TO-SCHOOL, INC",FY20 IMPRVG FRM VIABILITY NEK,Grant Funds,Newport,Not Applicable,RBCS ENTERPRISE REAP ZONE GRANTS,Public Administration,50019,926110,ADMINISTRATION OF GENERAL ECONOMIC PROGRAMS,Commercial,"This Rural Development investment will be used to provide technical assistance to farmers through aggregation and distribution services to institutional and wholesale markets, and provide sales and marketing services for small to mid-sized farmers and producers. As a result of this project, farmers will see increased revenue and sales, and local residents will gain more access to nutritious, local food in grocery stores, school cafeterias and restaurants. Also, retailers can more easily meet demands for local food and keep community dollars circulating through the area economy.",78352,1
2020,Vermont,Orleans,At-Large,Business Programs,Rural Business Development Grant (RBDG),05868,Not Persistent Poverty Community,JAY PEAK AREA CHAMBER OF COMMERCE INC.,FY20 CAPACITY BUILDING,Grant Funds,Troy,Not Applicable,RBCS ENTERPRISE REAP ZONE GRANTS,Other Services,50019,813910,BUSINESS ASSOCIATIONS,Commercial,"This Rural Development investment will be used to establish an equity share program and create a marketing video. The roughly 1400 chamber business members will be invited to join the program and offer employees unique incentives and discounts. Discounts will include fuel, shopping, season passes, food, and off-hours activities at and among participating business. All offers will be promoted on social media, website and in print. The members who offer share equity discounts as an employee benefit will be eligible for the promotional marketing. It is anticipated these efforts will strengthen rural small businesses and fulfill the regions need to attract and retain a qualified workforce. 19 jobs are estimated to be created through this initiative, and 32 jobs retained.",67660,1
2020,Vermont,Orleans,At-Large,Business Programs,Rural Energy for America Program (REAP),05830,Not Persistent Poverty Community,HOLLAND DAIRY SOLAR LLC,FY20 RES 150KW SOLAR ARRAY,Grant Funds,Holland,Not Applicable,REAP-MANDATORY RENEW ENERGY SYST GRANTS,Utilities,50019,221114,SOLAR ELECTRIC POWER GENERATION,Commercial,"This Rural Development investment will be used to install a 150kW solar array on a barn roof at Dairy Air Farms in Holland. The electricity produced will be sold to the farm at a discount by the owner of the array, Holland Dairy Solar LLC. The equivalent of 19 homes could be powered by the energy generated from the system. The purpose of this funding program is to assist farmers, ranchers, and rural small businesses in developing renewable energy systems, and in making energy-efficiency improvements to their operations.",120612,1
2020,Vermont,Orleans,At-Large,Business Programs,Value Added Producer Grant (VAPG),05827,Not Persistent Poverty Community,CATE HILL ORCHARD,VAPG2020 WC SKYR AND VINEGAR,Grant Funds,Craftsbury,Not Applicable,LAMP VALUE ADDED PRODUCER GRANT MANDATORY,"Agriculture, Forestry, Fishing and Hunting",50019,111331,APPLE ORCHARDS,Commercial,"This Rural Development investment will support the applicants transition from milk to skyr within its dairy operation, and increase the output of apple-cider vinegar from its orchard. Further, the project will expand Cate Hill Orchards local and regional sales markets for these products. The farm applicant has committed funds in the form of in-kind labor and raw agricultural commodity, and third-party cash is also committed to the project, for a total match of $52,139. The project is expected to create one new job.",36931,1
2020,Vermont,Orleans,At-Large,Business Programs,Value Added Producer Grant (VAPG),05875,Not Persistent Poverty Community,5 GENERATIONS FARMSTEAD CREAMERY LLC,VAPG2020 WC FARMSTEAD CHEESE,Grant Funds,West Glover,Not Applicable,LAMP VALUE ADDED PRODUCER GRANT MANDATORY,"Agriculture, Forestry, Fishing and Hunting",50019,112120,DAIRY CATTLE AND MILK PRODUCTION,Commercial,"This Rural Development investment will support the production and distribution of value-added products by the applicant creamery. Specifically, the project will increase the grantees ability to hire processing labor and facilitate improved distribution logistics. During the course of the project, 5 Generations Farmstead Creamery will transform 18 million pounds of milk into farmstead cheese for sale to markets across the Northeast. The applicant is providing a 1:1 match in the amount of $250,000. The project is expected to create 3 new jobs and save 15 existing positions.",250000,1
2020,Vermont,Orleans,At-Large,Business Programs,Value Added Producer Grant (VAPG),05875,Not Persistent Poverty Community,"SWEET ROWEN FARMSTEAD, LLC",VAPG2020 WC MARKET EXPANSION,Grant Funds,West Glover,Not Applicable,LAMP VALUE ADDED PRODUCER GRANT MANDATORY,"Agriculture, Forestry, Fishing and Hunting",50019,112120,DAIRY CATTLE AND MILK PRODUCTION,Commercial,"This Rural Development investment will support a rural farm and creamerys efforts to expand markets for a variety of value-added products including bottled milk, yogurt, and cheese. Specifically the project will target packaging and distribution costs. Market expansion will target a diversity of market channels including within the state, wider Northeast region, and the New York City metropolitan area. The applicant is providing a 1:1 match in the amount of $114,043. The project is expected to create 1.5 new jobs and save 4 existing jobs.",114043,1
2020,Vermont,Orleans,At-Large,Community Facilities,Grant (CF),05855,Not Persistent Poverty Community,"NEWPORT, CITY OF",FY 20 POLICE DEPARTMENT RADIOS,Grant Funds,Newport,Not Applicable,COMMUNITY FACILITY GRANTS - EZ/EC,Public Administration,50019,92212,POLICE PROTECTION,Commercial,Detailed Project Description Not Available,29100,1
2020,Vermont,Orleans,At-Large,Multifamily Housing,Direct Loan (MFH),05855,Not Persistent Poverty Community,LAKEVIEW HOUSING LIMITED PARTNERSHIP,LAKEVIEW HOUSING,Loan Funds - Direct,Newport,Not Applicable,"SEC 515, RURAL RENTAL HOUSING LOANS - NEW CONSTRUCTION EZ/EC",Real Estate and Rental and Leasing,50019,NA,Not Available,Residential,Detailed Project Description Not Available,134090,1
2020,Vermont,Orleans,At-Large,Multifamily Housing,Rental Assistance (MFH),Zip Code Withheld,Not Persistent Poverty Community,Name Withheld,BARTON CHAMBERS APARTMENTS,Grant Funds,City Name Withheld,Not Applicable,RENEWAL  / REPLACEMENT - ELDERLY,Real Estate and Rental and Leasing,50019,NA,Not Available,Residential,Detailed Project Description Not Available,235188,1
2020,Vermont,Orleans,At-Large,Multifamily Housing,Rental Assistance (MFH),Zip Code Withheld,Not Persistent Poverty Community,Name Withheld,CRYSTAL LAKE HSG,Grant Funds,City Name Withheld,Not Applicable,RENEWAL / REPLACEMENT -FAMILY,Real Estate and Rental and Leasing,50019,NA,Not Available,Residential,Detailed Project Description Not Available,169375,1
2020,Vermont,Orleans,At-Large,Multifamily Housing,Rental Assistance (MFH),Zip Code Withheld,Not Persistent Poverty Community,Name Withheld,GLOVER RIVERSIDE APARTMENTS,Grant Funds,City Name Withheld,Not Applicable,ELDERLY RENEWAL 2020 - 2019/2020,Real Estate and Rental and Leasing,50019,NA,Not Available,Residential,Detailed Project Description Not Available,117956,1
2020,Vermont,Orleans,At-Large,Multifamily Housing,Rental Assistance (MFH),Zip Code Withheld,Not Persistent Poverty Community,Name Withheld,JOHNS RIVER APTS,Grant Funds,City Name Withheld,Not Applicable,RENEWAL / REPLACEMENT -FAMILY,Real Estate and Rental and Leasing,50019,NA,Not Available,Residential,Detailed Project Description Not Available,76680,1
2020,Vermont,Orleans,At-Large,Multifamily Housing,Rental Assistance (MFH),Zip Code Withheld,Not Persistent Poverty Community,Name Withheld,LAKEBRIDGE,Grant Funds,City Name Withheld,Not Applicable,RENEWAL / REPLACEMENT -FAMILY,Real Estate and Rental and Leasing,50019,NA,Not Available,Residential,Detailed Project Description Not Available,229741,1
2020,Vermont,Orleans,At-Large,Multifamily Housing,Rental Assistance (MFH),Zip Code Withheld,Not Persistent Poverty Community,Name Withheld,LAKEVIEW HOUSING,Grant Funds,City Name Withheld,Not Applicable,RENEWAL / REPLACEMENT -FAMILY,Real Estate and Rental and Leasing,50019,NA,Not Available,Residential,Detailed Project Description Not Available,167219,1
2020,Vermont,Orleans,At-Large,Multifamily Housing,Rental Assistance (MFH),Zip Code Withheld,Not Persistent Poverty Community,Name Withheld,LAUREDON VILLAGE APARTMENTS,Grant Funds,City Name Withheld,Not Applicable,RENEWAL  / REPLACEMENT - ELDERLY,Real Estate and Rental and Leasing,50019,NA,Not Available,Residential,Detailed Project Description Not Available,80065,1
2020,Vermont,Orleans,At-Large,Multifamily Housing,Rental Assistance (MFH),Zip Code Withheld,Not Persistent Poverty Community,Name Withheld,NEWPORT PLACE REALTY RESOURCE,Grant Funds,City Name Withheld,Not Applicable,RENEWAL  / REPLACEMENT - ELDERLY,Real Estate and Rental and Leasing,50019,NA,Not Available,Residential,Detailed Project Description Not Available,181964,1
2020,Vermont,Orleans,At-Large,Multifamily Housing,Rental Assistance (MFH),Zip Code Withheld,Not Persistent Poverty Community,Name Withheld,RAINBOW APARTMENTS,Grant Funds,City Name Withheld,Not Applicable,RENEWAL  / REPLACEMENT - ELDERLY,Real Estate and Rental and Leasing,50019,NA,Not Available,Residential,Detailed Project Description Not Available,132444,1
2020,Vermont,Orleans,At-Large,Multifamily Housing,Rental Assistance (MFH),Zip Code Withheld,Not Persistent Poverty Community,Name Withheld,THE MEADOWS,Grant Funds,City Name Withheld,Not Applicable,RENEWAL  / REPLACEMENT - ELDERLY,Real Estate and Rental and Leasing,50019,NA,Not Available,Residential,Detailed Project Description Not Available,90611,1
2020,Vermont,Orleans,At-Large,Single Family Housing,Direct Loan (SFH),Zip Code Withheld,Not Persistent Poverty Community,Name Withheld,NOT AVAILABLE,Loan Funds - Direct,City Name Withheld,Not Applicable,502 LOAN - GENERAL INTEREST SUBSIDY LOW & OTHER INCOME,Real Estate and Rental and Leasing,50019,NA,Not Available,Residential,Detailed Project Description Not Available,350000,2
2020,Vermont,Orleans,At-Large,Single Family Housing,Guaranteed Loan (SFH),Zip Code Withheld,Not Persistent Poverty Community,Name Withheld,NOT AVAILABLE,Loan Funds - Guaranteed,City Name Withheld,ACADEMY MORTGAGE CORPORATION,SEC 502 GUARANTEED SINGLE FAMILY HOUSING PURCHASE LOANS - WITH ANNUAL FEES ASSIGNED,Real Estate and Rental and Leasing,50019,NA,Not Available,Residential,Detailed Project Description Not Available,152525,1
2020,Vermont,Orleans,At-Large,Single Family Housing,Guaranteed Loan (SFH),Zip Code Withheld,Not Persistent Poverty Community,Name Withheld,NOT AVAILABLE,Loan Funds - Guaranteed,City Name Withheld,"CARRINGTON MORTGAGE SERVICES, LLC",SEC 502 GUARANTEED SINGLE FAMILY HOUSING REFINANCE LOANS - WITH ANNUAL FEES ASSIGNED,Real Estate and Rental and Leasing,50019,NA,Not Available,Residential,Detailed Project Description Not Available,122489,1
2020,Vermont,Orleans,At-Large,Single Family Housing,Guaranteed Loan (SFH),Zip Code Withheld,Not Persistent Poverty Community,Name Withheld,NOT AVAILABLE,Loan Funds - Guaranteed,City Name Withheld,COMMUNITY NATIONAL BANK,SEC 502 GUARANTEED SINGLE FAMILY HOUSING PURCHASE LOANS - WITH ANNUAL FEES ASSIGNED,Real Estate and Rental and Leasing,50019,NA,Not Available,Residential,Detailed Project Description Not Available,216160,2
2020,Vermont,Orleans,At-Large,Single Family Housing,Guaranteed Loan (SFH),Zip Code Withheld,Not Persistent Poverty Community,Name Withheld,NOT AVAILABLE,Loan Funds - Guaranteed,City Name Withheld,"ENVOY MORTGAGE, LTD.",SEC 502 GUARANTEED SINGLE FAMILY HOUSING PURCHASE LOANS - WITH ANNUAL FEES ASSIGNED,Real Estate and Rental and Leasing,50019,NA,Not Available,Residential,Detailed Project Description Not Available,177777,1
2020,Vermont,Orleans,At-Large,Single Family Housing,Guaranteed Loan (SFH),Zip Code Withheld,Not Persistent Poverty Community,Name Withheld,NOT AVAILABLE,Loan Funds - Guaranteed,City Name Withheld,FAIRWAY INDEPENDENT MORTGAGE CORPORATION,SEC 502 GUARANTEED SINGLE FAMILY HOUSING PURCHASE LOANS - WITH ANNUAL FEES ASSIGNED,Real Estate and Rental and Leasing,50019,NA,Not Available,Residential,Detailed Project Description Not Available,1233886,8
2020,Vermont,Orleans,At-Large,Single Family Housing,Guaranteed Loan (SFH),Zip Code Withheld,Not Persistent Poverty Community,Name Withheld,NOT AVAILABLE,Loan Funds - Guaranteed,City Name Withheld,UNION BANK,SEC 502 GUARANTEED SINGLE FAMILY HOUSING PURCHASE LOANS - WITH ANNUAL FEES ASSIGNED,Real Estate and Rental and Leasing,50019,NA,Not Available,Residential,Detailed Project Description Not Available,2370065,18
2020,Vermont,Orleans,At-Large,Single Family Housing,Repair Grant (SFH),Zip Code Withheld,Not Persistent Poverty Community,Name Withheld,NOT AVAILABLE,Grant Funds,City Name Withheld,Not Applicable,504 COMBINATION LOAN & GRANT,Real Estate and Rental and Leasing,50019,NA,Not Available,Residential,Detailed Project Description Not Available,2200,1
2020,Vermont,Orleans,At-Large,Single Family Housing,Repair Grant (SFH),Zip Code Withheld,Not Persistent Poverty Community,Name Withheld,NOT AVAILABLE,Grant Funds,City Name Withheld,Not Applicable,504 GRANT,Real Estate and Rental and Leasing,50019,NA,Not Available,Residential,Detailed Project Description Not Available,69775,10
2020,Vermont,Orleans,At-Large,Single Family Housing,Repair Loan (SFH),Zip Code Withheld,Not Persistent Poverty Community,Name Withheld,NOT AVAILABLE,Loan Funds - Direct,City Name Withheld,Not Applicable,504 COMBINATION LOAN & GRANT,Real Estate and Rental and Leasing,50019,NA,Not Available,Residential,Detailed Project Description Not Available,2200,1
2020,Vermont,Rutland,At-Large,Business Programs,Advanced Biofuel Payment Program,05759,Not Persistent Poverty Community,"VT WOOD PELLET CO., LLC",NOT AVAILABLE,Grant Funds,North Clarendon,Not Applicable,GRANT FOR PROD OF ADV BIOFUEL,Other or Not Defined,50021,NA,Not Available,Commercial,Detailed Project Description Not Available,21972,7
2020,Vermont,Rutland,At-Large,Business Programs,Rural Energy for America Program (REAP),05763,Not Persistent Poverty Community,GAGNON LUMBER INC.,FY20 RES 77KW SOLAR PV,Grant Funds,Pittsford,Not Applicable,REAP-MANDATORY RENEW ENERGY SYST GRANTS,Manufacturing,50021,321113,SAWMILLS,Commercial,"This Rural Development investment will be used to purchase and install a 76.8kW solar array on the roof of a mill building. Gagnon Lumber has been a family-owned business for over 60 years, and recently brought 3-Phase power to its operation. The 93,030kWh generated from this array will replace the use of diesel generators that run the company s equipment. Over $27,000 in annual savings will be realized. The purpose of this funding program is to assist farmers, ranchers, and rural small businesses in developing renewable energy systems, and in making energy-efficiency improvements to their operations.",47231,1
2020,Vermont,Rutland,At-Large,Community Facilities,Direct Loan (CF),05701,Not Persistent Poverty Community,"PARAMOUNT CENTER, INC",FY 20 PIANO PURCHASE,Loan Funds - Direct,Rutland,Not Applicable,COMMUNITY FACILITY (DIRECT AND GUARANTEED LOANS),Other or Not Defined,50021,9992,OTHER -  CULTURAL & EDUCATIONAL RELATED SERVICES,Commercial,"This Rural Development investment will be used to purchase a 2011 Steinway D grand piano for use by Paramount Center performance artists. This elite piano is critical for the caliber of artists that Paramount brings to the community and replaces a loaner piano that is no longer available. The venue houses live music, theater, and comedy entertainment, as well as a wide variety of professional and collegiate sports broadcasts free of charge, allowing a wider community audience to become familiar with the theater, and also works with the local school district on arts education programs. Paramount is also a venue for local arts organizations and hosts many civic meetings, informational gatherings and political debates/audience interactive events. Originally opened as the Rutland Playhouse in 1914, the current Paramount Center re-opened in 2000 and is considered the central cultural fellowship hall and a strong economic driver. This purchase will reduce operating expenses, ensure a high caliber instrument for artists, and allow this programming to continue.",62900,1
2020,Vermont,Rutland,At-Large,Community Facilities,Economic Impact Grant (CF),05743,Not Persistent Poverty Community,"FAIR HAVEN, TOWN OF",FY20 ELEVATOR INSTALLATION,Grant Funds,Fair Haven,Not Applicable,ECONOMIC IMPACT INITIATIVE GRANTS,Health Care and Social Assistance,50021,624229,OTHER COMMUNITY HOUSING SERVICES,Commercial,Detailed Project Description Not Available,29141,1
2020,Vermont,Rutland,At-Large,Community Facilities,Grant (CF),05735,Not Persistent Poverty Community,"VSC FOUNDATION, INC.",FY 20 TELEPRESENCE & ACTIVE LE,Grant Funds,Castleton,Not Applicable,CF GRANTS,Other or Not Defined,50021,9992,OTHER -  CULTURAL & EDUCATIONAL RELATED SERVICES,Commercial,Detailed Project Description Not Available,35000,1
2020,Vermont,Rutland,At-Large,Community Facilities,Grant (CF),05743,Not Persistent Poverty Community,"FAIR HAVEN, TOWN OF",FY20 ELEVATOR INSTALLATION,Grant Funds,Fair Haven,Not Applicable,CF GRANTS,Health Care and Social Assistance,50021,624229,OTHER COMMUNITY HOUSING SERVICES,Commercial,Detailed Project Description Not Available,20000,1
2020,Vermont,Rutland,At-Large,Community Facilities,Grant (CF),05764,Not Persistent Poverty Community,"STONE VALLEY ARTS, INC.",FY 20 LIGHTING & EQUIPMENT,Grant Funds,Poultney,Not Applicable,CF GRANTS,Other or Not Defined,50021,9992,OTHER -  CULTURAL & EDUCATIONAL RELATED SERVICES,Commercial,Detailed Project Description Not Available,997,1
2020,Vermont,Rutland,At-Large,Multifamily Housing,Direct Loan (MFH),05701,Not Persistent Poverty Community,HOUSING TRUST OF RUTLAND COUNTY,HOPKINS ST FAM HSNG HOUSING TRUST OF RUTLAND COUNTY,Loan Funds - Direct,Rutland,Not Applicable,"SEC 515, RURAL RENTAL HOUSING LOANS - REHABILITATION / REPAIR",Real Estate and Rental and Leasing,50021,NA,Not Available,Residential,Detailed Project Description Not Available,280000,1
2020,Vermont,Rutland,At-Large,Multifamily Housing,Rental Assistance (MFH),Zip Code Withheld,Not Persistent Poverty Community,Name Withheld,ADELE-STANLEY APTS,Grant Funds,City Name Withheld,Not Applicable,RENEWAL / REPLACEMENT -FAMILY,Real Estate and Rental and Leasing,50021,NA,Not Available,Residential,Detailed Project Description Not Available,305293,1
2020,Vermont,Rutland,At-Large,Multifamily Housing,Rental Assistance (MFH),Zip Code Withheld,Not Persistent Poverty Community,Name Withheld,AUTUMN LEAVES THE FUCCI CO,Grant Funds,City Name Withheld,Not Applicable,ELDERLY RENEWAL 2020 - 2019/2020,Real Estate and Rental and Leasing,50021,NA,Not Available,Residential,Detailed Project Description Not Available,103325,1
2020,Vermont,Rutland,At-Large,Multifamily Housing,Rental Assistance (MFH),Zip Code Withheld,Not Persistent Poverty Community,Name Withheld,HOPKINS ST FAM HSNG HOUSING TRUST OF RUTLAND COUNTY,Grant Funds,City Name Withheld,Not Applicable,RENEWAL / REPLACEMENT -FAMILY,Real Estate and Rental and Leasing,50021,NA,Not Available,Residential,Detailed Project Description Not Available,115908,1
2020,Vermont,Rutland,At-Large,Multifamily Housing,Rental Assistance (MFH),Zip Code Withheld,Not Persistent Poverty Community,Name Withheld,KAZON BUILDING C/O HOUSING TRUST OF RUTLAND COUNTY,Grant Funds,City Name Withheld,Not Applicable,RENEWAL / REPLACEMENT -FAMILY,Real Estate and Rental and Leasing,50021,NA,Not Available,Residential,Detailed Project Description Not Available,9163,1
2020,Vermont,Rutland,At-Large,Multifamily Housing,Rental Assistance (MFH),Zip Code Withheld,Not Persistent Poverty Community,Name Withheld,NESHOBE HOUSE,Grant Funds,City Name Withheld,Not Applicable,RENEWAL  / REPLACEMENT - ELDERLY,Real Estate and Rental and Leasing,50021,NA,Not Available,Residential,Detailed Project Description Not Available,170460,1
2020,Vermont,Rutland,At-Large,Multifamily Housing,Rental Assistance (MFH),Zip Code Withheld,Not Persistent Poverty Community,Name Withheld,SCHOOL ST FAMILY C/O HOUSING TRUST OF RUTLAND COUNTY,Grant Funds,City Name Withheld,Not Applicable,RENEWAL / REPLACEMENT -FAMILY,Real Estate and Rental and Leasing,50021,NA,Not Available,Residential,Detailed Project Description Not Available,116471,1
2020,Vermont,Rutland,At-Large,Multifamily Housing,Rental Assistance (MFH),Zip Code Withheld,Not Persistent Poverty Community,Name Withheld,THAYER BTS HSG LP C/O HOUSING TRUST OF RUTLAND COUNTY,Grant Funds,City Name Withheld,Not Applicable,RENEWAL / REPLACEMENT -FAMILY,Real Estate and Rental and Leasing,50021,NA,Not Available,Residential,Detailed Project Description Not Available,236326,1
2020,Vermont,Rutland,At-Large,Multifamily Housing,Rental Assistance (MFH),Zip Code Withheld,Not Persistent Poverty Community,Name Withheld,WALLINGFORD HOUSE,Grant Funds,City Name Withheld,Not Applicable,RENEWAL  / REPLACEMENT - ELDERLY,Real Estate and Rental and Leasing,50021,NA,Not Available,Residential,Detailed Project Description Not Available,145794,1
2020,Vermont,Rutland,At-Large,Single Family Housing,Direct Loan (SFH),Zip Code Withheld,Not Persistent Poverty Community,Name Withheld,NOT AVAILABLE,Loan Funds - Direct,City Name Withheld,Not Applicable,502 LOAN - GENERAL INTEREST SUBSIDY LOW & OTHER INCOME,Real Estate and Rental and Leasing,50021,NA,Not Available,Residential,Detailed Project Description Not Available,892000,6
2020,Vermont,Rutland,At-Large,Single Family Housing,Direct Loan (SFH),Zip Code Withheld,Not Persistent Poverty Community,Name Withheld,NOT AVAILABLE,Loan Funds - Direct,City Name Withheld,Not Applicable,502 LOAN - GENERAL INTEREST SUBSIDY VERY LOW INCOME,Real Estate and Rental and Leasing,50021,NA,Not Available,Residential,Detailed Project Description Not Available,82000,1
2020,Vermont,Rutland,At-Large,Single Family Housing,Guaranteed Loan (SFH),Zip Code Withheld,Not Persistent Poverty Community,Name Withheld,NOT AVAILABLE,Loan Funds - Guaranteed,City Name Withheld,ACADEMY MORTGAGE CORPORATION,SEC 502 GUARANTEED SINGLE FAMILY HOUSING PURCHASE LOANS - WITH ANNUAL FEES ASSIGNED,Real Estate and Rental and Leasing,50021,NA,Not Available,Residential,Detailed Project Description Not Available,100000,1
2020,Vermont,Rutland,At-Large,Single Family Housing,Guaranteed Loan (SFH),Zip Code Withheld,Not Persistent Poverty Community,Name Withheld,NOT AVAILABLE,Loan Funds - Guaranteed,City Name Withheld,BANK OF BENNINGTON,SEC 502 GUARANTEED SINGLE FAMILY HOUSING PURCHASE LOANS - WITH ANNUAL FEES ASSIGNED,Real Estate and Rental and Leasing,50021,NA,Not Available,Residential,Detailed Project Description Not Available,109080,1
2020,Vermont,Rutland,At-Large,Single Family Housing,Guaranteed Loan (SFH),Zip Code Withheld,Not Persistent Poverty Community,Name Withheld,NOT AVAILABLE,Loan Funds - Guaranteed,City Name Withheld,"CITIZENS BANK, N.A.",SEC 502 GUARANTEED SINGLE FAMILY HOUSING PURCHASE LOANS - WITH ANNUAL FEES ASSIGNED,Real Estate and Rental and Leasing,50021,NA,Not Available,Residential,Detailed Project Description Not Available,73823,1
2020,Vermont,Rutland,At-Large,Single Family Housing,Guaranteed Loan (SFH),Zip Code Withheld,Not Persistent Poverty Community,Name Withheld,NOT AVAILABLE,Loan Funds - Guaranteed,City Name Withheld,FAIRWAY INDEPENDENT MORTGAGE CORPORATION,SEC 502 GUARANTEED SINGLE FAMILY HOUSING PURCHASE LOANS - WITH ANNUAL FEES ASSIGNED,Real Estate and Rental and Leasing,50021,NA,Not Available,Residential,Detailed Project Description Not Available,357575,2
2020,Vermont,Rutland,At-Large,Single Family Housing,Guaranteed Loan (SFH),Zip Code Withheld,Not Persistent Poverty Community,Name Withheld,NOT AVAILABLE,Loan Funds - Guaranteed,City Name Withheld,"HOMEBRIDGE FINANCIAL SERVICES, INC.",SEC 502 GUARANTEED SINGLE FAMILY HOUSING PURCHASE LOANS - WITH ANNUAL FEES ASSIGNED,Real Estate and Rental and Leasing,50021,NA,Not Available,Residential,Detailed Project Description Not Available,360100,2
2020,Vermont,Rutland,At-Large,Single Family Housing,Guaranteed Loan (SFH),Zip Code Withheld,Not Persistent Poverty Community,Name Withheld,NOT AVAILABLE,Loan Funds - Guaranteed,City Name Withheld,"MOVEMENT MORTGAGE, LLC",SEC 502 GUARANTEED SINGLE FAMILY HOUSING PURCHASE LOANS - WITH ANNUAL FEES ASSIGNED,Real Estate and Rental and Leasing,50021,NA,Not Available,Residential,Detailed Project Description Not Available,121416,1
2020,Vermont,Rutland,At-Large,Single Family Housing,Guaranteed Loan (SFH),Zip Code Withheld,Not Persistent Poverty Community,Name Withheld,NOT AVAILABLE,Loan Funds - Guaranteed,City Name Withheld,NATIONAL BANK OF MIDDLEBURY,SEC 502 GUARANTEED SINGLE FAMILY HOUSING PURCHASE LOANS - WITH ANNUAL FEES ASSIGNED,Real Estate and Rental and Leasing,50021,NA,Not Available,Residential,Detailed Project Description Not Available,150490,1
2020,Vermont,Rutland,At-Large,Single Family Housing,Guaranteed Loan (SFH),Zip Code Withheld,Not Persistent Poverty Community,Name Withheld,NOT AVAILABLE,Loan Funds - Guaranteed,City Name Withheld,NEIGHBORS BANK,SEC 502 GUARANTEED SINGLE FAMILY HOUSING PURCHASE LOANS - WITH ANNUAL FEES ASSIGNED,Real Estate and Rental and Leasing,50021,NA,Not Available,Residential,Detailed Project Description Not Available,252525,1
2020,Vermont,Rutland,At-Large,Single Family Housing,Guaranteed Loan (SFH),Zip Code Withheld,Not Persistent Poverty Community,Name Withheld,NOT AVAILABLE,Loan Funds - Guaranteed,City Name Withheld,PEOPLES UNITED BANK,SEC 502 GUARANTEED SINGLE FAMILY HOUSING PURCHASE LOANS - WITH ANNUAL FEES ASSIGNED,Real Estate and Rental and Leasing,50021,NA,Not Available,Residential,Detailed Project Description Not Available,528142,4
2020,Vermont,Rutland,At-Large,Single Family Housing,Guaranteed Loan (SFH),Zip Code Withheld,Not Persistent Poverty Community,Name Withheld,NOT AVAILABLE,Loan Funds - Guaranteed,City Name Withheld,"PRIME LENDING, A PLAINS CAPITAL CO.",SEC 502 GUARANTEED SINGLE FAMILY HOUSING PURCHASE LOANS - WITH ANNUAL FEES ASSIGNED,Real Estate and Rental and Leasing,50021,NA,Not Available,Residential,Detailed Project Description Not Available,887269,6
2020,Vermont,Rutland,At-Large,Single Family Housing,Guaranteed Loan (SFH),Zip Code Withheld,Not Persistent Poverty Community,Name Withheld,NOT AVAILABLE,Loan Funds - Guaranteed,City Name Withheld,"ROCKET MORTGAGE, LLC",SEC 502 GUARANTEED SINGLE FAMILY HOUSING PURCHASE LOANS - WITH ANNUAL FEES ASSIGNED,Real Estate and Rental and Leasing,50021,NA,Not Available,Residential,Detailed Project Description Not Available,289953,3
2020,Vermont,Rutland,At-Large,Single Family Housing,Guaranteed Loan (SFH),Zip Code Withheld,Not Persistent Poverty Community,Name Withheld,NOT AVAILABLE,Loan Funds - Guaranteed,City Name Withheld,UNION BANK,SEC 502 GUARANTEED SINGLE FAMILY HOUSING PURCHASE LOANS - WITH ANNUAL FEES ASSIGNED,Real Estate and Rental and Leasing,50021,NA,Not Available,Residential,Detailed Project Description Not Available,161515,1
2020,Vermont,Rutland,At-Large,Single Family Housing,Guaranteed Loan (SFH),Zip Code Withheld,Not Persistent Poverty Community,Name Withheld,NOT AVAILABLE,Loan Funds - Guaranteed,City Name Withheld,VERMONT FEDERAL CREDIT UNION,SEC 502 GUARANTEED SINGLE FAMILY HOUSING PURCHASE LOANS - WITH ANNUAL FEES ASSIGNED,Real Estate and Rental and Leasing,50021,NA,Not Available,Residential,Detailed Project Description Not Available,131313,1
2020,Vermont,Rutland,At-Large,Water and Environmental,Direct Loan and Grant (WEP),05743,Not Persistent Poverty Community,"Fair Haven, Town of",FY 20 Wastewater Treatment Facility Upgrade,Grant Funds,Fair Haven,Not Applicable,(COMB LOAN & GRANT) WASTE DISPOSAL ONLY,Utilities,50021,NA,Not Available,Commercial,"This Rural Development investment will be used to improve the Fair Haven wastewater treatment system to address issues of aging components in a facility built in 1968. The 861 users will benefit from this urgently needed project which includes a more efficient processing system, renovations to the operators building, and installation of a computer-based supervisory control and data acquisition system. These improvements will help reduce operating costs, add redundancy, and lead to better pollution control for the community.",2612622,1
2020,Vermont,Rutland,At-Large,Water and Environmental,Direct Loan and Grant (WEP),05743,Not Persistent Poverty Community,"Fair Haven, Town of",FY 20 Wastewater Treatment Facility Upgrade,Loan Funds - Direct,Fair Haven,Not Applicable,(COMB LOAN & GRANT) WASTE DISPOSAL ONLY,Utilities,50021,NA,Not Available,Commercial,"This Rural Development investment will be used to improve the Fair Haven wastewater treatment system to address issues of aging components in a facility built in 1968. The 861 users will benefit from this urgently needed project which includes a more efficient processing system, renovations to the operators building, and installation of a computer-based supervisory control and data acquisition system. These improvements will help reduce operating costs, add redundancy, and lead to better pollution control for the community.",3720000,1
2020,Vermont,Washington,At-Large,Business Programs,Intermediary Relending Program (IRP),05602,Not Persistent Poverty Community,VERMONT SMALL BUSINESS DEV CORP,"FY20 IRP $1,000,000",Loan Funds - Direct,Montpelier,Not Applicable,INTERMEDIARY RELENDING PROGRAM,Public Administration,50023,926110,ADMINISTRATION OF GENERAL ECONOMIC PROGRAMS,Commercial,"Rural Development funds will be used to provide low-interest loans to small and low income business owners, including agricultural entities, for purposes of business and community development as well as job creation and retention throughout the state of Vermont. The funds will assist an estimated 9 small rural businesses retain and/or create 36 full time equivalent jobs and retain 50.",1000000,1
2020,Vermont,Washington,At-Large,Business Programs,Rural Business Development Grant (RBDG),05602,Not Persistent Poverty Community,VT HOUSING & CONSERVATION BOARD,FY20 FOOD HUB COLLABORATIVE,Grant Funds,Montpelier,Not Applicable,RBCS ENTERPRISE GRANTS,Public Administration,50023,926110,ADMINISTRATION OF GENERAL ECONOMIC PROGRAMS,Commercial,Detailed Project Description Not Available,29860,1
2020,Vermont,Washington,At-Large,Business Programs,Rural Energy for America Program (REAP),05620,Not Persistent Poverty Community,STATE OF VERMONT   VT AGENCY OF AG,"FY20 REDA $100,000 BIOMASS TA",Grant Funds,Montpelier,Not Applicable,RENEWABLE ENERGY DEVLP ASSISTANCE GRANTS,"Agriculture, Forestry, Fishing and Hunting",50023,11530,Not Available,Commercial,"This Rural Development investment will be used throughout the state of Vermont to conduct approximately 30 biomass renewable energy site assessments for rural small businesses in the hospitality industry. These site assessments will provide analysis to install renewable energy systems fueled by wood heat, reducing the dependence on fossil fuels. The purpose of this funding program is to assist farmers, ranchers, and rural small businesses in developing renewable energy systems, and in making energy-efficiency improvements to their operations.",92977,1
2020,Vermont,Washington,At-Large,Business Programs,Rural Energy for America Program (REAP),05650,Not Persistent Poverty Community,"FOSTER FARM BOTANICALS, LLC",FY20 RES 74.4KW SOLAR ARRAY,Grant Funds,East Calais,Not Applicable,REAP-MANDATORY RENEW ENERGY SYST GRANTS,"Agriculture, Forestry, Fishing and Hunting",50023,111900,Not Available,Commercial,"Foster Farm Botanicals, LLC grows and sells a wide variety of organic botanicals. The eighth-generation farm is installing a 74.4 kW ground-mounted solar array which will produce almost 98% of their current electrical load, saving just under $16,000 annually. The energy produced from the array will be enough to power the equivalent of eight homes. The purpose of this funding program is to assist farmers, ranchers, and rural small businesses in developing renewable energy systems, and in making energy-efficiency improvements to their operations.",43600,1
2020,Vermont,Washington,At-Large,Business Programs,Rural Microentrepreneur Assistance Program (RMAP),05601,Not Persistent Poverty Community,CENTRAL V ECONOMIC DEVELOPMENT CORP,"FY2016 $75,000 RMAP",Grant Funds,Montpelier,Not Applicable,DISCRETION RURAL MICROPENTERPR DEV ORG,Public Administration,50023,926110,ADMINISTRATION OF GENERAL ECONOMIC PROGRAMS,Commercial,"This Rural Development investment will be used to provide business based technical assistance and training to small businesses seeking or potentially needing loans through the Rural Microentrepreneur Assistance Program. These subsequent funds are provided to replenish original Rural Microentrepreneur Assistance Program grant funds of $75,000 in connection with a revolving loan fund of $500,000. Grant funds will be used to provide technical assistance related to small business development, expansion and financing.",31677,1
2020,Vermont,Washington,At-Large,Business Programs,Rural Microentrepreneur Assistance Program (RMAP),05602,Not Persistent Poverty Community,VERMONT COMMUNITY LOAN FUND,"FY24 RMAP GRANT $19,262",Grant Funds,Montpelier,Not Applicable,DISCRETION RURAL MICROPENTERPR DEV ORG,Finance and Insurance,50023,522298,ALL OTHER NONDEPOSITORY CREDIT INTERMEDIATION,Commercial,"This Rural Development investment will be used to provide business-based technical assistance and training to small businesses seeking or potentially needing funding through the Rural Microentrepreneur Assistance Program. These subsequent funds are provided to replenish original Rural Microentrepreneur Assistance Program grant funds of $100,000 in connection with the revolving loan fund of $400,000. Grant funds will be used to provide technical assistance related to small business development, expansion and financing.",11621,1
2020,Vermont,Washington,At-Large,Business Programs,Rural Microentrepreneur Assistance Program (RMAP),05641,Not Persistent Poverty Community,COMMUNITY CAPITAL OF VERMONT,"FY2017 $105,000 RMAP GRANT",Grant Funds,Barre,Not Applicable,DISCRETION RURAL MICROPENTERPR DEV ORG,Public Administration,50023,926110,ADMINISTRATION OF GENERAL ECONOMIC PROGRAMS,Commercial,"This Rural Development investment will be used to provide business-based technical assistance and training to small businesses seeking or potentially needing funding through the Rural Microentrepreneur Assistance Program. These subsequent funds are provided to replenish original Rural Microentrepreneur Assistance Program grant funds of $105,000 in connection with the revolving loan fund of $500,000. Grant funds will be used to provide technical assistance related to small business developing, expanding and financing.",64048,1
2020,Vermont,Washington,At-Large,Business Programs,Value Added Producer Grant (VAPG),05682,Not Persistent Poverty Community,"PEACEFUL HARVEST MUSHROOMS, LLC",VAPG2020 WC MEDICINAL PRODUCTS,Grant Funds,Worcester,Not Applicable,DISC VAL ADD AG PRD MKT DV GT-BDG/SOC DISADV,"Agriculture, Forestry, Fishing and Hunting",50023,111411,MUSHROOM PRODUCTION,Commercial,"This Rural Development investment will support a small medicinal mushroom business to increase production and customer expansion of a value-added medicinal mushroom product line. The project focus is on increasing processing output of Peaceful Harvest Mushrooms value added products, combined with a wide-ranging sales and marketing approach to develop wider geographic wholesale markets. The project includes a 1:1 applicant match in the form of in-kind labor, raw agricultural commodity and cash totaling $39,507. The project is expected to create one new job.",39507,1
2020,Vermont,Washington,At-Large,Community Facilities,Economic Impact Grant (CF),05641,Not Persistent Poverty Community,"BARRE OPERA HOUSE, INC.",FY 20 THEATER SEATS REPLACEMEN,Grant Funds,Barre,Not Applicable,ECONOMIC IMPACT INITIATIVE GRANTS,Other or Not Defined,50023,9992,OTHER -  CULTURAL & EDUCATIONAL RELATED SERVICES,Commercial,Detailed Project Description Not Available,20600,1
2020,Vermont,Washington,At-Large,Community Facilities,Grant (CF),05641,Not Persistent Poverty Community,"BARRE OPERA HOUSE, INC.",FY 20 THEATER SEATS REPLACEMEN,Grant Funds,Barre,Not Applicable,CF GRANTS,Other or Not Defined,50023,9992,OTHER -  CULTURAL & EDUCATIONAL RELATED SERVICES,Commercial,Detailed Project Description Not Available,26900,1
2020,Vermont,Washington,At-Large,Community Facilities,Grant (CF),05641,Not Persistent Poverty Community,"VERMONT FOODBANK, INC.",FY 20 LOADING DOCK & CONFERENC,Grant Funds,Barre,Not Applicable,CF 2019 DISASTER GRANT - TORNADOES FLOODS OTHER,Manufacturing,50023,311423,DRIED AND DEHYDRATED FOOD MANUFACTURING,Commercial,"This Rural Development investment will be used to complete construction and equipment purchases as part of the Vermont Foodbanks expansion and renovation of its headquarters and largest distribution center in Barre, Vt. The project includes constructing a loading dock canopy, increasing safety and efficiency for warehouse workers and volunteers; purchasing shelving racks that will help to fully utilize expanded space for storage of non-perishable food; forklift to move pallets of food; utility truck that will serve a dual purpose of snow removal and collecting gleaned food from local farms; and conference room audio-visual equipment to enable staff to interact remotely with over 200 of its network partners and staff at the two other Foodbank sites. Established in 1989, the Foodbank is Vermonts largest hunger relief organization and the states only food bank. It is the embodiment of the USDA motto: ""Do Right and Feed Everyone"". This investment will help the Foodbank expand on its ability to reach people and communities in the farthest and most rural areas of the state through efficient collection and distribution of resources and an extended network of partners. With Foodbank assistance, local food shelves and meal programs can spend more time directly serving hungry people in their communities and less time fundraising and managing logistics.",500000,1
2020,Vermont,Washington,At-Large,Community Facilities,Technical Assistance and Training Grant (CF),05602,Not Persistent Poverty Community,"VERMONT COUNCIL ON RURAL DEVELOPMENT, INC.",CFTAT DISASTER FY20,Grant Funds,Montpelier,Not Applicable,CF TAT 2019 DISASTER GRANTS (SECTION 6006),Other or Not Defined,50023,7,Not Available,Commercial,Detailed Project Description Not Available,249370,1
2020,Vermont,Washington,At-Large,Multifamily Housing,Rental Assistance (MFH),Zip Code Withheld,Not Persistent Poverty Community,Name Withheld,58 BARRE ST HSG,Grant Funds,City Name Withheld,Not Applicable,RENEWAL  / REPLACEMENT - ELDERLY,Real Estate and Rental and Leasing,50023,NA,Not Available,Residential,Detailed Project Description Not Available,77665,1
2020,Vermont,Washington,At-Large,Multifamily Housing,Rental Assistance (MFH),Zip Code Withheld,Not Persistent Poverty Community,Name Withheld,DOGWOOD GLEN I,Grant Funds,City Name Withheld,Not Applicable,RENEWAL / REPLACEMENT -FAMILY,Real Estate and Rental and Leasing,50023,NA,Not Available,Residential,Detailed Project Description Not Available,195897,1
2020,Vermont,Washington,At-Large,Multifamily Housing,Rental Assistance (MFH),Zip Code Withheld,Not Persistent Poverty Community,Name Withheld,EVERGREEN PLACE C/O DOWNSTREET HSG 22 KEITH AVE,Grant Funds,City Name Withheld,Not Applicable,RENEWAL  / REPLACEMENT - ELDERLY,Real Estate and Rental and Leasing,50023,NA,Not Available,Residential,Detailed Project Description Not Available,117410,1
2020,Vermont,Washington,At-Large,Multifamily Housing,Rental Assistance (MFH),Zip Code Withheld,Not Persistent Poverty Community,Name Withheld,FAIRGROUND APTS HOUSING FOUNDATION,Grant Funds,City Name Withheld,Not Applicable,ELDERLY RENEWAL 2020 - 2019/2020,Real Estate and Rental and Leasing,50023,NA,Not Available,Residential,Detailed Project Description Not Available,78664,1
2020,Vermont,Washington,At-Large,Multifamily Housing,Rental Assistance (MFH),Zip Code Withheld,Not Persistent Poverty Community,Name Withheld,HILLTOP TOWN HOUSES,Grant Funds,City Name Withheld,Not Applicable,RENEWAL / REPLACEMENT -FAMILY,Real Estate and Rental and Leasing,50023,NA,Not Available,Residential,Detailed Project Description Not Available,299549,1
2020,Vermont,Washington,At-Large,Multifamily Housing,Rental Assistance (MFH),Zip Code Withheld,Not Persistent Poverty Community,Name Withheld,PROSPECT PLACE MONTPELIER HOUSING AUTHORITY,Grant Funds,City Name Withheld,Not Applicable,RENEWAL  / REPLACEMENT - ELDERLY,Real Estate and Rental and Leasing,50023,NA,Not Available,Residential,Detailed Project Description Not Available,117620,1
2020,Vermont,Washington,At-Large,Single Family Housing,Direct Loan (SFH),Zip Code Withheld,Not Persistent Poverty Community,Name Withheld,NOT AVAILABLE,Loan Funds - Direct,City Name Withheld,Not Applicable,502 LOAN - GENERAL INTEREST SUBSIDY LOW & OTHER INCOME,Real Estate and Rental and Leasing,50023,NA,Not Available,Residential,Detailed Project Description Not Available,174000,1
2020,Vermont,Washington,At-Large,Single Family Housing,Direct Loan (SFH),Zip Code Withheld,Not Persistent Poverty Community,Name Withheld,NOT AVAILABLE,Loan Funds - Direct,City Name Withheld,Not Applicable,502 LOAN - GENERAL INTEREST SUBSIDY VERY LOW INCOME,Real Estate and Rental and Leasing,50023,NA,Not Available,Residential,Detailed Project Description Not Available,255000,2
2020,Vermont,Washington,At-Large,Single Family Housing,Guaranteed Loan (SFH),Zip Code Withheld,Not Persistent Poverty Community,Name Withheld,NOT AVAILABLE,Loan Funds - Guaranteed,City Name Withheld,ACADEMY MORTGAGE CORPORATION,SEC 502 GUARANTEED SINGLE FAMILY HOUSING PURCHASE LOANS - WITH ANNUAL FEES ASSIGNED,Real Estate and Rental and Leasing,50023,NA,Not Available,Residential,Detailed Project Description Not Available,1062118,6
2020,Vermont,Washington,At-Large,Single Family Housing,Guaranteed Loan (SFH),Zip Code Withheld,Not Persistent Poverty Community,Name Withheld,NOT AVAILABLE,Loan Funds - Guaranteed,City Name Withheld,EASTRISE CREDIT UNION,SEC 502 GUARANTEED SINGLE FAMILY HOUSING PURCHASE LOANS - WITH ANNUAL FEES ASSIGNED,Real Estate and Rental and Leasing,50023,NA,Not Available,Residential,Detailed Project Description Not Available,290000,1
2020,Vermont,Washington,At-Large,Single Family Housing,Guaranteed Loan (SFH),Zip Code Withheld,Not Persistent Poverty Community,Name Withheld,NOT AVAILABLE,Loan Funds - Guaranteed,City Name Withheld,FAIRWAY INDEPENDENT MORTGAGE CORPORATION,SEC 502 GUARANTEED SINGLE FAMILY HOUSING PURCHASE LOANS - WITH ANNUAL FEES ASSIGNED,Real Estate and Rental and Leasing,50023,NA,Not Available,Residential,Detailed Project Description Not Available,196969,1
2020,Vermont,Washington,At-Large,Single Family Housing,Guaranteed Loan (SFH),Zip Code Withheld,Not Persistent Poverty Community,Name Withheld,NOT AVAILABLE,Loan Funds - Guaranteed,City Name Withheld,"HOMEBRIDGE FINANCIAL SERVICES, INC.",SEC 502 GUARANTEED SINGLE FAMILY HOUSING PURCHASE LOANS - WITH ANNUAL FEES ASSIGNED,Real Estate and Rental and Leasing,50023,NA,Not Available,Residential,Detailed Project Description Not Available,160505,1
2020,Vermont,Washington,At-Large,Single Family Housing,Guaranteed Loan (SFH),Zip Code Withheld,Not Persistent Poverty Community,Name Withheld,NOT AVAILABLE,Loan Funds - Guaranteed,City Name Withheld,NORTHFIELD SAVINGS BANK,SEC 502 GUARANTEED SINGLE FAMILY HOUSING PURCHASE LOANS - WITH ANNUAL FEES ASSIGNED,Real Estate and Rental and Leasing,50023,NA,Not Available,Residential,Detailed Project Description Not Available,485181,3
2020,Vermont,Washington,At-Large,Single Family Housing,Guaranteed Loan (SFH),Zip Code Withheld,Not Persistent Poverty Community,Name Withheld,NOT AVAILABLE,Loan Funds - Guaranteed,City Name Withheld,"PARAMOUNT RESIDENTIAL MORTGAGE GROUP,INC",SEC 502 GUARANTEED SINGLE FAMILY HOUSING PURCHASE LOANS - WITH ANNUAL FEES ASSIGNED,Real Estate and Rental and Leasing,50023,NA,Not Available,Residential,Detailed Project Description Not Available,217171,1
2020,Vermont,Washington,At-Large,Single Family Housing,Guaranteed Loan (SFH),Zip Code Withheld,Not Persistent Poverty Community,Name Withheld,NOT AVAILABLE,Loan Funds - Guaranteed,City Name Withheld,"ROCKET MORTGAGE, LLC",SEC 502 GUARANTEED SINGLE FAMILY HOUSING PURCHASE LOANS - WITH ANNUAL FEES ASSIGNED,Real Estate and Rental and Leasing,50023,NA,Not Available,Residential,Detailed Project Description Not Available,364141,2
2020,Vermont,Washington,At-Large,Single Family Housing,Guaranteed Loan (SFH),Zip Code Withheld,Not Persistent Poverty Community,Name Withheld,NOT AVAILABLE,Loan Funds - Guaranteed,City Name Withheld,UNION BANK,SEC 502 GUARANTEED SINGLE FAMILY HOUSING PURCHASE LOANS - WITH ANNUAL FEES ASSIGNED,Real Estate and Rental and Leasing,50023,NA,Not Available,Residential,Detailed Project Description Not Available,1025755,5
2020,Vermont,Washington,At-Large,Single Family Housing,Guaranteed Loan (SFH),Zip Code Withheld,Not Persistent Poverty Community,Name Withheld,NOT AVAILABLE,Loan Funds - Guaranteed,City Name Withheld,VERMONT FEDERAL CREDIT UNION,SEC 502 GUARANTEED SINGLE FAMILY HOUSING PURCHASE LOANS - WITH ANNUAL FEES ASSIGNED,Real Estate and Rental and Leasing,50023,NA,Not Available,Residential,Detailed Project Description Not Available,181818,1
2020,Vermont,Washington,At-Large,Single Family Housing,Repair Grant (SFH),Zip Code Withheld,Not Persistent Poverty Community,Name Withheld,NOT AVAILABLE,Grant Funds,City Name Withheld,Not Applicable,504 GRANT,Real Estate and Rental and Leasing,50023,NA,Not Available,Residential,Detailed Project Description Not Available,14900,4
2020,Vermont,Washington,At-Large,Single Family Housing,Repair Loan (SFH),Zip Code Withheld,Not Persistent Poverty Community,Name Withheld,NOT AVAILABLE,Loan Funds - Direct,City Name Withheld,Not Applicable,504 LOAN,Real Estate and Rental and Leasing,50023,NA,Not Available,Residential,Detailed Project Description Not Available,4700,1
2020,Vermont,Washington,At-Large,Water and Environmental,Solid Waste Management Grant (WEP),05602,Not Persistent Poverty Community,Central Vermont SWMD,SWM FY 20,Grant Funds,Montpelier,Not Applicable,(WWA PROGRAM AREA) SOLID WASTE GRANT,Utilities,50023,NA,Not Available,Commercial,"This USDA Rural Development investment will be used to provide technical assistance with recycling and food-scrap management to property managers and landlords in Barre City. This project targets multi-unit housing properties for technical assistance regarding appropriate management of landfill-banned materials in Vermont, including recyclables, food scraps, universal waste and household hazardous waste.",80003,1
2020,Vermont,Windham,At-Large,Business Programs,Advanced Biofuel Payment Program,05159,Not Persistent Poverty Community,WESTMINSTER ENERGY GROUP LLC,NOT AVAILABLE,Grant Funds,Westminster Station,Not Applicable,GRANT FOR PROD OF ADV BIOFUEL,Other or Not Defined,50025,NA,Not Available,Commercial,Detailed Project Description Not Available,455,7
2020,Vermont,Windham,At-Large,Business Programs,Rural Business Development Grant (RBDG),05101,Not Persistent Poverty Community,ROCKINGHAM TOWN OF,FY20 PREDEVELOPMENT WORK,Grant Funds,Bellows Falls,Not Applicable,RBCS ENTERPRISE GRANTS,Public Administration,50025,921110,EXECUTIVE OFFICES,Commercial,"This Rural Development investment will be used for pre-architectural work to determine the scope and cost requirement for the purchase and restoration of the historic Union Station. Located within the Vermont State Designated Downtown District in Bellows Falls, the building will house a private business operator for direct small- and emerging-business development.",12500,1
2020,Vermont,Windham,At-Large,Business Programs,Rural Business Development Grant (RBDG),05301,Not Persistent Poverty Community,BRATTLEBORO DEVELOPMENT CREDIT CORP,FY20 REGENER8,Grant Funds,Brattleboro,Not Applicable,RBCS ENTERPRISE GRANTS,Public Administration,50025,926110,ADMINISTRATION OF GENERAL ECONOMIC PROGRAMS,Commercial,"This Rural Development investment will be used to implement the REGENER8 Business Succession Planning Program. The objective is to turn the generational transition among established business owners into economic opportunities for new entrepreneurs. The initiative will also contribute to renewed growth among the regions small businesses in order to stimulate the local economy. REGENER8 training, technical assistance and support will help with the financing and development needs associated with planning for both sale and purchase of small and emerging private businesses. The project is estimated to maintain 44 jobs and create 40.",30000,1
2020,Vermont,Windham,At-Large,Business Programs,Rural Business Development Grant (RBDG),05353,Not Persistent Poverty Community,"TOWNSHEND HISTORICAL SOCIETY, INC.",FY20 MARKETING,Grant Funds,Townshend,Not Applicable,RBCS ENTERPRISE GRANTS,Public Administration,50025,926110,ADMINISTRATION OF GENERAL ECONOMIC PROGRAMS,Commercial,"This Rural Development investment will be used to hire a professional marketing firm to design, fabricate, and install interpretive information boards and wayfinding signage for the town of Townshends Historical Bridges. The firm will also update the town website for tourist information and execute a marketing campaign.",16640,1
2020,Vermont,Windham,At-Large,Business Programs,Rural Energy for America Program (REAP),05146,Not Persistent Poverty Community,SOLAR STRATEGIES LLC,FY20 RES 363KW SOLAR ARRAY,Grant Funds,Grafton,Not Applicable,REAP-MANDATORY RENEW ENERGY SYST GRANTS,Construction,50025,238900,Not Available,Commercial,"This Rural Development investment will be used to install a 363 kW ground-mounted solar array. Solar Strategies, LLC is installing the array on a former Brownfield site that has undergone substantial remediation and is a favorable site for this type of project. The energy produced from this grid-tied array will be enough to power a new community of 34 homes. The purpose of this funding program is to assist farmers, ranchers, and rural small businesses in developing renewable energy systems, and in making energy-efficiency improvements to their operations.",41610,1
2020,Vermont,Windham,At-Large,Business Programs,Rural Energy for America Program (REAP),05301,Not Persistent Poverty Community,VERMONT PHOTONICS TECHNOLOGIES CORP.,FY20 RES 30KW SOLAR PV,Grant Funds,Dummerston,Not Applicable,"MAND. RENEW ENERFY SYSTEMS GRANTS UNDER $20,000",Manufacturing,50025,333314,OPTICAL INSTRUMENT AND LENS MANUFACTURING,Commercial,"This Rural Development investment will be used to purchase and install a 30.2kW roof-mounted solar array. Vermont Photonic Technologies, Inc, supplies electronic and visual instruments to the machine tool, aerospace, semiconductor manufacturing and many other industries. This array will generate the electricity required to meet 83% of the company s current needs, saving it over $6,600 a year. The purpose of this funding program is to assist farmers, ranchers, and rural small businesses in developing renewable energy systems, and in making energy-efficiency improvements to their operations.",19912,1
2020,Vermont,Windham,At-Large,Business Programs,Rural Energy for America Program (REAP),05346,Not Persistent Poverty Community,O'DONNELL FAMILY COMPANY,FY20 RES 37.3KW SOLAR ARRAY,Grant Funds,Dummerston,Not Applicable,"MAND. RENEW ENERFY SYSTEMS GRANTS UNDER $20,000",Real Estate and Rental and Leasing,50025,531190,LESSORS OF OTHER REAL ESTATE PROPERTY,Commercial,"This Rural Development investment will be used to assist farmers, ranchers, and rural small businesses in developing renewable energy systems, and in making energy-efficiency improvements to its operations. The ODonnell Family Company will install a solar array on the roof of a barn it leases to The Bunker Farm. The 47,469kWhs produced annually will offset all of the farms electricity needs, and produce $8,070 in revenue. The energy produced is enough to power four homes. The buyer is providing additional funding.",17500,1
2020,Vermont,Windham,At-Large,Business Programs,Rural Energy for America Program (REAP),05355,Not Persistent Poverty Community,GREEN POWER FARMS LLC,FY20 RES 90KW SMALL WIND,Grant Funds,Wardsboro,Not Applicable,REAP-MANDATORY RENEW ENERGY SYST GRANTS,Utilities,50025,221115,WIND ELECTRIC POWER GENERATION,Commercial,"This Rural Development investment will be used to purchase and install three 30 kW wind turbines--90 kW total--in Southern Vermont. Through the Vermont Standard Offer Program, Green Power Farms, LLC, will sell all the power generated to the grid, providing a steady source of revenue. The 330,000 kWhs generated annually will be enough to power the equivalent of 30 homes. The purpose of this funding program is to assist farmers, ranchers, and rural small businesses in developing renewable energy systems, and in making energy-efficiency improvements to their operations.",131250,1
2020,Vermont,Windham,At-Large,Business Programs,Rural Microentrepreneur Assistance Program (RMAP),05301,Not Persistent Poverty Community,BRATTLEBORO DEVELOPMENT CREDIT CORP,"FY17 RMAP $100,000 GRANT",Grant Funds,Brattleboro,Not Applicable,DISCRETION RURAL MICROPENTERPR DEV ORG,Public Administration,50025,926110,ADMINISTRATION OF GENERAL ECONOMIC PROGRAMS,Commercial,"This Rural Development investment will be used to provide business-based technical assistance and training to small businesses seeking or potentially needing loans through the Rural Microentrepreneur Assistance Program. These subsequent funds are provided to replenish original Rural Microentrepreneur Assistance Program grant funds of $100,000 in connection with a revolving loan fund of $400,000. Grant funds will be used to provide technical assistance related to small business development, expansion and financing.",68449,1
2020,Vermont,Windham,At-Large,Business Programs,Rural Microentrepreneur Assistance Program (RMAP),05301,Not Persistent Poverty Community,BRATTLEBORO DEVELOPMENT CREDIT CORP,FY20 RMAP LOAN,Loan Funds - Direct,Brattleboro,Not Applicable,DISCRETIONARY RMAP LOANS,Public Administration,50025,926110,ADMINISTRATION OF GENERAL ECONOMIC PROGRAMS,Commercial,"This Rural Development investment will be used to assist small businesses by providing loans that help businesses access the capital they need in order to start or grow, but more importantly, access resources so that the project principles can run their businesses effectively and efficiently. Goals for this funding opportunities include: 1.) greater focus on job creation projects, 2.) inclusivity initiatives to cultivate a more diverse borrowing pool, and 3.) focus on low to moderate income areas within the region.",400000,1
2020,Vermont,Windham,At-Large,Community Facilities,Direct Loan (CF),05301,Not Persistent Poverty Community,"RICH EARTH INSTITUTE, INC.",FY 20 LEASEHOLD PURCHASE,Loan Funds - Direct,Brattleboro,Not Applicable,COMMUNITY FACILITY (DIRECT AND GUARANTEED LOANS),Other or Not Defined,50025,9994,OTHER PUBLIC BUILDING & IMPROVEMENT RELATED SERVICES,Commercial,Detailed Project Description Not Available,99000,1
2020,Vermont,Windham,At-Large,Community Facilities,Direct Loan (CF),05302,Not Persistent Poverty Community,BRATTLEBORO AREA FARMERS' MARKET INC.,FY 20 BROOKS PROPERTY PURCHASE,Loan Funds - Direct,Brattleboro,Not Applicable,COMMUNITY FACILITY (DIRECT AND GUARANTEED LOANS),"Agriculture, Forestry, Fishing and Hunting",50025,115116,FARM MANAGEMENT SERVICES,Commercial,"This Rural Development investment will be used to purchase the Brooks Property site off Route 9 in Brattleboro currently leased to the Brattleboro Area Farmers Market, securing a permanent parking location for customers and staff. The purchase will ensure that the community depending on the market for locally grown, healthy food will have safe parking for the large number of customers that attend. Permanent site security of the market will now be possible, guaranteeing community access to the market and the wider variety of local foods to the community.",142300,1
2020,Vermont,Windham,At-Large,Community Facilities,Grant (CF),05101,Not Persistent Poverty Community,"ROCKINGHAM, TOWN OF",FY 20 FIRE DEPARTMENT EQUIPMEN,Grant Funds,Rockingham,Not Applicable,CF GRANTS,Wholesale Trade,50025,421850,FIRE PROTECTION EQUIPMENT,Commercial,Detailed Project Description Not Available,26210,1
2020,Vermont,Windham,At-Large,Community Facilities,Grant (CF),05302,Not Persistent Poverty Community,"GROUNDWORKS COLLABORATIVE, INC.",FY 2020 SMD EQUIPMENT PURCHASE,Grant Funds,Brattleboro,Not Applicable,CF GRANTS,Health Care and Social Assistance,50025,624221,TEMPORARY SHELTERS,Commercial,Detailed Project Description Not Available,30000,1
2020,Vermont,Windham,At-Large,Multifamily Housing,Rental Assistance (MFH),Zip Code Withheld,Not Persistent Poverty Community,Name Withheld,ADAIR HEIGHTS THM INC,Grant Funds,City Name Withheld,Not Applicable,RENEWAL / REPLACEMENT -FAMILY,Real Estate and Rental and Leasing,50025,NA,Not Available,Residential,Detailed Project Description Not Available,69672,1
2020,Vermont,Windham,At-Large,Multifamily Housing,Rental Assistance (MFH),Zip Code Withheld,Not Persistent Poverty Community,Name Withheld,BUTTERFIELD HOUSING LIMITED PARTNERSHIP,Grant Funds,City Name Withheld,Not Applicable,RENEWAL  / REPLACEMENT - ELDERLY,Real Estate and Rental and Leasing,50025,NA,Not Available,Residential,Detailed Project Description Not Available,163514,1
2020,Vermont,Windham,At-Large,Multifamily Housing,Rental Assistance (MFH),Zip Code Withheld,Not Persistent Poverty Community,Name Withheld,GREEN MOUNTAIN APTS,Grant Funds,City Name Withheld,Not Applicable,FAMILY RENEWAL 2020 - 2019/2020,Real Estate and Rental and Leasing,50025,NA,Not Available,Residential,Detailed Project Description Not Available,523071,1
2020,Vermont,Windham,At-Large,Multifamily Housing,Rental Assistance (MFH),Zip Code Withheld,Not Persistent Poverty Community,Name Withheld,PUTNEY MEADOWS APTS REALTY RESOURCE,Grant Funds,City Name Withheld,Not Applicable,RENEWAL  / REPLACEMENT - ELDERLY,Real Estate and Rental and Leasing,50025,NA,Not Available,Residential,Detailed Project Description Not Available,200891,1
2020,Vermont,Windham,At-Large,Multifamily Housing,Rental Assistance (MFH),Zip Code Withheld,Not Persistent Poverty Community,Name Withheld,"SHUMLIN, PETER",Grant Funds,City Name Withheld,Not Applicable,MFH REVITALIZATION - TENANT VOUCHERS,Real Estate and Rental and Leasing,50025,NA,Not Available,Residential,Detailed Project Description Not Available,6420,1
2020,Vermont,Windham,At-Large,Multifamily Housing,Rental Assistance (MFH),Zip Code Withheld,Not Persistent Poverty Community,Name Withheld,VERNON BIRCHES VERNON ADVENT CHRISTIAN HOME INC,Grant Funds,City Name Withheld,Not Applicable,RENEWAL  / REPLACEMENT - ELDERLY,Real Estate and Rental and Leasing,50025,NA,Not Available,Residential,Detailed Project Description Not Available,44412,1
2020,Vermont,Windham,At-Large,Single Family Housing,Direct Loan (SFH),Zip Code Withheld,Not Persistent Poverty Community,Name Withheld,NOT AVAILABLE,Loan Funds - Direct,City Name Withheld,Not Applicable,502 LOAN - GENERAL INTEREST SUBSIDY LOW & OTHER INCOME,Real Estate and Rental and Leasing,50025,NA,Not Available,Residential,Detailed Project Description Not Available,564000,3
2020,Vermont,Windham,At-Large,Single Family Housing,Direct Loan (SFH),Zip Code Withheld,Not Persistent Poverty Community,Name Withheld,NOT AVAILABLE,Loan Funds - Direct,City Name Withheld,Not Applicable,502 LOAN - GENERAL INTEREST SUBSIDY VERY LOW INCOME,Real Estate and Rental and Leasing,50025,NA,Not Available,Residential,Detailed Project Description Not Available,154870,1
2020,Vermont,Windham,At-Large,Single Family Housing,Guaranteed Loan (SFH),Zip Code Withheld,Not Persistent Poverty Community,Name Withheld,NOT AVAILABLE,Loan Funds - Guaranteed,City Name Withheld,"ADVISORS MORTGAGE GROUP, LLC",SEC 502 GUARANTEED SINGLE FAMILY HOUSING PURCHASE LOANS - WITH ANNUAL FEES ASSIGNED,Real Estate and Rental and Leasing,50025,NA,Not Available,Residential,Detailed Project Description Not Available,239393,1
2020,Vermont,Windham,At-Large,Single Family Housing,Guaranteed Loan (SFH),Zip Code Withheld,Not Persistent Poverty Community,Name Withheld,NOT AVAILABLE,Loan Funds - Guaranteed,City Name Withheld,BRATTLEBORO SAVINGS & LOAN,SEC 502 GUARANTEED SINGLE FAMILY HOUSING PURCHASE LOANS - WITH ANNUAL FEES ASSIGNED,Real Estate and Rental and Leasing,50025,NA,Not Available,Residential,Detailed Project Description Not Available,270100,2
2020,Vermont,Windham,At-Large,Single Family Housing,Guaranteed Loan (SFH),Zip Code Withheld,Not Persistent Poverty Community,Name Withheld,NOT AVAILABLE,Loan Funds - Guaranteed,City Name Withheld,"CMG MORTGAGE, INC",SEC 502 GUARANTEED SINGLE FAMILY HOUSING PURCHASE LOANS - WITH ANNUAL FEES ASSIGNED,Real Estate and Rental and Leasing,50025,NA,Not Available,Residential,Detailed Project Description Not Available,669403,4
2020,Vermont,Windham,At-Large,Single Family Housing,Guaranteed Loan (SFH),Zip Code Withheld,Not Persistent Poverty Community,Name Withheld,NOT AVAILABLE,Loan Funds - Guaranteed,City Name Withheld,GUARANTEED RATE INC.,SEC 502 GUARANTEED SINGLE FAMILY HOUSING PURCHASE LOANS - WITH ANNUAL FEES ASSIGNED,Real Estate and Rental and Leasing,50025,NA,Not Available,Residential,Detailed Project Description Not Available,190909,1
2020,Vermont,Windham,At-Large,Single Family Housing,Guaranteed Loan (SFH),Zip Code Withheld,Not Persistent Poverty Community,Name Withheld,NOT AVAILABLE,Loan Funds - Guaranteed,City Name Withheld,"NORTHEAST HOME LOAN, LLC",SEC 502 GUARANTEED SINGLE FAMILY HOUSING PURCHASE LOANS - WITH ANNUAL FEES ASSIGNED,Real Estate and Rental and Leasing,50025,NA,Not Available,Residential,Detailed Project Description Not Available,183333,1
2020,Vermont,Windham,At-Large,Single Family Housing,Guaranteed Loan (SFH),Zip Code Withheld,Not Persistent Poverty Community,Name Withheld,NOT AVAILABLE,Loan Funds - Guaranteed,City Name Withheld,PEOPLES UNITED BANK,SEC 502 GUARANTEED SINGLE FAMILY HOUSING PURCHASE LOANS - WITH ANNUAL FEES ASSIGNED,Real Estate and Rental and Leasing,50025,NA,Not Available,Residential,Detailed Project Description Not Available,742650,5
2020,Vermont,Windham,At-Large,Single Family Housing,Guaranteed Loan (SFH),Zip Code Withheld,Not Persistent Poverty Community,Name Withheld,NOT AVAILABLE,Loan Funds - Guaranteed,City Name Withheld,"PRIME LENDING, A PLAINS CAPITAL CO.",SEC 502 GUARANTEED SINGLE FAMILY HOUSING PURCHASE LOANS - WITH ANNUAL FEES ASSIGNED,Real Estate and Rental and Leasing,50025,NA,Not Available,Residential,Detailed Project Description Not Available,292928,2
2020,Vermont,Windham,At-Large,Single Family Housing,Guaranteed Loan (SFH),Zip Code Withheld,Not Persistent Poverty Community,Name Withheld,NOT AVAILABLE,Loan Funds - Guaranteed,City Name Withheld,WELLS FARGO BANK N.A.,SEC 502 GUARANTEED SINGLE FAMILY HOUSING PURCHASE LOANS - WITH ANNUAL FEES ASSIGNED,Real Estate and Rental and Leasing,50025,NA,Not Available,Residential,Detailed Project Description Not Available,338383,1
2020,Vermont,Windham,At-Large,Single Family Housing,Repair Grant (SFH),Zip Code Withheld,Not Persistent Poverty Community,Name Withheld,NOT AVAILABLE,Grant Funds,City Name Withheld,Not Applicable,504 GRANT,Real Estate and Rental and Leasing,50025,NA,Not Available,Residential,Detailed Project Description Not Available,7500,1
2020,Vermont,Windham,At-Large,Water and Environmental,Solid Waste Management Grant (WEP),05301,Not Persistent Poverty Community,"Northeast Recycling Council, Inc.",SWM FY 20,Grant Funds,Brattleboro,Not Applicable,(WWA PROGRAM AREA) SOLID WASTE GRANT,Utilities,50025,NA,Not Available,Commercial,Detailed Project Description Not Available,36161,1
2020,Vermont,Windham,At-Large,Water and Environmental,Solid Waste Management Grant (WEP),05301,Not Persistent Poverty Community,Windham Solid Waste Management District,SWM FY 20,Grant Funds,Brattleboro,Not Applicable,(WWA PROGRAM AREA) SOLID WASTE GRANT,Utilities,50025,NA,Not Available,Commercial,"This USDA Rural Development investment will be used to provide technical assistance and training to oversee solid-waste management programs of 16 rural towns belonging to the Windham Solid Waste Management District in southern Vermont. The goal of this project is to decrease the generation of solid waste and avoid water and air pollution through the implementation of multi-faceted promotion, training and technical assistance. The initiative will increase diversion of recyclables, food scraps, hazardous/hard-to -recycle materials, and other items banned from landfill disposal in Vermont. This will be achieved through the development and dissemination of educational resources, training and technical assistance for transfer-station and recycling-center operators, town officials, town committee members, citizen activists and residents.",33000,1
2020,Vermont,Windsor,At-Large,Business Programs,Rural Business Development Grant (RBDG),05001,Not Persistent Poverty Community,"VITAL COMMUNITIES, INC","FY20 RBDG $14,264 T/A",Grant Funds,White River Junction,Not Applicable,RBCS ENTERPRISE GRANTS,Public Administration,50027,926110,ADMINISTRATION OF GENERAL ECONOMIC PROGRAMS,Commercial,"This Rural Development investment will be used to provide technical assistance to grow N. H.s upper valley economy through online marketing. Central to this initiative is an online platform called The Local Crowd (TLC). This service works with rural communities to create local crowdfunding ecosystems that support growth and sustainability of local businesses. The project is expected to create one full-time job and retain five. Additional funding includes a $13,266 applicant contribution.",14243,1
2020,Vermont,Windsor,At-Large,Business Programs,Rural Business Development Grant (RBDG),05032,Not Persistent Poverty Community,"BETHEL, TOWN OF",FY 20 MARKETING,Grant Funds,Bethel,Not Applicable,RBCS ENTERPRISE GRANTS,Public Administration,50027,921110,EXECUTIVE OFFICES,Commercial,"This Rural Development investment will be used to provide targeted marketing and advertising of the businesses located in the town of Bethel, Vt. during the towns water-system upgrade. It is anticipated that due to the water-system project, layoffs may be necessary. The marketing will be aimed at increasing business in order to alleviate the potential for job loss.",7292,1
2020,Vermont,Windsor,At-Large,Business Programs,Rural Energy for America Program (REAP),05030,Not Persistent Poverty Community,WEATHERSFIELD SCHOOL COMMUNITY SOLAR LLC,FY20 RES 237KW SOLAR ARRAY,Grant Funds,Ascutney,Not Applicable,REAP-MANDATORY RENEW ENERGY SYST GRANTS,Utilities,50027,221114,SOLAR ELECTRIC POWER GENERATION,Commercial,"This Rural Development investment will be used to purchase and install a 237.5kW roof-mounted solar array on a school in Ascutney, Vt. Through a Power Purchase Agreement, the Weathersfield School will purchase close to 93 percent of its historical electrical load at a discount. Weathersfield School Community Solar LLC will own the array, which will produce enough energy to power the equivalent of 22 homes. The purpose of this funding program is to assist farmers, ranchers, and rural small businesses in developing renewable energy systems, and in making energy-efficiency improvements to its operations.",70344,1
2020,Vermont,Windsor,At-Large,Business Programs,Rural Energy for America Program (REAP),05068,Not Persistent Poverty Community,CIVIL TWILIGHT LLC,FY20 EEI WEATHERIZATION/PELLET,Grant Funds,South Royalton,Not Applicable,"MAND.ENERGY EFFIC IMPROV GRANTS UNDER $20,000",Real Estate and Rental and Leasing,50027,531110,LESSORS OF RESIDENTIAL BUILDINGS AND DWELLINGS,Commercial,"This Rural Development investment will be used to assist farmers, ranchers, and rural small businesses in developing renewable energy systems, and in making energy-efficiency improvements to their operations. Civil Twilight, LLC owns the historic South Royalton House, a fixture on the town green since 1850. The building now houses 7 apartments. A new energy efficient pellet boiler will replace the aging oil furnace, and the structure will be insulated throughout. The annual energy reduction of 87,362kWh annually will save $7,664 per year.",20000,1
2020,Vermont,Windsor,At-Large,Multifamily Housing,Rental Assistance (MFH),Zip Code Withheld,Not Persistent Poverty Community,Name Withheld,BRIGHTWOOD HOUSE,Grant Funds,City Name Withheld,Not Applicable,RENEWAL  / REPLACEMENT - ELDERLY,Real Estate and Rental and Leasing,50027,NA,Not Available,Residential,Detailed Project Description Not Available,127955,1
2020,Vermont,Windsor,At-Large,Multifamily Housing,Rental Assistance (MFH),Zip Code Withheld,Not Persistent Poverty Community,Name Withheld,HOLLOW DRIVE FAMILY C/O VSHA,Grant Funds,City Name Withheld,Not Applicable,RENEWAL / REPLACEMENT -FAMILY,Real Estate and Rental and Leasing,50027,NA,Not Available,Residential,Detailed Project Description Not Available,204939,1
2020,Vermont,Windsor,At-Large,Multifamily Housing,Rental Assistance (MFH),Zip Code Withheld,Not Persistent Poverty Community,Name Withheld,PLEASANTBROOK APTS,Grant Funds,City Name Withheld,Not Applicable,RENEWAL / REPLACEMENT -FAMILY,Real Estate and Rental and Leasing,50027,NA,Not Available,Residential,Detailed Project Description Not Available,237203,1
2020,Vermont,Windsor,At-Large,Multifamily Housing,Rental Assistance (MFH),Zip Code Withheld,Not Persistent Poverty Community,Name Withheld,PROCTORSVILLE GREEN HOUSING C/O STEWART,Grant Funds,City Name Withheld,Not Applicable,RENEWAL / REPLACEMENT -FAMILY,Real Estate and Rental and Leasing,50027,NA,Not Available,Residential,Detailed Project Description Not Available,32471,1
2020,Vermont,Windsor,At-Large,Multifamily Housing,Rental Assistance (MFH),Zip Code Withheld,Not Persistent Poverty Community,Name Withheld,THE MAPLES SPRINGFIELD HOUSING AUTHORITY,Grant Funds,City Name Withheld,Not Applicable,RENEWAL  / REPLACEMENT - ELDERLY,Real Estate and Rental and Leasing,50027,NA,Not Available,Residential,Detailed Project Description Not Available,148042,1
2020,Vermont,Windsor,At-Large,Multifamily Housing,Rental Assistance (MFH),Zip Code Withheld,Not Persistent Poverty Community,Name Withheld,WALL STREET APTS C/O HOUSING VERMONT,Grant Funds,City Name Withheld,Not Applicable,RENEWAL / REPLACEMENT -FAMILY,Real Estate and Rental and Leasing,50027,NA,Not Available,Residential,Detailed Project Description Not Available,150883,1
2020,Vermont,Windsor,At-Large,Multifamily Housing,Rental Assistance (MFH),Zip Code Withheld,Not Persistent Poverty Community,Name Withheld,WINDSOR HOLLOW,Grant Funds,City Name Withheld,Not Applicable,RENEWAL  / REPLACEMENT - ELDERLY,Real Estate and Rental and Leasing,50027,NA,Not Available,Residential,Detailed Project Description Not Available,180211,1
2020,Vermont,Windsor,At-Large,Single Family Housing,Direct Loan (SFH),Zip Code Withheld,Not Persistent Poverty Community,Name Withheld,NOT AVAILABLE,Loan Funds - Direct,City Name Withheld,Not Applicable,502 LOAN - GENERAL INTEREST SUBSIDY LOW & OTHER INCOME,Real Estate and Rental and Leasing,50027,NA,Not Available,Residential,Detailed Project Description Not Available,156900,1
2020,Vermont,Windsor,At-Large,Single Family Housing,Direct Loan (SFH),Zip Code Withheld,Not Persistent Poverty Community,Name Withheld,NOT AVAILABLE,Loan Funds - Direct,City Name Withheld,Not Applicable,502 LOAN - GENERAL INTEREST SUBSIDY VERY LOW INCOME,Real Estate and Rental and Leasing,50027,NA,Not Available,Residential,Detailed Project Description Not Available,221500,1
2020,Vermont,Windsor,At-Large,Single Family Housing,Direct Loan (SFH),Zip Code Withheld,Not Persistent Poverty Community,Name Withheld,NOT AVAILABLE,Loan Funds - Direct,City Name Withheld,Not Applicable,502 LOAN - RHLP INTEREST SUBSIDY LOW AND OTHER INCOME,Real Estate and Rental and Leasing,50027,NA,Not Available,Residential,Detailed Project Description Not Available,343650,2
2020,Vermont,Windsor,At-Large,Single Family Housing,Direct Loan (SFH),Zip Code Withheld,Not Persistent Poverty Community,Name Withheld,NOT AVAILABLE,Loan Funds - Direct,City Name Withheld,Not Applicable,502 LOAN - RHLP INTEREST SUBSIDY VERY LOW INCOME,Real Estate and Rental and Leasing,50027,NA,Not Available,Residential,Detailed Project Description Not Available,116200,1
2020,Vermont,Windsor,At-Large,Single Family Housing,Guaranteed Loan (SFH),Zip Code Withheld,Not Persistent Poverty Community,Name Withheld,NOT AVAILABLE,Loan Funds - Guaranteed,City Name Withheld,BRATTLEBORO SAVINGS & LOAN,SEC 502 GUARANTEED SINGLE FAMILY HOUSING PURCHASE LOANS - WITH ANNUAL FEES ASSIGNED,Real Estate and Rental and Leasing,50027,NA,Not Available,Residential,Detailed Project Description Not Available,128282,1
2020,Vermont,Windsor,At-Large,Single Family Housing,Guaranteed Loan (SFH),Zip Code Withheld,Not Persistent Poverty Community,Name Withheld,NOT AVAILABLE,Loan Funds - Guaranteed,City Name Withheld,"CARRINGTON MORTGAGE SERVICES, LLC",SEC 502 GUARANTEED SINGLE FAMILY HOUSING REFINANCE LOANS - WITH ANNUAL FEES ASSIGNED,Real Estate and Rental and Leasing,50027,NA,Not Available,Residential,Detailed Project Description Not Available,117171,1
2020,Vermont,Windsor,At-Large,Single Family Housing,Guaranteed Loan (SFH),Zip Code Withheld,Not Persistent Poverty Community,Name Withheld,NOT AVAILABLE,Loan Funds - Guaranteed,City Name Withheld,COLONIAL NTL MTG A DIV OF COL SAV F.A.,SEC 502 GUARANTEED SINGLE FAMILY HOUSING PURCHASE LOANS - WITH ANNUAL FEES ASSIGNED,Real Estate and Rental and Leasing,50027,NA,Not Available,Residential,Detailed Project Description Not Available,264645,2
2020,Vermont,Windsor,At-Large,Single Family Housing,Guaranteed Loan (SFH),Zip Code Withheld,Not Persistent Poverty Community,Name Withheld,NOT AVAILABLE,Loan Funds - Guaranteed,City Name Withheld,"INTERCONTINENTAL CAPITAL GROUP, INC.",SEC 502 GUARANTEED SINGLE FAMILY HOUSING PURCHASE LOANS - WITH ANNUAL FEES ASSIGNED,Real Estate and Rental and Leasing,50027,NA,Not Available,Residential,Detailed Project Description Not Available,134343,1
2020,Vermont,Windsor,At-Large,Single Family Housing,Guaranteed Loan (SFH),Zip Code Withheld,Not Persistent Poverty Community,Name Withheld,NOT AVAILABLE,Loan Funds - Guaranteed,City Name Withheld,NATIONS LENDING CORPORATION,SEC 502 GUARANTEED SINGLE FAMILY HOUSING PURCHASE LOANS - WITH ANNUAL FEES ASSIGNED,Real Estate and Rental and Leasing,50027,NA,Not Available,Residential,Detailed Project Description Not Available,166666,1
2020,Vermont,Windsor,At-Large,Single Family Housing,Guaranteed Loan (SFH),Zip Code Withheld,Not Persistent Poverty Community,Name Withheld,NOT AVAILABLE,Loan Funds - Guaranteed,City Name Withheld,"NEW AMERICAN FUNDING, LLC",SEC 502 GUARANTEED SINGLE FAMILY HOUSING REFINANCE LOANS - WITH ANNUAL FEES ASSIGNED,Real Estate and Rental and Leasing,50027,NA,Not Available,Residential,Detailed Project Description Not Available,147979,1
2020,Vermont,Windsor,At-Large,Single Family Housing,Guaranteed Loan (SFH),Zip Code Withheld,Not Persistent Poverty Community,Name Withheld,NOT AVAILABLE,Loan Funds - Guaranteed,City Name Withheld,"NORTHEAST HOME LOAN, LLC",SEC 502 GUARANTEED SINGLE FAMILY HOUSING PURCHASE LOANS - WITH ANNUAL FEES ASSIGNED,Real Estate and Rental and Leasing,50027,NA,Not Available,Residential,Detailed Project Description Not Available,455049,3
2020,Vermont,Windsor,At-Large,Single Family Housing,Guaranteed Loan (SFH),Zip Code Withheld,Not Persistent Poverty Community,Name Withheld,NOT AVAILABLE,Loan Funds - Guaranteed,City Name Withheld,NORTHFIELD SAVINGS BANK,SEC 502 GUARANTEED SINGLE FAMILY HOUSING PURCHASE LOANS - WITH ANNUAL FEES ASSIGNED,Real Estate and Rental and Leasing,50027,NA,Not Available,Residential,Detailed Project Description Not Available,163327,1
2020,Vermont,Windsor,At-Large,Single Family Housing,Guaranteed Loan (SFH),Zip Code Withheld,Not Persistent Poverty Community,Name Withheld,NOT AVAILABLE,Loan Funds - Guaranteed,City Name Withheld,PEOPLES UNITED BANK,SEC 502 GUARANTEED SINGLE FAMILY HOUSING PURCHASE LOANS - WITH ANNUAL FEES ASSIGNED,Real Estate and Rental and Leasing,50027,NA,Not Available,Residential,Detailed Project Description Not Available,805940,6
2020,Vermont,Windsor,At-Large,Single Family Housing,Guaranteed Loan (SFH),Zip Code Withheld,Not Persistent Poverty Community,Name Withheld,NOT AVAILABLE,Loan Funds - Guaranteed,City Name Withheld,"PRIME LENDING, A PLAINS CAPITAL CO.",SEC 502 GUARANTEED SINGLE FAMILY HOUSING PURCHASE LOANS - WITH ANNUAL FEES ASSIGNED,Real Estate and Rental and Leasing,50027,NA,Not Available,Residential,Detailed Project Description Not Available,120707,1
2020,Vermont,Windsor,At-Large,Single Family Housing,Guaranteed Loan (SFH),Zip Code Withheld,Not Persistent Poverty Community,Name Withheld,NOT AVAILABLE,Loan Funds - Guaranteed,City Name Withheld,"ROCKET MORTGAGE, LLC",SEC 502 GUARANTEED SINGLE FAMILY HOUSING PURCHASE LOANS - WITH ANNUAL FEES ASSIGNED,Real Estate and Rental and Leasing,50027,NA,Not Available,Residential,Detailed Project Description Not Available,275302,2
2020,Vermont,Windsor,At-Large,Single Family Housing,Guaranteed Loan (SFH),Zip Code Withheld,Not Persistent Poverty Community,Name Withheld,NOT AVAILABLE,Loan Funds - Guaranteed,City Name Withheld,SERVICE FEDERAL CREDIT UNION,SEC 502 GUARANTEED SINGLE FAMILY HOUSING PURCHASE LOANS - WITH ANNUAL FEES ASSIGNED,Real Estate and Rental and Leasing,50027,NA,Not Available,Residential,Detailed Project Description Not Available,123700,1
2020,Vermont,Windsor,At-Large,Single Family Housing,Guaranteed Loan (SFH),Zip Code Withheld,Not Persistent Poverty Community,Name Withheld,NOT AVAILABLE,Loan Funds - Guaranteed,City Name Withheld,UNION BANK,SEC 502 GUARANTEED SINGLE FAMILY HOUSING PURCHASE LOANS - WITH ANNUAL FEES ASSIGNED,Real Estate and Rental and Leasing,50027,NA,Not Available,Residential,Detailed Project Description Not Available,184848,1
2020,Vermont,Windsor,At-Large,Single Family Housing,Repair Grant (SFH),Zip Code Withheld,Not Persistent Poverty Community,Name Withheld,NOT AVAILABLE,Grant Funds,City Name Withheld,Not Applicable,504 COMBINATION LOAN & GRANT,Real Estate and Rental and Leasing,50027,NA,Not Available,Residential,Detailed Project Description Not Available,4143,1
2020,Vermont,Windsor,At-Large,Single Family Housing,Repair Grant (SFH),Zip Code Withheld,Not Persistent Poverty Community,Name Withheld,NOT AVAILABLE,Grant Funds,City Name Withheld,Not Applicable,504 GRANT,Real Estate and Rental and Leasing,50027,NA,Not Available,Residential,Detailed Project Description Not Available,15271,3
2020,Vermont,Windsor,At-Large,Single Family Housing,Repair Loan (SFH),Zip Code Withheld,Not Persistent Poverty Community,Name Withheld,NOT AVAILABLE,Loan Funds - Direct,City Name Withheld,Not Applicable,504 COMBINATION LOAN & GRANT,Real Estate and Rental and Leasing,50027,NA,Not Available,Residential,Detailed Project Description Not Available,4143,1
2020,Vermont,Windsor,At-Large,Single Family Housing,Repair Loan (SFH),Zip Code Withheld,Not Persistent Poverty Community,Name Withheld,NOT AVAILABLE,Loan Funds - Direct,City Name Withheld,Not Applicable,504 LOAN,Real Estate and Rental and Leasing,50027,NA,Not Available,Residential,Detailed Project Description Not Available,7499,1
2020,Vermont,Windsor,At-Large,Water and Environmental,Direct Loan and Grant (WEP),05034,Not Persistent Poverty Community,"Bridgewater, Town of",FY 20 WWTF Improvement,Loan Funds - Direct,Bridgewater,Not Applicable,(COMB LOAN & GRANT) WASTE DISPOSAL ONLY,Utilities,50027,NA,Not Available,Commercial,Detailed Project Description Not Available,448000,1
2019,Vermont,Addison,At-Large,Business Programs,Advanced Biofuel Payment Program,05491,Not Persistent Poverty Community,DUBOIS ENERGY LLC,NOT AVAILABLE,Grant Funds,Vergennes,Not Applicable,GRANT FOR PROD OF ADV BIOFUEL,Other or Not Defined,50001,NA,Not Available,Commercial,Detailed Project Description Not Available,34,1
2019,Vermont,Addison,At-Large,Multifamily Housing,Rental Assistance (MFH),Zip Code Withheld,Not Persistent Poverty Community,Name Withheld,CREEKVIEW HOUSING,Grant Funds,City Name Withheld,Not Applicable,RENEWAL / REPLACEMENT -FAMILY,Real Estate and Rental and Leasing,50001,NA,Not Available,Residential,Detailed Project Description Not Available,136896,1
2019,Vermont,Addison,At-Large,Multifamily Housing,Rental Assistance (MFH),Zip Code Withheld,Not Persistent Poverty Community,Name Withheld,MIDDLEBURY COMMONS VSHA,Grant Funds,City Name Withheld,Not Applicable,RENEWAL  / REPLACEMENT - ELDERLY,Real Estate and Rental and Leasing,50001,NA,Not Available,Residential,Detailed Project Description Not Available,240447,1
2019,Vermont,Addison,At-Large,Multifamily Housing,Rental Assistance (MFH),Zip Code Withheld,Not Persistent Poverty Community,Name Withheld,SMALLEST CITY HSG C/O ADDISON COUNTY COMMUNITY TRUST,Grant Funds,City Name Withheld,Not Applicable,RENEWAL / REPLACEMENT -FAMILY,Real Estate and Rental and Leasing,50001,NA,Not Available,Residential,Detailed Project Description Not Available,147418,1
2019,Vermont,Addison,At-Large,Multifamily Housing,Rental Assistance (MFH),Zip Code Withheld,Not Persistent Poverty Community,Name Withheld,VALLEY VIEW II,Grant Funds,City Name Withheld,Not Applicable,RENEWAL  / REPLACEMENT - ELDERLY,Real Estate and Rental and Leasing,50001,NA,Not Available,Residential,Detailed Project Description Not Available,72269,1
2019,Vermont,Addison,At-Large,Single Family Housing,Direct Loan (SFH),Zip Code Withheld,Not Persistent Poverty Community,Name Withheld,NOT AVAILABLE,Loan Funds - Direct,City Name Withheld,Not Applicable,502 LOAN - GENERAL INTEREST SUBSIDY LOW & OTHER INCOME,Real Estate and Rental and Leasing,50001,NA,Not Available,Residential,Detailed Project Description Not Available,375800,2
2019,Vermont,Addison,At-Large,Single Family Housing,Direct Loan (SFH),Zip Code Withheld,Not Persistent Poverty Community,Name Withheld,NOT AVAILABLE,Loan Funds - Direct,City Name Withheld,Not Applicable,502 LOAN - MANUFACTURED HOME INTEREST SUBSIDY LOW & OTH,Real Estate and Rental and Leasing,50001,NA,Not Available,Residential,Detailed Project Description Not Available,198870,1
2019,Vermont,Addison,At-Large,Single Family Housing,Guaranteed Loan (SFH),Zip Code Withheld,Not Persistent Poverty Community,Name Withheld,NOT AVAILABLE,Loan Funds - Guaranteed,City Name Withheld,BANK OF ENGLAND,SEC 502 GUARANTEED SINGLE FAMILY HOUSING PURCHASE LOANS - WITH ANNUAL FEES ASSIGNED,Real Estate and Rental and Leasing,50001,NA,Not Available,Residential,Detailed Project Description Not Available,190909,1
2019,Vermont,Addison,At-Large,Single Family Housing,Guaranteed Loan (SFH),Zip Code Withheld,Not Persistent Poverty Community,Name Withheld,NOT AVAILABLE,Loan Funds - Guaranteed,City Name Withheld,FAIRWAY INDEPENDENT MORTGAGE CORPORATION,SEC 502 GUARANTEED SINGLE FAMILY HOUSING PURCHASE LOANS - WITH ANNUAL FEES ASSIGNED,Real Estate and Rental and Leasing,50001,NA,Not Available,Residential,Detailed Project Description Not Available,383838,2
2019,Vermont,Addison,At-Large,Single Family Housing,Guaranteed Loan (SFH),Zip Code Withheld,Not Persistent Poverty Community,Name Withheld,NOT AVAILABLE,Loan Funds - Guaranteed,City Name Withheld,"HOMEBRIDGE FINANCIAL SERVICES, INC.",SEC 502 GUARANTEED SINGLE FAMILY HOUSING PURCHASE LOANS - WITH ANNUAL FEES ASSIGNED,Real Estate and Rental and Leasing,50001,NA,Not Available,Residential,Detailed Project Description Not Available,996867,5
2019,Vermont,Addison,At-Large,Single Family Housing,Guaranteed Loan (SFH),Zip Code Withheld,Not Persistent Poverty Community,Name Withheld,NOT AVAILABLE,Loan Funds - Guaranteed,City Name Withheld,NATIONAL BANK OF MIDDLEBURY,SEC 502 GUARANTEED SINGLE FAMILY HOUSING PURCHASE LOANS - WITH ANNUAL FEES ASSIGNED,Real Estate and Rental and Leasing,50001,NA,Not Available,Residential,Detailed Project Description Not Available,193434,1
2019,Vermont,Addison,At-Large,Single Family Housing,Guaranteed Loan (SFH),Zip Code Withheld,Not Persistent Poverty Community,Name Withheld,NOT AVAILABLE,Loan Funds - Guaranteed,City Name Withheld,"NORTHEAST HOME LOAN, LLC",SEC 502 GUARANTEED SINGLE FAMILY HOUSING PURCHASE LOANS - WITH ANNUAL FEES ASSIGNED,Real Estate and Rental and Leasing,50001,NA,Not Available,Residential,Detailed Project Description Not Available,327272,2
2019,Vermont,Addison,At-Large,Single Family Housing,Guaranteed Loan (SFH),Zip Code Withheld,Not Persistent Poverty Community,Name Withheld,NOT AVAILABLE,Loan Funds - Guaranteed,City Name Withheld,"TD BANK, N.A.",SEC 502 GUARANTEED SINGLE FAMILY HOUSING PURCHASE LOANS - WITH ANNUAL FEES ASSIGNED,Real Estate and Rental and Leasing,50001,NA,Not Available,Residential,Detailed Project Description Not Available,196969,1
2019,Vermont,Addison,At-Large,Single Family Housing,Guaranteed Loan (SFH),Zip Code Withheld,Not Persistent Poverty Community,Name Withheld,NOT AVAILABLE,Loan Funds - Guaranteed,City Name Withheld,VERMONT FEDERAL CREDIT UNION,SEC 502 GUARANTEED SINGLE FAMILY HOUSING PURCHASE LOANS - WITH ANNUAL FEES ASSIGNED,Real Estate and Rental and Leasing,50001,NA,Not Available,Residential,Detailed Project Description Not Available,350252,2
2019,Vermont,Addison,At-Large,Single Family Housing,Repair Grant (SFH),Zip Code Withheld,Not Persistent Poverty Community,Name Withheld,NOT AVAILABLE,Grant Funds,City Name Withheld,Not Applicable,504 GRANT,Real Estate and Rental and Leasing,50001,NA,Not Available,Residential,Detailed Project Description Not Available,33358,5
2019,Vermont,Bennington,At-Large,Business Programs,Rural Business Development Grant (RBDG),05350,Not Persistent Poverty Community,TOWN OF READSBORO,"FY19 $29,000 RBDG CONNECTIVITY",Grant Funds,Readsboro,Not Applicable,RBCS ENTERPRISE GRANTS,Public Administration,50003,921110,EXECUTIVE OFFICES,Commercial,Detailed Project Description Not Available,27776,1
2019,Vermont,Bennington,At-Large,Business Programs,Rural Energy for America Program (REAP),05255,Not Persistent Poverty Community,"CGHM INDUSTRIAL STORAGE FACILITY, LLC",FY19 14.76KW RES SOLAR,Grant Funds,Manchester Ctr,Not Applicable,"MAND. RENEW ENERFY SYSTEMS GRANTS UNDER $20,000",Real Estate and Rental and Leasing,50003,531120,LESSORS OF NONRESIDENTIAL BUILDINGS (EXCEPT MINIWAREHOUSES),Commercial,"This Rural Development investment will be used to install a 14.76kW roof-mounted solar array. CGHM Industrial Storage, LLC is a property management company that provides storage facilities to individuals and small businesses. The new array is expected to offset about 97% of current electrical use.",12546,1
2019,Vermont,Bennington,At-Large,Business Programs,Rural Energy for America Program (REAP),05255,Not Persistent Poverty Community,"LEVIS, OLIVER DBA EARTH SKY TIME FARM",FY19 22 KW SOLAR,Grant Funds,Manchester Ctr,Not Applicable,"MAND. RENEW ENERFY SYSTEMS GRANTS UNDER $20,000","Agriculture, Forestry, Fishing and Hunting",50003,111210,Not Available,Commercial,"This Rural Development investment will be used to install a 22kW roof-mounted solar array. Earth, Sky, Time Farm is a third-generation farm and bakery and has expanded to become a local gathering place for the community of Manchester Center. The site hosts festivals and musical events, and the new array will allow the farm to generate will now generate more than 50% of its energy needs. The purpose of this funding program is to assist farmers, ranchers, and rural small businesses in developing renewable energy systems, and in making energy-efficiency improvements to their operations.",19845,1
2019,Vermont,Bennington,At-Large,Multifamily Housing,Rental Assistance (MFH),Zip Code Withheld,Not Persistent Poverty Community,Name Withheld,HAINES MANOR EAST,Grant Funds,City Name Withheld,Not Applicable,RENEWAL / REPLACEMENT -FAMILY,Real Estate and Rental and Leasing,50003,NA,Not Available,Residential,Detailed Project Description Not Available,115332,1
2019,Vermont,Bennington,At-Large,Multifamily Housing,Rental Assistance (MFH),Zip Code Withheld,Not Persistent Poverty Community,Name Withheld,HOMESTEAD GREEN,Grant Funds,City Name Withheld,Not Applicable,RENEWAL  / REPLACEMENT - ELDERLY,Real Estate and Rental and Leasing,50003,NA,Not Available,Residential,Detailed Project Description Not Available,121072,1
2019,Vermont,Bennington,At-Large,Multifamily Housing,Rental Assistance (MFH),Zip Code Withheld,Not Persistent Poverty Community,Name Withheld,SILVER STREET APTS,Grant Funds,City Name Withheld,Not Applicable,RENEWAL / REPLACEMENT -FAMILY,Real Estate and Rental and Leasing,50003,NA,Not Available,Residential,Detailed Project Description Not Available,82479,1
2019,Vermont,Bennington,At-Large,Single Family Housing,Direct Loan (SFH),Zip Code Withheld,Not Persistent Poverty Community,Name Withheld,NOT AVAILABLE,Loan Funds - Direct,City Name Withheld,Not Applicable,502 LOAN - GENERAL INTEREST SUBSIDY LOW & OTHER INCOME,Real Estate and Rental and Leasing,50003,NA,Not Available,Residential,Detailed Project Description Not Available,463000,3
2019,Vermont,Bennington,At-Large,Single Family Housing,Direct Loan (SFH),Zip Code Withheld,Not Persistent Poverty Community,Name Withheld,NOT AVAILABLE,Loan Funds - Direct,City Name Withheld,Not Applicable,502 LOAN - GENERAL INTEREST SUBSIDY VERY LOW INCOME,Real Estate and Rental and Leasing,50003,NA,Not Available,Residential,Detailed Project Description Not Available,137000,1
2019,Vermont,Bennington,At-Large,Single Family Housing,Guaranteed Loan (SFH),Zip Code Withheld,Not Persistent Poverty Community,Name Withheld,NOT AVAILABLE,Loan Funds - Guaranteed,City Name Withheld,ADAMS COMMUNITY BANK,SEC 502 GUARANTEED SINGLE FAMILY HOUSING PURCHASE LOANS - WITH ANNUAL FEES ASSIGNED,Real Estate and Rental and Leasing,50003,NA,Not Available,Residential,Detailed Project Description Not Available,166666,1
2019,Vermont,Bennington,At-Large,Single Family Housing,Guaranteed Loan (SFH),Zip Code Withheld,Not Persistent Poverty Community,Name Withheld,NOT AVAILABLE,Loan Funds - Guaranteed,City Name Withheld,BANK OF BENNINGTON,SEC 502 GUARANTEED SINGLE FAMILY HOUSING PURCHASE LOANS - WITH ANNUAL FEES ASSIGNED,Real Estate and Rental and Leasing,50003,NA,Not Available,Residential,Detailed Project Description Not Available,1593275,10
2019,Vermont,Bennington,At-Large,Single Family Housing,Guaranteed Loan (SFH),Zip Code Withheld,Not Persistent Poverty Community,Name Withheld,NOT AVAILABLE,Loan Funds - Guaranteed,City Name Withheld,FAIRWAY INDEPENDENT MORTGAGE CORPORATION,SEC 502 GUARANTEED SINGLE FAMILY HOUSING PURCHASE LOANS - WITH ANNUAL FEES ASSIGNED,Real Estate and Rental and Leasing,50003,NA,Not Available,Residential,Detailed Project Description Not Available,113636,1
2019,Vermont,Bennington,At-Large,Single Family Housing,Guaranteed Loan (SFH),Zip Code Withheld,Not Persistent Poverty Community,Name Withheld,NOT AVAILABLE,Loan Funds - Guaranteed,City Name Withheld,"HOMEBRIDGE FINANCIAL SERVICES, INC.",SEC 502 GUARANTEED SINGLE FAMILY HOUSING PURCHASE LOANS - WITH ANNUAL FEES ASSIGNED,Real Estate and Rental and Leasing,50003,NA,Not Available,Residential,Detailed Project Description Not Available,158585,1
2019,Vermont,Bennington,At-Large,Single Family Housing,Guaranteed Loan (SFH),Zip Code Withheld,Not Persistent Poverty Community,Name Withheld,NOT AVAILABLE,Loan Funds - Guaranteed,City Name Withheld,HOMESTEAD FUNDING CORP,SEC 502 GUARANTEED SINGLE FAMILY HOUSING PURCHASE LOANS - WITH ANNUAL FEES ASSIGNED,Real Estate and Rental and Leasing,50003,NA,Not Available,Residential,Detailed Project Description Not Available,217171,1
2019,Vermont,Bennington,At-Large,Single Family Housing,Guaranteed Loan (SFH),Zip Code Withheld,Not Persistent Poverty Community,Name Withheld,NOT AVAILABLE,Loan Funds - Guaranteed,City Name Withheld,MOUNTAINONE BANK,SEC 502 GUARANTEED SINGLE FAMILY HOUSING PURCHASE LOANS - WITH ANNUAL FEES ASSIGNED,Real Estate and Rental and Leasing,50003,NA,Not Available,Residential,Detailed Project Description Not Available,181717,1
2019,Vermont,Bennington,At-Large,Single Family Housing,Guaranteed Loan (SFH),Zip Code Withheld,Not Persistent Poverty Community,Name Withheld,NOT AVAILABLE,Loan Funds - Guaranteed,City Name Withheld,"PRIME LENDING, A PLAINS CAPITAL CO.",SEC 502 GUARANTEED SINGLE FAMILY HOUSING PURCHASE LOANS - WITH ANNUAL FEES ASSIGNED,Real Estate and Rental and Leasing,50003,NA,Not Available,Residential,Detailed Project Description Not Available,607169,4
2019,Vermont,Bennington,At-Large,Single Family Housing,Repair Grant (SFH),Zip Code Withheld,Not Persistent Poverty Community,Name Withheld,NOT AVAILABLE,Grant Funds,City Name Withheld,Not Applicable,504 GRANT,Real Estate and Rental and Leasing,50003,NA,Not Available,Residential,Detailed Project Description Not Available,17345,4
2019,Vermont,Caledonia,At-Large,Business Programs,Rural Business Development Grant (RBDG),05819,Not Persistent Poverty Community,CATAMOUNT FILM AND ARTS CO INC.,CREATIVE SECTOR DEV FY19,Grant Funds,St Johnsbury,Not Applicable,RBCS ENTERPRISE REAP ZONE GRANTS,"Arts, Entertainment, and Recreation",50005,711110,THEATER COMPANIES AND DINNER THEATERS,Commercial,"This Rural Development investment will be used for planning, developing and implementation of a creative sector economic development plan that will provide training, jobs, technical support and infrastructure. This project will directly address the high rates of poverty, declining workforce and poor overall economic conditions in the region by implementing a sustainable and reliable mode of Creative Sector economic development that trains workers, boosts tourism and creates new jobs in local businesses.",75000,1
2019,Vermont,Caledonia,At-Large,Business Programs,Rural Business Development Grant (RBDG),05819,Not Persistent Poverty Community,NORTHEASTERN VERMONT DEVEL ASSOC INC,ADVANCING BROADBND DEV FY19,Grant Funds,St. Johnsbury,Not Applicable,RBCS ENTERPRISE REAP ZONE GRANTS,Public Administration,50005,925120,ADMINISTRATION OF URBAN PLANNING AND COMMUNITY AND RURAL DEVELOPMENT,Commercial,"This Rural Development investment will be used to identify and work with businesses that have expressed an interest in bettering broadband service. The project will survey communities to determine interest, complete an assessment of existing availability of broadband services, and establish community goals for improving service and enhancing business opportunities. The project will also evaluate possible broadband alternatives, solutions funding options and ownership models (specifically the municipal Communication Union District model).",66000,1
2019,Vermont,Caledonia,At-Large,Business Programs,Rural Business Development Grant (RBDG),05819,Not Persistent Poverty Community,NORTHEASTERN VERMONT REGIONAL HOSPITAL,VT FOOD BANK RENOVATION FY19,Grant Funds,St. Johnsbury,Not Applicable,RBCS ENTERPRISE REAP ZONE GRANTS,Health Care and Social Assistance,50005,622110,GENERAL MEDICAL AND SURGICAL HOSPITALS,Commercial,"This Rural Development investment will be used to renovate the Vermont Foodbanks facility warehouse and office space. With the enlargement of cooler and freezer space, and infrastructure improvements the Vermont Foodbank can dramatically increase its ability to provide healthy food to those in need. An estimated 10 jobs will be created with this project.",100000,1
2019,Vermont,Caledonia,At-Large,Business Programs,Rural Business Development Grant (RBDG),05819,Not Persistent Poverty Community,NORTHERN COMMUNITY INVESTMENT CORP,BUSINESS ASSISTED SERVICE FY19,Grant Funds,Saint Johnsbury,Not Applicable,RBCS ENTERPRISE REAP ZONE GRANTS,Public Administration,50005,928120,INTERNATIONAL AFFAIRS,Commercial,"This Rural Development investment will be used to assist small buinsesses by providing assembled information, skills, and knowledge based on businesses needs and support requests. Assistance will include seeking supports and resources, adding capacity and experience, organizational depth, and capabilities so as to optimize the change process necessary to assist the business to make impactful decisions that propel them to success. This project will assist 8 business and anticipates created 24 jobs.",52665,1
2019,Vermont,Caledonia,At-Large,Business Programs,Rural Business Development Grant (RBDG),05819,Not Persistent Poverty Community,NORTHERN COMMUNITY INVESTMENT CORP,TA COST SHARE PROGRAM FY19,Grant Funds,Saint Johnsbury,Not Applicable,RBCS ENTERPRISE REAP ZONE GRANTS,Public Administration,50005,928120,INTERNATIONAL AFFAIRS,Commercial,Rural Development funds will be used to establish the Business Growth revolving loan fund that will further diversify the financial solutions to regional businesses in the REAP Zone.,99999,1
2019,Vermont,Caledonia,At-Large,Business Programs,Rural Business Development Grant (RBDG),05819,Not Persistent Poverty Community,SAINT JOHNSBURY WORKS! INC.,"FY19 $55,000 RBDG FM ANNEX",Grant Funds,St Johnsbury,Not Applicable,RBCS ENTERPRISE REAP ZONE GRANTS,Other Services,50005,813910,BUSINESS ASSOCIATIONS,Commercial,"This Rural Development investment will be used to support Fairbanks Museums project to undertake the planning of a new ""Science Annex"". to be constructed as an addition to the existing museum. The project will be used to create architectural and engineering plans for the addition. As the project grows, the regions unemployment rate should be reduced and higher-wage jobs should be created",55000,1
2019,Vermont,Caledonia,At-Large,Business Programs,Rural Business Development Grant (RBDG),05819,Not Persistent Poverty Community,SAINT JOHNSBURY WORKS! INC.,"FY19 $83,275 RBDG",Grant Funds,St Johnsbury,Not Applicable,RBCS ENTERPRISE REAP ZONE GRANTS,Other Services,50005,813910,BUSINESS ASSOCIATIONS,Commercial,"This Rural Development investment will assist in providing training, marketing, and access needs in Vermonts most geographically isolated and economically disenfranchised region. Specifically, this project will provide digital marketing training, networking and market access, and recruitment support that enhances job availability and business growth .The project is expected to assist 35 businesses.",83275,1
2019,Vermont,Caledonia,At-Large,Business Programs,Rural Business Development Grant (RBDG),05819,Not Persistent Poverty Community,ST. JOHNSBURY ACADEMY,WORKFORCE DEVELOPMENT - FY19,Grant Funds,St Johnsbury,Not Applicable,RBCS ENTERPRISE REAP ZONE GRANTS,Public Administration,50005,923110,ADMINISTRATION OF EDUCATION PROGRAMS,Commercial,"This Rural Development investment will be used for small businesses to access and implement workforce development programs. This effort will advance leadership skills and help create and support jobs and a robust workforce in the Northeast Kingdom of Vermont. This effort will provide the training and skill building most needed by employers, improving local business ability to find labor, and positively changing the perception of small business careers, all aimed at helping to alleviate the shortage of workers.",73000,1
2019,Vermont,Caledonia,At-Large,Business Programs,Rural Business Development Grant (RBDG),05819,Not Persistent Poverty Community,"ST. JOHNSBURY DEVELOPMENT FUND, INC.",ADDITIONAL FINANCING - FY19,Grant Funds,St.johnsbury,Not Applicable,RBCS ENTERPRISE REAP ZONE GRANTS,Other or Not Defined,50005,963211,Not Available,Commercial,"This Rural Development investment will be used to provide additional financing for building system improvements on a vacant commercial/light industrial building in the town of St. Johnsbury. The purpose of these renovations is to attract a business tenant and bring the property into productive use, and is part of a community-wide initiative to redevelop and revitalize St. Johnsburys downtown buildings. The project will assist 6 businesses and will support 66 jobs, benefitting communities throughout Caledonia County.",99999,1
2019,Vermont,Caledonia,At-Large,Business Programs,Rural Business Development Grant (RBDG),05819,Not Persistent Poverty Community,"ST. JOHNSBURY, TOWN OF","FY19 $22,040",Grant Funds,St. Johnsbury,Not Applicable,RBCS ENTERPRISE REAP ZONE GRANTS,Public Administration,50005,921110,EXECUTIVE OFFICES,Commercial,"This Rural Development investment will be used to conduct a feasibility study for a new food co-op to be established in the St. Johnsbury area. Project activity includes a market study, selection and analysis of three sites, financial projections and public outreach. The project will leverage matching funds.",20465,1
2019,Vermont,Caledonia,At-Large,Business Programs,Rural Business Development Grant (RBDG),05832,Not Persistent Poverty Community,"BURKE AREA CHAMBER OF COMMERCE, INC.",NOT AVAILABLE,Grant Funds,East Burke,Not Applicable,RBCS ENTERPRISE REAP ZONE GRANTS,Other Services,50005,813910,BUSINESS ASSOCIATIONS,Commercial,"This Rural Development investment will be used to complete a feasibility study through a public engagement process and systems approach. The study will include, mapping of trails, natural resources, site constraints, parking assessments, transportation statistics and data analysis and analyze pass sales and visitation data. In addition to federal support, funding for the project comes from both the applicant and third parties. The project will support at least ten area businesses and maintain or create 15 jobs.",75000,1
2019,Vermont,Caledonia,At-Large,Business Programs,Rural Business Development Grant (RBDG),05843,Not Persistent Poverty Community,THE CENTER FOR AN AGRICULTURAL ECONOMY,TA SMALL FARMERS FY19,Grant Funds,Hardwick,Not Applicable,RBCS ENTERPRISE REAP ZONE GRANTS,Manufacturing,50005,311111,DOG AND CAT FOOD MANUFACTURING,Commercial,"This Rural Development investment will be used to provide technical assistance and business services to assist businesses in navigating the challenges of running small and emerging food system businesses. Assistance will include one-on-one technical assistance to assess needs, prioritize services needed. Business services will include the creation of a core curriculum of skill-building workshops. It is expected that 35 businesses will be assisted.",26719,1
2019,Vermont,Caledonia,At-Large,Business Programs,Rural Business Development Grant (RBDG),05848,Not Persistent Poverty Community,TOWN OF WATERFORD,FEASIBILITY STUDY FY19,Grant Funds,Lower Waterford,Not Applicable,RBCS ENTERPRISE REAP ZONE GRANTS,Public Administration,50005,92110,Not Available,Commercial,This Rural Development investment will be used to conduct a study to determine the improvements needed to bring the Lower Waterford Congregational Church building up to current building codes and for adaptive reuse. The building presents an opportunity for adaptive reuse of a community center.,25841,1
2019,Vermont,Caledonia,At-Large,Business Programs,Rural Business Development Grant (RBDG),05851,Not Persistent Poverty Community,LYNDON TOWN OF,SMALL BUS TA PROGRAM FY19,Grant Funds,Lyndonville,Not Applicable,RBCS ENTERPRISE REAP ZONE GRANTS,Public Administration,50005,92110,Not Available,Commercial,"This Rural Development investment will be used to expand the availability of the 2018 successful RBDG project ""Business Technology Technical Assistance"" program. Results of this investment will be increased web traffic; social media exposure; sales/profitability; and employment for businesses assisted. The town of Lyndon is located in the Rural Economic Area Partnership (REAP) zone of VT with a population of 5,981, this will provide further reach of marketing to outside the towns locality. Previous funding includes $88,827 in Rural Development Grants. This project is projected to assist 17 businesses and create 9 jobs within the next three years.",45000,1
2019,Vermont,Caledonia,At-Large,Business Programs,Rural Business Development Grant (RBDG),05851,Not Persistent Poverty Community,NORTHEAST KINGDOM WASTE MANAGEMENT DISTR,FS NEK FOOD RECOVERY FY19,Grant Funds,Lyndonville,Not Applicable,RBCS ENTERPRISE REAP ZONE GRANTS,Public Administration,50005,921110,EXECUTIVE OFFICES,Commercial,This Rural Development investment will be used to assess the feasibility of establishing a network that serves area retailers and food producers by collecting gleaned and recovered food and distributing it to organizations who work with food insecure populations. This project is supported by the North East Kingdom Food Cycle Coalition.,9046,1
2019,Vermont,Caledonia,At-Large,Business Programs,Rural Energy for America Program (REAP),05819,Not Persistent Poverty Community,TONY DWYERS LOGGING LLC,FY19 EEI EQUIPMENT KILN,Grant Funds,St. Johnsbury,Not Applicable,"MAND.ENERGY EFFIC IMPROV GRANTS UNDER $20,000","Agriculture, Forestry, Fishing and Hunting",50005,113000,Not Available,Commercial,Detailed Project Description Not Available,12465,1
2019,Vermont,Caledonia,At-Large,Business Programs,Rural Energy for America Program (REAP),05821,Not Persistent Poverty Community,MORRISON'S CUSTOM FEEDS INC.,FY19 702KW SOLAR ARRAY,Grant Funds,Barnet,Not Applicable,REAP-MANDATORY RENEW ENERGY SYST GRANTS,Manufacturing,50005,311110,Not Available,Commercial,"This Rural Development investment will be used to install a 702kW ground-mounted solar array. This solar array will produce all of the electricity required by the business, plus allow them to net meter the balance, resulting in almost $133,000 in savings and revenue annually.",153742,1
2019,Vermont,Caledonia,At-Large,Community Facilities,Grant (CF),05819,Not Persistent Poverty Community,FAIRBANKS MUSEUM AND PLANETARIUM,FY19 STEM EQUIPMENT PURCHASE,Grant Funds,St Johnsbury,Not Applicable,CF GRANTS,"Arts, Entertainment, and Recreation",50005,71211,MUSEUMS,Commercial,Detailed Project Description Not Available,1800,1
2019,Vermont,Caledonia,At-Large,Community Facilities,Grant (CF),05819,Not Persistent Poverty Community,FAIRBANKS MUSEUM AND PLANETARIUM,FY19 STEM EQUIPMENT PURCHASE,Grant Funds,St Johnsbury,Not Applicable,COMMUNITY FACILITY GRANTS - EZ/EC,"Arts, Entertainment, and Recreation",50005,71211,MUSEUMS,Commercial,Detailed Project Description Not Available,48000,1
2019,Vermont,Caledonia,At-Large,Community Facilities,Grant (CF),05819,Not Persistent Poverty Community,"ST. JOHNSBURY HISTORY AND HERITAGE CENTER, INC.",FY 19 ROOF AND WINDOWS REPAIRS,Grant Funds,St. Johnsbury,Not Applicable,COMMUNITY FACILITY GRANTS - EZ/EC,Educational Services,50005,611699,ALL OTHER MISCELLANEOUS SCHOOLS AND INSTRUCTION,Commercial,"This Rural Development investment will be used to replace roofs and repair and rebuild windows at the historic History and Heritage Center which is part of the St. Johnsbury historic district. The roofs are past their life expectancy and the windows are in disrepair. Repairing and not replacing windows will preserve the buildings historic integrity. The project will improve energy efficiency resulting in reduced operating costs. The Center is an integral part of the community that houses historical artifacts exhibits and provides educational programming to schools and the general public. It is committed to the preservation, education, and celebration of the towns rich heritage.",50300,1
2019,Vermont,Caledonia,At-Large,Community Facilities,Grant (CF),05819,Not Persistent Poverty Community,"ST. JOHNSBURY, TOWN OF",FY19 POLICE DEPARTMENT REPEATE,Grant Funds,Saint Johnsbury,Not Applicable,COMMUNITY FACILITY GRANTS - EZ/EC,Public Administration,50005,92213,LEGAL COUNSEL AND PROSECUTION,Commercial,Detailed Project Description Not Available,15600,1
2019,Vermont,Caledonia,At-Large,Community Facilities,Grant (CF),05843,Not Persistent Poverty Community,"HARDWICK, TOWN OF",FY 19 HARDWICK PEDESTRIAN BRID,Grant Funds,Hardwick,Not Applicable,COMMUNITY FACILITY GRANTS - EZ/EC,Other or Not Defined,50005,9999,OTHER,Commercial,"This Rural Development investment will be used to develop a 14-mile stretch of railway bed into a year-round transportation corridor as part of a 93-mile trail known as the Lamoille Valley Rail Trail (LVRT). The project includes surface, access, and drainage improvements; vegetation clearing; and re-decking bridges that will be capable of supporting a variety of walking and riding activities. Once complete, Hardwick will be at the center of the LVRT which spans the entire northern half of Vermont. This transformational project has economic development, cultural, historical, and educational underpinnings. It will allow for a public transportation alternative between Vermont towns. The trail is quickly becoming the tourist destination it was always planned to be and will help the economic development prospects of Hardwick and the Northeast Kingdom which encompasses Caledonia, Essex, and Orleans counties.",175512,1
2019,Vermont,Caledonia,At-Large,Community Facilities,Grant (CF),05851,Not Persistent Poverty Community,NORTHEAST KINGDOM WASTE MANAGEMENT DISTRICT,FY 19 BALER PURCHASE,Grant Funds,Lyndonville,Not Applicable,COMMUNITY FACILITY GRANTS - EZ/EC,Other or Not Defined,50005,9999,OTHER,Commercial,Detailed Project Description Not Available,64000,1
2019,Vermont,Caledonia,At-Large,Multifamily Housing,Direct Loan (MFH),05069,Not Persistent Poverty Community,GILMAN HOUSING TRUST INC,LIND HOMES C/O RURAL EDGE,Loan Funds - Direct,South Ryegate,Not Applicable,"SEC 515, RURAL RENTAL HOUSING LOANS - NEW CONSTRUCTION EZ/EC",Real Estate and Rental and Leasing,50005,NA,Not Available,Residential,Detailed Project Description Not Available,50000,1
2019,Vermont,Caledonia,At-Large,Multifamily Housing,Direct Loan (MFH),05871,Not Persistent Poverty Community,WEST BURKE HOUSING LIMITED PARTNERSHIP,BURKELAND LANE,Loan Funds - Direct,West Burke,Not Applicable,"SEC 515, RURAL RENTAL HOUSING LOANS - NEW CONSTRUCTION EZ/EC",Real Estate and Rental and Leasing,50005,NA,Not Available,Residential,Detailed Project Description Not Available,850000,1
2019,Vermont,Caledonia,At-Large,Multifamily Housing,Rental Assistance (MFH),Zip Code Withheld,Not Persistent Poverty Community,Name Withheld,MARIGOLD APTS,Grant Funds,City Name Withheld,Not Applicable,RENEWAL  / REPLACEMENT - ELDERLY,Real Estate and Rental and Leasing,50005,NA,Not Available,Residential,Detailed Project Description Not Available,35625,1
2019,Vermont,Caledonia,At-Large,Multifamily Housing,Rental Assistance (MFH),Zip Code Withheld,Not Persistent Poverty Community,Name Withheld,MOOSE RIVER HOUSING,Grant Funds,City Name Withheld,Not Applicable,RENEWAL / REPLACEMENT -FAMILY,Real Estate and Rental and Leasing,50005,NA,Not Available,Residential,Detailed Project Description Not Available,236339,1
2019,Vermont,Caledonia,At-Large,Multifamily Housing,Rental Assistance (MFH),Zip Code Withheld,Not Persistent Poverty Community,Name Withheld,MOUNTAIN VIEW APTS,Grant Funds,City Name Withheld,Not Applicable,RENEWAL / REPLACEMENT -FAMILY,Real Estate and Rental and Leasing,50005,NA,Not Available,Residential,Detailed Project Description Not Available,385020,1
2019,Vermont,Caledonia,At-Large,Single Family Housing,Direct Loan (SFH),Zip Code Withheld,Not Persistent Poverty Community,Name Withheld,NOT AVAILABLE,Loan Funds - Direct,City Name Withheld,Not Applicable,502 EZ/EC LOW INCOME,Real Estate and Rental and Leasing,50005,NA,Not Available,Residential,Detailed Project Description Not Available,48750,2
2019,Vermont,Caledonia,At-Large,Single Family Housing,Direct Loan (SFH),Zip Code Withheld,Not Persistent Poverty Community,Name Withheld,NOT AVAILABLE,Loan Funds - Direct,City Name Withheld,Not Applicable,502 EZ/EC VERY LOW INCOME,Real Estate and Rental and Leasing,50005,NA,Not Available,Residential,Detailed Project Description Not Available,104000,2
2019,Vermont,Caledonia,At-Large,Single Family Housing,Direct Loan (SFH),Zip Code Withheld,Not Persistent Poverty Community,Name Withheld,NOT AVAILABLE,Loan Funds - Direct,City Name Withheld,Not Applicable,502 LOAN - GENERAL INTEREST SUBSIDY LOW & OTHER INCOME,Real Estate and Rental and Leasing,50005,NA,Not Available,Residential,Detailed Project Description Not Available,217500,1
2019,Vermont,Caledonia,At-Large,Single Family Housing,Direct Loan (SFH),Zip Code Withheld,Not Persistent Poverty Community,Name Withheld,NOT AVAILABLE,Loan Funds - Direct,City Name Withheld,Not Applicable,502 LOAN - GENERAL INTEREST SUBSIDY VERY LOW INCOME,Real Estate and Rental and Leasing,50005,NA,Not Available,Residential,Detailed Project Description Not Available,68000,1
2019,Vermont,Caledonia,At-Large,Single Family Housing,Guaranteed Loan (SFH),Zip Code Withheld,Not Persistent Poverty Community,Name Withheld,NOT AVAILABLE,Loan Funds - Guaranteed,City Name Withheld,COMMUNITY NATIONAL BANK,SEC 502 GUARANTEED SINGLE FAMILY HOUSING PURCHASE LOANS - WITH ANNUAL FEES ASSIGNED,Real Estate and Rental and Leasing,50005,NA,Not Available,Residential,Detailed Project Description Not Available,102020,1
2019,Vermont,Caledonia,At-Large,Single Family Housing,Guaranteed Loan (SFH),Zip Code Withheld,Not Persistent Poverty Community,Name Withheld,NOT AVAILABLE,Loan Funds - Guaranteed,City Name Withheld,FAIRWAY INDEPENDENT MORTGAGE CORPORATION,SEC 502 GUARANTEED SINGLE FAMILY HOUSING PURCHASE LOANS - WITH ANNUAL FEES ASSIGNED,Real Estate and Rental and Leasing,50005,NA,Not Available,Residential,Detailed Project Description Not Available,443433,3
2019,Vermont,Caledonia,At-Large,Single Family Housing,Guaranteed Loan (SFH),Zip Code Withheld,Not Persistent Poverty Community,Name Withheld,NOT AVAILABLE,Loan Funds - Guaranteed,City Name Withheld,"NORTHEAST HOME LOAN, LLC",SEC 502 GUARANTEED SINGLE FAMILY HOUSING PURCHASE LOANS - WITH ANNUAL FEES ASSIGNED,Real Estate and Rental and Leasing,50005,NA,Not Available,Residential,Detailed Project Description Not Available,177777,2
2019,Vermont,Caledonia,At-Large,Single Family Housing,Guaranteed Loan (SFH),Zip Code Withheld,Not Persistent Poverty Community,Name Withheld,NOT AVAILABLE,Loan Funds - Guaranteed,City Name Withheld,"ROCKET MORTGAGE, LLC",SEC 502 GUARANTEED SINGLE FAMILY HOUSING PURCHASE LOANS - WITH ANNUAL FEES ASSIGNED,Real Estate and Rental and Leasing,50005,NA,Not Available,Residential,Detailed Project Description Not Available,219696,1
2019,Vermont,Caledonia,At-Large,Single Family Housing,Guaranteed Loan (SFH),Zip Code Withheld,Not Persistent Poverty Community,Name Withheld,NOT AVAILABLE,Loan Funds - Guaranteed,City Name Withheld,UNION BANK,SEC 502 GUARANTEED SINGLE FAMILY HOUSING PURCHASE LOANS - WITH ANNUAL FEES ASSIGNED,Real Estate and Rental and Leasing,50005,NA,Not Available,Residential,Detailed Project Description Not Available,1912723,13
2019,Vermont,Caledonia,At-Large,Single Family Housing,Guaranteed Loan (SFH),Zip Code Withheld,Not Persistent Poverty Community,Name Withheld,NOT AVAILABLE,Loan Funds - Guaranteed,City Name Withheld,"UNITED WHOLESALE MORTGAGE, LLC",SEC 502 GUARANTEED SINGLE FAMILY HOUSING PURCHASE LOANS - WITH ANNUAL FEES ASSIGNED,Real Estate and Rental and Leasing,50005,NA,Not Available,Residential,Detailed Project Description Not Available,137373,1
2019,Vermont,Caledonia,At-Large,Single Family Housing,Repair Grant (SFH),Zip Code Withheld,Not Persistent Poverty Community,Name Withheld,NOT AVAILABLE,Grant Funds,City Name Withheld,Not Applicable,504 GRANT,Real Estate and Rental and Leasing,50005,NA,Not Available,Residential,Detailed Project Description Not Available,81800,11
2019,Vermont,Caledonia,At-Large,Single Family Housing,Repair Loan (SFH),Zip Code Withheld,Not Persistent Poverty Community,Name Withheld,NOT AVAILABLE,Loan Funds - Direct,City Name Withheld,Not Applicable,504 EZ/EC LOAN,Real Estate and Rental and Leasing,50005,NA,Not Available,Residential,Detailed Project Description Not Available,7499,1
2019,Vermont,Chittenden,At-Large,Business Programs,Rural Energy for America Program (REAP),05452,Not Persistent Poverty Community,ALEXANDER BUSHEY DBA BRIGHAM HILL MAPLE,FY19 5.84KW SOLAR PV ARRAY,Grant Funds,Essex Jct,Not Applicable,"MAND. RENEW ENERFY SYSTEMS GRANTS UNDER $20,000","Agriculture, Forestry, Fishing and Hunting",50007,111998,ALL OTHER MISCELLANEOUS CROP FARMING,Commercial,"This Rural Development investment will be used to install a 5.84kW roof-mounted solar array. Brigham Hill Maple has historically produced maple syrup using a diesel-powered generator. The installation of this small array will allow the owners to get on the grid and boil their sap more efficiently, using about half of the energy in production. Agriculture plays a vital role in Vermont s economy, and investments such as this help support local foods.",9485,1
2019,Vermont,Chittenden,At-Large,Community Facilities,Direct Loan (CF),05495,Not Persistent Poverty Community,"RESOURCE A NONPROFIT COMMUNITY ENTERPRISE, INC.",FY19 WILLISTON BUILDING PURCHA,Loan Funds - Direct,Williston,Not Applicable,COMMUNITY FACILITY (DIRECT AND GUARANTEED LOANS),Other or Not Defined,50007,9999,OTHER,Commercial,"This Rural Development investment will be used to purchase a building that ReSOURCE is leasing in Williston. ReSOURCE was founded in 1991 and began an innovative program of repairing and reselling household items that otherwise would have gone to the landfill. It has expanded its services and programming to offer more opportunities to at risk-youth and low-income people in need. Its job training programs give these individuals a chance to learn valuable technical and professional skills and become gainfully employed. Purchase of the headquarters building allows for expansion of its geographic reach and ensures that ReSOURCE can continue to offer high level programming as well as providing the option of expanding in the future if needed. ReSOURCE also has three other Vt. facilities in Barre, Burlington, and Hyde Park, reaching close to half of all residents in the state. This organization has created a replicable model of environmental stewardship, educational training and economic opportunity.",5730000,1
2019,Vermont,Chittenden,At-Large,Multifamily Housing,Rental Assistance (MFH),Zip Code Withheld,Not Persistent Poverty Community,Name Withheld,MEADOWLANE APTS,Grant Funds,City Name Withheld,Not Applicable,RENEWAL  / REPLACEMENT - ELDERLY,Real Estate and Rental and Leasing,50007,NA,Not Available,Residential,Detailed Project Description Not Available,103584,1
2019,Vermont,Chittenden,At-Large,Single Family Housing,Direct Loan (SFH),Zip Code Withheld,Not Persistent Poverty Community,Name Withheld,NOT AVAILABLE,Loan Funds - Direct,City Name Withheld,Not Applicable,502 LOAN - GENERAL INTEREST SUBSIDY LOW & OTHER INCOME,Real Estate and Rental and Leasing,50007,NA,Not Available,Residential,Detailed Project Description Not Available,2113000,9
2019,Vermont,Chittenden,At-Large,Single Family Housing,Guaranteed Loan (SFH),Zip Code Withheld,Not Persistent Poverty Community,Name Withheld,NOT AVAILABLE,Loan Funds - Guaranteed,City Name Withheld,BANK OF ENGLAND,SEC 502 GUARANTEED SINGLE FAMILY HOUSING PURCHASE LOANS - WITH ANNUAL FEES ASSIGNED,Real Estate and Rental and Leasing,50007,NA,Not Available,Residential,Detailed Project Description Not Available,222525,1
2019,Vermont,Chittenden,At-Large,Single Family Housing,Guaranteed Loan (SFH),Zip Code Withheld,Not Persistent Poverty Community,Name Withheld,NOT AVAILABLE,Loan Funds - Guaranteed,City Name Withheld,COLONIAL NTL MTG A DIV OF COL SAV F.A.,SEC 502 GUARANTEED SINGLE FAMILY HOUSING PURCHASE LOANS - WITH ANNUAL FEES ASSIGNED,Real Estate and Rental and Leasing,50007,NA,Not Available,Residential,Detailed Project Description Not Available,182828,1
2019,Vermont,Chittenden,At-Large,Single Family Housing,Guaranteed Loan (SFH),Zip Code Withheld,Not Persistent Poverty Community,Name Withheld,NOT AVAILABLE,Loan Funds - Guaranteed,City Name Withheld,"ENVOY MORTGAGE, LTD.",SEC 502 GUARANTEED SINGLE FAMILY HOUSING PURCHASE LOANS - WITH ANNUAL FEES ASSIGNED,Real Estate and Rental and Leasing,50007,NA,Not Available,Residential,Detailed Project Description Not Available,418180,2
2019,Vermont,Chittenden,At-Large,Single Family Housing,Guaranteed Loan (SFH),Zip Code Withheld,Not Persistent Poverty Community,Name Withheld,NOT AVAILABLE,Loan Funds - Guaranteed,City Name Withheld,FAIRWAY INDEPENDENT MORTGAGE CORPORATION,SEC 502 GUARANTEED SINGLE FAMILY HOUSING PURCHASE LOANS - WITH ANNUAL FEES ASSIGNED,Real Estate and Rental and Leasing,50007,NA,Not Available,Residential,Detailed Project Description Not Available,1612471,7
2019,Vermont,Chittenden,At-Large,Single Family Housing,Guaranteed Loan (SFH),Zip Code Withheld,Not Persistent Poverty Community,Name Withheld,NOT AVAILABLE,Loan Funds - Guaranteed,City Name Withheld,"HOMEBRIDGE FINANCIAL SERVICES, INC.",SEC 502 GUARANTEED SINGLE FAMILY HOUSING PURCHASE LOANS - WITH ANNUAL FEES ASSIGNED,Real Estate and Rental and Leasing,50007,NA,Not Available,Residential,Detailed Project Description Not Available,1433508,6
2019,Vermont,Chittenden,At-Large,Single Family Housing,Guaranteed Loan (SFH),Zip Code Withheld,Not Persistent Poverty Community,Name Withheld,NOT AVAILABLE,Loan Funds - Guaranteed,City Name Withheld,"LENDUS, LLC",SEC 502 GUARANTEED SINGLE FAMILY HOUSING PURCHASE LOANS - WITH ANNUAL FEES ASSIGNED,Real Estate and Rental and Leasing,50007,NA,Not Available,Residential,Detailed Project Description Not Available,175000,1
2019,Vermont,Chittenden,At-Large,Single Family Housing,Guaranteed Loan (SFH),Zip Code Withheld,Not Persistent Poverty Community,Name Withheld,NOT AVAILABLE,Loan Funds - Guaranteed,City Name Withheld,"MOVEMENT MORTGAGE, LLC",SEC 502 GUARANTEED SINGLE FAMILY HOUSING PURCHASE LOANS - WITH ANNUAL FEES ASSIGNED,Real Estate and Rental and Leasing,50007,NA,Not Available,Residential,Detailed Project Description Not Available,1082825,5
2019,Vermont,Chittenden,At-Large,Single Family Housing,Guaranteed Loan (SFH),Zip Code Withheld,Not Persistent Poverty Community,Name Withheld,NOT AVAILABLE,Loan Funds - Guaranteed,City Name Withheld,"NORTHEAST HOME LOAN, LLC",SEC 502 GUARANTEED SINGLE FAMILY HOUSING PURCHASE LOANS - WITH ANNUAL FEES ASSIGNED,Real Estate and Rental and Leasing,50007,NA,Not Available,Residential,Detailed Project Description Not Available,1100907,4
2019,Vermont,Chittenden,At-Large,Single Family Housing,Guaranteed Loan (SFH),Zip Code Withheld,Not Persistent Poverty Community,Name Withheld,NOT AVAILABLE,Loan Funds - Guaranteed,City Name Withheld,"ROCKET MORTGAGE, LLC",SEC 502 GUARANTEED SINGLE FAMILY HOUSING PURCHASE LOANS - WITH ANNUAL FEES ASSIGNED,Real Estate and Rental and Leasing,50007,NA,Not Available,Residential,Detailed Project Description Not Available,370201,2
2019,Vermont,Chittenden,At-Large,Single Family Housing,Guaranteed Loan (SFH),Zip Code Withheld,Not Persistent Poverty Community,Name Withheld,NOT AVAILABLE,Loan Funds - Guaranteed,City Name Withheld,UNION BANK,SEC 502 GUARANTEED SINGLE FAMILY HOUSING PURCHASE LOANS - WITH ANNUAL FEES ASSIGNED,Real Estate and Rental and Leasing,50007,NA,Not Available,Residential,Detailed Project Description Not Available,2058957,9
2019,Vermont,Chittenden,At-Large,Single Family Housing,Guaranteed Loan (SFH),Zip Code Withheld,Not Persistent Poverty Community,Name Withheld,NOT AVAILABLE,Loan Funds - Guaranteed,City Name Withheld,VERMONT FEDERAL CREDIT UNION,SEC 502 GUARANTEED SINGLE FAMILY HOUSING PURCHASE LOANS - WITH ANNUAL FEES ASSIGNED,Real Estate and Rental and Leasing,50007,NA,Not Available,Residential,Detailed Project Description Not Available,354919,2
2019,Vermont,Chittenden,At-Large,Single Family Housing,Repair Grant (SFH),Zip Code Withheld,Not Persistent Poverty Community,Name Withheld,NOT AVAILABLE,Grant Funds,City Name Withheld,Not Applicable,504 GRANT,Real Estate and Rental and Leasing,50007,NA,Not Available,Residential,Detailed Project Description Not Available,15000,2
2019,Vermont,Chittenden,At-Large,Single Family Housing,Repair Loan (SFH),Zip Code Withheld,Not Persistent Poverty Community,Name Withheld,NOT AVAILABLE,Loan Funds - Direct,City Name Withheld,Not Applicable,504 LOAN,Real Estate and Rental and Leasing,50007,NA,Not Available,Residential,Detailed Project Description Not Available,17099,3
2019,Vermont,Essex,At-Large,Business Programs,Rural Business Development Grant (RBDG),05846,Not Persistent Poverty Community,"BRIGHTON COMMUNITY FORUM, INC.",FY19 MARKETING PLAN,Grant Funds,Island Pond,Not Applicable,RBCS ENTERPRISE REAP ZONE GRANTS,Other Services,50009,813211,GRANTMAKING FOUNDATIONS,Commercial,Detailed Project Description Not Available,65000,1
2019,Vermont,Essex,At-Large,Business Programs,Rural Business Development Grant (RBDG),05904,Not Persistent Poverty Community,NORTHERN FOREST CENTER INC,DIGITAL MARKETING/MAPPING FY19,Grant Funds,Gilman,Not Applicable,RBCS ENTERPRISE REAP ZONE GRANTS,Public Administration,50009,926110,ADMINISTRATION OF GENERAL ECONOMIC PROGRAMS,Commercial,"This Rural Development investment will be used to provide digital marketing and digital mapping assistance to recreation, arts, and food businesses in the Northeast Kingdom in Vermont. T his will to help them improve and grow their businesses. It is expected that seven businesses will be assisted.",52350,1
2019,Vermont,Essex,At-Large,Community Facilities,Grant (CF),05824,Not Persistent Poverty Community,"CONCORD, TOWN OF",FY 19 FIRE TRUCK PURCHASE,Grant Funds,Concord,Not Applicable,COMMUNITY FACILITY GRANTS - EZ/EC,Public Administration,50009,92217,FIRE TRUCKS,Commercial,Detailed Project Description Not Available,83638,1
2019,Vermont,Essex,At-Large,Single Family Housing,Direct Loan (SFH),Zip Code Withheld,Not Persistent Poverty Community,Name Withheld,NOT AVAILABLE,Loan Funds - Direct,City Name Withheld,Not Applicable,502 LOAN - GENERAL INTEREST SUBSIDY VERY LOW INCOME,Real Estate and Rental and Leasing,50009,NA,Not Available,Residential,Detailed Project Description Not Available,117210,1
2019,Vermont,Essex,At-Large,Single Family Housing,Guaranteed Loan (SFH),Zip Code Withheld,Not Persistent Poverty Community,Name Withheld,NOT AVAILABLE,Loan Funds - Guaranteed,City Name Withheld,COMMUNITY NATIONAL BANK,SEC 502 GUARANTEED SINGLE FAMILY HOUSING PURCHASE LOANS - WITH ANNUAL FEES ASSIGNED,Real Estate and Rental and Leasing,50009,NA,Not Available,Residential,Detailed Project Description Not Available,178686,2
2019,Vermont,Essex,At-Large,Single Family Housing,Guaranteed Loan (SFH),Zip Code Withheld,Not Persistent Poverty Community,Name Withheld,NOT AVAILABLE,Loan Funds - Guaranteed,City Name Withheld,UNION BANK,SEC 502 GUARANTEED SINGLE FAMILY HOUSING PURCHASE LOANS - WITH ANNUAL FEES ASSIGNED,Real Estate and Rental and Leasing,50009,NA,Not Available,Residential,Detailed Project Description Not Available,111111,1
2019,Vermont,Essex,At-Large,Single Family Housing,Repair Grant (SFH),Zip Code Withheld,Not Persistent Poverty Community,Name Withheld,NOT AVAILABLE,Grant Funds,City Name Withheld,Not Applicable,504 GRANT,Real Estate and Rental and Leasing,50009,NA,Not Available,Residential,Detailed Project Description Not Available,7500,1
2019,Vermont,Franklin,At-Large,Business Programs,Advanced Biofuel Payment Program,05450,Not Persistent Poverty Community,KANE'S COW POWER LLC,NOT AVAILABLE,Grant Funds,Enosburg Falls,Not Applicable,GRANT FOR PROD OF ADV BIOFUEL,Other or Not Defined,50011,NA,Not Available,Commercial,Detailed Project Description Not Available,323,1
2019,Vermont,Franklin,At-Large,Business Programs,Rural Energy for America Program (REAP),05448,Not Persistent Poverty Community,"DOOLAN, KRISTAN L",FY19 12.4KW SOLAR PV ARRAY,Grant Funds,East Fairfield,Not Applicable,"MAND. RENEW ENERFY SYSTEMS GRANTS UNDER $20,000","Agriculture, Forestry, Fishing and Hunting",50011,112400,Not Available,Commercial,"This Rural Development investment will be used to install a ground-mounted 12.4kW solar array. Kristin Doolan, co-owner of Does Leap Farm, will alleviate overhead by generating 100 percent of the farms current electrical needs with the new array. Does Leap Farm is a diversified organic farm specializing in fresh and aged goat cheeses, kefir, and farm-made artisan sausage.",8049,1
2019,Vermont,Franklin,At-Large,Business Programs,Rural Energy for America Program (REAP),05455,Not Persistent Poverty Community,CHRISTA ALEXANDRA DRISCOLL,FY19 EEI INSULATE COMMERCIAL B,Grant Funds,Fairfield,Not Applicable,"MAND.ENERGY EFFIC IMPROV GRANTS UNDER $20,000",Manufacturing,50011,322230,STATIONERY PRODUCT MANUFACTURING,Commercial,Detailed Project Description Not Available,18607,1
2019,Vermont,Franklin,At-Large,Business Programs,Rural Energy for America Program (REAP),05459,Not Persistent Poverty Community,NATIVEENERGY INC.,FY19 44KW ANAEROBIC DIGESTER,Grant Funds,Highgate Ctr,Not Applicable,REAP-MAND RENEW ENERGY SYS LN/GT COMBO GUAR,"Professional, Scientific, and Technical Services",50011,541620,ENVIRONMENTAL CONSULTING SERVICES,Commercial,Detailed Project Description Not Available,122500,1
2019,Vermont,Franklin,At-Large,Business Programs,Rural Energy for America Program (REAP),05488,Not Persistent Poverty Community,BESS-VIEW FARM PARTNERSHIP,FY19 153.6KW SOLAR ARRAY,Grant Funds,Swanton,Not Applicable,REAP-MANDATORY RENEW ENERGY SYST GRANTS,"Agriculture, Forestry, Fishing and Hunting",50011,112120,DAIRY CATTLE AND MILK PRODUCTION,Commercial,Detailed Project Description Not Available,76723,1
2019,Vermont,Franklin,At-Large,Community Facilities,Grant (CF),05459,Not Persistent Poverty Community,"HIGHGATE, TOWN OF",FY 19 FIRE TRUCK PURCHASE,Grant Funds,Highgate,Not Applicable,CF GRANTS,Public Administration,50011,92217,FIRE TRUCKS,Commercial,Detailed Project Description Not Available,50000,1
2019,Vermont,Franklin,At-Large,Community Facilities,Grant (CF),05488,Not Persistent Poverty Community,"SWANTON, VILLAGE OF",2019SUD K9 DRUG UNIT CRUISER P,Grant Funds,Swanton,Not Applicable,CF GRANTS,Public Administration,50011,92218,POLICE CAR,Commercial,Detailed Project Description Not Available,7400,1
2019,Vermont,Franklin,At-Large,Multifamily Housing,Direct Loan (MFH),05402,Not Persistent Poverty Community,SWANTON SCHOOL HOUSING LP,SWANTON SCHOOL SENIOR HOUSING,Loan Funds - Direct,Swanton,Not Applicable,"SEC 515, RURAL RENTAL HOUSING LOANS - REHABILITATION / REPAIR",Real Estate and Rental and Leasing,50011,NA,Not Available,Residential,Detailed Project Description Not Available,1928633,1
2019,Vermont,Franklin,At-Large,Multifamily Housing,Rental Assistance (MFH),Zip Code Withheld,Not Persistent Poverty Community,Name Withheld,FOURWINDS APTS,Grant Funds,City Name Withheld,Not Applicable,RENEWAL  / REPLACEMENT - ELDERLY,Real Estate and Rental and Leasing,50011,NA,Not Available,Residential,Detailed Project Description Not Available,296968,1
2019,Vermont,Franklin,At-Large,Multifamily Housing,Rental Assistance (MFH),Zip Code Withheld,Not Persistent Poverty Community,Name Withheld,HILLCREST VIEWS APTS,Grant Funds,City Name Withheld,Not Applicable,RENEWAL / REPLACEMENT -FAMILY,Real Estate and Rental and Leasing,50011,NA,Not Available,Residential,Detailed Project Description Not Available,349861,1
2019,Vermont,Franklin,At-Large,Multifamily Housing,Rental Assistance (MFH),Zip Code Withheld,Not Persistent Poverty Community,Name Withheld,PLEASANT STREET HOUSING LP,Grant Funds,City Name Withheld,Not Applicable,RENEWAL / REPLACEMENT -FAMILY,Real Estate and Rental and Leasing,50011,NA,Not Available,Residential,Detailed Project Description Not Available,175230,1
2019,Vermont,Franklin,At-Large,Multifamily Housing,Rental Assistance (MFH),Zip Code Withheld,Not Persistent Poverty Community,Name Withheld,RICHFORD COMMUNITY HOUSING,Grant Funds,City Name Withheld,Not Applicable,RENEWAL / REPLACEMENT -FAMILY,Real Estate and Rental and Leasing,50011,NA,Not Available,Residential,Detailed Project Description Not Available,149275,1
2019,Vermont,Franklin,At-Large,Multifamily Housing,Rental Assistance (MFH),Zip Code Withheld,Not Persistent Poverty Community,Name Withheld,SWANTON SCHOOL SENIOR HOUSING,Grant Funds,City Name Withheld,Not Applicable,RENEWAL  / REPLACEMENT - ELDERLY,Real Estate and Rental and Leasing,50011,NA,Not Available,Residential,Detailed Project Description Not Available,153062,1
2019,Vermont,Franklin,At-Large,Single Family Housing,Direct Loan (SFH),Zip Code Withheld,Not Persistent Poverty Community,Name Withheld,NOT AVAILABLE,Loan Funds - Direct,City Name Withheld,Not Applicable,502 LOAN - GENERAL INTEREST SUBSIDY LOW & OTHER INCOME,Real Estate and Rental and Leasing,50011,NA,Not Available,Residential,Detailed Project Description Not Available,667000,3
2019,Vermont,Franklin,At-Large,Single Family Housing,Direct Loan (SFH),Zip Code Withheld,Not Persistent Poverty Community,Name Withheld,NOT AVAILABLE,Loan Funds - Direct,City Name Withheld,Not Applicable,502 LOAN - GENERAL INTEREST SUBSIDY VERY LOW INCOME,Real Estate and Rental and Leasing,50011,NA,Not Available,Residential,Detailed Project Description Not Available,139000,1
2019,Vermont,Franklin,At-Large,Single Family Housing,Guaranteed Loan (SFH),Zip Code Withheld,Not Persistent Poverty Community,Name Withheld,NOT AVAILABLE,Loan Funds - Guaranteed,City Name Withheld,ACADEMY MORTGAGE CORPORATION,SEC 502 GUARANTEED SINGLE FAMILY HOUSING PURCHASE LOANS - WITH ANNUAL FEES ASSIGNED,Real Estate and Rental and Leasing,50011,NA,Not Available,Residential,Detailed Project Description Not Available,876009,4
2019,Vermont,Franklin,At-Large,Single Family Housing,Guaranteed Loan (SFH),Zip Code Withheld,Not Persistent Poverty Community,Name Withheld,NOT AVAILABLE,Loan Funds - Guaranteed,City Name Withheld,"ARK-LA-TEX FINANCIAL SERVICES, LLC DBA",SEC 502 GUARANTEED SINGLE FAMILY HOUSING PURCHASE LOANS - WITH ANNUAL FEES ASSIGNED,Real Estate and Rental and Leasing,50011,NA,Not Available,Residential,Detailed Project Description Not Available,325252,2
2019,Vermont,Franklin,At-Large,Single Family Housing,Guaranteed Loan (SFH),Zip Code Withheld,Not Persistent Poverty Community,Name Withheld,NOT AVAILABLE,Loan Funds - Guaranteed,City Name Withheld,BANK OF ENGLAND,SEC 502 GUARANTEED SINGLE FAMILY HOUSING PURCHASE LOANS - WITH ANNUAL FEES ASSIGNED,Real Estate and Rental and Leasing,50011,NA,Not Available,Residential,Detailed Project Description Not Available,342423,2
2019,Vermont,Franklin,At-Large,Single Family Housing,Guaranteed Loan (SFH),Zip Code Withheld,Not Persistent Poverty Community,Name Withheld,NOT AVAILABLE,Loan Funds - Guaranteed,City Name Withheld,"CITIZENS BANK, N.A.",SEC 502 GUARANTEED SINGLE FAMILY HOUSING PURCHASE LOANS - WITH ANNUAL FEES ASSIGNED,Real Estate and Rental and Leasing,50011,NA,Not Available,Residential,Detailed Project Description Not Available,237373,1
2019,Vermont,Franklin,At-Large,Single Family Housing,Guaranteed Loan (SFH),Zip Code Withheld,Not Persistent Poverty Community,Name Withheld,NOT AVAILABLE,Loan Funds - Guaranteed,City Name Withheld,"CMG MORTGAGE, INC",SEC 502 GUARANTEED SINGLE FAMILY HOUSING PURCHASE LOANS - WITH ANNUAL FEES ASSIGNED,Real Estate and Rental and Leasing,50011,NA,Not Available,Residential,Detailed Project Description Not Available,141919,1
2019,Vermont,Franklin,At-Large,Single Family Housing,Guaranteed Loan (SFH),Zip Code Withheld,Not Persistent Poverty Community,Name Withheld,NOT AVAILABLE,Loan Funds - Guaranteed,City Name Withheld,EASTRISE CREDIT UNION,SEC 502 GUARANTEED SINGLE FAMILY HOUSING PURCHASE LOANS - WITH ANNUAL FEES ASSIGNED,Real Estate and Rental and Leasing,50011,NA,Not Available,Residential,Detailed Project Description Not Available,196500,1
2019,Vermont,Franklin,At-Large,Single Family Housing,Guaranteed Loan (SFH),Zip Code Withheld,Not Persistent Poverty Community,Name Withheld,NOT AVAILABLE,Loan Funds - Guaranteed,City Name Withheld,"ENVOY MORTGAGE, LTD.",SEC 502 GUARANTEED SINGLE FAMILY HOUSING PURCHASE LOANS - WITH ANNUAL FEES ASSIGNED,Real Estate and Rental and Leasing,50011,NA,Not Available,Residential,Detailed Project Description Not Available,252525,1
2019,Vermont,Franklin,At-Large,Single Family Housing,Guaranteed Loan (SFH),Zip Code Withheld,Not Persistent Poverty Community,Name Withheld,NOT AVAILABLE,Loan Funds - Guaranteed,City Name Withheld,FAIRWAY INDEPENDENT MORTGAGE CORPORATION,SEC 502 GUARANTEED SINGLE FAMILY HOUSING PURCHASE LOANS - WITH ANNUAL FEES ASSIGNED,Real Estate and Rental and Leasing,50011,NA,Not Available,Residential,Detailed Project Description Not Available,1690249,8
2019,Vermont,Franklin,At-Large,Single Family Housing,Guaranteed Loan (SFH),Zip Code Withheld,Not Persistent Poverty Community,Name Withheld,NOT AVAILABLE,Loan Funds - Guaranteed,City Name Withheld,"HOMEBRIDGE FINANCIAL SERVICES, INC.",SEC 502 GUARANTEED SINGLE FAMILY HOUSING PURCHASE LOANS - WITH ANNUAL FEES ASSIGNED,Real Estate and Rental and Leasing,50011,NA,Not Available,Residential,Detailed Project Description Not Available,1847848,9
2019,Vermont,Franklin,At-Large,Single Family Housing,Guaranteed Loan (SFH),Zip Code Withheld,Not Persistent Poverty Community,Name Withheld,NOT AVAILABLE,Loan Funds - Guaranteed,City Name Withheld,"LENDUS, LLC",SEC 502 GUARANTEED SINGLE FAMILY HOUSING PURCHASE LOANS - WITH ANNUAL FEES ASSIGNED,Real Estate and Rental and Leasing,50011,NA,Not Available,Residential,Detailed Project Description Not Available,290403,2
2019,Vermont,Franklin,At-Large,Single Family Housing,Guaranteed Loan (SFH),Zip Code Withheld,Not Persistent Poverty Community,Name Withheld,NOT AVAILABLE,Loan Funds - Guaranteed,City Name Withheld,"NORTHEAST HOME LOAN, LLC",SEC 502 GUARANTEED SINGLE FAMILY HOUSING PURCHASE LOANS - WITH ANNUAL FEES ASSIGNED,Real Estate and Rental and Leasing,50011,NA,Not Available,Residential,Detailed Project Description Not Available,1074240,5
2019,Vermont,Franklin,At-Large,Single Family Housing,Guaranteed Loan (SFH),Zip Code Withheld,Not Persistent Poverty Community,Name Withheld,NOT AVAILABLE,Loan Funds - Guaranteed,City Name Withheld,PEOPLES TRUST COMPANY,SEC 502 GUARANTEED SINGLE FAMILY HOUSING PURCHASE LOANS - WITH ANNUAL FEES ASSIGNED,Real Estate and Rental and Leasing,50011,NA,Not Available,Residential,Detailed Project Description Not Available,2018420,13
2019,Vermont,Franklin,At-Large,Single Family Housing,Guaranteed Loan (SFH),Zip Code Withheld,Not Persistent Poverty Community,Name Withheld,NOT AVAILABLE,Loan Funds - Guaranteed,City Name Withheld,"ROCKET MORTGAGE, LLC",SEC 502 GUARANTEED SINGLE FAMILY HOUSING PURCHASE LOANS - WITH ANNUAL FEES ASSIGNED,Real Estate and Rental and Leasing,50011,NA,Not Available,Residential,Detailed Project Description Not Available,201515,1
2019,Vermont,Franklin,At-Large,Single Family Housing,Guaranteed Loan (SFH),Zip Code Withheld,Not Persistent Poverty Community,Name Withheld,NOT AVAILABLE,Loan Funds - Guaranteed,City Name Withheld,UNION BANK,SEC 502 GUARANTEED SINGLE FAMILY HOUSING PURCHASE LOANS - WITH ANNUAL FEES ASSIGNED,Real Estate and Rental and Leasing,50011,NA,Not Available,Residential,Detailed Project Description Not Available,2001043,11
2019,Vermont,Franklin,At-Large,Single Family Housing,Guaranteed Loan (SFH),Zip Code Withheld,Not Persistent Poverty Community,Name Withheld,NOT AVAILABLE,Loan Funds - Guaranteed,City Name Withheld,VERMONT FEDERAL CREDIT UNION,SEC 502 GUARANTEED SINGLE FAMILY HOUSING PURCHASE LOANS - WITH ANNUAL FEES ASSIGNED,Real Estate and Rental and Leasing,50011,NA,Not Available,Residential,Detailed Project Description Not Available,1291950,7
2019,Vermont,Franklin,At-Large,Single Family Housing,Repair Grant (SFH),Zip Code Withheld,Not Persistent Poverty Community,Name Withheld,NOT AVAILABLE,Grant Funds,City Name Withheld,Not Applicable,504 COMBINATION LOAN & GRANT,Real Estate and Rental and Leasing,50011,NA,Not Available,Residential,Detailed Project Description Not Available,7500,1
2019,Vermont,Franklin,At-Large,Single Family Housing,Repair Grant (SFH),Zip Code Withheld,Not Persistent Poverty Community,Name Withheld,NOT AVAILABLE,Grant Funds,City Name Withheld,Not Applicable,504 GRANT,Real Estate and Rental and Leasing,50011,NA,Not Available,Residential,Detailed Project Description Not Available,15000,2
2019,Vermont,Franklin,At-Large,Single Family Housing,Repair Loan (SFH),Zip Code Withheld,Not Persistent Poverty Community,Name Withheld,NOT AVAILABLE,Loan Funds - Direct,City Name Withheld,Not Applicable,504 COMBINATION LOAN & GRANT,Real Estate and Rental and Leasing,50011,NA,Not Available,Residential,Detailed Project Description Not Available,20000,1
2019,Vermont,Grand Isle,At-Large,Single Family Housing,Guaranteed Loan (SFH),Zip Code Withheld,Not Persistent Poverty Community,Name Withheld,NOT AVAILABLE,Loan Funds - Guaranteed,City Name Withheld,"ENVOY MORTGAGE, LTD.",SEC 502 GUARANTEED SINGLE FAMILY HOUSING PURCHASE LOANS - WITH ANNUAL FEES ASSIGNED,Real Estate and Rental and Leasing,50013,NA,Not Available,Residential,Detailed Project Description Not Available,267878,1
2019,Vermont,Grand Isle,At-Large,Single Family Housing,Guaranteed Loan (SFH),Zip Code Withheld,Not Persistent Poverty Community,Name Withheld,NOT AVAILABLE,Loan Funds - Guaranteed,City Name Withheld,FAIRWAY INDEPENDENT MORTGAGE CORPORATION,SEC 502 GUARANTEED SINGLE FAMILY HOUSING PURCHASE LOANS - WITH ANNUAL FEES ASSIGNED,Real Estate and Rental and Leasing,50013,NA,Not Available,Residential,Detailed Project Description Not Available,156565,1
2019,Vermont,Grand Isle,At-Large,Single Family Housing,Guaranteed Loan (SFH),Zip Code Withheld,Not Persistent Poverty Community,Name Withheld,NOT AVAILABLE,Loan Funds - Guaranteed,City Name Withheld,"HOMEBRIDGE FINANCIAL SERVICES, INC.",SEC 502 GUARANTEED SINGLE FAMILY HOUSING PURCHASE LOANS - WITH ANNUAL FEES ASSIGNED,Real Estate and Rental and Leasing,50013,NA,Not Available,Residential,Detailed Project Description Not Available,158585,1
2019,Vermont,Grand Isle,At-Large,Single Family Housing,Guaranteed Loan (SFH),Zip Code Withheld,Not Persistent Poverty Community,Name Withheld,NOT AVAILABLE,Loan Funds - Guaranteed,City Name Withheld,"MOVEMENT MORTGAGE, LLC",SEC 502 GUARANTEED SINGLE FAMILY HOUSING PURCHASE LOANS - WITH ANNUAL FEES ASSIGNED,Real Estate and Rental and Leasing,50013,NA,Not Available,Residential,Detailed Project Description Not Available,210000,1
2019,Vermont,Grand Isle,At-Large,Single Family Housing,Guaranteed Loan (SFH),Zip Code Withheld,Not Persistent Poverty Community,Name Withheld,NOT AVAILABLE,Loan Funds - Guaranteed,City Name Withheld,"ROCKET MORTGAGE, LLC",SEC 502 GUARANTEED SINGLE FAMILY HOUSING PURCHASE LOANS - WITH ANNUAL FEES ASSIGNED,Real Estate and Rental and Leasing,50013,NA,Not Available,Residential,Detailed Project Description Not Available,147635,1
2019,Vermont,Grand Isle,At-Large,Single Family Housing,Guaranteed Loan (SFH),Zip Code Withheld,Not Persistent Poverty Community,Name Withheld,NOT AVAILABLE,Loan Funds - Guaranteed,City Name Withheld,UNION BANK,SEC 502 GUARANTEED SINGLE FAMILY HOUSING PURCHASE LOANS - WITH ANNUAL FEES ASSIGNED,Real Estate and Rental and Leasing,50013,NA,Not Available,Residential,Detailed Project Description Not Available,252525,1
2019,Vermont,Grand Isle,At-Large,Single Family Housing,Guaranteed Loan (SFH),Zip Code Withheld,Not Persistent Poverty Community,Name Withheld,NOT AVAILABLE,Loan Funds - Guaranteed,City Name Withheld,VERMONT FEDERAL CREDIT UNION,SEC 502 GUARANTEED SINGLE FAMILY HOUSING PURCHASE LOANS - WITH ANNUAL FEES ASSIGNED,Real Estate and Rental and Leasing,50013,NA,Not Available,Residential,Detailed Project Description Not Available,341413,2
2019,Vermont,Grand Isle,At-Large,Single Family Housing,Repair Grant (SFH),Zip Code Withheld,Not Persistent Poverty Community,Name Withheld,NOT AVAILABLE,Grant Funds,City Name Withheld,Not Applicable,504 GRANT,Real Estate and Rental and Leasing,50013,NA,Not Available,Residential,Detailed Project Description Not Available,7500,1
2019,Vermont,Lamoille,At-Large,Business Programs,Rural Energy for America Program (REAP),05444,Not Persistent Poverty Community,RUNAMOK MAPLE LLC,FY19 EEI EQUIPMENT,Grant Funds,Cambridge,Not Applicable,"MAND.ENERGY EFFIC IMPROV GRANTS UNDER $20,000","Agriculture, Forestry, Fishing and Hunting",50015,111900,Not Available,Commercial,"This Rural Development investment will be used to replace pumps used to extract sap from maple trees. Runamok Maple, LLC produces infused maple syrup products, among other things, and is expanding. Six (6) inefficient pumps will be replaced with three (3), cutting electrical use in half while increasing production. The purpose of this funding program is to assist farmers, ranchers, and rural small businesses in developing renewable energy systems, and in making energy-efficiency improvements to their operations.",11734,1
2019,Vermont,Lamoille,At-Large,Business Programs,Rural Energy for America Program (REAP),05464,Not Persistent Poverty Community,"MARSH, RICHARD L",FY19 RES 75KW SOLAR PV,Grant Funds,Jeffersonville,Not Applicable,REAP-MANDATORY RENEW ENERGY SYST GRANTS,Transportation and Warehousing,50015,493130,FARM PRODUCT WAREHOUSING AND STORAGE,Commercial,"This Rural Development investment will be used to install a 75kW roof-mounted solar array. Fox Hill Storage will earn approximately $17,400 in additional annual revenue from the sale of the electricity, estimated to be 99,000kWh annually.",59234,1
2019,Vermont,Lamoille,At-Large,Business Programs,Rural Energy for America Program (REAP),05656,Not Persistent Poverty Community,"VERMONT ELECTRIC COOPERATIVE, INC.","FY19 REDA $98,748 BIOMASS TA",Grant Funds,Johnson,Not Applicable,RENEWABLE ENERGY DEVLP ASSISTANCE GRANTS,Utilities,50015,221122,ELECTRIC POWER DISTRIBUTION,Commercial,"This Rural Development investment will be used throughout 8 counties within the state of Vermont to conduct approximately 28 biomass renewable energy site assessments for rural small businesses and agricultural producers. These site assessments will provide the necessary analysis to replace fossil-fuel based systems with renewable biomass. The purpose of this funding program is to assist farmers, ranchers, and rural small businesses in developing renewable energy systems, and in making energy-efficiency improvements to their operations.",95798,1
2019,Vermont,Lamoille,At-Large,Business Programs,Rural Energy for America Program (REAP),05661,Not Persistent Poverty Community,VT MAPLE SUGAR CO DBA BUTTERNUT FARM,FY19 EEI RO/EVAP MAPLE EQUIP,Grant Funds,Morrisville,Not Applicable,REAP-MAND ENERGY EFF IMPROV GRANTS,Manufacturing,50015,311999,ALL OTHER MISCELLANEOUS FOOD MANUFACTURING,Commercial,"This Rural Development investment will be used to purchase and install new equipment for maple syrup production. Vermont Maple Sugar Company is replacing a reverse osmosis system and upgrading an evaporator. These combined improvements will allow the company to reduce energy consumption by almost 29%, saving an estimated $3,300 annually.",28079,1
2019,Vermont,Lamoille,At-Large,Multifamily Housing,Rental Assistance (MFH),Zip Code Withheld,Not Persistent Poverty Community,Name Withheld,PORTLAND & MAIN HSG,Grant Funds,City Name Withheld,Not Applicable,RENEWAL / REPLACEMENT -FAMILY,Real Estate and Rental and Leasing,50015,NA,Not Available,Residential,Detailed Project Description Not Available,69094,1
2019,Vermont,Lamoille,At-Large,Multifamily Housing,Rental Assistance (MFH),Zip Code Withheld,Not Persistent Poverty Community,Name Withheld,ST JOHNS KNOLL REALTY RESOURCE,Grant Funds,City Name Withheld,Not Applicable,RENEWAL  / REPLACEMENT - ELDERLY,Real Estate and Rental and Leasing,50015,NA,Not Available,Residential,Detailed Project Description Not Available,216905,1
2019,Vermont,Lamoille,At-Large,Single Family Housing,Direct Loan (SFH),Zip Code Withheld,Not Persistent Poverty Community,Name Withheld,NOT AVAILABLE,Loan Funds - Direct,City Name Withheld,Not Applicable,502 LOAN - GENERAL INTEREST SUBSIDY LOW & OTHER INCOME,Real Estate and Rental and Leasing,50015,NA,Not Available,Residential,Detailed Project Description Not Available,173500,1
2019,Vermont,Lamoille,At-Large,Single Family Housing,Guaranteed Loan (SFH),Zip Code Withheld,Not Persistent Poverty Community,Name Withheld,NOT AVAILABLE,Loan Funds - Guaranteed,City Name Withheld,FAIRWAY INDEPENDENT MORTGAGE CORPORATION,SEC 502 GUARANTEED SINGLE FAMILY HOUSING PURCHASE LOANS - WITH ANNUAL FEES ASSIGNED,Real Estate and Rental and Leasing,50015,NA,Not Available,Residential,Detailed Project Description Not Available,851412,4
2019,Vermont,Lamoille,At-Large,Single Family Housing,Guaranteed Loan (SFH),Zip Code Withheld,Not Persistent Poverty Community,Name Withheld,NOT AVAILABLE,Loan Funds - Guaranteed,City Name Withheld,NEIGHBORS BANK,SEC 502 GUARANTEED SINGLE FAMILY HOUSING PURCHASE LOANS - WITH ANNUAL FEES ASSIGNED,Real Estate and Rental and Leasing,50015,NA,Not Available,Residential,Detailed Project Description Not Available,129292,1
2019,Vermont,Lamoille,At-Large,Single Family Housing,Guaranteed Loan (SFH),Zip Code Withheld,Not Persistent Poverty Community,Name Withheld,NOT AVAILABLE,Loan Funds - Guaranteed,City Name Withheld,"NORTHEAST HOME LOAN, LLC",SEC 502 GUARANTEED SINGLE FAMILY HOUSING PURCHASE LOANS - WITH ANNUAL FEES ASSIGNED,Real Estate and Rental and Leasing,50015,NA,Not Available,Residential,Detailed Project Description Not Available,208080,1
2019,Vermont,Lamoille,At-Large,Single Family Housing,Guaranteed Loan (SFH),Zip Code Withheld,Not Persistent Poverty Community,Name Withheld,NOT AVAILABLE,Loan Funds - Guaranteed,City Name Withheld,PEOPLES UNITED BANK,SEC 502 GUARANTEED SINGLE FAMILY HOUSING PURCHASE LOANS - WITH ANNUAL FEES ASSIGNED,Real Estate and Rental and Leasing,50015,NA,Not Available,Residential,Detailed Project Description Not Available,222200,1
2019,Vermont,Lamoille,At-Large,Single Family Housing,Guaranteed Loan (SFH),Zip Code Withheld,Not Persistent Poverty Community,Name Withheld,NOT AVAILABLE,Loan Funds - Guaranteed,City Name Withheld,UNION BANK,SEC 502 GUARANTEED SINGLE FAMILY HOUSING PURCHASE LOANS - WITH ANNUAL FEES ASSIGNED,Real Estate and Rental and Leasing,50015,NA,Not Available,Residential,Detailed Project Description Not Available,982299,5
2019,Vermont,Lamoille,At-Large,Single Family Housing,Guaranteed Loan (SFH),Zip Code Withheld,Not Persistent Poverty Community,Name Withheld,NOT AVAILABLE,Loan Funds - Guaranteed,City Name Withheld,VERMONT FEDERAL CREDIT UNION,SEC 502 GUARANTEED SINGLE FAMILY HOUSING PURCHASE LOANS - WITH ANNUAL FEES ASSIGNED,Real Estate and Rental and Leasing,50015,NA,Not Available,Residential,Detailed Project Description Not Available,236363,1
2019,Vermont,Lamoille,At-Large,Single Family Housing,Guaranteed Loan (SFH),Zip Code Withheld,Not Persistent Poverty Community,Name Withheld,NOT AVAILABLE,Loan Funds - Guaranteed,City Name Withheld,WELLS FARGO BANK N.A.,SEC 502 GUARANTEED SINGLE FAMILY HOUSING PURCHASE LOANS - WITH ANNUAL FEES ASSIGNED,Real Estate and Rental and Leasing,50015,NA,Not Available,Residential,Detailed Project Description Not Available,145454,1
2019,Vermont,Lamoille,At-Large,Single Family Housing,Repair Grant (SFH),Zip Code Withheld,Not Persistent Poverty Community,Name Withheld,NOT AVAILABLE,Grant Funds,City Name Withheld,Not Applicable,504 GRANT,Real Estate and Rental and Leasing,50015,NA,Not Available,Residential,Detailed Project Description Not Available,7500,1
2019,Vermont,Lamoille,At-Large,Single Family Housing,Repair Loan (SFH),Zip Code Withheld,Not Persistent Poverty Community,Name Withheld,NOT AVAILABLE,Loan Funds - Direct,City Name Withheld,Not Applicable,504 LOAN,Real Estate and Rental and Leasing,50015,NA,Not Available,Residential,Detailed Project Description Not Available,5500,1
2019,Vermont,Not Available,Multiple/Unknown Districts,Electric Programs,Infrastructure,NA,Not Persistent Poverty Community,Washington Electric Coop,VT0008-BG,Loan Funds - Direct,NA,Not Applicable,ELECTRIC FFB - OTHER,Utilities,Not Available,NA,Not Available,Commercial,"This Rural Development investment will be used to finance distribution improvement projects, two transmission projects and a generation project. Washington Electric will build and improve 64 miles of line to serve 330 customers. The loan includes $168,000 for smart grid technologies. Washington Electric serves approximately 11,460 members over 1,322 miles of line in Orange, Orleans, Washington and Caledonia counties in north central Vermont.",8130000,1
2019,Vermont,Orange,At-Large,Business Programs,Rural Business Development Grant (RBDG),05051,Not Persistent Poverty Community,"NEWBURY, TOWN OF","FY19 19,000 RBDG REDINET FS",Grant Funds,Newbury,Not Applicable,RBCS ENTERPRISE GRANTS,Public Administration,50017,921120,LEGISLATIVE BODIES,Commercial,Detailed Project Description Not Available,14043,1
2019,Vermont,Orange,At-Large,Business Programs,Rural Energy for America Program (REAP),05060,Not Persistent Poverty Community,PULA INC.,FY19 RES BIOMASS REPLACEMENT,Grant Funds,Randolph,Not Applicable,"MAND. RENEW ENERFY SYSTEMS GRANTS UNDER $20,000",Manufacturing,50017,316990,Not Available,Commercial,"This Rural Development investment will be used to install an advanced wood pellet heating system. Green Mountain Glove is one of the few glove manufacturing companies left in the United States. Formed circa 1920, the new owner is replacing a coal-fired furnace with a renewable biomass system that will greatly reduce emissions while adding price stability. The purpose of this funding program is to assist farmers, ranchers, and rural small businesses in developing renewable energy systems, and in making energy-efficiency improvements to their operations.",12748,1
2019,Vermont,Orange,At-Large,Business Programs,Rural Energy for America Program (REAP),05061,Not Persistent Poverty Community,SILLOWAY FARMS,FY19 RES 41.4KW SOLAR ARRAY,Grant Funds,Randolph Center,Not Applicable,"MAND. RENEW ENERFY SYSTEMS GRANTS UNDER $20,000","Agriculture, Forestry, Fishing and Hunting",50017,112120,DAIRY CATTLE AND MILK PRODUCTION,Commercial,"This Rural Development investment will be used to install a 41.4kW roof-mounted solar array. Silloway Farms has produced maple syrup and other agricultural products for a number of years. Vermont s maple industry is an important contributor to the state s economy. This array will produce almost all of the electricity needed by the farm each year. The purpose of this funding program is to assist farmers, ranchers, and rural small businesses in developing renewable energy systems, and in making energy-efficiency improvements to their operations.",16624,1
2019,Vermont,Orange,At-Large,Community Facilities,Grant (CF),05033,Not Persistent Poverty Community,BRADFORD PUBLIC LIBRARY,FY 19 LIBRARY RENOVATION,Grant Funds,Bradford,Not Applicable,CF GRANTS,Information,50017,51412,LIBRARY,Commercial,Detailed Project Description Not Available,22900,1
2019,Vermont,Orange,At-Large,Multifamily Housing,Rental Assistance (MFH),Zip Code Withheld,Not Persistent Poverty Community,Name Withheld,BRADFORD VILLAGE AP REALTY RESOURCE,Grant Funds,City Name Withheld,Not Applicable,RENEWAL / REPLACEMENT -FAMILY,Real Estate and Rental and Leasing,50017,NA,Not Available,Residential,Detailed Project Description Not Available,210569,1
2019,Vermont,Orange,At-Large,Multifamily Housing,Rental Assistance (MFH),Zip Code Withheld,Not Persistent Poverty Community,Name Withheld,MEADOWBROOK PLACE,Grant Funds,City Name Withheld,Not Applicable,RENEWAL / REPLACEMENT -FAMILY,Real Estate and Rental and Leasing,50017,NA,Not Available,Residential,Detailed Project Description Not Available,176900,1
2019,Vermont,Orange,At-Large,Multifamily Housing,Rental Assistance (MFH),Zip Code Withheld,Not Persistent Poverty Community,Name Withheld,"MONTEBELLO HILL APT AHEAD, INC 262 COTTAGE ST.",Grant Funds,City Name Withheld,Not Applicable,RENEWAL  / REPLACEMENT - ELDERLY,Real Estate and Rental and Leasing,50017,NA,Not Available,Residential,Detailed Project Description Not Available,81243,1
2019,Vermont,Orange,At-Large,Multifamily Housing,Rental Assistance (MFH),Zip Code Withheld,Not Persistent Poverty Community,Name Withheld,"SPEAR HOUSE AHEAD, INC 262 COTTAGE ST",Grant Funds,City Name Withheld,Not Applicable,RENEWAL  / REPLACEMENT - ELDERLY,Real Estate and Rental and Leasing,50017,NA,Not Available,Residential,Detailed Project Description Not Available,97794,1
2019,Vermont,Orange,At-Large,Single Family Housing,Direct Loan (SFH),Zip Code Withheld,Not Persistent Poverty Community,Name Withheld,NOT AVAILABLE,Loan Funds - Direct,City Name Withheld,Not Applicable,502 LOAN - GENERAL INTEREST SUBSIDY LOW & OTHER INCOME,Real Estate and Rental and Leasing,50017,NA,Not Available,Residential,Detailed Project Description Not Available,239600,1
2019,Vermont,Orange,At-Large,Single Family Housing,Guaranteed Loan (SFH),Zip Code Withheld,Not Persistent Poverty Community,Name Withheld,NOT AVAILABLE,Loan Funds - Guaranteed,City Name Withheld,ACADEMY MORTGAGE CORPORATION,SEC 502 GUARANTEED SINGLE FAMILY HOUSING PURCHASE LOANS - WITH ANNUAL FEES ASSIGNED,Real Estate and Rental and Leasing,50017,NA,Not Available,Residential,Detailed Project Description Not Available,247474,2
2019,Vermont,Orange,At-Large,Single Family Housing,Guaranteed Loan (SFH),Zip Code Withheld,Not Persistent Poverty Community,Name Withheld,NOT AVAILABLE,Loan Funds - Guaranteed,City Name Withheld,EMM LOANS LLC,SEC 502 GUARANTEED SINGLE FAMILY HOUSING PURCHASE LOANS - WITH ANNUAL FEES ASSIGNED,Real Estate and Rental and Leasing,50017,NA,Not Available,Residential,Detailed Project Description Not Available,188383,1
2019,Vermont,Orange,At-Large,Single Family Housing,Guaranteed Loan (SFH),Zip Code Withheld,Not Persistent Poverty Community,Name Withheld,NOT AVAILABLE,Loan Funds - Guaranteed,City Name Withheld,"HOMEBRIDGE FINANCIAL SERVICES, INC.",SEC 502 GUARANTEED SINGLE FAMILY HOUSING PURCHASE LOANS - WITH ANNUAL FEES ASSIGNED,Real Estate and Rental and Leasing,50017,NA,Not Available,Residential,Detailed Project Description Not Available,207070,1
2019,Vermont,Orange,At-Large,Single Family Housing,Guaranteed Loan (SFH),Zip Code Withheld,Not Persistent Poverty Community,Name Withheld,NOT AVAILABLE,Loan Funds - Guaranteed,City Name Withheld,NORTHFIELD SAVINGS BANK,SEC 502 GUARANTEED SINGLE FAMILY HOUSING PURCHASE LOANS - WITH ANNUAL FEES ASSIGNED,Real Estate and Rental and Leasing,50017,NA,Not Available,Residential,Detailed Project Description Not Available,580699,3
2019,Vermont,Orange,At-Large,Single Family Housing,Guaranteed Loan (SFH),Zip Code Withheld,Not Persistent Poverty Community,Name Withheld,NOT AVAILABLE,Loan Funds - Guaranteed,City Name Withheld,"ROCKET MORTGAGE, LLC",SEC 502 GUARANTEED SINGLE FAMILY HOUSING PURCHASE LOANS - WITH ANNUAL FEES ASSIGNED,Real Estate and Rental and Leasing,50017,NA,Not Available,Residential,Detailed Project Description Not Available,110101,1
2019,Vermont,Orange,At-Large,Single Family Housing,Guaranteed Loan (SFH),Zip Code Withheld,Not Persistent Poverty Community,Name Withheld,NOT AVAILABLE,Loan Funds - Guaranteed,City Name Withheld,UNION BANK,SEC 502 GUARANTEED SINGLE FAMILY HOUSING PURCHASE LOANS - WITH ANNUAL FEES ASSIGNED,Real Estate and Rental and Leasing,50017,NA,Not Available,Residential,Detailed Project Description Not Available,319191,2
2019,Vermont,Orange,At-Large,Single Family Housing,Repair Grant (SFH),Zip Code Withheld,Not Persistent Poverty Community,Name Withheld,NOT AVAILABLE,Grant Funds,City Name Withheld,Not Applicable,504 GRANT,Real Estate and Rental and Leasing,50017,NA,Not Available,Residential,Detailed Project Description Not Available,30000,4
2019,Vermont,Orleans,At-Large,Business Programs,Advanced Biofuel Payment Program,05859,Not Persistent Poverty Community,CHAPUT FAMILY FARMS,NOT AVAILABLE,Grant Funds,North Troy,Not Applicable,GRANT FOR PROD OF ADV BIOFUEL,Other or Not Defined,50019,NA,Not Available,Commercial,Detailed Project Description Not Available,1108,1
2019,Vermont,Orleans,At-Large,Business Programs,Rural Business Development Grant (RBDG),05820,Not Persistent Poverty Community,ALBANY COMMUNITY TRUST INC.,R/E IMPROVEMENTS FY19,Grant Funds,Albany,Not Applicable,RBCS ENTERPRISE REAP ZONE GRANTS,Other Services,50019,813211,GRANTMAKING FOUNDATIONS,Commercial,"This Rural Development investment will be used to install a septic system needed to reopen the renovated Albany Country Store, and the launch of a new community workshop/maker-space in an adjacent outbuilding. 3 Ladies LLC is a new business that will operate the store as a retail grocery, bakery and deli . Reopening the store allows low start-up costs and the makerspace will provide a flexible workshop space for entrepreneurs in incubating businesses ideas, and provide a space for mentorship in woodworking and other related trades.",53000,1
2019,Vermont,Orleans,At-Large,Business Programs,Rural Business Development Grant (RBDG),05855,Not Persistent Poverty Community,NEWPORT CITY RENAISSANCE CORPORATION,PROMOTING OUTDOOR REC FY19,Grant Funds,Newport,Not Applicable,RBCS ENTERPRISE REAP ZONE GRANTS,Public Administration,50019,925120,ADMINISTRATION OF URBAN PLANNING AND COMMUNITY AND RURAL DEVELOPMENT,Commercial,"This Rural Development investment will be used to develop a variety of marketing and promotional materials designed to attract visitors and businesses to the City of Newport, Vermont. Promotion of the four-season outdoor recreational economy will improve the ability of small businesses to develop a stronger workforce through increased cooperation between employers and regional educational institutions.",63000,1
2019,Vermont,Orleans,At-Large,Business Programs,Rural Business Development Grant (RBDG),05855,Not Persistent Poverty Community,VERMONT RURAL EDUCATION COLLABORATIVE,"FY19 $85,000 RBDG TA & MRKT",Grant Funds,Newport,Not Applicable,RBCS ENTERPRISE REAP ZONE GRANTS,Other Services,50019,813319,OTHER SOCIAL ADVOCACY ORGANIZATIONS,Commercial,Detailed Project Description Not Available,85000,1
2019,Vermont,Orleans,At-Large,Business Programs,Rural Business Development Grant (RBDG),05860,Not Persistent Poverty Community,ORLEANS COUNTY HISTORICAL SOCIETY,FS/MARKETING STUDY PUB - FY19,Grant Funds,Brownington,Not Applicable,RBCS ENTERPRISE REAP ZONE GRANTS,Other Services,50019,813140,Not Available,Commercial,Detailed Project Description Not Available,15490,1
2019,Vermont,Orleans,At-Large,Community Facilities,Grant (CF),05829,Not Persistent Poverty Community,"DAILEY MEMORIAL LIBRARY, INC.",FY19 SOLAR CANOPY,Grant Funds,Derby,Not Applicable,COMMUNITY FACILITY GRANTS - EZ/EC,Information,50019,51412,LIBRARY,Commercial,Detailed Project Description Not Available,13400,1
2019,Vermont,Orleans,At-Large,Community Facilities,Grant (CF),05855,Not Persistent Poverty Community,"NEWPORT, CITY OF",FY 19 POLICE DEPARTMENT RADIOS,Grant Funds,Newport,Not Applicable,COMMUNITY FACILITY GRANTS - EZ/EC,Public Administration,50019,92212,POLICE PROTECTION,Commercial,Detailed Project Description Not Available,38400,1
2019,Vermont,Orleans,At-Large,Community Facilities,Grant (CF),05872,Not Persistent Poverty Community,CHARLESTON TOWN SCHOOL DISTRICT,FY 19 PAVING PROJECT,Grant Funds,West Charleston,Not Applicable,COMMUNITY FACILITY GRANTS - EZ/EC,Educational Services,50019,611699,ALL OTHER MISCELLANEOUS SCHOOLS AND INSTRUCTION,Commercial,Detailed Project Description Not Available,44600,1
2019,Vermont,Orleans,At-Large,Multifamily Housing,Direct Loan (MFH),05841,Not Persistent Poverty Community,HOUSING FOUNDATION INC,LAUREDON VILLAGE APARTMENTS,Loan Funds - Direct,Greensboro,Not Applicable,"SEC 515, RURAL RENTAL HOUSING LOANS - REHABILITATION / REPAIR",Real Estate and Rental and Leasing,50019,NA,Not Available,Residential,Detailed Project Description Not Available,274000,1
2019,Vermont,Orleans,At-Large,Multifamily Housing,Preservation (MFH),05855,Not Persistent Poverty Community,LAKEVIEW HOUSING LIMITED PARTNERSHIP,LAKEVIEW HOUSING,Loan Funds - Direct,Newport,Not Applicable,REVITALIZATION BULLET /  SOFT SECOND LOAN,Real Estate and Rental and Leasing,50019,NA,Not Available,Residential,Detailed Project Description Not Available,765035,1
2019,Vermont,Orleans,At-Large,Multifamily Housing,Rental Assistance (MFH),Zip Code Withheld,Not Persistent Poverty Community,Name Withheld,BARTON CHAMBERS APARTMENTS,Grant Funds,City Name Withheld,Not Applicable,RENEWAL  / REPLACEMENT - ELDERLY,Real Estate and Rental and Leasing,50019,NA,Not Available,Residential,Detailed Project Description Not Available,245701,1
2019,Vermont,Orleans,At-Large,Multifamily Housing,Rental Assistance (MFH),Zip Code Withheld,Not Persistent Poverty Community,Name Withheld,GLOVER RIVERSIDE APARTMENTS,Grant Funds,City Name Withheld,Not Applicable,RENEWAL  / REPLACEMENT - ELDERLY,Real Estate and Rental and Leasing,50019,NA,Not Available,Residential,Detailed Project Description Not Available,128680,1
2019,Vermont,Orleans,At-Large,Multifamily Housing,Rental Assistance (MFH),Zip Code Withheld,Not Persistent Poverty Community,Name Withheld,LAKEBRIDGE,Grant Funds,City Name Withheld,Not Applicable,RENEWAL / REPLACEMENT -FAMILY,Real Estate and Rental and Leasing,50019,NA,Not Available,Residential,Detailed Project Description Not Available,205889,1
2019,Vermont,Orleans,At-Large,Multifamily Housing,Rental Assistance (MFH),Zip Code Withheld,Not Persistent Poverty Community,Name Withheld,LAKEVIEW HOUSING,Grant Funds,City Name Withheld,Not Applicable,RENEWAL / REPLACEMENT -FAMILY,Real Estate and Rental and Leasing,50019,NA,Not Available,Residential,Detailed Project Description Not Available,156578,1
2019,Vermont,Orleans,At-Large,Multifamily Housing,Rental Assistance (MFH),Zip Code Withheld,Not Persistent Poverty Community,Name Withheld,LAUREDON VILLAGE APARTMENTS,Grant Funds,City Name Withheld,Not Applicable,RENEWAL  / REPLACEMENT - ELDERLY,Real Estate and Rental and Leasing,50019,NA,Not Available,Residential,Detailed Project Description Not Available,74580,1
2019,Vermont,Orleans,At-Large,Multifamily Housing,Rental Assistance (MFH),Zip Code Withheld,Not Persistent Poverty Community,Name Withheld,NEWPORT PLACE REALTY RESOURCE,Grant Funds,City Name Withheld,Not Applicable,RENEWAL  / REPLACEMENT - ELDERLY,Real Estate and Rental and Leasing,50019,NA,Not Available,Residential,Detailed Project Description Not Available,179133,1
2019,Vermont,Orleans,At-Large,Multifamily Housing,Rental Assistance (MFH),Zip Code Withheld,Not Persistent Poverty Community,Name Withheld,RAINBOW APARTMENTS,Grant Funds,City Name Withheld,Not Applicable,RENEWAL  / REPLACEMENT - ELDERLY,Real Estate and Rental and Leasing,50019,NA,Not Available,Residential,Detailed Project Description Not Available,121435,1
2019,Vermont,Orleans,At-Large,Multifamily Housing,Rental Assistance (MFH),Zip Code Withheld,Not Persistent Poverty Community,Name Withheld,THE MEADOWS,Grant Funds,City Name Withheld,Not Applicable,RENEWAL  / REPLACEMENT - ELDERLY,Real Estate and Rental and Leasing,50019,NA,Not Available,Residential,Detailed Project Description Not Available,79042,1
2019,Vermont,Orleans,At-Large,Single Family Housing,Direct Loan (SFH),Zip Code Withheld,Not Persistent Poverty Community,Name Withheld,NOT AVAILABLE,Loan Funds - Direct,City Name Withheld,Not Applicable,502 EZ/EC LOW INCOME,Real Estate and Rental and Leasing,50019,NA,Not Available,Residential,Detailed Project Description Not Available,109000,1
2019,Vermont,Orleans,At-Large,Single Family Housing,Direct Loan (SFH),Zip Code Withheld,Not Persistent Poverty Community,Name Withheld,NOT AVAILABLE,Loan Funds - Direct,City Name Withheld,Not Applicable,502 LOAN - GENERAL INTEREST SUBSIDY LOW & OTHER INCOME,Real Estate and Rental and Leasing,50019,NA,Not Available,Residential,Detailed Project Description Not Available,156000,1
2019,Vermont,Orleans,At-Large,Single Family Housing,Guaranteed Loan (SFH),Zip Code Withheld,Not Persistent Poverty Community,Name Withheld,NOT AVAILABLE,Loan Funds - Guaranteed,City Name Withheld,BANK OF ENGLAND,SEC 502 GUARANTEED SINGLE FAMILY HOUSING PURCHASE LOANS - WITH ANNUAL FEES ASSIGNED,Real Estate and Rental and Leasing,50019,NA,Not Available,Residential,Detailed Project Description Not Available,106060,1
2019,Vermont,Orleans,At-Large,Single Family Housing,Guaranteed Loan (SFH),Zip Code Withheld,Not Persistent Poverty Community,Name Withheld,NOT AVAILABLE,Loan Funds - Guaranteed,City Name Withheld,COMMUNITY NATIONAL BANK,SEC 502 GUARANTEED SINGLE FAMILY HOUSING PURCHASE LOANS - WITH ANNUAL FEES ASSIGNED,Real Estate and Rental and Leasing,50019,NA,Not Available,Residential,Detailed Project Description Not Available,1034309,8
2019,Vermont,Orleans,At-Large,Single Family Housing,Guaranteed Loan (SFH),Zip Code Withheld,Not Persistent Poverty Community,Name Withheld,NOT AVAILABLE,Loan Funds - Guaranteed,City Name Withheld,FAIRWAY INDEPENDENT MORTGAGE CORPORATION,SEC 502 GUARANTEED SINGLE FAMILY HOUSING PURCHASE LOANS - WITH ANNUAL FEES ASSIGNED,Real Estate and Rental and Leasing,50019,NA,Not Available,Residential,Detailed Project Description Not Available,196969,2
2019,Vermont,Orleans,At-Large,Single Family Housing,Guaranteed Loan (SFH),Zip Code Withheld,Not Persistent Poverty Community,Name Withheld,NOT AVAILABLE,Loan Funds - Guaranteed,City Name Withheld,"HOMEBRIDGE FINANCIAL SERVICES, INC.",SEC 502 GUARANTEED SINGLE FAMILY HOUSING PURCHASE LOANS - WITH ANNUAL FEES ASSIGNED,Real Estate and Rental and Leasing,50019,NA,Not Available,Residential,Detailed Project Description Not Available,141414,1
2019,Vermont,Orleans,At-Large,Single Family Housing,Guaranteed Loan (SFH),Zip Code Withheld,Not Persistent Poverty Community,Name Withheld,NOT AVAILABLE,Loan Funds - Guaranteed,City Name Withheld,"NORTHEAST HOME LOAN, LLC",SEC 502 GUARANTEED SINGLE FAMILY HOUSING PURCHASE LOANS - WITH ANNUAL FEES ASSIGNED,Real Estate and Rental and Leasing,50019,NA,Not Available,Residential,Detailed Project Description Not Available,423231,3
2019,Vermont,Orleans,At-Large,Single Family Housing,Guaranteed Loan (SFH),Zip Code Withheld,Not Persistent Poverty Community,Name Withheld,NOT AVAILABLE,Loan Funds - Guaranteed,City Name Withheld,"ROCKET MORTGAGE, LLC",SEC 502 GUARANTEED SINGLE FAMILY HOUSING PURCHASE LOANS - WITH ANNUAL FEES ASSIGNED,Real Estate and Rental and Leasing,50019,NA,Not Available,Residential,Detailed Project Description Not Available,242928,2
2019,Vermont,Orleans,At-Large,Single Family Housing,Guaranteed Loan (SFH),Zip Code Withheld,Not Persistent Poverty Community,Name Withheld,NOT AVAILABLE,Loan Funds - Guaranteed,City Name Withheld,UNION BANK,SEC 502 GUARANTEED SINGLE FAMILY HOUSING PURCHASE LOANS - WITH ANNUAL FEES ASSIGNED,Real Estate and Rental and Leasing,50019,NA,Not Available,Residential,Detailed Project Description Not Available,1606156,13
2019,Vermont,Orleans,At-Large,Single Family Housing,Repair Grant (SFH),Zip Code Withheld,Not Persistent Poverty Community,Name Withheld,NOT AVAILABLE,Grant Funds,City Name Withheld,Not Applicable,504 EZ/EC/REAP GRANT,Real Estate and Rental and Leasing,50019,NA,Not Available,Residential,Detailed Project Description Not Available,10100,2
2019,Vermont,Orleans,At-Large,Single Family Housing,Repair Grant (SFH),Zip Code Withheld,Not Persistent Poverty Community,Name Withheld,NOT AVAILABLE,Grant Funds,City Name Withheld,Not Applicable,504 GRANT,Real Estate and Rental and Leasing,50019,NA,Not Available,Residential,Detailed Project Description Not Available,64704,10
2019,Vermont,Orleans,At-Large,Single Family Housing,Repair Loan (SFH),Zip Code Withheld,Not Persistent Poverty Community,Name Withheld,NOT AVAILABLE,Loan Funds - Direct,City Name Withheld,Not Applicable,504 LOAN,Real Estate and Rental and Leasing,50019,NA,Not Available,Residential,Detailed Project Description Not Available,1641,1
2019,Vermont,Orleans,At-Large,Water and Environmental,Direct Loan (WEP),05825,Not Persistent Poverty Community,Coventry Fire District No 1,FY 18 Water System Upgrades,Loan Funds - Direct,Coventry,Not Applicable,(LOAN ONLY) WATER ONLY,Utilities,50019,NA,Not Available,Commercial,"This Rural Development investment will be used for a water project cost overrun. Additional funds are needed due to unforeseen circumstances and unknown conditions. The project includes installing a well pump, relocating water lines with a new right-of-way to the storage tank, securing a final easement for well access, and legal fees associated with rights-of-way changes due to a private party conflict. The funds will help complete the project including correction of a health and safety issue and compliance with state standards. The system serves 60 customers in the village area of Coventry. Previous funding for this project includes a Rural Development $298,000 loan and $992,000 Rural Economic Area Partnership Zone grant.",20000,1
2019,Vermont,Orleans,At-Large,Water and Environmental,Grant (WEP),05825,Not Persistent Poverty Community,Coventry Fire District No 1,FY 18 Water System Upgrades,Grant Funds,Coventry,Not Applicable,(GRANT ONLY) WATER ONLY (EZ/EC),Utilities,50019,NA,Not Available,Commercial,"This Rural Development investment will be used for a water project cost overrun. Additional funds are needed due to unforeseen circumstances and unknown conditions. The project includes installing a well pump, relocating water lines with a new right-of-way to the storage tank, securing a final easement for well access, and legal fees associated with rights-of-way changes due to a private party conflict. The funds will help complete the project including correction of a health and safety issue and compliance with state standards. The system serves 60 customers in the village area of Coventry. Previous funding for this project includes a Rural Development $298,000 loan and $992,000 Rural Economic Area Partnership Zone grant.",55000,1
2019,Vermont,Orleans,At-Large,Water and Environmental,SEARCH - Special Evaluation Assistance for Rural Communities and Households Grant (WEP),05829,Not Persistent Poverty Community,"Derby Center, Village of",FY 19 SEARCH Grant,Grant Funds,Derby,Not Applicable,(GRANT ONLY) SEARCH GRANTS WASTE ONLY,Utilities,50019,NA,Not Available,Commercial,"This Rural Development investment will be used for preliminary engineering and environmental reports to evaluate the wastewater system and help proactively plan for infrastructure needs. The engineering report will focus on evaluating seven pump stations and alternatives to providing wastewater collection service to residences on two streets experiencing failed on-site disposal systems and creating a potential health issue. Without this planning effort, aging infrastructure replacement would be delayed or possibly not happen. The system currently serves approximately 277 users.",21128,1
2019,Vermont,Rutland,At-Large,Business Programs,Advanced Biofuel Payment Program,05759,Not Persistent Poverty Community,"VT WOOD PELLET CO., LLC",NOT AVAILABLE,Grant Funds,North Clarendon,Not Applicable,GRANT FOR PROD OF ADV BIOFUEL,Other or Not Defined,50021,NA,Not Available,Commercial,Detailed Project Description Not Available,217,1
2019,Vermont,Rutland,At-Large,Business Programs,Rural Business Development Grant (RBDG),05743,Not Persistent Poverty Community,TOWN OF FAIR HAVEN,"FY19 $29,000 RBDG RLF",Grant Funds,Fair Haven,Not Applicable,RBCS ENTERPRISE GRANTS,Public Administration,50021,921110,EXECUTIVE OFFICES,Commercial,This Rural Development investment will be used to capitalize a revolving loan fund. The town of Fair Haven will utilize the fund to support locally identified economic priorities. This project will play a key role in the towns efforts to enact a broad downtown economic revitalization program. he project is expected to assist 6 local businesses and to create 6 new jobs.,29000,1
2019,Vermont,Rutland,At-Large,Business Programs,Rural Business Development Grant (RBDG),05764,Not Persistent Poverty Community,TOWN OF POULTNEY,"FY19 $29,000 RBDG TA",Grant Funds,Poultney,Not Applicable,RBCS ENTERPRISE GRANTS,Public Administration,50021,921110,EXECUTIVE OFFICES,Commercial,"This Rural Development investment will be used to hire a Downtown Economic Development Coordinator to explore, obtain, and administer resources for the Downtown and Village Center areas near the Green Mountain College campus in Poultney, Vermont. The coordinator will provide direct technical assistance to the town and businesses to spur economic development, creating and retaining jobs. A minimum of 3 jobs are expected to be created and/or saved by the project.",29000,1
2019,Vermont,Rutland,At-Large,Community Facilities,Economic Impact Grant (CF),05701,Not Persistent Poverty Community,"PARAMOUNT CENTER, INC",FY 19 LIGHTING SYSTEM,Grant Funds,Rutland,Not Applicable,ECONOMIC IMPACT INITIATIVE GRANTS,Other or Not Defined,50021,9992,OTHER -  CULTURAL & EDUCATIONAL RELATED SERVICES,Commercial,Detailed Project Description Not Available,17000,1
2019,Vermont,Rutland,At-Large,Community Facilities,Grant (CF),05701,Not Persistent Poverty Community,"PARAMOUNT CENTER, INC",FY 19 LIGHTING SYSTEM,Grant Funds,Rutland,Not Applicable,CF GRANTS,Other or Not Defined,50021,9992,OTHER -  CULTURAL & EDUCATIONAL RELATED SERVICES,Commercial,Detailed Project Description Not Available,3800,1
2019,Vermont,Rutland,At-Large,Multifamily Housing,Direct Loan (MFH),05701,Not Persistent Poverty Community,HOUSING TRUST OF RUTLAND COUNTY,HOPKINS ST FAM HSNG HOUSING TRUST OF RUTLAND COUNTY,Loan Funds - Direct,Rutland,Not Applicable,"SEC 515, RURAL RENTAL HOUSING LOANS - REHABILITATION / REPAIR",Real Estate and Rental and Leasing,50021,NA,Not Available,Residential,Detailed Project Description Not Available,862693,1
2019,Vermont,Rutland,At-Large,Multifamily Housing,Rental Assistance (MFH),Zip Code Withheld,Not Persistent Poverty Community,Name Withheld,ADELE-STANLEY APTS,Grant Funds,City Name Withheld,Not Applicable,RENEWAL / REPLACEMENT -FAMILY,Real Estate and Rental and Leasing,50021,NA,Not Available,Residential,Detailed Project Description Not Available,259559,1
2019,Vermont,Rutland,At-Large,Multifamily Housing,Rental Assistance (MFH),Zip Code Withheld,Not Persistent Poverty Community,Name Withheld,ALFRED COURT APTS,Grant Funds,City Name Withheld,Not Applicable,RENEWAL / REPLACEMENT -FAMILY,Real Estate and Rental and Leasing,50021,NA,Not Available,Residential,Detailed Project Description Not Available,108854,1
2019,Vermont,Rutland,At-Large,Multifamily Housing,Rental Assistance (MFH),Zip Code Withheld,Not Persistent Poverty Community,Name Withheld,AUTUMN LEAVES THE FUCCI CO,Grant Funds,City Name Withheld,Not Applicable,RENEWAL  / REPLACEMENT - ELDERLY,Real Estate and Rental and Leasing,50021,NA,Not Available,Residential,Detailed Project Description Not Available,99900,1
2019,Vermont,Rutland,At-Large,Multifamily Housing,Rental Assistance (MFH),Zip Code Withheld,Not Persistent Poverty Community,Name Withheld,HOPKINS ST FAM HSNG HOUSING TRUST OF RUTLAND COUNTY,Grant Funds,City Name Withheld,Not Applicable,RENEWAL / REPLACEMENT -FAMILY,Real Estate and Rental and Leasing,50021,NA,Not Available,Residential,Detailed Project Description Not Available,134281,1
2019,Vermont,Rutland,At-Large,Multifamily Housing,Rental Assistance (MFH),Zip Code Withheld,Not Persistent Poverty Community,Name Withheld,NESHOBE HOUSE,Grant Funds,City Name Withheld,Not Applicable,RENEWAL  / REPLACEMENT - ELDERLY,Real Estate and Rental and Leasing,50021,NA,Not Available,Residential,Detailed Project Description Not Available,179316,1
2019,Vermont,Rutland,At-Large,Multifamily Housing,Rental Assistance (MFH),Zip Code Withheld,Not Persistent Poverty Community,Name Withheld,SCHOOL ST FAMILY C/O HOUSING TRUST OF RUTLAND COUNTY,Grant Funds,City Name Withheld,Not Applicable,RENEWAL / REPLACEMENT -FAMILY,Real Estate and Rental and Leasing,50021,NA,Not Available,Residential,Detailed Project Description Not Available,90702,1
2019,Vermont,Rutland,At-Large,Multifamily Housing,Rental Assistance (MFH),Zip Code Withheld,Not Persistent Poverty Community,Name Withheld,UNION & BARLOWFAM HSG C/O HSG TRST OF RUTLAND COUNTY,Grant Funds,City Name Withheld,Not Applicable,RENEWAL / REPLACEMENT -FAMILY,Real Estate and Rental and Leasing,50021,NA,Not Available,Residential,Detailed Project Description Not Available,141780,1
2019,Vermont,Rutland,At-Large,Multifamily Housing,Rental Assistance (MFH),Zip Code Withheld,Not Persistent Poverty Community,Name Withheld,WALLINGFORD HOUSE,Grant Funds,City Name Withheld,Not Applicable,RENEWAL  / REPLACEMENT - ELDERLY,Real Estate and Rental and Leasing,50021,NA,Not Available,Residential,Detailed Project Description Not Available,160707,1
2019,Vermont,Rutland,At-Large,Single Family Housing,Direct Loan (SFH),Zip Code Withheld,Not Persistent Poverty Community,Name Withheld,NOT AVAILABLE,Loan Funds - Direct,City Name Withheld,Not Applicable,502 LOAN - GENERAL INTEREST SUBSIDY LOW & OTHER INCOME,Real Estate and Rental and Leasing,50021,NA,Not Available,Residential,Detailed Project Description Not Available,879552,5
2019,Vermont,Rutland,At-Large,Single Family Housing,Direct Loan (SFH),Zip Code Withheld,Not Persistent Poverty Community,Name Withheld,NOT AVAILABLE,Loan Funds - Direct,City Name Withheld,Not Applicable,502 LOAN - GENERAL INTEREST SUBSIDY VERY LOW INCOME,Real Estate and Rental and Leasing,50021,NA,Not Available,Residential,Detailed Project Description Not Available,295600,2
2019,Vermont,Rutland,At-Large,Single Family Housing,Guaranteed Loan (SFH),Zip Code Withheld,Not Persistent Poverty Community,Name Withheld,NOT AVAILABLE,Loan Funds - Guaranteed,City Name Withheld,ACADEMY MORTGAGE CORPORATION,SEC 502 GUARANTEED SINGLE FAMILY HOUSING PURCHASE LOANS - WITH ANNUAL FEES ASSIGNED,Real Estate and Rental and Leasing,50021,NA,Not Available,Residential,Detailed Project Description Not Available,259595,2
2019,Vermont,Rutland,At-Large,Single Family Housing,Guaranteed Loan (SFH),Zip Code Withheld,Not Persistent Poverty Community,Name Withheld,NOT AVAILABLE,Loan Funds - Guaranteed,City Name Withheld,BANK OF BENNINGTON,SEC 502 GUARANTEED SINGLE FAMILY HOUSING PURCHASE LOANS - WITH ANNUAL FEES ASSIGNED,Real Estate and Rental and Leasing,50021,NA,Not Available,Residential,Detailed Project Description Not Available,335320,2
2019,Vermont,Rutland,At-Large,Single Family Housing,Guaranteed Loan (SFH),Zip Code Withheld,Not Persistent Poverty Community,Name Withheld,NOT AVAILABLE,Loan Funds - Guaranteed,City Name Withheld,COMMUNITY BANK NA,SEC 502 GUARANTEED SINGLE FAMILY HOUSING PURCHASE LOANS - WITH ANNUAL FEES ASSIGNED,Real Estate and Rental and Leasing,50021,NA,Not Available,Residential,Detailed Project Description Not Available,181969,1
2019,Vermont,Rutland,At-Large,Single Family Housing,Guaranteed Loan (SFH),Zip Code Withheld,Not Persistent Poverty Community,Name Withheld,NOT AVAILABLE,Loan Funds - Guaranteed,City Name Withheld,FAIRWAY INDEPENDENT MORTGAGE CORPORATION,SEC 502 GUARANTEED SINGLE FAMILY HOUSING PURCHASE LOANS - WITH ANNUAL FEES ASSIGNED,Real Estate and Rental and Leasing,50021,NA,Not Available,Residential,Detailed Project Description Not Available,262625,2
2019,Vermont,Rutland,At-Large,Single Family Housing,Guaranteed Loan (SFH),Zip Code Withheld,Not Persistent Poverty Community,Name Withheld,NOT AVAILABLE,Loan Funds - Guaranteed,City Name Withheld,"HOMEBRIDGE FINANCIAL SERVICES, INC.",SEC 502 GUARANTEED SINGLE FAMILY HOUSING PURCHASE LOANS - WITH ANNUAL FEES ASSIGNED,Real Estate and Rental and Leasing,50021,NA,Not Available,Residential,Detailed Project Description Not Available,361110,2
2019,Vermont,Rutland,At-Large,Single Family Housing,Guaranteed Loan (SFH),Zip Code Withheld,Not Persistent Poverty Community,Name Withheld,NOT AVAILABLE,Loan Funds - Guaranteed,City Name Withheld,NATIONAL BANK OF MIDDLEBURY,SEC 502 GUARANTEED SINGLE FAMILY HOUSING PURCHASE LOANS - WITH ANNUAL FEES ASSIGNED,Real Estate and Rental and Leasing,50021,NA,Not Available,Residential,Detailed Project Description Not Available,181818,1
2019,Vermont,Rutland,At-Large,Single Family Housing,Guaranteed Loan (SFH),Zip Code Withheld,Not Persistent Poverty Community,Name Withheld,NOT AVAILABLE,Loan Funds - Guaranteed,City Name Withheld,NATIONS LENDING CORPORATION,SEC 502 GUARANTEED SINGLE FAMILY HOUSING PURCHASE LOANS - WITH ANNUAL FEES ASSIGNED,Real Estate and Rental and Leasing,50021,NA,Not Available,Residential,Detailed Project Description Not Available,315201,2
2019,Vermont,Rutland,At-Large,Single Family Housing,Guaranteed Loan (SFH),Zip Code Withheld,Not Persistent Poverty Community,Name Withheld,NOT AVAILABLE,Loan Funds - Guaranteed,City Name Withheld,"NEW AMERICAN FUNDING, LLC",SEC 502 GUARANTEED SINGLE FAMILY HOUSING PURCHASE LOANS - WITH ANNUAL FEES ASSIGNED,Real Estate and Rental and Leasing,50021,NA,Not Available,Residential,Detailed Project Description Not Available,148080,1
2019,Vermont,Rutland,At-Large,Single Family Housing,Guaranteed Loan (SFH),Zip Code Withheld,Not Persistent Poverty Community,Name Withheld,NOT AVAILABLE,Loan Funds - Guaranteed,City Name Withheld,"NORTHEAST HOME LOAN, LLC",SEC 502 GUARANTEED SINGLE FAMILY HOUSING PURCHASE LOANS - WITH ANNUAL FEES ASSIGNED,Real Estate and Rental and Leasing,50021,NA,Not Available,Residential,Detailed Project Description Not Available,753533,5
2019,Vermont,Rutland,At-Large,Single Family Housing,Guaranteed Loan (SFH),Zip Code Withheld,Not Persistent Poverty Community,Name Withheld,NOT AVAILABLE,Loan Funds - Guaranteed,City Name Withheld,PEOPLES UNITED BANK,SEC 502 GUARANTEED SINGLE FAMILY HOUSING PURCHASE LOANS - WITH ANNUAL FEES ASSIGNED,Real Estate and Rental and Leasing,50021,NA,Not Available,Residential,Detailed Project Description Not Available,894593,6
2019,Vermont,Rutland,At-Large,Single Family Housing,Guaranteed Loan (SFH),Zip Code Withheld,Not Persistent Poverty Community,Name Withheld,NOT AVAILABLE,Loan Funds - Guaranteed,City Name Withheld,"PRIME LENDING, A PLAINS CAPITAL CO.",SEC 502 GUARANTEED SINGLE FAMILY HOUSING PURCHASE LOANS - WITH ANNUAL FEES ASSIGNED,Real Estate and Rental and Leasing,50021,NA,Not Available,Residential,Detailed Project Description Not Available,546160,4
2019,Vermont,Rutland,At-Large,Single Family Housing,Guaranteed Loan (SFH),Zip Code Withheld,Not Persistent Poverty Community,Name Withheld,NOT AVAILABLE,Loan Funds - Guaranteed,City Name Withheld,"ROCKET MORTGAGE, LLC",SEC 502 GUARANTEED SINGLE FAMILY HOUSING PURCHASE LOANS - WITH ANNUAL FEES ASSIGNED,Real Estate and Rental and Leasing,50021,NA,Not Available,Residential,Detailed Project Description Not Available,121212,1
2019,Vermont,Rutland,At-Large,Single Family Housing,Guaranteed Loan (SFH),Zip Code Withheld,Not Persistent Poverty Community,Name Withheld,NOT AVAILABLE,Loan Funds - Guaranteed,City Name Withheld,UNION BANK,SEC 502 GUARANTEED SINGLE FAMILY HOUSING PURCHASE LOANS - WITH ANNUAL FEES ASSIGNED,Real Estate and Rental and Leasing,50021,NA,Not Available,Residential,Detailed Project Description Not Available,155000,1
2019,Vermont,Rutland,At-Large,Single Family Housing,Guaranteed Loan (SFH),Zip Code Withheld,Not Persistent Poverty Community,Name Withheld,NOT AVAILABLE,Loan Funds - Guaranteed,City Name Withheld,VERMONT FEDERAL CREDIT UNION,SEC 502 GUARANTEED SINGLE FAMILY HOUSING PURCHASE LOANS - WITH ANNUAL FEES ASSIGNED,Real Estate and Rental and Leasing,50021,NA,Not Available,Residential,Detailed Project Description Not Available,472625,3
2019,Vermont,Rutland,At-Large,Single Family Housing,Repair Grant (SFH),Zip Code Withheld,Not Persistent Poverty Community,Name Withheld,NOT AVAILABLE,Grant Funds,City Name Withheld,Not Applicable,504 GRANT,Real Estate and Rental and Leasing,50021,NA,Not Available,Residential,Detailed Project Description Not Available,5860,1
2019,Vermont,Rutland,At-Large,Single Family Housing,Repair Loan (SFH),Zip Code Withheld,Not Persistent Poverty Community,Name Withheld,NOT AVAILABLE,Loan Funds - Direct,City Name Withheld,Not Applicable,504 LOAN,Real Estate and Rental and Leasing,50021,NA,Not Available,Residential,Detailed Project Description Not Available,6130,1
2019,Vermont,Rutland,At-Large,Water and Environmental,SEARCH - Special Evaluation Assistance for Rural Communities and Households Grant (WEP),05777,Not Persistent Poverty Community,"West Rutland, Town of",FY 19  SEARCH Grant,Grant Funds,West Rutland,Not Applicable,(GRANT ONLY) SEARCH GRANTS WASTE ONLY,Utilities,50021,NA,Not Available,Commercial,"This Rural Development investment will be used to help West Rutland plan for necessary wastewater system improvements. The engineering report will provide a comprehensive study to consider short- and long-term infrastructure needs, related costs, and recommended schedule for making the improvements. The study will also evaluate the cost effectiveness of discontinuing use of the treatment plant and pumping its raw wastewater to the neighboring City of Rutlands collection system. This assessment will help the town plan prudently for the future and ensure that needs are addressed in a sustainable manner. The system serves approximately 1,011 customers in the village area of West Rutland, consisting of residential, commercial and industrial type users.",29500,1
2019,Vermont,Washington,At-Large,Business Programs,Intermediary Relending Program (IRP),05602,Not Persistent Poverty Community,VERMONT 504 CORPORATION,"FY19 IRP $1,000,000",Loan Funds - Direct,Montpelier,Not Applicable,INTERMEDIARY RELENDING PROGRAM,Public Administration,50023,926110,ADMINISTRATION OF GENERAL ECONOMIC PROGRAMS,Commercial,"This Rural Development investment will be used to provide low-interest loans to small and low income business owners, including agricultural entities, for purposes of business and community development as well as job creation and retention throughout the state of Vermont. The funds will assist an estimated nine small rural businesses.",1000000,1
2019,Vermont,Washington,At-Large,Business Programs,Intermediary Relending Program (IRP),05602,Not Persistent Poverty Community,VERMONT SMALL BUSINESS DEV CORP,"FY19 IRP $250,000 REAP",Loan Funds - Direct,Montpelier,Not Applicable,INTERMEDIARY RELENDING PROGRAM - EZ/EC,Public Administration,50023,926110,ADMINISTRATION OF GENERAL ECONOMIC PROGRAMS,Commercial,Detailed Project Description Not Available,152000,1
2019,Vermont,Washington,At-Large,Business Programs,Intermediary Relending Program (IRP),05602,Not Persistent Poverty Community,VERMONT SMALL BUSINESS DEV CORP,"IRP FY '19 $1,000,000",Loan Funds - Direct,Montpelier,Not Applicable,INTERMEDIARY RELENDING PROGRAM,Public Administration,50023,926110,ADMINISTRATION OF GENERAL ECONOMIC PROGRAMS,Commercial,"Rural Development funds will be used to provide low-interest loans to small and low income business owners, including agricultural entities, for purposes of business and community development as well as job creation and retention throughout the state of Vermont. The funds will assist an estimated 9 small rural businesses retain and/or create 36 full time equivalent jobs and retain 50.",1000000,1
2019,Vermont,Washington,At-Large,Business Programs,Rural Business Development Grant (RBDG),05602,Not Persistent Poverty Community,VERMONT COUNCIL ON RURAL DEVELOPMENT,"FY19 $85,400 RBDG TA",Grant Funds,Montpelier,Not Applicable,RBCS ENTERPRISE REAP ZONE GRANTS,Other Services,50023,813319,OTHER SOCIAL ADVOCACY ORGANIZATIONS,Commercial,"This Rural Development investment will be used to support the Vermont Council on Rural Developments Community Visit Program for 3 Northeast Kingdom Vermont towns. The process brings deep community engagement processes, facilitation, coaching, technical assistance, and training to communities helping them to identify and advance key priorities for community revitalization and economic viability.",82143,1
2019,Vermont,Washington,At-Large,Business Programs,Rural Business Development Grant (RBDG),05602,Not Persistent Poverty Community,VT HOUSING & CONSERVATION BOARD,FY19,Grant Funds,Montpelier,Not Applicable,RBCS ENTERPRISE REAP ZONE GRANTS,Public Administration,50023,926110,ADMINISTRATION OF GENERAL ECONOMIC PROGRAMS,Commercial,Detailed Project Description Not Available,98471,1
2019,Vermont,Washington,At-Large,Business Programs,Rural Business Development Grant (RBDG),05602,Not Persistent Poverty Community,VT HOUSING & CONSERVATION BOARD,"FY19 $29,000 RBDG FOOD HUB P2",Grant Funds,Montpelier,Not Applicable,RBCS ENTERPRISE GRANTS,Public Administration,50023,926110,ADMINISTRATION OF GENERAL ECONOMIC PROGRAMS,Commercial,Detailed Project Description Not Available,29000,1
2019,Vermont,Washington,At-Large,Business Programs,Rural Business Development Grant (RBDG),05667,Not Persistent Poverty Community,CVFIBER,"FY19 $25,000 BUSINESS PLANNING",Grant Funds,Plainfield,Not Applicable,RBCS DEVELOPMENT GRANT,Other Services,50023,813910,BUSINESS ASSOCIATIONS,Commercial,"This Rural Development investment will be used to develop a feasibility study and business plan to explore the development of a fiber-to-the-premise high speed internet network. The project includes communities in Lamoille, Orange, and Washington Counties. USDA investment will be augmented by state funds and in-kind matching from the applicant. The project is expected to create 14 new jobs.",7736,1
2019,Vermont,Washington,At-Large,Business Programs,Rural Microentrepreneur Assistance Program (RMAP),05601,Not Persistent Poverty Community,CENTRAL V ECONOMIC DEVELOPMENT CORP,FY19 ANNUAL GRANT RENEWAL,Grant Funds,Montpelier,Not Applicable,DISCRETION ASSIST MICROPENTERPRENUERS,Public Administration,50023,926110,ADMINISTRATION OF GENERAL ECONOMIC PROGRAMS,Commercial,"This Rural Development investment will be used to proved technical assistance to small businesses and entrepreneurs. The assistance will be provided through the provision of education, guidance, or instruction to prepare them for self-employment and improve the state of existing rural microenterprises.",42683,1
2019,Vermont,Washington,At-Large,Community Facilities,Economic Impact Grant (CF),05641,Not Persistent Poverty Community,"BARRE, CITY OF",FY 19 AMBULANCE,Grant Funds,Barre,Not Applicable,ECONOMIC IMPACT INITIATIVE GRANTS,Health Care and Social Assistance,50023,62192,RESCUE AND AMBULANCE SERVICE - EQUIPMENT BUILDING,Commercial,Detailed Project Description Not Available,50000,1
2019,Vermont,Washington,At-Large,Multifamily Housing,Rental Assistance (MFH),Zip Code Withheld,Not Persistent Poverty Community,Name Withheld,58 BARRE ST HSG,Grant Funds,City Name Withheld,Not Applicable,RENEWAL  / REPLACEMENT - ELDERLY,Real Estate and Rental and Leasing,50023,NA,Not Available,Residential,Detailed Project Description Not Available,71400,1
2019,Vermont,Washington,At-Large,Multifamily Housing,Rental Assistance (MFH),Zip Code Withheld,Not Persistent Poverty Community,Name Withheld,EVERGREEN PLACE C/O DOWNSTREET HSG 22 KEITH AVE,Grant Funds,City Name Withheld,Not Applicable,RENEWAL  / REPLACEMENT - ELDERLY,Real Estate and Rental and Leasing,50023,NA,Not Available,Residential,Detailed Project Description Not Available,122584,1
2019,Vermont,Washington,At-Large,Multifamily Housing,Rental Assistance (MFH),Zip Code Withheld,Not Persistent Poverty Community,Name Withheld,FAIRGROUND APTS HOUSING FOUNDATION,Grant Funds,City Name Withheld,Not Applicable,RENEWAL  / REPLACEMENT - ELDERLY,Real Estate and Rental and Leasing,50023,NA,Not Available,Residential,Detailed Project Description Not Available,95313,1
2019,Vermont,Washington,At-Large,Multifamily Housing,Rental Assistance (MFH),Zip Code Withheld,Not Persistent Poverty Community,Name Withheld,GREEN MOUNTAIN APTS,Grant Funds,City Name Withheld,Not Applicable,RENEWAL  / REPLACEMENT - ELDERLY,Real Estate and Rental and Leasing,50023,NA,Not Available,Residential,Detailed Project Description Not Available,184093,1
2019,Vermont,Washington,At-Large,Multifamily Housing,Rental Assistance (MFH),Zip Code Withheld,Not Persistent Poverty Community,Name Withheld,HILLTOP TOWN HOUSES,Grant Funds,City Name Withheld,Not Applicable,RENEWAL / REPLACEMENT -FAMILY,Real Estate and Rental and Leasing,50023,NA,Not Available,Residential,Detailed Project Description Not Available,244029,1
2019,Vermont,Washington,At-Large,Multifamily Housing,Rental Assistance (MFH),Zip Code Withheld,Not Persistent Poverty Community,Name Withheld,PROSPECT PLACE MONTPELIER HOUSING AUTHORITY,Grant Funds,City Name Withheld,Not Applicable,RENEWAL  / REPLACEMENT - ELDERLY,Real Estate and Rental and Leasing,50023,NA,Not Available,Residential,Detailed Project Description Not Available,115526,1
2019,Vermont,Washington,At-Large,Single Family Housing,Direct Loan (SFH),Zip Code Withheld,Not Persistent Poverty Community,Name Withheld,NOT AVAILABLE,Loan Funds - Direct,City Name Withheld,Not Applicable,502 LOAN - GENERAL INTEREST SUBSIDY LOW & OTHER INCOME,Real Estate and Rental and Leasing,50023,NA,Not Available,Residential,Detailed Project Description Not Available,414740,3
2019,Vermont,Washington,At-Large,Single Family Housing,Direct Loan (SFH),Zip Code Withheld,Not Persistent Poverty Community,Name Withheld,NOT AVAILABLE,Loan Funds - Direct,City Name Withheld,Not Applicable,502 LOAN - GENERAL INTEREST SUBSIDY VERY LOW INCOME,Real Estate and Rental and Leasing,50023,NA,Not Available,Residential,Detailed Project Description Not Available,134500,1
2019,Vermont,Washington,At-Large,Single Family Housing,Guaranteed Loan (SFH),Zip Code Withheld,Not Persistent Poverty Community,Name Withheld,NOT AVAILABLE,Loan Funds - Guaranteed,City Name Withheld,ACADEMY MORTGAGE CORPORATION,SEC 502 GUARANTEED SINGLE FAMILY HOUSING PURCHASE LOANS - WITH ANNUAL FEES ASSIGNED,Real Estate and Rental and Leasing,50023,NA,Not Available,Residential,Detailed Project Description Not Available,308080,2
2019,Vermont,Washington,At-Large,Single Family Housing,Guaranteed Loan (SFH),Zip Code Withheld,Not Persistent Poverty Community,Name Withheld,NOT AVAILABLE,Loan Funds - Guaranteed,City Name Withheld,"CITIZENS BANK, N.A.",SEC 502 GUARANTEED SINGLE FAMILY HOUSING PURCHASE LOANS - WITH ANNUAL FEES ASSIGNED,Real Estate and Rental and Leasing,50023,NA,Not Available,Residential,Detailed Project Description Not Available,561109,3
2019,Vermont,Washington,At-Large,Single Family Housing,Guaranteed Loan (SFH),Zip Code Withheld,Not Persistent Poverty Community,Name Withheld,NOT AVAILABLE,Loan Funds - Guaranteed,City Name Withheld,"HOMEBRIDGE FINANCIAL SERVICES, INC.",SEC 502 GUARANTEED SINGLE FAMILY HOUSING PURCHASE LOANS - WITH ANNUAL FEES ASSIGNED,Real Estate and Rental and Leasing,50023,NA,Not Available,Residential,Detailed Project Description Not Available,726260,4
2019,Vermont,Washington,At-Large,Single Family Housing,Guaranteed Loan (SFH),Zip Code Withheld,Not Persistent Poverty Community,Name Withheld,NOT AVAILABLE,Loan Funds - Guaranteed,City Name Withheld,"MOVEMENT MORTGAGE, LLC",SEC 502 GUARANTEED SINGLE FAMILY HOUSING PURCHASE LOANS - WITH ANNUAL FEES ASSIGNED,Real Estate and Rental and Leasing,50023,NA,Not Available,Residential,Detailed Project Description Not Available,191919,1
2019,Vermont,Washington,At-Large,Single Family Housing,Guaranteed Loan (SFH),Zip Code Withheld,Not Persistent Poverty Community,Name Withheld,NOT AVAILABLE,Loan Funds - Guaranteed,City Name Withheld,"NORTHEAST HOME LOAN, LLC",SEC 502 GUARANTEED SINGLE FAMILY HOUSING PURCHASE LOANS - WITH ANNUAL FEES ASSIGNED,Real Estate and Rental and Leasing,50023,NA,Not Available,Residential,Detailed Project Description Not Available,518180,3
2019,Vermont,Washington,At-Large,Single Family Housing,Guaranteed Loan (SFH),Zip Code Withheld,Not Persistent Poverty Community,Name Withheld,NOT AVAILABLE,Loan Funds - Guaranteed,City Name Withheld,NORTHFIELD SAVINGS BANK,SEC 502 GUARANTEED SINGLE FAMILY HOUSING PURCHASE LOANS - WITH ANNUAL FEES ASSIGNED,Real Estate and Rental and Leasing,50023,NA,Not Available,Residential,Detailed Project Description Not Available,727282,5
2019,Vermont,Washington,At-Large,Single Family Housing,Guaranteed Loan (SFH),Zip Code Withheld,Not Persistent Poverty Community,Name Withheld,NOT AVAILABLE,Loan Funds - Guaranteed,City Name Withheld,"ROCKET MORTGAGE, LLC",SEC 502 GUARANTEED SINGLE FAMILY HOUSING PURCHASE LOANS - WITH ANNUAL FEES ASSIGNED,Real Estate and Rental and Leasing,50023,NA,Not Available,Residential,Detailed Project Description Not Available,794442,4
2019,Vermont,Washington,At-Large,Single Family Housing,Guaranteed Loan (SFH),Zip Code Withheld,Not Persistent Poverty Community,Name Withheld,NOT AVAILABLE,Loan Funds - Guaranteed,City Name Withheld,UNION BANK,SEC 502 GUARANTEED SINGLE FAMILY HOUSING PURCHASE LOANS - WITH ANNUAL FEES ASSIGNED,Real Estate and Rental and Leasing,50023,NA,Not Available,Residential,Detailed Project Description Not Available,559494,4
2019,Vermont,Washington,At-Large,Single Family Housing,Repair Grant (SFH),Zip Code Withheld,Not Persistent Poverty Community,Name Withheld,NOT AVAILABLE,Grant Funds,City Name Withheld,Not Applicable,504 COMBINATION LOAN & GRANT,Real Estate and Rental and Leasing,50023,NA,Not Available,Residential,Detailed Project Description Not Available,7500,1
2019,Vermont,Washington,At-Large,Single Family Housing,Repair Grant (SFH),Zip Code Withheld,Not Persistent Poverty Community,Name Withheld,NOT AVAILABLE,Grant Funds,City Name Withheld,Not Applicable,504 GRANT,Real Estate and Rental and Leasing,50023,NA,Not Available,Residential,Detailed Project Description Not Available,22500,3
2019,Vermont,Washington,At-Large,Single Family Housing,Repair Loan (SFH),Zip Code Withheld,Not Persistent Poverty Community,Name Withheld,NOT AVAILABLE,Loan Funds - Direct,City Name Withheld,Not Applicable,504 COMBINATION LOAN & GRANT,Real Estate and Rental and Leasing,50023,NA,Not Available,Residential,Detailed Project Description Not Available,6500,1
2019,Vermont,Washington,At-Large,Single Family Housing,Repair Loan (SFH),Zip Code Withheld,Not Persistent Poverty Community,Name Withheld,NOT AVAILABLE,Loan Funds - Direct,City Name Withheld,Not Applicable,504 LOAN,Real Estate and Rental and Leasing,50023,NA,Not Available,Residential,Detailed Project Description Not Available,27000,3
2019,Vermont,Washington,At-Large,Water and Environmental,Direct Loan (WEP),05602,Not Persistent Poverty Community,"Berlin, Town of",FY19 Waste Water System Improvements,Loan Funds - Direct,Berlin,Not Applicable,(LOAN ONLY) WASTE DISPOSAL ONLY,Utilities,50023,NA,Not Available,Commercial,Detailed Project Description Not Available,2110267,1
2019,Vermont,Washington,At-Large,Water and Environmental,Direct Loan (WEP),05602,Not Persistent Poverty Community,"Montpelier, City of",FY19 Wastewater Facility Upgrade,Loan Funds - Direct,Montpelier,Not Applicable,(LOAN ONLY) WASTE DISPOSAL ONLY,Utilities,50023,NA,Not Available,Commercial,Detailed Project Description Not Available,1862000,1
2019,Vermont,Washington,At-Large,Water and Environmental,Direct Loan and Grant (WEP),05602,Not Persistent Poverty Community,"Montpelier, City of",FY19 Wastewater Facility Upgrade,Loan Funds - Direct,Montpelier,Not Applicable,(COMB LOAN & GRANT) WASTE DISPOSAL ONLY,Utilities,50023,NA,Not Available,Commercial,Detailed Project Description Not Available,9999000,1
2019,Vermont,Washington,At-Large,Water and Environmental,Solid Waste Management Grant (WEP),05602,Not Persistent Poverty Community,Central Vermont SWMD,SWM FY 19,Grant Funds,Montpelier,Not Applicable,(WWA PROGRAM AREA) SOLID WASTE GRANT,Utilities,50023,NA,Not Available,Commercial,"This Rural Development investment will be used to provide technical assistance and training to direct solid waste management programs to 19 communities in Washington, Orange, and Caledonia counties in Vermont. Central Vermont Solid Waste Management District will provide a series of educational events under its umbrella project, Protecting Ground Water Through Hands-On Education. This project combines development and implementation of a home assessment tool with hands-on workshops and trainings to educate the community about managing waste materials appropriately that, if handled improperly, contaminate waterways either by inappropriate flushing down drains, or as landfill leachate. The project includes a solid waste management home self-assessment tool, workshops on reducing use of hazardous and landfill-banned materials, food service industry seminar designed to teach commercial cooks strategies for reducing food waste, and a community fair featuring vendors and community partners to promote using non-hazardous products, water quality awareness, and waste reduction.",116604,1
2019,Vermont,Windham,At-Large,Business Programs,Advanced Biofuel Payment Program,05159,Not Persistent Poverty Community,WESTMINSTER ENERGY GROUP LLC,NOT AVAILABLE,Grant Funds,Westminster Station,Not Applicable,GRANT FOR PROD OF ADV BIOFUEL,Other or Not Defined,50025,NA,Not Available,Commercial,Detailed Project Description Not Available,892,1
2019,Vermont,Windham,At-Large,Business Programs,Rural Energy for America Program (REAP),05155,Not Persistent Poverty Community,ANJALI FARMS LLC,FY19 19.8KW SOLAR PV ARRAY,Grant Funds,So. Londonderry,Not Applicable,"MAND. RENEW ENERFY SYSTEMS GRANTS UNDER $20,000","Agriculture, Forestry, Fishing and Hunting",50025,111210,Not Available,Commercial,"This Rural Development investment will be used to install a 19.8kW ground-mounted solar array. Anjali Farm, a small operation specializing in organic produce, will be able to produce all of its electrical needs with the array. The purpose of this funding program is to assist farmers, ranchers, and rural small businesses in developing renewable energy systems, and in making energy-efficiency improvements to their operations.",4026,1
2019,Vermont,Windham,At-Large,Business Programs,Rural Energy for America Program (REAP),05346,Not Persistent Poverty Community,FULL PLATE FARM LLC,FY19 7.32KW SOLAR PV ARRAY,Grant Funds,East Dummerston,Not Applicable,"MAND. RENEW ENERFY SYSTEMS GRANTS UNDER $20,000","Agriculture, Forestry, Fishing and Hunting",50025,111210,Not Available,Commercial,"This Rural Development investment will be used to install a 7.3kW roof-mounted solar array. Full Plate Farm is a community supported agriculture (CSA) and market farm that produces over 150 varieties of vegetables, as well as cut flowers and honey. The array will generate 94% of the farms electricity needs.",3352,1
2019,Vermont,Windham,At-Large,Community Facilities,Community Development Grant (CF),05301,Not Persistent Poverty Community,BRATTLEBORO DEVELOPMENT CREDIT CORPORATION,RCDI FY 19,Grant Funds,Brattleboro,Not Applicable,RCDI RURAL COMMUNITY DEVELOPMENT INITIATIVE GRANT,Other or Not Defined,50025,9,RCDI - TECHNICAL ASSISTANCE CF,Commercial,Detailed Project Description Not Available,250000,1
2019,Vermont,Windham,At-Large,Community Facilities,Grant (CF),05301,Not Persistent Poverty Community,"IN-SIGHT PHOTOGRAPHY PROJECT, INC.",FY 19 EQUIPMENT & FURNISHINGS,Grant Funds,Brattleboro,Not Applicable,CF GRANTS,Other or Not Defined,50025,9992,OTHER -  CULTURAL & EDUCATIONAL RELATED SERVICES,Commercial,Detailed Project Description Not Available,16558,1
2019,Vermont,Windham,At-Large,Multifamily Housing,Rental Assistance (MFH),Zip Code Withheld,Not Persistent Poverty Community,Name Withheld,ADAIR HEIGHTS THM INC,Grant Funds,City Name Withheld,Not Applicable,RENEWAL / REPLACEMENT -FAMILY,Real Estate and Rental and Leasing,50025,NA,Not Available,Residential,Detailed Project Description Not Available,58046,1
2019,Vermont,Windham,At-Large,Multifamily Housing,Rental Assistance (MFH),Zip Code Withheld,Not Persistent Poverty Community,Name Withheld,BUTTERFIELD HOUSING LIMITED PARTNERSHIP,Grant Funds,City Name Withheld,Not Applicable,RENEWAL  / REPLACEMENT - ELDERLY,Real Estate and Rental and Leasing,50025,NA,Not Available,Residential,Detailed Project Description Not Available,151438,1
2019,Vermont,Windham,At-Large,Multifamily Housing,Rental Assistance (MFH),Zip Code Withheld,Not Persistent Poverty Community,Name Withheld,GREEN MOUNTAIN APTS,Grant Funds,City Name Withheld,Not Applicable,RENEWAL / REPLACEMENT -FAMILY,Real Estate and Rental and Leasing,50025,NA,Not Available,Residential,Detailed Project Description Not Available,456921,1
2019,Vermont,Windham,At-Large,Multifamily Housing,Rental Assistance (MFH),Zip Code Withheld,Not Persistent Poverty Community,Name Withheld,PUTNEY MEADOWS APTS REALTY RESOURCE,Grant Funds,City Name Withheld,Not Applicable,RENEWAL  / REPLACEMENT - ELDERLY,Real Estate and Rental and Leasing,50025,NA,Not Available,Residential,Detailed Project Description Not Available,204197,1
2019,Vermont,Windham,At-Large,Multifamily Housing,Rental Assistance (MFH),Zip Code Withheld,Not Persistent Poverty Community,Name Withheld,"SHUMLIN, PETER",Grant Funds,City Name Withheld,Not Applicable,MFH REVITALIZATION - TENANT VOUCHERS,Real Estate and Rental and Leasing,50025,NA,Not Available,Residential,Detailed Project Description Not Available,6420,1
2019,Vermont,Windham,At-Large,Multifamily Housing,Rental Assistance (MFH),Zip Code Withheld,Not Persistent Poverty Community,Name Withheld,VERNON BIRCHES VERNON ADVENT CHRISTIAN HOME INC,Grant Funds,City Name Withheld,Not Applicable,RENEWAL  / REPLACEMENT - ELDERLY,Real Estate and Rental and Leasing,50025,NA,Not Available,Residential,Detailed Project Description Not Available,40482,1
2019,Vermont,Windham,At-Large,Single Family Housing,Direct Loan (SFH),Zip Code Withheld,Not Persistent Poverty Community,Name Withheld,NOT AVAILABLE,Loan Funds - Direct,City Name Withheld,Not Applicable,502 LOAN - GENERAL INTEREST SUBSIDY LOW & OTHER INCOME,Real Estate and Rental and Leasing,50025,NA,Not Available,Residential,Detailed Project Description Not Available,182980,2
2019,Vermont,Windham,At-Large,Single Family Housing,Direct Loan (SFH),Zip Code Withheld,Not Persistent Poverty Community,Name Withheld,NOT AVAILABLE,Loan Funds - Direct,City Name Withheld,Not Applicable,502 LOAN - GENERAL INTEREST SUBSIDY VERY LOW INCOME,Real Estate and Rental and Leasing,50025,NA,Not Available,Residential,Detailed Project Description Not Available,322950,2
2019,Vermont,Windham,At-Large,Single Family Housing,Guaranteed Loan (SFH),Zip Code Withheld,Not Persistent Poverty Community,Name Withheld,NOT AVAILABLE,Loan Funds - Guaranteed,City Name Withheld,BRATTLEBORO SAVINGS & LOAN,SEC 502 GUARANTEED SINGLE FAMILY HOUSING PURCHASE LOANS - WITH ANNUAL FEES ASSIGNED,Real Estate and Rental and Leasing,50025,NA,Not Available,Residential,Detailed Project Description Not Available,689928,4
2019,Vermont,Windham,At-Large,Single Family Housing,Guaranteed Loan (SFH),Zip Code Withheld,Not Persistent Poverty Community,Name Withheld,NOT AVAILABLE,Loan Funds - Guaranteed,City Name Withheld,GUARANTEED RATE INC.,SEC 502 GUARANTEED SINGLE FAMILY HOUSING PURCHASE LOANS - WITH ANNUAL FEES ASSIGNED,Real Estate and Rental and Leasing,50025,NA,Not Available,Residential,Detailed Project Description Not Available,332323,2
2019,Vermont,Windham,At-Large,Single Family Housing,Guaranteed Loan (SFH),Zip Code Withheld,Not Persistent Poverty Community,Name Withheld,NOT AVAILABLE,Loan Funds - Guaranteed,City Name Withheld,"HOMEBRIDGE FINANCIAL SERVICES, INC.",SEC 502 GUARANTEED SINGLE FAMILY HOUSING PURCHASE LOANS - WITH ANNUAL FEES ASSIGNED,Real Estate and Rental and Leasing,50025,NA,Not Available,Residential,Detailed Project Description Not Available,174747,1
2019,Vermont,Windham,At-Large,Single Family Housing,Guaranteed Loan (SFH),Zip Code Withheld,Not Persistent Poverty Community,Name Withheld,NOT AVAILABLE,Loan Funds - Guaranteed,City Name Withheld,"MORTGAGE RESEARCH CENTER, LLC",SEC 502 GUARANTEED SINGLE FAMILY HOUSING PURCHASE LOANS - WITH ANNUAL FEES ASSIGNED,Real Estate and Rental and Leasing,50025,NA,Not Available,Residential,Detailed Project Description Not Available,108080,1
2019,Vermont,Windham,At-Large,Single Family Housing,Guaranteed Loan (SFH),Zip Code Withheld,Not Persistent Poverty Community,Name Withheld,NOT AVAILABLE,Loan Funds - Guaranteed,City Name Withheld,"NORTHEAST HOME LOAN, LLC",SEC 502 GUARANTEED SINGLE FAMILY HOUSING PURCHASE LOANS - WITH ANNUAL FEES ASSIGNED,Real Estate and Rental and Leasing,50025,NA,Not Available,Residential,Detailed Project Description Not Available,201515,1
2019,Vermont,Windham,At-Large,Single Family Housing,Guaranteed Loan (SFH),Zip Code Withheld,Not Persistent Poverty Community,Name Withheld,NOT AVAILABLE,Loan Funds - Guaranteed,City Name Withheld,PEOPLES UNITED BANK,SEC 502 GUARANTEED SINGLE FAMILY HOUSING PURCHASE LOANS - WITH ANNUAL FEES ASSIGNED,Real Estate and Rental and Leasing,50025,NA,Not Available,Residential,Detailed Project Description Not Available,779633,5
2019,Vermont,Windham,At-Large,Single Family Housing,Guaranteed Loan (SFH),Zip Code Withheld,Not Persistent Poverty Community,Name Withheld,NOT AVAILABLE,Loan Funds - Guaranteed,City Name Withheld,"ROCKET MORTGAGE, LLC",SEC 502 GUARANTEED SINGLE FAMILY HOUSING PURCHASE LOANS - WITH ANNUAL FEES ASSIGNED,Real Estate and Rental and Leasing,50025,NA,Not Available,Residential,Detailed Project Description Not Available,233260,2
2019,Vermont,Windham,At-Large,Single Family Housing,Repair Grant (SFH),Zip Code Withheld,Not Persistent Poverty Community,Name Withheld,NOT AVAILABLE,Grant Funds,City Name Withheld,Not Applicable,504 GRANT,Real Estate and Rental and Leasing,50025,NA,Not Available,Residential,Detailed Project Description Not Available,14150,3
2019,Vermont,Windham,At-Large,Single Family Housing,Repair Loan (SFH),Zip Code Withheld,Not Persistent Poverty Community,Name Withheld,NOT AVAILABLE,Loan Funds - Direct,City Name Withheld,Not Applicable,504 LOAN,Real Estate and Rental and Leasing,50025,NA,Not Available,Residential,Detailed Project Description Not Available,5500,1
2019,Vermont,Windsor,At-Large,Business Programs,Rural Business Development Grant (RBDG),05001,Not Persistent Poverty Community,"VITAL COMMUNITIES, INC","FY19 $19,847 RBDG",Grant Funds,White River Junction,Not Applicable,RBCS ENTERPRISE GRANTS,Other Services,50027,813319,OTHER SOCIAL ADVOCACY ORGANIZATIONS,Commercial,"This Rural Development investment will be used to support technical assistance aimed at supporting small businesses, farmers, and entrepreneurs. Activities will feature a marketing workshop focused on digital promotion and website development, conduct an impact analysis of the effect of local purchasing, and launch a crowdfunding platform.",19847,1
2019,Vermont,Windsor,At-Large,Business Programs,Rural Business Development Grant (RBDG),05149,Not Persistent Poverty Community,"LUDLOW SIDE HILL CRONCHERS SM CLUB, INC.","FY19 $29,000 RBDG GROOMER",Grant Funds,Ludlow,Not Applicable,RBCS ENTERPRISE GRANTS,"Arts, Entertainment, and Recreation",50027,713990,ALL OTHER AMUSEMENT AND RECREATION INDUSTRIES,Commercial,Detailed Project Description Not Available,29000,1
2019,Vermont,Windsor,At-Large,Community Facilities,Grant (CF),05001,Not Persistent Poverty Community,"HARTFORD, TOWN OF",FY 19 SENIOR CENTER ROOF REPLA,Grant Funds,White River Junction,Not Applicable,CF GRANTS,Health Care and Social Assistance,50027,624229,OTHER COMMUNITY HOUSING SERVICES,Commercial,"This Rural Development investment will be used to replace the aging roof at the Bugbee Senior Center in White River Junction Vt., a census-designated place in Hartford. The facility provides senior services such as hot meals, library, medical equipment, assistance with access to senior programs, and a venue for community events. The seniors depend on the meals and social engagements that the center provides. The leaking roof, compromising the structural integrity, and the potential for mold and mildew growth are health and safety concerns. This project will improve energy efficiency as well as continue to provide a safe and warm location for the seniors and community members to gather.",27800,1
2019,Vermont,Windsor,At-Large,Multifamily Housing,Rental Assistance (MFH),Zip Code Withheld,Not Persistent Poverty Community,Name Withheld,BRIGHTWOOD HOUSE,Grant Funds,City Name Withheld,Not Applicable,RENEWAL  / REPLACEMENT - ELDERLY,Real Estate and Rental and Leasing,50027,NA,Not Available,Residential,Detailed Project Description Not Available,132871,1
2019,Vermont,Windsor,At-Large,Multifamily Housing,Rental Assistance (MFH),Zip Code Withheld,Not Persistent Poverty Community,Name Withheld,HOLLOW DRIVE FAMILY C/O VSHA,Grant Funds,City Name Withheld,Not Applicable,RENEWAL / REPLACEMENT -FAMILY,Real Estate and Rental and Leasing,50027,NA,Not Available,Residential,Detailed Project Description Not Available,186116,1
2019,Vermont,Windsor,At-Large,Multifamily Housing,Rental Assistance (MFH),Zip Code Withheld,Not Persistent Poverty Community,Name Withheld,PLEASANTBROOK APTS,Grant Funds,City Name Withheld,Not Applicable,RENEWAL / REPLACEMENT -FAMILY,Real Estate and Rental and Leasing,50027,NA,Not Available,Residential,Detailed Project Description Not Available,227476,1
2019,Vermont,Windsor,At-Large,Multifamily Housing,Rental Assistance (MFH),Zip Code Withheld,Not Persistent Poverty Community,Name Withheld,PROCTORSVILLE GREEN HOUSING C/O STEWART,Grant Funds,City Name Withheld,Not Applicable,RENEWAL / REPLACEMENT -FAMILY,Real Estate and Rental and Leasing,50027,NA,Not Available,Residential,Detailed Project Description Not Available,29658,1
2019,Vermont,Windsor,At-Large,Multifamily Housing,Rental Assistance (MFH),Zip Code Withheld,Not Persistent Poverty Community,Name Withheld,THE MAPLES SPRINGFIELD HOUSING AUTHORITY,Grant Funds,City Name Withheld,Not Applicable,RENEWAL  / REPLACEMENT - ELDERLY,Real Estate and Rental and Leasing,50027,NA,Not Available,Residential,Detailed Project Description Not Available,158968,1
2019,Vermont,Windsor,At-Large,Multifamily Housing,Rental Assistance (MFH),Zip Code Withheld,Not Persistent Poverty Community,Name Withheld,WINDSOR HOLLOW,Grant Funds,City Name Withheld,Not Applicable,RENEWAL  / REPLACEMENT - ELDERLY,Real Estate and Rental and Leasing,50027,NA,Not Available,Residential,Detailed Project Description Not Available,185793,1
2019,Vermont,Windsor,At-Large,Single Family Housing,Direct Loan (SFH),Zip Code Withheld,Not Persistent Poverty Community,Name Withheld,NOT AVAILABLE,Loan Funds - Direct,City Name Withheld,Not Applicable,502 LOAN - GENERAL INTEREST SUBSIDY VERY LOW INCOME,Real Estate and Rental and Leasing,50027,NA,Not Available,Residential,Detailed Project Description Not Available,544690,3
2019,Vermont,Windsor,At-Large,Single Family Housing,Guaranteed Loan (SFH),Zip Code Withheld,Not Persistent Poverty Community,Name Withheld,NOT AVAILABLE,Loan Funds - Guaranteed,City Name Withheld,"CMG MORTGAGE, INC",SEC 502 GUARANTEED SINGLE FAMILY HOUSING PURCHASE LOANS - WITH ANNUAL FEES ASSIGNED,Real Estate and Rental and Leasing,50027,NA,Not Available,Residential,Detailed Project Description Not Available,138383,1
2019,Vermont,Windsor,At-Large,Single Family Housing,Guaranteed Loan (SFH),Zip Code Withheld,Not Persistent Poverty Community,Name Withheld,NOT AVAILABLE,Loan Funds - Guaranteed,City Name Withheld,COLONIAL NTL MTG A DIV OF COL SAV F.A.,SEC 502 GUARANTEED SINGLE FAMILY HOUSING PURCHASE LOANS - WITH ANNUAL FEES ASSIGNED,Real Estate and Rental and Leasing,50027,NA,Not Available,Residential,Detailed Project Description Not Available,463635,3
2019,Vermont,Windsor,At-Large,Single Family Housing,Guaranteed Loan (SFH),Zip Code Withheld,Not Persistent Poverty Community,Name Withheld,NOT AVAILABLE,Loan Funds - Guaranteed,City Name Withheld,MLD MORTGAGE INC.,SEC 502 GUARANTEED SINGLE FAMILY HOUSING PURCHASE LOANS - WITH ANNUAL FEES ASSIGNED,Real Estate and Rental and Leasing,50027,NA,Not Available,Residential,Detailed Project Description Not Available,138383,1
2019,Vermont,Windsor,At-Large,Single Family Housing,Guaranteed Loan (SFH),Zip Code Withheld,Not Persistent Poverty Community,Name Withheld,NOT AVAILABLE,Loan Funds - Guaranteed,City Name Withheld,"MORTGAGE RESEARCH CENTER, LLC",SEC 502 GUARANTEED SINGLE FAMILY HOUSING PURCHASE LOANS - WITH ANNUAL FEES ASSIGNED,Real Estate and Rental and Leasing,50027,NA,Not Available,Residential,Detailed Project Description Not Available,185858,2
2019,Vermont,Windsor,At-Large,Single Family Housing,Guaranteed Loan (SFH),Zip Code Withheld,Not Persistent Poverty Community,Name Withheld,NOT AVAILABLE,Loan Funds - Guaranteed,City Name Withheld,"MOVEMENT MORTGAGE, LLC",SEC 502 GUARANTEED SINGLE FAMILY HOUSING PURCHASE LOANS - WITH ANNUAL FEES ASSIGNED,Real Estate and Rental and Leasing,50027,NA,Not Available,Residential,Detailed Project Description Not Available,158585,1
2019,Vermont,Windsor,At-Large,Single Family Housing,Guaranteed Loan (SFH),Zip Code Withheld,Not Persistent Poverty Community,Name Withheld,NOT AVAILABLE,Loan Funds - Guaranteed,City Name Withheld,"NORTHEAST HOME LOAN, LLC",SEC 502 GUARANTEED SINGLE FAMILY HOUSING PURCHASE LOANS - WITH ANNUAL FEES ASSIGNED,Real Estate and Rental and Leasing,50027,NA,Not Available,Residential,Detailed Project Description Not Available,126262,1
2019,Vermont,Windsor,At-Large,Single Family Housing,Guaranteed Loan (SFH),Zip Code Withheld,Not Persistent Poverty Community,Name Withheld,NOT AVAILABLE,Loan Funds - Guaranteed,City Name Withheld,NORTHFIELD SAVINGS BANK,SEC 502 GUARANTEED SINGLE FAMILY HOUSING PURCHASE LOANS - WITH ANNUAL FEES ASSIGNED,Real Estate and Rental and Leasing,50027,NA,Not Available,Residential,Detailed Project Description Not Available,193415,1
2019,Vermont,Windsor,At-Large,Single Family Housing,Guaranteed Loan (SFH),Zip Code Withheld,Not Persistent Poverty Community,Name Withheld,NOT AVAILABLE,Loan Funds - Guaranteed,City Name Withheld,"PRIME LENDING, A PLAINS CAPITAL CO.",SEC 502 GUARANTEED SINGLE FAMILY HOUSING PURCHASE LOANS - WITH ANNUAL FEES ASSIGNED,Real Estate and Rental and Leasing,50027,NA,Not Available,Residential,Detailed Project Description Not Available,186767,2
2019,Vermont,Windsor,At-Large,Single Family Housing,Guaranteed Loan (SFH),Zip Code Withheld,Not Persistent Poverty Community,Name Withheld,NOT AVAILABLE,Loan Funds - Guaranteed,City Name Withheld,UNION BANK,SEC 502 GUARANTEED SINGLE FAMILY HOUSING PURCHASE LOANS - WITH ANNUAL FEES ASSIGNED,Real Estate and Rental and Leasing,50027,NA,Not Available,Residential,Detailed Project Description Not Available,131313,1
2019,Vermont,Windsor,At-Large,Single Family Housing,Repair Grant (SFH),Zip Code Withheld,Not Persistent Poverty Community,Name Withheld,NOT AVAILABLE,Grant Funds,City Name Withheld,Not Applicable,504 COMBINATION LOAN & GRANT,Real Estate and Rental and Leasing,50027,NA,Not Available,Residential,Detailed Project Description Not Available,4000,1
2019,Vermont,Windsor,At-Large,Single Family Housing,Repair Grant (SFH),Zip Code Withheld,Not Persistent Poverty Community,Name Withheld,NOT AVAILABLE,Grant Funds,City Name Withheld,Not Applicable,504 GRANT,Real Estate and Rental and Leasing,50027,NA,Not Available,Residential,Detailed Project Description Not Available,22250,3
2019,Vermont,Windsor,At-Large,Single Family Housing,Repair Loan (SFH),Zip Code Withheld,Not Persistent Poverty Community,Name Withheld,NOT AVAILABLE,Loan Funds - Direct,City Name Withheld,Not Applicable,504 COMBINATION LOAN & GRANT,Real Estate and Rental and Leasing,50027,NA,Not Available,Residential,Detailed Project Description Not Available,4000,1
2019,Vermont,Windsor,At-Large,Single Family Housing,Repair Loan (SFH),Zip Code Withheld,Not Persistent Poverty Community,Name Withheld,NOT AVAILABLE,Loan Funds - Direct,City Name Withheld,Not Applicable,504 LOAN,Real Estate and Rental and Leasing,50027,NA,Not Available,Residential,Detailed Project Description Not Available,3850,1
