SUMLEV,REGION,DIVISION,STATE,COUNTY,STNAME,CTYNAME,ESTIMATESBASE2020,POPESTIMATE2020,POPESTIMATE2021,POPESTIMATE2022,POPESTIMATE2023,NPOPCHG2020,NPOPCHG2021,NPOPCHG2022,NPOPCHG2023,BIRTHS2020,BIRTHS2021,BIRTHS2022,BIRTHS2023,DEATHS2020,DEATHS2021,DEATHS2022,DEATHS2023,NATURALCHG2020,NATURALCHG2021,NATURALCHG2022,NATURALCHG2023,INTERNATIONALMIG2020,INTERNATIONALMIG2021,INTERNATIONALMIG2022,INTERNATIONALMIG2023,DOMESTICMIG2020,DOMESTICMIG2021,DOMESTICMIG2022,DOMESTICMIG2023,NETMIG2020,NETMIG2021,NETMIG2022,NETMIG2023,RESIDUAL2020,RESIDUAL2021,RESIDUAL2022,RESIDUAL2023,GQESTIMATESBASE2020,GQESTIMATES2020,GQESTIMATES2021,GQESTIMATES2022,GQESTIMATES2023,RBIRTH2021,RBIRTH2022,RBIRTH2023,RDEATH2021,RDEATH2022,RDEATH2023,RNATURALCHG2021,RNATURALCHG2022,RNATURALCHG2023,RINTERNATIONALMIG2021,RINTERNATIONALMIG2022,RINTERNATIONALMIG2023,RDOMESTICMIG2021,RDOMESTICMIG2022,RDOMESTICMIG2023,RNETMIG2021,RNETMIG2022,RNETMIG2023
050,3,5,10,001,Delaware,Kent County,181858,182315,185043,187758,189789,457,2728,2715,2031,522,2002,2157,2153,516,2180,2274,2169,6,-178,-117,-16,9,106,283,263,422,2835,2541,1788,431,2941,2824,2051,20,-35,8,-4,4072,4007,4825,5266,5279,10.899449583000001,11.571857372,11.405202531,11.868531514,12.199538091,11.48996019,-0.969081931,-0.62768072,-0.084757659,0.5770937342,1.5182362708,1.3932040249,15.434535249,13.631937683,9.471668428,16.011628983,15.150173953,10.864872453
050,3,5,10,003,Delaware,New Castle County,570713,570918,572029,575254,578592,205,1111,3225,3338,1513,6025,6240,6080,1556,5801,5829,5527,-43,224,411,553,47,695,1613,1582,-9,-249,1531,1203,38,446,3144,2785,210,441,-330,0,15883,15889,15129,15734,15686,10.542921063,10.877874073,10.538668072,10.150951881,10.161398713,9.5801346107,0.3919691814,0.7164753596,0.9585334611,1.2161543799,2.8118607179,2.742133699,-0.435715742,2.6689142958,2.085200278,0.780438638,5.4807750137,4.827333977
050,3,5,10,005,Delaware,Sussex County,237375,238629,247809,256447,263509,1254,9180,8638,7062,544,2147,2486,2492,887,3247,3385,3201,-343,-1100,-899,-709,6,138,482,432,1782,10698,8597,7329,1788,10836,9079,7761,-191,-556,458,10,2763,2513,2763,2809,2772,8.8274353566,9.860071075,9.5854264592,13.350108339,13.425720269,12.312580295,-4.522672982,-3.565649194,-2.727153836,0.5673898832,1.9117273766,1.6616790652,43.98505051,34.097759868,28.190846918,44.552440393,36.009487245,29.852525983
