SUMLEV,REGION,DIVISION,STATE,COUNTY,STNAME,CTYNAME,ESTIMATESBASE2020,POPESTIMATE2020,POPESTIMATE2021,POPESTIMATE2022,POPESTIMATE2023,NPOPCHG2020,NPOPCHG2021,NPOPCHG2022,NPOPCHG2023,BIRTHS2020,BIRTHS2021,BIRTHS2022,BIRTHS2023,DEATHS2020,DEATHS2021,DEATHS2022,DEATHS2023,NATURALCHG2020,NATURALCHG2021,NATURALCHG2022,NATURALCHG2023,INTERNATIONALMIG2020,INTERNATIONALMIG2021,INTERNATIONALMIG2022,INTERNATIONALMIG2023,DOMESTICMIG2020,DOMESTICMIG2021,DOMESTICMIG2022,DOMESTICMIG2023,NETMIG2020,NETMIG2021,NETMIG2022,NETMIG2023,RESIDUAL2020,RESIDUAL2021,RESIDUAL2022,RESIDUAL2023,GQESTIMATESBASE2020,GQESTIMATES2020,GQESTIMATES2021,GQESTIMATES2022,GQESTIMATES2023,RBIRTH2021,RBIRTH2022,RBIRTH2023,RDEATH2021,RDEATH2022,RDEATH2023,RNATURALCHG2021,RNATURALCHG2022,RNATURALCHG2023,RINTERNATIONALMIG2021,RINTERNATIONALMIG2022,RINTERNATIONALMIG2023,RDOMESTICMIG2021,RDOMESTICMIG2022,RDOMESTICMIG2023,RNETMIG2021,RNETMIG2022,RNETMIG2023
050,3,5,11,001,District of Columbia,District of Columbia,689548,670839,669037,670949,678972,-18709,-1802,1912,8023,2187,8508,8399,7627,2004,5837,5572,5020,183,2671,2827,2607,50,1745,4527,6969,-15475,-6551,-4917,-1509,-15425,-4806,-390,5460,-3467,333,-525,-44,40699,21719,38289,36723,37601,12.699682657,12.535951868,11.299920514,8.7127465527,8.3165047993,7.4374722669,3.9869361045,4.2194470688,3.862448247,2.6047186456,6.7567870112,10.325048651,-9.778516818,-7.338882645,-2.235686385,-7.173798172,-0.582095634,8.0893622664
