SUMLEV,REGION,DIVISION,STATE,COUNTY,STNAME,CTYNAME,ESTIMATESBASE2020,POPESTIMATE2020,POPESTIMATE2021,POPESTIMATE2022,POPESTIMATE2023,POPESTIMATE2024,POPESTIMATE2025,NPOPCHG2020,NPOPCHG2021,NPOPCHG2022,NPOPCHG2023,NPOPCHG2024,NPOPCHG2025,BIRTHS2020,BIRTHS2021,BIRTHS2022,BIRTHS2023,BIRTHS2024,BIRTHS2025,DEATHS2020,DEATHS2021,DEATHS2022,DEATHS2023,DEATHS2024,DEATHS2025,NATURALCHG2020,NATURALCHG2021,NATURALCHG2022,NATURALCHG2023,NATURALCHG2024,NATURALCHG2025,INTERNATIONALMIG2020,INTERNATIONALMIG2021,INTERNATIONALMIG2022,INTERNATIONALMIG2023,INTERNATIONALMIG2024,INTERNATIONALMIG2025,DOMESTICMIG2020,DOMESTICMIG2021,DOMESTICMIG2022,DOMESTICMIG2023,DOMESTICMIG2024,DOMESTICMIG2025,NETMIG2020,NETMIG2021,NETMIG2022,NETMIG2023,NETMIG2024,NETMIG2025,RESIDUAL2020,RESIDUAL2021,RESIDUAL2022,RESIDUAL2023,RESIDUAL2024,RESIDUAL2025,GQESTIMATESBASE2020,GQESTIMATES2020,GQESTIMATES2021,GQESTIMATES2022,GQESTIMATES2023,GQESTIMATES2024,GQESTIMATES2025,RBIRTH2021,RBIRTH2022,RBIRTH2023,RBIRTH2024,RBIRTH2025,RDEATH2021,RDEATH2022,RDEATH2023,RDEATH2024,RDEATH2025,RNATURALCHG2021,RNATURALCHG2022,RNATURALCHG2023,RNATURALCHG2024,RNATURALCHG2025,RINTERNATIONALMIG2021,RINTERNATIONALMIG2022,RINTERNATIONALMIG2023,RINTERNATIONALMIG2024,RINTERNATIONALMIG2025,RDOMESTICMIG2021,RDOMESTICMIG2022,RDOMESTICMIG2023,RDOMESTICMIG2024,RDOMESTICMIG2025,RNETMIG2021,RNETMIG2022,RNETMIG2023,RNETMIG2024,RNETMIG2025
050,3,7,48,001,Texas,Anderson County,57922,57941,58348,57318,59061,59573,59805,19,407,-1030,1743,512,232,135,571,541,527,587,594,163,807,836,699,731,736,-28,-236,-295,-172,-144,-142,1,33,113,153,136,75,24,608,-906,1713,517,296,25,641,-793,1866,653,371,22,2,58,49,3,3,13908,13910,13740,12913,14102,14408,14423,9.820361341,9.354520775,9.056616744,9.895982602,9.951582369,13.87921472,14.45541473,12.01247648,12.32361718,12.33058017,-4.058853374,-5.100893953,-2.955859734,-2.427634574,-2.378997805,0.567551531,1.953901752,2.629340345,2.292765986,1.256512925,10.456707,-15.66579634,29.43830072,8.715882462,4.959037679,11.024258529999999,-13.71189459,32.06764107,11.00864845,6.215550604
050,3,7,48,003,Texas,Andrews County,18611,18616,18422,18343,18632,18798,18914,5,-194,-79,289,166,116,66,266,311,280,258,263,28,157,172,138,142,144,38,109,139,142,116,119,0,34,72,26,88,12,-36,-321,-298,124,-39,-17,-36,-287,-226,150,49,-5,3,-16,8,-3,1,2,68,68,63,61,60,69,69,14.36362655,16.91826465,15.14536849,13.78573337,13.94781502,8.477779578,9.356725146,7.464503043,7.58749666,7.636826474,5.885846968,7.561539508,7.68086545,6.198236709,6.310988545,1.835952265,3.916768666,1.406355646,4.702110607,0.636402206,-17.33354933,-16.21107031,6.707234618,-2.083889928,-0.901569792,-15.49759706,-12.29430165,8.113590264,2.618220679,-0.265167586
050,3,7,48,005,Texas,Angelina County,86511,86496,86862,87209,87626,87958,88154,-15,366,347,417,332,196,264,1140,1070,1087,1070,1073,296,1201,1193,1034,1037,1042,-32,-61,-123,53,33,31,0,-2,22,160,226,70,-3,365,482,210,77,89,-3,363,504,370,303,159,20,64,-34,-6,-4,6,2635,2635,2778,2746,2867,2908,2909,13.15197453,12.29383413,12.43458118,12.18789867,12.18542746,13.85572053,13.70705057,11.82829525,11.81201021,11.83337876,-0.703746005,-1.413216446,0.606285927,0.375888464,0.352048696,-0.02307364,0.252770421,1.830297137,2.574266448,0.794948669,4.210939213,5.537970139,2.402264993,0.877073082,1.010720451,4.187865573,5.79074056,4.23256213,3.45133953,1.80566912
050,3,7,48,007,Texas,Aransas County,23828,23930,24508,24963,25360,25686,26146,102,578,455,397,326,460,39,191,208,215,214,221,99,461,415,410,394,401,-60,-270,-207,-195,-180,-180,0,-2,-1,6,46,28,183,897,628,569,447,614,183,895,627,575,493,642,-21,-47,35,17,13,-2,431,431,436,449,454,452,452,7.886370205,8.40896687,8.544800588,8.384594288,8.527550548,19.03464222,16.77750601,16.29473601,15.43705677,15.47306683,-11.14827202,-8.368539144,-7.749935417,-7.052462485,-6.945516283,-0.082579793,-0.040427725,0.238459551,1.802295968,1.080413644,37.03703704,25.38861151,22.61391412,17.51361517,23.69192777,36.954457240000004,25.34818378,22.85237367,19.31591114,24.77234141
050,3,7,48,009,Texas,Archer County,8552,8553,8707,8866,9046,9140,9129,1,154,159,180,94,-11,15,76,95,82,94,95,23,87,117,95,84,85,-8,-11,-22,-13,10,10,0,4,11,2,17,2,8,161,169,190,69,-23,8,165,180,192,86,-21,1,0,1,1,-2,0,57,57,57,57,57,57,57,8.806488992,10.8120412,9.155873158,10.33762235,10.40013137,10.0811124,13.31588232,10.60741402,9.237875289,9.3053807,-1.274623407,-2.50384112,-1.451540866,1.099747058,1.094750671,0.463499421,1.25192056,0.22331398,1.869569999,0.218950134,18.65585168,19.23405224,21.21482805,7.588254701,-2.517926542,19.1193511,20.4859728,21.43814203,9.4578247,-2.298976408
050,3,7,48,011,Texas,Armstrong County,1847,1851,1839,1855,1829,1814,1843,4,-12,16,-26,-15,29,3,22,20,20,23,23,7,39,29,31,27,27,-4,-17,-9,-11,-4,-4,0,0,0,2,3,2,10,5,24,-18,-15,33,10,5,24,-16,-12,35,-2,0,1,1,1,-2,39,39,39,38,40,40,40,11.92411924,10.82837033,10.8577633,12.62695581,12.57861635,21.13821138,15.70113698,16.82953312,14.82294812,14.76620181,-9.214092141,-4.872766649,-5.971769815,-2.195992314,-2.187585453,0,0,1.08577633,1.646994236,1.093792726,2.7100271,12.9940444,-9.771986971,-8.234971178,18.04757998,2.7100271,12.9940444,-8.686210641,-6.587976942,19.14137271
050,3,7,48,013,Texas,Atascosa County,49137,49286,49979,50916,52116,52937,53590,149,693,937,1200,821,653,168,608,605,693,674,680,121,635,590,502,492,497,47,-27,15,191,182,183,0,1,-9,52,57,-50,93,715,906,950,586,522,93,716,897,1002,643,472,9,4,25,7,-4,-2,499,499,438,457,440,438,439,12.25003778,11.99266564,13.45213138,12.83161833,12.76671642,12.79403617,11.69532683,9.744545384,9.366700618,9.330967736,-0.543998388,0.297338818,3.707585993,3.464917708,3.435748683,0.020148089,-0.178403291,1.009395139,1.085166535,-0.938729148,14.40588324,17.95926458,18.44087274,11.1562735,9.80033231,14.42603133,17.78086129,19.45026788,12.24144004,8.861603162
050,3,7,48,015,Texas,Austin County,30168,30133,30435,31110,31772,32878,33625,-35,302,675,662,1106,747,89,342,368,371,397,400,96,349,377,353,322,329,-7,-7,-9,18,75,71,0,8,64,107,233,70,-31,297,607,535,795,612,-31,305,671,642,1028,682,3,4,13,2,3,-6,269,269,247,234,228,236,236,11.29309206,11.95872939,11.79987914,12.28151586,12.0295325,11.52423722,12.25119831,11.22737826,9.96133024,9.894290483,-0.231145159,-0.292468925,0.572500875,2.320185615,2.135242019,0.264165896,2.079779024,3.403199644,7.20804331,2.105168188,9.807158896,19.72540418,17.01599822,24.59396752,18.40518473,10.07132479,21.8051832,20.41919786,31.80201083,20.51035292
050,3,7,48,017,Texas,Bailey County,6905,6869,6805,6835,6804,6891,6963,-36,-64,30,-31,87,72,30,115,112,144,124,125,10,88,73,60,65,66,20,27,39,84,59,59,0,15,98,126,143,69,-53,-103,-109,-246,-116,-57,-53,-88,-11,-120,27,12,-3,-3,2,5,1,1,120,120,118,111,120,109,109,16.8202428,16.42228739,21.11591759,18.10879883,18.04532987,12.87114231,10.70381232,8.798298996,9.492515517,9.527934171,3.949100483,5.718475073,12.31761859,8.616283315,8.517395698,2.193944713,14.36950147,18.47642789,20.88353414,9.961022088,-15.06508703,-15.98240469,-36.07302588,-16.94048923,-8.22867042,-12.87114231,-1.612903226,-17.59659799,3.943044907,1.732351667
050,3,7,48,019,Texas,Bandera County,20836,20987,21532,22128,22608,22790,22876,151,545,596,480,182,86,40,155,195,175,158,152,64,342,332,325,320,321,-24,-187,-137,-150,-162,-169,0,6,35,19,39,11,195,766,662,597,303,247,195,772,697,616,342,258,-20,-40,36,14,2,-3,215,215,203,217,218,226,225,7.290858205,8.932661475,7.823676681,6.96065906,6.65703149,16.08692585,15.20842877,14.52968527,14.09753734,14.0585994,-8.79606764,-6.275767293,-6.706008584,-7.136878277,-7.401567906,0.282226769,1.603298214,0.849427754,1.718137363,0.481758858,36.03095087,30.3252405,26.68991416,13.34860567,10.81767617,36.31317764,31.92853871,27.53934192,15.06674303,11.29943503
050,3,7,48,021,Texas,Bastrop County,97229,98060,102270,106581,111561,115937,118908,831,4210,4311,4980,4376,2971,283,1197,1321,1508,1541,1531,203,875,933,902,838,854,80,322,388,606,703,677,1,30,269,453,652,71,805,4039,3453,3855,3017,2254,806,4069,3722,4308,3669,2325,-55,-181,201,66,4,-31,2187,2187,2015,2108,2229,2145,2148,11.95028204,12.65016687,13.82585655,13.54737185,13.03838702,8.735586283,8.934599308,8.26984258,7.367097733,7.272882114,3.214695752,3.715567558,5.556013973,6.180274112,5.765504908,0.299505815,2.575999157,4.15325797,5.731918522,0.604654134,40.32346628,33.06663602,35.34395027,26.5233101,19.19563968,40.6229721,35.64263518,39.49720824,32.25522862,19.80029381
050,3,7,48,023,Texas,Baylor County,3465,3461,3456,3466,3482,3482,3472,-4,-5,10,16,0,-10,9,35,43,41,34,34,14,74,83,60,64,64,-5,-39,-40,-19,-30,-30,0,2,14,3,5,3,0,34,34,32,23,18,0,36,48,35,28,21,1,-2,2,0,2,-1,55,55,55,55,57,55,55,10.11999422,12.42415487,11.8019574,9.764503159,9.778544723,21.3965592,23.98150824,17.27115717,18.38024124,18.40667242,-11.27656498,-11.55735337,-5.46919977,-8.615738082,-8.628127696,0.578285384,4.045073678,0.863557858,1.435956347,0.86281277,9.830851525,9.823750361,9.211283823,6.605399196,5.176876618,10.40913691,13.86882404,10.07484168,8.041355543,6.039689387
050,3,7,48,025,Texas,Bee County,31055,31043,30844,31069,31394,32651,32515,-12,-199,225,325,1257,-136,85,324,278,317,298,299,86,354,377,290,298,300,-1,-30,-99,27,0,-1,0,4,12,20,49,32,-23,-196,294,272,1184,-168,-23,-192,306,292,1233,-136,12,23,18,6,24,1,7410,7432,7303,8023,8408,9775,9788,10.47069659,8.980343385,10.15000881,9.305956749,9.176564466,11.44020554,12.17837934,9.285497014,9.305956749,9.207255317,-0.969508944,-3.198035954,0.864511791,0,-0.030690851,0.129267859,0.387640722,0.640379104,1.530174096,0.982107234,-6.334125099,9.497197681,8.70915582,36.97400265,-5.156062978,-6.20485724,9.884838402,9.349534925,38.50417675,-4.173955744
050,3,7,48,027,Texas,Bell County,370790,372407,380747,387775,393673,397439,402248,1617,8340,7028,5898,3766,4809,1484,5985,6167,6003,5978,6037,663,3138,3222,2889,2825,2828,821,2847,2945,3114,3153,3209,15,94,784,1202,1651,826,703,5442,3357,1575,-1055,730,718,5536,4141,2777,596,1556,78,-43,-58,7,17,44,8865,8853,9197,8150,8452,6836,6836,15.89316395,16.04898754,15.3637862,15.11290437,15.09840725,8.332957138,8.384925871,7.393966073,7.141845908,7.07276722,7.56020681,7.664061666,7.969820129,7.97105846,8.025640032,0.249616944,2.040279914,3.076340332,4.173871715,2.065808248,14.45122777,8.73624958,4.030978389,-2.667131835,1.825714311,14.70084471,10.77652949,7.107318721,1.50673988,3.891522558
050,3,7,48,029,Texas,Bexar County,2009323,2015492,2031426,2065661,2102398,2138942,2160088,6169,15934,34235,36737,36544,21146,6016,25106,26107,26659,26203,26216,3561,18851,18080,15996,16010,16172,2455,6255,8027,10663,10193,10044,120,1770,10595,15103,22913,8356,3140,6170,15847,11123,3573,2505,3260,7940,26442,26226,26486,10861,454,1739,-234,-152,-135,241,38574,38607,39623,40252,40925,41628,41623,12.40746662,12.74417653,12.79204541,12.3560007,12.19623962,9.316225335,8.825782806,7.67551515,7.549500865,7.52355764,3.091241285,3.918393727,5.11653026,4.806499833,4.672681977,0.87473974,5.171967303,7.247018336,10.80460421,3.88738855,3.04923401,7.735740051,5.337256502,1.684844884,1.165379167,3.92397375,12.90770735,12.58427484,12.48944909,5.052767717
050,3,7,48,031,Texas,Blanco County,11378,11451,11877,12417,13067,13395,13581,73,426,540,650,328,186,15,90,89,115,128,131,28,159,140,148,146,146,-13,-69,-51,-33,-18,-15,0,0,2,-1,22,-3,97,527,551,665,319,204,97,527,553,664,341,201,-11,-32,38,19,5,0,77,77,77,78,77,77,77,7.716049383,7.326911995,9.025270758,9.674249868,9.712336892,13.63168724,11.52547954,11.61513106,11.03469126,10.82443654,-5.91563786,-4.198567548,-2.589860305,-1.360441388,-1.112099644,0,0.164649708,-0.078480615,1.662761696,-0.222419929,45.18175583,45.36099448,52.18960917,24.11004459,15.12455516,45.18175583,45.52564419,52.11112855,25.77280629,14.90213523
050,3,7,48,033,Texas,Borden County,629,643,618,582,573,560,567,14,-25,-36,-9,-13,7,1,4,3,3,3,3,1,10,6,6,6,6,0,-6,-3,-3,-3,-3,0,0,0,0,0,0,16,-17,-35,-6,-11,12,16,-17,-35,-6,-11,12,-2,-2,2,0,1,-2,0,0,0,0,0,0,0,6.344171293,5,5.194805195,5.295675199,5.323868678,15.86042823,10,10.38961039,10.5913504,10.64773736,-9.516256939,-5,-5.194805195,-5.295675199,-5.323868678,0,0,0,0,0,-26.96272799,-58.33333333,-10.38961039,-19.41747573,21.29547471,-26.96272799,-58.33333333,-10.38961039,-19.41747573,21.29547471
050,3,7,48,035,Texas,Bosque County,18232,18255,18502,18690,18936,18961,18918,23,247,188,246,25,-43,63,152,188,181,187,186,73,315,308,325,325,327,-10,-163,-120,-144,-138,-141,0,8,18,8,11,-8,32,423,280,376,149,106,32,431,298,384,160,98,1,-21,10,6,3,0,249,249,236,206,229,242,244,8.270533504,10.10970101,9.621006751,9.868855055,9.820745004,17.13959246,16.56270166,17.27528836,17.15175344,17.26550331,-8.869058955,-6.453000645,-7.654281614,-7.282898382,-7.444758309,0.435291237,0.967950097,0.425237867,0.580520886,-0.422397635,23.01602416,15.05700151,19.98617977,7.863419268,5.596768658,23.4513154,16.0249516,20.41141764,8.443940154,5.174371024
050,3,7,48,037,Texas,Bowie County,92894,92907,92266,91623,91688,92676,92696,13,-641,-643,65,988,20,283,1053,1025,1080,1147,1154,283,1358,1388,1229,1216,1229,0,-305,-363,-149,-69,-75,1,47,96,142,338,104,-15,-425,-350,89,720,-19,-14,-378,-254,231,1058,85,27,42,-26,-17,-1,10,5675,5675,5211,5011,5115,5536,5533,11.37314835,11.14802952,11.7832536,12.44277625,12.4506398,14.66736511,15.09606339,13.40890618,13.19129548,13.25982349,-3.294216759,-3.948033868,-1.625652579,-0.748519234,-0.809183695,0.507633402,1.04410813,1.54927964,3.666659435,1.122068058,-4.590302042,-3.806644226,0.97102738,7.810635482,-0.204993203,-4.08266864,-2.762536095,2.520307019,11.47729492,0.917074855
050,3,7,48,039,Texas,Brazoria County,372046,373490,379221,388637,400433,411416,419080,1444,5731,9416,11796,10983,7664,1048,4579,4702,4767,4632,4649,694,3174,3256,2770,2819,2846,354,1405,1446,1997,1813,1803,15,315,1142,1435,1780,1028,1014,3831,6668,8251,7342,4849,1029,4146,7810,9686,9122,5877,61,180,160,113,48,-16,10343,10349,9340,9297,9936,10090,10093,12.16668815,12.2470561,12.08257823,11.41098899,11.19571919,8.433515652,8.480734719,7.020923366,6.944641183,6.853735599,3.733172493,3.766321377,5.06165486,4.466347806,4.341983586,0.836974616,2.974508308,3.637193151,4.3850519,2.475629022,10.17920557,17.36779457,20.91322696,18.08710733,11.67735907,11.01618018,20.34230287,24.55042012,22.47215923,14.15298809
050,3,7,48,041,Texas,Brazos County,233840,234527,237636,242285,246477,248373,249088,687,3109,4649,4192,1896,715,651,2627,2791,2809,2846,2879,334,1413,1370,1332,1385,1404,317,1214,1421,1477,1461,1475,20,384,1167,1656,2340,1558,260,1337,2137,1060,-1948,-2322,280,1721,3304,2716,392,-764,90,174,-76,-1,43,4,20796,20782,20995,20861,21760,21733,21739,11.12751317,11.63108095,11.49434694,11.5024755,11.57477672,5.985221205,5.709272985,5.450505563,5.597655855,5.644663602,5.142291963,5.921807964,6.043841379,5.904819642,5.930113114,1.626556931,4.863300418,6.776304214,9.457411337,6.263807615,5.66329848,8.905632385,4.337489412,-7.873092856,-9.335405188,7.28985541,13.7689328,11.11379363,1.58431848,-3.071597572
050,3,7,48,043,Texas,Brewster County,9544,9561,9488,9363,9550,9521,9458,17,-73,-125,187,-29,-63,12,75,76,84,81,82,19,108,89,95,96,97,-7,-33,-13,-11,-15,-15,0,20,41,30,103,77,26,-65,-156,163,-120,-126,26,-45,-115,193,-17,-49,-2,5,3,5,3,1,502,501,511,502,525,514,514,7.874429104,8.06323272,8.882779041,8.494572912,8.64112967,11.33917791,9.442469896,10.04600011,10.06764197,10.22182412,-3.464748806,-1.379237176,-1.163221065,-1.573069058,-1.580694452,2.099847761,4.349901862,3.172421086,10.80174086,8.114231519,-6.824505223,-16.55084611,17.23682123,-12.58455246,-13.27783339,-4.724657462,-12.20094425,20.40924232,-1.782811599,-5.163601876
050,3,7,48,045,Texas,Briscoe County,1436,1420,1400,1438,1444,1472,1474,-16,-20,38,6,28,2,6,8,12,13,12,12,7,20,19,19,21,21,-1,-12,-7,-6,-9,-9,0,0,0,1,1,1,-12,-7,43,11,38,10,-12,-7,43,12,39,11,-3,-1,2,0,-2,0,0,0,0,0,0,0,0,5.673758865,8.45665962,9.021512838,8.230452675,8.146639511,14.18439716,13.38971106,13.18528799,14.40329218,14.25661915,-8.510638298,-4.933051445,-4.163775156,-6.172839506,-6.109979633,0,0,0.693962526,0.685871056,0.678886626,-4.964539007,30.3030303,7.633587786,26.06310014,6.788866259,-4.964539007,30.3030303,8.327550312,26.74897119,7.467752885
050,3,7,48,047,Texas,Brooks County,7126,7095,7023,6940,6874,6700,6579,-31,-72,-83,-66,-174,-121,26,77,98,102,82,83,15,120,113,98,93,93,11,-43,-15,4,-11,-10,0,20,38,22,18,5,-38,-51,-109,-91,-182,-114,-38,-31,-71,-69,-164,-109,-4,2,3,-1,1,-2,513,513,506,512,514,514,513,10.90806063,14.03709805,14.76762705,12.08192132,12.50094134,16.99957501,16.18563346,14.18850442,13.70266686,14.00707885,-6.091514379,-2.148535415,0.579122629,-1.620745543,-1.50613751,2.833262502,5.442956385,3.185174461,2.65212907,0.753068755,-7.22481938,-15.61269068,-13.17503981,-26.81597171,-17.16996762,-4.391556878,-10.1697343,-9.989865354,-24.16384264,-16.41689886
050,3,7,48,049,Texas,Brown County,38106,38056,38149,38399,38447,38729,38711,-50,93,250,48,282,-18,94,397,394,398,414,423,141,700,658,612,579,584,-47,-303,-264,-214,-165,-161,0,3,38,59,58,18,-9,385,486,206,383,121,-9,388,524,265,441,139,6,8,-10,-3,6,4,1719,1720,1686,1692,1565,1666,1668,10.41926383,10.29419449,10.3583791,10.72872396,10.92458678,18.37149793,17.19182735,15.92795982,15.00466466,15.08264463,-7.952234105,-6.897632858,-5.56958072,-4.275940707,-4.158057851,0.078734991,0.992841093,1.53553861,1.503057946,0.464876033,10.10432386,12.69791503,5.361372095,9.925365399,3.125,10.18305885,13.69075613,6.896910705,11.42842334,3.589876033
050,3,7,48,051,Texas,Burleson County,17639,17679,18113,18702,19495,20097,20549,40,434,589,793,602,452,59,202,196,213,226,228,51,281,279,247,249,249,8,-79,-83,-34,-23,-21,1,14,82,67,110,58,30,521,556,744,510,417,31,535,638,811,620,475,1,-22,34,16,5,-2,154,154,137,142,138,119,123,11.28743853,10.64783376,11.15270833,11.41644777,11.21881612,15.70183281,15.15686541,12.93295285,12.57829865,12.25212813,-4.414394278,-4.509031645,-1.780244522,-1.161850879,-1.033312011,0.78229772,4.454705962,3.508128911,5.556678117,2.853909364,29.11265087,30.20507945,38.95593895,25.76278036,20.51862422,29.89494859,34.65978541,42.46406786,31.31945848,23.37253358
050,3,7,48,053,Texas,Burnet County,49125,49480,51173,52660,54390,56004,57015,355,1693,1487,1730,1614,1011,117,485,529,616,600,607,142,622,695,653,665,668,-25,-137,-166,-37,-65,-61,0,0,91,189,402,124,423,1952,1473,1539,1265,954,423,1952,1564,1728,1667,1078,-43,-122,89,39,12,-6,973,973,1044,1049,1141,1241,1241,9.637069933,10.18943881,11.50864082,10.87015599,10.74155673,12.35929381,13.38688086,12.19990659,12.04775622,11.82102124,-2.722223878,-3.197442046,-0.691265764,-1.177600232,-1.079464515,0,1.752814616,3.531060252,7.283004511,2.194321309,38.7867227,28.37248274,28.7529192,22.91791221,16.88211717,38.7867227,30.12529735,32.28397945,30.20091672,19.07643848
050,3,7,48,055,Texas,Caldwell County,45882,45945,46970,47995,50289,52939,55150,63,1025,1025,2294,2650,2211,126,625,624,688,704,705,134,470,458,420,412,419,-8,155,166,268,292,286,1,19,185,262,401,67,60,867,675,1735,1941,1887,61,886,860,1997,2342,1954,10,-16,-1,29,16,-29,2430,2431,2522,2461,2504,2551,2552,13.45315611,13.14168378,14.00024419,13.63971016,13.04480567,10.1167734,9.645658927,8.546660698,7.982330376,7.75287032,3.336382715,3.496024851,5.453583493,5.657379781,5.29193535,0.408975946,3.896172274,5.33148834,7.769209904,1.23971912,18.66221816,14.2157637,35.30584836,37.60607587,34.91567135,19.0711941,18.11193598,40.6373367,45.37528578,36.15539047
050,3,7,48,057,Texas,Calhoun County,20104,20064,19802,19709,19731,19778,19599,-40,-262,-93,22,47,-179,75,232,233,212,211,215,55,288,249,239,255,264,20,-56,-16,-27,-44,-49,0,21,43,61,76,43,-58,-206,-107,-9,16,-173,-58,-185,-64,52,92,-130,-2,-21,-13,-3,-1,0,216,216,308,320,313,303,302,11.63899062,11.7941839,10.7505071,10.68111063,10.92008025,14.44840215,12.60408494,12.11967546,12.90845124,13.40884273,-2.809411529,-0.80990104,-1.369168357,-2.227340606,-2.488762476,1.053529323,2.176609046,3.093306288,3.847224683,2.18401605,-10.33462098,-5.416213206,-0.456389452,0.809942039,-8.786855271,-9.281091657,-3.239604161,2.636916836,4.657166722,-6.602839221
050,3,7,48,059,Texas,Callahan County,13706,13748,14104,14266,14427,14527,14491,42,356,162,161,100,-36,27,130,141,146,117,115,49,233,219,183,197,202,-22,-103,-78,-37,-80,-87,0,0,3,5,-4,-8,69,481,236,196,183,60,69,481,239,201,179,52,-5,-22,1,-3,1,-1,81,81,82,81,83,83,83,9.335056728,9.940077547,10.17669815,8.0817849,7.926114825,16.73129398,15.43884385,12.75572439,13.60779167,13.922393,-7.396237254,-5.498766302,-2.579026243,-5.526006769,-5.996278172,0,0.211491012,0.34851706,-0.276300338,-0.551381901,34.5397099,16.63729292,13.66186875,12.64074049,4.135364257,34.5397099,16.84878393,14.01038581,12.36444015,3.583982356
050,3,7,48,061,Texas,Cameron County,421127,421504,422635,425841,428906,432952,433946,377,1131,3206,3065,4046,994,1470,5592,6022,6046,5855,5924,865,4591,3664,3287,3273,3314,605,1001,2358,2759,2582,2610,26,290,1703,2257,3407,204,-338,-554,-613,-1918,-1923,-1837,-312,-264,1090,339,1484,-1633,84,394,-242,-33,-20,17,4378,4382,4418,4533,4550,4623,4625,13.24900283,14.19486232,14.14687621,13.58692499,13.66712116,10.87735551,8.636661497,7.691164754,7.595218702,7.645651507,2.371647324,5.558200821,6.455711456,5.99170629,6.021469654,0.687090633,4.014256149,5.281094874,7.906174799,0.470643605,-1.312580037,-1.44494364,-4.487877699,-4.462452051,-4.238099523,-0.625489404,2.569312509,0.793217174,3.443722748,-3.767455918
050,3,7,48,063,Texas,Camp County,12464,12429,12609,12735,13050,13222,13380,-35,180,126,315,172,158,32,181,176,185,217,221,51,223,200,184,173,174,-19,-42,-24,1,44,47,0,10,27,48,36,6,-19,217,125,265,92,104,-19,227,152,313,128,110,3,-5,-2,1,0,1,47,47,48,46,48,46,46,14.4580238,13.88888889,14.34942796,16.51948843,16.61529208,17.81292436,15.78282828,14.27186349,13.16991474,13.08172318,-3.354900551,-1.893939394,0.077564476,3.349573691,3.533568905,0.798785846,2.130681818,3.723094823,2.740560292,0.451093903,17.33365285,9.864267677,20.554586,7.00365408,7.81896098,18.13243869,11.9949495,24.27768082,9.744214373,8.270054883
050,3,7,48,065,Texas,Carson County,5799,5795,5726,5821,5883,5828,5805,-4,-69,95,62,-55,-23,8,48,61,58,48,49,18,88,92,73,67,67,-10,-40,-31,-15,-19,-18,0,0,1,2,4,1,4,-27,119,77,-38,-7,4,-27,120,79,-34,-6,2,-2,6,-2,-2,1,29,29,29,29,30,30,30,8.332610017,10.56551485,9.91114149,8.197421228,8.424310152,15.2764517,15.93487486,12.47436774,11.4422338,11.5189547,-6.94384168,-5.369360007,-2.563226247,-3.244812569,-3.094644546,0,0.173205162,0.3417635,0.683118436,0.171924697,-4.687093134,20.61141422,13.15789474,-6.489625139,-1.203472879,-4.687093134,20.78461938,13.49965824,-5.806506703,-1.031548182
050,3,7,48,067,Texas,Cass County,28449,28441,28565,28495,28637,28686,28651,-8,124,-70,142,49,-35,75,324,315,290,312,321,104,587,575,478,448,451,-29,-263,-260,-188,-136,-130,0,-1,-3,8,40,19,14,382,197,320,151,74,14,381,194,328,191,93,7,6,-4,2,-6,2,359,359,331,327,352,344,343,11.3672245,11.04100946,10.15192887,10.88568289,11.19695833,20.59432341,20.15422362,16.7331793,15.63072414,15.73155205,-9.227098902,-9.113214161,-6.581250438,-4.745041257,-4.534593718,-0.035084026,-0.105152471,0.28005321,1.39560037,0.662748313,13.40209803,6.905012268,11.2021284,5.268391396,2.58123027,13.367014,6.799859797,11.48218162,6.663991766,3.243978583
050,3,7,48,069,Texas,Castro County,7363,7324,7355,7285,7291,7343,7295,-39,31,-70,6,52,-48,18,118,106,108,90,90,22,95,86,65,76,76,-4,23,20,43,14,14,0,15,26,68,107,69,-33,-7,-123,-108,-70,-129,-33,8,-97,-40,37,-60,-2,0,7,3,1,-2,112,112,109,109,112,122,122,16.07738947,14.48087432,14.81888035,12.300123,12.29676185,12.94366101,11.74863388,8.918770582,10.38677053,10.38393223,3.133728456,2.732240437,5.90010977,1.913352467,1.912829622,2.043735949,3.551912568,9.330406147,14.62347957,9.42751742,-0.953743443,-16.80327869,-14.81888035,-9.566762334,-17.62535866,1.089992506,-13.25136612,-5.488474204,5.056717234,-8.197841235
050,3,7,48,071,Texas,Chambers County,46539,46992,48691,51348,54113,55988,57594,453,1699,2657,2765,1875,1606,114,538,634,689,691,697,96,396,405,324,344,349,18,142,229,365,347,348,0,27,127,151,127,33,459,1593,2200,2213,1397,1239,459,1620,2327,2364,1524,1272,-24,-63,101,36,4,-14,222,222,202,206,219,219,219,11.2454668,12.67505673,13.06644162,12.55211124,12.27307144,8.277332442,8.096842232,6.144451503,6.248807913,6.145339931,2.96813436,4.578214496,6.92199012,6.303303331,6.127731507,0.564363576,2.539009786,2.86361783,2.306972689,0.581077988,33.29745096,43.98284669,41.96812092,25.37669958,21.81683718,33.86181453,46.52185648,44.83173875,27.68367227,22.39791516
050,3,7,48,073,Texas,Cherokee County,50543,50619,51285,51665,52631,53178,53337,76,666,380,966,547,159,163,719,658,710,712,702,151,794,702,609,630,623,12,-75,-44,101,82,79,0,2,22,53,123,15,54,753,408,803,341,61,54,755,430,856,464,76,10,-14,-6,9,1,4,2280,2280,2376,2282,2309,2273,2276,14.11132046,12.78290432,13.6150955,13.45821244,13.18124208,15.58329408,13.6376882,11.67830022,11.90824977,11.69788293,-1.471973622,-0.854783876,1.936795275,1.549962669,1.483359151,0.03925263,0.427391938,1.016338115,2.324944003,0.281650472,14.77861517,7.926177756,15.39848125,6.445576463,1.145378585,14.8178678,8.353569694,16.41481936,8.770520466,1.427029057
050,3,7,48,075,Texas,Childress County,6666,6657,6787,6837,6765,6690,6643,-9,130,50,-72,-75,-47,12,62,68,75,75,77,11,91,96,82,82,83,1,-29,-28,-7,-7,-6,0,-1,10,-4,-1,-9,-10,167,70,-63,-68,-33,-10,166,80,-67,-69,-42,0,-7,-2,2,1,1,1226,1226,1279,1300,1293,1280,1282,9.223445403,9.982384028,11.02779003,11.14827202,11.55028876,13.53763761,14.09277745,12.05705043,12.18877741,12.45031126,-4.314192205,-4.110393423,-1.029260403,-1.040505388,-0.900022501,-0.148765248,1.467997651,-0.588148802,-0.148643627,-1.350033751,24.84379649,10.27598356,-9.263343626,-10.10776663,-4.950123753,24.69503124,11.74398121,-9.851492428,-10.256410259999999,-6.300157504
050,3,7,48,077,Texas,Clay County,10217,10255,10312,10486,10700,10736,10764,38,57,174,214,36,28,31,89,94,108,111,111,32,163,153,157,156,154,-1,-74,-59,-49,-45,-43,0,4,10,4,5,1,42,126,218,256,76,71,42,130,228,260,81,72,-3,1,5,3,0,-1,55,55,55,53,52,52,52,8.65464093,9.039330705,10.19541207,10.35640978,10.3255814,15.85063451,14.71295317,14.82110828,14.55495428,14.3255814,-7.195993582,-5.673622464,-4.625696214,-4.198544505,-4,0.388972626,0.961630926,0.377607854,0.466504945,0.093023256,12.25263772,20.96355419,24.16690267,7.090875163,6.604651163,12.64161035,21.92518511,24.54451053,7.557380108,6.697674419
050,3,7,48,079,Texas,Cochran County,2545,2559,2478,2533,2533,2536,2546,14,-81,55,0,3,10,10,43,54,42,40,40,6,54,38,30,31,31,4,-11,16,12,9,9,0,3,17,28,57,29,11,-72,22,-39,-64,-29,11,-69,39,-11,-7,0,-1,-1,0,-1,1,1,9,9,9,9,9,9,9,17.07365495,21.55258432,16.5811291,15.78220556,15.74183392,21.44133413,15.16663341,11.84366364,12.23120931,12.19992129,-4.367679174,6.385950908,4.737465456,3.550996252,3.541912633,1.191185229,6.78507284,11.05408606,22.48964293,11.4128296,-28.5884455,8.780682499,-15.39676273,-25.2515289,-11.41282959,-27.39726027,15.56575534,-4.342676668,-2.761885974,0
050,3,7,48,081,Texas,Coke County,3306,3321,3325,3349,3378,3388,3412,15,4,24,29,10,24,14,24,44,36,36,37,9,71,72,64,68,68,5,-47,-28,-28,-32,-31,0,0,0,0,0,-1,13,52,51,58,41,57,13,52,51,58,41,56,-3,-1,1,-1,1,-1,96,96,93,95,97,96,96,7.222389407,13.18549595,10.70313661,10.64144251,10.88235294,21.36623533,21.57626611,19.02779842,20.10050251,20,-14.14384592,-8.390770153,-8.324661811,-9.459060006,-9.117647059,0,0,0,0,-0.294117647,15.64851038,15.28318849,17.24394232,12.11942063,16.76470588,15.64851038,15.28318849,17.24394232,12.11942063,16.47058824
050,3,7,48,083,Texas,Coleman County,7686,7687,7716,7863,7873,7974,7915,1,29,147,10,101,-59,23,69,97,71,73,73,30,199,179,174,162,166,-7,-130,-82,-103,-89,-93,0,0,-2,-1,14,5,7,167,219,115,174,30,7,167,217,114,188,35,1,-8,12,-1,2,-1,34,34,24,35,21,27,27,8.959293644,12.45266063,9.023894255,9.213100271,9.188746932,25.83912225,22.9796521,22.11489578,20.44551019,20.89495878,-16.8798286,-10.52699146,-13.09100153,-11.23240992,-11.70621184,0,-0.256755889,-0.127097102,1.766895942,0.629366228,21.68408752,28.11476988,14.61616675,21.95999243,3.776197369,21.68408752,27.85801399,14.48906965,23.72688837,4.405563598
050,3,7,48,085,Texas,Collin County,1066201,1075512,1114667,1163646,1207386,1254213,1297179,9311,39155,48979,43740,46827,42966,2779,11531,12731,12894,13171,13302,1272,6159,6286,5857,5910,5947,1507,5372,6445,7037,7261,7355,150,2863,11900,16122,20379,11749,8064,32100,29540,20436,19165,24102,8214,34963,41440,36558,39544,35851,-410,-1180,1094,145,22,-240,8523,8515,8645,8796,8851,8859,8861,10.52973296,11.17581298,10.87627666,10.70117432,10.42724913,5.62419784,5.518118011,4.940464743,4.801756907,4.661768948,4.905535118,5.65769497,5.935811917,5.899417411,5.765480177,2.614398184,10.44632586,13.59914164,16.55753029,9.209874453,29.31267262,25.93146771,17.23806343,15.57117955,18.89321594,31.9270708,36.37779357,30.83720507,32.12870984,28.10309039
050,3,7,48,087,Texas,Collingsworth County,2652,2642,2609,2585,2545,2567,2487,-10,-33,-24,-40,22,-80,7,26,31,21,23,24,7,44,43,44,56,58,0,-18,-12,-23,-33,-34,0,0,-1,-1,-1,-2,-8,-17,-11,-16,56,-43,-8,-17,-12,-17,55,-45,-2,2,0,0,0,-1,12,12,10,10,10,10,10,9.902875643,11.93685021,8.187134503,8.998435055,9.49742778,16.75871263,16.55756642,17.1539961,21.90923318,22.95211714,-6.855836983,-4.620716211,-8.966861598,-12.91079812,-13.45468935,0,-0.385059684,-0.389863548,-0.391236307,-0.791452315,-6.474957151,-4.235656527,-6.237816764,21.90923318,-17.01622477,-6.474957151,-4.620716211,-6.627680312,21.51799687,-17.80767709
050,3,7,48,089,Texas,Colorado County,20637,20641,20717,20895,21226,21447,21439,4,76,178,331,221,-8,35,263,257,269,249,249,67,321,344,268,276,283,-32,-58,-87,1,-27,-34,0,28,62,53,127,38,31,91,204,276,126,-13,31,119,266,329,253,25,5,15,-1,1,-5,1,484,484,457,493,511,490,490,12.71821655,12.35220609,12.77272619,11.67014271,11.61218113,15.52299434,16.5336922,12.72524394,12.93557988,13.19778016,-2.804777794,-4.18148611,0.047482254,-1.265437162,-1.58559903,1.354030659,2.979909641,2.516559436,5.952241464,1.7721400919999999,4.400599642,9.804863982,13.10510197,5.905373421,-0.606258453,5.754630301,12.78477362,15.6216614,11.85761489,1.16588164
050,3,7,48,091,Texas,Comal County,161449,163608,174878,184600,193849,201486,209166,2159,11270,9722,9249,7637,7680,389,1710,1802,1996,1957,1950,345,1739,1733,1609,1623,1650,44,-29,69,387,334,300,2,10,109,153,296,39,2360,12096,9009,8530,6922,7427,2362,12106,9118,8683,7218,7466,-247,-807,535,179,85,-86,1511,1511,1474,1473,1482,1535,1532,10.10381522,10.0256483,10.54831695,9.900464163,9.497092429,10.27516648,9.641758327,8.503127238,8.210757965,8.036001286,-0.171351252,0.383889974,2.045189709,1.689706199,1.461091143,0.059086639,0.606434886,0.808563373,1.497464176,0.189941849,71.47119822,50.12267788,45.07872923,35.01840212,36.17174639,71.53028486,50.72911277,45.88729261,36.51586629,36.36168824
050,3,7,48,093,Texas,Comanche County,13597,13635,13814,13905,14038,14288,14432,38,179,91,133,250,144,38,149,168,176,140,142,44,239,226,203,205,207,-6,-90,-58,-27,-65,-65,0,0,15,25,34,11,47,279,132,135,277,197,47,279,147,160,311,208,-3,-10,2,0,4,1,136,136,136,128,135,160,162,10.8564975,12.12164941,12.59707261,9.884911389,9.888579387,17.41411345,16.30650456,14.52957807,14.47433453,14.41504178,-6.557615942,-4.184855154,-1.932505458,-4.589423145,-4.526462396,0,1.082290126,1.789356905,2.400621337,0.766016713,20.32860942,9.524153108,9.662527288,19.55800325,13.71866295,20.32860942,10.60644323,11.45188419,21.95862459,14.48467967
050,3,7,48,095,Texas,Concho County,3302,3317,3346,3392,3431,3577,3607,15,29,46,39,146,30,11,23,15,16,14,14,8,33,30,42,48,49,3,-10,-15,-26,-34,-35,0,8,43,154,140,2,14,31,21,-91,39,63,14,39,64,63,179,65,-2,0,-3,2,1,0,1052,1052,1052,1063,1061,1051,1053,6.903797088,4.452359751,4.690019053,3.99543379,3.897550111,9.905447996,8.904719501,12.31130002,13.69863014,13.64142539,-3.001650908,-4.452359751,-7.621280961,-9.703196347,-9.743875278,2.401320726,12.76343129,45.14143339,39.9543379,0.556792873,9.305117815,6.233303651,-26.67448337,11.13013699,17.5389755,11.70643854,18.99673494,18.46695002,51.08447489,18.09576837
050,3,7,48,097,Texas,Cooke County,41674,41751,42392,43036,43773,44353,44461,77,641,644,737,580,108,110,483,519,519,525,530,104,531,504,493,500,505,6,-48,15,26,25,25,0,13,30,66,178,31,68,687,578,643,373,49,68,700,608,709,551,80,3,-11,21,2,4,3,639,639,713,742,797,813,813,11.48045589,12.15058295,11.95728554,11.91475841,11.93505528,12.62137076,11.79941003,11.3582693,11.34738897,11.37208098,-1.140914871,0.351172918,0.599016231,0.567369448,0.562974306,0.308997778,0.702345835,1.520579663,4.039670472,0.698088139,16.32934409,13.53186309,14.81413218,8.465152169,1.10342964,16.63834187,14.23420892,16.33471184,12.50482264,1.801517779
050,3,7,48,099,Texas,Coryell County,83092,83102,84405,84160,85496,85173,85592,10,1303,-245,1336,-323,419,232,943,971,961,968,972,144,690,688,642,629,637,88,253,283,319,339,335,3,-16,131,194,217,119,-95,1075,-667,799,-891,-41,-92,1059,-536,993,-674,78,14,-9,8,24,12,6,12803,12756,12968,12018,12767,11757,11738,11.25923096,11.52077834,11.32880653,11.34359491,11.38406582,8.238461676,8.163023166,7.568255765,7.370992975,7.460545194,3.020769281,3.357755169,3.760550762,3.972601937,3.923520628,-0.191036792,1.554296562,2.286980714,2.542933983,1.393728223,12.8352845,-7.913861122,9.419059744,-10.4412635,-0.480192077,12.6442477,-6.35956456,11.70604046,-7.898329515,0.913536146
050,3,7,48,101,Texas,Cottle County,1379,1366,1357,1321,1296,1267,1224,-13,-9,-36,-25,-29,-43,2,6,11,5,14,15,8,27,20,19,23,23,-6,-21,-9,-14,-9,-8,0,0,0,0,0,0,-6,11,-27,-12,-19,-34,-6,11,-27,-12,-19,-34,-1,1,0,1,-1,-1,0,0,0,0,0,0,0,4.40690415,8.215085885,3.821169278,10.92469762,12.04335608,19.83106867,14.93651979,14.52044326,17.94771752,18.46647933,-15.42416452,-6.721433906,-10.69927398,-7.023019899,-6.423123244,0,0,0,0,0,8.079324275,-20.16430172,-9.170806267,-14.82637534,-27.29827379,8.079324275,-20.16430172,-9.170806267,-14.82637534,-27.29827379
050,3,7,48,103,Texas,Crane County,4673,4671,4630,4552,4574,4591,4554,-2,-41,-78,22,17,-37,11,57,72,60,76,78,9,55,49,46,45,45,2,2,23,14,31,33,0,0,-1,1,9,-13,-5,-43,-105,8,-23,-57,-5,-43,-106,9,-14,-70,1,0,5,-1,0,0,86,86,86,86,89,86,86,12.25674659,15.68285777,13.14924392,16.58483361,17.05850191,11.8266853,10.673055980000001,10.081087,9.8199672670000009,9.841443412,0.430061284,5.009801786,3.068156914,6.764866339,7.217058502,0,-0.217817469,0.219154065,1.963993453,-2.843083652,-9.2463176,-22.87083424,1.753232523,-5.019094381,-12.46582832,-9.2463176,-23.08865171,1.972386588,-3.055100927,-15.30891197
050,3,7,48,105,Texas,Crockett County,3098,3095,3022,2956,2846,2803,2769,-3,-73,-66,-110,-43,-34,6,44,42,28,34,34,16,62,52,38,41,41,-10,-18,-10,-10,-7,-7,0,-1,-4,-6,-3,-13,7,-53,-56,-97,-33,-14,7,-54,-60,-103,-36,-27,0,-1,4,3,0,0,46,46,44,46,47,52,53,14.386137,14.05152225,9.651844192,12.03752877,12.20387653,20.27137486,17.39712278,13.0989314,14.51584351,14.71643934,-5.885237862,-3.345600535,-3.447087211,-2.478314746,-2.512562814,-0.326957659,-1.338240214,-2.068252327,-1.062134891,-4.666188083,-17.32875593,-18.735363,-33.43674595,-11.6834838,-5.025125628,-17.65571359,-20.07360321,-35.50499828,-12.74561869,-9.691313711
050,3,7,48,107,Texas,Crosby County,5128,5096,5081,5004,4965,4953,4852,-32,-15,-77,-39,-12,-101,18,66,76,69,53,53,18,101,94,69,78,77,0,-35,-18,0,-25,-24,0,2,12,13,7,6,-29,15,-71,-52,7,-82,-29,17,-59,-39,14,-76,-3,3,0,0,-1,-1,66,66,66,64,67,71,71,12.9704235,15.07188894,13.84291303,10.68763864,10.81081081,19.84867839,18.64154685,13.84291303,15.72897762,15.70627231,-6.878254888,-3.569657908,0,-5.04133898,-4.895461499,0.393043137,2.379771939,2.608085064,1.411574914,1.223865375,2.947823524,-14.0803173,-10.43234025,1.411574914,-16.72616012,3.34086666,-11.70054536,-7.824255191,2.823149829,-15.50229475
050,3,7,48,109,Texas,Culberson County,2186,2185,2184,2160,2205,2273,2267,-1,-1,-24,45,68,-6,5,33,27,36,31,31,8,36,32,25,29,29,-3,-3,-5,11,2,2,0,0,1,1,15,12,2,1,-19,31,50,-18,2,1,-18,32,65,-6,0,1,-1,2,1,-2,47,47,47,47,47,47,47,15.10643168,12.43093923,16.49484536,13.84546673,13.65638767,16.47974365,14.73296501,11.45475372,12.95221081,12.7753304,-1.373311971,-2.302025783,5.040091638,0.893255918,0.881057269,0,0.460405157,0.458190149,6.699419384,5.286343612,0.457770657,-8.747697974,14.20389462,22.33139795,-7.929515419,0.457770657,-8.287292818,14.66208477,29.03081733,-2.643171806
050,3,7,48,111,Texas,Dallam County,7135,7137,7181,7247,7302,7447,7508,2,44,66,55,145,61,42,164,177,153,185,188,15,85,80,58,48,48,27,79,97,95,137,140,0,40,128,175,212,70,-23,-74,-168,-218,-208,-146,-23,-34,-40,-43,4,-76,-2,-1,9,3,4,-3,27,27,27,27,27,27,27,22.90822741,24.53562517,21.03237336,25.08644654,25.14209295,11.87316664,11.0895481,7.973056568,6.508915859,6.419257773,11.03506076,13.44607707,13.05931679,18.57753068,18.72283517,5.587372538,17.74327696,24.0566362,28.74771171,9.361417586,-10.3366392,-23.28805101,-29.96769537,-28.20530205,-19.52524239,-4.749266657,-5.54477405,-5.911059179,0.542409655,-10.16382481
050,3,7,48,113,Texas,Dallas County,2612087,2610802,2589912,2613911,2637393,2664013,2661397,-1285,-20890,23999,23482,26620,-2616,8657,35119,36568,37378,36880,37108,4810,21094,20059,17891,17806,17995,3847,14025,16509,19487,19074,19113,299,6681,28196,39629,55809,24912,-5936,-41017,-19165,-35789,-48472,-46226,-5637,-34336,9031,3840,7337,-21314,505,-579,-1541,155,209,-415,30359,30378,31260,32560,32306,31745,31768,13.50545329,14.05428278,14.23570222,13.91329017,13.93620397,8.111963088,7.709332158,6.813926598,6.717463254,6.758165099,5.393490202,6.344950626,7.42177562,7.195826918,7.178038874,2.569262605,10.83664836,15.09301309,21.05441462,9.355899358,-15.77360339,-7.365738612,-13.6305192,-18.28646966,-17.36054125,-13.20434079,3.470909752,1.462493887,2.767944957,-8.004641896
050,3,7,48,115,Texas,Dawson County,12461,12474,12359,12167,11912,11852,11776,13,-115,-192,-255,-60,-76,54,158,176,161,162,162,26,221,174,157,156,157,28,-63,2,4,6,5,0,2,11,9,24,6,-18,-60,-201,-273,-91,-87,-18,-58,-190,-264,-67,-81,3,6,-4,5,1,0,1596,1596,1588,1683,1625,1674,1676,12.72500302,14.35211612,13.37264837,13.63406834,13.71254444,17.79889663,14.18902389,13.04040866,13.12910285,13.28931776,-5.073893609,0.163092229,0.332239711,0.504965494,0.42322668,0.161075988,0.897007258,0.74753935,2.019861976,0.507872016,-4.832279628,-16.39076898,-22.67536027,-7.658643326,-7.364144236,-4.67120364,-15.49376172,-21.92782092,-5.63878135,-6.856272219
050,3,7,48,117,Texas,Deaf Smith County,18592,18533,18386,18423,18422,18513,18626,-59,-147,37,-1,91,113,87,331,295,298,322,324,45,211,200,159,150,153,42,120,95,139,172,171,0,18,77,87,152,31,-92,-276,-129,-230,-233,-91,-92,-258,-52,-143,-81,-60,-9,-9,-6,3,0,2,161,161,158,152,155,153,153,17.93114656,16.02868864,16.1758719,17.43603628,17.44796575,11.43042878,10.86690755,8.630750441,8.122377149,8.23931716,6.500717788,5.161781086,7.545121455,9.313659131,9.20864859,0.975107668,4.183759407,4.72248609,8.230675511,1.66940413,-14.95165091,-7.00915537,-12.48473334,-12.61675917,-4.900508899,-13.97654324,-2.825395963,-7.762247252,-4.38608366,-3.231104769
050,3,7,48,119,Texas,Delta County,5224,5221,5329,5402,5517,5558,5549,-3,108,73,115,41,-9,14,68,73,59,62,62,18,97,92,77,74,76,-4,-29,-19,-18,-12,-14,0,0,1,4,6,4,1,142,89,128,47,1,1,142,90,132,53,5,0,-5,2,1,0,0,60,60,48,45,55,51,52,12.89099526,13.60544218,10.80685044,11.19638826,11.16413073,18.38862559,17.14658466,14.10385566,13.36343115,13.68506347,-5.497630332,-3.541142484,-3.29700522,-2.167042889,-2.520932745,0,0.18637592,0.732667827,1.083521445,0.720266499,26.91943128,16.5874569,23.44537046,8.48758465,0.180066625,26.91943128,16.77383282,24.17803828,9.571106095,0.900333123
050,3,7,48,121,Texas,Denton County,906530,914517,944283,980835,1013965,1046226,1069346,7987,29766,36552,33130,32261,23120,2467,10074,11369,11392,11546,11614,1097,5329,5297,5124,5134,5163,1370,4745,6072,6268,6412,6451,65,1298,6038,7794,10565,5101,7001,24595,23405,18718,15145,11569,7066,25893,29443,26512,25710,16670,-449,-872,1037,350,139,-1,9448,9427,9334,9435,9382,9472,9456,10.83925113,11.81122404,11.42169641,11.20866949,10.9795365,5.733806757,5.503039294,5.137357129,4.98400391,4.880949455,5.105444373,6.308184745,6.284339282,6.224665577,6.098587049,1.396599957,6.272862235,7.814317225,10.2563306,4.822336465,26.46330966,24.31539262,18.76679366,14.7025203,10.93699482,27.85990962,30.58825485,26.58111089,24.9588509,15.75933128
050,3,7,48,123,Texas,DeWitt County,19829,19841,19946,19790,20271,20360,20309,12,105,-156,481,89,-51,55,240,198,220,219,219,67,319,275,255,262,270,-12,-79,-77,-35,-43,-51,0,-1,23,41,77,21,21,181,-97,463,54,-19,21,180,-74,504,131,2,3,4,-5,12,1,-2,1536,1536,1541,1537,1794,1825,1828,12.06424209,9.965774109,10.98325054,10.77994635,10.76987386,16.03538844,13.84135293,12.73058586,12.89655682,13.27792668,-3.971146354,-3.87557882,-1.747335314,-2.11661047,-2.508052817,-0.050267675,1.157640427,2.04687851,3.790209446,1.03272763,9.098449242,-4.88222267,23.11475001,2.658068962,-0.934372618,9.048181567,-3.724582243,25.16162852,6.448278408,0.098355012
050,3,7,48,125,Texas,Dickens County,1769,1758,1733,1731,1704,1702,1692,-11,-25,-2,-27,-2,-10,3,18,18,14,13,13,4,44,31,21,32,32,-1,-26,-13,-7,-19,-19,0,1,3,1,5,2,-9,0,6,-20,11,8,-9,1,9,-19,16,10,-1,0,2,-1,1,-1,4,4,4,4,4,4,4,10.31223145,10.3926097,8.151382824,7.633587786,7.66057749,25.20767688,17.89838337,12.22707424,18.79036994,18.85680613,-14.89544543,-7.505773672,-4.075691412,-11.15678215,-11.19622864,0.572901747,1.732101617,0.58224163,2.935995302,1.178550383,0,3.464203233,-11.64483261,6.459189665,4.714201532,0.572901747,5.19630485,-11.06259098,9.395184968,5.892751915
050,3,7,48,127,Texas,Dimmit County,8615,8584,8484,8377,8293,8216,8024,-31,-100,-107,-84,-77,-192,38,142,125,122,127,128,26,141,132,114,111,113,12,1,-7,8,16,15,0,-1,0,5,-1,-12,-42,-98,-105,-98,-92,-192,-42,-99,-105,-93,-93,-204,-1,-2,5,1,0,-3,178,178,178,178,178,178,178,16.63932505,14.82711583,14.63707259,15.38554728,15.7635468,16.52214671,15.65743432,13.67726455,13.44721061,13.91625616,0.117178345,-0.830318486,0.959808038,1.938336665,1.84729064,-0.117178345,0,0.599880024,-0.121146042,-1.477832512,-11.48347785,-12.4547773,-11.75764847,-11.14543582,-23.6453202,-11.6006562,-12.4547773,-11.15776845,-11.26658186,-25.12315271
050,3,7,48,129,Texas,Donley County,3258,3276,3355,3276,3188,3219,3213,18,79,-79,-88,31,-6,8,33,24,22,23,23,6,64,67,61,50,50,2,-31,-43,-39,-27,-27,0,0,5,3,1,1,17,120,-45,-52,57,20,17,120,-40,-49,58,21,-1,-10,4,0,0,0,246,246,336,295,297,299,299,9.953249887,7.238727191,6.806930693,7.179647261,7.151741294,19.30327251,20.20811341,18.87376238,15.60792883,15.54726368,-9.350022621,-12.96938622,-12.06683168,-8.428281567,-8.395522388,0,1.508068165,0.928217822,0.312158577,0.310945274,36.19363595,-13.57261348,-16.08910891,17.79303886,6.218905473,36.19363595,-12.06454532,-15.16089109,18.10519744,6.529850746
050,3,7,48,131,Texas,Duval County,9830,9811,10028,9698,9648,9652,9402,-19,217,-330,-50,4,-250,24,128,143,126,107,106,28,160,182,117,149,149,-4,-32,-39,9,-42,-43,0,3,0,1,0,-1,-14,264,-312,-61,47,-202,-14,267,-312,-60,47,-203,-1,-18,21,1,-1,-4,599,599,895,716,737,847,846,12.9038762,14.49863125,13.02594852,11.0880829,11.1262727,16.12984525,18.45280341,12.09552362,15.44041451,15.63976068,-3.225969051,-3.954172159,0.930424894,-4.352331606,-4.513487982,0.302434599,0,0.103380544,0,-0.104964837,26.61424467,-31.63337727,-6.306213171,4.870466321,-21.20289703,26.91667927,-31.63337727,-6.202832627,4.870466321,-21.30786187
050,3,7,48,133,Texas,Eastland County,17754,17800,17863,17895,18221,18314,18143,46,63,32,326,93,-171,53,201,192,214,193,195,62,338,383,299,272,281,-9,-137,-191,-85,-79,-86,0,11,26,38,33,20,57,180,194,359,141,-104,57,191,220,397,174,-84,-2,9,3,14,-2,-1,814,814,764,751,874,870,869,11.27218686,10.73885564,11.85070329,10.56521144,10.69753408,18.9552197,21.42177974,16.55775833,14.88983167,15.41542091,-7.683032835,-10.6829241,-4.707055045,-4.324620227,-4.717886826,0.616885848,1.454220035,2.104330491,1.80648693,1.097182983,10.0944957,10.85071872,19.88038543,7.718625975,-5.70535151,10.71138154,12.30493876,21.98471592,9.525112905,-4.608168527
050,3,7,48,135,Texas,Ector County,165177,165491,160898,161879,165946,170654,173801,314,-4593,981,4067,4708,3147,667,2688,2893,2987,3043,3101,324,1677,1640,1342,1324,1334,343,1011,1253,1645,1719,1767,7,331,1754,1564,1885,872,-95,-5590,-2056,883,1098,488,-88,-5259,-302,2447,2983,1360,59,-345,30,-25,6,20,2559,2557,2532,2552,2608,2666,2664,16.47114333,17.92568863,18.22313735,18.08080808,18.00525468,10.27608161,10.1618145,8.187295051,7.866904338,7.745569087,6.195061721,7.76387413,10.03584229,10.21390374,10.25968559,2.028254629,10.86818454,9.541676199,11.20023767,5.063070648,-34.25360536,-12.7394455,5.387020514,6.524064171,2.833461555,-32.22535073,-1.871260963,14.92869671,17.72430184,7.896532203
050,3,7,48,137,Texas,Edwards County,1424,1421,1432,1427,1401,1381,1370,-3,11,-5,-26,-20,-11,4,22,17,22,14,14,6,34,33,23,23,23,-2,-12,-16,-1,-9,-9,0,0,0,0,-1,-1,0,24,9,-24,-10,-1,0,24,9,-24,-11,-2,-1,-1,2,-1,0,0,14,14,14,14,14,14,14,15.42236243,11.89227002,15.55869873,10.06470165,10.178117050000001,23.83456011,23.08499475,16.26591231,16.534867,16.72119229,-8.412197687,-11.19272473,-0.707213579,-6.470165349,-6.543075245,0,0,0,-0.718907261,-0.727008361,16.82439537,6.29590766,-16.97312588,-7.18907261,-0.727008361,16.82439537,6.29590766,-16.97312588,-7.907979871,-1.454016721
050,3,7,48,139,Texas,Ellis County,192460,194322,203253,212488,223347,232454,240867,1862,8931,9235,10859,9107,8413,555,2452,2710,2903,2867,2886,401,1781,1749,1561,1536,1551,154,671,961,1342,1331,1335,1,61,240,449,486,-13,1830,8612,7667,8923,7238,7178,1831,8673,7907,9372,7724,7165,-123,-413,367,145,52,-87,1786,1785,1899,1853,1802,1826,1827,12.3347796,13.03696292,13.32155518,12.58005138,12.19468395,8.959315852,8.413892303,7.163261326,6.73978337,6.553691892,3.375463749,4.623070614,6.15829385,5.840268012,5.640992054,0.306860341,1.154564982,2.060412771,2.132509582,-0.054931009,43.32264353,36.88354047,40.94668854,31.75947398,30.33036776,43.62950387,38.03810546,43.00710131,33.89198356,30.27543675
050,3,7,48,141,Texas,El Paso County,865715,866582,867558,868332,873242,879894,877858,867,976,774,4910,6652,-2036,2682,10718,11442,11292,10623,10669,1627,8820,7299,6540,6424,6465,1055,1898,4143,4752,4199,4204,-1,378,2500,4159,7898,356,-473,-2083,-5691,-3872,-5372,-6582,-474,-1705,-3191,287,2526,-6226,286,783,-178,-129,-73,-14,16052,16079,16235,14830,14875,16852,16873,12.36117038,13.18286297,12.9675799,12.11885444,12.13936892,10.1721891,8.409519036,7.510447446,7.328581468,7.35598651,2.188981282,4.773343933,5.457132456,4.790272974,4.783382411,0.435950961,2.880366844,4.776139286,9.010139544,0.40506283,-2.402343525,-6.556867083,-4.446552372,-6.128446395,-7.489111092,-1.966392563,-3.676500239,0.329586914,2.881693149,-7.084048262
050,3,7,48,143,Texas,Erath County,42545,42710,43372,43876,44304,43995,43911,165,662,504,428,-309,-84,101,443,514,451,414,417,87,442,426,388,351,351,14,1,88,63,63,66,0,16,23,33,80,-4,150,642,388,329,-456,-147,150,658,411,362,-376,-151,1,3,5,3,4,1,3758,3745,3727,3728,3814,3505,3508,10.29251179,11.78250504,10.22907689,9.37722964,9.487407003,10.26927813,9.765266826,8.800181447,7.950259912,7.985803017,0.023233661,2.017238218,1.428895441,1.426969728,1.501603986,0.371738575,0.527232716,0.748469041,1.812025051,-0.091006302,14.91601032,8.894186686,7.462009526,-10.32854279,-3.344481605,15.28774889,9.421419402,8.210478567,-8.516517741,-3.435487908
050,3,7,48,145,Texas,Falls County,16966,16942,17094,16946,17660,17758,17869,-24,152,-148,714,98,111,41,170,166,198,193,196,52,220,238,218,213,215,-11,-50,-72,-20,-20,-19,0,3,22,27,41,6,-17,196,-104,691,76,126,-17,199,-82,718,117,132,4,3,6,16,1,-2,2056,2042,1871,1780,2129,2147,2141,9.989422964,9.753231492,11.44310235,10.89841324,11.00289107,12.92748854,13.98354877,12.59897128,12.02778248,12.06949785,-2.938065578,-4.230317274,-1.155868924,-1.129369247,-1.066606787,0.176283935,1.292596945,1.560423048,2.315206957,0.336823196,11.51721706,-6.110458284,39.93527134,4.29160314,7.073287114,11.693501,-4.81786134,41.49569439,6.606810097,7.41011031
050,3,7,48,147,Texas,Fannin County,35836,35974,36850,37219,37858,38778,39265,138,876,369,639,920,487,102,380,336,388,362,370,102,571,601,486,466,467,0,-191,-265,-98,-104,-97,0,7,15,26,52,-7,141,1108,605,702,967,598,141,1115,620,728,1019,591,-3,-48,14,9,5,-7,3145,3145,3212,3296,3363,3465,3467,10.43611996,9.072621475,10.33605498,9.447257164,9.481952257,15.68164341,16.22811163,12.94670805,12.16138629,11.96776136,-5.245523454,-7.155490151,-2.610653063,-2.71412913,-2.485809105,0.192244315,0.405027744,0.692622241,1.357064565,-0.179388286,30.42952873,16.33611902,18.70080051,25.23618143,15.324885,30.62177304,16.74114677,19.39342275,26.59324599,15.14549671
050,3,7,48,149,Texas,Fayette County,24473,24511,24734,24972,25436,25501,25459,38,223,238,464,65,-42,54,244,244,246,280,275,97,395,390,401,392,399,-43,-151,-146,-155,-112,-124,0,12,38,21,59,-8,82,370,340,592,123,93,82,382,378,613,182,85,-1,-8,6,6,-5,-3,423,423,420,419,413,429,429,9.909635496,9.817728242,9.760355499,10.99397295,10.79277865,16.04223779,15.69227055,15.91017299,15.39156213,15.65934066,-6.132602295,-5.874542309,-6.149817489,-4.397589179,-4.866562009,0.487359123,1.528990464,0.833201079,2.316587157,-0.313971743,15.02690629,13.68044099,23.48833519,4.829495259,3.649921507,15.51426541,15.20943146,24.32153626,7.146082416,3.335949765
050,3,7,48,151,Texas,Fisher County,3673,3678,3679,3639,3614,3681,3692,5,1,-40,-25,67,11,12,29,38,23,31,31,9,75,65,65,52,52,3,-46,-27,-42,-21,-21,0,0,4,1,1,0,2,46,-13,15,88,33,2,46,-9,16,89,33,0,1,-4,1,-1,-1,24,24,24,24,24,24,24,7.883648226,10.38535119,6.342203226,8.498971899,8.409060084,20.38874541,17.76441651,17.92361781,14.25633996,14.10552014,-12.50509719,-7.379065318,-11.58141459,-5.75736806,-5.696460057,0,1.093194862,0.275747966,0.274160384,0,12.50509719,-3.552883301,4.136219495,24.12611378,8.95158009,12.50509719,-2.459688439,4.411967462,24.40027416,8.95158009
050,3,7,48,153,Texas,Floyd County,5397,5369,5293,5246,5124,5020,4881,-28,-76,-47,-122,-104,-139,14,63,64,62,57,56,22,111,94,58,74,76,-8,-48,-30,4,-17,-20,0,1,-2,10,15,6,-19,-30,-12,-141,-103,-124,-19,-29,-14,-131,-88,-118,-1,1,-3,5,1,-1,23,23,19,21,0,0,0,11.81767023,12.14536484,11.95756991,11.23817035,11.31198869,20.82160945,17.8385046,11.18611379,14.58990536,15.35198465,-9.003939223,-5.693139767,0.771456123,-3.351735016,-4.03999596,0.187582067,-0.379542651,1.928640309,2.957413249,1.211998788,-5.627462015,-2.277255907,-27.19382835,-20.30757098,-25.04797495,-5.439879947,-2.656798558,-25.26518804,-17.35015773,-23.83597616
050,3,7,48,155,Texas,Foard County,1097,1090,1062,1053,1085,1048,1044,-7,-28,-9,32,-37,-4,1,13,8,11,8,8,4,33,27,22,22,22,-3,-20,-19,-11,-14,-14,0,0,0,0,0,0,-4,-8,9,41,-22,11,-4,-8,9,41,-22,11,0,0,1,2,-1,-1,39,39,35,25,36,39,39,12.08178439,7.56501182,10.28999065,7.501172058,7.648183556,30.66914498,25.53191489,20.57998129,20.62822316,21.03250478,-18.58736059,-17.96690307,-10.28999065,-13.1270511,-13.38432122,0,0,0,0,0,-7.434944238,8.510638298,38.3536015,-20.62822316,10.51625239,-7.434944238,8.510638298,38.3536015,-20.62822316,10.51625239
050,3,7,48,157,Texas,Fort Bend County,823997,830347,861857,893314,923883,951028,975191,6350,31510,31457,30569,27145,24163,2183,8815,9420,9680,9535,9586,1018,4872,4795,4542,4622,4646,1165,3943,4625,5138,4913,4940,167,2476,8911,9838,12012,8883,5171,25954,17623,15564,10282,10406,5338,28430,26534,25402,22294,19289,-153,-863,298,29,-62,-66,4832,4832,4764,4839,4957,4983,4987,10.41836563,10.73399686,10.65377062,10.17114946,9.953177702,5.758171001,5.463855089,4.998907658,4.930367361,4.823958231,4.660194634,5.27014177,5.654862957,5.240782096,5.129219471,2.926361124,10.15399639,10.82766481,12.81340821,9.223250316,30.67478862,20.08123425,17.12967829,10.96798728,10.8045866,33.60114974,30.23523064,27.9573431,23.78139549,20.02783692
050,3,7,48,159,Texas,Franklin County,10357,10372,10503,10645,10711,10843,10994,15,131,142,66,132,151,25,127,90,109,103,107,33,145,153,151,159,161,-8,-18,-63,-42,-56,-54,0,3,28,39,55,40,24,146,166,70,136,168,24,149,194,109,191,208,-1,0,11,-1,-3,-3,75,75,73,67,70,75,75,12.16766467,8.511443163,10.2079041,9.55739074,9.799880936,13.89221557,14.46945338,14.14122495,14.75364202,14.74561524,-1.724550898,-5.958010214,-3.933320847,-5.196251276,-4.945734304,0.28742515,2.648004539,3.652369358,5.103461075,3.663506892,13.98802395,15.69888406,6.555534744,12.61946738,15.38672895,14.2754491,18.3468886,10.2079041,17.72292846,19.05023584
050,3,7,48,161,Texas,Freestone County,19439,19439,19794,19997,20361,20686,20811,0,355,203,364,325,125,36,189,215,216,217,222,67,279,280,259,236,241,-31,-90,-65,-43,-19,-19,0,6,15,40,42,17,27,456,254,367,302,129,27,462,269,407,344,146,4,-17,-1,0,0,-2,1536,1536,1572,1590,1574,1576,1576,9.63474626,10.80646377,10.70419743,10.5732453,10.69956864,14.22272067,14.07353422,12.83512563,11.49901333,11.61529749,-4.587974409,-3.267070443,-2.130928193,-0.925768022,-0.915728848,0.305864961,0.753939333,1.982258784,2.046434575,0.819336338,23.24573701,12.76670604,18.18722434,14.71483909,6.217316915,23.55160197,13.52064537,20.16948313,16.76127366,7.036653252
050,3,7,48,163,Texas,Frio County,18391,18406,17925,18133,18530,18807,18823,15,-481,208,397,277,16,52,213,214,204,209,217,35,218,208,181,163,165,17,-5,6,23,46,52,0,114,202,343,126,96,-10,-545,15,33,107,-134,-10,-431,217,376,233,-38,8,-45,-15,-2,-2,2,3585,3595,3088,3122,3125,3220,3226,11.72552366,11.86976538,11.12838557,11.19532903,11.53335105,12.00077069,11.53696822,9.873714644,8.73128532,8.769598724,-0.275247034,0.33279716,1.254670922,2.46404371,2.763752325,6.27563238,11.20417106,18.71096201,6.749337119,5.102311985,-30.00192673,0.8319929,1.800180018,5.731579934,-7.121977146,-23.72629435,12.03616396,20.51114202,12.48091705,-2.019665161
050,3,7,48,165,Texas,Gaines County,21599,21699,21876,22107,22552,23272,23956,100,177,231,445,720,684,108,450,452,503,548,554,39,179,188,134,127,129,69,271,264,369,421,425,1,35,60,72,343,144,20,-136,-86,6,-45,113,21,-101,-26,78,298,257,10,7,-7,-2,1,2,139,139,136,133,133,132,133,20.65404475,20.55339563,22.52625451,23.91759777,23.46065893,8.215720023,8.548757475,6.001030028,5.542946927,5.462861015,12.43832473,12.00463816,16.52522448,18.37465084,17.99779792,1.606425703,2.728326854,3.224434045,14.97032123,6.098077412,-6.242111302,-3.910601823,0.26870283700000003,-1.964036313,4.785296858,-4.6356856,-1.18227497,3.493136882,13.00628492,10.88337427
050,3,7,48,167,Texas,Galveston County,350682,351586,355670,357747,362263,367367,372207,904,4084,2077,4516,5104,4840,917,3901,3890,3832,3905,3931,821,3571,3545,3225,3202,3224,96,330,345,607,703,707,2,183,862,992,1692,726,746,3424,1088,2962,2719,3422,748,3607,1950,3954,4411,4148,60,147,-218,-45,-10,-15,4917,4915,4939,4965,5039,5063,5064,11.0313663,10.90526298,10.64429661,10.70405548,10.63044401,10.09818227,9.938086701,8.958208914,8.777051382,8.718532561,0.933184024,0.96717628,1.686087693,1.927004098,1.911911452,0.517492959,2.416538995,2.755517285,4.637967189,1.963292382,9.682491205,3.050109543,8.227663505,7.453092663,9.253975938,10.19998416,5.466648538,10.98318079,12.09105985,11.21726832
050,3,7,48,169,Texas,Garza County,5815,5806,6257,4502,4544,4567,4510,-9,451,-1755,42,23,-57,14,44,57,57,47,46,14,71,60,58,44,44,0,-27,-3,-1,3,2,0,28,56,51,48,21,-9,493,-2014,-8,-29,-80,-9,521,-1958,43,19,-59,0,-43,206,0,1,0,1790,1791,2209,445,464,473,477,7.295034403,10.59578028,12.60225514,10.31719899,10.13550733,11.77153279,11.15345292,12.82334734,9.658654374,9.694833095,-4.476498383,-0.557672646,-0.221092195,0.658544616,0.440674232,4.64229462,10.4098894,11.27570197,10.53671386,4.627079432,81.73754456,-374.3842365,-1.768737564,-6.365931292,-17.62696926,86.37983918,-363.9743471,9.506964404,4.170782571,-12.99988983
050,3,7,48,171,Texas,Gillespie County,26746,26768,27315,27540,27766,28126,28527,22,547,225,226,360,401,66,242,250,256,247,249,91,406,419,378,373,379,-25,-164,-169,-122,-126,-130,0,33,138,104,175,35,50,713,259,245,315,504,50,746,397,349,490,539,-3,-35,-3,-1,-4,-8,357,357,327,316,311,308,308,8.949207699,9.114939386,9.257585072,8.8384742,8.790355321,15.01396002,15.27663841,13.66940296,13.34716954,13.37969746,-6.064752325,-6.161699025,-4.411817886,-4.508695341,-4.589342135,1.220346504,5.031446541,3.760893936,6.262076863,1.235592113,26.36688054,9.443077204,8.859798214,11.27173835,17.79252643,27.58722704,14.47452374,12.62069215,17.53381522,19.02811855
050,3,7,48,173,Texas,Glasscock County,1115,1117,1136,1143,1155,1145,1128,2,19,7,12,-10,-17,7,11,16,20,16,16,4,12,12,4,11,11,3,-1,4,16,5,5,0,5,1,0,0,0,-1,18,0,-3,-14,-22,-1,23,1,-3,-14,-22,0,-3,2,-1,-1,0,0,0,0,0,0,0,0,9.7647581,14.04124616,17.40644038,13.91304348,14.0783106,10.65246338,10.53093462,3.481288077,9.565217391,9.678838539,-0.887705282,3.51031154,13.92515231,4.347826087,4.399472063,4.438526409,0.877577885,0,0,0,15.97869507,0,-2.610966057,-12.17391304,-19.35767708,20.41722148,0.877577885,-2.610966057,-12.17391304,-19.35767708
050,3,7,48,175,Texas,Goliad County,7017,7021,7134,7147,7170,7203,7208,4,113,13,23,33,5,14,50,82,66,65,66,16,88,93,95,94,94,-2,-38,-11,-29,-29,-28,0,0,-2,-1,1,-1,7,155,28,52,61,32,7,155,26,51,62,31,-1,-4,-2,1,0,2,95,95,85,95,95,95,95,7.064641469,11.48378965,9.219808619,9.044736659,9.159669697,12.43376899,13.02429802,13.27093665,13.08008071,13.04559017,-5.369127517,-1.540508368,-4.05112803,-4.035344048,-3.885920477,0,-0.280092431,-0.13969407,0.139149795,-0.138782874,21.90038856,3.921294027,7.264091639,8.48813748,4.441051974,21.90038856,3.641201597,7.124397569,8.627287275,4.3022691
050,3,7,48,177,Texas,Gonzales County,19648,19670,19623,19847,20028,20129,20159,22,-47,224,181,101,30,84,256,289,292,277,277,67,280,245,237,206,209,17,-24,44,55,71,68,0,10,27,65,112,-10,1,-49,159,62,-83,-29,1,-39,186,127,29,-39,4,16,-6,-1,1,1,281,281,258,273,275,275,275,13.03031074,14.64403344,14.64576803,13.79585128,13.75099285,14.25190237,12.41449202,11.88714734,10.25973056,10.37529786,-1.221591632,2.229541424,2.75862069,3.536120726,3.375694996,0.508996513,1.368127692,3.260188088,5.578105934,-0.496425735,-2.494082916,8.056751964,3.109717868,-4.133774933,-1.439634631,-1.985086402,9.424879655,6.369905956,1.444331001,-1.936060365
050,3,7,48,179,Texas,Gray County,21226,21197,21118,20951,20958,20931,20919,-29,-79,-167,7,-27,-12,65,259,224,234,231,239,57,317,357,291,286,292,8,-58,-133,-57,-55,-53,0,19,42,48,83,49,-41,-55,-62,20,-55,-8,-41,-36,-20,68,28,41,4,15,-14,-4,0,0,1533,1533,1589,1552,1584,1715,1714,12.24152192,10.6491716,11.16705242,11.02914846,11.42174433,14.9828666,16.97211724,13.88723186,13.65513619,13.95459976,-2.741344677,-6.322945637,-2.720179436,-2.625987729,-2.532855436,0.898026705,1.996719675,2.29067742,3.96285421,2.341696535,-2.599550987,-2.947538568,0.954448925,-2.625987729,-0.382317802,-1.701524282,-0.950818893,3.245126345,1.336866481,1.959378734
050,3,7,48,181,Texas,Grayson County,135601,136157,139642,143277,147072,150865,153613,556,3485,3635,3795,3793,2748,408,1635,1713,1821,1886,1900,398,1976,1915,1702,1726,1736,10,-341,-202,119,160,164,0,32,221,318,615,177,563,3971,3449,3304,2992,2423,563,4003,3670,3622,3607,2600,-17,-177,167,54,26,-16,2130,2130,2201,2206,2191,2228,2228,11.85646068,12.10947303,12.54352521,12.66039465,12.48037625,14.32927603,13.53744358,11.72382202,11.58634208,11.40312272,-2.472815347,-1.42797055,0.819703185,1.074052568,1.077253529,0.232053053,1.562284612,2.190467334,4.128389559,1.162645577,28.79633356,24.38153677,22.75881784,20.08478303,15.91576403,29.02838662,25.94382138,24.94928517,24.21317258,17.07840961
050,3,7,48,183,Texas,Gregg County,124300,124315,124236,125614,126439,126387,126095,15,-79,1378,825,-52,-292,386,1618,1682,1733,1589,1590,375,1769,1808,1492,1517,1522,11,-151,-126,241,72,68,1,64,185,271,419,104,-35,-103,1323,329,-533,-466,-34,-39,1508,600,-114,-362,38,111,-4,-16,-10,2,3440,3440,3459,3492,3476,3474,3475,13.0194608,13.46407845,13.75107616,12.56990974,12.59495726,14.23450318,14.47268361,11.83877994,12.00034807,12.056305,-1.215042386,-1.008605163,1.912296223,0.569561675,0.53865226,0.514984852,1.480888533,2.150341397,3.314532524,0.823821104,-0.828803747,10.59035421,2.610562064,-4.216338509,-3.691352255,-0.313818894,12.07124275,4.760903461,-0.901805985,-2.867531151
050,3,7,48,185,Texas,Grimes County,29304,29443,30160,31163,32582,33343,34252,139,717,1003,1419,761,909,70,379,368,376,366,374,101,368,403,352,329,334,-31,11,-35,24,37,40,0,3,24,72,66,6,184,723,956,1290,656,871,184,726,980,1362,722,877,-14,-20,58,33,2,-8,2671,2671,2434,2823,3000,2823,2828,12.71748066,12.00202208,11.79700369,11.10352674,11.06590724,12.34837173,13.14351875,11.04400345,9.98103906,9.882387751,0.369108938,-1.141496665,0.753000235,1.122487675,1.183519491,0.100666074,0.78274057,2.259000706,2.002275313,0.177527924,24.2605238,31.17916606,40.47376265,19.90140311,25.77113692,24.36118987,31.96190663,42.73276335,21.90367842,25.94866484
050,3,7,48,187,Texas,Guadalupe County,172729,173722,177363,183092,189244,195674,201111,993,3641,5729,6152,6430,5437,442,1835,1964,2104,2064,2058,296,1532,1528,1451,1420,1433,146,303,436,653,644,625,0,27,226,322,607,118,867,3380,4875,5084,5147,4737,867,3407,5101,5406,5754,4855,-20,-69,192,93,32,-43,1774,1772,1760,1782,1805,1787,1788,10.45330903,10.89733809,11.30162004,10.72436207,10.37337601,8.727231297,8.47817342,7.794035495,7.378194836,7.223055307,1.726077731,2.419164667,3.507584547,3.346167236,3.1503207030000002,0.153808907,1.253970676,1.729620558,3.153918497,0.594780549,19.25459647,27.04914622,27.30866744,26.74335833,23.87691067,19.40840537,28.30311689,29.038288,29.89727682,24.47169122
050,3,7,48,189,Texas,Hale County,32523,32458,32192,31966,31961,32080,31819,-65,-266,-226,-5,119,-261,104,400,401,433,364,349,70,474,390,336,308,313,34,-74,11,97,56,36,0,23,74,89,128,42,-94,-232,-297,-186,-62,-337,-94,-209,-223,-97,66,-295,-5,17,-14,-5,-3,-2,1908,1908,1877,2029,2161,2322,2325,12.37432328,12.50038966,13.54670171,11.367717560000001,10.92348863,14.66357309,12.15748621,10.51199024,9.618837932,9.796710434,-2.289249807,0.342903457,3.034711468,1.748879624,1.126778197,0.711523589,2.306805075,2.784425986,3.997439141,1.314574563,-7.177107502,-9.258393341,-5.819137454,-1.936259584,-10.5478959,-6.465583913,-6.951588266,-3.034711468,2.061179557,-9.233321335
050,3,7,48,191,Texas,Hall County,2825,2805,2851,2814,2808,2797,2737,-20,46,-37,-6,-11,-60,1,27,28,25,31,30,10,60,60,43,49,47,-9,-33,-32,-18,-18,-17,0,6,19,17,18,13,-10,77,-24,-5,-12,-55,-10,83,-5,12,6,-42,-1,-4,0,0,1,-1,37,37,27,31,27,20,21,9.54738331,9.885260371,8.893632159,11.06155219,10.84206722,21.21640736,21.18270079,15.29704731,17.48438894,16.98590531,-11.66902405,-11.29744042,-6.403415155,-6.422836753,-6.143838092,2.121640736,6.707855252,6.047669868,6.422836753,4.698229129,27.22772277,-8.473080318,-1.778726432,-4.281891169,-19.87712324,29.34936351,-1.765225066,4.268943437,2.140945584,-15.17889411
050,3,7,48,193,Texas,Hamilton County,8224,8252,8241,8310,8603,8716,8680,28,-11,69,293,113,-36,14,86,71,95,91,91,19,153,147,147,130,131,-5,-67,-76,-52,-39,-40,0,8,21,32,42,26,34,49,121,310,111,-21,34,57,142,342,153,5,-1,-1,3,3,-1,-1,156,156,133,154,139,156,156,10.42866671,8.579542022,11.23396204,10.50868988,10.46217521,18.55332565,17.76327714,17.38307811,15.01241411,15.06093355,-8.124658946,-9.183735122,-6.149116065,-4.503724234,-4.598758335,0.970108531,2.537611021,3.784071424,4.850164559,2.989192918,5.941914752,14.62147302,36.65819192,12.81829205,-2.414348126,6.912023283,17.15908404,40.44226335,17.66845661,0.574844792
050,3,7,48,195,Texas,Hansford County,5275,5253,5122,5112,5078,5012,4944,-22,-131,-10,-34,-66,-68,24,61,73,60,67,67,14,63,67,65,50,50,10,-2,6,-5,17,17,0,7,-3,16,42,18,-28,-129,-11,-45,-128,-103,-28,-122,-14,-29,-86,-85,-4,-7,-2,0,3,0,57,57,56,56,58,56,56,11.75903615,14.26617159,11.77625123,13.28047572,13.45922057,12.14457831,13.09360954,12.7576055,9.910802775,10.04419446,-0.385542169,1.172562048,-0.981354269,3.369672944,3.415026115,1.34939759,-0.586281024,3.140333661,8.325074331,3.615910004,-24.86746988,-2.149697088,-8.83218842,-25.3716551,-20.69104058,-23.51807229,-2.735978112,-5.69185476,-17.04658077,-17.07513057
050,3,7,48,197,Texas,Hardeman County,3548,3558,3546,3505,3448,3362,3292,10,-12,-41,-57,-86,-70,8,48,37,33,28,27,19,68,58,57,55,55,-11,-20,-21,-24,-27,-28,0,5,9,12,13,10,22,3,-28,-46,-73,-50,22,8,-19,-34,-60,-40,-1,0,-1,1,1,-2,14,14,14,14,14,14,14,13.51351351,10.49496525,9.49230548,8.223201175,8.115419297,19.14414414,16.45156715,16.39580037,16.15271659,16.53140968,-5.630630631,-5.9566019,-6.903494894,-7.929515419,-8.415990382,1.407657658,2.552829386,3.451747447,3.817914831,3.005710851,0.844594595,-7.942135867,-13.23169855,-21.43906021,-15.02855425,2.252252252,-5.389306481,-9.7799511,-17.62114537,-12.0228434
050,3,7,48,199,Texas,Hardin County,56245,56357,57144,57802,58213,58636,58723,112,787,658,411,423,87,156,704,670,693,661,665,168,719,790,679,698,701,-12,-15,-120,14,-37,-36,0,14,28,30,49,15,114,779,753,381,411,100,114,793,781,411,460,115,10,9,-3,-14,0,8,390,390,393,392,396,403,404,12.40517705,11.65764794,11.94673103,11.3137468,11.33274823,12.6694919,13.74558488,11.70538293,11.94704277,11.94625039,-0.264314852,-2.087936944,0.241348102,-0.633295963,-0.61350216,0.246693862,0.487185287,0.517174503,0.838689249,0.2556259,13.72675131,13.10180433,6.568116192,7.034720023,1.704172667,13.97344517,13.58898961,7.085290695,7.873409272,1.959798567
050,3,7,48,201,Texas,Harris County,4730408,4734060,4736539,4809691,4896507,4996331,5045026,3652,2479,73152,86816,99824,48695,15196,62246,65324,65722,65204,65753,7776,36109,34491,30804,30497,30892,7420,26137,30833,34918,34707,34861,526,13920,64947,74467,97385,57225,-5684,-39356,-20058,-22021,-32198,-43377,-5158,-25436,44889,52446,65187,13848,1390,1778,-2570,-548,-70,-14,48366,48425,50707,51097,52744,52131,52148,13.14510307,13.68582152,13.54227474,13.18206161,13.09643707,7.625494438,7.22609868,6.347284488,6.165470414,6.152953231,5.519608633,6.459722844,7.194990253,7.016591195,6.943483834,2.939623988,13.60683746,15.34421614,19.68798034,11.39786186,-8.311195522,-4.202287186,-4.537513041,-6.509355556,-8.639668921,-5.371571534,9.404550278,10.8067031,13.17862478,2.758192942
050,3,7,48,203,Texas,Harrison County,68830,68798,69565,69995,70999,71410,71956,-32,767,430,1004,411,546,163,803,780,764,751,773,196,868,905,730,761,770,-33,-65,-125,34,-10,3,0,22,45,95,217,-14,-16,803,526,869,212,563,-16,825,571,964,429,549,17,7,-16,6,-8,-6,2017,2018,2365,2409,2517,2485,2482,11.60714931,11.17798796,10.8373406,10.54708621,10.78358886,12.54670685,12.96933219,10.35505057,10.68752677,10.74173793,-0.939557541,-1.791344225,0.482290027,-0.140440562,0.041850927,0.318004091,0.644883921,1.347575074,3.047560196,-0.195304326,11.60714931,7.537976498,12.32676568,2.977339915,7.854023967,11.9251534,8.182860419,13.67434075,6.024900112,7.658719641
050,3,7,48,205,Texas,Hartley County,5363,5337,5387,5216,5116,4970,4904,-26,50,-171,-100,-146,-66,14,61,79,68,72,74,10,47,56,60,43,44,4,14,23,8,29,30,0,2,6,10,7,-7,-28,33,-212,-120,-183,-88,-28,35,-206,-110,-176,-95,-2,1,12,2,1,-1,833,833,860,868,871,862,862,11.37635211,14.90144299,13.16298877,14.27721594,14.98885963,8.76538605,10.56304819,11.61440186,8.526670633,8.912294916,2.610966057,4.338394794,1.548586914,5.75054531,6.076564715,0.372995151,1.131755164,1.935733643,1.388062661,-1.4178651,6.154419993,-39.98868245,-23.22880372,-36.28792385,-17.82458983,6.527415144,-38.85692728,-21.29307007,-34.89986119,-19.24245493
050,3,7,48,207,Texas,Haskell County,5420,5439,5386,5422,5443,5470,5499,19,-53,36,21,27,29,12,41,43,44,48,49,15,110,80,94,75,78,-3,-69,-37,-50,-27,-29,0,2,15,14,5,2,24,9,59,57,50,56,24,11,74,71,55,58,-2,5,-1,0,-1,0,501,501,501,503,499,494,494,7.575057737,7.957068838,8.099401749,8.796847796,8.934269304,20.32332564,14.803849,17.30326737,13.74507468,14.22189808,-12.7482679,-6.846780163,-9.203865624,-4.948226885,-5.287628772,0.369515012,2.775721688,2.577082375,0.916338312,0.364664053,1.662817552,10.91783864,10.49240681,9.163383121,10.21059349,2.032332564,13.69356033,13.06948919,10.07972143,10.57525754
050,3,7,48,209,Texas,Hays County,241064,243984,256100,269554,281883,294339,304390,2920,12116,13454,12329,12456,10051,686,2820,3042,3345,3351,3378,302,1508,1617,1581,1566,1584,384,1312,1425,1764,1785,1794,8,169,823,1156,1721,773,2774,11259,10491,9166,8832,7545,2782,11428,11314,10322,10553,8318,-246,-624,715,243,118,-61,7875,7863,7862,7817,8005,9569,9558,11.27810528,11.57415334,12.13193892,11.63093391,11.28390307,6.030986794,6.152335947,5.734109246,5.435405104,5.291208543,5.247118484,5.421817393,6.397829671,6.195528807,5.992694525,0.675886451,3.131337344,4.192682029,5.9733922,2.582136493,45.02843522,39.91599037,33.24405145,30.65485178,25.20338918,45.70432167,43.04732771,37.43673348,36.62824398,27.78552567
050,3,7,48,211,Texas,Hemphill County,3385,3365,3325,3205,3150,3138,3083,-20,-40,-120,-55,-12,-55,6,30,31,32,30,28,11,17,43,42,44,44,-5,13,-12,-10,-14,-16,0,1,0,1,3,-1,-13,-48,-115,-47,-1,-38,-13,-47,-115,-46,2,-39,-2,-6,7,1,0,0,38,38,72,72,74,80,80,8.968609866,9.494640123,10.07081039,9.541984733,9.001768205,5.082212257,13.16998469,13.21793863,13.99491094,14.14563575,3.886397608,-3.675344564,-3.147128245,-4.452926209,-5.143867545,0.298953662,0,0.314712825,0.954198473,-0.321491722,-14.34977578,-35.22205207,-14.79150275,-0.318066158,-12.21668542,-14.05082212,-35.22205207,-14.47678993,0.636132316,-12.53817714
050,3,7,48,213,Texas,Henderson County,82151,82400,83772,84610,86371,87591,88595,249,1372,838,1761,1220,1004,208,954,933,960,923,908,303,1488,1526,1268,1272,1283,-95,-534,-593,-308,-349,-375,0,-2,27,70,125,15,368,1990,1353,1964,1433,1377,368,1988,1380,2034,1558,1392,-24,-82,51,35,11,-13,1153,1153,1271,1277,1275,1379,1378,11.48207881,11.08194463,11.22931788,10.61151286,10.30728889,17.90915437,18.12545284,14.83205736,14.62388338,14.56415379,-6.42707556,-7.043508213,-3.602739486,-4.012370518,-4.256864904,-0.024071444,0.320699362,0.818804429,1.437095458,0.170274596,23.95108683,16.07060137,22.97331282,16.47486233,15.63120793,23.92701538,16.39130073,23.79211725,17.91195778,15.80148252
050,3,7,48,215,Texas,Hidalgo County,870788,872753,879576,888619,901096,913612,921549,1965,6823,9043,12477,12516,7937,3099,12985,13843,14264,13974,14063,1202,8014,6092,5288,5178,5223,1897,4971,7751,8976,8796,8840,-17,590,2456,3570,5056,268,-198,360,-658,35,-1298,-1278,-215,950,1798,3605,3758,-1010,283,902,-506,-104,-38,107,7941,7962,7742,7693,7710,8016,8018,14.82027633,15.6577753,15.9399681,15.40082482,15.32617574,9.146684213,6.890642718,5.909320758,5.706703227,5.692143632,5.673592117,8.767132584,10.03064734,9.694121589,9.634032109,0.673389529,2.777974149,3.989462009,5.572246334,0.292072467,0.410881747,-0.744261804,0.039112373,-1.430533177,-1.39279333,1.084271276,2.033712345,4.028574382,4.141713157,-1.100720863
050,3,7,48,217,Texas,Hill County,35868,35965,36387,37314,38236,38889,39503,97,422,927,922,653,614,76,411,442,430,452,454,108,622,622,505,473,484,-32,-211,-180,-75,-21,-30,0,12,49,59,121,35,136,633,1003,921,553,616,136,645,1052,980,674,651,-7,-12,55,17,0,-7,484,484,443,451,463,410,412,11.3611234,11.99440985,11.38318994,11.72123177,11.58281457,17.19371959,16.87901114,13.36863005,12.26580227,12.3481988,-5.832596196,-4.884601294,-1.985440106,-0.544570502,-0.765384223,0.331711632,1.329697019,1.56187955,3.137763371,0.89294826,17.49778859,27.21808388,24.3812045,14.34035656,15.71588938,17.82950022,28.5477809,25.94308405,17.47811994,16.60883764
050,3,7,48,219,Texas,Hockley County,21523,21484,21244,21205,21343,21512,21600,-39,-240,-39,138,169,88,64,284,261,291,287,289,64,327,335,247,245,251,0,-43,-74,44,42,38,0,15,32,21,47,-1,-37,-201,18,77,83,48,-37,-186,50,98,130,47,-2,-11,-15,-4,-3,3,305,305,197,288,209,170,171,13.29339075,12.29710947,13.6786688,13.39400303,13.40694006,15.30612245,15.78364626,11.61041647,11.43390503,11.64408981,-2.012731698,-3.486536785,2.068252327,1.960098005,1.762850251,0.702115709,1.507691583,0.987120429,2.193443006,-0.046390796,-9.408350496,0.848076515,3.619441572,3.87352701,2.226758211,-8.706234787,2.355768098,4.606562001,6.066970015,2.180367415
050,3,7,48,221,Texas,Hood County,61592,62054,64281,66299,67717,69310,70501,462,2227,2018,1418,1593,1191,151,621,625,655,659,660,186,984,1024,879,893,893,-35,-363,-399,-224,-234,-233,0,-4,41,136,334,45,556,2770,2242,1477,1476,1396,556,2766,2283,1613,1810,1441,-59,-176,134,29,17,-17,918,918,887,869,867,852,850,9.831004868,9.572675754,9.774952245,9.618542331,9.441317207,15.5776309,15.68387196,13.11783668,13.03392762,12.77438828,-5.746626034,-6.111196202,-3.342884432,-3.415385289,-3.333071075,-0.063323703,0.62796753,2.029608405,4.874951652,0.643726173,43.85166423,34.33910247,22.04214422,21.54319952,19.9698164,43.78834052,34.96707,24.07175263,26.41815117,20.61354257
050,3,7,48,223,Texas,Hopkins County,36797,36833,37220,37815,38236,38826,39063,36,387,595,421,590,237,110,434,473,462,457,463,105,567,523,461,463,468,5,-133,-50,1,-6,-5,0,24,66,92,195,38,21,497,563,328,400,202,21,521,629,420,595,240,10,-1,16,0,1,2,457,457,443,453,464,485,486,11.72133472,12.60744986,12.14974162,11.86057979,11.88871343,15.31335665,13.94016126,12.12344348,12.01629857,12.01710126,-3.59202193,-1.332711401,0.026298142,-0.155718772,-0.128387834,0.648184409,1.75917905,2.419429067,5.060860087,0.975747538,13.422818790000001,15.00633038,8.625790588,10.38125146,5.186868492,14.0710032,16.76550943,11.04521966,15.44211155,6.162616031
050,3,7,48,225,Texas,Houston County,22081,22073,21991,21939,22050,22331,22316,-8,-82,-52,111,281,-15,53,216,256,232,212,212,92,380,419,342,334,339,-39,-164,-163,-110,-122,-127,0,2,18,23,28,12,29,60,106,195,369,98,29,62,124,218,397,110,2,20,-13,3,6,2,2708,2708,2444,2413,2416,2669,2672,9.803921569,11.65490553,10.54809157,9.553637818,9.496718705,17.2476398,19.07580241,15.54934188,15.051486,15.18579076,-7.443718228,-7.420896881,-5.001250313,-5.497848178,-5.689072054,0.090777052,0.819485545,1.045715974,1.261801221,0.537550115,2.7233115470000002,4.825859322,8.865852827,16.62873752,4.389992609,2.814088598,5.645344867,9.911568801,17.89053874,4.927542724
050,3,7,48,227,Texas,Howard County,34860,34811,34387,30764,30702,30568,30504,-49,-424,-3623,-62,-134,-64,102,375,353,380,393,403,98,471,487,419,399,410,4,-96,-134,-39,-6,-7,0,36,93,165,220,128,-62,-379,-3941,-189,-351,-187,-62,-343,-3848,-24,-131,-59,9,15,359,1,3,2,4928,4949,5282,2379,2404,2172,2177,10.83846354,10.83636475,12.36455927,12.82846418,13.19753733,13.61311021,14.94988565,13.63355351,13.02431859,13.42677495,-2.774646666,-4.113520898,-1.268994241,-0.195854415,-0.229237621,1.0404925,2.854906295,5.368821788,7.181328546,4.191773644,-10.95407382,-120.9804915,-6.14974132,-11.457483270000001,-6.123919308,-9.913581317,-118.1255852,-0.780919533,-4.276154725,-1.932145664
050,3,7,48,229,Texas,Hudspeth County,3200,3189,3275,3398,3399,3450,3433,-11,86,123,1,51,-17,8,33,29,27,29,33,13,39,45,42,35,36,-5,-6,-16,-15,-6,-3,0,51,110,84,67,48,-7,38,31,-70,-9,-60,-7,89,141,14,58,-12,1,3,-2,2,-1,-2,1005,1004,1003,999,1003,1007,1004,10.21039604,8.691742844,7.944681477,8.468389546,9.588842075,12.06683168,13.48718717,12.35839341,10.22047014,10.46055499,-1.856435644,-4.795444328,-4.413711932,-1.752080596,-0.871712916,15.77970297,32.96867975,24.71678682,19.56489999,13.94740665,11.75742574,9.291173385,-20.59732235,-2.628120894,-17.43425832,27.53712871,42.25985314,4.11946447,16.93677909,-3.486851664
050,3,7,48,231,Texas,Hunt County,99959,100260,103616,108546,113819,119210,123336,301,3356,4930,5273,5391,4126,279,1247,1376,1534,1620,1650,286,1202,1318,1142,1130,1135,-7,45,58,392,490,515,1,59,189,291,652,298,302,3386,4433,4515,4220,3351,303,3445,4622,4806,4872,3649,5,-134,250,75,29,-38,2984,2976,2941,2982,3092,3098,3100,12.2329259,12.97122011,13.79713534,13.90384888,13.60566655,11.7914811,12.4244681,10.27140063,9.698363723,9.359049417,0.4414448,0.54675201,3.525734715,4.205485154,4.246617137,0.578783182,1.781657413,2.617318373,5.595870042,2.457265838,33.21626871,41.78882175,40.60890878,36.21866806,27.63187189,33.79505189,43.57047916,43.22622715,41.81453811,30.08913773
050,3,7,48,233,Texas,Hutchinson County,20611,20569,20448,20175,20020,19800,19633,-42,-121,-273,-155,-220,-167,66,232,206,222,221,225,59,325,362,279,258,262,7,-93,-156,-57,-37,-37,0,0,-4,2,19,3,-48,-40,-112,-100,-201,-133,-48,-40,-116,-98,-182,-130,-1,12,-1,0,-1,0,291,291,283,268,255,267,267,11.31238267,10.14203776,11.04615002,11.09994977,11.41176172,15.84708779,17.82241587,13.88232367,12.95831241,13.28836254,-4.534705122,-7.680378111,-2.836173653,-1.858362632,-1.876600817,0,-0.196932772,0.099514865,0.954294325,0.152156823,-1.950410805,-5.514117618,-4.975743252,-10.09542943,-6.745619151,-1.950410805,-5.71105039,-4.876228387,-9.141135108,-6.593462329
050,3,7,48,235,Texas,Irion County,1508,1506,1531,1538,1552,1509,1463,-2,25,7,14,-43,-46,1,21,20,17,13,13,3,25,16,18,16,16,-2,-4,4,-1,-3,-3,0,0,0,0,0,0,0,28,3,16,-40,-44,0,28,3,16,-40,-44,0,1,0,-1,0,1,1,1,1,1,1,1,1,13.82943694,13.03356142,11.00323625,8.493956224,8.748317631,16.46361541,10.42684914,11.65048544,10.45409997,10.76716016,-2.634178466,2.606712284,-0.647249191,-1.960143744,-2.01884253,0,0,0,0,0,18.43924926,1.955034213,10.35598706,-26.13524992,-29.60969044,18.43924926,1.955034213,10.35598706,-26.13524992,-29.60969044
050,3,7,48,237,Texas,Jack County,8471,8484,8540,8738,9199,9421,9563,13,56,198,461,222,142,19,85,85,88,88,88,35,102,119,113,110,111,-16,-17,-34,-25,-22,-23,0,7,9,15,32,2,27,61,215,455,206,164,27,68,224,470,238,166,2,5,8,16,6,-1,1069,1069,889,904,1267,1303,1304,9.985902256,9.839101748,9.812120199,9.452201933,9.270965023,11.98308271,13.77474245,12.59965435,11.81525242,11.69405815,-1.997180451,-3.935640699,-2.787534147,-2.363050483,-2.423093131,0.822368421,1.041787244,1.672520488,3.437164339,0.210703751,7.166353384,24.88713972,50.73312148,22.12674544,17.27770754,7.988721805,25.92892696,52.40564197,25.56390977,17.48841129
050,3,7,48,239,Texas,Jackson County,14991,14997,15125,15156,15199,15357,15393,6,128,31,43,158,36,38,223,207,227,198,200,41,187,168,173,139,141,-3,36,39,54,59,59,0,3,15,36,75,25,5,80,-15,-46,25,-50,5,83,0,-10,100,-25,4,9,-8,-1,-1,2,383,383,373,358,369,381,381,14.80645376,13.6719395,14.95634986,12.95981149,13.00813008,12.41617423,11.09606684,11.39845166,9.098049483,9.170731707,2.39027953,2.575872659,3.557898205,3.861762011,3.837398374,0.199189961,0.990720254,2.371932136,4.909019505,1.62601626,5.311732289,-0.990720254,-3.030802174,1.636339835,-3.25203252,5.51092225,0,-0.658870038,6.54535934,-1.62601626
050,3,7,48,241,Texas,Jasper County,32978,32921,32572,32528,32740,32956,33075,-57,-349,-44,212,216,119,87,365,397,407,375,380,119,588,596,469,490,495,-32,-223,-199,-62,-115,-115,0,8,32,23,10,-1,-30,-130,136,254,320,238,-30,-122,168,277,330,237,5,-4,-13,-3,1,-3,795,795,431,469,447,575,576,11.14622937,12.19662058,12.47165533,11.41622017,11.50974542,17.95611745,18.31029186,14.37151437,14.91719435,14.99295785,-6.80988808,-6.113671275,-1.899859043,-3.500974184,-3.483212431,0.244300918,0.983102919,0.704786419,0.304432538,-0.030288804,-3.969889912,4.178187404,7.783293498,9.741841208,7.208735291,-3.725588994,5.161290323,8.488079917,10.04627375,7.178446487
050,3,7,48,243,Texas,Jeff Davis County,1999,1987,1963,1909,1852,1775,1711,-12,-24,-54,-57,-77,-64,4,11,14,17,10,10,6,27,30,31,28,28,-2,-16,-16,-14,-18,-18,0,-1,-2,-3,-5,-7,-9,-8,-37,-41,-56,-38,-9,-9,-39,-44,-61,-45,-1,1,1,1,2,-1,0,0,0,0,0,0,0,5.569620253,7.231404959,9.040148897,5.514199063,5.737234653,13.67088608,15.49586777,16.4849774,15.43975738,16.06425703,-8.101265823,-8.26446281,-7.444828503,-9.925558313,-10.32702238,-0.506329114,-1.033057851,-1.595320394,-2.757099531,-4.016064257,-4.050632911,-19.11157025,-21.80271204,-30.87951475,-21.80149168,-4.556962025,-20.1446281,-23.39803244,-33.63661428,-25.81755594
050,3,7,48,245,Texas,Jefferson County,256538,256141,253807,252341,253557,254497,254321,-397,-2334,-1466,1216,940,-176,748,3192,3176,3250,3130,3159,718,3135,3014,2571,2482,2507,30,57,162,679,648,652,0,224,1140,1050,1732,658,-447,-2638,-2777,-453,-1451,-1496,-447,-2414,-1637,597,281,-838,20,23,9,-60,11,10,13751,13758,13597,14317,15186,15260,15276,12.5189235,12.54968902,12.8484398,12.32152488,12.41701355,12.29537129,11.90956005,10.16410423,9.770614935,9.854211133,0.223552205,0.640128974,2.6843355780000002,2.550909943,2.562802417,0.878520947,4.5046113,4.151034398,6.818172871,2.586386488,-10.34615294,-10.97307507,-1.79087484,-5.711991245,-5.880295115,-9.467631994,-6.468463769,2.360159558,1.106181626,-3.293908627
050,3,7,48,247,Texas,Jim Hogg County,4834,4845,4784,4749,4661,4611,4555,11,-61,-35,-88,-50,-56,13,71,56,58,38,38,9,85,57,65,53,54,4,-14,-1,-7,-15,-16,0,1,0,0,0,0,6,-48,-33,-81,-36,-40,6,-47,-33,-81,-36,-40,1,0,-1,0,1,0,83,83,64,67,52,64,64,14.74711808,11.74866254,12.32731137,8.196721312,8.29151211,17.65500052,11.95846009,13.81509033,11.4322692,11.7826751,-2.907882438,-0.209797545,-1.487778959,-3.235547886,-3.491162994,0.207705889,0,0,0,0,-9.969882646,-6.923318997,-17.21572795,-7.765314927,-8.727907484,-9.762176758,-6.923318997,-17.21572795,-7.765314927,-8.727907484
050,3,7,48,249,Texas,Jim Wells County,38902,38888,38894,38747,38766,38829,38804,-14,6,-147,19,63,-25,132,507,477,528,518,525,96,580,558,487,458,457,36,-73,-81,41,60,68,0,3,19,53,61,28,-54,39,-63,-67,-56,-121,-54,42,-44,-14,5,-93,4,37,-22,-8,-2,0,338,338,339,338,328,334,334,13.03643517,12.28732242,13.62352122,13.351375730000001,13.52517615,14.91347613,14.37384887,12.56563415,11.80488434,11.77334381,-1.877040961,-2.086526449,1.057887064,1.546491398,1.751832339,0.07713867,0.48943213,1.367512546,1.572266254,0.721342728,1.002802705,-1.622853905,-1.728742275,-1.443391971,-3.117231074,1.079941375,-1.133421775,-0.361229729,0.128874283,-2.395888346
050,3,7,48,251,Texas,Johnson County,180009,180955,187522,195956,203731,211590,218048,946,6567,8434,7775,7859,6458,489,2197,2398,2573,2647,2672,378,2029,2033,1814,1924,1944,111,168,365,759,723,728,0,38,416,524,891,205,856,6661,7269,6387,6205,5585,856,6699,7685,6911,7096,5790,-21,-300,384,105,40,-60,3363,3364,3404,3475,3497,3489,3493,11.92476057,12.50658447,12.87507475,12.74676696,12.43837836,11.01289904,10.60295506,9.077102833,9.26512264,9.049478864,0.911861527,1.903629413,3.797971913,3.481644319,3.388899492,0.206254393,2.169615988,2.622051756,4.290657106,0.954291753,36.15422401,37.91091014,31.96000871,29.88050207,25.99863141,36.3604784,40.08052613,34.58206046,34.17115918,26.95292316
050,3,7,48,253,Texas,Jones County,19655,19667,19895,20337,20812,20802,20861,12,228,442,475,-10,59,40,147,158,174,166,169,59,285,234,205,209,209,-19,-138,-76,-31,-43,-40,0,4,6,3,9,5,25,374,481,492,25,95,25,378,487,495,34,100,6,-12,31,11,-1,-1,5219,5228,5323,5624,5958,5837,5848,7.43137354,7.854444224,8.457070646,7.978084299,8.112713919,14.40776503,11.63253132,9.963790129,10.0446965,10.03288289,-6.976391487,-3.778087095,-1.506719483,-2.066612198,-1.920168975,0.202214246,0.298270034,0.145811563,0.432546739,0.240021122,18.907032,23.91131438,23.91309631,1.20151872,4.560401315,19.10924625,24.20958441,24.05890787,1.634065459,4.800422437
050,3,7,48,255,Texas,Karnes County,14773,14811,14800,14989,14965,15020,15018,38,-11,189,-24,55,-2,40,166,151,139,144,144,41,186,197,175,159,157,-1,-20,-46,-36,-15,-13,0,49,116,93,7,-1,36,-55,119,-79,61,11,36,-6,235,14,68,10,3,15,0,-2,2,1,3155,3156,3125,3243,3204,3329,3327,11.21204958,10.13797039,9.280897376,9.604802401,9.587855383,12.56289892,13.22635872,11.68458303,10.60530265,10.45342566,-1.350849347,-3.088388331,-2.403685651,-1.00050025,-0.865570278,3.309580899,7.788109705,6.209521266,0.466900117,-0.066582329,-3.714835703,7.989526335,-5.274754624,4.068701017,0.73240562,-0.405254804,15.77763604,0.934766642,4.535601134,0.665823291
050,3,7,48,257,Texas,Kaufman County,145337,147165,158316,172773,186658,198010,209235,1828,11151,14457,13885,11352,11225,469,2123,2495,2919,2939,2967,284,1404,1430,1297,1285,1289,185,719,1065,1622,1654,1678,1,52,280,514,647,161,1777,11006,12360,11544,9013,9535,1778,11058,12640,12058,9660,9696,-135,-626,752,205,38,-149,1551,1550,1559,1571,1646,1692,1693,13.89939145,15.07147625,16.24233859,15.2807096,14.57108129,9.192061045,8.638160736,7.216962366,6.681086027,6.330341686,4.707330407,6.433315513,9.02537622,8.599623572,8.240739604,0.340446705,1.691388116,2.860076065,3.363939813,0.79067883,72.0568546,74.66270399,64.2348601,46.86118939,46.8268487,72.39730131,76.3540921,67.09493616,50.2251292,47.61752753
050,3,7,48,259,Texas,Kendall County,44301,44568,46883,49058,50559,51977,53289,267,2315,2175,1501,1418,1312,86,406,438,451,450,439,104,466,495,470,465,475,-18,-60,-57,-19,-15,-36,1,29,154,127,215,8,305,2492,1983,1373,1205,1354,306,2521,2137,1500,1420,1362,-21,-146,95,20,13,-14,838,838,835,845,840,836,836,8.879071853,9.130611522,9.054679422,8.777405009,8.340774799,10.19124996,10.31884179,9.436140418,9.069985176,9.024756332,-1.312178106,-1.188230267,-0.381460996,-0.292580167,-0.683981532,0.634219418,3.210306334,2.549765602,4.19364906,0.151995896,54.49913068,41.33790559,27.56557616,23.50394008,25.72530542,55.1333501,44.54821192,30.11534176,27.69758914,25.87730131
050,3,7,48,261,Texas,Kenedy County,350,349,340,356,347,323,319,-1,-9,16,-9,-24,-4,1,1,6,3,3,3,0,3,4,2,5,5,1,-2,2,1,-2,-2,0,0,0,0,6,6,-2,-6,13,-11,-28,-8,-2,-6,13,-11,-22,-2,0,-1,1,1,0,0,4,4,4,4,4,4,4,2.90275762,17.24137931,8.53485064,8.955223881,9.345794393,8.708272859,11.49425287,5.689900427,14.92537313,15.57632399,-5.805515239,5.747126437,2.844950213,-5.970149254,-6.230529595,0,0,0,17.91044776,18.69158879,-17.41654572,37.35632184,-31.29445235,-83.58208955,-24.92211838,-17.41654572,37.35632184,-31.29445235,-65.67164179,-6.230529595
050,3,7,48,263,Texas,Kent County,750,758,744,740,727,699,674,8,-14,-4,-13,-28,-25,0,11,8,3,1,1,1,23,20,15,11,11,-1,-12,-12,-12,-10,-10,0,0,0,0,0,0,10,-1,8,-1,-20,-12,10,-1,8,-1,-20,-12,-1,-1,0,0,2,-3,43,43,42,43,42,39,41,14.64713715,10.78167116,4.08997955,1.402524544,1.456664239,30.62583222,26.9541779,20.44989775,15.42776999,16.02330663,-15.97869507,-16.17250674,-16.3599182,-14.02524544,-14.56664239,0,0,0,0,0,-1.331557923,10.78167116,-1.363326517,-28.05049088,-17.47997087,-1.331557923,10.78167116,-1.363326517,-28.05049088,-17.47997087
050,3,7,48,265,Texas,Kerr County,52595,52696,53195,53782,53922,54014,54037,101,499,587,140,92,23,107,480,497,511,470,475,189,856,891,793,874,877,-82,-376,-394,-282,-404,-402,1,18,64,82,204,51,203,881,877,342,285,373,204,899,941,424,489,424,-21,-24,40,-2,7,1,1935,1933,1884,1914,1915,1965,1964,9.065926283,9.291716911,9.488969769,8.708864512,8.79214445,16.16756854,16.65778625,14.72554408,16.19478209,16.23307512,-7.101642255,-7.366069342,-5.236574315,-7.485917581,-7.440930672,0.339972236,1.196518878,1.522691822,3.780017788,0.943998667,16.6397522,16.39604775,6.350739063,5.280907204,6.904147116,16.97972443,17.59256663,7.873430885,9.060924993,7.848145783
050,3,7,48,267,Texas,Kimble County,4283,4293,4351,4445,4480,4424,4438,10,58,94,35,-56,14,15,40,45,40,44,44,14,68,57,49,51,52,1,-28,-12,-9,-7,-8,0,0,6,-2,-2,-4,11,88,95,45,-48,26,11,88,101,43,-50,22,-2,-2,5,1,1,0,14,14,14,14,14,14,14,9.254974549,10.2319236,8.963585434,9.883198562,9.930038366,15.73345673,12.96043656,10.98039216,11.45552561,11.73549989,-6.478482184,-2.72851296,-2.016806723,-1.572327044,-1.805461521,0,1.36425648,-0.448179272,-0.449236298,-0.902730761,20.36094401,21.6007276,10.08403361,-10.78167116,5.867749944,20.36094401,22.96498408,9.635854342,-11.23090746,4.965019183
050,3,7,48,269,Texas,King County,262,267,253,231,212,212,192,5,-14,-22,-19,0,-20,1,2,3,3,4,5,0,1,2,2,2,2,1,1,1,1,2,3,0,0,0,0,0,0,4,-12,-26,-20,-2,-23,4,-12,-26,-20,-2,-23,0,-3,3,0,0,0,0,0,0,0,0,0,0,7.692307692,12.39669422,13.54401806,18.86792453,24.75247525,3.846153846,8.26446281,9.029345373,9.433962264,9.900990099,3.846153846,4.132231405,4.514672686,9.433962264,14.85148515,0,0,0,0,0,-46.15384615,-107.4380165,-90.29345372,-9.433962264,-113.8613861,-46.15384615,-107.4380165,-90.29345372,-9.433962264,-113.8613861
050,3,7,48,271,Texas,Kinney County,3133,3127,3122,3129,3163,3124,3128,-6,-5,7,34,-39,4,2,33,28,27,27,27,7,55,51,45,50,50,-5,-22,-23,-18,-23,-23,0,5,14,24,39,29,-1,13,18,28,-55,0,-1,18,32,52,-16,29,0,-1,-2,0,0,-2,451,451,451,451,451,451,451,10.56168987,8.958566629,8.582326764,8.589152219,8.637236085,17.60281645,16.31738922,14.30387794,15.90583744,15.99488164,-7.04112658,-7.358822588,-5.721551176,-7.316685223,-7.357645553,1.600256041,4.479283315,7.628734902,12.40655321,9.27703135,4.160665707,5.759078547,8.900190718,-17.49642119,0,5.760921748,10.23836186,16.52892562,-5.089867982,9.27703135
050,3,7,48,273,Texas,Kleberg County,31043,30986,30637,30437,30327,30329,30315,-57,-349,-200,-110,2,-14,86,356,365,385,390,394,62,372,304,295,275,281,24,-16,61,90,115,113,1,13,68,98,131,92,-77,-343,-332,-301,-247,-219,-76,-330,-264,-203,-116,-127,-5,-3,3,3,3,0,1318,1312,1332,1314,1437,1385,1386,11.55412752,11.9527131,12.67197683,12.85940385,12.99386584,12.07341415,9.955136392,9.709696531,9.067528357,9.267198734,-0.51928663,1.99757671,2.962280298,3.791875495,3.726667106,0.421920387,2.226806825,3.225594102,4.319440781,3.034100653,-11.13220713,-10.87205685,-9.907181884,-8.144289106,-7.222478728,-10.71028674,-8.645250025,-6.681587782,-3.824848325,-4.188378075
050,3,7,48,275,Texas,Knox County,3353,3346,3318,3279,3318,3251,3192,-7,-28,-39,39,-67,-59,11,45,33,46,32,33,21,70,69,52,50,51,-10,-25,-36,-6,-18,-18,0,3,3,1,3,0,1,-9,-2,43,-52,-41,1,-6,1,44,-49,-41,2,3,-4,1,0,0,93,93,90,93,93,92,92,13.50540216,10.00454752,13.94573291,9.742731009,10.24367531,21.00840336,20.91859936,15.76474155,15.2230172,15.83113457,-7.5030012,-10.91405184,-1.81900864,-5.480286193,-5.587459258,0.900360144,0.90950432,0.303168107,0.913381032,0,-2.701080432,-0.606336213,13.03622859,-15.83193789,-12.72699053,-1.800720288,0.303168107,13.3393967,-14.91855686,-12.72699053
050,3,7,48,277,Texas,Lamar County,50083,50131,50359,50488,51155,51342,51503,48,228,129,667,187,161,145,679,625,650,660,663,165,844,798,621,631,634,-20,-165,-173,29,29,29,0,10,70,86,56,4,59,358,252,559,106,123,59,368,322,645,162,127,9,25,-20,-7,-4,5,668,668,785,747,740,742,742,13.51378247,12.39501423,12.78986256,12.87842571,12.89318878,16.79769131,15.82595417,12.21923792,12.31255549,12.32923331,-3.283908847,-3.430939939,0.570624637,0.565870221,0.563955467,0.199024779,1.388241594,1.6921972,1.092714909,0.077786961,7.125087073,4.997669737,10.9992818,2.06835322,2.39194905,7.324111852,6.385911331,12.691479,3.161068129,2.469736011
050,3,7,48,279,Texas,Lamb County,13041,13005,12902,12747,12713,12618,12579,-36,-103,-155,-34,-95,-39,42,199,160,154,156,153,31,226,193,167,156,158,11,-27,-33,-13,0,-5,0,4,36,78,110,67,-44,-85,-158,-103,-205,-100,-44,-81,-122,-25,-95,-33,-3,5,0,4,0,-1,172,172,166,161,171,168,168,15.3626433,12.47611993,12.0974077,12.31692393,12.14430289,17.44702204,15.04931966,13.11861744,12.31692393,12.54117554,-2.084378739,-2.573199735,-1.021209741,0,-0.396872644,0.30879685,2.807126984,6.127258445,8.685010462,5.318093424,-6.561933068,-12.32016843,-8.091123331,-16.18570131,-7.937452871,-6.253136218,-9.513041444,-1.963864886,-7.500690853,-2.619359448
050,3,7,48,281,Texas,Lampasas County,21629,21704,22218,22769,23328,23576,23657,75,514,551,559,248,81,39,219,205,216,227,229,63,323,336,270,297,306,-24,-104,-131,-54,-70,-77,0,5,22,40,63,26,103,642,625,560,251,132,103,647,647,600,314,158,-4,-29,35,13,4,0,191,191,191,192,212,231,231,9.972223487,9.113743971,9.371542617,9.679345045,9.696610421,14.70789126,14.93764865,11.71442827,12.6641651,12.95704275,-4.735667775,-5.823904684,-2.342885654,-2.984820058,-3.260432325,0.227676335,0.978060329,1.735470855,2.686338052,1.100925201,29.23364146,27.78580479,24.29659197,10.70271192,5.589312557,29.46131779,28.76386512,26.03206282,13.38904997,6.690237758
050,3,7,48,283,Texas,La Salle County,6657,6642,6664,6513,6536,6550,6517,-15,22,-151,23,14,-33,22,80,69,62,60,60,16,93,89,59,53,53,6,-13,-20,3,7,7,0,19,36,49,11,0,-21,13,-177,-27,-4,-40,-21,32,-141,22,7,-40,0,3,10,-2,0,0,1390,1390,1416,1393,1424,1424,1427,12.02465053,10.4727935,9.502643881,9.170105456,9.183439198,13.97865625,13.50838582,9.042838532,8.10025982,8.112037958,-1.954005712,-3.03559232,0.459805349,1.069845637,1.07140124,2.855854502,5.464066176,7.510154035,1.681186,0,1.954005712,-26.86499203,-4.138248142,-0.611340364,-6.122292799,4.809860213,-21.40092586,3.371905893,1.069845637,-6.122292799
050,3,7,48,285,Texas,Lavaca County,20340,20355,20537,20658,20565,20526,20651,15,182,121,-93,-39,125,56,252,241,225,207,212,70,306,284,255,250,252,-14,-54,-43,-30,-43,-40,0,4,6,13,18,0,27,236,167,-75,-12,167,27,240,173,-62,6,167,2,-4,-9,-1,-2,-2,387,387,359,362,343,327,328,12.32514917,11.70044908,10.91623608,10.07519895,10.29701047,14.96625257,13.78808108,12.37173423,12.16811467,12.23984263,-2.641103394,-2.087631994,-1.455498144,-2.092915724,-1.942832164,0.195637289,0.291297488,0.630715863,0.876104256,0,11.54260002,8.10778007,-3.638745361,-0.584069504,8.111324283,11.73823731,8.399077558,-3.008029498,0.292034752,8.111324283
050,3,7,48,287,Texas,Lee County,17480,17504,17685,17972,18259,18501,18729,24,181,287,287,242,228,63,188,190,230,227,230,55,228,214,192,192,194,8,-40,-24,38,35,36,0,0,4,-1,32,-12,13,220,296,248,177,205,13,220,300,247,209,193,3,1,11,2,-2,-1,350,351,363,369,362,364,363,10.68515729,10.65709398,12.69630979,12.35038085,12.35562718,12.95859502,12.00325322,10.59865861,10.44613711,10.42170293,-2.273437722,-1.346159239,2.097651183,1.904243743,1.933924255,0,0.224359873,-0.055201347,1.741022851,-0.644641418,12.50390747,16.60263062,13.68993403,9.630032644,11.01262423,12.50390747,16.82699049,13.63473269,11.3710555,10.36798281
050,3,7,48,289,Texas,Leon County,15762,15775,16048,16219,16574,16739,16894,13,273,171,355,165,155,35,206,166,209,202,209,52,266,299,241,232,236,-17,-60,-133,-32,-30,-27,0,2,19,21,27,-4,30,345,273,362,171,188,30,347,292,383,198,184,0,-14,12,4,-3,-2,78,78,76,75,80,82,82,12.94661094,10.28914991,12.74662276,12.12739771,12.42826985,16.7174685,18.5328664,14.69825878,13.92849638,14.03383582,-3.770857556,-8.243716491,-1.95163602,-1.80109867,-1.605565962,0.125695252,1.177673784,1.280761138,1.620988803,-0.237861624,21.68243095,16.9213128,22.07788248,10.26626242,11.17949633,21.8081262,18.09898658,23.35864361,11.88725122,10.9416347
050,3,7,48,291,Texas,Liberty County,91661,92471,97404,102615,109248,116291,121364,810,4933,5211,6633,7043,5073,296,1300,1453,1558,1687,1699,190,1045,1108,949,946,956,106,255,345,609,741,743,1,27,288,373,800,156,722,4843,4414,5560,5495,4243,723,4870,4702,5933,6295,4399,-19,-192,164,91,7,-69,4911,4889,4439,4799,5162,5736,5723,13.69321922,14.52861978,14.70761766,14.95971872,14.29803707,11.00724161,11.0789475,8.958619485,8.388793069,8.045275715,2.685977617,3.449672281,5.748998173,6.570925649,6.252761356,0.28439763,2.879726426,3.52114338,7.09411676,1.312827418,51.01250823,44.1358071,52.48674851,48.7277145,35.70722266,51.29690586,47.01553352,56.00789189,55.82183126,37.02005007
050,3,7,48,293,Texas,Limestone County,22148,22141,22067,22337,22489,22747,22849,-7,-74,270,152,258,102,58,251,262,255,270,273,72,414,370,323,309,308,-14,-163,-108,-68,-39,-35,0,0,150,44,104,19,2,74,228,177,194,118,2,74,378,221,298,137,5,15,0,-1,-1,0,1139,1139,1100,1096,1103,1172,1173,11.35541079,11.80073867,11.37732566,11.937395,11.97473463,18.72964169,16.6651653,14.41127917,13.66168538,13.50995701,-7.374230908,-4.864426628,-3.033953509,-1.724290388,-1.535222388,0,6.756148095,1.963146388,4.598107702,0.833406439,3.347810351,10.2693451,7.897202516,8.577239367,5.175892622,3.347810351,17.0254932,9.860348905,13.17534707,6.009299061
050,3,7,48,295,Texas,Lipscomb County,3061,3039,2902,2856,2916,2901,2955,-22,-137,-46,60,-15,54,5,30,37,33,36,37,5,45,40,26,23,23,0,-15,-3,7,13,14,0,3,13,9,29,17,-21,-116,-61,44,-58,24,-21,-113,-48,53,-29,41,-1,-9,5,0,1,-1,38,38,37,38,37,38,38,10.09930988,12.85168461,11.43451144,12.37751418,12.63661202,15.14896482,13.8937131,9.009009009,7.907856283,7.855191257,-5.04965494,-1.042028482,2.425502426,4.469657899,4.781420765,1.009930988,4.515456756,3.118503119,9.970775314,5.806010929,-39.05066487,-21.18791247,15.24601525,-19.94155063,8.196721312,-38.04073388,-16.67245571,18.36451837,-9.970775314,14.00273224
050,3,7,48,297,Texas,Live Oak County,11335,11348,11405,11589,11823,11858,11929,13,57,184,234,35,71,34,113,86,98,108,108,35,168,147,141,143,145,-1,-55,-61,-43,-35,-37,0,7,46,82,80,57,12,106,190,190,-12,52,12,113,236,272,68,109,2,-1,9,5,2,-1,1493,1493,1563,1677,1823,1748,1749,9.93275612,7.480212229,8.371775158,9.121236434,9.080590238,14.76728344,12.78594416,12.04510507,12.07719269,12.19153319,-4.834527315,-5.30573193,-3.673329916,-2.955956252,-3.110942952,0.615303477,4.001043751,7.004954724,6.756471433,4.792533737,9.317452644,16.52605027,16.23099265,-1.013470715,4.372136041,9.93275612,20.52709403,23.23594738,5.743000718,9.164669778
050,3,7,48,299,Texas,Llano County,21282,21331,22131,22739,22978,23310,23353,49,800,608,239,332,43,33,208,217,199,196,197,73,398,404,371,409,412,-40,-190,-187,-172,-213,-215,0,5,77,67,137,26,103,1060,677,338,408,236,103,1065,754,405,545,262,-14,-75,41,6,0,-4,217,217,191,200,186,187,187,9.571579771,9.672386896,8.705733097,8.468717594,8.443520562,18.31484975,18.00757745,16.23028633,17.67196682,17.65853031,-8.743269983,-8.33519055,-7.52455323,-9.203249222,-9.215009751,0.230086052,3.432137286,2.931075967,5.919460767,1.114373272,48.77824306,30.17606419,14.78662204,17.62875907,10.11508047,49.00832912,33.60820147,17.71769801,23.54821984,11.22945374
050,3,7,48,301,Texas,Loving County,62,63,57,46,46,47,52,1,-6,-11,0,1,5,0,0,0,1,1,1,0,3,3,2,2,2,0,-3,-3,-1,-1,-1,0,0,0,0,0,0,1,-4,-7,1,1,7,1,-4,-7,1,1,7,0,1,-1,0,1,-1,0,0,0,0,0,0,0,0,0,21.73913044,21.50537634,20.2020202,50,58.25242718,43.47826087,43.01075269,40.4040404,-50,-58.25242718,-21.73913043,-21.50537634,-20.2020202,0,0,0,0,0,-66.66666667,-135.9223301,21.73913044,21.50537634,141.4141414,-66.66666667,-135.9223301,21.73913044,21.50537634,141.4141414
050,3,7,48,303,Texas,Lubbock County,310646,311589,314608,317940,321411,325137,328906,943,3019,3332,3471,3726,3769,982,3890,4219,3996,4027,4042,759,3495,3437,2901,2811,2854,223,395,782,1095,1216,1188,17,342,1019,1231,1558,1060,646,2119,1677,1161,959,1496,663,2461,2696,2392,2517,2556,57,163,-146,-16,-7,25,11395,11381,11312,11424,11634,10963,10956,12.42420516,13.33969912,12.50017596,12.45692509,12.36004361,11.16262135,10.86715949,9.074827442,8.695410086,8.727254936,1.261583815,2.472539633,3.425348518,3.761515,3.63278867,1.092308012,3.22188988,3.850779932,4.819441093,3.241377096,6.767838236,5.302364406,3.63180788,2.966523754,4.57462277,7.860146248,8.524254286,7.482587812,7.785964847,7.815999866
050,3,7,48,305,Texas,Lynn County,5593,5609,5647,5757,5823,5959,6017,16,38,110,66,136,58,18,73,94,90,88,87,18,97,79,55,55,55,0,-24,15,35,33,32,0,1,2,7,7,3,17,58,91,25,99,23,17,59,93,32,106,26,-1,3,2,-1,-3,0,38,38,38,38,38,38,38,12.97085999,16.4854437,15.54404145,14.93804108,14.52905812,17.23525231,13.85478779,9.499136442,9.336275675,9.18503674,-4.264392324,2.63065591,6.044905009,5.601765405,5.344021376,0.177683014,0.350754121,1.208981002,1.188253268,0.501002004,10.30561478,15.95931252,4.317789292,16.80529622,3.841015364,10.4832978,16.31006664,5.526770294,17.99354948,4.342017368
050,3,7,48,307,Texas,McCulloch County,7633,7592,7535,7505,7510,7475,7472,-41,-57,-30,5,-35,-3,12,76,82,83,78,78,20,155,155,140,122,124,-8,-79,-73,-57,-44,-46,0,0,-1,-2,17,12,-30,17,45,64,-6,31,-30,17,44,62,11,43,-3,5,-1,0,-2,0,83,83,83,83,79,82,82,10.04825808,10.90425532,11.05561106,10.41041041,10.43687697,20.49315793,20.61170213,18.64801865,16.28294962,16.59195825,-10.44489985,-9.707446809,-7.592407592,-5.872539206,-6.155081287,0,-0.132978723,-0.266400266,2.268935602,1.605673379,2.247636676,5.984042553,8.524808525,-0.800800801,4.147989563,2.247636676,5.85106383,8.258408258,1.468134802,5.753662942
050,3,7,48,309,Texas,McLennan County,260588,261189,263802,266125,268480,270348,272020,601,2613,2323,2355,1868,1672,765,3184,3351,3374,3423,3451,606,2927,2894,2521,2469,2490,159,257,457,853,954,961,2,99,441,553,883,203,376,2148,1532,968,47,484,378,2247,1973,1521,930,687,64,109,-107,-19,-16,24,10112,10107,10591,9682,9776,10014,10014,12.12973175,12.64702497,12.62240346,12.7053531,12.72567703,11.15066735,10.9222591,9.431262334,9.164334444,9.181957638,0.979064403,1.724765864,3.191141123,3.541018655,3.543719394,0.377149323,1.664380188,2.068817164,3.277483724,0.748569237,8.182997423,5.781928454,3.621365307,0.174452701,1.784766063,8.560146745,7.446308643,5.690182471,3.451936425,2.5333353
050,3,7,48,311,Texas,McMullen County,601,598,594,574,577,558,544,-3,-4,-20,3,-19,-14,3,7,5,10,7,7,5,18,13,14,13,13,-2,-11,-8,-4,-6,-6,0,0,1,0,0,0,0,6,-14,9,-13,-9,0,6,-13,9,-13,-9,-1,1,1,-2,0,1,0,0,0,0,0,0,0,11.74496644,8.561643836,17.37619461,12.33480176,12.70417423,30.20134228,22.26027397,24.32667246,22.90748899,23.59346643,-18.45637584,-13.69863014,-6.950477845,-10.57268722,-10.8892922,0,1.712328767,0,0,0,10.06711409,-23.97260274,15.63857515,-22.90748899,-16.33393829,10.06711409,-22.26027397,15.63857515,-22.90748899,-16.33393829
050,3,7,48,313,Texas,Madison County,13461,13457,13503,13634,13752,14179,14226,-4,46,131,118,427,47,37,185,167,182,171,171,40,174,180,158,151,153,-3,11,-13,24,20,18,0,21,67,16,51,10,-6,3,83,79,350,16,-6,24,150,95,401,26,5,11,-6,-1,6,3,2424,2424,2184,2165,2206,2469,2471,13.72403561,12.30791908,13.29146279,12.24445956,12.04013378,12.90801187,13.26602056,11.53874242,10.81235903,10.77275128,0.816023739,-0.958101485,1.752720368,1.432100534,1.267382503,1.557863502,4.937907654,1.168480245,3.65185636,0.704101391,0.222551929,6.117109482,5.769371212,25.06175934,1.126562225,1.78041543,11.05501714,6.937851457,28.7136157,1.830663616
050,3,7,48,315,Texas,Marion County,9842,9866,9738,9673,9717,9831,9896,24,-128,-65,44,114,65,21,88,79,94,102,108,50,201,198,180,148,151,-29,-113,-119,-86,-46,-43,0,1,3,2,3,2,60,-19,54,129,156,106,60,-18,57,131,159,108,-7,3,-3,-1,1,0,221,221,216,221,222,224,224,8.977759641,8.139714595,9.695719443,10.43585022,10.94946013,20.50601918,20.40080367,18.56627127,15.14221404,15.30896741,-11.52825954,-12.26108907,-8.870551831,-4.706363822,-4.359507274,0.102019996,0.309103086,0.206291903,0.306936771,0.20276778,-1.938379922,5.563855546,13.30582775,15.96071209,10.74669235,-1.836359927,5.872958632,13.51211965,16.26764886,10.94946013
050,3,7,48,317,Texas,Martin County,5246,5259,5218,5267,5277,5287,5284,13,-41,49,10,10,-3,21,82,59,80,69,72,16,62,54,51,52,53,5,20,5,29,17,19,0,3,54,26,38,-11,6,-62,-11,-45,-47,-11,6,-59,43,-19,-9,-22,2,-2,1,0,2,0,11,11,11,11,11,11,11,15.65333588,11.25417263,15.17450683,13.06323362,13.62217387,11.83544908,10.30042919,9.673748103,9.844755774,10.02743355,3.8178868,0.953743443,5.500758725,3.218477849,3.594740327,0.57268302,10.30042919,4.931714719,7.194244604,-2.081165453,-11.83544908,-2.098235575,-8.535660091,-8.898144642,-2.081165453,-11.26276606,8.20219361,-3.603945372,-1.703900038,-4.162330905
050,3,7,48,319,Texas,Mason County,3953,3970,3936,3983,3937,4010,3990,17,-34,47,-46,73,-20,7,37,37,35,31,30,9,65,77,62,60,60,-2,-28,-40,-27,-29,-30,0,0,6,1,-1,-3,20,-5,78,-17,104,13,20,-5,84,-16,103,10,-1,-1,3,-3,-1,0,2,2,2,2,2,2,3,9.359979762,9.344614219,8.838383838,7.801686171,7.5,16.44320769,19.44689986,15.65656566,15.10003775,15,-7.083227928,-10.10228564,-6.818181818,-7.298351579,-7.5,0,1.515342846,0.252525253,-0.251667296,-0.75,-1.26486213,19.699457,-4.292929293,26.17339877,3.25,-1.26486213,21.21479985,-4.04040404,25.92173147,2.5
050,3,7,48,321,Texas,Matagorda County,36254,36287,36339,36107,36252,36190,36463,33,52,-232,145,-62,273,136,477,510,448,428,431,98,503,451,415,381,385,38,-26,59,33,47,46,2,52,156,157,233,160,-15,-10,-449,-34,-345,65,-13,42,-293,123,-112,225,8,36,2,-11,3,2,357,357,329,335,329,340,340,13.13579159,14.07945228,12.38270291,11.81634963,11.86461674,13.85178862,12.4506529,11.47058417,10.51875984,10.59832354,-0.715997026,1.628799382,0.912118741,1.297589796,1.266293202,1.431994052,4.306655992,4.339474012,6.432732393,4.404498094,-0.275383471,-12.39543936,-0.939758703,-9.524861268,1.789327351,1.15661058,-8.08878337,3.399715308,-3.092128876,6.193825444
050,3,7,48,323,Texas,Maverick County,57887,57866,57647,57718,58077,58580,58823,-21,-219,71,359,503,243,243,930,975,1003,962,975,130,829,549,469,435,432,113,101,426,534,527,543,1,55,182,222,266,29,-134,-393,-531,-403,-286,-329,-133,-338,-349,-181,-20,-300,-1,18,-6,6,-4,0,470,470,423,431,469,463,464,16.10208375,16.90287349,17.32371864,16.49279512,16.60945632,14.35336283,9.517617995,8.100522475,7.457760786,7.359266799,1.748720923,7.385255493,9.223196166,9.035034331,9.2501895180000009,0.95227377,3.155203051,3.834362451,4.56037786,0.494024855,-6.804428939,-9.205564946,-6.960576882,-4.903263413,-5.604626798,-5.852155169,-6.050361895,-3.126214431,-0.342885553,-5.110601944
050,3,7,48,325,Texas,Medina County,50861,51058,52436,53739,54822,55611,56881,197,1378,1303,1083,789,1270,118,578,582,520,587,591,106,576,581,511,541,548,12,2,1,9,46,43,0,9,19,29,58,-13,184,1425,1246,1034,688,1256,184,1434,1265,1063,746,1243,1,-58,37,11,-3,-16,2248,2250,2487,2455,2508,2500,2505,11.16972965,10.96303273,9.57986754,10.63088026,10.50741386,11.13108006,10.9441959,9.41406214,9.797795949,9.742915052,0.038649584,0.018836826,0.1658054,0.833084314,0.764498809,0.173923126,0.357899694,0.534261844,1.050410656,-0.231127547,27.53782828,23.47068519,19.04919815,12.46004365,22.33047683,27.71175141,23.82858488,19.58345999,13.5104543,22.09934929
050,3,7,48,327,Texas,Menard County,1962,1959,1967,1980,1958,1920,1956,-3,8,13,-22,-38,36,4,12,15,19,20,22,14,35,35,42,40,40,-10,-23,-20,-23,-20,-18,0,0,1,1,2,0,8,30,32,3,-20,53,8,30,33,4,-18,53,-1,1,0,-3,0,1,32,32,34,34,38,39,39,6.113092206,7.6007094,9.649568309,10.31459515,11.35190919,17.82985227,17.7349886,21.33062468,20.6291903,20.63983488,-11.71676006,-10.1342792,-11.68105637,-10.31459515,-9.287925697,0,0.50671396,0.507872016,1.031459515,0,15.28273052,16.21484672,1.523616049,-10.31459515,27.34778122,15.28273052,16.72156068,2.031488065,-9.283135637,27.34778122
050,3,7,48,329,Texas,Midland County,170341,170722,168667,172955,178641,184075,187855,381,-2055,4288,5686,5434,3780,728,2809,2903,2988,3098,3149,266,1387,1425,1227,1212,1229,462,1422,1478,1761,1886,1920,6,249,1315,1436,1857,846,-138,-3575,1486,2474,1690,1001,-132,-3326,2801,3910,3547,1847,51,-151,9,15,1,13,2135,2135,2126,2127,2108,2107,2102,16.55327662,16.99539257,16.9967804,17.08223514,16.9332939,8.173511811,8.342554051,6.979601588,6.682914457,6.608770468,8.379764813,8.652838517,10.01717881,10.39932068,10.32452343,1.467342784,7.698567423,8.16846608,10.23941596,4.549243137,-21.06727089,8.699673909,14.07297011,9.31858534,5.38273331,-19.59992811,16.39824133,22.24143619,19.5580013,9.931976447
050,3,7,48,331,Texas,Milam County,24753,24780,25230,25668,26064,26254,26258,27,450,438,396,190,4,75,285,305,316,319,316,67,352,402,347,338,339,8,-67,-97,-31,-19,-23,0,0,13,28,47,11,11,537,502,397,166,16,11,537,515,425,213,27,8,-20,20,2,-4,0,360,360,400,425,422,428,428,11.39772046,11.98475382,12.21680971,12.19465576,12.0353443,14.07718456,15.79629848,13.41529421,12.92098322,12.91133455,-2.679464107,-3.811544658,-1.198484497,-0.726327459,-0.87599025,0,0.510825573,1.082502126,1.796704767,0.418951859,21.47570486,19.72572596,15.34833372,6.345808326,0.609384522,21.47570486,20.23655153,16.43083585,8.142513093,1.02833638
050,3,7,48,333,Texas,Mills County,4454,4447,4488,4497,4546,4586,4580,-7,41,9,49,40,-6,12,30,38,38,44,49,21,88,85,83,76,76,-9,-58,-47,-45,-32,-27,0,2,5,2,4,0,3,100,50,89,68,21,3,102,55,91,72,21,-1,-3,1,3,0,0,171,171,169,174,177,181,181,6.715165081,8.458542015,8.404290612,9.636443276,10.69168667,19.69781757,18.92042293,18.35674002,16.64476566,16.58302422,-12.98265249,-10.46188091,-9.952449408,-7.008322383,-5.891337552,0.447677672,1.112966055,0.442331085,0.876040298,0,22.3838836,11.12966055,19.68373327,14.89268506,4.582151429,22.83156128,12.2426266,20.12606436,15.76872536,4.582151429
050,3,7,48,335,Texas,Mitchell County,8995,9013,9053,8964,9095,8955,8947,18,40,-89,131,-140,-8,22,68,75,67,68,67,16,107,104,95,99,101,6,-39,-29,-28,-31,-34,0,8,11,7,17,12,10,64,-69,151,-127,12,10,72,-58,158,-110,24,2,7,-2,1,1,2,2200,2201,2195,2221,2228,2233,2233,7.527953061,8.325470389,7.42012293,7.534626039,7.485197185,11.84545555,11.54465227,10.52106983,10.96952909,11.28365546,-4.317502491,-3.219181884,-3.100946896,-3.434903047,-3.798458273,0.885641537,1.22106899,0.775236724,1.88365651,1.340632332,7.085132293,-7.659432758,16.72296362,-14.07202216,1.340632332,7.970773829,-6.438363768,17.49820034,-12.18836565,2.681264663
050,3,7,48,337,Texas,Montague County,20011,20040,20471,21106,21649,21863,21966,29,431,635,543,214,103,47,217,206,217,211,213,79,402,377,308,301,307,-32,-185,-171,-91,-90,-94,0,5,9,8,24,-3,62,638,747,615,277,202,62,643,756,623,301,199,-1,-27,50,11,3,-2,258,258,246,256,245,259,259,10.71313964,9.909324867,10.15085955,9.698473984,9.719592051,19.84646146,18.13502658,14.40767162,13.83526384,14.00898948,-9.133321814,-8.22570171,-4.256812069,-4.136789851,-4.289397431,0.246846536,0.432931669,0.374225237,1.10314396,-0.136895663,31.49761793,35.93332852,28.76856508,12.73211988,9.217641288,31.74446447,36.36626019,29.14279032,13.83526384,9.080745625
050,3,7,48,339,Texas,Montgomery County,620551,625369,650934,681285,715961,751183,781194,4818,25565,30351,34676,35222,30011,1826,7647,8230,8806,8915,9024,1179,4933,5398,4762,4892,4940,647,2714,2832,4044,4023,4084,36,759,4095,5338,7498,3486,4376,23146,22465,24797,23477,22690,4412,23905,26560,30135,30975,26176,-241,-1054,959,497,224,-249,4288,4287,4263,4380,4419,4431,4432,11.98304791,12.35532596,12.60479543,12.15286298,11.77778053,7.730139316,8.103772728,6.816265711,6.66873872,6.447499538,4.252908596,4.251553236,5.788529722,5.484124258,5.330280995,1.189372743,6.147637888,7.640744722,10.22121891,4.549794209,36.27038407,33.72568624,35.4941077,32.00367517,29.61412237,37.45975681,39.87332413,43.13485242,42.22489408,34.16391658
050,3,7,48,341,Texas,Moore County,21363,21264,21122,21092,21279,21676,21891,-99,-142,-30,187,397,215,75,389,373,376,344,352,42,216,192,162,146,148,33,173,181,214,198,204,0,56,251,334,474,319,-123,-364,-476,-369,-280,-306,-123,-308,-225,-35,194,13,-9,-7,14,8,5,-2,128,128,128,128,127,125,126,18.35511726,17.67186242,17.74798801,16.01676173,16.15901944,10.19204454,9.096508267,7.646739515,6.797811663,6.794133174,8.163072713,8.575354148,10.1012485,9.218950064,9.364886267,2.642381919,11.89178945,15.76549999,22.06960773,14.64411137,-17.17548247,-22.55176008,-17.41757334,-13.03689908,-14.0473294,-14.53310055,-10.65997063,-1.652073352,9.032708649,0.596781968
050,3,7,48,343,Texas,Morris County,11974,11978,12008,12074,12135,12167,12133,4,30,66,61,32,-34,27,129,145,136,130,133,41,224,234,198,209,209,-14,-95,-89,-62,-79,-76,0,8,23,19,39,26,17,113,132,103,71,15,17,121,155,122,110,41,1,4,0,1,1,1,94,94,91,90,113,106,106,10.75627449,12.04218919,11.23549093,10.69870793,10.94650206,18.67756191,19.43360186,16.35755298,17.20023043,17.20164609,-7.921287418,-7.391412673,-5.122062043,-6.501522508,-6.255144033,0.667055783,1.910140354,1.569664175,3.209612378,2.139917696,9.422162928,10.96254464,8.509232104,5.843140482,1.234567901,10.08921871,12.87268499,10.07889628,9.05275286,3.374485597
050,3,7,48,345,Texas,Motley County,1062,1062,1072,1030,1021,1003,1043,0,10,-42,-9,-18,40,5,14,12,13,13,12,4,25,34,24,26,25,1,-11,-22,-11,-13,-13,0,0,0,0,0,0,-1,24,-21,4,-5,54,-1,24,-21,4,-5,54,0,-3,1,-2,0,-1,0,0,0,0,0,0,0,13.12089972,11.41769743,12.67674305,12.8458498,11.73020528,23.43017807,32.35014272,23.40321794,25.69169961,24.43792766,-10.30927835,-20.93244529,-10.72647489,-12.8458498,-12.70772239,0,0,0,0,0,22.49297095,-19.9809705,3.900536324,-4.940711462,52.78592375,22.49297095,-19.9809705,3.900536324,-4.940711462,52.78592375
050,3,7,48,347,Texas,Nacogdoches County,64666,64642,64862,65015,65597,65963,66035,-24,220,153,582,366,72,198,847,793,771,781,791,182,776,765,732,697,697,16,71,28,39,84,94,0,11,62,76,234,35,-54,77,105,460,51,-61,-54,88,167,536,285,-26,14,61,-42,7,-3,4,4308,4298,4302,4308,4623,4769,4773,13.08067705,12.21155401,11.80595964,11.8729097,11.98503008,11.98418582,11.78037682,11.20877102,10.59592581,10.56076607,1.096491228,0.431177191,0.59718862,1.276983886,1.424264004,0.169878923,0.954749494,1.163752182,3.557312253,0.530311065,1.189152459,1.616914465,7.043763207,0.775311645,-0.924256428,1.359031381,2.571663959,8.207515389,4.332623898,-0.393945363
050,3,7,48,349,Texas,Navarro County,52629,52843,53666,54755,55734,56497,57181,214,823,1089,979,763,684,142,696,749,712,696,703,121,712,656,579,603,606,21,-16,93,133,93,97,0,26,48,105,154,-12,195,821,919,738,520,604,195,847,967,843,674,592,-2,-8,29,3,-4,-5,1275,1275,1228,1266,1246,1197,1197,13.06931809,13.81651156,12.88816081,12.40299026,12.36826827,13.36976218,12.10097675,10.48068134,10.74569415,10.66169356,-0.300444094,1.715534813,2.407479478,1.657296113,1.706574711,0.488221653,0.885437323,1.900641693,2.744339799,-0.211122645,15.41653757,16.95243541,13.3587959,9.266601919,10.62650645,15.90475922,17.83787274,15.25943759,12.01094172,10.4153838
050,3,7,48,351,Texas,Newton County,12220,12163,12225,12086,12119,11989,11954,-57,62,-139,33,-130,-35,26,112,111,124,127,127,50,219,202,185,175,175,-24,-107,-91,-61,-48,-48,0,0,0,0,0,0,-33,175,-47,93,-84,13,-33,175,-47,93,-84,13,0,-6,-1,1,2,0,86,86,66,55,55,68,69,9.184845006,9.131668792,10.24581698,10.53592169,10.60852859,17.95965229,16.61799186,15.28609791,14.51800232,14.61805121,-8.774807282,-7.486323064,-5.040280934,-3.982080637,-4.009522616,0,0,0,0,0,14.35132032,-3.866562461,7.684362735,-6.968641115,1.085912375,14.35132032,-3.866562461,7.684362735,-6.968641115,1.085912375
050,3,7,48,353,Texas,Nolan County,14737,14724,14604,14434,14243,14146,14117,-13,-120,-170,-191,-97,-29,49,195,170,161,180,178,55,233,225,197,210,214,-6,-38,-55,-36,-30,-36,0,20,26,3,12,-4,-11,-104,-138,-156,-81,9,-11,-84,-112,-153,-69,5,4,2,-3,-2,2,2,292,292,277,282,277,280,279,13.29787234,11.70879537,11.22851065,12.68096798,12.59597353,15.88925259,15.49693505,13.73923353,14.79446264,15.1434738,-2.591380251,-3.788139679,-2.510722879,-2.113494663,-2.547500265,1.363884343,1.790756939,0.209226907,0.845397865,-0.283055585,-7.092198582,-9.504786831,-10.87979914,-5.706435591,0.636875066,-5.728314239,-7.714029892,-10.67057224,-4.861037726,0.353819481
050,3,7,48,355,Texas,Nueces County,353346,353554,353538,351831,352505,352925,352992,208,-16,-1707,674,420,67,1041,4377,4163,4166,4247,4259,779,4088,4002,3394,3329,3379,262,289,161,772,918,880,4,219,795,913,1266,589,-161,-834,-2606,-948,-1751,-1427,-157,-615,-1811,-35,-485,-838,103,310,-57,-63,-13,25,7751,7739,7627,7647,7657,7481,7473,12.38028432,11.80375095,11.82958134,12.04088287,12.0665744,11.56285179,11.34725229,9.637445765,9.438214989,9.573363441,0.817432527,0.456498655,2.192135572,2.602667876,2.493210958,0.619438489,2.254139323,2.592512664,3.589300143,1.668751426,-2.358957533,-7.389040346,-2.691897049,-4.964347986,-4.042968224,-1.739519044,-5.134901023,-0.099384385,-1.375047843,-2.374216799
050,3,7,48,357,Texas,Ochiltree County,10015,9954,9768,9662,9645,9462,9284,-61,-186,-106,-17,-183,-178,28,132,117,100,106,107,19,109,89,72,74,75,9,23,28,28,32,32,0,28,127,126,113,69,-62,-228,-270,-173,-329,-275,-62,-200,-143,-47,-216,-206,-8,-9,9,2,1,-4,43,43,43,37,38,37,38,13.38606632,12.04323212,10.35893717,11.09541006,11.4157687,11.05364568,9.161091096,7.458434765,7.745852305,8.001707031,2.332420647,2.882141019,2.900502409,3.349557754,3.414061667,2.839468614,13.07256819,13.05226084,11.82812582,7.361570468,-23.12138728,-27.79207411,-17.92096131,-34.43764066,-29.33959245,-20.28191867,-14.71950592,-4.868700471,-22.60951484,-21.97802198
050,3,7,48,359,Texas,Oldham County,1759,1766,1734,1763,1773,1794,1783,7,-32,29,10,21,-11,7,30,24,21,16,14,4,19,20,23,20,20,3,11,4,-2,-4,-6,0,1,13,9,15,9,3,-41,13,2,10,-15,3,-40,26,11,25,-6,1,-3,-1,1,0,1,244,244,243,244,244,243,242,17.14285714,13.7260509,11.87782805,8.971124194,7.82778865,10.85714286,11.43837575,13.00904977,11.21390524,11.18255521,6.285714286,2.28767515,-1.131221719,-2.242781049,-3.354766564,0.571428571,7.434944238,5.090497738,8.410428932,5.032149846,-23.42857143,7.434944238,1.13122172,5.606952621,-8.38691641,-22.85714286,14.86988848,6.221719457,14.01738155,-3.354766564
050,3,7,48,361,Texas,Orange County,84812,84759,84691,85103,85705,85969,86266,-53,-68,412,602,264,297,247,1050,1049,1045,1056,1072,266,1213,1148,1100,1052,1057,-19,-163,-99,-55,4,15,0,18,107,120,181,60,-48,17,457,559,88,220,-48,35,564,679,269,280,14,60,-53,-22,-9,2,526,526,474,506,525,515,515,12.39303629,12.35614922,12.23596085,12.30238708,12.44810869,14.31690764,13.52226816,12.87995878,12.25578713,12.27392806,-1.923871348,-1.166118944,-0.643997939,0.046599951,0.174180625,0.212452051,1.260350778,1.405086413,2.108647786,0.696722501,0.200649159,5.38299351,6.545360873,1.025198924,2.554649171,0.41310121,6.643344288,7.950447286,3.13384671,3.251371672
050,3,7,48,363,Texas,Palo Pinto County,28415,28456,28758,29312,29808,30342,30791,41,302,554,496,534,449,80,352,324,374,370,375,113,434,461,402,397,401,-33,-82,-137,-28,-27,-26,0,3,20,54,91,-8,72,383,637,465,467,487,72,386,657,519,558,479,2,-2,34,5,3,-4,271,271,265,270,272,277,277,12.30468067,11.1589461,12.65223275,12.30257689,12.26833298,15.17111197,15.87738936,13.59945873,13.2003325,13.1189374,-2.866431293,-4.718443258,-0.947225981,-0.897755611,-0.85060442,0.104869438,0.688823833,1.826792964,3.025768911,-0.261724437,13.38833153,21.93903909,15.73071719,15.52784705,15.9324751,13.49320097,22.62786292,17.55751015,18.55361596,15.67075066
050,3,7,48,365,Texas,Panola County,22497,22498,22560,22722,22809,23034,23018,1,62,162,87,225,-16,75,227,263,254,255,262,106,372,375,328,297,301,-31,-145,-112,-74,-42,-39,0,2,2,1,20,-1,27,194,274,164,249,22,27,196,276,165,269,21,5,11,-2,-4,-2,2,339,339,329,343,353,336,334,10.07590217,11.6160947,11.15723353,11.12492638,11.37844176,16.51205113,16.56287267,14.40776614,12.9572672,13.07217928,-6.436148964,-4.946777969,-3.250532604,-1.832340815,-1.693737514,0.088774469,0.088335321,0.043926116,0.872543245,-0.043429167,8.611123441,12.10193896,7.203883069,10.86316341,0.955441675,8.699897909,12.19027428,7.247809185,11.73570665,0.912012508
050,3,7,48,367,Texas,Parker County,148241,149559,157087,165814,173437,179674,184767,1318,7528,8727,7623,6237,5093,386,1672,1872,1975,1958,1983,344,1492,1756,1598,1585,1590,42,180,116,377,373,393,2,55,176,314,417,133,1378,7708,7966,6780,5395,4614,1380,7763,8142,7094,5812,4747,-104,-415,469,152,52,-47,1383,1383,1350,1314,1378,1496,1492,10.90508273,11.59488512,11.64329656,11.089997200000001,10.88241993,9.731090574,10.87639865,9.420753366,8.977347067,8.725692225,1.17399216,0.718486471,2.222543191,2.11265013,2.156727701,0.358719827,1.090117404,1.851136769,2.36186355,0.729884947,50.27295318,49.34020025,39.97040539,30.55696367,25.320971020000002,50.631673,50.43031765,41.82154216,32.91882722,26.05085597
050,3,7,48,369,Texas,Parmer County,9874,9856,9788,9642,9626,9633,9678,-18,-68,-146,-16,7,45,46,153,145,134,141,148,31,110,108,83,62,63,15,43,37,51,79,85,0,19,52,72,142,56,-31,-126,-244,-143,-215,-96,-31,-107,-192,-71,-73,-40,-2,-4,9,4,1,0,108,108,97,98,102,102,102,15.5772755,14.92537313,13.90907204,14.6425048,15.32805137,11.1993484,11.11682965,8.615320739,6.438548211,6.524778624,4.377927102,3.808543489,5.293751298,8.203956592,8.803272746,1.934432906,5.352547607,7.473531244,14.74635236,5.799803221,-12.82834453,-25.11580031,-14.84326344,-22.32722364,-9.942519807,-10.89391163,-19.7632527,-7.369732198,-7.580871281,-4.142716586
050,3,7,48,371,Texas,Pecos County,15198,15188,15130,14742,14719,14677,14560,-10,-58,-388,-23,-42,-117,52,181,202,183,196,199,32,204,174,132,125,128,20,-23,28,51,71,71,0,20,39,34,36,17,-32,-68,-477,-107,-150,-205,-32,-48,-438,-73,-114,-188,2,13,22,-1,1,0,1818,1818,1889,1898,1937,1917,1921,11.94010159,13.52437065,12.42320356,13.33514764,13.61288778,13.45735207,11.64970541,8.960999287,8.504558443,8.75602832,-1.517250478,1.874665238,3.46220427,4.830589196,4.856859459,1.319348242,2.611140868,2.30813618,2.449312832,1.162910011,-4.485784023,-31.93626138,-7.263840331,-10.20547013,-14.02332661,-3.166435781,-29.32512051,-4.955704151,-7.7561573,-12.8604166
050,3,7,48,373,Texas,Polk County,50121,50464,51685,52834,53617,53505,53434,343,1221,1149,783,-112,-71,106,535,480,518,530,535,202,919,936,800,822,827,-96,-384,-456,-282,-292,-292,0,7,7,18,49,15,496,1726,1456,1010,100,201,496,1733,1463,1028,149,216,-57,-128,142,37,31,5,3807,3807,3845,3825,3833,3754,3758,10.47489452,9.184932883,9.732177246,9.895259611,10.00570419,17.99332348,17.91061912,15.03038957,15.34698755,15.46676143,-7.518428962,-8.725686239,-5.298212323,-5.451727936,-5.461057238,0.137054695,0.133946938,0.338183765,0.914844756,0.280533762,33.79377184,27.86096308,18.97586683,1.867030115,3.759152414,33.93082654,27.99491002,19.3140506,2.781874872,4.039686176
050,3,7,48,375,Texas,Potter County,118622,118353,116607,115110,115291,114551,114453,-269,-1746,-1497,181,-740,-98,391,1486,1592,1549,1534,1566,340,1634,1614,1291,1260,1275,51,-148,-22,258,274,291,2,192,563,750,895,426,-321,-1766,-2131,-807,-1900,-811,-319,-1574,-1568,-57,-1005,-385,-1,-24,93,-20,-9,-4,7206,7207,7088,6402,6602,6606,6611,12.64896153,13.74089946,13.4461222,13.34830014,13.676617,13.90875043,13.93078626,11.20654858,10.96405357,11.13517668,-1.2597889,-0.189886802,2.239573613,2.384246569,2.541440324,1.634320735,4.859375877,6.51038841,7.787958685,3.720459031,-15.03234593,-18.3931261,-7.005177929,-16.53309665,-7.082845714,-13.3980252,-13.53375022,-0.494789519,-8.745137964,-3.362386683
050,3,7,48,377,Texas,Presidio County,6130,6105,6107,5934,5730,5626,5433,-25,2,-173,-204,-104,-193,14,83,86,81,70,71,6,77,80,57,57,59,8,6,6,24,13,12,0,10,51,5,25,-1,-30,-17,-242,-236,-143,-202,-30,-7,-191,-231,-118,-203,-3,3,12,3,1,-2,46,46,46,46,46,46,46,13.59318703,14.28452786,13.88888889,12.32828461,12.84022064,12.610547,13.2879329,9.773662551,10.03874604,10.6700425,0.982640026,0.996594967,4.115226337,2.28953857,2.170178136,1.637733377,8.471057221,0.85733882,4.402958788,-0.180848178,-2.784146741,-40.19599701,-40.46639232,-25.18492427,-36.53133195,-1.146413364,-31.72493979,-39.6090535,-20.78196548,-36.71218012
050,3,7,48,379,Texas,Rains County,12157,12182,12479,12859,13064,13323,13542,25,297,380,205,259,219,27,115,118,139,144,147,46,191,200,180,187,191,-19,-76,-82,-41,-43,-44,0,3,7,17,25,12,47,389,432,225,275,252,47,392,439,242,300,264,-3,-19,23,4,2,-1,64,64,53,61,62,65,66,9.326466891,9.314073723,10.72406743,10.91446546,10.94360692,15.49004501,15.78656563,13.88728157,14.17364611,14.21924437,-6.163578119,-6.472491909,-3.163214134,-3.259180657,-3.275637446,0.243299136,0.552529797,1.311576592,1.894872475,0.893355667,31.54778801,34.09898177,17.35910196,20.84359723,18.76046901,31.79108714,34.65151156,18.67067855,22.7384697,19.65382468
050,3,7,48,381,Texas,Randall County,140670,141255,143984,146088,147993,150283,152351,585,2729,2104,1905,2290,2068,406,1643,1700,1729,1713,1737,293,1519,1490,1358,1279,1294,113,124,210,371,434,443,0,63,218,252,344,160,465,2568,1659,1280,1522,1473,465,2631,1877,1532,1866,1633,7,-26,17,2,-10,-8,2575,2569,2525,2530,2575,2516,2518,11.52016379,11.72122783,11.75866513,11.48600625,11.47921251,10.65071747,10.27331145,9.23555075,8.575949792,8.551583761,0.869446324,1.447916379,2.52311438,2.910056458,2.927628753,0.441734826,1.503075099,1.713813541,2.306588529,1.057382845,18.0059529,11.4385394,8.705084654,10.2053132,9.734530819,18.44768773,12.9416145,10.4188982,12.51190173,10.79191367
050,3,7,48,383,Texas,Reagan County,3427,3423,3257,3154,3178,3146,3166,-4,-166,-103,24,-32,20,18,45,44,38,38,38,4,42,35,33,25,25,14,3,9,5,13,13,0,4,16,18,27,16,-17,-160,-132,0,-73,-11,-17,-156,-116,18,-46,5,-1,-13,4,1,1,2,42,42,34,32,41,32,34,13.47305389,13.72640774,12.00252685,12.01771031,12.04055767,12.5748503,10.91873343,10.423247,7.906388362,7.921419518,0.898203593,2.80767431,1.579279848,4.111321948,4.11913815,1.19760479,4.991420995,5.685407454,8.538899431,5.069708492,-47.90419162,-41.17922321,0,-23.08665402,-3.485424588,-46.70658683,-36.18780221,5.685407454,-14.54775459,1.584283904
050,3,7,48,385,Texas,Real County,2757,2749,2810,2814,2845,2762,2745,-8,61,4,31,-83,-17,9,26,28,30,27,28,12,68,78,68,64,65,-3,-42,-50,-38,-37,-37,0,0,1,0,1,-1,-3,109,49,66,-47,23,-3,109,50,66,-46,22,-2,-6,4,3,0,-2,97,97,95,74,96,89,89,9.354200396,9.957325747,10.60257996,9.63081862,10.16887598,24.4648318,27.73826458,24.03251458,22.8286071,23.60631923,-15.11063141,-17.78093883,-13.42993462,-13.19778848,-13.43744325,0,0.355618777,0,0.356696986,-0.363174142,39.21568628,17.42532006,23.32567591,-16.76475834,8.353005266,39.21568628,17.78093883,23.32567591,-16.40806135,7.989831124
050,3,7,48,387,Texas,Red River County,11589,11564,11573,11606,11713,11841,11816,-25,9,33,107,128,-25,37,108,133,124,134,135,62,231,239,187,166,167,-25,-123,-106,-63,-32,-32,0,3,17,26,16,5,-3,126,125,141,145,3,-3,129,142,167,161,8,3,3,-3,3,-1,-1,154,154,154,154,156,168,168,9.335696071,11.47590491,10.63510442,11.37810988,11.4131124,19.9680166,20.62211485,16.0384236,14.09527044,14.11844274,-10.63232053,-9.146209931,-5.403319182,-2.717160567,-2.705330346,0.259324891,1.466844989,2.22994125,1.358580284,0.422707867,10.89164542,10.78562492,12.09314293,12.31213382,0.25362472,11.15097031,12.25246991,14.32308418,13.6707141,0.676332587
050,3,7,48,389,Texas,Reeves County,14743,14769,13015,11771,11937,12125,12138,26,-1754,-1244,166,188,13,56,170,196,189,196,196,27,158,147,122,124,125,29,12,49,67,72,71,0,16,76,111,153,16,-7,-1602,-1512,-11,-38,-75,-7,-1586,-1436,100,115,-59,4,-180,143,-1,1,1,3089,3106,1643,468,466,458,456,12.23725885,15.81537965,15.94398515,16.29124761,16.15628735,11.37345235,11.86153474,10.2918846,10.30670767,10.30375469,0.863806507,3.953844913,5.652100557,5.984539939,5.852532663,1.15174201,6.13249415,9.363927788,12.71714737,1.3188806,-115.3181687,-122.0043573,-0.927956808,-3.15850719,-6.182252813,-114.1664267,-115.8718631,8.43597098,9.55864018,-4.863372213
050,3,7,48,391,Texas,Refugio County,6741,6742,6702,6650,6693,6720,6657,1,-40,-52,43,27,-63,19,55,66,73,71,73,29,115,109,110,109,109,-10,-60,-43,-37,-38,-36,0,0,2,0,5,0,10,15,-6,78,61,-25,10,15,-4,78,66,-25,1,5,-5,2,-1,-2,75,75,79,77,75,75,75,8.182088664,9.886159377,10.942067,10.5867442,10.91425581,17.10800357,16.327142,16.48804617,16.25288899,16.29662854,-8.925914906,-6.440982624,-5.545979165,-5.666144785,-5.382372729,0,0.299580587,0,0.745545366,0,2.231478727,-0.898741762,11.69152365,9.095653471,-3.73775884,2.231478727,-0.599161174,11.69152365,9.841198837,-3.73775884
050,3,7,48,393,Texas,Roberts County,830,824,803,805,829,853,867,-6,-21,2,24,24,14,0,13,6,8,9,9,1,15,8,5,4,4,-1,-2,-2,3,5,5,0,0,0,0,0,0,-3,-19,4,20,19,9,-3,-19,4,20,19,9,-2,0,0,1,0,0,0,0,0,0,0,0,0,15.9803319,7.462686567,9.791921665,10.70154578,10.46511628,18.4388445,9.950248756,6.11995104,4.756242568,4.651162791,-2.4585126,-2.487562189,3.671970624,5.945303211,5.813953488,0,0,0,0,0,-23.3558697,4.975124378,24.47980416,22.5921522,10.46511628,-23.3558697,4.975124378,24.47980416,22.5921522,10.46511628
050,3,7,48,395,Texas,Robertson County,16755,16767,16947,17129,17306,17625,17839,12,180,182,177,319,214,54,218,191,217,193,192,53,267,261,226,230,234,1,-49,-70,-9,-37,-42,0,-2,-2,0,21,3,8,231,254,181,335,258,8,229,252,181,356,261,3,0,0,5,0,-5,164,164,159,154,159,160,160,12.93231299,11.21023594,12.60345579,11.05035642,10.8278818,15.83911728,15.31869938,13.12617976,13.16881853,13.19648094,-2.906804295,-4.108463435,-0.522723973,-2.118462111,-2.368599143,-0.118645073,-0.11738467,0,1.202370387,0.169185653,13.70350596,14.90785303,10.5125599,19.18067047,14.54996616,13.58486089,14.79046837,10.5125599,20.38304085,14.71915182
050,3,7,48,397,Texas,Rockwall County,107884,109199,116645,123439,131418,136880,140738,1315,7446,6794,7979,5462,3858,268,1204,1335,1411,1476,1504,162,841,840,864,835,838,106,363,495,547,641,666,2,66,208,276,381,144,1296,7444,5801,7037,4421,3087,1298,7510,6009,7313,4802,3231,-89,-427,290,119,19,-39,695,695,694,753,743,729,729,10.66222702,11.12110761,11.07287616,11.00269104,10.83503231,7.44761871,6.997550857,6.780272859,6.224422098,6.037072524,3.214608314,4.123556755,4.292603303,4.77826894,4.797959787,0.584474239,1.732726879,2.165920497,2.840125532,1.037396711,65.92160961,48.324753,55.22312513,32.95589233,22.23919198,66.50608385,50.05747988,57.38904562,35.79601786,23.27658869
050,3,7,48,399,Texas,Runnels County,9896,9916,9890,9888,9901,9758,9693,20,-26,-2,13,-143,-65,24,106,120,99,109,109,41,177,179,135,130,131,-17,-71,-59,-36,-21,-22,0,2,5,4,0,-4,37,36,54,47,-123,-39,37,38,59,51,-123,-43,0,7,-2,-2,1,0,178,178,162,178,183,186,186,10.70382712,12.13469512,10.00555864,11.08906862,11.20764999,17.87337171,18.10092021,13.643943610000001,13.22549468,13.46974449,-7.169544582,-5.966225099,-3.638384961,-2.136426064,-2.262094494,0.201959002,0.505612297,0.404264996,0,-0.411289908,3.635262042,5.460612802,4.7501137,-12.51335266,-4.010076603,3.837221044,5.966225099,5.154378695,-12.51335266,-4.4213665110000004
050,3,7,48,401,Texas,Rusk County,52222,52255,52687,52569,53312,54630,54854,33,432,-118,743,1318,224,161,532,526,607,579,574,149,759,731,622,645,654,12,-227,-205,-15,-66,-80,0,32,57,73,95,-17,5,613,58,679,1268,322,5,645,115,752,1363,305,16,14,-28,6,21,-1,5048,5046,5026,4738,4766,5975,5977,10.13893389,9.994679638,11.46570206,10.72798355,10.4855504,14.46513312,13.88994452,11.74903902,11.9508625,11.94695115,-4.326199234,-3.895264878,-0.283336954,-1.222878954,-1.461400753,0.609860685,1.083073649,1.378906508,1.760204554,-0.31054766,11.68264375,1.102074941,12.82571944,23.49409868,5.882138029,12.29250443,2.18514859,14.20462595,25.25430324,5.571590369
050,3,7,48,403,Texas,Sabine County,9900,9896,10022,10039,10133,10084,10012,-4,126,17,94,-49,-72,26,106,96,104,97,99,49,214,250,200,191,194,-23,-108,-154,-96,-94,-95,0,1,5,1,0,-1,22,245,154,187,47,25,22,246,159,188,47,24,-3,-12,12,2,-2,-1,126,126,125,125,128,128,128,10.64363892,9.570809033,10.31132263,9.595884652,9.852707006,21.48810122,24.92398186,19.82946659,18.89498937,19.30732484,-10.8444623,-15.35317282,-9.518143962,-9.299104714,-9.454617834,0.100411688,0.498479637,0.099147333,0,-0.099522293,24.60086354,15.35317282,18.54055126,4.649552357,2.488057325,24.70127523,15.85165246,18.63969859,4.649552357,2.388535032
050,3,7,48,405,Texas,San Augustine County,7921,7923,7908,7880,7865,7777,7722,2,-15,-28,-15,-88,-55,14,93,80,76,84,83,39,192,166,160,155,159,-25,-99,-86,-84,-71,-76,0,1,-2,-2,18,3,29,85,61,70,-33,18,29,86,59,68,-15,21,-2,-2,-1,1,-2,0,222,222,221,218,223,219,220,11.74909987,10.1342792,9.653858368,10.74031454,10.71036841,24.25620618,21.02862934,20.32391235,19.81843754,20.51745274,-12.50710631,-10.89435014,-10.67005399,-9.078123002,-9.807084328,0.126334407,-0.25335698,-0.254048904,2.301495972,0.38712175,10.73842461,7.72738789,8.891711655,-4.219409283,2.322730499,10.86475902,7.47403091,8.63766275,-1.91791331,2.709852249
050,3,7,48,407,Texas,San Jacinto County,27406,27542,27836,28428,29168,29328,29488,136,294,592,740,160,160,75,272,330,335,344,349,72,444,473,374,401,408,3,-172,-143,-39,-57,-59,0,-1,31,37,63,-7,140,484,666,726,155,227,140,483,697,763,218,220,-7,-17,38,16,-1,-1,140,140,84,127,140,129,129,9.823395572,11.73041376,11.63275227,11.76148797,11.86751904,16.03524866,16.81359306,12.98701299,13.71033917,13.87377584,-6.211853082,-5.083179298,-1.354260713,-1.948851204,-2.006256801,-0.036115425,1.10194796,1.284811445,2.153993435,-0.238030468,17.47986565,23.67410778,25.21008403,5.299507659,7.718988031,17.44375023,24.77605574,26.49489548,7.453501094,7.480957563
050,3,7,48,409,Texas,San Patricio County,68757,68839,69755,70043,70761,71534,72053,82,916,288,718,773,519,206,905,853,851,866,872,159,814,912,706,740,747,47,91,-59,145,126,125,0,20,218,333,548,434,12,786,165,253,106,-49,12,806,383,586,654,385,23,19,-36,-13,-7,9,367,367,347,356,369,368,374,13.05972842,12.20332194,12.08772478,12.17189641,12.14594636,11.74654025,13.04739696,10.0281242,10.40092765,10.40484166,1.313188161,-0.844075023,2.05960058,1.770968762,1.741104696,0.288612783,3.118785677,4.729979262,7.702308584,6.045115505,11.34248236,2.360548792,3.593647908,1.489862609,-0.682513041,11.63109514,5.479334468,8.32362717,9.192171194,5.362602464
050,3,7,48,411,Texas,San Saba County,5721,5723,5808,5850,5535,5810,5787,2,85,42,-315,275,-23,6,40,50,60,56,56,14,96,102,86,79,79,-8,-56,-52,-26,-23,-23,0,-1,4,27,26,12,10,148,88,-327,267,-12,10,147,92,-300,293,0,0,-6,2,11,5,0,616,616,648,678,372,673,667,6.93781979,8.577800652,10.54018445,9.872190392,9.657670087,16.6507675,17.49871333,15.10759772,13.92684002,13.62421316,-9.712947706,-8.920912678,-4.567413263,-4.054649625,-3.966543071,-0.173445495,0.686224052,4.743083004,4.583516968,2.069500733,25.66993322,15.09692915,-57.44400527,47.06919348,-2.069500733,25.49648773,15.7831532,-52.70092227,51.65271045,0
050,3,7,48,413,Texas,Schleicher County,2448,2438,2438,2350,2355,2292,2245,-10,0,-88,5,-63,-47,6,34,21,18,18,18,7,31,30,33,28,28,-1,3,-9,-15,-10,-10,0,0,0,0,0,-1,-9,-2,-84,21,-54,-36,-9,-2,-84,21,-54,-37,0,-1,5,-1,1,0,29,29,29,30,29,29,29,13.94585726,8.771929825,7.651434644,7.746933506,7.934758651,12.71534044,12.53132832,14.02763018,12.05078545,12.3429579,1.230516817,-3.759398496,-6.376195537,-4.303851947,-4.408199251,0,0,0,0,-0.440819925,-0.820344545,-35.0877193,8.926673751,-23.24080052,-15.8695173,-0.820344545,-35.0877193,8.926673751,-23.24080052,-16.31033723
050,3,7,48,415,Texas,Scurry County,16908,16916,16814,16220,16179,16157,16162,8,-102,-594,-41,-22,5,46,225,188,187,181,181,40,249,232,161,169,172,6,-24,-44,26,12,9,0,10,42,24,68,33,-3,-97,-649,-91,-100,-38,-3,-87,-607,-67,-32,-5,5,9,57,0,-2,1,1355,1355,1368,926,935,941,942,13.34123925,11.38221227,11.54356616,11.19495299,11.20084161,14.76430477,14.04613429,9.938578351,10.45274617,10.64389369,-1.42306552,-2.66392202,1.604987808,0.742206828,0.556947925,0.592943967,2.542834655,1.481527208,4.205838694,2.0421423929999998,-5.751556478,-39.29284979,-5.617457329,-6.185056903,-2.351557907,-5.158612511,-36.75001514,-4.135930121,-1.979218209,-0.309415514
050,3,7,48,417,Texas,Shackelford County,3105,3114,3201,3211,3220,3194,3197,9,87,10,9,-26,3,7,35,25,28,37,37,8,43,44,42,46,46,-1,-8,-19,-14,-9,-9,0,0,1,1,0,0,8,101,29,23,-17,13,8,101,30,24,-17,13,2,-6,-1,-1,0,-1,33,33,33,33,33,33,33,11.08471892,7.797878977,8.70782149,11.53726224,11.57878266,13.61836896,13.724267,13.06173223,14.34362332,14.39524331,-2.53365004,-5.926388022,-4.353910745,-2.806361085,-2.816460648,0,0.311915159,0.310993625,0,0,31.98733175,9.045539613,7.152853367,-5.300904272,4.068220936,31.98733175,9.357454772,7.463846991,-5.300904272,4.068220936
050,3,7,48,419,Texas,Shelby County,24137,24042,24106,24165,24280,24324,24286,-95,64,59,115,44,-38,81,330,332,366,382,386,94,354,372,340,339,347,-13,-24,-40,26,43,39,0,1,1,-1,49,-31,-77,68,110,94,-46,-47,-77,69,111,93,3,-78,-5,19,-12,-4,-2,1,240,240,234,240,240,240,240,13.70773449,13.75567111,15.10991846,15.71887088,15.88150586,14.70466063,15.41298088,14.03653628,13.94946918,14.27689776,-0.996926144,-1.657309772,1.073382186,1.769401695,1.604608105,0.041538589,0.041432744,-0.04128393,2.0162949550000002,-1.275457725,2.824624076,4.557601873,3.880689442,-1.892848325,-1.933758486,2.866162665,4.599034617,3.839405511,0.12344663,-3.209216211
050,3,7,48,421,Texas,Sherman County,2777,2784,2781,2771,2696,2777,2781,7,-3,-10,-75,81,4,15,43,44,47,51,53,5,34,36,24,22,22,10,9,8,23,29,31,0,4,3,18,37,22,-3,-17,-21,-119,15,-47,-3,-13,-18,-101,52,-25,0,1,0,3,0,-2,27,27,21,21,21,23,23,15.45372866,15.85014409,17.19407353,18.636945,19.07160849,12.21922731,12.96829971,8.779952442,8.039466472,7.916516733,3.234501348,2.88184438,8.41412109,10.59747853,11.15509176,1.437556155,1.080691643,6.584964331,13.52092088,7.916516733,-6.109613657,-7.564841499,-43.53393086,5.481454413,-16.91255847,-4.672057502,-6.484149856,-36.94896653,19.0023753,-8.996041742
050,3,7,48,423,Texas,Smith County,233470,234205,237339,242225,245945,249529,252549,735,3134,4886,3720,3584,3020,714,2869,3053,3144,3046,3021,612,2899,2891,2510,2491,2497,102,-30,162,634,555,524,2,88,332,530,1011,379,613,3079,4261,2521,2007,2112,615,3167,4593,3051,3018,2491,18,-3,131,35,11,5,5548,5544,5545,5585,5787,6014,6011,12.1685357,12.7323986,12.88075875,12.29529703,12.03398675,12.29577728,12.05678491,10.28330295,10.05501802,9.946661674,-0.127241572,0.675613682,2.597455804,2.240279006,2.087325077,0.373241946,1.384591004,2.171374726,4.080940675,1.509725581,13.05922671,17.77030803,10.32836922,8.101333269,8.413035425,13.43246866,19.15489903,12.49974394,12.18227394,9.922761005
050,3,7,48,425,Texas,Somervell County,9205,9206,9477,9793,9887,10086,10261,1,271,316,94,199,175,9,88,91,80,97,97,24,126,132,103,116,117,-15,-38,-41,-23,-19,-20,0,1,29,24,22,-3,14,320,314,91,193,200,14,321,343,115,215,197,2,-12,14,2,3,-2,131,131,118,127,139,139,140,9.420328641,9.444732745,8.130081301,9.713112702,9.534575122,13.48819783,13.70005189,10.46747968,11.61568117,11.5004669,-4.067869186,-4.255319149,-2.337398374,-1.902568467,-1.965891778,0.107049189,3.009859886,2.43902439,2.202974015,-0.294883767,34.25574051,32.58951739,9.24796748,19.32609022,19.65891778,34.3627897,35.59937727,11.68699187,21.52906424,19.36403401
050,3,7,48,427,Texas,Starr County,65916,65853,65828,65696,66062,66398,66319,-63,-25,-132,366,336,-79,212,1075,1091,1107,1095,1106,112,845,548,498,504,507,100,230,543,609,591,599,0,-15,24,31,123,-70,-164,-279,-702,-269,-376,-603,-164,-294,-678,-238,-253,-673,1,39,3,-5,-2,-5,301,301,325,343,354,358,358,16.32733652,16.59012804,16.80353375,16.53329307,16.66704341,12.83404591,8.333079894,7.559313287,7.609844481,7.640317367,3.493290604,8.257048143,9.244220465,8.923448588,9.026726041,-0.2278233,0.364952404,0.470559662,1.857164427,-1.054876165,-4.237513385,-10.67485782,-4.083243522,-5.677185565,-9.087004679,-4.465336685,-10.30990542,-3.61268386,-3.820021138,-10.14188084
050,3,7,48,429,Texas,Stephens County,9100,9095,9437,9368,9386,9414,9380,-5,342,-69,18,28,-34,29,91,81,96,88,90,28,157,143,91,100,101,1,-66,-62,5,-12,-11,0,0,-3,-4,-6,-15,-6,439,3,20,47,-8,-6,439,0,16,41,-23,0,-31,-7,-3,-1,0,642,642,917,922,916,873,872,9.820850421,8.614730125,10.23781593,9.361702128,9.577524742,16.94366501,15.20872109,9.704596353,10.63829787,10.7481111,-7.122814591,-6.59399096,0.53321958,-1.276595745,-1.170586357,0,-0.319064079,-0.426575664,-0.638297872,-1.596254124,47.37750917,0.319064079,2.132878319,5,-0.851335533,47.37750917,0,1.706302655,4.361702128,-2.447589656
050,3,7,48,431,Texas,Sterling County,1371,1383,1376,1411,1374,1373,1349,12,-7,35,-37,-1,-24,4,24,22,18,19,19,3,19,16,14,16,16,1,5,6,4,3,3,0,0,0,0,-1,-3,11,-10,28,-43,-3,-25,11,-10,28,-43,-4,-28,0,-2,1,2,0,1,32,32,23,29,32,32,32,17.39760783,15.78758522,12.92639138,13.83327266,13.96032329,13.7731062,11.48188016,10.05385996,11.64907172,11.75606172,3.624501631,4.305705059,2.872531418,2.184200947,2.204261572,0,0,0,-0.728066982,-2.204261572,-7.249003262,20.09329028,-30.87971275,-2.184200946,-18.36884644,-7.249003262,20.09329028,-30.87971275,-2.912267929,-20.57310801
050,3,7,48,433,Texas,Stonewall County,1245,1244,1213,1218,1206,1224,1186,-1,-31,5,-12,18,-38,1,12,9,12,12,13,5,26,24,30,30,30,-4,-14,-15,-18,-18,-17,0,0,0,0,0,0,3,-17,21,6,34,-20,3,-17,21,6,34,-20,0,0,-1,0,2,-1,29,29,29,54,52,56,56,9.768009768,7.404360346,9.900990099,9.87654321,10.78838174,21.16402116,19.74496092,24.75247525,24.69135803,24.89626556,-11.3960114,-12.34060058,-14.85148515,-14.81481481,-14.10788382,0,0,0,0,0,-13.83801384,17.27684081,4.95049505,27.9835391,-16.59751037,-13.83801384,17.27684081,4.95049505,27.9835391,-16.59751037
050,3,7,48,435,Texas,Sutton County,3378,3361,3298,3242,3223,3246,3203,-17,-63,-56,-19,23,-43,7,39,28,26,27,27,11,49,43,44,32,32,-4,-10,-15,-18,-5,-5,0,6,22,23,3,1,-11,-54,-68,-23,27,-39,-11,-48,-46,0,30,-38,-2,-5,5,-1,-2,0,6,6,6,6,6,6,6,11.71347049,8.562691132,8.043310132,8.347503478,8.373391223,14.71692446,13.1498471,13.61175561,9.893337456,9.924019228,-3.003453972,-4.587155963,-5.568445476,-1.545833977,-1.550628004,1.802072383,6.727828746,7.115235886,0.927500387,0.310125601,-16.21865145,-20.79510703,-7.115235886,8.347503478,-12.09489843,-14.41657907,-14.06727829,0,9.275003865,-11.78477283
050,3,7,48,437,Texas,Swisher County,6973,6948,7006,6944,6900,6842,6703,-25,58,-62,-44,-58,-139,21,77,79,73,61,62,28,103,114,85,78,77,-7,-26,-35,-12,-17,-15,0,14,39,26,6,1,-18,74,-63,-59,-47,-124,-18,88,-24,-33,-41,-123,0,-4,-3,1,0,-1,599,599,609,652,626,636,637,11.036262,11.32616488,10.54608495,8.877892592,9.15466962,14.76279203,16.34408602,12.27968795,11.35205938,11.36950904,-3.726530027,-5.017921147,-1.733603005,-2.474166788,-2.214839424,2.006593092,5.59139785,3.756139844,0.873235337,0.147655962,10.60627777,-9.032258065,-8.523548107,-6.840343473,-18.30933924,12.61287086,-3.440860215,-4.767408264,-5.967108136,-18.16168328
050,3,7,48,439,Texas,Tarrant County,2110969,2116194,2130671,2160356,2194974,2230038,2248466,5225,14477,29685,34618,35064,18428,6325,26389,27857,28071,27577,27795,3735,17794,17063,15219,15188,15350,2590,8595,10794,12852,12389,12445,203,2986,11963,17060,25670,12762,1619,602,8014,5061,-2845,-6978,1822,3588,19977,22121,22825,5784,813,2294,-1086,-355,-150,199,27485,27462,27774,28684,28571,28961,28966,12.42752007,12.98383814,12.89041244,12.46414699,12.41262707,8.379828415,7.952874685,6.98867824,6.864614153,6.854967641,4.04769165,5.03096345,5.901734197,5.599532837,5.557659433,1.40621376,5.575821359,7.834079163,11.60222842,5.699224563,0.283503243,3.735236343,2.324048924,-1.285872219,-3.116219166,1.689717003,9.311057703,10.15812809,10.3163562,2.583005396
050,3,7,48,441,Texas,Taylor County,143233,143484,143943,145346,147254,148390,150077,251,459,1403,1908,1136,1687,429,1864,1954,1946,1918,1914,322,1819,1721,1551,1490,1501,107,45,233,395,428,413,2,140,584,725,747,529,99,167,644,794,-30,732,101,307,1228,1519,717,1261,43,107,-58,-6,-9,13,5946,5937,6319,6252,6341,6492,6489,12.97024984,13.50898237,13.30143541,12.97506461,12.8255385,12.65712685,11.89813647,10.60150376,10.07969044,10.05806337,0.313122984,1.610845902,2.699931647,2.895374166,2.767475131,0.974160396,4.037485006,4.955570745,5.053375005,3.544780495,1.162034186,4.45229511,5.427204375,-0.202946787,4.905064882,2.136194582,8.489780116,10.38277512,4.850428218,8.449845377
050,3,7,48,443,Texas,Terrell County,762,752,725,697,702,711,702,-10,-27,-28,5,9,-9,2,7,4,4,2,2,1,17,15,13,13,13,1,-10,-11,-9,-11,-11,0,0,0,0,0,0,-10,-16,-18,13,19,2,-10,-16,-18,13,19,2,-1,-1,1,1,1,0,0,0,0,0,0,0,0,9.478672986,5.625879044,5.718370265,2.830856334,2.830856334,23.01963439,21.09704641,18.58470336,18.40056617,18.40056617,-13.54096141,-15.47116737,-12.8663331,-15.56970984,-15.56970984,0,0,0,0,0,-21.66553825,-25.3164557,18.58470336,26.89313517,2.830856334,-21.66553825,-25.3164557,18.58470336,26.89313517,2.830856334
050,3,7,48,445,Texas,Terry County,11830,11792,11711,11437,11556,11637,11720,-38,-81,-274,119,81,83,37,171,186,182,175,174,27,183,168,136,117,121,10,-12,18,46,58,53,0,11,38,23,84,32,-46,-85,-349,50,-62,-4,-46,-74,-311,73,22,28,-2,5,19,0,1,2,719,719,719,573,595,602,602,14.55133387,16.07050285,15.83090506,15.09076014,14.8991737,15.57248011,14.5152929,11.8296873,10.08925107,10.36091964,-1.021146237,1.555209953,4.001217762,5.001509076,4.538254057,0.936050717,3.283221013,2.000608881,7.243564869,2.740077921,-7.233119176,-30.15379298,4.349149741,-5.346440736,-0.34250974,-6.297068459,-26.87057197,6.349758622,1.897124132,2.397568181
050,3,7,48,447,Texas,Throckmorton County,1447,1457,1511,1546,1526,1536,1554,10,54,35,-20,10,18,6,19,18,19,21,23,2,24,26,38,27,27,4,-5,-8,-19,-6,-4,0,1,2,4,4,3,6,61,41,-7,13,18,6,62,43,-3,17,21,0,-3,0,2,-1,1,0,0,0,0,0,0,0,12.8032345,11.77625123,12.36979167,13.71652515,14.88673139,16.17250674,17.01014066,24.73958333,17.63553233,17.47572816,-3.369272237,-5.233889434,-12.36979167,-3.919007185,-2.588996764,0.673854447,1.308472359,2.604166667,2.612671457,1.941747573,41.10512129,26.82368335,-4.557291667,8.491182234,11.65048544,41.77897574,28.13215571,-1.953125,11.10385369,13.59223301
050,3,7,48,449,Texas,Titus County,31247,31298,31283,31222,31377,31615,31563,51,-15,-61,155,238,-52,109,422,434,418,412,419,73,371,363,322,325,337,36,51,71,96,87,82,0,29,71,121,223,12,2,-116,-190,-65,-67,-147,2,-87,-119,56,156,-135,13,21,-13,3,-5,1,250,250,257,240,270,345,346,13.48652147,13.88688905,13.35484592,13.08102616,13.26411093,11.856633799999999,11.61507079,10.28770428,10.31877064,10.6682706,1.629887666,2.271818255,3.067141648,2.762255525,2.595840324,0.926798869,2.271818255,3.865876452,7.080264161,0.379879072,-3.707195475,-6.079513639,-2.076710491,-2.127254255,-4.65351863,-2.780396606,-3.807695384,1.789165961,4.953009906,-4.273639558
050,3,7,48,451,Texas,Tom Green County,120002,120185,119279,118979,119327,120207,120602,183,-906,-300,348,880,395,356,1441,1510,1433,1487,1504,271,1521,1424,1147,1178,1192,85,-80,86,286,309,312,14,31,144,183,285,135,41,-897,-490,-109,291,-61,55,-866,-346,74,576,74,43,40,-40,-12,-5,9,3496,3496,3437,3432,3574,3639,3643,12.03521197,12.67533514,12.02655409,12.41577396,12.49122749,12.70337086,11.95342864,9.626278818,9.835764443,9.899962211,-0.668158888,0.721906505,2.400275276,2.580009519,2.591265277,0.258911569,1.208773682,1.535840474,2.37962043,1.121220552,-7.491731534,-4.113188225,-0.914790228,2.429717702,-0.506625583,-7.232819965,-2.904414542,0.621050246,4.809338132,0.61459497
050,3,7,48,453,Texas,Travis County,1290157,1296572,1309183,1335984,1353278,1374921,1389670,6415,12611,26801,17294,21643,14749,3629,15121,16247,16323,16209,16196,1700,7340,7212,6764,6834,6884,1929,7781,9035,9559,9375,9312,144,2599,15376,18217,25478,11928,4525,1431,2373,-10239,-13213,-6590,4669,4030,17749,7978,12265,5338,-183,800,17,-243,3,99,33310,33306,34401,34660,35360,36037,36016,11.60584936,12.28429056,12.13938991,11.88256429,11.71674219,5.633683904,5.452963839,5.030376364,5.009898472,4.980121834,5.972165457,6.831326718,7.109013551,6.872665814,6.736620354,1.994815322,11.625731,13.54795479,18.67752316,8.629124525,1.098338102,1.794215639,-7.614728502,-9.686243562,-4.767432145,3.093153424,13.41994664,5.93322629,8.991279595,3.861692381
050,3,7,48,455,Texas,Trinity County,13604,13636,13837,13992,14265,14434,14384,32,201,155,273,169,-50,28,125,125,132,146,149,66,273,318,248,295,299,-38,-148,-193,-116,-149,-150,0,2,10,10,14,1,77,365,320,371,302,99,77,367,330,381,316,100,-7,-18,18,8,2,0,110,110,110,107,103,103,103,9.099843483,8.983434547,9.342817709,10.17457054,10.34075925,19.87405817,22.85385749,17.55317267,20.5582076,20.75091956,-10.77421468,-13.87042294,-8.210354956,-10.38363706,-10.41016032,0.145597496,0.718674764,0.70778922,0.975643751,0.069401069,26.57154297,22.99759244,26.25898008,21.04602948,6.870705809,26.71714047,23.7162672,26.9667693,22.02167323,6.940106878
050,3,7,48,457,Texas,Tyler County,19814,19824,19917,20444,20426,20512,20443,10,93,527,-18,86,-69,32,210,193,191,178,179,65,377,391,290,323,324,-33,-167,-198,-99,-145,-145,0,0,13,11,-1,-6,44,259,666,71,229,86,44,259,679,82,228,80,-1,1,46,-1,3,-4,2046,2046,1919,2330,2288,2348,2350,10.56843059,9.563687718,9.346709078,8.696076995,8.741301428,18.9728492,19.37513937,14.19133839,15.77995994,15.82224393,-8.404418611,-9.811451649,-4.844629312,-7.083882945,-7.080942498,0,0.644186219,0.538292146,-0.048854365,-0.293004517,13.03439773,33.00215555,3.474431123,11.18764962,4.199731413,13.03439773,33.64634177,4.012723269,11.13879525,3.906726895
050,3,7,48,459,Texas,Upshur County,40889,41044,41839,42497,43411,44024,44410,155,795,658,914,613,386,136,483,516,498,492,488,117,623,648,528,543,547,19,-140,-132,-30,-51,-59,0,8,27,30,80,20,136,951,730,900,584,424,136,959,757,930,664,444,0,-24,33,14,0,1,442,442,422,430,443,443,443,11.65498353,12.23676722,11.59379802,11.25407446,11.03647918,15.03323963,15.36710302,12.29221958,12.42065534,12.37080761,-3.378256096,-3.1303358,-0.698421567,-1.166580889,-1.334328426,0.193043206,0.640295959,0.698421567,1.829930806,0.452314721,22.94801105,17.31170556,20.95264702,13.35849488,9.589072076,23.14105426,17.95200152,21.65106859,15.18842569,10.0413868
050,3,7,48,461,Texas,Upton County,3308,3301,3237,3153,3126,3110,3131,-7,-64,-84,-27,-16,21,8,32,34,37,36,36,6,42,34,32,37,38,2,-10,0,5,-1,-2,0,1,1,0,8,2,-7,-53,-89,-33,-23,21,-7,-52,-88,-33,-15,23,-2,-2,4,1,0,0,61,61,61,61,62,61,61,9.788926277,10.64162754,11.78531613,11.54586273,11.53661272,12.84796574,10.64162754,10.19270585,11.86658114,12.17753565,-3.059039462,0,1.592610288,-0.320718409,-0.640922929,0.305903946,0.312989045,0,2.565747274,0.640922929,-16.21290915,-27.85602504,-10.5112279,-7.376523412,6.729690755,-15.9070052,-27.54303599,-10.5112279,-4.810776139,7.370613684
050,3,7,48,463,Texas,Uvalde County,24565,24565,24803,24863,24946,24965,24963,0,238,60,83,19,-2,94,355,392,406,377,379,69,343,362,314,316,318,25,12,30,92,61,61,2,41,76,85,95,55,-32,171,-28,-91,-138,-121,-30,212,48,-6,-43,-66,5,14,-18,-3,1,3,840,840,852,838,841,841,840,14.38178577,15.78544679,16.30227469,15.10689027,15.18186188,13.8956409,14.57737688,12.60816318,12.66253932,12.73834321,0.486144871,1.208069907,3.694111506,2.444350945,2.443518667,1.660994977,3.060443764,3.413037804,3.806776061,2.203172569,6.927564414,-1.127531913,-3.65395812,-5.529843121,-4.846979651,8.588559391,1.932911851,-0.240920316,-1.723067059,-2.643807082
050,3,7,48,465,Texas,Val Verde County,47587,47597,47511,47552,47678,47779,47835,10,-86,41,126,101,56,190,726,763,766,725,742,107,621,480,404,401,400,83,105,283,362,324,342,1,42,102,144,249,93,-81,-253,-332,-377,-469,-376,-80,-211,-230,-233,-220,-283,7,20,-12,-3,-3,-3,1955,1955,1960,1944,1960,1985,1982,15.26685452,16.05251254,16.08736743,15.19008559,15.52073964,13.05883837,10.09856621,8.484721201,8.401688719,8.366975548,2.20801615,5.95394633,7.602646225,6.78839687,7.153764093,0.88320646,2.145945321,3.024257062,5.217008706,1.945321815,-5.320267485,-6.984841631,-7.917673002,-9.826413987,-7.864957015,-4.437061025,-4.838896311,-4.89341594,-4.609405282,-5.9196352
050,3,7,48,467,Texas,Van Zandt County,59536,59747,61245,62858,64033,65266,66130,211,1498,1613,1175,1233,864,149,583,635,681,675,679,175,910,988,828,808,809,-26,-327,-353,-147,-133,-130,0,14,26,15,57,-30,244,1890,1862,1289,1305,1033,244,1904,1888,1304,1362,1003,-7,-79,78,18,4,-9,572,572,552,565,576,570,569,9.637000793,10.23343513,10.73362177,10.44091602,10.33517002,15.04231685,15.92225812,13.05057096,12.49816317,12.31392128,-5.405316054,-5.688822994,-2.316949193,-2.057247156,-1.978751256,0.231420259,0.419006793,0.236423387,0.881677353,-0.456634905,31.24173499,30.00733262,20.31664972,20.18577097,15.7234619,31.47315525,30.42633941,20.55307311,21.06744832,15.266827
050,3,7,48,469,Texas,Victoria County,91318,91299,90910,91138,91757,92188,92656,-19,-389,228,619,431,468,278,1167,1265,1193,1178,1189,237,1113,1095,939,854,866,41,54,170,254,324,323,0,7,91,91,247,102,-81,-495,33,284,-130,36,-81,-488,124,375,117,138,21,45,-66,-10,-10,7,1185,1186,1125,1102,1157,1183,1181,12.80946605,13.89743364,13.04573663,12.80817636,12.8649023,12.21674012,12.02979434,10.26818666,9.285384218,9.370063405,0.592725936,1.8676393039999999,2.77754996,3.522792139,3.494838891,0.076834844,0.999736333,0.995106482,2.685585365,1.103633334,-5.433321076,0.362541747,3.105607042,-1.413465982,0.389517647,-5.356486233,1.362278081,4.100713524,1.272119384,1.493150981
050,3,7,48,471,Texas,Walker County,76409,76562,78369,79826,82513,83460,83842,153,1807,1457,2687,947,382,156,643,657,733,669,668,160,718,711,672,689,692,-4,-75,-54,61,-20,-24,3,93,244,209,296,137,132,1876,1226,2332,653,253,135,1969,1470,2541,949,390,22,-87,41,85,18,16,18878,18871,19113,20059,21175,21065,21081,8.300469241,8.306204368,9.030485589,8.06155218,7.985559049,9.26864217,8.988906097,8.278971781,8.302555235,8.272465362,-0.968172929,-0.682701729,0.751513808,-0.241003055,-0.286906313,1.200534432,3.084800405,2.574858783,3.56684521,1.637756871,24.21723219,15.49985777,28.73000327,7.868749736,3.024470718,25.41776662,18.58465818,31.30486205,11.43559495,4.662227588
050,3,7,48,473,Texas,Waller County,56769,57294,59457,62110,64298,66097,69858,525,2163,2653,2188,1799,3761,180,641,780,867,939,945,100,469,541,418,432,441,80,172,239,449,507,504,0,36,324,290,618,303,478,2043,1976,1428,672,2997,478,2079,2300,1718,1290,3300,-33,-88,114,21,2,-43,6260,6231,6043,6218,6377,6481,6485,10.980634,12.83242985,13.71748624,14.40239273,13.90165864,8.034192427,8.900441732,6.613505474,6.626020936,6.487440697,2.946441572,3.931988122,7.103980761,7.776371793,7.41421794,0.616697073,5.330393939,4.588317195,9.478891062,4.457357214,34.99755891,32.5088223,22.59350674,10.30714368,44.08811739,35.61425598,37.83921624,27.18182394,19.78603474,48.54547461
050,3,7,48,475,Texas,Ward County,11647,11679,11101,10953,10974,11081,11125,32,-578,-148,21,107,44,61,147,166,174,189,191,26,138,135,132,124,127,35,9,31,42,65,64,0,3,4,20,37,-11,-4,-551,-186,-42,7,-11,-4,-548,-182,-22,44,-22,1,-39,3,1,-2,2,115,115,83,95,96,101,104,12.90605795,15.05395847,15.87084417,17.13897076,17.20255787,12.11589113,12.24267707,12.03995075,11.24461573,11.43835,0.790166813,2.8112814,3.830893419,5.894355022,5.764207872,0.263388938,0.362745987,1.824234962,3.355248243,-0.990723228,-48.37576822,-16.8676884,-3.830893419,0.634776695,-0.990723228,-48.11237928,-16.50494241,-2.006658458,3.990024938,-1.981446456
050,3,7,48,477,Texas,Washington County,35795,35791,35925,36371,37244,37683,38288,-4,134,446,873,439,605,73,372,339,349,394,401,135,497,504,417,442,445,-62,-125,-165,-68,-48,-44,0,24,42,96,194,88,50,220,543,822,283,563,50,244,585,918,477,651,8,15,26,23,10,-2,2042,2034,2048,2300,2449,2317,2322,10.374254,9.378112205,9.481763228,10.51690312,10.55665978,13.86022645,13.94268009,11.3292128,11.7981502,11.71499651,-3.485972447,-4.564567888,-1.847449569,-1.28124708,-1.158336734,0.66930671,1.161890008,2.608164097,5.178373617,2.316673468,6.135311507,15.02157796,22.33240508,7.554019245,14.82144503,6.804618216,16.18346797,24.94056918,12.73239286,17.13811849
050,3,7,48,479,Texas,Webb County,267114,267336,267389,268450,271942,280570,281224,222,53,1061,3492,8628,654,1019,4126,4469,4443,4308,4289,394,2392,1913,1701,1648,1649,625,1734,2556,2742,2660,2640,32,319,1605,2847,8592,260,-471,-2106,-3141,-2108,-2636,-2250,-439,-1787,-1536,739,5956,-1990,36,106,41,11,12,4,3977,3976,3959,3994,4031,4009,4008,15.43223152,16.68038347,16.44361871,15.59423144,15.268942,8.946654823,7.140204427,6.295429984,5.965481293,5.870479215,6.485576698,9.540179046,10.14818872,9.628750145,9.398462782,1.193136659,5.990605387,10.53679551,31.10158693,0.925606183,-7.876946094,-11.72367073,-7.801743919,-9.541874204,-8.010053507,-6.683809435,-5.733065342,2.735051592,21.55971273,-7.084447324
050,3,7,48,481,Texas,Wharton County,41589,41581,41674,41815,41875,42065,42060,-8,93,141,60,190,-5,141,497,554,526,541,547,123,578,570,470,469,482,18,-81,-16,56,72,65,0,26,79,63,83,-16,-34,112,107,-53,42,-55,-34,138,186,10,125,-71,8,36,-29,-6,-7,1,567,567,586,584,604,597,595,11.93922287,13.27120938,12.57019955,12.89015964,13.00445765,13.88505195,13.65449341,11.23192735,11.17464856,11.45913819,-1.945829079,-0.383284025,1.338272195,1.715511079,1.545319465,0.62458711200000006,1.892464876,1.505556219,1.97760305,-0.38038633,2.690529097,2.56321192,-1.266579042,1.000714796,-1.307578009,3.315116209,4.455676796,0.238977178,2.978317846,-1.687964339
050,3,7,48,483,Texas,Wheeler County,4987,4976,4887,4797,4822,4827,4773,-11,-89,-90,25,5,-54,10,42,60,52,55,56,8,98,87,73,69,71,2,-56,-27,-21,-14,-15,0,5,13,17,26,21,-12,-38,-81,30,-5,-61,-12,-33,-68,47,21,-40,-1,0,5,-1,-2,1,56,56,57,56,56,57,57,8.516678495,12.39157373,10.81193471,11.40014509,11.66666667,19.87224982,17.96778191,15.17829296,14.30200021,14.79166667,-11.35557133,-5.576208178,-4.366358249,-2.901855115,-3.125,1.013890297,2.684840975,3.534670964,5.389159498,4.375,-7.705566258,-16.72862454,6.237654642,-1.036376827,-12.70833333,-6.691675961,-14.04378356,9.772325606,4.352782672,-8.333333333
050,3,7,48,485,Texas,Wichita County,129357,129611,130114,130106,129889,129524,129555,254,503,-8,-217,-365,31,361,1605,1509,1540,1506,1528,321,1808,1760,1559,1580,1588,40,-203,-251,-19,-74,-60,19,57,241,283,383,189,165,555,98,-458,-671,-111,184,612,339,-175,-288,78,30,94,-96,-23,-3,13,11189,11183,11130,11308,11343,11337,11347,12.35922611,11.59787872,11.84638166,11.61082906,11.7956299,13.92241794,13.5270156,11.99253832,12.18134789,12.25880909,-1.563191838,-1.929136884,-0.146156657,-0.570518825,-0.463179185,0.438925787,1.852278841,2.176964942,2.952820406,1.459014432,4.273751083,0.753208823,-3.523144676,-5.173217996,-0.856881492,4.71267687,2.605487664,-1.346179734,-2.22039759,0.60213294
050,3,7,48,487,Texas,Wilbarger County,12887,12842,12703,12540,12510,12474,12481,-45,-139,-163,-30,-36,7,37,155,175,146,156,159,47,211,192,190,166,167,-10,-56,-17,-44,-10,-8,0,7,11,29,26,8,-33,-92,-158,-15,-51,6,-33,-85,-147,14,-25,14,-2,2,1,0,-1,1,850,850,846,845,850,848,849,12.13544725,13.86522997,11.65668663,12.48799232,12.74293729,16.5198669,15.21213802,15.16966068,13.28850464,13.38409136,-4.384419652,-1.346908054,-3.512974052,-0.800512328,-0.641154077,0.548052456,0.871528741,2.315369262,2.081332053,0.641154077,-7.202975142,-12.51832191,-1.19760479,-4.082612872,0.480865558,-6.654922685,-11.64679317,1.117764471,-2.00128082,1.122019635
050,3,7,48,489,Texas,Willacy County,20161,20125,20278,20197,20011,20070,19971,-36,153,-81,-186,59,-99,46,235,229,243,237,240,52,262,250,201,184,184,-6,-27,-21,42,53,56,0,5,11,4,17,-3,-34,167,-61,-229,-9,-152,-34,172,-50,-225,8,-155,4,8,-10,-3,-2,0,2594,2595,2587,2665,2710,2717,2719,11.63279955,11.31562693,12.08714684,11.82605224,11.9877126,12.96933396,12.35330451,9.998010346,9.18140765,9.190579656,-1.336534416,-1.037677579,2.08913649,2.644644595,2.797132939,0.247506373,0.543545398,0.19896538,0.848282229,-0.149846407,8.266712868,-3.0142063,-11.39076801,-0.449090592,-7.592217977,8.514219241,-2.470660902,-11.19180263,0.399191637,-7.742064384
050,3,7,48,491,Texas,Williamson County,609059,615611,644790,674478,701798,729013,752827,6552,29179,29688,27320,27215,23814,1621,7137,8065,8179,8464,8503,912,3869,4049,3926,3924,3951,709,3268,4016,4253,4540,4552,37,754,4194,5250,7751,4618,6339,26658,20188,17467,14763,14764,6376,27412,24382,22717,22514,19382,-533,-1501,1290,350,161,-120,4546,4543,4424,4737,4758,4841,4826,11.32496721,12.22647711,11.88569735,11.83105246,11.47627274,6.13931598,6.138252425,5.705250982,5.485001164,5.332559521,5.185651233,6.088224682,6.180446364,6.346051295,6.143713221,1.196444624,6.358071294,7.629283661,10.83441489,6.232791664,42.30082331,30.60485057,25.38299004,20.63584918,19.92657777,43.49726793,36.96292186,33.0122737,31.47026407,26.15936943
050,3,7,48,493,Texas,Wilson County,49753,50051,51325,52752,54296,55321,56139,298,1274,1427,1544,1025,818,134,525,515,559,523,520,97,532,598,500,487,496,37,-7,-83,59,36,24,0,18,72,130,174,84,275,1300,1383,1339,812,715,275,1318,1455,1469,986,799,-14,-37,55,16,3,-5,429,429,403,426,438,439,439,10.35748106,9.896518924,10.44391301,9.542315517,9.330701597,10.49558081,11.49149188,9.341603767,8.885483091,8.900053831,-0.138099747,-1.594972953,1.102309245,0.656832426,0.430647766,0.355113636,1.383590995,2.428816979,3.174690057,1.507267181,25.64709596,26.57647703,25.01681489,14.81522027,12.8297147,26.0022096,27.96006803,27.44563187,17.98991032,14.33698188
050,3,7,48,495,Texas,Winkler County,7793,7757,7391,7391,7625,7563,7540,-36,-366,0,234,-62,-23,18,114,111,103,126,126,14,91,87,69,67,67,4,23,24,34,59,59,0,14,109,147,56,1,-38,-377,-138,54,-178,-84,-38,-363,-29,201,-122,-83,-2,-26,5,-1,1,1,155,155,155,155,154,154,154,15.05149195,15.01826546,13.71870005,16.59204635,16.68542674,12.01478743,11.77107293,9.190197123,8.822754806,8.872409455,3.036704515,3.247192532,4.52850293,7.769291546,7.813017281,1.848428836,14.74766608,19.57911561,7.374242823,0.132424022,-49.77554793,-18.67135706,7.192328183,-23.43955755,-11.12361782,-47.92711909,-3.923690976,26.77144379,-16.06531472,-10.9911938
050,3,7,48,497,Texas,Wise County,68617,68931,71872,74888,78012,81292,83778,314,2941,3016,3124,3280,2486,193,766,913,837,892,897,172,832,857,773,751,757,21,-66,56,64,141,140,0,23,42,89,121,-8,307,3141,2776,2913,2997,2380,307,3164,2818,3002,3118,2372,-14,-157,142,58,21,-26,802,802,859,875,886,904,906,10.88044999,12.44208231,10.94833224,11.19871441,10.86811656,11.81793002,11.67893159,10.11118378,9.428514036,9.171866481,-0.937480025,0.763150722,0.837148463,1.770200372,1.696250076,0.326697585,0.572363042,1.164159581,1.51910812,-0.096928576,44.61552666,37.83047152,38.10333551,37.62617386,28.83625129,44.94222424,38.40283456,39.2674951,39.14528198,28.73932271
050,3,7,48,499,Texas,Wood County,44852,45042,46297,47141,48106,49153,49688,190,1255,844,965,1047,535,92,371,420,453,439,442,162,822,919,781,739,745,-70,-451,-499,-328,-300,-303,1,26,101,89,155,87,287,1798,1179,1179,1174,758,288,1824,1280,1268,1329,845,-28,-118,63,25,18,-7,1343,1343,1700,1758,1698,1982,1983,8.123583573,8.989918449,9.512110618,9.02744219,8.943656984,17.99888328,19.67079775,16.39946665,15.19653708,15.07471596,-9.875299708,-10.6808793,-6.887356032,-6.169094891,-6.131058974,0.569307744,2.161861341,1.868825265,3.187365694,1.760403072,39.36982012,25.23598536,24.75668525,24.14172467,15.33776469,39.93912786,27.3978467,26.62551052,27.32909037,17.09816776
050,3,7,48,501,Texas,Yoakum County,7691,7672,7561,7490,7440,7501,7438,-19,-111,-71,-50,61,-63,27,134,138,127,142,145,16,96,77,94,73,75,11,38,61,33,69,70,0,22,73,61,63,32,-27,-164,-213,-148,-73,-162,-27,-142,-140,-87,-10,-130,-3,-7,8,4,2,-3,56,56,55,57,59,59,59,17.59338279,18.33765198,17.01272606,19.00809852,19.41227659,12.60421453,10.23187828,12.59209645,9.771768958,10.04083272,4.989168253,8.105773703,4.420629605,9.236329563,9.371443872,2.888465831,9.700352136,8.171466845,8.433170471,4.284088627,-21.53219983,-28.30376719,-19.82585399,-9.771768958,-21.68819867,-18.643734,-18.60341506,-11.65438714,-1.338598487,-17.40411005
050,3,7,48,503,Texas,Young County,17865,17847,17948,17997,18161,18321,18154,-18,101,49,164,160,-167,42,207,227,200,219,218,71,326,336,274,300,307,-29,-119,-109,-74,-81,-89,0,7,16,72,151,45,9,208,147,169,90,-122,9,215,163,241,241,-77,2,5,-5,-3,0,-1,237,237,236,226,226,222,221,11.56586115,12.63040757,11.06255877,12.00592073,11.95339274,18.21483447,18.69522882,15.15570552,16.44646675,16.83344757,-6.64897332,-6.064821255,-4.093146745,-4.440546023,-4.880054832,0.391116078,0.890248992,3.982521157,8.278054931,2.467443454,11.62173488,8.17916261,9.347862161,4.933940025,-6.689513365,12.01285096,9.069411601,13.33038332,13.21199496,-4.222069911
050,3,7,48,505,Texas,Zapata County,13889,13875,13879,13827,13765,13798,13753,-14,4,-52,-62,33,-45,47,193,191,180,176,176,31,149,140,102,105,106,16,44,51,78,71,70,0,5,25,45,76,35,-31,-51,-129,-185,-115,-148,-31,-46,-104,-140,-39,-113,1,6,1,0,1,-2,113,113,99,101,109,113,113,13.90790517,13.78762723,13.04726008,12.77074339,12.77630576,10.73719104,10.1061142,7.393447376,7.618909408,7.694820515,3.170714131,3.68151303,5.653812699,5.15183398,5.081485246,0.360308424,1.80466325,3.261815019,5.51463919,2.540742623,-3.675145925,-9.312062369,-13.40968397,-8.344519827,-10.74371166,-3.314837501,-7.507399119,-10.14786895,-2.829880637,-8.202969039
050,3,7,48,507,Texas,Zavala County,9677,9668,9480,9390,9365,9182,9037,-9,-188,-90,-25,-183,-145,38,149,149,157,152,154,38,176,142,92,128,127,0,-27,7,65,24,27,0,1,4,9,3,-16,-10,-158,-103,-100,-211,-153,-10,-157,-99,-91,-208,-169,1,-4,2,1,1,-3,45,45,45,45,45,45,45,15.56298308,15.79226285,16.74220208,16.39079096,16.9054284,18.38312095,15.05034446,9.810717142,13.80277134,13.94148965,-2.820137873,0.741918389,6.931484937,2.588019626,2.963938745,0.104449551,0.423953365,0.959744068,0.323502453,-1.756408145,-16.50302904,-10.91679915,-10.66382298,-22.75300588,-16.79565289,-16.39857949,-10.49284579,-9.704078912,-22.42950342,-18.55206104
