cms_certification_number_ccn,provider_name,provider_address,city_town,state,zip_code,telephone_number,provider_ssa_county_code,county_parish,urban,ownership_type,number_of_certified_beds,average_number_of_residents_per_day,average_number_of_residents_per_day_footnote,provider_type,provider_resides_in_hospital,legal_business_name,date_first_approved_to_provide_medicare_and_medicaid_services,chain_name,chain_id,number_of_facilities_in_chain,chain_average_overall_5_star_rating,chain_average_health_inspection_rating,chain_average_staffing_rating,chain_average_qm_rating,continuing_care_retirement_community,special_focus_status,abuse_icon,most_recent_health_inspection_more_than_2_years_ago,provider_changed_ownership_in_last_12_months,with_a_resident_and_family_council,automatic_sprinkler_systems_in_all_required_areas,overall_rating,overall_rating_footnote,health_inspection_rating,health_inspection_rating_footnote,qm_rating,qm_rating_footnote,long_stay_qm_rating,long_stay_qm_rating_footnote,short_stay_qm_rating,short_stay_qm_rating_footnote,staffing_rating,staffing_rating_footnote,reported_staffing_footnote,physical_therapist_staffing_footnote,reported_nurse_aide_staffing_hours_per_resident_per_day,reported_lpn_staffing_hours_per_resident_per_day,reported_rn_staffing_hours_per_resident_per_day,reported_licensed_staffing_hours_per_resident_per_day,reported_total_nurse_staffing_hours_per_resident_per_day,total_number_of_nurse_staff_hours_per_resident_per_day_on_the_weekend,registered_nurse_hours_per_resident_per_day_on_the_weekend,reported_physical_therapist_staffing_hours_per_resident_per_day,total_nursing_staff_turnover,total_nursing_staff_turnover_footnote,registered_nurse_turnover,registered_nurse_turnover_footnote,number_of_administrators_who_have_left_the_nursing_home,administrator_turnover_footnote,nursing_case_mix_index,nursing_case_mix_index_ratio,case_mix_nurse_aide_staffing_hours_per_resident_per_day,case_mix_lpn_staffing_hours_per_resident_per_day,case_mix_rn_staffing_hours_per_resident_per_day,case_mix_total_nurse_staffing_hours_per_resident_per_day,case_mix_weekend_total_nurse_staffing_hours_per_resident_per_day,adjusted_nurse_aide_staffing_hours_per_resident_per_day,adjusted_lpn_staffing_hours_per_resident_per_day,adjusted_rn_staffing_hours_per_resident_per_day,adjusted_total_nurse_staffing_hours_per_resident_per_day,adjusted_weekend_total_nurse_staffing_hours_per_resident_per_day,rating_cycle_1_standard_survey_health_date,rating_cycle_1_total_number_of_health_deficiencies,rating_cycle_1_number_of_standard_health_deficiencies,rating_cycle_1_number_of_complaint_health_deficiencies,rating_cycle_1_health_deficiency_score,rating_cycle_1_number_of_health_revisits,rating_cycle_1_health_revisit_score,rating_cycle_1_total_health_score,rating_cycle_2_standard_health_survey_date,rating_cycle_2_3_total_number_of_health_deficiencies,rating_cycle_2_number_of_standard_health_deficiencies,rating_cycle_2_3_number_of_complaint_health_deficiencies,rating_cycle_2_3_health_deficiency_score,rating_cycle_2_3_number_of_health_revisits,rating_cycle_2_3_health_revisit_score,rating_cycle_2_3_total_health_score,total_weighted_health_survey_score,number_of_citations_from_infection_control_inspections,number_of_fines,total_amount_of_fines_in_dollars,number_of_payment_denials,total_number_of_penalties,location,latitude,longitude,geocoding_footnote,processing_date
015009,"BURNS NURSING HOME, INC.",701 MONROE STREET NW,RUSSELLVILLE,AL,35653,2563324110,290,Franklin,N,For profit - Corporation,57,52.4,NA,Medicare and Medicaid,N,"BURNS NURSING HOME, INC.",1969-09-01,NA,NA,NA,NA,NA,NA,NA,N,NA,N,Y,N,Resident,Yes,2,NA,2,NA,4,NA,5,NA,4,NA,4,NA,NA,NA,2.47388,0.54998,1.02491,1.57489,4.04877,3.18247,0.57434,0,41.9,NA,8.3,NA,0,NA,1.37999,0.9916,2.31235,0.85308,0.67361,3.83904,3.40574,2.47743,0.55077,1.02638,4.05459,3.18704,2023-03-02,4,4,0,56,1,0,56,2019-08-21,2,2,0,8,1,0,8,44,NA,0,0,0,0,"701 MONROE STREET NW,RUSSELLVILLE,AL,35653",34.5149,-87.736,NA,2026-06-01
015010,COOSA VALLEY HEALTHCARE CENTER,260 WEST WALNUT STREET,SYLACAUGA,AL,35150,2562495604,600,Talladega,N,For profit - Corporation,85,78.2,NA,Medicare and Medicaid,N,COOSA VALLEY HEALTHCARE CENTER LLC,1967-01-01,PRIME HEALTH CARE ENTERPRISES,419,5,3.8,3.8,3.8,2.2,N,NA,N,Y,N,Resident,Yes,5,NA,5,NA,2,NA,3,NA,2,NA,4,NA,NA,NA,2.6752,0.88032,0.85124,1.73155,4.40675,3.54039,0.45082,0.01087,47.1,NA,23.1,NA,0,NA,1.30946,0.94092,2.19417,0.80948,0.63918,3.64284,3.23168,2.82334,0.92906,0.89837,4.65077,3.73643,2022-04-09,0,0,0,0,0,0,0,2019-06-13,1,1,0,4,1,0,4,1,0,0,0,0,0,"260 WEST WALNUT STREET,SYLACAUGA,AL,35150",33.1637,-86.254,NA,2026-06-01
015012,HIGHLANDS HEALTH AND REHAB,380 WOODS COVE ROAD,SCOTTSBORO,AL,35768,2562183708,350,Jackson,N,Government - County,50,45.3,NA,Medicare and Medicaid,N,HH HEALTH SYSTEM - JACKSON LLC,1967-01-01,HUNTSVILLE HOSPITAL HEALTH SYSTEM,610,3,3.3,2.7,3.7,4.3,N,NA,N,Y,N,Resident,Yes,5,NA,4,NA,5,NA,4,NA,5,NA,4,NA,NA,NA,2.95737,0.89179,0.86006,1.75185,4.70922,4.00663,0.47527,0.10499,NA,26,NA,26,0,NA,1.30857,0.94028,2.19268,0.80893,0.63875,3.64036,3.22948,3.12325,0.94181,0.90831,4.97337,4.23137,2022-03-24,0,0,0,0,0,0,0,2019-06-06,2,2,0,20,1,0,20,5,NA,0,0,0,0,"380 WOODS COVE ROAD,SCOTTSBORO,AL,35768",34.6611,-86.047,NA,2026-06-01
015014,THE HEALTHCARE CENTER OF EASTVIEW,7755 FOURTH AVENUE SOUTH,BIRMINGHAM,AL,35206,2058330146,360,Jefferson,Y,For profit - Individual,92,70.2,NA,Medicare and Medicaid,N,Legal Business Name Not Available,1967-01-01,BALL HEALTHCARE SERVICES,66,10,2.8,2.7,3.4,2.8,N,NA,N,Y,N,None,Yes,3,NA,2,NA,5,NA,5,NA,NA,2,3,NA,NA,NA,2.25282,0.76632,0.67327,1.43959,3.69241,3.13118,0.4624,0.01424,54.9,NA,57.1,NA,NA,26,1.26892,0.91179,2.12624,0.78442,0.61939,3.53005,3.13163,2.45353,0.8346,0.73325,4.02138,3.41014,2023-09-13,4,4,0,32,1,0,32,2020-02-20,2,1,1,8,1,0,8,26,0,0,0,0,0,"7755 FOURTH AVENUE SOUTH,BIRMINGHAM,AL,35206",33.5595,-86.722,NA,2026-06-01
015015,PLANTATION MANOR NURSING HOME,6450 OLD TUSCALOOSA HIGHWAY,MC CALLA,AL,35111,2054776161,360,Jefferson,Y,For profit - Corporation,103,97.8,NA,Medicare and Medicaid,N,"C & G HEALTHCARE SERVICES, INC.",1971-07-01,NA,NA,NA,NA,NA,NA,NA,N,NA,N,N,N,Resident,Yes,3,NA,3,NA,2,NA,2,NA,3,NA,4,NA,NA,NA,2.29626,0.7163,0.37319,1.08949,3.38576,3.26257,0.20875,0.00853,31.5,NA,30,NA,0,NA,1.12615,0.8092,1.887,0.69616,0.5497,3.13286,2.77927,2.81791,0.87902,0.45797,4.1549,4.00373,2026-02-20,5,5,3,20,1,0,20,2020-03-05,2,2,0,20,1,0,20,20,NA,0,0,0,0,"6450 OLD TUSCALOOSA HIGHWAY,MC CALLA,AL,35111",33.3222,-87.034,NA,2026-06-01
015016,ATHENS HEALTH AND REHABILITATION LLC,611 WEST MARKET STREET,ATHENS,AL,35611,2562321620,410,Limestone,Y,For profit - Corporation,149,138.7,NA,Medicare and Medicaid,N,ATHENS HEALTH AND REHABILITATION LLC,1967-01-01,NHS MANAGEMENT,372,43,3,2.8,3.7,3.5,N,NA,N,Y,N,Resident,Yes,5,NA,4,NA,5,NA,5,NA,5,NA,4,NA,NA,NA,2.45407,0.72478,0.61447,1.33925,3.79332,3.33507,0.34566,0.06302,47.1,NA,26.3,NA,0,NA,1.33748,0.96105,2.24112,0.82681,0.65286,3.72079,3.30084,2.5357,0.74889,0.63491,3.91949,3.44601,2022-04-14,0,0,0,0,0,0,0,2019-08-29,4,4,0,20,1,0,20,5,NA,0,0,0,0,"611 WEST MARKET STREET,ATHENS,AL,35611",34.8035,-86.977,NA,2026-06-01
015019,MERRY WOOD LODGE,280 MT HEBRON ROAD,ELMORE,AL,36025,3345678484,250,Elmore,Y,For profit - Limited Liability company,124,95.4,NA,Medicare and Medicaid,N,SUNBRIDGE HEALTHCARE LLC,1974-01-01,GENESIS HEALTHCARE,237,187,2.4,2.3,2.5,3.6,N,SFF Candidate,Y,N,N,Resident,Yes,1,NA,1,NA,4,NA,5,NA,2,NA,3,NA,NA,NA,1.85105,0.4977,0.85477,1.35247,3.20351,2.84846,0.63621,0.02579,54.4,NA,66.7,NA,0,NA,1.28316,0.92202,2.1501,0.79322,0.62634,3.56967,3.16677,1.99359,0.53602,0.92059,3.4502,3.06781,2024-09-01,8,8,8,557,2,279,836,2020-03-03,7,6,1,52,1,0,52,640,NA,1,182968,1,2,"280 MT HEBRON ROAD,ELMORE,AL,36025",32.5582,-86.323,NA,2026-06-01
015023,HATLEY HEALTH CARE INC,300 MEDICAL CENTER DRIVE,CLANTON,AL,35045,2057554960,100,Chilton,Y,For profit - Corporation,201,90.6,NA,Medicare and Medicaid,N,"HATLEY HEALTH CARE, INC.",1967-01-01,NA,NA,NA,NA,NA,NA,NA,N,NA,N,Y,N,Both,Yes,4,NA,4,NA,4,NA,4,NA,NA,2,3,NA,NA,NA,1.75282,1.2291,0.57518,1.80429,3.5571,2.85353,0.21263,8.5e-4,48.2,NA,42.9,NA,0,NA,1.39106,0.99955,2.3309,0.85993,0.67901,3.86983,3.43306,1.74137,1.22107,0.57143,3.53387,2.83489,2023-06-15,4,4,1,8,1,0,8,2022-01-19,0,0,0,0,0,0,0,6,NA,0,0,0,0,"300 MEDICAL CENTER DRIVE,CLANTON,AL,35045",32.8548,-86.625,NA,2026-06-01
015024,"LIMESTONE NURSING AND REHABILITATION CENTER, LLC",1600 WEST HOBBS STREET,ATHENS,AL,35611,2562323461,410,Limestone,Y,For profit - Corporation,170,139.4,NA,Medicare and Medicaid,N,LIMESTONE NURSING AND REHABILITATION CENTER LLC,1979-01-01,PRESTON HEALTH SERVICES,702,5,3.2,3.2,3.4,2.6,N,NA,N,Y,N,Resident,Yes,3,NA,3,NA,3,NA,4,NA,2,NA,3,NA,NA,NA,2.43488,1.06555,0.45535,1.5209,3.95578,3.36103,0.27585,0.02626,48.1,NA,47.1,NA,0,NA,1.31793,0.947,2.20836,0.81472,0.64331,3.66639,3.25258,2.55319,1.11733,0.47748,4.148,3.52435,2020-02-13,3,3,0,24,1,0,24,2019-03-20,2,2,0,20,1,0,20,23,NA,0,0,0,0,"1600 WEST HOBBS STREET,ATHENS,AL,35611",34.8053,-86.991,NA,2026-06-01
015027,"WETUMPKA HEALTH AND REHABILITATION, LLC",1825 HOLTVILLE ROAD,WETUMPKA,AL,36092,3345675131,250,Elmore,Y,For profit - Corporation,121,116.7,NA,Medicare and Medicaid,N,"WETUMPKA HEALTH AND REHABILITATION, LLC",1967-07-24,NHS MANAGEMENT,372,43,3,2.8,3.7,3.5,N,NA,N,Y,N,Resident,Yes,1,NA,1,NA,2,NA,3,NA,1,NA,3,NA,NA,NA,2.68861,0.69842,0.5425,1.24092,3.92953,3.27368,0.37265,0.02079,57.7,NA,70.6,NA,1,NA,1.22535,0.88048,2.05323,0.75749,0.59812,3.40885,3.0241,3.03225,0.78769,0.61184,4.43178,3.6921,2023-12-07,15,15,4,104,1,0,104,2022-01-27,0,0,0,0,0,0,0,78,NA,0,0,0,0,"1825 HOLTVILLE ROAD,WETUMPKA,AL,36092",32.5584,-86.221,NA,2026-06-01
015028,KELLER LANDING,813 KELLER LANE,TUSCUMBIA,AL,35674,2563831535,160,Colbert,Y,For profit - Corporation,109,75.9,NA,Medicare and Medicaid,N,SUNBRIDGE HEALTHCARE LLC,1977-07-01,GENESIS HEALTHCARE,237,187,2.4,2.3,2.5,3.6,N,NA,N,Y,N,Resident,Yes,5,NA,5,NA,4,NA,4,NA,4,NA,4,NA,NA,NA,1.59731,0.48719,1.17533,1.66252,3.25983,2.63694,0.6136,0.01111,33.8,NA,15.8,NA,0,NA,1.15684,0.83125,1.93844,0.71514,0.56468,3.21826,2.85503,1.90815,0.582,1.40405,3.89421,3.15011,2022-02-24,0,0,0,0,0,0,0,2019-06-20,1,1,0,4,1,0,4,1,NA,0,0,0,0,"813 KELLER LANE,TUSCUMBIA,AL,35674",34.7419,-87.706,NA,2026-06-01
015031,MITCHELL-HOLLINGSWORTH NURSING & REHABILITATION,805 FLAGG CIRCLE,FLORENCE,AL,35631,2567405400,380,Lauderdale,Y,For profit - Limited Liability company,222,192.1,NA,Medicare and Medicaid,N,MITCHELL-HOLLINGSWORTH NURSING & REHAB CENTER,1967-01-01,PRESTON HEALTH SERVICES,702,5,3.2,3.2,3.4,2.6,N,NA,N,N,N,Resident,Yes,3,NA,3,NA,3,NA,4,NA,3,NA,4,NA,NA,NA,1.81593,0.92125,0.71666,1.63791,3.45385,2.94071,0.39425,0.03037,33.3,NA,19.4,NA,0,NA,1.2035,0.86478,2.01662,0.74398,0.58746,3.34805,2.97017,2.08523,1.05787,0.82294,3.96603,3.3768,2025-09-18,6,6,1,24,1,0,24,2019-09-05,1,1,0,4,1,0,4,19,NA,0,0,0,0,"805 FLAGG CIRCLE,FLORENCE,AL,35631",34.8082,-87.687,NA,2026-06-01
015032,DIVERSICARE OF FOLEY,1701 NORTH ALSTON STREET,FOLEY,AL,36535,2519432781,010,Baldwin,Y,For profit - Corporation,154,121.5,NA,Medicare and Medicaid,N,DIVERSICARE OF FOLEY LLC,1973-09-01,DIVERSICARE HEALTHCARE,185,46,2.5,2.4,2.9,3.5,N,NA,N,Y,N,Resident,Yes,1,NA,1,NA,4,NA,5,NA,3,NA,3,NA,NA,NA,2.02609,0.80999,0.53545,1.34544,3.37153,2.98099,0.30457,0.01421,48.2,NA,40,NA,0,NA,1.31498,0.94488,2.20341,0.81289,0.64187,3.65817,3.24529,2.12932,0.85126,0.56273,3.54331,3.13287,2023-06-19,5,5,2,32,1,0,32,2019-10-10,3,2,1,95,1,0,95,47.75,NA,1,10065,0,1,"1701 NORTH ALSTON STREET,FOLEY,AL,36535",30.4269,-87.685,NA,2026-06-01
015034,"HUNTER CREEK HEALTH AND REHABILITATION, LLC",3200 HUNTER CREEK RD,NORTHPORT,AL,35473,2053395900,620,Tuscaloosa,Y,For profit - Limited Liability company,78,72.3,NA,Medicare and Medicaid,N,HUNTER CREEK HEALTH AND REHABILITATION LLC,1968-07-01,NHS MANAGEMENT,372,43,3,2.8,3.7,3.5,N,NA,N,Y,N,Resident,Yes,3,NA,3,NA,4,NA,3,NA,4,NA,4,NA,NA,NA,2.54293,0.61893,0.7553,1.37423,3.91716,3.27,0.41206,0.01282,46.7,NA,62.5,NA,0,NA,1.29198,0.92835,2.16487,0.79867,0.63065,3.59419,3.18853,2.72006,0.66204,0.80791,4.19002,3.49778,2022-04-14,1,1,0,16,1,0,16,2019-06-06,3,3,0,8,1,0,8,14,0,0,0,0,0,"3200 HUNTER CREEK RD,NORTHPORT,AL,35473",33.2375,-87.565,NA,2026-06-01
015035,WEST GATE VILLAGE,100 PINEVIEW AND THIRD,BREWTON,AL,36427,2518676077,260,Escambia,N,For profit - Corporation,125,94.6,NA,Medicare and Medicaid,N,"WEST GATE VILLAGE, LLC",1967-01-01,CROWNE HEALTH CARE,174,18,4.2,3.8,4.4,2.9,N,NA,N,Y,N,Both,Yes,5,NA,4,NA,3,NA,3,NA,3,NA,5,NA,NA,NA,3.25589,1.21774,0.69352,1.91126,5.16714,4.03279,0.15904,0.00469,29.5,NA,29.4,NA,0,NA,1.25275,0.90017,2.09914,0.77442,0.6115,3.48506,3.09171,3.59174,1.34335,0.76506,5.70015,4.44879,2022-03-09,0,0,0,0,0,0,0,2019-06-20,3,3,0,24,1,0,24,6,NA,0,0,0,0,"100 PINEVIEW AND THIRD,BREWTON,AL,36427",31.1079,-87.071,22,2026-06-01
015040,DIVERSICARE OF MONTGOMERY,2020 NORTH COUNTRY CLUB DRIVE,MONTGOMERY,AL,36106,3342631643,500,Montgomery,Y,For profit - Corporation,138,107.7,NA,Medicare and Medicaid,N,DIVERSICARE OF MONTGOMERY LLC,1979-07-17,DIVERSICARE HEALTHCARE,185,46,2.5,2.4,2.9,3.5,N,NA,N,Y,N,Resident,Yes,2,NA,2,NA,4,NA,5,NA,4,NA,3,NA,NA,NA,2.04288,0.48732,0.47691,0.96422,3.0071,2.57936,0.2964,0.03055,50,NA,28.6,NA,0,NA,1.22956,0.8835,2.06027,0.76009,0.60018,3.42054,3.03447,2.29611,0.54772,0.53602,3.37986,2.8991,2023-04-05,4,4,0,36,1,0,36,2021-07-22,2,2,0,20,1,0,20,32,0,0,0,0,0,"2020 NORTH COUNTRY CLUB DRIVE,MONTGOMERY,AL,36106",32.3595,-86.279,NA,2026-06-01
015042,"SUMTER HEALTH AND REHABILITATION, L L C",1505 EAST 4TH AVENUE,YORK,AL,36925,2053925281,590,Sumter,N,For profit - Corporation,125,102.3,NA,Medicare and Medicaid,N,"SUMTER HEALTH AND REHABILITATION, LLC",1967-01-16,NHS MANAGEMENT,372,43,3,2.8,3.7,3.5,N,NA,N,Y,N,Both,Yes,3,NA,3,NA,4,NA,5,NA,3,NA,4,NA,NA,NA,2.39661,0.55099,0.51367,1.06466,3.46127,3.13517,0.2887,0.0081,36.4,NA,18.2,NA,0,NA,1.14868,0.82539,1.92476,0.71009,0.5607,3.19555,2.83488,2.88335,0.6629,0.61799,4.16423,3.7719,2022-04-21,2,2,0,12,1,0,12,2019-09-05,2,2,0,20,1,0,20,14,NA,0,0,0,0,"1505 EAST 4TH AVENUE,YORK,AL,36925",32.4948,-88.286,NA,2026-06-01
015044,"CAREGIVERS OF PLEASANT GROVE, INC",700 FIRST AVENUE,PLEASANT GROVE,AL,35127,2057448120,360,Jefferson,Y,For profit - Corporation,64,53.3,NA,Medicare and Medicaid,N,CAREGIVERS OF PLEASANT GROVE INC,1967-01-13,NA,NA,NA,NA,NA,NA,NA,N,NA,N,Y,N,Resident,Yes,1,NA,2,NA,1,NA,1,NA,NA,2,2,NA,NA,NA,2.69037,0.6414,0.34664,0.98805,3.67841,3.17851,0.2278,0.00377,61.9,NA,62.5,NA,1,NA,1.23856,0.88997,2.07537,0.76566,0.60457,3.4456,3.05671,3.00188,0.71567,0.38678,4.10432,3.54654,2021-03-11,5,5,0,36,1,0,36,2020-01-15,2,2,0,20,1,0,20,32,NA,0,0,0,0,"700 FIRST AVENUE,PLEASANT GROVE,AL,35127",33.4878,-86.956,NA,2026-06-01
015045,EAMC LANIER NURSING HOME,4800 48TH STREET,VALLEY,AL,36854,3347561401,080,Chambers,N,Non profit - Corporation,103,86.7,NA,Medicare and Medicaid,N,THE EAST ALABAMA HEALTH CARE AUTHORITY,1977-05-01,NA,NA,NA,NA,NA,NA,NA,N,NA,N,Y,N,Both,Yes,3,NA,4,NA,3,NA,2,NA,3,NA,1,24,NA,NA,1.64464,0.41703,0.61186,1.02889,2.67353,2.3361,0.40869,0,35,NA,17.6,NA,0,NA,1.16284,0.83556,1.94849,0.71885,0.56761,3.23495,2.86983,1.95456,0.49562,0.72716,3.17734,2.77632,2021-08-19,1,1,0,0,0,0,0,2019-03-21,5,5,0,20,1,0,20,5,NA,0,0,0,0,"4800 48TH STREET,VALLEY,AL,36854",32.8251,-85.171,NA,2026-06-01
015047,"NORTHWAY HEALTH AND REHABILITATION, LLC",1424 NORTH 25TH STREET,BIRMINGHAM,AL,35234,2053285870,360,Jefferson,Y,For profit - Limited Liability company,113,107.3,NA,Medicare and Medicaid,N,"NORTHWAY HEALTH AND REHABILITATION, LLC",1976-11-01,NHS MANAGEMENT,372,43,3,2.8,3.7,3.5,N,NA,N,Y,N,Resident,Yes,2,NA,2,NA,4,NA,4,NA,NA,2,3,NA,NA,NA,2.91036,0.66372,0.31748,0.9812,3.89156,3.01145,0.12859,0.03592,47.7,NA,55.6,NA,0,NA,1.05785,0.76012,1.77255,0.65394,0.51636,2.94285,2.6107,3.80211,0.86708,0.41476,5.08395,3.93416,2024-04-17,6,6,6,28,1,0,28,2019-05-23,2,1,1,12,1,0,12,24,NA,0,0,0,0,"1424 NORTH 25TH STREET,BIRMINGHAM,AL,35234",33.5335,-86.809,NA,2026-06-01
015048,CULLMAN HEALTH CARE CENTER,1607 MAIN AVE NE,CULLMAN,AL,35055,2567348745,210,Cullman,N,For profit - Corporation,95,90.2,NA,Medicare and Medicaid,N,CULLMAN SNF OPERATIONS LLC,1971-02-01,VENZA CARE MANAGEMENT,614,22,2.4,2.5,3.3,2.4,N,NA,N,Y,N,Resident,Yes,2,NA,2,NA,2,NA,2,NA,1,NA,4,NA,NA,NA,2.46292,0.79548,0.92822,1.7237,4.18663,3.40897,0.5172,0.02051,52.4,NA,27.8,NA,1,NA,1.30908,0.94064,2.19353,0.80925,0.63899,3.64177,3.23074,2.60006,0.83978,0.97991,4.41975,3.59879,2023-10-19,5,5,0,32,1,0,32,2021-10-07,0,0,0,0,0,0,0,24,NA,1,26982,0,1,"1607 MAIN AVE NE,CULLMAN,AL,35055",34.1921,-86.847,NA,2026-06-01
015049,EASTERN SHORE REHABILITATION AND HEALTH CENTER,101 VILLA DRIVE,DAPHNE,AL,36526,2516214200,010,Baldwin,Y,Non profit - Corporation,117,98.2,NA,Medicare and Medicaid,N,NOLAND EASTERN SHORE LLC,1967-01-23,NOLAND HEALTH,374,10,2.7,2.4,4.1,3.3,N,NA,N,Y,N,Resident,Yes,3,NA,3,NA,3,NA,2,NA,5,NA,4,NA,NA,NA,2.47726,0.83425,0.74923,1.58347,4.06073,3.50862,0.55569,0.05378,50,NA,23.5,NA,1,NA,1.18388,0.85068,1.98374,0.73185,0.57788,3.29347,2.92175,2.89177,0.97384,0.87459,4.7402,4.0957,2021-03-26,3,3,0,16,1,0,16,2019-01-31,3,3,0,12,1,0,12,15,NA,0,0,0,0,"101 VILLA DRIVE,DAPHNE,AL,36526",30.613,-87.907,NA,2026-06-01
015050,STONEHAVEN HEALTH AND REHABILITATION CENTER,325 SELMA ROAD,BESSEMER,AL,35020,2054289383,360,Jefferson,Y,For profit - Limited Liability company,79,61.9,NA,Medicare and Medicaid,N,OAK CREST HEALTH & WELLNESS OPCO LLC,1967-01-24,ARABELLA HEALTHCARE MANAGEMENT,633,13,2.8,2.5,2.9,3.7,N,NA,N,Y,N,Resident,Yes,2,NA,1,NA,5,NA,5,NA,NA,2,2,NA,NA,NA,1.90093,0.82187,0.46037,1.28224,3.18317,2.75708,0.21398,0.05321,68.1,NA,80,NA,NA,26,1.15559,0.83035,1.93634,0.71436,0.56407,3.21477,2.85193,2.27333,0.98288,0.55055,3.80676,3.29719,2023-02-12,6,6,0,253,1,0,253,2019-10-16,1,1,0,4,1,0,4,190.75,NA,0,0,0,0,"325 SELMA ROAD,BESSEMER,AL,35020",33.4296,-86.942,NA,2026-06-01
015053,CLEBURNE COUNTY NURSING HOME,122 BROCKFORD ROAD,HEFLIN,AL,36264,2564632121,140,Cleburne,N,Government - County,82,74.4,NA,Medicare and Medicaid,N,"CLEBURNE COUNTY HOSPITAL BOARD, INC",1967-01-20,NA,NA,NA,NA,NA,NA,NA,N,NA,N,Y,N,Resident,Yes,5,NA,5,NA,3,NA,3,NA,3,NA,4,NA,NA,NA,2.65728,0.9578,0.55261,1.51042,4.1677,3.26054,0.21177,0.00584,45.1,NA,50,NA,1,NA,1.15249,0.82812,1.93114,0.71245,0.56256,3.20614,2.84428,3.1864,1.14852,0.66265,4.99757,3.90977,2022-03-11,0,0,0,0,0,0,0,2019-07-10,2,1,0,8,1,0,8,2,1,0,0,0,0,"122 BROCKFORD ROAD,HEFLIN,AL,36264",33.6363,-85.588,NA,2026-06-01
015060,NORTHGATE HEALTH AND REHABILITATION CENTER,4201 BESSEMER SUPER HIGHWAY,BESSEMER,AL,35020,2054283249,360,Jefferson,Y,For profit - Corporation,69,53.6,NA,Medicare and Medicaid,N,MAGNOLIA RIDGE REHABILITATION & SENIOR LIVING OPCO LLC,1967-02-02,ARABELLA HEALTHCARE MANAGEMENT,633,13,2.8,2.5,2.9,3.7,N,NA,N,N,N,Resident,Yes,2,NA,1,NA,5,NA,5,NA,NA,2,3,NA,NA,NA,1.88015,0.58458,0.93556,1.52015,3.40029,2.8639,0.5342,0.01528,81.7,NA,76.9,NA,NA,26,1.10016,0.79052,1.84346,0.6801,0.53701,3.06057,2.71513,2.36176,0.73433,1.17521,4.2713,3.59751,2025-01-09,2,2,0,20,1,0,20,2021-05-06,20,2,18,300,1,0,300,90,NA,3,17346,1,4,"4201 BESSEMER SUPER HIGHWAY,BESSEMER,AL,35020",33.4307,-86.941,NA,2026-06-01
015063,DIVERSICARE OF BOAZ,600 CORLEY AVENUE,BOAZ,AL,35957,2565938380,470,Marshall,N,For profit - Corporation,100,92,NA,Medicare and Medicaid,N,DIVERSICARE OF BOAZ LLC,1970-12-01,DIVERSICARE HEALTHCARE,185,46,2.5,2.4,2.9,3.5,N,NA,N,N,N,Both,Yes,2,NA,2,NA,4,NA,4,NA,4,NA,4,NA,NA,NA,1.72263,0.37986,0.98181,1.36167,3.0843,2.50925,0.56331,0.02906,51.3,NA,47.1,NA,0,NA,1.10401,0.79329,1.84991,0.68248,0.53889,3.07128,2.72463,2.15634,0.4755,1.229,3.86085,3.14103,2025-07-04,7,7,4,44,1,0,44,2019-09-19,1,1,0,16,1,0,16,37,NA,0,0,0,0,"600 CORLEY AVENUE,BOAZ,AL,35957",34.2199,-86.162,NA,2026-06-01
015065,"PRATTVILLE HEALTH AND REHABILITATION, LLC",601 JASMINE TRAIL,PRATTVILLE,AL,36066,3343652241,000,Autauga,Y,For profit - Corporation,162,158,NA,Medicare and Medicaid,N,PRATTVILLE HEALTH AND REHABILITATION LLC,1974-04-01,NHS MANAGEMENT,372,43,3,2.8,3.7,3.5,N,NA,N,Y,N,Resident,Yes,1,NA,1,NA,2,NA,2,NA,2,NA,4,NA,NA,NA,2.66874,0.82607,0.70132,1.5274,4.19614,3.7391200000000002,0.45403,0.02163,56.7,NA,37.5,NA,0,NA,1.22823,0.88255,2.05805,0.75927,0.59953,3.41684,3.0312,3.0028,0.92948,0.78911,4.72139,4.20717,2022-06-10,6,6,0,60,1,0,60,2019-11-07,9,9,0,40,1,0,40,55,NA,0,0,0,0,"601 JASMINE TRAIL,PRATTVILLE,AL,36066",32.4796,-86.429,NA,2026-06-01
015066,"TERRACE MANOR NURSING & REHABILITATION CENTER, INC",390 UNDERWOOD ROAD,RUSSELLVILLE,AL,35653,2563323826,290,Franklin,N,For profit - Corporation,63,55.3,NA,Medicare and Medicaid,N,"FRANKLIN LTC, LLC",1976-08-01,ADVANCED HEALTH CARE MANAGEMENT,12,6,3.3,3.3,3.7,3.7,N,NA,N,Y,N,Resident,Yes,5,NA,5,NA,4,NA,4,NA,5,NA,4,NA,NA,NA,2.01521,0.99527,0.70805,1.70332,3.71853,3.11006,0.29414,0.03542,44,NA,12.5,NA,0,NA,1.25114,0.89901,2.09645,0.77343,0.61071,3.48059,3.08775,2.22594,1.09934,0.78209,4.10737,3.43527,2021-08-26,0,0,0,0,0,0,0,2019-07-11,0,0,0,0,0,0,0,0,NA,0,0,0,0,"390 UNDERWOOD ROAD,RUSSELLVILLE,AL,35653",34.5129,-87.719,NA,2026-06-01
015067,COTTAGE OF THE SHOALS,500 JOHN ALDRIDGE DRIVE,TUSCUMBIA,AL,35674,2563834541,160,Colbert,Y,For profit - Corporation,103,84.1,NA,Medicare and Medicaid,N,SUNBRIDGE HEALTHCARE LLC,1972-01-01,GENESIS HEALTHCARE,237,187,2.4,2.3,2.5,3.6,N,NA,N,Y,N,Both,Yes,5,NA,4,NA,5,NA,5,NA,4,NA,2,NA,NA,NA,1.83947,0.72429,0.78158,1.50586,3.34533,2.8143,0.41282,0.03377,62.8,NA,63.6,NA,0,NA,1.48088,1.06409,2.4814,0.91545,0.72285,4.1197,3.65473,1.71661,0.67591,0.72938,3.1219,2.62633,2021-08-05,3,3,0,12,1,0,12,2019-05-14,1,1,0,4,1,0,4,10,NA,0,0,0,0,"500 JOHN ALDRIDGE DRIVE,TUSCUMBIA,AL,35674",34.7269,-87.679,NA,2026-06-01
015071,EVERSTEAD HEALTH AND REHABILITATION  CENTER,705 GANDY STREET NE,RUSSELLVILLE,AL,35653,2563323773,290,Franklin,N,For profit - Limited Liability company,50,45.6,NA,Medicare and Medicaid,N,ARABELLA HEALTH AND WELLNESS OF RUSSELLVILLE LLC,1967-03-03,ARABELLA HEALTHCARE MANAGEMENT,633,13,2.8,2.5,2.9,3.7,N,NA,N,Y,N,Resident,Yes,2,NA,3,NA,1,NA,2,NA,1,NA,4,NA,NA,NA,2.48242,0.67093,0.92157,1.5925,4.07492,3.30221,0.35939,0.00485,59.6,NA,36.4,NA,0,NA,1.24985,0.89808,2.09428,0.77263,0.61008,3.47699,3.08455,2.74484,0.74186,1.01899,4.50569,3.6513,2022-09-21,2,2,0,12,1,0,12,2019-08-19,2,2,0,20,1,0,20,14,NA,0,0,0,0,"705 GANDY STREET NE,RUSSELLVILLE,AL,35653",34.5101,-87.72,NA,2026-06-01
015073,"HANCEVILLE NURSING & REHAB CENTER, INC",420 MAIN STREET NE,HANCEVILLE,AL,35077,2563526481,210,Cullman,N,For profit - Limited Liability company,208,189.2,NA,Medicare and Medicaid,N,HANCEVILLE NURSING & REHAB CENTER INC.,1967-03-17,NA,NA,NA,NA,NA,NA,NA,N,NA,N,N,N,Resident,Yes,2,NA,1,NA,3,NA,3,NA,3,NA,5,NA,NA,NA,3.05207,0.83945,0.67962,1.51907,4.57114,3.77522,0.36331,0.02679,40,NA,23.5,NA,0,NA,1.28166,0.92094,2.14758,0.7923,0.62561,3.56549,3.16307,3.29094,0.90515,0.73281,4.92891,4.07069,2025-12-12,7,7,0,72,1,0,72,2019-10-03,1,1,0,4,1,0,4,55,NA,0,0,0,0,"420 MAIN STREET NE,HANCEVILLE,AL,35077",34.0618,-86.771,NA,2026-06-01
015075,"SUMMERFORD HEALTH AND REHAB, LLC",4087 HIGHWAY 31 SOUTHWEST,FALKVILLE,AL,35622,2567845275,510,Morgan,Y,For profit - Individual,216,135.7,NA,Medicare and Medicaid,N,SUMMERFORD HEALTH AND REHAB LLC,1967-04-19,NA,NA,NA,NA,NA,NA,NA,N,NA,N,Y,N,Resident,Yes,2,NA,2,NA,2,NA,3,NA,1,NA,2,NA,NA,NA,1.77594,0.78146,0.63763,1.41909,3.19503,2.81284,0.38454,0.05568,60,NA,53.6,NA,0,NA,1.28754,0.92517,2.15744,0.79593,0.62848,3.58185,3.17758,1.90619,0.83878,0.68439,3.42936,3.01914,2023-09-15,5,5,1,24,1,0,24,2019-11-07,9,5,4,72,1,0,72,36,NA,3,25568,0,3,"4087 HIGHWAY 31 SOUTHWEST,FALKVILLE,AL,35622",34.3852,-86.912,NA,2026-06-01
015076,FAIR HAVEN,1424 MONTCLAIR ROAD,BIRMINGHAM,AL,35210,2059564150,360,Jefferson,Y,Non profit - Corporation,259,238,NA,Medicare and Medicaid,N,METHODIST HOME FOR THE AGING,1967-03-07,NA,NA,NA,NA,NA,NA,NA,Y,NA,N,Y,N,Resident,Yes,3,NA,3,NA,4,NA,5,NA,3,NA,3,NA,NA,NA,3.17159,0.93357,0.29536,1.22893,4.40053,3.95623,0.11841,0.03646,59.3,NA,66.7,NA,0,NA,1.11518,0.80132,1.86863,0.68938,0.54435,3.10236,2.7522,3.93035,1.15691,0.36603,5.45329,4.9027,2021-06-17,3,3,0,16,1,0,16,2020-01-30,5,5,0,20,1,0,20,17,NA,10,31615,0,10,"1424 MONTCLAIR ROAD,BIRMINGHAM,AL,35210",33.5234,-86.727,NA,2026-06-01
015083,"ELBA NURSING AND REHABILITATION CENTER, LLC",987 DRAYTON STREET,ELBA,AL,36323,3348972257,150,Coffee,N,For profit - Corporation,111,81.4,NA,Medicare and Medicaid,N,ELBA NURSING AND REHABILITATION CENTER LLC,1967-05-25,NORBERT BENNETT & DONALD DENZ,771,27,1.8,2,2.6,2.3,N,NA,N,Y,N,Resident,Yes,1,NA,2,NA,1,NA,1,NA,1,NA,4,NA,NA,NA,2.26264,0.57564,0.87172,1.44736,3.71,2.98766,0.55144,0.021329999999999998,53.5,NA,41.2,NA,0,NA,1.13162,0.81313,1.89618,0.69955,0.55237,3.1481,2.79278,2.7632,0.70299,1.06457,4.53076,3.64862,2022-05-17,4,4,0,28,1,0,28,2021-07-08,4,4,0,16,1,0,16,25,NA,0,0,0,0,"987 DRAYTON STREET,ELBA,AL,36323",31.4291,-86.076,NA,2026-06-01
015084,PARK PLACE,100 PARK PLACE,SELMA,AL,36701,3348723471,230,Dallas,N,For profit - Corporation,103,97.8,NA,Medicare and Medicaid,N,DIVERSICARE OF SELMA LLC,1979-11-01,DIVERSICARE HEALTHCARE,185,46,2.5,2.4,2.9,3.5,N,NA,N,Y,N,None,Yes,3,NA,2,NA,5,NA,5,NA,5,NA,3,NA,NA,NA,2.32528,0.62701,0.4094,1.03641,3.36169,2.83036,0.12048,0.05121,26.7,NA,27.3,NA,0,NA,1.2958,0.9311,2.17128,0.80104,0.63251,3.60483,3.19796,2.47991,0.66871,0.43663,3.58525,3.01859,2022-04-06,5,5,0,32,1,0,32,2019-05-16,4,4,0,16,1,0,16,28,NA,0,0,0,0,"100 PARK PLACE,SELMA,AL,36701",32.3949,-87.07,NA,2026-06-01
015089,EVERGREEN NURSING HOME,100 SANDERS DRIVE,EVERGREEN,AL,36401,2515783783,170,Conecuh,N,For profit - Corporation,61,52.9,NA,Medicare and Medicaid,N,"EVERGREEN NURSING HOME, LLC",1967-10-17,CROWNE HEALTH CARE,174,18,4.2,3.8,4.4,2.9,N,NA,N,Y,N,Both,Yes,4,NA,4,NA,4,NA,3,NA,5,NA,4,NA,NA,NA,2.97301,1.2658,0.5202,1.786,4.75901,3.82833,0.15721,0.00559,29.5,NA,0,NA,0,NA,1.32458,0.95178,2.2195,0.81883,0.64656,3.68488,3.26898,3.10183,1.32065,0.54274,4.96522,3.99422,2020-03-12,2,2,0,8,1,0,8,2019-01-17,1,1,0,4,1,0,4,7,0,0,0,0,0,"100 SANDERS DRIVE,EVERGREEN,AL,36401",31.4221,-86.945,NA,2026-06-01
015091,PINE HILL REHABILITATION AND WELLNESS  CENTER,200 NORTH PINE HILL ROAD,BIRMINGHAM,AL,35217,2058492352,360,Jefferson,Y,For profit - Corporation,190,163.3,NA,Medicare and Medicaid,N,Legal Business Name Not Available,1968-07-01,NORBERT BENNETT & DONALD DENZ,771,27,1.8,2,2.6,2.3,N,NA,N,Y,N,Resident,Yes,1,NA,2,NA,2,NA,3,NA,2,NA,1,NA,NA,NA,2.11312,0.59733,0.2626,0.85992,2.97305,2.61481,0.21908,0.06031,71.5,NA,73.3,NA,2,NA,1.15747,0.83171,1.93949,0.71553,0.56499,3.22001,2.85658,2.52297,0.71318,0.31353,3.54969,3.12196,2024-03-07,10,10,1,40,1,0,40,2021-05-19,2,2,0,12,1,0,12,33,NA,0,0,0,0,"200 NORTH PINE HILL ROAD,BIRMINGHAM,AL,35217",33.6144,-86.768,NA,2026-06-01
015097,"SOUTH HEALTH AND REHABILITATION, LLC",1220 SOUTH 17TH STREET,BIRMINGHAM,AL,35205,2059332180,360,Jefferson,Y,For profit - Corporation,83,72.6,NA,Medicare and Medicaid,N,"SOUTH HEALTH AND REHABILITATION, LLC",1976-10-01,NHS MANAGEMENT,372,43,3,2.8,3.7,3.5,N,NA,N,Y,N,Resident,Yes,2,NA,2,NA,2,NA,2,NA,NA,2,3,NA,NA,NA,2.7703,0.66419,0.55456,1.21875,3.98905,2.96389,0.27134,0.01558,59.8,NA,54.5,NA,1,NA,1.24761,0.89647,2.09052,0.77124,0.60899,3.47075,3.07902,3.06866,0.73573,0.61428,4.41867,3.2831,2023-08-24,3,3,2,44,1,0,44,2021-07-29,1,1,0,4,1,0,4,34,NA,2,8569,1,3,"1220 SOUTH 17TH STREET,BIRMINGHAM,AL,35205",33.4969,-86.8,NA,2026-06-01
015098,ALLEN HEALTH AND REHABILITATION,735 SOUTH WASHINGTON AVENUE,MOBILE,AL,36603,2514332642,480,Mobile,Y,Non profit - Corporation,119,83.3,NA,Medicare and Medicaid,N,"NOLAND MANAGEMENT SERVICES, LLC",1973-05-05,NOLAND HEALTH,374,10,2.7,2.4,4.1,3.3,N,NA,N,Y,N,Both,Yes,3,NA,3,NA,4,NA,4,NA,NA,2,4,NA,NA,NA,2.03691,0.89845,0.66395,1.56239,3.5993,2.74134,0.30855,0.01403,58.9,NA,25,NA,0,NA,1.21167,0.87065,2.0303,0.74903,0.59144,3.37077,2.99032,2.32321,1.02473,0.75727,4.10521,3.12665,2020-02-21,2,2,0,8,1,0,8,2019-01-31,3,3,0,28,1,0,28,13,0,0,0,0,0,"735 SOUTH WASHINGTON AVENUE,MOBILE,AL,36603",30.6722,-88.052,NA,2026-06-01
015100,CROWNE HEALTH CARE OF MOBILE,954 NAVCO ROAD,MOBILE,AL,36605,2514738684,480,Mobile,Y,For profit - Corporation,148,131.6,NA,Medicare and Medicaid,N,"CROWNE HEALTH CARE OF MOBILE, LLC",1974-07-01,CROWNE HEALTH CARE,174,18,4.2,3.8,4.4,2.9,N,NA,N,Y,N,Both,Yes,3,NA,3,NA,1,NA,1,NA,2,NA,5,NA,NA,NA,2.71883,1.38714,0.61129,1.99843,4.71726,3.92974,0.31722,0.01226,30.2,NA,20,NA,0,NA,1.20171,0.86349,2.01362,0.74287,0.58658,3.34308,2.96576,3.12667,1.59522,0.70298,5.42487,4.51922,2019-09-19,4,4,0,16,1,0,16,2018-08-16,3,3,0,12,1,0,12,15,NA,0,0,0,0,"954 NAVCO ROAD,MOBILE,AL,36605",30.6526,-88.101,NA,2026-06-01
015101,ALTOONA  HEALTH & REHAB,6532 WALNUT GROVE ROAD,ALTOONA,AL,35952,2055896394,270,Etowah,Y,For profit - Corporation,50,47.6,NA,Medicare and Medicaid,N,"ALTOONA HEALTH & REHAB, INC.",1973-05-01,"TRINITY MANAGEMENT, INC.",527,5,4,3.2,4.2,4,N,NA,N,Y,N,Resident,Yes,4,NA,2,NA,5,NA,5,NA,NA,2,5,NA,NA,NA,2.25982,0.67368,0.68532,1.359,3.61882,3.23132,0.4278,0.00485,24.4,NA,20,NA,0,NA,1.15995,0.83349,1.94364,0.71706,0.5662,3.2269,2.86269,2.69236,0.80263,0.81649,4.31148,3.84981,2022-06-13,4,4,0,32,1,0,32,2020-02-27,3,1,2,12,1,0,12,27,2,0,0,0,0,"6532 WALNUT GROVE ROAD,ALTOONA,AL,35952",34.0348,-86.319,NA,2026-06-01
015103,"ASHLAND PLACE HEALTH AND REHABILITATION, LLC",148 TUSCALOOSA ST,MOBILE,AL,36607,2514715431,480,Mobile,Y,For profit - Corporation,164,143.6,NA,Medicare and Medicaid,N,"ASHLAND PLACE HEALTH AND REHABILITATION, LLC",1968-10-21,NHS MANAGEMENT,372,43,3,2.8,3.7,3.5,N,NA,N,Y,N,Resident,Yes,3,NA,3,NA,3,NA,4,NA,3,NA,4,NA,NA,NA,2.4502,0.76841,0.68952,1.45792,3.90813,3.35231,0.37449,0.02536,60.8,NA,46.4,NA,0,NA,1.22485,0.88012,2.05238,0.75718,0.59788,3.40744,3.02285,2.76452,0.86698,0.77797,4.40947,3.78235,2020-01-23,2,2,0,20,1,0,20,2018-11-29,4,4,0,16,1,0,16,19,NA,0,0,0,0,"148 TUSCALOOSA ST,MOBILE,AL,36607",30.6908,-88.088,NA,2026-06-01
015104,SOUTHLAND NURSING HOME,500 SHIVERS TERRACE,MARION,AL,36756,3346836141,520,Perry,N,For profit - Corporation,91,64.7,NA,Medicare and Medicaid,N,SOUTHLAND NURSING HOME LLC,1970-02-19,NA,NA,NA,NA,NA,NA,NA,N,NA,N,Y,N,Resident,Yes,5,NA,4,NA,5,NA,5,NA,NA,2,3,NA,NA,NA,2.44173,0.91569,0.55806,1.47374,3.91548,3.41116,0.24792,0.00748,NA,26,NA,26,NA,26,1.12797,0.81051,1.89006,0.69729,0.55059,3.13795,2.78378,2.99156,1.12188,0.68372,4.79717,4.17929,2021-04-22,2,2,0,8,1,0,8,2019-06-27,1,1,0,4,1,0,4,7,NA,1,5244,0,1,"500 SHIVERS TERRACE,MARION,AL,36756",32.6155,-87.306,NA,2026-06-01
015109,"CIVIC CENTER HEALTH AND REHABILITATION, LLC",1201 22ND STREET NORTH,BIRMINGHAM,AL,35234,2052515271,360,Jefferson,Y,For profit - Corporation,95,83.8,NA,Medicare and Medicaid,N,"CIVIC CENTER HEALTH AND REHABILITATION, LLC",1969-04-04,NHS MANAGEMENT,372,43,3,2.8,3.7,3.5,N,NA,N,Y,N,Resident,Yes,3,NA,2,NA,5,NA,5,NA,NA,2,4,NA,NA,NA,3.17855,0.37649,0.64718,1.02367,4.20222,3.37377,0.27787,0.00716,56,NA,57.1,NA,0,NA,1.08878,0.78235,1.82439,0.67306,0.53146,3.02892,2.68706,4.03447,0.47787,0.82146,5.3338,4.28226,2024-03-22,6,6,2,40,1,0,40,2021-06-10,1,1,0,4,1,0,4,31,NA,0,0,0,0,"1201 22ND STREET NORTH,BIRMINGHAM,AL,35234",33.5284,-86.811,NA,2026-06-01
015111,DIVERSICARE OF BIG SPRINGS,500 ST. CLAIR AVENUE SOUTHWEST,HUNTSVILLE,AL,35801,2565395111,440,Madison,Y,For profit - Corporation,145,126.6,NA,Medicare and Medicaid,N,DIVERSICARE OF BIG SPRINGS LLC,1978-11-01,DIVERSICARE HEALTHCARE,185,46,2.5,2.4,2.9,3.5,N,NA,N,Y,N,Resident,Yes,4,NA,4,NA,3,NA,4,NA,2,NA,3,NA,NA,NA,1.99127,0.41326,0.62147,1.03473,3.026,2.53589,0.34742,0.06923,43.6,NA,47.1,NA,0,NA,1.11076,0.79814,1.86122,0.68665,0.54219,3.09007,2.7413,2.47747,0.51416,0.77321,3.76484,3.15506,2022-01-27,2,2,0,8,1,0,8,2021-03-26,1,1,0,4,1,0,4,7,NA,0,0,0,0,"500 ST. CLAIR AVENUE SOUTHWEST,HUNTSVILLE,AL,35801",34.7217,-86.585,NA,2026-06-01
015112,MAGNOLIA HAVEN HEALTH AND REHABILITATION CENTER,603 WRIGHT STREET,TUSKEGEE,AL,36083,3347274960,430,Macon,Y,For profit - Corporation,111,87.6,NA,Medicare and Medicaid,N,MAGNOLIA HAVEN NURSING HOME LLC,1975-09-01,BALL HEALTHCARE SERVICES,66,10,2.8,2.7,3.4,2.8,N,NA,N,Y,N,Both,Yes,3,NA,3,NA,3,NA,3,NA,NA,2,3,NA,NA,NA,1.63618,0.56302,0.50906,1.07208,2.70826,2.33454,0.33326,0.00481,28.3,NA,33.3,NA,0,NA,1.19665,0.85986,2.00514,0.73975,0.58411,3.329,2.95327,1.88957,0.65022,0.58789,3.12768,2.69608,2023-07-19,5,5,0,20,1,0,20,2019-10-10,2,1,1,16,1,0,16,19,NA,0,0,0,0,"603 WRIGHT STREET,TUSKEGEE,AL,36083",32.4326,-85.692,NA,2026-06-01
015113,RIVER CITY CENTER,1350 FOURTEENTH AVENUE SOUTHEAST,DECATUR,AL,35601,2563556911,510,Morgan,Y,For profit - Corporation,183,155.3,NA,Medicare and Medicaid,N,SUNBRIDGE HEALTHCARE LLC,1969-10-08,GENESIS HEALTHCARE,237,187,2.4,2.3,2.5,3.6,N,NA,N,Y,N,Resident,Yes,1,NA,1,NA,4,NA,4,NA,3,NA,4,NA,NA,NA,1.7116,0.71843,0.87314,1.59157,3.30317,2.94058,0.63094,0.0346,54.8,NA,34.8,NA,0,NA,1.15282,0.82837,1.9317,0.71265,0.56272,3.20708,2.84511,2.05181,0.86124,1.0467,3.95975,3.52509,2021-04-29,6,6,0,60,1,0,60,2019-03-13,2,2,0,8,2,4,12,48,NA,0,0,0,0,"1350 FOURTEENTH AVENUE SOUTHEAST,DECATUR,AL,35601",34.5866,-86.97,NA,2026-06-01
015114,SHADESCREST HEALTH CARE CENTER,331 WEST 25TH STREET,JASPER,AL,35502,2053849086,630,Walker,Y,For profit - Individual,107,99.5,NA,Medicare and Medicaid,N,SHADESCREST HEALTH CARE CENTER,1970-12-29,NA,NA,NA,NA,NA,NA,NA,N,NA,N,Y,N,Both,Yes,1,NA,1,NA,3,NA,4,NA,2,NA,4,NA,NA,NA,2.39178,0.7993,0.58821,1.38751,3.7793,3.05479,0.35993000000000003,0.00604,40.2,NA,20,NA,0,NA,1.22948,0.88345,2.06015,0.76004,0.60014,3.42033,3.03429,2.68843,0.89844,0.66117,4.24804,3.4336700000000002,2024-02-09,13,13,0,60,1,0,60,2019-08-01,2,2,0,4,1,0,4,46,0,0,0,0,0,"331 WEST 25TH STREET,JASPER,AL,35502",33.8259,-87.278,NA,2026-06-01
015115,"CORDOVA HEALTH AND REHABILITATION, LLC",70 HIGHLAND STREET WEST,CORDOVA,AL,35550,2054839282,630,Walker,Y,For profit - Corporation,114,106,NA,Medicare and Medicaid,N,CORDOVA HEALTH AND REHABILITATION LLC,1971-04-01,NHS MANAGEMENT,372,43,3,2.8,3.7,3.5,N,NA,Y,N,N,Resident,Yes,1,NA,1,NA,3,NA,4,NA,2,NA,4,NA,NA,NA,2.77794,0.4788,0.57721,1.05601,3.83395,2.88966,0.21382,0.03858,54.1,NA,44.4,NA,1,NA,1.04046,0.74763,1.74343,0.64319,0.50788,2.8945,2.56781,3.68973,0.63596,0.76667,5.09236,3.83812,2024-11-20,9,9,9,202,1,0,202,2019-10-03,1,1,0,4,1,0,4,152.5,NA,1,76242,1,2,"70 HIGHLAND STREET WEST,CORDOVA,AL,35550",33.7616,-87.186,NA,2026-06-01
015116,ROCKET CITY REHABILITATION AND HEALTHCARE CENTER,105 TEAKWOOD DRIVE SW,HUNTSVILLE,AL,35801,2568815000,440,Madison,Y,For profit - Limited Liability company,159,121.1,NA,Medicare and Medicaid,N,WHITESBURG SNF OPERATIONS LLC,1972-09-01,VENZA CARE MANAGEMENT,614,22,2.4,2.5,3.3,2.4,N,NA,N,Y,N,Resident,Yes,1,NA,1,NA,3,NA,4,NA,3,NA,4,NA,NA,NA,2.33398,0.52571,1.32277,1.84848,4.18246,3.44773,1.06093,0.07353,69.5,NA,52.8,NA,0,NA,1.24204,0.89247,2.08118,0.7678,0.60627,3.45525,3.06527,2.59695,0.58494,1.4718,4.65369,3.83619,2023-02-26,12,12,0,523,1,0,523,2021-06-25,7,7,0,28,1,0,28,399.25,NA,0,0,0,0,"105 TEAKWOOD DRIVE SW,HUNTSVILLE,AL,35801",34.6973,-86.571,NA,2026-06-01
015117,"OAK KNOLL HEALTH AND REHABILITATION, LLC",824 SIXTH AVENUE WEST,BIRMINGHAM,AL,35204,2057872619,360,Jefferson,Y,For profit - Corporation,100,97.7,NA,Medicare and Medicaid,N,OAK KNOLL HEALTH AND REHABILITATION LLC,1972-09-13,NHS MANAGEMENT,372,43,3,2.8,3.7,3.5,N,NA,N,Y,N,Resident,Yes,3,NA,2,NA,5,NA,5,NA,NA,2,4,NA,NA,NA,2.70296,0.69609,0.50566,1.20175,3.90471,3.08106,0.27631,0.02983,50.5,NA,33.3,NA,1,NA,1.13694,0.81695,1.90508,0.70283,0.55497,3.16288,2.80589,3.28552,0.84612,0.61464,4.74627,3.74509,2021-03-18,6,6,0,40,1,0,40,2019-02-21,3,1,2,12,1,0,12,33,NA,0,0,0,0,"824 SIXTH AVENUE WEST,BIRMINGHAM,AL,35204",33.5106,-86.85,NA,2026-06-01
015119,BELLWAY HEALTH AND REHABILITATION CENTER,11 BELL ROAD,SELMA,AL,36701,3348747425,230,Dallas,N,For profit - Corporation,172,119.3,NA,Medicare and Medicaid,N,ARABELLA HEALTH & WELLNESS OF SELMA OPCO LLC,1973-03-13,ARABELLA HEALTHCARE MANAGEMENT,633,13,2.8,2.5,2.9,3.7,N,NA,Y,N,N,Both,Yes,2,NA,2,NA,4,NA,4,NA,3,NA,3,NA,NA,NA,1.85718,0.6935,0.48559,1.17909,3.03627,2.83991,0.25388,0.01107,48.5,NA,50,NA,0,NA,1.17959,0.8476,1.97655,0.7292,0.57579,3.28154,2.91116,2.17581,0.81248,0.56891,3.5572,3.32715,2024-07-15,6,6,4,44,1,0,44,2021-04-29,3,2,1,12,1,0,12,36,NA,1,203450,0,1,"11 BELL ROAD,SELMA,AL,36701",32.4262,-87.047,NA,2026-06-01
015120,"NHC HEALTHCARE, ANNISTON",2300 COLEMAN RD,ANNISTON,AL,36207,2568315730,070,Calhoun,Y,For profit - Limited Liability company,151,131.4,NA,Medicare and Medicaid,N,NHC HEALTHCARE-ANNISTON LLC,1973-06-12,NATIONAL HEALTHCARE CORPORATION,364,69,3.9,3.4,3.3,4.5,N,NA,Y,N,N,Resident,Yes,3,NA,2,NA,5,NA,5,NA,5,NA,4,NA,NA,NA,2.25477,0.45059,0.90304,1.35362,3.60839,3.16527,0.57493,0.07353,43.5,NA,26.9,NA,0,NA,1.35081,0.97063,2.26346,0.83505,0.65937,3.75787,3.33373,2.30678,0.46098,0.92387,3.69163,3.23828,2024-10-26,6,6,6,56,1,0,56,2019-11-14,1,1,0,4,1,0,4,43,NA,1,11057,0,1,"2300 COLEMAN RD,ANNISTON,AL,36207",33.6315,-85.803,NA,2026-06-01
015121,CROWNE HEALTH CARE OF CITRONELLE,19225 NORTH 4TH STREET,CITRONELLE,AL,36522,2518665509,480,Mobile,Y,For profit - Corporation,69,64.8,NA,Medicare and Medicaid,N,CROWNE HEALTH CARE OF CITRONELLE LLC,1977-07-01,CROWNE HEALTH CARE,174,18,4.2,3.8,4.4,2.9,N,NA,N,Y,N,Resident,Yes,5,NA,5,NA,3,NA,3,NA,NA,2,4,NA,NA,NA,2.86951,0.93341,0.53103,1.46444,4.33395,3.63119,0.25403,0.00986,38,NA,40,NA,0,NA,1.23813,0.88966,2.07464,0.76539,0.60436,3.44438,3.05563,3.20289,1.04186,0.59272,4.83746,4.05306,2023-06-09,0,0,0,0,0,0,0,2021-08-06,0,0,0,0,0,0,0,0,NA,0,0,0,0,"19225 NORTH 4TH STREET,CITRONELLE,AL,36522",31.0913,-88.242,NA,2026-06-01
015123,WASHINGTON COUNTY NURSING HOME,14600 ST STEPHENS AVENUE,CHATOM,AL,36518,2518476412,640,Washington,N,Government - County,88,77.5,NA,Medicare and Medicaid,Y,"WASHINGTON COUNTY HEALTHCARE AUTHORITY, INC",1975-01-01,NA,NA,NA,NA,NA,NA,NA,N,NA,N,Y,N,Resident,Yes,5,NA,5,NA,5,NA,5,NA,NA,2,5,NA,NA,NA,2.75709,0.96334,0.66245,1.62579,4.38287,3.64527,0.13943,0.03294,27.2,NA,0,NA,0,NA,1.25078,0.89875,2.09583,0.7732,0.61053,3.47957,3.08684,3.04628,1.06439,0.73193,4.84261,4.02764,2021-06-10,0,0,0,0,0,0,0,2019-02-28,0,0,0,0,0,0,0,0,NA,0,0,0,0,"14600 ST STEPHENS AVENUE,CHATOM,AL,36518",31.4603,-88.235,NA,2026-06-01
015124,CLAY COUNTY NURSING HOME,83825 HIGHWAY 9,ASHLAND,AL,36251,2563542131,130,Clay,N,Non profit - Other,83,73,NA,Medicare and Medicaid,Y,CLAY COUNTY HEALTHCARE AUTHORITY,1974-12-01,NA,NA,NA,NA,NA,NA,NA,N,NA,N,Y,N,Both,Yes,4,NA,4,NA,2,NA,2,NA,NA,2,4,NA,NA,NA,2.29056,0.85854,0.60563,1.46417,3.75473,3.14615,0.32499,0,44.3,NA,30,NA,NA,26,1.12771,0.81032,1.88962,0.69713,0.55046,3.13722,2.78313,2.80701,1.05211,0.74218,4.60129,3.8555,2022-03-16,2,2,0,4,1,0,4,2019-05-16,2,2,0,16,1,0,16,7,NA,0,0,0,0,"83825 HIGHWAY 9,ASHLAND,AL,36251",33.2767,-85.823,NA,2026-06-01
015126,TRAYLOR RETIREMENT COMMUNITY,1235 YANCEY STREET,ROANOKE,AL,36274,3348633500,550,Randolph,N,For profit - Corporation,123,71.7,NA,Medicare and Medicaid,N,"RANDOLPH MANAGEMENT COMPANY, INC.",1975-08-01,TRAYLOR PORTER HEALTHCARE,782,5,3,2,4.2,4,N,NA,N,N,N,Resident,Yes,4,NA,2,NA,5,NA,5,NA,5,NA,5,NA,NA,NA,2.548,0.74811,0.88672,1.63483,4.18284,3.62642,0.62528,0.02968,41.2,NA,15.8,NA,0,NA,1.10542,0.7943,1.85227,0.68335,0.53958,3.0752,2.72811,3.18546,0.93527,1.10856,5.2293,4.53367,2025-12-04,5,5,0,44,1,0,44,2019-09-26,2,2,0,32,1,0,32,41,NA,0,0,0,0,"1235 YANCEY STREET,ROANOKE,AL,36274",33.1603,-85.376,NA,2026-06-01
015127,BROOKSHIRE HEALTHCARE CENTER,4320 JUDITH LANE,HUNTSVILLE,AL,35805,2568371730,440,Madison,Y,For profit - Corporation,129,117.2,NA,Medicare and Medicaid,N,BROOKSHIRE SNF OPERATIONS LLC,1975-11-01,VENZA CARE MANAGEMENT,614,22,2.4,2.5,3.3,2.4,N,NA,N,Y,N,Both,Yes,3,NA,3,NA,2,NA,1,NA,3,NA,4,NA,NA,NA,2.61469,0.59269,0.81935,1.41204,4.02673,3.29319,0.60813,0.08163,49.7,NA,32.1,NA,0,NA,1.21197,0.87087,2.03081,0.74922,0.59159,3.37162,2.99108,2.98145,0.67583,0.93427,4.59155,3.75512,2022-03-17,5,5,0,20,1,0,20,2019-05-21,2,2,0,8,1,0,8,17,NA,0,0,0,0,"4320 JUDITH LANE,HUNTSVILLE,AL,35805",34.7154,-86.63,NA,2026-06-01
015128,"NHC HEALTHCARE, MOULTON",300 HOSPITAL STREET,MOULTON,AL,35650,2569741146,390,Lawrence,Y,For profit - Corporation,136,109.3,NA,Medicare and Medicaid,N,NHC HEALTHCARE-MOULTON LLC,1977-09-01,NATIONAL HEALTHCARE CORPORATION,364,69,3.9,3.4,3.3,4.5,N,NA,N,Y,N,Resident,Yes,5,NA,4,NA,5,NA,5,NA,5,NA,3,NA,NA,NA,2.46367,0.73944,0.67433,1.41377,3.87744,3.40335,0.36162,0.02455,50.8,NA,38.1,NA,0,NA,1.42908,1.02687,2.39461,0.88343,0.69757,3.97561,3.5269,2.38245,0.71506,0.6521,3.74962,3.29116,2019-11-06,2,2,0,8,1,0,8,2018-09-19,2,2,0,8,1,0,8,8,NA,0,0,0,0,"300 HOSPITAL STREET,MOULTON,AL,35650",34.4837,-87.286,NA,2026-06-01
015129,ATMORE NURSING CENTER,715 EAST LAUREL STREET,ATMORE,AL,36502,2513689121,260,Escambia,N,For profit - Corporation,100,83.2,NA,Medicare and Medicaid,N,"ATMORE NURSING CENTER, LLC",1975-10-01,CROWNE HEALTH CARE,174,18,4.2,3.8,4.4,2.9,N,NA,N,Y,N,Resident,Yes,5,NA,5,NA,4,NA,3,NA,4,NA,4,NA,NA,NA,3.0768,0.81859,0.6301,1.44869,4.52549,3.96989,0.39836,0.00636,54.2,NA,40,NA,0,NA,1.24002,0.89102,2.07781,0.76656,0.60529,3.44966,3.06031,3.42901,0.9123,0.70223,5.04354,4.42433,2021-05-27,0,0,0,0,0,0,0,2019-04-18,0,0,0,0,0,0,0,0,NA,0,0,0,0,"715 EAST LAUREL STREET,ATMORE,AL,36502",31.0161,-87.476,NA,2026-06-01
015132,DIVERSICARE OF OXFORD,1130 SOUTH HALE STREET,OXFORD,AL,36203,2568310481,070,Calhoun,Y,For profit - Corporation,173,112.8,NA,Medicare and Medicaid,N,DIVERSICARE OF OXFORD LLC,1975-12-01,DIVERSICARE HEALTHCARE,185,46,2.5,2.4,2.9,3.5,N,NA,N,N,N,Resident,Yes,1,NA,1,NA,3,NA,4,NA,3,NA,3,NA,NA,NA,2.29299,0.53208,0.47495,1.00703,3.30002,2.79843,0.21141,0.01572,47.1,NA,63.2,NA,3,NA,1.08509,0.77969,1.8182,0.67078,0.52966,3.01864,2.67794,2.92036,0.67766,0.60489,4.20292,3.56409,2026-04-09,8,8,8,189,0,0,189,2019-11-26,6,6,0,32,1,0,32,149.75,NA,1,111900,0,1,"1130 SOUTH HALE STREET,OXFORD,AL,36203",33.6086,-85.83,NA,2026-06-01
015133,MAGNOLIA RIDGE,420 DEAN DRIVE,GARDENDALE,AL,35071,2056318709,360,Jefferson,Y,For profit - Corporation,148,42.3,NA,Medicare and Medicaid,N,"SUNBRIDGE GARDENDALE HEALTH CARE CENTER, LLC",1976-01-16,GENESIS HEALTHCARE,237,187,2.4,2.3,2.5,3.6,N,SFF Candidate,Y,N,N,Both,Yes,1,NA,1,NA,3,NA,3,NA,3,NA,4,NA,NA,NA,3.55068,1.44443,0.82245,2.26689,5.81757,4.91602,0.38097,0.10877,62.2,NA,94.4,NA,1,NA,1.3127,0.94324,2.19959,0.81148,0.64076,3.65183,3.23966,3.73807,1.52066,0.86586,6.12459,5.17546,2025-03-19,30,15,30,1465,1,0,1465,2019-12-05,8,8,3,174,1,0,174,1142.25,NA,1,392125,0,1,"420 DEAN DRIVE,GARDENDALE,AL,35071",33.65,-86.798,NA,2026-06-01
015134,BIRMINGHAM NURSING AND REHABILITATION CENTER EAST,733 MARY VANN LANE,BIRMINGHAM,AL,35215,2058541361,360,Jefferson,Y,For profit - Limited Liability company,132,118.6,NA,Medicare and Medicaid,N,Legal Business Name Not Available,1976-03-01,NORBERT BENNETT & DONALD DENZ,771,27,1.8,2,2.6,2.3,N,NA,N,Y,N,Resident,Yes,2,NA,1,NA,5,NA,5,NA,NA,2,1,NA,NA,NA,1.4899,0.73812,0.28971,1.02783,2.51773,2.17007,0.19691,0.05791,64,NA,58.3,NA,0,NA,1.14787,0.8248,1.92339,0.70959,0.5603,3.19328,2.8328700000000002,1.79376,0.88866,0.3488,3.03122,2.61266,2024-05-13,7,7,7,379,1,0,379,2021-04-20,4,2,2,16,1,0,16,288.25,NA,5,24834,1,6,"733 MARY VANN LANE,BIRMINGHAM,AL,35215",33.6347,-86.665,NA,2026-06-01
015135,JOHN KNOX MANOR INC  I I,4401 NARROW LANE ROAD,MONTGOMERY,AL,36116,3342816336,500,Montgomery,Y,Non profit - Corporation,98,62.2,NA,Medicare and Medicaid,N,JOHN KNOX MANOR INC II,1976-05-10,NA,NA,NA,NA,NA,NA,NA,N,NA,N,Y,N,Resident,Yes,1,NA,3,NA,1,NA,1,NA,NA,2,1,25,25,6,NA,NA,NA,NA,NA,NA,NA,NA,54.7,NA,70,NA,2,NA,NA,NA,NA,NA,NA,NA,NA,NA,NA,NA,NA,NA,2024-01-04,3,3,0,24,1,0,24,2019-10-10,0,0,0,0,0,0,0,18,NA,0,0,0,0,"4401 NARROW LANE ROAD,MONTGOMERY,AL,36116",32.3229,-86.282,NA,2026-06-01
015136,FALKVILLE REHABILITATION AND HEALTHCARE CENTER,10 WEST 3RD STREET,FALKVILLE,AL,35622,2567845291,510,Morgan,Y,For profit - Limited Liability company,116,97.8,NA,Medicare and Medicaid,N,FALKVILLE SNF OPERATIONS LLC,1976-05-01,VENZA CARE MANAGEMENT,614,22,2.4,2.5,3.3,2.4,N,SFF Candidate,N,N,N,Resident,Yes,1,NA,1,NA,3,NA,3,NA,2,NA,4,NA,NA,NA,2.80428,0.75039,0.65088,1.40127,4.20555,3.71268,0.48223,0.04598,44.2,NA,41.7,NA,2,NA,1.28987,0.92684,2.16134,0.79737,0.62962,3.58833,3.18333,3.00452,0.80397,0.69735,4.50584,3.97778,2025-09-02,20,20,2,518,1,0,518,2019-09-26,12,3,9,746,1,0,746,575,NA,2,146615,1,3,"10 WEST 3RD STREET,FALKVILLE,AL,35622",34.3687,-86.91,NA,2026-06-01
015137,ALICEVILLE MANOR NURSING HOME,703 17TH STREET NORTHWEST,ALICEVILLE,AL,35442,2053736307,530,Pickens,Y,For profit - Corporation,100,89.9,NA,Medicare and Medicaid,N,"ALICEVILLE MANOR NURSING HOME, INC",1977-01-01,"TRINITY MANAGEMENT, INC.",527,5,4,3.2,4.2,4,N,NA,N,Y,N,Resident,Yes,5,NA,4,NA,4,NA,5,NA,2,NA,5,NA,NA,NA,2.56542,0.55947,0.74164,1.30111,3.86653,3.32518,0.38321,0.00551,40.5,NA,31.3,NA,0,NA,1.13779,0.81756,1.90651,0.70336,0.55538,3.16525,2.808,3.11599,0.67954,0.90081,4.69633,4.0388,2023-06-27,1,1,0,4,1,0,4,2019-09-26,2,2,0,20,1,0,20,8,NA,0,0,0,0,"703 17TH STREET NORTHWEST,ALICEVILLE,AL,35442",33.1355,-88.168,NA,2026-06-01
015138,HENDRIX HEALTH AND REHABILITATION,1000 HIGHWAY 33,DOUBLE SPRINGS,AL,35553,2054892136,660,Winston,N,For profit - Individual,110,100.2,NA,Medicare and Medicaid,N,"HENDRIX HEALTH CARE CENTER, INC.",1979-10-01,NA,NA,NA,NA,NA,NA,NA,N,NA,N,Y,N,Resident,Yes,2,NA,2,NA,3,NA,4,NA,2,NA,3,NA,NA,NA,2.40632,0.8725,0.51872,1.39122,3.79754,3.12059,0.32258,0.03594,50,NA,50,NA,NA,26,1.27951,0.91939,2.14397,0.79097,0.62456,3.5595,3.15775,2.59903,0.94237,0.56026,4.10166,3.37049,2023-09-07,3,3,0,36,1,0,36,2019-10-29,2,2,0,20,1,0,20,32,NA,0,0,0,0,"1000 HIGHWAY 33,DOUBLE SPRINGS,AL,35553",34.1697,-87.403,NA,2026-06-01
015139,"TALLASSEE HEALTH AND REHABILITATION, LLC",2639 GILMER AVENUE,TALLASSEE,AL,36078,3342833975,250,Elmore,Y,For profit - Limited Liability company,111,99.8,NA,Medicare and Medicaid,N,"TALLASSEE HEALTH AND REHABILITATION, LLC",1976-04-01,NHS MANAGEMENT,372,43,3,2.8,3.7,3.5,N,NA,N,Y,N,Resident,Yes,2,NA,2,NA,3,NA,4,NA,3,NA,3,NA,NA,NA,2.63718,0.75445,0.5802,1.33465,3.97183,3.02229,0.30271,0.00632,60.2,NA,63.6,NA,1,NA,1.15567,0.83041,1.93646,0.71441,0.56411,3.21498,2.85212,3.1536,0.90219,0.69382,4.74961,3.61413,2022-11-03,7,7,0,52,1,0,52,2019-10-17,3,1,2,12,1,0,12,42,NA,0,0,0,0,"2639 GILMER AVENUE,TALLASSEE,AL,36078",32.5699,-85.938,NA,2026-06-01
015141,ARBOR WOODS HEALTH AND REHAB,515 2ND AVENUE NORTHWEST,REFORM,AL,35481,2053756379,530,Pickens,Y,For profit - Partnership,85,50.6,NA,Medicare and Medicaid,N,ARBOR WOODS HEALTH AND REHAB LLC,1976-05-01,TRAYLOR PORTER HEALTHCARE,782,5,3,2,4.2,4,N,NA,N,Y,N,Resident,Yes,5,NA,3,NA,5,NA,5,NA,5,NA,5,NA,NA,NA,3.77887,0.66287,0.76217,1.42504,5.20391,4.31548,0.49577,0.00403,50.8,NA,40,NA,0,NA,1.10687,0.79535,1.8547,0.68425,0.54029,3.07924,2.7317,4.71807,0.82762,0.9516,6.4973,5.38805,2022-05-05,1,1,0,16,1,0,16,2019-07-25,0,0,0,0,0,0,0,12,NA,0,0,0,0,"515 2ND AVENUE NORTHWEST,REFORM,AL,35481",33.3818,-88.02,NA,2026-06-01
015142,"LINEVILLE HEALTH AND REHABILITATION, LLC",88073 HIGHWAY 9,LINEVILLE,AL,36266,2563962104,130,Clay,N,For profit - Corporation,101,90.9,NA,Medicare and Medicaid,N,"LINEVILLE HEALTH AND REHABILITATION, LLC",1976-08-13,NHS MANAGEMENT,372,43,3,2.8,3.7,3.5,N,NA,N,Y,N,Resident,Yes,5,NA,5,NA,3,NA,3,NA,3,NA,3,NA,NA,NA,2.82262,0.83017,0.41571,1.24588,4.0685,3.39996,0.19574,0.01361,52.1,NA,58.3,NA,0,NA,1.18325,0.85023,1.98268,0.73146,0.57757,3.29171,2.92019,3.29668,0.9696,0.48552,4.7518,3.97098,2021-07-22,0,0,0,0,0,0,0,2019-06-13,1,1,0,4,1,0,4,1,NA,0,0,0,0,"88073 HIGHWAY 9,LINEVILLE,AL,36266",33.3036,-85.759,NA,2026-06-01
015143,FOREST MANOR HEALTH AND REHAB,2215 32ND STREET,NORTHPORT,AL,35476,2053395400,620,Tuscaloosa,Y,For profit - Limited Liability company,182,155.5,NA,Medicare and Medicaid,N,2215 NORTHPORT OPCO LLC,1976-08-01,VENZA CARE MANAGEMENT,614,22,2.4,2.5,3.3,2.4,N,NA,N,Y,N,Both,Yes,3,NA,3,NA,3,NA,2,NA,4,NA,4,NA,NA,NA,2.13403,0.67626,0.72012,1.39638,3.53041,3.05066,0.5537,0.04777,43.6,NA,32,NA,0,NA,1.26406,0.9083,2.1181,0.78142,0.61702,3.51654,3.11964,2.33309,0.73934,0.78729,3.85972,3.33522,2021-05-13,2,2,0,20,1,0,20,2019-04-11,6,5,1,32,1,0,32,23,0,0,0,0,0,"2215 32ND STREET,NORTHPORT,AL,35476",33.2388,-87.579,NA,2026-06-01
015144,THE HEALTHCARE CENTER AT BUCK CREEK,"850 9TH STREET, NORTHWEST",ALABASTER,AL,35007,2056633859,580,Shelby,Y,For profit - Limited Liability company,198,186.1,NA,Medicare and Medicaid,N,"ALABASTER OPCO, LLC",1976-06-01,NA,NA,NA,NA,NA,NA,NA,N,NA,N,Y,N,Resident,Yes,3,NA,3,NA,3,NA,5,NA,1,NA,2,NA,NA,NA,2.30043,0.96625,0.27457,1.24081,3.54125,3.21044,0.27271,1.6e-4,44.8,NA,65.2,NA,NA,26,1.23167,0.88502,2.06382,0.76139,0.60121,3.42642,3.03969,2.58116,1.08416,0.30807,3.97339,3.60222,2024-01-25,3,3,3,8,1,0,8,2022-10-14,9,3,6,68,1,0,68,23,NA,2,16801,1,3,"850 9TH STREET, NORTHWEST,ALABASTER,AL,35007",33.2537,-86.827,NA,2026-06-01
015145,DIVERSICARE OF RIVERCHASE,2500 RIVERHAVEN DRIVE,BIRMINGHAM,AL,35244,2059870901,360,Jefferson,Y,For profit - Corporation,132,123.9,NA,Medicare and Medicaid,N,DIVERSICARE OF RIVERCHASE LLC,1979-12-01,DIVERSICARE HEALTHCARE,185,46,2.5,2.4,2.9,3.5,N,NA,N,Y,N,Resident,Yes,4,NA,3,NA,5,NA,5,NA,3,NA,2,NA,NA,NA,2.11512,0.54329,0.46321,1.0065,3.12162,2.79679,0.26504,0.01961,NA,26,NA,26,1,NA,1.14415,0.82213,1.91717,0.70729,0.55849,3.18295,2.8237,2.55476,0.65621,0.5595,3.77047,3.37812,2021-07-01,1,1,0,4,1,0,4,2019-10-03,7,7,0,48,1,0,48,15,NA,0,0,0,0,"2500 RIVERHAVEN DRIVE,BIRMINGHAM,AL,35244",33.3767,-86.788,NA,2026-06-01
015147,GLENWOOD CENTER,211 ANA DRIVE,FLORENCE,AL,35630,2567668963,380,Lauderdale,Y,For profit - Corporation,125,102.7,NA,Medicare and Medicaid,N,211 213 ANA DRIVE OPERATIONS LLC,1976-12-07,GENESIS HEALTHCARE,237,187,2.4,2.3,2.5,3.6,N,NA,N,Y,N,Both,Yes,1,NA,1,NA,3,NA,5,NA,1,NA,2,NA,NA,NA,1.80027,0.63219,0.68393,1.31612,3.11639,2.75683,0.32899,0.02141,51.1,NA,23.5,NA,0,NA,1.4341,1.03048,2.40302,0.88653,0.70002,3.98957,3.53928,1.73483,0.60921,0.65907,3.00311,2.65662,2024-02-28,11,11,5,68,1,0,68,2020-01-23,1,1,0,16,1,0,16,55,NA,0,0,0,0,"211 ANA DRIVE,FLORENCE,AL,35630",34.8334,-87.632,NA,2026-06-01
015148,DIVERSICARE OF ARAB,235 THIRD STREET SE,ARAB,AL,35016,2565863111,470,Marshall,N,For profit - Limited Liability company,87,82.4,NA,Medicare and Medicaid,N,DIVERSICARE OF ARAB LLC,1977-03-01,DIVERSICARE HEALTHCARE,185,46,2.5,2.4,2.9,3.5,N,NA,N,Y,N,Resident,Yes,3,NA,2,NA,5,NA,5,NA,5,NA,4,NA,NA,NA,2.10391,0.37457,0.66475,1.03931,3.14323,2.66755,0.43088,0.01932,36.1,NA,33.3,NA,1,NA,1.15654,0.83103,1.93792,0.71495,0.56453,3.2174,2.85427,2.51402,0.44758,0.79432,3.75592,3.18752,2021-04-15,6,6,0,56,1,0,56,2019-02-06,1,1,0,4,1,0,4,43,NA,0,0,0,0,"235 THIRD STREET SE,ARAB,AL,35016",34.313,-86.493,NA,2026-06-01
015149,SUNSET MANOR,251 SUNSET PLACE,GUIN,AL,35563,2054683331,460,Marion,N,For profit - Corporation,71,59.5,NA,Medicare and Medicaid,N,SOUTHERN CARE LLC,1977-02-01,NA,NA,NA,NA,NA,NA,NA,N,NA,N,Y,N,Resident,Yes,3,NA,3,NA,3,NA,3,NA,3,NA,4,NA,NA,NA,2.38064,0.56265,1.03692,1.59957,3.98021,3.31475,0.68119,0.00718,25.4,NA,25,NA,NA,26,1.23138,0.88481,2.06333,0.76121,0.60107,3.42561,3.03898,2.67178,0.63146,1.16373,4.46697,3.72013,2023-07-27,2,2,0,12,1,0,12,2019-09-26,3,3,0,36,1,0,36,18,NA,0,0,0,0,"251 SUNSET PLACE,GUIN,AL,35563",33.97,-87.917,NA,2026-06-01
015150,WIREGRASS REHABILITATION CENTER & NURSING HOME,1200 MAPLE AVENUE WEST,GENEVA,AL,36340,3346843655,300,Geneva,Y,Government - County,96,65.7,NA,Medicare and Medicaid,Y,GENEVA COUNTY HEALTHCARE AUTHORITY INC,1977-04-01,NA,NA,NA,NA,NA,NA,NA,N,NA,N,Y,N,Both,Yes,4,NA,3,NA,4,NA,4,NA,NA,2,5,NA,NA,NA,2.30644,0.84149,0.61294,1.45443,3.76087,3.24808,0.22838,0.01738,34.3,NA,30,NA,0,NA,1.07177,0.77012,1.79588,0.66255,0.52316,2.98158,2.64506,2.974,1.08505,0.79034,4.84939,4.18819,2022-03-24,2,2,0,20,1,0,20,2020-01-09,3,3,0,24,1,0,24,21,NA,0,0,0,0,"1200 MAPLE AVENUE WEST,GENEVA,AL,36340",31.0449,-85.841,NA,2026-06-01
015151,CAMELLIA HEALTH AND REHABILITATION CENTER,1758 SPRINGHILL AVE,MOBILE,AL,36607,2514790551,480,Mobile,Y,For profit - Limited Liability company,170,97.9,NA,Medicare and Medicaid,N,ARABELLA HEALTH & WELLNESS OF MOBILE OPCO LLC,1977-01-21,ARABELLA HEALTHCARE MANAGEMENT,633,13,2.8,2.5,2.9,3.7,N,NA,N,Y,N,Resident,Yes,3,NA,3,NA,4,NA,5,NA,2,NA,3,NA,NA,NA,2.37189,0.52123,0.81308,1.33431,3.7062,3.30581,0.54694,0.01264,67.3,NA,69.6,NA,2,NA,1.20908,0.86879,2.02597,0.74743,0.59018,3.36358,2.98395,2.71105,0.59576,0.92935,4.23617,3.77852,2022-01-07,2,2,0,20,1,0,20,2019-05-02,2,2,0,8,1,0,8,17,NA,0,0,0,0,"1758 SPRINGHILL AVE,MOBILE,AL,36607",30.6919,-88.083,NA,2026-06-01
015152,EXTENDICARE HEALTH AND REHAB,950 SOUTH ST. ANDREWS STREET,DOTHAN,AL,36302,3347931177,340,Houston,Y,For profit - Corporation,170,160.6,NA,Medicare and Medicaid,N,"NOLAND EXTENDICARE, LLC",1978-04-18,NOLAND HEALTH,374,10,2.7,2.4,4.1,3.3,N,NA,N,Y,N,Resident,Yes,2,NA,2,NA,4,NA,4,NA,4,NA,4,NA,NA,NA,2.99929,1.13311,0.64103,1.77414,4.77343,3.94184,0.44946,0.02501,49.3,NA,55.9,NA,0,NA,1.25788,0.90385,2.10773,0.77759,0.614,3.49932,3.10436,3.29519,1.2449,0.70427,5.24436,4.33073,2022-06-18,4,4,0,32,1,0,32,2019-07-18,4,4,0,40,1,0,40,34,NA,0,0,0,0,"950 SOUTH ST. ANDREWS STREET,DOTHAN,AL,36302",31.2112,-85.39,NA,2026-06-01
015153,ARLINGTON REHABILITATION & HEALTHCARE CENTER,"1020 TUSCALOOSA AVENUE, SW",BIRMINGHAM,AL,35211,2057886330,360,Jefferson,Y,For profit - Corporation,117,105.8,NA,Medicare and Medicaid,N,"ARLINGTON REHABILITATION & HEALTHCARE CENTER, LLC",1977-04-01,BALL HEALTHCARE SERVICES,66,10,2.8,2.7,3.4,2.8,N,NA,N,Y,N,Both,Yes,4,NA,4,NA,2,NA,3,NA,1,NA,2,NA,NA,NA,2.38392,0.64394,0.49563,1.13956,3.52348,3.05997,0.30747,0.08203,47.6,NA,35.7,NA,NA,26,1.51991,1.0921400000000001,2.5468,0.93958,0.74191,4.22828,3.75105,2.16757,0.5855,0.45065,3.20372,2.78227,2021-04-01,2,2,0,8,1,0,8,2019-03-21,4,3,1,16,1,0,16,10,NA,0,0,0,0,"1020 TUSCALOOSA AVENUE, SW,BIRMINGHAM,AL,35211",33.496,-86.849,NA,2026-06-01
015154,FAYETTE MEDICAL CENTER LONG TERM CARE UNIT,1653 TEMPLE AVENUE NORTH,FAYETTE,AL,35555,2059325966,280,Fayette,N,Government - County,122,103.9,NA,Medicare and Medicaid,Y,FAYETTE MEDICAL CENTER,1977-04-01,NA,NA,NA,NA,NA,NA,NA,N,NA,N,Y,N,Both,Yes,5,NA,4,NA,4,NA,4,NA,3,NA,5,NA,NA,NA,2.48317,0.81458,1.12105,1.93564,4.41881,3.79948,0.70916,0.02442,28.7,NA,20,NA,0,NA,1.24444,0.89419,2.08521,0.76929,0.60744,3.46193,3.0712,2.75762,0.90461,1.24495,4.90718,4.2194,2021-05-06,0,0,0,0,0,0,0,2019-04-11,3,3,0,24,1,0,24,6,NA,0,0,0,0,"1653 TEMPLE AVENUE NORTH,FAYETTE,AL,35555",33.7068,-87.824,NA,2026-06-01
015155,"RIDGEVIEW HEALTH SERVICES, INC","907 11TH STREET, NE",JASPER,AL,35504,2052219111,630,Walker,Y,For profit - Individual,148,140.1,NA,Medicare and Medicaid,N,"RIDGEVIEW HEALTH SERVICES, INC.",1977-12-01,NA,NA,NA,NA,NA,NA,NA,N,NA,N,N,N,Both,Yes,2,NA,2,NA,3,NA,3,NA,3,NA,3,NA,NA,NA,2.52708,0.64188,0.67845,1.32034,3.84741,3.27363,0.42992,0.02518,99.3,NA,100,NA,1,NA,1.23816,0.88968,2.07469,0.76541,0.60438,3.44447,3.05571,2.8206,0.71644,0.75725,4.29429,3.65387,2025-08-08,5,5,3,36,0,0,36,2019-09-19,2,2,0,12,1,0,12,30,NA,1,8788,0,1,"907 11TH STREET, NE,JASPER,AL,35504",33.8599,-87.265,NA,2026-06-01
015156,CROWNE HEALTH CARE OF FT PAYNE,403 13TH STREET NORTHWEST,FORT PAYNE,AL,35967,2568455990,240,De Kalb,N,For profit - Corporation,123,102.7,NA,Medicare and Medicaid,N,"CROWNE HEALTH CARE OF FORT PAYNE, LLC",1977-01-01,CROWNE HEALTH CARE,174,18,4.2,3.8,4.4,2.9,N,NA,N,Y,N,Resident,Yes,4,NA,4,NA,1,NA,1,NA,2,NA,5,NA,NA,NA,2.54551,0.78728,0.87853,1.66581,4.21132,3.44421,0.31316,0.02083,31.7,NA,16.7,NA,0,NA,1.21258,0.8713,2.03183,0.74959,0.59189,3.37331,2.99258,2.9011,0.89726,1.00126,4.79962,3.92535,2019-11-14,2,2,0,8,1,0,8,2018-09-13,0,0,0,0,0,0,0,6,NA,0,0,0,0,"403 13TH STREET NORTHWEST,FORT PAYNE,AL,35967",34.4549,-85.716,NA,2026-06-01
015157,HALEYVILLE HEALTH CARE CENTER,2201 11TH AVENUE,HALEYVILLE,AL,35565,2054869478,660,Winston,N,For profit - Corporation,97,69.8,NA,Medicare and Medicaid,N,HALEYVILLE SNF OPERATIONS LLC,1977-03-01,VENZA CARE MANAGEMENT,614,22,2.4,2.5,3.3,2.4,N,NA,N,Y,N,Both,Yes,4,NA,5,NA,1,NA,2,NA,1,NA,4,NA,NA,NA,3.03491,0.90151,0.63363,1.53514,4.57005,3.95838,0.32862,0.01445,60.5,NA,37.5,NA,0,NA,1.36814,0.98308,2.29248,0.84575,0.66782,3.80606,3.37648,3.0656,0.91063,0.64004,4.61627,3.99841,2021-04-22,0,0,0,0,0,0,0,2019-03-21,1,1,0,4,1,0,4,1,NA,0,0,0,0,"2201 11TH AVENUE,HALEYVILLE,AL,35565",34.2287,-87.621,NA,2026-06-01
015158,DIVERSICARE OF MARION,505 EAST LAFAYETTE STREET,MARION,AL,36756,3346839696,520,Perry,N,For profit - Corporation,71,65.1,NA,Medicare and Medicaid,N,"DAC OF MARION, LLC",1977-02-01,DIVERSICARE HEALTHCARE,185,46,2.5,2.4,2.9,3.5,N,NA,N,Y,N,Resident,Yes,4,NA,4,NA,5,NA,5,NA,NA,2,1,25,25,6,NA,NA,NA,NA,NA,NA,NA,NA,48.2,NA,20,NA,0,NA,NA,NA,NA,NA,NA,NA,NA,NA,NA,NA,NA,NA,2022-08-19,1,1,0,4,1,0,4,2021-04-08,2,2,0,8,1,0,8,5,NA,0,0,0,0,"505 EAST LAFAYETTE STREET,MARION,AL,36756",32.6317,-87.308,NA,2026-06-01
015159,DIVERSICARE OF ONEONTA,215 VALLEY ROAD,ONEONTA,AL,35121,2052742365,040,Blount,Y,For profit - Corporation,120,111.2,NA,Medicare and Medicaid,N,DIVERSICARE OF ONEONTA LLC,1977-06-01,DIVERSICARE HEALTHCARE,185,46,2.5,2.4,2.9,3.5,N,NA,N,Y,N,Both,Yes,2,NA,2,NA,4,NA,4,NA,4,NA,2,NA,NA,NA,1.82087,0.52636,0.53455,1.06091,2.88177,2.4785,0.24648,0.02151,48.6,NA,30.8,NA,2,NA,1.21612,0.87384,2.03776,0.75178,0.59362,3.38315,3.00131,2.0692,0.59815,0.60745,3.2748,2.81652,2023-07-23,6,6,1,40,1,0,40,2019-12-10,2,2,0,8,1,0,8,32,NA,1,9318,1,2,"215 VALLEY ROAD,ONEONTA,AL,35121",33.9519,-86.466,NA,2026-06-01
015160,SYLACAUGA HEALTH AND REHAB SERVICES,1007 W FORT WILLIAMS ST,SYLACAUGA,AL,35150,2562457402,600,Talladega,N,Non profit - Corporation,149,127.8,NA,Medicare and Medicaid,N,"SYLACAUGA HEALTH AND REHAB SERVICES, LLC",1977-02-01,NOLAND HEALTH,374,10,2.7,2.4,4.1,3.3,Y,NA,N,Y,N,Resident,Yes,5,NA,4,NA,5,NA,4,NA,5,NA,4,NA,NA,NA,2.55366,0.64266,0.77775,1.42042,3.97407,3.50196,0.43431,0.00868,39.4,NA,34.6,NA,0,NA,1.33837,0.96169,2.24261,0.82735,0.65329,3.72325,3.30302,2.63685,0.6636,0.80309,4.10355,3.61605,2022-01-19,0,0,0,0,0,0,0,2019-04-18,5,5,0,28,1,0,28,7,NA,0,0,0,0,"1007 W FORT WILLIAMS ST,SYLACAUGA,AL,35150",33.1674,-86.267,NA,2026-06-01
015162,"TALLADEGA HEALTHCARE CENTER, INC",616 CHAFFEE STREET,TALLADEGA,AL,35160,2563624197,600,Talladega,N,For profit - Corporation,234,226.8,NA,Medicare and Medicaid,N,TALLADEGA HEALTHCARE CENTER INC,1977-03-01,REHAB SELECT,444,5,3.4,3.2,3.8,3.2,N,NA,N,Y,N,Both,Yes,3,NA,3,NA,3,NA,4,NA,1,NA,4,NA,NA,NA,3.01042,0.94685,0.48847,1.43532,4.44574,3.94421,0.32575,0.00531,55.9,NA,22.7,NA,1,NA,1.2242,0.87965,2.0513,0.75677,0.59756,3.40563,3.02125,3.39841,1.06888,0.55142,5.01871,4.45255,2022-03-11,2,2,0,20,1,0,20,2019-08-01,5,5,0,32,1,0,32,23,NA,0,0,0,0,"616 CHAFFEE STREET,TALLADEGA,AL,35160",33.4294,-86.088,NA,2026-06-01
015163,ALBERTVILLE NURSING HOME,750 ALABAMA HIGHWAY 75 NORTH,ALBERTVILLE,AL,35950,2568781398,470,Marshall,N,For profit - Corporation,159,155.1,NA,Medicare and Medicaid,N,"ALBERTVILLE HEALTHCARE CENTER, INC.",1977-01-04,REHAB SELECT,444,5,3.4,3.2,3.8,3.2,N,NA,N,Y,N,Both,Yes,5,NA,4,NA,4,NA,4,NA,4,NA,5,NA,NA,NA,3.75093,0.66795,0.73488,1.40283,5.15376,4.52811,0.5754,0.02732,46.4,NA,34.6,NA,0,NA,1.36435,0.98036,2.28614,0.84341,0.66597,3.79553,3.36714,3.79938,0.67658,0.74437,5.22033,4.5866,2019-11-21,1,1,0,4,1,0,4,2018-09-20,2,2,0,12,1,0,12,6,NA,0,0,0,0,"750 ALABAMA HIGHWAY 75 NORTH,ALBERTVILLE,AL,35950",34.2636,-86.207,22,2026-06-01
015164,TIMBERLAND HEALTH AND WELLNESS CENTER,1406 EAST PUSHMATAHA STREET,BUTLER,AL,36904,2054595506,110,Choctaw,N,For profit - Limited Liability company,120,67.8,NA,Medicare and Medicaid,N,ARABELLA HEALTH & WELLNESS OF BUTLER OPCO LLC,1977-03-01,ARABELLA HEALTHCARE MANAGEMENT,633,13,2.8,2.5,2.9,3.7,N,NA,N,Y,N,Resident,Yes,5,NA,5,NA,3,NA,4,NA,2,NA,4,NA,NA,NA,2.28839,0.5346,0.78679,1.32139,3.60978,2.97009,0.3653,0.01387,58.3,NA,58.8,NA,0,NA,1.10742,0.79574,1.85561,0.68458,0.54056,3.08075,2.73304,2.85574,0.66715,0.98185,4.50474,3.70645,2021-03-25,0,0,0,0,0,0,0,2019-03-06,0,0,0,0,0,0,0,0,0,0,0,0,0,"1406 EAST PUSHMATAHA STREET,BUTLER,AL,36904",32.0901,-88.205,NA,2026-06-01
015166,DADEVILLE HEALTHCARE CENTER,351 NORTH EAST STREET,DADEVILLE,AL,36853,2568259244,610,Tallapoosa,N,For profit - Limited Liability company,144,101.4,NA,Medicare and Medicaid,N,DADEVILLE HEALTHCARE CENTER LLC,1978-08-01,PRIME HEALTH CARE ENTERPRISES,419,5,3.8,3.8,3.8,2.2,N,NA,N,Y,N,Resident,Yes,3,NA,2,NA,2,NA,2,NA,1,NA,5,NA,NA,NA,3.02643,0.7262,0.63359,1.35979,4.38622,3.78462,0.22164,0.00801,31.4,NA,8.3,NA,0,NA,1.16261,0.83539,1.94809,0.7187,0.5675,3.23429,2.86925,3.59747,0.86322,0.75314,5.21383,4.49872,2021-04-22,7,7,0,40,1,0,40,2019-02-14,1,1,0,4,1,0,4,31,NA,0,0,0,0,"351 NORTH EAST STREET,DADEVILLE,AL,36853",32.8322,-85.759,NA,2026-06-01
015167,MARION REGIONAL NURSING HOME,184 SASSER DRIVE,HAMILTON,AL,35570,2059216340,460,Marion,N,Non profit - Corporation,79,62.7,NA,Medicare and Medicaid,Y,"MARION REGIONAL MEDICAL CENTER, INC.",1977-06-01,NORTH MISSISSIPPI HEALTH SERVICES,376,2,3.5,2,4.5,5,N,NA,N,N,N,Resident,Yes,4,NA,2,NA,5,NA,5,NA,NA,2,5,NA,NA,NA,2.5424,0.5803,1.11253,1.69283,4.23523,3.68217,0.56308,0.00702,20.6,NA,7.7,NA,0,NA,1.23459,0.88712,2.06871,0.7632,0.60263,3.43454,3.0469,2.84591,0.64958,1.24534,4.74083,4.12174,2025-02-20,7,7,7,32,1,0,32,2019-09-19,3,3,0,12,1,0,12,27,NA,0,0,0,0,"184 SASSER DRIVE,HAMILTON,AL,35570",34.1252,-87.993,NA,2026-06-01
015168,LITTLE SISTERS OF THE POOR SACRED HEART RESIDENCE,1655 MCGILL AVENUE,MOBILE,AL,36604,2514766335,480,Mobile,Y,Non profit - Corporation,75,44.1,NA,Medicare and Medicaid,N,LITTLE SISTERS OF THE POOR HOME FOR THE AGED INC,1977-07-01,NA,NA,NA,NA,NA,NA,NA,N,NA,N,Y,N,Resident,Yes,5,NA,5,NA,2,NA,2,NA,NA,2,5,NA,NA,NA,2.84674,0.7899,0.72671,1.51661,4.36335,3.69165,0.39834,0.02304,37.9,NA,20,NA,1,NA,0.97064,0.69746,1.62643,0.60003,0.47379,2.70025,2.39548,4.05311,1.12463,1.03468,6.21242,5.25607,2020-03-12,1,0,1,4,0,0,4,2019-01-24,1,1,0,0,0,0,0,3,NA,0,0,0,0,"1655 MCGILL AVENUE,MOBILE,AL,36604",30.6842,-88.078,NA,2026-06-01
015169,"FLORENCE NURSING AND REHABILITATION CTR,  LLC",2107 CLOYD BLVD,FLORENCE,AL,35630,2567665771,380,Lauderdale,Y,For profit - Individual,147,131.9,NA,Medicare and Medicaid,N,Legal Business Name Not Available,1977-05-01,NORBERT BENNETT & DONALD DENZ,771,27,1.8,2,2.6,2.3,N,NA,N,Y,N,Resident,Yes,3,NA,3,NA,3,NA,2,NA,3,NA,4,NA,NA,NA,2.05066,0.82504,0.77278,1.59782,3.64848,3.01442,0.46555,0.06852,40.5,NA,39.3,NA,0,NA,1.14177,0.82042,1.91318,0.70582,0.55733,3.17633,2.81783,2.48206,0.99861,0.93535,4.41602,3.64858,2020-01-14,2,2,0,20,1,0,20,2018-10-24,4,4,0,28,1,0,28,22,NA,0,0,0,0,"2107 CLOYD BLVD,FLORENCE,AL,35630",34.8364,-87.649,NA,2026-06-01
015171,SOUTHERN SPRINGS HEALTHCARE FACILITY,745 SOUTHERN SPRINGS ROAD,UNION SPRINGS,AL,36089,3347385590,050,Bullock,N,For profit - Corporation,123,93.9,NA,Medicare and Medicaid,N,MAIN AND ASSOCIATES INC,1977-07-01,NA,NA,NA,NA,NA,NA,NA,N,NA,N,Y,N,Resident,Yes,5,NA,5,NA,4,NA,3,NA,4,NA,4,NA,NA,NA,3.0672,0.97365,0.42982,1.40347,4.47067,3.74238,0.15745,0.05138,26.3,NA,12.5,NA,1,NA,1.22279,0.87864,2.04894,0.75591,0.59688,3.40172,3.01779,3.46648,1.10039,0.48577,5.05264,4.22955,2022-08-25,0,0,0,0,0,0,0,2019-04-25,3,2,1,12,1,0,12,3,1,0,0,0,0,"745 SOUTHERN SPRINGS ROAD,UNION SPRINGS,AL,36089",32.1397,-85.689,NA,2026-06-01
015174,COOSA VALLEY HEALTH AND REHAB,513 PINEVIEW AVENUE,GLENCOE,AL,35905,2564925350,270,Etowah,Y,For profit - Corporation,124,66.2,NA,Medicare and Medicaid,N,Legal Business Name Not Available,1977-07-01,NA,NA,NA,NA,NA,NA,NA,N,NA,N,Y,N,Resident,Yes,3,NA,3,NA,2,NA,2,NA,2,NA,3,NA,NA,NA,2.69884,0.89665,0.52595,1.4226,4.12144,3.32679,0.19147,0.07246,61.9,NA,66.7,NA,2,NA,1.27357,0.91513,2.13402,0.78729,0.62166,3.54298,3.14309,2.92856,0.97297,0.57072,4.47225,3.60996,2022-04-29,2,2,0,8,1,0,8,2019-06-13,7,7,0,52,1,0,52,19,NA,0,0,0,0,"513 PINEVIEW AVENUE,GLENCOE,AL,35905",33.9541,-85.923,NA,2026-06-01
015175,WESLEY PLACE ON HONEYSUCKLE,718 HONEYSUCKLE ROAD,DOTHAN,AL,36305,3347920921,340,Houston,Y,Non profit - Corporation,166,152.3,NA,Medicare and Medicaid,N,METHODIST HOME FOR THE AGING,1977-07-01,NA,NA,NA,NA,NA,NA,NA,N,NA,N,Y,N,Resident,Yes,1,NA,2,NA,1,NA,1,NA,2,NA,3,NA,NA,NA,3.33979,1.21537,0.33264,1.54801,4.8878,4.58185,0.17601,0.02631,58.9,NA,56.5,NA,0,NA,1.14893,0.82556,1.92517,0.71024,0.56082,3.19623,2.83548,4.01723,1.46189,0.40012,5.87924,5.51123,2024-03-23,8,8,7,60,1,0,60,2019-08-29,0,0,0,0,0,0,0,45,NA,12,48689,0,12,"718 HONEYSUCKLE ROAD,DOTHAN,AL,36305",31.2198,-85.435,NA,2026-06-01
015176,"CROSSVILLE HEALTH AND REHABILITATION, LLC",8922 HIGHWAY 227,CROSSVILLE,AL,35962,2565287844,240,De Kalb,N,For profit - Corporation,143,136.9,NA,Medicare and Medicaid,N,CROSSVILLE HEALTH AND REHABILITATION LLC,1977-07-01,NHS MANAGEMENT,372,43,3,2.8,3.7,3.5,N,NA,N,Y,N,Resident,Yes,5,NA,4,NA,5,NA,5,NA,5,NA,4,NA,NA,NA,2.62684,0.63908,0.55924,1.19833,3.82517,3.3417,0.39788,0.01097,41.9,NA,40.9,NA,NA,26,1.16504,0.83714,1.95217,0.72021,0.56869,3.24106,2.87526,3.11596,0.75808,0.66337,4.53741,3.96392,2021-11-04,2,2,0,8,1,0,8,2019-11-14,2,1,1,8,1,0,8,8,NA,0,0,0,0,"8922 HIGHWAY 227,CROSSVILLE,AL,35962",34.295,-85.988,NA,2026-06-01
015177,WOODHAVEN MANOR NURSING HOME,105 WEST WINDSOR ST,DEMOPOLIS,AL,36732,3342892741,450,Marengo,N,For profit - Corporation,75,70.5,NA,Medicare and Medicaid,N,"WOODHAVEN MANOR NURSING HOME, LLC",1977-07-01,CROWNE HEALTH CARE,174,18,4.2,3.8,4.4,2.9,N,NA,N,Y,N,Resident,Yes,5,NA,5,NA,5,NA,4,NA,5,NA,4,NA,NA,NA,2.45523,0.78012,0.69706,1.47717,3.93241,3.05108,0.30971,0.00677,29.4,NA,18.2,NA,0,NA,1.27778,0.91815,2.14108,0.7899,0.62371,3.55469,3.15348,2.65544,0.84373,0.7539,4.25307,3.29988,2022-03-02,0,0,0,0,0,0,0,2019-06-13,1,1,0,4,1,0,4,1,NA,0,0,0,0,"105 WEST WINDSOR ST,DEMOPOLIS,AL,36732",32.5009,-87.839,NA,2026-06-01
015178,GREENE COUNTY NURSING HOME,509 WILSON AVE,EUTAW,AL,35462,2053724545,310,Greene,Y,For profit - Corporation,72,37.5,NA,Medicare and Medicaid,N,GREENE COUNTY HOSPITAL & NURSING HOME,1977-07-01,NA,NA,NA,NA,NA,NA,NA,N,NA,N,Y,N,Resident,Yes,1,NA,1,NA,2,NA,2,NA,NA,2,1,23,23,23,NA,NA,NA,NA,NA,NA,NA,NA,NA,26,NA,26,NA,26,NA,NA,NA,NA,NA,NA,NA,NA,NA,NA,NA,NA,2022-02-25,6,6,0,56,1,0,56,2019-08-08,3,3,0,24,1,0,24,48,NA,1,13635,0,1,"509 WILSON AVE,EUTAW,AL,35462",32.8434,-87.889,NA,2026-06-01
015179,PARKWOOD HEALTH CARE FACILITY,3301 STADIUM DRIVE,PHENIX CITY,AL,36867,3342970237,560,Russell,Y,For profit - Limited Liability company,74,71,NA,Medicare and Medicaid,N,"PARKWOOD HEALTH CARE FACILITY, LLC",1978-07-01,CROWNE HEALTH CARE,174,18,4.2,3.8,4.4,2.9,N,NA,N,N,N,Resident,Yes,5,NA,3,NA,5,NA,5,NA,NA,2,5,NA,NA,NA,2.56852,0.96624,0.85661,1.82284,4.39136,3.80016,0.45174,0.00254,38.5,NA,33.3,NA,0,NA,1.22421,0.87966,2.05131,0.75678,0.59757,3.40566,3.02128,2.89953,1.09076,0.967,4.95729,4.28989,2026-02-13,4,4,1,28,1,0,28,2019-12-05,2,2,0,8,1,0,8,23,NA,0,0,0,0,"3301 STADIUM DRIVE,PHENIX CITY,AL,36867",32.4854,-85.023,NA,2026-06-01
015180,GADSDEN HEALTH AND REHAB CENTER,1945 DAVIS DRIVE,GADSDEN,AL,35904,2565474938,270,Etowah,Y,For profit - Individual,168,137.7,NA,Medicare and Medicaid,N,GADSDEN HC OPERATIONS LLC,1977-02-01,PRESTON HEALTH SERVICES,702,5,3.2,3.2,3.4,2.6,N,NA,N,Y,N,Resident,Yes,4,NA,4,NA,3,NA,5,NA,2,NA,3,NA,NA,NA,2.23655,1.347,0.50497,1.85198,4.08853,2.96092,0.42277,0.01699,51.3,NA,33.3,NA,0,NA,1.38589,0.99583,2.32223,0.85673,0.67649,3.85544,3.42029,2.2302399999999998,1.3432,0.50355,4.07698,2.95256,2021-07-15,3,3,0,12,1,0,12,2019-12-05,1,1,0,4,1,0,4,10,NA,0,0,0,0,"1945 DAVIS DRIVE,GADSDEN,AL,35904",33.9898,-86.029,NA,2026-06-01
015182,"GEORGIANA HEALTH AND REHABILITATION, LLC",206 PALMER AVENUE,GEORGIANA,AL,36033,3343762267,060,Butler,N,For profit - Corporation,91,81.5,NA,Medicare and Medicaid,N,"GEORGIANA HEALTH AND REHABILITATION, LLC",1977-08-01,NHS MANAGEMENT,372,43,3,2.8,3.7,3.5,N,NA,N,Y,N,Resident,Yes,4,NA,4,NA,2,NA,3,NA,1,NA,4,NA,NA,NA,2.83894,1.02074,0.45934,1.48009,4.31903,3.42991,0.09921,0.00694,39.3,NA,45.5,NA,1,NA,1.13503,0.81558,1.90188,0.70165,0.55404,3.15757,2.80119,3.4566,1.24282,0.55928,5.2587,4.17613,2019-12-05,1,1,0,4,1,0,4,2018-12-13,3,3,0,12,1,0,12,6,0,0,0,0,0,"206 PALMER AVENUE,GEORGIANA,AL,36033",31.6381,-86.738,NA,2026-06-01
015183,PINE HAVEN REHABILITATION AND WELLNESS CENTER,4525 ST STEPHENS ROAD,EIGHT MILE,AL,36613,2514520996,480,Mobile,Y,For profit - Individual,172,144.4,NA,Medicare and Medicaid,N,Legal Business Name Not Available,1978-05-01,NORBERT BENNETT & DONALD DENZ,771,27,1.8,2,2.6,2.3,N,NA,N,Y,N,Resident,Yes,2,NA,2,NA,3,NA,4,NA,3,NA,3,NA,NA,NA,2.28989,0.70815,0.31886,1.027,3.3169,2.94298,0.36666,0.06167,45.3,NA,15.4,NA,0,NA,1.15909,0.83287,1.9422,0.71653,0.56578,3.2245,2.86057,2.73022,0.84432,0.38017,3.95471,3.50889,2022-10-19,9,9,0,40,1,0,40,2021-06-08,8,7,1,56,1,0,56,44,NA,0,0,0,0,"4525 ST STEPHENS ROAD,EIGHT MILE,AL,36613",30.7635,-88.127,NA,2026-06-01
015184,CLOVERDALE REHABILITATION AND NURSING CENTER,412 CLOVERDALE ROAD,SCOTTSBORO,AL,35768,2562591505,350,Jackson,N,For profit - Corporation,141,124.3,NA,Medicare and Medicaid,N,"CLOVERDALE HEALTH CARE, INC.",1977-08-01,"TRINITY MANAGEMENT, INC.",527,5,4,3.2,4.2,4,N,NA,N,Y,N,Resident,Yes,4,NA,4,NA,3,NA,4,NA,2,NA,4,NA,NA,NA,2.44311,0.83666,0.60784,1.44449,3.8876,3.21764,0.34862,0.00701,38.8,NA,38.9,NA,2,NA,1.23264,0.88571,2.06544,0.76199,0.60168,3.42911,3.04208,2.7391,0.93802,0.68148,4.3586,3.60747,2022-03-31,2,2,0,12,1,0,12,2019-08-08,0,0,0,0,0,0,0,9,NA,0,0,0,0,"412 CLOVERDALE ROAD,SCOTTSBORO,AL,35768",34.665,-86.049,NA,2026-06-01
015186,"GLEN HAVEN HEALTH AND REHABILITATION, LLC",2201 32ND STREET,NORTHPORT,AL,35476,2053395700,620,Tuscaloosa,Y,For profit - Corporation,200,175.7,NA,Medicare and Medicaid,N,"GLEN HAVEN HEALTH AND REHABILITATION, LLC",1977-04-01,NHS MANAGEMENT,372,43,3,2.8,3.7,3.5,N,NA,N,Y,N,Resident,Yes,1,NA,1,NA,3,NA,4,NA,2,NA,4,NA,NA,NA,2.87271,0.77044,0.61996,1.3904,4.26311,3.42513,0.23018,0.02618,41.5,NA,55.6,NA,0,NA,1.26173,0.90662,2.11418,0.77997,0.61588,3.51004,3.11387,3.14649,0.84387,0.67905,4.6694,3.75155,2023-07-26,5,5,4,253,1,0,253,2019-10-24,5,3,2,32,1,0,32,197.75,NA,1,81335,0,1,"2201 32ND STREET,NORTHPORT,AL,35476",33.2388,-87.579,NA,2026-06-01
015187,"MOUNDVILLE HEALTH AND REHABILITATION, LLC",THIRD AVENUE,MOUNDVILLE,AL,35474,2053712252,320,Hale,Y,For profit - Corporation,68,65.7,NA,Medicare and Medicaid,N,MOUNDVILLE HEALTH AND REHABILITATION LLC,1977-10-01,NHS MANAGEMENT,372,43,3,2.8,3.7,3.5,N,NA,N,Y,N,Resident,Yes,4,NA,4,NA,4,NA,4,NA,NA,2,4,NA,NA,NA,2.59875,0.67986,0.65151,1.33137,3.93012,3.45667,0.38069,0.02103,47.6,NA,53.8,NA,0,NA,1.28736,0.92503,2.15713,0.79582,0.62839,3.58133,3.17712,2.78975,0.72983,0.69939,4.21897,3.71073,2021-10-07,0,0,0,0,0,0,0,2019-04-04,6,6,0,32,1,0,32,8,0,0,0,0,0,"THIRD AVENUE,MOUNDVILLE,AL,35474",32.9951,-87.631,NA,2026-06-01
015188,JACKSON HEALTH CARE FACILITY,2616 NORTH COLLEGE AVENUE,JACKSON,AL,36545,2512462476,120,Clarke,N,For profit - Corporation,91,85.7,NA,Medicare and Medicaid,N,"JACKSON HEALTH CARE FACILITY, LLC",1977-09-01,CROWNE HEALTH CARE,174,18,4.2,3.8,4.4,2.9,N,NA,N,Y,N,Resident,Yes,4,NA,3,NA,2,NA,2,NA,NA,2,5,NA,NA,NA,2.92219,0.67857,0.96435,1.64292,4.56511,3.66539,0.35031,0.00446,29,NA,0,NA,0,NA,1.27889,0.91895,2.14294,0.79058,0.62426,3.55777,3.15622,3.15773,0.73327,1.04208,4.93308,3.96085,2021-03-25,2,2,0,8,1,0,8,2019-02-28,3,3,0,24,1,0,24,12,NA,0,0,0,0,"2616 NORTH COLLEGE AVENUE,JACKSON,AL,36545",31.5367,-87.888,NA,2026-06-01
015189,DIVERSICARE OF PELL CITY,"510 WOLF CREEK ROAD, NORTH",PELL CITY,AL,35125,2053383329,570,St. Clair,Y,For profit - Corporation,94,78,NA,Medicare and Medicaid,N,DIVERSICARE OF PELL CITY LLC,1977-11-01,DIVERSICARE HEALTHCARE,185,46,2.5,2.4,2.9,3.5,N,NA,N,Y,N,Both,Yes,2,NA,2,NA,2,NA,2,NA,2,NA,2,NA,NA,NA,1.85507,0.50995,0.5671,1.07705,2.93212,2.36356,0.263,0.01342,71.6,NA,56.3,NA,0,NA,1.11977,0.80461,1.87631,0.69222,0.54658,3.11511,2.76352,2.28945,0.62937,0.69989,3.61871,2.91702,2022-03-03,3,3,0,28,1,0,28,2019-05-21,3,3,0,12,1,0,12,24,NA,0,0,0,0,"510 WOLF CREEK ROAD, NORTH,PELL CITY,AL,35125",33.5959,-86.311,NA,2026-06-01
015191,BROWN NURSING HOME,2334 WASHINGTON STREET,ALEXANDER CITY,AL,35010,2563299061,610,Tallapoosa,N,For profit - Corporation,68,63.1,NA,Medicare and Medicaid,N,"BROWN NURSING HOME, LLC",1977-11-01,CROWNE HEALTH CARE,174,18,4.2,3.8,4.4,2.9,N,NA,N,Y,N,Resident,Yes,4,NA,4,NA,2,NA,2,NA,NA,2,3,NA,NA,NA,2.1703,1.15837,0.62855,1.78693,3.95722,3.30617,0.20134,0.02683,56.5,NA,46.2,NA,0,NA,1.28382,0.92249,2.15119,0.79363,0.62666,3.57148,3.16838,2.33623,1.24694,0.67661,4.25978,3.55895,2020-02-05,0,0,0,0,0,0,0,2018-11-15,4,4,0,28,1,0,28,7,0,0,0,0,0,"2334 WASHINGTON STREET,ALEXANDER CITY,AL,35010",32.9521,-85.979,NA,2026-06-01
015192,"ARBOR SPRINGS HEALTH AND REHAB CENTER, LTD",1910 PEPPERELL PKWY,OPELIKA,AL,36801,3347491471,400,Lee,Y,For profit - Partnership,225,132.3,NA,Medicare and Medicaid,N,"ARBOR SPRINGS HEALTH AND REHAB CENTER, LTD",1979-07-01,TRAYLOR PORTER HEALTHCARE,782,5,3,2,4.2,4,N,NA,N,Y,N,Resident,Yes,2,NA,2,NA,2,NA,2,NA,3,NA,4,NA,NA,NA,2.69414,1.13025,0.53893,1.66918,4.36332,3.60106,0.37646,0.01971,48.6,NA,43.5,NA,1,NA,1.23957,0.8907,2.07706,0.76628,0.60507,3.44841,3.0592,3.00363,1.26009,0.60084,4.86456,4.01474,2022-02-24,3,3,0,24,1,0,24,2019-06-06,5,5,0,48,1,0,48,30,NA,0,0,0,0,"1910 PEPPERELL PKWY,OPELIKA,AL,36801",32.6385,-85.399,NA,2026-06-01
015193,CROWNE HEALTH CARE OF GREENVILLE,408 COUNTRY CLUB DRIVE,GREENVILLE,AL,36037,3343822693,060,Butler,N,For profit - Corporation,118,91.6,NA,Medicare and Medicaid,N,"CROWNE HEALTH CARE OF GREENVILLE, LLC",1977-09-01,CROWNE HEALTH CARE,174,18,4.2,3.8,4.4,2.9,N,NA,N,Y,N,Resident,Yes,4,NA,4,NA,2,NA,2,NA,2,NA,4,NA,NA,NA,2.87382,1.22555,0.42079,1.64634,4.52016,3.71292,0.13286,0.00767,29.7,NA,45.5,NA,0,NA,1.16696,0.83852,1.95538,0.72139,0.56962,3.24639,2.87999,3.40333,1.45136,0.49832,5.35301,4.39703,2022-01-12,0,0,0,0,0,0,0,2019-05-02,4,4,0,28,1,0,28,7,NA,0,0,0,0,"408 COUNTRY CLUB DRIVE,GREENVILLE,AL,36037",31.8425,-86.636,NA,2026-06-01
015194,PIEDMONT HEALTH CARE CENTER,30 ROUNDTREE DRIVE,PIEDMONT,AL,36272,2564478258,070,Calhoun,Y,Government - City,91,83.2,NA,Medicare and Medicaid,N,PIEDMONT HEALTH CARE CENTER,1977-08-01,NA,NA,NA,NA,NA,NA,NA,N,NA,N,Y,N,Both,Yes,5,NA,5,NA,3,NA,3,NA,4,NA,5,NA,NA,NA,3.33156,0.83353,0.72867,1.5622,4.89375,4.22304,0.32594,0.01486,42.4,NA,21.4,NA,0,NA,1.2609,0.90602,2.11279,0.77946,0.61547,3.50772,3.11182,3.65147,0.91357,0.79864,5.36368,4.62856,2021-04-15,0,0,0,0,0,0,0,2019-02-14,0,0,0,0,0,0,0,0,NA,0,0,0,0,"30 ROUNDTREE DRIVE,PIEDMONT,AL,36272",33.9085,-85.609,NA,2026-06-01
015195,VILLAGE AT COOK SPRINGS SKILLED NURSING FACILITY,415 COOK SPRINGS,PELL CITY,AL,35125,2053382221,570,St. Clair,Y,Non profit - Corporation,168,132.9,NA,Medicare and Medicaid,N,"VILLAGE AT COOK SPRINGS, LLC",1977-12-01,NOLAND HEALTH,374,10,2.7,2.4,4.1,3.3,Y,NA,N,Y,N,Resident,Yes,1,NA,1,NA,2,NA,2,NA,1,NA,4,NA,NA,NA,2.7035,0.66131,0.51734,1.17865,3.88215,3.16996,0.23947,0.01436,53.6,NA,47.4,NA,0,NA,1.17162,0.84187,1.9632,0.72427,0.5719,3.25936,2.89149,3.18888,0.78004,0.61023,4.57915,3.73909,2022-05-05,0,0,0,0,0,0,0,2019-07-28,7,5,2,216,2,108,324,81,NA,0,0,0,0,"415 COOK SPRINGS,PELL CITY,AL,35125",33.6002,-86.391,NA,2026-06-01
015196,DIVERSICARE OF LANETT,702 SOUTH 13TH STREET,LANETT,AL,36863,3346441111,080,Chambers,N,For profit - Corporation,85,83.2,NA,Medicare and Medicaid,N,DIVERSICARE OF LANETT LLC,1977-12-01,DIVERSICARE HEALTHCARE,185,46,2.5,2.4,2.9,3.5,N,NA,N,Y,N,Resident,Yes,4,NA,4,NA,4,NA,4,NA,3,NA,3,NA,NA,NA,1.87042,0.72204,0.48771,1.20974,3.08016,2.82873,0.20759,0.01241,51.5,NA,44.4,NA,0,NA,1.13585,0.81617,1.90326,0.70216,0.55444,3.15986,2.80322,2.27571,0.87849,0.59338,3.74758,3.44167,2023-03-16,0,0,0,0,0,0,0,2021-04-22,4,4,0,24,1,0,24,6,NA,0,0,0,0,"702 SOUTH 13TH STREET,LANETT,AL,36863",32.8576,-85.199,NA,2026-06-01
015197,LAFAYETTE EXTENDED CARE,805 HOSPITAL STREET SOUTHWEST,LAFAYETTE,AL,36862,3348648854,080,Chambers,N,For profit - Corporation,69,60.3,NA,Medicare and Medicaid,N,"LAFAYETTE EXTENDED CARE,L.L.C",1978-07-01,PRIME HEALTH CARE ENTERPRISES,419,5,3.8,3.8,3.8,2.2,N,NA,N,Y,N,Both,Yes,2,NA,3,NA,3,NA,3,NA,NA,2,1,24,NA,NA,2.57103,0.72161,0.39805,1.11966,3.69069,3.2532,0.16736,9.5e-4,40,NA,50,NA,0,NA,1.14572,0.82326,1.9198,0.70826,0.55926,3.18732,2.82758,3.10118,0.8704,0.48013,4.45171,3.92401,2020-01-22,3,3,0,12,1,0,12,2018-12-19,3,3,0,16,1,0,16,13,NA,1,4558,0,1,"805 HOSPITAL STREET SOUTHWEST,LAFAYETTE,AL,36862",32.8893,-85.412,NA,2026-06-01
015199,CROWNE HEALTH CARE OF EUFAULA,430 RIVERS AVENUE,EUFAULA,AL,36027,3346876627,020,Barbour,N,For profit - Corporation,180,155.8,NA,Medicare and Medicaid,N,"CROWNE HEALTH CARE OF EUFAULA, LLC",1977-12-01,CROWNE HEALTH CARE,174,18,4.2,3.8,4.4,2.9,N,NA,Y,Y,N,Resident,Yes,3,NA,2,NA,3,NA,3,NA,3,NA,5,NA,NA,NA,2.45831,0.93719,0.56049,1.49768,3.95599,3.31788,0.27767,0.00802,36.5,NA,31.6,NA,0,NA,1.12336,0.80719,1.88233,0.69444,0.54834,3.1251,2.77239,3.02425,1.15295,0.68952,4.86672,4.0817,2022-11-10,2,2,0,24,0,0,24,2021-07-09,7,2,5,44,1,0,44,29,NA,1,42884,1,2,"430 RIVERS AVENUE,EUFAULA,AL,36027",31.8888,-85.158,NA,2026-06-01
015200,CHEROKEE COUNTY HEALTH AND REHABILITATION CENTER,877 CEDAR BLUFF ROAD,CENTRE,AL,35960,2569275778,090,Cherokee,N,Non profit - Corporation,185,161.2,NA,Medicare and Medicaid,N,THE CHEROKEE COUNTY HEALTH CARE AUTHORITY,1977-12-01,NA,NA,NA,NA,NA,NA,NA,N,NA,N,N,N,Both,Yes,2,NA,1,NA,3,NA,2,NA,3,NA,5,NA,NA,NA,3.56376,0.62472,0.70284,1.32756,4.89132,4.433,0.4707,0.01143,32.6,NA,20,NA,0,NA,1.28629,0.92427,2.15534,0.79516,0.62787,3.57837,3.1745,3.82885,0.67119,0.75513,5.25516,4.76274,2025-12-11,10,10,1,64,1,0,64,2019-11-21,1,1,0,4,1,0,4,49,NA,0,0,0,0,"877 CEDAR BLUFF ROAD,CENTRE,AL,35960",34.1657,-85.661,NA,2026-06-01
015201,Arabella Health and Wellness of Red Bay,106 TENTH AVENUE NORTHWEST,RED BAY,AL,35582,2563564982,290,Franklin,N,For profit - Corporation,90,54.7,NA,Medicare and Medicaid,N,Legal Business Name Not Available,1978-01-01,NA,NA,NA,NA,NA,NA,NA,N,NA,N,Y,N,Resident,Yes,1,NA,2,NA,1,NA,1,NA,NA,2,1,24,6,6,NA,NA,NA,NA,NA,NA,NA,NA,NA,26,NA,26,NA,26,NA,NA,NA,NA,NA,NA,NA,NA,NA,NA,NA,NA,2022-03-25,7,7,0,44,1,0,44,2019-08-29,3,3,0,24,1,0,24,39,NA,0,0,0,0,"106 TENTH AVENUE NORTHWEST,RED BAY,AL,35582",34.4502,-88.143,NA,2026-06-01
015202,MCGUFFEY HEALTH & REHABILITATION CENTER,2301 RAINBOW DRIVE,GADSDEN,AL,35999,2565433467,270,Etowah,Y,For profit - Corporation,209,175.6,NA,Medicare and Medicaid,N,MCGUFFEY HEALTHCARE LLC,1977-12-01,NA,NA,NA,NA,NA,NA,NA,N,NA,N,Y,N,Resident,Yes,4,NA,4,NA,3,NA,3,NA,3,NA,4,NA,NA,NA,2.05841,0.81018,0.59012,1.40029,3.4587,3.02926,0.42257,0.00842,47.5,NA,22.7,NA,0,NA,1.17144,0.84174,1.96289,0.72416,0.57181,3.25886,2.89104,2.42836,0.95578,0.69617,4.08031,3.57369,2021-05-27,2,2,0,8,1,0,8,2020-03-12,2,2,0,8,1,0,8,8,NA,0,0,0,0,"2301 RAINBOW DRIVE,GADSDEN,AL,35999",33.9713,-86.02,NA,2026-06-01
015203,ATTALLA CENTER FOR REHABILITATION AND NURSING,915 STEWART AVENUE SOUTHEAST,ATTALLA,AL,35954,2565387852,270,Etowah,Y,For profit - Corporation,182,87,NA,Medicare and Medicaid,N,Legal Business Name Not Available,1977-12-01,DIVERSICARE HEALTHCARE,185,46,2.5,2.4,2.9,3.5,N,NA,N,Y,N,Resident,Yes,2,NA,1,NA,5,NA,4,NA,5,NA,3,NA,NA,NA,2.17374,0.80937,0.60812,1.41749,3.59123,2.80982,0.43533,0.01919,NA,26,NA,26,1,NA,1.14592,0.82341,1.92013,0.70839,0.55935,3.18787,2.82807,2.62151,0.9761,0.73339,4.331,3.38862,2022-03-01,12,12,0,539,1,0,539,2019-05-05,5,5,0,158,1,0,158,443.75,NA,0,0,0,0,"915 STEWART AVENUE SOUTHEAST,ATTALLA,AL,35954",33.985,-86.108,NA,2026-06-01
015204,GOODWATER HEALTHCARE CENTER,16 JONES HILL ROAD,GOODWATER,AL,35072,2568396711,180,Coosa,N,For profit - Corporation,72,62,NA,Medicare and Medicaid,N,GOODWATER HEALTHCARE CENTER LLC,1978-07-01,PRIME HEALTH CARE ENTERPRISES,419,5,3.8,3.8,3.8,2.2,N,NA,N,Y,N,Resident,Yes,5,NA,5,NA,2,NA,2,NA,NA,2,5,NA,NA,NA,3.54932,0.81869,0.54274,1.36143,4.91075,4.02983,0.26429,7e-4,41.5,NA,33.3,NA,0,NA,1.13072,0.81248,1.89466,0.69899,0.55193,3.14558,2.79055,4.338,1.00061,0.66334,6.00196,4.92529,2021-04-15,0,0,0,0,0,0,0,2019-03-14,0,0,0,0,0,0,0,0,NA,0,0,0,0,"16 JONES HILL ROAD,GOODWATER,AL,35072",33.0675,-86.053,NA,2026-06-01
015206,DECATUR HEALTH & REHAB CENTER,2326 MORGAN AVENUE SOUTHWEST,DECATUR,AL,35603,2563405765,510,Morgan,Y,For profit - Corporation,119,112.4,NA,Medicare and Medicaid,N,DECATUR SNF OPERATIONS LLC,1977-12-01,VENZA CARE MANAGEMENT,614,22,2.4,2.5,3.3,2.4,N,NA,N,N,N,Resident,Yes,1,NA,1,NA,3,NA,3,NA,2,NA,3,NA,NA,NA,2.62352,0.80736,0.47454,1.2819,3.90542,3.28691,0.21275,0.0822,60.5,NA,66.7,NA,0,NA,1.28938,0.92649,2.16051,0.79707,0.62938,3.58696,3.18211,2.81193,0.86534,0.50861,4.18589,3.52295,2025-02-03,11,11,11,243,1,0,243,2021-05-15,5,4,1,40,1,0,40,192.25,NA,4,25367,0,4,"2326 MORGAN AVENUE SOUTHWEST,DECATUR,AL,35603",34.5698,-87.008,NA,2026-06-01
015207,COLLINSVILLE HEALTHCARE & REHAB,685 NORTH VALLEY AVE,COLLINSVILLE,AL,35961,2565242117,240,De Kalb,N,For profit - Corporation,200,163.7,NA,Medicare and Medicaid,N,"COLLINSVILLE NURSING HOME, INC",1977-12-01,NA,NA,NA,NA,NA,NA,NA,N,NA,N,N,N,Resident,Yes,2,NA,3,NA,1,NA,1,NA,1,NA,3,NA,NA,NA,2.9753,0.87426,0.6742,1.54847,4.52376,3.6189,0.30965,0.03256,NA,26,NA,26,2,NA,1.26824,0.9113,2.1251,0.784,0.61906,3.52816,3.12995,3.24211,0.95266,0.73466,4.92944,3.94344,2025-02-13,4,4,4,28,1,0,28,2019-11-21,2,2,0,8,1,0,8,23,NA,0,0,0,0,"685 NORTH VALLEY AVE,COLLINSVILLE,AL,35961",34.2735,-85.856,NA,2026-06-01
015208,"OZARK HEALTH AND REHABILITATION, LLC",312 BRYAN DRIVE,OZARK,AL,36360,3347742561,220,Dale,N,For profit - Limited Liability company,149,136.2,NA,Medicare and Medicaid,N,"OZARK HEALTH AND REHABILITATION, LLC",1978-01-01,NHS MANAGEMENT,372,43,3,2.8,3.7,3.5,N,NA,N,Y,N,Resident,Yes,3,NA,3,NA,4,NA,4,NA,4,NA,4,NA,NA,NA,2.53763,0.88332,0.43512,1.31844,3.85607,3.32843,0.14963,0.01016,46.4,NA,33.3,NA,0,NA,1.16793,0.83922,1.95701,0.72199,0.57009,3.24909,2.88238,3.0027,1.04521,0.51486,4.56277,3.93843,2023-06-16,3,3,1,12,1,0,12,2019-06-13,2,2,0,20,1,0,20,14,NA,0,0,0,0,"312 BRYAN DRIVE,OZARK,AL,36360",31.4731,-85.636,NA,2026-06-01
015209,DIVERSICARE OF BESSEMER,820 GOLF COURSE ROAD,BESSEMER,AL,35020,2054255241,360,Jefferson,Y,For profit - Corporation,180,143.8,NA,Medicare and Medicaid,N,DIVERSICARE OF BESSEMER LLC,1978-01-01,DIVERSICARE HEALTHCARE,185,46,2.5,2.4,2.9,3.5,N,NA,N,Y,N,Resident,Yes,1,NA,1,NA,2,NA,2,NA,NA,2,4,NA,NA,NA,2.38153,0.48592,0.5175,1.00343,3.38496,2.92184,0.31223,0.02628,49.2,NA,29.4,NA,1,NA,1.06905,0.76817,1.79132,0.66086,0.52183,2.97401,2.63835,3.07864,0.62816,0.66899,4.37578,3.77711,2022-12-02,13,13,0,100,1,0,100,2021-06-24,11,11,0,100,1,0,100,100,NA,0,0,0,0,"820 GOLF COURSE ROAD,BESSEMER,AL,35020",33.3694,-86.992,NA,2026-06-01
015210,"OPP HEALTH AND REHABILITATION, LLC",115 PAULK AVENUE,OPP,AL,36467,3344934558,190,Covington,N,For profit - Corporation,197,159.5,NA,Medicare and Medicaid,N,"OPP HEALTH AND REHABILITATION, LLC",1978-01-01,NHS MANAGEMENT,372,43,3,2.8,3.7,3.5,N,NA,N,Y,N,Both,Yes,3,NA,3,NA,2,NA,3,NA,2,NA,3,NA,NA,NA,2.48098,0.78387,0.41386,1.19773,3.67871,3.27811,0.11147,0.006,44.3,NA,45,NA,1,NA,1.19071,0.85559,1.99519,0.73607,0.58122,3.31248,2.93861,2.87949,0.90978,0.48034,4.26961,3.80466,2020-03-02,1,1,0,16,1,0,16,2019-05-22,3,3,0,24,1,0,24,18,NA,0,0,0,0,"115 PAULK AVENUE,OPP,AL,36467",31.2934,-86.255,NA,2026-06-01
015211,TWIN OAKS REHABILITATION AND HEALTHCARE CENTER,857 CRAWFORD LANE,MOBILE,AL,36617,2514763420,480,Mobile,Y,For profit - Corporation,131,120.1,NA,Medicare and Medicaid,N,TWIN OAKS NURSING HOME LLC,1978-01-01,BALL HEALTHCARE SERVICES,66,10,2.8,2.7,3.4,2.8,N,NA,N,Y,N,None,Yes,4,NA,4,NA,3,NA,4,NA,1,NA,3,NA,NA,NA,1.96829,0.99101,0.54097,1.53198,3.50027,2.80352,0.23404,0.01657,34.9,NA,25,NA,0,NA,1.32786,0.95414,2.225,0.82086,0.64816,3.69402,3.27709,2.0485,1.03139,0.56302,3.64291,2.91776,2023-10-26,2,2,0,12,1,0,12,2021-08-05,1,1,0,4,1,0,4,10,NA,0,0,0,0,"857 CRAWFORD LANE,MOBILE,AL,36617",30.7168,-88.074,NA,2026-06-01
015212,SELF SKILLED NURSING & REHAB,131 EAST CREST ROAD,HUEYTOWN,AL,35023,2054912411,360,Jefferson,Y,For profit - Corporation,131,97,NA,Medicare and Medicaid,N,"SELF SKILLED NURSING, LLC",1978-01-01,TRAYLOR PORTER HEALTHCARE,782,5,3,2,4.2,4,N,NA,N,Y,N,Resident,Yes,1,NA,1,NA,3,NA,4,NA,2,NA,4,NA,NA,NA,2.84586,1.04642,0.43142,1.47784,4.3237,3.73163,0.18058,0.02828,52.7,NA,30,NA,0,NA,1.17737,0.846,1.97283,0.72783,0.5747,3.27536,2.90568,3.34041,1.22827,0.5064,5.07508,4.38011,2021-03-18,11,11,0,72,1,0,72,2019-02-07,5,5,0,44,1,0,44,65,NA,0,0,0,0,"131 EAST CREST ROAD,HUEYTOWN,AL,35023",33.4582,-86.992,NA,2026-06-01
015213,TROY HEALTH & REHABILITATION CENTER,515 ELBA HIGHWAY,TROY,AL,36079,3345660880,540,Pike,N,For profit - Corporation,220,122.1,NA,Medicare and Medicaid,N,CARING CORPORATION INC,1978-01-01,NA,NA,NA,NA,NA,NA,NA,N,NA,N,Y,N,Resident,Yes,1,NA,1,NA,2,NA,3,NA,1,NA,4,NA,NA,NA,2.30763,0.72033,0.47946,1.19979,3.50741,2.97368,0.07335,0.01135,35.6,NA,18.2,NA,0,NA,1.25835,0.90419,2.10853,0.77789,0.61423,3.50064,3.10554,2.53433,0.7911,0.52656,3.85198,3.26582,2022-10-20,6,6,0,72,1,0,72,2019-10-24,2,2,0,20,1,0,20,59,NA,0,0,0,0,"515 ELBA HIGHWAY,TROY,AL,36079",31.7789,-85.963,NA,2026-06-01
015214,MADISON MANOR NURSING HOME,3891 SULLIVAN ST,MADISON,AL,35758,2567729243,440,Madison,Y,For profit - Corporation,80,73.8,NA,Medicare and Medicaid,N,MADISON MANOR NURSING HOME LLC,1982-08-01,CROWNE HEALTH CARE,174,18,4.2,3.8,4.4,2.9,N,NA,N,N,N,Resident,Yes,3,NA,3,NA,3,NA,4,NA,2,NA,3,NA,NA,NA,2.87106,0.86005,0.60625,1.4663,4.33736,3.66018,0.25366,0.01567,48.9,NA,56.3,NA,NA,26,1.3108900000000001,0.94194,2.19656,0.81037,0.63988,3.64681,3.2352,3.02674,0.90668,0.63913,4.57255,3.85865,2024-08-15,3,3,2,12,1,0,12,2019-07-25,3,3,0,24,1,0,24,15,NA,0,0,0,0,"3891 SULLIVAN ST,MADISON,AL,35758",34.6839,-86.752,NA,2026-06-01
015215,BIBB MEDICAL CENTER NURSING HOME,208 PIERSON AVE,CENTREVILLE,AL,35042,2059263308,030,Bibb,Y,Government - County,131,107.5,NA,Medicare and Medicaid,Y,THE BIBB COUNTY HEALTHCARE AUTHORITY,1977-11-01,NA,NA,NA,NA,NA,NA,NA,Y,NA,N,Y,N,Resident,Yes,1,NA,1,NA,3,NA,3,NA,3,NA,3,NA,NA,NA,2.15228,0.71882,0.42909,1.14791,3.30019,2.83312,0.11272,0.00884,54.5,NA,56.3,NA,0,NA,1.1289,0.81117,1.89161,0.69786,0.55104,3.14052,2.78606,2.63477,0.87996,0.52528,4.04001,3.46825,2023-11-30,5,5,0,60,1,0,60,2019-08-22,3,3,0,16,1,0,16,49,NA,0,0,0,0,"208 PIERSON AVE,CENTREVILLE,AL,35042",32.9509,-87.148,NA,2026-06-01
015216,OAKVIEW MANOR HEALTH CARE CENTER,929 MIXON SCHOOL ROAD,OZARK,AL,36360,3347742631,220,Dale,N,Non profit - Corporation,138,103.2,NA,Medicare and Medicaid,N,"UNITED STATES HEALTH & HOUSING FOUNDATION, INC",1978-01-01,NA,NA,NA,NA,NA,NA,NA,N,NA,N,Y,N,Resident,Yes,4,NA,4,NA,4,NA,4,NA,4,NA,4,NA,NA,NA,2.22984,0.53649,0.65002,1.18651,3.41635,2.90824,0.41353,0.00939,42.2,NA,35.7,NA,0,NA,1.1673,0.83876,1.95595,0.7216,0.56979,3.24734,2.88082,2.63993,0.63516,0.76957,4.04465,3.44309,2023-07-13,1,1,0,4,1,0,4,2019-11-14,2,2,0,20,1,0,20,8,NA,0,0,0,0,"929 MIXON SCHOOL ROAD,OZARK,AL,36360",31.4287,-85.646,NA,2026-06-01
015217,BIRMINGHAM NURSING AND REHABILITATION CTR LLC,1000 DUGAN AVENUE,BIRMINGHAM,AL,35214,2057988780,360,Jefferson,Y,For profit - Limited Liability company,132,121.9,NA,Medicare and Medicaid,N,Legal Business Name Not Available,1978-01-01,NORBERT BENNETT & DONALD DENZ,771,27,1.8,2,2.6,2.3,N,NA,Y,N,N,Resident,Yes,1,NA,1,NA,4,NA,5,NA,2,NA,2,NA,NA,NA,1.51196,1.00058,0.36691,1.36748,2.87945,2.34196,0.16267,0.07732,60.2,NA,53.8,NA,0,NA,1.14477,0.82257,1.9182,0.70767,0.55879,3.18466,2.82522,1.82526,1.20791,0.44293,3.4761,2.82723,2024-06-26,8,1,7,266,1,0,266,2024-01-25,8,4,4,48,1,0,48,211.5,NA,2,74848,1,3,"1000 DUGAN AVENUE,BIRMINGHAM,AL,35214",33.5484,-86.883,NA,2026-06-01
015220,CROWNE HEALTH CARE OF THOMASVILLE,1425 MOSLEY DRIVE,THOMASVILLE,AL,36784,3346365614,120,Clarke,N,For profit - Corporation,80,69.6,NA,Medicare and Medicaid,N,"CROWNE HEALTH CARE OF THOMASVILLE,LLC",1977-07-01,CROWNE HEALTH CARE,174,18,4.2,3.8,4.4,2.9,N,NA,N,Y,N,Resident,Yes,5,NA,5,NA,3,NA,3,NA,3,NA,5,NA,NA,NA,3.03776,0.74957,0.66332,1.41289,4.45065,3.39166,0.32907,0.00686,42.2,NA,10,NA,0,NA,1.21284,0.87149,2.03226,0.74975,0.59201,3.37402,2.99321,3.46139,0.8541,0.75583,5.07132,3.86465,2021-12-09,0,0,0,0,0,0,0,2019-04-11,2,2,0,4,1,0,4,1,NA,0,0,0,0,"1425 MOSLEY DRIVE,THOMASVILLE,AL,36784",31.9303,-87.737,NA,2026-06-01
015221,"CHAPMAN HEALTHCARE CENTER, INC",3701 DADEVILLE ROAD,ALEXANDER CITY,AL,35010,2562346366,610,Tallapoosa,N,For profit - Corporation,188,149.6,NA,Medicare and Medicaid,N,"CHAPMAN HEALTHCARE CENTER, INC.",1978-02-01,PRIME HEALTH CARE ENTERPRISES,419,5,3.8,3.8,3.8,2.2,N,NA,N,Y,N,Resident,Yes,4,NA,4,NA,2,NA,3,NA,1,NA,4,NA,NA,NA,3.16693,0.61091,0.56131,1.17222,4.33915,4.0173,0.37436,0.00327,36.5,NA,28.6,NA,1,NA,1.20615,0.86668,2.02105,0.74562,0.58875,3.35542,2.9767,3.62859,0.69996,0.64314,4.97169,4.60292,2021-09-10,0,0,0,0,0,0,0,2019-05-09,3,3,0,24,1,0,24,6,NA,0,0,0,0,"3701 DADEVILLE ROAD,ALEXANDER CITY,AL,35010",32.9095,-85.922,NA,2026-06-01
015222,FAIRHOPE HEALTH & REHAB,108 SOUTH CHURCH STREET,FAIRHOPE,AL,36532,2519282153,010,Baldwin,Y,Non profit - Corporation,131,73.3,NA,Medicare and Medicaid,N,NOLAND FAIRHOPE LLC,1981-03-12,NOLAND HEALTH,374,10,2.7,2.4,4.1,3.3,N,NA,N,Y,N,Resident,Yes,2,NA,2,NA,3,NA,4,NA,2,NA,4,NA,NA,NA,2.64225,0.97088,0.3898,1.36068,4.00293,3.50395,0.3723,0.03305,30.3,NA,40,NA,1,NA,1.13501,0.81557,1.90185,0.70164,0.55403,3.15752,2.80114,3.21716,1.18212,0.47462,4.87391,4.26636,2022-02-25,6,6,0,48,1,0,48,2019-05-23,1,1,0,4,1,0,4,37,NA,0,0,0,0,"108 SOUTH CHURCH STREET,FAIRHOPE,AL,36532",30.5216,-87.905,NA,2026-06-01
015223,NORTHSIDE HEALTH CARE,700 HUTCHINS AVENUE,GADSDEN,AL,35901,2565437101,270,Etowah,Y,For profit - Corporation,115,103.9,NA,Medicare and Medicaid,N,NORTHSIDE SNF OPERATIONS LLC,1978-08-21,VENZA CARE MANAGEMENT,614,22,2.4,2.5,3.3,2.4,N,NA,N,Y,N,Resident,Yes,3,NA,3,NA,3,NA,3,NA,2,NA,4,NA,NA,NA,2.66965,0.7235,0.68443,1.40793,4.07758,3.38079,0.36355,0.04309,52,NA,53.8,NA,0,NA,1.23618,0.88826,2.07137,0.76418,0.60341,3.43896,3.05082,2.9845,0.80882,0.76515,4.55848,3.77952,2019-10-17,2,2,0,20,1,0,20,2018-09-06,4,4,0,28,1,0,28,22,NA,1,221520,0,1,"700 HUTCHINS AVENUE,GADSDEN,AL,35901",34.0418,-85.959,NA,2026-06-01
015225,BARFIELD HEALTH CARE,22444 HIGHWAY 431,GUNTERSVILLE,AL,35976,2565823112,470,Marshall,N,For profit - Corporation,113,109.8,NA,Medicare and Medicaid,N,BARFIELD HEALTH CARE ACQUISITION CORPORATION,1979-02-20,REHAB SELECT,444,5,3.4,3.2,3.8,3.2,N,NA,N,Y,N,Both,Yes,5,NA,4,NA,5,NA,4,NA,5,NA,3,NA,NA,NA,3.19008,0.96592,0.30599,1.27192,4.462,3.56514,0.16683,0.00671,58.2,NA,73.7,NA,0,NA,1.18789,0.85356,1.99046,0.73433,0.57984,3.30464,2.93166,3.71128,1.12374,0.35599,5.191,4.14762,2021-04-16,2,2,0,8,1,0,8,2019-10-31,0,0,0,0,0,0,0,6,NA,0,0,0,0,"22444 HIGHWAY 431,GUNTERSVILLE,AL,35976",34.4235,-86.263,NA,2026-06-01
015227,SOUTHERN HEALTH AND REHAB OF VERNON,1050 CONVALESCENT ROAD,VERNON,AL,35592,2056959313,370,Lamar,N,For profit - Corporation,158,120.7,NA,Medicare and Medicaid,N,Legal Business Name Not Available,1979-10-01,NA,NA,NA,NA,NA,NA,NA,N,NA,N,Y,N,Resident,Yes,1,NA,2,NA,2,NA,2,NA,2,NA,1,24,6,6,NA,NA,NA,NA,NA,NA,NA,NA,NA,26,NA,26,NA,26,NA,NA,NA,NA,NA,NA,NA,NA,NA,NA,NA,NA,2022-04-01,0,0,0,0,0,0,0,2019-08-04,2,2,0,104,1,0,104,26,NA,0,0,0,0,"1050 CONVALESCENT ROAD,VERNON,AL,35592",33.7212,-88.167,NA,2026-06-01
015228,Rivertown Health and Rehabilitation Center,4490 VIRGINIA LOOP ROAD,MONTGOMERY,AL,36116,3342816826,500,Montgomery,Y,For profit - Limited Liability company,121,106.5,NA,Medicare and Medicaid,N,ARABELLA HEALTH & WELLNESS OF MONTGOMERY OPCO LLC,1980-09-30,ARABELLA HEALTHCARE MANAGEMENT,633,13,2.8,2.5,2.9,3.7,N,NA,N,N,N,Resident,Yes,2,NA,1,NA,5,NA,5,NA,4,NA,3,NA,NA,NA,1.9906,0.60032,0.88018,1.4805,3.4711,2.96324,0.54902,0.04237,60.9,NA,52.4,NA,4,NA,1.21573,0.87357,2.03711,0.75154,0.59343,3.38207,3.00035,2.26281,0.68241,1.00053,3.94575,3.36845,2025-07-24,10,10,5,60,1,0,60,2023-01-11,17,12,5,108,1,0,108,72,5,0,0,0,0,"4490 VIRGINIA LOOP ROAD,MONTGOMERY,AL,36116",32.3179,-86.239,NA,2026-06-01
015303,REDMONT HEALTH AND REHABILITATION CENTER,1028 BESSEMER RD,BIRMINGHAM,AL,35228,2059231777,360,Jefferson,Y,For profit - Individual,163,103.1,NA,Medicare and Medicaid,N,ARABELLA HEALTH & WELLNESS OF BESSEMER OPCO LLC,1973-02-01,ARABELLA HEALTHCARE MANAGEMENT,633,13,2.8,2.5,2.9,3.7,N,NA,N,Y,N,Both,Yes,3,NA,3,NA,3,NA,5,NA,1,NA,3,NA,NA,NA,2.34621,0.6015,0.65532,1.25681,3.60302,3.11499,0.30145,0.01807,62.7,NA,75,NA,1,NA,1.14984,0.82622,1.92669,0.7108,0.56126,3.19876,2.83773,2.81988,0.72293,0.78762,4.33042,3.74387,2022-10-27,4,4,0,20,1,0,20,2019-12-12,5,5,0,20,1,0,20,20,NA,0,0,0,0,"1028 BESSEMER RD,BIRMINGHAM,AL,35228",33.4758,-86.899,NA,2026-06-01
015315,"RIDGEWOOD HEALTH SERVICES, INC.",201 OAKHILL ROAD,JASPER,AL,35504,2052214862,630,Walker,Y,For profit - Individual,98,81.9,NA,Medicare and Medicaid,N,"RIDGEWOOD HEALTH SERVICES, INC.",1977-11-01,NA,NA,NA,NA,NA,NA,NA,N,NA,N,Y,N,Both,Yes,3,NA,3,NA,4,NA,5,NA,4,NA,4,NA,NA,NA,2.35504,0.79844,0.79027,1.58871,3.94375,3.12863,0.35207,0.01527,98.6,NA,100,NA,1,NA,1.10966,0.79735,1.85937,0.68597,0.54165,3.087,2.73858,2.93297,0.99438,0.9842,4.91155,3.8964,2020-01-09,2,2,0,20,1,0,20,2018-12-20,0,0,0,0,0,0,0,15,NA,0,0,0,0,"201 OAKHILL ROAD,JASPER,AL,35504",33.8544,-87.287,NA,2026-06-01
015320,ENTERPRISE HEALTH & REHABILITATION CENTER,300 PLAZA DRIVE,ENTERPRISE,AL,36331,3343479541,150,Coffee,N,Non profit - Corporation,257,164.2,NA,Medicare and Medicaid,N,"THE HEALTH CARE AUTHORITY OF THE CITY OF ENTERPRISE, INC.",1977-10-01,NA,NA,NA,NA,NA,NA,NA,N,NA,Y,N,N,Resident,Yes,2,NA,1,NA,3,NA,3,NA,2,NA,5,NA,NA,NA,3.5062,0.98332,0.61874,1.60206,5.10826,4.18471,0.30186,0.03368,36.2,NA,30.4,NA,1,NA,1.28183,0.92107000000000006,2.14787,0.7924,0.62569,3.56597,3.16349,3.78012,1.06014,0.66708,5.50733,4.51163,2026-01-18,5,1,4,220,1,0,220,2019-11-06,4,4,0,28,1,0,28,172,0,1,85230,1,2,"300 PLAZA DRIVE,ENTERPRISE,AL,36331",31.3028,-85.837,NA,2026-06-01
015321,"SOUTH HAVEN HEALTH AND REHABILITATION, LLC",3141 OLD COLUMBIANA ROAD,BIRMINGHAM,AL,35226,2058221580,360,Jefferson,Y,For profit - Individual,101,94.2,NA,Medicare and Medicaid,N,SOUTH HAVEN HEALTH AND REHABILITATION LLC,1971-11-01,NHS MANAGEMENT,372,43,3,2.8,3.7,3.5,N,NA,N,Y,N,Resident,Yes,3,NA,3,NA,2,NA,2,NA,3,NA,4,NA,NA,NA,2.40713,0.5994,0.65002,1.24941,3.65654,2.85322,0.35917,0.01851,60,NA,38.5,NA,2,NA,1.143,0.8213,1.91524,0.70658,0.55793,3.17974,2.82085,2.9104,0.72472,0.78592,4.42104,3.44976,2022-07-14,1,1,0,8,1,0,8,2019-06-20,9,3,6,60,1,0,60,21,NA,0,0,0,0,"3141 OLD COLUMBIANA ROAD,BIRMINGHAM,AL,35226",33.4049,-86.808,NA,2026-06-01
015322,ENGLEWOOD HEALTH CARE CENTER,2046 SOUTH ALABAMA AVE,MONROEVILLE,AL,36460,2515753285,490,Monroe,N,For profit - Corporation,87,71.2,NA,Medicare and Medicaid,N,"ENGLEWOOD HEALTH CARE CENTER, LLC",1972-10-01,CROWNE HEALTH CARE,174,18,4.2,3.8,4.4,2.9,N,NA,N,Y,N,Both,Yes,4,NA,4,NA,2,NA,2,NA,3,NA,4,NA,NA,NA,3.18224,1.38773,0.56654,1.95427,5.13651,4.27144,0.13233,0.04705,38,NA,41.7,NA,0,NA,1.33375,0.95837,2.23487,0.8245,0.65104,3.7104,3.29162,3.2973,1.4379,0.58702,5.32222,4.42588,2021-06-14,1,1,0,4,0,0,4,2019-04-18,3,3,0,24,1,0,24,9,NA,0,0,0,0,"2046 SOUTH ALABAMA AVE,MONROEVILLE,AL,36460",31.4962,-87.32,NA,2026-06-01
015326,"PARK MANOR HEALTH AND REHABILITATION, LLC",2201 MCFARLAND BOULEVARD,NORTHPORT,AL,35476,2053395300,620,Tuscaloosa,Y,For profit - Limited Liability company,152,138.5,NA,Medicare and Medicaid,N,"PARK MANOR HEALTH AND REHABILITATION, LLC",1979-10-01,NHS MANAGEMENT,372,43,3,2.8,3.7,3.5,N,NA,N,Y,N,Resident,Yes,3,NA,3,NA,3,NA,4,NA,1,NA,4,NA,NA,NA,2.80569,0.70729,0.53189,1.23919,4.04487,3.27756,0.17824,0.00983,57.1,NA,47.8,NA,0,NA,1.14871,0.82541,1.92481,0.71011,0.56071,3.19563,2.83495,3.37542,0.85092,0.6399,4.86624,3.94312,2021-08-26,0,0,0,0,0,0,0,2019-06-21,7,7,0,52,1,0,52,13,NA,0,0,0,0,"2201 MCFARLAND BOULEVARD,NORTHPORT,AL,35476",33.2398,-87.579,NA,2026-06-01
015330,MARENGO NURSING HOME,608 NORTH MAIN STREET,LINDEN,AL,36748,3342958631,450,Marengo,N,Non profit - Other,78,61.7,NA,Medicare and Medicaid,N,LINDEN HOSPITAL BOARD,1971-04-08,NA,NA,NA,NA,NA,NA,NA,N,NA,N,Y,N,Resident,Yes,4,NA,4,NA,5,NA,5,NA,NA,2,1,25,25,6,NA,NA,NA,NA,NA,NA,NA,NA,NA,26,NA,26,NA,26,NA,NA,NA,NA,NA,NA,NA,NA,NA,NA,NA,NA,2022-01-06,1,1,0,4,1,0,4,2019-05-08,5,5,0,28,1,0,28,10,0,0,0,0,0,"608 NORTH MAIN STREET,LINDEN,AL,36748",32.3123,-87.798,NA,2026-06-01
015331,BRIDGEWAY HEALTH AND REHABILITATION CENTER,3900 LAKEWOOD DRIVE,PHENIX CITY,AL,36867,3342988247,560,Russell,Y,For profit - Corporation,86,83.3,NA,Medicare and Medicaid,N,ARABELLA HEALTH AND WELLNESS OF PHENIX CITY LLC,1972-01-01,ARABELLA HEALTHCARE MANAGEMENT,633,13,2.8,2.5,2.9,3.7,N,NA,N,Y,N,Resident,Yes,3,NA,3,NA,3,NA,4,NA,3,NA,2,NA,NA,NA,1.76743,0.84238,0.73343,1.57581,3.34324,2.575,0.24819,0.024140000000000002,46.8,NA,47.6,NA,2,NA,1.3599,0.97716,2.27868,0.84066,0.6638,3.78315,3.35616,1.79612,0.85605,0.74534,3.39751,2.6168,2020-01-09,2,2,0,20,1,0,20,2018-11-29,3,3,0,24,1,0,24,21,NA,0,0,0,0,"3900 LAKEWOOD DRIVE,PHENIX CITY,AL,36867",32.4951,-85.036,NA,2026-06-01
015336,"LUVERNE HEALTH AND REHABILITATION, LLC",142 WEST THIRD STREET,LUVERNE,AL,36049,3343356528,200,Crenshaw,N,For profit - Corporation,151,138.5,NA,Medicare and Medicaid,N,"LUVERNE HEALTH AND REHABILITATION, LLC",1973-10-16,NHS MANAGEMENT,372,43,3,2.8,3.7,3.5,N,NA,N,Y,N,Both,Yes,4,NA,4,NA,3,NA,3,NA,2,NA,3,NA,NA,NA,2.65113,0.90106,0.31531,1.21638,3.86751,3.39599,0.13971,0.00641,43.6,NA,75,NA,1,NA,1.11417,0.80059,1.86693,0.68876,0.54385,3.09954,2.74971,3.28836,1.11764,0.3911,4.79711,4.21225,2021-07-29,2,2,0,8,1,0,8,2019-12-19,2,2,0,8,1,0,8,8,NA,0,0,0,0,"142 WEST THIRD STREET,LUVERNE,AL,36049",31.7163,-86.266,NA,2026-06-01
015361,LAUDERDALE CHRISTIAN NURSING HOME,2019 COUNTY ROAD 394,KILLEN,AL,35645,2567572103,380,Lauderdale,Y,Non profit - Church related,58,55.8,NA,Medicare and Medicaid,N,LAUDERDALE CHRISTIAN NURSING HOME,1970-07-23,NA,NA,NA,NA,NA,NA,NA,N,NA,N,Y,N,Resident,Yes,4,NA,4,NA,4,NA,4,NA,NA,2,3,NA,NA,NA,2.94889,0.598,0.73942,1.33743,4.28632,3.79052,0.39259,0.01418,NA,26,NA,26,NA,26,1.22621,0.8811,2.05467,0.75802,0.59854,3.41123,3.02622,3.32348,0.67396,0.83335,4.8308,4.27202,2023-09-20,1,1,1,4,0,0,4,2019-07-25,1,1,0,16,1,0,16,7,NA,0,0,0,0,"2019 COUNTY ROAD 394,KILLEN,AL,35645",34.9148,-87.503,22,2026-06-01
015369,OAKS ON PARKWOOD SKILLED NURSING FACILITY,2625 LAUREL OAK DRIVE,BESSEMER,AL,35022,2054974520,360,Jefferson,Y,Non profit - Corporation,130,122.8,NA,Medicare and Medicaid,N,"OAKS ON PARKWOOD, LLC",1971-07-01,NOLAND HEALTH,374,10,2.7,2.4,4.1,3.3,Y,NA,N,Y,N,Resident,Yes,2,NA,1,NA,2,NA,2,NA,1,NA,5,NA,NA,NA,2.56326,0.67492,0.68694,1.36186,3.92512,3.35156,0.57238,0.02103,45.5,NA,28.6,NA,0,NA,1.20244,0.86401,2.01483,0.74332,0.58694,3.34509,2.96754,2.94598,0.7757,0.78951,4.51119,3.85199,2021-05-20,7,2,5,127,1,0,127,2019-07-18,7,6,1,44,1,0,44,106.25,NA,1,17345,0,1,"2625 LAUREL OAK DRIVE,BESSEMER,AL,35022",33.3426,-86.962,22,2026-06-01
015371,HERITAGE HEALTH CARE & REHAB INC,1101 SNOWS MILL AVENUE,TUSCALOOSA,AL,35406,2057595179,620,Tuscaloosa,Y,For profit - Corporation,216,137.9,NA,Medicare and Medicaid,N,"HERITAGE HEALTH CARE & REHAB, INC.",1977-08-01,NA,NA,NA,NA,NA,NA,NA,N,NA,N,Y,N,Resident,Yes,3,NA,3,NA,4,NA,5,NA,3,NA,4,NA,NA,NA,3.00753,0.85647,0.40189,1.25836,4.26588,3.59496,0.19026,0.0092,48.6,NA,25,NA,1,NA,1.28734,0.92502,2.1571,0.79581,0.62838,3.58129,3.17709,3.22861,0.91943,0.43143,4.57946,3.85922,2022-01-27,2,2,0,8,1,0,8,2019-05-16,4,4,0,28,1,0,28,13,NA,0,0,0,0,"1101 SNOWS MILL AVENUE,TUSCALOOSA,AL,35406",33.2283,-87.56,NA,2026-06-01
015372,REGENCY HEALTH CARE AND REHABILITATION CENTER,"2061 POOLE DRIVE, NW",HUNTSVILLE,AL,35810,2568529290,440,Madison,Y,For profit - Corporation,90,85.1,NA,Medicare and Medicaid,N,HUNTSVILLE SENIOR SERVICES LLC,1980-03-01,NA,NA,NA,NA,NA,NA,NA,N,NA,N,N,N,Resident,Yes,1,NA,1,NA,4,NA,4,NA,4,NA,3,NA,NA,NA,2.62321,1.22234,0.55772,1.78006,4.40327,3.44315,0.31019,0.06025,68.6,NA,80,NA,1,NA,1.30887,0.94049,2.19317,0.80912,0.63889,3.64118,3.23021,2.76973,1.29061,0.58887,4.64921,3.63546,2024-08-21,14,14,14,189,1,0,189,2019-08-29,3,3,0,12,1,0,12,144.75,NA,2,16801,1,3,"2061 POOLE DRIVE, NW,HUNTSVILLE,AL,35810",34.7605,-86.593,NA,2026-06-01
015373,HENRY COUNTY HEALTH AND REHABILITATION FACILITY,212 DOTHAN ROAD,ABBEVILLE,AL,36310,3345852241,330,Henry,Y,Government - County,142,81.6,NA,Medicare and Medicaid,N,HENRY COUNTY NURSING HOME,1980-12-12,NA,NA,NA,NA,NA,NA,NA,N,NA,N,Y,N,Resident,Yes,4,NA,3,NA,3,NA,3,NA,4,NA,5,NA,NA,NA,3.00831,1.27529,0.69565,1.97094,4.97925,4.307,0.41464,0.02067,43.9,NA,7.7,NA,0,NA,1.20352,0.86479,2.01664,0.74399,0.58747,3.3481,2.97021,3.45438,1.46439,0.7988,5.71757,4.94564,2022-02-04,3,3,0,12,1,0,12,2019-05-16,3,3,0,24,1,0,24,15,0,0,0,0,0,"212 DOTHAN ROAD,ABBEVILLE,AL,36310",31.5548,-85.253,NA,2026-06-01
015374,"THE PINE OF CAMDEN, LLC",550 PONDEROSA DRIVE,CAMDEN,AL,36726,3346824231,650,Wilcox,N,For profit - Corporation,95,61.1,NA,Medicare and Medicaid,N,THE PINES OF CAMDEN LLC,1980-10-24,NA,NA,NA,NA,NA,NA,NA,N,NA,N,Y,N,Resident,Yes,5,NA,5,NA,2,NA,2,NA,NA,2,5,NA,NA,NA,2.80065,1.18479,0.48635,1.67114,4.47179,3.92962,0.21606,0,14,NA,0,NA,0,NA,1.2091,0.8688,2.02599,0.74744,0.59019,3.36362,2.98398,3.20109,1.3542,0.55589,5.11117,4.49148,2021-03-18,0,0,0,0,0,0,0,2019-01-31,1,1,0,4,1,0,4,1,NA,0,0,0,0,"550 PONDEROSA DRIVE,CAMDEN,AL,36726",32.02,-87.28,NA,2026-06-01
015375,ANNISTON HEALTH AND REHAB SERVICES,600 E 8TH STREET,ANNISTON,AL,36207,2562364949,070,Calhoun,Y,Non profit - Other,85,79.9,NA,Medicare and Medicaid,N,"ANNISTON HEALTH AND REHAB SERVICES, LLC",1981-01-20,NOLAND HEALTH,374,10,2.7,2.4,4.1,3.3,N,NA,N,Y,N,Resident,Yes,4,NA,3,NA,3,NA,2,NA,3,NA,5,NA,NA,NA,2.69925,0.44048,1.0083,1.44878,4.14803,3.73613,0.49457,0.04527,37.2,NA,29.4,NA,0,NA,1.25102,0.89892,2.09624,0.77335,0.61065,3.48025,3.08745,2.9818,0.48658,1.11385,4.58223,4.12722,2021-12-02,2,2,0,20,1,0,20,2019-06-27,2,2,0,20,1,0,20,20,NA,0,0,0,0,"600 E 8TH STREET,ANNISTON,AL,36207",33.6549,-85.822,NA,2026-06-01
015376,DIVERSICARE OF WINFIELD,144 COUNTY HWY 14,WINFIELD,AL,35594,2054874211,460,Marion,N,For profit - Corporation,123,101.7,NA,Medicare and Medicaid,N,DIVERSICARE OF WINFIELD LLC,1981-04-08,DIVERSICARE HEALTHCARE,185,46,2.5,2.4,2.9,3.5,N,NA,N,Y,N,Resident,Yes,4,NA,4,NA,2,NA,2,NA,3,NA,4,NA,NA,NA,1.99515,0.35445,0.91378,1.26823,3.26338,2.70962,0.58474,0.01226,38.7,NA,15.8,NA,0,NA,1.20304,0.86445,2.01584,0.74369,0.58723,3.34677,2.96903,2.2919,0.40717,1.0497,3.74876,3.11264,2021-06-03,2,2,0,8,1,0,8,2020-02-06,1,1,0,4,1,0,4,7,NA,0,0,0,0,"144 COUNTY HWY 14,WINFIELD,AL,35594",33.9377,-87.822,NA,2026-06-01
015378,MARSHALL MANOR NURSING HOME,3120 NORTH STREET,GUNTERSVILLE,AL,35976,2565826561,470,Marshall,N,For profit - Corporation,91,85.2,NA,Medicare and Medicaid,N,PREFERRED HEALTH HOLDINGS LLC,1982-02-25,PRESTON HEALTH SERVICES,702,5,3.2,3.2,3.4,2.6,N,NA,N,Y,N,Resident,Yes,3,NA,3,NA,2,NA,3,NA,2,NA,4,NA,NA,NA,2.59355,1.03995,0.54266,1.58262,4.17616,3.26368,0.21942,0.01901,55.2,NA,41.7,NA,0,NA,1.25084,0.89879,2.09594,0.77324,0.61057,3.47975,3.087,2.86544,1.14898,0.59956,4.61397,3.60583,2023-06-23,2,2,0,20,1,0,20,2019-08-22,0,0,0,0,0,0,0,15,NA,0,0,0,0,"3120 NORTH STREET,GUNTERSVILLE,AL,35976",34.3163,-86.312,NA,2026-06-01
015379,MOBILE NURSING AND REHABILITATION CENTER,7020 BRUNS DRIVE,MOBILE,AL,36695,2516391588,480,Mobile,Y,For profit - Limited Liability company,120,101.3,NA,Medicare and Medicaid,N,Legal Business Name Not Available,1982-07-19,NORBERT BENNETT & DONALD DENZ,771,27,1.8,2,2.6,2.3,N,NA,N,N,N,Resident,Yes,2,NA,2,NA,4,NA,4,NA,4,NA,3,NA,NA,NA,1.93048,0.82186,0.45611,1.27797,3.20845,2.63176,0.17365,0.10022,62.4,NA,33.3,NA,0,NA,1.16945,0.84031,1.95955,0.72293,0.57084,3.25332,2.88613,2.28131,0.97122,0.539,3.79153,3.11004,2025-06-27,10,10,4,56,1,0,56,2019-08-22,1,1,0,4,1,0,4,43,0,1,13520,0,1,"7020 BRUNS DRIVE,MOBILE,AL,36695",30.6476,-88.237,22,2026-06-01
015381,WILLOWBROOKE CT SKILLED CARE CTR WESTMINSTER VLG,500 SPANISH FORT BLVD,SPANISH FORT,AL,36527,2516267007,010,Baldwin,Y,Non profit - Corporation,60,10.3,NA,Medicare and Medicaid,N,ACTS RETIREMENT-LIFE COMMUNITIES INC,1983-07-07,ACTS RETIREMENT-LIFE COMMUNITIES,9,27,4.7,4.4,4.8,4.4,Y,NA,N,Y,N,Resident,Yes,5,NA,3,NA,5,NA,NA,2,5,NA,5,NA,NA,NA,2.43994,0.42674,1.26295,1.68969,4.12963,3.76992,1.12026,0.96025,NA,27,NA,27,NA,27,1.17921,0.84732,1.97591,0.72896,0.5756,3.28048,2.91022,2.85948,0.50012,1.48011,4.83971,4.41816,2021-04-08,1,1,0,16,1,0,16,2019-02-14,1,1,0,16,1,0,16,16,NA,0,0,0,0,"500 SPANISH FORT BLVD,SPANISH FORT,AL,36527",30.6669,-87.917,NA,2026-06-01
015382,CANTERBURY HEALTH CARE FACILITY,1720 KNOWLES ROAD,PHENIX CITY,AL,36869,3342910485,560,Russell,Y,For profit - Corporation,137,129.1,NA,Medicare and Medicaid,N,CANTERBURY AOP SNF OPERATIONS LLC,1983-06-28,VENZA CARE MANAGEMENT,614,22,2.4,2.5,3.3,2.4,N,NA,N,Y,N,Resident,Yes,2,NA,2,NA,2,NA,5,NA,1,NA,3,NA,NA,NA,2.90276,0.94872,0.35274,1.30145,4.20421,3.60226,0.1798,0.03049,51.7,NA,60,NA,0,NA,1.26295,0.90749,2.11623,0.78073,0.61648,3.51343,3.11688,3.17633,1.03813,0.38598,4.60043,3.94175,2023-06-02,6,6,0,24,2,12,36,2021-04-23,6,5,1,72,1,0,72,45,NA,0,0,0,0,"1720 KNOWLES ROAD,PHENIX CITY,AL,36869",32.4478,-85.019,NA,2026-06-01
015383,WOODLAND VILLAGE REHABILITATION AND HEALTHCARE CEN,1900 OLIVE STREET SW,CULLMAN,AL,35056,2567391430,210,Cullman,N,For profit - Corporation,149,138,NA,Medicare and Medicaid,N,WOODLAND SNF OPERATIONS LLC,1983-08-09,VENZA CARE MANAGEMENT,614,22,2.4,2.5,3.3,2.4,N,NA,N,Y,N,Both,Yes,4,NA,4,NA,2,NA,2,NA,2,NA,4,NA,NA,NA,2.77046,0.92122,0.60318,1.5244,4.29486,3.5687,0.28274,0.04098,37.3,NA,18.2,NA,0,NA,1.26679,0.91026,2.12267,0.78311,0.61835,3.52413,3.12637,3.02236,1.00498,0.65803,4.68536,3.89317,2021-05-06,1,1,0,4,1,0,4,2019-06-26,1,1,0,16,1,0,16,7,NA,0,0,0,0,"1900 OLIVE STREET SW,CULLMAN,AL,35056",34.1517,-86.846,NA,2026-06-01
015386,ADAMS REHABILITATION AND HEALTHCARE CENTER,1555 HILLABEE STREET,ALEXANDER CITY,AL,35010,2563290847,610,Tallapoosa,N,For profit - Limited Liability company,88,66.5,NA,Medicare and Medicaid,N,ADAMS SNF OPERATIONS LLC,1984-02-27,VENZA CARE MANAGEMENT,614,22,2.4,2.5,3.3,2.4,N,NA,N,Y,N,Resident,Yes,5,NA,5,NA,2,NA,2,NA,1,NA,5,NA,NA,NA,2.66196,0.63476,0.95034,1.5851,4.24706,3.56594,0.42995,0.08208,44.9,NA,10,NA,0,NA,1.25942,0.90496,2.11031,0.77855,0.61475,3.50361,3.10817,2.92099,0.69653,1.04282,4.66034,3.91295,2021-06-03,1,1,0,4,1,0,4,2019-02-28,0,0,0,0,0,0,0,3,NA,0,0,0,0,"1555 HILLABEE STREET,ALEXANDER CITY,AL,35010",32.9431,-85.94,NA,2026-06-01
015388,EAST GLEN,53 MEDICAL PARK DRIVE EAST,BIRMINGHAM,AL,35235,2058331777,360,Jefferson,Y,For profit - Corporation,108,97.3,NA,Medicare and Medicaid,N,"EAST GLEN, LLC",1985-03-29,NOLAND HEALTH,374,10,2.7,2.4,4.1,3.3,N,NA,N,Y,N,Resident,Yes,2,NA,2,NA,3,NA,4,NA,3,NA,3,NA,NA,NA,2.34988,0.67611,0.54937,1.22548,3.57537,3.12085,0.27459,0.02566,57.9,NA,50,NA,0,NA,1.19871,0.86134,2.00859,0.74102,0.58512,3.33473,2.95835,2.70914,0.77948,0.63336,4.12198,3.59798,2023-03-16,3,3,0,12,1,0,12,2019-11-08,5,4,1,72,1,0,72,27,NA,0,0,0,0,"53 MEDICAL PARK DRIVE EAST,BIRMINGHAM,AL,35235",33.5917,-86.668,NA,2026-06-01
015390,CAPITOL HILL HEALTHCARE CENTER,520 SOUTH HULL STREET,MONTGOMERY,AL,36104,3348342920,500,Montgomery,Y,For profit - Corporation,284,218.2,NA,Medicare and Medicaid,N,"CAPITOL HILL HEALTHCARE CENTER, INC",1986-06-05,NA,NA,NA,NA,NA,NA,NA,N,NA,N,Y,N,Resident,Yes,4,NA,4,NA,3,NA,3,NA,2,NA,3,NA,NA,NA,2.56196,1.25978,0.40026,1.66003,4.22199,3.60423,0.15098,0.01701,37.8,NA,45.5,NA,2,NA,1.1854,0.85177,1.98628,0.73279,0.57862,3.29769,2.9255,2.98681,1.46869,0.46663,4.92213,4.20192,2021-04-01,1,1,0,8,1,0,8,2019-02-21,1,1,0,4,1,0,4,7,NA,0,0,0,0,"520 SOUTH HULL STREET,MONTGOMERY,AL,36104",32.3716,-86.304,NA,2026-06-01
015391,"JACKSONVILLE HEALTH AND REHABILITATION, LLC",410 WILSON DRIVE SOUTHWEST,JACKSONVILLE,AL,36265,2564357704,070,Calhoun,Y,For profit - Corporation,167,146.7,NA,Medicare and Medicaid,N,"JACKSONVILLE HEALTH AND REHABILITATION, LLC",1986-10-23,NHS MANAGEMENT,372,43,3,2.8,3.7,3.5,N,NA,N,Y,N,Resident,Yes,3,NA,2,NA,5,NA,5,NA,4,NA,4,NA,NA,NA,3.09575,0.60804,0.44368,1.05172,4.14747,3.51933,0.15121,0.00975,43.8,NA,23.5,NA,0,NA,1.31555,0.94529,2.20437,0.81325,0.64215,3.65976,3.2467,3.25206,0.63874,0.46608,4.35688,3.69702,2023-09-29,4,4,0,32,1,0,32,2019-09-19,4,4,0,32,1,0,32,32,NA,0,0,0,0,"410 WILSON DRIVE SOUTHWEST,JACKSONVILLE,AL,36265",33.8102,-85.764,NA,2026-06-01
015392,CYPRESS COVE CARE CENTER,200 ALABAMA AVENUE,MUSCLE SHOALS,AL,35661,2563814330,160,Colbert,Y,For profit - Corporation,90,76.1,NA,Medicare and Medicaid,N,SUNBRIDGE HEALTHCARE LLC,1987-02-02,GENESIS HEALTHCARE,237,187,2.4,2.3,2.5,3.6,N,NA,N,Y,N,Resident,Yes,5,NA,5,NA,4,NA,5,NA,4,NA,4,NA,NA,NA,1.77916,0.41834,1.05333,1.47167,3.25083,2.80453,0.63474,0.02773,39.1,NA,23.5,NA,0,NA,1.26148,0.90644,2.11376,0.77982,0.61576,3.50934,3.11325,1.9491,0.4583,1.15395,3.56135,3.07243,2020-01-09,1,1,0,4,1,0,4,2018-12-13,0,0,0,0,0,0,0,3,NA,0,0,0,0,"200 ALABAMA AVENUE,MUSCLE SHOALS,AL,35661",34.743,-87.638,NA,2026-06-01
015393,CROWNE HEALTH CARE OF MONTGOMERY,1837 UPPER WETUMPKA ROAD,MONTGOMERY,AL,36107,3342648416,500,Montgomery,Y,For profit - Corporation,185,156.1,NA,Medicare and Medicaid,N,"CROWNE HEALTH CARE OF MONTGOMERY, LLC",1987-02-12,CROWNE HEALTH CARE,174,18,4.2,3.8,4.4,2.9,N,NA,N,Y,N,Resident,Yes,4,NA,4,NA,2,NA,3,NA,1,NA,4,NA,NA,NA,2.69875,0.82435,0.66855,1.4929,4.19165,3.09345,0.38442,0.01051,49.1,NA,28.6,NA,1,NA,1.23459,0.88712,2.06871,0.7632,0.60263,3.43454,3.0469,3.02092,0.92276,0.74836,4.69204,3.46275,2023-04-17,0,0,0,0,0,0,0,2021-04-16,4,4,0,44,1,0,44,11,0,0,0,0,0,"1837 UPPER WETUMPKA ROAD,MONTGOMERY,AL,36107",32.3862,-86.282,NA,2026-06-01
015396,DIVERSICARE OF GREENSBORO,616 ARMORY STREET,GREENSBORO,AL,36744,3346243054,320,Hale,Y,For profit - Corporation,97,77.8,NA,Medicare and Medicaid,N,DAC OF GREENSBORO LLC,1987-05-22,DIVERSICARE HEALTHCARE,185,46,2.5,2.4,2.9,3.5,N,NA,N,Y,N,Resident,Yes,5,NA,4,NA,5,NA,5,NA,NA,2,3,NA,NA,NA,1.78873,0.59612,0.50313,1.09925,2.88798,2.43986,0.27944,0.00779,37.7,NA,12.5,NA,0,NA,1.17899,0.84717,1.97554,0.72883,0.57549,3.27986,2.90968,2.09669,0.69876,0.58975,3.38519,2.85992,2024-02-01,3,3,0,12,1,0,12,2019-12-12,2,2,0,8,1,0,8,11,NA,0,0,0,0,"616 ARMORY STREET,GREENSBORO,AL,36744",32.6999,-87.585,NA,2026-06-01
015397,WINDSOR HOUSE,4411 MCALLISTER DRIVE,HUNTSVILLE,AL,35805,2568378585,440,Madison,Y,For profit - Corporation,117,103.7,NA,Medicare and Medicaid,N,"DIVERSICARE WINDSOR HOUSE, LLC",1987-10-16,DIVERSICARE HEALTHCARE,185,46,2.5,2.4,2.9,3.5,N,NA,N,Y,N,Resident,Yes,1,NA,1,NA,3,NA,5,NA,1,NA,2,NA,NA,NA,1.74765,0.56541,0.45078,1.01619,2.76384,2.38125,0.24965,0.02886,59.6,NA,64.7,NA,0,NA,1.17137,0.84169,1.96277,0.72411,0.57177,3.25866,2.89087,2.06186,0.66707,0.53182,3.26076,2.80938,2021-05-29,11,11,0,92,1,0,92,2019-03-07,10,1,9,186,1,0,186,115.5,4,1,266231,0,1,"4411 MCALLISTER DRIVE,HUNTSVILLE,AL,35805",34.7174,-86.629,NA,2026-06-01
015398,MONROE MANOR HEALTH & REHABILITATION CENTER,236 WEST CLAIBORNE STREET,MONROEVILLE,AL,36460,2515752648,490,Monroe,N,For profit - Corporation,84,69.8,NA,Medicare and Medicaid,N,MONROE MANOR NURSING HOME LLC,1988-01-07,BALL HEALTHCARE SERVICES,66,10,2.8,2.7,3.4,2.8,N,NA,N,N,N,Both,Yes,1,NA,1,NA,3,NA,2,NA,3,NA,4,NA,NA,NA,2.3604,1.03881,0.69166,1.73048,4.09088,3.44307,0.34037,0.00472,23,NA,27.3,NA,NA,26,1.2318,0.88511,2.06403,0.76147,0.60127,3.42678,3.04001,2.64817,1.16546,0.77599,4.58962,3.86283,2026-04-13,12,12,2,68,1,0,68,2019-12-05,1,1,0,4,1,0,4,52,NA,0,0,0,0,"236 WEST CLAIBORNE STREET,MONROEVILLE,AL,36460",31.5265,-87.328,NA,2026-06-01
015400,MEADOWVIEW NURSING CENTER,7300 OLD HIGHWAY 78 EAST,PELL CITY,AL,35128,2056405212,570,St. Clair,Y,For profit - Corporation,59,56.3,NA,Medicare and Medicaid,N,"ST. CLAIR HEALTH & REHAB, INC.",1988-02-11,"TRINITY MANAGEMENT, INC.",527,5,4,3.2,4.2,4,N,NA,N,Y,N,Resident,Yes,3,NA,3,NA,3,NA,3,NA,2,NA,3,NA,NA,NA,2.57997,0.75834,0.68787,1.44621,4.02619,3.63863,0.44555,0.00487,51.7,NA,60,NA,NA,26,1.23719,0.88899,2.07306,0.7648,0.6039,3.44177,3.05331,2.8819,0.84709,0.76837,4.49736,4.06445,2023-06-21,1,1,0,4,1,0,4,2021-04-15,6,4,2,36,1,0,36,12,NA,0,0,0,0,"7300 OLD HIGHWAY 78 EAST,PELL CITY,AL,35128",33.5863,-86.286,22,2026-06-01
015402,EL REPOSO NURSING FACILITY,260 MILNER CHAPEL ROAD,FLORENCE,AL,35634,2567572143,380,Lauderdale,Y,For profit - Corporation,60,58.5,NA,Medicare and Medicaid,N,EL REPOSO NURSING FACILITY,1989-03-16,NA,NA,NA,NA,NA,NA,NA,N,NA,N,N,N,Resident,Yes,4,NA,3,NA,5,NA,5,NA,NA,2,4,NA,NA,NA,3.12667,0.95043,0.45915,1.40958,4.53626,3.69875,0.20664,0,47,NA,37.5,NA,0,NA,1.2815,0.92083,2.14731,0.7922,0.62553,3.56504,3.16267,3.37181,1.02495,0.49515,4.89191,3.98874,2024-07-03,1,1,1,16,1,0,16,2019-08-01,0,0,0,0,0,0,0,12,NA,0,0,0,0,"260 MILNER CHAPEL ROAD,FLORENCE,AL,35634",34.7997,-87.676,22,2026-06-01
015403,"PALM GARDENS HEALTH AND REHABILITATION, LLC",3104 DAUPHIN SQUARE CONNECTOR,MOBILE,AL,36607,2514502800,480,Mobile,Y,For profit - Corporation,100,87.6,NA,Medicare and Medicaid,N,PALM GARDENS HEALTH AND REHABILITATION LLC,1989-10-04,NHS MANAGEMENT,372,43,3,2.8,3.7,3.5,N,NA,N,Y,N,Resident,Yes,5,NA,5,NA,3,NA,4,NA,3,NA,4,NA,NA,NA,2.80625,0.50391,1.1724,1.67631,4.48257,3.85868,0.76346,0.05557,64.2,NA,52.6,NA,0,NA,1.26434,0.90849,2.11855,0.78159,0.61715,3.5173,3.12031,3.06735,0.55079,1.28148,4.89963,4.2177,2021-07-16,0,0,0,0,0,0,0,2019-11-14,0,0,0,0,0,0,0,0,NA,0,0,0,0,"3104 DAUPHIN SQUARE CONNECTOR,MOBILE,AL,36607",30.698,-88.102,22,2026-06-01
015404,BARON HOUSE OF HUEYTOWN,190 BROOKLANE DRIVE,HUEYTOWN,AL,35023,2054912905,360,Jefferson,Y,For profit - Limited Liability company,50,34.6,NA,Medicare and Medicaid,N,DIVERSICARE OF HUEYTOWN LLC,1989-12-08,DIVERSICARE HEALTHCARE,185,46,2.5,2.4,2.9,3.5,N,NA,N,Y,N,Resident,Yes,4,NA,4,NA,3,NA,3,NA,NA,2,3,NA,NA,NA,1.98687,0.3535,0.74869,1.10219,3.08906,2.76804,0.42904,0.03411,35.5,NA,66.7,NA,0,NA,1.25748,0.90357,2.10707,0.77735,0.61381,3.49823,3.1034,2.18357,0.3885,0.82281,3.39487,3.04207,2024-03-13,3,3,0,8,1,0,8,2019-10-24,2,2,0,8,1,0,8,8,NA,0,0,0,0,"190 BROOKLANE DRIVE,HUEYTOWN,AL,35023",33.4464,-86.979,NA,2026-06-01
015406,"Greenway Health and Rehabilitation Center, LLC",13750 HIGHWAY 90 WEST,GRAND BAY,AL,36541,2518656443,480,Mobile,Y,For profit - Corporation,92,73.2,NA,Medicare and Medicaid,N,ARABELLA HEALTH & WELLNESS OF GRAND BAY OPCO LLC,1993-06-29,ARABELLA HEALTHCARE MANAGEMENT,633,13,2.8,2.5,2.9,3.7,N,NA,Y,Y,N,Resident,Yes,2,NA,1,NA,5,NA,5,NA,NA,2,2,NA,NA,NA,2.02792,1.00646,0.50908,1.51553,3.54346,3.06702,0.2664,0.06899,75,NA,90,NA,2,NA,1.19581,0.85925,2.00373,0.73923,0.5837,3.32666,2.95119,2.34363,1.16314,0.58833,4.0951,3.54449,2023-08-17,2,1,1,104,1,0,104,2022-07-13,16,3,13,671,1,0,671,245.75,NA,8,78421,2,10,"13750 HIGHWAY 90 WEST,GRAND BAY,AL,36541",30.4906,-88.331,22,2026-06-01
015407,HEALTH CARE INC,38286 US HIGHWAY 231,ASHVILLE,AL,35953,2055945148,570,St. Clair,Y,For profit - Individual,53,49.8,NA,Medicare and Medicaid,N,"HEALTH CARE, INC.",1990-08-22,NA,NA,NA,NA,NA,NA,NA,N,NA,N,Y,N,Both,Yes,3,NA,3,NA,3,NA,3,NA,NA,2,2,NA,NA,NA,2.09414,0.81641,0.26607,1.08248,3.1766200000000002,2.66735,0.21603,0,73.7,NA,75,NA,1,NA,1.01279,0.72774,1.69705,0.62608,0.49437,2.8175,2.4995,2.85751,1.11402,0.36306,4.33458,3.63967,2022-08-24,3,3,0,24,1,0,24,2021-08-12,0,0,0,0,0,0,0,18,NA,0,0,0,0,"38286 US HIGHWAY 231,ASHVILLE,AL,35953",33.875,-86.299,NA,2026-06-01
015408,"WALKER REHABILITATION CENTER, INC",350 NORTHEAST 4TH STREET,CARBON HILL,AL,35549,2059244404,630,Walker,Y,For profit - Corporation,59,48.2,NA,Medicare and Medicaid,N,"WALKER REHABILITATION CENTER, INC",1990-10-04,NA,NA,NA,NA,NA,NA,NA,N,SFF Candidate,Y,N,N,Resident,Yes,1,NA,1,NA,1,NA,1,NA,1,NA,2,NA,NA,NA,1.82023,0.81339,0.52123,1.33461,3.15484,2.64847,0.23387,0.00439,66,NA,90,NA,1,NA,1.22083,0.87723,2.04565,0.75469,0.59592,3.39626,3.01293,2.06049,0.92075,0.59003,3.57127,2.99805,2024-11-30,10,10,9,924,1,0,924,2020-02-06,3,2,1,12,1,0,12,696,NA,1,235127,0,1,"350 NORTHEAST 4TH STREET,CARBON HILL,AL,35549",33.8892,-87.522,NA,2026-06-01
015411,SHELBY RIDGE NURSING HOME,881 3RD STREET NORTHEAST,ALABASTER,AL,35007,2056208500,580,Shelby,Y,For profit - Corporation,131,130.2,NA,Medicare and Medicaid,N,SHELBY RIDGE ACQUISITION CORPORATION,1991-01-10,REHAB SELECT,444,5,3.4,3.2,3.8,3.2,N,NA,N,Y,N,Resident,Yes,2,NA,3,NA,1,NA,2,NA,1,NA,3,NA,NA,NA,3.13079,1.37172,0.35988,1.7316,4.86239,4.11203,0.21484,0.0599,62.2,NA,70.6,NA,1,NA,1.26567,0.90945,2.12078,0.78241,0.6178,3.52099,3.12359,3.41849,1.49777,0.39295,5.30921,4.48991,2022-06-16,3,3,0,24,1,0,24,2019-12-12,3,3,0,12,1,0,12,21,NA,0,0,0,0,"881 3RD STREET NORTHEAST,ALABASTER,AL,35007",33.2541,-86.81,NA,2026-06-01
015413,LIGHTHOUSE REHABILITATION & HEALTHCARE CENTER,2911 EARL GOODWIN PARKWAY,SELMA,AL,36703,3348751868,230,Dallas,N,For profit - Corporation,68,56.7,NA,Medicare and Medicaid,N,BALL HEALTHCARE DALLAS LLC,1991-01-10,BALL HEALTHCARE SERVICES,66,10,2.8,2.7,3.4,2.8,N,NA,Y,Y,N,Both,Yes,3,NA,2,NA,2,NA,3,NA,1,NA,5,NA,NA,NA,2.60042,1.21226,0.6353,1.84755,4.44797,3.65619,0.3576,0.00561,28.6,NA,28.6,NA,0,NA,1.28402,0.92263,2.15153,0.79375,0.62676,3.57205,3.16888,2.7988,1.30474,0.68376,4.7873,3.93512,2020-01-24,4,4,0,48,1,0,48,2019-02-28,3,3,0,24,1,0,24,42,NA,0,0,0,0,"2911 EARL GOODWIN PARKWAY,SELMA,AL,36703",32.4432,-87.015,NA,2026-06-01
015414,LAFAYETTE NURSING HOME,555 B STREET SW,LAFAYETTE,AL,36862,3348649371,080,Chambers,N,For profit - Individual,63,51.4,NA,Medicare and Medicaid,N,LAFAYETTE NURSING HOME LLC,1991-01-10,NA,NA,NA,NA,NA,NA,NA,N,NA,N,Y,N,Both,Yes,3,NA,4,NA,2,NA,2,NA,NA,2,1,NA,NA,NA,1.83226,0.85503,0.45836,1.31339,3.14565,2.41839,0.27364,0.00217,NA,26,NA,26,NA,26,1.12866,0.811,1.89121,0.69771,0.55092,3.13984,2.78546,2.24349,1.04694,0.56123,3.85166,2.96118,2022-09-21,1,1,0,8,1,0,8,2020-03-12,2,2,0,12,1,0,12,9,NA,0,0,0,0,"555 B STREET SW,LAFAYETTE,AL,36862",32.894,-85.402,NA,2026-06-01
015416,ANDALUSIA MANOR,670 MOORE RD,ANDALUSIA,AL,36420,3342224544,190,Covington,N,For profit - Limited Liability company,154,97.8,NA,Medicare and Medicaid,N,ANDALUSIA MANOR LLC,1991-04-17,NA,NA,NA,NA,NA,NA,NA,N,NA,N,Y,N,Resident,Yes,4,NA,3,NA,3,NA,2,NA,4,NA,5,NA,NA,NA,2.62658,0.80883,0.7786,1.58743,4.214,3.40422,0.408,0.00869,40.4,NA,14.3,NA,0,NA,1.1655,0.83748,1.95295,0.72049,0.56891,3.24235,2.8764,3.11441,0.95906,0.9232,4.99667,4.03649,2024-01-04,2,2,0,20,1,0,20,2019-10-17,2,2,0,20,1,0,20,20,NA,0,0,0,0,"670 MOORE RD,ANDALUSIA,AL,36420",31.2815,-86.498,NA,2026-06-01
015417,CROWNE HEALTHCARE OF NORTH BALDWIN,2010 MEDICAL CENTER DRIVE,BAY MINETTE,AL,36507,2519373501,010,Baldwin,Y,Non profit - Corporation,75,68.3,NA,Medicare and Medicaid,N,CROWNE HEALTH CARE OF NORTH BALDWIN LLC,1991-06-12,CROWNE HEALTH CARE,174,18,4.2,3.8,4.4,2.9,N,NA,N,Y,N,Resident,Yes,3,NA,2,NA,4,NA,4,NA,3,NA,5,NA,NA,NA,2.45485,0.76885,0.94236,1.71122,4.16607,3.39915,0.48428,0.05675,42.9,NA,21.4,NA,0,NA,1.18729,0.85313,1.98945,0.73396,0.57954,3.30295,2.93016,2.85739,0.89493,1.09689,4.84921,3.95653,2021-11-18,6,6,0,36,1,0,36,2019-04-04,2,2,0,20,1,0,20,32,NA,0,0,0,0,"2010 MEDICAL CENTER DRIVE,BAY MINETTE,AL,36507",30.8746,-87.776,22,2026-06-01
015419,HARTFORD HEALTH CARE,217 TORO ROAD,HARTFORD,AL,36344,3345883842,300,Geneva,Y,For profit - Corporation,86,80.3,NA,Medicare and Medicaid,N,"DIVERSICARE HARTFORD, LLC",1992-02-26,DIVERSICARE HEALTHCARE,185,46,2.5,2.4,2.9,3.5,N,NA,N,Y,N,Resident,Yes,5,NA,4,NA,5,NA,5,NA,4,NA,4,NA,NA,NA,1.87582,0.69014,0.61015,1.30029,3.17612,2.66226,0.35857,0.06049,43.1,NA,33.3,NA,1,NA,1.14616,0.82358,1.92053,0.70853,0.55947,3.18853,2.82865,2.26176,0.83213,0.73569,3.82958,3.21,2023-12-14,5,5,0,12,1,0,12,2022-06-17,0,0,0,0,0,0,0,9,NA,0,0,0,0,"217 TORO ROAD,HARTFORD,AL,36344",31.1007,-85.678,NA,2026-06-01
015420,CUMBERLAND HEALTH AND REHAB,47065 AL HIGHWAY 277,BRIDGEPORT,AL,35740,2564377260,350,Jackson,N,Non profit - Corporation,100,82.2,NA,Medicare and Medicaid,N,HH HEALTH SYSTEM - JACKSON LLC,1992-05-12,HUNTSVILLE HOSPITAL HEALTH SYSTEM,610,3,3.3,2.7,3.7,4.3,N,SFF Candidate,Y,N,N,Resident,Yes,2,NA,1,NA,5,NA,4,NA,5,NA,5,NA,NA,NA,2.61914,0.43533,0.81697,1.2523,3.87143,3.46779,0.46397,0.05874,36,NA,44.4,NA,0,NA,1.14826,0.82508,1.92405,0.70983,0.56049,3.19437,2.83384,3.15223,0.52394,0.98325,4.65942,4.17361,2024-06-03,12,12,11,636,1,0,636,2019-08-29,3,3,0,24,1,0,24,483,NA,1,238745,0,1,"47065 AL HIGHWAY 277,BRIDGEPORT,AL,35740",34.9459,-85.72,22,2026-06-01
015422,TLC NURSING CENTER,212 ELLEN STREET,ONEONTA,AL,35121,2056253520,040,Blount,Y,For profit - Limited Liability company,103,96.2,NA,Medicare and Medicaid,N,"DHS OF BLOUNT COUNTY, LLC",1993-02-04,"TRINITY MANAGEMENT, INC.",527,5,4,3.2,4.2,4,N,NA,N,N,N,Resident,Yes,4,NA,3,NA,5,NA,5,NA,3,NA,4,NA,NA,NA,2.36713,0.61522,0.68768,1.30289,3.67002,3.44062,0.27349,0.00583,25.6,NA,25,NA,0,NA,1.21634,0.874,2.03813,0.75192,0.59372,3.38377,3.00186,2.68947,0.69899,0.78132,4.16978,3.90915,2026-04-02,5,5,2,20,0,0,20,2019-10-24,0,0,0,0,0,0,0,15,NA,0,0,0,0,"212 ELLEN STREET,ONEONTA,AL,35121",33.9642,-86.456,NA,2026-06-01
015423,BROOKDALE UNIVERSITY PARK SNF (AL),501 UNIVERSITY PARK DRIVE,BIRMINGHAM,AL,35209,2058700786,360,Jefferson,Y,For profit - Corporation,66,57.6,NA,Medicare,N,BKD ALABAMA SNF LLC,2002-09-04,BROOKDALE SENIOR LIVING,93,14,3.4,2.6,4.1,4.4,Y,NA,N,N,N,Resident,Yes,2,NA,1,NA,5,NA,5,NA,4,NA,4,NA,NA,NA,2.28069,1.10751,0.91794,2.02545,4.30614,3.86165,0.86702,0.13124,43.8,NA,21.4,NA,0,NA,1.37088,0.98505,2.29708,0.84745,0.66916,3.81368,3.38325,2.29915,1.11647,0.92537,4.34099,3.89291,2024-06-27,8,8,6,60,1,0,60,2019-12-05,3,3,0,28,1,0,28,52,NA,0,0,0,0,"501 UNIVERSITY PARK DRIVE,BIRMINGHAM,AL,35209",33.4583,-86.797,NA,2026-06-01
015424,ROANOKE REHABILITATION & HEALTHCARE CENTER,680 SEYMOUR DRIVE,ROANOKE,AL,36274,3348636151,550,Randolph,N,For profit - Corporation,65,52.6,NA,Medicare and Medicaid,N,ROANOKE HEALTHCARE CENTER LLC,1993-07-12,BALL HEALTHCARE SERVICES,66,10,2.8,2.7,3.4,2.8,N,NA,N,Y,N,Both,Yes,2,NA,2,NA,3,NA,3,NA,NA,2,4,NA,NA,NA,2.43327,0.728,0.61857,1.34657,3.77984,2.92606,0.30833,0.00562,17,NA,42.9,NA,2,NA,1.23467,0.88717,2.06884,0.76325,0.60267,3.43476,3.04709,2.72358,0.81485,0.69237,4.2308,3.27516,2023-09-20,3,3,1,24,1,0,24,2022-03-03,4,4,0,40,1,0,40,28,NA,0,0,0,0,"680 SEYMOUR DRIVE,ROANOKE,AL,36274",33.1417,-85.384,NA,2026-06-01
015425,WESTSIDE TERRACE HEALTH & REHABILITATION CENTER,501 NORTH WOODBURN DRIVE,DOTHAN,AL,36303,3347941000,340,Houston,Y,For profit - Corporation,165,157.4,NA,Medicare and Medicaid,N,"WESTSIDE TERRACE, LLC",1993-09-22,NA,NA,NA,NA,NA,NA,NA,N,NA,N,Y,N,Both,Yes,4,NA,4,NA,4,NA,3,NA,5,NA,4,NA,NA,NA,2.74612,1.13111,0.46982,1.60093,4.34705,3.62828,0.21909,0.04454,34.7,NA,5.9,NA,0,NA,1.22724,0.88184,2.05639,0.75866,0.59905,3.4141,3.02876,3.09235,1.27372,0.52906,4.89514,4.08574,2022-07-29,1,1,0,4,1,0,4,2019-08-15,1,1,0,8,1,0,8,5,NA,0,0,0,0,"501 NORTH WOODBURN DRIVE,DOTHAN,AL,36303",31.241,-85.455,NA,2026-06-01
015426,CROWNE HEALTH CARE OF SPRINGHILL,3712 DAUPHIN ST,MOBILE,AL,36608,2513043013,480,Mobile,Y,For profit - Corporation,46,42.6,NA,Medicare,N,"CROWNE HEALTH CARE OF SPRINGHILL, LLC",1994-02-02,CROWNE HEALTH CARE,174,18,4.2,3.8,4.4,2.9,N,NA,N,Y,N,None,Yes,5,NA,4,NA,3,NA,2,NA,4,NA,5,NA,NA,NA,2.55525,1.05521,1.20119,2.25639,4.81164,3.86243,0.54205,0.10522,41,NA,33.3,NA,0,NA,1.36826,0.98317,2.29269,0.84583,0.66788,3.80641,3.37679,2.58086,1.06578,1.21322,4.85986,3.90114,2020-01-15,0,0,0,0,0,0,0,2018-11-08,2,1,1,20,1,0,20,5,1,0,0,0,0,"3712 DAUPHIN ST,MOBILE,AL,36608",30.6857,-88.133,NA,2026-06-01
015429,KENSINGTON HEALTH AND REHABILITATION,550 CONGRESS STREET,MOBILE,AL,36603,2514335471,480,Mobile,Y,For profit - Partnership,120,112.3,NA,Medicare and Medicaid,N,CONGRESS STREET PARTNERS LP,1995-01-25,WELLINGTON HEALTH CARE SERVICES,559,14,1.8,2,1.8,2.2,N,NA,N,Y,N,Resident,Yes,5,NA,5,NA,3,NA,4,NA,3,NA,4,NA,NA,NA,2.23315,0.7256,0.9041,1.6297,3.86285,3.14057,0.67584,0.08359,41.2,NA,51.9,NA,0,NA,1.2155,0.8734,2.03672,0.7514,0.59332,3.38144,2.99979,2.539,0.82498,1.02793,4.3919,3.5707,2023-07-21,0,0,0,0,0,0,0,2022-02-18,2,2,0,8,1,0,8,2,NA,1,4558,0,1,"550 CONGRESS STREET,MOBILE,AL,36603",30.6947,-88.051,NA,2026-06-01
015431,"VALLEY VIEW HEALTH AND REHABILITATION, LLC",5968 WALL TRIANA HIGHWAY,MADISON,AL,35757,2568302316,440,Madison,Y,For profit - Corporation,155,145.8,NA,Medicare and Medicaid,N,"VALLEY VIEW HEALTH AND REHABILITATION, LLC",1996-03-19,NHS MANAGEMENT,372,43,3,2.8,3.7,3.5,N,NA,N,Y,N,Resident,Yes,4,NA,3,NA,5,NA,5,NA,3,NA,3,NA,NA,NA,2.69463,0.8096,0.70788,1.51748,4.21211,3.74746,0.42691,0.03331,78.7,NA,71,NA,NA,26,1.27085,0.91317,2.12947,0.78561,0.62033,3.53541,3.13638,2.93025,0.88039,0.76977,4.58042,4.07514,2022-04-22,5,5,0,24,1,0,24,2019-08-22,2,2,0,8,1,0,8,20,NA,0,0,0,0,"5968 WALL TRIANA HIGHWAY,MADISON,AL,35757",34.7556,-86.75,NA,2026-06-01
015433,ST MARTIN'S IN THE PINES,4941 MONTEVALLO ROAD,IRONDALE,AL,35210,2059561831,360,Jefferson,Y,Non profit - Church related,128,95.4,NA,Medicare and Medicaid,N,PINES BIRMINGHAM OPCO LLC,1997-07-09,DIVERSICARE HEALTHCARE,185,46,2.5,2.4,2.9,3.5,Y,NA,N,Y,N,Resident,Yes,1,NA,1,NA,2,NA,3,NA,1,NA,3,NA,NA,NA,3.03414,0.62454,0.72084,1.34537,4.37951,3.88423,0.57404,0.05654,62,NA,78.8,NA,3,NA,1.35874,0.97632,2.27673,0.83994,0.66323,3.77991,3.35329,3.08603,0.63522,0.73316,4.45441,3.95065,2019-10-03,5,2,3,145,1,0,145,2018-09-26,2,2,0,8,1,0,8,110.75,NA,0,0,1,1,"4941 MONTEVALLO ROAD,IRONDALE,AL,35210",33.5268,-86.718,NA,2026-06-01
015434,LYNWOOD REHABILITATION AND HEALTHCARE CENTER,4164 HALLS MILL ROAD,MOBILE,AL,36693,2516615404,480,Mobile,Y,For profit - Limited Liability company,127,113.5,NA,Medicare and Medicaid,N,LYNWOOD SNF OPERATIONS LLC,1997-10-08,VENZA CARE MANAGEMENT,614,22,2.4,2.5,3.3,2.4,N,NA,N,N,N,Resident,Yes,2,NA,2,NA,2,NA,2,NA,3,NA,4,NA,NA,NA,2.2919,0.78272,0.96991,1.75263,4.04453,3.15974,0.61245,0.05102,45.2,NA,50,NA,0,NA,1.16009,0.83359,1.94388,0.71714,0.56627,3.22729,2.86304,2.73025,0.93243,1.15541,4.8181,3.76409,2024-10-16,7,7,4,36,1,0,36,2022-02-11,4,4,0,24,1,0,24,33,NA,0,0,0,0,"4164 HALLS MILL ROAD,MOBILE,AL,36693",30.6261,-88.137,NA,2026-06-01
015435,SPRINGHILL SENIOR RESIDENCE,3717 DAUPHIN STREET,MOBILE,AL,36608,2513430909,480,Mobile,Y,For profit - Corporation,151,77.3,NA,Medicare and Medicaid,N,SPRINGHILL NURSING HOMES INC,1997-11-06,NA,NA,NA,NA,NA,NA,NA,N,NA,N,Y,N,Both,Yes,4,NA,4,NA,4,NA,4,NA,3,NA,4,NA,NA,NA,2.00689,1.04998,0.76793,1.8179,3.82479,3.26525,0.454,0.07207,46.8,NA,23.1,NA,1,NA,1.32944,0.95527,2.22765,0.82183,0.64893,3.69841,3.28099,2.08619,1.09147,0.79827,3.97592,3.39427,2020-01-30,0,0,0,0,0,0,0,2018-11-08,4,4,0,28,1,0,28,7,NA,0,0,0,0,"3717 DAUPHIN STREET,MOBILE,AL,36608",30.6855,-88.136,NA,2026-06-01
015436,HILLVIEW TERRACE,100 PERRY HILL RD,MONTGOMERY,AL,36109,3342720171,500,Montgomery,Y,For profit - Corporation,143,139,NA,Medicare and Medicaid,N,HILLVIEW ACQUISITION CORPORATION,1998-05-20,REHAB SELECT,444,5,3.4,3.2,3.8,3.2,N,NA,N,Y,N,Both,Yes,2,NA,2,NA,3,NA,4,NA,1,NA,4,NA,NA,NA,2.95575,1.09326,0.43956,1.53283,4.48857,3.78281,0.2752,0.03514,48.8,NA,50,NA,0,NA,1.18845,0.85396,1.99139,0.73467,0.58011,3.30618,2.93302,3.43706,1.27129,0.51114,5.21948,4.3988,2020-03-05,3,3,0,28,1,0,28,2018-12-20,3,3,0,12,1,0,12,24,0,0,0,0,0,"100 PERRY HILL RD,MONTGOMERY,AL,36109",32.3805,-86.247,NA,2026-06-01
015437,FOLSOM REHABILITATION AND HEALTHCARE CENTER,401 ARNOLD STREET N.E.,CULLMAN,AL,35055,2567394409,210,Cullman,N,For profit - Corporation,102,91.1,NA,Medicare and Medicaid,N,FOLSOM SNF OPERATIONS LLC,1998-06-18,VENZA CARE MANAGEMENT,614,22,2.4,2.5,3.3,2.4,N,NA,N,Y,N,Both,Yes,4,NA,4,NA,4,NA,5,NA,3,NA,4,NA,NA,NA,2.98977,0.79545,0.74216,1.53761,4.52738,3.81412,0.44044,0.03937,50.9,NA,30.8,NA,0,NA,1.31794,0.94701,2.20837,0.81472,0.64332,3.66642,3.2526,3.13503,0.8341,0.77821,4.74734,3.99943,2019-09-26,2,2,0,8,1,0,8,2018-08-23,4,4,0,16,1,0,16,10,NA,0,0,0,0,"401 ARNOLD STREET N.E.,CULLMAN,AL,35055",34.174,-86.844,22,2026-06-01
015440,"HUNTSVILLE HEALTH & REHABILITATION, LLC",4010 CHRIS DRIVE,HUNTSVILLE,AL,35802,2568838656,440,Madison,Y,For profit - Corporation,105,98.5,NA,Medicare and Medicaid,N,"HUNTSVILLE HEALTH AND REHABILITATION, LLC",1999-11-18,NHS MANAGEMENT,372,43,3,2.8,3.7,3.5,N,NA,N,Y,N,Both,Yes,3,NA,3,NA,4,NA,5,NA,2,NA,3,NA,NA,NA,2.75405,0.57165,0.68495,1.2566,4.01065,3.21567,0.41386,0.04329,64.7,NA,61.5,NA,2,NA,1.09926,0.78988,1.84195,0.67954,0.53658,3.05807,2.71292,3.46234,0.71867,0.86111,5.04212,4.04268,2022-01-14,2,2,0,20,1,0,20,2019-10-24,1,1,0,4,1,0,4,16,NA,0,0,0,0,"4010 CHRIS DRIVE,HUNTSVILLE,AL,35802",34.679,-86.578,NA,2026-06-01
015442,ORCHARD REHABILITATION & HEALTHCARE CENTER,629 STATE HIGHWAY 21 SOUTH,HAYNEVILLE,AL,36040,3345485995,420,Lowndes,Y,For profit - Corporation,72,58,NA,Medicare and Medicaid,N,"BALL HEALTHCARE - LOWNDES, INC",2000-09-20,BALL HEALTHCARE SERVICES,66,10,2.8,2.7,3.4,2.8,N,NA,N,Y,N,Resident,Yes,4,NA,5,NA,1,NA,1,NA,NA,2,4,NA,NA,NA,1.80661,0.49862,0.94899,1.44761,3.25423,2.60889,0.46085,0.00494,37.8,NA,11.1,NA,0,NA,1.15023,0.8265,1.92735,0.71105,0.56145,3.19985,2.8387,2.17061,0.59908,1.1402,3.90988,3.13452,2021-04-11,0,0,0,0,0,0,0,2019-01-31,1,1,0,4,1,0,4,1,0,0,0,0,0,"629 STATE HIGHWAY 21 SOUTH,HAYNEVILLE,AL,36040",32.1877,-86.569,NA,2026-06-01
015443,ROBERTSDALE REHABILITATION & HEALTHCARE CTR,18700 U S HIGHWAY 90,ROBERTSDALE,AL,36567,2519471911,010,Baldwin,Y,For profit - Corporation,152,120.5,NA,Medicare and Medicaid,N,ROBERTSDALE NURSING HOME INC,2001-03-16,BALL HEALTHCARE SERVICES,66,10,2.8,2.7,3.4,2.8,N,NA,N,N,N,Resident,Yes,2,NA,2,NA,3,NA,3,NA,3,NA,4,NA,NA,NA,2.72109,0.99199,0.67451,1.66651,4.38759,3.70008,0.41492,0.09618,45.5,NA,33.3,NA,1,NA,1.5258,1.09637,2.55667,0.94322,0.74478,4.24467,3.76559,2.46458,0.89848,0.61093,3.974,3.35129,2024-08-08,7,7,2,48,1,0,48,2019-06-06,2,2,0,8,1,0,8,38,NA,0,0,0,0,"18700 U S HIGHWAY 90,ROBERTSDALE,AL,36567",30.5694,-87.631,22,2026-06-01
015445,CHERRY HILL REHABILITATION & HEALTHCARE CENTER,1250 JEFF GERMANY PARKWAY,BIRMINGHAM,AL,35214,2057960214,360,Jefferson,Y,For profit - Corporation,117,105.9,NA,Medicare and Medicaid,N,BALL HEALTHCARE-JEFFERSON INC,2001-07-26,BALL HEALTHCARE SERVICES,66,10,2.8,2.7,3.4,2.8,N,NA,N,Y,N,Both,Yes,2,NA,2,NA,3,NA,3,NA,2,NA,2,NA,NA,NA,2.43746,0.4766,0.47426,0.95085,3.38831,2.92857,0.21483,0.00885,57.9,NA,73.3,NA,0,NA,1.22328,0.87899,2.04976,0.75621,0.59711,3.40309,3.01899,2.75366,0.53842,0.53578,3.82786,3.30847,2022-12-14,8,8,0,44,1,0,44,2019-12-12,1,1,0,8,1,0,8,35,NA,0,0,0,0,"1250 JEFF GERMANY PARKWAY,BIRMINGHAM,AL,35214",33.5734,-86.893,22,2026-06-01
015446,GREENBRIAR AT THE ALTAMONT SKILLED NURSING FACILIT,2831 HIGHLAND AVENUE SOUTH,BIRMINGHAM,AL,35205,2053232724,360,Jefferson,Y,Non profit - Corporation,95,89.9,NA,Medicare and Medicaid,N,"GREENBRIAR AT THE ALTAMONT, LLC",2002-06-12,NOLAND HEALTH,374,10,2.7,2.4,4.1,3.3,Y,NA,N,Y,N,Both,Yes,3,NA,3,NA,4,NA,4,NA,4,NA,4,NA,NA,NA,2.50728,0.74408,0.61672,1.3608,3.86808,3.00836,0.2874,0.0349,46.3,NA,23.1,NA,0,NA,1.2347,0.8872,2.0689,0.76327,0.60269,3.43486,3.04718,2.80634,0.83283,0.69028,4.32945,3.36718,2021-04-08,1,1,0,16,1,0,16,2020-02-06,2,2,0,24,1,0,24,18,NA,0,0,0,0,"2831 HIGHLAND AVENUE SOUTH,BIRMINGHAM,AL,35205",33.506100000000004,-86.782,NA,2026-06-01
015447,ALTERA HEALTH AND REHABILITATION CENTER,22670 MAIN STREET,FAIRHOPE,AL,36532,2519282177,010,Baldwin,Y,For profit - Limited Liability company,83,58.7,NA,Medicare and Medicaid,N,ARABELLA HEALTH & WELLNESS OF FAIRHOPE OPCO LLC,2002-06-14,ARABELLA HEALTHCARE MANAGEMENT,633,13,2.8,2.5,2.9,3.7,N,NA,N,Y,N,Resident,Yes,4,NA,3,NA,5,NA,5,NA,3,NA,3,NA,NA,NA,2.00883,0.46044,1.00864,1.46908,3.4779,3.08347,0.62447,0.00846,70.4,NA,75,NA,1,NA,1.19535,0.85892,2.00296,0.73894,0.58348,3.32539,2.95006,2.32245,0.53233,1.16611,4.02088,3.56486,2023-03-10,3,3,0,20,1,0,20,2021-09-16,3,2,1,12,1,0,12,18,1,0,0,0,0,"22670 MAIN STREET,FAIRHOPE,AL,36532",30.5547,-87.9,NA,2026-06-01
015448,SOUTH HAMPTON NURSING & REHABILITATION CENTER,213 WILSON MANN ROAD,OWENS CROSS ROADS,AL,35763,2567253400,440,Madison,Y,For profit - Limited Liability company,81,76.5,NA,Medicare and Medicaid,N,SOUTH HAMPTON NURSING AND REHABILITATION CENTER LLC,2002-06-12,PRESTON HEALTH SERVICES,702,5,3.2,3.2,3.4,2.6,N,NA,N,Y,N,Resident,Yes,3,NA,3,NA,2,NA,3,NA,2,NA,3,NA,NA,NA,2.40202,0.9315,0.57997,1.51148,3.91349,3.02917,0.27702,0.05713,54.4,NA,46.2,NA,0,NA,1.22319,0.87892,2.0496,0.75615,0.59707,3.40282,3.01876,2.71383,1.05243,0.65526,4.42152,3.42239,2023-07-14,2,2,1,12,1,0,12,2019-09-05,3,3,0,24,1,0,24,15,NA,0,0,0,0,"213 WILSON MANN ROAD,OWENS CROSS ROADS,AL,35763",34.5872,-86.453,NA,2026-06-01
015450,WILLOWBROOKE CT SKILLED CARE CTR AT MAGNOLIA TRACE,ONE CROWN CIRCLE,HUNTSVILLE,AL,35802,2562611602,440,Madison,Y,Non profit - Corporation,59,16.7,NA,Medicare,N,ACTS RETIREMENT-LIFE COMMUNITIES INC,2003-03-18,ACTS RETIREMENT-LIFE COMMUNITIES,9,27,4.7,4.4,4.8,4.4,Y,NA,N,Y,N,Resident,Yes,5,NA,3,NA,5,NA,NA,2,5,NA,5,NA,NA,NA,2.25941,0.46866,1.31459,1.78326,4.04266,3.67977,0.97694,0.47226,6.3,NA,9.1,NA,0,NA,1.2965,0.93161,2.17245,0.80147,0.63285,3.60678,3.19969,2.40836,0.49956,1.40126,4.30917,3.92235,2022-05-17,3,3,0,24,1,0,24,2019-10-17,1,1,0,8,1,0,8,20,NA,0,0,0,0,"ONE CROWN CIRCLE,HUNTSVILLE,AL,35802",34.6685,-86.56,22,2026-06-01
015451,FLORALA HEALTH AND REHABILITATION LLC,23621 GOLDENROD AVENUE,FLORALA,AL,36442,3348588585,190,Covington,N,For profit - Corporation,85,76.2,NA,Medicare and Medicaid,N,"FLORALA HEALTH AND REHABILITATION, LLC",2003-08-06,NHS MANAGEMENT,372,43,3,2.8,3.7,3.5,N,NA,N,Y,N,Resident,Yes,3,NA,3,NA,3,NA,3,NA,2,NA,4,NA,NA,NA,2.32094,0.72714,0.69171,1.41885,3.73979,3.16817,0.29023,0.01068,47.8,NA,35.7,NA,0,NA,1.1952,0.85881,2.0027,0.73885,0.5834,3.32495,2.94967,2.68365,0.84077,0.7998,4.32422,3.66328,2022-08-24,1,1,0,16,2,8,24,2020-02-13,0,0,0,0,0,0,0,18,NA,0,0,0,0,"23621 GOLDENROD AVENUE,FLORALA,AL,36442",31.001,-86.311,NA,2026-06-01
015452,ARBOR LAKE HEALTH AND REHAB,1365 GATEWOOD DRIVE,AUBURN,AL,36830,3348267200,400,Lee,Y,For profit - Limited Liability company,87,78.1,NA,Medicare and Medicaid,N,"ARBOR LAKE HEALTH & REHAB, LLC",2004-07-19,TRAYLOR PORTER HEALTHCARE,782,5,3,2,4.2,4,N,NA,N,Y,N,Resident,Yes,3,NA,2,NA,5,NA,5,NA,NA,2,3,NA,NA,NA,2.42061,0.8358,0.39094,1.22673,3.64734,2.89167,0.14544,0.00313,50.6,NA,37.5,NA,0,NA,1.15589,0.83057,1.93683,0.71455,0.56422,3.21559,2.85266,2.89407,0.99927,0.4674,4.36074,3.45727,2023-08-09,5,5,5,40,1,0,40,2022-04-29,0,0,0,0,0,0,0,30,NA,0,0,0,0,"1365 GATEWOOD DRIVE,AUBURN,AL,36830",32.6349,-85.449,NA,2026-06-01
015453,"COLUMBIANA HEALTH AND REHABILITATION, LLC",22969 HIGHWAY 25,COLUMBIANA,AL,35051,2056691712,580,Shelby,Y,For profit - Corporation,63,61.1,NA,Medicare and Medicaid,N,"COLUMBIANA HEALTH AND REHABILITATION, LLC",2004-12-15,NHS MANAGEMENT,372,43,3,2.8,3.7,3.5,N,NA,N,Y,N,Resident,Yes,4,NA,4,NA,4,NA,3,NA,5,NA,4,NA,NA,NA,2.45802,0.72126,0.6949,1.41616,3.87419,3.29481,0.34226,0.00859,55.6,NA,84.6,NA,0,NA,1.21892,0.87586,2.04245,0.75351,0.59498,3.39095,3.00823,2.78683,0.81774,0.78786,4.39243,3.73555,2022-08-24,1,1,0,4,1,0,4,2019-10-17,3,1,2,28,1,0,28,10,0,1,8018,0,1,"22969 HIGHWAY 25,COLUMBIANA,AL,35051",33.1951,-86.591,NA,2026-06-01
015454,FAIRVIEW AT REDSTONE VILLAGE,12000 TURNMEYER DRIVE,HUNTSVILLE,AL,35803,2568816717,440,Madison,Y,For profit - Individual,56,53.2,NA,Medicare,N,REDSTONE VILLAGE,2005-07-15,GREENBRIER SENIOR LIVING,872,2,4.5,4,4.5,3,Y,NA,N,Y,N,Resident,Yes,4,NA,4,NA,3,NA,3,NA,3,NA,4,NA,NA,NA,2.89024,1.13388,0.47213,1.60602,4.49626,3.81207,0.36918,0.09311,37.1,NA,45.5,NA,NA,26,1.26099,0.90609,2.11294,0.77952,0.61552,3.50798,3.11205,3.16755,1.24267,0.51743,4.92765,4.17782,2022-02-17,2,2,0,12,1,0,12,2019-06-06,1,1,0,4,1,0,4,10,NA,0,0,0,0,"12000 TURNMEYER DRIVE,HUNTSVILLE,AL,35803",34.6052,-86.559,NA,2026-06-01
015455,ELITE NURSING AND REHABILITATION CARE CENTER,300 ROYAL TOWER DRIVE,BIRMINGHAM,AL,35209,2058705666,360,Jefferson,Y,For profit - Limited Liability company,143,126.4,NA,Medicare and Medicaid,N,MOUNT ROYAL OPERATIONS LLC,2005-11-03,NA,NA,NA,NA,NA,NA,NA,Y,NA,N,Y,N,Both,Yes,1,NA,1,NA,2,NA,2,NA,3,NA,3,NA,NA,NA,2.69815,0.24779,0.5183,0.76609,3.46425,3.06419,0.37849,0.01684,54.9,NA,66.7,NA,0,NA,1.12559,0.80879,1.88606,0.69581,0.54943,3.1313,2.77788,3.31274,0.30423,0.63636,4.25334,3.76215,2024-03-29,9,9,7,88,1,0,88,2019-11-20,6,3,3,64,1,0,64,82,NA,1,6682,0,1,"300 ROYAL TOWER DRIVE,BIRMINGHAM,AL,35209",33.4651,-86.769,NA,2026-06-01
015456,"GULF COAST HEALTH AND REHABILITATION, LLC",8002 GRELOT ROAD,MOBILE,AL,36695,2516348002,480,Mobile,Y,For profit - Corporation,100,93,NA,Medicare and Medicaid,N,GULF COAST HEALTH AND REHABILITATION LLC,2006-08-02,NHS MANAGEMENT,372,43,3,2.8,3.7,3.5,N,NA,N,Y,N,Resident,Yes,2,NA,2,NA,4,NA,4,NA,3,NA,4,NA,NA,NA,2.53207,0.97736,0.61558,1.59294,4.12501,3.39423,0.27626,0.06446,49.1,NA,50,NA,0,NA,1.19529,0.85888,2.00286,0.73891,0.58345,3.32522,2.94992,2.92753,1.13001,0.71172,4.76925,3.92433,2020-01-09,5,5,0,32,1,0,32,2018-11-08,4,4,0,40,1,0,40,34,NA,0,0,0,0,"8002 GRELOT ROAD,MOBILE,AL,36695",30.6611,-88.214,NA,2026-06-01
015457,KIRKWOOD BY THE RIVER,3605 RATLIFF ROAD,BIRMINGHAM,AL,35210,2059562184,360,Jefferson,Y,Non profit - Corporation,61,55.2,NA,Medicare,N,"PRESBYTERIAN RETIREMENT HOMES OF BIRMINGHAM, INC.",2006-09-08,NA,NA,NA,NA,NA,NA,NA,Y,NA,N,Y,N,Resident,Yes,3,NA,4,NA,1,NA,2,NA,1,NA,4,NA,NA,NA,2.63824,1.36713,0.58785,1.95499,4.59323,4.14497,0.55148,0.02134,39.3,NA,16.7,NA,NA,26,1.34058,0.96328,2.24631,0.82872,0.65437,3.72941,3.30848,2.7197,1.40934,0.606,4.73504,4.27295,2021-10-07,1,1,0,4,1,0,4,2019-03-28,2,2,0,20,1,0,20,8,NA,0,0,0,0,"3605 RATLIFF ROAD,BIRMINGHAM,AL,35210",33.5401,-86.639,NA,2026-06-01
015458,THE HEALTH CENTER AT RESEARCH PARK,5275 MILLENNIUM DRIVE,HUNTSVILLE,AL,35806,2564896800,440,Madison,Y,For profit - Corporation,91,84.7,NA,Medicare and Medicaid,N,"SAND CREEK HEALTHCARE, INC.",2007-01-24,THE ENSIGN GROUP,507,342,3.2,2.9,2.4,4.4,N,NA,Y,N,N,Resident,Yes,1,NA,1,NA,3,NA,4,NA,2,NA,3,NA,NA,NA,2.15561,0.65297,0.67239,1.32536,3.48097,2.82069,0.39375,0.0493,61.3,NA,47.6,NA,1,NA,1.20949,0.86908,2.02665,0.74768,0.59038,3.36471,2.98495,2.46303,0.74609,0.76828,3.9774,3.22295,2024-06-18,11,11,6,231,1,0,231,2021-04-22,7,6,1,52,1,0,52,186.25,NA,1,69011,1,2,"5275 MILLENNIUM DRIVE,HUNTSVILLE,AL,35806",34.7535,-86.662,NA,2026-06-01
015459,GALLERIA WOODS SKILLED NURSING FACILITY,3850 GALLERIA WOODS DRIVE,BIRMINGHAM,AL,35244,2059857537,360,Jefferson,Y,For profit - Corporation,30,25.7,NA,Medicare,N,"CCRC OPCO-GALLERIA WOODS, LLC",2007-02-16,"HEALTHPEAK PROPERTIES, INC.",261,15,3.3,3,4.1,3.9,Y,NA,N,Y,N,Resident,Yes,3,NA,2,NA,5,NA,5,NA,4,NA,4,NA,NA,NA,2.55904,0.93529,0.90597,1.84126,4.4003,4.27169,0.82104,0.12793,73.8,NA,60,NA,0,NA,1.19133,0.85604,1.99623,0.73646,0.58152,3.3142,2.94014,2.96855,1.08496,1.05094,5.10445,4.95526,2021-12-16,4,4,0,40,1,0,40,2019-04-11,3,3,0,24,1,0,24,36,NA,0,0,0,0,"3850 GALLERIA WOODS DRIVE,BIRMINGHAM,AL,35244",33.3686,-86.817,NA,2026-06-01
015460,CHARLTON PLACE REHAB AND HEALTHCARE CENTER,65 CHARLTON PLACE,DEATSVILLE,AL,36022,3342630618,250,Elmore,Y,For profit - Corporation,65,61.3,NA,Medicare and Medicaid,N,"TI-RESURRECTION LIFE CENTER, L.L.C.",2007-11-16,TUTERA SENIOR LIVING & HEALTH CARE,531,26,2.1,2.2,1.8,3,N,NA,N,Y,N,Both,Yes,5,NA,5,NA,3,NA,2,NA,4,NA,4,NA,NA,NA,2.42853,0.59627,0.86646,1.46272,3.89125,3.6536,0.83503,0.07825,49.3,NA,33.3,NA,0,NA,1.27046,0.91289,2.12881,0.78537,0.62014,3.53432,3.13541,2.6417,0.64861,0.94251,4.23282,3.9743,2020-12-10,0,0,0,0,0,0,0,2020-03-12,1,1,0,4,1,0,4,1,NA,0,0,0,0,"65 CHARLTON PLACE,DEATSVILLE,AL,36022",32.5047,-86.416,NA,2026-06-01
015461,LEGACY HEALTH AND REHABILITATION OF PLEASANT GROVE,30 7TH STREET,PLEASANT GROVE,AL,35127,2057448226,360,Jefferson,Y,For profit - Corporation,189,131.7,NA,Medicare and Medicaid,N,"LEGACY HEALTH AND REHABILITATION OF PLEASANT GROVE, LLC",2008-01-15,NHS MANAGEMENT,372,43,3,2.8,3.7,3.5,N,NA,N,Y,N,Resident,Yes,1,NA,1,NA,3,NA,3,NA,NA,2,4,NA,NA,NA,2.97515,0.87489,0.50436,1.37925,4.3544,3.28521,0.18584,0.00985,48.2,NA,56.5,NA,1,NA,1.12144,0.80581,1.87911,0.69325,0.5474,3.11976,2.76765,3.66634,1.07814,0.62153,5.36602,4.04844,2022-02-11,8,8,0,56,1,0,56,2019-07-01,5,5,0,32,1,0,32,50,NA,0,0,0,0,"30 7TH STREET,PLEASANT GROVE,AL,35127",33.4896,-86.957,NA,2026-06-01
015464,"ASPIRE PHYSICAL RECOVERY CENTER AT HOOVER, LLC",575 SOUTHLAND DRIVE,HOOVER,AL,35226,2057216200,360,Jefferson,Y,For profit - Corporation,118,112.3,NA,Medicare and Medicaid,N,"ASPIRE PHYSICAL RECOVERY CENTER AT HOOVER, LLC",2015-01-08,NHS MANAGEMENT,372,43,3,2.8,3.7,3.5,N,NA,N,Y,N,Resident,Yes,1,NA,1,NA,3,NA,4,NA,2,NA,3,NA,NA,NA,2.54643,1.00127,0.79883,1.8001,4.34653,3.51866,0.29416,0.0767,66.4,NA,59.1,NA,2,NA,1.26892,0.91179,2.12623,0.78442,0.61939,3.53004,3.13162,2.77331,1.09048,0.87,4.73378,3.83215,2023-06-25,8,8,5,107,1,0,107,2021-03-18,3,2,1,24,1,0,24,86.25,NA,1,15593,0,1,"575 SOUTHLAND DRIVE,HOOVER,AL,35226",33.4092,-86.809,NA,2026-06-01
015465,ASPIRE PHYSICAL RECOVERY CENTER OF WEST ALABAMA,2400 HOSPITAL DRIVE,NORTHPORT,AL,35476,2053308412,620,Tuscaloosa,Y,For profit - Corporation,75,68,NA,Medicare and Medicaid,N,"ASPIRE PHYSICAL RECOVERY CENTER OF WEST ALABAMA, LLC",2016-06-08,NHS MANAGEMENT,372,43,3,2.8,3.7,3.5,N,NA,N,Y,N,Resident,Yes,4,NA,4,NA,3,NA,2,NA,3,NA,4,NA,NA,NA,2.42996,1.0783,0.89025,1.96855,4.3985,3.60584,0.41561,0.13272,63.6,NA,65,NA,0,NA,1.33039,0.95596,2.22924,0.82242,0.6494,3.70106,3.28334,2.52416,1.1201,0.92477,4.56903,3.74563,2022-05-19,0,0,0,0,0,0,0,2019-07-11,5,5,0,44,1,0,44,11,NA,0,0,0,0,"2400 HOSPITAL DRIVE,NORTHPORT,AL,35476",33.2312,-87.569,NA,2026-06-01
015467,CAVALIER HEALTHCARE OF TRUSSVILLE,119 WATTERSON PARKWAY,TRUSSVILLE,AL,35173,2056553226,360,Jefferson,Y,For profit - Corporation,125,121.8,NA,Medicare and Medicaid,N,CAVALIER HEALTHCARE OF TRUSSVILLE LLC,2016-08-18,CAVALIER HEALTHCARE,691,4,2,2.3,3,3,N,NA,N,Y,N,Resident,Yes,2,NA,3,NA,4,NA,4,NA,4,NA,1,NA,NA,NA,2.3479,0.40032,0.16084,0.56116,2.90906,2.73719,0.18236,0.02395,69.5,NA,100,NA,1,NA,1.27682,0.91746,2.13947,0.7893,0.62325,3.55202,3.15112,2.54126,0.43329,0.17409,3.14863,2.96261,2021-05-13,2,2,0,8,1,0,8,2019-04-11,5,3,2,20,2,10,30,13.5,NA,7,42603,0,7,"119 WATTERSON PARKWAY,TRUSSVILLE,AL,35173",33.614,-86.609,NA,2026-06-01
015468,ASPIRE PHYSICAL RECOVERY CENTER AT CAHABA RIVER,3070 HEALTHY WAY,VESTAVIA,AL,35243,2059777216,360,Jefferson,Y,For profit - Limited Liability company,120,112.2,NA,Medicare and Medicaid,N,"ASPIRE PHYSICAL RECOVERY CENTER AT CAHABA RIVER, LLC",2016-09-29,NHS MANAGEMENT,372,43,3,2.8,3.7,3.5,N,NA,N,Y,N,Resident,Yes,1,NA,1,NA,3,NA,3,NA,3,NA,4,NA,NA,NA,3.09683,0.90176,0.86113,1.76289,4.85971,4.102,0.45667,0.04882,65.6,NA,51.6,NA,0,NA,1.36832,0.98321,2.29279,0.84587,0.66791,3.80657,3.37694,3.12772,0.91075,0.86972,4.9082,4.14292,2024-01-12,8,8,8,60,1,0,60,2019-09-19,6,6,0,52,1,0,52,58,NA,1,16801,0,1,"3070 HEALTHY WAY,VESTAVIA,AL,35243",33.4291,-86.736,NA,2026-06-01
01A193,FATHER PURCELL MEMORIAL EXCEPTIONAL CHILDREN'S CTR,2048 W FAIRVIEW AVE,MONTGOMERY,AL,36108,3348345590,500,Montgomery,Y,Non profit - Church related,58,44.4,NA,Medicaid,N,Legal Business Name Not Available,1976-06-01,NA,NA,NA,NA,NA,NA,NA,N,NA,N,Y,N,None,Yes,1,NA,1,NA,2,NA,2,NA,NA,2,1,24,NA,NA,2.33898,0.89447,0.24781,1.14228,3.48126,3.09368,0.12364,0,6.9,NA,NA,27,NA,26,1.70275,1.22352,2.85318,1.05261,0.83116,4.73694,4.2023,1.89835,0.72596,0.20112,2.82543,2.51087,2022-12-22,6,6,0,20,1,0,20,2019-12-14,3,3,0,125,1,0,125,46.25,0,0,0,0,0,"2048 W FAIRVIEW AVE,MONTGOMERY,AL,36108",32.3514,-86.327,NA,2026-06-01
01A208,MONTGOMERY CHILDREN'S SPECIALTY CENTER,2853 FORBES DRIVE,MONTGOMERY,AL,36110,3342613445,500,Montgomery,Y,For profit - Partnership,54,49.6,NA,Medicaid,N,Legal Business Name Not Available,2010-11-18,NA,NA,NA,NA,NA,NA,NA,N,NA,N,Y,N,None,Yes,3,NA,2,NA,5,NA,5,NA,NA,2,2,NA,NA,NA,1.86494,0.83072,0.72499,1.55571,3.42065,2.97356,0.56279,0,50.9,NA,33.3,NA,0,NA,1.54836,1.11258,2.59448,0.95717,0.75579,4.30744,3.82128,1.66453,0.74145,0.64708,3.05306,2.65401,2023-05-25,4,4,0,36,1,0,36,2019-10-10,2,2,0,8,1,0,8,29,NA,0,0,0,0,"2853 FORBES DRIVE,MONTGOMERY,AL,36110",32.424,-86.287,NA,2026-06-01
