cms_certification_number_ccn,provider_name,provider_address,city_town,state,zip_code,telephone_number,provider_ssa_county_code,county_parish,urban,ownership_type,number_of_certified_beds,average_number_of_residents_per_day,average_number_of_residents_per_day_footnote,provider_type,provider_resides_in_hospital,legal_business_name,date_first_approved_to_provide_medicare_and_medicaid_services,chain_name,chain_id,number_of_facilities_in_chain,chain_average_overall_5_star_rating,chain_average_health_inspection_rating,chain_average_staffing_rating,chain_average_qm_rating,continuing_care_retirement_community,special_focus_status,abuse_icon,most_recent_health_inspection_more_than_2_years_ago,provider_changed_ownership_in_last_12_months,with_a_resident_and_family_council,automatic_sprinkler_systems_in_all_required_areas,overall_rating,overall_rating_footnote,health_inspection_rating,health_inspection_rating_footnote,qm_rating,qm_rating_footnote,long_stay_qm_rating,long_stay_qm_rating_footnote,short_stay_qm_rating,short_stay_qm_rating_footnote,staffing_rating,staffing_rating_footnote,reported_staffing_footnote,physical_therapist_staffing_footnote,reported_nurse_aide_staffing_hours_per_resident_per_day,reported_lpn_staffing_hours_per_resident_per_day,reported_rn_staffing_hours_per_resident_per_day,reported_licensed_staffing_hours_per_resident_per_day,reported_total_nurse_staffing_hours_per_resident_per_day,total_number_of_nurse_staff_hours_per_resident_per_day_on_the_weekend,registered_nurse_hours_per_resident_per_day_on_the_weekend,reported_physical_therapist_staffing_hours_per_resident_per_day,total_nursing_staff_turnover,total_nursing_staff_turnover_footnote,registered_nurse_turnover,registered_nurse_turnover_footnote,number_of_administrators_who_have_left_the_nursing_home,administrator_turnover_footnote,nursing_case_mix_index,nursing_case_mix_index_ratio,case_mix_nurse_aide_staffing_hours_per_resident_per_day,case_mix_lpn_staffing_hours_per_resident_per_day,case_mix_rn_staffing_hours_per_resident_per_day,case_mix_total_nurse_staffing_hours_per_resident_per_day,case_mix_weekend_total_nurse_staffing_hours_per_resident_per_day,adjusted_nurse_aide_staffing_hours_per_resident_per_day,adjusted_lpn_staffing_hours_per_resident_per_day,adjusted_rn_staffing_hours_per_resident_per_day,adjusted_total_nurse_staffing_hours_per_resident_per_day,adjusted_weekend_total_nurse_staffing_hours_per_resident_per_day,rating_cycle_1_standard_survey_health_date,rating_cycle_1_total_number_of_health_deficiencies,rating_cycle_1_number_of_standard_health_deficiencies,rating_cycle_1_number_of_complaint_health_deficiencies,rating_cycle_1_health_deficiency_score,rating_cycle_1_number_of_health_revisits,rating_cycle_1_health_revisit_score,rating_cycle_1_total_health_score,rating_cycle_2_standard_health_survey_date,rating_cycle_2_3_total_number_of_health_deficiencies,rating_cycle_2_number_of_standard_health_deficiencies,rating_cycle_2_3_number_of_complaint_health_deficiencies,rating_cycle_2_3_health_deficiency_score,rating_cycle_2_3_number_of_health_revisits,rating_cycle_2_3_health_revisit_score,rating_cycle_2_3_total_health_score,total_weighted_health_survey_score,number_of_citations_from_infection_control_inspections,number_of_fines,total_amount_of_fines_in_dollars,number_of_payment_denials,total_number_of_penalties,location,latitude,longitude,geocoding_footnote,processing_date
045070,ROGERS HEALTH AND REHABILITATION CENTER,1149 W NEW HOPE RD,ROGERS,AR,72758,4796366290,030,Benton,Y,For profit - Limited Liability company,118,64.5,NA,Medicare and Medicaid,N,"ROGERS SNF OPERATIONS, LLC",1982-06-01,SOUTHERN ADMINISTRATIVE SERVICES,480,35,3.7,3.2,3.9,4.5,N,NA,N,N,N,Resident,Yes,3,NA,2,NA,5,NA,5,NA,NA,2,4,NA,NA,NA,2.5512,1.0975,0.32458,1.42208,3.97329,3.37154,0.18413,0.0252,47.1,NA,40,NA,0,NA,1.19143,0.85611,1.99639,0.73652,0.58157,3.31448,2.94038,2.95921,1.27302,0.37649,4.60872,3.91074,2025-01-24,2,2,0,16,1,0,16,2023-12-01,17,14,7,120,1,0,120,42,NA,0,0,0,0,"1149 W NEW HOPE RD,ROGERS,AR,72758",36.3119,-94.133,NA,2026-06-01
045098,THE BLOSSOMS AT HOT SPRINGS REHAB AND NURSING CENT,552 GOLF LINKS ROAD,HOT SPRINGS,AR,71901,5016247149,250,Garland,Y,For profit - Corporation,152,78.3,NA,Medicare and Medicaid,N,GOLF LINKS ROAD OPERATING LLC,1984-11-01,THE BLOSSOMS REHAB & NURSING CENTER,505,24,2.6,2.6,2.3,3,N,NA,N,N,N,Resident,Yes,4,NA,4,NA,3,NA,4,NA,2,NA,2,NA,NA,NA,2.35499,0.85433,0.26925,1.12358,3.47857,2.88268,0.13317,0.00992,52.2,NA,77.8,NA,0,NA,1.14188,0.8205,1.91336,0.70589,0.55738,3.17663,2.8181,2.85015,1.03396,0.32586,4.20997,3.48879,2024-12-12,1,1,0,8,1,0,8,2024-01-26,7,7,0,60,1,0,60,21,NA,0,0,0,0,"552 GOLF LINKS ROAD,HOT SPRINGS,AR,71901",34.472,-93.045,NA,2026-06-01
045125,BUTTERFIELD TRAIL VILLAGE,1923 EAST JOYCE BLVD,FAYETTEVILLE,AR,72703,4796958065,710,Washington,Y,Non profit - Corporation,87,38,NA,Medicare,N,BUTTERFIELD TRAIL VILLAGE INC,1986-06-16,NA,NA,NA,NA,NA,NA,NA,Y,NA,N,N,N,Resident,Yes,3,NA,3,NA,3,NA,4,NA,2,NA,4,NA,NA,NA,4.59974,1.50106,0.80724,2.3083,6.90804,5.8867,0.68589,0.03343,71.6,NA,64.3,NA,2,NA,1.1163,0.80212,1.87049,0.69007,0.54489,3.10546,2.75496,5.69447,1.85831,0.99936,8.55214,7.28773,2025-12-05,0,0,0,0,0,0,0,2024-07-11,8,4,4,87,1,0,87,21.75,NA,1,58006,1,2,"1923 EAST JOYCE BLVD,FAYETTEVILLE,AR,72703",36.1201,-94.134,NA,2026-06-01
045134,THE SPRINGS JONESBORO,1705 LATOURETTE DRIVE,JONESBORO,AR,72404,8709357550,150,Craighead,Y,For profit - Limited Liability company,136,115.4,NA,Medicare and Medicaid,N,JONESBORO WELLNESS LLC,1989-03-01,THE SPRINGS ARKANSAS,516,26,3.6,3.2,2.8,4.1,N,NA,N,N,N,Resident,Yes,5,NA,4,NA,5,NA,5,NA,3,NA,4,NA,NA,NA,2.64179,0.87288,0.43192,1.3048,3.94659,3.15873,0.40748,0.04632,41.7,NA,25,NA,1,NA,1.28892,0.92616,2.15975,0.79679,0.62915,3.58569,3.18099,2.83251,0.9359,0.4631,4.2315,3.38676,2025-06-13,4,2,2,24,1,0,24,2024-07-25,4,1,3,28,1,0,28,25,NA,0,0,0,0,"1705 LATOURETTE DRIVE,JONESBORO,AR,72404",35.8011,-90.686,NA,2026-06-01
045135,THE SPRINGS MAGNOLIA,2642 NORTH DUDNEY ROAD,MAGNOLIA,AR,71753,8702347000,130,Columbia,N,For profit - Limited Liability company,140,79.6,NA,Medicare and Medicaid,N,MAGNOLIA HEALTHCARE LLC,1989-03-01,THE SPRINGS ARKANSAS,516,26,3.6,3.2,2.8,4.1,N,NA,N,N,N,Resident,Yes,5,NA,4,NA,5,NA,5,NA,4,NA,2,NA,NA,NA,2.19758,0.96852,0.30792,1.27643,3.47401,3.00993,0.25109,0.00502,39.3,NA,80,NA,0,NA,1.22264,0.87853,2.04869,0.75581,0.5968,3.4013,3.01741,2.48397,1.09473,0.34804,3.92674,3.40218,2025-08-28,3,1,2,12,1,0,12,2024-06-20,8,5,3,48,1,0,48,21,NA,0,0,0,0,"2642 NORTH DUDNEY ROAD,MAGNOLIA,AR,71753",33.3466,-93.198,NA,2026-06-01
045138,VALLEY SPRINGS REHABILITATION AND HEALTH CENTER,228 POINTER TRAIL WEST,VAN BUREN,AR,72956,4794745276,160,Crawford,Y,For profit - Limited Liability company,105,82.1,NA,Medicare and Medicaid,N,VAN BUREN SNF OPERATIONS LLC,1989-03-01,SOUTHERN ADMINISTRATIVE SERVICES,480,35,3.7,3.2,3.9,4.5,N,NA,N,N,N,Both,Yes,4,NA,3,NA,5,NA,5,NA,NA,2,4,NA,NA,NA,2.54844,0.86213,0.38289,1.24503,3.79346,3.32366,0.16332,0.00917,31.3,NA,28.6,NA,0,NA,1.1869,0.85285,1.9888,0.73372,0.57936,3.30187,2.9292,2.96728,1.00383,0.44583,4.41694,3.86991,2025-01-24,8,8,1,48,1,0,48,2023-12-21,7,7,1,64,1,0,64,52,NA,0,0,0,0,"228 POINTER TRAIL WEST,VAN BUREN,AR,72956",35.4592,-94.364,NA,2026-06-01
045140,The Springs Searcy,1205 Skyline Drive,Searcy,AR,72143,5012686188,720,White,N,For profit - Corporation,245,130.2,NA,Medicare and Medicaid,N,SEARCY HEALTHCARE LLC,1989-03-01,THE SPRINGS ARKANSAS,516,26,3.6,3.2,2.8,4.1,N,NA,N,N,N,Resident,Yes,3,NA,2,NA,5,NA,5,NA,4,NA,3,NA,NA,NA,2.7496,0.92965,0.19351,1.12315,3.87276,3.32538,0.13028,0.01361,46.8,NA,66.7,NA,0,NA,1.22882,0.88297,2.05904,0.75963,0.59982,3.41848,3.03265,3.09231,1.04552,0.21762,4.35545,3.73984,2026-03-26,4,4,1,36,1,0,36,2024-10-03,6,4,2,48,1,0,48,39,NA,1,12735,0,1,"1205 Skyline Drive,Searcy,AR,72143",35.245,-91.758,NA,2026-06-01
045142,THE SPRINGS OF PARK AVE,1401 PARK AVENUE,HOT SPRINGS,AR,71901,5016233781,250,Garland,Y,For profit - Limited Liability company,95,76,NA,Medicare and Medicaid,N,CANYON SPRINGS HEALTHCARE LLC,1989-04-10,THE SPRINGS ARKANSAS,516,26,3.6,3.2,2.8,4.1,N,NA,N,N,N,Resident,Yes,3,NA,3,NA,4,NA,4,NA,4,NA,3,NA,NA,NA,2.35502,0.933,0.39271,1.32571,3.68072,3.53446,0.45886,0.0138,47.7,NA,55.6,NA,0,NA,1.23547,0.88775,2.07019,0.76374,0.60306,3.437,3.04907,2.63427,1.04363,0.43928,4.11718,3.95357,2025-08-06,3,3,0,24,1,0,24,2024-05-08,10,8,2,64,1,0,64,34,NA,0,0,0,0,"1401 PARK AVENUE,HOT SPRINGS,AR,71901",34.533,-93.038,NA,2026-06-01
045143,"Concordia Nursing & Rehab, LLC",7 Professional Drive,Bella Vista,AR,72714,4798553735,030,Benton,Y,For profit - Limited Liability company,102,30.2,NA,Medicare and Medicaid,N,CONCORDIA NURSING & REHAB LLC,1989-06-01,BRADFORD MONTGOMERY,87,11,2,2.5,1.7,2.8,N,SFF Candidate,N,N,N,Resident,Yes,1,NA,1,NA,4,NA,4,NA,NA,2,1,NA,NA,NA,1.64788,0.94328,0.30807,1.25135,2.89923,2.56616,0.40426,0,NA,26,NA,26,2,NA,1.15339,0.82877,1.93265,0.713,0.563,3.20866,2.84651,1.97446,1.13022,0.36913,3.4738,3.07472,2025-05-06,22,22,1,905,2,453,1358,2024-02-01,11,10,1,96,1,0,96,1042.5,NA,2,123918,1,3,"7 Professional Drive,Bella Vista,AR,72714",36.4748,-94.254,NA,2026-06-01
045146,THE BLOSSOMS AT MOUNTAIN VIEW REHAB & NURSING CEN,706 OAK GROVE ST,MOUNTAIN VIEW,AR,72560,8702695835,680,Stone,N,For profit - Limited Liability company,97,76.9,NA,Medicare and Medicaid,N,OAK GROVE STREET OPERATING LLC,1989-08-23,THE BLOSSOMS REHAB & NURSING CENTER,505,24,2.6,2.6,2.3,3,N,NA,N,N,N,Resident,Yes,4,NA,4,NA,4,NA,5,NA,3,NA,2,NA,NA,NA,1.71793,0.81989,0.35559,1.17548,2.89342,2.51548,0.28621,0.07413,37.1,NA,50,NA,0,NA,1.28993,0.92688,2.16143,0.79741,0.62965,3.58849,3.18347,1.84052,0.87839,0.38097,3.09988,2.69498,2026-03-26,1,1,0,16,1,0,16,2024-09-12,2,2,0,12,1,0,12,15,NA,0,0,0,0,"706 OAK GROVE ST,MOUNTAIN VIEW,AR,72560",35.8692,-92.107,NA,2026-06-01
045147,BROOKRIDGE COVE REHABILITATION AND CARE  CENTER,1000 BROOKRIDGE LANE,MORRILTON,AR,72110,5013544585,140,Conway,N,For profit - Individual,134,108.4,NA,Medicare and Medicaid,N,"MORRILTON SNF OPERATIONS, LLC",1989-08-23,SOUTHERN ADMINISTRATIVE SERVICES,480,35,3.7,3.2,3.9,4.5,N,NA,N,N,N,Resident,Yes,4,NA,3,NA,5,NA,5,NA,5,NA,4,NA,NA,NA,3.00929,0.73118,0.40754,1.13873,4.14802,3.68113,0.19385,0.03645,44,NA,30,NA,0,NA,1.25642,0.9028,2.10528,0.77669,0.61329,3.49526,3.10077,3.31002,0.80425,0.44827,4.56254,4.04899,2025-08-01,4,4,0,32,1,0,32,2024-04-25,4,3,1,40,1,0,40,34,NA,0,0,0,0,"1000 BROOKRIDGE LANE,MORRILTON,AR,72110",35.168,-92.733,NA,2026-06-01
045148,CAVE CITY NURSING HOME INC,442 TAYLOR CIRCLE,CAVE CITY,AR,72521,8702835313,670,Sharp,N,Non profit - Corporation,90,73,NA,Medicare and Medicaid,N,"CAVE CITY NURSING HOME, INC",1989-11-01,NA,NA,NA,NA,NA,NA,NA,N,NA,N,N,N,Resident,Yes,5,NA,5,NA,2,NA,4,NA,1,NA,3,NA,NA,NA,3.47028,0.9167,0.4196,1.3363,4.80658,3.66816,0.21524,0.00624,NA,26,NA,26,NA,26,1.14163,0.82032,1.91295,0.70574,0.55726,3.17594,2.81749,4.20085,1.10968,0.50793,5.81847,4.44038,2025-07-02,2,2,0,8,1,0,8,2024-04-04,5,5,2,36,1,0,36,15,NA,0,0,0,0,"442 TAYLOR CIRCLE,CAVE CITY,AR,72521",35.948,-91.551,NA,2026-06-01
045151,THE GREEN HOUSE COTTAGES OF WALNUT RIDGE,1500 WEST MAIN STREET,WALNUT RIDGE,AR,72476,8708869022,370,Lawrence,N,For profit - Limited Liability company,119,91.8,NA,Medicare and Medicaid,N,WALNUT RIDGE SNF OPERATIONS LLC,1990-04-15,SOUTHERN ADMINISTRATIVE SERVICES,480,35,3.7,3.2,3.9,4.5,N,NA,N,N,N,Resident,Yes,5,NA,5,NA,4,NA,5,NA,2,NA,3,NA,NA,NA,3.35556,0.99689,0.27772,1.27461,4.63018,4.1093,0.1401,0.01318,47.5,NA,50,NA,1,NA,1.13494,0.81551,1.90173,0.7016,0.55399,3.15732,2.80097,4.08594,1.21388,0.33817,5.63799,5.00374,2024-12-20,2,2,0,8,1,0,8,2023-12-21,5,5,0,32,1,0,32,14,NA,1,8193,0,1,"1500 WEST MAIN STREET,WALNUT RIDGE,AR,72476",36.0749,-90.972,NA,2026-06-01
045153,THE SPRINGS OF FAIRFIELD BAY,265 DAVE CREEK PARKWAY,FAIRFIELD BAY,AR,72088,5018843210,700,Van Buren,N,For profit - Limited Liability company,55,36.9,NA,Medicare and Medicaid,N,INDIAN ROCK HEALTHCARE LLC,1990-03-27,THE SPRINGS ARKANSAS,516,26,3.6,3.2,2.8,4.1,N,NA,N,N,N,Resident,Yes,5,NA,4,NA,5,NA,5,NA,4,NA,3,NA,NA,NA,2.2948,0.65203,0.73511,1.38714,3.68194,3.29866,0.43698,0.01534,61.1,NA,57.1,NA,2,NA,1.20082,0.86285,2.01212,0.74232,0.58615,3.34059,2.96355,2.641,0.75039,0.84601,4.2374,3.7963,2026-02-26,2,2,0,8,1,0,8,2024-09-06,6,6,0,52,1,0,52,19,NA,0,0,0,0,"265 DAVE CREEK PARKWAY,FAIRFIELD BAY,AR,72088",35.6169,-92.263,NA,2026-06-01
045155,ASH FLAT HEALTHCARE AND REHABILITATION CENTER,66 OZBIRN LANE,ASH FLAT,AR,72513,8709942341,670,Sharp,N,For profit - Limited Liability company,105,58.5,NA,Medicare and Medicaid,N,SHARP SNF OPERATIONS LLC,1990-09-17,SOUTHERN ADMINISTRATIVE SERVICES,480,35,3.7,3.2,3.9,4.5,N,NA,N,N,N,Resident,Yes,4,NA,3,NA,5,NA,5,NA,3,NA,4,NA,NA,NA,2.4843,0.93411,0.40093,1.33504,3.81934,3.29559,0.17791,0.01258,37.7,NA,16.7,NA,0,NA,1.21894,0.87587,2.04248,0.75352,0.59499,3.39099,3.00826,2.81658,1.05906,0.45456,4.33019,3.73639,2025-06-12,0,0,0,0,0,0,0,2024-03-21,11,11,0,92,1,0,92,23,NA,0,0,0,0,"66 OZBIRN LANE,ASH FLAT,AR,72513",36.2298,-91.609,NA,2026-06-01
045157,RIVER RIDGE REHABILITATION AND CARE CENTER,1100 EAST MARTIN DRIVE,WYNNE,AR,72396,8702384400,180,Cross,N,For profit - Limited Liability company,100,66.4,NA,Medicare and Medicaid,N,CROSS SNF OPERATIONS LLC,1990-08-07,SOUTHERN ADMINISTRATIVE SERVICES,480,35,3.7,3.2,3.9,4.5,N,NA,N,N,N,None,Yes,2,NA,2,NA,4,NA,5,NA,3,NA,3,NA,NA,NA,2.62849,0.72577,0.35765,1.08343,3.71192,3.27422,0.39157,0.02226,48.7,NA,66.7,NA,1,NA,1.24519,0.89473,2.08647,0.76975,0.60781,3.46403,3.07306,2.91723,0.8055,0.39694,4.11967,3.63389,2025-06-06,7,7,3,48,1,0,48,2024-05-31,12,9,4,72,1,0,72,54,NA,0,0,0,0,"1100 EAST MARTIN DRIVE,WYNNE,AR,72396",35.216,-90.783,NA,2026-06-01
045158,THE SPRINGS OF GREERS FERRY,1040 WEDDING FORD ROAD,HEBER SPRINGS,AR,72543,5013628137,110,Cleburne,N,For profit - Corporation,140,83.3,NA,Medicare and Medicaid,N,SEVEN SPRINGS HEALTHCARE LLC,1990-08-01,THE SPRINGS ARKANSAS,516,26,3.6,3.2,2.8,4.1,N,NA,N,N,N,None,Yes,4,NA,4,NA,3,NA,4,NA,2,NA,3,NA,NA,NA,2.83164,0.83949,0.31744,1.15693,3.98857,3.53831,0.26273,0.01238,46.5,NA,63.6,NA,0,NA,1.23474,0.88723,2.06897,0.76329,0.60271,3.43497,3.04728,3.16929,0.93959,0.35529,4.46417,3.96022,2026-01-08,0,0,0,0,0,0,0,2024-08-15,8,6,2,68,1,0,68,17,NA,0,0,0,0,"1040 WEDDING FORD ROAD,HEBER SPRINGS,AR,72543",35.5017,-92.034,NA,2026-06-01
045166,"CRESTPARK WYNNE, LLC",400 ARKANSAS STREET,WYNNE,AR,72396,8702387941,180,Cross,N,For profit - Limited Liability company,100,39.8,NA,Medicare and Medicaid,N,"CRESTPARK WYNNE, LLC",1991-09-01,CRESTPARK,722,6,2.8,2.8,3,3,N,NA,N,N,N,None,Yes,3,NA,3,NA,2,NA,2,NA,NA,2,3,NA,NA,NA,2.55364,1.18968,0.59218,1.78186,4.33551,3.79918,0.26712,0.00219,NA,26,NA,26,NA,26,1.16304,0.83571,1.94882,0.71897,0.56771,3.23549,2.87032,3.03435,1.41363,0.70365,5.15163,4.51435,2025-07-24,3,3,1,32,1,0,32,2024-04-12,9,9,0,72,1,0,72,42,NA,0,0,0,0,"400 ARKANSAS STREET,WYNNE,AR,72396",35.2194,-90.79,NA,2026-06-01
045167,SPRINGDALE HEALTH AND REHABILITATION CENTER,102 NORTH GUTENSOHN,SPRINGDALE,AR,72762,4797560330,710,Washington,Y,For profit - Limited Liability company,140,113.5,NA,Medicare and Medicaid,N,"NORTHPORT HEALTH SERVICES OF ARKANSAS, LLC",1991-07-17,NHS MANAGEMENT,372,43,3,2.8,3.7,3.5,N,NA,N,N,N,Resident,Yes,3,NA,3,NA,4,NA,4,NA,4,NA,2,NA,NA,NA,2.96729,0.72442,0.21445,0.93887,3.90616,3.4404,0.22355,0.04625,53,NA,83.3,NA,1,NA,1.10519,0.79414,1.85188,0.68321,0.53947,3.07456,2.72754,3.71042,0.90585,0.26815,4.88442,4.30201,2026-02-13,4,4,0,24,1,0,24,2024-08-01,8,4,5,72,1,0,72,36,NA,0,0,0,0,"102 NORTH GUTENSOHN,SPRINGDALE,AR,72762",36.1856,-94.161,NA,2026-06-01
045168,"JOHNSON COUNTY HEALTH AND REHAB, LLC",1451 EAST POPLAR STREET,CLARKSVILLE,AR,72830,4797542052,350,Johnson,N,For profit - Limited Liability company,140,117.3,NA,Medicare and Medicaid,N,"JOHNSON COUNTY HEALTH AND REHAB, LLC",1991-08-01,CENTRAL ARKANSAS NURSING CENTERS,129,39,3.7,3.2,3.5,4.3,N,NA,N,N,N,Resident,Yes,4,NA,4,NA,3,NA,5,NA,2,NA,3,NA,NA,NA,3.50507,1.04725,0.24639,1.29363,4.79871,4.26931,0.19619,0.01468,46.5,NA,55.6,NA,0,NA,1.27353,0.9151,2.13395,0.78727,0.62164,3.54286,3.14299,3.80355,1.13643,0.26737,5.20734,4.63286,2025-08-07,1,1,0,4,1,0,4,2024-04-12,4,3,1,44,1,0,44,14,NA,1,8281,0,1,"1451 EAST POPLAR STREET,CLARKSVILLE,AR,72830",35.4643,-93.441,NA,2026-06-01
045170,THE GREEN HOUSE COTTAGES OF BELLE MEADE,2200 CHATEAU BOULEVARD,PARAGOULD,AR,72450,8702367104,270,Greene,N,For profit - Partnership,167,128.6,NA,Medicare and Medicaid,N,PARAGOULD GH OPERATIONS LLC,1991-09-09,SOUTHERN ADMINISTRATIVE SERVICES,480,35,3.7,3.2,3.9,4.5,N,NA,N,N,N,Resident,Yes,3,NA,2,NA,5,NA,5,NA,5,NA,4,NA,NA,NA,3.50053,1.0673,0.35568,1.42297,4.9235,4.36925,0.1631,0.03138,46.2,NA,33.3,NA,0,NA,1.26592,0.90963,2.12121,0.78257,0.61793,3.52171,3.12423,3.82143,1.16514,0.38828,5.37485,4.76978,2025-08-01,3,3,0,24,1,0,24,2024-04-25,5,4,1,99,1,0,99,42.75,NA,1,13870,0,1,"2200 CHATEAU BOULEVARD,PARAGOULD,AR,72450",36.0421,-90.522,NA,2026-06-01
045172,Dermott City Nursing Home,702 West Gaines St,Dermott,AR,71638,8705383241,080,Chicot,N,Government - City,70,52.6,NA,Medicare and Medicaid,N,DERMOTT CITY NURSING HOME,1991-10-01,NA,NA,NA,NA,NA,NA,NA,N,NA,N,N,N,Both,Yes,1,NA,1,NA,1,NA,1,NA,NA,2,1,25,25,6,NA,NA,NA,NA,NA,NA,NA,NA,45.2,NA,57.1,NA,NA,26,NA,NA,NA,NA,NA,NA,NA,NA,NA,NA,NA,NA,2025-02-27,7,4,3,131,1,0,131,2024-01-05,15,13,2,116,1,0,116,127.25,NA,2,31889,0,2,"702 West Gaines St,Dermott,AR,71638",33.5192,-91.447,NA,2026-06-01
045173,SILVER OAKS HEALTH AND REHABILITATION,1875 OLD WIRE ROAD,CAMDEN,AR,71701,8708366831,510,Ouachita,N,For profit - Corporation,104,88.6,NA,Medicare and Medicaid,N,"OCNC, INC.",1991-11-01,ANTHONY & BRYAN ADAMS,36,38,3.9,3.5,3.1,4.4,N,NA,N,N,N,Resident,Yes,4,NA,3,NA,5,NA,5,NA,5,NA,3,NA,NA,NA,2.58197,0.96706,0.24119,1.20825,3.79022,3.25569,0.22231,0.00545,46.8,NA,50,NA,0,NA,1.17267,0.84263,1.96496,0.72492,0.57241,3.26229,2.89409,3.04281,1.13966,0.28424,4.46671,3.83677,2025-06-05,3,3,1,20,1,0,20,2024-04-18,9,8,1,72,1,0,72,33,NA,0,0,0,0,"1875 OLD WIRE ROAD,CAMDEN,AR,71701",33.5514,-92.862,NA,2026-06-01
045176,"THE WOODS, A NIGHTINGALE COMMUNITY",1194 N CHESTER ST,MONTICELLO,AR,71655,8703676852,210,Drew,N,For profit - Limited Liability company,122,83.1,NA,Medicare and Medicaid,N,THE WOODS HEALTHCARE LLC,1991-11-01,NIGHTINGALE,815,5,4,4,3.6,3,N,NA,N,N,N,Resident,Yes,1,NA,1,NA,2,NA,3,NA,1,NA,3,NA,NA,NA,2.51386,0.83712,0.32254,1.15966,3.67352,3.36379,0.18834,0,51.2,NA,50,NA,0,NA,1.2848,0.9232,2.15285,0.79424,0.62714,3.57423,3.17082,2.70398,0.90043,0.34694,3.95135,3.61819,2025-07-03,8,6,2,119,1,0,119,2024-04-04,13,6,9,68,1,0,68,106.25,NA,1,15940,0,1,"1194 N CHESTER ST,MONTICELLO,AR,71655",33.633,-91.792,NA,2026-06-01
045177,"CRESTPARK DEWITT, LLC",1325 LIBERTY DRIVE,DE WITT,AR,72042,8709463569,000,Arkansas,N,For profit - Limited Liability company,70,33.6,NA,Medicare and Medicaid,N,"CRESTPARK DEWITT, LLC",1991-12-01,CRESTPARK,722,6,2.8,2.8,3,3,N,NA,N,N,N,Resident,Yes,1,NA,2,NA,1,NA,1,NA,NA,2,1,23,23,23,NA,NA,NA,NA,NA,NA,NA,NA,NA,26,NA,26,NA,26,NA,NA,NA,NA,NA,NA,NA,NA,NA,NA,NA,NA,2026-03-26,2,2,0,32,1,0,32,2024-10-03,14,14,0,116,1,0,116,53,NA,2,9438,0,2,"1325 LIBERTY DRIVE,DE WITT,AR,72042",34.2748,-91.349,NA,2026-06-01
045178,"PIGGOTT HEALTHCARE & SENIOR LIVING, LLC",450 S 9TH AVE,PIGGOTT,AR,72454,8705982291,100,Clay,N,For profit - Limited Liability company,105,30.5,NA,Medicare and Medicaid,N,"PIGGOTT HEALTHCARE & SENIOR LIVING, LLC",1991-12-01,POINTE MANAGEMENT,776,12,1.7,2.3,1.3,1.3,N,NA,N,N,N,Resident,Yes,1,NA,1,NA,1,NA,1,NA,2,NA,1,24,NA,NA,1.89608,0.94848,0.36506,1.31355,3.20963,3.0768,0.49241,0.02517,60,NA,80,NA,NA,26,1.35246,0.97182,2.26622,0.83607,0.66017,3.76246,3.3378,1.93745,0.96918,0.37303,3.27966,3.14393,2025-09-09,6,6,0,44,1,0,44,2024-06-26,17,10,7,199,1,0,199,82.75,NA,1,12649,0,1,"450 S 9TH AVE,PIGGOTT,AR,72454",36.3812,-90.199,NA,2026-06-01
045180,THE SPRINGS OF MINE CREEK,1407 NORTH MAIN STREET,NASHVILLE,AR,71852,8708452021,300,Howard,N,For profit - Limited Liability company,78,66.9,NA,Medicare and Medicaid,N,NASHVILLE WELLNESS LLC,1991-12-01,THE SPRINGS ARKANSAS,516,26,3.6,3.2,2.8,4.1,N,NA,N,N,N,Resident,Yes,5,NA,5,NA,5,NA,5,NA,4,NA,2,NA,NA,NA,2.48379,0.92303,0.23058,1.15361,3.63741,2.91203,0.22704,0.00885,54.7,NA,57.1,NA,1,NA,1.21553,0.87342,2.03678,0.75142,0.59333,3.38152,2.99986,2.8239,1.04942,0.26216,4.13547,3.31077,2026-02-20,1,1,0,8,1,0,8,2024-08-08,3,3,0,28,1,0,28,13,NA,0,0,0,0,"1407 NORTH MAIN STREET,NASHVILLE,AR,71852",33.959,-93.846,NA,2026-06-01
045182,"COURTYARD REHABILITATION AND HEALTH CENTER, LLC",2415 W HILLSBORO,EL DORADO,AR,71730,8708635034,690,Union,N,For profit - Corporation,76,74.7,NA,Medicare and Medicaid,N,COURTYARD REHABILITATION AND HEALTH,1991-12-12,SOUTHERN ADMINISTRATIVE SERVICES,480,35,3.7,3.2,3.9,4.5,N,NA,N,N,N,Resident,Yes,5,NA,5,NA,5,NA,5,NA,5,NA,4,NA,NA,NA,2.3692,0.92412,0.64119,1.56531,3.93452,3.21768,0.31153,0.05569,34.3,NA,0,NA,0,NA,1.26733,0.91064,2.12357,0.78344,0.61861,3.52562,3.1277,2.58352,1.00772,0.69919,4.29043,3.50876,2026-02-27,0,0,0,0,0,0,0,2024-08-29,8,8,0,52,1,0,52,13,NA,0,0,0,0,"2415 W HILLSBORO,EL DORADO,AR,71730",33.2078,-92.697,NA,2026-06-01
045183,"SALEM PLACE NURSING AND REHABILITATION CENTER, INC",2401 CHRISTINA LANE,CONWAY,AR,72034,5013274421,220,Faulkner,Y,For profit - Corporation,103,84.8,NA,Medicare and Medicaid,N,SALEM PLACE NURSING AND REHABILITATION CENTER INC,1991-12-01,CENTRAL ARKANSAS NURSING CENTERS,129,39,3.7,3.2,3.5,4.3,N,NA,N,N,N,Resident,Yes,4,NA,4,NA,4,NA,5,NA,3,NA,4,NA,NA,NA,3.19316,0.94252,0.38346,1.32598,4.51914,4.12722,0.3314,0.00539,35.6,NA,14.3,NA,0,NA,1.14206,0.82063,1.91367,0.706,0.55747,3.17714,2.81855,3.86393,1.14051,0.46402,5.46846,4.99421,2026-01-15,0,0,0,0,0,0,0,2024-08-15,10,9,1,76,1,0,76,19,NA,0,0,0,0,"2401 CHRISTINA LANE,CONWAY,AR,72034",35.0684,-92.463,NA,2026-06-01
045184,Lake Village Rehabilitation and Care Center,903 Borgognoni Drive,Lake Village,AR,71653,8702655337,080,Chicot,N,For profit - Limited Liability company,82,57.7,NA,Medicare and Medicaid,N,LAKE VILLAGE OPERATIONS LLC,1992-01-01,SOUTHERN ADMINISTRATIVE SERVICES,480,35,3.7,3.2,3.9,4.5,N,NA,N,N,N,None,Yes,3,NA,2,NA,5,NA,5,NA,5,NA,4,NA,NA,NA,2.4209,0.81057,0.50159,1.31216,3.73306,3.44171,0.38454,0.01083,20.4,NA,33.3,NA,0,NA,1.19589,0.85931,2.00386,0.73927,0.58374,3.32687,2.95138,2.7976,0.9367,0.57964,4.31394,3.97726,2026-03-06,4,4,1,36,1,0,36,2024-09-06,7,7,0,44,1,0,44,38,NA,0,0,0,0,"903 Borgognoni Drive,Lake Village,AR,71653",33.3153,-91.29,NA,2026-06-01
045187,THE GREEN HOUSE COTTAGES OF WENTWORTH PLACE,26 WARNOCK SPRINGS ROAD,MAGNOLIA,AR,71753,8702341361,130,Columbia,N,For profit - Limited Liability company,126,106.9,NA,Medicare and Medicaid,N,"WENTWORTH, LLC",1992-01-01,SOUTHERN ADMINISTRATIVE SERVICES,480,35,3.7,3.2,3.9,4.5,N,NA,N,N,N,Both,Yes,5,NA,5,NA,5,NA,5,NA,4,NA,5,NA,NA,NA,3.65841,0.8457,0.53124,1.37693,5.03535,4.22556,0.2888,0.00739,28.7,NA,8.3,NA,0,NA,1.16889,0.83991,1.95861,0.72258,0.57056,3.25176,2.88474,4.32534,0.99987,0.62808,5.95329,4.99587,2026-03-12,1,1,0,0,0,0,0,2024-09-19,8,8,0,52,1,0,52,13,NA,0,0,0,0,"26 WARNOCK SPRINGS ROAD,MAGNOLIA,AR,71753",33.2804,-93.211,NA,2026-06-01
045189,THE SPRINGS OF CAMDEN,900 MAGNOLIA ROAD,CAMDEN,AR,71701,8708366833,510,Ouachita,N,For profit - Limited Liability company,106,71.3,NA,Medicare and Medicaid,N,PINE HILLS HEALTHCARE LLC,1992-01-15,THE SPRINGS ARKANSAS,516,26,3.6,3.2,2.8,4.1,N,NA,N,N,N,Resident,Yes,4,NA,4,NA,3,NA,5,NA,1,NA,4,NA,NA,NA,2.59197,0.89538,0.60688,1.50226,4.09422,3.55622,0.30516,0.13167,40,NA,NA,27,1,NA,1.13664,0.81673,1.90458,0.70265,0.55482,3.16205,2.80516,3.15143,1.08864,0.73787,4.97793,4.3238,2025-05-08,4,4,1,16,1,0,16,2024-03-15,9,9,1,64,1,0,64,28,NA,0,0,0,0,"900 MAGNOLIA ROAD,CAMDEN,AR,71701",33.5725,-92.843,NA,2026-06-01
045190,NIGHTINGALE AT CROSSETT,1101 WATERWELL ROAD,CROSSETT,AR,71635,8703645721,010,Ashley,N,For profit - Limited Liability company,83,55,NA,Medicare and Medicaid,N,CROSSETT HEALTHCARE LLC,1992-02-01,NIGHTINGALE,815,5,4,4,3.6,3,N,NA,N,N,N,Resident,Yes,4,NA,4,NA,2,NA,3,NA,1,NA,3,NA,NA,NA,2.33174,1.03716,0.3802,1.41736,3.7491,2.99339,0.16393,0,37,NA,NA,27,1,NA,1.23357,0.88639,2.06701,0.76257,0.60214,3.43171,3.04439,2.61225,1.16194,0.42594,4.20012,3.3535,2026-04-22,0,0,0,0,1,0,0,2024-09-19,11,11,0,84,1,0,84,21,NA,1,12353,0,1,"1101 WATERWELL ROAD,CROSSETT,AR,71635",33.1117,-91.948,NA,2026-06-01
045191,LAKE FOREST SENIOR LIVING AT HOT SPRINGS VILLAGE,121 CORTEZ RD,HOT SPRINGS VILLAGE,AR,71909,5019151708,250,Garland,Y,For profit - Corporation,50,43.6,NA,Medicare and Medicaid,N,HOT SPRINGS SNF OPCO LLC,1992-03-01,CONTINUUM HEALTHCARE,161,13,2.5,2.5,2.8,3.5,Y,NA,N,N,N,Resident,Yes,2,NA,3,NA,3,NA,3,NA,3,NA,1,NA,NA,NA,1.82439,1.17128,0.37601,1.54729,3.37168,3.25426,0.38599,0.1307,66.7,NA,75,NA,0,NA,1.39978,1.00581,2.3455,0.86531,0.68327,3.89408,3.45457,1.80119,1.15638,0.37123,3.3288,3.21287,2025-09-05,2,2,0,8,1,0,8,2024-06-12,7,5,2,123,1,0,123,36.75,NA,1,13627,0,1,"121 CORTEZ RD,HOT SPRINGS VILLAGE,AR,71909",34.689,-92.997,NA,2026-06-01
045192,The Springs of Mt Vista,202 Tims Avenue,HARRISON,AR,72601,8707417667,040,Boone,N,For profit - Limited Liability company,154,84.8,NA,Medicare and Medicaid,N,MOUNT VISTA HEALTHCARE LLC,1992-02-01,THE SPRINGS ARKANSAS,516,26,3.6,3.2,2.8,4.1,N,NA,N,N,N,Resident,Yes,3,NA,2,NA,5,NA,5,NA,5,NA,3,NA,NA,NA,2.26923,0.80271,0.44617,1.24889,3.51811,2.99635,0.26365,0.07736,50.5,NA,16.7,NA,0,NA,1.22697,0.88165,2.05595,0.75849,0.59892,3.41336,3.0281,2.55589,0.90412,0.50253,3.96254,3.37486,2024-09-27,8,8,0,68,1,0,68,2023-07-21,9,9,1,56,1,0,56,65,NA,1,32965,0,1,"202 Tims Avenue,HARRISON,AR,72601",36.2479,-93.122,NA,2026-06-01
045194,THE COTTAGES AT TEXARKANA,4701 JEFFERSON AVENUE,TEXARKANA,AR,71854,8707737515,450,Miller,Y,For profit - Limited Liability company,140,115.5,NA,Medicare and Medicaid,N,"TEXARKANA SNF OPERATIONS, LLC",1992-05-15,SOUTHERN ADMINISTRATIVE SERVICES,480,35,3.7,3.2,3.9,4.5,N,NA,N,N,N,Resident,Yes,3,NA,2,NA,4,NA,5,NA,4,NA,5,NA,NA,NA,3.37643,1.03005,0.62474,1.65479,5.03122,4.4839,0.33219,0.10563,47.7,NA,27.8,NA,0,NA,1.15404,0.82924,1.93373,0.7134,0.56331,3.21045,2.8481,4.04332,1.23349,0.74813,6.02495,5.36953,2025-03-28,5,5,1,44,1,0,44,2024-03-28,8,5,3,48,1,0,48,45,NA,1,28022,0,1,"4701 JEFFERSON AVENUE,TEXARKANA,AR,71854",33.4678,-94.029,NA,2026-06-01
045195,THE SPRINGS BROADWAY,800 WEST BROADWAY,WEST MEMPHIS,AR,72301,8707355174,170,Crittenden,Y,For profit - Limited Liability company,119,77.2,NA,Medicare and Medicaid,N,WEST MEMPHIS WELLNESS LLC,1992-04-01,THE SPRINGS ARKANSAS,516,26,3.6,3.2,2.8,4.1,N,NA,N,N,N,Resident,Yes,3,NA,3,NA,3,NA,5,NA,1,NA,3,NA,NA,NA,2.31294,1.14309,0.36374,1.50683,3.81977,3.5467,0.41021,0.12373,39.2,NA,66.7,NA,0,NA,1.28373,0.92243,2.15105,0.79357,0.62662,3.57124,3.16817,2.48995,1.23058,0.39157,4.1121,3.81813,2025-03-27,4,4,4,32,1,0,32,2024-02-02,10,9,3,60,1,0,60,39,NA,0,0,0,0,"800 WEST BROADWAY,WEST MEMPHIS,AR,72301",35.1465,-90.191,NA,2026-06-01
045196,SOUTHRIDGE VILLAGE NURSING AND REHAB,400 SOUTHRIDGE PARKWAY,HEBER SPRINGS,AR,72543,5013623185,110,Cleburne,N,For profit - Corporation,122,90.7,NA,Medicare and Medicaid,N,"HBNC, INC.",1992-04-01,ANTHONY & BRYAN ADAMS,36,38,3.9,3.5,3.1,4.4,N,NA,N,N,N,Resident,Yes,4,NA,4,NA,4,NA,5,NA,2,NA,3,NA,NA,NA,2.49271,0.87293,0.43534,1.30826,3.80097,3.02388,0.21849,0.00658,47.4,NA,50,NA,0,NA,1.17482,0.84417,1.96856,0.72625,0.57346,3.26827,2.89939,2.93224,1.02685,0.5121,4.47118,3.55707,2026-02-20,3,3,0,20,1,0,20,2024-07-25,2,2,0,8,1,0,8,17,NA,0,0,0,0,"400 SOUTHRIDGE PARKWAY,HEBER SPRINGS,AR,72543",35.4925,-92,NA,2026-06-01
045197,THE SPRINGS OF HARRISON,115 ORENDORFF AVENUE,HARRISON,AR,72601,8707413438,040,Boone,N,For profit - Limited Liability company,90,62.3,NA,Medicare and Medicaid,N,HARRISON HEALTHCARE LLC,1992-03-01,THE SPRINGS ARKANSAS,516,26,3.6,3.2,2.8,4.1,N,NA,N,N,N,Resident,Yes,5,NA,5,NA,4,NA,5,NA,2,NA,2,NA,NA,NA,2.19935,0.93537,0.3061,1.24147,3.44082,3.04373,0.34441,0.07277,51.7,NA,66.7,NA,0,NA,1.28111,0.92055,2.14666,0.79196,0.62534,3.56396,3.16171,2.37251,1.00901,0.33019,3.71172,3.28336,2025-07-02,0,0,0,0,0,0,0,2024-04-04,6,5,1,52,1,0,52,13,NA,0,0,0,0,"115 ORENDORFF AVENUE,HARRISON,AR,72601",36.2484,-93.121,NA,2026-06-01
045199,HEARTLAND REHABILITATION AND CARE CENTER,19701 INTERSTATE 30,BENTON,AR,72015,5017788200,620,Saline,Y,For profit - Limited Liability company,140,78.6,NA,Medicare and Medicaid,N,"SALINE SNF OPERATIONS, LLC",1992-08-06,SOUTHERN ADMINISTRATIVE SERVICES,480,35,3.7,3.2,3.9,4.5,N,NA,N,N,N,Resident,Yes,5,NA,4,NA,5,NA,5,NA,5,NA,3,NA,NA,NA,2.62629,0.95253,0.30815,1.26068,3.88697,3.48983,0.19706,0.05212,53.7,NA,33.3,NA,0,NA,1.21205,0.87092,2.03095,0.74927,0.59163,3.37185,2.99128,2.99448,1.08607,0.35135,4.43189,3.97908,2025-07-31,1,1,0,8,1,0,8,2024-04-25,6,6,0,44,1,0,44,17,NA,0,0,0,0,"19701 INTERSTATE 30,BENTON,AR,72015",34.5708,-92.594,NA,2026-06-01
045201,CHAPEL WOODS HEALTH AND REHABILITATION,1440 EAST CHURCH,WARREN,AR,71671,8702266766,050,Bradley,N,For profit - Corporation,140,67.5,NA,Medicare and Medicaid,N,WRNC INC,1992-09-01,ANTHONY & BRYAN ADAMS,36,38,3.9,3.5,3.1,4.4,N,NA,N,N,N,Resident,Yes,3,NA,2,NA,5,NA,5,NA,4,NA,2,NA,NA,NA,2.46454,1.20314,0.22556,1.4287,3.89324,3.25732,0.17072,0.00219,56.1,NA,NA,27,2,NA,1.2321,0.88533,2.06454,0.76166,0.60142,3.42761,3.04075,2.76433,1.34949,0.25299,4.36682,3.65354,2024-10-25,7,7,1,48,1,0,48,2023-12-14,11,9,2,72,1,0,72,54,NA,1,8281,0,1,"1440 EAST CHURCH,WARREN,AR,71671",33.6095,-92.043,NA,2026-06-01
045202,"LAKEWOOD HEALTH AND REHAB, LLC",2323 MCCAIN BOULEVARD,NORTH LITTLE ROCK,AR,72116,5017912323,590,Pulaski,Y,For profit - Limited Liability company,85,72.1,NA,Medicare and Medicaid,N,LAKEWOOD HEALTH AND REHAB LLC,1992-09-09,CENTRAL ARKANSAS NURSING CENTERS,129,39,3.7,3.2,3.5,4.3,N,NA,N,N,N,Resident,Yes,4,NA,4,NA,4,NA,5,NA,2,NA,2,NA,NA,NA,3.30733,0.9677,0.14375,1.11145,4.41878,3.66524,0.11511,0.01302,70,NA,100,NA,0,NA,1.28703,0.9248,2.15657,0.79561,0.62823,3.58041,3.17631,3.55132,1.03909,0.15436,4.74476,3.93563,2025-09-25,1,1,0,8,1,0,8,2024-07-11,9,7,2,60,1,0,60,21,NA,0,0,0,0,"2323 MCCAIN BOULEVARD,NORTH LITTLE ROCK,AR,72116",34.798,-92.241,NA,2026-06-01
045203,THE SPRINGS BATESVILLE,1975 WHITE DRIVE,BATESVILLE,AR,72501,8706981853,310,Independence,N,For profit - Corporation,150,91.3,NA,Medicare and Medicaid,N,BATESVILLE HEALTHCARE LLC,1992-07-01,THE SPRINGS ARKANSAS,516,26,3.6,3.2,2.8,4.1,N,NA,N,N,N,Resident,Yes,3,NA,3,NA,4,NA,5,NA,3,NA,3,NA,NA,NA,2.99664,1.13443,0.27642,1.41085,4.40749,3.71874,0.16413,0.00735,62.9,NA,50,NA,0,NA,1.10567,0.79448,1.85268,0.6835,0.5397,3.07589,2.72872,3.7455,1.41793,0.3455,5.50893,4.64805,2025-08-28,2,2,0,16,1,0,16,2024-05-23,12,10,2,92,1,0,92,35,NA,0,0,0,0,"1975 WHITE DRIVE,BATESVILLE,AR,72501",35.7915,-91.62,NA,2026-06-01
045207,OUACHITA NURSING AND REHABILITATION CENTER,1411 COUNTRY CLUB ROAD,CAMDEN,AR,71701,8708364111,510,Ouachita,N,For profit - Limited Liability company,115,79.9,NA,Medicare and Medicaid,N,"CAMDEN SNF OPERATIONS, LLC",1993-03-01,SOUTHERN ADMINISTRATIVE SERVICES,480,35,3.7,3.2,3.9,4.5,N,NA,Y,N,N,Both,Yes,2,NA,2,NA,4,NA,5,NA,2,NA,4,NA,NA,NA,2.39115,0.97932,0.46861,1.44794,3.83908,3.33919,0.26862,0.00629,48.4,NA,44.4,NA,0,NA,1.19677,0.85995,2.00535,0.73982,0.58418,3.32934,2.95357,2.76117,1.13087,0.54113,4.43317,3.85593,2025-08-21,3,1,2,16,1,0,16,2024-05-16,14,13,1,84,1,0,84,33,NA,0,0,0,0,"1411 COUNTRY CLUB ROAD,CAMDEN,AR,71701",33.5755,-92.856,NA,2026-06-01
045208,"CABOT HEALTH AND REHAB, LLC",200 NORTHPORT DRIVE,CABOT,AR,72023,5018436181,420,Lonoke,Y,For profit - Limited Liability company,89,75.2,NA,Medicare and Medicaid,N,CABOT HEALTH AND REHAB LLC,1993-03-01,CENTRAL ARKANSAS NURSING CENTERS,129,39,3.7,3.2,3.5,4.3,N,NA,N,N,N,Resident,Yes,2,NA,1,NA,5,NA,5,NA,5,NA,4,NA,NA,NA,2.96113,1.00658,0.32987,1.33646,4.29758,3.64209,0.45324,0.00604,48.3,NA,28.6,NA,0,NA,1.28125,0.92065,2.1469,0.79205,0.62541,3.56436,3.16206,3.1939,1.08571,0.35581,4.63541,3.92839,2024-12-12,11,11,0,72,1,0,72,2023-12-08,15,15,0,108,1,0,108,81,NA,0,0,0,0,"200 NORTHPORT DRIVE,CABOT,AR,72023",34.9818,-92.044,NA,2026-06-01
045209,THE CROSSING AT RIVERSIDE HEALTH AND REHABILITATIO,2500 EAST MOORE AVENUE,SEARCY,AR,72143,5012682324,720,White,N,For profit - Corporation,138,117,NA,Medicare and Medicaid,N,"SRCNC, INC",1993-06-01,ANTHONY & BRYAN ADAMS,36,38,3.9,3.5,3.1,4.4,N,NA,N,N,N,Resident,Yes,5,NA,5,NA,4,NA,5,NA,2,NA,4,NA,NA,NA,2.89435,0.77665,0.51883,1.29548,4.18983,3.47045,0.32415,0.01777,50.3,NA,50,NA,0,NA,1.23487,0.88732,2.06918,0.76337,0.60277,3.43531,3.04758,3.23915,0.86917,0.58063,4.68895,3.88387,2025-11-14,0,0,0,0,0,0,0,2024-06-12,4,4,0,32,1,0,32,8,NA,0,0,0,0,"2500 EAST MOORE AVENUE,SEARCY,AR,72143",35.2536,-91.709,NA,2026-06-01
045211,THE SPRINGS OF TEXARKANA,2107 DUDLEY STREET,TEXARKANA,AR,71854,8707724427,450,Miller,Y,For profit - Individual,173,92.8,NA,Medicare and Medicaid,N,TEXARKANA AR OPCO LLC,1993-05-17,THE SPRINGS ARKANSAS,516,26,3.6,3.2,2.8,4.1,N,NA,N,N,N,Resident,Yes,4,NA,3,NA,5,NA,5,NA,5,NA,2,NA,NA,NA,2.52904,1.07613,0.21297,1.28911,3.81814,3.52994,0.12474,0.01212,51,NA,62.5,NA,2,NA,1.22336,0.87905,2.04989,0.75625,0.59715,3.40329,3.01917,2.85695,1.21566,0.24059,4.31319,3.98762,2026-04-02,2,2,0,12,1,0,12,2024-10-10,6,4,2,52,1,0,52,22,NA,1,14665,0,1,"2107 DUDLEY STREET,TEXARKANA,AR,71854",33.4199,-94.021,NA,2026-06-01
045212,THE BLOSSOMS AT ROGERS REHAB & NURSING CENTER,1513 SOUTH DIXIELAND RD,ROGERS,AR,72758,4796365841,030,Benton,Y,For profit - Limited Liability company,110,62.2,NA,Medicare and Medicaid,N,SOUTH DIXIELAND ROAD OPERATING LLC,1993-06-02,THE BLOSSOMS REHAB & NURSING CENTER,505,24,2.6,2.6,2.3,3,N,NA,N,N,N,Resident,Yes,4,NA,4,NA,NA,2,NA,2,NA,2,2,NA,NA,NA,2.21697,0.5578,0.33161,0.88942,3.10639,2.65954,0.5158,0.01694,NA,27,NA,27,NA,27,1.1403,0.81937,1.91071,0.70491,0.55661,3.17223,2.81419,2.68683,0.67602,0.4019,3.76475,3.2232,2026-01-08,1,1,0,8,1,0,8,2023-12-22,5,5,0,40,1,0,40,16,NA,0,0,0,0,"1513 SOUTH DIXIELAND RD,ROGERS,AR,72758",36.3206,-94.144,NA,2026-06-01
045214,Hudson Memorial Nursing Home,700 N. COLLEGE AVENUE,EL DORADO,AR,71730,8708638131,690,Union,N,Government - County,108,64.1,NA,Medicare and Medicaid,N,HUDSON MEMORIAL NURSING HOME,1993-09-01,NA,NA,NA,NA,NA,NA,NA,N,NA,N,N,N,Resident,Yes,2,NA,2,NA,3,NA,4,NA,2,NA,3,NA,NA,NA,2.11097,1.54708,0.38378,1.93086,4.04183,3.12317,0.27702,1.9e-4,50.8,NA,50,NA,0,NA,1.2863,0.92427,2.15535,0.79516,0.62787,3.57839,3.17451,2.26798,1.66215,0.41233,4.34246,3.35547,2024-12-19,9,8,1,60,1,0,60,2023-10-20,4,4,0,20,1,0,20,50,NA,0,0,0,0,"700 N. COLLEGE AVENUE,EL DORADO,AR,71730",33.2185,-92.674,NA,2026-06-01
045216,TWIN RIVERS REHABILITATION AND HEALTHCARE CENTER,3021 TWIN RIVERS DRIVE,ARKADELPHIA,AR,71923,8702466337,090,Clark,N,For profit - Limited Liability company,112,69.5,NA,Medicare and Medicaid,N,"3P PARTNERS, LLC",1993-09-01,SOUTHERN ADMINISTRATIVE SERVICES,480,35,3.7,3.2,3.9,4.5,N,NA,N,N,N,Both,Yes,4,NA,3,NA,5,NA,5,NA,3,NA,4,NA,NA,NA,2.75175,0.82981,0.57116,1.40097,4.15272,3.54836,0.43963,0.03792,50,NA,25,NA,1,NA,1.24413,0.89398,2.0847,0.7691,0.60729,3.46109,3.07045,3.05662,0.92175,0.63444,4.6128,3.94149,2026-02-12,3,2,1,24,1,0,24,2024-08-29,3,2,1,16,1,0,16,22,NA,1,12335,0,1,"3021 TWIN RIVERS DRIVE,ARKADELPHIA,AR,71923",34.125,-93.086,NA,2026-06-01
045217,THE SPRINGS OF AVALON,610 SOUTH AVALON ST,WEST MEMPHIS,AR,72301,8707354543,170,Crittenden,Y,For profit - Limited Liability company,85,82.6,NA,Medicare and Medicaid,N,"WEST MEMPHIS OPERATORS, LLC",1993-11-01,THE SPRINGS ARKANSAS,516,26,3.6,3.2,2.8,4.1,N,NA,N,N,N,Resident,Yes,2,NA,2,NA,4,NA,5,NA,1,NA,2,NA,NA,NA,2.28825,0.82574,0.27466,1.1004,3.38865,2.93669,0.18168,0.0709,56,NA,71.4,NA,0,NA,1.06054,0.76206,1.77707,0.65561,0.51768,2.95036,2.61736,2.98177,1.076,0.35791,4.41568,3.82673,2025-02-27,6,6,1,44,1,0,44,2024-02-02,11,8,3,88,1,0,88,55,NA,1,8416,0,1,"610 SOUTH AVALON ST,WEST MEMPHIS,AR,72301",35.1379,-90.194,NA,2026-06-01
045218,GASSVILLE THERAPY AND LIVING,203 COTTER ROAD,GASSVILLE,AR,72635,8704352588,020,Baxter,N,For profit - Corporation,105,42.6,NA,Medicare and Medicaid,N,"GVNC, INC.",1993-11-01,ANTHONY & BRYAN ADAMS,36,38,3.9,3.5,3.1,4.4,N,NA,N,N,N,Resident,Yes,5,NA,4,NA,5,NA,5,NA,4,NA,5,NA,NA,NA,2.47128,0.62915,0.80772,1.43688,3.90816,3.49714,0.60064,0.00397,39.1,NA,25,NA,2,NA,1.16646,0.83816,1.95455,0.72108,0.56938,3.245,2.87875,2.92788,0.74539,0.95696,4.63023,4.14327,2025-12-18,0,0,0,0,0,0,0,2024-07-11,15,7,10,108,1,0,108,27,NA,0,0,0,0,"203 COTTER ROAD,GASSVILLE,AR,72635",36.2808,-92.499,NA,2026-06-01
045219,"CRESTPARK FORREST CITY, LLC",500 KITTLE RD,FORREST CITY,AR,72335,8706334260,610,St. Francis,N,For profit - Limited Liability company,100,41,NA,Medicare and Medicaid,N,"CRESTPARK FORREST CITY, LLC",1993-11-01,CRESTPARK,722,6,2.8,2.8,3,3,N,NA,N,N,N,Resident,Yes,2,NA,3,NA,2,NA,2,NA,NA,2,1,24,NA,NA,2.87997,0.69159,0.25603,0.94762,3.82759,3.23664,0.12207,5.3e-4,41.5,NA,NA,27,1,NA,1.19153,0.85618,1.99656,0.73658,0.58161,3.31475,2.94063,3.34028,0.80213,0.29695,4.43936,3.75396,2025-12-23,4,4,0,16,1,0,16,2024-08-08,12,7,5,92,1,0,92,35,NA,0,0,0,0,"500 KITTLE RD,FORREST CITY,AR,72335",35.0217,-90.772,NA,2026-06-01
045220,FAYETTEVILLE HEALTH AND REHABILITATION CENTER,3100 OLD MISSOURI RD,FAYETTEVILLE,AR,72703,4795214353,710,Washington,Y,For profit - Limited Liability company,140,118,NA,Medicare and Medicaid,N,"NORTHPORT HEALTH SERVICES OF ARKANSAS, LLC",1993-12-01,NHS MANAGEMENT,372,43,3,2.8,3.7,3.5,N,NA,N,N,N,Resident,Yes,3,NA,3,NA,4,NA,4,NA,3,NA,3,NA,NA,NA,3.08271,0.63699,0.10102,0.73801,3.82072,3.28427,0.10409,0.0497,41.2,NA,66.7,NA,0,NA,1.09635,0.78779,1.83707,0.67774,0.53516,3.04997,2.70573,3.88582,0.80293,0.12734,4.81609,4.13989,2025-11-21,4,3,1,16,1,0,16,2024-06-27,15,15,1,112,1,0,112,40,NA,0,0,0,0,"3100 OLD MISSOURI RD,FAYETTEVILLE,AR,72703",36.1088,-94.133,NA,2026-06-01
045221,"Crestpark Helena, LLC",116 NOVEMBER DRIVE,HELENA,AR,72342,8703389886,530,Phillips,N,For profit - Limited Liability company,100,31.7,NA,Medicare and Medicaid,N,"CRESTPARK HELENA, LLC",1994-01-01,CRESTPARK,722,6,2.8,2.8,3,3,N,NA,N,N,N,Resident,Yes,5,NA,4,NA,4,NA,4,NA,NA,2,5,NA,NA,NA,3.42813,0.88336,0.97479,1.85815,5.28628,4.58161,0.88642,0,17.5,NA,16.7,NA,0,NA,1.21492,0.87299,2.03575,0.75104,0.59303,3.37983,2.99836,3.8995,1.00482,1.10882,6.01314,5.21158,2025-09-05,5,5,0,16,1,0,16,2024-06-06,7,7,0,56,1,0,56,26,NA,0,0,0,0,"116 NOVEMBER DRIVE,HELENA,AR,72342",34.5419,-90.622,NA,2026-06-01
045222,WOODRUFF COUNTY HEALTH CENTER,139 WEST HIGHWAY 64,MCCRORY,AR,72101,8707312543,730,Woodruff,N,Government - County,120,84.8,NA,Medicare and Medicaid,N,WOODRUFF COUNTY HEALTH CENTER,1993-11-19,NA,NA,NA,NA,NA,NA,NA,N,NA,N,N,N,Resident,Yes,3,NA,3,NA,2,NA,1,NA,4,NA,4,NA,NA,NA,3.15258,0.87717,0.50751,1.38469,4.53726,4.24069,0.40764,0,44.2,NA,33.3,NA,0,NA,1.186,0.8522,1.98729,0.73316,0.57891,3.29936,2.92698,3.67351,1.02212,0.59137,5.287,4.94142,2025-09-18,2,1,2,28,1,0,28,2024-05-31,9,9,0,56,1,0,56,35,NA,1,8278,0,1,"139 WEST HIGHWAY 64,MCCRORY,AR,72101",35.2691,-91.196,NA,2026-06-01
045227,PLEASANT MANOR NURSING & REHAB,950 HOMESTEAD,ASHDOWN,AR,71822,8708985001,400,Little River,Y,For profit - Limited Liability company,88,71.8,NA,Medicare and Medicaid,N,PLEASANT MANOR NURSING & REHAB,1993-12-01,NA,NA,NA,NA,NA,NA,NA,N,NA,N,N,N,Resident,Yes,5,NA,5,NA,3,NA,4,NA,2,NA,4,NA,NA,NA,2.44599,1.2671,0.74584,2.01293,4.45893,2.90701,0.32981,0.00685,61.4,NA,60,NA,2,NA,1.10966,0.79735,1.85938,0.68597,0.54165,3.087,2.73858,3.04624,1.57804,0.92886,5.55315,3.62039,2025-11-25,0,0,0,0,0,0,0,2024-07-18,6,6,0,48,1,0,48,12,NA,0,0,0,0,"950 HOMESTEAD,ASHDOWN,AR,71822",33.6653,-94.117,NA,2026-06-01
045228,MAPLE HEALTHCARE,200 S MAPLE STREET,HAZEN,AR,72064,8702554323,580,Prairie,N,For profit - Limited Liability company,70,31.8,NA,Medicare and Medicaid,N,HAZEN SNF OPERATOR LLC,1994-01-01,MARSH POINTE MANAGEMENT,337,6,3,2.8,4,3,N,NA,Y,N,N,Resident,Yes,2,NA,2,NA,2,NA,2,NA,NA,2,4,NA,NA,NA,2.7568,0.90298,0.43048,1.33346,4.09027,3.84708,0.42195,0.03908,43.8,NA,NA,27,0,NA,1.17367,0.84334,1.96663,0.72554,0.5729,3.26506,2.89655,3.24609,1.06325,0.50688,4.81622,4.52986,2025-06-05,2,2,0,44,1,0,44,2024-03-07,5,5,0,40,1,0,40,43,NA,1,52000,1,2,"200 S MAPLE STREET,HAZEN,AR,72064",34.7977,-91.57,22,2026-06-01
045232,THE BLOSSOMS AT STAMPS REHAB & NURSING CENTER,826 NORTH STREET,STAMPS,AR,71860,8705334444,360,Lafayette,N,For profit - Limited Liability company,94,58.8,NA,Medicare and Medicaid,N,NORTH STREET OPERATING LLC,1994-03-01,THE BLOSSOMS REHAB & NURSING CENTER,505,24,2.6,2.6,2.3,3,N,NA,N,N,N,Resident,Yes,5,NA,5,NA,3,NA,4,NA,2,NA,3,NA,NA,NA,2.00412,0.98131,0.23076,1.21207,3.21619,2.81119,0.15551,0.00387,34.8,NA,40,NA,0,NA,1.08265,0.77794,1.81411,0.66927,0.52847,3.01184,2.67191,2.55821,1.25263,0.29456,4.1054,3.58842,2026-04-16,1,1,0,4,1,0,4,2024-10-17,2,2,0,12,1,0,12,6,NA,0,0,0,0,"826 NORTH STREET,STAMPS,AR,71860",33.3691,-93.49,NA,2026-06-01
045236,DES ARC NURSING AND REHABILITATION CENTER,2216 WEST MAIN STREET,DES ARC,AR,72040,8702564194,580,Prairie,N,For profit - Limited Liability company,98,50,NA,Medicare and Medicaid,N,PRAIRIE SNF OPERATIONS LLC,1994-06-01,SOUTHERN ADMINISTRATIVE SERVICES,480,35,3.7,3.2,3.9,4.5,N,NA,N,N,N,Resident,Yes,1,NA,1,NA,4,NA,4,NA,NA,2,4,NA,NA,NA,2.90427,0.66623,0.66632,1.33254,4.23681,3.76404,0.34233,0.04,55.8,NA,50,NA,1,NA,1.15131,0.82728,1.92917,0.71172,0.56198,3.20287,2.84137,3.48613,0.7997,0.79981,5.08565,4.51816,2025-01-16,8,8,3,64,1,0,64,2024-01-12,17,17,0,379,1,0,379,142.75,NA,1,8021,0,1,"2216 WEST MAIN STREET,DES ARC,AR,72040",34.9773,-91.52,NA,2026-06-01
045239,BELLE VIEW ESTATES REHABILITATION AND CARE CENTER,1052 OLD WARREN ROAD,MONTICELLO,AR,71655,8703670044,210,Drew,N,For profit - Limited Liability company,80,70.7,NA,Medicare and Medicaid,N,"DREW SNF OPERATIONS, LLC",1994-07-15,SOUTHERN ADMINISTRATIVE SERVICES,480,35,3.7,3.2,3.9,4.5,N,NA,N,N,N,Resident,Yes,5,NA,5,NA,5,NA,5,NA,5,NA,3,NA,NA,NA,2.19806,1.28194,0.22453,1.50647,3.70453,3.33293,0.11575,0.06704,27.9,NA,20,NA,0,NA,1.36082,0.97782,2.28022,0.84123,0.66425,3.7856900000000002,3.35842,2.23224,1.30187,0.22802,3.76213,3.38475,2025-06-05,0,0,0,0,0,0,0,2024-03-14,8,7,1,76,1,0,76,19,NA,1,7443,0,1,"1052 OLD WARREN ROAD,MONTICELLO,AR,71655",33.6135,-91.813,NA,2026-06-01
045241,BAILEY CREEK HEALTH AND REHAB,1621 EAST 42ND ST,TEXARKANA,AR,71854,8707743581,450,Miller,Y,For profit - Corporation,74,79.4,NA,Medicare and Medicaid,N,"TXKNC, INC.",1994-09-01,ANTHONY & BRYAN ADAMS,36,38,3.9,3.5,3.1,4.4,N,NA,N,N,N,Resident,Yes,2,NA,2,NA,4,NA,5,NA,3,NA,4,NA,NA,NA,2.56035,0.84246,0.41767,1.26013,3.82048,3.04872,0.25065,0.00948,50.6,NA,50,NA,0,NA,1.05619,0.75893,1.76978,0.65292,0.51555,2.93825,2.60662,3.35009,1.10232,0.5465,4.99891,3.9891,2026-04-09,4,2,2,24,1,0,24,2024-09-06,11,9,2,76,1,0,76,37,NA,0,0,0,0,"1621 EAST 42ND ST,TEXARKANA,AR,71854",33.4637,-94.026,NA,2026-06-01
045242,THE BLOSSOMS AT EUREKA SPRINGS REHAB & NURSING CEN,235 HUNTSVILLE ROAD,EUREKA SPRINGS,AR,72632,4792537038,070,Carroll,N,For profit - Limited Liability company,100,50.5,NA,Medicare and Medicaid,N,HUNTSVILLE ROAD OPERATING LLC,1994-08-01,THE BLOSSOMS REHAB & NURSING CENTER,505,24,2.6,2.6,2.3,3,N,NA,N,N,N,Resident,Yes,3,NA,2,NA,5,NA,5,NA,5,NA,2,NA,NA,NA,2.16043,0.96498,0.26275,1.22773,3.38815,3.07678,0.23744,0.00834,73.1,NA,NA,27,1,NA,1.21542,0.87334,2.03658,0.75135,0.59327,3.3812,2.99958,2.45649,1.09722,0.29875,3.85246,3.49842,2025-05-30,2,2,1,16,1,0,16,2024-03-01,20,14,8,156,1,0,156,51,NA,0,0,0,0,"235 HUNTSVILLE ROAD,EUREKA SPRINGS,AR,72632",36.3823,-93.741,NA,2026-06-01
045243,THE PINES NURSING AND REHABILITATION CENTER,524 CARPENTER DAM ROAD,HOT SPRINGS,AR,71901,5012624124,250,Garland,Y,For profit - Limited Liability company,125,73.6,NA,Medicare and Medicaid,N,"PINES SNF OPERATIONS, LLC",1994-09-01,SOUTHERN ADMINISTRATIVE SERVICES,480,35,3.7,3.2,3.9,4.5,N,NA,N,N,N,Resident,Yes,3,NA,3,NA,4,NA,5,NA,3,NA,3,NA,NA,NA,2.70999,0.89829,0.41816,1.31645,4.02644,3.53499,0.12009,0.05321,50.5,NA,50,NA,0,NA,1.31984,0.94837,2.21155,0.8159,0.64425,3.6717,3.25729,2.83757,0.94058,0.43785,4.21599,3.70141,2025-04-02,4,4,0,36,1,0,36,2024-02-23,7,4,3,72,1,0,72,45,NA,1,13863,0,1,"524 CARPENTER DAM ROAD,HOT SPRINGS,AR,71901",34.4643,-93.021,NA,2026-06-01
045244,LITTLE RIVER NURSING & REHAB,162 HWY 32-2A,ASHDOWN,AR,71822,8708985101,400,Little River,Y,Government - County,85,71.3,NA,Medicare and Medicaid,N,LITTLE RIVER NURSING HOME,1994-09-01,NA,NA,NA,NA,NA,NA,NA,N,NA,N,N,N,Resident,Yes,4,NA,4,NA,2,NA,2,NA,3,NA,4,NA,NA,NA,2.5415,1.05853,0.51519,1.57372,4.11522,3.37277,0.32247,0.03848,42.1,NA,30,NA,0,NA,1.19348,0.85758,1.99983,0.73779,0.58257,3.32018,2.94545,2.94289,1.22571,0.59656,4.76515,3.90545,2025-01-24,2,2,0,8,1,0,8,2024-03-01,11,10,1,80,1,0,80,26,NA,0,0,0,0,"162 HWY 32-2A,ASHDOWN,AR,71822",33.6741,-94.126,22,2026-06-01
045245,CONWAY HEALTHCARE AND REHABILITATION CENTER,2603 DAVE WARD DRIVE,CONWAY,AR,72034,5013292149,220,Faulkner,Y,For profit - Limited Liability company,105,67.5,NA,Medicare and Medicaid,N,FAULKNER SNF OPERATIONS LLC,1994-08-15,SOUTHERN ADMINISTRATIVE SERVICES,480,35,3.7,3.2,3.9,4.5,Y,NA,N,N,N,None,Yes,3,NA,2,NA,5,NA,5,NA,NA,2,3,NA,NA,NA,2.96887,0.84039,0.37518,1.21557,4.18444,3.8017,0.2813,0.0156,58.4,NA,78.6,NA,0,NA,1.20495,0.86582,2.01904,0.74487,0.58816,3.35208,2.97374,3.40504,0.96386,0.4303,4.79919,4.36023,2025-08-21,6,6,1,32,1,0,32,2024-05-06,10,8,4,135,1,0,135,57.75,NA,1,25483,0,1,"2603 DAVE WARD DRIVE,CONWAY,AR,72034",35.0704,-92.465,NA,2026-06-01
045246,PERRY COUNTY NURSING AND REHABILITATION CENTER,1321 SCENIC DRIVE,PERRYVILLE,AR,72126,5018892400,520,Perry,Y,For profit - Individual,95,67.1,NA,Medicare and Medicaid,N,PERRY COUNTY CARE CENTER INC,1994-09-15,CENTRAL ARKANSAS NURSING CENTERS,129,39,3.7,3.2,3.5,4.3,N,NA,N,N,N,Resident,Yes,5,NA,5,NA,3,NA,5,NA,2,NA,4,NA,NA,NA,3.29628,1.05905,0.21414,1.27318,4.56946,3.64464,0.1369,0.0037,41.7,NA,NA,27,0,NA,1.22995,0.88378,2.06093,0.76033,0.60037,3.42163,3.03545,3.70371,1.18994,0.2406,5.13425,4.09512,2026-03-19,1,1,0,4,1,0,4,2024-09-05,4,4,0,36,1,0,36,12,NA,0,0,0,0,"1321 SCENIC DRIVE,PERRYVILLE,AR,72126",35.0081,-92.812,NA,2026-06-01
045247,STELLA MANOR NURSING AND REHABILITATION CENTER,400 NORTH VANCOUVER AVENUE,RUSSELLVILLE,AR,72801,4799684141,570,Pope,N,For profit - Corporation,124,70.2,NA,Medicare and Medicaid,N,STELLA MANOR CARE CENTER INC,1994-09-01,CENTRAL ARKANSAS NURSING CENTERS,129,39,3.7,3.2,3.5,4.3,N,NA,N,N,N,None,Yes,5,NA,5,NA,5,NA,5,NA,5,NA,4,NA,NA,NA,3.50236,0.93517,0.40837,1.34353,4.84589,4.00123,0.24782,0.00745,47.7,NA,14.3,NA,0,NA,1.25203,0.89965,2.09794,0.77398,0.61115,3.48306,3.08994,3.86585,1.03222,0.45075,5.34882,4.41649,2024-11-07,1,1,0,4,1,0,4,2023-10-12,6,6,0,60,1,0,60,18,NA,0,0,0,0,"400 NORTH VANCOUVER AVENUE,RUSSELLVILLE,AR,72801",35.2862,-93.153,NA,2026-06-01
045248,SOUTHFORK RIVER THERAPY AND LIVING,624 HWY 62/412 WEST,SALEM,AR,72576,8708953817,240,Fulton,N,For profit - Limited Liability company,84,65.3,NA,Medicare and Medicaid,N,"SLNC, INC.",1994-09-01,ANTHONY & BRYAN ADAMS,36,38,3.9,3.5,3.1,4.4,N,NA,N,N,N,Resident,Yes,5,NA,5,NA,4,NA,5,NA,3,NA,3,NA,NA,NA,2.28169,1.07363,0.33126,1.40489,3.68658,3.21698,0.20675,0.00374,43.9,NA,77.8,NA,0,NA,1.13347,0.81446,1.89928,0.70069,0.55328,3.15324,2.79735,2.78193,1.30901,0.40388,4.49482,3.92227,2026-03-12,1,1,0,0,0,0,0,2024-08-15,0,0,0,0,0,0,0,0,NA,0,0,0,0,"624 HWY 62/412 WEST,SALEM,AR,72576",36.3675,-91.826,22,2026-06-01
045250,LAKE FOREST SENIOR LIVING AT MOUNTAIN HOME,300 GOOD SAMARITAN DRIVE,MOUNTAIN HOME,AR,72653,8707066525,020,Baxter,N,For profit - Limited Liability company,70,44.7,NA,Medicare and Medicaid,N,MOUNTAIN HOME SNF OPCO LLC,1994-12-01,CONTINUUM HEALTHCARE,161,13,2.5,2.5,2.8,3.5,Y,NA,N,N,N,Resident,Yes,4,NA,4,NA,3,NA,4,NA,2,NA,2,NA,NA,NA,2.51399,0.92953,0.51663,1.44616,3.96015,3.58721,0.19888,0.10731,NA,26,NA,26,0,NA,1.35497,0.97362,2.27042,0.83761,0.66139,3.76943,3.34399,2.56409,0.94806,0.52693,4.03907,3.65871,2025-08-20,2,0,2,16,0,0,16,2024-05-08,9,8,1,68,1,0,68,29,NA,0,0,0,0,"300 GOOD SAMARITAN DRIVE,MOUNTAIN HOME,AR,72653",36.3158,-92.353,NA,2026-06-01
045254,The Blossoms at the Village Rehab & Nursing Center,1208 NORTH HIGHWAY 7,HOT SPRINGS,AR,71909,5016245238,250,Garland,Y,For profit - Corporation,120,87.9,NA,Medicare and Medicaid,N,NORTH HIGHWAY 7 OPERATING LLC,1994-11-01,THE BLOSSOMS REHAB & NURSING CENTER,505,24,2.6,2.6,2.3,3,N,NA,N,N,N,Resident,Yes,4,NA,4,NA,2,NA,2,NA,1,NA,2,NA,NA,NA,2.39899,0.68932,0.42487,1.11419,3.51317,3.15566,0.35075,0.00989,63.8,NA,57.1,NA,3,NA,1.15689,0.83129,1.93851,0.71516,0.56471,3.21838,2.85513,2.86574,0.82343,0.50754,4.1967,3.76963,2025-12-19,2,2,0,8,1,0,8,2024-08-15,6,4,2,48,1,0,48,18,NA,0,0,0,0,"1208 NORTH HIGHWAY 7,HOT SPRINGS,AR,71909",34.5944,-93.007,NA,2026-06-01
045256,SHERIDAN HEALTHCARE AND REHABILITATION CENTER,113 SOUTH BRIARWOOD DRIVE,SHERIDAN,AR,72150,8709422183,260,Grant,Y,For profit - Limited Liability company,121,61.5,NA,Medicare and Medicaid,N,"GRANT SNF OPERATIONS, LLC",1994-12-01,SOUTHERN ADMINISTRATIVE SERVICES,480,35,3.7,3.2,3.9,4.5,N,NA,N,N,N,Resident,Yes,3,NA,2,NA,5,NA,5,NA,4,NA,4,NA,NA,NA,2.72132,0.92575,0.41782,1.34358,4.0649,3.55153,0.13457,0.05687,38.1,NA,12.5,NA,0,NA,1.37195,0.98582,2.29887,0.84811,0.66968,3.81667,3.3859,2.7412,0.93252,0.42088,4.09459,3.57748,2025-04-04,3,3,0,32,1,0,32,2024-01-26,15,14,1,104,1,0,104,50,NA,0,0,0,0,"113 SOUTH BRIARWOOD DRIVE,SHERIDAN,AR,72150",34.31,-92.415,NA,2026-06-01
045259,The Blossoms at Woodland Hills Rehab & Nursing Cen,8701 Riley Drive,Little Rock,AR,72205,5012242700,590,Pulaski,Y,For profit - Limited Liability company,140,91.7,NA,Medicare and Medicaid,N,RILEY DRIVE OPERATING LLC,1994-11-10,THE BLOSSOMS REHAB & NURSING CENTER,505,24,2.6,2.6,2.3,3,N,NA,N,N,N,Resident,Yes,1,NA,1,NA,2,NA,4,NA,1,NA,2,NA,NA,NA,1.84466,0.84374,0.47264,1.31638,3.16103,2.70016,0.23392,0.00331,86.3,NA,83.3,NA,0,NA,1.19853,0.86121,2.00829,0.74091,0.58503,3.33423,2.9579,2.12699,0.97288,0.54498,3.64485,3.11343,2025-04-03,8,6,2,60,1,0,60,2024-02-16,20,14,6,128,1,0,128,77,NA,1,133616,0,1,"8701 Riley Drive,Little Rock,AR,72205",34.7433,-92.365,NA,2026-06-01
045266,MONTGOMERY COUNTY NURSING HOME,741 SOUTH DRIVE,MOUNT IDA,AR,71957,8708672156,480,Montgomery,N,Government - County,112,68.7,NA,Medicare and Medicaid,N,MONTGOMERY COUNTY NURSING HOME,1995-02-01,NA,NA,NA,NA,NA,NA,NA,N,NA,N,N,N,Resident,Yes,5,NA,5,NA,4,NA,4,NA,4,NA,5,NA,NA,NA,3.82792,0.84253,0.51497,1.3575,5.18541,4.6157,0.47584,0.01493,18.4,NA,0,NA,0,NA,1.17432,0.84381,1.96772,0.72594,0.57321,3.26687,2.89815,4.50481,0.99152,0.60603,6.10235,5.4319,2025-05-30,1,1,0,4,1,0,4,2024-03-21,4,4,0,28,1,0,28,10,NA,0,0,0,0,"741 SOUTH DRIVE,MOUNT IDA,AR,71957",34.546,-93.631,NA,2026-06-01
045267,LEGACY HEALTH AND REHABILITATION CENTER,3310 NORTH 50TH STREET,FORT SMITH,AR,72904,4797833101,650,Sebastian,Y,For profit - Limited Liability company,115,107.1,NA,Medicare and Medicaid,N,"NORTHPORT HEALTH SERVICES OF ARKANSAS, LLC",1995-01-01,NHS MANAGEMENT,372,43,3,2.8,3.7,3.5,N,NA,N,N,N,Resident,Yes,2,NA,2,NA,2,NA,3,NA,1,NA,4,NA,NA,NA,2.79511,0.6902,0.38995,1.08015,3.87526,3.40067,0.1932,0.02908,45.7,NA,58.3,NA,0,NA,1.08411,0.77899,1.81656,0.67017,0.52918,3.01592,2.67552,3.56308,0.87983,0.49709,4.94,4.33501,2025-01-31,5,5,0,32,1,0,32,2024-03-21,17,11,11,120,1,0,120,54,NA,0,0,0,0,"3310 NORTH 50TH STREET,FORT SMITH,AR,72904",35.411,-94.376,NA,2026-06-01
045268,VAN BUREN HEALTHCARE AND REHABILITATION CENTER,1404 NORTH 28TH STREET,VAN BUREN,AR,72956,4794748021,160,Crawford,Y,For profit - Limited Liability company,140,114.5,NA,Medicare and Medicaid,N,"WONDER BOYS PROPERTIES OF ARKANSAS, LLC",1995-02-01,STEIN LTC,490,4,4,3.8,3,3.8,N,NA,N,N,N,Resident,Yes,4,NA,4,NA,3,NA,3,NA,2,NA,3,NA,NA,NA,2.84896,1.10207,0.20249,1.30456,4.15352,3.53002,0.07244,0.06658,46.1,NA,0,NA,0,NA,1.24022,0.89117,2.07815,0.76668,0.60538,3.45022,3.0608,3.17458,1.22803,0.22564,4.62824,3.93348,2024-09-19,2,2,0,8,1,0,8,2023-07-14,11,10,2,88,1,0,88,28,NA,0,0,0,0,"1404 NORTH 28TH STREET,VAN BUREN,AR,72956",35.4542,-94.326,NA,2026-06-01
045269,THE BLOSSOMS AT STAR CITY REHAB & NURSING CENTER,702 N DREW ST,STAR CITY,AR,71667,8706284144,390,Lincoln,N,For profit - Limited Liability company,95,82.1,NA,Medicare and Medicaid,N,N DREW STREET OPERATING LLC,1995-04-01,THE BLOSSOMS REHAB & NURSING CENTER,505,24,2.6,2.6,2.3,3,N,NA,N,N,N,Resident,Yes,3,NA,3,NA,3,NA,5,NA,1,NA,2,NA,NA,NA,2.18268,0.93791,0.23123,1.16914,3.35181,3.10186,0.16334,0.00832,41,NA,66.7,NA,0,NA,1.2475,0.89639,2.09034,0.77118,0.60894,3.47046,3.07876,2.41796,1.03901,0.25616,3.71312,3.43623,2025-01-30,4,4,0,32,1,0,32,2024-01-05,15,11,4,100,1,0,100,49,NA,0,0,0,0,"702 N DREW ST,STAR CITY,AR,71667",33.9496,-91.845,NA,2026-06-01
045270,ARBOR OAKS HEALTHCARE AND REHABILITATION CENTER,955 DIVISION,MALVERN,AR,72104,5013325251,290,Hot Spring,N,For profit - Limited Liability company,94,67,NA,Medicare and Medicaid,N,MALVERN SNF OPERATIONS LLC,1995-02-01,SOUTHERN ADMINISTRATIVE SERVICES,480,35,3.7,3.2,3.9,4.5,N,NA,N,N,N,Resident,Yes,3,NA,3,NA,3,NA,4,NA,3,NA,3,NA,NA,NA,2.17858,1.09067,0.41233,1.503,3.68158,3.09498,0.23391,0.01482,46.8,NA,20,NA,0,NA,1.26458,0.90867,2.11896,0.78174,0.61727,3.51796,3.1209,2.38083,1.19192,0.45061,4.02336,3.3823,2025-07-02,4,3,1,16,1,0,16,2024-06-27,6,6,1,64,1,0,64,28,NA,1,8018,1,2,"955 DIVISION,MALVERN,AR,72104",34.3773,-92.815,NA,2026-06-01
045271,OAK RIDGE HEALTH AND REHABILITATION,501 HUDSON ST,EL DORADO,AR,71730,8708625511,690,Union,N,For profit - Limited Liability company,180,78.6,NA,Medicare and Medicaid,N,OR OPS INC,1995-02-01,ANTHONY & BRYAN ADAMS,36,38,3.9,3.5,3.1,4.4,N,NA,N,N,N,Resident,Yes,4,NA,4,NA,3,NA,4,NA,2,NA,4,NA,NA,NA,2.66261,0.97757,0.2989,1.27647,3.93909,3.70407,0.32458,0.0019,32.9,NA,0,NA,0,NA,1.10841,0.79645,1.85727,0.68519,0.54104,3.08351,2.73548,3.31978,1.21885,0.37267,4.91129,4.61827,2026-03-19,1,1,0,4,1,0,4,2024-09-26,5,3,2,48,1,0,48,15,NA,2,74825,0,2,"501 HUDSON ST,EL DORADO,AR,71730",33.2087,-92.641,NA,2026-06-01
045275,THE SPRINGS OF EL DORADO,1700 EAST SHORT HILLSBORO,EL DORADO,AR,71730,8708625124,690,Union,N,For profit - Limited Liability company,122,78.7,NA,Medicare and Medicaid,N,ADVANCED NURSING AND REHAB OF EL DORADO LLC,1995-04-01,THE SPRINGS ARKANSAS,516,26,3.6,3.2,2.8,4.1,N,NA,N,N,N,Resident,Yes,3,NA,3,NA,4,NA,5,NA,3,NA,4,NA,NA,NA,2.70957,0.89625,0.33634,1.23259,3.94216,3.30792,0.34228,0.06944,54.7,NA,25,NA,1,NA,1.09427,0.78629,1.83358,0.67645,0.53414,3.04417,2.70059,3.42198,1.13189,0.42478,4.97865,4.17765,2025-05-01,4,2,4,24,1,0,24,2024-03-01,7,6,1,64,1,0,64,34,NA,0,0,0,0,"1700 EAST SHORT HILLSBORO,EL DORADO,AR,71730",33.207,-92.643,NA,2026-06-01
045277,THE SPRINGS OF PINE BLUFF,6301 SOUTH  HAZEL STREET,PINE BLUFF,AR,71603,8705348153,340,Jefferson,N,For profit - Limited Liability company,103,82.5,NA,Medicare and Medicaid,N,PINE BLUFF AR OPCO LLC,1995-05-01,THE SPRINGS ARKANSAS,516,26,3.6,3.2,2.8,4.1,N,NA,N,N,N,Resident,Yes,2,NA,2,NA,4,NA,5,NA,3,NA,2,NA,NA,NA,2.73943,0.65556,0.40551,1.06107,3.8005,3.33022,0.24023,0.06007,NA,26,NA,26,2,NA,1.20277,0.86425,2.01539,0.74353,0.5871,3.34601,2.96836,3.14759,0.75323,0.46593,4.36676,3.82641,2025-06-20,6,6,1,36,1,0,36,2024-03-28,9,8,1,68,1,0,68,44,NA,0,0,0,0,"6301 SOUTH  HAZEL STREET,PINE BLUFF,AR,71603",34.1631,-92.024,NA,2026-06-01
045280,TWIN LAKES THERAPY AND LIVING,6152 HIGHWAY 202 EAST,FLIPPIN,AR,72634,8704534603,440,Marion,N,For profit - Corporation,80,45.7,NA,Medicare and Medicaid,N,"FPNC, INC.",1995-05-22,ANTHONY & BRYAN ADAMS,36,38,3.9,3.5,3.1,4.4,N,NA,N,N,N,Resident,Yes,2,NA,1,NA,5,NA,5,NA,5,NA,3,NA,NA,NA,2.55029,0.94554,0.38356,1.32909,3.87938,3.20898,0.26826,0.00563,56.9,NA,NA,27,1,NA,1.1793,0.84739,1.97607,0.72902,0.57565,3.28073,2.91045,2.98857,1.10803,0.44948,4.54608,3.76047,2025-06-12,4,2,2,32,1,0,32,2024-03-15,20,17,12,215,1,0,215,77.75,NA,2,25678,1,3,"6152 HIGHWAY 202 EAST,FLIPPIN,AR,72634",36.2832,-92.612,NA,2026-06-01
045284,POCAHONTAS HEALTHCARE AND REHABILITATION CENTER,105 COUNTRY CLUB ROAD,POCAHONTAS,AR,72455,8708922523,600,Randolph,N,For profit - Limited Liability company,97,48.5,NA,Medicare and Medicaid,N,RANDOLPH SNF OPERATIONS LLC,1995-07-01,SOUTHERN ADMINISTRATIVE SERVICES,480,35,3.7,3.2,3.9,4.5,N,NA,N,N,N,Both,Yes,3,NA,3,NA,3,NA,4,NA,2,NA,4,NA,NA,NA,2.4379,0.91618,0.58994,1.50612,3.94402,3.45173,0.25754,0.01805,45.9,NA,50,NA,0,NA,1.1963,0.85961,2.00456,0.73953,0.58395,3.32803,2.95241,2.81626,1.05837,0.6815,4.55614,3.98745,2026-02-12,1,0,1,20,0,0,20,2024-08-22,12,9,3,88,1,0,88,37,NA,1,9307,0,1,"105 COUNTRY CLUB ROAD,POCAHONTAS,AR,72455",36.288,-90.996,NA,2026-06-01
045287,BEAR CREEK HEALTHCARE LLC,322 WEST COLLIN RAYE DRIVE,DE QUEEN,AR,71832,8706423562,660,Sevier,N,For profit - Limited Liability company,131,47.4,NA,Medicare and Medicaid,N,"BEAR CREEK HEALTHCARE, LLC",1995-06-01,NA,NA,NA,NA,NA,NA,NA,N,NA,N,N,N,Resident,Yes,5,NA,5,NA,4,NA,4,NA,4,NA,4,NA,NA,NA,2.54736,1.09437,0.42081,1.51518,4.06254,3.21956,0.35855,0.00774,43.4,NA,NA,27,1,NA,1.07618,0.77329,1.80328,0.66527,0.52531,2.99386,2.65595,3.27118,1.40533,0.54038,5.21689,4.13438,2026-03-06,1,1,0,4,1,0,4,2024-10-17,3,3,0,20,1,0,20,8,NA,0,0,0,0,"322 WEST COLLIN RAYE DRIVE,DE QUEEN,AR,71832",34.0456,-94.341,NA,2026-06-01
045288,THE SPRINGS OF CHENAL,3115 S BOWMAN ROAD,LITTLE ROCK,AR,72211,5012284848,590,Pulaski,Y,For profit - Limited Liability company,70,47.5,NA,Medicare and Medicaid,N,ALLAY HEALTHCARE LLC,1995-06-30,THE SPRINGS ARKANSAS,516,26,3.6,3.2,2.8,4.1,N,NA,N,N,N,Resident,Yes,5,NA,5,NA,5,NA,5,NA,4,NA,3,NA,NA,NA,2.71932,1.25995,0.50145,1.7614,4.48072,3.65565,0.51777,0.04972,77.8,NA,87.5,NA,0,NA,1.30459,0.93742,2.18601,0.80647,0.6368,3.62928,3.21966,2.88062,1.33468,0.53119,4.74649,3.87248,2025-12-16,1,1,0,4,1,0,4,2024-07-25,6,4,2,40,1,0,40,13,NA,0,0,0,0,"3115 S BOWMAN ROAD,LITTLE ROCK,AR,72211",34.7275,-92.409,NA,2026-06-01
045289,"LONOKE HEALTH AND REHAB CENTER, LLC",1501 LINCOLN STREET,LONOKE,AR,72086,5016762600,420,Lonoke,Y,For profit - Limited Liability company,80,70.1,NA,Medicare and Medicaid,N,LONOKE HEALTH AND REHAB CENTER LLC,1995-07-28,CENTRAL ARKANSAS NURSING CENTERS,129,39,3.7,3.2,3.5,4.3,N,NA,N,N,N,Resident,Yes,5,NA,4,NA,5,NA,5,NA,4,NA,3,NA,NA,NA,3.41218,0.99977,0.32568,1.32545,4.73763,4.05499,0.20604,0.00349,60.7,NA,NA,27,0,NA,1.22994,0.88378,2.06092,0.76032,0.60036,3.42161,3.03542,3.83396,1.12335,0.36594,5.32325,4.55622,2026-01-08,0,0,0,0,0,0,0,2024-07-25,15,15,0,104,1,0,104,26,NA,0,0,0,0,"1501 LINCOLN STREET,LONOKE,AR,72086",34.7712,-91.909,NA,2026-06-01
045290,"DARDANELLE NURSING AND REHABILITATION CENTER,INC",2199 STATE HWY 7 NORTH,DARDANELLE,AR,72834,4792294884,740,Yell,N,For profit - Individual,110,86.2,NA,Medicare and Medicaid,N,DARDANELLE NURSING AND REHABILITATION CENTER INC,1995-08-01,CENTRAL ARKANSAS NURSING CENTERS,129,39,3.7,3.2,3.5,4.3,N,NA,N,N,N,Resident,Yes,4,NA,3,NA,5,NA,5,NA,5,NA,4,NA,NA,NA,2.79931,0.93029,0.3764,1.30669,4.106,3.69803,0.29144,0.0089,40.4,NA,20,NA,0,NA,1.27933,0.91927,2.14368,0.79086,0.62447,3.55901,3.15732,3.0239,1.00492,0.4066,4.43542,3.99472,2026-04-02,3,2,1,32,0,0,32,2024-08-29,1,1,0,8,1,0,8,26,NA,1,9113,0,1,"2199 STATE HWY 7 NORTH,DARDANELLE,AR,72834",35.204,-93.155,NA,2026-06-01
045295,The Blossoms at Berryville Rehab & Nursing Center,500 Hammons Avenue,Berryville,AR,72616,8704236966,070,Carroll,N,For profit - Limited Liability company,114,61.1,NA,Medicare and Medicaid,N,HAMMONS AVENUE OPERATING LLC,1995-11-01,THE BLOSSOMS REHAB & NURSING CENTER,505,24,2.6,2.6,2.3,3,N,NA,N,N,N,Resident,Yes,3,NA,3,NA,4,NA,4,NA,4,NA,2,NA,NA,NA,1.80747,1.19089,0.37151,1.5624,3.36988,2.84497,0.20685,0.07322,72,NA,33.3,NA,0,NA,1.28464,0.92308,2.15257,0.79414,0.62706,3.57377,3.17041,1.94442,1.28113,0.39966,3.62521,3.06053,2025-12-04,3,2,1,28,1,0,28,2024-08-08,5,5,1,48,1,0,48,33,NA,2,22880,0,2,"500 Hammons Avenue,Berryville,AR,72616",36.3596,-93.553,NA,2026-06-01
045297,MANILA HEALTHCARE CENTER,2975 W State Highway 18,MANILA,AR,72442,8705613342,460,Mississippi,N,For profit - Limited Liability company,84,64.3,NA,Medicare and Medicaid,N,Legal Business Name Not Available,1996-01-01,DAVID VANN & BOYD WRIGHT,723,5,3.4,3.2,3.2,2.4,N,NA,N,N,N,Resident,Yes,4,NA,3,NA,2,NA,2,NA,2,NA,5,NA,NA,NA,3.09774,0.60228,0.67356,1.27584,4.37358,3.89582,0.6957,0.01062,40.9,NA,20,NA,0,NA,1.24183,0.89232,2.08083,0.76767,0.60617,3.45467,3.06476,3.44734,0.67025,0.74958,4.86717,4.3354799999999996,2026-03-19,8,8,1,32,1,0,32,2025-01-24,4,2,2,24,1,0,24,30,NA,0,0,0,0,"2975 W State Highway 18,MANILA,AR,72442",35.8707,-90.155,NA,2026-06-01
045300,Paris Health And Rehabilitation Center,1414 S ELM ST,PARIS,AR,72855,4799636151,410,Logan,N,For profit - Limited Liability company,140,114.2,NA,Medicare and Medicaid,N,"NORTHPORT HEALTH SERVICES OF ARKANSAS, LLC",1996-01-15,NHS MANAGEMENT,372,43,3,2.8,3.7,3.5,N,NA,N,N,N,Resident,Yes,4,NA,4,NA,4,NA,5,NA,3,NA,4,NA,NA,NA,2.69676,0.56717,0.38649,0.95366,3.65042,3.06472,0.24179,0.04937,49.5,NA,40,NA,1,NA,1.09087,0.78385,1.82789,0.67435,0.53248,3.03473,2.69221,3.41639,0.71851,0.48963,4.62454,3.88255,2026-03-05,4,2,2,16,1,0,16,2024-08-08,6,4,2,52,1,0,52,25,NA,0,0,0,0,"1414 S ELM ST,PARIS,AR,72855",35.281,-93.73,NA,2026-06-01
045301,OAK MANOR NURSING AND REHABILITATION CENTER INC,150 MORTON AVENUE,BOONEVILLE,AR,72927,4796753763,410,Logan,N,For profit - Corporation,120,52.7,NA,Medicare and Medicaid,N,"OAK MANOR NURSING AND REHABILITATION CENTER, INC.",1996-01-15,CENTRAL ARKANSAS NURSING CENTERS,129,39,3.7,3.2,3.5,4.3,N,NA,N,N,N,Resident,Yes,5,NA,4,NA,5,NA,4,NA,5,NA,4,NA,NA,NA,3.17055,0.97918,0.3343,1.31348,4.48403,4.2115,0.28631,0.01785,32.8,NA,33.3,NA,0,NA,1.16492,0.83706,1.95197,0.72013,0.56863,3.24072,2.87496,3.7613,1.16163,0.39658,5.31951,4.9962,2026-04-16,2,1,1,12,0,0,12,2024-09-05,2,2,0,32,1,0,32,17,NA,0,0,0,0,"150 MORTON AVENUE,BOONEVILLE,AR,72927",35.1374,-93.921,22,2026-06-01
045302,"INNISFREE HEALTH AND REHAB, LLC",301 SOUTH 24TH STREET,ROGERS,AR,72758,4796365545,030,Benton,Y,For profit - Limited Liability company,104,81.8,NA,Medicare and Medicaid,N,"INNISFREE HEALTH AND REHAB, LLC",1996-02-15,CENTRAL ARKANSAS NURSING CENTERS,129,39,3.7,3.2,3.5,4.3,N,NA,N,N,N,Resident,Yes,2,NA,1,NA,5,NA,5,NA,4,NA,4,NA,NA,NA,4.04698,1.34965,0.27832,1.62797,5.67496,4.67904,0.12518,0.04948,44.4,NA,50,NA,0,NA,1.15451,0.82958,1.93453,0.7137,0.56355,3.21177,2.84927,4.84432,1.61555,0.33316,6.79303,5.6009,2024-11-15,12,12,0,84,1,0,84,2023-11-17,8,7,1,72,1,0,72,81,NA,0,0,0,0,"301 SOUTH 24TH STREET,ROGERS,AR,72758",36.3323,-94.152,NA,2026-06-01
045303,"CRESTPARK STUTTGART, LLC",707 WEST 20TH STREET,STUTTGART,AR,72160,8706731657,000,Arkansas,N,For profit - Limited Liability company,100,44.9,NA,Medicare and Medicaid,N,"CRESTPARK STUTTGART, LLC",1996-04-01,CRESTPARK,722,6,2.8,2.8,3,3,N,NA,N,N,N,None,Yes,3,NA,2,NA,5,NA,5,NA,5,NA,4,NA,NA,NA,3.201,0.74003,0.5211,1.26112,4.46212,3.94967,0.37072,0.00175,33.3,NA,44.4,NA,0,NA,1.09359,0.7858,1.83245,0.67603,0.53381,3.04229,2.69892,4.04511,0.93518,0.65851,5.6388,4.99121,2025-03-27,1,1,0,8,1,0,8,2024-01-12,17,15,2,242,1,0,242,66.5,NA,1,25728,0,1,"707 WEST 20TH STREET,STUTTGART,AR,72160",34.4832,-91.559,NA,2026-06-01
045304,"BEEBE RETIREMENT CENTER, INC.",709 MCAFEE LANE,BEEBE,AR,72012,5018823313,720,White,N,For profit - Corporation,105,75.6,NA,Medicare and Medicaid,N,"BEEBE RETIREMENT CENTER, INC.",1996-07-01,ANTHONY & BRYAN ADAMS,36,38,3.9,3.5,3.1,4.4,N,NA,N,N,N,Resident,Yes,4,NA,4,NA,4,NA,4,NA,5,NA,4,NA,NA,NA,2.64604,0.77318,0.5178,1.29098,3.93702,3.30673,0.40902,0.01749,56.5,NA,57.1,NA,0,NA,1.15589,0.83057,1.93683,0.71455,0.56422,3.2156,2.85266,3.16359,0.92441,0.61908,4.70708,3.95351,2025-09-05,3,3,0,24,1,0,24,2024-07-18,6,3,3,36,1,0,36,27,NA,0,0,0,0,"709 MCAFEE LANE,BEEBE,AR,72012",35.0736,-91.896,22,2026-06-01
045305,SOUTHERN TRACE REHABILITATION AND CARE CENTER,22515 I 30,BRYANT,AR,72022,5018470777,620,Saline,Y,For profit - Limited Liability company,116,86,NA,Medicare and Medicaid,N,"BRYANT SNF OPERATIONS, LLC",1996-04-01,SOUTHERN ADMINISTRATIVE SERVICES,480,35,3.7,3.2,3.9,4.5,N,NA,N,N,N,Resident,Yes,4,NA,4,NA,4,NA,5,NA,3,NA,4,NA,NA,NA,2.17806,1.01521,0.33636,1.35158,3.52964,3.17835,0.18275,0.00737,43.9,NA,14.3,NA,0,NA,1.15097,0.82703,1.92859,0.7115,0.56182,3.20191,2.84052,2.61521,1.21897,0.40387,4.23806,3.81626,2025-08-21,0,0,0,0,0,0,0,2024-05-31,11,8,4,92,1,0,92,23,NA,1,46053,1,2,"22515 I 30,BRYANT,AR,72022",34.6232,-92.489,NA,2026-06-01
045306,THE SPRINGS OF HILLCREST,1421 WEST SECOND ST NORTH,PRESCOTT,AR,71857,8708873811,490,Nevada,N,For profit - Corporation,90,76,NA,Medicare and Medicaid,N,"HILLCREST HEALTHCARE, LLC",1996-04-01,THE SPRINGS ARKANSAS,516,26,3.6,3.2,2.8,4.1,N,NA,N,N,N,Resident,Yes,5,NA,4,NA,5,NA,5,NA,5,NA,3,NA,NA,NA,2.35782,0.88496,0.3215,1.20646,3.56428,3.17334,0.27002,0.01083,37.2,NA,20,NA,1,NA,1.23065,0.88429,2.06211,0.76076,0.60071,3.42358,3.03717,2.64775,0.99377,0.36103,4.00255,3.56354,2025-08-14,2,2,0,8,1,0,8,2024-05-23,9,9,0,68,1,0,68,23,NA,1,9537,1,2,"1421 WEST SECOND ST NORTH,PRESCOTT,AR,71857",33.81,-93.378,NA,2026-06-01
045308,HERITAGE LIVING CENTER,1175 MORNINGSIDE DRIVE,CONWAY,AR,72034,5013277642,220,Faulkner,Y,For profit - Corporation,140,127.9,NA,Medicare and Medicaid,N,"HLNC, INC",1996-04-03,ANTHONY & BRYAN ADAMS,36,38,3.9,3.5,3.1,4.4,N,NA,N,N,N,Resident,Yes,4,NA,3,NA,5,NA,5,NA,4,NA,3,NA,NA,NA,2.47226,0.78643,0.48827,1.27469,3.74695,3.27948,0.32948,0.0478,37.8,NA,18.2,NA,1,NA,1.3379,0.96135,2.24181,0.82706,0.65306,3.72193,3.30185,2.55371,0.81234,0.50435,3.8704,3.38753,2025-11-26,5,4,1,40,1,0,40,2024-06-05,7,5,2,44,1,0,44,41,NA,0,0,0,0,"1175 MORNINGSIDE DRIVE,CONWAY,AR,72034",35.0925,-92.466,NA,2026-06-01
045313,THE BLOSSOMS AT CONWAY REHAB & NURSING CENTER,3501 COLLEGE AVENUE,CONWAY,AR,72034,5013299879,220,Faulkner,Y,For profit - Corporation,104,70.6,NA,Medicare and Medicaid,N,COLLEGE AVENUE OPERATING LLC,1996-06-22,THE BLOSSOMS REHAB & NURSING CENTER,505,24,2.6,2.6,2.3,3,N,NA,N,N,N,Resident,Yes,1,NA,1,NA,3,NA,5,NA,1,NA,2,NA,NA,NA,2.10845,1.00447,0.40126,1.40572,3.51417,2.95705,0.2198,0.01083,71.6,NA,81.8,NA,1,NA,1.23881,0.89015,2.07579,0.76581,0.6047,3.4463,3.05733,2.35211,1.12054,0.44763,3.92027,3.29877,2025-05-21,6,6,1,52,1,0,52,2024-03-07,17,13,9,191,1,0,191,86.75,NA,1,8021,0,1,"3501 COLLEGE AVENUE,CONWAY,AR,72034",35.0854,-92.488,NA,2026-06-01
045314,BARNES HEALTHCARE,1010 BARNES STREET,LONOKE,AR,72086,5016763700,420,Lonoke,Y,For profit - Limited Liability company,141,49.8,NA,Medicare and Medicaid,N,LNH ONE LLC,1996-09-01,MARSH POINTE MANAGEMENT,337,6,3,2.8,4,3,N,SFF Candidate,N,N,N,Resident,Yes,2,NA,1,NA,4,NA,4,NA,NA,2,5,NA,NA,NA,2.4917,0.30474,0.99926,1.304,3.7957,3.27929,0.7259,0.00312,39.1,NA,16.7,NA,0,NA,1.11048,0.79794,1.86074,0.68647,0.54205,3.08927,2.74059,3.10089,0.37925,1.24356,4.72369,4.08103,2025-01-09,13,13,5,76,1,0,76,2023-12-28,13,11,2,255,2,128,383,152.75,NA,1,34623,1,2,"1010 BARNES STREET,LONOKE,AR,72086",34.7924,-91.895,NA,2026-06-01
045315,Lakeside Health and Rehab,1207 Willow Run Road,Lake City,AR,72437,8702378151,150,Craighead,Y,For profit - Corporation,85,79.4,NA,Medicare and Medicaid,N,"CHC LAKESIDE NURSING CENTER, LLC",1996-09-01,DAVID VANN & BOYD WRIGHT,723,5,3.4,3.2,3.2,2.4,N,NA,N,N,N,Resident,Yes,2,NA,2,NA,2,NA,2,NA,1,NA,3,NA,NA,NA,2.64588,1.11951,0.2266,1.34611,3.99199,3.32559,0.11841,0.01209,49.4,NA,50,NA,1,NA,1.18549,0.85184,1.98643,0.73284,0.57867,3.29794,2.92572,3.08442,1.30506,0.26416,4.65364,3.87679,2024-10-24,2,1,2,95,0,0,95,2023-11-17,4,3,1,28,1,0,28,78.25,NA,2,22922,0,2,"1207 Willow Run Road,Lake City,AR,72437",35.818600000000004,-90.443,NA,2026-06-01
045317,WOOD-LAWN HEIGHTS,2800 NEELEY STREET,BATESVILLE,AR,72501,8707937195,310,Independence,N,Non profit - Other,140,93,NA,Medicare and Medicaid,N,"WOOD-LAWN, INC",1996-10-01,NA,NA,NA,NA,NA,NA,NA,N,NA,N,N,N,Resident,Yes,5,NA,4,NA,2,NA,2,NA,1,NA,5,NA,NA,NA,3.13275,1.03246,0.66065,1.69311,4.82586,3.90253,0.17858,0.02045,30,NA,7.7,NA,0,NA,1.28238,0.92146,2.14879,0.79274,0.62596,3.5675,3.16485,3.37604,1.11264,0.71196,5.20065,4.20561,2025-08-14,2,2,0,16,1,0,16,2024-05-22,6,6,0,64,1,0,64,28,NA,1,12695,0,1,"2800 NEELEY STREET,BATESVILLE,AR,72501",35.7713,-91.621,NA,2026-06-01
045318,CHAMBERS HEALTH AND REHABILITATION,1001 EAST PARK STREET,CARLISLE,AR,72024,8705527150,420,Lonoke,Y,For profit - Corporation,90,51,NA,Medicare and Medicaid,N,"LONOKECO OPS, INC.",1996-10-15,ANTHONY & BRYAN ADAMS,36,38,3.9,3.5,3.1,4.4,N,NA,N,N,N,Both,Yes,5,NA,5,NA,5,NA,5,NA,5,NA,4,NA,NA,NA,2.82282,1.20176,0.29672,1.49848,4.32129,3.72995,0.16257,0.00619,31.3,NA,NA,27,0,NA,1.18398,0.85075,1.9839,0.73191,0.57793,3.29374,2.92199,3.29488,1.40273,0.34634,5.04394,4.35371,2025-12-11,2,2,0,8,1,0,8,2024-08-01,3,2,1,16,1,0,16,10,NA,0,0,0,0,"1001 EAST PARK STREET,CARLISLE,AR,72024",34.7812,-91.736,NA,2026-06-01
045322,PIONEER THERAPY AND LIVING,1506 EAST MAIN STREET,MELBOURNE,AR,72556,8703684377,320,Izard,N,For profit - Individual,86,69,NA,Medicare and Medicaid,N,MLBNC INC,1997-05-01,ANTHONY & BRYAN ADAMS,36,38,3.9,3.5,3.1,4.4,N,NA,N,N,N,Resident,Yes,5,NA,4,NA,5,NA,5,NA,5,NA,3,NA,NA,NA,2.47436,0.92017,0.23469,1.15487,3.62923,2.76339,0.16465,0.0052,63,NA,57.1,NA,0,NA,1.08022,0.77619,1.81004,0.66777,0.52728,3.00509,2.66592,3.16556,1.17722,0.30025,4.64304,3.53533,2024-10-31,2,2,0,12,1,0,12,2023-10-26,8,8,0,56,1,0,56,23,NA,0,0,0,0,"1506 EAST MAIN STREET,MELBOURNE,AR,72556",36.059,-91.884,NA,2026-06-01
045323,THE BLOSSOMS AT WHITE RIVER REHAB & NURSING CENTER,1311 NORTH PECAN ST,NEWPORT,AR,72112,8705239514,330,Jackson,N,For profit - Limited Liability company,130,74.7,NA,Medicare and Medicaid,N,NORTH PECAN STREET OPERATING LLC,1997-08-01,THE BLOSSOMS REHAB & NURSING CENTER,505,24,2.6,2.6,2.3,3,N,NA,N,N,N,Resident,Yes,2,NA,2,NA,4,NA,3,NA,4,NA,3,NA,NA,NA,2.26797,0.82163,0.19317,1.0148,3.28277,2.78136,0.13839,0.00299,44.8,NA,40,NA,0,NA,1.0632,0.76397,1.78152,0.65725,0.51897,2.95775,2.62392,2.94797,1.06798,0.25108,4.26702,3.61528,2025-05-02,3,2,1,36,1,0,36,2024-03-13,9,7,2,68,1,0,68,44,NA,1,14316,0,1,"1311 NORTH PECAN ST,NEWPORT,AR,72112",35.6173,-91.264,NA,2026-06-01
045326,THE BLOSSOMS AT VAN BUREN REHAB AND NURSING CENTER,2010 MAIN STREET,VAN BUREN,AR,72956,4794746885,160,Crawford,Y,For profit - Limited Liability company,129,99.5,NA,Medicare and Medicaid,N,MAIN STREET OPERATING LLC,1997-07-01,THE BLOSSOMS REHAB & NURSING CENTER,505,24,2.6,2.6,2.3,3,N,NA,N,N,N,Resident,Yes,1,NA,1,NA,3,NA,4,NA,3,NA,2,NA,NA,NA,2.30498,0.93928,0.1943,1.13358,3.43856,2.84703,0.09819,0.01174,67.3,NA,71.4,NA,0,NA,1.19333,0.85747,1.99958,0.73769,0.58249,3.31977,2.94508,2.66935,1.08776,0.22501,3.98212,3.29708,2025-05-02,4,4,0,24,1,0,24,2024-02-16,28,24,10,176,1,0,176,62,NA,0,0,0,0,"2010 MAIN STREET,VAN BUREN,AR,72956",35.4365,-94.339,NA,2026-06-01
045327,RIDGECREST HEALTH AND REHABILITATION,5504 E JOHNSON AVE,JONESBORO,AR,72401,8709323271,150,Craighead,Y,For profit - Corporation,135,105.6,NA,Medicare and Medicaid,N,"JBNC, INC.",1997-08-01,ANTHONY & BRYAN ADAMS,36,38,3.9,3.5,3.1,4.4,N,NA,N,N,N,Resident,Yes,2,NA,2,NA,4,NA,5,NA,3,NA,3,NA,NA,NA,3.15466,0.69548,0.42387,1.11935,4.27401,3.43283,0.25949,0.0148,68.8,NA,64.7,NA,1,NA,1.27037,0.91283,2.12867,0.78532,0.6201,3.53409,3.13521,3.4318,0.75658,0.4611,4.64948,3.7344,2025-12-12,0,0,0,0,0,0,0,2024-08-02,33,20,17,220,1,0,220,55,NA,0,0,0,0,"5504 E JOHNSON AVE,JONESBORO,AR,72401",35.8642,-90.63,NA,2026-06-01
045334,THE BLOSSOMS AT NEWPORT REHAB & NURSING CENTER,326 LINDLEY LANE,NEWPORT,AR,72112,8705236539,330,Jackson,N,For profit - Limited Liability company,120,74.9,NA,Medicare and Medicaid,N,LINDLEY LANE OPERATING LLC,1997-10-01,THE BLOSSOMS REHAB & NURSING CENTER,505,24,2.6,2.6,2.3,3,N,NA,N,N,N,Resident,Yes,1,NA,1,NA,2,NA,3,NA,2,NA,2,NA,NA,NA,2.45108,1.20398,0.15772,1.3617,3.81278,3.63028,0.12436,0.00528,66.7,NA,80,NA,1,NA,1.25588,0.90241,2.10438,0.77636,0.61302,3.49376,3.09944,2.69718,1.32487,0.17355,4.1956,3.99477,2024-11-07,10,10,4,68,1,0,68,2023-12-08,15,13,2,140,1,0,140,86,NA,1,7443,0,1,"326 LINDLEY LANE,NEWPORT,AR,72112",35.6086,-91.254,NA,2026-06-01
045337,HEATHER MANOR NURSING AND REHABILITATION CENTER,400 WEST 23RD STREET,HOPE,AR,71801,8707773448,280,Hempstead,N,For profit - Corporation,128,76.4,NA,Medicare and Medicaid,N,HEATHER MANOR CARE CENTER INC,1998-01-01,CENTRAL ARKANSAS NURSING CENTERS,129,39,3.7,3.2,3.5,4.3,N,NA,N,N,N,Resident,Yes,4,NA,3,NA,5,NA,5,NA,3,NA,4,NA,NA,NA,2.82221,1.20858,0.46153,1.67011,4.49231,3.78038,0.2379,0.00474,32.6,NA,12.5,NA,0,NA,1.2519,0.89955,2.09771,0.7739,0.61108,3.48269,3.08961,3.11544,1.33415,0.50948,4.95908,4.17318,2025-02-06,6,6,0,32,1,0,32,2024-04-04,7,7,0,52,1,0,52,37,NA,0,0,0,0,"400 WEST 23RD STREET,HOPE,AR,71801",33.6464,-93.592,NA,2026-06-01
045338,QUAPAW CARE AND REHABILITATION CENTER LLC,138 BRIGHTON TERRACE,HOT SPRINGS,AR,71913,5015257140,250,Garland,Y,For profit - Corporation,126,91.9,NA,Medicare and Medicaid,N,QUAPAW CARE AND REHABILITATION CENTER LLC,1998-01-01,CENTRAL ARKANSAS NURSING CENTERS,129,39,3.7,3.2,3.5,4.3,N,NA,N,N,N,Resident,Yes,4,NA,3,NA,5,NA,5,NA,5,NA,4,NA,NA,NA,3.44423,1.31296,0.23521,1.54817,4.9924,4.29824,0.18062,0.00664,41,NA,37.5,NA,0,NA,1.24813,0.89685,2.0914,0.77157,0.60924,3.47222,3.08032,3.81356,1.45375,0.26044,5.52775,4.75915,2025-07-24,5,5,0,32,1,0,32,2024-05-03,8,8,0,60,1,0,60,39,NA,0,0,0,0,"138 BRIGHTON TERRACE,HOT SPRINGS,AR,71913",34.4496,-93.09,NA,2026-06-01
045339,ATKINS NURSING AND REHABILITATION CENTER,605 NORTHWEST 7TH STREET,ATKINS,AR,72823,4796417100,570,Pope,N,For profit - Limited Liability company,90,51.3,NA,Medicare and Medicaid,N,ATKINS CARE CENTER INC,1998-03-01,CENTRAL ARKANSAS NURSING CENTERS,129,39,3.7,3.2,3.5,4.3,N,NA,N,N,N,Resident,Yes,5,NA,4,NA,5,NA,5,NA,5,NA,4,NA,NA,NA,3.57375,1.271,0.37619,1.64719,5.22094,4.58534,0.17313,0.00307,53.5,NA,50,NA,0,NA,1.26236,0.90707,2.11524,0.78037,0.61619,3.5118,3.11543,3.91238,1.39143,0.41184,5.71565,5.01982,2026-04-16,2,2,0,8,1,0,8,2024-10-17,7,7,0,56,1,0,56,20,NA,0,0,0,0,"605 NORTHWEST 7TH STREET,ATKINS,AR,72823",35.2491,-92.944,NA,2026-06-01
045340,RUSSELLVILLE NURSING AND REHABILITATION CENTER,215 SOUTH PORTLAND AVENUE,RUSSELLVILLE,AR,72801,4799685256,570,Pope,N,For profit - Corporation,100,91,NA,Medicare and Medicaid,N,"RUSSELLVILLE CARE CENTER, INC.",1998-03-01,CENTRAL ARKANSAS NURSING CENTERS,129,39,3.7,3.2,3.5,4.3,N,NA,N,N,N,Resident,Yes,3,NA,2,NA,5,NA,5,NA,5,NA,4,NA,NA,NA,3.44924,0.89199,0.42651,1.3185,4.76774,4.16037,0.2693,0.00764,45.9,NA,30,NA,0,NA,1.30204,0.93558,2.18173,0.80489,0.63556,3.62218,3.21336,3.66099,0.94675,0.4527,5.06044,4.41579,2026-02-26,6,6,1,36,1,0,36,2024-08-22,8,7,3,64,1,0,64,43,NA,0,0,0,0,"215 SOUTH PORTLAND AVENUE,RUSSELLVILLE,AR,72801",35.2915,-93.169,NA,2026-06-01
045341,MEADOWVIEW HEALTHCARE AND REHAB,825 NORTH GASKILL,HUNTSVILLE,AR,72740,4797382021,430,Madison,Y,Non profit - Corporation,105,59,NA,Medicare and Medicaid,N,MEADOWVIEW HEALTHCARE AND REHAB,1998-04-01,NA,NA,NA,NA,NA,NA,NA,N,SFF Candidate,Y,N,N,Resident,Yes,2,NA,1,NA,5,NA,5,NA,NA,2,2,NA,NA,NA,2.24366,0.60021,0.53333,1.13354,3.3772,2.87259,0.60254,0.03431,NA,26,NA,26,NA,26,1.18557,0.8519,1.98658,0.7329,0.57871,3.29818,2.92593,2.61534,0.69964,0.62168,3.93666,3.34846,2024-10-16,41,40,2,1190,1,0,1190,2023-10-13,13,10,3,155,1,0,155,931.25,NA,2,18446,2,4,"825 NORTH GASKILL,HUNTSVILLE,AR,72740",36.0929,-93.743,NA,2026-06-01
045342,The Blossoms at Nashville Rehab and Nursing Center,810 NORTH 8TH ST,NASHVILLE,AR,71852,8708454600,300,Howard,N,For profit - Limited Liability company,70,NA,10,Medicare and Medicaid,N,Legal Business Name Not Available,1998-06-01,THE BLOSSOMS REHAB & NURSING CENTER,505,24,2.6,2.6,2.3,3,N,NA,N,N,N,None,Yes,1,NA,2,NA,1,NA,1,NA,1,NA,NA,2,25,6,NA,NA,NA,NA,NA,NA,NA,NA,78,NA,87.5,NA,0,NA,NA,NA,NA,NA,NA,NA,NA,NA,NA,NA,NA,NA,2024-11-15,7,6,1,44,1,0,44,2023-12-15,12,11,1,84,1,0,84,54,NA,0,0,0,0,"810 NORTH 8TH ST,NASHVILLE,AR,71852",33.9536,-93.856,NA,2026-06-01
045343,NURSING AND REHABILITATION CENTER AT GOOD SHEPHERD,3001 ALDERSGATE ROAD,LITTLE ROCK,AR,72205,5012179774,590,Pulaski,Y,For profit - Limited Liability company,120,87.7,NA,Medicare and Medicaid,N,NURSING AND REHABILITATION CENTER AT GOOD SHEPHERD LLC,1998-04-23,CENTRAL ARKANSAS NURSING CENTERS,129,39,3.7,3.2,3.5,4.3,N,NA,N,N,N,Resident,Yes,5,NA,4,NA,5,NA,5,NA,3,NA,2,NA,NA,NA,2.41593,1.23588,0.22194,1.45781,3.87375,3.22223,0.28084,0.0061,63,NA,42.9,NA,0,NA,1.2764,0.91716,2.13877,0.78904,0.62304,3.55085,3.15008,2.61576,1.3381,0.24029,4.19415,3.48875,2026-01-15,1,1,0,4,1,0,4,2024-10-04,9,9,2,72,1,0,72,21,NA,0,0,0,0,"3001 ALDERSGATE ROAD,LITTLE ROCK,AR,72205",34.7267,-92.39,NA,2026-06-01
045345,THE BLOSSOMS AT FORT SMITH REHAB & NURSING CENTER,5301 WHEELER AVENUE,FORT SMITH,AR,72901,4796463454,650,Sebastian,Y,For profit - Partnership,130,117.7,NA,Medicare and Medicaid,N,WHEELER AVENUE OPERATING LLC,1998-09-11,THE BLOSSOMS REHAB & NURSING CENTER,505,24,2.6,2.6,2.3,3,N,NA,N,N,N,Resident,Yes,2,NA,2,NA,4,NA,4,NA,4,NA,2,NA,NA,NA,2.26217,0.72924,0.20357,0.93281,3.19498,2.8117,0.23439,0.03835,54.7,NA,42.9,NA,0,NA,1.27121,0.91343,2.13008,0.78584,0.62051,3.53643,3.13728,2.45927,0.79278,0.22131,3.47336,3.05668,2025-09-19,5,5,0,20,1,0,20,2024-05-23,18,6,12,124,1,0,124,46,NA,0,0,0,0,"5301 WHEELER AVENUE,FORT SMITH,AR,72901",35.3337,-94.427,NA,2026-06-01
045346,DIERKS HEALTH AND REHAB OF DIERKS,402 S ARKANSAS AVENUE,DIERKS,AR,71833,8702863100,300,Howard,N,For profit - Limited Liability company,70,59.9,NA,Medicare and Medicaid,N,DIERKS HEALTH OPCO LLC,1998-12-18,THE BLOSSOMS REHAB & NURSING CENTER,505,24,2.6,2.6,2.3,3,N,NA,N,N,N,Resident,Yes,5,NA,5,NA,2,NA,3,NA,1,NA,3,NA,NA,NA,2.76634,0.91624,0.23052,1.14677,3.91311,3.55829,0.14644,0.00904,47.5,NA,60,NA,0,NA,1.19454,0.85834,2.00161,0.73844,0.58309,3.32314,2.94807,3.20039,1.06001,0.2667,4.5271,4.1166,2025-06-12,2,1,1,8,1,0,8,2024-04-18,3,2,1,28,1,0,28,13,NA,0,0,0,0,"402 S ARKANSAS AVENUE,DIERKS,AR,71833",34.1145,-94.02,NA,2026-06-01
045350,NIGHTINGALE AT ARKADELPHIA,2701 TWIN RIVERS DRIVE,ARKADELPHIA,AR,71923,8702465566,090,Clark,N,For profit - Partnership,100,73.9,NA,Medicare and Medicaid,N,COURTYARD ARKADELPHIA HEALTHCARE LLC,1999-08-23,NIGHTINGALE,815,5,4,4,3.6,3,N,NA,N,N,N,Resident,Yes,5,NA,5,NA,3,NA,5,NA,1,NA,4,NA,NA,NA,2.47389,0.80838,0.53273,1.3411,3.81499,3.34422,0.33394,0,40.5,NA,40,NA,0,NA,1.19126,0.85599,1.99611,0.73642,0.58149,3.31401,2.93997,2.86994,0.93779,0.61801,4.42573,3.8796,2025-09-18,0,0,0,0,0,0,0,2024-06-20,4,1,3,24,1,0,24,6,NA,0,0,0,0,"2701 TWIN RIVERS DRIVE,ARKADELPHIA,AR,71923",34.1273,-93.082,NA,2026-06-01
045351,CARE MANOR NURSING AND REHAB,804 BURNETT DRIVE,MOUNTAIN HOME,AR,72653,8704245030,020,Baxter,N,For profit - Corporation,104,66.3,NA,Medicare and Medicaid,N,"MHCNC, INC.",1999-08-25,ANTHONY & BRYAN ADAMS,36,38,3.9,3.5,3.1,4.4,N,NA,N,N,N,Resident,Yes,4,NA,4,NA,4,NA,5,NA,2,NA,3,NA,NA,NA,2.57038,0.96548,0.3904,1.35587,3.92625,3.24416,0.21414,0.00563,67.5,NA,75,NA,0,NA,1.17504,0.84433,1.96893,0.72639,0.57357,3.26889,2.89994,3.02303,1.1355,0.45915,4.61768,3.81546,2025-08-29,2,2,0,12,1,0,12,2024-05-16,7,6,4,48,1,0,48,21,NA,0,0,0,0,"804 BURNETT DRIVE,MOUNTAIN HOME,AR,72653",36.3401,-92.399,NA,2026-06-01
045352,EAGLECREST NURSING AND REHAB,916 HIGHWAY 62/412,ASH FLAT,AR,72513,8709943040,670,Sharp,N,For profit - Corporation,100,70.5,NA,Medicare and Medicaid,N,"AFNC, INC.",1999-09-08,ANTHONY & BRYAN ADAMS,36,38,3.9,3.5,3.1,4.4,N,NA,N,N,N,Resident,Yes,5,NA,5,NA,3,NA,4,NA,2,NA,4,NA,NA,NA,2.54461,0.83116,0.39544,1.2266,3.77121,3.16432,0.31727,0.00766,43.3,NA,28.6,NA,0,NA,1.17636,0.84528,1.97114,0.7272,0.57421,3.27255,2.90319,2.98938,0.97644,0.46456,4.43038,3.71741,2024-11-14,0,0,0,0,0,0,0,2023-12-14,8,8,0,48,1,0,48,12,NA,0,0,0,0,"916 HIGHWAY 62/412,ASH FLAT,AR,72513",36.2225,-91.612,22,2026-06-01
045353,"HIGHLAND COURT, A REHABILITATION AND RESIDENT CARE",942 NORTH HIGHWAY 65,MARSHALL,AR,72650,8704483577,640,Searcy,N,For profit - Limited Liability company,78,55.3,NA,Medicare and Medicaid,N,"SEARCY SNF OPERATIONS, LLC",1999-07-14,SOUTHERN ADMINISTRATIVE SERVICES,480,35,3.7,3.2,3.9,4.5,N,NA,N,N,N,Resident,Yes,5,NA,4,NA,5,NA,5,NA,5,NA,5,NA,NA,NA,2.65686,0.59195,0.73342,1.32537,3.98223,3.44687,0.29292,0.01883,36.5,NA,33.3,NA,0,NA,1.2221,0.87815,2.04779,0.75548,0.59654,3.39981,3.01608,3.00442,0.66939,0.82936,4.50316,3.89777,2025-08-07,1,1,0,4,1,0,4,2024-04-25,10,10,0,68,1,0,68,20,NA,0,0,0,0,"942 NORTH HIGHWAY 65,MARSHALL,AR,72650",35.9079,-92.66,NA,2026-06-01
045354,FIANNA HILLS NURSING AND REHABILITATION CENTER,8411 SOUTH 28TH STREET,FORT SMITH,AR,72908,4796489600,650,Sebastian,Y,For profit - Limited Liability company,102,94.7,NA,Medicare and Medicaid,N,KMJ ENTERPRISES FIANNA HILLS LLC,2000-01-25,NA,NA,NA,NA,NA,NA,NA,N,NA,N,N,N,Resident,Yes,3,NA,3,NA,3,NA,4,NA,2,NA,3,NA,NA,NA,3.22139,0.91536,0.31243,1.22779,4.44917,3.4567,0.213,0.04408,55.9,NA,14.3,NA,0,NA,1.23069,0.88432,2.06218,0.76079,0.60073,3.4237,3.03728,3.61737,1.02788,0.35083,4.99608,3.88161,2025-06-05,4,3,1,36,1,0,36,2024-05-31,0,0,0,0,0,0,0,27,NA,0,0,0,0,"8411 SOUTH 28TH STREET,FORT SMITH,AR,72908",35.304,-94.405,NA,2026-06-01
045356,"SILOAM HEALTHCARE, LLC",811 WEST ELGIN STREET,SILOAM SPRINGS,AR,72761,4795243128,030,Benton,Y,For profit - Limited Liability company,120,86.9,NA,Medicare and Medicaid,N,SILOAM HEALTHCARE LLC,1999-11-05,THE SPRINGS ARKANSAS,516,26,3.6,3.2,2.8,4.1,N,NA,N,N,N,Resident,Yes,2,NA,2,NA,4,NA,5,NA,3,NA,3,NA,NA,NA,2.71969,0.86213,0.30275,1.16488,3.88457,3.59376,0.18445,0.08567,47.5,NA,66.7,NA,0,NA,1.2193,0.87613,2.04308,0.75374,0.59517,3.39199,3.00915,3.08255,0.97715,0.34314,4.40285,4.07323,2025-01-17,6,6,0,40,1,0,40,2023-12-15,6,6,0,48,1,0,48,42,NA,0,0,0,0,"811 WEST ELGIN STREET,SILOAM SPRINGS,AR,72761",36.1901,-94.55,NA,2026-06-01
045357,PREMIER AT THE SPRINGS,3600 RICHARDS ROAD,NORTH LITTLE ROCK,AR,72117,5019552108,590,Pulaski,Y,For profit - Limited Liability company,132,114.7,NA,Medicare and Medicaid,N,PREMIER WELLNESS LLC,2000-03-09,THE SPRINGS ARKANSAS,516,26,3.6,3.2,2.8,4.1,N,NA,N,N,N,None,Yes,2,NA,2,NA,3,NA,5,NA,1,NA,2,NA,NA,NA,2.83329,1.02264,0.25662,1.27927,4.11256,3.41916,0.37209,0.06581,58.5,NA,62.5,NA,1,NA,1.35128,0.97097,2.26425,0.83534,0.6596,3.75918,3.33489,2.89764,1.04587,0.26245,4.20596,3.49681,2025-08-14,6,5,2,40,1,0,40,2024-05-08,16,13,4,116,1,0,116,59,NA,0,0,0,0,"3600 RICHARDS ROAD,NORTH LITTLE ROCK,AR,72117",34.7891,-92.213,NA,2026-06-01
045358,THE GREEN HOUSE COTTAGES OF HOMEWOOD,215 HOMEWOOD CIRCLE,MENA,AR,71953,4793943511,560,Polk,N,For profit - Limited Liability company,138,89.2,NA,Medicare and Medicaid,N,MENA SNF OPERATIONS LLC,2000-05-30,SOUTHERN ADMINISTRATIVE SERVICES,480,35,3.7,3.2,3.9,4.5,N,NA,N,N,N,Both,Yes,5,NA,4,NA,5,NA,5,NA,5,NA,4,NA,NA,NA,3.225,1.40968,0.40157,1.81125,5.03625,4.4738,0.23187,0.01051,27.6,NA,12.5,NA,0,NA,1.33438,0.95882,2.23592,0.82489,0.65134,3.71216,3.29318,3.34002,1.45995,0.41589,5.21586,4.63336,2025-02-27,1,1,0,4,1,0,4,2024-02-01,14,14,0,88,1,0,88,25,NA,0,0,0,0,"215 HOMEWOOD CIRCLE,MENA,AR,71953",34.6076,-94.214,22,2026-06-01
045359,THE BLOSSOMS AT CUMBERLAND REHAB & NURSING CENTER,1516  CUMBERLAND ST,LITTLE ROCK,AR,72202,5013747565,590,Pulaski,Y,For profit - Limited Liability company,120,69.2,NA,Medicare and Medicaid,N,CUMBERLAND STREET OPERATING LLC,2000-09-27,THE BLOSSOMS REHAB & NURSING CENTER,505,24,2.6,2.6,2.3,3,N,NA,N,N,N,Resident,Yes,1,NA,1,NA,3,NA,3,NA,3,NA,2,NA,NA,NA,2.40317,0.72196,0.30611,1.02807,3.43125,3.16667,0.14556,0.00833,71.4,NA,88.9,NA,1,NA,0.98837,0.71019,1.65613,0.61099,0.48245,2.74957,2.43924,3.36021,1.00948,0.42801,4.7977,4.42775,2025-01-16,10,8,2,60,1,0,60,2024-02-02,19,13,8,168,1,0,168,87,NA,1,23023,0,1,"1516  CUMBERLAND ST,LITTLE ROCK,AR,72202",34.7339,-92.271,NA,2026-06-01
045361,PROMENADE HEALTH AND REHABILITATION,1101 S PROMENADE BOULEVARD,ROGERS,AR,72758,4792683989,030,Benton,Y,For profit - Limited Liability company,114,73.3,NA,Medicare and Medicaid,N,SRN MANAGEMENT 2 LLC,2001-01-03,STEIN LTC,490,4,4,3.8,3,3.8,N,NA,N,N,N,Both,Yes,4,NA,4,NA,4,NA,4,NA,4,NA,3,NA,NA,NA,2.92444,0.95017,0.21571,1.16588,4.09032,3.55997,0.11415,0.03198,63.5,NA,NA,27,0,NA,1.1937,0.85774,2.0002,0.73792,0.58267,3.32079,2.94599,3.38568,1.10003,0.24973,4.73544,4.12145,2025-12-18,3,3,1,12,1,0,12,2024-07-25,3,3,0,32,1,0,32,17,NA,0,0,0,0,"1101 S PROMENADE BOULEVARD,ROGERS,AR,72758",36.3276,-94.178,NA,2026-06-01
045363,COVINGTON COURT HEALTH AND REHABILITATION CENTER,4500 OLD GREENWOOD RD,FORT SMITH,AR,72903,4796465700,650,Sebastian,Y,For profit - Limited Liability company,140,131,NA,Medicare and Medicaid,N,"NORTHPORT HEALTH SERVICES OF ARKANSAS, LLC",2001-04-03,NHS MANAGEMENT,372,43,3,2.8,3.7,3.5,N,NA,N,N,N,Resident,Yes,4,NA,4,NA,3,NA,4,NA,3,NA,4,NA,NA,NA,2.95382,0.78068,0.41791,1.19859,4.15241,3.41365,0.10632,0.06646,45.7,NA,30.8,NA,0,NA,1.09957,0.7901,1.84247,0.67973,0.53673,3.05892,2.71368,3.71245,0.98118,0.52525,5.21888,4.29038,2026-03-12,1,1,0,4,1,0,4,2024-08-01,7,1,6,60,1,0,60,18,NA,1,12196,0,1,"4500 OLD GREENWOOD RD,FORT SMITH,AR,72903",35.3405,-94.393,NA,2026-06-01
045364,CHAPEL RIDGE HEALTH AND REHAB,4623 ROGERS AVE,FORT SMITH,AR,72903,4794521541,650,Sebastian,Y,For profit - Limited Liability company,74,69,NA,Medicare and Medicaid,N,"CHAPEL RIDGE NURSING CENTER, LLC",2001-03-17,CENTRAL ARKANSAS NURSING CENTERS,129,39,3.7,3.2,3.5,4.3,N,NA,N,N,N,Resident,Yes,4,NA,3,NA,5,NA,5,NA,NA,2,4,NA,NA,NA,3.37642,1.0547,0.35618,1.41088,4.7873,4.1409,0.1702,0.01641,58.4,NA,40,NA,0,NA,1.20496,0.86582,2.01905,0.74488,0.58817,3.3521,2.97376,3.87244,1.20965,0.4085,5.49058,4.74923,2025-05-08,1,1,0,4,1,0,4,2024-02-16,12,12,0,92,1,0,92,26,NA,0,0,0,0,"4623 ROGERS AVE,FORT SMITH,AR,72903",35.3678,-94.381,NA,2026-06-01
045365,DEWITT NURSING HOME,1605 SOUTH MADISON ST,DE WITT,AR,72042,8709463571,000,Arkansas,N,Non profit - Corporation,60,36.2,NA,Medicare and Medicaid,N,DEWITT HOSPITAL & NURSING HOME INC,2001-03-20,NA,NA,NA,NA,NA,NA,NA,N,NA,N,N,N,Resident,Yes,3,NA,3,NA,2,NA,2,NA,NA,2,3,NA,NA,NA,2.62812,0.8147,0.27901,1.0937,3.72182,3.06622,0.23112,3e-4,NA,26,NA,26,0,NA,1.03818,0.74599,1.7396,0.64178,0.50676,2.88814,2.56216,3.49843,1.08449,0.3714,4.95431,4.08161,2026-02-20,1,1,0,4,1,0,4,2024-09-12,14,13,1,104,1,0,104,29,NA,0,0,0,0,"1605 SOUTH MADISON ST,DE WITT,AR,72042",34.2823,-91.339,NA,2026-06-01
045366,HERITAGE SQUARE HEALTHCARE CENTER,710 NO RUDDLE ROAD,BLYTHEVILLE,AR,72316,8707633654,460,Mississippi,N,For profit - Limited Liability company,86,76.1,NA,Medicare and Medicaid,N,"CHC HERITAGE SQUARE NURSING CENTER, LLC",2001-04-19,DAVID VANN & BOYD WRIGHT,723,5,3.4,3.2,3.2,2.4,N,NA,N,N,N,Resident,Yes,4,NA,4,NA,2,NA,5,NA,1,NA,3,NA,NA,NA,2.5905300000000002,0.87296,0.25745,1.13042,3.72094,3.23233,0.11623,0.01431,53.3,NA,80,NA,1,NA,1.10755,0.79583,1.85583,0.68466,0.54062,3.08112,2.73336,3.23241,1.08926,0.32124,4.64291,4.03323,2025-05-08,1,1,0,4,1,0,4,2024-03-14,5,4,1,48,1,0,48,15,NA,1,7913,0,1,"710 NO RUDDLE ROAD,BLYTHEVILLE,AR,72316",35.9299,-89.917,22,2026-06-01
045367,WINDCREST HEALTH AND REHAB INC,2455 LOWELL ROAD,SPRINGDALE,AR,72764,4797569000,710,Washington,Y,For profit - Corporation,70,55.8,NA,Medicare and Medicaid,N,"WINDCREST HEALTH AND REHAB, INC.",2001-06-15,ANTHONY & BRYAN ADAMS,36,38,3.9,3.5,3.1,4.4,N,NA,N,N,N,Resident,Yes,3,NA,2,NA,5,NA,5,NA,NA,2,4,NA,NA,NA,2.64395,1.11143,0.19356,1.30499,3.94893,3.35754,0.16977,0.00702,38.8,NA,NA,27,0,NA,1.04851,0.75341,1.75691,0.64817,0.5118,2.91689,2.58767,3.48481,1.4649,0.25512,5.20482,4.42534,2024-10-31,9,9,0,52,1,0,52,2023-11-03,2,2,0,16,1,0,16,43,NA,0,0,0,0,"2455 LOWELL ROAD,SPRINGDALE,AR,72764",36.2062,-94.133,NA,2026-06-01
045369,MOUNTAIN MEADOWS HEALTH AND REHABILITATION,1680 BATESVILLE BOULEVARD,BATESVILLE,AR,72501,8702511112,310,Independence,N,For profit - Corporation,110,93.3,NA,Medicare and Medicaid,N,"BVNC, INC",2001-09-21,ANTHONY & BRYAN ADAMS,36,38,3.9,3.5,3.1,4.4,N,NA,N,N,N,Resident,Yes,4,NA,3,NA,5,NA,5,NA,5,NA,3,NA,NA,NA,2.2018,1.05096,0.2256,1.27656,3.47836,2.74156,0.12854,0.00629,46.7,NA,50,NA,0,NA,1.07215,0.7704,1.79653,0.66278,0.52334,2.98265,2.64601,2.83806,1.35466,0.29079,4.48351,3.53379,2025-08-13,2,2,1,12,1,0,12,2024-05-08,12,12,5,100,1,0,100,34,NA,0,0,0,0,"1680 BATESVILLE BOULEVARD,BATESVILLE,AR,72501",35.7094,-91.631,NA,2026-06-01
045370,Alma Nursing and Rehab,401 Heather Lane,Alma,AR,72921,4796324343,160,Crawford,Y,For profit - Limited Liability company,105,79.9,NA,Medicare and Medicaid,N,"ALMA NURSING AND REHAB, LLC",2002-01-15,CENTRAL ARKANSAS NURSING CENTERS,129,39,3.7,3.2,3.5,4.3,N,NA,Y,N,N,Both,Yes,1,NA,1,NA,4,NA,3,NA,4,NA,4,NA,NA,NA,3.32923,1.00129,0.41649,1.41778,4.74701,4.06123,0.29235,0.01957,55.6,NA,44.4,NA,0,NA,1.30808,0.93992,2.19185,0.80863,0.6385,3.63898,3.22826,3.5173,1.05786,0.44001,5.01517,4.29066,2026-03-10,2,2,2,79,1,0,79,2024-08-22,2,2,0,16,1,0,16,63.25,NA,1,26195,0,1,"401 Heather Lane,Alma,AR,72921",35.4904,-94.231,NA,2026-06-01
045371,"WESTWOOD HEALTH AND REHAB, INC",802 S WEST END STREET,SPRINGDALE,AR,72764,4797561600,710,Washington,Y,For profit - Corporation,85,60.1,NA,Medicare and Medicaid,N,"WESTWOOD HEALTH AND REHAB, INC.",2001-12-18,ANTHONY & BRYAN ADAMS,36,38,3.9,3.5,3.1,4.4,N,NA,N,N,N,Resident,Yes,2,NA,1,NA,5,NA,5,NA,4,NA,3,NA,NA,NA,2.50577,0.92715,0.35624,1.28339,3.78917,2.75622,0.15766,0.00802,69.9,NA,50,NA,0,NA,1.16259,0.83538,1.94807,0.71869,0.56749,3.23425,2.86921,2.97861,1.1021,0.42347,4.50418,3.27632,2025-01-31,6,6,3,86,1,0,86,2024-01-25,10,8,2,147,1,0,147,101.25,NA,1,13871,0,1,"802 S WEST END STREET,SPRINGDALE,AR,72764",36.1777,-94.147,NA,2026-06-01
045372,The Blossoms at White Hall Rehab & Nursing Center,9209 Dollarway Road,White Hall,AR,71602,8702470800,340,Jefferson,N,For profit - Limited Liability company,120,91.4,NA,Medicare and Medicaid,N,DOLLARWAY ROAD OPERATING LLC,2002-05-09,THE BLOSSOMS REHAB & NURSING CENTER,505,24,2.6,2.6,2.3,3,N,NA,N,N,N,Resident,Yes,2,NA,2,NA,3,NA,4,NA,1,NA,2,NA,NA,NA,2.12051,0.84549,0.32323,1.16872,3.28923,3.05247,0.18837,0.01079,60.8,NA,66.7,NA,NA,26,1.16004,0.83355,1.94379,0.71711,0.56624,3.22715,2.86291,2.5262,1.00724,0.38507,3.91851,3.63645,2025-04-17,4,4,1,16,1,0,16,2024-02-08,20,15,5,132,1,0,132,45,NA,0,0,0,0,"9209 Dollarway Road,White Hall,AR,71602",34.2832,-92.096,NA,2026-06-01
045373,"BRADFORD HOUSE NURSING AND REHAB, LLC",1202 S E 30TH STREET,BENTONVILLE,AR,72712,4792733430,030,Benton,Y,For profit - Limited Liability company,97,75.8,NA,Medicare and Medicaid,N,"BRADFORD HOUSE NURSING AND REHAB, LLC",2002-07-15,CENTRAL ARKANSAS NURSING CENTERS,129,39,3.7,3.2,3.5,4.3,N,NA,N,N,N,Resident,Yes,4,NA,3,NA,5,NA,5,NA,4,NA,3,NA,NA,NA,2.35995,0.94934,0.39506,1.3444,3.70436,3.23629,0.21675,0.04379,53.2,NA,50,NA,0,NA,1.23565,0.88788,2.07048,0.76385,0.60315,3.43748,3.0495,2.63942,1.06176,0.44185,4.14303,3.61954,2025-05-30,3,3,0,28,1,0,28,2024-02-23,7,4,3,48,1,0,48,33,NA,0,0,0,0,"1202 S E 30TH STREET,BENTONVILLE,AR,72712",36.3566,-94.189,NA,2026-06-01
045374,ROBINSON NURSING AND REHABILITATION CENTER LLC,519 DONOVAN BRILEY BLVD.,NORTH LITTLE ROCK,AR,72118,5017539003,590,Pulaski,Y,For profit - Limited Liability company,110,91.6,NA,Medicare and Medicaid,N,ROBINSON NURSING AND REHABILITATION CENTER LLC,2002-07-25,CENTRAL ARKANSAS NURSING CENTERS,129,39,3.7,3.2,3.5,4.3,N,NA,N,N,N,Resident,Yes,3,NA,2,NA,5,NA,5,NA,NA,2,3,NA,NA,NA,3.34231,1.10485,0.22506,1.32991,4.67222,4.39278,0.25682,0.01616,70.5,NA,28.6,NA,0,NA,1.07303,0.77103,1.79799,0.66332,0.52377,2.98508,2.64817,4.30463,1.42296,0.28986,6.01746,5.65756,2025-01-09,8,8,3,52,1,0,52,2023-11-09,10,9,1,92,1,0,92,62,NA,0,0,0,0,"519 DONOVAN BRILEY BLVD.,NORTH LITTLE ROCK,AR,72118",34.8145,-92.272,NA,2026-06-01
045376,"Sherwood Nursing & Rehabilitation Center, Inc",245 Indian Bay Drive,Sherwood,AR,72120,5018349960,590,Pulaski,Y,For profit - Corporation,98,93.1,NA,Medicare and Medicaid,N,SHERWOOD NURSING & REHABILITATION CENTER INC,2002-12-19,CENTRAL ARKANSAS NURSING CENTERS,129,39,3.7,3.2,3.5,4.3,N,NA,N,N,N,Resident,Yes,3,NA,3,NA,2,NA,4,NA,1,NA,3,NA,NA,NA,3.04021,1.15379,0.15767,1.31146,4.35167,3.77403,0.32891,0.02867,62.8,NA,NA,27,0,NA,1.25511,0.90186,2.1031,0.77588,0.61265,3.49163,3.09754,3.34751,1.27041,0.17361,4.79152,4.15549,2025-12-11,2,2,0,24,1,0,24,2024-09-12,8,6,3,76,1,0,76,37,NA,2,33576,0,2,"245 Indian Bay Drive,Sherwood,AR,72120",34.8432,-92.189,NA,2026-06-01
045377,The Green House Cottages of Southern Hills,701 South Main Street,Rison,AR,71665,8703256202,120,Cleveland,N,For profit - Limited Liability company,106,80,NA,Medicare and Medicaid,N,RISON GH OPERATIONS LLC,2003-01-21,SOUTHERN ADMINISTRATIVE SERVICES,480,35,3.7,3.2,3.9,4.5,N,NA,N,N,N,Both,Yes,3,NA,3,NA,4,NA,5,NA,3,NA,4,NA,NA,NA,3.76748,1.08009,0.29954,1.37964,5.14712,4.56651,0.1444,0.01029,39,NA,50,NA,0,NA,1.21901,0.87593,2.04261,0.75357,0.59503,3.39121,3.00845,4.27113,1.22448,0.33959,5.83519,5.17697,2025-08-07,1,0,1,4,0,0,4,2024-04-30,11,10,2,155,1,0,155,41.75,NA,2,47814,0,2,"701 South Main Street,Rison,AR,71665",33.9553,-92.189,NA,2026-06-01
045378,WOODLAND HILLS HEALTHCARE AND REHABILITATION,1320 WEST BRADEN STREET,JACKSONVILLE,AR,72076,5012412191,590,Pulaski,Y,For profit - Limited Liability company,120,51.3,NA,Medicare and Medicaid,N,"LTC OF JACKSONVILLE, LLC",2002-11-01,JAMES & JUDY LINCOLN,290,56,2.4,2.7,2.1,2.6,N,NA,N,N,N,Resident,Yes,1,NA,2,NA,2,NA,1,NA,2,NA,1,25,25,6,NA,NA,NA,NA,NA,NA,NA,NA,NA,26,NA,26,1,NA,NA,NA,NA,NA,NA,NA,NA,NA,NA,NA,NA,NA,2024-12-18,10,10,0,72,1,0,72,2023-11-22,15,12,3,108,1,0,108,81,NA,0,0,0,0,"1320 WEST BRADEN STREET,JACKSONVILLE,AR,72076",34.8723,-92.123,NA,2026-06-01
045379,Pine Bluff Transitional Care,6810 South Hazel Street,Pine Bluff,AR,71603,8705410342,340,Jefferson,N,For profit - Limited Liability company,177,79.7,NA,Medicare and Medicaid,N,"PINE BLUFF NURSING, LLC",2003-03-19,NA,NA,NA,NA,NA,NA,NA,N,SFF Candidate,N,N,N,Resident,Yes,1,NA,1,NA,1,NA,1,NA,NA,2,3,NA,NA,NA,2.27699,0.55775,0.5718,1.12955,3.40654,3.05972,0.45039,0.03653,66.7,NA,73.7,NA,1,NA,1.11324,0.79992,1.86537,0.68818,0.5434,3.09695,2.74741,2.82665,0.69239,0.70984,4.22887,3.79834,2026-04-09,6,1,5,40,1,0,40,2024-10-14,48,30,27,518,2,259,777,224.25,NA,6,97971,1,7,"6810 South Hazel Street,Pine Bluff,AR,71603",34.1555,-92.024,NA,2026-06-01
045380,ST ELIZABETH'S PLACE,3010 MIDDLEFIELD DRIVE,JONESBORO,AR,72401,8708020090,150,Craighead,Y,For profit - Limited Liability company,110,72.5,NA,Medicare and Medicaid,N,"JONESBORO CARE AND REHABILITATION CENTER, LLC",2003-04-05,ANTHONY & BRYAN ADAMS,36,38,3.9,3.5,3.1,4.4,N,NA,N,N,N,Resident,Yes,2,NA,2,NA,2,NA,3,NA,2,NA,3,NA,NA,NA,2.52431,1.06942,0.22766,1.29708,3.82139,3.24691,0.16119,0.00653,55,NA,57.1,NA,1,NA,1.15616,0.83076,1.93729,0.71471,0.56435,3.21635,2.85333,3.01734,1.27829,0.27213,4.56776,3.88108,2025-05-23,2,1,1,24,1,0,24,2024-03-07,14,10,4,108,1,0,108,45,NA,2,21828,0,2,"3010 MIDDLEFIELD DRIVE,JONESBORO,AR,72401",35.8088,-90.665,NA,2026-06-01
045381,GREENBRIER NURSING AND REHABILITATION CENTER,#16 WILSON FARM ROAD,GREENBRIER,AR,72058,5016790860,220,Faulkner,Y,For profit - Individual,90,81.9,NA,Medicare and Medicaid,N,"GREENBRIER CARE CENTER, INC.",2003-04-14,CENTRAL ARKANSAS NURSING CENTERS,129,39,3.7,3.2,3.5,4.3,N,NA,N,N,N,Resident,Yes,5,NA,5,NA,5,NA,5,NA,5,NA,4,NA,NA,NA,3.06379,0.84114,0.37304,1.21419,4.27798,3.69225,0.14773,0.01348,39.8,NA,25,NA,0,NA,1.19753,0.86049,2.00661,0.74029,0.58454,3.33144,2.95543,3.53568,0.9707,0.4305,4.93688,4.26094,2026-05-07,0,0,0,0,0,0,0,2024-09-12,6,6,0,36,1,0,36,9,NA,0,0,0,0,"#16 WILSON FARM ROAD,GREENBRIER,AR,72058",35.2224,-92.384,NA,2026-06-01
045383,THE SPRINGS OF WALDRON,1369 WEST 6TH STREET,WALDRON,AR,72958,4796373171,630,Scott,N,For profit - Limited Liability company,105,65.6,NA,Medicare and Medicaid,N,WALDRON HEALTHCARE LLC,2003-04-30,THE SPRINGS ARKANSAS,516,26,3.6,3.2,2.8,4.1,N,NA,N,N,N,Resident,Yes,4,NA,4,NA,4,NA,4,NA,3,NA,4,NA,NA,NA,2.0968,0.78098,0.52618,1.30716,3.40396,2.96616,0.40025,0.00711,52.6,NA,0,NA,0,NA,1.05551,0.75844,1.76865,0.6525,0.51522,2.93636,2.60495,2.74532,1.02253,0.68892,4.45677,3.88356,2026-03-12,0,0,0,0,0,0,0,2024-08-01,13,1,12,84,1,0,84,21,NA,0,0,0,0,"1369 WEST 6TH STREET,WALDRON,AR,72958",34.8968,-94.106,NA,2026-06-01
045384,Woodbriar Nursing Home,204 Catherine St,Harrisburg,AR,72432,8705782483,550,Poinsett,Y,For profit - Corporation,80,61.4,NA,Medicare and Medicaid,N,T-LYNN INC.,2003-06-19,NA,NA,NA,NA,NA,NA,NA,N,NA,N,N,N,Resident,Yes,4,NA,5,NA,1,NA,2,NA,1,NA,4,NA,NA,NA,3.73101,0.93331,0.35471,1.28802,5.01903,4.73008,0.26349,0.07568,30.6,NA,20,NA,0,NA,1.39541,1.00267,2.33818,0.86261,0.68113,3.88192,3.44378,3.6951,0.92432,0.35129,4.97072,4.68455,2024-10-10,3,3,0,8,1,0,8,2023-08-18,5,5,0,28,1,0,28,13,NA,4,16467,0,4,"204 Catherine St,Harrisburg,AR,72432",35.5715,-90.723,NA,2026-06-01
045385,THE BLOSSOMS AT NORTH LITTLE ROCK  REHAB & NURSING,2501 JOHN ASHLEY DRIVE,NORTH LITTLE ROCK,AR,72114,5017583800,590,Pulaski,Y,For profit - Limited Liability company,140,98.5,NA,Medicare and Medicaid,N,JOHN ASHLEY DRIVE OPERATING LLC,2003-07-16,THE BLOSSOMS REHAB & NURSING CENTER,505,24,2.6,2.6,2.3,3,N,NA,N,N,N,Resident,Yes,4,NA,4,NA,4,NA,5,NA,4,NA,4,NA,NA,NA,2.22365,0.96902,0.4699,1.43892,3.66257,3.18626,0.27841,0.01758,49.5,NA,33.3,NA,0,NA,1.10127,0.79132,1.84531,0.68078,0.53755,3.06364,2.71786,2.79045,1.21602,0.58968,4.59615,3.99841,2025-04-24,2,2,0,16,1,0,16,2024-03-28,4,3,1,36,1,0,36,21,NA,0,0,0,0,"2501 JOHN ASHLEY DRIVE,NORTH LITTLE ROCK,AR,72114",34.779,-92.29,NA,2026-06-01
045386,OZARK NURSING AND REHAB,600 NORTH 12TH STREET,OZARK,AR,72949,4796674791,230,Franklin,N,For profit - Limited Liability company,135,86.6,NA,Medicare and Medicaid,N,"OZARK SNF OPERATIONS, LLC",2003-08-22,SOUTHERN ADMINISTRATIVE SERVICES,480,35,3.7,3.2,3.9,4.5,N,NA,N,N,N,Resident,Yes,5,NA,4,NA,5,NA,5,NA,NA,2,4,NA,NA,NA,2.61348,0.76216,0.31178,1.07394,3.68743,3.18768,0.21491,0.05601,25.7,NA,NA,27,0,NA,1.11593,0.80185,1.86988,0.68984,0.54471,3.10444,2.75405,3.23655,0.94386,0.38612,4.56653,3.94764,2026-02-20,1,1,0,16,1,0,16,2024-08-15,1,1,0,16,1,0,16,16,NA,0,0,0,0,"600 NORTH 12TH STREET,OZARK,AR,72949",35.4936,-93.837,NA,2026-06-01
045387,"BRIARWOOD NURSING AND REHABILITATION CENTER,INC",516 SO RODNEY PARHAM RD,LITTLE ROCK,AR,72205,5012249000,590,Pulaski,Y,For profit - Corporation,120,100.7,NA,Medicare and Medicaid,N,BRIARWOOD NURSING AND REHABILITATION CENTER INC,2003-09-18,CENTRAL ARKANSAS NURSING CENTERS,129,39,3.7,3.2,3.5,4.3,N,NA,N,N,N,Resident,Yes,4,NA,3,NA,5,NA,5,NA,2,NA,3,NA,NA,NA,2.49727,1.25243,0.1254,1.37783,3.87511,3.41273,0.0841,0.04537,40.2,NA,NA,27,0,NA,1.26358,0.90795,2.11729,0.78112,0.61679,3.5152,3.11845,2.73125,1.36977,0.13715,4.23818,3.73247,2025-05-15,3,3,0,16,1,0,16,2024-03-07,11,9,2,80,1,0,80,32,NA,0,0,0,0,"516 SO RODNEY PARHAM RD,LITTLE ROCK,AR,72205",34.7519,-92.346,22,2026-06-01
045390,PLEASANT VALLEY REHABILITATION AND NURSING,12111 HINSON ROAD,LITTLE ROCK,AR,72212,5012258888,590,Pulaski,Y,For profit - Limited Liability company,97,77.5,NA,Medicare and Medicaid,N,"PLEASANT VALLEY HEALTH AND REHAB, LLC",2003-09-29,SOUTHERN ADMINISTRATIVE SERVICES,480,35,3.7,3.2,3.9,4.5,N,NA,N,N,N,Resident,Yes,4,NA,3,NA,5,NA,5,NA,3,NA,3,NA,NA,NA,2.74927,0.92946,0.43019,1.35964,4.10891,3.53301,0.25409,0.0037200000000000002,54.1,NA,55.6,NA,0,NA,1.24977,0.89803,2.09415,0.77259,0.61005,3.47678,3.08437,3.04008,1.02777,0.47569,4.54354,3.90672,2025-04-24,1,1,0,4,1,0,4,2024-02-08,13,8,5,100,1,0,100,28,NA,0,0,0,0,"12111 HINSON ROAD,LITTLE ROCK,AR,72212",34.7726,-92.408,NA,2026-06-01
045391,THREE RIVERS HEALTH AND REHABILITATION CENTER,33904 HIGHWAY 63 E,MARKED TREE,AR,72365,8703582432,550,Poinsett,Y,For profit - Limited Liability company,112,86.8,NA,Medicare and Medicaid,N,THREE RIVERS SNF OPERATIONS LLC,2003-11-29,SOUTHERN ADMINISTRATIVE SERVICES,480,35,3.7,3.2,3.9,4.5,N,NA,N,N,N,Resident,Yes,4,NA,3,NA,5,NA,5,NA,5,NA,4,NA,NA,NA,2.01846,1.03384,0.37229,1.40613,3.42459,2.94539,0.16193,0.00772,37.3,NA,14.3,NA,1,NA,1.14536,0.823,1.9192,0.70804,0.55908,3.18631,2.82669,2.43544,1.24741,0.44919,4.13205,3.55386,2026-04-16,1,1,0,16,0,0,16,2024-08-29,4,4,0,40,1,0,40,22,NA,1,24457,0,1,"33904 HIGHWAY 63 E,MARKED TREE,AR,72365",35.5288,-90.43,NA,2026-06-01
045392,SPRING CREEK HEALTH & REHAB,804 N 2ND ST,CABOT,AR,72023,5018433100,420,Lonoke,Y,For profit - Corporation,109,87.6,NA,Medicare and Medicaid,N,"SCNC, INC.",2003-12-26,ANTHONY & BRYAN ADAMS,36,38,3.9,3.5,3.1,4.4,N,NA,N,N,N,Resident,Yes,5,NA,5,NA,5,NA,5,NA,4,NA,3,NA,NA,NA,2.54596,0.82807,0.31373,1.1418,3.68776,3.03186,0.23388,0.05406,63.2,NA,NA,27,1,NA,1.17551,0.84467,1.96971,0.72668,0.5738,3.27019,2.90109,2.99312,0.97351,0.36883,4.33547,3.56436,2025-08-22,0,0,0,0,0,0,0,2024-05-03,5,5,0,44,1,0,44,11,NA,0,0,0,0,"804 N 2ND ST,CABOT,AR,72023",34.9799,-92.011,NA,2026-06-01
045393,ENCORE HEALTHCARE AND REHABI OF MALVERN,1820 WEST MOLINE STREET,MALVERN,AR,72104,5013379581,290,Hot Spring,N,For profit - Corporation,108,87.7,NA,Medicare and Medicaid,N,"MALVERN HEALTH AND REHAB, LLC",2003-11-16,SOUTHERN ADMINISTRATIVE SERVICES,480,35,3.7,3.2,3.9,4.5,N,NA,N,N,N,Resident,Yes,2,NA,2,NA,4,NA,5,NA,3,NA,3,NA,NA,NA,2.26579,1.01097,0.34723,1.35819,3.62398,3.02547,0.20157,0.01778,44.6,NA,37.5,NA,0,NA,1.2214,0.87764,2.04661,0.75504,0.59619,3.39785,3.01434,2.56366,1.14388,0.39288,4.10042,3.42323,2024-11-21,6,4,2,44,1,0,44,2023-11-09,13,9,4,92,1,0,92,56,NA,0,0,0,0,"1820 WEST MOLINE STREET,MALVERN,AR,72104",34.3766,-92.818,NA,2026-06-01
045394,RECTOR NURSING AND REHAB,1023 HIGHWAY 119,RECTOR,AR,72461,8705951040,100,Clay,N,For profit - Individual,70,41.7,NA,Medicare and Medicaid,N,RTNC INC,2004-04-02,ANTHONY & BRYAN ADAMS,36,38,3.9,3.5,3.1,4.4,N,NA,N,N,N,Resident,Yes,5,NA,5,NA,5,NA,5,NA,5,NA,2,NA,NA,NA,1.86117,0.88576,0.48532,1.37109,3.23225,3.17366,0.29702,0.00849,71.4,NA,66.7,NA,0,NA,1.14692,0.82413,1.92181,0.709,0.55984,3.19066,2.83054,2.24259,1.06729,0.58478,3.89467,3.82407,2025-12-02,0,0,0,0,0,0,0,2024-06-13,4,3,1,36,1,0,36,9,NA,1,14069,0,1,"1023 HIGHWAY 119,RECTOR,AR,72461",36.2517,-90.284,NA,2026-06-01
045396,"ST JOHNS PLACE OF ARKANSAS, LLC",1400 HWY 79/167 BYPASS,FORDYCE,AR,71742,8703522104,190,Dallas,N,For profit - Limited Liability company,100,61.1,NA,Medicare and Medicaid,N,"ST JOHN'S PLACE OF ARKANSAS, LLC",2004-01-17,SOUTHERN ADMINISTRATIVE SERVICES,480,35,3.7,3.2,3.9,4.5,N,NA,N,N,N,Resident,Yes,4,NA,4,NA,4,NA,5,NA,2,NA,4,NA,NA,NA,2.70434,0.83938,0.62244,1.46182,4.16616,3.42308,0.22124,0.00838,34.5,NA,12.5,NA,0,NA,1.32322,0.9508,2.21722,0.81799,0.64589,3.6811,3.26563,2.82443,0.87665,0.65008,4.35115,3.57508,2025-12-04,3,3,0,4,1,0,4,2024-06-13,10,9,1,64,1,0,64,19,NA,0,0,0,0,"1400 HWY 79/167 BYPASS,FORDYCE,AR,71742",33.8304,-92.403,NA,2026-06-01
045398,North Hills Life Care and Rehab,27 E APPLEBY ROAD,FAYETTEVILLE,AR,72703,4794449000,710,Washington,Y,For profit - Corporation,92,80.3,NA,Medicare and Medicaid,N,"NORTHWEST HEALTH AND REHAB, INC.",2004-04-22,ANTHONY & BRYAN ADAMS,36,38,3.9,3.5,3.1,4.4,N,NA,N,N,N,Resident,Yes,5,NA,5,NA,5,NA,5,NA,5,NA,3,NA,NA,NA,2.68932,0.98131,0.37793,1.35923,4.04855,3.30399,0.25034,0.01183,46.9,NA,87.5,NA,0,NA,1.17837,0.84672,1.9745,0.72844,0.57519,3.27813,2.90814,3.15401,1.15086,0.44323,4.7481,3.87488,2026-04-09,0,0,0,0,0,0,0,2024-08-22,6,4,2,48,1,0,48,12,NA,0,0,0,0,"27 E APPLEBY ROAD,FAYETTEVILLE,AR,72703",36.1051,-94.154,NA,2026-06-01
045401,WHITE RIVER HEALTHCARE,1569 AR HIGHWAY 56,CALICO ROCK,AR,72519,8702973719,320,Izard,N,For profit - Limited Liability company,70,43.9,NA,Medicare and Medicaid,N,WHITE RIVER HEALTHCARE LLC,2004-07-20,NA,NA,NA,NA,NA,NA,NA,N,NA,N,N,N,Resident,Yes,3,NA,3,NA,2,NA,2,NA,3,NA,3,NA,NA,NA,3.51132,1.28514,0.4864,1.77153,5.28286,4.55102,0.25649,0.02723,45.9,NA,100,NA,NA,26,1.14061,0.81959,1.91123,0.7051,0.55676,3.17308,2.81495,4.25437,1.55709,0.58933,6.40078,5.51408,2024-11-21,7,7,0,44,1,0,44,2023-11-09,8,5,3,44,1,0,44,44,NA,0,0,0,0,"1569 AR HIGHWAY 56,CALICO ROCK,AR,72519",36.1525,-92.017,22,2026-06-01
045402,"HIGHLANDS OF BELLA VISTA HEALTH & REHAB, LLC",670 ROGERS ROAD,BELLA VISTA,AR,72715,4798761847,030,Benton,Y,For profit - Limited Liability company,90,74.8,NA,Medicare and Medicaid,N,"HIGHLANDS OF BELLA VISTA HEALTH & REHAB, LLC",2004-06-27,CENTRAL ARKANSAS NURSING CENTERS,129,39,3.7,3.2,3.5,4.3,N,NA,N,N,N,Resident,Yes,3,NA,2,NA,5,NA,5,NA,4,NA,3,NA,NA,NA,2.4225,1.05413,0.35924,1.41337,3.83587,3.14481,0.24768,0.03096,50.6,NA,42.9,NA,0,NA,1.22467,0.87999,2.05209,0.75707,0.59779,3.40695,3.02242,2.73365,1.18953,0.40538,4.32856,3.54875,2024-11-21,3,2,1,40,1,0,40,2023-11-10,6,4,2,107,1,0,107,56.75,NA,1,8055,0,1,"670 ROGERS ROAD,BELLA VISTA,AR,72715",36.4529,-94.294,NA,2026-06-01
045403,NIGHTINGALE AT GLENWOOD,615 MOUNTAIN VIEW ROAD,GLENWOOD,AR,71943,8703563953,540,Pike,N,For profit - Corporation,80,52.1,NA,Medicare and Medicaid,N,GLENWOOD HEALTHCARE LLC,2004-09-29,NIGHTINGALE,815,5,4,4,3.6,3,N,NA,N,N,N,Resident,Yes,5,NA,5,NA,4,NA,4,NA,3,NA,4,NA,NA,NA,1.91121,0.47473,0.86756,1.34229,3.2535,2.9818,0.67209,0,24.3,NA,0,NA,0,NA,1.16765,0.83902,1.95654,0.72182,0.56996,3.24832,2.8817,2.26201,0.56187,1.0268,3.85068,3.52911,2025-12-10,0,0,0,0,0,0,0,2024-08-08,2,2,0,8,1,0,8,2,NA,0,0,0,0,"615 MOUNTAIN VIEW ROAD,GLENWOOD,AR,71943",34.3321,-93.541,NA,2026-06-01
045404,THE SPRINGS OF RED OAK,260 LAKEPARK DRIVE,HOT SPRINGS,AR,71901,5012621920,250,Garland,Y,For profit - Limited Liability company,80,50.5,NA,Medicare and Medicaid,N,RED OAK HEALTHCARE LLC,2005-02-12,THE SPRINGS ARKANSAS,516,26,3.6,3.2,2.8,4.1,N,NA,N,N,N,Resident,Yes,2,NA,2,NA,3,NA,5,NA,1,NA,2,NA,NA,NA,2.86395,0.98014,0.32622,1.30636,4.17031,3.6885,0.27945,0.01298,85.3,NA,90,NA,2,NA,1.22841,0.88268,2.05836,0.75938,0.59962,3.41736,3.03166,3.22196,1.10266,0.367,4.69162,4.14959,2025-01-09,8,8,0,32,1,0,32,2024-02-23,9,5,4,80,1,0,80,44,NA,1,14935,0,1,"260 LAKEPARK DRIVE,HOT SPRINGS,AR,71901",34.4511,-93.029,NA,2026-06-01
045407,THE MAPLES AT HAR-BER MEADOWS,6456 LYNCHS PRAIRIE COVE,SPRINGDALE,AR,72762,4793614669,710,Washington,Y,For profit - Limited Liability company,140,100.6,NA,Medicare and Medicaid,N,"NWA NURSING CENTER, LLC",2005-07-28,ANTHONY & BRYAN ADAMS,36,38,3.9,3.5,3.1,4.4,N,NA,N,N,N,Resident,Yes,5,NA,4,NA,5,NA,5,NA,4,NA,3,NA,NA,NA,2.76508,1.2572,0.18267,1.43987,4.20495,3.29754,0.15428,0.0124,50,NA,20,NA,0,NA,1.14947,0.82596,1.92608,0.71058,0.56108,3.19775,2.83683,3.32437,1.5115,0.21962,5.05548,3.96452,2025-12-04,2,2,1,8,1,0,8,2024-07-18,8,7,3,60,1,0,60,21,NA,0,0,0,0,"6456 LYNCHS PRAIRIE COVE,SPRINGDALE,AR,72762",36.1777,-94.203,NA,2026-06-01
045408,ALCOA PINES HEALTH AND REHABILITATION,3300 ALCOA ROAD,BENTON,AR,72015,5013151700,620,Saline,Y,For profit - Corporation,120,92.4,NA,Medicare and Medicaid,N,BNNC INC,2005-09-23,ANTHONY & BRYAN ADAMS,36,38,3.9,3.5,3.1,4.4,N,NA,N,N,N,Resident,Yes,3,NA,3,NA,3,NA,4,NA,3,NA,3,NA,NA,NA,2.57576,1.12095,0.30552,1.42647,4.00224,3.64422,0.17708,0.01433,70.9,NA,63.6,NA,0,NA,1.22508,0.88028,2.05277,0.75732,0.59799,3.40808,3.02342,2.90564,1.26451,0.34465,4.51481,4.11094,2025-05-30,3,3,0,16,1,0,16,2024-03-20,11,9,2,84,1,0,84,33,NA,1,7443,0,1,"3300 ALCOA ROAD,BENTON,AR,72015",34.5763,-92.547,NA,2026-06-01
045409,"PRAIRIE GROVE HEALTH AND REHABILITATION, LLC",621 SOUTH MOCK STREET,PRAIRIE GROVE,AR,72753,4798462169,710,Washington,Y,For profit - Limited Liability company,70,61.9,NA,Medicare and Medicaid,N,"PRAIRIE GROVE HEALTH AND REHABILITATION, LLC",2006-01-11,STEIN LTC,490,4,4,3.8,3,3.8,N,NA,N,N,N,Resident,Yes,5,NA,4,NA,5,NA,5,NA,NA,2,3,NA,NA,NA,2.35552,1.21878,0.14215,1.36093,3.71645,3.35693,0.13561,0.08496,40.8,NA,NA,27,0,NA,1.14448,0.82237,1.91772,0.70749,0.55865,3.18386,2.82451,2.84431,1.47169,0.17165,4.48765,4.05353,2025-12-04,2,2,0,12,1,0,12,2024-06-20,4,2,3,40,1,0,40,19,NA,0,0,0,0,"621 SOUTH MOCK STREET,PRAIRIE GROVE,AR,72753",35.9688,-94.318,NA,2026-06-01
045410,"LEGACY HEIGHTS NURSING AND REHAB, LLC",900 WEST 12TH ST,RUSSELLVILLE,AR,72801,4799685858,570,Pope,N,For profit - Limited Liability company,122,74.8,NA,Medicare and Medicaid,N,"LEGACY HEIGHTS NURSING AND REHAB, LLC",2006-04-01,CENTRAL ARKANSAS NURSING CENTERS,129,39,3.7,3.2,3.5,4.3,N,NA,N,N,N,Resident,Yes,5,NA,4,NA,5,NA,5,NA,4,NA,5,NA,NA,NA,3.75036,0.76537,0.50661,1.2719800000000001,5.02234,4.29892,0.32796,0.00421,46.1,NA,12.5,NA,0,NA,1.14252,0.82096,1.91443,0.70628,0.55769,3.17841,2.81967,4.53638,0.92578,0.61279,6.07495,5.1999,2025-07-31,1,1,0,8,1,0,8,2024-04-18,7,7,3,52,1,0,52,19,NA,0,0,0,0,"900 WEST 12TH ST,RUSSELLVILLE,AR,72801",35.2678,-93.143,NA,2026-06-01
045411,SUMMIT HEALTH & REHAB CENTER,506 NORTH LONG AVENUE,TAYLOR,AR,71861,8706943781,130,Columbia,N,For profit - Limited Liability company,70,49.7,NA,Medicare and Medicaid,N,"SUMMIT HEALTH & REHABILITATION, LLC",2006-02-11,SOUTHERN ADMINISTRATIVE SERVICES,480,35,3.7,3.2,3.9,4.5,N,NA,N,N,N,Both,Yes,5,NA,5,NA,4,NA,4,NA,4,NA,5,NA,NA,NA,2.75292,0.76967,0.71929,1.48897,4.24188,3.60184,0.2432,0.00907,48.2,NA,25,NA,0,NA,1.17462,0.84403,1.96823,0.72613,0.57336,3.26772,2.8989,3.23887,0.90554,0.84627,4.99068,4.23765,2026-04-23,0,0,0,0,0,0,0,2024-10-24,5,5,0,32,1,0,32,8,NA,0,0,0,0,"506 NORTH LONG AVENUE,TAYLOR,AR,71861",33.1043,-93.464,NA,2026-06-01
045412,"WILLOWBEND HEALTH AND REHABILITATION, LLC",830 CANAL STREET,MARION,AR,72364,8707393268,170,Crittenden,Y,For profit - Limited Liability company,140,112.1,NA,Medicare and Medicaid,N,"WILLOWBEND HEALTH AND REHABILITATION, LLC",2006-04-30,SOUTHERN ADMINISTRATIVE SERVICES,480,35,3.7,3.2,3.9,4.5,N,NA,N,N,N,Resident,Yes,2,NA,2,NA,4,NA,5,NA,3,NA,4,NA,NA,NA,2.50036,0.79124,0.41234,1.20358,3.70395,3.05103,0.2362,0.03291,34,NA,36.4,NA,0,NA,1.19799,0.86082,2.00738,0.74057,0.58477,3.33272,2.95656,2.88437,0.91276,0.47567,4.2728,3.51961,2025-02-06,7,7,3,64,1,0,64,2024-03-28,10,10,2,135,1,0,135,81.75,NA,2,30771,1,3,"830 CANAL STREET,MARION,AR,72364",35.2,-90.209,NA,2026-06-01
045413,METHODIST HEALTH AND REHAB,7425 EUPER LANE,FORT SMITH,AR,72903,4794521611,650,Sebastian,Y,Non profit - Corporation,145,125,NA,Medicare and Medicaid,N,"METHODIST NURSING HOME OF FORT SMITH, INC.",2006-06-07,NA,NA,NA,NA,NA,NA,NA,N,NA,N,N,N,Resident,Yes,3,NA,3,NA,4,NA,4,NA,4,NA,3,NA,NA,NA,3.8282,1.01773,0.22233,1.24006,5.06826,4.10383,0.12448,0.00606,46.1,NA,57.1,NA,0,NA,1.21948,0.87626,2.04339,0.75386,0.59526,3.39251,3.00961,4.3383,1.15334,0.25196,5.7436,4.65065,2024-10-24,6,6,1,48,1,0,48,2023-08-04,7,7,0,48,1,0,48,48,NA,0,0,0,0,"7425 EUPER LANE,FORT SMITH,AR,72903",35.3629,-94.351,NA,2026-06-01
045414,OZARK HEALTH NURSING AND REHAB  CENTER,2500 HIGHWAY 65 SOUTH,CLINTON,AR,72031,5017457000,700,Van Buren,N,Non profit - Corporation,118,89.5,NA,Medicare and Medicaid,Y,"OZARK HEALTH, INC",2006-07-25,NA,NA,NA,NA,NA,NA,NA,N,NA,N,N,N,Resident,Yes,4,NA,4,NA,4,NA,4,NA,4,NA,4,NA,NA,NA,2.68623,1.06674,0.3413,1.40804,4.09427,3.41982,0.13011,0.04532,33,NA,37.5,NA,0,NA,1.18115,0.84872,1.97916,0.73016,0.57655,3.28587,2.91501,3.14296,1.24812,0.39932,4.7904,4.00128,2025-04-17,3,3,0,20,1,0,20,2024-01-12,5,5,0,40,1,0,40,25,NA,0,0,0,0,"2500 HIGHWAY 65 SOUTH,CLINTON,AR,72031",35.6002,-92.463,NA,2026-06-01
045416,TIMBERLANE HEALTH & REHABILITATION,2002 TIMBERWOOD ROAD,EL DORADO,AR,71730,8708638090,690,Union,N,For profit - Limited Liability company,106,89.3,NA,Medicare and Medicaid,N,"TIMBERLANE CARE AND REHABILITATION CENTER, LLC",2006-05-05,ANTHONY & BRYAN ADAMS,36,38,3.9,3.5,3.1,4.4,N,NA,N,N,N,Resident,Yes,4,NA,4,NA,4,NA,5,NA,4,NA,3,NA,NA,NA,2.64567,1.18066,0.30076,1.48142,4.12709,3.57804,0.16591,0.01013,42,NA,33.3,NA,2,NA,1.15652,0.83102,1.9379,0.71494,0.56453,3.21736,2.85423,3.16142,1.41082,0.35939,4.93162,4.27554,2026-02-27,0,0,0,0,0,0,0,2024-08-29,9,7,2,64,1,0,64,16,NA,0,0,0,0,"2002 TIMBERWOOD ROAD,EL DORADO,AR,71730",33.2145,-92.665,22,2026-06-01
045417,ARKANSAS VETERANS HOME AT FAYETTEVILLE,1179 NORTH COLLEGE AVENUE,FAYETTEVILLE,AR,72703,4794447001,710,Washington,Y,Government - State,90,57.6,NA,Medicare and Medicaid,N,STATE OF ARKANSAS,2007-03-01,NA,NA,NA,NA,NA,NA,NA,N,NA,N,N,N,Both,Yes,2,NA,2,NA,4,NA,4,NA,NA,2,4,NA,NA,NA,2.30021,1.19577,0.6597,1.85548,4.15569,3.27136,0.44963,0.04191,63.8,NA,54.5,NA,0,NA,1.03112,0.74091,1.72776,0.63742,0.50331,2.86849,2.54474,3.08291,1.60266,0.88418,5.56974,4.3845,2025-03-20,4,4,0,24,1,0,24,2024-01-26,15,15,0,136,1,0,136,52,NA,0,0,0,0,"1179 NORTH COLLEGE AVENUE,FAYETTEVILLE,AR,72703",36.0796,-94.157,NA,2026-06-01
045418,THE BLOSSOMS AT OAKDALE REHAB & NURSING CENTER,101 CYNTHIA STREET,JUDSONIA,AR,72081,5017293823,720,White,N,For profit - Limited Liability company,154,102.3,NA,Medicare and Medicaid,N,CYNTHIA STREET OPERATING LLC,2006-12-21,THE BLOSSOMS REHAB & NURSING CENTER,505,24,2.6,2.6,2.3,3,N,NA,N,N,N,Resident,Yes,2,NA,2,NA,3,NA,2,NA,4,NA,2,NA,NA,NA,1.85678,1.0316,0.24636,1.27797,3.13475,2.79559,0.25183,0.02409,50.5,NA,76.9,NA,0,NA,1.12145,0.80582,1.87913,0.69326,0.54741,3.11979,2.76767,2.28813,1.27126,0.3036,3.86298,3.44503,2025-01-16,10,10,0,68,1,0,68,2024-01-26,8,5,3,52,1,0,52,64,NA,0,0,0,0,"101 CYNTHIA STREET,JUDSONIA,AR,72081",35.2675,-91.665,NA,2026-06-01
045419,"ASHTON PLACE HEALTH AND REHAB, LLC",318 STROZIER LANE,BARLING,AR,72923,4794528181,650,Sebastian,Y,For profit - Limited Liability company,122,116.7,NA,Medicare and Medicaid,N,"ASHTON PLACE HEALTH AND REHAB, LLC",2006-11-28,CENTRAL ARKANSAS NURSING CENTERS,129,39,3.7,3.2,3.5,4.3,N,NA,N,N,N,Resident,Yes,4,NA,4,NA,4,NA,5,NA,3,NA,4,NA,NA,NA,3.29348,1.09797,0.31555,1.41352,4.70701,3.95526,0.14956,0.02279,46.1,NA,16.7,NA,0,NA,1.24709,0.8961,2.08966,0.77093,0.60874,3.46933,3.07776,3.64969,1.21673,0.34968,5.21609,4.38304,2025-03-27,3,3,0,20,1,0,20,2024-01-05,8,7,1,60,1,0,60,30,NA,0,0,0,0,"318 STROZIER LANE,BARLING,AR,72923",35.3271,-94.315,NA,2026-06-01
045422,THE LAKES AT MAUMELLE HEALTH AND REHABILITATION,103 ALEXANDRIA DRIVE,MAUMELLE,AR,72113,5017341400,590,Pulaski,Y,For profit - Corporation,70,44,NA,Medicare and Medicaid,N,"MMNC, INC.",2007-04-06,ANTHONY & BRYAN ADAMS,36,38,3.9,3.5,3.1,4.4,N,NA,N,N,N,Resident,Yes,4,NA,3,NA,5,NA,5,NA,5,NA,3,NA,NA,NA,3.45638,1.2114,0.52627,1.73767,5.19405,4.21868,0.53318,0.03698,83.3,NA,66.7,NA,1,NA,1.25089,0.89883,2.09603,0.77328,0.61059,3.47989,3.08713,3.81857,1.33834,0.58142,5.73833,4.66076,2025-11-25,2,1,2,12,1,0,12,2024-06-05,17,10,9,116,1,0,116,38,NA,0,0,0,0,"103 ALEXANDRIA DRIVE,MAUMELLE,AR,72113",34.8748,-92.394,NA,2026-06-01
045424,GREENE ACRES NURSING HOME,2402 COUNTRY CLUB ROAD,PARAGOULD,AR,72450,8702368771,270,Greene,N,Non profit - Corporation,143,92.3,NA,Medicare and Medicaid,N,"GREENE ACRES NURSING HOME ASSOCIATION,INC.",2008-04-01,NA,NA,NA,NA,NA,NA,NA,N,NA,N,N,N,Resident,Yes,4,NA,4,NA,2,NA,2,NA,1,NA,3,NA,NA,NA,2.69244,0.73501,0.42141,1.15642,3.84886,2.93799,0.09358,0.05108,37.6,NA,0,NA,NA,26,1.22072,0.87715,2.04546,0.75462,0.59586,3.39594,3.01266,3.04811,0.8321,0.47708,4.35729,3.32611,2026-01-08,1,1,0,16,1,0,16,2024-07-18,4,4,0,36,1,0,36,21,NA,0,0,0,0,"2402 COUNTRY CLUB ROAD,PARAGOULD,AR,72450",36.0708,-90.519,NA,2026-06-01
045427,"SHILOH NURSING AND REHAB, LLC",1092 WEST STULTZ ROAD,SPRINGDALE,AR,72764,4797503800,710,Washington,Y,For profit - Limited Liability company,140,117.5,NA,Medicare and Medicaid,N,"SHILOH NURSING AND REHAB, LLC",2008-04-10,CENTRAL ARKANSAS NURSING CENTERS,129,39,3.7,3.2,3.5,4.3,N,NA,N,N,N,Resident,Yes,5,NA,4,NA,5,NA,5,NA,5,NA,3,NA,NA,NA,2.85466,0.80053,0.20831,1.00883,3.8635,3.41103,0.09439,0.03678,38.7,NA,42.9,NA,0,NA,1.28639,0.92434,2.15551,0.79522,0.62792,3.57865,3.17474,3.06677,0.86001,0.22378,4.15057,3.66448,2025-02-27,3,3,0,20,1,0,20,2024-01-05,7,7,0,56,1,0,56,29,NA,0,0,0,0,"1092 WEST STULTZ ROAD,SPRINGDALE,AR,72764",36.2216,-94.148,NA,2026-06-01
045428,EDGEWOOD HEALTH AND REHAB,1393 E DON TYSON PARKWAY,SPRINGDALE,AR,72764,4797512390,710,Washington,Y,For profit - Corporation,100,81.4,NA,Medicare and Medicaid,N,"CWNC OPS, INC.",2008-06-19,ANTHONY & BRYAN ADAMS,36,38,3.9,3.5,3.1,4.4,N,NA,N,N,N,Resident,Yes,4,NA,4,NA,4,NA,5,NA,3,NA,3,NA,NA,NA,2.9797,1.09577,0.24094,1.33671,4.3164,3.63818,0.13242,0.03282,47.9,NA,NA,27,0,NA,1.24975,0.89801,2.09411,0.77257,0.61003,3.47671,3.08431,3.29495,1.2117,0.26643,4.77308,4.02311,2024-11-07,2,2,0,16,1,0,16,2023-09-08,5,5,0,40,1,0,40,22,NA,0,0,0,0,"1393 E DON TYSON PARKWAY,SPRINGDALE,AR,72764",36.1523,-94.115,NA,2026-06-01
045430,The Springs of Brinkley,1214 North Main,Brinkley,AR,72021,8707343636,470,Monroe,N,For profit - Limited Liability company,116,47.9,NA,Medicare and Medicaid,N,BRINKLEY HEALTHCARE LLC,2009-06-19,THE SPRINGS ARKANSAS,516,26,3.6,3.2,2.8,4.1,N,NA,Y,N,N,Resident,Yes,1,NA,1,NA,3,NA,5,NA,1,NA,3,NA,NA,NA,3.13751,0.9277,0.48444,1.41213,4.54965,3.88876,0.29936,0.00136,70,NA,90,NA,0,NA,1.25472,0.90158,2.10244,0.77564,0.61246,3.49054,3.09657,3.45572,1.02178,0.53357,5.01108,4.28316,2026-03-19,4,1,3,78,1,0,78,2024-08-15,11,10,1,60,1,0,60,73.5,NA,2,22422,0,2,"1214 North Main,Brinkley,AR,72021",34.9045,-91.198,NA,2026-06-01
045431,THE SPRINGS OF PINNACLE MOUNTAIN,6411 VALLEY RANCH DRIVE,LITTLE ROCK,AR,72223,5018688857,590,Pulaski,Y,For profit - Corporation,110,82.5,NA,Medicare and Medicaid,N,VALLEY RANCH HEALTHCARE LLC,2010-03-23,THE SPRINGS ARKANSAS,516,26,3.6,3.2,2.8,4.1,N,NA,N,N,N,None,Yes,4,NA,4,NA,2,NA,5,NA,1,NA,2,NA,NA,NA,2.72876,0.88307,0.2936,1.17667,3.90543,3.37862,0.40208,0.06836,71,NA,76.9,NA,0,NA,1.31274,0.94327,2.19966,0.81151,0.64078,3.65195,3.23977,2.87267,0.92964,0.30908,4.11139,3.5568,2026-01-15,1,0,1,4,0,0,4,2024-09-26,7,4,3,68,1,0,68,20,NA,0,0,0,0,"6411 VALLEY RANCH DRIVE,LITTLE ROCK,AR,72223",34.8133,-92.475,NA,2026-06-01
045432,THE SPRINGS OF BARROW,2600  JOHN BARROW ROAD,LITTLE ROCK,AR,72204,5012244173,590,Pulaski,Y,For profit - Corporation,139,90.1,NA,Medicare and Medicaid,N,BARROW HEALTHCARE LLC,2010-07-25,THE SPRINGS ARKANSAS,516,26,3.6,3.2,2.8,4.1,N,NA,N,N,N,None,Yes,5,NA,4,NA,5,NA,5,NA,5,NA,2,NA,NA,NA,2.80028,1.00248,0.16111,1.16359,3.96388,3.29001,0.12881,0.0158,72.1,NA,60,NA,0,NA,1.1451,0.82282,1.91876,0.70788,0.55895,3.18559,2.82604,3.37954,1.20985,0.19444,4.78384,3.97057,2026-03-05,2,2,0,8,1,0,8,2024-09-12,10,4,6,68,1,0,68,23,NA,0,0,0,0,"2600  JOHN BARROW ROAD,LITTLE ROCK,AR,72204",34.7309,-92.373,NA,2026-06-01
045433,CORNING THERAPY AND LIVING CENTER,831 NORTH MISSOURI,CORNING,AR,72422,8708573100,100,Clay,N,For profit - Corporation,84,39.7,NA,Medicare and Medicaid,N,"CNNC, INC.",2010-07-15,ANTHONY & BRYAN ADAMS,36,38,3.9,3.5,3.1,4.4,N,NA,N,N,N,Resident,Yes,5,NA,5,NA,5,NA,4,NA,5,NA,3,NA,NA,NA,2.16242,1.08034,0.377,1.45734,3.61976,3.2069,0.25113,0.01777,45.2,NA,42.9,NA,1,NA,1.21145,0.87049,2.02994,0.74889,0.59134,3.37017,2.98979,2.46681,1.23241,0.43006,4.12928,3.6583,2025-12-18,1,1,0,4,1,0,4,2024-08-08,3,3,0,32,1,0,32,11,NA,1,8021,0,1,"831 NORTH MISSOURI,CORNING,AR,72422",36.4197,-90.586,NA,2026-06-01
045434,KATHERINE'S PLACE AT WEDINGTON,4405 WEST PERSIMMON STREET,FAYETTEVILLE,AR,72704,4794446108,710,Washington,Y,For profit - Limited Liability company,119,104.4,NA,Medicare and Medicaid,N,"WCNC, INC.",2010-08-19,ANTHONY & BRYAN ADAMS,36,38,3.9,3.5,3.1,4.4,N,NA,N,N,N,Both,Yes,4,NA,3,NA,5,NA,5,NA,5,NA,3,NA,NA,NA,2.88058,0.90631,0.37764,1.28395,4.16453,3.50221,0.29773,0.04282,51.9,NA,62.5,NA,0,NA,1.28863,0.92595,2.15926,0.7966,0.62901,3.58487,3.18026,3.08924,0.97196,0.405,4.4662,3.75591,2025-09-05,2,2,0,8,1,0,8,2024-05-16,11,10,1,80,1,0,80,26,NA,0,0,0,0,"4405 WEST PERSIMMON STREET,FAYETTEVILLE,AR,72704",36.0715,-94.222,NA,2026-06-01
045435,"Jamestown Nursing And Rehab, LLC",2001 Hampton Place,Rogers,AR,72758,4799869945,030,Benton,Y,For profit - Limited Liability company,140,90.2,NA,Medicare and Medicaid,N,"JAMESTOWN NURSING AND REHAB, LLC",2010-05-14,CENTRAL ARKANSAS NURSING CENTERS,129,39,3.7,3.2,3.5,4.3,N,NA,N,N,N,Resident,Yes,1,NA,1,NA,3,NA,3,NA,4,NA,4,NA,NA,NA,3.55545,1.14411,0.52986,1.67397,5.22942,4.10658,0.36961,0.01381,58.5,NA,80,NA,0,NA,1.18338,0.85032,1.9829,0.73154,0.57764,3.29208,2.92052,4.15211,1.33611,0.61878,6.107,4.79573,2025-05-22,1,1,0,4,1,0,4,2024-06-13,19,11,10,373,1,0,373,96.25,NA,3,77541,0,3,"2001 Hampton Place,Rogers,AR,72758",36.3102,-94.168,NA,2026-06-01
045436,"PRESBYTERIAN VILLAGE, INC",500 BROOKSIDE DRIVE,LITTLE ROCK,AR,72205,5012251615,590,Pulaski,Y,Non profit - Corporation,70,61.1,NA,Medicare and Medicaid,N,PRESBYTERIAN VILLAGE INC.,2010-12-09,NA,NA,NA,NA,NA,NA,NA,Y,NA,N,N,N,Resident,Yes,5,NA,5,NA,2,NA,4,NA,1,NA,4,NA,NA,NA,4.03801,1.85996,0.25741000000000003,2.11737,6.15537,5.37156,0.1377,0.01086,35.6,NA,NA,27,0,NA,1.20197,0.86368,2.01406,0.74304,0.58671,3.3438,2.9664,4.64271,2.13849,0.29596,7.07716,6.17597,2025-04-17,2,2,0,12,1,0,12,2024-02-09,5,5,0,48,1,0,48,21,NA,0,0,0,0,"500 BROOKSIDE DRIVE,LITTLE ROCK,AR,72205",34.757,-92.373,NA,2026-06-01
045437,NIGHTINGALE AT STONEGATE,118 JERRY SELBY DRIVE,CROSSETT,AR,71635,8703641534,010,Ashley,N,For profit - Limited Liability company,76,59.5,NA,Medicare and Medicaid,N,STONEGATE HEALTHCARE LLC,2010-12-07,NIGHTINGALE,815,5,4,4,3.6,3,N,NA,N,N,N,Resident,Yes,5,NA,5,NA,4,NA,4,NA,5,NA,4,NA,NA,NA,1.72514,0.64043,0.66462,1.30505,3.03019,2.61987,0.57447,0,27.1,NA,25,NA,1,NA,1.12176,0.80605,1.87966,0.69345,0.54756,3.12067,2.76845,2.1253,0.78899,0.81879,3.73308,3.22758,2025-07-24,2,2,1,8,1,0,8,2024-04-12,7,7,0,40,1,0,40,16,NA,0,0,0,0,"118 JERRY SELBY DRIVE,CROSSETT,AR,71635",33.1291,-91.961,22,2026-06-01
045438,TRINITY VILLAGE MEDICAL CENTER,6400 TRINITY DRIVE,PINE BLUFF,AR,71603,8708793117,340,Jefferson,N,Non profit - Corporation,94,76,NA,Medicare and Medicaid,N,"TRINITY VILLAGE, INC.",2010-12-17,NA,NA,NA,NA,NA,NA,NA,N,NA,N,N,N,Resident,Yes,3,NA,3,NA,2,NA,4,NA,1,NA,3,NA,NA,NA,2.56366,1.28757,0.31294,1.6005,4.16416,3.68831,0.24024,0.09876,46.3,NA,80,NA,0,NA,1.24699,0.89603,2.08948,0.77086,0.60868,3.46903,3.07749,2.84117,1.42695,0.34681,4.61493,4.08757,2025-07-24,4,4,0,24,1,0,24,2025-01-16,12,12,0,84,1,0,84,39,NA,0,0,0,0,"6400 TRINITY DRIVE,PINE BLUFF,AR,71603",34.1635,-92.029,NA,2026-06-01
045439,GOSNELL HEALTH AND REHAB,700 MOODY STREET,GOSNELL,AR,72315,8705325550,460,Mississippi,N,For profit - Limited Liability company,70,60.5,NA,Medicare and Medicaid,N,CHC GOSNELL HEALTH AND REHAB LLC,2010-11-29,DAVID VANN & BOYD WRIGHT,723,5,3.4,3.2,3.2,2.4,N,NA,N,N,N,Resident,Yes,3,NA,3,NA,2,NA,2,NA,1,NA,2,NA,NA,NA,2.30598,0.83004,0.3715,1.20154,3.50752,2.83164,0.22397,0.01067,52.5,NA,62.5,NA,1,NA,1.17459,0.84401,1.96817,0.72611,0.57335,3.26763,2.89882,2.71312,0.97659,0.43709,4.1268,3.33159,2026-03-26,2,1,1,8,1,0,8,2024-09-19,3,3,1,83,1,0,83,26.75,NA,1,13627,0,1,"700 MOODY STREET,GOSNELL,AR,72315",35.961,-89.973,NA,2026-06-01
045440,HARRIS HEALTH AND REHAB,287 SOUTH COUNTRY CLUB ROAD,OSCEOLA,AR,72370,8705633201,460,Mississippi,N,For profit - Limited Liability company,91,64.7,NA,Medicare and Medicaid,N,"CHC HARRIS HEALTHCARE, LLC",2011-03-08,DAVID VANN & BOYD WRIGHT,723,5,3.4,3.2,3.2,2.4,N,NA,N,N,N,Resident,Yes,4,NA,4,NA,4,NA,5,NA,2,NA,3,NA,NA,NA,2.87628,0.88831,0.23922,1.12752,4.0038,3.57284,0.16611,0.01576,60.8,NA,42.9,NA,3,NA,1.16495,0.83708,1.95201,0.72015,0.56864,3.2408,2.87502,3.41212,1.0538,0.28378,4.7497,4.23845,2025-08-01,1,0,1,4,1,0,4,2024-04-18,9,8,1,68,1,0,68,20,NA,1,8281,0,1,"287 SOUTH COUNTRY CLUB ROAD,OSCEOLA,AR,72370",35.7551,-90.059,NA,2026-06-01
045441,HILLCREST HOME,1111 MAPLEWOOD RD,HARRISON,AR,72601,8707415001,040,Boone,N,Non profit - Corporation,103,96.7,NA,Medicare and Medicaid,N,MISSION INTERESTS COMMITTEE INC,2011-03-18,NA,NA,NA,NA,NA,NA,NA,N,NA,N,N,N,Resident,Yes,5,NA,5,NA,4,NA,4,NA,4,NA,5,NA,NA,NA,3.40309,1.00807,0.74606,1.75414,5.15722,4.31056,0.30194,0.02286,43,NA,23.5,NA,0,NA,1.12646,0.80942,1.88753,0.69636,0.54985,3.13374,2.78005,4.17499,1.23673,0.91529,6.32701,5.2883,2025-05-09,1,1,1,4,1,0,4,2024-03-28,2,1,1,12,1,0,12,6,NA,0,0,0,0,"1111 MAPLEWOOD RD,HARRISON,AR,72601",36.2412,-93.104,NA,2026-06-01
045442,CAVALIER HEALTHCARE OF ENGLAND,400 STUTTGART HIGHWAY,ENGLAND,AR,72046,5018422771,420,Lonoke,Y,For profit - Limited Liability company,70,57.6,NA,Medicare and Medicaid,N,"CAVALIER HEALTHCARE OF ENGLAND, LLC",2011-03-11,CAVALIER HEALTHCARE,691,4,2,2.3,3,3,N,NA,N,N,N,Resident,Yes,2,NA,2,NA,3,NA,5,NA,1,NA,3,NA,NA,NA,2.13507,0.64415,0.49566,1.13981,3.27487,3.02597,0.26104,0.0841,48.3,NA,81.8,NA,1,NA,1.11309,0.79981,1.8651199999999999,0.68809,0.54333,3.09654,2.74704,2.65082,0.79975,0.61539,4.06597,3.75694,2025-07-03,7,7,1,36,1,0,36,2024-04-04,10,7,3,100,1,0,100,52,NA,2,18356,0,2,"400 STUTTGART HIGHWAY,ENGLAND,AR,72046",34.5464,-91.953,NA,2026-06-01
045443,RANDOLPH COUNTY NURSING HOME,500 CAMP ROAD,POCAHONTAS,AR,72455,8708925214,600,Randolph,N,Government - County,140,129.9,NA,Medicare and Medicaid,N,RANDOLPH COUNTY NURSING HOME,2011-07-14,NA,NA,NA,NA,NA,NA,NA,N,NA,N,N,N,Resident,Yes,4,NA,4,NA,4,NA,3,NA,5,NA,4,NA,NA,NA,2.82245,0.6119,0.61691,1.22881,4.05126,3.11428,0.36576,0.05235,44.6,NA,7.1,NA,0,NA,1.13002,0.81198,1.89349,0.69855,0.55159,3.14363,2.78882,3.45177,0.74833,0.75446,4.95455,3.80865,2025-04-03,1,1,0,8,1,0,8,2024-01-11,13,11,2,108,1,0,108,33,NA,0,0,0,0,"500 CAMP ROAD,POCAHONTAS,AR,72455",36.2896,-90.994,NA,2026-06-01
045445,LAKE HAMILTON HEALTH AND REHAB,120 PITTMAN ROAD,HOT SPRINGS,AR,71913,5017677530,250,Garland,Y,For profit - Limited Liability company,84,74.1,NA,Medicare and Medicaid,N,"COUNTRY CLUB GARDENS, LLC",2011-07-20,CENTRAL ARKANSAS NURSING CENTERS,129,39,3.7,3.2,3.5,4.3,N,NA,N,N,N,Resident,Yes,4,NA,3,NA,5,NA,5,NA,3,NA,2,NA,NA,NA,2.70733,1.21372,0.27366,1.48738,4.19471,3.15415,0.16967,0.02702,50,NA,66.7,NA,0,NA,1.33411,0.95863,2.23546,0.82472,0.65121,3.71139,3.2925,2.80447,1.25727,0.28348,4.34522,3.26731,2025-05-21,4,4,0,28,1,0,28,2024-04-12,10,10,0,72,1,0,72,39,NA,0,0,0,0,"120 PITTMAN ROAD,HOT SPRINGS,AR,71913",34.4532,-93.167,NA,2026-06-01
045446,THE BLOSSOMS AT WEST DIXON REHAB & NURSING CENTER,2821 W DIXON RD,LITTLE ROCK,AR,72206,5018884200,590,Pulaski,Y,For profit - Limited Liability company,127,88.6,NA,Medicare and Medicaid,N,WEST DIXON ROAD OPERATING LLC,2011-10-25,THE BLOSSOMS REHAB & NURSING CENTER,505,24,2.6,2.6,2.3,3,N,NA,N,N,N,Resident,Yes,2,NA,2,NA,4,NA,5,NA,3,NA,2,NA,NA,NA,2.15302,0.84146,0.20784,1.0493,3.20232,2.75694,0.11144,0.01399,68.7,NA,63.6,NA,0,NA,1.07829,0.77481,1.80682,0.66658,0.52634,2.99974,2.66117,2.75938,1.07844,0.26638,4.10419,3.53338,2026-01-15,5,3,3,28,1,0,28,2024-08-22,12,11,3,68,1,0,68,38,NA,0,0,0,0,"2821 W DIXON RD,LITTLE ROCK,AR,72206",34.6587,-92.286,NA,2026-06-01
045447,GREENHURST NURSING CENTER,226 SKYLER DRIVE,CHARLESTON,AR,72933,4799657373,230,Franklin,N,For profit - Limited Liability company,113,86.2,NA,Medicare and Medicaid,N,"GREENHURST SNF OPERATIONS, LLC",2012-02-21,SOUTHERN ADMINISTRATIVE SERVICES,480,35,3.7,3.2,3.9,4.5,N,NA,N,N,N,Both,Yes,5,NA,5,NA,5,NA,5,NA,5,NA,3,NA,NA,NA,2.73315,0.64015,0.35868,0.99883,3.73198,3.35048,0.15933,0.0048,48.5,NA,55.6,NA,1,NA,1.23218,0.88538,2.06467,0.76171,0.60146,3.42783,3.04094,3.06542,0.71798,0.40229,4.18568,3.7578,2025-07-24,2,2,0,12,1,0,12,2024-04-18,3,3,0,32,1,0,32,17,NA,0,0,0,0,"226 SKYLER DRIVE,CHARLESTON,AR,72933",35.2987,-94.014,NA,2026-06-01
045449,"CRESTPARK MARIANNA, L L C",700 WEST CHESTNUT,MARIANNA,AR,72360,8702953466,380,Lee,N,For profit - Limited Liability company,80,55.1,NA,Medicare and Medicaid,N,CRESTPARK MARIANNA LLC,2012-05-22,CRESTPARK,722,6,2.8,2.8,3,3,N,NA,N,N,N,Resident,Yes,3,NA,3,NA,4,NA,4,NA,NA,2,4,NA,NA,NA,2.73158,0.45286,0.53087,0.98373,3.71531,3.46593,0.38173,0.00163,32.2,NA,27.3,NA,0,NA,1.16461,0.83684,1.95146,0.71994,0.56848,3.23987,2.8742,3.24139,0.53738,0.62995,4.40872,4.1128,2025-05-22,0,0,0,0,0,0,0,2024-03-15,16,15,1,108,1,0,108,27,NA,0,0,0,0,"700 WEST CHESTNUT,MARIANNA,AR,72360",34.7748,-90.782,NA,2026-06-01
045450,THE BLOSSOMS AT MIDTOWN REHAB & NURSING CENTER,5720 WEST MARKHAM STREET,LITTLE ROCK,AR,72205,5016646200,590,Pulaski,Y,For profit - Limited Liability company,154,82,NA,Medicare and Medicaid,N,WEST MARKHAM STREET OPERATING LLC,2012-08-01,THE BLOSSOMS REHAB & NURSING CENTER,505,24,2.6,2.6,2.3,3,N,NA,N,N,N,Resident,Yes,1,NA,1,NA,2,NA,4,NA,1,NA,2,NA,NA,NA,2.03411,1.06932,0.47587,1.54519,3.5793,3.06809,0.37218,0.065310000000000007,64.2,NA,65,NA,1,NA,1.36347,0.97973,2.28467,0.84287,0.66554,3.79309,3.36498,2.06171,1.08383,0.48232,3.62786,3.10971,2025-08-28,5,5,0,40,1,0,40,2024-05-08,13,9,6,104,1,0,104,56,NA,0,0,0,0,"5720 WEST MARKHAM STREET,LITTLE ROCK,AR,72205",34.752,-92.338,NA,2026-06-01
045451,Creekside at the Springs,620 Noth Panther Avenue,Yellville,AR,72687,8704494201,440,Marion,N,For profit - Limited Liability company,96,77.9,NA,Medicare and Medicaid,N,YELLVILLE HEALTHCARE LLC,2012-12-15,THE SPRINGS ARKANSAS,516,26,3.6,3.2,2.8,4.1,N,NA,N,N,N,Resident,Yes,4,NA,3,NA,5,NA,5,NA,5,NA,4,NA,NA,NA,2.06758,0.82565,0.60879,1.43445,3.50203,3.052,0.51327,0.08747,15.4,NA,0,NA,0,NA,1.1839,0.85069,1.98377,0.73186,0.57789,3.29352,2.9218,2.4135,0.96379,0.71065,4.08794,3.56263,2025-05-15,1,1,1,4,1,0,4,2024-02-09,11,8,6,155,1,0,155,41.75,NA,1,15915,0,1,"620 Noth Panther Avenue,Yellville,AR,72687",36.2232,-92.683,22,2026-06-01
045452,LAWRENCE HALL HEALTH & REHABILITATION,1051 WEST FREE STREET,WALNUT RIDGE,AR,72476,8708861295,370,Lawrence,N,Non profit - Corporation,110,76,NA,Medicare and Medicaid,N,LAWRENCE HALL HEALTH & REHABILITATION,2013-05-10,NA,NA,NA,NA,NA,NA,NA,N,NA,N,N,N,Resident,Yes,3,NA,3,NA,3,NA,2,NA,3,NA,4,NA,NA,NA,3.02622,0.68235,0.51388,1.19623,4.22245,3.37958,0.26971,0.01262,50,NA,45.5,NA,0,NA,1.25678,0.90306,2.10589,0.77691,0.61346,3.49626,3.10165,3.32769,0.75032,0.56507,4.64308,3.71624,2024-12-12,6,6,0,32,1,0,32,2023-11-30,4,3,1,32,1,0,32,32,NA,0,0,0,0,"1051 WEST FREE STREET,WALNUT RIDGE,AR,72476",36.0715,-90.966,NA,2026-06-01
045453,"GREYSTONE NURSING AND REHAB, LLC",121 SPRING VALLEY ROAD,CABOT,AR,72023,5016051545,420,Lonoke,Y,For profit - Limited Liability company,80,74.4,NA,Medicare and Medicaid,N,"GREYSTONE NURSING AND REHAB, LLC",2013-05-31,CENTRAL ARKANSAS NURSING CENTERS,129,39,3.7,3.2,3.5,4.3,N,NA,N,N,N,Resident,Yes,5,NA,5,NA,5,NA,5,NA,4,NA,4,NA,NA,NA,3.38568,0.9915,0.53617,1.52767,4.91335,3.96218,0.27435,0.05976,52.5,NA,30,NA,0,NA,1.36018,0.97736,2.27915,0.84084,0.66394,3.78393,3.35685,3.43992,1.00738,0.54476,4.99206,4.02565,2025-11-18,0,0,0,0,0,0,0,2024-06-20,2,2,0,24,1,0,24,6,NA,0,0,0,0,"121 SPRING VALLEY ROAD,CABOT,AR,72023",35.019,-92.072,NA,2026-06-01
045454,"MITCHELL'S NURSING HOME, INC",501 W 10TH,DANVILLE,AR,72833,4794952914,740,Yell,N,For profit - Corporation,105,74,NA,Medicare and Medicaid,N,MITCHELLS NURSING HOME INC,2013-07-17,NA,NA,NA,NA,NA,NA,NA,N,NA,N,N,N,Resident,Yes,4,NA,4,NA,4,NA,3,NA,5,NA,2,NA,NA,NA,1.89495,0.78635,0.27662,1.06297,2.95792,2.46847,0.16225,0,46.4,NA,NA,27,0,NA,1.18582,0.85207,1.98699,0.73305,0.57883,3.29887,2.92654,2.2084,0.91642,0.32238,3.4472,2.87679,2025-09-18,4,4,0,32,1,0,32,2024-05-31,3,2,2,20,1,0,20,29,NA,0,0,0,0,"501 W 10TH,DANVILLE,AR,72833",35.0523,-93.398,NA,2026-06-01
045455,"Hickory Heights Health And Rehab, Llc",#3 CHENAL HEIGHTS DRIVE,LITTLE ROCK,AR,72223,5018302273,590,Pulaski,Y,For profit - Limited Liability company,110,106.9,NA,Medicare and Medicaid,N,HICKORY HEIGHTS HEALTH AND REHAB LLC,2013-12-20,CENTRAL ARKANSAS NURSING CENTERS,129,39,3.7,3.2,3.5,4.3,N,NA,N,N,N,Resident,Yes,3,NA,3,NA,4,NA,5,NA,3,NA,4,NA,NA,NA,2.7605,0.81043,0.52224,1.33266,4.09316,3.5822,0.39669,0.00614,53.7,NA,11.1,NA,0,NA,1.32156,0.94961,2.21443,0.81696,0.64508,3.67648,3.26153,2.88669,0.84748,0.54611,4.28028,3.74596,2025-08-07,1,1,0,16,1,0,16,2024-05-03,11,9,2,84,1,0,84,33,NA,0,0,0,0,"#3 CHENAL HEIGHTS DRIVE,LITTLE ROCK,AR,72223",34.777,-92.452,NA,2026-06-01
045456,PINK BUD HOME FOR THE GOLDEN YEARS,400 SO COKER,GREENWOOD,AR,72936,4799964125,650,Sebastian,Y,For profit - Corporation,110,60.4,NA,Medicare and Medicaid,N,"ERRS, INC.",2014-01-28,NA,NA,NA,NA,NA,NA,NA,N,SFF Candidate,N,N,N,Both,Yes,1,NA,1,NA,1,NA,1,NA,NA,2,4,NA,NA,NA,3.3006,1.11647,0.37706,1.49352,4.79412,3.83074,0.19786,0,48.8,NA,0,NA,0,NA,1.05005,0.75452,1.75949,0.64912,0.51256,2.92117,2.59147,4.34392,1.46938,0.49624,6.30955,5.04164,2025-05-22,7,7,2,378,1,0,378,2024-02-09,7,7,0,52,1,0,52,296.5,NA,1,28561,0,1,"400 SO COKER,GREENWOOD,AR,72936",35.2178,-94.261,22,2026-06-01
045457,EVERGREEN LIVING CENTER AT STAGECOACH,6907 HIGHWAY 5 NORTH,BRYANT,AR,72022,5012130547,620,Saline,Y,For profit - Corporation,116,97,NA,Medicare and Medicaid,N,SALCO NC INC,2014-04-22,ANTHONY & BRYAN ADAMS,36,38,3.9,3.5,3.1,4.4,N,NA,N,N,N,Resident,Yes,4,NA,4,NA,4,NA,5,NA,4,NA,2,NA,NA,NA,2.79246,0.97675,0.35065,1.3274,4.11986,3.62785,0.27301,0.01055,63,NA,53.8,NA,2,NA,1.27546,0.91649,2.13719,0.78846,0.62258,3.54824,3.14777,3.02565,1.05832,0.37993,4.4639,3.9308,2025-01-31,2,2,0,8,1,0,8,2024-01-12,11,10,1,64,1,0,64,22,NA,0,0,0,0,"6907 HIGHWAY 5 NORTH,BRYANT,AR,72022",34.5981,-92.488,22,2026-06-01
045458,The Blossoms at Breckenridge Rehab & Nursing Cente,800 BROOKSIDE DRIVE,LITTLE ROCK,AR,72205,5012243940,590,Pulaski,Y,For profit - Limited Liability company,143,88.7,NA,Medicare and Medicaid,N,Legal Business Name Not Available,2016-01-04,THE BLOSSOMS REHAB & NURSING CENTER,505,24,2.6,2.6,2.3,3,N,NA,N,N,N,Resident,Yes,1,NA,2,NA,1,NA,2,NA,1,NA,2,NA,NA,NA,2.47225,1.04215,0.21249,1.25465,3.7269,3.16477,0.10192,0.00324,64.4,NA,60,NA,2,NA,1.1114,0.7986,1.86229,0.68705,0.5425,3.09184,2.74288,3.07412,1.29587,0.26422,4.63421,3.93524,2026-04-02,2,1,2,28,0,0,28,2024-11-21,8,4,5,131,1,0,131,53.75,NA,2,28654,0,2,"800 BROOKSIDE DRIVE,LITTLE ROCK,AR,72205",34.7595,-92.373,NA,2026-06-01
045460,"COLONEL GLENN HEALTH AND REHAB, LLC",13700 DAVID O DODD ROAD,LITTLE ROCK,AR,72210,5019078200,590,Pulaski,Y,For profit - Limited Liability company,120,125.8,NA,Medicare and Medicaid,N,COLONEL GLENN HEALTH AND REHAB LLC,2016-07-22,CENTRAL ARKANSAS NURSING CENTERS,129,39,3.7,3.2,3.5,4.3,N,NA,N,N,N,Resident,Yes,2,NA,1,NA,5,NA,5,NA,5,NA,3,NA,NA,NA,2.74966,0.88331,0.37193,1.25525,4.0049,3.67938,0.45619,0.00955,57.1,NA,45.5,NA,0,NA,1.28471,0.92314,2.1527,0.79418,0.6271,3.57398,3.1706,2.95782,0.95018,0.40009,4.30809,3.95793,2025-04-24,7,6,1,71,1,0,71,2024-02-16,11,7,5,72,1,0,72,71.25,NA,1,78000,0,1,"13700 DAVID O DODD ROAD,LITTLE ROCK,AR,72210",34.7077,-92.413,NA,2026-06-01
045462,ARKANSAS STATE VETERANS HOME AT NORTH LITTLE ROCK,2401 JOHN ASHLEY DRIVE,NORTH LITTLE ROCK,AR,72114,5016832382,590,Pulaski,Y,Government - State,96,83.6,NA,Medicare and Medicaid,N,STATE OF ARKANSAS,2017-04-27,NA,NA,NA,NA,NA,NA,NA,N,NA,N,N,N,Resident,Yes,5,NA,5,NA,5,NA,5,NA,NA,2,4,NA,NA,NA,3.54579,1.13753,0.43268,1.57021,5.116,4.50002,0.34466,0.0632,63.9,NA,50,NA,0,NA,0.99383,0.71412,1.66529,0.61437,0.48511,2.76477,2.45272,4.9306,1.58179,0.60166,7.11406,6.25751,2025-05-01,0,0,0,0,0,0,0,2024-02-23,12,11,4,88,1,0,88,22,NA,0,0,0,0,"2401 JOHN ASHLEY DRIVE,NORTH LITTLE ROCK,AR,72114",34.7786,-92.29,NA,2026-06-01
045463,"BELVEDERE NURSING AND REHABILITATION CENTER, LLC",2600 PARK AVE,HOT SPRINGS,AR,71901,5013214276,250,Garland,Y,For profit - Limited Liability company,119,118.4,NA,Medicare and Medicaid,N,"BELVEDERE NURSING AND REHABILITATION CENTER, LLC",2017-11-27,CENTRAL ARKANSAS NURSING CENTERS,129,39,3.7,3.2,3.5,4.3,N,NA,N,N,N,Resident,Yes,1,NA,1,NA,4,NA,5,NA,2,NA,3,NA,NA,NA,2.5081,1.13045,0.20587,1.33632,3.84442,3.22846,0.09391,0.023,50.7,NA,42.9,NA,0,NA,1.16981,0.84057,1.96017,0.72315,0.57101,3.25434,2.88703,2.96298,1.33547,0.2432,4.54165,3.81398,2024-11-07,4,4,0,24,1,0,24,2023-12-21,12,10,2,254,1,0,254,81.5,NA,2,206908,1,3,"2600 PARK AVE,HOT SPRINGS,AR,71901",34.5511,-93.014,NA,2026-06-01
045464,AMBERWOOD HEALTH AND REHABILITATION,6420 ALCOA ROAD,BENTON,AR,72015,5017785401,620,Saline,Y,For profit - Corporation,101,92.1,NA,Medicare and Medicaid,N,SALCO NC 2 INC,2017-10-03,ANTHONY & BRYAN ADAMS,36,38,3.9,3.5,3.1,4.4,N,NA,N,N,N,Resident,Yes,5,NA,5,NA,4,NA,5,NA,3,NA,2,NA,NA,NA,2.30718,1.12597,0.22881,1.35478,3.66196,3.19672,0.11879,0.02866,58.3,NA,50,NA,0,NA,1.4127,1.0151,2.36715,0.8733,0.68957,3.93002,3.48645,2.25701,1.10148,0.22383,3.58232,3.1272,2026-01-15,0,0,0,0,0,0,0,2024-11-14,4,4,0,32,1,0,32,8,NA,0,0,0,0,"6420 ALCOA ROAD,BENTON,AR,72015",34.5944,-92.535,NA,2026-06-01
045465,"APPLE CREEK HEALTH AND REHAB, LLC",1570 W CENTERTON BLVD,CENTERTON,AR,72719,4792244817,030,Benton,Y,For profit - Limited Liability company,114,101.5,NA,Medicare and Medicaid,N,"APPLE CREEK HEALTH AND REHAB, LLC",2017-09-12,CENTRAL ARKANSAS NURSING CENTERS,129,39,3.7,3.2,3.5,4.3,N,NA,N,N,N,Resident,Yes,3,NA,3,NA,2,NA,4,NA,1,NA,3,NA,NA,NA,3.3184,1.14582,0.17924,1.32506,4.64346,3.95432,0.08122,0.02155,57.7,NA,50,NA,0,NA,1.22526,0.88041,2.05307,0.75743,0.59808,3.40858,3.02387,3.74284,1.29238,0.20217,5.23738,4.4601,2025-01-09,3,3,0,16,1,0,16,2023-12-01,6,4,2,99,1,0,99,36.75,NA,1,8410,0,1,"1570 W CENTERTON BLVD,CENTERTON,AR,72719",36.3589,-94.308,NA,2026-06-01
045466,THE GREEN HOUSE COTTAGES OF POPLAR GROVE,7801 KANIS RD,LITTLE ROCK,AR,72204,5014040500,590,Pulaski,Y,For profit - Limited Liability company,140,111.4,NA,Medicare and Medicaid,N,"POPLAR GROVE OPERATIONS, LLC",2018-12-19,SOUTHERN ADMINISTRATIVE SERVICES,480,35,3.7,3.2,3.9,4.5,N,NA,N,N,N,Resident,Yes,3,NA,3,NA,4,NA,4,NA,3,NA,4,NA,NA,NA,3.89617,1.07248,0.30789,1.38038,5.27655,4.76184,0.22285,0.09193,50.9,NA,36.4,NA,1,NA,1.21141,0.87047,2.02988,0.74887,0.59132,3.37007,2.9897,4.44472,1.22348,0.35124,6.01945,5.43227,2026-03-26,0,0,0,0,0,0,0,2024-10-04,15,6,9,112,1,0,112,28,NA,0,0,0,0,"7801 KANIS RD,LITTLE ROCK,AR,72204",34.7411,-92.361,NA,2026-06-01
045467,"SUPERIOR HEALTH & REHAB, LLC",625 TOMMY LEWIS DR,CONWAY,AR,72033,5015856800,220,Faulkner,Y,For profit - Limited Liability company,118,99.2,NA,Medicare and Medicaid,N,SUPERIOR HEALTH & REHAB LLC,2019-06-11,CENTRAL ARKANSAS NURSING CENTERS,129,39,3.7,3.2,3.5,4.3,N,NA,N,N,N,Both,Yes,5,NA,5,NA,5,NA,5,NA,4,NA,3,NA,NA,NA,2.56931,1.08318,0.35825,1.44143,4.01074,3.54315,0.24434,0.04966,50,NA,44.4,NA,0,NA,1.31346,0.94379,2.20087,0.81196,0.64113,3.65396,3.24155,2.70332,1.13968,0.37694,4.21994,3.72796,2025-08-14,2,2,0,4,1,0,4,2024-05-03,4,4,0,28,1,0,28,10,NA,0,0,0,0,"625 TOMMY LEWIS DR,CONWAY,AR,72033",35.0619,-92.42,NA,2026-06-01
045470,THE BLOSSOMS AT PRESCOTT REHAB & NURSING CENTER,700 MANOR RD,PRESCOTT,AR,71857,8704551086,490,Nevada,N,For profit - Limited Liability company,111,54.3,NA,Medicare and Medicaid,N,MANOR ROAD OPERATING LLC,2020-03-27,THE BLOSSOMS REHAB & NURSING CENTER,505,24,2.6,2.6,2.3,3,N,NA,N,N,N,Resident,Yes,5,NA,5,NA,5,NA,5,NA,NA,2,3,NA,NA,NA,2.10003,0.93925,0.36614,1.30539,3.40542,3.15412,0.18324,0.00641,54.2,NA,75,NA,0,NA,1.0816,0.77719,1.81236,0.66862,0.52796,3.00894,2.66933,2.68323,1.20009,0.46782,4.35114,4.03005,2026-04-16,1,0,1,4,0,0,4,2024-10-31,5,4,1,32,1,0,32,11,NA,0,0,0,0,"700 MANOR RD,PRESCOTT,AR,71857",33.7876,-93.38,NA,2026-06-01
045471,HIRAM SHADDOX HEALTH AND REHAB,1100 PINETREE LANE,MOUNTAIN HOME,AR,72653,8702320320,020,Baxter,N,For profit - Corporation,140,67.6,NA,Medicare and Medicaid,N,MHPNC INC,2020-01-29,ANTHONY & BRYAN ADAMS,36,38,3.9,3.5,3.1,4.4,N,NA,N,N,N,Resident,Yes,5,NA,4,NA,5,NA,5,NA,3,NA,3,NA,NA,NA,2.11129,1.03569,0.43592,1.47161,3.5829,2.85704,0.33882,0.01456,62.8,NA,36.4,NA,0,NA,1.22154,0.87774,2.04684,0.75513,0.59626,3.39824,3.01469,2.38858,1.17172,0.49317,4.05346,3.23228,2025-05-15,2,2,0,16,1,0,16,2024-02-23,4,4,0,24,1,0,24,18,NA,0,0,0,0,"1100 PINETREE LANE,MOUNTAIN HOME,AR,72653",36.3298,-92.397,NA,2026-06-01
045474,THE GREEN HOUSE COTTAGES OF NORTHWEST ARKANSAS,1303 NE LEGACY PARKWAY,BENTONVILLE,AR,72712,4792712387,030,Benton,Y,For profit - Limited Liability company,72,65.7,NA,Medicare and Medicaid,N,"THE GREEN HOUSE COTTAGES OF NORTHWEST ARKANSAS, LLC",2023-05-04,SOUTHERN ADMINISTRATIVE SERVICES,480,35,3.7,3.2,3.9,4.5,N,NA,N,N,N,Resident,Yes,5,NA,5,NA,4,NA,4,NA,4,NA,5,NA,NA,NA,3.61964,0.75009,0.92839,1.67848,5.29812,4.88604,0.68951,0.08146,51.8,NA,33.3,NA,0,NA,1.05547,0.75841,1.76857,0.65247,0.5152,2.93623,2.60483,4.73937,0.98213,1.21559,6.93708,6.39752,2025-09-25,1,1,0,4,1,0,4,2024-05-24,5,5,0,44,1,0,44,14,NA,1,705,0,1,"1303 NE LEGACY PARKWAY,BENTONVILLE,AR,72712",36.3803,-94.193,NA,2026-06-01
045475,COUNTRYSIDE HEALTH & REHAB OF NEWTON COUNTY,610 EAST COURT STREET,JASPER,AR,72641,8704462333,500,Newton,N,For profit - Limited Liability company,70,43.2,NA,Medicare and Medicaid,N,B & H OPERATIONS LLC,2023-11-01,NA,NA,NA,NA,NA,NA,NA,N,NA,N,N,N,Resident,Yes,2,NA,2,NA,2,NA,2,NA,2,NA,3,NA,NA,NA,3.16277,0.85775,0.59002,1.44777,4.61054,3.91021,0.33425,0.00751,NA,26,NA,26,NA,26,1.11802,0.80335,1.87338,0.69114,0.54573,3.11024,2.7592,3.90947,1.06026,0.72932,5.69906,4.83339,2024-11-15,7,7,0,60,1,0,60,2023-10-06,7,7,0,56,1,0,56,59,NA,0,0,0,0,"610 EAST COURT STREET,JASPER,AR,72641",36.0085,-93.185,NA,2026-06-01
045476,"HAMPTON PLACE HEALTHCARE, LLC",2029 SOUTH HAMPTON PLACE,ROGERS,AR,72758,4792500289,030,Benton,Y,For profit - Limited Liability company,140,125.5,NA,Medicare and Medicaid,N,HAMPTON PLACE HEALTHCARE LLC,2023-10-19,CENTRAL ARKANSAS NURSING CENTERS,129,39,3.7,3.2,3.5,4.3,N,NA,N,N,N,Both,Yes,5,NA,5,NA,5,NA,5,NA,5,NA,4,NA,NA,NA,3.02812,0.87209,0.32392,1.196,4.22413,3.74079,0.20032,0.00662,60.2,NA,42.9,NA,0,NA,1.11843,0.80365,1.87407,0.69139,0.54593,3.11139,2.76022,3.74166,1.07758,0.40024,5.21949,4.62226,2024-12-12,3,3,0,20,1,0,20,2023-10-19,0,0,0,0,0,0,0,15,NA,0,0,0,0,"2029 SOUTH HAMPTON PLACE,ROGERS,AR,72758",36.3106,-94.167,NA,2026-06-01
045477,"Monette Manor, LLC",669 Hwy 139 North,Monette,AR,72447,8704865419,150,Craighead,Y,For profit - Limited Liability company,86,78.6,NA,Medicare and Medicaid,N,"MONETTE MANOR, LLC",2023-09-28,NA,NA,NA,NA,NA,NA,NA,N,NA,N,N,N,Both,Yes,1,NA,2,NA,1,NA,2,NA,1,NA,2,NA,NA,NA,3.17186,0.62706,0.30479,0.93185,4.10371,3.65421,0.13437,0.02108,NA,26,NA,26,NA,26,1.23532,0.88764,2.06993,0.76365,0.60299,3.43657,3.0487,3.54841,0.7015,0.34098,4.59089,4.08803,2024-09-26,12,11,1,76,1,0,76,2023-09-28,0,0,0,0,0,0,0,57,NA,6,24309,0,6,"669 Hwy 139 North,Monette,AR,72447",35.9121,-90.342,NA,2026-06-01
045479,"Brooken Hill Health And Rehab, Llc",9000 HWY 71 SOUTH,FORT SMITH,AR,72908,4794092450,650,Sebastian,Y,For profit - Limited Liability company,125,94.6,NA,Medicare and Medicaid,N,"BROOKEN HILL HEALTH AND REHAB, LLC",2024-09-17,CENTRAL ARKANSAS NURSING CENTERS,129,39,3.7,3.2,3.5,4.3,N,NA,N,N,N,Resident,Yes,3,NA,3,NA,3,NA,5,NA,2,NA,4,NA,NA,NA,4.33739,1.6167,0.30451,1.92121,6.25859,5.04179,0.10987,0.03037,NA,27,NA,27,NA,27,1.2377,0.88936,2.07393,0.76512,0.60415,3.44321,3.05458,4.84296,1.80514,0.34001,6.9881,5.62946,2026-04-23,9,8,3,40,0,0,40,2024-09-17,0,0,0,0,0,0,0,30,NA,0,0,0,0,"9000 HWY 71 SOUTH,FORT SMITH,AR,72908",35.2985,-94.389,NA,2026-06-01
04A293,Arkansas Health Center,6701 HWY 67,BENTON,AR,72015,5018600500,620,Saline,Y,Government - State,290,148.7,NA,Medicaid,N,Legal Business Name Not Available,2003-12-01,NA,NA,NA,NA,NA,NA,NA,N,NA,N,N,N,Resident,Yes,5,NA,5,NA,3,NA,3,NA,NA,2,5,NA,NA,NA,3.9899,1.08947,1.3039,2.39336,6.38326,5.33288,0.81663,0.03197,38.4,NA,17.5,NA,0,NA,1.11925,0.80424,1.87544,0.6919,0.54633,3.11368,2.76225,4.92645,1.3452,1.60996,7.88161,6.58467,2025-05-15,0,0,0,0,0,0,0,2024-03-01,6,6,0,52,1,0,52,13,NA,0,0,0,0,"6701 HWY 67,BENTON,AR,72015",34.5448,-92.631,NA,2026-06-01
04E262,"MURFREESBORO REHAB AND NURSING, INC",110 W 13TH STREET,MURFREESBORO,AR,71958,8702852186,540,Pike,N,For profit - Corporation,66,19.3,NA,Medicaid,N,Legal Business Name Not Available,2007-01-01,NA,NA,NA,NA,NA,NA,NA,N,NA,N,N,N,Resident,Yes,2,NA,3,NA,1,NA,1,NA,NA,2,3,NA,NA,NA,4.41179,2.19421,0.79935,2.99356,7.40535,6.0506,0.89263,0,NA,26,NA,26,NA,26,1.19508,0.85873,2.00251,0.73878,0.58335,3.32463,2.94939,5.10173,2.53734,0.92436,8.56343,6.99682,2026-01-08,3,1,2,24,1,0,24,2024-08-22,6,6,0,40,1,0,40,28,NA,0,0,0,0,"110 W 13TH STREET,MURFREESBORO,AR,71958",34.0706,-93.69,NA,2026-06-01
