cms_certification_number_ccn,provider_name,provider_address,city_town,state,zip_code,telephone_number,provider_ssa_county_code,county_parish,urban,ownership_type,number_of_certified_beds,average_number_of_residents_per_day,average_number_of_residents_per_day_footnote,provider_type,provider_resides_in_hospital,legal_business_name,date_first_approved_to_provide_medicare_and_medicaid_services,chain_name,chain_id,number_of_facilities_in_chain,chain_average_overall_5_star_rating,chain_average_health_inspection_rating,chain_average_staffing_rating,chain_average_qm_rating,continuing_care_retirement_community,special_focus_status,abuse_icon,most_recent_health_inspection_more_than_2_years_ago,provider_changed_ownership_in_last_12_months,with_a_resident_and_family_council,automatic_sprinkler_systems_in_all_required_areas,overall_rating,overall_rating_footnote,health_inspection_rating,health_inspection_rating_footnote,qm_rating,qm_rating_footnote,long_stay_qm_rating,long_stay_qm_rating_footnote,short_stay_qm_rating,short_stay_qm_rating_footnote,staffing_rating,staffing_rating_footnote,reported_staffing_footnote,physical_therapist_staffing_footnote,reported_nurse_aide_staffing_hours_per_resident_per_day,reported_lpn_staffing_hours_per_resident_per_day,reported_rn_staffing_hours_per_resident_per_day,reported_licensed_staffing_hours_per_resident_per_day,reported_total_nurse_staffing_hours_per_resident_per_day,total_number_of_nurse_staff_hours_per_resident_per_day_on_the_weekend,registered_nurse_hours_per_resident_per_day_on_the_weekend,reported_physical_therapist_staffing_hours_per_resident_per_day,total_nursing_staff_turnover,total_nursing_staff_turnover_footnote,registered_nurse_turnover,registered_nurse_turnover_footnote,number_of_administrators_who_have_left_the_nursing_home,administrator_turnover_footnote,nursing_case_mix_index,nursing_case_mix_index_ratio,case_mix_nurse_aide_staffing_hours_per_resident_per_day,case_mix_lpn_staffing_hours_per_resident_per_day,case_mix_rn_staffing_hours_per_resident_per_day,case_mix_total_nurse_staffing_hours_per_resident_per_day,case_mix_weekend_total_nurse_staffing_hours_per_resident_per_day,adjusted_nurse_aide_staffing_hours_per_resident_per_day,adjusted_lpn_staffing_hours_per_resident_per_day,adjusted_rn_staffing_hours_per_resident_per_day,adjusted_total_nurse_staffing_hours_per_resident_per_day,adjusted_weekend_total_nurse_staffing_hours_per_resident_per_day,rating_cycle_1_standard_survey_health_date,rating_cycle_1_total_number_of_health_deficiencies,rating_cycle_1_number_of_standard_health_deficiencies,rating_cycle_1_number_of_complaint_health_deficiencies,rating_cycle_1_health_deficiency_score,rating_cycle_1_number_of_health_revisits,rating_cycle_1_health_revisit_score,rating_cycle_1_total_health_score,rating_cycle_2_standard_health_survey_date,rating_cycle_2_3_total_number_of_health_deficiencies,rating_cycle_2_number_of_standard_health_deficiencies,rating_cycle_2_3_number_of_complaint_health_deficiencies,rating_cycle_2_3_health_deficiency_score,rating_cycle_2_3_number_of_health_revisits,rating_cycle_2_3_health_revisit_score,rating_cycle_2_3_total_health_score,total_weighted_health_survey_score,number_of_citations_from_infection_control_inspections,number_of_fines,total_amount_of_fines_in_dollars,number_of_payment_denials,total_number_of_penalties,location,latitude,longitude,geocoding_footnote,processing_date
115002,A.G. RHODES HOME WESLEY WOODS,"1819 CLIFTON ROAD, N.E.",ATLANTA,GA,30329,4043150900,370,De Kalb,Y,Non profit - Corporation,150,126.2,NA,Medicare and Medicaid,N,A. G. RHODES HOME INC. AT WESLEY WOODS,1967-01-01,NA,NA,NA,NA,NA,NA,NA,N,NA,N,N,N,Resident,Yes,4,NA,3,NA,5,NA,4,NA,5,NA,4,NA,NA,NA,2.8487,1.26627,0.52431,1.79058,4.63928,4.15015,0.30588,0.09819,37.1,NA,26.3,NA,0,NA,1.45677,1.04676,2.44099,0.90054,0.71108,4.05262,3.59521,2.70244,1.20125,0.4974,4.4011,3.93708,2025-09-11,5,5,0,20,1,0,20,2024-04-07,4,4,0,44,1,0,44,26,NA,1,8018,1,2,"1819 CLIFTON ROAD, N.E.,ATLANTA,GA,30329",33.8252,-84.32,22,2026-06-01
115004,MAGNOLIA MANOR METHODIST NSG C,2001 SOUTH LEE STREET,AMERICUS,GA,31709,2299249352,870,Sumter,N,Non profit - Corporation,238,154.4,NA,Medicare and Medicaid,N,MAGNOLIA MANOR INC,1967-01-01,MAGNOLIA MANOR SENIOR LIVING,329,5,2.8,2.6,3.8,3.8,N,NA,N,N,N,Resident,Yes,3,NA,3,NA,4,NA,4,NA,3,NA,4,NA,NA,NA,2.33965,1.21438,0.42409,1.63846,3.97811,3.21656,0.2112,0.05403,42.1,NA,18.8,NA,0,NA,1.31073,0.94183,2.1963,0.81027,0.6398,3.64637,3.23482,2.46681,1.28038,0.44714,4.19432,3.39138,2025-03-14,5,3,2,44,1,0,44,2023-12-07,5,5,4,24,1,0,24,39,NA,0,0,0,0,"2001 SOUTH LEE STREET,AMERICUS,GA,31709",32.0463,-84.223,NA,2026-06-01
115005,PARK PLACE NURSING FACILITY,1865 BOLD SPRINGS ROAD,MONROE,GA,30655,7702678677,930,Walton,Y,For profit - Limited Liability company,175,158.7,NA,Medicare and Medicaid,N,MONROE NURSING HOME INC,1993-11-11,MICHAEL FEIST,769,7,3.7,3.4,2.4,4.3,N,NA,N,N,N,Resident,Yes,4,NA,4,NA,3,NA,3,NA,3,NA,2,NA,NA,NA,2.7208,1.18221,0.49665,1.67886,4.39966,3.80211,0.44562,0.16498,44.1,NA,75,NA,0,NA,1.64174,1.17967,2.75093,1.01489,0.80137,4.56719,4.05171,2.2903,0.99515,0.41807,3.70352,3.20053,2025-04-10,4,4,0,16,1,0,16,2023-01-20,5,3,2,12,1,0,12,15,0,0,0,0,0,"1865 BOLD SPRINGS ROAD,MONROE,GA,30655",33.8005,-83.709,NA,2026-06-01
115012,HARBORVIEW DECATUR,2787 NORTH DECATUR ROAD,DECATUR,GA,30033,4042920626,370,De Kalb,Y,For profit - Limited Liability company,73,69.8,NA,Medicare and Medicaid,N,"HARBORVIEW DECATUR, LLC",1976-09-01,HARBORVIEW HEALTH SYSTEMS,246,22,2,2.1,2.3,2.3,N,NA,N,N,N,Resident,Yes,2,NA,3,NA,1,NA,1,NA,2,NA,3,NA,NA,NA,2.02188,0.84488,1.21784,2.06272,4.08461,4.55394,2.25319,0.12514,70.5,NA,85.7,NA,0,NA,1.64125,1.17933,2.75012,1.01459,0.80113,4.56584,4.05052,1.70247,0.71141,1.02545,3.43934,3.83453,2025-05-07,10,10,2,40,1,0,40,2023-06-08,3,3,3,16,1,0,16,34,NA,2,6292,0,2,"2787 NORTH DECATUR ROAD,DECATUR,GA,30033",33.7932,-84.279,NA,2026-06-01
115020,"BELL MINOR HOME, THE",2200 OLD HAMILTON PLACE NE,GAINESVILLE,GA,30507,7705322066,550,Hall,Y,For profit - Partnership,104,99.3,NA,Medicare and Medicaid,N,HAMILTON MILL ASSOCIATES LP,1967-01-01,WELLINGTON HEALTH CARE SERVICES,559,14,1.8,2,1.8,2.2,N,SFF Candidate,Y,N,N,Resident,Yes,1,NA,1,NA,2,NA,4,NA,1,NA,1,NA,NA,NA,1.83083,1.04827,0.26772,1.31599,3.14682,2.62158,0.18001,0.10092,80.2,NA,100,NA,0,NA,1.45224,1.04351,2.43342,0.89775,0.70888,4.04004,3.58406,1.74224,0.99754,0.25477,2.99455,2.49473,2025-03-30,20,20,20,401,1,0,401,2023-11-16,10,9,1,68,1,0,68,317.75,0,2,74979,0,2,"2200 OLD HAMILTON PLACE NE,GAINESVILLE,GA,30507",34.3195,-83.786,NA,2026-06-01
115022,"WILLIAM BREMAN JEWISH HOME, THE",3150 HOWELL MILL ROAD N.W.,ATLANTA,GA,30327,4043518410,470,Fulton,Y,Non profit - Corporation,96,86.7,NA,Medicare and Medicaid,N,"THE WILLIAM BREMAN JEWISH HOME, INC",1967-01-01,NA,NA,NA,NA,NA,NA,NA,N,NA,N,N,N,Resident,Yes,5,NA,4,NA,5,NA,5,NA,5,NA,4,NA,NA,NA,2.7856900000000002,0.72384,0.63541,1.35925,4.14494,3.57959,0.32308,0.14348,42.9,NA,40,NA,1,NA,1.31072,0.94182,2.19627,0.81026,0.63979,3.64632,3.23477,2.93713,0.76319,0.66995,4.37028,3.7742,2024-12-12,3,3,3,24,1,0,24,2022-07-31,3,3,0,24,1,0,24,24,0,0,0,0,0,"3150 HOWELL MILL ROAD N.W.,ATLANTA,GA,30327",33.8659,-84.425,22,2026-06-01
115025,GLENWOOD HEALTH CENTER BY HARBORVIEW,4115 GLENWOOD RD,DECATUR,GA,30032,4042846414,370,De Kalb,Y,For profit - Limited Liability company,225,201.7,NA,Medicare and Medicaid,N,"GLENWOOD HEALTH CENTER BY HARBORVIEW, LLC",1967-02-17,HARBORVIEW HEALTH SYSTEMS,246,22,2,2.1,2.3,2.3,N,NA,N,N,N,Resident,Yes,1,NA,1,NA,1,20,1,20,NA,20,1,NA,NA,NA,1.6944,0.91294,0.46815,1.3811,3.0755,2.84076,0.4979,0.02649,64.9,NA,81.8,NA,2,NA,1.60321,1.15199,2.68638,0.99107,0.78256,4.46001,3.95663,1.46058,0.78696,0.40355,2.65109,2.44875,2026-01-03,10,2,8,72,1,0,72,2024-10-11,20,16,20,295,1,0,295,127.75,NA,2,13043,2,4,"4115 GLENWOOD RD,DECATUR,GA,30032",33.7379,-84.25,NA,2026-06-01
115039,MILLER NURSING HOME,206 GRACE ST,COLQUITT,GA,39837,2297584270,741,Miller,N,Government - Hospital district,157,151.8,NA,Medicare and Medicaid,Y,THE HOSPITAL AUTHORITY OF MILLER COUNTY,1967-02-10,NA,NA,NA,NA,NA,NA,NA,N,NA,N,N,N,Both,Yes,5,NA,4,NA,5,NA,5,NA,NA,2,2,NA,NA,NA,2.52878,1.65268,1.15109,2.80377,5.33255,4.65878,0.81454,0.0151,33.3,NA,35.4,NA,0,NA,2.76135,1.98417,4.62698,1.70701,1.34788,7.68187,6.81485,1.26558,0.82712,0.57609,2.66879,2.33158,2025-02-07,3,3,0,20,1,0,20,2022-08-04,0,0,0,0,0,0,0,15,NA,0,0,0,0,"206 GRACE ST,COLQUITT,GA,39837",31.1749,-84.736,NA,2026-06-01
115040,"CENTER FOR ADVANCED REHAB AT PARKSIDE, THE",110 PARK CITY ROAD,ROSSVILLE,GA,30741,7068585000,200,Catoosa,Y,For profit - Limited Liability company,125,121.3,NA,Medicare and Medicaid,N,PARKSIDE OPERATION LLC,1967-01-31,EPHRAM LAHASKY,205,23,1.8,1.9,2,2.8,N,NA,N,N,N,Resident,Yes,3,NA,3,NA,4,NA,3,NA,5,NA,2,NA,NA,NA,2.59408,1.18713,0.60978,1.79691,4.39099,3.51417,0.48222,0.08089,45.7,NA,45,NA,2,NA,1.6172,1.16204,2.70981,0.99972,0.78939,4.49893,3.99115,2.21677,1.01446,0.52108,3.75232,3.00303,2025-03-13,7,6,7,40,1,0,40,2022-11-10,1,1,0,8,1,0,8,32,0,0,0,0,0,"110 PARK CITY ROAD,ROSSVILLE,GA,30741",34.9426,-85.266,NA,2026-06-01
115044,AZALEA HEALTH CENTER BY HARBORVIEW,1600 ANTHONY ROAD,AUGUSTA,GA,30904,7067383301,840,Richmond,Y,For profit - Limited Liability company,99,89.8,NA,Medicare and Medicaid,N,"AZALEA HEALTH CENTER BY HARBORVIEW, LLC",1969-03-01,HARBORVIEW HEALTH SYSTEMS,246,22,2,2.1,2.3,2.3,N,NA,N,N,N,Resident,Yes,1,NA,2,NA,1,NA,4,NA,1,NA,1,NA,NA,NA,2.00381,0.68115,0.91734,1.59849,3.60231,3.2809,0.96502,0.07754,58.5,NA,78.9,NA,1,NA,1.73823,1.24901,2.91261,1.07454,0.84847,4.83562,4.28984,1.59313,0.54155,0.72933,2.86401,2.60848,2025-03-16,10,7,10,64,1,0,64,2023-04-20,3,3,0,12,1,0,12,51,NA,0,0,0,0,"1600 ANTHONY ROAD,AUGUSTA,GA,30904",33.4663,-82.019,NA,2026-06-01
115045,MAGNOLIA MANOR OF COLUMBUS NURSING CENTER - WEST,2000 WARM SPRINGS RD,COLUMBUS,GA,31904,7063242251,780,Muscogee,Y,Non profit - Corporation,166,90.6,NA,Medicare and Medicaid,N,MAGNOLIA MANOR OF COLUMBUS INC,1967-04-06,MAGNOLIA MANOR SENIOR LIVING,329,5,2.8,2.6,3.8,3.8,N,NA,N,N,N,Resident,Yes,2,NA,2,NA,4,NA,4,NA,NA,2,3,NA,NA,NA,2.42305,1.37969,0.46448,1.84416,4.26722,3.67328,0.17446,0.00765,57.9,NA,37.5,NA,0,NA,1.46853,1.05521,2.4607,0.90781,0.71682,4.08534,3.62424,2.28024,1.29837,0.4371,4.01571,3.45678,2025-12-18,0,0,0,0,0,0,0,2024-09-06,4,4,4,275,1,0,275,68.75,NA,1,34431,0,1,"2000 WARM SPRINGS RD,COLUMBUS,GA,31904",32.4963,-84.964,NA,2026-06-01
115090,Brown Health and Rehabilitation,545 COOK STREET,ROYSTON,GA,30662,7062451900,462,Franklin,N,Non profit - Other,144,93.2,NA,Medicare and Medicaid,N,"FRANKLIN COUNTY HEALTH & REHABILITATION, LLC",1968-12-04,ETHICA HEALTH,834,50,3.6,3.6,3,3.1,N,NA,N,N,N,Resident,Yes,4,NA,4,NA,2,NA,4,NA,1,NA,2,NA,NA,NA,2.43843,0.49801,0.42416,0.92217,3.3606,2.92217,0.2134,0.01602,50,NA,41.7,NA,1,NA,1.40248,1.00776,2.35003,0.86699,0.68459,3.90161,3.46125,2.40277,0.49073,0.41795,3.31145,2.8794400000000002,2025-09-11,2,2,2,8,1,0,8,2024-04-05,6,6,1,28,1,0,28,13,NA,0,0,0,0,"545 COOK STREET,ROYSTON,GA,30662",34.2839,-83.119,NA,2026-06-01
115099,NEW HORIZONS HABERSHAM,105 HABERSHAM TERRACE GARDENS,DEMOREST,GA,30535,7067542134,540,Habersham,N,Non profit - Corporation,84,61.8,NA,Medicare and Medicaid,Y,NORTHEAST GEORGIA MEDICAL CENTER HABERSHAM LLC,1969-03-06,NA,NA,NA,NA,NA,NA,NA,N,NA,N,N,N,Resident,Yes,3,NA,3,NA,4,NA,3,NA,5,NA,4,NA,NA,NA,1.88452,1.04156,0.60646,1.64802,3.53254,3.12695,0.40421,0.1752,30.9,NA,14.3,NA,0,NA,1.23938,0.89056,2.07674,0.76616,0.60497,3.44787,3.05872,2.10134,1.16139,0.67624,3.93896,3.48671,2024-12-12,5,5,0,24,1,0,24,2022-08-28,8,8,0,56,1,0,56,32,0,0,0,0,0,"105 HABERSHAM TERRACE GARDENS,DEMOREST,GA,30535",34.5896,-83.579,22,2026-06-01
115104,NHC HEALTHCARE ROSSVILLE,1425 MCFARLAND AVE,ROSSVILLE,GA,30741,7068610863,921,Walker,Y,For profit - Corporation,112,89.6,NA,Medicare and Medicaid,N,NHC HEALTHCARE-ROSSVILLE LLC,1969-06-09,NATIONAL HEALTHCARE CORPORATION,364,69,3.9,3.4,3.3,4.5,N,NA,N,N,N,Resident,Yes,2,NA,1,NA,5,NA,5,NA,5,NA,3,NA,NA,NA,1.82575,0.582,0.70278,1.28478,3.11053,2.73256,0.45963,0.02754,47.4,NA,26.7,NA,0,NA,1.26615,0.9098,2.12159,0.78271,0.61804,3.52234,3.12479,1.99277,0.63524,0.76707,3.39508,2.98252,2025-09-04,0,0,0,0,0,0,0,2024-03-08,10,10,10,669,1,0,669,167.25,NA,1,57077,0,1,"1425 MCFARLAND AVE,ROSSVILLE,GA,30741",34.9673,-85.296,NA,2026-06-01
115106,EFFINGHAM CARE & REHABILITATION CENTER,459 HIGHWAY 119 SOUTH,SPRINGFIELD,GA,31329,9127546451,421,Effingham,Y,Non profit - Corporation,105,87,NA,Medicare and Medicaid,Y,EFFINGHAM HOSPITAL INC,1969-08-25,NA,NA,NA,NA,NA,NA,NA,N,NA,N,N,N,Both,Yes,4,NA,4,NA,2,NA,4,NA,1,NA,4,NA,NA,NA,1.98585,0.95216,0.62911,1.58127,3.56712,3.36807,0.54845,0.01054,48.8,NA,58.8,NA,0,NA,1.25962,0.90511,2.11066,0.77867,0.61485,3.50418,3.10868,2.17873,1.04465,0.69022,3.9136,3.69522,2026-02-12,5,5,0,32,1,0,32,2024-12-19,0,0,0,0,0,0,0,24,NA,0,0,0,0,"459 HIGHWAY 119 SOUTH,SPRINGFIELD,GA,31329",32.3962,-81.288,NA,2026-06-01
115110,BUCKHEAD CENTER FOR NURSING AND HEALING,54 PEACHTREE PARK DRIVE N.E.,ATLANTA,GA,30309,4043516041,470,Fulton,Y,For profit - Limited Liability company,179,145,NA,Medicare and Medicaid,N,ATLANTA GA OPCO LLC,1976-06-01,EMPIRE CARE CENTERS,202,19,1.8,2.2,1.4,3.2,N,NA,N,N,N,Resident,Yes,1,NA,1,NA,2,NA,2,NA,3,NA,1,NA,NA,NA,1.70276,0.91841,0.34671,1.26512,2.96788,2.52659,0.13468,0.07078,75.2,NA,50,NA,0,NA,1.47461,1.05958,2.47089,0.91157,0.71979,4.10226,3.63925,1.59579,0.86071,0.32493,2.78144,2.36787,2025-09-25,11,9,5,68,1,0,68,2024-07-25,27,5,22,395,1,0,395,149.75,20,4,29354,1,5,"54 PEACHTREE PARK DRIVE N.E.,ATLANTA,GA,30309",33.788,-84.386,22,2026-06-01
115115,"TOWER ROAD POST ACUTE, LLC",26 TOWER RD,MARIETTA,GA,30060,7704228913,290,Cobb,Y,For profit - Limited Liability company,138,111.7,NA,Medicare and Medicaid,N,TOWER ROAD POST ACUTE LLC,1970-01-19,ELEVATION HEALTHCARE,686,5,1.2,2.2,1,2.6,N,NA,N,N,N,Resident,Yes,1,NA,2,NA,4,NA,4,NA,4,NA,1,NA,NA,NA,1.84352,1.40999,0.27846,1.68846,3.53197,3.06527,0.2141,0.08243,61.6,NA,66.7,NA,NA,26,1.56514,1.12464,2.62259,0.96754,0.76398,4.35411,3.86268,1.62777,1.24498,0.24587,3.11863,2.70654,2026-01-08,8,6,3,44,2,22,66,2024-09-19,20,20,20,88,1,0,88,71.5,NA,0,0,0,0,"26 TOWER RD,MARIETTA,GA,30060",33.9703,-84.551,NA,2026-06-01
115120,SAVANNAH POST ACUTE LLC,815 EAST 63 STREET,SAVANNAH,GA,31405,9123528615,220,Chatham,Y,For profit - Limited Liability company,120,110.6,NA,Medicare and Medicaid,N,SAVANNAH POST ACUTE LLC,1972-03-31,ELEVATION HEALTHCARE,686,5,1.2,2.2,1,2.6,N,NA,N,N,N,Resident,Yes,1,NA,2,NA,2,NA,4,NA,1,NA,1,NA,NA,NA,1.83823,1.22791,0.28868,1.51659,3.35482,2.73184,0.21326,0.04781,64.9,NA,66.7,NA,NA,26,1.73946,1.2499,2.91469,1.0753,0.84907,4.83906,4.29289,1.46045,0.97555,0.22935,2.66535,2.1704,2025-05-15,12,10,12,52,1,0,52,2024-04-12,20,18,20,168,1,0,168,81,NA,1,5446,0,1,"815 EAST 63 STREET,SAVANNAH,GA,31405",32.0431,-81.132,22,2026-06-01
115124,MAGNOLIA MANOR OF COLUMBUS NURSING CENTER - EAST,2010 WARM SPRINGS RD,COLUMBUS,GA,31904,7063240387,780,Muscogee,Y,Non profit - Corporation,210,84.9,NA,Medicare and Medicaid,N,MAGNOLIA MANOR OF COLUMBUS INC,1971-01-05,MAGNOLIA MANOR SENIOR LIVING,329,5,2.8,2.6,3.8,3.8,N,NA,N,N,N,None,Yes,2,NA,2,NA,4,NA,4,NA,NA,2,4,NA,NA,NA,2.21178,1.37172,0.53043,1.90214,4.11393,3.55913,0.44442,0.00693,40.6,NA,46.2,NA,0,NA,1.31449,0.94453,2.20258,0.81259,0.64163,3.65681,3.24408,2.32534,1.44214,0.55766,4.32514,3.74186,2025-11-21,6,2,4,72,1,0,72,2024-07-14,8,4,4,36,1,0,36,63,4,0,0,0,0,"2010 WARM SPRINGS RD,COLUMBUS,GA,31904",32.497,-84.963,NA,2026-06-01
115129,NURSE CARE OF BUCKHEAD,2920 PHARR COURT SOUTH NW,ATLANTA,GA,30305,4042619043,470,Fulton,Y,For profit - Limited Liability company,220,207.6,NA,Medicare and Medicaid,N,PHARR COURT ASSOCIATES LP,1971-12-22,WELLINGTON HEALTH CARE SERVICES,559,14,1.8,2,1.8,2.2,N,SFF Candidate,N,N,N,Resident,Yes,1,NA,1,NA,1,NA,3,NA,1,NA,1,NA,NA,NA,2.40444,0.72323,0.28776,1.011,3.41543,2.95188,0.18898,0.0712,67.9,NA,78.9,NA,3,NA,1.3395,0.9625,2.2445,0.82805,0.65384,3.7264,3.30581,2.48068,0.74616,0.29689,3.52373,3.04548,2025-06-09,34,28,34,427,1,0,427,2023-09-07,43,13,43,288,1,0,288,392.25,23,5,277501,1,6,"2920 PHARR COURT SOUTH NW,ATLANTA,GA,30305",33.8354,-84.386,NA,2026-06-01
115132,ABERCORN REHABILITATION CENTER,11800 ABERCORN STREET,SAVANNAH,GA,31419,9129254402,220,Chatham,Y,For profit - Corporation,100,87.4,NA,Medicare and Medicaid,N,ABERCORN REHABILITATION CENTER LLC,1972-05-15,SOVEREIGN HEALTHCARE HOLDINGS,482,43,3.7,3.2,3,4.5,N,NA,N,N,N,Resident,Yes,1,NA,2,NA,4,NA,5,NA,2,NA,1,NA,NA,NA,2.04746,1.17957,0.27769,1.45726,3.50472,3.1333,0.1811,0.06503,55.1,NA,73.3,NA,1,NA,1.35585,0.97425,2.2719,0.83816,0.66182,3.77188,3.34616,2.08691,1.20229,0.28305,3.57225,3.19366,2026-02-26,6,6,0,40,1,0,40,2025-01-24,9,9,9,56,1,0,56,44,NA,1,10868,0,1,"11800 ABERCORN STREET,SAVANNAH,GA,31419",31.9829,-81.153,NA,2026-06-01
115138,NEWNAN HEALTH AND REHABILITATION,244 EAST BROAD STREET,NEWNAN,GA,30263,7702537160,320,Coweta,Y,Non profit - Other,104,85.6,NA,Medicare and Medicaid,N,NEWNAN NURSING AND REHABILITATION LLC,1973-09-20,ETHICA HEALTH,834,50,3.6,3.6,3,3.1,N,NA,N,N,N,Resident,Yes,2,NA,2,NA,4,NA,5,NA,2,NA,3,NA,NA,NA,2.54858,0.61982,0.38505,1.00487,3.55346,3.02958,0.24302,0.01957,42.3,NA,45.5,NA,0,NA,1.27074,0.9131,2.12929,0.78555,0.62028,3.53512,3.13612,2.77166,0.67408,0.41875,3.8645,3.29476,2026-02-12,3,3,0,24,1,0,24,2024-12-20,5,4,5,137,1,0,137,52.25,1,2,16801,0,2,"244 EAST BROAD STREET,NEWNAN,GA,30263",33.3734,-84.788,NA,2026-06-01
115144,RIVERDALE CENTER FOR NURSING AND HEALING,315 UPPER RIVERDALE ROAD,RIVERDALE,GA,30274,7709911050,280,Clayton,Y,For profit - Limited Liability company,152,133.1,NA,Medicare and Medicaid,N,RIVERDALE HEALTHCARE LLC,1980-10-01,EMPIRE CARE CENTERS,202,19,1.8,2.2,1.4,3.2,N,NA,N,N,N,Resident,Yes,2,NA,2,NA,3,NA,5,NA,1,NA,2,NA,NA,NA,1.97003,1.12859,0.43047,1.55907,3.5291,3.1056,0.35226,0.07384,53.5,NA,38.9,NA,0,NA,1.43038,1.0278,2.39678,0.88423,0.6982,3.97921,3.53009,1.90336,1.0904,0.4159,3.40967,3.0005,2026-03-15,7,7,2,40,1,0,40,2025-03-20,14,6,14,80,1,0,80,50,8,2,10050,1,3,"315 UPPER RIVERDALE ROAD,RIVERDALE,GA,30274",33.5741,-84.401,NA,2026-06-01
115145,ANDERSON MILL CENTER FOR NURSING AND HEALING LLC,2130 ANDERSON MILL RD,AUSTELL,GA,30106,7709418813,290,Cobb,Y,For profit - Limited Liability company,170,139.3,NA,Medicare and Medicaid,N,ANDERSON MILL CENTER FOR NURSING AND HEALING LLC,1976-03-01,EMPIRE CARE CENTERS,202,19,1.8,2.2,1.4,3.2,N,NA,N,N,N,Resident,Yes,3,NA,4,NA,4,NA,4,NA,3,NA,1,NA,NA,NA,1.74622,0.76927,0.58631,1.35558,3.10179,2.73596,0.31311,0.12216,56.2,NA,55.2,NA,0,NA,1.45548,1.04584,2.43884,0.89975,0.71046,4.04904,3.59204,1.65802,0.73042,0.55669,2.94514,2.59778,2025-05-02,4,3,1,16,1,0,16,2023-03-11,8,7,1,40,1,0,40,22,0,0,0,0,0,"2130 ANDERSON MILL RD,AUSTELL,GA,30106",33.8487,-84.616,NA,2026-06-01
115146,ORCHARD VIEW REHABILITATION & SKILLED NURSING CTR,8414 WHITESVILLE ROAD,COLUMBUS,GA,31907,7062251100,780,Muscogee,Y,Government - City/county,200,141.9,NA,Medicare and Medicaid,N,HOSPITAL AUTHORITY OF COLUMBUS GA,1976-01-01,NA,NA,NA,NA,NA,NA,NA,N,NA,N,N,N,Resident,Yes,2,NA,2,NA,2,NA,2,NA,1,NA,3,NA,NA,NA,2.996,1.45645,0.33177,1.78823,4.78422,4.16296,0.10778,0.02514,47.5,NA,38.5,NA,0,NA,1.30587,0.93834,2.18815,0.80726,0.63743,3.63284,3.22282,3.17059,1.54133,0.35111,5.06303,4.40556,2026-03-08,8,8,0,56,1,0,56,2025-06-08,2,2,2,8,1,0,8,44,NA,0,0,0,0,"8414 WHITESVILLE ROAD,COLUMBUS,GA,31907",32.5722,-84.969,NA,2026-06-01
115147,"PRUITTHEALTH - RICHMOND, LLC",1227 WEST WHEELER PARKWAY,AUGUSTA,GA,30909,7068631188,840,Richmond,Y,For profit - Limited Liability company,100,81.5,NA,Medicare and Medicaid,N,"PRUITTHEALTH - RICHMOND, LLC",1976-02-03,PRUITTHEALTH,434,99,2.8,2.8,2.5,3.7,N,NA,N,Y,N,Resident,Yes,1,NA,2,NA,3,NA,5,NA,1,NA,1,NA,NA,NA,1.99766,1.20763,0.386,1.59363,3.59129,3.12388,0.18712,0.07895,50.6,NA,40,NA,1,NA,1.57577,1.13227,2.6404,0.97411,0.76917,4.38367,3.88891,1.75198,1.05911,0.33852,3.14962,2.73969,2024-04-28,15,14,14,112,1,0,112,2022-07-28,2,2,0,8,1,0,8,86,0,0,0,0,0,"1227 WEST WHEELER PARKWAY,AUGUSTA,GA,30909",33.4799,-82.098,NA,2026-06-01
115206,MARIETTA CENTER FOR NURSING AND HEALING,811 KENNESAW AVENUE,MARIETTA,GA,30060,7704222451,290,Cobb,Y,For profit - Limited Liability company,154,131.1,NA,Medicare and Medicaid,N,MARIETTA GA OPCO LLC,1977-11-01,EMPIRE CARE CENTERS,202,19,1.8,2.2,1.4,3.2,N,NA,N,N,N,Resident,Yes,1,NA,2,NA,3,NA,4,NA,2,NA,1,NA,NA,NA,1.85063,1.24339,0.44211,1.68549,3.53612,3.18307,0.32504,0.09266,60.7,NA,63.6,NA,1,NA,1.55837,1.11977,2.61124,0.96335,0.76068,4.33527,3.84596,1.64115,1.10264,0.39207,3.13586,2.82277,2025-06-15,5,4,3,44,1,0,44,2024-02-15,15,10,11,148,1,0,148,70,5,2,7901,0,2,"811 KENNESAW AVENUE,MARIETTA,GA,30060",33.9814,-84.57,NA,2026-06-01
115246,DECATUR CENTER FOR NURSING AND HEALING LLC,2722 NORTH DECATUR ROAD,DECATUR,GA,30033,4042965440,370,De Kalb,Y,For profit - Limited Liability company,140,121.4,NA,Medicare and Medicaid,N,DECATUR CENTER FOR NURSING AND HEALING LLC,1977-11-01,EMPIRE CARE CENTERS,202,19,1.8,2.2,1.4,3.2,N,NA,N,N,N,Resident,Yes,3,NA,2,NA,5,NA,5,NA,5,NA,3,NA,NA,NA,1.74778,0.74646,0.7361,1.48257,3.23035,2.91426,0.55499,0.14657,36.1,NA,30,NA,0,NA,1.5154,1.08889,2.53924,0.93679,0.7397,4.21573,3.73992,1.5939,0.68074,0.67129,2.94593,2.65767,2026-04-01,4,4,4,36,1,0,36,2025-04-24,14,9,14,88,1,0,88,49,0,0,0,0,0,"2722 NORTH DECATUR ROAD,DECATUR,GA,30033",33.7924,-84.282,NA,2026-06-01
115258,BLUE RIDGE CARE CENTER LLC,600 WEST MEMORIAL DRIVE,DALLAS,GA,30132,7704454411,810,Paulding,Y,For profit - Limited Liability company,182,162.6,NA,Medicare and Medicaid,N,BLUE RIDGE CARE CENTER LLC,1978-02-01,THE ROSENBERG FAMILY,685,15,2.5,1.9,3.9,4.1,N,NA,N,N,N,Resident,Yes,3,NA,2,NA,5,NA,5,NA,5,NA,4,NA,NA,NA,2.40505,1.18274,0.46113,1.64387,4.04892,3.6613,0.53639,0.08419,36,NA,20,NA,0,NA,1.4106,1.01359,2.36364,0.87201,0.68855,3.9242,3.48129,2.35624,1.15874,0.45177,3.96675,3.58699,2025-12-07,14,9,14,104,1,0,104,2024-05-23,1,1,0,4,1,0,4,79,NA,0,0,0,0,"600 WEST MEMORIAL DRIVE,DALLAS,GA,30132",33.9206,-84.853,NA,2026-06-01
115262,APPLING NURSING AND REHABILITATION PAVILION,163 EAST TOLLISON STREET,BAXLEY,GA,31513,9123679841,000,Appling,N,Non profit - Corporation,101,85.8,NA,Medicare and Medicaid,Y,THE BAXLEY AND APPLING COUNTY HOSPITAL AUTHORITY,1979-01-01,NA,NA,NA,NA,NA,NA,NA,N,SFF Candidate,N,N,N,None,Yes,1,NA,1,NA,1,NA,1,NA,2,NA,1,23,23,23,NA,NA,NA,NA,NA,NA,NA,NA,NA,26,NA,26,NA,26,NA,NA,NA,NA,NA,NA,NA,NA,NA,NA,NA,NA,2025-03-13,6,6,3,199,3,139,338,2022-10-09,12,8,4,96,1,0,96,277.5,NA,3,18966,1,4,"163 EAST TOLLISON STREET,BAXLEY,GA,31513",31.77,-82.352,NA,2026-06-01
115264,CALHOUN NURSING HOME,265 TURNER STREET,EDISON,GA,39846,2298352251,161,Calhoun,N,Government - Hospital district,60,57,NA,Medicare and Medicaid,Y,THE HOSPITAL AUTHORITY OF MILLER COUNTY,1979-08-01,NA,NA,NA,NA,NA,NA,NA,N,NA,N,N,N,Resident,Yes,5,NA,4,NA,5,NA,5,NA,NA,2,3,NA,NA,NA,2.66985,1.2799,0.64146,1.92136,4.59121,4.01287,0.23962,0.00795,40.7,NA,37.5,NA,0,NA,1.68118,1.20802,2.81703,1.03927,0.82063,4.67693,4.14906,2.19469,1.05211,0.52729,3.77409,3.29868,2025-05-01,2,2,2,8,1,0,8,2023-10-26,3,3,0,16,1,0,16,10,NA,0,0,0,0,"265 TURNER STREET,EDISON,GA,39846",31.5547,-84.738,NA,2026-06-01
115265,HARBORVIEW SATILLA,1600 RIVERSIDE AVE,WAYCROSS,GA,31501,9122831182,940,Ware,N,For profit - Corporation,174,163.6,NA,Medicare and Medicaid,N,HARBORVIEW WAYCROSS LLC,1979-10-01,NA,NA,NA,NA,NA,NA,NA,N,NA,N,N,N,Resident,Yes,1,NA,1,NA,2,NA,2,NA,1,NA,2,NA,NA,NA,2.21875,1.17407,0.49246,1.66653,3.88528,3.42462,0.398,0.02067,39.6,NA,50,NA,1,NA,1.75556,1.26146,2.94166,1.08525,0.85693,4.88385,4.33263,1.74659,0.92423,0.38766,3.05848,2.69585,2026-02-12,10,10,4,88,1,0,88,2025-01-09,10,8,2,72,1,0,72,84,0,2,9620,0,2,"1600 RIVERSIDE AVE,WAYCROSS,GA,31501",31.2333,-82.353,NA,2026-06-01
115266,ARCHBOLD LIVING CAMILLA,37 SOUTH ELLIS STREET,CAMILLA,GA,31730,2293368377,750,Mitchell,N,Government - County,156,137.6,NA,Medicare and Medicaid,Y,HOSPITAL AUTHORITY OF MITCHELL COUNTY,1979-07-01,NA,NA,NA,NA,NA,NA,NA,N,SFF Candidate,Y,N,N,Resident,Yes,1,NA,1,NA,2,NA,1,NA,2,NA,3,NA,NA,NA,1.69421,0.86157,0.61653,1.4781,3.17232,2.80813,0.34725,0,47.4,NA,48,NA,0,NA,1.21742,0.87478,2.03993,0.75258,0.59425,3.38677,3.00452,1.92322,0.97803,0.69987,3.60111,3.1877,2025-05-16,23,17,6,273,1,0,273,2023-05-11,6,6,0,72,1,0,72,222.75,NA,2,17345,0,2,"37 SOUTH ELLIS STREET,CAMILLA,GA,31730",31.2298,-84.205,NA,2026-06-01
115271,EARLY MEMORIAL NURSING FACILITY,11740 COLUMBIA STREET,BLAKELY,GA,39823,2297233796,410,Early,N,For profit - Limited Liability company,127,94.4,NA,Medicare and Medicaid,Y,LIFEBRITE HOSPITAL GROUP OF EARLY LLC,1979-10-01,LIFEBRITE HOSPITAL GROUP,654,2,2,2,2.5,3,N,NA,N,N,N,Resident,Yes,1,NA,1,NA,2,NA,2,NA,3,NA,1,25,25,6,NA,NA,NA,NA,NA,NA,NA,NA,32.1,NA,20,NA,0,NA,NA,NA,NA,NA,NA,NA,NA,NA,NA,NA,NA,NA,2025-12-11,9,5,4,60,1,0,60,2024-08-07,11,1,11,223,1,0,223,100.75,NA,1,177463,0,1,"11740 COLUMBIA STREET,BLAKELY,GA,39823",31.3745,-84.946,NA,2026-06-01
115272,JOE-ANNE BURGIN HEALTH AND REHABILITATION,321 RANDOLPH STREET,CUTHBERT,GA,39840,2297322288,835,Randolph,N,Non profit - Other,80,75.6,NA,Medicare and Medicaid,N,"RANDOLPH COUNTY HEALTH AND REHABILITATION, LLC",1979-12-01,ETHICA HEALTH,834,50,3.6,3.6,3,3.1,N,NA,N,N,N,Resident,Yes,5,NA,5,NA,3,NA,3,NA,NA,2,4,NA,NA,NA,2.48693,0.5344,0.59483,1.12923,3.61616,3.13591,0.39513,0.01539,34.9,NA,22.2,NA,0,NA,1.25942,0.90496,2.11032,0.77855,0.61476,3.50363,3.10819,2.72892,0.5864,0.65271,3.96803,3.44105,2026-03-19,1,1,1,4,1,0,4,2025-02-14,4,3,1,16,1,0,16,7,NA,1,5077,0,1,"321 RANDOLPH STREET,CUTHBERT,GA,39840",31.7748,-84.794,NA,2026-06-01
115273,Douglasville Center for Nursing and Healing LLC,4028 HWY 5,DOUGLASVILLE,GA,30135,7709427111,400,Douglas,Y,For profit - Limited Liability company,246,207.6,NA,Medicare and Medicaid,N,Legal Business Name Not Available,1980-02-01,NA,NA,NA,NA,NA,NA,NA,N,NA,N,N,N,Resident,Yes,1,NA,1,NA,2,NA,3,NA,1,NA,2,NA,NA,NA,2.61172,1.03055,0.28797,1.31852,3.93024,3.52781,0.20312,0.05569,55.4,NA,65.4,NA,0,NA,1.41173,1.0144,2.36553,0.8727,0.6891,3.92733,3.48407,2.55667,1.00883,0.2819,3.8474,3.45345,2025-06-27,10,9,9,56,1,0,56,2024-02-08,24,4,24,196,1,0,196,91,9,3,13787,0,3,"4028 HWY 5,DOUGLASVILLE,GA,30135",33.6962,-84.742,22,2026-06-01
115275,"A.G. RHODES HOME, INC, THE","350 BOULVARD, S.E.",ATLANTA,GA,30312,4046886731,470,Fulton,Y,Non profit - Corporation,138,126.3,NA,Medicare and Medicaid,N,A G RHODES HOME INC,1980-02-01,NA,NA,NA,NA,NA,NA,NA,N,NA,N,N,N,Resident,Yes,3,NA,3,NA,4,NA,5,NA,3,NA,4,NA,NA,NA,3.06264,1.24135,0.34106,1.58241,4.64505,4.28977,0.29634,0.073,35,NA,25,NA,0,NA,1.4535,1.04442,2.43553,0.89853,0.70949,4.04354,3.58716,2.91192,1.18026,0.32428,4.41646,4.07867,2025-12-04,4,4,3,40,1,0,40,2024-08-15,7,5,6,44,1,0,44,41,1,0,0,0,0,"350 BOULVARD, S.E.,ATLANTA,GA,30312",33.7433,-84.378,22,2026-06-01
115276,PRUITTHEALTH - MARIETTA,50 SAINE DRIVE SW,MARIETTA,GA,30008,7704298600,290,Cobb,Y,For profit - Corporation,119,108.6,NA,Medicare and Medicaid,N,"PRUITTHEALTH - MARIETTA, LLC",1981-01-01,PRUITTHEALTH,434,99,2.8,2.8,2.5,3.7,N,NA,N,N,N,Resident,Yes,4,NA,3,NA,5,NA,4,NA,5,NA,2,NA,NA,NA,1.83209,0.63529,0.44106,1.07634,2.90843,2.55837,0.27485,0.04229,50.5,NA,33.3,NA,0,NA,1.36559,0.98125,2.28821,0.84418,0.66658,3.79896,3.37019,1.85407,0.64291,0.44635,2.94333,2.58907,2026-02-26,3,3,1,16,1,0,16,2025-01-16,5,5,5,64,1,0,64,28,NA,1,8788,0,1,"50 SAINE DRIVE SW,MARIETTA,GA,30008",33.9158,-84.554,NA,2026-06-01
115277,PEACHTREE NURSING AND REHABILITATION LLC,200 MEDICAL DRIVE,LAGRANGE,GA,30240,7068453256,910,Troup,N,For profit - Limited Liability company,150,138,NA,Medicare and Medicaid,N,Legal Business Name Not Available,1980-10-22,NA,NA,NA,NA,NA,NA,NA,N,NA,N,N,N,Resident,Yes,3,NA,3,NA,4,NA,4,NA,3,NA,3,NA,NA,NA,2.25996,1.09124,0.3961,1.48733,3.7473,3.0563,0.42217,0.06153,40.9,NA,21.4,NA,0,NA,1.31072,0.94182,2.19627,0.81026,0.63979,3.64633,3.23478,2.38282,1.15056,0.41763,3.95101,3.22245,2025-11-21,5,5,3,32,1,0,32,2024-07-25,3,3,0,24,1,0,24,30,NA,0,0,0,0,"200 MEDICAL DRIVE,LAGRANGE,GA,30240",33.0328,-85.061,NA,2026-06-01
115279,HIGH SHOALS HEALTH AND REHABILITATION,3450 NEW HIGH SHOALS RD,BISHOP,GA,30621,7067697738,800,Oconee,Y,Non profit - Other,100,85,NA,Medicare and Medicaid,N,"OCONEE COUNTY HEALTH & REHABILITATION, LLC",1981-04-06,ETHICA HEALTH,834,50,3.6,3.6,3,3.1,N,NA,N,N,N,Resident,Yes,5,NA,4,NA,5,NA,3,NA,5,NA,3,NA,NA,NA,2.1754,0.4762,0.45157,0.92777,3.10317,2.77912,0.32952,0.04208,34.4,NA,33.3,NA,0,NA,1.30368,0.93676,2.18448,0.80591,0.63636,3.62675,3.21741,2.30604,0.5048,0.47869,3.28953,2.94602,2025-03-27,2,2,2,8,1,0,8,2023-11-16,6,6,6,56,1,0,56,20,NA,0,0,0,0,"3450 NEW HIGH SHOALS RD,BISHOP,GA,30621",33.8366,-83.473,NA,2026-06-01
115280,MURRAY WOODS OF JOURNEY LLC,102 HOSPITAL DRIVE,CHATSWORTH,GA,30705,7066958313,772,Murray,Y,For profit - Corporation,120,112.4,NA,Medicare and Medicaid,N,MURRAY WOODS OF JOURNEY LLC,1981-08-01,JOURNEY HEALTHCARE,766,34,2,2.4,1.4,2.6,N,NA,N,N,N,Both,Yes,1,NA,1,NA,2,NA,3,NA,1,NA,1,NA,NA,NA,2.13003,0.92859,0.16768,1.09627,3.2263,2.78179,0.17784,0.00388,24.4,NA,71.4,NA,0,NA,1.99757,1.43536,3.34718,1.23486,0.97506,5.5571,4.92989,1.47361,0.64243,0.116,2.23204,1.92452,2025-10-02,16,15,1,116,1,0,116,2024-05-30,6,6,0,52,1,0,52,100,NA,1,15092,0,1,"102 HOSPITAL DRIVE,CHATSWORTH,GA,30705",34.7798,-84.784,NA,2026-06-01
115283,EAST COBB CENTER FOR NURSING AND HEALING LLC,4360 JOHNSON FERRY PLACE,MARIETTA,GA,30068,7709715870,290,Cobb,Y,For profit - Limited Liability company,117,107.8,NA,Medicare and Medicaid,N,EAST COBB CENTER FOR NURSING AND HEALING LLC,1981-10-15,EMPIRE CARE CENTERS,202,19,1.8,2.2,1.4,3.2,N,NA,N,N,N,Resident,Yes,3,NA,3,NA,4,NA,2,NA,5,NA,2,NA,NA,NA,1.8104,1.17306,0.4821,1.65516,3.46556,3.13079,0.35454,0.14215,52,NA,60,NA,0,NA,1.44184,1.03604,2.41598,0.89132,0.7038,4.01109,3.55838,1.73523,1.12436,0.46208,3.32167,3.0008,2025-08-21,5,5,0,32,1,0,32,2024-03-14,4,4,0,16,1,0,16,28,NA,0,0,0,0,"4360 JOHNSON FERRY PLACE,MARIETTA,GA,30068",33.981,-84.422,NA,2026-06-01
115287,CHULIO HILLS HEALTH AND REHAB,1170 CHULIO ROAD,ROME,GA,30161,7062351132,460,Floyd,Y,For profit - Limited Liability company,100,86.9,NA,Medicare and Medicaid,N,CHULIO HILLS HEALTH & REHAB LLC,1981-12-01,RELIABLE HEALTH CARE MANAGEMENT,728,7,2.9,3.3,2.6,2.9,N,NA,N,N,N,Resident,Yes,1,NA,2,NA,1,NA,2,NA,1,NA,4,NA,NA,NA,3.26917,0.9544,0.56573,1.52014,4.78931,4.32042,0.25406,0.02583,42.9,NA,22.2,NA,0,NA,1.53845,1.10546,2.57786,0.95104,0.75095,4.27985,3.7968,2.93667,0.85733,0.50819,4.30219,3.881,2025-12-18,9,9,9,48,1,0,48,2024-08-04,7,7,7,68,2,34,102,61.5,NA,1,4017,0,1,"1170 CHULIO ROAD,ROME,GA,30161",34.1879,-85.057,NA,2026-06-01
115288,PRUITTHEALTH - MACON,2255 ANTHONY ROAD,MACON,GA,31204,4787847900,090,Bibb,Y,For profit - Corporation,228,170.6,NA,Medicare and Medicaid,N,"PRUITTHEALTH - MACON, LLC",1982-03-01,PRUITTHEALTH,434,99,2.8,2.8,2.5,3.7,N,NA,N,N,N,Resident,Yes,2,NA,2,NA,2,NA,3,NA,1,NA,2,NA,NA,NA,1.9868,1.08515,0.4634,1.54855,3.53535,3.0328,0.34086,0.0291,43.8,NA,41.7,NA,2,NA,1.55168,1.11496,2.60003,0.95922,0.75741,4.31666,3.82946,1.7695,0.96647,0.41272,3.14869,2.70111,2025-05-15,9,9,9,36,1,0,36,2024-01-14,15,15,15,76,1,0,76,46,0,0,0,0,0,"2255 ANTHONY ROAD,MACON,GA,31204",32.823,-83.68,NA,2026-06-01
115289,COMER HEALTH AND REHABILITATION,2430 PAOLI ROAD,COMER,GA,30629,7067835116,720,Madison,Y,Non profit - Other,116,68.6,NA,Medicare and Medicaid,N,"MADISON COUNTY HEALTH & REHABILITATION, LLC",2009-01-24,ETHICA HEALTH,834,50,3.6,3.6,3,3.1,N,NA,N,N,N,Both,Yes,3,NA,3,NA,4,NA,3,NA,4,NA,3,NA,NA,NA,2.60838,0.69004,0.31457,1.00462,3.613,3.22965,0.19759,0.0418,49.3,NA,14.3,NA,1,NA,1.23446,0.88703,2.0685,0.76312,0.60257,3.43419,3.04658,2.92007,0.7725,0.35216,4.04473,3.61558,2026-02-26,2,2,0,32,1,0,32,2025-01-16,5,5,0,24,1,0,24,30,NA,0,0,0,0,"2430 PAOLI ROAD,COMER,GA,30629",34.1284,-83.077,NA,2026-06-01
115290,"PLACE AT DEANS BRIDGE, THE",3235 DEANS BRIDGE ROAD,AUGUSTA,GA,30906,7067981430,840,Richmond,Y,For profit - Limited Liability company,100,80.8,NA,Medicare and Medicaid,N,"THE PLACE AT DEANS BRIDGE, LLC",1982-07-01,NA,NA,NA,NA,NA,NA,NA,N,NA,N,N,N,Resident,Yes,3,NA,4,NA,2,NA,4,NA,1,NA,1,25,25,6,NA,NA,NA,NA,NA,NA,NA,NA,41.4,NA,66.7,NA,1,NA,NA,NA,NA,NA,NA,NA,NA,NA,NA,NA,NA,NA,2025-07-02,3,3,3,28,1,0,28,2023-08-03,2,2,2,12,1,0,12,24,NA,2,7456,0,2,"3235 DEANS BRIDGE ROAD,AUGUSTA,GA,30906",33.4207,-82.067,NA,2026-06-01
115291,HARBORVIEW HEALTH CENTER OF AUGUSTA,3618 J DEWEY GRAY CIRCLE,AUGUSTA,GA,30909,7068607572,840,Richmond,Y,For profit - Limited Liability company,120,111,NA,Medicare and Medicaid,N,"WINDERMERE HEALTH CENTER BY HARBORVIEW, LLC",1982-04-15,HARBORVIEW HEALTH SYSTEMS,246,22,2,2.1,2.3,2.3,N,NA,N,N,N,Resident,Yes,1,NA,2,NA,1,NA,3,NA,1,NA,2,NA,NA,NA,2.48095,0.86205,0.8167,1.67875,4.1597,3.96277,0.93129,0.07436,71.2,NA,86.7,NA,0,NA,1.69075,1.2149,2.83307,1.04519,0.8253,4.70355,4.17268,2.02786,0.70461,0.66755,3.40002,3.23905,2025-06-05,10,10,2,76,1,0,76,2023-12-10,8,4,8,32,1,0,32,65,NA,0,0,0,0,"3618 J DEWEY GRAY CIRCLE,AUGUSTA,GA,30909",33.4878,-82.093,NA,2026-06-01
115293,RESORTS AT POOLER INC,508 SOUTH ROGERS STREET,POOLER,GA,31322,9127486840,220,Chatham,Y,For profit - Limited Liability company,122,83.2,NA,Medicare and Medicaid,N,RESORTS AT POOLER INC,1982-03-10,NA,NA,NA,NA,NA,NA,NA,N,NA,N,N,N,Resident,Yes,3,NA,2,NA,5,NA,5,NA,3,NA,3,NA,NA,NA,2.29234,1.07665,0.43996,1.51662,3.80896,3.74104,0.62045,0.15297,56.6,NA,46.2,NA,0,NA,1.29075,0.92747,2.16282,0.79792,0.63005,3.59078,3.1855,2.45434,1.15274,0.47106,4.07814,4.00543,2025-12-07,10,6,4,64,1,0,64,2024-06-16,6,6,6,44,1,0,44,59,0,1,4017,0,1,"508 SOUTH ROGERS STREET,POOLER,GA,31322",32.1121,-81.25,NA,2026-06-01
115294,STEVENS PARK HEALTH AND REHABILITATION,820 STEVENS CREEK ROAD,AUGUSTA,GA,30907,7067370350,840,Richmond,Y,Non profit - Other,42,40.6,NA,Medicare and Medicaid,N,STEVENS PARK HEALTH AND REHABILITATION CENTER LLC,2009-10-06,ETHICA HEALTH,834,50,3.6,3.6,3,3.1,N,NA,N,N,N,Resident,Yes,5,NA,4,NA,4,NA,4,NA,4,NA,5,NA,NA,NA,2.29462,0.28713,1.11145,1.39859,3.69321,3.45281,1.01498,0.0531,37.2,NA,20,NA,0,NA,1.29228,0.92857,2.16538,0.79886,0.63079,3.59504,3.18928,2.45388,0.30706,1.18859,3.94953,3.69245,2025-09-14,2,2,0,20,1,0,20,2024-02-18,0,0,0,0,0,0,0,15,0,0,0,0,0,"820 STEVENS CREEK ROAD,AUGUSTA,GA,30907",33.524,-82.05,NA,2026-06-01
115295,ZEBULON PARK HEALTH AND REHABILITATION,343 PLANTATION WAY,MACON,GA,31210,4782384000,090,Bibb,Y,Non profit - Corporation,66,63.9,NA,Medicare and Medicaid,N,"ZEBULON PARK HEALTH AND REHABILITATION, LLC",2012-06-21,ETHICA HEALTH,834,50,3.6,3.6,3,3.1,N,NA,N,N,N,Resident,Yes,4,NA,4,NA,3,NA,3,NA,3,NA,3,NA,NA,NA,2.27001,0.43042,0.61494,1.04537,3.31538,2.95016,0.40347,0.06815,43.9,NA,28.6,NA,3,NA,1.3097,0.94109,2.19457,0.80963,0.6393,3.6435,3.23227,2.39527,0.45417,0.64888,3.49832,3.11295,2025-09-28,2,1,1,20,1,0,20,2024-09-13,2,0,2,8,0,0,8,17,NA,0,0,0,0,"343 PLANTATION WAY,MACON,GA,31210",32.885,-83.759,NA,2026-06-01
115296,LENBROOK,"3747 PEACHTREE ROAD, NE",ATLANTA,GA,30319,4042333000,370,De Kalb,Y,Non profit - Corporation,60,53.1,NA,Medicare,N,"LENBROOK SQUARE FOUNDATION, INC.",2012-12-20,NA,NA,NA,NA,NA,NA,NA,Y,NA,N,N,N,None,Yes,5,NA,4,NA,4,NA,3,NA,5,NA,5,NA,NA,NA,3.65145,1.49718,0.77226,2.26943,5.92089,5.37562,0.50937,0.13889,33.3,NA,30.8,NA,0,NA,1.25553,0.90217,2.1038,0.77614,0.61286,3.4928,3.09858,4.01918,1.64796,0.85003,6.51717,5.91699,2026-02-26,2,2,0,20,1,0,20,2025-01-19,2,2,0,8,1,0,8,17,0,0,0,0,0,"3747 PEACHTREE ROAD, NE,ATLANTA,GA,30319",33.8576,-84.348,NA,2026-06-01
115298,FAIRBURN HEIGHTS OF JOURNEY LLC,178 WEST CAMPBELLTON STREET,FAIRBURN,GA,30213,7709641320,470,Fulton,Y,For profit - Limited Liability company,120,108.1,NA,Medicare and Medicaid,N,FAIRBURN HEIGHTS OF JOURNEY LLC,1982-05-07,JOURNEY HEALTHCARE,766,34,2,2.4,1.4,2.6,N,NA,N,N,N,Resident,Yes,1,NA,1,NA,3,NA,4,NA,2,NA,1,NA,NA,NA,1.81372,0.84378,0.2302,1.07398,2.8877,2.5307,0.17829,0.08677,53.8,NA,NA,27,0,NA,1.81963,1.3075,3.04901,1.12486,0.8882,5.06207,4.49074,1.37749,0.64083,0.17484,2.19316,1.92202,2026-02-12,12,9,11,92,1,0,92,2024-08-05,13,13,13,76,1,0,76,88,NA,0,0,0,0,"178 WEST CAMPBELLTON STREET,FAIRBURN,GA,30213",33.5712,-84.584,NA,2026-06-01
115304,PRUITTHEALTH - LAFAYETTE,205 ROADRUNNER BOULEVARD,LAFAYETTE,GA,30728,7066384662,921,Walker,Y,For profit - Corporation,100,72.9,NA,Medicare and Medicaid,N,"PRUITTHEALTH - LAFAYETTE, LLC",1982-12-13,PRUITTHEALTH,434,99,2.8,2.8,2.5,3.7,N,NA,N,N,N,Resident,Yes,5,NA,4,NA,5,NA,5,NA,NA,2,3,NA,NA,NA,1.79769,0.86454,0.65053,1.51508,3.31276,2.79109,0.5051,0.04091,46.5,NA,25,NA,0,NA,1.32658,0.95322,2.22285,0.82006,0.64753,3.69044,3.27392,1.87275,0.90065,0.6777,3.4511,2.90764,2026-03-01,0,0,0,0,0,0,0,2025-03-16,8,3,5,56,1,0,56,14,0,1,4963,0,1,"205 ROADRUNNER BOULEVARD,LAFAYETTE,GA,30728",34.7258,-85.275,NA,2026-06-01
115308,"PLACE AT MARTINEZ, THE",409 PLEASANT HOME ROAD,AUGUSTA,GA,30907,7068636030,840,Richmond,Y,For profit - Limited Liability company,100,77.2,NA,Medicare and Medicaid,N,"THE PLACE AT MARTINEZ, LLC",1983-12-01,NA,NA,NA,NA,NA,NA,NA,N,NA,N,N,N,Resident,Yes,1,NA,2,NA,1,NA,1,NA,1,NA,3,NA,NA,NA,2.11669,1.15827,0.42814,1.58641,3.7031,3.22711,0.21509,0.02087,49.3,NA,53.8,NA,1,NA,1.25059,0.89861,2.09551,0.77309,0.61044,3.47904,3.08638,2.33907,1.27996,0.47313,4.09215,3.56615,2025-11-21,8,8,4,68,1,0,68,2024-07-21,0,0,0,0,0,0,0,51,NA,0,0,0,0,"409 PLEASANT HOME ROAD,AUGUSTA,GA,30907",33.5044,-82.075,NA,2026-06-01
115313,PRUITTHEALTH - BROOKHAVEN,3535 ASHTON WOODS DRIVE NE,ATLANTA,GA,30319,7704510236,370,De Kalb,Y,For profit - Corporation,157,124.7,NA,Medicare and Medicaid,N,"PRUITTHEALTH - BROOKHAVEN, LLC",1984-02-01,PRUITTHEALTH,434,99,2.8,2.8,2.5,3.7,N,NA,N,N,N,Resident,Yes,1,NA,1,NA,4,NA,4,NA,4,NA,2,NA,NA,NA,1.94893,0.64259,0.76203,1.40462,3.35355,2.83239,0.56487,0.1209,47.9,NA,52.6,NA,NA,26,1.64197,1.17984,2.75132,1.01503,0.80148,4.56784,4.05229,1.64033,0.54084,0.64136,2.82253,2.3839,2026-01-18,5,5,0,20,1,0,20,2024-11-07,39,14,39,531,1,0,531,147.75,19,2,15268,0,2,"3535 ASHTON WOODS DRIVE NE,ATLANTA,GA,30319",33.8931,-84.319,NA,2026-06-01
115314,PRUITTHEALTH - AUSTELL,1700 MULKEY RD,AUSTELL,GA,30106,7709415750,290,Cobb,Y,For profit - Corporation,124,106.8,NA,Medicare and Medicaid,N,PRUITTHEALTH-AUSTELL LLC,1984-01-01,PRUITTHEALTH,434,99,2.8,2.8,2.5,3.7,N,NA,N,N,N,Resident,Yes,1,NA,1,NA,4,NA,3,NA,4,NA,3,NA,NA,NA,1.83436,0.68097,0.92913,1.6101,3.44446,2.74472,0.60338,0.07578,38.3,NA,36.8,NA,1,NA,1.39351,1.00131,2.33499,0.86144,0.6802,3.87664,3.43909,1.81918,0.67533,0.92144,3.41596,2.722,2025-12-05,16,10,10,100,1,0,100,2024-06-13,12,8,12,60,1,0,60,90,0,0,0,0,0,"1700 MULKEY RD,AUSTELL,GA,30106",33.8588,-84.604,NA,2026-06-01
115319,FIFTH AVENUE HEALTH CARE,505 NORTH FIFTH  AVENUE,ROME,GA,30165,7062910521,460,Floyd,Y,For profit - Corporation,100,67.5,NA,Medicare and Medicaid,N,NORTH GEORGIA CARE SERVICES INC,1983-10-13,RELIABLE HEALTH CARE MANAGEMENT,728,7,2.9,3.3,2.6,2.9,N,NA,N,N,N,Resident,Yes,2,NA,2,NA,3,NA,2,NA,3,NA,2,NA,NA,NA,2.00402,1.07946,0.21243,1.29188,3.2959,2.98022,0.1791,0.03672,30.6,NA,NA,27,0,NA,1.33672,0.9605,2.23984,0.82633,0.65248,3.71865,3.29894,2.07187,1.116,0.21962,3.40749,3.08111,2025-08-28,7,7,0,64,1,0,64,2024-06-21,6,6,6,56,1,0,56,62,NA,2,8512,0,2,"505 NORTH FIFTH  AVENUE,ROME,GA,30165",34.2597,-85.175,NA,2026-06-01
115321,Warrenton Woods of Journey LLC,813 ATLANTA HIGHWAY,WARRENTON,GA,30828,7064653328,941,Warren,N,For profit - Limited Liability company,110,46,NA,Medicare and Medicaid,N,SELECTIS WARRENTON LLC,1984-05-01,JOURNEY HEALTHCARE,766,34,2,2.4,1.4,2.6,N,NA,N,N,N,Resident,Yes,2,NA,2,NA,4,NA,4,NA,NA,2,2,NA,NA,NA,2.66684,0.71064,0.53207,1.24271,3.90955,3.45427,0.43068,4.7e-4,53.3,NA,66.7,NA,1,NA,1.60459,1.15298,2.68869,0.99193,0.78324,4.46386,3.96004,2.29685,0.61204,0.45825,3.36715,2.97503,2026-04-01,2,2,0,8,1,0,8,2025-02-24,26,8,26,224,1,0,224,62,NA,0,0,0,0,"813 ATLANTA HIGHWAY,WARRENTON,GA,30828",33.4112,-82.675,NA,2026-06-01
115322,BRIARWOOD HEALTH CENTER BY HARBORVIEW,3888 LAVISTA ROAD,TUCKER,GA,30084,7709385740,370,De Kalb,Y,For profit - Limited Liability company,100,91.9,NA,Medicare and Medicaid,N,"BRIARWOOD HEALTH CENTER BY HARBORVIEW, LLC",1984-09-01,HARBORVIEW HEALTH SYSTEMS,246,22,2,2.1,2.3,2.3,N,NA,N,N,N,Both,Yes,3,NA,4,NA,4,NA,3,NA,4,NA,1,NA,NA,NA,2.53494,1.16505,0.27329,1.43834,3.97328,3.37484,0.2173,0.04954,45.6,NA,61.5,NA,0,NA,1.75791,1.26315,2.94559,1.0867,0.85808,4.89037,4.33842,1.99283,0.9159,0.21485,3.12358,2.65312,2025-04-25,3,2,2,12,1,0,12,2023-03-07,8,6,2,32,1,0,32,17,2,0,0,0,0,"3888 LAVISTA ROAD,TUCKER,GA,30084",33.8435,-84.258,NA,2026-06-01
115324,Bainbridge Landing of Journey LLC,1155  WEST COLLEGE STREET,BAINBRIDGE,GA,39819,2292430931,360,Decatur,N,For profit - Limited Liability company,100,61.9,NA,Medicare and Medicaid,N,BAINBRIDGE OPERATOR LLC,1984-10-01,JOURNEY HEALTHCARE,766,34,2,2.4,1.4,2.6,N,NA,N,N,N,Resident,Yes,3,NA,3,NA,3,NA,2,NA,3,NA,2,NA,NA,NA,2.17948,0.72396,0.50532,1.22928,3.40876,2.96436,0.32079,0.01947,47.3,NA,58.3,NA,0,NA,1.46937,1.05582,2.46212,0.90834,0.71724,4.0877,3.62633,2.04984,0.6809,0.47526,3.206,2.78803,2026-04-01,4,4,0,16,1,0,16,2025-04-10,8,7,1,52,1,0,52,25,NA,0,0,0,0,"1155  WEST COLLEGE STREET,BAINBRIDGE,GA,39819",30.8978,-84.592,NA,2026-06-01
115325,PRUITTHEALTH - WASHINGTON,112 HOSPITAL DRIVE,WASHINGTON,GA,30673,7066787804,972,Wilkes,N,For profit - Corporation,47,42.7,NA,Medicare and Medicaid,N,"PRUITTHEALTH - WASHINGTON, LLC",1984-10-01,PRUITTHEALTH,434,99,2.8,2.8,2.5,3.7,N,NA,N,N,N,Resident,Yes,3,NA,4,NA,2,NA,2,NA,NA,2,1,NA,NA,NA,1.66494,0.83408,0.38418,1.21826,2.8832,2.43941,0.25704,0.0202,52.9,NA,83.3,NA,2,NA,1.40735,1.01126,2.35819,0.87,0.68696,3.91515,3.47326,1.63492,0.81904,0.37726,2.83121,2.39543,2026-03-01,1,1,1,16,1,0,16,2024-11-20,4,4,0,32,1,0,32,20,0,0,0,0,0,"112 HOSPITAL DRIVE,WASHINGTON,GA,30673",33.7277,-82.742,NA,2026-06-01
115326,PRUITTHEALTH - MAGNOLIA MANOR,3003 VETERANS PARKWAY S,MOULTRIE,GA,31788,2299853422,300,Colquitt,N,For profit - Limited Liability company,100,84.5,NA,Medicare and Medicaid,N,"PRUITTHEALTH - MAGNOLIA MANOR, LLC",1984-10-01,PRUITTHEALTH,434,99,2.8,2.8,2.5,3.7,N,NA,N,N,N,Resident,Yes,2,NA,2,NA,2,NA,3,NA,2,NA,4,NA,NA,NA,2.27916,0.86042,1.02811,1.88853,4.16769,3.51061,0.63628,0.00285,46.3,NA,48,NA,0,NA,1.5202,1.09234,2.54728,0.93975,0.74204,4.22908,3.75176,2.07193,0.78219,0.93463,3.78875,3.19141,2024-11-01,16,16,16,88,1,0,88,2022-08-25,8,4,4,36,1,0,36,75,NA,0,0,0,0,"3003 VETERANS PARKWAY S,MOULTRIE,GA,31788",31.1426,-83.767,NA,2026-06-01
115327,"CROSSROADS OF FLOWERY BRANCH OF JOURNEY LLC, THE",4595 CANTRELL ROAD,FLOWERY BRANCH,GA,30542,7709672070,550,Hall,Y,For profit - Limited Liability company,100,95.4,NA,Medicare and Medicaid,N,THE CROSSROADS OF FLOWERY BRANCH OF JOURNEY LLC,1984-10-01,JOURNEY HEALTHCARE,766,34,2,2.4,1.4,2.6,N,NA,N,N,N,Both,Yes,1,NA,2,NA,1,NA,1,NA,1,NA,1,NA,NA,NA,1.91229,0.73524,0.29181,1.02705,2.93934,2.74348,0.25731,0.05164,50.8,NA,NA,27,0,NA,1.65566,1.18968,2.77427,1.0235,0.80817,4.60593,4.08608,1.59618,0.6137,0.24357,2.45345,2.28997,2026-01-16,13,8,5,76,1,0,76,2024-08-28,5,4,5,36,1,0,36,66,NA,0,0,0,0,"4595 CANTRELL ROAD,FLOWERY BRANCH,GA,30542",34.19,-83.911,NA,2026-06-01
115329,HARBORVIEW HEALTH SYSTEMS THOMASTON,310 AVENUE F,THOMASTON,GA,30286,7066476676,920,Upson,N,For profit - Limited Liability company,119,103.6,NA,Medicare and Medicaid,N,HARBORVIEW THOMASTON LLC,1984-11-01,NA,NA,NA,NA,NA,NA,NA,N,NA,N,N,N,Resident,Yes,3,NA,3,NA,2,NA,2,NA,2,NA,2,NA,NA,NA,1.81573,1.08885,0.37499,1.46384,3.27957,2.76717,0.37356,0.04086,37.3,NA,37.5,NA,1,NA,1.55784,1.11939,2.61035,0.96302,0.76042,4.33379,3.84465,1.61076,0.96593,0.33265,2.90934,2.45479,2025-07-02,3,3,3,28,1,0,28,2023-09-01,12,8,4,56,1,0,56,35,NA,0,0,0,0,"310 AVENUE F,THOMASTON,GA,30286",32.8925,-84.304,NA,2026-06-01
115330,DELMAR GARDENS OF SMYRNA,404 KING SPRINGS VILLAGE PKWY,SMYRNA,GA,30082,7704324444,290,Cobb,Y,For profit - Corporation,120,96.7,NA,Medicare and Medicaid,N,"DELMAR GARDENS OF SMYRNA, LLC",1985-01-09,DELMAR GARDENS,180,12,2.9,3.1,2.9,2.4,Y,NA,N,N,N,Resident,Yes,2,NA,2,NA,4,NA,5,NA,4,NA,3,NA,NA,NA,2.62336,0.77207,0.40822,1.18029,3.80366,3.38821,0.23425,0.05745,39.8,NA,20,NA,0,NA,1.39633,1.00333,2.33972,0.86318,0.68158,3.88448,3.44605,2.5964,0.76413,0.40403,3.76456,3.35338,2026-02-12,4,2,2,20,1,0,20,2024-12-19,19,12,19,124,1,0,124,46,NA,1,23537,1,2,"404 KING SPRINGS VILLAGE PKWY,SMYRNA,GA,30082",33.8555,-84.516,NA,2026-06-01
115334,PruittHealth - Augusta,2541 MILLEDGEVILLE ROAD,AUGUSTA,GA,30904,7067382581,840,Richmond,Y,For profit - Corporation,100,93.6,NA,Medicare and Medicaid,N,"PRUITTHEALTH - AUGUSTA, LLC",1986-03-01,PRUITTHEALTH,434,99,2.8,2.8,2.5,3.7,N,NA,Y,N,N,Resident,Yes,2,NA,1,NA,5,NA,5,NA,NA,2,1,NA,NA,NA,2.07553,0.94739,0.30982,1.25721,3.33274,2.39505,0.203,0.02675,53.3,NA,55.6,NA,0,NA,1.51516,1.08872,2.53884,0.93664,0.73959,4.21506,3.73933,1.89309,0.86411,0.28259,3.03979,2.18452,2025-06-26,10,10,2,108,1,0,108,2024-01-11,8,8,8,40,1,0,40,91,NA,6,177671,0,6,"2541 MILLEDGEVILLE ROAD,AUGUSTA,GA,30904",33.4466,-82.018,NA,2026-06-01
115336,"PRUITTHEALTH - EVANS, LLC",561 UNIVERSITY DRIVE,EVANS,GA,30809,7068637514,310,Columbia,Y,For profit - Limited Liability company,149,126.3,NA,Medicare and Medicaid,N,PRUITTHEALTH - EVANS LLC,1986-08-15,PRUITTHEALTH,434,99,2.8,2.8,2.5,3.7,N,NA,N,N,N,Resident,Yes,4,NA,4,NA,4,NA,5,NA,3,NA,2,NA,NA,NA,1.76869,1.31477,0.41079,1.72556,3.49426,2.89955,0.28933,0.02754,38.5,NA,27.3,NA,0,NA,1.47151,1.05735,2.46569,0.90965,0.71828,4.09362,3.63159,1.66108,1.23477,0.3858,3.28165,2.72313,2025-05-21,1,1,0,4,1,0,4,2024-01-18,6,6,6,40,1,0,40,13,NA,0,0,0,0,"561 UNIVERSITY DRIVE,EVANS,GA,30809",33.5294,-82.13,NA,2026-06-01
115338,MIONA GERIATRIC & DEMENTIA CENTER,201 POPLAR STREET,IDEAL,GA,31041,4789492270,710,Macon,N,For profit - Limited Liability company,88,76.4,NA,Medicare and Medicaid,N,"MIONA GERIATRIC & DEMENTIA CENTER, LLC",1985-12-19,NA,NA,NA,NA,NA,NA,NA,N,NA,N,N,N,Resident,Yes,5,NA,5,NA,3,NA,3,NA,NA,2,2,NA,NA,NA,2.28768,0.88423,0.4186,1.30283,3.59051,3.13212,0.25315,0.01232,35.7,NA,37.5,NA,0,NA,1.43833,1.03352,2.4101,0.88915,0.70208,4.00133,3.54971,2.19804,0.84959,0.4022,3.44983,3.0094,2025-03-09,0,0,0,0,0,0,0,2024-03-10,0,0,0,0,0,0,0,0,NA,0,0,0,0,"201 POPLAR STREET,IDEAL,GA,31041",32.3711,-84.192,NA,2026-06-01
115339,PRUITTHEALTH - SAVANNAH,12825 WHITE BLUFF ROAD,SAVANNAH,GA,31419,9129279416,220,Chatham,Y,For profit - Corporation,140,125.1,NA,Medicare and Medicaid,N,"PRUITTHEALTH - SAVANNAH, LLC",1986-11-12,PRUITTHEALTH,434,99,2.8,2.8,2.5,3.7,N,NA,N,N,N,Resident,Yes,2,NA,2,NA,4,NA,2,NA,5,NA,2,NA,NA,NA,2.07116,0.78119,0.52682,1.30802,3.37918,3.07659,0.30944,0.06624,50.9,NA,53.3,NA,0,NA,1.43922,1.03416,2.4116,0.8897,0.70252,4.00381,3.55192,1.98878,0.75012,0.50587,3.24476,2.95421,2025-06-20,4,3,3,24,1,0,24,2024-01-18,24,23,24,128,1,0,128,50,NA,1,4963,0,1,"12825 WHITE BLUFF ROAD,SAVANNAH,GA,31419",31.9678,-81.134,NA,2026-06-01
115340,CALHOUN CROSSING OF JOURNEY LLC,1387 HIGHWAY 41 NORTH,CALHOUN,GA,30701,7066291289,500,Gordon,N,For profit - Limited Liability company,100,85.7,NA,Medicare and Medicaid,N,CALHOUN CROSSING OF JOURNEY LLC,1986-10-10,JOURNEY HEALTHCARE,766,34,2,2.4,1.4,2.6,N,NA,N,N,N,Resident,Yes,1,NA,3,NA,1,NA,1,NA,2,NA,1,NA,NA,NA,2.02368,0.75959,0.28514,1.04473,3.06841,2.81626,0.29409,0.11723,54.4,NA,NA,27,NA,27,1.79206,1.28769,3.00281,1.10781,0.87475,4.98537,4.42269,1.56059,0.58577,0.21989,2.36625,2.17181,2026-03-29,1,1,0,4,1,0,4,2024-08-28,17,17,17,144,1,0,144,39,NA,7,107867,0,7,"1387 HIGHWAY 41 NORTH,CALHOUN,GA,30701",34.5404,-84.937,NA,2026-06-01
115341,RIDGEWOOD MANOR HEALTH AND REHABILITATION,1110 BURLEYSON DRIVE,DALTON,GA,30720,7062261021,970,Whitfield,Y,Non profit - Corporation,102,82.8,NA,Medicare and Medicaid,N,HLTC INC,1987-06-01,NA,NA,NA,NA,NA,NA,NA,N,NA,N,N,N,Resident,Yes,4,NA,4,NA,2,NA,3,NA,1,NA,3,NA,NA,NA,1.61038,0.80476,0.60866,1.41342,3.0238,2.52929,0.39827,0.04395,47.2,NA,41.7,NA,0,NA,1.23684,0.88873,2.07247,0.76459,0.60373,3.44079,3.05244,1.79935,0.8992,0.68008,3.37863,2.82609,2025-03-27,2,2,0,8,1,0,8,2023-06-04,8,8,0,48,1,0,48,18,NA,0,0,0,0,"1110 BURLEYSON DRIVE,DALTON,GA,30720",34.7834,-84.988,NA,2026-06-01
115343,BERRIEN OAKS NURSING AND REHAB CENTER,405 LAUREL STREET,NASHVILLE,GA,31639,2295437335,080,Berrien,N,For profit - Limited Liability company,108,93.4,NA,Medicare and Medicaid,N,BERRIEN OPCO LLC,1987-05-01,ELIYAHU MIRLIS,710,13,2.2,2,3,3.7,N,NA,N,N,N,Resident,Yes,1,NA,3,NA,1,NA,1,NA,1,NA,1,NA,NA,NA,1.79356,0.74816,0.26616,1.01431,2.80787,2.56845,0.19842,0.05552,71.7,NA,76.9,NA,1,NA,1.4829,1.06554,2.48479,0.9167,0.72384,4.12533,3.65972,1.67148,0.69723,0.24804,2.61676,2.39363,2025-04-17,6,5,6,28,1,0,28,2024-02-01,4,4,0,44,1,0,44,32,NA,0,0,0,0,"405 LAUREL STREET,NASHVILLE,GA,31639",31.2035,-83.238,NA,2026-06-01
115345,PRUITTHEALTH - TOCCOA,633 FALLS ROAD,TOCCOA,GA,30577,7068868491,861,Stephens,N,For profit - Corporation,181,113.9,NA,Medicare and Medicaid,N,"PRUITTHEALTH - TOCCOA, LLC",1989-02-02,PRUITTHEALTH,434,99,2.8,2.8,2.5,3.7,N,NA,N,Y,N,Resident,Yes,1,NA,2,NA,3,NA,4,NA,2,NA,1,NA,NA,NA,1.77339,0.84934,0.40306,1.2524,3.02579,2.52466,0.169,0.01292,41.5,NA,50,NA,NA,26,1.36658,0.98196,2.28987,0.84479,0.66706,3.80172,3.37264,1.79336,0.85891,0.4076,3.05988,2.5531,2024-03-21,11,8,10,72,1,0,72,2023-01-26,7,7,0,40,1,0,40,64,NA,0,0,1,1,"633 FALLS ROAD,TOCCOA,GA,30577",34.5855,-83.337,NA,2026-06-01
115346,BOLINGREEN HEALTH AND REHABILITATION,529 BOLINGREEN DRIVE,MACON,GA,31210,4784771720,760,Monroe,Y,Non profit - Other,121,69.2,NA,Medicare and Medicaid,N,MONROE COUNTY NURSING HOME LLC,1989-05-01,ETHICA HEALTH,834,50,3.6,3.6,3,3.1,N,NA,N,N,N,Resident,Yes,1,NA,1,NA,2,NA,3,NA,1,NA,3,NA,NA,NA,2.07679,0.60117,0.70823,1.30939,3.38618,2.93887,0.57587,0.02825,55.7,NA,46.2,NA,0,NA,1.26516,0.90908,2.11993,0.7821,0.61756,3.51959,3.12234,2.26854,0.65667,0.77362,3.69883,3.21022,2025-02-26,6,5,2,72,1,0,72,2024-02-04,13,13,13,96,1,0,96,78,NA,3,16800,0,3,"529 BOLINGREEN DRIVE,MACON,GA,31210",32.9396,-83.767,NA,2026-06-01
115347,LIFE CARE CENTER OF GWINNETT,3850 SAFEHAVEN DRIVE,LAWRENCEVILLE,GA,30044,7709230005,530,Gwinnett,Y,For profit - Corporation,163,88.3,NA,Medicare and Medicaid,N,"LIFE CARE CENTERS OF AMERICA, INC.",1989-03-21,LIFE CARE CENTERS OF AMERICA,311,194,3.5,2.9,3.3,4.5,N,NA,N,N,N,Both,Yes,5,NA,4,NA,5,NA,5,NA,4,NA,2,NA,NA,NA,1.84899,1.07104,0.5289,1.59995,3.44894,2.97453,0.4225,0.06289,39.3,NA,25,NA,0,NA,1.46653,1.05378,2.45736,0.90658,0.71585,4.07978,3.61931,1.74238,1.00929,0.49841,3.25008,2.80303,2025-04-10,3,3,1,24,1,0,24,2023-09-14,5,5,5,20,1,0,20,23,NA,0,0,0,0,"3850 SAFEHAVEN DRIVE,LAWRENCEVILLE,GA,30044",33.8951,-84.101,NA,2026-06-01
115348,Etowah Landing,809 SOUTH BROAD STREET,ROME,GA,30161,7062351337,460,Floyd,Y,For profit - Individual,100,83.4,NA,Medicare and Medicaid,N,ROME CENTER LLC,1989-02-01,NA,NA,NA,NA,NA,NA,NA,N,NA,N,N,N,Both,Yes,1,NA,1,NA,3,NA,5,NA,2,NA,1,NA,NA,NA,2.31649,1.07979,0.42322,1.50301,3.8195,3.45983,0.38304,0.06349,88.1,NA,91.7,NA,2,NA,1.73829,1.24905,2.91272,1.07458,0.8485,4.8358,4.29,1.84165,0.85846,0.33647,3.03657,2.75063,2025-06-12,2,2,1,8,1,0,8,2024-02-12,9,9,0,469,2,235,704,182,NA,1,88205,1,2,"809 SOUTH BROAD STREET,ROME,GA,30161",34.2405,-85.183,NA,2026-06-01
115350,DELMAR GARDENS OF GWINNETT,3100 CLUB DRIVE,LAWRENCEVILLE,GA,30044,7709233100,530,Gwinnett,Y,For profit - Corporation,67,61.7,NA,Medicare and Medicaid,N,DELMAR GARDENS OF GWINNETT OPERATING LLC,1989-02-02,DELMAR GARDENS,180,12,2.9,3.1,2.9,2.4,N,NA,N,N,N,Resident,Yes,2,NA,3,NA,2,NA,1,NA,2,NA,1,25,25,6,NA,NA,NA,NA,NA,NA,NA,NA,44.4,NA,57.1,NA,1,NA,NA,NA,NA,NA,NA,NA,NA,NA,NA,NA,NA,NA,2025-08-14,4,4,0,28,1,0,28,2024-04-16,8,8,8,68,1,0,68,38,NA,0,0,0,0,"3100 CLUB DRIVE,LAWRENCEVILLE,GA,30044",33.9398,-84.099,NA,2026-06-01
115351,MUSCOGEE MANOR & REHABILITATION CTR,7150 MANOR ROAD,COLUMBUS,GA,31907,7065613218,780,Muscogee,Y,Government - City,196,87,NA,Medicare and Medicaid,N,HOSPITAL AUTHORITY OF COLUMBUS GA,1989-02-01,NA,NA,NA,NA,NA,NA,NA,N,NA,N,N,N,Resident,Yes,3,NA,3,NA,1,NA,1,NA,NA,2,5,NA,NA,NA,3.21844,1.55846,0.5324,2.09086,5.3093,4.51103,0.51043,0.06792,29.9,NA,25,NA,1,NA,1.34147,0.96391,2.24779,0.82927,0.6548,3.73186,3.31066,3.31562,1.60552,0.54848,5.46962,4.64725,2026-02-22,7,7,0,28,1,0,28,2024-11-21,7,7,7,40,1,0,40,31,NA,0,0,1,1,"7150 MANOR ROAD,COLUMBUS,GA,31907",32.4937,-84.867,NA,2026-06-01
115353,RIVERSIDE HEALTH AND REHABILITATION,101 OLD TALBOTTON  RD,THOMASTON,GA,30286,7066478161,920,Upson,N,Non profit - Other,73,69.7,NA,Medicare and Medicaid,N,RIVERSIDE NURSING CENTER OF THOMASTON LLC,1989-03-27,ETHICA HEALTH,834,50,3.6,3.6,3,3.1,N,NA,N,N,N,Resident,Yes,4,NA,3,NA,5,NA,4,NA,5,NA,3,NA,NA,NA,2.2667,0.84809,0.24768,1.09577,3.36247,2.94508,0.16743,0.00619,35,NA,20,NA,0,NA,1.25025,0.89837,2.09494,0.77288,0.61028,3.47809,3.08554,2.50552,0.93745,0.27378,3.71675,3.25538,2026-02-15,3,3,0,24,1,0,24,2024-11-15,6,6,5,36,1,0,36,27,NA,0,0,0,0,"101 OLD TALBOTTON  RD,THOMASTON,GA,30286",32.8776,-84.336,NA,2026-06-01
115354,LaGrange Trails of Journey LLC,2111 WEST POINT ROAD,LAGRANGE,GA,30240,7068129293,910,Troup,N,For profit - Limited Liability company,138,107.8,NA,Medicare and Medicaid,N,LAGRANGE CARE CENTER LLC,1989-06-01,JOURNEY HEALTHCARE,766,34,2,2.4,1.4,2.6,N,NA,N,N,N,Resident,Yes,4,NA,4,NA,3,NA,4,NA,2,NA,2,NA,NA,NA,2.82056,0.69527,0.43176,1.12703,3.94759,3.34374,0.28809,0.02619,50,NA,44.4,NA,2,NA,1.37856,0.99057,2.30995,0.8522,0.67291,3.83506,3.40221,2.82754,0.69699,0.43282,3.95736,3.35202,2025-05-22,7,7,6,28,1,0,28,2023-11-16,2,2,2,8,1,0,8,23,NA,0,0,0,0,"2111 WEST POINT ROAD,LAGRANGE,GA,30240",33.0249,-85.077,NA,2026-06-01
115356,DUBLINAIR HEALTH & REHAB,300 INDUSTRIAL BLVD,DUBLIN,GA,31021,4782727437,660,Laurens,N,For profit - Corporation,149,104.3,NA,Medicare and Medicaid,N,DUBLIN HEALTH PROPERTIES LLC,1989-04-11,C. ROSS MANAGEMENT,95,8,2.1,2.8,1.1,2.4,N,NA,N,N,N,Resident,Yes,3,NA,3,NA,5,NA,3,NA,5,NA,1,NA,NA,NA,2.12642,0.94028,0.26703,1.20732,3.33373,2.90191,0.11978,0.00467,40,NA,50,NA,0,NA,1.58941,1.14207,2.66325,0.98254,0.77583,4.42162,3.92257,1.8489,0.81757,0.23218,2.89864,2.52318,2025-09-14,5,3,2,48,1,0,48,2024-08-21,1,1,0,4,1,0,4,37,NA,1,6682,0,1,"300 INDUSTRIAL BLVD,DUBLIN,GA,31021",32.5393,-82.957,NA,2026-06-01
115358,TREUTLEN COUNTY HEALTH AND REHABILITATION,"2249 COLLEGE STREET, NORTH",SOPERTON,GA,30457,9125294418,903,Treutlen,N,Non profit - Other,50,49.2,NA,Medicare and Medicaid,N,TREUTLEN COUNTY NURSING HOME LLC,1989-05-01,ETHICA HEALTH,834,50,3.6,3.6,3,3.1,N,NA,N,N,N,Resident,Yes,4,NA,4,NA,4,NA,4,NA,NA,2,4,NA,NA,NA,2.24142,0.40218,1.09244,1.49462,3.73605,2.96247,0.60989,0.05008,39.5,NA,25,NA,0,NA,1.36501,0.98083,2.28724,0.84382,0.66629,3.79736,3.36876,2.26928,0.40718,1.10602,3.78248,2.99928,2026-03-22,3,2,1,16,1,0,16,2025-04-14,1,0,1,16,0,0,16,16,NA,0,0,0,0,"2249 COLLEGE STREET, NORTH,SOPERTON,GA,30457",32.3814,-82.584,NA,2026-06-01
115360,FAYETTEVILLE CENTER FOR NURSING & HEALING LLC,110 BRANDYWINE BOULEVARD,FAYETTEVILLE,GA,30214,7704612928,451,Fayette,Y,For profit - Limited Liability company,162,148.1,NA,Medicare and Medicaid,N,FAYETTEVILLE CENTER FOR NURSING & HEALING LLC,1989-04-20,EMPIRE CARE CENTERS,202,19,1.8,2.2,1.4,3.2,N,NA,N,N,N,Resident,Yes,2,NA,3,NA,3,NA,4,NA,3,NA,1,NA,NA,NA,1.68558,1.15712,0.30099,1.45811,3.14369,2.72213,0.18019,0.08516,60,NA,61.5,NA,1,NA,1.50902,1.08431,2.52856,0.93285,0.73659,4.198,3.72419,1.54366,1.0597,0.27565,2.87901,2.49294,2025-06-13,12,5,12,48,1,0,48,2024-02-01,7,2,7,44,1,0,44,47,0,2,11171,0,2,"110 BRANDYWINE BOULEVARD,FAYETTEVILLE,GA,30214",33.4522,-84.483,NA,2026-06-01
115361,Brentwood Health Center by Harborview,115 BRENTWOOD DRIVE,WAYNESBORO,GA,30830,7065544425,150,Burke,Y,For profit - Corporation,103,81.4,NA,Medicare and Medicaid,N,MGHP-BRENTWOOD LLC,1989-04-01,HARBORVIEW HEALTH SYSTEMS,246,22,2,2.1,2.3,2.3,N,NA,N,N,N,Resident,Yes,2,NA,2,NA,2,NA,1,NA,3,NA,2,NA,NA,NA,2.11607,0.8888,0.78694,1.67574,3.79182,3.55297,0.93735,0.00954,NA,26,NA,26,1,NA,1.59134,1.14346,2.66649,0.98374,0.77677,4.427,3.92734,1.83767,0.77186,0.68341,3.29294,3.08552,2025-06-15,9,9,9,68,1,0,68,2023-08-24,2,2,0,8,1,0,8,53,NA,0,0,0,0,"115 BRENTWOOD DRIVE,WAYNESBORO,GA,30830",33.0833,-82.011,NA,2026-06-01
115362,MACON REHABILITATION AND HEALTHCARE,505 COLISEUM DRIVE,MACON,GA,31217,4787438687,090,Bibb,Y,For profit - Limited Liability company,100,85.3,NA,Medicare and Medicaid,N,COLISEUM DRIVE ASSOCIATES LLC,1989-04-01,WELLINGTON HEALTH CARE SERVICES,559,14,1.8,2,1.8,2.2,N,NA,N,N,N,Resident,Yes,2,NA,3,NA,2,NA,4,NA,1,NA,1,NA,NA,NA,1.79585,0.77366,0.32214,1.0958,2.89165,2.37827,0.24666,0.0402,57.6,NA,50,NA,0,NA,1.4792,1.06288,2.47858,0.91441,0.72203,4.11502,3.65058,1.67781,0.72281,0.30097,2.70159,2.22195,2025-08-21,6,4,3,36,1,0,36,2024-04-21,9,7,4,44,1,0,44,38,NA,5,24702,0,5,"505 COLISEUM DRIVE,MACON,GA,31217",32.8465,-83.617,NA,2026-06-01
115363,HARBORVIEW ROME,1345 REDMOND CIRCLE,ROME,GA,30165,7062348281,460,Floyd,Y,For profit - Limited Liability company,100,89.1,NA,Medicare and Medicaid,N,"HARBORVIEW ROME, LLC",1989-01-01,HARBORVIEW HEALTH SYSTEMS,246,22,2,2.1,2.3,2.3,N,NA,Y,N,N,Resident,Yes,2,NA,2,NA,2,NA,2,NA,1,NA,3,NA,NA,NA,1.97212,1.03242,0.59391,1.62633,3.59845,3.11925,0.33713,0.04813,40.7,NA,25,NA,0,NA,1.47044,1.05659,2.4639,0.909,0.71776,4.09066,3.62896,1.85348,0.97031,0.55818,3.38196,2.93159,2025-12-04,7,2,5,44,1,0,44,2024-08-01,4,4,4,16,1,0,16,37,0,0,0,0,0,"1345 REDMOND CIRCLE,ROME,GA,30165",34.2848,-85.204,NA,2026-06-01
115364,MONTEZUMA HEALTH AND REHABILITATION,506 SUMTER ST,MONTEZUMA,GA,31063,4784728168,710,Macon,N,Non profit - Other,100,69.6,NA,Medicare and Medicaid,N,MONTEZUMA HEALTH CARE CENTER LLC,1989-07-01,ETHICA HEALTH,834,50,3.6,3.6,3,3.1,N,NA,N,N,N,Resident,Yes,3,NA,4,NA,1,NA,1,NA,NA,2,2,NA,NA,NA,2.27355,0.60695,0.61939,1.22634,3.49989,3.06408,0.36608,0.05466,65.8,NA,36.4,NA,0,NA,1.42786,1.026,2.39256,0.88268,0.69698,3.97222,3.52389,2.20048,0.58744,0.59949,3.3874,2.96561,2026-01-18,2,2,0,12,1,0,12,2024-09-15,4,0,4,48,0,0,48,21,NA,5,24284,0,5,"506 SUMTER ST,MONTEZUMA,GA,31063",32.2942,-84.03,NA,2026-06-01
115365,THOMSON HEALTH AND REHABILITATION,511 MT. PLEASANT ROAD,THOMSON,GA,30824,7065955574,702,Mc Duffie,Y,For profit - Limited Liability company,150,109.1,NA,Medicare and Medicaid,N,PHG THOMSON LLC,1989-08-01,PEACH HEALTH GROUP,604,5,1.6,1.8,1.8,2,N,NA,N,N,N,Resident,Yes,3,NA,3,NA,3,NA,5,NA,2,NA,2,NA,NA,NA,1.93157,1.00408,0.28131,1.28539,3.21696,2.7339,0.09579,0.0056,52.2,NA,20,NA,1,NA,1.38367,0.99424,2.3185,0.85535,0.6754,3.84926,3.41481,1.92921,1.00285,0.28097,3.21303,2.73056,2026-02-12,5,5,0,32,1,0,32,2024-11-21,12,6,6,72,1,0,72,42,NA,0,0,0,0,"511 MT. PLEASANT ROAD,THOMSON,GA,30824",33.4577,-82.512,NA,2026-06-01
115368,Carrollton Crossing of Journey LLC,2327 NORTH HIGHWAY 27,CARROLLTON,GA,30117,7708344404,190,Carroll,Y,For profit - Corporation,159,96.8,NA,Medicare and Medicaid,N,Legal Business Name Not Available,1989-05-04,CYPRESS SKILLED NURSING,176,7,2,2.9,1.1,2.3,N,NA,Y,N,N,Resident,Yes,1,NA,2,NA,1,NA,1,NA,2,NA,1,NA,NA,NA,1.06128,0.75285,0.27828,1.03113,2.09241,1.67844,0.18602,0,100,NA,100,NA,1,NA,1.18827,0.85384,1.9911,0.73457,0.58003,3.30569,2.93259,1.23428,0.87557,0.32364,2.43349,1.95204,2026-04-09,9,8,8,48,1,0,48,2025-03-20,15,15,15,104,1,0,104,62,NA,1,3728,0,1,"2327 NORTH HIGHWAY 27,CARROLLTON,GA,30117",33.5276,-85.074,NA,2026-06-01
115369,HERITAGE INN OF SANDERSVILLE HEALTH AND REHAB,652 FERNCREST DRIVE,SANDERSVILLE,GA,31082,4785523015,950,Washington,N,Non profit - Other,60,59.1,NA,Medicare and Medicaid,N,HERITAGE INN OF SANDERSVILLE LLC,1989-05-01,ETHICA HEALTH,834,50,3.6,3.6,3,3.1,N,NA,N,N,N,Both,Yes,5,NA,5,NA,5,NA,5,NA,NA,2,4,NA,NA,NA,2.18769,0.67521,0.61513,1.29034,3.47803,2.94759,0.28295,0.03124,22.4,NA,0,NA,0,NA,1.34678,0.96774,2.25671,0.83256,0.6574,3.74666,3.32379,2.24485,0.69285,0.6312,3.5689,3.02461,2025-03-30,0,0,0,0,0,0,0,2024-01-11,0,0,0,0,0,0,0,0,NA,0,0,0,0,"652 FERNCREST DRIVE,SANDERSVILLE,GA,31082",33.0019,-82.804,NA,2026-06-01
115373,"PRUITTHEALTH - LAKEHAVEN, LLC",410 EAST NORTHSIDE DRIVE,VALDOSTA,GA,31602,2292427368,700,Lowndes,Y,For profit - Corporation,90,80.9,NA,Medicare and Medicaid,N,"PRUITTHEALTH - LAKEHAVEN, LLC",1989-06-15,PRUITTHEALTH,434,99,2.8,2.8,2.5,3.7,N,NA,N,N,N,Resident,Yes,1,NA,1,NA,3,NA,3,NA,3,NA,1,NA,NA,NA,2.02653,0.42034,0.46933,0.88967,2.9162,2.64047,0.21343,0.02882,60.6,NA,69.2,NA,2,NA,1.34531,0.96668,2.25424,0.83164,0.65668,3.74256,3.32015,2.08176,0.43179,0.48212,2.99567,2.71243,2025-08-07,2,2,0,20,1,0,20,2024-03-21,11,7,10,290,2,145,435,123.75,NA,1,68297,1,2,"410 EAST NORTHSIDE DRIVE,VALDOSTA,GA,31602",30.8695,-83.288,NA,2026-06-01
115375,RIVERSIDE HEALTH CARE CENTER,5100 WEST ST NW,COVINGTON,GA,30014,7707870211,790,Newton,Y,For profit - Corporation,159,155.3,NA,Medicare and Medicaid,N,RIVERSIDE HEALTHCARE LP,1989-06-01,WELLINGTON HEALTH CARE SERVICES,559,14,1.8,2,1.8,2.2,N,NA,N,N,N,Resident,Yes,1,NA,1,NA,3,NA,3,NA,2,NA,1,NA,NA,NA,2.47121,0.75347,0.23571,0.98918,3.46039,3.06754,0.12846,0.13304,45.3,NA,53.8,NA,0,NA,1.4582,1.04779,2.44339,0.90143,0.71178,4.0566,3.59875,2.34203,0.71408,0.22339,3.27951,2.90719,2025-04-03,7,5,7,72,2,36,108,2023-01-19,18,17,1,108,1,0,108,108,1,0,0,0,0,"5100 WEST ST NW,COVINGTON,GA,30014",33.6066,-83.867,NA,2026-06-01
115376,SOUTHLAND HEALTHCARE AND REHAB CENTER,606 SIMMONS ST,DUBLIN,GA,31040,4782721666,660,Laurens,N,For profit - Partnership,126,59.4,NA,Medicare and Medicaid,N,SOUTHLAND OPERATIONS LLC,1989-06-01,REGIONAL HEALTH PROPERTIES,856,5,1.2,1.6,1.2,1.8,N,NA,N,N,N,Both,Yes,1,NA,1,NA,2,NA,2,NA,3,NA,1,NA,NA,NA,1.96191,1.34018,0.22252,1.56269,3.5246,3.03133,0.14205,0.00544,NA,26,NA,26,NA,26,1.67632,1.20453,2.80889,1.03627,0.81826,4.66342,4.13707,1.61741,1.10485,0.18344,2.9057,2.49905,2026-03-15,4,4,4,16,1,0,16,2025-04-06,16,7,13,279,1,0,279,81.75,NA,2,16801,1,3,"606 SIMMONS ST,DUBLIN,GA,31040",32.5186,-82.914,NA,2026-06-01
115377,"PRUITTHEALTH - VALDOSTA, LLC",2501 NORTH ASHLEY STREET,VALDOSTA,GA,31602,2292447368,700,Lowndes,Y,For profit - Corporation,98,91.8,NA,Medicare and Medicaid,N,"PRUITTHEALTH - VALDOSTA, LLC",1989-06-15,PRUITTHEALTH,434,99,2.8,2.8,2.5,3.7,N,NA,N,N,N,Resident,Yes,2,NA,3,NA,4,NA,5,NA,4,NA,1,NA,NA,NA,1.95836,0.82198,0.34848,1.17046,3.12882,2.70719,0.18992,0.01278,47.4,NA,60,NA,0,NA,1.66772,1.19834,2.79447,1.03095,0.81405,4.63947,4.11583,1.62282,0.68114,0.28877,2.59273,2.24334,2025-06-13,5,5,3,32,1,0,32,2023-09-15,8,7,2,48,1,0,48,36,0,0,0,0,0,"2501 NORTH ASHLEY STREET,VALDOSTA,GA,31602",30.8639,-83.284,NA,2026-06-01
115379,PRUITTHEALTH - MONROE,4796 HIGHWAY 42 NORTH,FORSYTH,GA,31029,4789945662,760,Monroe,Y,For profit - Corporation,83,70.3,NA,Medicare and Medicaid,N,"PRUITTHEALTH - MONROE, LLC",1989-03-08,PRUITTHEALTH,434,99,2.8,2.8,2.5,3.7,N,NA,N,N,N,Resident,Yes,4,NA,4,NA,2,NA,2,NA,NA,2,2,NA,NA,NA,2.11416,0.85024,0.42407,1.27431,3.38848,2.89617,0.22158,0.03899,28.3,NA,54.5,NA,0,NA,1.34366,0.96549,2.25147,0.83063,0.65587,3.73797,3.31608,2.17444,0.87449,0.43616,3.48509,2.97875,2025-09-14,0,0,0,0,0,0,0,2024-05-05,9,7,2,60,1,0,60,15,NA,0,0,0,0,"4796 HIGHWAY 42 NORTH,FORSYTH,GA,31029",33.1523,-83.955,NA,2026-06-01
115381,"COTTAGES AT ROCKMART, THE",750 GOODYEAR AVENUE,ROCKMART,GA,30153,7707483622,830,Polk,N,For profit - Limited Liability company,116,96.9,NA,Medicare and Medicaid,N,Legal Business Name Not Available,1989-09-15,RELIABLE HEALTH CARE MANAGEMENT,728,7,2.9,3.3,2.6,2.9,N,NA,N,N,N,Resident,Yes,4,NA,4,NA,3,NA,2,NA,4,NA,4,NA,NA,NA,4.09956,1.29298,0.38057,1.67354,5.7731,5.43595,0.27545,0.04006,32.9,NA,NA,27,0,NA,1.23022,0.88398,2.06139,0.7605,0.6005,3.42239,3.03612,4.60525,1.45247,0.42751,6.48523,6.1065,2026-01-11,3,2,1,24,1,0,24,2024-11-24,4,4,4,16,1,0,16,22,NA,0,0,0,0,"750 GOODYEAR AVENUE,ROCKMART,GA,30153",34.0034,-85.033,NA,2026-06-01
115382,SPARTA HEALTH AND REHABILITATION,11744 HIGHWAY 22 E,SPARTA,GA,31087,7064446057,560,Hancock,N,Non profit - Other,81,55.4,NA,Medicare and Medicaid,N,SPARTA HEALTH CARE LLC,1989-09-01,ETHICA HEALTH,834,50,3.6,3.6,3,3.1,N,NA,N,N,N,Resident,Yes,5,NA,5,NA,4,NA,4,NA,NA,2,4,NA,NA,NA,2.76994,0.5543,0.40025,0.95455,3.72448,3.19153,0.21096,0.0058,38.3,NA,33.3,NA,0,NA,1.20533,0.8661,2.01969,0.74511,0.58835,3.35315,2.97469,3.17587,0.63553,0.4589,4.2703,3.65924,2026-04-01,0,0,0,0,0,0,0,2025-03-13,2,2,2,8,1,0,8,2,NA,0,0,0,0,"11744 HIGHWAY 22 E,SPARTA,GA,31087",33.3521,-82.929,NA,2026-06-01
115384,PruittHealth - Carrollton,921 OLD NEWNAN ROAD,CARROLLTON,GA,30117,7708343501,190,Carroll,Y,For profit - Corporation,42,33.7,NA,Medicare and Medicaid,N,"THE OAKS - CARROLLTON, LLC",1989-07-01,PRUITTHEALTH,434,99,2.8,2.8,2.5,3.7,N,NA,N,N,N,Resident,Yes,4,NA,4,NA,3,NA,4,NA,2,NA,4,NA,NA,NA,1.93128,0.67585,0.95764,1.63349,3.56477,3.10109,0.62262,0.1242,52.4,NA,14.3,NA,0,NA,1.38998,0.99877,2.32908,0.85926,0.67848,3.86682,3.43039,1.92016,0.67196,0.95212,3.54424,3.08323,2026-01-11,1,1,0,4,1,0,4,2024-11-14,7,5,7,48,1,0,48,15,NA,0,0,0,0,"921 OLD NEWNAN ROAD,CARROLLTON,GA,30117",33.5752,-85.05,NA,2026-06-01
115385,"PRUITTHEALTH - CRESTWOOD, LLC",415 PENDLETON PLACE,VALDOSTA,GA,31602,2292426868,700,Lowndes,Y,For profit - Limited Liability company,79,69.8,NA,Medicare and Medicaid,N,"PRUITTHEALTH - CRESTWOOD, LLC",1989-06-16,PRUITTHEALTH,434,99,2.8,2.8,2.5,3.7,N,NA,N,N,N,Resident,Yes,4,NA,4,NA,4,NA,4,NA,3,NA,4,NA,NA,NA,2.12366,0.58435,0.8159,1.40024,3.5239,2.88088,0.59352,0.031,32.8,NA,14.3,NA,0,NA,1.28895,0.92618,2.1598,0.7968,0.62917,3.58577,3.18106,2.27692,0.62652,0.87478,3.77821,3.08878,2025-06-26,1,1,0,16,1,0,16,2024-02-22,4,1,3,28,1,0,28,19,NA,1,17456,0,1,"415 PENDLETON PLACE,VALDOSTA,GA,31602",30.8638,-83.283,NA,2026-06-01
115387,OXLEY PARK HEALTH AND REHABILITATION,181 OXLEY DRIVE,LYONS,GA,30436,9125266336,901,Toombs,N,Non profit - Other,144,86.6,NA,Medicare and Medicaid,N,TOOMBS NURSING HOME LLC,1989-09-01,ETHICA HEALTH,834,50,3.6,3.6,3,3.1,N,NA,N,N,N,Resident,Yes,3,NA,3,NA,2,NA,2,NA,2,NA,3,NA,NA,NA,2.49014,0.52298,0.5633,1.08628,3.57642,3.00361,0.26406,0.02185,55.1,NA,45.5,NA,0,NA,1.19991,0.8622,2.01061,0.74176,0.58571,3.33808,2.96132,2.86796,0.60233,0.64877,4.11906,3.45934,2026-03-05,3,3,0,28,1,0,28,2025-01-30,5,5,2,32,1,0,32,29,NA,0,0,0,0,"181 OXLEY DRIVE,LYONS,GA,30436",32.2056,-82.34,NA,2026-06-01
115391,PRUITTHEALTH - EASTSIDE,2795 FINNEY CIRCLE,MACON,GA,31217,4787421117,090,Bibb,Y,For profit - Corporation,90,81.7,NA,Medicare and Medicaid,N,"PRUITTHEALTH - EASTSIDE, LLC",1989-06-01,PRUITTHEALTH,434,99,2.8,2.8,2.5,3.7,N,NA,N,N,N,Resident,Yes,4,NA,4,NA,5,NA,5,NA,NA,2,1,NA,NA,NA,1.87402,0.6036,0.45923,1.06283,2.93684,2.57394,0.33636,0.01278,50.8,NA,75,NA,2,NA,1.42783,1.02597,2.39251,0.88266,0.69696,3.97213,3.52381,1.81383,0.58422,0.44448,2.84252,2.49128,2026-01-14,4,3,1,16,1,0,16,2024-09-22,5,5,5,44,1,0,44,23,NA,0,0,0,0,"2795 FINNEY CIRCLE,MACON,GA,31217",32.8599,-83.579,NA,2026-06-01
115393,Pruitthealth - Scenic View,205 PEACH ORCHARD ROAD,BALDWIN,GA,30511,7067788377,540,Habersham,N,For profit - Corporation,148,110.3,NA,Medicare and Medicaid,N,THE OAKS - SCENIC VIEW SKILLED NURSING LLC,1989-10-12,PRUITTHEALTH,434,99,2.8,2.8,2.5,3.7,N,NA,N,N,N,Resident,Yes,4,NA,5,NA,3,NA,2,NA,3,NA,1,NA,NA,NA,1.33795,0.82367,0.45998,1.28365,2.6216,2.08873,0.28658,0.06626,48,NA,30.8,NA,3,NA,1.44309,1.03693,2.41807,0.89209,0.70441,4.01456,3.56145,1.28129,0.78879,0.4405,2.51058,2.00027,2025-08-07,1,1,1,4,1,0,4,2024-03-28,7,5,2,28,1,0,28,10,NA,0,0,0,0,"205 PEACH ORCHARD ROAD,BALDWIN,GA,30511",34.4984,-83.537,NA,2026-06-01
115394,PRUITTHEALTH - PEAKE,6190 PEAKE ROAD,MACON,GA,31220,4784717474,090,Bibb,Y,For profit - Corporation,122,116.3,NA,Medicare and Medicaid,N,"PRUITTHEALTH - PEAKE, LLC",1989-06-01,PRUITTHEALTH,434,99,2.8,2.8,2.5,3.7,N,NA,N,N,N,Resident,Yes,4,NA,4,NA,3,NA,4,NA,2,NA,2,NA,NA,NA,1.87525,0.79103,0.50758,1.2986,3.17385,2.66971,0.25977,0.08188,41.4,NA,25,NA,0,NA,1.52946,1.09899,2.56279,0.94548,0.74656,4.25484,3.77461,1.69442,0.71475,0.45863,2.86781,2.41227,2025-03-10,3,3,3,16,1,0,16,2023-11-19,1,1,1,16,1,0,16,16,NA,0,0,0,0,"6190 PEAKE ROAD,MACON,GA,31220",32.8668,-83.757,NA,2026-06-01
115395,WINTHROP HEALTH AND REHABILITATION,12 CHATEAU DRIVE,ROME,GA,30161,7062351422,460,Floyd,Y,Non profit - Other,80,78.5,NA,Medicare and Medicaid,N,WINTHROP MANOR NURSING HOME LLC,1989-07-01,ETHICA HEALTH,834,50,3.6,3.6,3,3.1,N,NA,N,N,N,Resident,Yes,4,NA,4,NA,2,NA,2,NA,1,NA,3,NA,NA,NA,2.37708,0.34344,0.6781,1.02154,3.39862,2.91346,0.39217,0.01844,50.7,NA,41.7,NA,0,NA,1.24366,0.89363,2.0839,0.7688,0.60706,3.45977,3.06928,2.64145,0.38164,0.75352,3.77661,3.23749,2025-09-18,3,3,0,12,1,0,12,2024-06-09,3,3,3,36,1,0,36,18,NA,0,0,0,0,"12 CHATEAU DRIVE,ROME,GA,30161",34.2221,-85.153,NA,2026-06-01
115396,QUIET OAKS HEALTH CARE CENTER,125 QUIET OAKS DRIVE,CRAWFORD,GA,30630,7067435452,801,Oglethorpe,Y,For profit - Corporation,61,59.2,NA,Medicare and Medicaid,N,PINE LEAF INVESTMENT INC,1989-07-01,NA,NA,NA,NA,NA,NA,NA,N,NA,N,N,N,Resident,Yes,3,NA,4,NA,3,NA,2,NA,3,NA,1,NA,NA,NA,2.25749,0.85922,0.2269,1.08612,3.34361,2.96582,0.1499,0.00818,24.4,NA,NA,27,0,NA,1.81012,1.30067,3.03308,1.11898,0.88356,5.03562,4.46727,1.72353,0.65599,0.17323,2.55275,2.26432,2026-02-18,2,2,0,8,1,0,8,2024-12-22,4,4,4,32,1,0,32,14,NA,0,0,0,0,"125 QUIET OAKS DRIVE,CRAWFORD,GA,30630",33.9045,-83.192,22,2026-06-01
115397,"Woods at Sparta of Journey LLC, The",60 PROVIDENCE STREET,SPARTA,GA,31087,7064445153,560,Hancock,N,For profit - Corporation,71,36.7,NA,Medicare and Medicaid,N,SELECTIS SPARTA LLC,1989-09-01,JOURNEY HEALTHCARE,766,34,2,2.4,1.4,2.6,N,NA,N,N,N,Resident,Yes,1,NA,2,NA,1,NA,1,NA,NA,2,1,NA,NA,NA,2.18386,0.99224,0.3106,1.30284,3.4867,2.9871,0.21897,0.00141,50,NA,100,NA,2,NA,1.53304,1.10157,2.56879,0.94769,0.74831,4.26479,3.78344,1.96867,0.89447,0.27999,3.14313,2.69275,2025-12-11,2,2,0,20,1,0,20,2024-08-11,17,16,1,136,1,0,136,49,NA,2,13325,0,2,"60 PROVIDENCE STREET,SPARTA,GA,31087",33.2833,-82.97,NA,2026-06-01
115401,PRUITTHEALTH - SPRING VALLEY,651 RHODES DRIVE,ELBERTON,GA,30635,7062833880,430,Elbert,N,For profit - Individual,60,51.8,NA,Medicare and Medicaid,N,"PRUITTHEALTH - SPRING VALLEY, LLC",1989-07-01,PRUITTHEALTH,434,99,2.8,2.8,2.5,3.7,N,NA,N,N,N,Resident,Yes,5,NA,5,NA,2,NA,2,NA,NA,2,2,NA,NA,NA,1.9294,0.90331,0.4211,1.32441,3.25381,2.79564,0.28566,0.07817,41.3,NA,58.3,NA,0,NA,1.38638,0.99619,2.32305,0.85703,0.67672,3.85681,3.4215,1.92327,0.90044,0.41976,3.24347,2.78676,2025-08-21,0,0,0,0,0,0,0,2024-01-07,6,3,3,24,1,0,24,6,NA,0,0,0,0,"651 RHODES DRIVE,ELBERTON,GA,30635",34.1021,-82.893,NA,2026-06-01
115403,QUINTON MEM HC & REHAB CENTER,1115 PROFESSIONAL BLVD,DALTON,GA,30720,7062264642,970,Whitfield,Y,Non profit - Corporation,120,85,NA,Medicare and Medicaid,N,HLTC INC,1989-05-01,NA,NA,NA,NA,NA,NA,NA,N,NA,N,N,N,Resident,Yes,4,NA,4,NA,3,NA,2,NA,4,NA,3,NA,NA,NA,2.35012,1.06999,0.42672,1.4967,3.84683,3.5369,0.2806,0.05269,50,NA,44.4,NA,0,NA,1.24101,0.89173,2.07947,0.76717,0.60577,3.4524,3.06274,2.61707,1.19152,0.47519,4.28378,3.93866,2025-03-13,1,1,1,4,1,0,4,2023-02-23,7,6,1,60,1,0,60,18,NA,1,8512,0,1,"1115 PROFESSIONAL BLVD,DALTON,GA,30720",34.7931,-84.986,NA,2026-06-01
115404,"Woods at Lumber City of Journey LLC, The",93 GA- 19,LUMBER CITY,GA,31549,9123632484,884,Telfair,N,For profit - Limited Liability company,86,62.6,NA,Medicare and Medicaid,N,LC LUMBER CITY LLC,1989-07-01,JOURNEY HEALTHCARE,766,34,2,2.4,1.4,2.6,N,NA,N,N,N,Resident,Yes,2,NA,3,NA,3,NA,3,NA,3,NA,1,NA,NA,NA,1.98072,0.87568,0.32177,1.19746,3.17817,3.0253,0.19765,0.07322,49,NA,66.7,NA,0,NA,1.33478,0.95911,2.23659,0.82513,0.65154,3.71325,3.29415,2.05075,0.90665,0.33315,3.29055,3.13227,2025-08-14,8,8,0,44,1,0,44,2023-10-13,0,0,0,0,0,0,0,33,0,0,0,0,0,"93 GA- 19,LUMBER CITY,GA,31549",31.9112,-82.774,22,2026-06-01
115406,WRIGHTSVILLE MANOR HEALTH AND REHAB,337 WEST COURT STREET,WRIGHTSVILLE,GA,31096,4788642286,640,Johnson,N,For profit - Limited Liability company,94,75.5,NA,Medicare and Medicaid,N,PHG WRIGHTSVILLE LLC,1989-11-01,PEACH HEALTH GROUP,604,5,1.6,1.8,1.8,2,N,NA,N,N,N,Resident,Yes,1,NA,1,NA,1,NA,1,NA,2,NA,1,NA,NA,NA,2.13856,0.78688,0.29112,1.078,3.21656,2.78321,0.16845,0.05742,40.4,NA,NA,27,0,NA,1.52924,1.09884,2.56243,0.94535,0.74646,4.25424,3.77408,1.93262,0.7111,0.26308,2.9068,2.51519,2025-07-31,8,7,1,36,1,0,36,2023-10-08,6,4,3,157,2,79,236,86,NA,3,74208,0,3,"337 WEST COURT STREET,WRIGHTSVILLE,GA,31096",32.7296,-82.73,NA,2026-06-01
115409,PRUITTHEALTH - FORT OGLETHORPE,1067 BATTLEFIELD PARKWAY,FORT OGLETHORPE,GA,30742,7068615154,200,Catoosa,Y,For profit - Limited Liability company,120,101.2,NA,Medicare and Medicaid,N,"PRUITTHEALTH - FORT OGLETHORPE, LLC",1989-08-01,PRUITTHEALTH,434,99,2.8,2.8,2.5,3.7,N,NA,N,N,N,Resident,Yes,3,NA,3,NA,4,NA,4,NA,NA,2,2,NA,NA,NA,1.81979,0.74047,0.38441,1.12487,2.94466,2.44469,0.28416,0.01607,41.6,NA,54.5,NA,0,NA,1.21174,0.8707,2.03043,0.74907,0.59148,3.37098,2.99051,2.07544,0.84449,0.43841,3.35833,2.78813,2026-01-15,5,5,4,20,1,0,20,2024-09-12,6,5,3,44,1,0,44,26,NA,2,10699,0,2,"1067 BATTLEFIELD PARKWAY,FORT OGLETHORPE,GA,30742",34.9527,-85.245,NA,2026-06-01
115410,PruittHealth - Limestone,2560 FLINTRIDGE ROAD,GAINESVILLE,GA,30501,7705363391,550,Hall,Y,For profit - Corporation,104,96.2,NA,Medicare and Medicaid,N,"THE OAKS - LIMESTONE, LLC",1989-07-24,PRUITTHEALTH,434,99,2.8,2.8,2.5,3.7,N,NA,N,N,N,Both,Yes,4,NA,3,NA,5,NA,5,NA,4,NA,2,NA,NA,NA,2.35628,0.87736,0.4913,1.36866,3.72494,3.27751,0.36829,0.09457,45.3,NA,55.6,NA,0,NA,1.51932,1.09171,2.54581,0.93921,0.74162,4.22663,3.74959,2.14327,0.79805,0.44689,3.38821,2.98123,2025-06-12,5,5,1,28,1,0,28,2023-10-13,7,7,5,52,1,0,52,34,NA,0,0,0,0,"2560 FLINTRIDGE ROAD,GAINESVILLE,GA,30501",34.3279,-83.808,NA,2026-06-01
115411,PLEASANT VIEW NURSING CENTER,475 WASHINGTON STREET,METTER,GA,30439,9126852168,180,Candler,N,For profit - Corporation,120,95.4,NA,Medicare and Medicaid,N,PW SNF LLC,1990-01-01,BEACON HEALTH MANAGEMENT,69,13,1.4,1.9,1.5,2.2,N,NA,N,N,N,Resident,Yes,1,NA,3,NA,1,20,1,20,NA,20,1,NA,NA,NA,1.98311,0.91782,0.21446,1.13228,3.11539,2.83149,0.18386,0.02725,63.6,NA,83.3,NA,NA,26,1.3528,0.97206,2.26679,0.83628,0.66034,3.7634,3.33864,2.02587,0.93761,0.21908,3.18256,2.89255,2026-01-15,2,0,2,12,0,0,12,2024-08-21,11,11,10,68,1,0,68,26,NA,0,0,0,0,"475 WASHINGTON STREET,METTER,GA,30439",32.4016,-82.054,NA,2026-06-01
115412,HARBORVIEW TIFTON,1451 NEWTON DRIVE,TIFTON,GA,31794,2293821665,900,Tift,N,For profit - Limited Liability company,100,79.7,NA,Medicare and Medicaid,N,"HARBORVIEW TIFTON, LLC",1989-08-01,HARBORVIEW HEALTH SYSTEMS,246,22,2,2.1,2.3,2.3,N,NA,N,N,N,Resident,Yes,1,NA,1,NA,1,NA,1,NA,1,NA,2,NA,NA,NA,2.0299,1.32997,0.63771,1.96768,3.99758,3.2929,0.37494,0.01749,53,NA,50,NA,2,NA,1.66153,1.1939,2.7841,1.02712,0.81103,4.62225,4.10056,1.68836,1.1062,0.53042,3.32498,2.73886,2025-12-03,16,11,5,88,1,0,88,2024-04-02,13,8,13,140,1,0,140,101,NA,3,22032,0,3,"1451 NEWTON DRIVE,TIFTON,GA,31794",31.4588,-83.488,NA,2026-06-01
115414,HARBORVIEW HEALTH SYSTEMS JESUP,1090 W ORANGE ST,JESUP,GA,31545,9124276858,960,Wayne,N,For profit - Limited Liability company,90,87.3,NA,Medicare and Medicaid,N,HARBORVIEW JESUP LLC,1989-08-01,NA,NA,NA,NA,NA,NA,NA,N,NA,N,N,N,Resident,Yes,5,NA,5,NA,3,NA,2,NA,3,NA,3,NA,NA,NA,2.09737,0.92709,0.76005,1.68714,3.78451,3.32788,0.73285,0.02853,40.4,NA,35.7,NA,0,NA,1.66018,1.19293,2.78183,1.02629,0.81037,4.61849,4.09722,1.7459,0.77173,0.63269,3.15032,2.77021,2025-04-10,0,0,0,0,0,0,0,2023-04-27,1,1,0,4,1,0,4,1,NA,0,0,0,0,"1090 W ORANGE ST,JESUP,GA,31545",31.6118,-81.896,NA,2026-06-01
115418,PRUITTHEALTH - FORSYTH,521 CABINESS ROAD,FORSYTH,GA,31029,4789945671,760,Monroe,Y,For profit - Limited Liability company,72,58.3,NA,Medicare and Medicaid,N,"PRUITTHEALTH - FORSYTH, LLC",1989-06-01,PRUITTHEALTH,434,99,2.8,2.8,2.5,3.7,N,NA,N,N,N,Resident,Yes,2,NA,3,NA,3,NA,3,NA,NA,2,1,NA,NA,NA,1.63359,0.83996,0.43624,1.2762,2.90978,2.59387,0.31357,0.02935,55.6,NA,NA,27,1,NA,1.43259,1.02939,2.40049,0.8856,0.69928,3.98537,3.53556,1.57586,0.81028,0.42083,2.80697,2.50222,2025-05-15,3,2,3,24,1,0,24,2023-12-17,5,5,5,32,1,0,32,26,NA,1,10615,0,1,"521 CABINESS ROAD,FORSYTH,GA,31029",33.0468,-83.934,NA,2026-06-01
115419,"OAKS - ATHENS SKILLED NURSING, THE",490 KATHWOOD DR,ATHENS,GA,30607,7063557400,260,Clarke,Y,For profit - Corporation,148,118.6,NA,Medicare and Medicaid,N,THE OAKS- ATHENS SKILLED NURSING LLC,1989-09-01,PRUITTHEALTH,434,99,2.8,2.8,2.5,3.7,N,NA,N,N,N,Resident,Yes,1,NA,1,NA,3,NA,4,NA,2,NA,2,NA,NA,NA,2.05652,1.08133,0.5158,1.59713,3.65365,3.12162,0.36155,0.09042,41,NA,53.8,NA,0,NA,1.53769,1.10491,2.57658,0.95057,0.75058,4.27773,3.79492,1.84827,0.97183,0.46357,3.28367,2.80551,2026-02-22,4,4,1,32,1,0,32,2025-01-30,7,3,7,266,1,0,266,90.5,NA,1,15646,0,1,"490 KATHWOOD DR,ATHENS,GA,30607",33.9876,-83.404,NA,2026-06-01
115421,Woodstock Center for Nursing and Healing LLC,105 ARNOLD MILL ROAD,WOODSTOCK,GA,30188,7709260016,250,Cherokee,Y,For profit - Limited Liability company,171,137.1,NA,Medicare and Medicaid,N,WOODSTOCK CENTER FOR NURSING AND HEALING LLC,1989-07-01,EMPIRE CARE CENTERS,202,19,1.8,2.2,1.4,3.2,N,NA,Y,N,N,Resident,Yes,1,NA,2,NA,2,NA,2,NA,2,NA,1,NA,NA,NA,2.02881,1.04096,0.35815,1.3991,3.42791,3.07713,0.20578,0.0829,67.5,NA,73.3,NA,2,NA,1.48937,1.07019,2.49562,0.9207,0.727,4.14332,3.67568,1.88252,0.96589,0.33232,3.18073,2.85525,2025-08-28,7,5,6,48,1,0,48,2024-05-16,6,6,6,28,1,0,28,43,NA,0,0,0,0,"105 ARNOLD MILL ROAD,WOODSTOCK,GA,30188",34.1013,-84.517,NA,2026-06-01
115422,ROSWELL CENTER FOR NURSING AND HEALING LLC,1109 GREEN STREET,ROSWELL,GA,30075,7709981802,470,Fulton,Y,For profit - Limited Liability company,268,181.1,NA,Medicare and Medicaid,N,ROSWELL CENTER FOR NURSING AND HEALING LLC,1989-07-01,EMPIRE CARE CENTERS,202,19,1.8,2.2,1.4,3.2,N,NA,N,N,N,Resident,Yes,1,NA,1,NA,1,NA,2,NA,1,NA,1,NA,NA,NA,1.866,1.07538,0.22713,1.30251,3.1685,2.97047,0.16656,0.05363,69.7,NA,70,NA,3,NA,1.46684,1.054,2.4578700000000002,0.90677,0.716,4.08064,3.62007,1.75804,1.01316,0.21399,2.98519,2.79861,2026-03-26,4,2,3,20,1,0,20,2025-02-20,11,11,11,251,1,0,251,77.75,NA,1,206486,0,1,"1109 GREEN STREET,ROSWELL,GA,30075",34.0286,-84.36,NA,2026-06-01
115423,CHESTNUT RIDGE NSG & REHAB CTR,125 SAMARITAN DRIVE,CUMMING,GA,30040,7708890120,461,Forsyth,Y,For profit - Limited Liability company,150,135.2,NA,Medicare and Medicaid,N,CHESTNUT RIDGE CYPRESS LLC,1989-07-01,CYPRESS SKILLED NURSING,176,7,2,2.9,1.1,2.3,N,NA,N,N,N,Both,Yes,1,NA,2,NA,3,NA,3,NA,2,NA,1,NA,NA,NA,1.75826,1.22962,0.38493,1.61455,3.37281,3.0826,0.27715,0.07206,74.3,NA,35.7,NA,1,NA,1.43522,1.03128,2.40488,0.88722,0.70056,3.99267,3.54203,1.69303,1.184,0.37065,3.24769,2.96824,2026-03-05,12,12,4,60,1,0,60,2025-02-02,8,7,8,76,1,0,76,64,1,0,0,0,0,"125 SAMARITAN DRIVE,CUMMING,GA,30040",34.2085,-84.146,NA,2026-06-01
115424,"Reserve at Appling of Journey LLC, The",6698 WASHINGTON ROAD,APPLING,GA,30802,7065410462,310,Columbia,Y,For profit - Limited Liability company,100,88.6,NA,Medicare and Medicaid,N,LAKE CROSSING HEALTH CENTER PAC LLC,1989-08-17,JOURNEY HEALTHCARE,766,34,2,2.4,1.4,2.6,N,NA,N,N,N,Resident,Yes,1,NA,2,NA,1,NA,1,NA,1,NA,1,NA,NA,NA,2.72593,0.63195,0.19624,0.82819,3.55412,3.13648,0.12705,0.03231,63.2,NA,50,NA,0,NA,1.53817,1.10526,2.5774,0.95087,0.75082,4.27908,3.79612,2.44912,0.56777,0.17631,3.19321,2.81798,2025-08-28,9,9,1,64,1,0,64,2024-04-07,11,11,11,84,1,0,84,69,NA,5,19321,0,5,"6698 WASHINGTON ROAD,APPLING,GA,30802",33.6743,-82.336,NA,2026-06-01
115427,Thomasville Vistas of Journey LLC,120 SKYLINE DRIVE,THOMASVILLE,GA,31757,2292251049,890,Thomas,N,For profit - Limited Liability company,52,NA,10,Medicare and Medicaid,N,THOMASVILLE CARE CENTER LLC,1989-09-01,JOURNEY HEALTHCARE,766,34,2,2.4,1.4,2.6,N,NA,N,N,N,Resident,Yes,2,NA,2,NA,3,NA,3,NA,2,NA,NA,2,25,6,NA,NA,NA,NA,NA,NA,NA,NA,48.1,NA,42.9,NA,NA,26,NA,NA,NA,NA,NA,NA,NA,NA,NA,NA,NA,NA,2025-12-19,8,8,0,56,1,0,56,2024-08-11,19,13,6,144,1,0,144,78,0,1,10730,1,2,"120 SKYLINE DRIVE,THOMASVILLE,GA,31757",30.8535,-83.937,NA,2026-06-01
115428,OAKVIEW HEALTH AND REHABILITATION,960  HIGHLAND AVENUE,SUMMERVILLE,GA,30747,7068574761,240,Chattooga,N,Non profit - Other,151,144.7,NA,Medicare and Medicaid,N,OAKVIEW NURSING & REHABILITATION CENTER LLC,1989-09-01,ETHICA HEALTH,834,50,3.6,3.6,3,3.1,N,NA,N,N,N,Resident,Yes,4,NA,4,NA,4,NA,3,NA,4,NA,4,NA,NA,NA,2.60325,0.42454,0.51055,0.93509,3.53834,3.09217,0.23194,0.03024,28.3,NA,33.3,NA,0,NA,1.28988,0.92685,2.16136,0.79738,0.62962,3.58836,3.18336,2.7891,0.45485,0.547,3.79096,3.31293,2024-09-12,3,3,3,12,1,0,12,2022-07-14,0,0,0,0,0,0,0,9,0,0,0,0,0,"960  HIGHLAND AVENUE,SUMMERVILLE,GA,30747",34.4921,-85.338,NA,2026-06-01
115429,CORDELE HEALTH AND REHABILITATION,1106 NORTH 4TH STREET,CORDELE,GA,31015,2292731227,340,Crisp,N,Non profit - Corporation,100,69.5,NA,Medicare and Medicaid,Y,CRISP REGIONAL HOSPITAL INC,1989-08-01,NA,NA,NA,NA,NA,NA,NA,N,NA,N,N,N,Resident,Yes,2,NA,3,NA,2,NA,2,NA,2,NA,1,NA,NA,NA,1.69737,1.19779,0.34483,1.54262,3.24,2.85708,0.12957,0.03556,48.1,NA,66.7,NA,2,NA,1.40971,1.01295,2.36215,0.87146,0.68811,3.92172,3.47909,1.66398,1.17422,0.33805,3.17624,2.80086,2025-04-03,6,6,6,36,1,0,36,2023-04-27,5,4,1,20,1,0,20,32,NA,0,0,0,0,"1106 NORTH 4TH STREET,CORDELE,GA,31015",31.9796,-83.778,NA,2026-06-01
115430,SUMMERHILL ELDERLIVING HOME & CARE,500 STANLEY STREET,PERRY,GA,31069,4789873100,600,Houston,Y,For profit - Limited Liability company,160,133,NA,Medicare and Medicaid,N,"SUMMERHILL, LLC",1989-09-01,CROSSROADS MEDICAL MANAGEMENT,172,6,3,3.3,3.3,2.7,N,NA,N,N,N,Resident,Yes,1,NA,2,NA,1,NA,1,NA,1,NA,4,NA,NA,NA,2.46851,1.44986,0.69934,2.1492,4.61771,4.01815,0.55364,0.01458,51.1,NA,56,NA,0,NA,1.26092,0.90604,2.11283,0.77948,0.61549,3.50779,3.11188,2.7055,1.58905,0.76648,5.06102,4.4039,2026-01-23,6,6,0,52,1,0,52,2024-09-05,13,1,13,132,1,0,132,72,NA,3,86129,0,3,"500 STANLEY STREET,PERRY,GA,31069",32.4525,-83.748,NA,2026-06-01
115431,HARALSON NSG & REHAB CENTER,315 FIELD STREET,BREMEN,GA,30110,7705374482,570,Haralson,Y,For profit - Limited Liability company,120,102.5,NA,Medicare and Medicaid,N,HARALSON CYPRESS LLC,1989-10-01,CYPRESS SKILLED NURSING,176,7,2,2.9,1.1,2.3,N,NA,N,N,N,Resident,Yes,1,NA,2,NA,3,NA,3,NA,3,NA,1,NA,NA,NA,2.05956,1.10076,0.21001,1.31078,3.37033,3.09806,0.1656,0.01285,55.6,NA,55.6,NA,1,NA,1.35132,0.971,2.26431,0.83536,0.65961,3.75928,3.33499,2.10627,1.12573,0.21478,3.44678,3.16833,2025-09-11,5,5,4,44,1,0,44,2024-05-30,5,2,5,44,1,0,44,44,NA,1,8788,1,2,"315 FIELD STREET,BREMEN,GA,30110",33.7158,-85.141,NA,2026-06-01
115435,HARTWELL HEALTH AND REHABILITATION,94 CADE STREET,HARTWELL,GA,30643,7068566982,581,Hart,N,Non profit - Other,92,83.7,NA,Medicare and Medicaid,N,"HART COUNTY HEALTH & REHABILITATION, LLC",1989-10-01,ETHICA HEALTH,834,50,3.6,3.6,3,3.1,N,NA,N,N,N,Resident,Yes,3,NA,3,NA,3,NA,4,NA,2,NA,2,NA,NA,NA,2.46587,0.51175,0.33694,0.8487,3.31457,3.03466,0.26258,0.01885,59,NA,40,NA,0,NA,1.35931,0.97673,2.27769,0.8403,0.66351,3.78149,3.35469,2.50699,0.52029,0.34256,3.36984,3.08526,2026-02-08,6,6,5,36,1,0,36,2024-10-24,7,7,0,32,1,0,32,35,0,0,0,0,0,"94 CADE STREET,HARTWELL,GA,30643",34.3477,-82.94,NA,2026-06-01
115436,CEDAR VALLEY NSG & REHAB CTR,225 PHILPOT STREET,CEDARTOWN,GA,30125,7707484116,830,Polk,N,For profit - Limited Liability company,100,85.4,NA,Medicare and Medicaid,N,CEDAR VALLEY CYPRESS LLC,1989-10-01,CYPRESS SKILLED NURSING,176,7,2,2.9,1.1,2.3,N,NA,N,N,N,Resident,Yes,4,NA,5,NA,3,NA,2,NA,3,NA,1,NA,NA,NA,2.02789,1.21995,0.17498,1.39492,3.42282,3.23125,0.18109,0.01965,59.3,NA,57.1,NA,1,NA,1.3571,0.97515,2.27399,0.83893,0.66243,3.77536,3.34925,2.06506,1.2423,0.17818,3.48554,3.29047,2025-08-14,1,1,0,4,1,0,4,2024-02-22,1,1,0,8,1,0,8,5,0,0,0,0,0,"225 PHILPOT STREET,CEDARTOWN,GA,30125",34.014,-85.254,NA,2026-06-01
115443,Pine Knoll Path of Journey LLC,156 PINE KNOLL DRIVE,CARROLLTON,GA,30117,7708328243,190,Carroll,Y,For profit - Limited Liability company,122,105,NA,Medicare and Medicaid,N,Legal Business Name Not Available,1989-10-01,CYPRESS SKILLED NURSING,176,7,2,2.9,1.1,2.3,N,NA,N,N,N,Resident,Yes,3,NA,4,NA,2,NA,4,NA,1,NA,1,NA,NA,NA,1.51194,1.11104,0.38286,1.49389,3.00583,2.75178,0.37763,0,100,NA,NA,27,1,NA,1.45177,1.04317,2.43262,0.89746,0.70864,4.03872,3.58289,1.43925,1.05762,0.36445,2.86132,2.61948,2025-04-10,1,1,1,16,1,0,16,2023-02-02,5,4,1,20,1,0,20,17,NA,0,0,0,0,"156 PINE KNOLL DRIVE,CARROLLTON,GA,30117",33.5875,-85.061,NA,2026-06-01
115447,HERITAGE INN OF BARNESVILLE HEALTH AND REHAB,946 VETERANS PARKWAY,BARNESVILLE,GA,30204,7703582485,651,Lamar,N,Non profit - Other,117,110.4,NA,Medicare and Medicaid,N,HERITAGE INN OF BARNESVILLE LLC,1989-11-01,ETHICA HEALTH,834,50,3.6,3.6,3,3.1,N,NA,N,N,N,Resident,Yes,3,NA,4,NA,2,NA,2,NA,NA,2,1,NA,NA,NA,2.2203,0.61254,0.12988,0.74242,2.96272,2.68455,0.0884,0.00452,54.4,NA,50,NA,0,NA,1.20622,0.86673,2.02117,0.74566,0.58878,3.35561,2.97688,2.54382,0.70179,0.14881,3.39441,3.07571,2025-04-10,2,2,2,20,1,0,20,2023-02-23,11,6,5,36,1,0,36,24,NA,0,0,0,0,"946 VETERANS PARKWAY,BARNESVILLE,GA,30204",33.0527,-84.14,NA,2026-06-01
115449,HART CARE CENTER,261 FAIRVIEW AVENUE,HARTWELL,GA,30643,7063767121,581,Hart,N,For profit - Corporation,117,62.1,NA,Medicare and Medicaid,N,HART CARE CENTER INC,1989-10-01,NA,NA,NA,NA,NA,NA,NA,N,NA,N,N,N,Resident,Yes,5,NA,5,NA,2,NA,4,NA,1,NA,4,NA,NA,NA,2.43406,1.1885,0.30297,1.49147,3.92553,3.33564,0.19844,0.0335,34.3,NA,25,NA,0,NA,1.30184,0.93544,2.1814,0.80477,0.63546,3.62164,3.21288,2.58388,1.26165,0.32162,4.16715,3.54096,2025-03-21,1,1,1,4,1,0,4,2023-11-16,0,0,0,0,0,0,0,3,NA,0,0,0,0,"261 FAIRVIEW AVENUE,HARTWELL,GA,30643",34.3505,-82.919,NA,2026-06-01
115452,PRUITTHEALTH - SHEPHERD HILLS,800 PATTERSON RD,LA FAYETTE,GA,30728,7066384112,921,Walker,Y,For profit - Corporation,112,95.3,NA,Medicare and Medicaid,N,"PRUITTHEALTH - SHEPHERD HILLS, LLC",1989-10-01,PRUITTHEALTH,434,99,2.8,2.8,2.5,3.7,N,NA,N,N,N,Resident,Yes,3,NA,3,NA,4,NA,4,NA,NA,2,3,NA,NA,NA,1.98642,1.00027,0.37862,1.3789,3.36532,2.66439,0.32072,0.03131,27.8,NA,28.6,NA,0,NA,1.33936,0.9624,2.24427,0.82797,0.65378,3.72601,3.30547,2.04962,1.0321,0.39067,3.47238,2.74915,2025-11-20,3,3,0,24,0,0,24,2024-07-11,8,2,6,40,1,0,40,28,NA,0,0,0,0,"800 PATTERSON RD,LA FAYETTE,GA,30728",34.6978,-85.268,NA,2026-06-01
115455,PRUITTHEALTH - TOOMSBORO,210 MAIN STREET,TOOMSBORO,GA,31090,4789335395,973,Wilkinson,N,For profit - Corporation,62,54.4,NA,Medicare and Medicaid,N,PRUITTHEALTH - TOOMSBORO LLC,1989-11-01,PRUITTHEALTH,434,99,2.8,2.8,2.5,3.7,N,NA,N,N,N,Resident,Yes,5,NA,5,NA,5,NA,5,NA,NA,2,1,NA,NA,NA,1.59283,0.93386,0.3933,1.32717,2.92,2.51257,0.20209,0.06854,36.6,NA,NA,27,2,NA,1.46047,1.04943,2.44721,0.90284,0.71289,4.06293,3.60437,1.50721,0.88367,0.37216,2.76305,2.37752,2025-04-25,0,0,0,0,0,0,0,2023-03-05,1,1,0,4,1,0,4,1,NA,0,0,0,0,"210 MAIN STREET,TOOMSBORO,GA,31090",32.8206,-83.079,NA,2026-06-01
115457,MADISON HEALTH AND REHAB,2036 SOUTH MAIN STREET,MADISON,GA,30650,7063423200,771,Morgan,Y,For profit - Corporation,67,66.4,NA,Medicare and Medicaid,N,PINE LEAF INVESTMENT INC,1989-08-01,NA,NA,NA,NA,NA,NA,NA,N,NA,N,N,N,Resident,Yes,3,NA,3,NA,3,NA,2,NA,3,NA,2,NA,NA,NA,2.26073,0.65627,0.37465,1.03092,3.29165,2.82567,0.15003,0.02027,29.2,NA,20,NA,0,NA,1.72801,1.24166,2.89549,1.06822,0.84348,4.80719,4.26462,1.80802,0.52485,0.29963,2.63249,2.25983,2025-05-21,3,3,0,24,1,0,24,2023-03-26,5,5,0,32,1,0,32,26,NA,0,0,0,0,"2036 SOUTH MAIN STREET,MADISON,GA,30650",33.5835,-83.481,NA,2026-06-01
115460,SOUTHLAND HEALTH AND REHABILITATION,151 WISDOM ROAD,PEACHTREE CITY,GA,30269,7706319000,451,Fayette,Y,Non profit - Other,155,147.7,NA,Medicare and Medicaid,N,FAYETTE COUNTY NURSING HOME LLC,1989-09-29,ETHICA HEALTH,834,50,3.6,3.6,3,3.1,N,NA,Y,N,N,Resident,Yes,2,NA,2,NA,4,NA,5,NA,3,NA,3,NA,NA,NA,2.26656,0.67322,0.31313,0.98636,3.25292,2.7865,0.18376,0.06012,22.7,NA,11.1,NA,0,NA,1.34629,0.96738,2.25588,0.83225,0.65716,3.74529,3.32257,2.32664,0.69107,0.32143,3.33914,2.86035,2025-08-07,6,6,2,44,1,0,44,2023-10-05,2,2,2,8,1,0,8,35,NA,0,0,1,1,"151 WISDOM ROAD,PEACHTREE CITY,GA,30269",33.4085,-84.596,NA,2026-06-01
115461,TOWNSEND PARK HEALTH AND REHABILITATION,196 NORTH DIXIE AVENUE,CARTERSVILLE,GA,30120,7703870662,060,Bartow,Y,Non profit - Other,124,121.9,NA,Medicare and Medicaid,N,TOWNSEND PARK HEALTH AND REHABILITATION LLC,1989-11-27,ETHICA HEALTH,834,50,3.6,3.6,3,3.1,N,NA,N,N,N,Resident,Yes,3,NA,3,NA,4,NA,3,NA,4,NA,3,NA,NA,NA,2.63019,0.50916,0.35335,0.86251,3.4927,3.24972,0.16563,0.03462,33,NA,11.1,NA,1,NA,1.23919,0.89042,2.07642,0.76604,0.60488,3.44733,3.05825,2.93325,0.56782,0.39407,3.89514,3.62417,2025-04-10,4,4,0,20,1,0,20,2023-04-27,10,10,0,76,1,0,76,34,NA,0,0,0,0,"196 NORTH DIXIE AVENUE,CARTERSVILLE,GA,30120",34.1802,-84.801,NA,2026-06-01
115463,WESTBURY CENTER OF MCDONOUGH FOR NURSING & HEALING,198 HAMPTON STREET,MCDONOUGH,GA,30253,7709579081,591,Henry,Y,For profit - Limited Liability company,210,143.3,NA,Medicare and Medicaid,N,MCDONOUGH GA OPCO LLC,1989-12-01,EMPIRE CARE CENTERS,202,19,1.8,2.2,1.4,3.2,N,NA,Y,N,N,Resident,Yes,2,NA,2,NA,3,NA,4,NA,2,NA,2,NA,NA,NA,1.66207,1.15104,0.32587,1.4769,3.13898,2.81542,0.24235,0.1122,45.1,NA,38.5,NA,1,NA,1.41527,1.01695,2.37146,0.87489,0.69083,3.93718,3.4928,1.62297,1.12396,0.3182,3.06513,2.74918,2025-06-27,3,2,3,48,1,0,48,2023-12-21,3,3,1,28,1,0,28,43,NA,0,0,0,0,"198 HAMPTON STREET,MCDONOUGH,GA,30253",33.4421,-84.154,NA,2026-06-01
115466,AUTUMN LANE HEALTH AND REHABILITATION,302 GEORGIA 18 EAST,GRAY,GA,31032,4789863151,650,Jones,Y,Non profit - Other,85,81.3,NA,Medicare and Medicaid,N,JONES COUNTY NURSING HOME LLC,1989-11-27,ETHICA HEALTH,834,50,3.6,3.6,3,3.1,N,NA,N,N,N,Resident,Yes,4,NA,4,NA,2,NA,5,NA,1,NA,3,NA,NA,NA,2.38079,0.63649,0.37273,1.00922,3.39001,2.95329,0.26197,0.00723,46.3,NA,0,NA,1,NA,1.33451,0.95891,2.23613,0.82497,0.65141,3.7125,3.29349,2.46547,0.65913,0.38598,3.51059,3.05833,2025-05-16,3,3,0,12,1,0,12,2023-09-24,5,5,0,32,1,0,32,17,0,0,0,0,0,"302 GEORGIA 18 EAST,GRAY,GA,31032",33.0042,-83.545,22,2026-06-01
115467,UNIVERSITY NURSING & REHAB CTR,180 EPPS BRIDGE RD,ATHENS,GA,30606,7065495382,260,Clarke,Y,For profit - Corporation,122,98.6,NA,Medicare and Medicaid,N,UNIVERSE CYPRESS LLC,1990-01-01,CYPRESS SKILLED NURSING,176,7,2,2.9,1.1,2.3,N,NA,N,N,N,Both,Yes,1,NA,2,NA,2,NA,3,NA,1,NA,1,NA,NA,NA,2.34481,0.76987,0.11523,0.8851,3.22991,2.89499,0.12812,0.04741,77.5,NA,100,NA,1,NA,1.35135,0.97102,2.26436,0.83538,0.65963,3.75936,3.33506,2.39795,0.78731,0.11784,3.3031,2.96059,2025-04-03,3,3,0,28,1,0,28,2023-12-09,14,14,11,88,1,0,88,43,NA,0,0,0,0,"180 EPPS BRIDGE RD,ATHENS,GA,30606",33.9425,-83.429,NA,2026-06-01
115468,PRUITTHEALTH - BLUE RIDGE,99 OUIDA STREET,BLUE RIDGE,GA,30513,7066322271,450,Fannin,N,For profit - Corporation,101,84.9,NA,Medicare and Medicaid,N,"PRUITTHEALTH - BLUE RIDGE, LLC",1989-07-05,PRUITTHEALTH,434,99,2.8,2.8,2.5,3.7,N,NA,N,N,N,Resident,Yes,5,NA,4,NA,5,NA,5,NA,5,NA,3,NA,NA,NA,1.95808,0.85317,0.7243,1.57747,3.53555,2.85152,0.49646,0.02156,43.8,NA,33.3,NA,1,NA,1.47732,1.06153,2.47544,0.91325,0.72112,4.1098,3.64595,1.8317,0.79811,0.67755,3.30736,2.66748,2025-07-31,1,1,0,4,1,0,4,2024-03-07,11,11,0,68,1,0,68,20,NA,0,0,0,0,"99 OUIDA STREET,BLUE RIDGE,GA,30513",34.8567,-84.322,NA,2026-06-01
115469,WESTBURY CENTER OF CONYERS FOR NURSING AND HEALING,1420 MILSTEAD ROAD,CONYERS,GA,30012,7704833902,841,Rockdale,Y,For profit - Limited Liability company,173,158.4,NA,Medicare and Medicaid,N,CONYERS GA OPCO LLC,1989-11-27,EMPIRE CARE CENTERS,202,19,1.8,2.2,1.4,3.2,N,NA,N,N,N,Resident,Yes,3,NA,4,NA,2,NA,4,NA,1,NA,1,NA,NA,NA,2.01408,0.92489,0.254,1.17889,3.19297,2.74107,0.10981,0.09547,43.4,NA,63.6,NA,0,NA,1.37748,0.98979,2.30814,0.85153,0.67238,3.83205,3.39954,2.02066,0.92791,0.25483,3.20339,2.75001,2025-08-28,4,3,4,16,1,0,16,2024-05-10,6,6,6,44,1,0,44,23,NA,1,10527,0,1,"1420 MILSTEAD ROAD,CONYERS,GA,30012",33.6803,-83.999,NA,2026-06-01
115471,HEART OF GEORGIA NURSING HOME,815 LEGION DRIVE,EASTMAN,GA,31023,4783745571,380,Dodge,N,For profit - Corporation,100,85.9,NA,Medicare and Medicaid,N,AZ OPERATOR LLC,1990-01-01,NA,NA,NA,NA,NA,NA,NA,N,NA,N,N,N,Resident,Yes,3,NA,3,NA,3,NA,4,NA,2,NA,4,NA,NA,NA,2.06125,0.99314,0.83313,1.82627,3.88752,3.08509,0.36218,0.01683,32.2,NA,31.6,NA,0,NA,1.38438,0.99475,2.3197,0.8558,0.67575,3.85125,3.41657,2.05767,0.99141,0.83168,3.88076,3.07972,2026-01-11,6,6,0,36,1,0,36,2024-09-13,2,1,1,8,1,0,8,29,NA,0,0,0,0,"815 LEGION DRIVE,EASTMAN,GA,31023",32.1861,-83.177,NA,2026-06-01
115473,"PruittHealth - Lithonia, LLC",2816 EVANS MILL ROAD,LITHONIA,GA,30058,7704822961,370,De Kalb,Y,Non profit - Corporation,150,145.4,NA,Medicare and Medicaid,N,Legal Business Name Not Available,1989-11-27,PRUITTHEALTH,434,99,2.8,2.8,2.5,3.7,N,NA,N,N,N,Resident,Yes,3,NA,3,NA,4,NA,2,NA,5,NA,2,NA,NA,NA,2.48065,0.44558,0.3354,0.78098,3.26163,2.82028,0.26476,0.03443,27.8,NA,47.4,NA,1,NA,1.3859,0.99584,2.32225,0.85674,0.67649,3.85548,3.42033,2.47362,0.44432,0.33445,3.25238,2.81229,2026-03-19,4,4,1,40,1,0,40,2024-09-05,8,4,7,48,1,0,48,42,0,0,0,0,0,"2816 EVANS MILL ROAD,LITHONIA,GA,30058",33.703,-84.116,NA,2026-06-01
115474,LYNN HAVEN HEALTH AND REHABILITATION,747 MONTICELLO HIGHWAY,GRAY,GA,31032,4789863196,650,Jones,Y,Non profit - Other,104,68.6,NA,Medicare and Medicaid,N,LYNN HAVEN NURSING HOME LLC,1989-11-27,ETHICA HEALTH,834,50,3.6,3.6,3,3.1,N,NA,N,N,N,Resident,Yes,4,NA,4,NA,4,NA,4,NA,4,NA,2,NA,NA,NA,2.16546,0.57434,0.49897,1.07332,3.23878,2.83362,0.35058,0.06703,52,NA,45.5,NA,0,NA,1.32139,0.94949,2.21416,0.81686,0.645,3.67602,3.26112,2.26474,0.60067,0.52185,3.38726,2.96352,2025-09-25,3,3,0,12,1,0,12,2024-05-05,2,2,2,8,1,0,8,11,NA,0,0,0,0,"747 MONTICELLO HIGHWAY,GRAY,GA,31032",33.0498,-83.557,NA,2026-06-01
115477,CHAPLINWOOD NURSING HOME,325 ALLEN MEMORIAL DRIVE SW,MILLEDGEVILLE,GA,31061,4784538514,030,Baldwin,N,Non profit - Other,100,85.4,NA,Medicare and Medicaid,N,CHAPLINWOOD NURSING HOME LLC,1989-11-27,ETHICA HEALTH,834,50,3.6,3.6,3,3.1,N,NA,N,N,N,Resident,Yes,3,NA,3,NA,2,NA,2,NA,NA,2,2,NA,NA,NA,2.49529,0.81845,0.23323,1.05168,3.54696,3.38998,0.13728,0.0273,43.8,NA,62.5,NA,0,NA,1.33281,0.95769,2.23329,0.82392,0.65058,3.70778,3.2893,2.58733,0.84864,0.24183,3.6778,3.51502,2025-06-05,4,4,4,28,1,0,28,2023-09-17,6,6,0,68,1,0,68,38,NA,2,7901,0,2,"325 ALLEN MEMORIAL DRIVE SW,MILLEDGEVILLE,GA,31061",33.0553,-83.244,NA,2026-06-01
115478,RIDGECREST REHAB & SKILLED NURSING CENTER,8329 STEVENS LANE,COLUMBUS,GA,31909,7063305650,780,Muscogee,Y,Government - City/county,84,49.5,NA,Medicare and Medicaid,N,HOSPITAL AUTHORITY OF COLUMBUS GA,1989-11-01,NA,NA,NA,NA,NA,NA,NA,N,NA,N,N,N,Resident,Yes,5,NA,5,NA,2,NA,2,NA,2,NA,4,NA,NA,NA,3.13113,0.83864,0.50057,1.33922,4.47035,4.27683,0.26023,0.03044,40,NA,NA,27,0,NA,1.21167,0.87065,2.03031,0.74903,0.59145,3.37079,2.99034,3.57121,0.95652,0.57093,5.09866,4.87794,2025-12-07,1,1,0,4,1,0,4,2024-12-05,5,5,0,20,1,0,20,8,NA,0,0,0,0,"8329 STEVENS LANE,COLUMBUS,GA,31909",32.5678,-84.957,NA,2026-06-01
115479,BRYANT HEALTH AND REHABILITATION CENTER,134 S 6TH STREET,COCHRAN,GA,31014,4789347682,100,Bleckley,N,For profit - Limited Liability company,75,69,NA,Medicare and Medicaid,N,COCHRAN SNF OPERATOR LLC,1989-08-01,BEACON HEALTH MANAGEMENT,69,13,1.4,1.9,1.5,2.2,N,NA,N,N,N,Resident,Yes,2,NA,4,NA,1,NA,3,NA,1,NA,1,NA,NA,NA,1.65266,0.67042,0.22878,0.8992,2.55186,2.4591,0.21315,0,54,NA,60,NA,0,NA,1.31433,0.94442,2.20233,0.81249,0.64156,3.65638,3.24369,1.73772,0.70492,0.24055,2.68319,2.58566,2025-04-16,1,1,0,16,1,0,16,2023-03-26,2,1,1,8,1,0,8,14,NA,0,0,0,0,"134 S 6TH STREET,COCHRAN,GA,31014",32.3939,-83.355,NA,2026-06-01
115480,ARCHBOLD LIVING THOMASVILLE,10629  U.S. HIGHWAY 19 SOUTH,THOMASVILLE,GA,31792,2292268942,890,Thomas,N,Non profit - Corporation,64,59,NA,Medicare and Medicaid,Y,JOHN D ARCHBOLD MEMORIAL HOSPITAL INC,1990-01-01,NA,NA,NA,NA,NA,NA,NA,N,NA,N,N,N,Resident,Yes,2,NA,3,NA,1,NA,1,NA,NA,2,4,NA,NA,NA,1.98418,0.66439,0.76237,1.42676,3.41094,3.0387,0.50529,0.0024,54.3,NA,33.3,NA,1,NA,1.24679,0.89588,2.08915,0.77074,0.60859,3.46848,3.07701,2.19931,0.73643,0.84503,3.78077,3.36817,2026-03-13,5,3,2,48,1,0,48,2025-01-15,5,5,0,20,1,0,20,41,NA,0,0,0,0,"10629  U.S. HIGHWAY 19 SOUTH,THOMASVILLE,GA,31792",30.8005,-83.936,NA,2026-06-01
115481,FOUR COUNTY HEALTH AND REHABILITATION,124 OVERBY DRIVE,RICHLAND,GA,31825,2298872021,862,Stewart,Y,Non profit - Other,85,70.6,NA,Medicare and Medicaid,N,FOUR COUNTY HEALTH CARE LLC,1989-10-01,ETHICA HEALTH,834,50,3.6,3.6,3,3.1,N,NA,N,N,N,Resident,Yes,5,NA,5,NA,2,NA,2,NA,1,NA,2,NA,NA,NA,2.49776,0.68488,0.40158,1.08646,3.58422,2.9909,0.26438,0.0549,58.7,NA,54.5,NA,0,NA,1.3006,0.93455,2.17931,0.804,0.63485,3.61817,3.2098,2.65404,0.72773,0.42671,3.80849,3.17804,2025-05-01,2,2,0,8,2,4,12,2023-12-03,0,0,0,0,0,0,0,9,NA,0,0,0,0,"124 OVERBY DRIVE,RICHLAND,GA,31825",32.0783,-84.67,NA,2026-06-01
115482,"CROSSINGS AT EAST LAKE OF JOURNEY LLC, THE",304 FIFTH  AVENUE,DECATUR,GA,30030,4043736231,370,De Kalb,Y,For profit - Limited Liability company,103,91.6,NA,Medicare and Medicaid,N,THE CROSSINGS AT EAST LAKE OF JOURNEY LLC,1989-09-01,JOURNEY HEALTHCARE,766,34,2,2.4,1.4,2.6,N,NA,N,N,N,Resident,Yes,2,NA,2,NA,3,NA,5,NA,1,NA,2,NA,NA,NA,1.71458,0.97261,0.57108,1.54369,3.25827,3.11085,0.58885,0.05567,30.5,NA,42.9,NA,0,NA,1.98833,1.42872,3.33169,1.22914,0.97055,5.53139,4.90708,1.19171,0.67601,0.39692,2.26464,2.16218,2026-01-14,8,5,4,44,1,0,44,2025-01-09,10,9,10,44,1,0,44,44,NA,3,53565,0,3,"304 FIFTH  AVENUE,DECATUR,GA,30030",33.7535,-84.305,NA,2026-06-01
115483,DAWSON HEALTH AND REHABILITATION,1159 GEORGIA  AVE. S.E.,DAWSON,GA,39842,7064858573,885,Terrell,Y,Non profit - Corporation,60,53.1,NA,Medicare and Medicaid,N,DAWSON MANOR NURSING HOME LLC,1989-10-31,ETHICA HEALTH,834,50,3.6,3.6,3,3.1,N,NA,N,N,N,Resident,Yes,1,NA,1,NA,1,NA,1,NA,NA,2,3,NA,NA,NA,2.35155,0.58118,0.56006,1.14124,3.4928,3.2511,0.39733,0.03534,46,NA,40,NA,0,NA,1.24305,0.8932,2.08288,0.76843,0.60676,3.45807,3.06777,2.61437,0.64614,0.62265,3.88316,3.61445,2026-03-05,4,4,0,16,1,0,16,2025-02-06,13,12,13,540,1,0,540,147,NA,1,121401,0,1,"1159 GEORGIA  AVE. S.E.,DAWSON,GA,39842",31.7681,-84.431,22,2026-06-01
115484,PROVIDENCE HEALTHCARE,1011 SOUTH GREEN STREET,THOMASTON,GA,30286,7066476693,920,Upson,N,For profit - Individual,110,75.1,NA,Medicare and Medicaid,N,PROVIDENCE SNF OPERATOR LLC,1989-10-01,BEACON HEALTH MANAGEMENT,69,13,1.4,1.9,1.5,2.2,N,NA,Y,N,N,Resident,Yes,2,NA,1,NA,5,NA,5,NA,4,NA,1,NA,NA,NA,1.60487,0.97111,0.19903,1.17014,2.77501,2.56551,0.11731,0.05162,30.2,NA,NA,27,0,NA,1.34512,0.96654,2.25391,0.83152,0.65658,3.74202,3.31967,1.64885,0.99772,0.20448,2.85105,2.63581,2025-07-24,9,5,6,100,1,0,100,2024-02-25,2,2,0,20,1,0,20,80,NA,0,0,1,1,"1011 SOUTH GREEN STREET,THOMASTON,GA,30286",32.8762,-84.342,NA,2026-06-01
115487,NEW HORIZONS LIMESTONE,2020 BEVERLY ROAD NE,GAINESVILLE,GA,30501,7702198600,550,Hall,Y,Non profit - Corporation,142,183.8,NA,Medicare and Medicaid,Y,"NORTHEAST GEORGIA MEDICAL CENTER, INC.",1989-09-01,NA,NA,NA,NA,NA,NA,NA,N,NA,N,N,N,Resident,Yes,4,NA,4,NA,4,NA,4,NA,4,NA,4,NA,NA,NA,2.37002,1.0719,0.56794,1.63985,4.00986,3.58935,0.39155,0.12846,23.5,NA,22.2,NA,0,NA,1.36284,0.97927,2.28361,0.84248,0.66524,3.79133,3.36342,2.40329,1.08695,0.57591,4.06615,3.63974,2026-03-12,4,4,0,20,1,0,20,2025-02-13,5,5,5,32,1,0,32,23,0,0,0,0,0,"2020 BEVERLY ROAD NE,GAINESVILLE,GA,30501",34.3208,-83.801,NA,2026-06-01
115488,GREENE POINT HEALTH AND REHABILITATION,1321 WASHINGTON HIGHWAY,UNION POINT,GA,30669,7064862167,520,Greene,N,Non profit - Other,64,62.1,NA,Medicare and Medicaid,N,GREENE COUNTY HEALTH CARE LLC,1989-08-01,ETHICA HEALTH,834,50,3.6,3.6,3,3.1,N,NA,N,N,N,Resident,Yes,4,NA,4,NA,3,NA,3,NA,NA,2,3,NA,NA,NA,2.12391,0.54684,0.48871,1.03555,3.15945,2.45233,0.33371,0.01315,20.9,NA,33.3,NA,0,NA,1.22435,0.87976,2.05156,0.75687,0.59764,3.40607,3.02164,2.39733,0.61724,0.55162,3.56619,2.76803,2026-03-29,4,1,3,16,1,0,16,2024-12-08,2,2,2,20,1,0,20,17,NA,0,0,0,0,"1321 WASHINGTON HIGHWAY,UNION POINT,GA,30669",33.6264,-83.078,NA,2026-06-01
115490,PRESBYTERIAN VILLAGE,2000 EAST-WEST CONNECTOR,AUSTELL,GA,30106,7708197000,290,Cobb,Y,Non profit - Other,107,71.4,NA,Medicare and Medicaid,N,"PRESBYTERIAN VILLAGE, AUSTELL, INC.",1990-01-01,NA,NA,NA,NA,NA,NA,NA,Y,NA,N,N,N,Resident,Yes,2,NA,2,NA,2,NA,1,NA,3,NA,3,NA,NA,NA,2.89986,1.05415,0.40678,1.46093,4.36079,4.02896,0.30618,0.04505,43,NA,71.4,NA,1,NA,1.29856,0.93308,2.17589,0.80274,0.63386,3.61249,3.20476,3.08614,1.12187,0.43291,4.64092,4.28777,2026-01-29,5,5,0,44,1,0,44,2024-11-14,6,6,6,60,2,30,90,55.5,NA,1,64718,1,2,"2000 EAST-WEST CONNECTOR,AUSTELL,GA,30106",33.8354,-84.63,22,2026-06-01
115491,PRUITTHEALTH - ASHBURN,441 INDUSTRIAL BLVD,ASHBURN,GA,31714,2295673473,911,Turner,N,For profit - Corporation,76,65,NA,Medicare and Medicaid,N,"PRUITTHEALTH-ASHBURN, LLC",1989-10-01,PRUITTHEALTH,434,99,2.8,2.8,2.5,3.7,N,NA,N,N,N,Resident,Yes,4,NA,4,NA,5,NA,5,NA,NA,2,1,NA,NA,NA,1.81608,0.66347,0.55732,1.22079,3.03687,2.54,0.29366,0.0118,53.4,NA,25,NA,0,NA,1.6028,1.15169,2.68569,0.99082,0.78236000000000006,4.45887,3.95561,1.56587,0.57206,0.48053,2.61847,2.19005,2025-09-06,2,2,0,20,1,0,20,2024-05-02,2,2,2,8,1,0,8,17,NA,0,0,0,0,"441 INDUSTRIAL BLVD,ASHBURN,GA,31714",31.7055,-83.64,NA,2026-06-01
115492,NHC HEALTHCARE FT OGLETHORPE,2403 BATTLEFIELD PKWY,FORT OGLETHORPE,GA,30742,7068667700,200,Catoosa,Y,For profit - Corporation,135,122.2,NA,Medicare and Medicaid,N,NATIONAL HEALTHCARE CENTER OF FT OGLETHORPE LTD,1989-11-14,NATIONAL HEALTHCARE CORPORATION,364,69,3.9,3.4,3.3,4.5,N,NA,N,N,N,Resident,Yes,5,NA,4,NA,5,NA,5,NA,5,NA,3,NA,NA,NA,1.7504,0.76454,0.70425,1.46879,3.21919,2.67386,0.57725,0.08004,65.7,NA,50,NA,0,NA,1.26464,0.90871,2.11907,0.78178,0.6173,3.51815,3.12107,1.91279,0.83547,0.76958,3.51785,2.92193,2025-09-26,2,2,0,8,1,0,8,2024-04-25,2,2,2,40,1,0,40,16,NA,2,16530,0,2,"2403 BATTLEFIELD PKWY,FORT OGLETHORPE,GA,30742",34.9454,-85.228,NA,2026-06-01
115494,MCRAE MANOR NURSING HOME,160 SOUTH FIRST AVENUE,MC RAE,GA,31055,2298686473,884,Telfair,N,For profit - Limited Liability company,133,88.9,NA,Medicare and Medicaid,N,PHG MCRAE LLC,1989-10-01,PEACH HEALTH GROUP,604,5,1.6,1.8,1.8,2,N,NA,N,N,N,Resident,Yes,1,NA,2,NA,1,NA,1,NA,2,NA,3,NA,NA,NA,1.97777,1.03876,0.55544,1.5942,3.57197,3.20884,0.27006,0.02517,33.9,NA,11.1,NA,0,NA,1.41967,1.02011,2.37884,0.87761,0.69298,3.94943,3.50368,1.92524,1.01117,0.54069,3.47711,3.12362,2025-12-04,6,6,0,48,1,0,48,2024-07-12,10,10,0,64,1,0,64,52,NA,1,8697,0,1,"160 SOUTH FIRST AVENUE,MC RAE,GA,31055",32.0597,-82.901,NA,2026-06-01
115495,DUBLIN TRAILS OF JOURNEY LLC,1634 TELFAIR STREET,DUBLIN,GA,31021,4782721133,660,Laurens,N,For profit - Limited Liability company,105,91.5,NA,Medicare and Medicaid,N,DUBLIN TRAILS OF JOURNEY LLC,1989-11-01,JOURNEY HEALTHCARE,766,34,2,2.4,1.4,2.6,N,NA,N,N,N,Resident,Yes,3,NA,3,NA,4,NA,5,NA,4,NA,2,NA,NA,NA,2.03631,0.63953,0.39893,1.03845,3.07476,2.74092,0.33094,0.00517,41.1,NA,25,NA,0,NA,1.48091,1.06411,2.48145,0.91547,0.72287,4.11978,3.6548,1.90027,0.5968,0.37228,2.86934,2.55781,2025-03-31,6,6,6,36,1,0,36,2023-11-30,4,4,4,20,2,10,30,34.5,NA,1,4963,1,2,"1634 TELFAIR STREET,DUBLIN,GA,31021",32.5195,-82.92,NA,2026-06-01
115498,"HOSPITAL AUTHORITY OF BROOKS COUNTY, GEORGIA, THE",1901 WEST SCREVEN STREET,QUITMAN,GA,31643,2292636100,120,Brooks,Y,Government - Hospital district,188,133.3,NA,Medicare and Medicaid,Y,Legal Business Name Not Available,1990-01-01,NA,NA,NA,NA,NA,NA,NA,N,NA,N,N,N,Resident,Yes,2,NA,3,NA,1,NA,1,NA,1,NA,4,NA,NA,NA,2.59462,0.9064,0.57509,1.48149,4.07611,3.73618,0.45036,0.03138,35.6,NA,18.8,NA,0,NA,1.38408,0.99454,2.31921,0.85561,0.67561,3.85043,3.41584,2.59066,0.90501,0.57421,4.06989,3.73048,2025-08-28,8,6,2,44,1,0,44,2024-03-28,9,9,0,36,1,0,36,42,NA,0,0,0,0,"1901 WEST SCREVEN STREET,QUITMAN,GA,31643",30.7856,-83.577,NA,2026-06-01
115501,HARBORVIEW THOMASVILLE,930 SOUTH BROAD ST.,THOMASVILLE,GA,31792,2292269322,890,Thomas,N,For profit - Corporation,68,59.8,NA,Medicare and Medicaid,N,"HARBORVIEW THOMASVILLE, LLC",1989-12-01,HARBORVIEW HEALTH SYSTEMS,246,22,2,2.1,2.3,2.3,N,NA,N,N,N,Resident,Yes,1,NA,1,NA,2,NA,2,NA,NA,2,1,NA,NA,NA,1.90023,1.10568,0.36164,1.46732,3.36755,2.87039,0.15227,0.00618,43.1,NA,33.3,NA,0,NA,1.72785,1.24155,2.89522,1.06812,0.8434,4.80675,4.26423,1.51985,0.88435,0.28925,2.69344,2.29581,2025-06-26,13,12,5,72,1,0,72,2023-07-27,13,4,13,356,2,178,534,187.5,NA,3,23074,0,3,"930 SOUTH BROAD ST.,THOMASVILLE,GA,31792",30.828,-83.971,NA,2026-06-01
115502,JASPER POINT OF JOURNEY LLC,618 GENNETT DRIVE,JASPER,GA,30143,7066926323,812,Pickens,Y,For profit - Limited Liability company,60,54.6,NA,Medicare and Medicaid,N,JASPER POINT OF JOURNEY LLC,1989-12-07,JOURNEY HEALTHCARE,766,34,2,2.4,1.4,2.6,N,NA,N,N,N,Resident,Yes,1,NA,2,NA,1,NA,1,NA,1,NA,1,NA,NA,NA,1.9021,0.43164,0.57697,1.00862,2.91072,2.57287,0.44063,0.03859,72.5,NA,80,NA,0,NA,1.67232,1.20165,2.80218,1.0338,0.8163,4.65228,4.1272,1.57186,0.3567,0.4768,2.40536,2.12617,2025-11-21,10,10,0,52,1,0,52,2024-07-21,13,9,6,88,1,0,88,61,NA,1,4233,0,1,"618 GENNETT DRIVE,JASPER,GA,30143",34.4859,-84.444,NA,2026-06-01
115503,Jesup Ridge of Journey LLC,3100 SAVANNAH HIGHWAY,JESUP,GA,31545,9124276873,960,Wayne,N,For profit - Corporation,72,52.8,NA,Medicare and Medicaid,N,JESUP OPERATOR LLC,1990-01-01,JOURNEY HEALTHCARE,766,34,2,2.4,1.4,2.6,N,NA,N,N,N,Resident,Yes,1,NA,1,NA,1,NA,1,NA,1,NA,1,NA,NA,NA,2.35673,0.74875,0.33136,1.08011,3.43684,3.124,0.2186,0.01443,56.9,NA,NA,27,1,NA,1.65492,1.18914,2.77302,1.02304,0.8078,4.60386,4.08424,1.96804,0.62526,0.27671,2.87001,2.60876,2025-05-30,5,5,0,24,1,0,24,2023-06-22,8,4,4,491,1,0,491,140.75,NA,1,45968,0,1,"3100 SAVANNAH HIGHWAY,JESUP,GA,31545",31.643,-81.858,NA,2026-06-01
115504,SANDY SPRINGS CENTER FOR NURSING AND HEALING LLC,1500 S JOHNSON FERRY ROAD,ATLANTA,GA,30319,4042522002,370,De Kalb,Y,For profit - Limited Liability company,165,137.4,NA,Medicare and Medicaid,N,SANDY SPRINGS CENTER FOR NURSING AND HEALING LLC,1990-02-22,EMPIRE CARE CENTERS,202,19,1.8,2.2,1.4,3.2,N,NA,N,N,N,Resident,Yes,1,NA,1,NA,4,NA,3,NA,4,NA,1,NA,NA,NA,1.67623,1.13599,0.31305,1.44905,3.12528,2.81476,0.12972,0.09813,68.9,NA,69.2,NA,3,NA,1.35638,0.97463,2.27278,0.83848,0.66208,3.77334,3.34746,1.70786,1.15743,0.31896,3.18426,2.86788,2025-04-10,11,8,11,68,1,0,68,2023-05-07,17,17,0,255,1,0,255,114.75,NA,0,0,0,0,"1500 S JOHNSON FERRY ROAD,ATLANTA,GA,30319",33.902,-84.348,NA,2026-06-01
115505,PRUITTHEALTH - MOULTRIE,233 SUNSET CIRCLE,MOULTRIE,GA,31768,2299854320,300,Colquitt,N,For profit - Limited Liability company,68,64.6,NA,Medicare and Medicaid,N,"PRUITTHEALTH - MOULTRIE, LLC",1990-02-01,PRUITTHEALTH,434,99,2.8,2.8,2.5,3.7,N,NA,N,N,N,Resident,Yes,5,NA,5,NA,3,NA,3,NA,3,NA,2,NA,NA,NA,1.57895,0.76679,0.81825,1.58504,3.16399,2.47446,0.70777,3.4e-4,44.7,NA,30,NA,0,NA,1.63813,1.17708,2.74489,1.01266,0.79961,4.55715,4.0428,1.33205,0.64689,0.6903,2.66924,2.08753,2025-05-22,0,0,0,0,0,0,0,2023-09-07,3,3,0,24,1,0,24,6,NA,0,0,0,0,"233 SUNSET CIRCLE,MOULTRIE,GA,31768",31.1306,-83.779,NA,2026-06-01
115506,PRUITTHEALTH - FAIRBURN,7560 BUTNER ROAD,FAIRBURN,GA,30213,7703067878,470,Fulton,Y,For profit - Corporation,82,70.3,NA,Medicare and Medicaid,N,"PRUITTHEALTH - FAIRBURN, LLC",1989-12-28,PRUITTHEALTH,434,99,2.8,2.8,2.5,3.7,N,NA,N,N,N,Resident,Yes,2,NA,2,NA,4,NA,5,NA,3,NA,4,NA,NA,NA,2.20698,0.92627,0.90217,1.82843,4.03541,3.23249,0.53938,0.10463,56.8,NA,30.8,NA,0,NA,1.36411,0.98019,2.28574,0.84327,0.66586,3.79487,3.36656,2.23587,0.93839,0.91398,4.08824,3.27481,2025-05-22,9,9,9,56,1,0,56,2023-10-05,5,5,0,44,1,0,44,53,NA,0,0,0,0,"7560 BUTNER ROAD,FAIRBURN,GA,30213",33.6426,-84.637,NA,2026-06-01
115507,TAYLOR COUNTY HEALTH AND REHABILITATION,165 SOUTH BROAD STREET,BUTLER,GA,31006,4788622220,883,Taylor,N,Non profit - Other,78,68.7,NA,Medicare and Medicaid,N,TAYLOR COUNTY HEALTH CARE LLC,1990-06-06,ETHICA HEALTH,834,50,3.6,3.6,3,3.1,N,NA,N,N,N,Resident,Yes,3,NA,3,NA,4,NA,4,NA,NA,2,2,NA,NA,NA,1.87485,0.71425,0.36012,1.07437,2.94922,2.90445,0.31303,0.00649,31.5,NA,33.3,NA,1,NA,1.23822,0.88973,2.07479,0.76544,0.60441,3.44464,3.05586,2.09251,0.79717,0.40193,3.29161,3.24165,2026-01-08,3,3,1,24,1,0,24,2024-08-28,7,3,4,68,1,0,68,35,NA,2,8512,1,3,"165 SOUTH BROAD STREET,BUTLER,GA,31006",32.5461,-84.242,NA,2026-06-01
115508,CHEROKEE CENTER FOR NURSING AND HEALING LLC,150 HOSPITAL CIRCLE NW,CANTON,GA,30114,7704795649,250,Cherokee,Y,For profit - Corporation,100,84.9,NA,Medicare and Medicaid,N,CHEROKEE CENTER FOR NURSING AND HEALING LLC,1990-08-15,EMPIRE CARE CENTERS,202,19,1.8,2.2,1.4,3.2,N,SFF Candidate,N,N,N,None,Yes,1,NA,1,NA,4,NA,5,NA,3,NA,2,NA,NA,NA,2.00538,0.70453,0.41726,1.1218,3.12718,2.70362,0.40757,0.06106,56,NA,61.5,NA,1,NA,1.29271,0.92888,2.16609,0.79912,0.631,3.59621,3.19032,2.14386,0.75319,0.44608,3.34313,2.89031,2025-03-14,5,5,0,20,1,0,20,2023-12-05,21,20,21,541,2,271,812,218,NA,1,185650,1,2,"150 HOSPITAL CIRCLE NW,CANTON,GA,30114",34.232,-84.478,NA,2026-06-01
115509,PRUITTHEALTH - ATHENS HERITAGE,960 HAWTHORNE AVENUE,ATHENS,GA,30606,7065491613,260,Clarke,Y,For profit - Individual,104,89.4,NA,Medicare and Medicaid,N,"PRUITTHEALTH - ATHENS HERITAGE, LLC",1990-08-22,PRUITTHEALTH,434,99,2.8,2.8,2.5,3.7,N,NA,N,N,N,Resident,Yes,4,NA,3,NA,5,NA,5,NA,5,NA,2,NA,NA,NA,1.80578,0.98631,0.69212,1.67844,3.48422,2.76978,0.35329,0.04728,47.9,NA,57.1,NA,1,NA,1.58196,1.13672,2.65077,0.97793,0.77219,4.40089,3.90418,1.5775,0.86163,0.60463,3.04376,2.41963,2025-09-04,4,4,0,16,1,0,16,2024-05-16,12,8,4,108,1,0,108,39,3,3,16801,0,3,"960 HAWTHORNE AVENUE,ATHENS,GA,30606",33.9689,-83.415,NA,2026-06-01
115512,PRUITTHEALTH - WEST ATLANTA,2645 WHITING STREET N.W.,ATLANTA,GA,30318,4047999267,470,Fulton,Y,For profit - Corporation,120,101.4,NA,Medicare and Medicaid,N,"PRUITTHEALTH - WEST ATLANTA, LLC",1990-10-31,PRUITTHEALTH,434,99,2.8,2.8,2.5,3.7,N,NA,N,N,N,Resident,Yes,2,NA,1,NA,5,NA,5,NA,NA,2,2,NA,NA,NA,2.39142,0.70739,0.47859,1.18598,3.5774,2.62792,0.29226,0.0543,39.7,NA,50,NA,0,NA,1.48611,1.06785,2.49016,0.91868,0.72541,4.13425,3.66763,2.22384,0.65782,0.44505,3.32672,2.44377,2025-09-18,8,5,3,44,1,0,44,2024-05-19,33,13,24,264,1,0,264,99,18,1,12370,1,2,"2645 WHITING STREET N.W.,ATLANTA,GA,30318",33.7877,-84.444,22,2026-06-01
115513,TWIN OAKS CONVALESCENT CENTER,301 S0UTH BAKER STREET,ALMA,GA,31510,9126327293,011,Bacon,N,Non profit - Other,88,75.7,NA,Medicare and Medicaid,Y,"BACON COUNTY HEALTH SERVICES, INC.",1991-01-01,NA,NA,NA,NA,NA,NA,NA,N,NA,N,N,N,Resident,Yes,5,NA,5,NA,2,NA,2,NA,1,NA,4,NA,NA,NA,2.18706,1.2662,0.60771,1.8739,4.06097,3.34857,0.17061,0.02089,48.6,NA,27.3,NA,0,NA,1.22882,0.88298,2.05905,0.75963,0.59982,3.4185,3.03267,2.45964,1.424,0.68345,4.56709,3.7659,2025-03-28,2,2,0,8,1,0,8,2023-04-06,0,0,0,0,0,0,0,6,NA,0,0,0,0,"301 S0UTH BAKER STREET,ALMA,GA,31510",31.5398,-82.464,22,2026-06-01
115515,ROSS MEMORIAL HEALTH CARE CTR,1780 OLD HIGHWAY 41,KENNESAW,GA,30152,7704277256,290,Cobb,Y,For profit - Individual,100,96.6,NA,Medicare and Medicaid,N,SHADY GROVE REST HOME INC,1991-10-01,MICHAEL FEIST,769,7,3.7,3.4,2.4,4.3,N,NA,N,N,N,Resident,Yes,5,NA,4,NA,5,NA,5,NA,5,NA,2,NA,NA,NA,2.34322,0.88877,0.81625,1.70503,4.04825,3.3288,0.53768,0.15102,49.2,NA,50,NA,0,NA,1.78978,1.28605,2.99901,1.10641,0.87364,4.97905,4.41709,1.80931,0.68626,0.63026,3.12584,2.57032,2025-07-18,3,3,1,12,1,0,12,2024-02-22,1,1,1,8,1,0,8,11,NA,0,0,0,0,"1780 OLD HIGHWAY 41,KENNESAW,GA,30152",33.9906,-84.681,22,2026-06-01
115516,PRUITTHEALTH - LILBURN,788 INDIAN TRAIL ROAD,LILBURN,GA,30047,7709232020,530,Gwinnett,Y,For profit - Limited Liability company,152,122.9,NA,Medicare and Medicaid,N,"PRUITTHEALTH - LILBURN, LLC",1991-06-01,PRUITTHEALTH,434,99,2.8,2.8,2.5,3.7,N,NA,N,N,N,Resident,Yes,1,NA,1,NA,3,NA,5,NA,1,NA,1,NA,NA,NA,1.92735,0.63874,0.63266,1.2714,3.19875,2.48018,0.34385,0,55,NA,55.6,NA,0,NA,1.67069,1.20048,2.79945,1.03279,0.81551,4.64775,4.12317,1.59428,0.52836,0.52333,2.64596,2.05157,2025-05-15,7,7,6,32,1,0,32,2024-01-18,12,4,8,390,1,0,390,121.5,NA,1,59423,1,2,"788 INDIAN TRAIL ROAD,LILBURN,GA,30047",33.9045,-84.159,NA,2026-06-01
115520,SEARS MANOR NURSING HOME,3311 LEE STREET,BRUNSWICK,GA,31521,9122641857,490,Glynn,Y,For profit - Limited Liability company,100,62.8,NA,Medicare and Medicaid,N,SEARS NURSING HOME LLC,1992-05-01,CROSSROADS MEDICAL MANAGEMENT,172,6,3,3.3,3.3,2.7,N,NA,N,N,N,Resident,Yes,2,NA,2,NA,3,NA,3,NA,3,NA,3,NA,NA,NA,1.81795,0.95799,0.62357,1.58156,3.39952,3.0418,0.44679,0.0375,66.1,NA,36.4,NA,0,NA,1.2515,0.89927,2.09704,0.77365,0.61089,3.48158,3.08862,2.00749,1.05787,0.68858,3.75394,3.35892,2025-05-21,12,12,12,64,1,0,64,2023-06-29,5,5,0,24,2,12,36,57,NA,3,14892,0,3,"3311 LEE STREET,BRUNSWICK,GA,31521",31.1755,-81.495,NA,2026-06-01
115521,"A.G. RHODES HOME, INC - COBB",900 WYLIE ROAD,MARIETTA,GA,30067,7704278727,290,Cobb,Y,Non profit - Corporation,130,123.4,NA,Medicare and Medicaid,N,A G RHODES HOME COBB INC,1992-06-01,NA,NA,NA,NA,NA,NA,NA,N,NA,N,N,N,Resident,Yes,4,NA,4,NA,3,NA,4,NA,2,NA,4,NA,NA,NA,2.79503,1.22972,0.3446,1.57433,4.36936,3.92597,0.15562,0.04049,35.5,NA,10,NA,0,NA,1.39108,0.99956,2.33093,0.85994,0.67902,3.86989,3.43311,2.77673,1.22167,0.34235,4.34076,3.90027,2025-12-11,3,2,1,12,1,0,12,2024-07-25,4,4,4,36,1,0,36,18,0,0,0,0,0,"900 WYLIE ROAD,MARIETTA,GA,30067",33.9301,-84.507,NA,2026-06-01
115522,ORCHARD HEALTH AND REHABILITATION,1321 PULASKI SCHOOL ROAD,PULASKI,GA,30451,9126855072,180,Candler,N,Non profit - Other,89,68.2,NA,Medicare and Medicaid,N,CANDLER COUNTY II LTC LLC,1992-05-01,ETHICA HEALTH,834,50,3.6,3.6,3,3.1,N,NA,Y,N,N,Resident,Yes,1,NA,1,NA,3,NA,3,NA,NA,2,3,NA,NA,NA,2.41147,0.88712,0.38057,1.2677,3.67917,3.02755,0.33051,0.05202,36.4,NA,33.3,NA,1,NA,1.30061,0.93455,2.17933,0.80401,0.63486,3.61819,3.20982,2.56233,0.94262,0.40438,3.90934,3.21696,2025-04-03,4,4,4,225,1,0,225,2023-02-26,0,0,0,0,0,0,0,168.75,NA,1,57161,0,1,"1321 PULASKI SCHOOL ROAD,PULASKI,GA,30451",32.3908,-81.962,NA,2026-06-01
115523,Roberta Trails of Journey LLC,420 MYTLE DRIVE,ROBERTA,GA,31078,4788363101,330,Crawford,Y,For profit - Corporation,100,54.1,NA,Medicare and Medicaid,N,ROBERTA OPERATOR LLC,1992-06-11,JOURNEY HEALTHCARE,766,34,2,2.4,1.4,2.6,N,NA,N,N,N,Resident,Yes,4,NA,5,NA,1,NA,2,NA,1,NA,2,NA,NA,NA,2.59261,1.00116,0.3459,1.34706,3.93967,3.55379,0.17539,0.08465,56.3,NA,71.4,NA,0,NA,1.51329,1.08738,2.53571,0.93548,0.73867,4.20986,3.73471,2.36764,0.91428,0.31589,3.59781,3.24541,2025-05-12,1,1,1,4,1,0,4,2023-12-21,3,3,3,24,1,0,24,9,NA,0,0,0,0,"420 MYTLE DRIVE,ROBERTA,GA,31078",32.7233,-84.017,22,2026-06-01
115524,PAVILION AT BRANDON WILDE,4275 OWENS ROAD,EVANS,GA,30809,7068689800,310,Columbia,Y,For profit - Limited Liability company,65,63,NA,Medicare,N,BRANDON WILDE LLC,1992-06-17,LIFE CARE SERVICES,312,44,4.1,3.7,4.5,4.1,Y,NA,N,N,N,Both,Yes,4,NA,4,NA,2,NA,3,NA,1,NA,4,NA,NA,NA,2.47095,0.76655,1.16108,1.9276199999999999,4.39857,3.53764,0.60691,0.04863,51.7,NA,59.1,NA,NA,26,1.22651,0.88131,2.05516,0.7582,0.59869000000000006,3.41205,3.02695,2.78416,0.86371,1.30825,4.95612,3.98606,2025-02-20,5,5,0,20,1,0,20,2023-09-17,8,7,8,36,1,0,36,24,NA,0,0,0,0,"4275 OWENS ROAD,EVANS,GA,30809",33.5237,-82.124,NA,2026-06-01
115525,CRESTVIEW HEALTH & REHAB CTR,2800 SPRINGDALE ROAD,ATLANTA,GA,30315,4046168100,470,Fulton,Y,Non profit - Other,388,307.4,NA,Medicare and Medicaid,Y,GRADY MEMORIAL HOSPITAL CORPORATION,1992-07-01,NA,NA,NA,NA,NA,NA,NA,N,NA,Y,N,N,Both,Yes,1,NA,1,NA,3,NA,3,NA,2,NA,1,NA,NA,NA,1.52364,0.76321,0.1147,0.87791,2.40155,2.10309,0.054,0.03325,NA,26,NA,26,NA,26,1.30939,0.94087,2.19405,0.80944,0.63915,3.64264,3.23151,1.60809,0.80551,0.12106,2.53467,2.21967,2025-06-05,13,4,10,244,1,0,244,2024-03-07,4,3,3,20,1,0,20,188,NA,0,0,0,0,"2800 SPRINGDALE ROAD,ATLANTA,GA,30315",33.6798,-84.415,NA,2026-06-01
115528,AVALON HEALTH AND REHABILITATION,120 SPRING STREET,NEWNAN,GA,30263,7702531475,320,Coweta,Y,Non profit - Other,90,75.9,NA,Medicare and Medicaid,N,AVALON HEALTH CARE LLC,1992-07-01,ETHICA HEALTH,834,50,3.6,3.6,3,3.1,N,NA,N,N,N,Resident,Yes,3,NA,4,NA,1,NA,1,NA,NA,2,4,NA,NA,NA,2.3042,0.60659,0.52283,1.12942,3.43362,3.29074,0.4478,0.04473,36.5,NA,30,NA,0,NA,1.16768,0.83904,1.9566,0.72184,0.56997,3.24841,2.88177,2.72706,0.71791,0.61878,4.06375,3.89465,2025-04-10,2,2,2,20,1,0,20,2023-10-06,3,3,0,12,1,0,12,18,NA,1,3728,0,1,"120 SPRING STREET,NEWNAN,GA,30263",33.3743,-84.809,NA,2026-06-01
115529,PRUITTHEALTH - GRIFFIN,619 NORTHSIDE DRIVE,GRIFFIN,GA,30223,7702284517,860,Spalding,Y,For profit - Corporation,69,57.5,NA,Medicare and Medicaid,N,"PRUITTHEALTH - GRIFFIN, LLC",1992-07-01,PRUITTHEALTH,434,99,2.8,2.8,2.5,3.7,N,NA,N,N,N,Resident,Yes,1,NA,2,NA,4,NA,4,NA,NA,2,1,NA,NA,NA,2.17203,1.1178,0.31366,1.43146,3.6035,3.04726,0.21293,0.02109,46,NA,NA,27,0,NA,1.54097,1.10727,2.58208,0.95259,0.75218,4.28686,3.80302,1.94793,1.00247,0.2813,3.2317,2.73285,2025-07-17,3,3,0,16,1,0,16,2024-02-25,17,15,17,152,1,0,152,50,NA,0,0,0,0,"619 NORTHSIDE DRIVE,GRIFFIN,GA,30223",33.2689,-84.265,NA,2026-06-01
115531,PRUITTHEALTH - VIRGINIA PARK,1000 BRIARCLIFF ROAD NE,ATLANTA,GA,30306,4048756456,370,De Kalb,Y,For profit - Limited Liability company,128,114.8,NA,Medicare and Medicaid,N,"PRUITTHEALTH - VIRGINIA PARK, LLC",1992-09-15,PRUITTHEALTH,434,99,2.8,2.8,2.5,3.7,N,NA,N,N,N,Resident,Yes,3,NA,3,NA,4,NA,3,NA,4,NA,2,NA,NA,NA,2.14393,1.01769,0.52432,1.54202,3.68595,2.97752,0.26189,0.05241,44,NA,30,NA,0,NA,1.56776,1.12652,2.62697,0.96915,0.76526,4.36138,3.86913,1.88987,0.8971,0.46219,3.24915,2.62467,2025-06-12,5,5,5,52,1,0,52,2024-01-04,6,6,6,36,1,0,36,48,NA,1,8788,0,1,"1000 BRIARCLIFF ROAD NE,ATLANTA,GA,30306",33.7817,-84.344,NA,2026-06-01
115532,SOCIAL CIRCLE NSG & REHAB CTR,671 NORTH CHEROKEE ROAD,SOCIAL CIRCLE,GA,30025,7704642019,930,Walton,Y,For profit - Limited Liability company,65,57.5,NA,Medicare and Medicaid,N,SOCIAL CIRCLE CYPRESS LLC,1992-10-01,CYPRESS SKILLED NURSING,176,7,2,2.9,1.1,2.3,N,NA,N,N,N,Both,Yes,3,NA,3,NA,2,NA,2,NA,1,NA,2,NA,NA,NA,1.92887,0.954,0.43539,1.38938,3.31825,3.0275,0.27244,0.03101,46.7,NA,50,NA,0,NA,1.3484,0.9689,2.25941,0.83355,0.65819,3.75115,3.32778,1.97689,0.97775,0.44623,3.40087,3.10288,2025-05-29,4,4,4,16,1,0,16,2023-10-29,12,11,1,72,1,0,72,30,NA,0,0,0,0,"671 NORTH CHEROKEE ROAD,SOCIAL CIRCLE,GA,30025",33.6651,-83.713,NA,2026-06-01
115533,PRUITTHEALTH - SWAINSBORO,856 HIGHWAY 1 SOUTH,SWAINSBORO,GA,30401,4782377022,440,Emanuel,N,For profit - Corporation,103,75.2,NA,Medicare and Medicaid,N,PRUITTHEALTH - SWAINSBORO LLC,1992-05-01,PRUITTHEALTH,434,99,2.8,2.8,2.5,3.7,N,NA,Y,N,N,Resident,Yes,1,NA,2,NA,2,NA,3,NA,1,NA,1,NA,NA,NA,1.85873,0.72673,0.50634,1.23308,3.0918,2.51931,0.33525,0.01108,42.9,NA,58.3,NA,4,NA,1.40201,1.00742,2.34925,0.8667,0.68436,3.9003,3.46009,1.83216,0.71634,0.49911,3.04761,2.4833,2025-03-06,4,3,4,36,1,0,36,2022-10-06,0,0,0,0,0,0,0,27,NA,0,0,0,0,"856 HIGHWAY 1 SOUTH,SWAINSBORO,GA,30401",32.4887,-82.3,NA,2026-06-01
115534,AZALEALAND NURSING HOME,2040 COLONIAL DRIVE,SAVANNAH,GA,31406,9123542752,220,Chatham,Y,For profit - Corporation,107,68.7,NA,Medicare and Medicaid,N,AZALEALAND MANAGEMENT INC,1992-11-03,NA,NA,NA,NA,NA,NA,NA,N,NA,N,N,N,Resident,Yes,3,NA,3,NA,3,NA,4,NA,3,NA,2,NA,NA,NA,2.6063,1.0363,0.29022,1.32652,3.93282,3.45061,0.16763,0.13735,53.7,NA,28.6,NA,0,NA,1.46983,1.05615,2.46289,0.90862,0.71746,4.08897,3.62747,2.4505,0.97435,0.27288,3.69773,3.24435,2026-03-01,3,3,0,24,1,0,24,2024-11-07,5,5,0,36,1,0,36,27,NA,0,0,0,0,"2040 COLONIAL DRIVE,SAVANNAH,GA,31406",32.0157,-81.079,NA,2026-06-01
115535,Lake City Center for Nursing and Healing LLC,2055 REX ROAD,LAKE CITY,GA,30260,4043611028,280,Clayton,Y,For profit - Corporation,242,204.8,NA,Medicare and Medicaid,N,"LAKE CITY NURSING AND REHABILITATION CENTER, LLC",1993-01-04,NORBERT BENNETT & DONALD DENZ,771,27,1.8,2,2.6,2.3,N,NA,N,N,N,Resident,Yes,1,NA,2,NA,1,20,1,20,NA,20,1,NA,NA,NA,1.92778,0.84699,0.22022,1.0672,2.99499,2.57083,0.19144,0.06855,58.1,NA,58.8,NA,2,NA,1.24315,0.89327,2.08305,0.76849,0.60681,3.45835,3.06802,2.14306,0.94157,0.24481,3.32944,2.85792,2024-07-18,11,9,11,88,1,0,88,2022-10-28,6,6,0,28,1,0,28,73,0,0,0,0,0,"2055 REX ROAD,LAKE CITY,GA,30260",33.5994,-84.322,NA,2026-06-01
115536,WINDER CENTER FOR NURSING AND HEALING,263 E MAY STREET,WINDER,GA,30680,7708672108,050,Barrow,Y,For profit - Limited Liability company,163,144.4,NA,Medicare and Medicaid,N,GA 1 OPS LLC,1993-01-01,EMPIRE CARE CENTERS,202,19,1.8,2.2,1.4,3.2,N,NA,N,N,N,Resident,Yes,1,NA,1,NA,3,NA,3,NA,3,NA,1,NA,NA,NA,1.8812,1.09022,0.27463,1.36485,3.24605,2.82018,0.09958,0.10018,50.8,NA,54.5,NA,0,NA,1.40527,1.00976,2.35471,0.86871,0.68595,3.90937,3.46814,1.85001,1.07215,0.27007,3.19223,2.77342,2026-01-22,9,9,0,84,1,0,84,2024-10-18,6,6,6,141,1,0,141,98.25,0,2,17074,0,2,"263 E MAY STREET,WINDER,GA,30680",33.9807,-83.71,NA,2026-06-01
115537,SPALDING POST ACUTE LLC,415 AIRPORT ROAD,GRIFFIN,GA,30224,7702278636,860,Spalding,Y,For profit - Limited Liability company,148,128.6,NA,Medicare and Medicaid,N,SPALDING POST ACUTE LLC,1993-03-01,ELEVATION HEALTHCARE,686,5,1.2,2.2,1,2.6,N,NA,N,N,N,Resident,Yes,1,NA,2,NA,2,NA,4,NA,1,NA,1,NA,NA,NA,1.69863,1.19273,0.28772,1.48045,3.17908,2.76489,0.1943,0.02863,54.4,NA,14.3,NA,NA,26,1.63414,1.17421,2.7382,1.01019,0.79766,4.54605,4.03296,1.43651,1.00868,0.24332,2.68851,2.33824,2026-03-19,8,8,1,44,1,0,44,2025-02-17,13,9,13,92,1,0,92,56,4,0,0,0,0,"415 AIRPORT ROAD,GRIFFIN,GA,30224",33.2226,-84.27,NA,2026-06-01
115538,POWDER SPRINGS CENTER FOR NURSING & HEALING,3460 POWDER SPRINGS ROAD,POWDER SPRINGS,GA,30127,7704399199,290,Cobb,Y,For profit - Limited Liability company,208,193.3,NA,Medicare and Medicaid,N,PS OPERATOR LLC,1993-02-25,EMPIRE CARE CENTERS,202,19,1.8,2.2,1.4,3.2,N,NA,N,N,N,Resident,Yes,2,NA,2,NA,3,NA,4,NA,2,NA,2,NA,NA,NA,1.90234,0.87101,0.42157,1.29258,3.19492,2.76333,0.2525,0.09454,27.9,NA,25,NA,2,NA,1.50596,1.08211,2.52343,0.93096,0.7351,4.18948,3.71663,1.74572,0.7993,0.38686,2.93188,2.53582,2026-01-09,3,3,3,20,1,0,20,2024-06-27,14,1,13,148,1,0,148,52,13,3,16802,1,4,"3460 POWDER SPRINGS ROAD,POWDER SPRINGS,GA,30127",33.8597,-84.654,NA,2026-06-01
115539,Arrowhead Post Acute LLC,239 ARROWHEAD BOULEVARD,JONESBORO,GA,30236,7704783013,280,Clayton,Y,For profit - Limited Liability company,115,77.8,NA,Medicare and Medicaid,N,ARROWHEAD OPERATOR LLC,1993-04-01,MISSION HEALTH COMMUNITIES,354,33,2.6,2.7,2.7,3,N,NA,N,N,N,Resident,Yes,1,NA,2,NA,3,NA,4,NA,2,NA,1,NA,NA,NA,2.12402,0.91631,0.27756,1.19387,3.31789,2.99353,0.22255,0,NA,26,NA,26,1,NA,1.56005,1.12098,2.61406,0.96439,0.7615,4.33994,3.85011,1.88157,0.81171,0.24588,2.93916,2.65183,2025-06-12,17,17,17,88,1,0,88,2024-01-25,4,4,4,20,1,0,20,71,NA,0,0,0,0,"239 ARROWHEAD BOULEVARD,JONESBORO,GA,30236",33.5784,-84.383,NA,2026-06-01
115540,Twin City Trails of Journey LLC,211 MATHIS AVENUE,TWIN CITY,GA,30471,4787632141,440,Emanuel,N,For profit - Limited Liability company,110,83.5,NA,Medicare and Medicaid,N,TWIN VIEW OPERATOR LLC,1993-03-01,JOURNEY HEALTHCARE,766,34,2,2.4,1.4,2.6,N,NA,N,N,N,Resident,Yes,3,NA,4,NA,3,NA,4,NA,2,NA,1,NA,NA,NA,1.93553,0.72427,0.29372,1.01799,2.95352,2.5458,0.1548,0.06444,53.8,NA,75,NA,1,NA,1.54821,1.11247,2.59422,0.95707,0.75572,4.30702,3.8209,1.72771,0.6465,0.26218,2.63639,2.27244,2025-12-10,0,0,0,0,0,0,0,2024-06-21,6,6,0,56,1,0,56,14,NA,0,0,0,0,"211 MATHIS AVENUE,TWIN CITY,GA,30471",32.5843,-82.16,NA,2026-06-01
115541,CROSSVIEW CARE CENTER,402 E. BAY ST,PINEVIEW,GA,31071,2296242437,971,Wilcox,N,For profit - Corporation,102,68.9,NA,Medicare and Medicaid,N,"CV SNF, LLC",1993-06-01,BEACON HEALTH MANAGEMENT,69,13,1.4,1.9,1.5,2.2,N,NA,N,N,N,Resident,Yes,2,NA,3,NA,2,NA,2,NA,NA,2,1,NA,NA,NA,1.34179,1.07906,0.28717,1.36623,2.70802,2.49456,0.2091,0,54.5,NA,57.1,NA,2,NA,1.15225,0.82795,1.93074,0.7123,0.56244,3.20548,2.84369,1.60931,1.2942,0.34442,3.24792,2.99189,2025-12-04,5,3,2,24,1,0,24,2024-04-25,11,6,5,76,1,0,76,37,NA,0,0,0,0,"402 E. BAY ST,PINEVIEW,GA,31071",32.1109,-83.495,NA,2026-06-01
115542,SADIE G. MAYS HEALTH & REHABILITATION CENTER,1821 ANDERSON AVENUE NW,ATLANTA,GA,30314,4047942477,470,Fulton,Y,Non profit - Corporation,206,128.7,NA,Medicare and Medicaid,N,"ATLANTA ASSOCIATION FOR CONVALESCENT AGED PERSONS, INC.",1993-04-01,NA,NA,NA,NA,NA,NA,NA,N,NA,N,N,N,Resident,Yes,1,NA,1,NA,4,NA,5,NA,3,NA,1,NA,NA,NA,2.08244,1.1526,0.43778,1.59038,3.67283,3.22521,0.16395,0.04211,79.6,NA,87.5,NA,2,NA,1.39061,0.99923,2.33014,0.85965,0.67879,3.86857,3.43194,2.06951,1.14545,0.43506,3.65002,3.20518,2025-12-19,14,5,9,104,1,0,104,2024-10-24,22,8,22,192,1,0,192,126,14,1,53965,0,1,"1821 ANDERSON AVENUE NW,ATLANTA,GA,30314",33.7641,-84.451,NA,2026-06-01
115543,CARTERSVILLE CROSSING OF JOURNEY LLC,22 MAPLE RIDGE DRIVE S.E.,CARTERSVILLE,GA,30120,7706068800,060,Bartow,Y,For profit - Limited Liability company,74,71.9,NA,Medicare and Medicaid,N,CARTERSVILLE CROSSING OF JOURNEY LLC,1993-03-22,JOURNEY HEALTHCARE,766,34,2,2.4,1.4,2.6,N,NA,N,N,N,Resident,Yes,3,NA,3,NA,3,NA,1,NA,5,NA,2,NA,NA,NA,1.84582,0.84538,0.58433,1.42972,3.27553,2.62265,0.39646,0.17789,56.3,NA,16.7,NA,NA,26,1.54116,1.10741,2.58241,0.95272,0.75228,4.28741,3.80351,1.65516,0.75806,0.52398,2.93719,2.35175,2026-01-08,4,4,0,44,1,0,44,2024-09-05,5,5,0,32,1,0,32,41,0,1,6784,0,1,"22 MAPLE RIDGE DRIVE S.E.,CARTERSVILLE,GA,30120",34.1973,-84.787,NA,2026-06-01
115544,PINE VIEW NURSING AND REHAB  CENTER,411 PINE STREET,SYLVANIA,GA,30467,9125642015,850,Screven,N,For profit - Limited Liability company,128,102.5,NA,Medicare and Medicaid,N,GA OPCO LLC,1993-05-01,ELIYAHU MIRLIS,710,13,2.2,2,3,3.7,N,NA,N,N,N,Resident,Yes,1,NA,2,NA,1,NA,2,NA,1,NA,1,NA,NA,NA,1.59379,0.94932,0.25286,1.20218,2.79597,2.42184,0.14206,0.07036,48.2,NA,42.9,NA,0,NA,1.4672,1.05426,2.45847,0.90699,0.71617,4.08163,3.62096,1.50121,0.89417,0.23818,2.63356,2.28116,2026-02-19,5,5,0,56,1,0,56,2024-12-06,14,8,14,84,1,0,84,63,NA,1,4017,0,1,"411 PINE STREET,SYLVANIA,GA,30467",32.7459,-81.65,NA,2026-06-01
115545,Jonesboro Center for Nursing and Healing LLC,2650 HIGHWAY 138 SE,JONESBORO,GA,30236,7704734436,280,Clayton,Y,For profit - Limited Liability company,129,117.9,NA,Medicare and Medicaid,N,Legal Business Name Not Available,1993-05-04,NORBERT BENNETT & DONALD DENZ,771,27,1.8,2,2.6,2.3,N,NA,N,N,N,Resident,Yes,2,NA,2,NA,2,NA,4,NA,1,NA,2,NA,NA,NA,1.84008,1.32464,0.20194,1.52658,3.36665,2.74837,0.13956,0.11551,51.5,NA,44.4,NA,1,NA,1.24379,0.89373,2.08413,0.76889,0.60712,3.46014,3.06961,2.0445,1.4718,0.22438,3.74068,3.0537,2026-02-12,13,13,0,76,0,0,76,2025-03-27,10,3,10,40,1,0,40,67,NA,3,16801,1,4,"2650 HIGHWAY 138 SE,JONESBORO,GA,30236",33.5378,-84.304,NA,2026-06-01
115547,PRUITTHEALTH - SEASIDE,1000 DORSET ROAD,PORT WENTWORTH,GA,31407,9129641515,220,Chatham,Y,For profit - Corporation,101,77.2,NA,Medicare and Medicaid,N,"PRUITTHEALTH - SEASIDE, LLC",1993-07-01,PRUITTHEALTH,434,99,2.8,2.8,2.5,3.7,N,NA,N,N,N,Resident,Yes,4,NA,3,NA,5,NA,5,NA,4,NA,3,NA,NA,NA,1.99013,0.65871,0.79506,1.45377,3.4439,2.82133,0.44877,0.01178,41.5,NA,25,NA,1,NA,1.50861,1.08402,2.52786,0.93259,0.73639,4.19684,3.72316,1.82307,0.60342,0.72832,3.15481,2.5845,2025-09-04,8,7,1,48,1,0,48,2024-01-07,1,1,1,4,1,0,4,37,NA,0,0,0,0,"1000 DORSET ROAD,PORT WENTWORTH,GA,31407",32.1504,-81.166,NA,2026-06-01
115550,Lillian Carter Health Center by Harborview,225 HOSPITAL STREET,PLAINS,GA,31780,2298247796,870,Sumter,N,For profit - Limited Liability company,100,57,NA,Medicare and Medicaid,N,MGHP-LILLIAN CARTER LLC,1993-06-01,HARBORVIEW HEALTH SYSTEMS,246,22,2,2.1,2.3,2.3,N,NA,N,N,N,Resident,Yes,2,NA,3,NA,2,NA,2,NA,2,NA,1,NA,NA,NA,1.70834,1.16535,0.43603,1.60138,3.30972,2.52356,0.32119,0.00872,NA,26,NA,26,1,NA,1.51179,1.0863,2.53319,0.93456,0.73794,4.20568,3.731,1.56165,1.06528,0.39859,3.02553,2.30687,2025-09-12,7,7,0,48,1,0,48,2024-03-10,5,5,0,24,1,0,24,42,NA,0,0,0,0,"225 HOSPITAL STREET,PLAINS,GA,31780",32.0377,-84.392,NA,2026-06-01
115551,CUMMING OPERATING COMPANY LLC,2775 CASTLEBERRY ROAD,CUMMING,GA,30040,7707812300,461,Forsyth,Y,For profit - Limited Liability company,99,83.6,NA,Medicare and Medicaid,N,CUMMING OPERATING COMPANY LLC,1993-06-01,MICHAEL FEIST,769,7,3.7,3.4,2.4,4.3,N,NA,N,N,N,Both,Yes,3,NA,4,NA,4,NA,5,NA,4,NA,1,25,25,6,NA,NA,NA,NA,NA,NA,NA,NA,67.9,NA,50,NA,1,NA,NA,NA,NA,NA,NA,NA,NA,NA,NA,NA,NA,NA,2025-12-04,1,1,0,8,1,0,8,2024-08-15,5,5,2,40,1,0,40,16,0,0,0,0,0,"2775 CASTLEBERRY ROAD,CUMMING,GA,30040",34.1969,-84.152,NA,2026-06-01
115552,"Pruitthealth - The Lodge, LLC",200 SOUTH KIMBERLY ROAD,WARNER ROBINS,GA,31088,4782934900,600,Houston,Y,For profit - Corporation,106,77.8,NA,Medicare and Medicaid,N,SUMMERS RETIREMENT LLC,1993-08-01,PRUITTHEALTH,434,99,2.8,2.8,2.5,3.7,N,NA,N,N,N,Resident,Yes,5,NA,5,NA,5,NA,5,NA,5,NA,3,NA,NA,NA,4.09268,2.72267,0.48908,3.21175,7.30442,6.10967,0.17178,0,55.8,NA,71.4,NA,NA,26,1.48725,1.06867,2.49208,0.91939,0.72596,4.13743,3.67045,3.80297,2.52994,0.45446,6.78736,5.67718,2026-04-17,0,0,0,0,0,0,0,2025-02-16,3,2,1,28,1,0,28,7,NA,0,0,0,0,"200 SOUTH KIMBERLY ROAD,WARNER ROBINS,GA,31088",32.5951,-83.637,NA,2026-06-01
115553,MAGNOLIA MANOR OF MIDWAY,652 NORTH COASTAL HIGHWAY 17,MIDWAY,GA,31320,9128843361,680,Liberty,Y,Non profit - Corporation,169,77.3,NA,Medicare and Medicaid,N,MAGNOLIA MANOR OF LIBERTY COUNTY INC,1993-06-01,MAGNOLIA MANOR SENIOR LIVING,329,5,2.8,2.6,3.8,3.8,N,NA,N,N,N,Resident,Yes,2,NA,2,NA,2,NA,2,NA,NA,2,4,NA,NA,NA,2.16603,1.20839,0.62497,1.83336,3.99939,3.46576,0.41816,0.0123,32.4,NA,12.5,NA,0,NA,1.25759,0.90364,2.10725,0.77742,0.61386,3.49852,3.10366,2.38026,1.32791,0.68678,4.39495,3.80854,2025-12-05,10,8,2,80,1,0,80,2024-06-14,7,7,0,40,1,0,40,70,0,0,0,0,0,"652 NORTH COASTAL HIGHWAY 17,MIDWAY,GA,31320",31.8221,-81.393,22,2026-06-01
115554,GRACEMORE NURSING AND REHAB,2708 LEE STREET,BRUNSWICK,GA,31520,9122656771,490,Glynn,Y,For profit - Limited Liability company,60,41.5,NA,Medicare and Medicaid,N,GRACEMORE LLC,1993-10-01,CROSSROADS MEDICAL MANAGEMENT,172,6,3,3.3,3.3,2.7,N,NA,N,N,N,Resident,Yes,5,NA,5,NA,5,NA,5,NA,4,NA,3,NA,NA,NA,1.82358,0.86623000000000006,0.72014,1.58637,3.40995,2.90788,0.35517,0.01769,54.9,NA,25,NA,0,NA,1.31985,0.94838,2.21158,0.81591,0.64425,3.67173,3.25732,1.90941,0.907,0.75404,3.57045,3.04474,2026-04-12,0,0,0,0,0,0,0,2025-03-09,7,7,7,32,1,0,32,8,NA,0,0,0,0,"2708 LEE STREET,BRUNSWICK,GA,31520",31.1678,-81.492,NA,2026-06-01
115555,BONTERRA TRANSITIONAL CARE & REHABILITATION,2801 FELTON DRIVE,EAST POINT,GA,30344,4047677591,470,Fulton,Y,For profit - Partnership,118,110,NA,Medicare and Medicaid,N,"2801 FELTON AVENUE, L.P.",1993-07-01,WELLINGTON HEALTH CARE SERVICES,559,14,1.8,2,1.8,2.2,N,NA,N,N,N,Resident,Yes,1,NA,1,NA,3,NA,3,NA,2,NA,1,NA,NA,NA,1.80641,1.13006,0.18314,1.31319,3.1196,2.7414,0.1436,0.04403,61.5,NA,NA,27,NA,27,1.46931,1.05578,2.46201,0.9083,0.71721,4.08752,3.62618,1.69903,1.06288,0.17225,2.93417,2.57845,2025-03-19,22,21,22,204,1,0,204,2023-01-05,15,7,8,112,1,0,112,181,NA,5,47724,1,6,"2801 FELTON DRIVE,EAST POINT,GA,30344",33.6798,-84.426,NA,2026-06-01
115556,"BRIGHTMOOR NURSING CENTER, LLC",3235 NEWNAN ROAD,GRIFFIN,GA,30223,7702288599,860,Spalding,Y,For profit - Limited Liability company,133,124.6,NA,Medicare and Medicaid,N,"BRIGHTMOOR NURSING CENTER, LLC",1993-06-01,NA,NA,NA,NA,NA,NA,NA,N,NA,N,N,N,Resident,Yes,2,NA,3,NA,2,NA,1,NA,3,NA,1,24,NA,NA,1.23471,0.74005,0.2033,0.94335,2.17806,2.07063,0.1664,0.05413,55.5,NA,70,NA,1,NA,1.60742,1.15502,2.69343,0.99367,0.78462,4.47172,3.96702,1.06154,0.63626,0.17478,1.87258,1.78022,2025-12-21,10,9,3,52,1,0,52,2024-11-07,0,0,0,0,0,0,0,39,NA,0,0,0,0,"3235 NEWNAN ROAD,GRIFFIN,GA,30223",33.2409,-84.35,NA,2026-06-01
115558,DADE HEALTH AND REHAB,1234 HIGHWAY 301 SOUTH,TRENTON,GA,30752,7066574171,341,Dade,Y,For profit - Corporation,71,32.7,NA,Medicare and Medicaid,N,DADE HEALTH & REHAB LLC,1993-11-01,RELIABLE HEALTH CARE MANAGEMENT,728,7,2.9,3.3,2.6,2.9,N,NA,N,N,N,None,Yes,4,NA,4,NA,4,NA,4,NA,NA,2,3,NA,NA,NA,1.62243,0.76987,0.64777,1.41764,3.04007,2.80625,0.50278,0.04528,50,NA,33.3,NA,0,NA,1.20852,0.86838,2.02502,0.74708,0.58991,3.36201,2.98255,1.85529,0.88036,0.74074,3.4764,3.20902,2026-03-19,2,1,1,8,1,0,8,2025-03-06,4,4,4,24,1,0,24,12,NA,0,0,0,0,"1234 HIGHWAY 301 SOUTH,TRENTON,GA,30752",34.8375,-85.564,NA,2026-06-01
115559,FRIENDSHIP HEALTH AND REHAB,161 FRIENDSHIP ROAD,CLEVELAND,GA,30528,7068653131,963,White,N,For profit - Corporation,89,65.2,NA,Medicare and Medicaid,N,FRIENDSHIP HEALTH & REHAB LLC,1993-11-01,RELIABLE HEALTH CARE MANAGEMENT,728,7,2.9,3.3,2.6,2.9,N,NA,N,N,N,Resident,Yes,4,NA,4,NA,3,NA,4,NA,1,NA,3,NA,NA,NA,1.95911,0.90034,0.36404,1.26438,3.22349,3.00759,0.27788,0.01906,31.3,NA,20,NA,0,NA,1.35397,0.9729,2.26874,0.837,0.66091,3.76665,3.34152,1.99963,0.91896,0.37157,3.29016,3.06979,2025-04-24,1,1,1,4,1,0,4,2023-04-16,3,3,0,28,1,0,28,10,NA,0,0,0,0,"161 FRIENDSHIP ROAD,CLEVELAND,GA,30528",34.6268,-83.804,22,2026-06-01
115560,GATEWAY HEALTH AND REHAB,3201 WESTMORELAND ROAD,CLEVELAND,GA,30528,7068655686,963,White,N,For profit - Corporation,60,57.8,NA,Medicare and Medicaid,N,GATEWAY HEALTH & REHAB LLC,1993-11-01,RELIABLE HEALTH CARE MANAGEMENT,728,7,2.9,3.3,2.6,2.9,N,NA,N,N,N,Resident,Yes,4,NA,5,NA,2,NA,1,NA,4,NA,1,NA,NA,NA,1.8931,0.81251,0.17875,0.99126,2.88436,2.58985,0.16728,0.04597,36.2,NA,NA,27,0,NA,1.33827,0.96162,2.24245,0.82729,0.65324,3.72298,3.30279,1.95491,0.83904,0.18459,2.97854,2.67441,2025-03-23,1,1,1,4,1,0,4,2023-02-08,1,1,0,4,1,0,4,4,NA,0,0,0,0,"3201 WESTMORELAND ROAD,CLEVELAND,GA,30528",34.5431,-83.758,NA,2026-06-01
115561,Tucker Park Crossing of Journey LLC,4608 LAWRENCEVILLE HIGHWAY,TUCKER,GA,30084,7704919444,370,De Kalb,Y,For profit - Limited Liability company,144,124.9,NA,Medicare and Medicaid,N,MEADOWBROOK OPERATOR LLC,1993-11-01,JOURNEY HEALTHCARE,766,34,2,2.4,1.4,2.6,N,NA,N,N,N,Resident,Yes,1,NA,1,NA,4,NA,5,NA,3,NA,1,NA,NA,NA,2.43617,0.99837,0.25898,1.25736,3.69353,3.05195,0.18993,0.0828,56.6,NA,54.5,NA,1,NA,1.47393,1.0591,2.46976,0.91116,0.71946,4.10037,3.63758,2.28418,0.93608,0.24283,3.46309,2.86154,2026-01-30,12,9,9,64,1,0,64,2024-10-31,30,6,30,152,1,0,152,86,NA,1,47466,0,1,"4608 LAWRENCEVILLE HIGHWAY,TUCKER,GA,30084",33.8616,-84.2,NA,2026-06-01
115562,"PRUITTHEALTH - HOLLY HILL, LLC",413 PENDLETON PLACE,VALDOSTA,GA,31602,2292446968,700,Lowndes,Y,For profit - Limited Liability company,100,82.4,NA,Medicare and Medicaid,N,"PRUITTHEALTH - HOLLY HILL, LLC",1994-02-01,PRUITTHEALTH,434,99,2.8,2.8,2.5,3.7,N,NA,N,N,N,Resident,Yes,1,NA,1,NA,1,NA,3,NA,1,NA,4,NA,NA,NA,2.17683,0.41338,0.73992,1.1533,3.33013,2.71689,0.45994,0.01481,30.8,NA,10,NA,0,NA,1.39379,1.00151,2.33546,0.86161,0.68034,3.87741,3.43978,2.15838,0.40988,0.73365,3.30191,2.69387,2026-02-27,6,6,0,141,1,0,141,2024-11-20,14,14,4,64,1,0,64,121.75,NA,2,19145,0,2,"413 PENDLETON PLACE,VALDOSTA,GA,31602",30.8638,-83.283,NA,2026-06-01
115563,WESTBURY CENTER OF JACKSON FOR NURSING AND HEALING,922 MCDONOUGH ROAD,JACKSON,GA,30233,7707757832,160,Butts,Y,For profit - Corporation,196,185.4,NA,Medicare and Medicaid,N,JACKSON GA OPCO LLC,1994-04-01,EMPIRE CARE CENTERS,202,19,1.8,2.2,1.4,3.2,N,NA,N,N,N,Resident,Yes,3,NA,4,NA,4,NA,5,NA,3,NA,1,NA,NA,NA,2.18135,0.7203,0.24519,0.96549,3.14684,2.77429,0.12061,0.03608,50,NA,61.5,NA,0,NA,1.48757,1.0689,2.49261,0.91959,0.72612,4.13831,3.67124,2.0265,0.66917,0.22779,2.92346,2.57735,2026-03-12,1,1,0,4,1,0,4,2025-02-06,9,6,9,52,1,0,52,16,NA,1,8512,0,1,"922 MCDONOUGH ROAD,JACKSON,GA,30233",33.302,-83.976,NA,2026-06-01
115565,STONE MOUNTAIN RUN OF JOURNEY LLC,5160 SPRING VIEW AVENUE,STONE MOUNTAIN,GA,30083,7704984144,370,De Kalb,Y,For profit - Limited Liability company,149,144.2,NA,Medicare and Medicaid,N,STONE MOUNTAIN RUN OF JOURNEY LLC,1994-03-07,JOURNEY HEALTHCARE,766,34,2,2.4,1.4,2.6,N,NA,N,N,N,Resident,Yes,2,NA,4,NA,1,20,1,20,NA,20,1,NA,NA,NA,1.80418,0.77265,0.33876,1.11141,2.91559,2.62422,0.23674,0.08404,NA,26,NA,26,NA,27,1.78586,1.28323,2.99243,1.10398,0.87172,4.96813,4.40739,1.39616,0.59791,0.26215,2.25621,2.03074,2025-03-20,4,4,0,16,1,0,16,2023-10-27,1,1,0,4,1,0,4,13,NA,0,0,0,0,"5160 SPRING VIEW AVENUE,STONE MOUNTAIN,GA,30083",33.8168,-84.178,NA,2026-06-01
115566,RIVER TOWNE CENTER,5131 WARM SPRINGS RD,COLUMBUS,GA,31909,7065611371,780,Muscogee,Y,For profit - Corporation,210,132.2,NA,Medicare and Medicaid,N,COLUMBUS CENTER LLC,1994-04-01,NA,NA,NA,NA,NA,NA,NA,N,NA,N,N,N,Both,Yes,1,NA,2,NA,3,NA,5,NA,1,NA,1,NA,NA,NA,2.4574,0.83111,0.79798,1.6291,4.0865,3.53684,0.67104,0.02878,80,NA,78.8,NA,2,NA,1.96006,1.40841,3.28433,1.21167,0.95676,5.45276,4.83733,1.73263,0.58599,0.56263,2.88125,2.4937,2026-04-01,4,4,1,16,1,0,16,2025-04-24,20,7,20,184,1,0,184,58,NA,1,24387,1,2,"5131 WARM SPRINGS RD,COLUMBUS,GA,31909",32.5355,-84.906,NA,2026-06-01
115568,CRISP REGIONAL NSG & REHAB CTR,902 BLACKSHEAR ROAD,CORDELE,GA,31015,2292731481,340,Crisp,N,Non profit - Corporation,143,76.1,NA,Medicare and Medicaid,Y,CRISP REGIONAL HOSPITAL INC,1994-05-01,NA,NA,NA,NA,NA,NA,NA,N,NA,N,N,N,Resident,Yes,1,NA,2,NA,1,NA,2,NA,1,NA,2,NA,NA,NA,1.97075,0.94075,0.56258,1.50334,3.47409,3.16733,0.32225,0.07151,37.7,NA,66.7,NA,0,NA,1.624,1.16693,2.72121,1.00392,0.79271,4.51784,4.00793,1.67705,0.80055,0.47874,2.95635,2.6953,2026-03-26,5,5,0,20,1,0,20,2025-02-20,3,0,3,129,0,0,129,47.25,NA,0,0,0,0,"902 BLACKSHEAR ROAD,CORDELE,GA,31015",31.9778,-83.772,NA,2026-06-01
115569,FULTON CENTER FOR REHABILITATION LLC,2850 SPRINGDALE ROAD SW,ATLANTA,GA,30315,4047628672,470,Fulton,Y,For profit - Limited Liability company,109,97.8,NA,Medicare and Medicaid,N,FULTON CENTER FOR REHABILITATION LLC,1994-04-15,EMPIRE CARE CENTERS,202,19,1.8,2.2,1.4,3.2,N,NA,N,N,N,Resident,Yes,1,NA,1,NA,4,NA,4,NA,3,NA,1,NA,NA,NA,1.7194,1.13588,0.2589,1.39478,3.11418,2.71522,0.1418,0.10675,57.3,NA,44.4,NA,0,NA,1.36546,0.98115,2.288,0.8441,0.66651,3.79861,3.36987,1.74019,1.14961,0.26203,3.15184,2.74806,2025-05-01,9,9,9,48,1,0,48,2023-10-19,9,3,6,315,1,0,315,114.75,0,1,105368,0,1,"2850 SPRINGDALE ROAD SW,ATLANTA,GA,30315",33.678,-84.415,NA,2026-06-01
115570,CAMELLIA GARDENS OF LIFE CARE,804 SOUTH BROAD STREET BOX 1959,THOMASVILLE,GA,31792,2292260076,890,Thomas,N,For profit - Individual,83,72.8,NA,Medicare and Medicaid,N,"LIFE CARE CENTERS OF AMERICA, INC.",1994-05-12,LIFE CARE CENTERS OF AMERICA,311,194,3.5,2.9,3.3,4.5,N,NA,N,N,N,Resident,Yes,3,NA,3,NA,3,NA,4,NA,3,NA,4,NA,NA,NA,2.14908,0.87058,0.56483,1.4354,3.58448,3.03402,0.22479,0.06725,37.9,NA,11.1,NA,0,NA,1.27436,0.91569,2.13535,0.78778,0.62205,3.54518,3.14505,2.33056,0.94409,0.61252,3.88717,3.29023,2025-05-02,5,5,0,32,1,0,32,2023-03-16,5,5,0,28,1,0,28,31,0,1,7020,0,1,"804 SOUTH BROAD STREET BOX 1959,THOMASVILLE,GA,31792",30.8245,-83.978,NA,2026-06-01
115571,CARTERSVILLE CENTER FOR NURSING AND HEALING,78 OPAL STREET,CARTERSVILLE,GA,30120,7703826120,060,Bartow,Y,For profit - Individual,118,110,NA,Medicare and Medicaid,N,CARTERSVILLE NURSING LLC,1994-07-01,EMPIRE CARE CENTERS,202,19,1.8,2.2,1.4,3.2,N,NA,N,N,N,Resident,Yes,2,NA,2,NA,3,NA,4,NA,3,NA,2,NA,NA,NA,2.14904,0.90396,0.42621,1.33017,3.47921,3.02187,0.33787,0.08481,49.4,NA,50,NA,1,NA,1.42039,1.02062,2.38004,0.87805,0.69333,3.95142,3.50544,2.09092,0.87952,0.41468,3.38511,2.94014,2025-12-18,5,5,2,36,1,0,36,2024-08-22,18,11,17,88,1,0,88,49,1,0,0,0,0,"78 OPAL STREET,CARTERSVILLE,GA,30120",34.1799,-84.787,NA,2026-06-01
115573,CHRISTIAN CITY REHABILITATION CENTER,7300 LESTER ROAD,UNION CITY,GA,30291,7709643301,470,Fulton,Y,For profit - Individual,200,176.7,NA,Medicare and Medicaid,N,"PRUITTHEALTH - CHRISTIAN CITY, LLC",1995-01-01,PRUITTHEALTH,434,99,2.8,2.8,2.5,3.7,Y,NA,N,N,N,Resident,Yes,2,NA,2,NA,4,NA,5,NA,3,NA,3,NA,NA,NA,2.21226,0.8968,0.65145,1.54825,3.76051,3.06251,0.3961,0.09062,42.4,NA,50,NA,0,NA,1.49738,1.07595,2.50905,0.92565,0.73091,4.16561,3.69545,2.04176,0.82768,0.60124,3.47068,2.82648,2025-04-30,20,18,20,84,1,0,84,2024-03-03,2,2,2,20,1,0,20,68,0,0,0,0,0,"7300 LESTER ROAD,UNION CITY,GA,30291",33.555,-84.525,NA,2026-06-01
115575,TATTNALL HEALTHCARE CENTER,142 MEMORIAL DRIVE,REIDSVILLE,GA,30453,9125574345,882,Tattnall,N,For profit - Limited Liability company,92,66.4,NA,Medicare and Medicaid,N,TN SNF LLC,1994-09-01,BEACON HEALTH MANAGEMENT,69,13,1.4,1.9,1.5,2.2,N,NA,N,N,N,Resident,Yes,1,NA,2,NA,3,NA,3,NA,NA,2,1,24,NA,NA,1.66903,1.22905,0.14816,1.37721,3.04624,2.68964,0.15822,0,27.3,NA,NA,27,1,NA,1.57062,1.12857,2.63177,0.97092,0.76666,4.36935,3.87619,1.46856,1.08143,0.13036,2.68036,2.36659,2025-08-21,8,7,3,56,1,0,56,2024-03-28,7,6,1,44,1,0,44,53,1,0,0,0,0,"142 MEMORIAL DRIVE,REIDSVILLE,GA,30453",32.0827,-82.109,NA,2026-06-01
115576,"OAK VIEW HOME, INC",119 OAKVIEW STREET,WAVERLY HALL,GA,31831,7065822117,580,Harris,Y,Non profit - Other,100,87.5,NA,Medicare and Medicaid,N,GOLDEN AGE OAK VIEW HOME LLC,1994-11-01,ETHICA HEALTH,834,50,3.6,3.6,3,3.1,N,NA,N,N,N,Resident,Yes,4,NA,4,NA,4,NA,4,NA,NA,2,4,NA,NA,NA,2.72925,0.33724,0.54685,0.88409,3.61334,3.07604,0.40875,6.7e-4,29,NA,11.1,NA,0,NA,1.1805,0.84825,1.97808,0.72976,0.57623,3.28408,2.91342,3.19503,0.3948,0.64017,4.23,3.601,2025-09-18,4,4,1,28,1,0,28,2024-05-10,2,2,2,8,1,0,8,23,NA,0,0,0,0,"119 OAKVIEW STREET,WAVERLY HALL,GA,31831",32.6877,-84.74,NA,2026-06-01
115577,ALTAMAHA HEALTHCARE CENTER,1311 WEST CHERRY STREET,JESUP,GA,31545,9124277792,960,Wayne,N,For profit - Corporation,62,49.3,NA,Medicare and Medicaid,N,AM SNF LLC,1994-09-01,BEACON HEALTH MANAGEMENT,69,13,1.4,1.9,1.5,2.2,N,NA,N,N,N,Both,Yes,1,NA,1,NA,2,NA,2,NA,3,NA,1,24,NA,NA,1.66369,0.98252,0.2511,1.23362,2.89731,2.60683,0.12981,0.02901,47.8,NA,100,NA,2,NA,1.51616,1.08944,2.54051,0.93726,0.74007,4.21784,3.74179,1.51645,0.89556,0.22888,2.64089,2.37612,2025-08-09,14,14,1,108,1,0,108,2024-07-31,12,12,3,84,2,42,126,112.5,0,1,4017,0,1,"1311 WEST CHERRY STREET,JESUP,GA,31545",31.6176,-81.898,NA,2026-06-01
115578,GREEN ACRES HEALTH AND REHABILITATION,"313 ALLEN MEMORIAL DRIVE,SW",MILLEDGEVILLE,GA,31061,4784539437,030,Baldwin,N,Non profit - Other,98,94.2,NA,Medicare and Medicaid,N,BALDWIN COUNTY NURSING HOME LLC,1995-03-01,ETHICA HEALTH,834,50,3.6,3.6,3,3.1,N,NA,N,N,N,Resident,Yes,5,NA,5,NA,4,NA,4,NA,NA,2,3,NA,NA,NA,2.50068,0.55384,0.30937,0.86321,3.36389,3.02801,0.17137,0.02886,32.4,NA,16.7,NA,0,NA,1.28572,0.92386,2.15439,0.79481,0.62759,3.5768,3.1731,2.68787,0.5953,0.33253,3.61571,3.25469,2025-08-14,2,2,2,8,1,0,8,2024-04-14,0,0,0,0,0,0,0,6,NA,0,0,0,0,"313 ALLEN MEMORIAL DRIVE,SW,MILLEDGEVILLE,GA,31061",33.0546,-83.246,NA,2026-06-01
115579,"Healthcare at College Park, LLC",1765 TEMPLE AVENUE,COLLEGE PARK,GA,30337,4047678609,470,Fulton,Y,For profit - Limited Liability company,100,NA,10,Medicare and Medicaid,N,Legal Business Name Not Available,1995-03-01,C. ROSS MANAGEMENT,95,8,2.1,2.8,1.1,2.4,N,NA,N,N,N,Both,Yes,1,NA,2,NA,NA,2,NA,2,NA,2,1,23,23,23,NA,NA,NA,NA,NA,NA,NA,NA,NA,26,NA,26,NA,26,NA,NA,NA,NA,NA,NA,NA,NA,NA,NA,NA,NA,2024-08-12,10,10,9,72,1,0,72,2023-01-05,4,4,0,32,1,0,32,62,NA,0,0,0,0,"1765 TEMPLE AVENUE,COLLEGE PARK,GA,30337",33.6557,-84.446,NA,2026-06-01
115580,AUTUMN BREEZE HEALTH AND REHAB,1480 SANDTOWN ROAD SW,MARIETTA,GA,30008,7704221755,290,Cobb,Y,For profit - Corporation,109,82.9,NA,Medicare and Medicaid,N,Legal Business Name Not Available,1995-03-01,C. ROSS MANAGEMENT,95,8,2.1,2.8,1.1,2.4,N,NA,N,N,N,Resident,Yes,4,NA,4,NA,3,NA,3,NA,4,NA,2,NA,NA,NA,2.13225,0.98182,0.28228,1.2641,3.39635,3.11766,0.13915,0.03616,25,NA,28.6,NA,0,NA,1.60299,1.15183,2.68601,0.99094,0.78246,4.45941,3.95609,1.83826,0.84645,0.24336,2.92807,2.6878,2026-03-12,2,2,0,20,1,0,20,2025-02-06,1,1,0,4,1,0,4,16,NA,0,0,0,0,"1480 SANDTOWN ROAD SW,MARIETTA,GA,30008",33.9169,-84.554,NA,2026-06-01
115582,HERITAGE OAKS,2255 FREDERICA ROAD,SAINT SIMONS ISLAND,GA,31522,9126389988,490,Glynn,Y,Non profit - Other,125,57.4,NA,Medicare and Medicaid,N,GLYNN COUNTY HEALTHCARE LLC,1995-05-01,ETHICA HEALTH,834,50,3.6,3.6,3,3.1,N,NA,N,N,N,Resident,Yes,3,NA,3,NA,4,NA,5,NA,4,NA,4,NA,NA,NA,2.00812,1.0023,0.64352,1.64583,3.65395,3.20142,0.37198,0.05507,36.7,NA,33.3,NA,0,NA,1.22671,0.88146,2.05551,0.75833,0.59879,3.41262,3.02745,2.26228,1.12916,0.72497,4.11642,3.60661,2025-04-02,3,2,1,24,1,0,24,2023-02-05,5,5,0,32,1,0,32,26,NA,0,0,0,0,"2255 FREDERICA ROAD,SAINT SIMONS ISLAND,GA,31522",31.1694,-81.383,NA,2026-06-01
115584,GORDON HEALTH AND REHABILITATION,1280 MAULDIN ROAD NE,CALHOUN,GA,30703,7066250044,500,Gordon,N,Non profit - Other,117,113.2,NA,Medicare and Medicaid,N,GORDON HEALTH CARE CENTER LLC,1995-07-01,ETHICA HEALTH,834,50,3.6,3.6,3,3.1,N,NA,N,N,N,Resident,Yes,4,NA,4,NA,2,NA,2,NA,2,NA,2,NA,NA,NA,2.50001,0.60314,0.25073,0.85387,3.35388,2.92226,0.16319,0.07442,42.9,NA,33.3,NA,0,NA,1.28389,0.92255,2.15132,0.79368,0.6267,3.5717,3.16858,2.69099,0.64921,0.26989,3.61009,3.1455,2026-04-01,3,3,0,12,1,0,12,2025-04-13,2,2,2,8,1,0,8,11,NA,0,0,0,0,"1280 MAULDIN ROAD NE,CALHOUN,GA,30703",34.5323,-84.943,NA,2026-06-01
115586,PINEWOOD MANOR NURSING HOME & REHABILITATION CNTR,277 COMMERCE STREET,HAWKINSVILLE,GA,31036,4788929171,831,Pulaski,N,For profit - Individual,102,51.7,NA,Medicare and Medicaid,N,TAYLOR REGIONAL HOSPITAL,1995-07-01,NA,NA,NA,NA,NA,NA,NA,N,NA,N,N,N,None,Yes,3,NA,3,NA,5,NA,5,NA,NA,2,1,24,NA,NA,1.47433,0.81143,0.38602,1.19744,2.67177,2.28923,0.10138,0.01494,21.2,NA,NA,27,NA,26,1.20025,0.86245,2.01117,0.74197,0.58587,3.33902,2.96216,1.69754,0.93428,0.44446,3.07628,2.63583,2026-03-12,5,4,1,32,1,0,32,2025-03-14,9,6,3,68,1,0,68,41,NA,0,0,0,0,"277 COMMERCE STREET,HAWKINSVILLE,GA,31036",32.2856,-83.483,NA,2026-06-01
115587,BUCHANAN HEALTHCARE CENTER,144 DEPOT STREET,BUCHANAN,GA,30113,7706465512,570,Haralson,Y,For profit - Corporation,60,43.5,NA,Medicare and Medicaid,N,BUCHANAN HEALTHCARE CENTER LLC,1995-05-01,BLUE RIDGE HEALTHCARE,84,3,1.3,1.7,1.7,1.7,N,NA,N,N,N,Both,Yes,2,NA,3,NA,2,NA,2,NA,2,NA,1,NA,NA,NA,1.74416,1.2116,0.22463,1.43623,3.1804,3.17646,0.21015,0.01711,72.2,NA,NA,27,1,NA,1.30087,0.93475,2.17978,0.80417,0.63499,3.61894,3.21048,1.8529,1.28713,0.23864,3.37867,3.37449,2025-03-30,3,3,0,12,1,0,12,2024-04-04,12,12,0,116,1,0,116,38,0,0,0,0,0,"144 DEPOT STREET,BUCHANAN,GA,30113",33.8036,-85.185,NA,2026-06-01
115588,PRUITTHEALTH - COVINGTON,4148 CARROLL STREET,COVINGTON,GA,30015,7707860427,790,Newton,Y,For profit - Corporation,71,66.2,NA,Medicare and Medicaid,N,"PRUITTHEALTH - COVINGTON, LLC",1995-07-01,PRUITTHEALTH,434,99,2.8,2.8,2.5,3.7,N,NA,N,N,N,Resident,Yes,3,NA,4,NA,4,NA,5,NA,3,NA,1,NA,NA,NA,1.74853,1.18118,0.43152,1.6127,3.36123,2.85038,0.17104,0.12464,40,NA,50,NA,1,NA,1.55828,1.1197,2.61109,0.96329,0.76063,4.33501,3.84574,1.5507,1.04754,0.3827,2.98094,2.52789,2025-03-01,3,2,3,12,1,0,12,2023-09-07,3,2,3,12,1,0,12,12,NA,0,0,0,0,"4148 CARROLL STREET,COVINGTON,GA,30015",33.5953,-83.87,NA,2026-06-01
115592,COUNTRYSIDE POST ACUTE,233 CARROLLTON  STREET,BUCHANAN,GA,30113,7706463861,570,Haralson,Y,For profit - Corporation,62,49.7,NA,Medicare and Medicaid,N,233 CARROLLTON OPCO LLC,1995-09-12,NA,NA,NA,NA,NA,NA,NA,N,NA,N,N,N,Resident,Yes,2,NA,2,NA,2,NA,1,NA,3,NA,2,NA,NA,NA,1.79452,1.16796,0.50792,1.67588,3.4704,2.80913,0.16478,0.11191,NA,26,NA,27,2,NA,1.18667,0.85268,1.98841,0.73357000000000006,0.57924,3.30122,2.92862,2.08987,1.36019,0.59151,4.04157,3.27147,2025-08-21,3,2,1,24,1,0,24,2024-04-18,9,9,9,100,1,0,100,43,NA,1,4068,1,2,"233 CARROLLTON  STREET,BUCHANAN,GA,30113",33.7994,-85.186,NA,2026-06-01
115593,BAYVIEW NURSING HOME,12884 CLEVELAND STREET WEST,NAHUNTA,GA,31553,9124626044,110,Brantley,Y,For profit - Corporation,63,56.2,NA,Medicare and Medicaid,N,"BAYVIEW NURSING HOME, LLC",1995-08-01,CROSSROADS MEDICAL MANAGEMENT,172,6,3,3.3,3.3,2.7,N,NA,N,N,N,Resident,Yes,3,NA,3,NA,2,NA,2,NA,3,NA,4,NA,NA,NA,2.54426,1.16023,0.66388,1.82411,4.36836,3.88141,0.45653,0.08934,47.5,NA,36.4,NA,NA,26,1.30399,0.93699,2.185,0.8061,0.63651,3.62762,3.21818,2.6964,1.22961,0.70358,4.6296,4.11352,2025-12-21,3,3,0,44,1,0,44,2024-10-17,0,0,0,0,0,0,0,33,NA,2,13520,1,3,"12884 CLEVELAND STREET WEST,NAHUNTA,GA,31553",31.2022,-81.995,NA,2026-06-01
115595,EATONTON HEALTH AND REHABILITATION,125 SPARTA HIGHWAY 16 EAST,EATONTON,GA,31024,7064858573,832,Putnam,N,Non profit - Other,104,76.7,NA,Medicare and Medicaid,N,PUTNAM COUNTY HEALTH CARE LLC,1996-02-01,ETHICA HEALTH,834,50,3.6,3.6,3,3.1,N,NA,N,N,N,Resident,Yes,2,NA,3,NA,1,NA,1,NA,NA,2,3,NA,NA,NA,2.26047,0.67765,0.29868,0.97633,3.2368,2.74508,0.12529,0.01129,34,NA,28.6,NA,0,NA,1.17468,0.84407,1.96832,0.72616,0.57339,3.26787,2.89904,2.65937,0.79723,0.35139,3.80799,3.22949,2025-06-26,8,8,0,36,1,0,36,2024-01-28,8,8,1,56,1,0,56,41,0,0,0,0,0,"125 SPARTA HIGHWAY 16 EAST,EATONTON,GA,31024",33.3269,-83.346,22,2026-06-01
115596,TUCKER OPERATING COMPANY LLC,2165 IDLEWOOD ROAD,TUCKER,GA,30084,7709343172,370,De Kalb,Y,For profit - Individual,136,121.1,NA,Medicare and Medicaid,N,TUCKER OPERATING COMPANY LLC,1995-12-19,MICHAEL FEIST,769,7,3.7,3.4,2.4,4.3,N,NA,N,N,N,Resident,Yes,2,NA,2,NA,4,NA,3,NA,4,NA,2,NA,NA,NA,3.05866,0.8742,0.61622,1.49043,4.54909,3.79609,0.46792,0.204,64.1,NA,83.3,NA,0,NA,1.5837,1.13797,2.65368,0.97901,0.77304,4.40573,3.90847,2.66906,0.76285,0.53773,3.96965,3.31256,2025-09-16,7,5,2,44,1,0,44,2024-06-06,11,4,11,136,1,0,136,67,NA,1,30000,0,1,"2165 IDLEWOOD ROAD,TUCKER,GA,30084",33.8476,-84.213,NA,2026-06-01
115597,HERITAGE INN HEALTH AND REHABILITATION,307 JONES MILL ROAD,STATESBORO,GA,30458,9127649011,140,Bulloch,N,Non profit - Other,92,69.2,NA,Medicare and Medicaid,N,BULLOCH COUNTY HEALTH CARE LLC,1996-02-01,ETHICA HEALTH,834,50,3.6,3.6,3,3.1,N,NA,N,N,N,Resident,Yes,4,NA,4,NA,3,NA,4,NA,2,NA,3,NA,NA,NA,1.94656,0.49172,0.62103,1.11275,3.05931,2.8238,0.47992,0.0412,51.8,NA,30,NA,0,NA,1.29974,0.93393,2.17788,0.80347,0.63443,3.61578,3.20768,2.06972,0.52283,0.66032,3.25287,3.00246,2025-06-19,4,4,0,28,1,0,28,2024-01-25,4,4,0,16,1,0,16,25,NA,0,0,0,0,"307 JONES MILL ROAD,STATESBORO,GA,30458",32.4441,-81.76,NA,2026-06-01
115598,CAMELLIA HEALTH & REHABILITATION,700 EAST LONG STREET,CLAXTON,GA,30417,9127392245,441,Evans,N,Non profit - Other,70,55.7,NA,Medicare and Medicaid,N,EVANS COUNTY LTC LLC,1996-03-01,ETHICA HEALTH,834,50,3.6,3.6,3,3.1,N,NA,N,N,N,Resident,Yes,3,NA,3,NA,2,NA,2,NA,3,NA,4,NA,NA,NA,2.2673,0.64248,0.82421,1.46668,3.73399,3.09556,0.63032,0.07059,51.9,NA,33.3,NA,1,NA,1.23275,0.88579,2.06562,0.76206,0.60173,3.42941,3.04235,2.54177,0.72025,0.92398,4.186,3.47028,2025-04-25,3,1,3,44,1,0,44,2023-03-02,2,0,2,8,0,0,8,35,1,0,0,0,0,"700 EAST LONG STREET,CLAXTON,GA,30417",32.1654,-81.897,NA,2026-06-01
115599,MAGNOLIA MANOR OF MARION COUNTY,349 GENEVA ROAD,BUENA VISTA,GA,31803,2296497100,730,Marion,Y,Non profit - Corporation,70,66.6,NA,Medicare and Medicaid,N,MAGNOLIA MANOR OF MARION COUNTY INC,1996-01-01,MAGNOLIA MANOR SENIOR LIVING,329,5,2.8,2.6,3.8,3.8,N,NA,N,N,N,Resident,Yes,5,NA,4,NA,5,NA,5,NA,NA,2,4,NA,NA,NA,2.54922,1.04271,0.56068,1.60339,4.15261,3.47421,0.23023,0.0095,45.2,NA,70,NA,0,NA,1.24728,0.89624,2.08998,0.77105,0.60883,3.46986,3.07823,2.8245,1.15531,0.62123,4.60104,3.84938,2026-01-29,4,4,0,16,1,0,16,2025-01-16,6,5,6,36,1,0,36,21,NA,0,0,0,0,"349 GENEVA ROAD,BUENA VISTA,GA,31803",32.3286,-84.525,NA,2026-06-01
115600,PRUITTHEALTH - LANIER,2451 PEACHTREE INDUSTRIAL BLVD,BUFORD,GA,30518,7706142800,530,Gwinnett,Y,For profit - Corporation,117,96.3,NA,Medicare and Medicaid,N,"PRUITTHEALTH - LANIER, LLC",1996-04-07,PRUITTHEALTH,434,99,2.8,2.8,2.5,3.7,N,NA,N,N,N,Resident,Yes,3,NA,3,NA,3,NA,2,NA,4,NA,2,NA,NA,NA,2.03979,0.82987,0.47736,1.30723,3.34701,2.95216,0.20386,0.05472,28.4,NA,45.5,NA,0,NA,1.56433,1.12406,2.62123,0.96704,0.76359,4.35186,3.86068,1.802,0.73313,0.42171,2.95684,2.60802,2025-05-09,8,8,8,32,1,0,32,2023-03-30,10,7,3,56,1,0,56,38,3,0,0,0,0,"2451 PEACHTREE INDUSTRIAL BLVD,BUFORD,GA,30518",34.1358,-84,NA,2026-06-01
115601,WESTWOOD HEALTHCARE AND REHABILITATION,101 STOCKYARD ROAD,STATESBORO,GA,30458,9127646005,130,Bryan,Y,For profit - Corporation,60,55.7,NA,Medicare and Medicaid,N,WESTWOOD PAC LLC,1996-04-01,NA,NA,NA,NA,NA,NA,NA,N,NA,N,N,N,Resident,Yes,3,NA,3,NA,2,NA,3,NA,1,NA,2,NA,NA,NA,1.73079,1.01897,0.30406,1.32302,3.05381,2.80484,0.37077,0.01442,40.4,NA,40,NA,0,NA,1.44396,1.03756,2.41953,0.89262,0.70483,4.01698,3.5636,1.65649,0.97523,0.29101,2.92273,2.68444,2025-05-04,6,6,6,28,1,0,28,2023-04-02,3,3,0,32,1,0,32,29,NA,0,0,0,0,"101 STOCKYARD ROAD,STATESBORO,GA,30458",32.4575,-81.799,NA,2026-06-01
115603,WARM SPRINGS MEDICAL CENTER NURSING HOME,5995 SPRING STREET,WARM SPRINGS,GA,31830,7066553331,740,Meriwether,Y,For profit - Limited Liability company,79,72.3,NA,Medicare and Medicaid,Y,MERIWETHER HEALTHCARE LLC,1996-05-01,NA,NA,NA,NA,NA,NA,NA,N,NA,N,N,N,Both,Yes,4,NA,4,NA,2,NA,2,NA,NA,2,2,NA,NA,NA,1.72383,1.06975,0.25794,1.3277,3.05152,2.68679,0.17832,0.0262,59.2,NA,33.3,NA,0,NA,1.24843,0.89707,2.09191,0.77176,0.60939,3.47306,3.08107,1.90821,1.18418,0.28554,3.37793,2.97418,2025-03-27,1,1,1,4,1,0,4,2023-11-05,8,8,3,52,1,0,52,16,0,0,0,0,0,"5995 SPRING STREET,WARM SPRINGS,GA,31830",32.8908,-84.684,NA,2026-06-01
115604,Brown's Health and Rehabilitation,226 SOUTH COLLEGE STREET,STATESBORO,GA,30458,9127649631,140,Bulloch,N,For profit - Limited Liability company,63,54.5,NA,Medicare and Medicaid,N,Legal Business Name Not Available,1996-06-01,BRIGHTON HEALTHCARE,848,8,1.5,1.8,1.9,2,N,NA,N,N,N,Resident,Yes,3,NA,4,NA,1,NA,1,NA,1,NA,2,NA,NA,NA,2.07984,0.86471,0.46536,1.33008,3.40992,2.84012,0.33823,0.02118,59.6,NA,57.1,NA,0,NA,1.42774,1.02591,2.39236,0.8826,0.69692,3.97188,3.52359,2.01317,0.83699,0.45044,3.3006,2.74907,2026-01-11,2,2,0,8,1,0,8,2024-11-07,6,4,6,56,1,0,56,20,NA,2,8678,0,2,"226 SOUTH COLLEGE STREET,STATESBORO,GA,30458",32.443,-81.786,NA,2026-06-01
115605,WAYCROSS HEALTH AND REHABILITATION,1910 DOROTHY STREET,WAYCROSS,GA,31501,9122854721,940,Ware,N,Non profit - Other,92,65.8,NA,Medicare and Medicaid,N,WARE COUNTY HEALTH CARE LLC,1996-10-01,ETHICA HEALTH,834,50,3.6,3.6,3,3.1,N,NA,N,N,N,Resident,Yes,4,NA,4,NA,2,NA,3,NA,1,NA,3,NA,NA,NA,2.14734,0.35637,0.81987,1.17624,3.32358,3.03755,0.52073,0.00263,47.6,NA,40,NA,1,NA,1.3173,0.94655,2.20731,0.81433,0.64301,3.66465,3.25103,2.25276,0.37386,0.86012,3.48674,3.18667,2025-03-20,2,2,0,8,1,0,8,2022-12-18,5,5,0,40,1,0,40,16,NA,0,0,0,0,"1910 DOROTHY STREET,WAYCROSS,GA,31501",31.2343,-82.358,NA,2026-06-01
115606,CANTON CENTER FOR NURSING AND HEALING LLC,321 HOSPITAL ROAD,CANTON,GA,30114,7704798791,250,Cherokee,Y,Government - County,100,86.2,NA,Medicare and Medicaid,Y,CANTON CENTER FOR NURSING AND HEALING LLC,1997-02-01,EMPIRE CARE CENTERS,202,19,1.8,2.2,1.4,3.2,N,NA,N,N,N,Resident,Yes,2,NA,3,NA,3,NA,2,NA,3,NA,1,NA,NA,NA,1.81533,1.00842,0.49495,1.50337,3.3187,2.81549,0.31996,0.14643,60.3,NA,87.5,NA,4,NA,1.4106,1.01359,2.36363,0.872,0.68855,3.92418,3.48127,1.77849,0.98796,0.4849,3.25135,2.75836,2025-08-22,8,6,2,36,1,0,36,2024-01-05,7,7,7,48,1,0,48,39,NA,0,0,0,0,"321 HOSPITAL ROAD,CANTON,GA,30114",34.2471,-84.492,NA,2026-06-01
115607,Pinewood Health and Rehabilitation,433 NORTH MCGRIFF STREET,WHIGHAM,GA,39897,2293072004,510,Grady,N,For profit - Individual,142,65.4,NA,Medicare and Medicaid,N,WHIGHAM OPCO LLC,1996-10-01,BRIGHTON HEALTHCARE,848,8,1.5,1.8,1.9,2,N,SFF Candidate,Y,N,N,Resident,Yes,1,NA,1,NA,2,NA,2,NA,NA,2,1,NA,NA,NA,1.46873,0.4345,0.49163,0.92613,2.39487,2.11205,0.47534,0.01382,52.2,NA,57.1,NA,2,NA,1.30795,0.93983,2.19164,0.80855,0.63844,3.63863,3.22795,1.55185,0.45909,0.51946,2.5304,2.23158,2025-02-19,20,12,8,493,1,0,493,2022-10-20,14,3,11,339,1,0,339,454.5,1,2,210094,0,2,"433 NORTH MCGRIFF STREET,WHIGHAM,GA,39897",30.8933,-84.324,NA,2026-06-01
115608,PRUITTHEALTH - OCILLA,209 WEST HUDSON STREET,OCILLA,GA,31774,2294689431,601,Irwin,N,For profit - Corporation,83,64.8,NA,Medicare and Medicaid,N,"PRUITTHEALTH - OCILLA, LLC",1996-09-16,PRUITTHEALTH,434,99,2.8,2.8,2.5,3.7,N,NA,N,N,N,Resident,Yes,3,NA,4,NA,1,NA,3,NA,1,NA,2,NA,NA,NA,2.07426,1.34807,0.3747,1.72277,3.79703,3.10602,0.16875,0.02693,40.7,NA,40,NA,0,NA,1.53191,1.10076,2.56691,0.947,0.74776,4.26167,3.78067,1.87124,1.21613,0.33802,3.42539,2.80202,2025-09-18,7,7,3,28,1,0,28,2023-01-26,0,0,0,0,0,0,0,21,NA,0,0,0,0,"209 WEST HUDSON STREET,OCILLA,GA,31774",31.5993,-83.252,NA,2026-06-01
115610,CANDLER SKILLED NURSING UNIT,5353 REYNOLDS STREET,SAVANNAH,GA,31405,9128196262,220,Chatham,Y,Non profit - Corporation,22,19.2,NA,Medicare and Medicaid,Y,CANDLER HOSPITAL INCORPORATED,1996-08-06,NA,NA,NA,NA,NA,NA,NA,N,NA,N,N,N,None,Yes,5,NA,4,NA,3,NA,NA,2,3,NA,5,NA,NA,NA,2.66912,3.6776,1.72992,5.40752,8.07664,8.10832,1.85062,0,29.8,NA,37.5,NA,NA,26,1.34451,0.9661,2.2529,0.83115000000000006,0.65629,3.74033,3.31818,2.74349,3.78007,1.77812,8.30168,8.33424,2026-03-26,3,3,0,12,1,0,12,2025-03-07,1,1,0,16,1,0,16,13,0,0,0,0,0,"5353 REYNOLDS STREET,SAVANNAH,GA,31405",32.0286,-81.101,NA,2026-06-01
115611,VISTA PARK HEALTH AND REHABILITATION,1310 WEST  GORDON STREET,DOUGLAS,GA,31533,9123847811,291,Coffee,N,Non profit - Corporation,168,127.1,NA,Medicare and Medicaid,N,COFFEE COUNTY NURSING HOME LLC,1996-10-01,ETHICA HEALTH,834,50,3.6,3.6,3,3.1,N,NA,N,N,N,Both,Yes,5,NA,5,NA,3,NA,4,NA,2,NA,3,NA,NA,NA,2.66753,0.80522,0.33716,1.14237,3.8099,3.30032,0.09982,0.00699,34.7,NA,10,NA,0,NA,1.27867,0.91879,2.14257,0.79045,0.62415,3.55718,3.15569,2.88303,0.87027,0.36439,4.11769,3.56695,2025-09-11,2,2,0,8,1,0,8,2024-03-07,3,3,3,12,1,0,12,9,NA,0,0,0,0,"1310 WEST  GORDON STREET,DOUGLAS,GA,31533",31.5145,-82.863,NA,2026-06-01
115612,WARNER ROBINS REHABILITATION CENTER,1601 ELBERTA ROAD,WARNER ROBINS,GA,31088,4789222241,600,Houston,Y,For profit - Limited Liability company,126,101.2,NA,Medicare and Medicaid,N,"WARNER ROBINS REHABILITATION CENTER, LLC",1996-06-01,SOVEREIGN HEALTHCARE HOLDINGS,482,43,3.7,3.2,3,4.5,N,NA,N,N,N,Resident,Yes,4,NA,4,NA,3,NA,4,NA,2,NA,2,NA,NA,NA,1.99261,1.02176,0.37579,1.39755,3.39016,2.97585,0.25694,0.09297,50,NA,61.5,NA,0,NA,1.36933,0.98394,2.29449,0.84649,0.66841,3.80939,3.3794400000000002,2.011,1.03119,0.37926,3.42145,3.00331,2025-04-16,2,2,2,8,1,0,8,2023-03-16,5,3,2,20,1,0,20,11,NA,0,0,0,0,"1601 ELBERTA ROAD,WARNER ROBINS,GA,31088",32.631100000000004,-83.644,NA,2026-06-01
115613,GIBSON HEALTH OPCO LLC,434 BEALL SPRINGS ROAD,GIBSON,GA,30810,7065983201,480,Glascock,N,For profit - Limited Liability company,104,64.1,NA,Medicare and Medicaid,N,GIBSON HEALTH OPCO LLC,1996-10-01,NA,NA,NA,NA,NA,NA,NA,N,NA,N,N,N,Both,Yes,4,NA,5,NA,3,NA,3,NA,3,NA,1,24,NA,NA,2.06239,1.1122,0.21524,1.32744,3.38983,2.90517,0.06902,0.04586,50,NA,57.1,NA,1,NA,1.22317,0.87891,2.04957,0.75614,0.59706,3.40276,3.0187,2.33015,1.2566,0.24319,3.82994,3.28235,2025-02-27,1,1,0,4,1,0,4,2023-08-03,0,0,0,0,0,0,0,3,NA,4,14732,0,4,"434 BEALL SPRINGS ROAD,GIBSON,GA,30810",33.238,-82.6,NA,2026-06-01
115614,LEE COUNTY HEALTH AND REHABILITATION,214 MAIN STREET,LEESBURG,GA,31763,2297599236,670,Lee,Y,Non profit - Other,60,58.3,NA,Medicare and Medicaid,N,LEE COUNTY HEALTH CARE LLC,1996-08-13,ETHICA HEALTH,834,50,3.6,3.6,3,3.1,N,NA,N,N,N,Resident,Yes,3,NA,3,NA,2,NA,1,NA,3,NA,4,NA,NA,NA,2.3341,0.56268,0.64406,1.20674,3.54084,3.19643,0.50278,0.01205,46.4,NA,14.3,NA,0,NA,1.25979,0.90523,2.11094,0.77878,0.61494,3.50465,3.10909,2.56048,0.61725,0.70653,3.88425,3.50644,2025-05-02,0,0,0,0,0,0,0,2023-03-12,8,5,3,153,1,0,153,38.25,0,2,16800,0,2,"214 MAIN STREET,LEESBURG,GA,31763",31.7314,-84.164,NA,2026-06-01
115615,"BAPTIST VILLAGE, INC.",2650 CARSWELL AVE,WAYCROSS,GA,31502,9122837050,940,Ware,N,Non profit - Church related,254,170.3,NA,Medicare and Medicaid,N,"BAPTIST VILLAGE, INC.",1996-09-01,NA,NA,NA,NA,NA,NA,NA,N,NA,N,N,N,Resident,Yes,5,NA,5,NA,2,NA,3,NA,2,NA,4,NA,NA,NA,3.29952,1.30691,0.35281,1.65972,4.95924,4.41608,0.18163,0.03827,36.6,NA,27.8,NA,0,NA,1.39122,0.99967,2.33117,0.86003,0.67909,3.87028,3.43346,3.27759,1.29822,0.35046,4.92627,4.38672,2025-12-04,0,0,0,0,0,0,0,2024-09-19,3,3,3,12,1,0,12,3,NA,1,4017,0,1,"2650 CARSWELL AVE,WAYCROSS,GA,31502",31.2142,-82.405,NA,2026-06-01
115616,PRUITTHEALTH - FRANKLIN,360 SOUTH RIVER ROAD,FRANKLIN,GA,30217,7066756674,590,Heard,Y,For profit - Corporation,78,61,NA,Medicare and Medicaid,N,"PRUITTHEALTH - FRANKLIN, LLC",1996-09-01,PRUITTHEALTH,434,99,2.8,2.8,2.5,3.7,N,NA,N,N,N,Resident,Yes,5,NA,4,NA,5,NA,5,NA,NA,2,3,NA,NA,NA,2.26523,1.19633,0.28553,1.48186,3.74709,2.91357,0.16392,0.0388,32.2,NA,0,NA,0,NA,1.28657,0.92447,2.15581,0.79533,0.62801,3.57916,3.17519,2.43319,1.28504,0.3067,4.02493,3.12961,2025-03-06,3,3,3,12,1,0,12,2022-10-16,2,2,0,8,1,0,8,11,NA,0,0,0,0,"360 SOUTH RIVER ROAD,FRANKLIN,GA,30217",33.2732,-85.1,NA,2026-06-01
115617,PRUITTHEALTH - FITZGERALD,185 BOWEN'S MILL HIGHWAY,FITZGERALD,GA,31750,2294234361,070,Ben Hill,N,For profit - Limited Liability company,78,67.7,NA,Medicare and Medicaid,N,"PRUITTHEALTH - FITZGERALD, LLC",1996-10-14,PRUITTHEALTH,434,99,2.8,2.8,2.5,3.7,N,NA,N,N,N,Resident,Yes,4,NA,4,NA,4,NA,4,NA,NA,2,2,NA,NA,NA,1.91531,0.80513,0.54013,1.34526,3.26056,2.81102,0.37566,0.03507,37.7,NA,37.5,NA,0,NA,1.46868,1.05532,2.46096,0.90791,0.7169,4.08576,3.62462,1.80223,0.7576,0.50824,3.06807,2.64507,2026-01-14,2,2,0,24,1,0,24,2024-09-01,3,3,0,12,1,0,12,21,NA,0,0,0,0,"185 BOWEN'S MILL HIGHWAY,FITZGERALD,GA,31750",31.7289,-83.247,NA,2026-06-01
115618,EAGLE HEALTH & REHABILITATION,405 S COLLEGE ST,STATESBORO,GA,30458,9127646108,140,Bulloch,N,Non profit - Other,99,46.3,NA,Medicare and Medicaid,N,BULLOCH COUNTY LTC LLC,1996-09-01,ETHICA HEALTH,834,50,3.6,3.6,3,3.1,N,NA,N,N,N,Resident,Yes,3,NA,4,NA,4,NA,4,NA,NA,2,1,24,NA,NA,2.28336,0.92727,0.42072,1.348,3.63136,3.17251,0.20534,0.04293,46.3,NA,66.7,NA,1,NA,1.19519,0.85881,2.00269,0.73884,0.5834,3.32494,2.94966,2.6402,1.07219,0.48647,4.19886,3.66831,2025-04-25,2,2,0,12,1,0,12,2023-03-01,9,7,2,56,1,0,56,23,NA,0,0,0,0,"405 S COLLEGE ST,STATESBORO,GA,30458",32.4383,-81.787,NA,2026-06-01
115619,GLENVUE HEALTH & REHAB,721 NORTH VETERANS BLVD,GLENNVILLE,GA,30427,9126542138,882,Tattnall,N,For profit - Limited Liability company,160,115.4,NA,Medicare and Medicaid,N,GLENVUE OPERATIONS LLC,1996-12-01,REGIONAL HEALTH PROPERTIES,856,5,1.2,1.6,1.2,1.8,N,NA,N,N,N,Resident,Yes,1,NA,3,NA,1,NA,2,NA,1,NA,1,NA,NA,NA,1.89836,0.91976,0.3644,1.28417,3.18252,2.69413,0.1445,0.01348,NA,26,NA,26,NA,26,1.43224,1.02914,2.3999,0.88538,0.69911,3.9844,3.53469,1.83173,0.88748,0.35161,3.07082,2.59957,2025-04-17,7,7,7,56,1,0,56,2022-12-15,2,2,0,8,1,0,8,44,0,2,4893,0,2,"721 NORTH VETERANS BLVD,GLENNVILLE,GA,30427",31.9439,-81.926,NA,2026-06-01
115621,BRYAN COUNTY HLTH & REHAB CTR,127 CARTER ST,RICHMOND HILL,GA,31324,9127566131,130,Bryan,Y,For profit - Corporation,100,91.2,NA,Medicare and Medicaid,N,COOK MANAGEMENT SERVICES INC,1996-11-01,NA,NA,NA,NA,NA,NA,NA,N,NA,N,N,N,Resident,Yes,1,NA,2,NA,1,NA,1,NA,1,NA,2,NA,NA,NA,2.41708,1.23686,0.28986,1.52673,3.94381,3.61705,0.20017,0.0155,51.3,NA,66.7,NA,0,NA,1.48654,1.06816,2.49089,0.91895,0.72562,4.13546,3.66871,2.24705,1.14985,0.26947,3.66638,3.3626,2026-04-01,8,7,1,68,1,0,68,2025-04-13,8,8,8,56,1,0,56,65,NA,0,0,0,0,"127 CARTER ST,RICHMOND HILL,GA,31324",31.955,-81.325,NA,2026-06-01
115622,Eastman Trails of Journey LLC,556 CHESTER HIGHWAY,EASTMAN,GA,31023,4783744733,380,Dodge,N,For profit - Corporation,100,68.2,NA,Medicare and Medicaid,N,GLOBAL EASTMAN LLC,1997-01-01,SELECTIS HEALTH,858,6,2.4,2.4,2.2,3.4,N,NA,N,N,N,Resident,Yes,2,NA,3,NA,4,NA,5,NA,2,NA,1,NA,NA,NA,1.71948,0.97276,0.32432,1.29708,3.01657,2.77318,0.21611,0.06023,48.3,NA,50,NA,0,NA,1.68415,1.21015,2.822,1.04111,0.82207,4.68518,4.15638,1.41097,0.79823,0.26613,2.47532,2.27561,2026-02-18,5,5,1,32,1,0,32,2024-11-24,7,7,7,40,1,0,40,34,NA,0,0,0,0,"556 CHESTER HIGHWAY,EASTMAN,GA,31023",32.2162,-83.177,NA,2026-06-01
115625,WYNFIELD PARK HEALTH AND REHABILITATION,223 W.THIRD AVENUE,ALBANY,GA,31701,2294350741,390,Dougherty,Y,Non profit - Other,186,158,NA,Medicare and Medicaid,N,"WYNFIELD PARK HEALTH AND REHABILITATION, LLC",1997-01-01,ETHICA HEALTH,834,50,3.6,3.6,3,3.1,N,NA,N,N,N,Resident,Yes,3,NA,3,NA,2,NA,3,NA,1,NA,4,NA,NA,NA,2.55312,0.22934,0.7743,1.00365,3.55677,3.22697,0.50482,0.03173,50.9,NA,48.1,NA,0,NA,1.29924,0.93357,2.17703,0.80316,0.63419,3.61438,3.20644,2.71571,0.24395,0.82361,3.78327,3.43246,2025-06-20,8,8,5,32,1,0,32,2023-08-10,3,1,2,12,1,0,12,27,NA,0,0,0,0,"223 W.THIRD AVENUE,ALBANY,GA,31701",31.5902,-84.154,NA,2026-06-01
115626,Hazelhurst Court Care and Rehabilitation Center,180 BURKETT FERRY ROAD,HAZLEHURST,GA,31539,9123753677,612,Jeff Davis,N,For profit - Corporation,73,50.3,NA,Medicare and Medicaid,N,HZ SNF LLC,1997-01-01,BEACON HEALTH MANAGEMENT,69,13,1.4,1.9,1.5,2.2,N,SFF Candidate,N,N,N,None,Yes,1,NA,1,NA,2,NA,4,NA,1,NA,1,NA,NA,NA,1.60475,0.89877,0.28326,1.18202,2.78677,2.64146,0.21172,0,40,NA,57.1,NA,1,NA,1.4093,1.01265,2.36145,0.8712,0.68791,3.92056,3.47806,1.57364,0.88134,0.27777,2.73274,2.59025,2026-03-29,9,6,3,223,1,0,223,2025-02-02,12,8,12,88,1,0,88,189.25,NA,0,0,0,0,"180 BURKETT FERRY ROAD,HAZLEHURST,GA,31539",31.867,-82.601,22,2026-06-01
115627,"OAKS NURSING HOME, INC, THE",777 NURSING HOME ROAD,MARSHALLVILLE,GA,31057,4789672223,710,Macon,N,For profit - Corporation,60,54.3,NA,Medicare and Medicaid,N,"OAKS NURSING HOME, INC.",1997-01-14,NA,NA,NA,NA,NA,NA,NA,N,NA,N,N,N,Resident,Yes,4,NA,4,NA,2,NA,3,NA,1,NA,3,NA,NA,NA,2.36446,1.15226,0.33912,1.49139,3.8558500000000002,3.21136,0.20068,0.01424,27.3,NA,40,NA,0,NA,1.38251,0.99341,2.31657,0.85464,0.67484,3.84604,3.41195,2.36354,1.15182,0.33899,3.85435,3.21012,2025-06-19,2,2,0,8,1,0,8,2024-01-21,3,3,1,24,1,0,24,12,NA,0,0,0,0,"777 NURSING HOME ROAD,MARSHALLVILLE,GA,31057",32.4443,-84.001,NA,2026-06-01
115628,PRUITTHEALTH - PALMYRA,1904 PALMYRA ROAD,ALBANY,GA,31702,2298830500,390,Dougherty,Y,For profit - Limited Liability company,250,204.6,NA,Medicare and Medicaid,N,"PRUITTHEALTH - PALMYRA, LLC",1997-01-01,PRUITTHEALTH,434,99,2.8,2.8,2.5,3.7,N,NA,N,N,N,Resident,Yes,1,NA,1,NA,2,NA,3,NA,1,NA,1,NA,NA,NA,2.42649,0.50635,0.33704,0.84339,3.26988,2.68845,0.21878,0.0245,48.8,NA,57.1,NA,0,NA,1.53249,1.10117,2.56787,0.94735,0.74804,4.26327,3.78209,2.18817,0.45662,0.30394,2.94873,2.42441,2025-11-24,6,6,1,28,1,0,28,2024-02-29,23,7,23,545,1,0,545,157.25,NA,1,48909,1,2,"1904 PALMYRA ROAD,ALBANY,GA,31702",31.6028,-84.169,NA,2026-06-01
115629,PRUITTHEALTH - SYLVESTER,104 MONK STREET,SYLVESTER,GA,31791,2297765541,980,Worth,Y,For profit - Corporation,117,104.8,NA,Medicare and Medicaid,N,"PRUITTHEALTH - SYLVESTER, LLC",1997-01-01,PRUITTHEALTH,434,99,2.8,2.8,2.5,3.7,N,NA,N,N,N,Resident,Yes,5,NA,4,NA,5,NA,5,NA,4,NA,4,NA,NA,NA,2.11162,0.8681,0.60212,1.47023,3.58185,3.05634,0.34846,0.01852,28.6,NA,0,NA,0,NA,1.32416,0.95148,2.21879,0.81857,0.64635,3.68372,3.26795,2.20382,0.90601,0.62841,3.73824,3.18978,2025-04-25,4,4,0,16,1,0,16,2022-12-04,0,0,0,0,0,0,0,12,NA,0,0,0,0,"104 MONK STREET,SYLVESTER,GA,31791",31.5294,-83.824,NA,2026-06-01
115630,FOLKSTON PARK CARE AND REHABILITATION CENTER,36261 NORTH OKEFENOKEE DRIVE,FOLKSTON,GA,31537,9122668810,210,Charlton,N,For profit - Corporation,92,62.7,NA,Medicare and Medicaid,N,FS SNF LLC,1997-01-01,BEACON HEALTH MANAGEMENT,69,13,1.4,1.9,1.5,2.2,N,SFF Candidate,N,N,N,Resident,Yes,1,NA,1,NA,1,NA,1,NA,1,NA,1,NA,NA,NA,1.66551,1.19388,0.28071,1.47458,3.14009,2.83318,0.2155,0.02524,61.5,NA,100,NA,0,NA,1.43175,1.02879,2.39908,0.88508,0.69887,3.98303,3.53348,1.6076,1.15237,0.27095,3.03092,2.73467,2025-05-07,16,7,10,297,1,0,297,2023-01-08,7,4,3,60,1,0,60,237.75,0,0,0,0,0,"36261 NORTH OKEFENOKEE DRIVE,FOLKSTON,GA,31537",30.837,-82.012,NA,2026-06-01
115631,PRUITTHEALTH - GRANDVIEW,165 WINSTON DRIVE,ATHENS,GA,30607,7065496013,260,Clarke,Y,For profit - Corporation,72,63.3,NA,Medicare and Medicaid,N,"PRUITTHEALTH - GRANDVIEW, LLC",1997-03-01,PRUITTHEALTH,434,99,2.8,2.8,2.5,3.7,N,NA,N,N,N,Resident,Yes,4,NA,3,NA,5,NA,5,NA,NA,2,2,NA,NA,NA,1.31872,1.3304,0.25974,1.59014,2.90887,2.35055,0.17877,0.07695,18.4,NA,20,NA,0,NA,1.44472,1.03811,2.42081,0.8931,0.7052,4.01911,3.56549,1.26145,1.27262,0.24846,2.78253,2.24846,2025-03-20,2,2,0,20,1,0,20,2023-10-05,7,7,0,56,1,0,56,29,NA,0,0,0,0,"165 WINSTON DRIVE,ATHENS,GA,30607",33.9759,-83.396,NA,2026-06-01
115633,Tybee Island Trails of Journey LLC,26 VAN HORNE STREET,TYBEE ISLAND,GA,31328,9127864511,220,Chatham,Y,For profit - Limited Liability company,50,49.1,NA,Medicare and Medicaid,N,Legal Business Name Not Available,1997-03-01,JOURNEY HEALTHCARE,766,34,2,2.4,1.4,2.6,N,NA,N,N,N,Resident,Yes,1,NA,2,NA,3,NA,3,NA,NA,2,1,NA,NA,NA,0.53838,0.23505,0.36058,0.59563,1.13401,0.6994,0.25069,0.04964,55,NA,71.4,NA,NA,26,1.57504,1.13175,2.63917,0.97366,0.76881,4.38164,3.8871000000000002,0.47238,0.20624,0.31638,0.995,0.61367,2026-01-30,7,7,0,56,1,0,56,2024-10-28,18,11,18,140,1,0,140,77,NA,0,0,0,0,"26 VAN HORNE STREET,TYBEE ISLAND,GA,31328",32.0178,-80.846,NA,2026-06-01
115635,RIVER BROOK HEALTHCARE CENTER,390 SWEAT STREET,HOMERVILLE,GA,31634,9124875328,281,Clinch,N,For profit - Limited Liability company,92,71.8,NA,Medicare and Medicaid,N,CL SNF LLC,1996-05-01,BEACON HEALTH MANAGEMENT,69,13,1.4,1.9,1.5,2.2,N,NA,N,N,N,Resident,Yes,1,NA,1,NA,1,NA,1,NA,2,NA,1,NA,NA,NA,1.85351,0.84628,0.36688,1.21316,3.06667,2.49879,0.21285,0.03101,46.4,NA,100,NA,0,NA,1.2438,0.89374,2.08414,0.76889,0.60713,3.46016,3.06962,2.05942,0.9403,0.40764,3.40735,2.77639,2025-09-28,10,8,7,96,1,0,96,2024-02-29,9,7,2,68,1,0,68,89,NA,2,16720,1,3,"390 SWEAT STREET,HOMERVILLE,GA,31634",31.0404,-82.745,NA,2026-06-01
115636,Blossom Healthcare & Rehabilitation Center,3051 WHITESIDE ROAD,MACON,GA,31216,4787881421,090,Bibb,Y,For profit - Limited Liability company,143,79.4,NA,Medicare and Medicaid,N,MACON OPERATING LLC,1997-03-01,NA,NA,NA,NA,NA,NA,NA,N,NA,N,N,N,Resident,Yes,1,NA,2,NA,1,NA,2,NA,1,NA,1,NA,NA,NA,1.62159,1.02246,0.33758,1.36004,2.98163,2.61966,0.20724,0.06282,70.2,NA,37.5,NA,0,NA,1.42758,1.02579,2.39208,0.8825,0.69683,3.97141,3.52318,1.56979,0.9898,0.3268,2.88639,2.53597,2026-01-08,10,10,2,56,1,0,56,2024-10-03,11,4,7,60,1,0,60,57,0,2,36454,1,3,"3051 WHITESIDE ROAD,MACON,GA,31216",32.7402,-83.678,NA,2026-06-01
115638,"CARROLLTON MANOR, INCORPORATED",2455 OAK GROVE CHURCH ROAD,CARROLLTON,GA,30117,7708341737,190,Carroll,Y,For profit - Corporation,100,87.1,NA,Medicare and Medicaid,N,CARROLLTON MANOR INC,1997-03-01,NA,NA,NA,NA,NA,NA,NA,N,NA,N,N,N,Resident,Yes,1,NA,1,NA,1,NA,1,NA,1,NA,2,NA,NA,NA,2.46596,1.10875,0.2343,1.34305,3.80901,3.32626,0.22121,0.01615,53.5,NA,66.7,NA,0,NA,1.25295,0.90031,2.09948,0.77455,0.6116,3.48562,3.09221,2.71989,1.22293,0.25843,4.20124,3.66877,2025-04-25,6,4,2,84,1,0,84,2023-03-02,11,10,1,72,1,0,72,81,0,0,0,0,0,"2455 OAK GROVE CHURCH ROAD,CARROLLTON,GA,30117",33.515,-85.089,NA,2026-06-01
115641,RIVERVIEW HEALTH & REHAB CTR,6711 LAROCHE AVENUE,SAVANNAH,GA,31406,9123548225,220,Chatham,Y,Non profit - Corporation,284,159.7,NA,Medicare and Medicaid,N,"RIVERVIEW HEALTH AND REHABILITATION CENTER, INC.",1989-12-01,NA,NA,NA,NA,NA,NA,NA,N,NA,N,N,N,Resident,Yes,1,NA,1,NA,3,NA,4,NA,3,NA,1,NA,NA,NA,1.82065,1.01941,0.24153,1.26095,3.0816,2.58833,0.08348,0.05918,48,NA,44.4,NA,1,NA,1.49581,1.07482,2.50642,0.92468,0.73014,4.16124,3.69158,1.68209,0.94183,0.22315,2.84707,2.39134,2026-03-18,9,9,1,44,1,0,44,2025-02-12,9,9,6,465,1,0,465,149.25,0,1,92794,1,2,"6711 LAROCHE AVENUE,SAVANNAH,GA,31406",32.0028,-81.064,NA,2026-06-01
115642,AZALEA HEALTH AND REHABILITATION,300 CEDAR ROAD,METTER,GA,30439,9126855734,180,Candler,N,Non profit - Other,89,70.3,NA,Medicare and Medicaid,N,"CANDLER COUNTY LTC, LLC",1997-09-01,ETHICA HEALTH,834,50,3.6,3.6,3,3.1,N,NA,N,N,N,Resident,Yes,3,NA,3,NA,2,NA,4,NA,1,NA,4,NA,NA,NA,2.4745,0.48814,0.64588,1.13402,3.60852,3.10446,0.55147,0.01455,23.7,NA,9.1,NA,0,NA,1.19603,0.85941,2.0041,0.73936,0.58381,3.32728,2.95174,2.8592,0.56403,0.74629,4.16952,3.5871,2025-09-11,6,6,0,60,1,0,60,2024-05-19,0,0,0,0,0,0,0,45,NA,0,0,0,0,"300 CEDAR ROAD,METTER,GA,30439",32.4032,-82.065,NA,2026-06-01
115643,PARKSIDE POST ACUTE AND REHABILITATION,3000 LENORA CHURCH DRIVE,SNELLVILLE,GA,30078,7709722040,530,Gwinnett,Y,For profit - Limited Liability company,167,151.4,NA,Medicare and Medicaid,N,LENORA CHURCH ROAD PROPERTY- SNF LLC,1997-08-01,WELLINGTON HEALTH CARE SERVICES,559,14,1.8,2,1.8,2.2,N,NA,N,Y,N,Resident,Yes,1,NA,2,NA,1,NA,1,NA,1,NA,3,NA,NA,NA,2.01767,0.80463,0.53971,1.34433,3.362,3.01441,0.48866,0.1347,26,NA,36,NA,0,NA,1.3839,0.9944,2.31889,0.8555,0.67551,3.8499,3.41538,2.01487,0.80351,0.53896,3.35733,3.01022,2024-03-24,6,4,6,64,1,0,64,2022-04-01,9,9,0,48,1,0,48,60,0,2,8512,0,2,"3000 LENORA CHURCH DRIVE,SNELLVILLE,GA,30078",33.8378,-84.008,NA,2026-06-01
115644,KEYSVILLE NURSING HOME & REHAB,1005 GA HIGHWAY 88,BLYTHE,GA,30805,7065472591,150,Burke,Y,For profit - Partnership,64,61.9,NA,Medicare and Medicaid,N,KEYSVILLE LTC MANAGEMENT LLC,1996-11-25,NA,NA,NA,NA,NA,NA,NA,N,NA,N,N,N,Resident,Yes,4,NA,5,NA,1,NA,2,NA,1,NA,3,NA,NA,NA,2.03774,0.83415,0.46085,1.29501,3.33275,2.81842,0.20682,0.01471,31.8,NA,0,NA,0,NA,1.33039,0.95596,2.22923,0.82242,0.6494,3.70105,3.28333,2.11675,0.8665,0.47872,3.46197,2.92769,2025-05-22,1,1,0,4,1,0,4,2024-01-21,0,0,0,0,0,0,0,3,NA,0,0,0,0,"1005 GA HIGHWAY 88,BLYTHE,GA,30805",33.3446,-82.127,22,2026-06-01
115647,PRUITTHEALTH - DECATUR,3200 PANTHERSVILLE ROAD,DECATUR,GA,30034,4042123400,370,De Kalb,Y,For profit - Limited Liability company,146,132.3,NA,Medicare and Medicaid,N,"PRUITTHEALTH - DECATUR, LLC",1997-12-10,PRUITTHEALTH,434,99,2.8,2.8,2.5,3.7,N,NA,N,N,N,Resident,Yes,2,NA,2,NA,4,NA,5,NA,4,NA,2,NA,NA,NA,1.94382,0.87645,0.51648,1.39293,3.33676,2.58392,0.19029,0.0245,35.2,NA,38.1,NA,0,NA,1.46455,1.05236,2.45404,0.90536,0.71488,4.07427,3.61443,1.83422,0.82703,0.48736,3.14862,2.43823,2026-03-04,8,8,2,48,1,0,48,2025-01-30,8,5,8,36,1,0,36,45,NA,0,0,0,0,"3200 PANTHERSVILLE ROAD,DECATUR,GA,30034",33.6952,-84.272,NA,2026-06-01
115649,ATRIUM HEALTH NAVICENT BALDWIN,821 NORTH COBB STREET,MILLEDGEVILLE,GA,31061,4784543649,030,Baldwin,N,Non profit - Other,15,10.1,NA,Medicare and Medicaid,Y,"NAVICENT HEALTH BALDWIN, INC",1998-04-10,NA,NA,NA,NA,NA,NA,NA,N,NA,N,N,N,None,Yes,5,NA,5,NA,5,NA,NA,2,5,NA,4,NA,NA,NA,1.824,0.06468,2.95033,3.01501,4.83901,5.83816,3.88398,0.00548,NA,26,NA,26,0,NA,1.36472,0.98062,2.28675,0.84364,0.66615,3.79655,3.36805,1.84706,0.06549,2.98764,4.90019,5.91198,2024-12-08,0,0,0,0,0,0,0,2023-11-12,0,0,0,0,0,0,0,0,NA,2,13520,0,2,"821 NORTH COBB STREET,MILLEDGEVILLE,GA,31061",33.0882,-83.245,NA,2026-06-01
115651,Fort Valley Crossing of Journey LLC,604 BLUEBIRD BOULEVARD,FORT VALLEY,GA,31030,4788252031,811,Peach,Y,For profit - Limited Liability company,75,46.8,NA,Medicare and Medicaid,N,FORT VALLEY OPERATOR LLC,1998-07-01,JOURNEY HEALTHCARE,766,34,2,2.4,1.4,2.6,N,NA,N,N,N,Resident,Yes,2,NA,2,NA,2,NA,1,NA,3,NA,2,NA,NA,NA,2.25613,0.91132,0.61109,1.52241,3.77854,3.36317,0.37078,0.03497,75,NA,57.1,NA,0,NA,1.51851,1.09113,2.54445,0.93871,0.74122,4.22438,3.74759,2.05327,0.82938,0.55614,3.4388,3.06077,2025-12-21,7,7,0,56,1,0,56,2024-08-18,5,5,0,32,1,0,32,50,NA,0,0,0,0,"604 BLUEBIRD BOULEVARD,FORT VALLEY,GA,31030",32.5501,-83.883,22,2026-06-01
115652,CHERRY BLOSSOM HEALTH AND REHABILITATION,3520 KENNETH DRIVE,MACON,GA,31206,4787817553,090,Bibb,Y,Non profit - Other,82,56.6,NA,Medicare and Medicaid,N,CHERRY BLOSSOM HEALTH CARE CENTER LLC,1998-02-01,ETHICA HEALTH,834,50,3.6,3.6,3,3.1,N,NA,N,N,N,Resident,Yes,3,NA,3,NA,4,NA,4,NA,NA,2,2,NA,NA,NA,2.33475,0.83066,0.40646,1.23712,3.57187,3.1716,0.37251,0.01274,56.5,NA,50,NA,1,NA,1.39996,1.00594,2.3458,0.86543,0.68335,3.89458,3.45502,2.30476,0.81999,0.40124,3.52598,3.13085,2026-03-22,5,5,0,32,1,0,32,2025-02-13,2,1,1,20,1,0,20,29,NA,0,0,0,0,"3520 KENNETH DRIVE,MACON,GA,31206",32.7954,-83.694,NA,2026-06-01
115654,Harmony Health and Rehabilitation,176 LINCOLN AVE,FITZGERALD,GA,31750,2294235621,070,Ben Hill,N,For profit - Limited Liability company,167,90.4,NA,Medicare and Medicaid,N,FITZGERALD OPCO LLC,1998-07-01,BRIGHTON HEALTHCARE,848,8,1.5,1.8,1.9,2,N,NA,N,N,N,Resident,Yes,2,NA,2,NA,2,NA,2,NA,3,NA,2,NA,NA,NA,2.04048,1.08694,0.4506,1.53754,3.57802,3.32275,0.37945,0.01629,57,NA,87.5,NA,2,NA,1.2562,0.90264,2.10492,0.77656,0.61318,3.49465,3.10023,2.24478,1.19577,0.49572,3.93627,3.65543,2026-03-05,7,4,3,60,1,0,60,2025-01-08,10,7,10,64,2,32,96,69,0,1,4017,0,1,"176 LINCOLN AVE,FITZGERALD,GA,31750",31.7107,-83.273,NA,2026-06-01
115655,SOUTHWELL HEALTH AND REHABILITATION,260 MJ TAYLOR ROAD,ADEL,GA,31620,2298968077,311,Cook,N,Non profit - Corporation,95,84.2,NA,Medicare and Medicaid,Y,TIFT REGIONAL HEALTH SYSTEM INC,1998-09-01,NA,NA,NA,NA,NA,NA,NA,N,NA,N,N,N,Resident,Yes,5,NA,4,NA,5,NA,5,NA,5,NA,4,NA,NA,NA,2.9094,0.95202,1.21593,2.16795,5.07734,3.96915,0.72978,0.14539,NA,26,NA,26,1,NA,1.47827,1.06222,2.47703,0.91384,0.72158,4.11244,3.64829,2.71987,0.89,1.13672,4.7466,3.7106,2026-01-15,1,1,0,4,1,0,4,2024-09-13,11,10,1,72,1,0,72,21,NA,0,0,0,0,"260 MJ TAYLOR ROAD,ADEL,GA,31620",31.1079,-83.426,NA,2026-06-01
115656,"PruittHealth - Lakeside, LLC",3020 JEFFERSONVILLE ROAD,MACON,GA,31217,4787463547,090,Bibb,Y,For profit - Corporation,92,61.3,NA,Medicare and Medicaid,N,Legal Business Name Not Available,1998-04-01,PRUITTHEALTH,434,99,2.8,2.8,2.5,3.7,N,NA,N,N,N,Resident,Yes,4,NA,4,NA,5,NA,5,NA,NA,2,1,NA,NA,NA,1.84291,0.98342,0.29959,1.28301,3.12592,2.78198,0.17221,0,69.5,NA,NA,27,0,NA,1.33539,0.95955,2.23761,0.82551,0.65184,3.71496,3.29567,1.90719,1.01772,0.31004,3.23496,2.87903,2025-03-02,2,2,2,8,1,0,8,2023-11-05,6,6,0,40,1,0,40,16,NA,0,0,0,0,"3020 JEFFERSONVILLE ROAD,MACON,GA,31217",32.8419,-83.572,NA,2026-06-01
115657,PRUITTHEALTH - WARNER ROBINS LLC,801 ELBERTA ROAD,WARNER ROBINS,GA,31093,4789233146,600,Houston,Y,For profit - Limited Liability company,66,61.2,NA,Medicare and Medicaid,N,Legal Business Name Not Available,1998-04-01,PRUITTHEALTH,434,99,2.8,2.8,2.5,3.7,N,NA,N,N,N,Resident,Yes,2,NA,3,NA,3,NA,3,NA,2,NA,1,NA,NA,NA,1.9469,0.87185,0.481,1.35285,3.29974,2.7899,0.25664,0,61.4,NA,87.5,NA,1,NA,1.44339,1.03715,2.41858,0.89227,0.70455,4.01541,3.5622,1.86406,0.83475,0.46053,3.15934,2.67119,2026-03-01,1,1,0,16,1,0,16,2025-02-02,9,6,3,56,1,0,56,26,NA,0,0,0,0,"801 ELBERTA ROAD,WARNER ROBINS,GA,31093",32.6402,-83.631,NA,2026-06-01
115658,PRUITTHEALTH - GREENVILLE,99 HILLHAVEN RD.,GREENVILLE,GA,30222,7066724241,740,Meriwether,Y,For profit - Corporation,113,82.7,NA,Medicare and Medicaid,N,"PRUITTHEALTH - GREENVILLE, LLC",1998-11-01,PRUITTHEALTH,434,99,2.8,2.8,2.5,3.7,N,NA,N,N,N,Resident,Yes,3,NA,3,NA,5,NA,5,NA,NA,2,1,NA,NA,NA,1.46339,0.60262,0.35717,0.95979,2.42318,2.03688,0.24308,0.03199,50,NA,16.7,NA,0,NA,1.26654,0.91008,2.12225,0.78295,0.61823,3.52343,3.12575,1.59677,0.65754,0.38973,2.64403,2.22252,2025-08-07,4,4,0,32,1,0,32,2023-10-29,3,3,0,48,1,0,48,36,NA,0,0,0,0,"99 HILLHAVEN RD.,GREENVILLE,GA,30222",33.0292,-84.735,NA,2026-06-01
115659,LIFE CARE CTR OF LAWRENCEVILLE,210 COLLINS INDUSTRIAL WAY,LAWRENCEVILLE,GA,30045,6784420777,530,Gwinnett,Y,For profit - Corporation,125,85.6,NA,Medicare and Medicaid,N,GWINNETT OPERATIONS LLC,1999-02-12,LIFE CARE CENTERS OF AMERICA,311,194,3.5,2.9,3.3,4.5,N,NA,N,N,N,Resident,Yes,2,NA,1,NA,5,NA,5,NA,5,NA,3,NA,NA,NA,2.12842,1.23956,0.55094,1.79051,3.91892,3.26947,0.43824,0.14052,35.9,NA,50,NA,0,NA,1.38525,0.99538,2.32117,0.85634,0.67618,3.85368,3.41873,2.12338,1.23663,0.54964,3.90964,3.26173,2026-03-29,4,3,2,28,1,0,28,2025-01-30,11,5,11,490,1,0,490,143.5,NA,1,167336,1,2,"210 COLLINS INDUSTRIAL WAY,LAWRENCEVILLE,GA,30045",33.9763,-84.007,NA,2026-06-01
115660,ROSELANE HEALTH CENTER BY HARBORVIEW,613 ROSELANE STREET,MARIETTA,GA,30060,7707929800,290,Cobb,Y,For profit - Limited Liability company,137,123.3,NA,Medicare and Medicaid,N,"ROSELANE HEALTH CENTER BY HARBORVIEW, LLC",1999-04-01,HARBORVIEW HEALTH SYSTEMS,246,22,2,2.1,2.3,2.3,N,NA,Y,N,N,Resident,Yes,1,NA,1,NA,2,NA,2,NA,2,NA,2,NA,NA,NA,2.10275,0.99617,0.59144,1.58761,3.69036,3.01816,0.2345,0.05541,34,NA,45.8,NA,0,NA,1.8379,1.32063,3.07963,1.13615,0.89712,5.1129,4.53583,1.58112,0.74905,0.44473,2.7749,2.26945,2026-02-18,10,10,10,72,1,0,72,2024-12-05,15,9,7,108,1,0,108,81,NA,1,6682,1,2,"613 ROSELANE STREET,MARIETTA,GA,30060",33.9688,-84.557,NA,2026-06-01
115663,REGENCY PARK HEALTH AND REHABILITATION,1212 BROADRICK DRIVE,DALTON,GA,30720,7062708008,970,Whitfield,Y,Non profit - Corporation,100,90.2,NA,Medicare and Medicaid,N,HLTC INC,1999-07-09,NA,NA,NA,NA,NA,NA,NA,N,NA,N,N,N,Resident,Yes,4,NA,4,NA,3,NA,3,NA,4,NA,4,NA,NA,NA,1.73927,1.0909,0.63989,1.7308,3.47006,2.90131,0.3491,0.0872,26.7,NA,18.8,NA,0,NA,1.17335,0.84311,1.9661,0.72534,0.57274,3.26418,2.89576,2.04851,1.28487,0.75366,4.08704,3.41716,2025-08-14,3,3,1,12,1,0,12,2024-04-11,4,2,4,60,1,0,60,24,NA,2,8512,0,2,"1212 BROADRICK DRIVE,DALTON,GA,30720",34.7843,-84.986,NA,2026-06-01
115665,COASTAL MANOR,128 COASTAL MANOR DRIVE SE,LUDOWICI,GA,31316,9125453392,691,Long,Y,Non profit - Corporation,108,84.6,NA,Medicare and Medicaid,Y,HOSPITAL AUTHORITY OF LIBERTY COUNTY,2000-01-14,NA,NA,NA,NA,NA,NA,NA,N,NA,N,N,N,Resident,Yes,1,NA,2,NA,1,NA,1,NA,1,NA,4,NA,NA,NA,2.26882,1.23299,0.57869,1.81168,4.0805,3.23992,0.31998,0.06483,39.3,NA,28.6,NA,0,NA,1.38184,0.99292,2.31544,0.85422,0.67451,3.84418,3.4103,2.26904,1.23311,0.57874,4.0809,3.24023,2025-05-16,2,2,0,20,1,0,20,2023-03-10,12,8,4,140,1,0,140,50,NA,0,0,0,0,"128 COASTAL MANOR DRIVE SE,LUDOWICI,GA,31316",31.7196,-81.731,NA,2026-06-01
115667,COLQUITT REGIONAL SENIOR CARE & REHABILITATION,101 COBBLESTONE TRACE SE,MOULTRIE,GA,31768,2299853637,300,Colquitt,N,Government - Hospital district,59,56.5,NA,Medicare and Medicaid,N,COLQUITT REGIONAL MEDICAL CENTER,2000-05-30,NA,NA,NA,NA,NA,NA,NA,N,NA,N,N,N,Resident,Yes,4,NA,4,NA,3,NA,2,NA,4,NA,4,NA,NA,NA,2.68439,0.8526,0.61877,1.47137,4.15576,3.55438,0.48549,0.23353,35.2,NA,28.6,NA,0,NA,1.29591,0.93118,2.17146,0.8011,0.63256,3.60513,3.19823,2.86266,0.90922,0.65986,4.43175,3.79043,2026-01-08,4,4,0,16,1,0,16,2024-08-14,6,6,0,36,1,0,36,21,NA,0,0,0,0,"101 COBBLESTONE TRACE SE,MOULTRIE,GA,31768",31.1281,-83.768,NA,2026-06-01
115668,PRUITTHEALTH - SUNRISE,2709 S MAIN STREET,MOULTRIE,GA,31768,2299857173,300,Colquitt,N,For profit - Limited Liability company,60,57.9,NA,Medicare and Medicaid,N,"PRUITTHEALTH - SUNRISE, LLC",2000-02-10,PRUITTHEALTH,434,99,2.8,2.8,2.5,3.7,N,NA,N,N,N,Resident,Yes,3,NA,4,NA,4,NA,4,NA,NA,2,1,NA,NA,NA,1.70852,0.77357,0.46713,1.2407,2.94922,2.57148,0.26415,0.00526,42.6,NA,33.3,NA,1,NA,1.53083,1.09998,2.56509,0.94633,0.74723,4.25865,3.77799,1.54238,0.69835,0.42171,2.66244,2.32144,2025-06-05,2,2,1,8,1,0,8,2024-02-08,4,4,0,28,1,0,28,13,NA,0,0,0,0,"2709 S MAIN STREET,MOULTRIE,GA,31768",31.1368,-83.783,NA,2026-06-01
115670,Rockdale Healthcare Center,1510 RENIASSANCE DRIVE,CONYERS,GA,30012,7704834480,841,Rockdale,Y,For profit - Partnership,103,98,NA,Medicare and Medicaid,N,LTC CONSULTING LP,2001-06-08,WELLINGTON HEALTH CARE SERVICES,559,14,1.8,2,1.8,2.2,N,NA,N,N,N,Resident,Yes,2,NA,2,NA,2,NA,2,NA,1,NA,2,NA,NA,NA,2.10879,1.11555,0.31613,1.43168,3.54048,3.12447,0.22988,0.17553,16.7,NA,25,NA,1,NA,1.43273,1.02949,2.40072,0.88569,0.69935,3.98576,3.5359,2.03408,1.07603,0.30493,3.41505,3.01377,2026-01-29,8,1,8,32,1,0,32,2024-10-31,17,10,17,160,1,0,160,64,0,3,15971,0,3,"1510 RENIASSANCE DRIVE,CONYERS,GA,30012",33.7065,-84.005,22,2026-06-01
115671,SCOTT HEALTH & REHABILITATION,12 SMITH LANE,ADRIAN,GA,31002,4786683225,640,Johnson,N,For profit - Limited Liability company,59,54.8,NA,Medicare and Medicaid,N,"JOHNSON COUNTY LTC, LLC",2001-04-18,ETHICA HEALTH,834,50,3.6,3.6,3,3.1,N,NA,N,N,N,Resident,Yes,5,NA,5,NA,4,NA,4,NA,NA,2,4,NA,NA,NA,2.21201,0.56627,0.70036,1.26663,3.47864,3.03564,0.61332,0.03915,40.8,NA,37.5,NA,0,NA,1.25123,0.89908,2.0966,0.77349,0.61076,3.48084,3.08797,2.44314,0.62544,0.77354,3.84212,3.35284,2025-09-04,0,0,0,0,0,0,0,2024-02-18,0,0,0,0,0,0,0,0,NA,0,0,0,0,"12 SMITH LANE,ADRIAN,GA,31002",32.5317,-82.586,NA,2026-06-01
115672,PRUITTHEALTH - AUGUSTA HILLS,2122 CUMMING ROAD,AUGUSTA,GA,30904,7067378258,840,Richmond,Y,For profit - Limited Liability company,126,86.2,NA,Medicare and Medicaid,N,"PRUITTHEALTH - AUGUSTA HILLS, LLC",2001-08-07,PRUITTHEALTH,434,99,2.8,2.8,2.5,3.7,N,NA,N,N,N,Resident,Yes,4,NA,4,NA,3,NA,5,NA,1,NA,2,NA,NA,NA,1.86156,1.03491,0.45245,1.48736,3.34891,2.6903,0.28303,0.056710000000000003,42,NA,12.5,NA,0,NA,1.4466,1.03946,2.42396,0.89426,0.70612,4.02434,3.57012,1.77839,0.98868,0.43223,3.1993,2.57012,2026-03-25,3,3,0,12,1,0,12,2025-02-27,6,4,6,36,1,0,36,18,NA,0,0,0,0,"2122 CUMMING ROAD,AUGUSTA,GA,30904",33.4777,-82.009,NA,2026-06-01
115673,"PRUITTHEALTH - LAUREL PARK, LLC",1050 HOSPITAL DRIVE,STOCKBRIDGE,GA,30281,7705073840,591,Henry,Y,For profit - Limited Liability company,89,83.8,NA,Medicare and Medicaid,N,"PRUITTHEALTH - LAUREL PARK, LLC",2001-08-22,PRUITTHEALTH,434,99,2.8,2.8,2.5,3.7,N,NA,N,N,N,Resident,Yes,4,NA,4,NA,4,NA,4,NA,3,NA,4,NA,NA,NA,2.17584,1.27077,0.73169,2.00246,4.1783,3.46331,0.32597,0.23363,38.6,NA,35.7,NA,0,NA,1.49947,1.07745,2.51254,0.92694,0.73193,4.17141,3.70059,2.00535,1.1712,0.67435,3.8509,3.19193,2025-07-17,4,3,4,16,1,0,16,2023-11-02,2,2,0,12,1,0,12,15,NA,0,0,0,0,"1050 HOSPITAL DRIVE,STOCKBRIDGE,GA,30281",33.511,-84.226,NA,2026-06-01
115674,WESTMINSTER COMMONS,"560 ST CHARLES AVE, NE",ATLANTA,GA,30308,4048742233,470,Fulton,Y,For profit - Limited Liability company,90,80.8,NA,Medicare and Medicaid,N,FACILITY INVESTMENTS LP,2001-10-31,WELLINGTON HEALTH CARE SERVICES,559,14,1.8,2,1.8,2.2,N,NA,Y,N,N,Resident,Yes,2,NA,2,NA,2,NA,3,NA,1,NA,2,NA,NA,NA,2.02432,0.63747,0.45722,1.09469,3.11901,2.67778,0.41532,0.07784,62.8,NA,50,NA,0,NA,1.30927,0.94078,2.19384,0.80936,0.63909,3.64229,3.2312,2.13674,0.67287,0.48261,3.29222,2.82648,2025-05-22,17,17,17,72,1,0,72,2024-01-19,14,13,1,60,1,0,60,69,NA,2,23472,0,2,"560 ST CHARLES AVE, NE,ATLANTA,GA,30308",33.7755,-84.369,NA,2026-06-01
115675,"RETREAT, THE",898 COLLEGE ST,MONTICELLO,GA,31064,7064688826,611,Jasper,Y,Non profit - Corporation,55,50.5,NA,Medicare and Medicaid,Y,JASPER HEALTH SERVICES INC.,2001-08-06,NA,NA,NA,NA,NA,NA,NA,N,NA,N,N,N,Resident,Yes,4,NA,4,NA,4,NA,4,NA,NA,2,4,NA,NA,NA,2.31438,1.08483,0.56355,1.64838,3.96276,3.44262,0.30506,0.01896,36.5,NA,28.6,NA,NA,26,1.25281,0.90021,2.09923,0.77446,0.61153,3.48522,3.09185,2.553,1.19668,0.62165,4.37132,3.79756,2025-03-03,4,4,0,28,1,0,28,2023-11-12,1,1,0,4,1,0,4,22,NA,0,0,0,0,"898 COLLEGE ST,MONTICELLO,GA,31064",33.3138,-83.687,NA,2026-06-01
115676,Rehabilitation Center of South Georgia,2002 TIFT AVENUE NORTH,TIFTON,GA,31794,2293827342,900,Tift,N,For profit - Corporation,178,131.9,NA,Medicare and Medicaid,N,"ADVENT PROPERTIES, INC.",2002-02-28,CROSSROADS MEDICAL MANAGEMENT,172,6,3,3.3,3.3,2.7,N,NA,N,N,N,Resident,Yes,2,NA,3,NA,1,NA,2,NA,1,NA,3,NA,NA,NA,1.9088,1.17484,0.47492,1.64976,3.55856,3.07936,0.2731,0.07695,51.5,NA,23.5,NA,1,NA,1.36946,0.98403,2.2947,0.84657,0.66847,3.80974,3.37975,1.92624,1.18557,0.47926,3.59108,3.1075,2025-12-04,4,4,0,16,1,0,16,2024-07-04,21,18,3,120,1,0,120,42,NA,0,0,0,0,"2002 TIFT AVENUE NORTH,TIFTON,GA,31794",31.4728,-83.503,NA,2026-06-01
115677,PRUITTHEALTH - JASPER,1350 EAST CHURCH STREET,JASPER,GA,30143,7062532441,812,Pickens,Y,For profit - Corporation,60,55.8,NA,Medicare and Medicaid,N,"PRUITTHEALTH - JASPER, LLC",2002-07-10,PRUITTHEALTH,434,99,2.8,2.8,2.5,3.7,N,NA,N,N,N,Resident,Yes,5,NA,4,NA,5,NA,5,NA,4,NA,3,NA,NA,NA,1.83046,1.22462,0.5955,1.82012,3.65057,2.75035,0.20073,0.07496,34.7,NA,28.6,NA,0,NA,1.45723,1.0471,2.44177,0.90083,0.71131,4.05391,3.59636,1.73592,1.16137,0.56475,3.46204,2.60831,2025-05-08,2,2,2,20,1,0,20,2024-04-14,3,3,0,12,1,0,12,18,NA,0,0,0,0,"1350 EAST CHURCH STREET,JASPER,GA,30143",34.4776,-84.569,NA,2026-06-01
115679,COMFORT CREEK NURSING AND REHABILITATION CENTER,10200 U.S. HWY 1 SOUTH,WADLEY,GA,30477,4782525254,620,Jefferson,N,For profit - Corporation,98,73.4,NA,Medicare and Medicaid,N,WADLEY SNF OPERATOR LLC,2002-09-01,BEACON HEALTH MANAGEMENT,69,13,1.4,1.9,1.5,2.2,N,NA,N,N,N,None,Yes,2,NA,2,NA,4,NA,2,NA,5,NA,2,NA,NA,NA,1.94219,0.62954,0.18964,0.81917,2.76137,2.53843,0.1372,0,33.3,NA,20,NA,2,NA,1.22093,0.8773,2.04582,0.75475,0.59597,3.39654,3.01319,2.19837,0.71257,0.21465,3.1256,2.87325,2025-04-17,8,7,7,36,1,0,36,2023-10-08,8,3,5,149,1,0,149,64.25,NA,1,15880,0,1,"10200 U.S. HWY 1 SOUTH,WADLEY,GA,30477",32.862,-82.407,22,2026-06-01
115680,CARLYLE PLACE,5300 ZEBULON ROAD,MACON,GA,31210,4784054500,090,Bibb,Y,Non profit - Corporation,40,30.4,NA,Medicare,N,"CENTRAL GEORGIA SENIOR HEALTH, INC.",2002-12-09,NA,NA,NA,NA,NA,NA,NA,Y,NA,N,N,N,Resident,Yes,1,NA,1,NA,3,NA,5,NA,1,NA,3,NA,NA,NA,2.54087,1.84665,0.43707,2.28372,4.8246,4.33004,0.37124,0.01185,NA,26,NA,27,1,NA,1.25857,0.90435,2.10889,0.77802,0.61434,3.50125,3.10608,2.79001,2.02772,0.47993,5.29765,4.7546,2025-09-21,2,2,0,20,1,0,20,2024-08-25,7,2,5,445,1,0,445,126.25,NA,1,105498,1,2,"5300 ZEBULON ROAD,MACON,GA,31210",32.8796,-83.739,NA,2026-06-01
115681,PRUITTHEALTH - OLD CAPITOL,310 HIGHWAY #1 BYPASS,LOUISVILLE,GA,30434,4786253741,150,Burke,Y,For profit - Limited Liability company,143,95.6,NA,Medicare and Medicaid,N,"PRUITTHEALTH - OLD CAPITOL, LLC",2003-01-30,PRUITTHEALTH,434,99,2.8,2.8,2.5,3.7,N,NA,N,N,N,Resident,Yes,2,NA,1,NA,5,NA,5,NA,NA,2,3,NA,NA,NA,2.10613,0.99947,0.26906,1.26853,3.37466,3.02914,0.10101,0.00394,29.9,NA,42.9,NA,1,NA,1.28354,0.92229,2.15073,0.79346,0.62653,3.57071,3.16769,2.26765,1.07613,0.28969,3.63347,3.26145,2025-11-18,3,3,1,24,1,0,24,2024-05-23,8,8,0,259,2,130,389,115.25,NA,4,28179,0,4,"310 HIGHWAY #1 BYPASS,LOUISVILLE,GA,30434",33.0002,-82.408,22,2026-06-01
115682,PARKSIDE AT BUDD TERRACE OPERATING COMPANY LLC,"1833 CLIFTON ROAD, NE",ATLANTA,GA,30329,4047286500,370,De Kalb,Y,For profit - Limited Liability company,250,214,NA,Medicare and Medicaid,N,Legal Business Name Not Available,2003-01-30,NA,NA,NA,NA,NA,NA,NA,N,NA,N,N,N,Resident,Yes,3,NA,2,NA,5,NA,5,NA,4,NA,2,NA,NA,NA,2.52434,1.2397,0.55787,1.79757,4.32191,3.74226,0.33896,0.14839,61.3,NA,79.2,NA,2,NA,1.4952,1.07438,2.5054,0.9243,0.72985,4.15955,3.69008,2.33317,1.14582,0.51562,3.99461,3.45886,2025-05-29,11,7,10,48,1,0,48,2023-12-21,12,5,12,92,1,0,92,59,2,0,0,0,0,"1833 CLIFTON ROAD, NE,ATLANTA,GA,30329",33.8022,-84.332,NA,2026-06-01
115683,PARKSIDE CENTER FOR NURSING AND REHAB AT ELLIJAY,1362 SOUTH MAIN STREET,ELLIJAY,GA,30540,7066357881,471,Gilmer,N,For profit - Limited Liability company,110,94.4,NA,Medicare and Medicaid,N,PARKSIDE OPERATING COMPANY LLC,2003-07-01,MICHAEL FEIST,769,7,3.7,3.4,2.4,4.3,N,NA,N,N,N,Resident,Yes,4,NA,3,NA,5,NA,5,NA,5,NA,3,NA,NA,NA,2.28947,0.82535,0.89822,1.72357,4.01304,3.3941,0.72761,0.12451,43.6,NA,42.9,NA,0,NA,1.65209,1.18712,2.76829,1.02129,0.80643,4.59601,4.07728,1.91514,0.6904,0.75136,3.3569,2.83915,2026-03-05,5,5,0,20,1,0,20,2025-01-31,9,4,6,96,1,0,96,39,NA,0,0,0,0,"1362 SOUTH MAIN STREET,ELLIJAY,GA,30540",34.6778,-84.493,NA,2026-06-01
115684,SENIOR CARE CENTER - ST MARYS,805 DILWORTH STREET,SAINT MARYS,GA,31558,9128824281,170,Camden,N,For profit - Limited Liability company,78,63.4,NA,Medicare and Medicaid,N,"SOUTHEAST GEORGIA HEALTH SYSTEM, INC",2003-03-20,NA,NA,NA,NA,NA,NA,NA,N,NA,N,N,N,Resident,Yes,3,NA,3,NA,4,NA,3,NA,5,NA,2,NA,NA,NA,1.74292,0.80408,0.57383,1.37792,3.12084,2.49582,0.27294,0.04635,55.2,NA,50,NA,0,NA,1.3635,0.97975,2.28472,0.84289,0.66556,3.79316,3.36504,1.76653,0.81498,0.58161,3.16312,2.52964,2025-11-21,2,2,0,12,1,0,12,2024-03-14,11,11,0,80,2,40,120,39,NA,1,4072,0,1,"805 DILWORTH STREET,SAINT MARYS,GA,31558",30.7323,-81.557,NA,2026-06-01
115685,HEARDMONT HEALTH AND REHABILITATION,1043 LONGSTREET ROAD,ELBERTON,GA,30635,7062835429,430,Elbert,N,For profit - Limited Liability company,60,48.7,NA,Medicare and Medicaid,N,HEARDMONT HEALTH PROPERTIES LLC,2003-09-01,C. ROSS MANAGEMENT,95,8,2.1,2.8,1.1,2.4,N,SFF Candidate,N,N,N,Resident,Yes,1,NA,1,NA,3,NA,3,NA,NA,2,1,NA,NA,NA,2.63611,0.80394,0.20848,1.01242,3.64853,3.11037,0.17333,0.0083,54.5,NA,NA,27,0,NA,1.66665,1.19758,2.79269,1.03029,0.81353,4.63651,4.11321,2.18584,0.66662,0.17287,3.02533,2.57909,2025-11-18,1,1,0,4,1,0,4,2025-04-07,27,7,27,1000,1,0,1000,253,10,1,170259,0,1,"1043 LONGSTREET ROAD,ELBERTON,GA,30635",34.0601,-82.729,NA,2026-06-01
115686,NANCY HART OPERATION LLC,2117 DR GEORGE WARD ROAD,ELBERTON,GA,30635,7062833335,430,Elbert,N,For profit - Limited Liability company,67,62.1,NA,Medicare and Medicaid,N,NANCY HART OPERATION LLC,2003-10-01,NA,NA,NA,NA,NA,NA,NA,N,NA,N,N,N,None,Yes,1,NA,2,NA,1,NA,1,NA,1,NA,1,24,NA,NA,1.8909,0.89393,0.20876,1.10269,2.99359,2.63985,0.11383,0.00783,51,NA,NA,27,0,NA,1.52799,1.09794,2.56034,0.94457,0.74585,4.25077,3.771,1.7102,0.80851,0.18881,2.70752,2.38757,2025-07-24,5,5,0,32,1,0,32,2024-02-29,16,12,16,144,1,0,144,60,3,5,30309,0,5,"2117 DR GEORGE WARD ROAD,ELBERTON,GA,30635",34.0141,-82.78,NA,2026-06-01
115687,WILLOWBROOKE COURT AT LANIER VILLAGE ESTATES,4145 MISTY MORNING WAY,GAINESVILLE,GA,30506,6784503005,550,Hall,Y,Non profit - Corporation,48,41,NA,Medicare and Medicaid,N,ACTS RETIREMENT-LIFE COMMUNITIES INC,2003-10-05,ACTS RETIREMENT-LIFE COMMUNITIES,9,27,4.7,4.4,4.8,4.4,Y,NA,N,N,N,Both,Yes,5,NA,5,NA,5,NA,5,NA,5,NA,5,NA,NA,NA,2.7679,0.95123,0.84011,1.79134,4.55924,4.25288,0.5168,0.20295,23.5,NA,30,NA,0,NA,1.11186,0.79893,1.86306,0.68733,0.54273,3.09311,2.74401,3.44033,1.18233,1.0442,5.66685,5.28607,2025-09-21,1,1,0,4,1,0,4,2024-04-28,4,4,0,16,1,0,16,7,NA,0,0,0,0,"4145 MISTY MORNING WAY,GAINESVILLE,GA,30506",34.3775,-83.872,NA,2026-06-01
115688,MOUNTAIN VIEW HEALTH CARE,547 WARWOMAN ROAD,CLAYTON,GA,30525,7067824276,834,Rabun,N,For profit - Corporation,117,79.5,NA,Medicare and Medicaid,N,MOUNTAIN VIEW HEALTH & REHAB LLC,2004-06-16,C. ROSS MANAGEMENT,95,8,2.1,2.8,1.1,2.4,N,NA,Y,N,N,Resident,Yes,1,NA,1,NA,1,NA,1,NA,1,NA,1,NA,NA,NA,1.71168,0.84678,0.22479,1.07157,2.78325,2.33539,0.15865,0.0294,39.7,NA,NA,27,1,NA,1.64872,1.18469,2.76264,1.01921,0.80478,4.58662,4.06895,1.43475,0.70978,0.18842,2.33294,1.95755,2025-06-26,16,16,0,112,2,56,168,2023-10-26,11,11,11,60,1,0,60,141,0,0,0,0,0,"547 WARWOMAN ROAD,CLAYTON,GA,30525",34.8804,-83.389,NA,2026-06-01
115689,GOLD CITY HEALTH AND REHAB,222 MOORE DRIVE,DAHLONEGA,GA,30533,7068643045,701,Lumpkin,Y,For profit - Limited Liability company,102,74.2,NA,Medicare and Medicaid,N,GOLD CITY HEALTH & REHAB LLC,2004-07-13,C. ROSS MANAGEMENT,95,8,2.1,2.8,1.1,2.4,N,NA,Y,N,N,Both,Yes,1,NA,2,NA,1,NA,1,NA,2,NA,1,NA,NA,NA,1.7499,0.93084,0.19693,1.12777,2.87767,2.64475,0.1171,0.01364,69,NA,80,NA,1,NA,1.49502,1.07425,2.5051,0.92419,0.72976,4.15905,3.68963,1.61758,0.86046,0.18204,2.66007,2.44476,2025-09-28,5,0,5,20,0,0,20,2024-08-28,11,11,4,72,1,0,72,33,NA,1,52548,0,1,"222 MOORE DRIVE,DAHLONEGA,GA,30533",34.5297,-83.985,22,2026-06-01
115690,"D SCOTT HUDGENS CENTER FOR SKILLED NURSING, THE",3500 ANNANDALE LANE,SUWANEE,GA,30024,7709323472,530,Gwinnett,Y,Non profit - Corporation,32,30.1,NA,Medicare and Medicaid,N,Legal Business Name Not Available,2004-11-18,NA,NA,NA,NA,NA,NA,NA,N,NA,N,N,N,Both,Yes,5,NA,4,NA,3,NA,3,NA,NA,2,5,NA,NA,NA,2.65248,1.31963,0.55762,1.87725,4.52973,4.28597,0.56464,0.02154,28.1,NA,40,NA,1,NA,1.22847,0.88272,2.05846,0.75942,0.59965,3.41752,3.0318,2.98392,1.48452,0.62729,5.09574,4.82152,2025-09-18,2,2,0,8,1,0,8,2024-06-16,3,3,0,36,1,0,36,15,NA,1,4017,0,1,"3500 ANNANDALE LANE,SUWANEE,GA,30024",34.038,-84.063,NA,2026-06-01
115691,SMITH MEDICAL NURSING CARE CTR,501 EAST MCCARTY ST,SANDERSVILLE,GA,31082,4785525155,950,Washington,N,For profit - Corporation,56,45.5,NA,Medicare and Medicaid,N,"SMITH MEDICAL NURSING CARE CENTER, INC.",2004-12-13,NA,NA,NA,NA,NA,NA,NA,N,NA,N,N,N,None,Yes,1,NA,1,NA,3,NA,3,NA,NA,2,2,NA,NA,NA,1.66862,0.81777,0.25412,1.07189,2.74051,2.72076,0.18983,0,42.1,NA,NA,27,0,NA,1.15257,0.82818,1.93128,0.7125,0.5626,3.20637,2.84448,2.00073,0.98053,0.3047,3.28596,3.26229,2025-08-07,6,6,0,84,1,0,84,2024-03-24,9,8,1,76,1,0,76,82,NA,0,0,0,0,"501 EAST MCCARTY ST,SANDERSVILLE,GA,31082",32.9884,-82.802,NA,2026-06-01
115692,MEDICAL MANAGEMENT HEALTH AND REHAB CENTER,1509 CEDAR AVE,MACON,GA,31204,4787434678,090,Bibb,Y,For profit - Corporation,100,73.9,NA,Medicare and Medicaid,N,MEDICAL MANAGEMENT HEALTH & REHAB CENTER LLC,2005-03-01,C. ROSS MANAGEMENT,95,8,2.1,2.8,1.1,2.4,N,NA,N,Y,N,Resident,Yes,3,NA,4,NA,3,NA,2,NA,4,NA,1,NA,NA,NA,1.63124,1.00855,0.2901,1.29865,2.92989,2.64889,0.25095,0.04713,42.9,NA,NA,27,0,NA,1.56398,1.12381,2.62065,0.96682,0.76342,4.35089,3.85982,1.4414,0.89118,0.25634,2.58892,2.34062,2024-02-11,4,3,4,20,1,0,20,2023-01-19,6,3,3,28,1,0,28,22,NA,1,41316,1,2,"1509 CEDAR AVE,MACON,GA,31204",32.8301,-83.664,NA,2026-06-01
115694,PEBBLEBROOK HEALTH CENTER AT PARK SPRINGS,5610 NEW BERMUDA ROAD,STONE MOUNTAIN,GA,30087,6786843157,530,Gwinnett,Y,For profit - Limited Liability company,60,35.6,NA,Medicare,N,PARK SPRINGS LLC,2005-05-27,NA,NA,NA,NA,NA,NA,NA,Y,NA,N,N,N,Resident,Yes,3,NA,3,NA,4,NA,4,NA,4,NA,4,NA,NA,NA,3.98026,0.85845,0.86645,1.72491,5.70517,5.48808,0.80035,0.04468,45.8,NA,50,NA,0,NA,1.35315,0.97231,2.26737,0.83649,0.66051,3.76437,3.3395,4.06504,0.87674,0.88491,5.82669,5.60498,2025-05-01,6,6,6,52,1,0,52,2023-11-02,2,2,0,12,1,0,12,42,NA,3,19408,0,3,"5610 NEW BERMUDA ROAD,STONE MOUNTAIN,GA,30087",33.8016,-84.138,22,2026-06-01
115695,UNION COUNTY NURSING HOME,164 NURSING HOME CIRCLE,BLAIRSVILLE,GA,30512,7067454948,913,Union,N,Non profit - Corporation,150,107.2,NA,Medicare and Medicaid,N,UNION COUNTY HOSPITAL AUTHORITY,2005-10-01,NA,NA,NA,NA,NA,NA,NA,N,NA,N,N,N,Resident,Yes,4,NA,4,NA,3,NA,2,NA,4,NA,3,NA,NA,NA,1.82657,1.04808,0.5316,1.57968,3.40624,2.61966,0.45654,0.12486,38.7,NA,35.7,NA,1,NA,1.24172,0.89224,2.08066,0.76761,0.60611,3.45438,3.0645,2.03288,1.16646,0.59164,3.79098,2.91555,2025-10-02,3,3,0,12,1,0,12,2024-07-01,6,6,6,56,1,0,56,23,NA,0,0,0,0,"164 NURSING HOME CIRCLE,BLAIRSVILLE,GA,30512",34.8844,-83.96,NA,2026-06-01
115696,"Reserve at Fort Gaines of Journey LLC, The","101 HARTFORD ROAD, WEST",FORT GAINES,GA,39851,2297682521,270,Clay,N,For profit - Limited Liability company,60,54.5,NA,Medicare and Medicaid,N,FORT GAINES OPERATOR LLC,2005-06-10,JOURNEY HEALTHCARE,766,34,2,2.4,1.4,2.6,N,NA,N,N,N,Resident,Yes,2,NA,2,NA,4,NA,4,NA,NA,2,2,NA,NA,NA,2.02709,0.97619,0.35671,1.3329,3.35999,2.95551,0.18175,0.07191,27.7,NA,37.5,NA,0,NA,1.50612,1.08223,2.5237,0.93105,0.73518,4.18993,3.71703,1.86,0.89573,0.32731,3.08303,2.71189,2025-04-30,12,12,1,72,1,0,72,2023-05-25,14,14,0,84,1,0,84,75,NA,0,0,0,0,"101 HARTFORD ROAD, WEST,FORT GAINES,GA,39851",31.6038,-85.05,NA,2026-06-01
115697,FOUNTAINVIEW CTR FOR ALZHEIMER,2631 NORTH DRUID HILLS ROAD N E,ATLANTA,GA,30329,4043257994,370,De Kalb,Y,For profit - Individual,120,115,NA,Medicare and Medicaid,N,FOUNTAINVIEW CENTER LP,2005-07-01,NA,NA,NA,NA,NA,NA,NA,N,NA,Y,N,N,None,Yes,2,NA,1,NA,5,NA,5,NA,4,NA,3,NA,NA,NA,2.53071,0.98634,0.30341,1.28976,3.82047,3.22378,0.13836,0.01279,48.4,NA,50,NA,NA,26,1.20931,0.86895,2.02635,0.74757,0.59029,3.36422,2.98451,2.89204,1.12717,0.34674,4.36595,3.68407,2025-05-16,8,5,3,216,1,0,216,2024-01-18,6,6,0,64,1,0,64,178,NA,3,45465,1,4,"2631 NORTH DRUID HILLS ROAD N E,ATLANTA,GA,30329",33.7035,-84.548,NA,2026-06-01
115700,PRUITTHEALTH - BETHANY,466 SOUTH GRAY STREET,MILLEN,GA,30442,4789822531,630,Jenkins,N,For profit - Corporation,100,76.9,NA,Medicare and Medicaid,N,"PRUITTHEALTH - BETHANY, LLC",2005-10-01,PRUITTHEALTH,434,99,2.8,2.8,2.5,3.7,N,NA,N,N,N,Resident,Yes,2,NA,2,NA,4,NA,4,NA,NA,2,3,NA,NA,NA,1.26771,1.0813,0.69532,1.77663,3.04433,2.2399,0.25038,0.03514,28.3,NA,28.6,NA,1,NA,1.49924,1.07728,2.51216,0.9268,0.73182,4.17078,3.70004,1.16855,0.99673,0.64094,2.80621,2.0647,2025-05-08,4,4,0,16,1,0,16,2023-09-28,6,2,4,262,1,0,262,77.5,NA,1,91062,1,2,"466 SOUTH GRAY STREET,MILLEN,GA,30442",32.7977,-81.943,NA,2026-06-01
115701,CHATUGE REGIONAL NURSING HOME,386 BELAIRE DRIVE,HIAWASSEE,GA,30546,7068962231,902,Towns,N,Non profit - Corporation,112,90.3,NA,Medicare and Medicaid,Y,CHATUGE REGIONAL HOSPITAL INC,2005-10-01,NA,NA,NA,NA,NA,NA,NA,N,NA,N,N,N,Resident,Yes,1,NA,1,NA,2,NA,2,NA,3,NA,3,NA,NA,NA,1.61493,0.99031,0.56996,1.56027,3.17519,2.74568,0.25458,0,43.4,NA,41.7,NA,0,NA,1.22375,0.87933,2.05054,0.7565,0.59734,3.40438,3.02014,1.82373,1.11835,0.64365000000000006,3.58574,3.10068,2025-12-04,6,6,0,24,1,0,24,2024-06-08,19,19,19,530,1,0,530,150.5,NA,1,64214,0,1,"386 BELAIRE DRIVE,HIAWASSEE,GA,30546",34.9472,-83.749,NA,2026-06-01
115702,WASHINGTON CO EXTENDED CARE FACILITY,610 SPARTA ROAD,SANDERSVILLE,GA,31082,4782402005,950,Washington,N,Government - County,60,57.2,NA,Medicare and Medicaid,Y,HOSPITAL AUTHORITY OF WASHINGTON COUNTY,2005-10-01,NA,NA,NA,NA,NA,NA,NA,N,NA,N,N,N,Resident,Yes,3,NA,3,NA,3,NA,3,NA,NA,2,4,NA,NA,NA,3.22849,0.78057,0.68574,1.46631,4.6948,3.97161,0.4793,0.00434,29.8,NA,0,NA,NA,26,1.30918,0.94072,2.1937,0.80931,0.63904,3.64205,3.23099,3.40799,0.82397,0.72387,4.95583,4.19243,2026-02-26,4,4,0,32,1,0,32,2024-12-09,1,1,0,8,1,0,8,26,NA,0,0,0,0,"610 SPARTA ROAD,SANDERSVILLE,GA,31082",32.9961,-82.806,NA,2026-06-01
115703,Glenwood Health and Rehabilitation,41 NORTH FIFTH STREET,GLENWOOD,GA,30428,9125235102,962,Wheeler,N,For profit - Limited Liability company,62,45.1,NA,Medicare and Medicaid,N,GLENWOOD OPCO LLC,2005-10-01,BRIGHTON HEALTHCARE,848,8,1.5,1.8,1.9,2,N,NA,N,N,N,Both,Yes,1,NA,2,NA,2,NA,2,NA,NA,2,1,NA,NA,NA,1.81931,1.1467,0.20172,1.34842,3.16773,3.01848,0.21668,0.02726,67.7,NA,NA,27,3,NA,1.4467,1.03953,2.42413,0.89432,0.70617,4.02463,3.57038,1.73791,1.0954,0.19269,3.026,2.88342,2026-03-08,8,6,3,60,1,0,60,2024-11-10,11,6,11,80,1,0,80,65,NA,1,7901,0,1,"41 NORTH FIFTH STREET,GLENWOOD,GA,30428",32.1815,-82.675,NA,2026-06-01
115704,EMANUEL COUNTY NURSING HOME,117 KITE ROAD,SWAINSBORO,GA,30401,4782891334,440,Emanuel,N,Non profit - Corporation,49,46.4,NA,Medicare and Medicaid,Y,EMANUEL COUNTY HOSPITAL AUTHORITY,2005-10-01,NA,NA,NA,NA,NA,NA,NA,N,NA,N,N,N,Both,Yes,3,NA,3,NA,2,NA,2,NA,2,NA,4,NA,NA,NA,2.06659,0.89279,0.83992,1.73271,3.7993,3.3877,0.67775,0.11805,38.5,NA,25,NA,0,NA,1.33918,0.96227,2.24397,0.82786,0.65369,3.72551,3.30502,2.13262,0.92132,0.86676,3.9207,3.49594,2025-04-03,4,4,0,28,1,0,28,2023-03-19,2,2,0,20,1,0,20,26,NA,0,0,0,0,"117 KITE ROAD,SWAINSBORO,GA,30401",32.5929,-82.346,NA,2026-06-01
115705,"OAKS - BETHANY SKILLED NURSING, THE",1305 EAST NORTH STREET,VIDALIA,GA,30475,9125377922,901,Toombs,N,For profit - Limited Liability company,168,101.2,NA,Medicare and Medicaid,N,"THE OAKS - BETHANY SKILLED NURSING, LLC",2005-11-01,PRUITTHEALTH,434,99,2.8,2.8,2.5,3.7,N,NA,N,N,N,Resident,Yes,2,NA,2,NA,3,NA,4,NA,2,NA,2,NA,NA,NA,1.9887,1.04485,0.31703,1.36188,3.35058,2.8741,0.14018,0.00846,28.4,NA,36.4,NA,1,NA,1.50431,1.08092,2.52065,0.92993,0.73429,4.18487,3.71254,1.82698,0.95988,0.29125,3.0781,2.64037,2025-03-06,12,6,6,68,1,0,68,2022-12-22,4,1,3,20,1,0,20,56,3,0,0,0,0,"1305 EAST NORTH STREET,VIDALIA,GA,30475",32.2105,-82.377,NA,2026-06-01
115706,WILDWOOD HEALTH AND REHAB,184 PIN HOOK ROAD,TALKING ROCK,GA,30175,7066926014,471,Gilmer,N,For profit - Limited Liability company,44,36.7,NA,Medicare and Medicaid,N,"C.R. OF WILDWOOD, LLC",2005-11-01,C. ROSS MANAGEMENT,95,8,2.1,2.8,1.1,2.4,N,NA,N,N,N,Resident,Yes,3,NA,5,NA,1,NA,1,NA,1,NA,1,NA,NA,NA,1.79818,1.19534,0.39524,1.59058,3.38876,3.05047,0.48973,0.0258,25.9,NA,NA,27,0,NA,1.63287,1.1733,2.73608,1.00941,0.79704,4.54253,4.02983,1.52189,1.01167,0.33451,2.86806,2.58176,2026-02-26,1,0,1,4,0,0,4,2024-12-22,3,2,1,28,1,0,28,10,0,3,8736,0,3,"184 PIN HOOK ROAD,TALKING ROCK,GA,30175",34.4682,-84.616,NA,2026-06-01
115707,SGMC HEALTH VILLA,138 WEST THIGPEN AVE,LAKELAND,GA,31635,2294338425,652,Lanier,Y,Government - Hospital district,62,57.4,NA,Medicare and Medicaid,Y,SOUTH GEORGIA MEDICAL CENTER INC,2005-11-01,NA,NA,NA,NA,NA,NA,NA,N,NA,N,N,N,Resident,Yes,4,NA,4,NA,3,NA,3,NA,NA,2,4,NA,NA,NA,2.33,1.27052,0.56673,1.83725,4.16725,3.49336,0.35635,0,23.6,NA,20,NA,NA,26,1.22699,0.88166,2.05597,0.7585,0.59892,3.4134,3.02814,2.6243,1.431,0.63831,4.69362,3.93462,2025-06-04,5,5,5,16,1,0,16,2023-02-12,9,7,2,52,1,0,52,25,NA,0,0,0,0,"138 WEST THIGPEN AVE,LAKELAND,GA,31635",31.0414,-83.084,NA,2026-06-01
115708,Church Home Rehabilitation and Healthcare,2470 HWY 41 N,FORT VALLEY,GA,31030,4789871239,600,Houston,Y,Non profit - Church related,75,69.3,NA,Medicare and Medicaid,N,"CHURCH HOME REHABILITATION AND HEALTHCARE, LLC",2005-11-01,NA,NA,NA,NA,NA,NA,NA,N,NA,N,N,N,Resident,Yes,5,NA,4,NA,5,NA,4,NA,5,NA,4,NA,NA,NA,3.01554,1.41059,0.3205,1.73109,4.74663,3.60947,0.20292,0.07077,41.8,NA,20,NA,0,NA,1.34405,0.96577,2.25213,0.83087,0.65607,3.73906,3.31705,3.10061,1.45038,0.32955,4.88054,3.7113,2025-07-31,2,2,0,8,1,0,8,2024-03-14,5,5,0,24,1,0,24,12,NA,0,0,0,0,"2470 HWY 41 N,FORT VALLEY,GA,31030",32.5234,-83.722,NA,2026-06-01
115709,GREEN ACRES CARE CENTER LLC,1400 HOGANSVILLE ROAD,LAGRANGE,GA,30240,7068037390,910,Troup,N,For profit - Limited Liability company,116,90.4,NA,Medicare and Medicaid,N,GREEN ACRES CARE CENTER LLC,2005-11-01,THE ROSENBERG FAMILY,685,15,2.5,1.9,3.9,4.1,N,NA,N,N,N,Resident,Yes,3,NA,3,NA,4,NA,4,NA,3,NA,3,NA,NA,NA,1.89402,0.76521,0.70135,1.46657,3.36058,2.75768,0.35203,0.05147,53.8,NA,38.9,NA,0,NA,1.2199,0.87656,2.04409,0.75412,0.59546,3.39367,3.01064,2.14566,0.86688,0.79454,3.80707,3.12407,2025-05-08,4,3,2,44,1,0,44,2023-09-28,0,0,0,0,0,0,0,33,NA,0,0,0,0,"1400 HOGANSVILLE ROAD,LAGRANGE,GA,30240",33.0561,-84.997,NA,2026-06-01
115710,HILL HAVEN NURSING HOME,880 RIDGEWAY ROAD,COMMERCE,GA,30529,7063368000,610,Jackson,N,For profit - Limited Liability company,70,65.6,NA,Medicare and Medicaid,N,"HILL HAVEN OPCO, LLC",2005-11-01,NA,NA,NA,NA,NA,NA,NA,N,NA,N,N,N,Both,Yes,3,NA,4,NA,3,NA,2,NA,4,NA,1,NA,NA,NA,1.87695,0.87182,0.32755,1.19937,3.07633,2.56342,0.15989,0.01369,NA,26,NA,27,NA,26,1.32121,0.94936,2.21385,0.81675,0.64492,3.67551,3.26067,1.96328,0.91191,0.34262,3.21781,2.68131,2026-03-25,2,2,0,8,1,0,8,2025-02-20,9,7,9,60,1,0,60,21,NA,1,4194,0,1,"880 RIDGEWAY ROAD,COMMERCE,GA,30529",34.2181,-83.475,NA,2026-06-01
115711,MEMORIAL MANOR NURSING HOME,1500 EAST SHOTWELL STREET,BAINBRIDGE,GA,39819,2292463500,360,Decatur,N,Government - Hospital district,107,57.4,NA,Medicare and Medicaid,Y,HOSPITAL AUTHORITY OF THE CITY OF BAINBRIDGE AND DECATUR COUNTY,2005-12-01,NA,NA,NA,NA,NA,NA,NA,N,NA,N,N,N,Both,Yes,2,NA,3,NA,2,NA,2,NA,NA,2,1,23,23,23,NA,NA,NA,NA,NA,NA,NA,NA,NA,27,NA,27,NA,27,NA,NA,NA,NA,NA,NA,NA,NA,NA,NA,NA,NA,2025-05-01,7,7,0,32,1,0,32,2023-02-09,4,3,1,24,1,0,24,30,NA,0,0,0,0,"1500 EAST SHOTWELL STREET,BAINBRIDGE,GA,39819",30.9039,-84.554,NA,2026-06-01
115712,SEMINOLE MANOR NURSING HOME,100 FLORENCE STREET,DONALSONVILLE,GA,39845,2295242733,851,Seminole,N,Non profit - Other,75,62,NA,Medicare and Medicaid,N,DONALSONVILLE HOSPITAL INC,2005-12-01,NA,NA,NA,NA,NA,NA,NA,N,NA,N,N,N,Both,Yes,2,NA,2,NA,2,NA,3,NA,2,NA,4,NA,NA,NA,2.37208,0.81731,0.38969,1.207,3.57908,3.48714,0.25514,0,16.7,NA,40,NA,0,NA,1.19807,0.86088,2.00752,0.74062,0.58481,3.33295,2.95678,2.73619,0.94276,0.44951,4.12846,4.02241,2025-04-25,11,11,0,84,1,0,84,2023-03-02,4,4,0,28,1,0,28,70,NA,0,0,0,0,"100 FLORENCE STREET,DONALSONVILLE,GA,39845",31.05,-84.881,NA,2026-06-01
115713,PALEMON GASKINS MEM NSG HOME,710 NORTH IRWIN AVENUE,OCILLA,GA,31774,2294683890,601,Irwin,N,Government - County,30,23.9,NA,Medicare and Medicaid,Y,IRWIN COUNTY HOSPITAL,2005-12-01,NA,NA,NA,NA,NA,NA,NA,N,NA,N,N,N,Resident,Yes,4,NA,3,NA,2,NA,2,NA,NA,2,5,NA,NA,NA,2.14589,1.66229,0.54201,2.20431,4.3502,3.73715,0.52423,0.03695,30.3,NA,20,NA,0,NA,1.19934,0.86179,2.00965,0.74141,0.58543,3.33649,2.95991,2.47266,1.91542,0.62455,5.01262,4.30623,2026-01-18,7,7,6,32,1,0,32,2024-12-22,7,7,6,56,1,0,56,38,NA,0,0,0,0,"710 NORTH IRWIN AVENUE,OCILLA,GA,31774",31.6028,-83.25,NA,2026-06-01
115714,NORTHRIDGE HEALTH AND REHABILITATION,100 MEDICAL CENTER DRIVE,COMMERCE,GA,30529,7063351330,610,Jackson,N,Non profit - Other,167,81.7,NA,Medicare and Medicaid,N,RESTORATION HEALTHCARE OF COMMERCE LLC,2006-01-01,ETHICA HEALTH,834,50,3.6,3.6,3,3.1,N,NA,N,N,N,Resident,Yes,4,NA,4,NA,3,NA,4,NA,3,NA,3,NA,NA,NA,2.59521,0.3975,0.45084,0.84834,3.44355,2.97637,0.33147,0.0255,44.6,NA,60,NA,0,NA,1.19628,0.85959,2.00451,0.73951,0.58393,3.32795,2.95234,2.99807,0.45921,0.52083,3.9781,3.43839,2025-07-23,3,3,1,16,1,0,16,2024-02-29,3,3,2,12,1,0,12,15,NA,0,0,0,0,"100 MEDICAL CENTER DRIVE,COMMERCE,GA,30529",34.2191,-83.469,NA,2026-06-01
115715,OAKS HEALTH CTR AT THE MARSHES OF SKIDAWAY ISLAND,95 SKIDAWAY ISLAND PARK ROAD,SAVANNAH,GA,31411,9125985030,220,Chatham,Y,Non profit - Corporation,23,17.8,NA,Medicare,N,"SKIDAWAY HEALTH AND LIVING SERVICES, INC.",2006-06-28,LIFE CARE SERVICES,312,44,4.1,3.7,4.5,4.1,Y,NA,N,N,N,Resident,Yes,5,NA,4,NA,3,NA,3,NA,3,NA,5,NA,NA,NA,3.60886,1.23684,1.93787,3.1747,6.78356,5.94334,0.56907,0.12117,31.6,NA,NA,27,2,NA,1.3326,0.95755,2.23294,0.82379,0.65048,3.70721,3.28879,3.74256,1.28266,2.00966,7.03488,6.16353,2026-03-22,0,0,0,0,0,0,0,2025-01-19,5,5,5,64,1,0,64,16,0,2,8788,0,2,"95 SKIDAWAY ISLAND PARK ROAD,SAVANNAH,GA,31411",31.943,-81.055,NA,2026-06-01
115716,SPRING HARBOR AT GREEN ISLAND,200 SPRING HARBOR DRIVE,COLUMBUS,GA,31904,7065766027,780,Muscogee,Y,Non profit - Other,40,29.7,NA,Medicare,N,COLUMBUS REGIONAL SENIOR LIVING INC,2006-10-06,NA,NA,NA,NA,NA,NA,NA,Y,NA,N,N,N,Resident,Yes,4,NA,3,NA,4,NA,4,NA,4,NA,5,NA,NA,NA,3.9674,1.06205,0.9726,2.03465,6.00205,5.90103,0.85176,0.11944,73.8,NA,20,NA,0,NA,1.30901,0.9406,2.19342,0.80921,0.63896,3.64159,3.23057,4.18852,1.12124,1.02681,6.33658,6.22993,2026-01-18,4,4,0,28,1,0,28,2024-11-10,3,3,0,28,1,0,28,28,NA,0,0,0,0,"200 SPRING HARBOR DRIVE,COLUMBUS,GA,31904",32.5485,-84.995,NA,2026-06-01
115717,RELIABLE HEALTH & REHAB AT LAKEWOOD,"1980 ARROW STREET, SW",ATLANTA,GA,30310,4047554080,470,Fulton,Y,For profit - Corporation,100,91.1,NA,Medicare and Medicaid,N,"RELIABLE HEALTH & REHAB AT LAKEWOOD, LLC",2007-01-04,RELIABLE HEALTH CARE MANAGEMENT,728,7,2.9,3.3,2.6,2.9,N,NA,Y,N,N,Resident,Yes,1,NA,2,NA,4,NA,5,NA,1,NA,1,NA,NA,NA,1.91735,1.01477,0.22035,1.23512,3.15247,2.69587,0.17483,0.03739,42.3,NA,NA,27,0,NA,1.31905,0.94781,2.21024,0.81541,0.64386,3.66951,3.25534,2.00881,1.06318,0.23086,3.30285,2.82447,2025-03-14,12,4,8,64,1,0,64,2023-12-14,4,4,4,28,1,0,28,55,NA,0,0,0,0,"1980 ARROW STREET, SW,ATLANTA,GA,30310",33.7011,-84.426,NA,2026-06-01
115718,MARSH'S EDGE,111 RENEGAR WAY,SAINT SIMONS ISLAND,GA,31522,9122912000,490,Glynn,Y,For profit - Limited Liability company,20,7.3,NA,Medicare,N,"MARSH'S EDGE, LLC",2007-04-25,SENIOR LIVING COMMUNITIES,470,10,4.7,4.2,4.5,3.8,Y,NA,N,N,N,Resident,Yes,5,NA,4,NA,4,NA,NA,2,4,NA,5,NA,NA,NA,5.95831,2.65163,2.70451,5.35614,11.31445,10.63281,2.07292,0.38497,53.1,NA,57.1,NA,0,NA,1.29743,0.93227,2.17401,0.80205,0.63331,3.60936,3.20199,6.34656,2.82441,2.88074,12.0517,11.32565,2025-05-22,1,1,0,16,1,0,16,2023-01-29,1,1,0,16,1,0,16,16,NA,0,0,0,0,"111 RENEGAR WAY,SAINT SIMONS ISLAND,GA,31522",31.2249,-81.381,NA,2026-06-01
115719,PRUITTHEALTH - ROME,2 THREE MILE ROAD NE,ROME,GA,30165,7062366002,460,Floyd,Y,For profit - Limited Liability company,100,88.6,NA,Medicare and Medicaid,N,"PRUITTHEALTH - ROME, LLC",2008-05-19,PRUITTHEALTH,434,99,2.8,2.8,2.5,3.7,N,NA,N,N,N,Resident,Yes,2,NA,1,NA,5,NA,5,NA,5,NA,3,NA,NA,NA,2.48604,0.93328,0.55586,1.48915,3.97519,3.39353,0.25283,0.05054,33,NA,20,NA,0,NA,1.55116,1.11459,2.59916,0.9589,0.75716,4.31522,3.82817,2.21489,0.83149,0.49524,3.54161,3.02339,2026-02-20,5,5,2,64,1,0,64,2025-01-09,9,9,0,152,1,0,152,86,NA,2,17345,0,2,"2 THREE MILE ROAD NE,ROME,GA,30165",34.2996,-85.177,NA,2026-06-01
115720,EVERGREEN HEALTH AND REHABILITATION CENTER,"139 MORAN LAKE ROAD, NE",ROME,GA,30161,7063783383,460,Floyd,Y,For profit - Limited Liability company,100,88.3,NA,Medicare and Medicaid,N,DUKE EQUITIES LLC,2008-07-31,NA,NA,NA,NA,NA,NA,NA,N,NA,N,N,N,Resident,Yes,2,NA,3,NA,1,NA,1,NA,1,NA,2,NA,NA,NA,2.28216,0.80809,0.43863,1.24672,3.52888,2.75436,0.25588,0.13863,27.8,NA,27.3,NA,0,NA,1.52188,1.09355,2.5501,0.94079,0.74287,4.23376,3.75591,2.07237,0.7338,0.39831,3.20448,2.50115,2026-01-09,7,2,5,52,1,0,52,2024-08-18,4,3,1,16,1,0,16,43,NA,0,0,0,0,"139 MORAN LAKE ROAD, NE,ROME,GA,30161",34.2592,-85.111,NA,2026-06-01
115721,SENIOR CARE CENTER - BRUNSWICK,2611 WILDWOOD DRIVE,BRUNSWICK,GA,31520,9122658528,490,Glynn,Y,For profit - Limited Liability company,200,128.3,NA,Medicare and Medicaid,N,"SOUTHEAST GEORGIA HEALTH SYSTEM, INC",2008-11-24,NA,NA,NA,NA,NA,NA,NA,N,NA,N,N,N,Resident,Yes,1,NA,1,NA,4,NA,4,NA,4,NA,1,NA,NA,NA,2.08826,1.009,0.2935,1.3025,3.39076,2.97176,0.12437,0.04029,66.1,NA,88.9,NA,0,NA,1.45459,1.0452,2.43734,0.8992,0.71002,4.04656,3.58984,1.98402,0.95863,0.27885,3.22149,2.82341,2025-07-29,12,12,0,72,1,0,72,2024-05-31,16,13,4,346,2,173,519,183.75,NA,2,16801,1,3,"2611 WILDWOOD DRIVE,BRUNSWICK,GA,31520",31.1752,-81.483,NA,2026-06-01
115722,ANSLEY PARK HEALTH AND REHABILITATION,450 NEWNAN LAKES BLVD,NEWNAN,GA,30263,7704008000,320,Coweta,Y,Non profit - Other,66,64.9,NA,Medicare and Medicaid,N,"ANSLEY PARK HEALTH AND REHABILITATION, LLC",2013-07-10,ETHICA HEALTH,834,50,3.6,3.6,3,3.1,N,NA,N,N,N,Resident,Yes,5,NA,5,NA,2,NA,1,NA,3,NA,3,NA,NA,NA,2.49436,0.55126,0.56703,1.11829,3.61264,3.00508,0.37602,0.0751,59.7,NA,45.5,NA,0,NA,1.28243,0.92149,2.14886,0.79277,0.62598,3.56762,3.16495,2.68798,0.59405,0.61104,3.89307,3.23835,2025-08-14,0,0,0,0,0,0,0,2024-04-11,2,2,2,20,1,0,20,5,NA,0,0,0,0,"450 NEWNAN LAKES BLVD,NEWNAN,GA,30263",33.377,-84.765,NA,2026-06-01
115723,SALUDE - THE ART OF RECOVERY,601 NORTHOLT PARKWAY,SUWANEE,GA,30024,7709043222,530,Gwinnett,Y,For profit - Limited Liability company,64,60.2,NA,Medicare,N,MLH SALUDE - GWINNETT LLC,2014-08-27,NA,NA,NA,NA,NA,NA,NA,N,NA,N,N,N,Resident,Yes,5,NA,5,NA,4,NA,NA,2,4,NA,4,NA,NA,NA,2.52231,1.09822,1.08826,2.18648,4.70879,4.32244,0.84197,0.23503,55.4,NA,45,NA,0,NA,1.65874,1.19189,2.77943,1.0254,0.80967,4.6145,4.09368,2.10145,0.91498,0.90668,3.92311,3.60122,2025-09-14,0,0,0,0,0,0,0,2023-10-15,1,1,1,16,1,0,16,4,NA,0,0,0,0,"601 NORTHOLT PARKWAY,SUWANEE,GA,30024",34.0322,-84.056,NA,2026-06-01
115724,CHELSEY PARK HEALTH AND REHABILITATION,200 MOUNTAIN PARK DRIVE,DAHLONEGA,GA,30533,7064823000,701,Lumpkin,Y,Non profit - Corporation,60,58.8,NA,Medicare and Medicaid,N,"CHELSEY PARK HEALTH & REHABILITATION, LLC",2015-06-26,ETHICA HEALTH,834,50,3.6,3.6,3,3.1,N,NA,N,N,N,Resident,Yes,5,NA,5,NA,2,NA,2,NA,2,NA,3,NA,NA,NA,2.36472,0.47407,0.62592,1.09999,3.46471,3.18102,0.47871,0.01791,62.8,NA,30,NA,0,NA,1.36396,0.98008,2.28548,0.84317,0.66578,3.79443,3.36617,2.39595,0.48033,0.63419,3.51048,3.22303,2026-04-09,0,0,0,0,0,0,0,2025-03-27,0,0,0,0,0,0,0,0,NA,0,0,0,0,"200 MOUNTAIN PARK DRIVE,DAHLONEGA,GA,30533",34.5217,-83.975,NA,2026-06-01
115725,Harrington Park Health And Rehabilitation,511 PLEASANT HOME ROAD,AUGUSTA,GA,30907,7622227200,840,Richmond,Y,Non profit - Other,58,54.8,NA,Medicare and Medicaid,N,"HARRINGTON PARK HEALTH & REHABILITATION, LLC",2015-07-23,ETHICA HEALTH,834,50,3.6,3.6,3,3.1,N,NA,N,N,N,Resident,Yes,3,NA,3,NA,4,NA,5,NA,3,NA,2,NA,NA,NA,2.13763,0.67405,0.59123,1.26528,3.40291,2.92996,0.27537,0.06791,61.9,NA,58.3,NA,0,NA,1.29728,0.93216,2.17375,0.80195,0.63323,3.60893,3.2016,2.27719,0.71806,0.62983,3.62508,3.12126,2026-03-05,4,4,0,32,1,0,32,2025-02-03,3,3,0,12,1,0,12,27,NA,0,0,0,0,"511 PLEASANT HOME ROAD,AUGUSTA,GA,30907",33.5017,-82.08,NA,2026-06-01
115726,MEADOWS PARK HEALTH AND REHABILITATION,119 MEADOWS PARKWAY WEST,VIDALIA,GA,30474,9124033400,901,Toombs,N,Non profit - Other,75,73.2,NA,Medicare and Medicaid,N,"MEADOWS PARK HEALTH & REHABILITATION, LLC",2015-06-12,ETHICA HEALTH,834,50,3.6,3.6,3,3.1,N,NA,N,N,N,None,Yes,5,NA,4,NA,5,NA,4,NA,5,NA,4,NA,NA,NA,2.42021,0.82808,0.59754,1.42562,3.84583,3.11837,0.39719,0.03721,28.1,NA,23.1,NA,0,NA,1.34105,0.96362,2.2471,0.82901,0.6546,3.73071,3.30964,2.49406,0.85335,0.61577,3.96319,3.21353,2025-05-22,2,2,0,20,1,0,20,2024-01-28,0,0,0,0,0,0,0,15,NA,0,0,0,0,"119 MEADOWS PARKWAY WEST,VIDALIA,GA,30474",32.22,-82.432,NA,2026-06-01
115727,JEFFERSONVILLE CARE CENTER LLC,113 SPRING VALLEY ROAD,JEFFERSONVILLE,GA,31044,4782986700,912,Twiggs,Y,For profit - Corporation,131,95.5,NA,Medicare and Medicaid,N,Legal Business Name Not Available,2016-12-12,PEACH HEALTH GROUP,604,5,1.6,1.8,1.8,2,N,NA,Y,N,N,Both,Yes,2,NA,2,NA,4,NA,4,NA,3,NA,2,NA,NA,NA,2.8897,0.91019,0.1062,1.01639,3.90608,3.50854,0.12186,0.01521,35.2,NA,80,NA,2,NA,1.35933,0.97675,2.27772,0.84031,0.66352,3.78155,3.35474,2.93784,0.92535,0.10797,3.97116,3.567,2025-02-20,7,5,7,44,1,0,44,2023-08-24,7,7,2,40,1,0,40,43,NA,1,4119,0,1,"113 SPRING VALLEY ROAD,JEFFERSONVILLE,GA,31044",32.676,-83.324,NA,2026-06-01
115728,Archway Transitional Care Center,4373 HOUSTON AVENUE,MACON,GA,31206,4782165660,090,Bibb,Y,Non profit - Other,100,95.7,NA,Medicare and Medicaid,N,BIBB COUNTY HEALTH CARE LLC,2017-01-06,ETHICA HEALTH,834,50,3.6,3.6,3,3.1,N,NA,Y,N,N,Resident,Yes,2,NA,1,NA,5,NA,5,NA,NA,2,3,NA,NA,NA,2.55598,0.43831,0.44471,0.88302,3.43901,3.13083,0.28923,0.01806,43.8,NA,25,NA,0,NA,1.23785,0.88946,2.07417,0.76521,0.60423,3.44361,3.05495,2.85358,0.48934,0.49649,3.83941,3.49535,2024-08-25,8,2,6,165,1,0,165,2023-02-26,2,2,0,32,1,0,32,131.75,0,0,0,0,0,"4373 HOUSTON AVENUE,MACON,GA,31206",32.7856,-83.659,NA,2026-06-01
115729,ROCKMART HEALTH,528 HUNTER STREET,ROCKMART,GA,30153,7706845950,830,Polk,N,For profit - Limited Liability company,73,53.1,NA,Medicare and Medicaid,N,"ROCKMART HEALTH, LLC",2016-12-28,CROSSROADS MEDICAL MANAGEMENT,172,6,3,3.3,3.3,2.7,N,NA,N,N,N,Resident,Yes,5,NA,5,NA,4,NA,5,NA,1,NA,3,NA,NA,NA,2.32436,0.95149,0.39838,1.34987,3.67423,3.2663,0.21829,0.08538,24.4,NA,40,NA,0,NA,1.26036,0.90563,2.11188,0.77913,0.61521,3.50622,3.11049,2.54864,1.04331,0.43682,4.02877,3.58148,2025-12-21,0,0,0,0,0,0,0,2024-11-07,0,0,0,0,0,0,0,0,NA,0,0,0,0,"528 HUNTER STREET,ROCKMART,GA,30153",34.0069,-85.043,NA,2026-06-01
115730,"Rosewood at Tybee Island of Journey LLC, The",7 ROSEWOOD AVENUE,TYBEE ISLAND,GA,31328,9127864511,220,Chatham,Y,For profit - Limited Liability company,85,80.8,NA,Medicare and Medicaid,N,Legal Business Name Not Available,2017-02-07,PEACH HEALTH GROUP,604,5,1.6,1.8,1.8,2,N,SFF Candidate,Y,N,N,Resident,Yes,1,NA,1,NA,1,NA,2,NA,1,NA,1,NA,NA,NA,0.97122,0.73666,0.22877,0.96543,1.93665,1.72114,0.15677,0.03024,75,NA,77.8,NA,1,NA,1.84871,1.3284,3.09775,1.14284,0.9024,5.14299,4.56252,0.72602,0.55068,0.17101,1.44771,1.28661,2025-03-14,14,4,12,772,1,0,772,2023-12-07,11,5,11,56,1,0,56,593,NA,0,0,1,1,"7 ROSEWOOD AVENUE,TYBEE ISLAND,GA,31328",32.0167,-80.844,NA,2026-06-01
115732,BOSTICK NURSING CENTER,1700 BOSTICK CIRCLE,MILLEDGEVILLE,GA,31061,4784149600,030,Baldwin,N,For profit - Individual,280,241.5,NA,Medicare and Medicaid,N,"CORRECTLIFE BOSTICK, LLC",2017-05-31,NA,NA,NA,NA,NA,NA,NA,N,NA,N,Y,N,Resident,Yes,1,NA,3,NA,1,NA,1,NA,1,NA,1,24,6,6,NA,NA,NA,NA,NA,NA,NA,NA,NA,26,NA,26,NA,26,NA,NA,NA,NA,NA,NA,NA,NA,NA,NA,NA,NA,2024-05-30,3,1,2,36,1,0,36,2022-11-03,7,6,1,28,1,0,28,34,NA,0,0,0,0,"1700 BOSTICK CIRCLE,MILLEDGEVILLE,GA,31061",33.0407,-83.219,NA,2026-06-01
115733,Abbeville Crossing of Journey LLC,206 MAIN STREET EAST,ABBEVILLE,GA,31001,2296354085,971,Wilcox,N,For profit - Corporation,101,58.2,NA,Medicare and Medicaid,N,GLOBAL ABBEVILLE LLC,2018-10-17,SELECTIS HEALTH,858,6,2.4,2.4,2.2,3.4,N,NA,N,Y,N,Resident,Yes,2,NA,1,NA,5,NA,5,NA,NA,2,1,NA,NA,NA,1.90506,1.18394,0.43854,1.62248,3.52754,3.08163,0.2784,0.01376,38.2,NA,NA,27,2,NA,1.49434,1.07376,2.50395,0.92377,0.72942,4.15713,3.68793,1.76181,1.09492,0.40557,3.2623,2.84992,2023-01-26,4,3,1,32,1,0,32,2021-08-20,16,9,7,313,2,157,470,141.5,NA,1,87910,0,1,"206 MAIN STREET EAST,ABBEVILLE,GA,31001",31.9924,-83.305,NA,2026-06-01
115771,CAMBRIDGE POST ACUTE CARE CENTER,2020 MCGEE ROAD,SNELLVILLE,GA,30078,7709787250,530,Gwinnett,Y,For profit - Partnership,144,137.6,NA,Medicare and Medicaid,N,ENGLAND ASSOCIATES LP,1992-06-23,WELLINGTON HEALTH CARE SERVICES,559,14,1.8,2,1.8,2.2,N,NA,N,N,N,Resident,Yes,1,NA,2,NA,1,NA,2,NA,1,NA,2,NA,NA,NA,2.25205,0.85264,0.43397,1.28661,3.53866,3.02084,0.26945,0.08941,29.2,NA,33.3,NA,0,NA,1.54442,1.10975,2.58787,0.95473,0.75387,4.29647,3.81154,2.01517,0.76295,0.38832,3.16645,2.7031,2025-02-10,9,5,9,40,1,0,40,2022-12-08,16,3,13,132,1,0,132,63,13,5,24162,0,5,"2020 MCGEE ROAD,SNELLVILLE,GA,30078",33.8583,-84.038,NA,2026-06-01
115772,MESUN HEALTH AND REHABILITATION CENTER,"88 JOHNSON ROAD, BUILDING #2",LAWRENCEVILLE,GA,30046,4043671907,530,Gwinnett,Y,For profit - Individual,100,65.6,NA,Medicare and Medicaid,N,MESUN HEALTH SERVICES INC,2021-01-06,NA,NA,NA,NA,NA,NA,NA,N,NA,N,N,N,Resident,Yes,2,NA,2,NA,2,NA,3,NA,2,NA,3,NA,NA,NA,2.2308,0.76936,0.58945,1.35881,3.58961,3.39367,0.5329,0.05365,45.7,NA,46.7,NA,1,NA,1.38979,0.99864,2.32876,0.85914,0.67839,3.86629,3.42992,2.21825,0.76503,0.58613,3.56942,3.37458,2025-11-21,9,9,2,36,2,18,54,2024-07-18,7,5,7,56,2,28,84,61.5,NA,1,4017,1,2,"88 JOHNSON ROAD, BUILDING #2,LAWRENCEVILLE,GA,30046",33.9407,-83.961,22,2026-06-01
115773,"TERRACES AT PEACHTREE HILLS PLACE, THE","229 PEACHTREE HILLS AVENUE, NE",ATLANTA,GA,30305,6786195600,470,Fulton,Y,For profit - Limited Liability company,25,30,NA,Medicare,N,PT HILLS PLACE TERRACES LLC,2021-02-25,NA,NA,NA,NA,NA,NA,NA,Y,NA,N,N,N,Resident,Yes,4,NA,4,NA,2,NA,2,NA,3,NA,4,NA,NA,NA,2.50779,1.05127,0.81214,1.86341,4.3712,4.22404,0.53846,0,21.4,NA,22.2,NA,1,NA,1.44357,1.03728,2.41888,0.89239,0.70464,4.01591,3.56265,2.40078,1.00641,0.77748,4.18468,4.0438,2025-04-24,4,4,0,32,1,0,32,2023-12-03,1,1,0,4,1,0,4,25,NA,0,0,0,0,"229 PEACHTREE HILLS AVENUE, NE,ATLANTA,GA,30305",33.8179,-84.38,NA,2026-06-01
115774,MAGNOLIA PLACE NURSING AND REHABILITATION,500 EAGLE LAKE TRAIL,ROME,GA,30165,7067283600,460,Floyd,Y,Non profit - Corporation,34,27.6,NA,Medicare and Medicaid,N,"LAVENDER MOUNTAIN SENIOR LIVING, INC.",2021-05-20,NA,NA,NA,NA,NA,NA,NA,Y,NA,N,N,N,Resident,Yes,5,NA,5,NA,4,NA,4,NA,4,NA,5,NA,NA,NA,3.33021,1.33034,1.61233,2.94267,6.27287,5.46404,1.13069,0.09055,48.8,NA,50,NA,0,NA,1.34337,0.96528,2.25098,0.83044,0.65573,3.73715,3.31535,3.42591,1.36857,1.65866,6.45315,5.62107,2026-01-11,0,0,0,0,0,0,0,2024-09-15,0,0,0,0,0,0,0,0,NA,0,0,0,0,"500 EAGLE LAKE TRAIL,ROME,GA,30165",34.2873,-85.199,NA,2026-06-01
115775,PRESBYTERIAN VILLAGE - ATHENS,1400 LIVE OAK LN BLDG 100,ATHENS,GA,30606,7067397690,800,Oconee,Y,Non profit - Corporation,40,33.9,NA,Medicare,N,"WESTMINSTER PRESBYTERIAN HOMES, INC",2021-09-15,NA,NA,NA,NA,NA,NA,NA,Y,NA,N,N,N,Both,Yes,3,NA,2,NA,5,NA,5,NA,5,NA,3,NA,NA,NA,2.68592,1.54038,0.59639,2.13678,4.8227,4.33534,0.44119,0.14538,NA,26,NA,26,NA,26,1.27159,0.91371,2.13071,0.78607,0.6207,3.53748,3.13822,2.91907,1.6741,0.64816,5.24133,4.71167,2025-11-18,0,0,0,0,0,0,0,2024-07-22,15,7,15,128,2,64,192,48,NA,3,18545,1,4,"1400 LIVE OAK LN BLDG 100,ATHENS,GA,30606",33.949,-83.423,22,2026-06-01
115776,ARCHBOLD LIVING CAIRO,1057 5TH STREET SE,CAIRO,GA,39828,2293770274,510,Grady,N,Government - County,75,77.2,NA,Medicare and Medicaid,Y,GRADY GENERAL HOSPITAL,2023-12-21,NA,NA,NA,NA,NA,NA,NA,N,NA,N,N,N,Resident,Yes,2,NA,3,NA,1,NA,1,NA,1,NA,3,NA,NA,NA,1.64528,0.8831,0.665,1.5481,3.19338,2.83934,0.41185,0,58.6,NA,46.2,NA,NA,26,1.16871,0.83978,1.95833,0.72248,0.57048,3.25128,2.88432,1.9455,1.04424,0.78635,3.77609,3.35744,2025-08-07,9,9,0,56,1,0,56,2023-12-21,0,0,0,0,0,0,0,42,NA,0,0,0,0,"1057 5TH STREET SE,CAIRO,GA,39828",30.8645,-84.201,NA,2026-06-01
115777,PRUITTHEALTH - CREEKSIDE,2021 SCOTT ROAD,AUGUSTA,GA,30906,7062478310,840,Richmond,Y,For profit - Corporation,193,68.9,NA,Medicare and Medicaid,N,PRUITTHEALTH - CREEKSIDE LLC,2024-04-12,PRUITTHEALTH,434,99,2.8,2.8,2.5,3.7,N,NA,N,N,N,Resident,Yes,2,NA,3,NA,2,NA,4,NA,1,NA,1,NA,NA,NA,2.30258,1.07979,0.56867,1.64847,3.95104,3.39778,0.43798,0.03711,NA,26,NA,26,NA,26,1.5091,1.08437,2.52868,0.93289,0.73663,4.1982,3.72437,2.10861,0.98883,0.52077,3.61821,3.11156,2025-05-04,3,3,3,36,1,0,36,2024-03-21,0,0,0,0,0,0,0,27,NA,0,0,0,0,"2021 SCOTT ROAD,AUGUSTA,GA,30906",33.4311,-82.013,NA,2026-06-01
11A186,Georgia Regional Atlanta LTC,"3073 PANTHERSVILLE RD, SNF BLDG. #17",DECATUR,GA,30034,4042432110,370,De Kalb,Y,Government - State,66,22.5,NA,Medicaid,Y,Legal Business Name Not Available,1974-03-31,NA,NA,NA,NA,NA,NA,NA,N,NA,N,N,N,None,Yes,2,NA,2,NA,5,NA,5,NA,NA,2,1,23,23,23,NA,NA,NA,NA,NA,NA,NA,NA,NA,26,NA,26,NA,26,NA,NA,NA,NA,NA,NA,NA,NA,NA,NA,NA,NA,2025-09-18,3,2,1,28,1,0,28,2024-03-17,7,7,0,88,1,0,88,43,NA,0,0,0,0,"3073 PANTHERSVILLE RD, SNF BLDG. #17,DECATUR,GA,30034",33.6892,-84.247,22,2026-06-01
11A200,GRACEWOOD NSG FACILITY(UNIT 9),"100 MYRTLE BLVD., EAST CENTRAL REG HOSP",GRACEWOOD,GA,30812,7067902012,840,Richmond,Y,Government - State,56,16.4,NA,Medicaid,N,Legal Business Name Not Available,1977-10-01,NA,NA,NA,NA,NA,NA,NA,N,NA,N,N,N,Both,Yes,5,NA,5,NA,5,NA,5,NA,NA,2,4,NA,NA,NA,4.70017,1.48189,1.54269,3.02458,7.72475,6.4315,0.82904,0,NA,26,NA,26,NA,26,1.69993,1.22149,2.84845,1.05086,0.82978,4.72909,4.19534,3.82103,1.20472,1.25414,6.27989,5.22853,2025-03-20,0,0,0,0,0,0,0,2023-10-26,0,0,0,0,0,0,0,0,NA,0,0,0,0,"100 MYRTLE BLVD., EAST CENTRAL REG HOSP,GRACEWOOD,GA,30812",33.3739,-82.026,22,2026-06-01
