cms_certification_number_ccn,provider_name,provider_address,city_town,state,zip_code,telephone_number,provider_ssa_county_code,county_parish,urban,ownership_type,number_of_certified_beds,average_number_of_residents_per_day,average_number_of_residents_per_day_footnote,provider_type,provider_resides_in_hospital,legal_business_name,date_first_approved_to_provide_medicare_and_medicaid_services,chain_name,chain_id,number_of_facilities_in_chain,chain_average_overall_5_star_rating,chain_average_health_inspection_rating,chain_average_staffing_rating,chain_average_qm_rating,continuing_care_retirement_community,special_focus_status,abuse_icon,most_recent_health_inspection_more_than_2_years_ago,provider_changed_ownership_in_last_12_months,with_a_resident_and_family_council,automatic_sprinkler_systems_in_all_required_areas,overall_rating,overall_rating_footnote,health_inspection_rating,health_inspection_rating_footnote,qm_rating,qm_rating_footnote,long_stay_qm_rating,long_stay_qm_rating_footnote,short_stay_qm_rating,short_stay_qm_rating_footnote,staffing_rating,staffing_rating_footnote,reported_staffing_footnote,physical_therapist_staffing_footnote,reported_nurse_aide_staffing_hours_per_resident_per_day,reported_lpn_staffing_hours_per_resident_per_day,reported_rn_staffing_hours_per_resident_per_day,reported_licensed_staffing_hours_per_resident_per_day,reported_total_nurse_staffing_hours_per_resident_per_day,total_number_of_nurse_staff_hours_per_resident_per_day_on_the_weekend,registered_nurse_hours_per_resident_per_day_on_the_weekend,reported_physical_therapist_staffing_hours_per_resident_per_day,total_nursing_staff_turnover,total_nursing_staff_turnover_footnote,registered_nurse_turnover,registered_nurse_turnover_footnote,number_of_administrators_who_have_left_the_nursing_home,administrator_turnover_footnote,nursing_case_mix_index,nursing_case_mix_index_ratio,case_mix_nurse_aide_staffing_hours_per_resident_per_day,case_mix_lpn_staffing_hours_per_resident_per_day,case_mix_rn_staffing_hours_per_resident_per_day,case_mix_total_nurse_staffing_hours_per_resident_per_day,case_mix_weekend_total_nurse_staffing_hours_per_resident_per_day,adjusted_nurse_aide_staffing_hours_per_resident_per_day,adjusted_lpn_staffing_hours_per_resident_per_day,adjusted_rn_staffing_hours_per_resident_per_day,adjusted_total_nurse_staffing_hours_per_resident_per_day,adjusted_weekend_total_nurse_staffing_hours_per_resident_per_day,rating_cycle_1_standard_survey_health_date,rating_cycle_1_total_number_of_health_deficiencies,rating_cycle_1_number_of_standard_health_deficiencies,rating_cycle_1_number_of_complaint_health_deficiencies,rating_cycle_1_health_deficiency_score,rating_cycle_1_number_of_health_revisits,rating_cycle_1_health_revisit_score,rating_cycle_1_total_health_score,rating_cycle_2_standard_health_survey_date,rating_cycle_2_3_total_number_of_health_deficiencies,rating_cycle_2_number_of_standard_health_deficiencies,rating_cycle_2_3_number_of_complaint_health_deficiencies,rating_cycle_2_3_health_deficiency_score,rating_cycle_2_3_number_of_health_revisits,rating_cycle_2_3_health_revisit_score,rating_cycle_2_3_total_health_score,total_weighted_health_survey_score,number_of_citations_from_infection_control_inspections,number_of_fines,total_amount_of_fines_in_dollars,number_of_payment_denials,total_number_of_penalties,location,latitude,longitude,geocoding_footnote,processing_date
145000,WASHINGTON SENIOR LIVING,1201 NEWCASTLE,WASHINGTON,IL,61571,3094443161,980,Tazewell,Y,For profit - Limited Liability company,122,60.8,NA,Medicare and Medicaid,N,WASHINGTON SENIOR LIVING LLC,1967-01-01,NA,NA,NA,NA,NA,NA,NA,N,NA,Y,N,N,Resident,Yes,1,NA,2,NA,4,NA,5,NA,3,NA,1,NA,NA,NA,2.17732,0.97688,0.59598,1.57286,3.75018,3.09647,0.39139,0.03444,65.8,NA,28.6,NA,0,NA,1.92137,1.38061,3.2195,1.18775,0.93787,5.34511,4.74183,1.56607,0.70263,0.42867,2.69737,2.22718,2024-12-20,15,8,7,124,1,0,124,2024-01-25,34,4,30,374,1,0,374,186.5,NA,1,230097,0,1,"1201 NEWCASTLE,WASHINGTON,IL,61571",40.7092,-89.423,NA,2026-06-01
145004,CRESCENT CARE OF ELGIN,180 SOUTH STATE STREET,ELGIN,IL,60123,8477423310,530,Kane,Y,For profit - Limited Liability company,88,69.5,NA,Medicare and Medicaid,N,CRESCENT CARE NURSING AND REHABILITATION OF ELGIN LLC,1967-01-01,NA,NA,NA,NA,NA,NA,NA,N,NA,N,N,N,Resident,Yes,4,NA,4,NA,4,NA,5,NA,2,NA,3,NA,NA,NA,2.12048,0.7687,0.7739,1.5426,3.66308,3.06018,0.57761,0,36.8,NA,27.3,NA,0,NA,1.62431,1.16715,2.72173,1.00411,0.79286,4.51871,4.0087,1.80412,0.65401,0.65844,3.11658,2.60363,2025-12-04,5,5,0,36,1,0,36,2024-09-12,13,5,8,128,1,0,128,59,NA,6,44709,1,7,"180 SOUTH STATE STREET,ELGIN,IL,60123",42.0322,-88.284,NA,2026-06-01
145006,"GROVE OF FOX VALLEY,THE",1601 NORTH FARNSWORTH AVENUE,AURORA,IL,60505,6308981180,530,Kane,Y,For profit - Individual,158,126.9,NA,Medicare and Medicaid,N,AURORA PAC LLC,1973-06-01,LEGACY HEALTHCARE,306,89,2.9,2.9,2.6,3.4,N,NA,N,N,N,Resident,Yes,4,NA,4,NA,3,NA,3,NA,2,NA,2,NA,NA,NA,1.82395,0.62863,0.90316,1.53179,3.35574,3.21552,0.83955,0.03685,39.8,NA,16.7,NA,0,NA,1.93667,1.3916,3.24513,1.19721,0.94534,5.38768,4.77959,1.30154,0.44858,0.64448,2.3946,2.29453,2026-03-27,7,4,3,48,1,0,48,2025-01-09,9,6,3,56,1,0,56,50,NA,0,0,0,0,"1601 NORTH FARNSWORTH AVENUE,AURORA,IL,60505",41.7893,-88.282,NA,2026-06-01
145008,DUQUOIN NURSING & REHAB,514 EAST JACKSON ST,DU QUOIN,IL,62832,6185424731,810,Perry,N,For profit - Limited Liability company,72,51.4,NA,Medicare and Medicaid,N,DUQUOIN NURSING & REHABILITATION CENTER LLC,1967-01-01,WLC MANAGEMENT FIRM,570,18,2.7,3.8,1.4,1.4,N,NA,N,N,N,Resident,Yes,3,NA,4,NA,1,NA,1,NA,1,NA,2,NA,NA,NA,1.99366,0.71968,0.48534,1.20502,3.19868,2.99286,0.40845,0.01587,63.8,NA,57.1,NA,NA,26,1.23138,0.88481,2.06334,0.76122,0.60107,3.42562,3.03899,2.23747,0.80769,0.54469,3.58985,3.35887,2025-08-14,5,2,3,16,1,0,16,2024-08-30,12,5,7,155,1,0,155,50.75,NA,2,17069,0,2,"514 EAST JACKSON ST,DU QUOIN,IL,62832",38.0021,-89.233,NA,2026-06-01
145011,Alpine Care of Evanston,500 ASBURY STREET,EVANSTON,IL,60202,8473163320,141,Cook,Y,For profit - Limited Liability company,124,91.6,NA,Medicare and Medicaid,N,EVANSTON SKILLED NURSING FACILITY LLC,1967-01-01,NA,NA,NA,NA,NA,NA,NA,N,NA,N,N,N,Both,Yes,3,NA,3,NA,3,NA,4,NA,1,NA,3,NA,NA,NA,2.07497,0.64373,0.79494,1.43868,3.51365,3.36229,0.86397,0.05244,20.5,NA,10.5,NA,0,NA,1.65852,1.19174,2.77906,1.02527,0.80957,4.6139,4.09314,1.72898,0.53639,0.66239,2.92776,2.80164,2025-12-05,13,8,5,56,1,0,56,2025-02-05,6,2,4,131,1,0,131,74.75,NA,1,40258,0,1,"500 ASBURY STREET,EVANSTON,IL,60202",42.0267,-87.69,NA,2026-06-01
145012,ALLURE OF KNOX COUNTY,280 EAST LOSEY STREET,GALESBURG,IL,61401,3093432166,560,Knox,N,For profit - Limited Liability company,84,55.3,NA,Medicare and Medicaid,N,ALLURE OF KNOX COUNTY LLC,1967-01-01,ALLURE HEALTHCARE SERVICES,25,15,2.5,2.9,1.7,2.5,N,NA,N,N,N,Resident,Yes,1,NA,1,NA,1,NA,1,NA,1,NA,1,NA,NA,NA,2.65705,0.81228,0.72125,1.53353,4.19058,4.01039,0.62314,0.01646,66.7,NA,86.7,NA,2,NA,1.69673,1.21919,2.84308,1.04888,0.82821,4.72018,4.18743,2.16415,0.6616,0.58745,3.4132,3.26643,2024-12-12,15,10,5,207,1,0,207,2024-02-16,19,9,14,269,1,0,269,222.5,1,3,88229,0,3,"280 EAST LOSEY STREET,GALESBURG,IL,61401",40.9548,-90.366,NA,2026-06-01
145016,GOLDWATER CARE BLOOMINGTON,700 EAST WALNUT,BLOOMINGTON,IL,61701,3098278004,650,Mc Lean,Y,For profit - Limited Liability company,88,75.9,NA,Medicare and Medicaid,N,GOLDWATER CARE BLOOMINGTON LLC,1967-01-01,GOLDWATER CARE,699,11,1.6,2,1.2,2.6,N,SFF Candidate,N,N,N,Resident,Yes,1,NA,1,NA,3,NA,5,NA,1,NA,1,NA,NA,NA,1.99133,0.53571,0.64136,1.17706,3.1684,2.86221,0.43952,0.04624,62.7,NA,33.3,NA,0,NA,1.73291,1.24519,2.90371,1.07125,0.84588,4.82084,4.27673,1.58806,0.42722,0.51147,2.52675,2.28257,2025-02-26,20,13,7,243,2,122,365,2024-02-02,53,16,46,479,2,240,719,453.5,NA,3,234633,3,6,"700 EAST WALNUT,BLOOMINGTON,IL,61701",40.4869,-88.985,NA,2026-06-01
145021,MACOMB POST ACUTE CARE CENTER,8 DOCTORS LANE,MACOMB,IL,61455,3098335555,630,Mc Donough,N,For profit - Limited Liability company,80,54.8,NA,Medicare and Medicaid,N,MACOMB POST ACUTE CARE CENTER LLC,1967-01-01,STERN CONSULTANTS,661,23,2.5,2.4,2.2,3.9,N,NA,N,N,N,Resident,Yes,4,NA,4,NA,4,NA,5,NA,2,NA,3,NA,NA,NA,2.50906,0.41789,0.75525,1.17314,3.6822,2.64205,0.39944,0.02733,39.3,NA,12.5,NA,0,NA,1.66942,1.19956,2.79732,1.032,0.81488,4.6442,4.12003,2.07704,0.34594,0.62521,3.04819,2.18714,2025-04-17,4,4,0,52,1,0,52,2024-02-23,16,6,10,112,1,0,112,67,0,0,0,0,0,"8 DOCTORS LANE,MACOMB,IL,61455",40.4479,-90.662,NA,2026-06-01
145024,ALLURE OF PINECREST,414 SOUTH WESLEY AVENUE,MOUNT MORRIS,IL,61054,8157344103,790,Ogle,N,For profit - Limited Liability company,125,88.6,NA,Medicare and Medicaid,N,"ALLURE OF PINECREST, LLC",1967-01-01,ALLURE HEALTHCARE SERVICES,25,15,2.5,2.9,1.7,2.5,N,NA,N,N,N,Resident,Yes,1,NA,2,NA,1,NA,2,NA,1,NA,2,NA,NA,NA,2.26105,0.79987,0.53899,1.33886,3.59991,3.24066,0.48053,0.02058,48.4,NA,40,NA,0,NA,1.54754,1.11199,2.5931,0.95666,0.75539,4.30516,3.81925,2.01914,0.71429,0.48132,3.21476,2.89395,2025-04-30,19,9,10,112,1,0,112,2024-05-13,13,7,6,175,1,0,175,127.75,NA,3,122303,0,3,"414 SOUTH WESLEY AVENUE,MOUNT MORRIS,IL,61054",42.0449,-89.433,NA,2026-06-01
145026,WESTMINSTER PLACE,3200 GRANT STREET,EVANSTON,IL,60201,8474924800,141,Cook,Y,Non profit - Corporation,105,59.9,NA,Medicare and Medicaid,N,WESTMINSTER PLACE,1967-02-03,NA,NA,NA,NA,NA,NA,NA,Y,NA,N,N,N,Resident,Yes,5,NA,5,NA,5,NA,5,NA,4,NA,5,NA,NA,NA,3.40544,0.23545,2.2091,2.44455,5.84999,5.52073,1.84585,0.18184,29,NA,27.3,NA,2,NA,1.37251,0.98622,2.29981,0.84846,0.66995,3.81822,3.38727,3.42893,0.23707,2.22434,5.89034,5.5588,2024-10-18,4,4,0,20,1,0,20,2023-11-03,2,2,0,8,1,0,8,17,NA,0,0,0,0,"3200 GRANT STREET,EVANSTON,IL,60201",42.0589,-87.725,NA,2026-06-01
145027,Allure Of The Quad Cities,833 SIXTEENTH AVENUE,MOLINE,IL,61265,3097646744,890,Rock Island,Y,For profit - Limited Liability company,149,117.6,NA,Medicare and Medicaid,N,ALLURE OF THE QUAD CITIES LLC,1967-01-01,ALLURE HEALTHCARE SERVICES,25,15,2.5,2.9,1.7,2.5,N,NA,Y,N,N,Resident,Yes,1,NA,1,NA,2,NA,2,NA,2,NA,1,NA,NA,NA,2.20079,0.76333,0.52611,1.28944,3.49023,3.14394,0.42954,0.03949,58.5,NA,60,NA,2,NA,1.57223,1.12973,2.63446,0.97192,0.76744,4.37382,3.88016,1.93447,0.67096,0.46245000000000003,3.06788,2.7635,2024-11-15,23,6,17,289,1,0,289,2023-12-08,24,13,11,224,1,0,224,272.75,NA,3,49450,1,4,"833 SIXTEENTH AVENUE,MOLINE,IL,61265",41.4969,-90.526,NA,2026-06-01
145029,Avantara Joliet,210 NORTH SPRINGFIELD AVENUE,JOLIET,IL,60435,8157253400,989,Will,Y,Non profit - Corporation,154,113.1,NA,Medicare and Medicaid,N,"PRIME HEALTHCARE SENIOR LIVING, LLC",1967-01-01,PRIME HEALTHCARE,420,6,3.3,3,3.2,3.6,N,NA,N,N,N,Resident,Yes,2,NA,2,NA,2,NA,2,NA,3,NA,2,NA,NA,NA,2.15636,0.72472,0.88658,1.6113,3.76765,3.67644,0.87406,0.03368,67.5,NA,56.3,NA,NA,26,1.6331,1.17347,2.73647,1.00955,0.79716,4.54318,4.0304,1.82476,0.61327,0.75025,3.18828,3.11109,2024-08-29,14,9,5,108,1,0,108,2023-10-06,23,9,14,192,1,0,192,129,NA,3,33535,0,3,"210 NORTH SPRINGFIELD AVENUE,JOLIET,IL,60435",41.525,-88.138,NA,2026-06-01
145031,LOFT REHAB & NURSING OF NORMAL,510 BROADWAY,NORMAL,IL,61761,3094524406,650,Mc Lean,Y,For profit - Limited Liability company,116,89.2,NA,Medicare and Medicaid,N,LOFT REHABILITATION AND NURSING OF NORMAL LLC,1967-01-01,THE LOFT REHABILITATION AND NURSING,322,7,1.9,2,1.1,3,N,NA,N,N,N,Resident,Yes,1,NA,1,NA,4,NA,4,NA,5,NA,1,NA,NA,NA,2.10552,0.55606,0.6529,1.20896,3.31447,3.00724,0.47847,0.04025,55.7,NA,64.7,NA,1,NA,1.5862,1.13977,2.65787,0.98056,0.77426,4.41269,3.91465,1.83443,0.48447,0.56884,2.88773,2.62005,2024-10-09,31,8,23,308,1,0,308,2023-09-27,34,25,9,563,1,0,563,371.75,NA,4,354725,2,6,"510 BROADWAY,NORMAL,IL,61761",40.5066,-88.986,NA,2026-06-01
145039,ACCOLADE HEALTHCARE OF PEORIA,5600 GLEN ELM DRIVE,PEORIA,IL,61614,3096938777,800,Peoria,Y,For profit - Limited Liability company,138,124.6,NA,Medicare and Medicaid,N,"ACCOLADE HEALTHCARE OF PEORIA, LLC",1967-01-01,ACCOLADE HEALTHCARE,7,7,2.7,3,1.6,3.4,N,NA,N,N,N,Both,Yes,2,NA,3,NA,3,NA,4,NA,1,NA,1,NA,NA,NA,2.0761,0.84425,0.59615,1.44039,3.5165,3.19558,0.41671,0.0319,42.7,NA,35,NA,0,NA,1.88955,1.35774,3.16618,1.16808,0.92234,5.2566,4.66331,1.51841,0.61746,0.43601,2.57188,2.33717,2024-09-06,8,7,1,64,1,0,64,2023-10-13,21,11,10,100,1,0,100,73,NA,0,0,0,0,"5600 GLEN ELM DRIVE,PEORIA,IL,61614",40.7537,-89.59,NA,2026-06-01
145043,CITADEL CARE CENTER-KANKAKEE,900 WEST RIVER PLACE,KANKAKEE,IL,60901,8159331711,540,Kankakee,Y,For profit - Limited Liability company,107,88.2,NA,Medicare and Medicaid,N,CITADEL CARE CENTER-KANKAKEE LLC,1967-01-01,CITADEL HEALTHCARE,147,13,3.6,3.7,1.9,3.3,N,NA,N,N,N,Resident,Yes,4,NA,4,NA,2,NA,3,NA,1,NA,2,NA,NA,NA,2.24103,0.7071,0.45363,1.16073,3.40176,2.99949,0.32348,0.0143,34.1,NA,22.2,NA,0,NA,1.87799,1.34943,3.1468,1.16093,0.91669,5.22443,4.63477,1.64913,0.52034,0.33382,2.50329,2.2072600000000002,2024-11-22,9,9,0,60,1,0,60,2024-01-12,9,8,1,72,1,0,72,63,NA,0,0,0,0,"900 WEST RIVER PLACE,KANKAKEE,IL,60901",41.1256,-87.877,NA,2026-06-01
145044,ALLURE OF PERU,1301    21ST STREET,PERU,IL,61354,8152234901,580,La Salle,N,For profit - Individual,127,74.4,NA,Medicare and Medicaid,N,ALLURE OF PERU LLC,1967-01-01,ALLURE HEALTHCARE SERVICES,25,15,2.5,2.9,1.7,2.5,N,NA,N,N,N,Resident,Yes,3,NA,4,NA,1,NA,2,NA,1,NA,3,NA,NA,NA,2.83821,0.43885,0.91239,1.35124,4.18945,3.74892,0.68065,0.04807,36,NA,26.1,NA,0,NA,1.7035,1.22405,2.85443,1.05307,0.83152,4.73902,4.20414,2.30252,0.35602,0.74018,3.39872,3.04133,2025-04-25,12,8,4,60,1,0,60,2024-05-16,10,8,2,68,1,0,68,62,0,1,10059,0,1,"1301    21ST STREET,PERU,IL,61354",41.3402,-89.122,NA,2026-06-01
145045,"PEARL OF NAPERVILLE, THE",200 MARTIN AVENUE,NAPERVILLE,IL,60540,6303554111,250,Du Page,Y,For profit - Limited Liability company,115,91.3,NA,Medicare and Medicaid,N,PEARL OF NAPERVILLE LLC,1967-01-01,PEARL HEALTHCARE,595,15,2.6,2.7,2.1,3.6,N,NA,N,N,N,None,Yes,3,NA,3,NA,3,NA,4,NA,1,NA,2,NA,NA,NA,1.63531,0.77722,0.82119,1.59841,3.23372,2.77512,0.64218,0.05934,47.9,NA,40,NA,0,NA,1.7678,1.27026,2.96218,1.09282,0.86291,4.9179,4.36284,1.2784,0.60759,0.64197,2.52795,2.16944,2024-09-19,9,8,1,84,1,0,84,2023-11-30,27,6,21,184,1,0,184,109,NA,0,0,0,0,"200 MARTIN AVENUE,NAPERVILLE,IL,60540",41.763,-88.152,NA,2026-06-01
145050,DUPAGE CARE CENTER,400 N COUNTY FARM RD,WHEATON,IL,60187,6306656400,250,Du Page,Y,Government - County,366,213.9,NA,Medicare and Medicaid,N,DUPAGE COUNTY,1967-01-01,NA,NA,NA,NA,NA,NA,NA,N,NA,N,N,N,Both,Yes,5,NA,4,NA,5,NA,5,NA,5,NA,4,NA,NA,NA,2.48303,0.38557,1.0805,1.46607,3.9491,3.36593,0.80358,0.06495,16.4,NA,16,NA,0,NA,1.45787,1.04755,2.44284,0.90122,0.71162,4.05568,3.59793,2.35377,0.3655,1.02425,3.74352,3.19071,2025-09-11,7,7,0,36,1,0,36,2024-08-23,12,10,2,84,1,0,84,48,NA,0,0,0,0,"400 N COUNTY FARM RD,WHEATON,IL,60187",41.8613,-88.143,NA,2026-06-01
145058,ARC AT CHILLICOTHE,1028 HILLCREST DRIVE,CHILLICOTHE,IL,61523,3092742194,800,Peoria,Y,For profit - Limited Liability company,106,83.7,NA,Medicare and Medicaid,N,ARC AT CHILLICOTHE LLC,1967-01-01,ARCADIA CARE,42,22,1.5,1.8,1.3,3.1,N,NA,N,N,N,Resident,Yes,4,NA,4,NA,5,NA,5,NA,5,NA,1,NA,NA,NA,1.89116,0.61809,0.44968,1.06777,2.95893,2.77039,0.38738,0.03882,36.5,NA,36.4,NA,0,NA,1.71689,1.23367,2.87686,1.06135,0.83805,4.77626,4.23718,1.52225,0.49752,0.36196,2.38173,2.22997,2025-01-31,5,3,2,28,1,0,28,2024-02-07,14,9,5,80,1,0,80,41,NA,0,0,0,0,"1028 HILLCREST DRIVE,CHILLICOTHE,IL,61523",40.9043,-89.497,NA,2026-06-01
145062,ARC AT STREATOR,1525 EAST MAIN STREET,STREATOR,IL,61364,8156724516,580,La Salle,N,For profit - Limited Liability company,130,102.2,NA,Medicare and Medicaid,N,ARC AT STREATOR LLC,1967-01-01,ARCADIA CARE,42,22,1.5,1.8,1.3,3.1,N,NA,N,N,N,Resident,Yes,3,NA,3,NA,4,NA,4,NA,3,NA,2,NA,NA,NA,1.68677,0.48418,0.56584,1.05002,2.73679,2.58116,0.48067,0.04993,24.7,NA,33.3,NA,0,NA,1.68901,1.21364,2.83015,1.04411,0.82445,4.69871,4.16839,1.38014,0.39616,0.46298,2.23928,2.11194,2025-04-25,11,4,7,80,1,0,80,2024-05-31,10,5,5,80,1,0,80,80,NA,0,0,0,0,"1525 EAST MAIN STREET,STREATOR,IL,61364",41.121,-88.812,NA,2026-06-01
145070,Nexus at Berwyn,3601 SOUTH HARLEM AVENUE,BERWYN,IL,60402,7087494160,141,Cook,Y,For profit - Corporation,145,131.8,NA,Medicare and Medicaid,N,BERWYN SKILLED NURSING FACILITY LLC,1967-01-01,LEGACY HEALTHCARE,306,89,2.9,2.9,2.6,3.4,N,NA,N,N,N,Resident,Yes,1,NA,1,NA,4,NA,5,NA,2,NA,1,NA,NA,NA,1.64416,0.98044,0.49304,1.47348,3.11764,2.68825,0.36171,0.08153,61.1,NA,77.8,NA,0,NA,1.74445,1.25348,2.92304,1.07838,0.85151,4.85293,4.3052,1.30252,0.77672,0.39059,2.46983,2.12966,2025-02-28,23,7,18,282,1,0,282,2024-04-25,23,9,17,204,1,0,204,262.5,NA,5,428544,2,7,"3601 SOUTH HARLEM AVENUE,BERWYN,IL,60402",41.826,-87.803,NA,2026-06-01
145087,ALIYA OF OAK LAWN,6300 WEST 95TH STREET,OAK LAWN,IL,60453,7085998800,141,Cook,Y,For profit - Limited Liability company,191,144.5,NA,Medicare and Medicaid,N,"ALIYA OF OAK LAWN, LLC",1968-02-21,ALIYA HEALTHCARE,663,12,2.6,2.5,1.4,4.3,N,NA,Y,N,N,None,Yes,2,NA,1,NA,5,NA,5,NA,4,NA,1,NA,NA,NA,1.93898,0.62164,0.87551,1.49714,3.43613,3.2973,0.91274,0.06951,60.3,NA,51.3,NA,3,NA,2.11338,1.51858,3.54124,1.30645,1.03159,5.87928,5.21571,1.26793,0.4065,0.57251,2.24694,2.15615,2025-01-16,12,2,10,238,1,0,238,2024-04-12,59,5,55,633,1,0,633,336.75,NA,3,299044,3,6,"6300 WEST 95TH STREET,OAK LAWN,IL,60453",41.7196,-87.777,NA,2026-06-01
145102,MEMORIAL CARE CENTER,4315 MEMORIAL DRIVE,BELLEVILLE,IL,62226,6186195000,900,St. Clair,Y,Non profit - Corporation,82,64.8,NA,Medicare and Medicaid,N,"PROTESTANT MEMORIAL MEDICAL CENTER, INC.",1967-01-01,BJC HEALTHCARE,783,4,4,4,3.8,3,N,NA,N,N,N,None,Yes,5,NA,5,NA,4,NA,NA,2,4,NA,4,NA,NA,NA,2.65279,2.10748,0.82233,2.92981,5.58261,5.10949,0.48434,0.2242,50,NA,61.1,NA,0,NA,1.59127,1.14341,2.66638,0.98369,0.77674,4.42681,3.92717,2.30387,1.83029,0.71417,4.84832,4.43743,2026-03-05,2,2,0,12,1,0,12,2024-12-06,1,1,1,4,1,0,4,10,NA,0,0,0,0,"4315 MEMORIAL DRIVE,BELLEVILLE,IL,62226",38.5489,-90.02,NA,2026-06-01
145111,ELMHURST EXTENDED CARE CENTER,200 EAST LAKE STREET,ELMHURST,IL,60126,6305165000,250,Du Page,Y,For profit - Corporation,108,47.1,NA,Medicare and Medicaid,N,"SBNB, INC.",1967-01-10,NA,NA,NA,NA,NA,NA,NA,N,NA,N,N,N,Resident,Yes,1,NA,1,NA,2,NA,2,NA,2,NA,3,NA,NA,NA,2.28171,0.66733,1.14506,1.81239,4.0941,3.90857,1.05234,0.15542,48.9,NA,57.1,NA,0,NA,1.59693,1.14748,2.67586,0.98719,0.7795,4.44255,3.94114,1.97458,0.5775,0.99093,3.54301,3.38245,2024-10-10,14,12,2,136,2,68,204,2023-11-29,18,8,10,203,2,102,305,229.25,NA,3,192174,3,6,"200 EAST LAKE STREET,ELMHURST,IL,60126",41.9112,-87.936,NA,2026-06-01
145121,ALTON MEMORIAL REHAB & THERAPY,1251 COLLEGE AVENUE,ALTON,IL,62002,6184637330,680,Madison,Y,Non profit - Corporation,64,43.6,NA,Medicare and Medicaid,N,ALTON MEMORIAL HOSPITAL,1967-01-24,BJC HEALTHCARE,783,4,4,4,3.8,3,N,NA,N,N,N,Resident,Yes,3,NA,3,NA,2,NA,1,NA,3,NA,4,NA,NA,NA,2.59814,1.37647,0.81919,2.19566,4.7938,4.1511,0.52149,0.08024,41.7,NA,33.3,NA,0,NA,1.50415,1.08081,2.52038,0.92983,0.73421,4.18443,3.71215,2.38711,1.26466,0.75265,4.40443,3.81393,2024-10-10,8,6,2,92,1,0,92,2023-11-30,11,6,5,104,1,0,104,95,NA,1,15626,0,1,"1251 COLLEGE AVENUE,ALTON,IL,62002",38.9034,-90.158,NA,2026-06-01
145122,DOBSON PLAZA,120 DODGE AVENUE,EVANSTON,IL,60202,8478697744,141,Cook,Y,For profit - Limited Liability company,97,83.9,NA,Medicare and Medicaid,N,"DOBSON PLAZA NURSING & REHAB CENTER, L.L.C.",1967-02-09,MARQUIS HEALTH SERVICES,336,88,3,2.5,2.5,4.3,N,NA,N,N,N,Resident,Yes,5,NA,5,NA,3,NA,4,NA,3,NA,3,NA,NA,NA,1.97362,0.09081,0.83071,0.92152,2.89514,2.75046,0.75711,0.1198,29.7,NA,0,NA,0,NA,1.61677,1.16174,2.7091,0.99946,0.78919,4.49774,3.9901,1.687,0.07763,0.71007,2.47469,2.35102,2025-08-07,0,0,0,0,0,0,0,2024-06-13,4,4,0,28,1,0,28,7,NA,0,0,0,0,"120 DODGE AVENUE,EVANSTON,IL,60202",42.0202,-87.7,NA,2026-06-01
145126,ALDEN LINCOLN REHAB & H C CTR,504 WEST WELLINGTON AVENUE,CHICAGO,IL,60657,7732816200,141,Cook,Y,For profit - Corporation,96,84.7,NA,Medicare and Medicaid,N,"ALDEN-LINCOLN PARK REHABILITATION AND HEALTH CARE CENTER, INC.",1967-02-06,THE ALDEN NETWORK,504,27,2.5,3,1.3,3.8,N,NA,N,N,N,None,Yes,2,NA,3,NA,3,NA,3,NA,3,NA,1,NA,NA,NA,1.67548,0.69198,0.55077,1.24275,2.91823,2.56546,0.3832,0.06238,NA,26,NA,26,NA,26,1.35685,0.97497,2.27357,0.83878,0.66231,3.77466,3.34863,1.7065,0.70479,0.56097,2.97226,2.61296,2024-07-25,10,5,5,64,1,0,64,2023-06-09,20,5,15,156,1,0,156,87,NA,1,8512,1,2,"504 WEST WELLINGTON AVENUE,CHICAGO,IL,60657",41.9366,-87.642,NA,2026-06-01
145135,RICHLAND NURSING & REHAB,900 EAST SCOTT STREET,OLNEY,IL,62450,6183951000,880,Richland,N,For profit - Corporation,157,76,NA,Medicare and Medicaid,N,HELIA RICHLAND HEALTHCARE LLC,1970-07-01,HELIA HEALTHCARE,263,13,2.3,2.7,1.3,2.8,N,NA,Y,N,N,Resident,Yes,1,NA,2,NA,2,NA,3,NA,1,NA,1,NA,NA,NA,1.9124,0.75906,0.30949,1.0685500000000001,2.98095,2.61996,0.22889,0.00776,58.8,NA,61.5,NA,2,NA,1.5562,1.11821,2.6076,0.96201,0.75962,4.32923,3.84061,1.6983,0.67408,0.27484,2.64722,2.32664,2025-02-07,15,8,7,144,1,0,144,2024-01-19,23,6,17,335,1,0,335,191.75,NA,9,315382,2,11,"900 EAST SCOTT STREET,OLNEY,IL,62450",38.7373,-88.074,NA,2026-06-01
145136,ARCADIA CARE AUBURN,304 MAPLE AVENUE,AUBURN,IL,62615,2174386125,920,Sangamon,Y,For profit - Corporation,70,55.2,NA,Medicare and Medicaid,N,ARCADIA CARE AUBURN LLC,1967-02-16,ARCADIA CARE,42,22,1.5,1.8,1.3,3.1,N,NA,Y,N,N,Resident,Yes,1,NA,2,NA,2,NA,3,NA,1,NA,1,NA,NA,NA,1.50342,0.87936,0.22552,1.10488,2.6083,2.32173,0.10411,0.0435,58.3,NA,40,NA,1,NA,1.93921,1.39343,3.24939,1.19878,0.94658,5.39475,4.78587,1.07141,0.62667,0.16071,1.8588,1.65457,2025-02-11,5,3,2,24,2,12,36,2024-01-11,16,2,14,231,1,0,231,84.75,NA,3,221674,0,3,"304 MAPLE AVENUE,AUBURN,IL,62615",39.5949,-89.744,NA,2026-06-01
145142,ALDEN DEBES REHAB & HCC,550 SOUTH MULFORD AVENUE,ROCKFORD,IL,61108,8154841002,991,Winnebago,Y,For profit - Corporation,268,179.1,NA,Medicare and Medicaid,N,"ALDEN-ALMA NELSON MANOR, INC.",1967-03-01,THE ALDEN NETWORK,504,27,2.5,3,1.3,3.8,N,NA,Y,N,N,Resident,Yes,1,NA,2,NA,4,NA,4,NA,3,NA,1,NA,NA,NA,1.9853,0.83958,0.5849,1.42448,3.40978,3.03486,0.39267,0.0491,NA,26,NA,26,NA,26,1.70639,1.22613,2.85927,1.05486,0.83293,4.74706,4.21128,1.60785,0.67996,0.4737,2.76151,2.4578700000000002,2025-07-31,21,8,13,132,1,0,132,2024-06-27,18,9,9,191,1,0,191,146.75,NA,2,113280,0,2,"550 SOUTH MULFORD AVENUE,ROCKFORD,IL,61108",42.2625,-89,NA,2026-06-01
145151,ALLURE OF MENDOTA,1201 FIRST AVENUE,MENDOTA,IL,61342,8155396745,580,La Salle,N,For profit - Limited Liability company,85,69.7,NA,Medicare and Medicaid,N,ALLURE OF MENDOTA LLC,1967-04-01,ALLURE HEALTHCARE SERVICES,25,15,2.5,2.9,1.7,2.5,N,NA,N,N,N,Resident,Yes,4,NA,4,NA,2,NA,3,NA,1,NA,3,NA,NA,NA,2.34747,0.39736,0.82759,1.22496,3.57242,3.18588,0.55416,0.03487,35.9,NA,50,NA,0,NA,1.66726,1.19801,2.7937,1.03066,0.81383,4.63819,4.11469,1.94579,0.32937,0.68598,2.96115,2.64075,2024-11-15,2,2,0,8,1,0,8,2023-10-20,17,10,7,156,1,0,156,45,NA,2,28669,1,3,"1201 FIRST AVENUE,MENDOTA,IL,61342",41.5536,-89.109,NA,2026-06-01
145160,ARCADIA CARE ON THE HILL,555 WEST CARPENTER,SPRINGFIELD,IL,62702,2175251880,920,Sangamon,Y,For profit - Corporation,251,128.2,NA,Medicare and Medicaid,N,ARCADIA CARE ON THE HILL LLC,1969-05-23,ARCADIA CARE,42,22,1.5,1.8,1.3,3.1,N,NA,N,N,N,Resident,Yes,1,NA,1,NA,3,NA,5,NA,1,NA,1,NA,NA,NA,1.61896,0.83789,0.15427,0.99216,2.61112,2.44116,0.08636,0.01368,32.9,NA,55.6,NA,0,NA,1.83739,1.32026,3.07878,1.13584,0.89688,5.1115,4.53458,1.21768,0.63021,0.11603,1.96392,1.83609,2025-09-17,12,8,6,325,2,163,488,2024-07-24,19,6,13,160,1,0,160,406,NA,2,57030,1,3,"555 WEST CARPENTER,SPRINGFIELD,IL,62702",39.8076,-89.663,NA,2026-06-01
145171,ELEVATE CARE NORTHBROOK,270 SKOKIE HIGHWAY,NORTHBROOK,IL,60062,8474989320,141,Cook,Y,For profit - Limited Liability company,298,202.5,NA,Medicare and Medicaid,N,ELEVATE CARE NORTHBROOK LLC,1967-11-01,ELEVATE CARE,197,13,2.3,2.4,2.2,3.8,N,NA,N,N,N,Resident,Yes,3,NA,3,NA,4,NA,5,NA,4,NA,3,NA,NA,NA,1.47913,0.26508,0.91367,1.17875,2.65788,2.29265,0.77692,0.02552,20,NA,15.4,NA,0,NA,1.72729,1.24115,2.89429,1.06778,0.84313,4.8052,4.26286,1.18342,0.21209,0.73101,2.12652,1.83431,2024-08-14,6,2,4,119,1,0,119,2023-09-14,6,2,4,76,1,0,76,108.25,NA,1,131121,1,2,"270 SKOKIE HIGHWAY,NORTHBROOK,IL,60062",42.148,-87.798,NA,2026-06-01
145173,HEATHER HEALTH CARE CENTER,15600 SOUTH HONORE STREET,HARVEY,IL,60426,7083339550,141,Cook,Y,For profit - Corporation,173,150.1,NA,Medicare and Medicaid,N,"HEATHER HEALTH CARE CENTER, INC.",1978-03-17,THE ALDEN NETWORK,504,27,2.5,3,1.3,3.8,N,NA,N,N,N,Resident,Yes,2,NA,1,NA,5,NA,5,NA,NA,2,1,NA,NA,NA,1.43791,0.57828,0.35602,0.9343,2.37221,2.14363,0.24762,0.01434,NA,26,NA,26,NA,26,1.68175,1.20843,2.81798,1.03962,0.8209,4.67851,4.15047,1.1816,0.4752,0.29256,1.94936,1.76152,2026-03-13,12,10,3,171,1,0,171,2025-04-09,23,3,21,342,1,0,342,213.75,NA,3,245028,1,4,"15600 SOUTH HONORE STREET,HARVEY,IL,60426",41.6063,-87.662,NA,2026-06-01
145180,APERION CARE CHICAGO HEIGHTS,490 WEST 16TH PLACE,CHICAGO HEIGHTS,IL,60411,7084814444,141,Cook,Y,For profit - Corporation,200,148.9,NA,Medicare and Medicaid,N,"RIVIERA CARE CENTER, LLC",1967-11-01,APERION CARE,38,33,2,2.1,1.6,3.5,N,NA,Y,N,N,None,Yes,2,NA,2,NA,5,NA,5,NA,NA,2,1,NA,NA,NA,1.2236,0.38251,0.32792,0.71043,1.93402,1.61435,0.24703,0.00982,52.3,NA,60,NA,1,NA,1.73399,1.24597,2.90552,1.07192,0.8464,4.82385,4.2794,0.97519,0.30485,0.26135,1.54139,1.28662,2026-01-29,16,9,8,140,1,0,140,2025-01-09,11,1,11,80,1,0,80,125,NA,1,21934,0,1,"490 WEST 16TH PLACE,CHICAGO HEIGHTS,IL,60411",41.5013,-87.664,NA,2026-06-01
145183,Goldwater Care Danville,620 WARRINGTON AVENUE,DANVILLE,IL,61832,2174460660,982,Vermilion,N,For profit - Limited Liability company,90,78,NA,Medicare and Medicaid,N,GOLDWATER CARE DANVILLE LLC,1968-04-02,GOLDWATER CARE,699,11,1.6,2,1.2,2.6,N,SFF Candidate,Y,N,N,Resident,Yes,1,NA,1,NA,1,NA,1,NA,1,NA,1,NA,NA,NA,2.02288,0.43857,0.76139,1.19996,3.22283,2.84665,0.60242,0.02203,46.1,NA,55.6,NA,0,NA,1.85405,1.33223,3.10668,1.14613,0.905,5.15782,4.57568,1.50782,0.32691,0.56752,2.40224,2.12184,2025-04-04,27,12,16,409,2,205,614,2024-02-23,48,14,35,730,1,0,730,643,NA,6,494449,2,8,"620 WARRINGTON AVENUE,DANVILLE,IL,61832",40.1255,-87.656,NA,2026-06-01
145197,APERION CARE OAK LAWN,9401 SOUTH RIDGELAND AVENUE,OAK LAWN,IL,60453,7085996700,141,Cook,Y,For profit - Limited Liability company,134,125.6,NA,Medicare and Medicaid,N,"CONCORD NURSING & REHABILITATION CENTER, LLC",1969-03-10,APERION CARE,38,33,2,2.1,1.6,3.5,N,NA,Y,N,N,Resident,Yes,1,NA,2,NA,2,NA,4,NA,1,NA,1,NA,NA,NA,1.84471,0.65786,0.61967,1.27753,3.12224,2.68145,0.45092,0.04344,60.2,NA,41.2,NA,1,NA,1.84936,1.32887,3.09884,1.14324,0.90272,5.1448,4.56413,1.3785,0.4916,0.46306,2.33316,2.00376,2026-01-16,19,9,10,80,1,0,80,2024-11-08,33,9,24,276,1,0,276,129,NA,4,52515,0,4,"9401 SOUTH RIDGELAND AVENUE,OAK LAWN,IL,60453",41.7214,-87.78,NA,2026-06-01
145198,BELLA TERRA MORTON GROVE,8425 WAUKEGAN ROAD,MORTON GROVE,IL,60053,8479658100,141,Cook,Y,For profit - Corporation,211,145.5,NA,Medicare and Medicaid,N,"MORTON GROVE LIVING & REHAB CENTER, LLC",1969-02-13,LEGACY HEALTHCARE,306,89,2.9,2.9,2.6,3.4,N,NA,Y,N,N,Resident,Yes,2,NA,2,NA,3,NA,5,NA,2,NA,2,NA,NA,NA,2.12601,0.9117,0.75195,1.66366,3.78967,3.61432,0.74893,0.03437,46.8,NA,30.4,NA,0,NA,1.7858,1.28319,2.99233,1.10394,0.87169,4.96796,4.40725,1.64525,0.70554,0.58191,2.9327,2.79701,2025-04-17,12,6,6,116,1,0,116,2024-04-19,18,7,11,140,1,0,140,122,NA,3,53913,0,3,"8425 WAUKEGAN ROAD,MORTON GROVE,IL,60053",42.0346,-87.8,NA,2026-06-01
145200,FRANKLIN GROVE LIVING AND REHAB,502 NORTH STATE STREET,FRANKLIN GROVE,IL,61031,8154562374,600,Lee,N,For profit - Limited Liability company,132,68.3,NA,Medicare and Medicaid,N,"FRANKLIN GROVE LIVING & REHABILITATION CENTER, LLC",1975-12-01,NA,NA,NA,NA,NA,NA,NA,N,NA,N,N,N,Resident,Yes,5,NA,4,NA,5,NA,5,NA,5,NA,2,NA,NA,NA,2.52311,0.55512,0.50167,1.05679,3.5799,3.09492,0.3048,0.02163,50,NA,28.6,NA,1,NA,1.52478,1.09564,2.55497,0.94259,0.74428,4.24184,3.76308,2.28679,0.50313,0.45468,3.24461,2.80505,2025-02-06,4,3,1,24,1,0,24,2024-01-04,8,2,6,44,1,0,44,29,NA,0,0,0,0,"502 NORTH STATE STREET,FRANKLIN GROVE,IL,61031",41.8465,-89.303,NA,2026-06-01
145208,"PAVILION OF BRIDGEVIEW, THE",8100 SOUTH HARLEM AVENUE,BRIDGEVIEW,IL,60455,7085945440,141,Cook,Y,For profit - Limited Liability company,146,134.1,NA,Medicare and Medicaid,N,PAVILION OF BRIDGEVIEW LLC,1969-07-25,PAVILION HEALTHCARE,612,5,2.4,2.6,1.8,3.8,N,NA,N,N,N,Resident,Yes,3,NA,3,NA,3,NA,4,NA,2,NA,2,NA,NA,NA,1.98801,0.52734,0.65403,1.18137,3.16938,2.85529,0.47668,0.04432,44.1,NA,23.8,NA,0,NA,1.88293,1.35299,3.15509,1.16399,0.91911,5.23819,4.64698,1.45909,0.38704,0.48002,2.32616,2.09563,2025-12-04,11,10,1,84,1,0,84,2024-10-03,13,1,12,100,1,0,100,88,NA,0,0,0,0,"8100 SOUTH HARLEM AVENUE,BRIDGEVIEW,IL,60455",41.7443,-87.8,NA,2026-06-01
145211,Thryve of Burbank,5400 WEST 87TH STREET,BURBANK,IL,60459,7084231200,141,Cook,Y,For profit - Limited Liability company,163,106.2,NA,Medicare and Medicaid,N,BURBANK REHABILITATION CENTER LLC,1969-08-25,ALIYA HEALTHCARE,663,12,2.6,2.5,1.4,4.3,N,NA,N,N,N,Resident,Yes,2,NA,2,NA,3,NA,4,NA,3,NA,2,NA,NA,NA,1.80515,0.75005,0.7769,1.52695,3.3321,2.95892,0.57406,0.02302,30,NA,13.3,NA,NA,26,2.00908,1.44363,3.36646,1.24197,0.98068,5.58912,4.95829,1.24169,0.51593,0.5344,2.29203,2.03533,2024-08-30,12,4,9,92,1,0,92,2023-06-29,28,14,18,260,1,0,260,134,NA,3,54208,1,4,"5400 WEST 87TH STREET,BURBANK,IL,60459",41.7343,-87.755,NA,2026-06-01
145213,WYNSCAPE HEALTH & REHAB,2180 MANCHESTER ROAD,WHEATON,IL,60187,6306654330,250,Du Page,Y,Non profit - Corporation,209,49.9,NA,Medicare and Medicaid,N,NELP-WYNDEMERE OPERATOR LLC,1969-11-10,JUSTLIVING COMMUNITIES,836,2,5,4.5,5,4,Y,NA,N,N,N,Resident,Yes,5,NA,5,NA,4,NA,4,NA,4,NA,5,NA,NA,NA,2.57813,0.12627,1.46197,1.58825,4.16637,3.82641,1.21189,0.16028,45.8,NA,40,NA,0,NA,1.28763,0.92523,2.15759,0.79599,0.62852,3.5821,3.1778,2.76702,0.13553,1.56909,4.47163,4.10676,2025-08-22,3,3,0,16,1,0,16,2024-06-07,4,1,3,44,1,0,44,23,NA,0,0,0,0,"2180 MANCHESTER ROAD,WHEATON,IL,60187",41.8642,-88.142,NA,2026-06-01
145219,BURGESS SQUARE HEALTHCARE CTR,5801 SOUTH CASS AVENUE,WESTMONT,IL,60559,6309712645,250,Du Page,Y,For profit - Partnership,203,125.3,NA,Medicare and Medicaid,N,"BURGESS SQUARE HEALTHCARE AND REHABILITATION CENTRE, LLC",1970-05-07,NA,NA,NA,NA,NA,NA,NA,N,NA,N,N,N,Resident,Yes,5,NA,4,NA,4,NA,2,NA,5,NA,5,NA,NA,NA,2.56192,0.61086,1.57775,2.18861,4.75053,4.40431,1.33912,0.20336,45.1,NA,31,NA,0,NA,1.41681,1.01805,2.37404,0.87584,0.69158,3.94146,3.49661,2.49893,0.59584,1.53896,4.63372,4.29602,2024-09-27,10,9,1,68,1,0,68,2023-11-16,11,7,4,76,1,0,76,70,NA,0,0,0,0,"5801 SOUTH CASS AVENUE,WESTMONT,IL,60559",41.7823,-87.975,NA,2026-06-01
145220,PINE CREST HEALTH CARE,3300 WEST 175TH STREET,HAZEL CREST,IL,60429,7083352400,141,Cook,Y,For profit - Partnership,199,157,NA,Medicare and Medicaid,N,PINE CREST HEALTH CARE LLC,1979-12-01,ICARE CONSULTING SERVICES,762,7,1,1.1,1.6,2.3,N,NA,Y,N,N,Resident,Yes,1,NA,1,NA,3,NA,4,NA,2,NA,1,NA,NA,NA,1.4576,0.58212,0.40493,0.98705,2.44465,1.99242,0.2802,0.00572,NA,26,NA,26,2,NA,1.32153,0.94959,2.21439,0.81694,0.64507,3.6764,3.26146,1.52427,0.60874,0.42345,2.55646,2.08355,2025-08-14,16,13,4,231,1,0,231,2024-09-20,27,8,22,220,1,0,220,228.25,NA,4,119719,2,6,"3300 WEST 175TH STREET,HAZEL CREST,IL,60429",41.5717,-87.696,NA,2026-06-01
145221,PARC JOLIET,222 NORTH HAMMES,JOLIET,IL,60435,8157250443,989,Will,Y,For profit - Corporation,203,152.9,NA,Medicare and Medicaid,N,PARC JOLIET NURSING LLC,1970-03-09,SABA HEALTHCARE,777,11,1.8,1.6,1.5,3.1,N,NA,Y,N,N,Resident,Yes,2,NA,2,NA,3,NA,5,NA,1,NA,2,NA,NA,NA,1.90333,0.66799,0.55667,1.22466,3.12799,2.58044,0.34759,0.03685,38.8,NA,26.3,NA,0,NA,1.77211,1.27335,2.96938,1.09548,0.86501,4.92987,4.37346,1.48431,0.52093,0.43412,2.43935,2.01235,2025-09-25,22,11,12,152,1,0,152,2024-09-06,16,9,7,100,1,0,100,139,NA,2,25830,0,2,"222 NORTH HAMMES,JOLIET,IL,60435",41.5255,-88.132,NA,2026-06-01
145222,La Bella of Woodstock,309 MCHENRY AVENUE,WOODSTOCK,IL,60098,8153381700,640,Mc Henry,Y,For profit - Individual,115,67.5,NA,Medicare and Medicaid,N,Legal Business Name Not Available,1970-11-01,JENMAX GROUP,875,10,1,1.7,1,2.8,N,NA,Y,N,N,Resident,Yes,1,NA,1,NA,4,NA,4,NA,NA,2,1,NA,NA,NA,1.82252,0.46605,0.76107,1.22712,3.04964,2.69783,0.51599,0.03,NA,26,NA,26,5,NA,1.75746,1.26283,2.94484,1.08643,0.85786,4.88912,4.3373100000000004,1.43313,0.36648,0.59847,2.39808,2.12143,2025-06-04,30,10,20,156,1,0,156,2024-05-15,45,9,37,594,2,297,891,339.75,NA,6,455016,3,9,"309 MCHENRY AVENUE,WOODSTOCK,IL,60098",42.3194,-88.443,NA,2026-06-01
145234,Pearl Pointe Nursing Rehab & Care,900 SOUTH KIWANIS DRIVE,FREEPORT,IL,61032,8152356196,970,Stephenson,N,For profit - Limited Liability company,109,66.7,NA,Medicare and Medicaid,N,PEARL PAVILION LLC,1972-01-01,SABA HEALTHCARE,777,11,1.8,1.6,1.5,3.1,N,NA,N,N,N,Resident,Yes,1,NA,1,NA,3,NA,3,NA,NA,2,1,NA,NA,NA,1.79047,0.77683,0.27759,1.05442,2.84489,2.50368,0.22778,0.02826,51.1,NA,NA,27,2,NA,1.68534,1.21101,2.82401,1.04185,0.82266,4.68851,4.15934,1.46818,0.63699,0.22762,2.33279,2.053,2025-11-19,25,12,13,176,2,88,264,2024-11-14,34,14,20,358,1,0,358,287.5,NA,3,168767,2,5,"900 SOUTH KIWANIS DRIVE,FREEPORT,IL,61032",42.2897,-89.671,NA,2026-06-01
145235,LAKEFRONT NURSING & REHAB CTR,7618 NORTH SHERIDAN ROAD,CHICAGO,IL,60626,7737437711,141,Cook,Y,For profit - Limited Liability company,99,92.2,NA,Medicare and Medicaid,N,LAKEFRONT SKILLED NURSING FACILITY LLC,1972-02-01,LEGACY HEALTHCARE,306,89,2.9,2.9,2.6,3.4,N,NA,N,N,N,Resident,Yes,4,NA,4,NA,4,NA,4,NA,NA,2,2,NA,NA,NA,1.36993,0.20542,0.77525,0.98067,2.3506,2.2784,0.79574,0.00664,7.7,NA,6.7,NA,0,NA,2.03916,1.46524,3.41686,1.26057,0.99536,5.67279,5.03252,0.92843,0.13921,0.5254,1.59304,1.54412,2025-05-01,8,8,0,56,1,0,56,2024-04-05,13,8,5,88,1,0,88,64,NA,1,13729,0,1,"7618 NORTH SHERIDAN ROAD,CHICAGO,IL,60626",42.0198,-87.666,NA,2026-06-01
145237,GENERATIONS AT REGENCY,6631 MILWAUKEE AVENUE,NILES,IL,60714,8476477444,141,Cook,Y,For profit - Limited Liability company,254,173.5,NA,Medicare and Medicaid,N,"GENERATIONS AT REGENCY, LLC",1972-02-05,GENERATIONS HEALTHCARE NETWORK,870,6,2.7,2.3,1.7,3.2,N,NA,N,N,N,Resident,Yes,2,NA,2,NA,2,NA,3,NA,1,NA,2,NA,NA,NA,1.97129,0.96116,0.67124,1.63239,3.60368,3.19629,0.45887,0.03099,24.6,NA,20.8,NA,1,NA,1.67997,1.20714,2.81499,1.03852,0.82003,4.67355,4.14606,1.62162,0.79067,0.55217,2.96446,2.62933,2025-04-11,9,7,2,202,1,0,202,2024-05-24,14,9,5,96,1,0,96,175.5,NA,4,344195,0,4,"6631 MILWAUKEE AVENUE,NILES,IL,60714",42.0189,-87.808,NA,2026-06-01
145239,GOLDWATER CARE PEORIA HEIGHTS,5533 NORTH GALENA ROAD,PEORIA HEIGHTS,IL,61614,3096825428,800,Peoria,Y,For profit - Corporation,94,52.3,NA,Medicare and Medicaid,N,GOLDWATER CARE PEORIA HEIGHTS LLC,1972-02-02,GOLDWATER CARE,699,11,1.6,2,1.2,2.6,N,SFF Candidate,N,N,N,Resident,Yes,1,NA,1,NA,4,NA,4,NA,NA,2,1,24,NA,NA,1.87832,0.94962,0.25137,1.20099,3.07931,2.77061,0.11088,0.02003,48.8,NA,NA,27,NA,26,2.01428,1.44736,3.37517,1.24518,0.98322,5.60357,4.97112,1.28869,0.65153,0.17246,2.11268,1.90089,2024-10-01,31,5,26,592,1,0,592,2023-07-24,65,28,37,789,2,395,1184,740,4,2,527947,2,4,"5533 NORTH GALENA ROAD,PEORIA HEIGHTS,IL,61614",40.7566,-89.564,NA,2026-06-01
145241,HELIA SOUTHBELT HEALTHCARE,101 SOUTH BELT WEST,BELLEVILLE,IL,62220,6182777700,900,St. Clair,Y,For profit - Individual,156,86.5,NA,Medicare and Medicaid,N,"HELIA SOUTHBELT HEALTHCARE, LLC",1972-07-25,HELIA HEALTHCARE,263,13,2.3,2.7,1.3,2.8,N,NA,Y,N,N,Resident,Yes,1,NA,2,NA,2,NA,3,NA,1,NA,1,NA,NA,NA,1.99214,0.79693,0.34319,1.14012,3.13226,3.03527,0.23321,0.01172,37.2,NA,33.3,NA,1,NA,1.67484,1.20346,2.80641,1.03535,0.81753,4.65929,4.13341,1.64379,0.65757,0.28318,2.58454,2.50452,2024-08-13,13,4,9,104,1,0,104,2023-07-14,43,9,34,332,2,166,498,202.5,NA,3,252910,3,6,"101 SOUTH BELT WEST,BELLEVILLE,IL,62220",38.5025,-89.986,NA,2026-06-01
145243,ACCOLADE HEALTHCARE DANVILLE,801 NORTH LOGAN AVENUE,DANVILLE,IL,61832,2174433106,982,Vermilion,N,For profit - Corporation,108,92.8,NA,Medicare and Medicaid,N,ACCOLADE HEALTHCARE OF DANVILLE LLC,1972-08-15,ACCOLADE HEALTHCARE,7,7,2.7,3,1.6,3.4,N,NA,N,N,N,None,Yes,2,NA,3,NA,3,NA,5,NA,2,NA,1,NA,NA,NA,2.26033,0.44769,0.68651,1.1342,3.39453,3.17914,0.56555,0.03665,51.9,NA,54.2,NA,1,NA,1.84514,1.32583,3.09175,1.14063,0.90066,5.13304,4.55369,1.69295,0.33531,0.51418,2.54244,2.38112,2025-05-20,11,8,3,84,1,0,84,2024-04-19,28,10,19,232,1,0,232,121,0,4,81146,0,4,"801 NORTH LOGAN AVENUE,DANVILLE,IL,61832",40.1372,-87.645,NA,2026-06-01
145244,APERION CARE LAKESHORE,7200 NORTH SHERIDAN ROAD,CHICAGO,IL,60626,7739737200,141,Cook,Y,For profit - Limited Liability company,313,250.2,NA,Medicare and Medicaid,N,LAKESHORE OPCO LLC,1972-05-12,APERION CARE,38,33,2,2.1,1.6,3.5,N,NA,Y,N,N,Resident,Yes,1,NA,1,NA,2,NA,4,NA,1,NA,1,NA,NA,NA,1.27653,0.75016,0.35397,1.10413,2.38066,2.10724,0.24758,0.00683,18.3,NA,17.6,NA,1,NA,1.81748,1.30596,3.04542,1.12353,0.88716,5.05611,4.48545,0.97065,0.5704,0.26915,1.8102,1.6023,2025-02-06,19,13,6,207,1,0,207,2024-05-03,60,22,40,456,1,0,456,269.25,NA,5,249799,2,7,"7200 NORTH SHERIDAN ROAD,CHICAGO,IL,60626",42.0128,-87.663,NA,2026-06-01
145246,"PEARL OF HINSDALE, THE",600 WEST OGDEN AVENUE,HINSDALE,IL,60521,6303259630,250,Du Page,Y,For profit - Limited Liability company,202,170.2,NA,Medicare and Medicaid,N,PEARL OF HINSDALE LLC,1972-12-15,PEARL HEALTHCARE,595,15,2.6,2.7,2.1,3.6,N,NA,N,N,N,Resident,Yes,4,NA,4,NA,3,NA,4,NA,3,NA,3,NA,NA,NA,1.77903,0.53814,1.14975,1.6879,3.46692,3.01953,0.8146,0.08476,46,NA,44,NA,0,NA,1.62938,1.17079,2.73023,1.00725,0.79534,4.53281,4.02121,1.5089,0.45643,0.97517,2.94051,2.56104,2026-01-08,3,3,0,16,1,0,16,2024-10-18,28,9,19,204,1,0,204,63,NA,0,0,0,0,"600 WEST OGDEN AVENUE,HINSDALE,IL,60521",41.8122,-87.94,NA,2026-06-01
145247,DOCTORS NURSING & REHAB CENTER,1201 HAWTHORN ROAD,SALEM,IL,62881,6185484884,690,Marion,N,For profit - Limited Liability company,120,55,NA,Medicare and Medicaid,N,HELIA HEALTHCARE OF SALEM LLC,1972-11-22,HELIA HEALTHCARE,263,13,2.3,2.7,1.3,2.8,N,NA,N,N,N,Resident,Yes,1,NA,1,NA,1,NA,3,NA,1,NA,1,NA,NA,NA,2.07316,0.59457,0.46761,1.06218,3.13533,3.04652,0.43633,0.02373,56.9,NA,61.5,NA,1,NA,1.89295,1.36018,3.17187,1.17018,0.92399,5.26605,4.67169,1.51354,0.43407,0.34138,2.289,2.22416,2026-03-13,23,8,16,259,1,0,259,2025-02-27,12,1,11,120,1,0,120,224.25,0,3,107564,0,3,"1201 HAWTHORN ROAD,SALEM,IL,62881",38.6364,-88.959,NA,2026-06-01
145248,ARCADIA CARE MORTON,190 EAST QUEENWOOD ROAD,MORTON,IL,61550,3092669741,980,Tazewell,Y,For profit - Corporation,106,84.3,NA,Medicare and Medicaid,N,ARCADIA CARE MORTON LLC,1973-02-06,APERION CARE,38,33,2,2.1,1.6,3.5,N,NA,N,N,N,Resident,Yes,1,NA,1,NA,3,NA,5,NA,1,NA,1,NA,NA,NA,1.71972,0.60991,0.28073,0.89064,2.61036,2.65292,0.18156,0.02112,59,NA,63.6,NA,2,NA,1.84487,1.32564,3.09131,1.14046,0.90053,5.1323,4.55303,1.28822,0.45688,0.21029,1.95539,1.98727,2025-02-20,20,8,12,243,1,0,243,2024-04-12,26,10,16,439,1,0,439,292,NA,7,366357,0,7,"190 EAST QUEENWOOD ROAD,MORTON,IL,61550",40.5906,-89.47,NA,2026-06-01
145256,LAKELAND REHAB & HEALTHCARE CENTER,800 WEST TEMPLE STREET,EFFINGHAM,IL,62401,2173422171,330,Effingham,N,For profit - Corporation,154,110.5,NA,Medicare and Medicaid,N,"LAKELAND REHABILITATION AND HEALTHCARE CENTER, LLC",1973-06-11,TUTERA SENIOR LIVING & HEALTH CARE,531,26,2.1,2.2,1.8,3,N,NA,N,N,N,Resident,Yes,4,NA,4,NA,2,NA,3,NA,2,NA,2,NA,NA,NA,2.11396,1.0136,0.4372,1.4508,3.56476,3.1239,0.32779,0.03348,33.7,NA,40,NA,0,NA,1.52141,1.09322,2.54932,0.94051,0.74264,4.23246,3.75476,1.92021,0.9207,0.39713,3.23805,2.83759,2025-07-28,7,3,4,32,1,0,32,2024-05-24,18,6,13,148,1,0,148,61,NA,2,70203,0,2,"800 WEST TEMPLE STREET,EFFINGHAM,IL,62401",39.1275,-88.552,NA,2026-06-01
145257,CRYSTAL PINES REHAB & HCC,335 NORTH ILLINOIS AVENUE,CRYSTAL LAKE,IL,60014,8154597791,640,Mc Henry,Y,For profit - Corporation,110,81.2,NA,Medicare and Medicaid,N,"CRYSTAL PINES REHABILITATION AND HEALTH CARE CENTER, LLC",1973-11-01,TUTERA SENIOR LIVING & HEALTH CARE,531,26,2.1,2.2,1.8,3,N,NA,Y,N,N,Resident,Yes,1,NA,2,NA,2,NA,2,NA,1,NA,1,NA,NA,NA,1.91693,0.44916,0.77993,1.2291,3.14603,2.94497,0.66526,0.06631,NA,26,NA,26,NA,26,1.61206,1.15835,2.70121,0.99655,0.78689,4.48465,3.97848,1.64333,0.38505,0.66861,2.697,2.52464,2024-06-05,16,11,5,124,1,0,124,2023-07-19,22,9,13,224,1,0,224,149,NA,3,52795,1,4,"335 NORTH ILLINOIS AVENUE,CRYSTAL LAKE,IL,60014",42.2335,-88.369,NA,2026-06-01
145259,ALDEN PARK STRATHMOOR,5668 STRATHMOOR DRIVE,ROCKFORD,IL,61107,8152295200,991,Winnebago,Y,For profit - Limited Liability company,189,147.2,NA,Medicare and Medicaid,N,"ALDEN-PARK STRATHMOOR, INC.",1973-08-07,THE ALDEN NETWORK,504,27,2.5,3,1.3,3.8,N,NA,N,N,N,Both,Yes,2,NA,2,NA,5,NA,5,NA,3,NA,1,NA,NA,NA,2.13798,0.68701,0.51866,1.20567,3.34365,3.04062,0.40236,0.01429,NA,26,NA,26,NA,26,1.7189,1.23512,2.88023,1.06259,0.83904,4.78186,4.24215,1.71891,0.55235,0.417,2.68825,2.44462,2025-05-14,13,6,7,84,1,0,84,2024-04-04,11,8,3,267,1,0,267,129.75,NA,2,115265,0,2,"5668 STRATHMOOR DRIVE,ROCKFORD,IL,61107",42.2693,-89.006,NA,2026-06-01
145261,APERION CARE DEKALB,1212 SOUTH SECOND STREET,DEKALB,IL,60115,8157588151,170,De Kalb,Y,For profit - Corporation,119,78.5,NA,Medicare and Medicaid,N,APERION CARE DEKALB LLC,1974-02-07,APERION CARE,38,33,2,2.1,1.6,3.5,N,NA,N,N,N,Resident,Yes,2,NA,3,NA,2,NA,2,NA,2,NA,1,NA,NA,NA,1.85711,0.41564,0.70728,1.12292,2.98002,2.65294,0.52929,0.07358,71.4,NA,61.1,NA,0,NA,1.88299,1.35303,3.15519,1.16403,0.91913,5.23835,4.64712,1.36297,0.30505,0.51909,2.18711,1.94706,2024-07-17,15,9,7,100,1,0,100,2023-08-16,21,9,12,140,1,0,140,110,NA,3,43769,0,3,"1212 SOUTH SECOND STREET,DEKALB,IL,60115",41.9162,-88.757,NA,2026-06-01
145266,Fondulac Rehabilitation and Health Care Center,901 ILLINI DRIVE,EAST PEORIA,IL,61611,3096946446,980,Tazewell,Y,For profit - Corporation,98,79.6,NA,Medicare and Medicaid,N,PETERSEN HEALTH OPERATIONS LLC,1973-12-26,PETERSEN HEALTH CARE,399,12,1.8,2.4,1.2,2.2,N,NA,N,N,N,Resident,Yes,1,NA,1,NA,3,NA,4,NA,1,NA,1,NA,NA,NA,2.03554,0.73757,0.28472,1.02229,3.05782,2.65584,0.1754,0.01422,NA,26,NA,26,1,NA,2.06883,1.48656,3.46658,1.27891,1.00984,5.75533,5.10575,1.35974,0.49269,0.19019,2.04262,1.7741,2024-08-21,17,17,4,148,2,74,222,2023-08-04,32,19,14,482,1,0,482,287,NA,2,146601,1,3,"901 ILLINI DRIVE,EAST PEORIA,IL,61611",40.6786,-89.536,NA,2026-06-01
145267,PANA HEALTH AND REHAB CENTER,1000 EAST SIXTH STREET ROAD,PANA,IL,62557,2175622174,100,Christian,N,For profit - Corporation,128,109.5,NA,Medicare and Medicaid,N,PANA HEALTH AND REHAB CENTER LLC,1974-03-01,SUMMIT HEALTHCARE CONSULTING,796,9,2.6,3.2,1.3,3.2,N,NA,N,Y,N,Both,Yes,4,NA,5,NA,3,NA,4,NA,2,NA,1,NA,NA,NA,1.86364,0.56593,0.305,0.87094,2.73458,2.52887,0.13088,0.03207,31,NA,33.3,NA,0,NA,1.65947,1.19242,2.78065,1.02585,0.81003,4.61653,4.09548,1.552,0.4713,0.254,2.2773,2.10599,2024-04-08,5,4,1,24,1,0,24,2023-03-23,5,4,1,28,1,0,28,25,NA,0,0,0,0,"1000 EAST SIXTH STREET ROAD,PANA,IL,62557",39.3863,-89.081,22,2026-06-01
145268,GLENVIEW TERRACE,1511 GREENWOOD ROAD,GLENVIEW,IL,60025,8477299090,141,Cook,Y,For profit - Limited Liability company,314,250.7,NA,Medicare and Medicaid,N,GLENVIEW SKILLED NURSING FACILITY LLC,1974-05-01,LEGACY HEALTHCARE,306,89,2.9,2.9,2.6,3.4,N,NA,N,N,N,Resident,Yes,4,NA,4,NA,4,NA,5,NA,3,NA,3,NA,NA,NA,2.09984,0.46043,1.07192,1.53235,3.63219,3.45838,1.01532,0.06905,38.1,NA,34.4,NA,0,NA,1.7243,1.239,2.88928,1.06593,0.84167,4.79688,4.25547,1.68296,0.36902,0.85911,2.91109,2.77178,2025-06-13,8,5,3,32,1,0,32,2024-05-23,6,0,6,68,0,0,68,41,NA,0,0,0,0,"1511 GREENWOOD ROAD,GLENVIEW,IL,60025",42.0786,-87.84,NA,2026-06-01
145269,HOPE CREEK NURSING & REHAB,4343 KENNEDY DRIVE,EAST MOLINE,IL,61244,3097966600,890,Rock Island,Y,For profit - Limited Liability company,245,151.2,NA,Medicare and Medicaid,N,HOPE CREEK NURSING AND REHABILITATION CENTER LLC,1974-10-01,INFINITY HEALTHCARE CONSULTING,763,70,2,2.2,1.4,3.7,N,NA,Y,N,N,Resident,Yes,1,NA,1,NA,2,NA,4,NA,1,NA,1,NA,NA,NA,2.2899,0.68658,0.41376,1.10034,3.39024,3.11322,0.3418,0.03373,45.2,NA,47.8,NA,1,NA,1.7533,1.25984,2.93788,1.08386,0.85583,4.87756,4.32705,1.80492,0.54117,0.32613,2.67222,2.45388,2024-08-31,22,14,11,285,1,0,285,2023-08-23,17,9,8,336,1,0,336,297.75,NA,4,337900,0,4,"4343 KENNEDY DRIVE,EAST MOLINE,IL,61244",41.4874,-90.456,NA,2026-06-01
145271,LITCHFIELD HEALTH & REHAB CENTER,628 S ILLINOIS AVE,LITCHFIELD,IL,62056,2173242153,760,Montgomery,N,For profit - Limited Liability company,92,60.6,NA,Medicare and Medicaid,N,LITCHFIELD HEALTH AND REHAB CENTER LLC,1974-08-02,SUMMIT HEALTHCARE CONSULTING,796,9,2.6,3.2,1.3,3.2,N,NA,N,N,N,Resident,Yes,4,NA,4,NA,4,NA,5,NA,3,NA,2,NA,NA,NA,1.91172,0.40732,0.55661,0.96393,2.87565,2.43739,0.43022,0.02003,38.6,NA,55.6,NA,0,NA,1.48792,1.06915,2.4932,0.9198,0.72629,4.1393,3.67211,1.7756,0.37832,0.51697,2.67089,2.26383,2025-03-20,6,6,0,48,1,0,48,2024-02-15,2,0,2,24,0,0,24,42,NA,0,0,0,0,"628 S ILLINOIS AVE,LITCHFIELD,IL,62056",39.1791,-89.644,NA,2026-06-01
145273,JACKSONVILLE SKLD NUR & REHAB,1517 WEST WALNUT STREET,JACKSONVILLE,IL,62650,2172436451,770,Morgan,N,For profit - Individual,88,80.8,NA,Medicare and Medicaid,N,JACKSONVILLE CARE AND REHABILITATION CENTER LLC,1974-09-04,CREST HEALTHCARE CONSULTING,170,13,2.1,2.5,1.3,2.8,N,NA,N,N,N,Resident,Yes,2,NA,3,NA,4,NA,5,NA,4,NA,1,NA,NA,NA,1.99166,0.88186,0.37665,1.2585,3.25016,2.72262,0.30316,0.07121,44.3,NA,20,NA,0,NA,1.93707,1.39189,3.2458,1.19746,0.94553,5.38879,4.78058,1.42092,0.62915,0.26871,2.31878,1.94241,2025-06-09,10,6,6,56,1,0,56,2024-05-22,10,5,6,120,1,0,120,72,NA,2,23027,0,2,"1517 WEST WALNUT STREET,JACKSONVILLE,IL,62650",39.7453,-90.259,NA,2026-06-01
145275,Timbercreek Rehab and Health Care Center,2220 STATE STREET,PEKIN,IL,61554,3093471110,980,Tazewell,Y,For profit - Corporation,202,83.2,NA,Medicare and Medicaid,N,PETERSEN HEALTH OPERATIONS LLC,1974-02-01,PETERSEN HEALTH CARE,399,12,1.8,2.4,1.2,2.2,N,SFF Candidate,Y,N,N,Resident,Yes,1,NA,1,NA,1,NA,1,NA,1,NA,1,NA,NA,NA,2.28403,1.12114,0.22997,1.35112,3.63515,3.18105,0.15127,0.01036,70.9,NA,91.7,NA,2,NA,1.59799,1.14824,2.67764,0.98785,0.78002,4.44551,3.94376,1.97527,0.96959,0.19888,3.14374,2.75103,2024-08-07,22,13,10,339,2,170,509,2023-09-21,44,18,27,549,1,0,549,519,0,6,196504,3,9,"2220 STATE STREET,PEKIN,IL,61554",40.5725,-89.621,NA,2026-06-01
145278,"CITADEL OF STERLING,THE",105 EAST 23RD STREET,STERLING,IL,61081,8156264264,988,Whiteside,N,For profit - Corporation,121,91.2,NA,Medicare and Medicaid,N,CITADEL CARE CENTER - STERLING LLC,1974-09-01,CITADEL HEALTHCARE,147,13,3.6,3.7,1.9,3.3,N,NA,N,N,N,Resident,Yes,3,NA,3,NA,2,NA,5,NA,1,NA,2,NA,NA,NA,2.0682,0.58595,0.61104,1.19699,3.26519,3.07298,0.52493,0.03978,30,NA,30,NA,0,NA,1.6854,1.21105,2.8241,1.04188,0.82269,4.68867,4.15948,1.69585,0.48046,0.50103,2.67735,2.51974,2025-05-22,12,12,0,72,1,0,72,2024-06-12,7,4,3,64,1,0,64,70,NA,1,11213,0,1,"105 EAST 23RD STREET,STERLING,IL,61081",41.8088,-89.697,NA,2026-06-01
145285,BUCKINGHAM PAVILION,2625 WEST TOUHY AVENUE,CHICAGO,IL,60645,7739735333,141,Cook,Y,For profit - Corporation,235,115.7,NA,Medicare and Medicaid,N,BUCKINGHAM PAVILION INC,1975-04-14,NA,NA,NA,NA,NA,NA,NA,N,NA,N,N,N,Resident,Yes,3,NA,4,NA,3,NA,4,NA,2,NA,1,NA,NA,NA,1.76357,0.35235,0.61016,0.96251,2.72608,2.59135,0.42596,0.05662,55.8,NA,47.6,NA,0,NA,1.51501,1.08862,2.5386,0.93655,0.73952,4.21466,3.73897,1.60871,0.32141,0.55658,2.48669,2.36379,2025-12-05,6,6,0,44,1,0,44,2024-11-15,9,9,0,36,1,0,36,42,NA,0,0,0,0,"2625 WEST TOUHY AVENUE,CHICAGO,IL,60645",42.0122,-87.696,NA,2026-06-01
145286,STAUNTON HEALTH AND REHAB CTR,215 WEST PENNSYLVANIA AVENUE,STAUNTON,IL,62088,6186355577,670,Macoupin,Y,For profit - Corporation,90,59.6,NA,Medicare and Medicaid,N,STAUNTON HEALTH AND REHAB CENTER LLC,1975-05-01,SUMMIT HEALTHCARE CONSULTING,796,9,2.6,3.2,1.3,3.2,N,NA,N,N,N,Resident,Yes,3,NA,4,NA,4,NA,5,NA,2,NA,1,24,NA,NA,2.33467,0.80615,0.29438,1.10053,3.4352,3.04518,0.12085,0.01551,52.6,NA,85.7,NA,1,NA,1.65163,1.18679,2.76752,1.02101,0.8062,4.59473,4.07614,1.95349,0.67453,0.24631,2.87434,2.54799,2025-04-17,7,4,3,52,1,0,52,2024-05-03,13,5,8,80,1,0,80,59,NA,0,0,0,0,"215 WEST PENNSYLVANIA AVENUE,STAUNTON,IL,62088",39.0161,-89.789,NA,2026-06-01
145290,Nexus Pavilion at Belleville,727 NORTH 17TH STREET,BELLEVILLE,IL,62226,6182343323,900,St. Clair,Y,For profit - Limited Liability company,180,101.3,NA,Medicare and Medicaid,N,Legal Business Name Not Available,1977-05-01,BRIA HEALTH SERVICES,88,15,1.3,1.7,1.1,2.9,N,SFF Candidate,Y,N,N,Resident,Yes,1,NA,1,NA,3,NA,3,NA,NA,2,1,NA,NA,NA,2.7203,1.03789,0.25357,1.29146,4.01176,3.53989,0.20634,0.00244,69.2,NA,86.7,NA,3,NA,1.7973,1.29146,3.01161,1.11106,0.87731,4.99997,4.43564,2.09168,0.79805,0.19498,3.0847,2.72187,2025-03-14,20,6,18,378,3,265,643,2024-04-18,40,14,31,793,1,0,793,680.5,NA,7,821641,2,9,"727 NORTH 17TH STREET,BELLEVILLE,IL,62226",38.5237,-90.002,NA,2026-06-01
145294,PRAIRIE VILLAGE HEALTHCARE CTR,1024 WEST WALNUT,JACKSONVILLE,IL,62650,2172455175,770,Morgan,N,For profit - Corporation,126,50.7,NA,Medicare and Medicaid,N,PRAIRIE VILLAGE HEALTHCARE CENTER INC,1975-07-01,ATIED ASSOCIATES,53,12,2.4,2.7,1.9,3.1,N,NA,N,Y,N,Both,Yes,2,NA,3,NA,2,NA,2,NA,2,NA,1,NA,NA,NA,2.59036,1.07465,0.52972,1.60437,4.19474,3.39047,0.33306,0.03868,70,NA,60,NA,1,NA,1.88741,1.35621,3.1626,1.16676,0.92129,5.25065,4.65803,1.89668,0.78686,0.38787,3.07141,2.48252,2024-04-11,12,3,9,139,1,0,139,2023-05-10,5,5,0,44,1,0,44,115.25,NA,0,0,1,1,"1024 WEST WALNUT,JACKSONVILLE,IL,62650",39.7453,-90.245,NA,2026-06-01
145295,Goldwater Care Marseilles,578 WEST COMMERCIAL STREET,MARSEILLES,IL,61341,8157955121,580,La Salle,N,Government - Hospital district,103,58.6,NA,Medicare and Medicaid,N,GOLDWATER CARE MARSEILLES LLC,1976-07-01,GOLDWATER CARE,699,11,1.6,2,1.2,2.6,N,NA,Y,N,N,Resident,Yes,2,NA,2,NA,3,NA,5,NA,1,NA,2,NA,NA,NA,2.20088,0.40009,0.81548,1.21556,3.41644,2.86509,0.47995,0.03322,50,NA,35.7,NA,1,NA,1.96611,1.41276,3.29447,1.21541,0.95971,5.46959,4.85226,1.54699,0.28122,0.5732,2.4014,2.01386,2024-06-14,9,6,3,36,1,0,36,2023-06-23,35,17,18,319,2,160,479,146.75,2,4,271252,1,5,"578 WEST COMMERCIAL STREET,MARSEILLES,IL,61341",41.3286,-88.717,NA,2026-06-01
145304,ELEVATE CARE RIVERWOODS,3705 DEERFIELD ROAD,RIVERWOODS,IL,60015,8479479000,570,Lake,Y,For profit - Limited Liability company,240,141.9,NA,Medicare and Medicaid,N,ELEVATE CARE RIVERWOODS LLC,1978-09-01,ELEVATE CARE,197,13,2.3,2.4,2.2,3.8,N,NA,N,N,N,Resident,Yes,3,NA,3,NA,4,NA,4,NA,4,NA,3,NA,NA,NA,1.94668,0.58001,0.84758,1.42759,3.37427,3.05873,0.69223,0.05156,30.7,NA,16,NA,0,NA,1.76973,1.27164,2.9654,1.09401,0.86385,4.92326,4.36759,1.52016,0.45293,0.66187,2.63496,2.38855,2025-08-06,7,7,0,44,2,22,66,2024-07-25,10,7,3,104,1,0,104,75.5,NA,5,152185,1,6,"3705 DEERFIELD ROAD,RIVERWOODS,IL,60015",42.1677,-87.916,NA,2026-06-01
145307,"GROVE OF LAGRANGE PARK, THE",701 NORTH LAGRANGE ROAD,LA GRANGE PARK,IL,60526,7083547300,141,Cook,Y,For profit - Corporation,131,117.2,NA,Medicare and Medicaid,N,LAGRANGE SKILLED NURSING FACILITY LLC,1975-11-03,LEGACY HEALTHCARE,306,89,2.9,2.9,2.6,3.4,N,NA,N,N,N,Resident,Yes,3,NA,3,NA,4,NA,4,NA,4,NA,3,NA,NA,NA,1.80304,0.28571,0.98653,1.27224,3.07528,2.95342,0.88861,0.04112,46.7,NA,5.6,NA,0,NA,1.68398,1.21003,2.82172,1.041,0.82199,4.68472,4.15597,1.47968,0.23447,0.80961,2.52375,2.42374,2024-09-06,11,7,4,76,1,0,76,2023-09-20,10,7,3,72,1,0,72,75,NA,0,0,0,0,"701 NORTH LAGRANGE ROAD,LA GRANGE PARK,IL,60526",41.827,-87.873,NA,2026-06-01
145308,RIVER VIEW REHAB CENTER,50 NORTH JANE,ELGIN,IL,60123,8476973750,530,Kane,Y,For profit - Partnership,203,181.5,NA,Medicare and Medicaid,N,RIVER VIEW REHAB CENTER LLC,1979-12-01,ICARE CONSULTING SERVICES,762,7,1,1.1,1.6,2.3,N,NA,Y,N,N,Resident,Yes,1,NA,1,NA,2,NA,4,NA,1,NA,3,NA,NA,NA,1.21228,0.11193,0.70716,0.81909,2.03136,1.74338,0.45023,0.03036,28.7,NA,29.6,NA,0,NA,1.34839,0.96889,2.25939,0.83355,0.65818,3.75112,3.32774,1.24247,0.11472,0.72477,2.08196,1.7868,2025-09-05,15,7,8,84,1,0,84,2024-10-31,29,8,21,749,1,0,749,250.25,NA,5,591676,1,6,"50 NORTH JANE,ELGIN,IL,60123",42.0356,-88.317,NA,2026-06-01
145312,SYMPHONY NORTHWOODS,2250 PEARL STREET,BELVIDERE,IL,61008,8155440358,030,Boone,Y,For profit - Corporation,113,87.5,NA,Medicare and Medicaid,N,SYMPHONY NORTHWOODS LLC,1976-03-01,SYMPHONY CARE NETWORK,501,7,1.9,1.9,2.6,3.7,N,NA,N,N,N,Resident,Yes,1,NA,2,NA,3,NA,5,NA,1,NA,1,NA,NA,NA,1.44262,0.72033,0.35237,1.0727,2.51532,1.94011,0.20343,0.00626,64.1,NA,50,NA,0,NA,1.47536,1.06013,2.47215,0.91204,0.72016,4.10435,3.64111,1.3513,0.67473,0.33006,2.3561,1.81731,2026-01-07,18,11,7,164,1,0,164,2024-10-23,12,6,6,112,1,0,112,151,NA,4,126193,2,6,"2250 PEARL STREET,BELVIDERE,IL,61008",42.2366,-88.842,NA,2026-06-01
145316,APERION CARE WILMINGTON,555 WEST KAHLER,WILMINGTON,IL,60481,8154762200,989,Will,Y,For profit - Limited Liability company,171,165.4,NA,Medicare and Medicaid,N,"ISLAND CITY REHABILITATION CENTER, LLC",1976-07-01,APERION CARE,38,33,2,2.1,1.6,3.5,N,NA,Y,N,N,Resident,Yes,1,NA,2,NA,4,NA,5,NA,3,NA,1,NA,NA,NA,1.34329,0.31921,0.46542,0.78462,2.12791,1.83673,0.32251,0.01295,51.7,NA,61.5,NA,0,NA,1.57159,1.12927,2.6334,0.97153,0.76713,4.37206,3.8786,1.18121,0.28069,0.40926,1.87117,1.6151199999999999,2025-04-18,21,10,11,100,1,0,100,2024-03-28,21,12,9,527,1,0,527,206.75,NA,4,293067,0,4,"555 WEST KAHLER,WILMINGTON,IL,60481",41.2983,-88.137,NA,2026-06-01
145319,ARC AT EL PASO,555 EAST CLAY,EL PASO,IL,61738,3095276240,992,Woodford,Y,For profit - Limited Liability company,65,54.9,NA,Medicare and Medicaid,N,ARC AT EL PASO LLC,1976-08-01,ARCADIA CARE,42,22,1.5,1.8,1.3,3.1,N,NA,Y,N,N,Resident,Yes,2,NA,2,NA,5,NA,4,NA,5,NA,1,NA,NA,NA,2.00018,0.36609,0.54546,0.91156,2.91174,2.66653,0.38597,0.02083,42,NA,16.7,NA,2,NA,1.81546,1.3045,3.04203,1.12228,0.88617,5.05048,4.48045,1.52259,0.27868,0.41522,2.21649,2.02983,2025-03-26,14,9,5,108,1,0,108,2024-04-11,10,1,9,159,1,0,159,120.75,NA,1,8994,0,1,"555 EAST CLAY,EL PASO,IL,61738",40.7342,-89.008,NA,2026-06-01
145323,CARRIER MILLS NSG & REHAB CTR,6789 US RT 45,CARRIER MILLS,IL,62917,6189942323,910,Saline,N,For profit - Corporation,99,78.5,NA,Medicare and Medicaid,N,CARRIER MILLS NURSING & REHABILITATION CENTER LLC,1976-05-01,WLC MANAGEMENT FIRM,570,18,2.7,3.8,1.4,1.4,N,NA,N,N,N,Resident,Yes,3,NA,5,NA,1,NA,1,NA,1,NA,1,NA,NA,NA,1.83825,0.51425,0.43862,0.95287,2.79112,2.48889,0.2838,0.01183,NA,26,NA,26,NA,26,1.34621,0.96733,2.25575,0.8322,0.65712,3.74507,3.32238,1.88708,0.52791,0.45027,2.86526,2.555,2025-09-25,1,1,0,8,1,0,8,2024-10-31,5,4,1,20,1,0,20,11,NA,0,0,0,0,"6789 US RT 45,CARRIER MILLS,IL,62917",37.6902,-88.628,22,2026-06-01
145324,Harmony Park Ridge,1001 NORTH GREENWOOD AVENUE,PARK RIDGE,IL,60068,8476925600,141,Cook,Y,For profit - Limited Liability company,298,125.3,NA,Medicare and Medicaid,N,"PRIME HEALTHCARE SENIOR LIVING, LLC",1976-10-01,PRIME HEALTHCARE,420,6,3.3,3,3.2,3.6,N,NA,Y,N,N,Resident,Yes,1,NA,2,NA,2,NA,4,NA,1,NA,1,NA,NA,NA,1.602,0.43068,1.13456,1.56524,3.16725,3.05766,1.12076,0.08389,NA,26,NA,26,NA,26,1.61215,1.15842,2.70136,0.9966,0.78693,4.48489,3.9787,1.37327,0.36919,0.97257,2.71504,2.62109,2025-03-14,11,6,6,80,1,0,80,2024-05-02,24,8,16,256,1,0,256,124,NA,5,223201,3,8,"1001 NORTH GREENWOOD AVENUE,PARK RIDGE,IL,60068",42.0255,-87.841,NA,2026-06-01
145329,NORRIDGE GARDENS,7001 WEST CULLOM,NORRIDGE,IL,60634,7084570700,141,Cook,Y,For profit - Limited Liability company,292,215.1,NA,Medicare and Medicaid,N,"NORRIDGE GARDENS,LLC",1977-05-01,PREMIER HEALTHCARE OF ILLINOIS,410,3,2.3,2.3,1.7,2.7,N,NA,N,N,N,Resident,Yes,3,NA,3,NA,3,NA,4,NA,2,NA,2,NA,NA,NA,1.694,0.7384,0.66978,1.40818,3.10218,2.68219,0.5379,0.04396,38.9,NA,34.4,NA,2,NA,1.74748,1.25566,2.92813,1.08026,0.85299,4.86138,4.31269,1.33968,0.58395,0.52969,2.45332,2.1211700000000002,2024-12-19,9,8,1,52,1,0,52,2023-11-29,31,12,19,256,1,0,256,103,NA,2,15836,0,2,"7001 WEST CULLOM,NORRIDGE,IL,60634",41.9585,-87.779,NA,2026-06-01
145333,WEST SUBURBAN NURSING & REHAB CENTER,311 EDGEWATER DRIVE,BLOOMINGDALE,IL,60108,6308947400,250,Du Page,Y,For profit - Partnership,259,204.6,NA,Medicare and Medicaid,N,WEST SUBURBAN NURSING AND REHABILITATION CENTER LLC,1978-02-01,INFINITY HEALTHCARE CONSULTING,763,70,2,2.2,1.4,3.7,N,NA,Y,N,N,Resident,Yes,1,NA,2,NA,3,NA,4,NA,1,NA,1,NA,NA,NA,1.43474,0.74846,0.53161,1.28006,2.71481,2.34197,0.36672,0.02543,36.4,NA,42.9,NA,0,NA,1.6975,1.21975,2.84438,1.04936,0.82859,4.72234,4.18934,1.16805,0.60934,0.43279,2.21018,1.90665,2024-10-30,19,9,10,132,1,0,132,2023-12-06,13,7,6,64,1,0,64,115,NA,0,0,0,0,"311 EDGEWATER DRIVE,BLOOMINGDALE,IL,60108",41.9424,-88.066,NA,2026-06-01
145334,RIVAYA CARE OF DES PLAINES,9300 BALLARD ROAD,DES PLAINES,IL,60016,8472942300,141,Cook,Y,For profit - Limited Liability company,231,108.7,NA,Medicare and Medicaid,N,RIVAYA CARE OF DES PLAINES LLC,1977-01-01,NA,NA,NA,NA,NA,NA,NA,N,NA,N,N,N,Resident,Yes,1,NA,2,NA,3,NA,4,NA,2,NA,1,NA,NA,NA,1.80159,0.72088,0.75063,1.47151,3.2731,2.78001,0.48897,0.03468,NA,26,NA,26,1,NA,1.93094,1.38748,3.23553,1.19367,0.94254,5.37174,4.76546,1.2894,0.51593,0.53722,2.34256,1.98965,2025-12-18,11,1,10,64,1,0,64,2024-09-26,34,5,29,528,1,0,528,180,NA,6,297306,3,9,"9300 BALLARD ROAD,DES PLAINES,IL,60016",42.0433,-87.857,NA,2026-06-01
145336,WARREN BARR GOLD COAST,66 WEST OAK STREET,CHICAGO,IL,60610,3127055100,141,Cook,Y,For profit - Limited Liability company,271,199.2,NA,Medicare and Medicaid,N,"WARREN BARR LIVING & REHAB CENTER, LLC",1978-08-01,LEGACY HEALTHCARE,306,89,2.9,2.9,2.6,3.4,N,NA,N,N,N,None,Yes,4,NA,3,NA,5,NA,5,NA,4,NA,2,NA,NA,NA,2.23444,0.5364,1.16778,1.70417,3.93861,3.82132,1.19933,0.10725,52.9,NA,45,NA,0,NA,1.8287,1.31402,3.06422,1.13047,0.89263,5.08732,4.51313,1.68859,0.40536,0.8825,2.97646,2.88782,2024-12-06,12,7,6,68,1,0,68,2023-11-02,25,7,21,192,1,0,192,99,NA,2,24962,2,4,"66 WEST OAK STREET,CHICAGO,IL,60610",41.9006,-87.631,NA,2026-06-01
145337,RYZE ON THE AVENUE,3400 SOUTH INDIANA,CHICAGO,IL,60616,3128425000,141,Cook,Y,For profit - Corporation,302,253.7,NA,Medicare and Medicaid,N,RYZE ON THE AVENUE LLC,1977-04-22,NA,NA,NA,NA,NA,NA,NA,N,NA,Y,N,N,Both,Yes,1,NA,1,NA,2,NA,4,NA,1,NA,1,NA,NA,NA,1.52574,0.58865,0.38919,0.97784,2.50358,2.42285,0.44669,0.01669,59.6,NA,62.5,NA,2,NA,1.97405,1.41846,3.30777,1.22032,0.96358,5.49167,4.87185,1.06813,0.4121,0.27246,1.75268,1.69616,2024-09-25,26,17,9,160,1,0,160,2023-08-16,56,10,46,456,1,0,456,234,NA,10,204298,3,13,"3400 SOUTH INDIANA,CHICAGO,IL,60616",41.8329,-87.622,NA,2026-06-01
145338,Oakwood Rehab and Nursing Center,512 EAST OGDEN AVENUE,WESTMONT,IL,60559,6303234400,250,Du Page,Y,For profit - Limited Liability company,149,92.4,NA,Medicare and Medicaid,N,WESTMONT MANOR HRC LLC,1977-05-01,ATIED ASSOCIATES,53,12,2.4,2.7,1.9,3.1,N,NA,Y,N,N,Resident,Yes,1,NA,2,NA,3,NA,2,NA,4,NA,1,NA,NA,NA,1.79397,0.75582,0.53235,1.28818,3.08215,2.46117,0.28297,0.06084,64,NA,55,NA,0,NA,1.82855,1.31391,3.06396,1.13037,0.89256,5.08689,4.51276,1.35584,0.57123,0.40234,2.32941,1.86009,2024-12-12,26,13,13,208,1,0,208,2024-02-01,21,10,17,188,1,0,188,203,NA,3,91964,0,3,"512 EAST OGDEN AVENUE,WESTMONT,IL,60559",41.8104,-87.96,NA,2026-06-01
145339,"GROVE OF ELMHURST, THE",127 WEST DIVERSEY,ELMHURST,IL,60126,6305305225,250,Du Page,Y,For profit - Corporation,180,138.6,NA,Medicare and Medicaid,N,"ELMBROOK SKILLED NURSING FACILITY, LLC",1978-06-01,LEGACY HEALTHCARE,306,89,2.9,2.9,2.6,3.4,N,NA,N,N,N,Resident,Yes,2,NA,3,NA,4,NA,4,NA,3,NA,1,NA,NA,NA,1.91051,0.71893,0.72601,1.44495,3.35546,3.30606,0.72993,0.03859,53.2,NA,56.7,NA,0,NA,1.97737,1.42085,3.31334,1.22237,0.9652,5.50092,4.88005,1.33524,0.50246,0.50741,2.3451,2.31058,2025-05-23,15,11,4,84,1,0,84,2024-04-05,24,11,24,207,1,0,207,114.75,NA,1,61031,1,2,"127 WEST DIVERSEY,ELMHURST,IL,60126",41.9282,-87.94,NA,2026-06-01
145341,ENCORE VILLAGE,350 WEST SCHAUMBURG ROAD,SCHAUMBURG,IL,60194,8478845000,141,Cook,Y,For profit - Limited Liability company,169,104.6,NA,Medicare and Medicaid,N,IL CCRC LLC,1978-03-31,NA,NA,NA,NA,NA,NA,NA,Y,NA,N,N,N,Resident,Yes,4,NA,4,NA,4,NA,3,NA,5,NA,4,NA,NA,NA,2.17678,0.66844,1.34771,2.01615,4.19293,3.59095,0.95991,0.11445,40.9,NA,35.7,NA,0,NA,1.53861,1.10557,2.57813,0.95114,0.75103,4.28029,3.79719,1.95518,0.60039,1.21051,3.76608,3.22538,2024-11-20,13,10,3,68,1,0,68,2023-12-06,13,5,8,68,1,0,68,68,NA,2,25454,0,2,"350 WEST SCHAUMBURG ROAD,SCHAUMBURG,IL,60194",42.0269,-88.089,NA,2026-06-01
145343,AMBASSADOR NURSING & REHAB CENTER,4900 NORTH BERNARD,CHICAGO,IL,60625,7735837130,141,Cook,Y,For profit - Limited Liability company,190,177.1,NA,Medicare and Medicaid,N,AMBASSADOR NURSING AND REHABILITATION CENTER II LLC,1977-05-16,INFINITY HEALTHCARE CONSULTING,763,70,2,2.2,1.4,3.7,N,NA,Y,N,N,Resident,Yes,2,NA,2,NA,3,NA,5,NA,1,NA,2,NA,NA,NA,1.48171,0.50284,0.6091,1.11194,2.59365,2.38452,0.47803,0.02878,22.3,NA,21.7,NA,0,NA,1.60123,1.15057,2.68306,0.98985,0.7816,4.4545,3.95174,1.27882,0.43398,0.52569,2.2385,2.05801,2025-08-08,21,13,12,192,1,0,192,2024-07-12,27,13,14,212,1,0,212,197,NA,2,134388,2,4,"4900 NORTH BERNARD,CHICAGO,IL,60625",41.9702,-87.715,NA,2026-06-01
145347,GILMAN HEALTHCARE CENTER,"1390 SOUTH CRESCENT STREET, BOX 307",GILMAN,IL,60938,8152657208,460,Iroquois,N,For profit - Corporation,99,49.4,NA,Medicare and Medicaid,N,"GILMAN HEALTHCARE CENTER, LLC",1978-01-01,PREMIER HEALTHCARE OF ILLINOIS,410,3,2.3,2.3,1.7,2.7,N,NA,N,Y,N,Resident,Yes,3,NA,3,NA,2,NA,3,NA,1,NA,2,NA,NA,NA,2.09021,0.6958,0.67735,1.37315,3.46336,3.13571,0.50913,0.03667,45.5,NA,37.5,NA,0,NA,1.75433,1.26058,2.9396,1.08449,0.85633,4.88043,4.32959,1.64656,0.54811,0.53358,2.72826,2.47015,2024-05-24,4,4,0,28,1,0,28,2023-07-14,17,6,11,247,1,0,247,82.75,NA,5,179371,0,5,"1390 SOUTH CRESCENT STREET, BOX 307,GILMAN,IL,60938",40.7472,-87.996,NA,2026-06-01
145350,"PEARL OF ROLLING MEADOWS,THE",4225 KIRCHOFF ROAD,ROLLING MEADOWS,IL,60008,8473972400,141,Cook,Y,For profit - Individual,155,116.9,NA,Medicare and Medicaid,N,PEARL OF ROLLING MEADOWS LLC,1977-07-07,PEARL HEALTHCARE,595,15,2.6,2.7,2.1,3.6,N,NA,N,N,N,Resident,Yes,3,NA,3,NA,4,NA,5,NA,3,NA,3,NA,NA,NA,1.90344,0.64685,0.89751,1.54436,3.4478,2.93128,0.55673,0.0543,36.8,NA,37,NA,0,NA,1.6007,1.15019,2.68218,0.98952,0.78134,4.45304,3.95044,1.64335,0.55846,0.77487,2.97667,2.53073,2025-03-27,10,5,6,68,1,0,68,2024-02-09,15,5,10,100,1,0,100,76,NA,0,0,0,0,"4225 KIRCHOFF ROAD,ROLLING MEADOWS,IL,60008",42.0841,-88.035,NA,2026-06-01
145358,ARISTA HEALTHCARE,1136 NORTH MILL STREET,NAPERVILLE,IL,60563,6303553300,250,Du Page,Y,For profit - Corporation,153,88.3,NA,Medicare and Medicaid,N,ARISTA HEALTHCARE LLC,1977-09-20,SABA HEALTHCARE,777,11,1.8,1.6,1.5,3.1,N,NA,N,N,N,Both,Yes,4,NA,4,NA,3,NA,5,NA,1,NA,2,NA,NA,NA,2.09687,0.57273,0.86359,1.43632,3.53319,2.79257,0.5694,0.0715,33.3,NA,29.4,NA,0,NA,1.86934,1.34322,3.13232,1.15559,0.91247,5.20038,4.61344,1.55018,0.42341,0.63844,2.61203,2.0645,2025-01-17,8,8,0,44,1,0,44,2024-03-21,7,6,1,40,1,0,40,43,NA,0,0,0,0,"1136 NORTH MILL STREET,NAPERVILLE,IL,60563",41.7887,-88.155,NA,2026-06-01
145363,WARREN BARR OAK LAWN,9401 SOUTH KOSTNER AVENUE,OAK LAWN,IL,60453,7084237882,141,Cook,Y,For profit - Limited Liability company,122,100.8,NA,Medicare and Medicaid,N,"OAK LAWN EAST SKILLED NURSING FACILITY, LLC",1977-12-08,LEGACY HEALTHCARE,306,89,2.9,2.9,2.6,3.4,N,NA,N,N,N,Resident,Yes,4,NA,4,NA,4,NA,4,NA,4,NA,2,NA,NA,NA,1.96672,0.88535,0.83457,1.71992,3.68664,3.53758,0.70309,0.20709,50.4,NA,31.8,NA,0,NA,1.82034,1.30801,3.05021,1.1253,0.88855,5.06405,4.49249,1.49311,0.67214,0.63359,2.79884,2.68568,2025-01-31,3,0,3,12,0,0,12,2024-04-05,13,6,7,92,1,0,92,32,NA,0,0,0,0,"9401 SOUTH KOSTNER AVENUE,OAK LAWN,IL,60453",41.7221,-87.731,NA,2026-06-01
145367,GILLESPIE HEALTH & REHAB CTR,7588 STAUNTON ROAD,GILLESPIE,IL,62033,2178392171,670,Macoupin,Y,For profit - Corporation,100,69.1,NA,Medicare and Medicaid,N,GILLESPIE HEALTH AND REHAB CENTER LLC,1978-07-01,SUMMIT HEALTHCARE CONSULTING,796,9,2.6,3.2,1.3,3.2,N,NA,N,N,N,Resident,Yes,3,NA,4,NA,3,NA,5,NA,1,NA,1,NA,NA,NA,1.91011,0.76687,0.34547,1.11234,3.02245,2.70554,0.28087,0.02167,14.9,NA,28.6,NA,0,NA,1.83101,1.31568,3.06809,1.13189,0.89376,5.09374,4.51883,1.44168,0.5788,0.26075,2.28123,2.04203,2025-04-17,8,6,2,52,1,0,52,2024-05-07,1,1,0,4,1,0,4,40,NA,0,0,0,0,"7588 STAUNTON ROAD,GILLESPIE,IL,62033",39.1091,-89.816,NA,2026-06-01
145370,SULLIVAN HEALTHCARE & SENIOR LIVING,11 HAWTHORNE LANE,SULLIVAN,IL,61951,2177284327,780,Moultrie,N,For profit - Limited Liability company,123,72.7,NA,Medicare and Medicaid,N,SULLIVAN HEALTHCARE & SENIOR LIVING LLC,1978-05-01,POINTE MANAGEMENT,776,12,1.7,2.3,1.3,1.3,N,NA,Y,N,N,Resident,Yes,1,NA,1,NA,1,NA,1,NA,1,NA,1,NA,NA,NA,1.76861,0.71708,0.31582,1.0329,2.80151,2.71517,0.26522,0.00954,NA,26,NA,26,1,NA,1.54445,1.10977,2.58792,0.95475,0.75388,4.29655,3.81162,1.58255,0.64164,0.28259,2.50679,2.42953,2025-08-15,20,10,10,192,1,0,192,2024-09-13,20,12,8,335,1,0,335,227.75,0,1,93289,1,2,"11 HAWTHORNE LANE,SULLIVAN,IL,61951",39.5844,-88.607,NA,2026-06-01
145371,ARCADIA CARE BLOOMINGTON,1509 NORTH CALHOUN STREET,BLOOMINGTON,IL,61701,3098276046,650,Mc Lean,Y,For profit - Limited Liability company,115,90.8,NA,Medicare and Medicaid,N,ARCADIA CARE BLOOMINGTON LLC,1978-03-29,ARCADIA CARE,42,22,1.5,1.8,1.3,3.1,N,NA,Y,N,N,Resident,Yes,1,NA,2,NA,3,NA,4,NA,2,NA,1,NA,NA,NA,1.84852,0.61488,0.28279,0.89767,2.74619,2.55948,0.19949,0.01477,50,NA,33.3,NA,2,NA,1.7449,1.2538,2.92379,1.07866,0.85173,4.85418,4.3063,1.46404,0.48699,0.22398,2.17501,2.02713,2025-04-04,11,0,11,92,0,0,92,2024-03-27,32,4,28,216,1,0,216,123,1,3,179825,2,5,"1509 NORTH CALHOUN STREET,BLOOMINGTON,IL,61701",40.4924,-89.006,NA,2026-06-01
145372,"PEARL OF JOLIET, THE",306 NORTH LARKIN AVENUE,JOLIET,IL,60435,8157445560,989,Will,Y,For profit - Limited Liability company,214,137.2,NA,Medicare and Medicaid,N,PEARL OF JOLIET LLC,1978-09-08,PEARL HEALTHCARE,595,15,2.6,2.7,2.1,3.6,N,NA,N,N,N,Resident,Yes,1,NA,2,NA,3,NA,5,NA,2,NA,1,NA,NA,NA,1.78335,0.72585,0.6283,1.35415,3.13751,2.64989,0.42989,0.0327,49.5,NA,35,NA,0,NA,1.82735,1.31305,3.06196,1.12963,0.89198,5.08356,4.5098,1.3487,0.54894,0.47516,2.3728,2.00403,2025-02-13,19,15,9,116,1,0,116,2023-12-01,24,9,15,172,1,0,172,130,NA,3,83448,1,4,"306 NORTH LARKIN AVENUE,JOLIET,IL,60435",41.5269,-88.125,NA,2026-06-01
145376,OAKVIEW NURSING & REHAB,1320 WEST 9TH STREET,MOUNT CARMEL,IL,62863,6182634337,983,Wabash,N,For profit - Corporation,90,67.8,NA,Medicare and Medicaid,N,"OAKVIEW NURSING & REHABILITATION, LLC",1979-02-01,WLC MANAGEMENT FIRM,570,18,2.7,3.8,1.4,1.4,N,NA,N,N,N,Resident,Yes,3,NA,4,NA,1,NA,2,NA,1,NA,2,NA,NA,NA,2.4053,0.3962,0.62242,1.01861,3.42391,3.13042,0.60994,0.01274,NA,26,NA,26,NA,26,1.2919,0.9283,2.16475,0.79863,0.63061,3.59399,3.18835,2.57299,0.42382,0.66581,3.66262,3.34866,2025-01-17,7,7,0,48,1,0,48,2024-01-26,13,2,11,104,1,0,104,62,NA,1,11660,0,1,"1320 WEST 9TH STREET,MOUNT CARMEL,IL,62863",38.4107,-87.779,NA,2026-06-01
145379,ALDEN VALLEY RIDGE REHAB & HCC,275 EAST ARMY TRAIL ROAD,BLOOMINGDALE,IL,60108,6308939616,250,Du Page,Y,For profit - Corporation,207,167.2,NA,Medicare and Medicaid,N,"ALDEN-VALLEY RIDGE REHABILITATION AND HEALTH CARE CENTER, INC.",1979-06-02,THE ALDEN NETWORK,504,27,2.5,3,1.3,3.8,N,NA,N,N,N,Resident,Yes,4,NA,4,NA,5,NA,5,NA,4,NA,1,NA,NA,NA,1.61081,0.23222,0.79252,1.02474,2.63555,2.34574,0.76792,0.05753,NA,26,NA,26,NA,26,1.63848,1.17734,2.74548,1.01288,0.79978,4.55814,4.04368,1.35863,0.19586,0.66845,2.22295,1.97851,2025-06-06,6,6,0,60,1,0,60,2024-08-21,10,9,1,48,1,0,48,57,NA,0,0,0,0,"275 EAST ARMY TRAIL ROAD,BLOOMINGDALE,IL,60108",41.9351,-88.063,NA,2026-06-01
145380,LUTHERAN CARE CENTER,702 WEST CUMBERLAND,ALTAMONT,IL,62411,6184836136,330,Effingham,N,Non profit - Corporation,96,42.6,NA,Medicare and Medicaid,N,LUTHERAN CARE CENTER,1979-01-09,NA,NA,NA,NA,NA,NA,NA,N,NA,N,N,N,Resident,Yes,5,NA,4,NA,2,NA,1,NA,4,NA,5,NA,NA,NA,2.40221,0.45733,0.71363,1.17096,3.57317,3.26406,0.62302,0.00677,29.2,NA,12.5,NA,0,NA,1.11872,0.80386,1.87455,0.69157,0.54607000000000006,3.1122,2.76093,2.96749,0.56495,0.88156,4.41399,4.03215,2025-09-30,3,3,1,24,1,0,24,2024-07-26,5,2,3,56,1,0,56,32,NA,2,19208,0,2,"702 WEST CUMBERLAND,ALTAMONT,IL,62411",39.0538,-88.753,NA,2026-06-01
145381,CLARK-LINDSEY VILLAGE,101 WEST WINDSOR ROAD,URBANA,IL,61801,2173442144,090,Champaign,Y,Non profit - Corporation,25,23.1,NA,Medicare,N,CLARK-LINDSEY VILLAGE INC,1979-09-18,NA,NA,NA,NA,NA,NA,NA,Y,NA,Y,N,N,Both,Yes,2,NA,2,NA,3,NA,4,NA,2,NA,4,NA,NA,NA,3.58489,0.65861,1.41255,2.07115,5.65604,4.59815,0.78239,0.17283,NA,26,NA,26,NA,26,1.28439,0.9229,2.15215,0.79398,0.62694,3.57307,3.16979,3.85726,0.70865,1.51987,6.08578,4.94751,2025-02-06,22,14,8,168,2,84,252,2024-01-19,6,3,3,48,1,0,48,201,NA,3,129850,1,4,"101 WEST WINDSOR ROAD,URBANA,IL,61801",40.0837,-88.208,NA,2026-06-01
145382,LEE MANOR,1301 LEE STREET,DES PLAINES,IL,60018,8476354000,141,Cook,Y,For profit - Limited Liability company,262,205.4,NA,Medicare and Medicaid,N,"SENECA NURSING HOME, INC.",1979-06-04,NA,NA,NA,NA,NA,NA,NA,N,NA,N,N,N,Resident,Yes,4,NA,4,NA,4,NA,4,NA,3,NA,2,NA,NA,NA,1.89675,0.38655,0.83355,1.2201,3.11685,2.78601,0.60746,0.04068,27.5,NA,25.6,NA,NA,26,1.6046,1.15299,2.6887,0.99193,0.78324,4.46388,3.96006,1.63359,0.33292,0.7179,2.68441,2.39947,2025-04-18,8,7,1,80,1,0,80,2024-03-22,3,1,2,16,1,0,16,64,NA,0,0,1,1,"1301 LEE STREET,DES PLAINES,IL,60018",42.0301,-87.894,NA,2026-06-01
145384,EDEN VILLAGE CARE CENTER,400 SOUTH STATION ROAD,GLEN CARBON,IL,62034,6182885014,680,Madison,Y,Non profit - Corporation,107,50.5,NA,Medicare and Medicaid,N,"EDEN RETIREMENT CENTER, INC.",1979-05-11,NA,NA,NA,NA,NA,NA,NA,Y,NA,N,N,N,Resident,Yes,5,NA,4,NA,3,NA,4,NA,2,NA,5,NA,NA,NA,2.60118,1.24112,0.76206,2.00318,4.60436,3.70595,0.57456,0.02007,45.1,NA,35.7,NA,0,NA,1.27251,0.91437,2.13225,0.78664,0.62114,3.54003,3.14048,2.82494,1.34788,0.82761,5.00044,4.02474,2025-02-06,4,4,0,36,1,0,36,2024-03-22,4,4,0,24,1,0,24,33,NA,0,0,0,0,"400 SOUTH STATION ROAD,GLEN CARBON,IL,62034",38.7721,-89.947,NA,2026-06-01
145386,Southgate Health Care Center,900 EAST NINTH STREET,METROPOLIS,IL,62960,6185242683,720,Massac,Y,For profit - Corporation,140,92.8,NA,Medicare and Medicaid,N,"SOUTHGATE HEALTH CARE CENTER, INC",1979-08-01,NA,NA,NA,NA,NA,NA,NA,N,NA,N,N,N,Resident,Yes,2,NA,2,NA,2,NA,2,NA,2,NA,3,NA,NA,NA,2.44637,0.75545,0.44707,1.20252,3.64889,3.2011,0.19136,0,58.3,NA,16.7,NA,0,NA,1.32208,0.94999,2.21532,0.81729,0.64534,3.67795,3.26283,2.55719,0.78967,0.46732,3.81418,3.3461,2025-04-18,8,1,7,155,1,0,155,2024-05-31,18,8,10,124,1,0,124,147.25,NA,2,20170,0,2,"900 EAST NINTH STREET,METROPOLIS,IL,62960",37.15,-88.72,NA,2026-06-01
145387,ST ANTHONY'S NSG & REHAB CTR,767  30TH STREET,ROCK ISLAND,IL,61201,3097887631,890,Rock Island,Y,For profit - Limited Liability company,130,86.7,NA,Medicare and Medicaid,N,ST ANTHONYS REHABILITATION AND NURSING CENTER LLC,1979-02-01,NA,NA,NA,NA,NA,NA,NA,N,NA,N,N,N,Resident,Yes,1,NA,1,NA,2,NA,2,NA,3,NA,2,NA,NA,NA,2.35075,0.86626,0.40354,1.2698,3.62055,3.22516,0.3801,0.05451,41.5,NA,42.9,NA,1,NA,1.43527,1.03132,2.40498,0.88726,0.70059,3.99283,3.54217,2.26346,0.83409,0.38855,3.4861,3.10539,2025-02-27,14,7,8,108,1,0,108,2024-03-21,36,9,27,636,1,0,636,240,NA,3,358112,2,5,"767  30TH STREET,ROCK ISLAND,IL,61201",41.503,-90.557,NA,2026-06-01
145388,HELIA HEALTHCARE OF OLNEY,410 EAST MACK,OLNEY,IL,62450,6183957421,880,Richland,N,For profit - Corporation,118,67.4,NA,Medicare and Medicaid,N,"HELIA HEALTHCARE OF OLNEY, LLC",1979-01-04,HELIA HEALTHCARE,263,13,2.3,2.7,1.3,2.8,N,NA,N,N,N,Resident,Yes,5,NA,4,NA,5,NA,5,NA,4,NA,2,NA,NA,NA,1.70658,0.43165,0.51804,0.94968,2.65626,2.50749,0.31975,0.01836,41.3,NA,0,NA,0,NA,1.77896,1.27828,2.98087,1.09972,0.86835,4.94893,4.39037,1.32575,0.33532,0.40243,2.0635,1.94793,2025-04-11,6,2,4,60,1,0,60,2024-05-08,4,3,1,32,1,0,32,53,NA,0,0,0,0,"410 EAST MACK,OLNEY,IL,62450",38.7459,-88.08,NA,2026-06-01
145400,WESTMINSTER VILLAGE,2025 EAST LINCOLN STREET,BLOOMINGTON,IL,61701,3096636474,650,Mc Lean,Y,Non profit - Corporation,48,41.5,NA,Medicare,N,WESTMINSTER VILLAGE INC,1985-08-01,NA,NA,NA,NA,NA,NA,NA,Y,NA,N,Y,N,Both,Yes,4,NA,3,NA,3,NA,3,NA,3,NA,5,NA,NA,NA,2.71978,0.27899,1.12611,1.4051,4.12488,3.7143,0.74272,0.06518,28.3,NA,27.3,NA,0,NA,1.25589,0.90242,2.10439,0.77636,0.61303,3.49378,3.09945,2.99284,0.307,1.23917,4.53901,4.08721,2024-04-10,15,13,2,96,1,0,96,2023-06-23,9,7,3,72,1,0,72,90,NA,1,12149,1,2,"2025 EAST LINCOLN STREET,BLOOMINGTON,IL,61701",40.4666,-88.962,NA,2026-06-01
145403,ALDEN POPLAR CREEK REHAB & HCC,1545 BARRINGTON ROAD,HOFFMAN ESTATES,IL,60169,8478840011,141,Cook,Y,For profit - Corporation,217,160,NA,Medicare and Medicaid,N,"ALDEN-POPLAR CREEK REHABILITATION AND HEALTH CARE CENTER, INC.",1982-08-01,THE ALDEN NETWORK,504,27,2.5,3,1.3,3.8,N,NA,N,N,N,Resident,Yes,4,NA,4,NA,5,NA,5,NA,4,NA,1,NA,NA,NA,1.60255,0.52049,0.73811,1.2586,2.86115,2.55538,0.66516,0.09151,NA,26,NA,26,NA,26,1.61228,1.15851,2.70158,0.99668,0.78699,4.48526,3.97902,1.37363,0.44614,0.63267,2.45244,2.19035,2024-09-11,9,7,2,52,1,0,52,2023-10-04,12,3,9,52,1,0,52,52,NA,1,8281,0,1,"1545 BARRINGTON ROAD,HOFFMAN ESTATES,IL,60169",42.0507,-88.144,NA,2026-06-01
145404,FARMINGTON VILLAGE NRSG,701 SOUTH MAIN STREET,FARMINGTON,IL,61531,3092452408,370,Fulton,N,For profit - Corporation,92,83.5,NA,Medicare and Medicaid,N,FARMINGTON VILLAGE NURSING AND REHABILITATION CENTER LLC,1980-08-01,ATIED ASSOCIATES,53,12,2.4,2.7,1.9,3.1,N,NA,N,N,N,Resident,Yes,5,NA,4,NA,5,NA,5,NA,3,NA,2,NA,NA,NA,2.10523,0.79348,0.63253,1.42601,3.53124,2.99981,0.3429,0.02142,43.4,NA,38.5,NA,0,NA,1.90475,1.36867,3.19165,1.17748,0.92976,5.29889,4.70082,1.52743,0.5757,0.45893,2.56205,2.17648,2025-05-29,4,4,0,32,1,0,32,2024-04-05,6,6,0,48,1,0,48,36,0,0,0,0,0,"701 SOUTH MAIN STREET,FARMINGTON,IL,61531",40.6899,-90.006,NA,2026-06-01
145405,BRIA OF WESTMONT,6501 SOUTH CASS,WESTMONT,IL,60559,6309602026,250,Du Page,Y,For profit - Individual,215,178.8,NA,Medicare and Medicaid,N,WESTMONT NURSING AND REHABILITATION CENTER LLC,1980-07-17,BRIA HEALTH SERVICES,88,15,1.3,1.7,1.1,2.9,N,NA,N,N,N,Resident,Yes,1,NA,1,NA,3,NA,5,NA,1,NA,1,NA,NA,NA,2.20144,0.70578,0.59623,1.30201,3.50346,2.93674,0.40751,0.03854,61.4,NA,48.4,NA,0,NA,1.79629,1.29073,3.0099,1.11043,0.87681,4.99714,4.43313,1.69368,0.54299,0.45871,2.69539,2.25938,2024-09-26,22,10,12,168,1,0,168,2023-10-27,44,8,40,368,2,184,552,264,NA,6,151077,1,7,"6501 SOUTH CASS,WESTMONT,IL,60559",41.77,-87.974,NA,2026-06-01
145406,Randolph County Care Center,312 WEST BELMONT,SPARTA,IL,62286,6184434351,870,Randolph,N,Government - County,100,52.9,NA,Medicare and Medicaid,N,COUNTY OF RANDOLPH NURSING HOME,1980-04-01,NA,NA,NA,NA,NA,NA,NA,N,NA,N,Y,N,Resident,Yes,1,NA,2,NA,1,NA,1,NA,NA,2,1,24,NA,NA,2.46376,0.87419,0.35291,1.2271,3.69085,3.31545,0.22138,0.00905,61.1,NA,NA,27,NA,26,1.22842,0.88269,2.05838,0.75939,0.59962,3.41739,3.03168,2.77172,0.98346,0.39702,4.1522,3.72987,2024-04-30,5,3,2,195,1,0,195,2023-02-09,7,1,6,151,0,0,151,184,NA,2,172932,1,3,"312 WEST BELMONT,SPARTA,IL,62286",38.1177,-89.706,NA,2026-06-01
145409,MICHAELSEN HEALTH CENTER,831 NORTH BATAVIA AVENUE,BATAVIA,IL,60510,6308794300,530,Kane,Y,Non profit - Corporation,99,70.1,NA,Medicare and Medicaid,N,"COVENANT HEALTH CARE CENTER, INC.",1980-11-01,COVENANT LIVING,168,15,4.4,4.1,4.3,3.6,Y,NA,N,N,N,Resident,Yes,5,NA,4,NA,3,NA,4,NA,2,NA,5,NA,NA,NA,2.91364,0.30377,1.56801,1.87178,4.78542,4.50357,1.23795,0.0953,35.5,NA,25,NA,0,NA,1.35059,0.97047,2.26308,0.83491,0.65926,3.75725,3.33318,2.98134,0.31083,1.60444,4.89661,4.60821,2026-02-20,3,2,1,32,1,0,32,2024-12-20,12,6,6,92,1,0,92,47,NA,1,9110,1,2,"831 NORTH BATAVIA AVENUE,BATAVIA,IL,60510",41.862,-88.314,NA,2026-06-01
145410,EVERCARE OF BREESE,1155 NORTH FIRST STREET,BREESE,IL,62230,6185264521,130,Clinton,Y,For profit - Limited Liability company,112,72.4,NA,Medicare and Medicaid,N,CARING FIRST INC.,1982-03-01,NA,NA,NA,NA,NA,NA,NA,N,NA,N,N,N,Resident,Yes,1,NA,3,NA,1,NA,2,NA,1,NA,1,NA,NA,NA,1.79468,0.73643,0.30213,1.03857,2.83325,2.5159,0.17667,0.01816,NA,26,NA,26,NA,26,1.63474,1.17465,2.73921,1.01056,0.79796,4.54773,4.03444,1.51718,0.62257,0.25541,2.39517,2.12689,2025-01-31,6,2,4,123,1,0,123,2023-12-22,4,0,4,64,0,0,64,108.25,NA,4,148457,1,5,"1155 NORTH FIRST STREET,BREESE,IL,62230",38.6075,-89.52,NA,2026-06-01
145411,ROSE GARDEN OF PANA,900 SOUTH CHESTNUT,PANA,IL,62557,2175623996,100,Christian,N,For profit - Individual,105,73.8,NA,Medicare and Medicaid,N,"ROSE GARDEN OF PANA, LLC",1980-08-08,POINTE MANAGEMENT,776,12,1.7,2.3,1.3,1.3,N,NA,N,N,N,Resident,Yes,2,NA,3,NA,2,NA,2,NA,NA,2,1,24,NA,NA,1.6647,0.78502,0.10332,0.88835,2.55304,2.35671,0.09081,0.00704,NA,26,NA,27,1,NA,1.29116,0.92777,2.16351,0.79817,0.63025,3.59192,3.18652,1.78178,0.84024,0.11059,2.7326,2.52246,2024-10-31,12,8,4,112,1,0,112,2023-11-16,10,8,2,96,2,48,144,120,NA,2,120442,1,3,"900 SOUTH CHESTNUT,PANA,IL,62557",39.3794,-89.087,NA,2026-06-01
145413,GOLDWATER CARE TOLUCA,101 EAST VIA GHIGLIERI,TOLUCA,IL,61369,8154522367,700,Marshall,Y,For profit - Corporation,104,61,NA,Medicare and Medicaid,N,GOLDWATER CARE TOLUCA LLC,1980-11-01,GOLDWATER CARE,699,11,1.6,2,1.2,2.6,N,NA,Y,Y,N,Resident,Yes,1,NA,2,NA,3,NA,3,NA,NA,2,1,NA,NA,NA,1.92627,0.53196,0.64643,1.1784,3.10467,2.84796,0.53695,0.00888,51.7,NA,66.7,NA,0,NA,1.92678,1.38449,3.22856,1.19109,0.94051,5.36016,4.75518,1.38161,0.38155,0.46365,2.22681,2.04269,2024-05-02,10,6,4,108,1,0,108,2023-05-12,9,6,3,68,1,0,68,98,NA,0,0,1,1,"101 EAST VIA GHIGLIERI,TOLUCA,IL,61369",41.0112,-89.133,NA,2026-06-01
145414,PRAIRIE CROSSING LVG & REHAB,409 WEST COMANCHE ROAD,SHABBONA,IL,60550,8158242194,170,De Kalb,Y,For profit - Limited Liability company,91,52.8,NA,Medicare and Medicaid,N,PRAIRIE CROSSING LIVING & REHABILITATION CENTER LLC,1980-10-01,NA,NA,NA,NA,NA,NA,NA,N,NA,N,N,N,Resident,Yes,4,NA,4,NA,2,NA,3,NA,1,NA,3,NA,NA,NA,2.50854,0.50684,0.64195,1.14879,3.65732,3.09545,0.47109,0.03172,45.9,NA,14.3,NA,0,NA,1.5123,1.08667,2.53405,0.93487,0.73819,4.20712,3.73228,2.29235,0.46316,0.58662,3.34214,2.82869,2024-10-03,2,2,0,20,1,0,20,2023-09-15,7,4,3,108,1,0,108,42,NA,3,39635,1,4,"409 WEST COMANCHE ROAD,SHABBONA,IL,60550",41.768,-88.877,NA,2026-06-01
145415,IRVING PARK LIVING & REHAB CTR,4340 NORTH KEYSTONE,CHICAGO,IL,60641,7735458700,141,Cook,Y,For profit - Individual,117,87.6,NA,Medicare and Medicaid,N,IRVING PARK LIVING AND REHAB CENTER LLC,1981-01-28,LINEAGE HEALTHCARE,854,5,1.8,1.6,2,3,N,NA,N,N,N,Both,Yes,2,NA,2,NA,3,NA,3,NA,3,NA,2,NA,NA,NA,2.07792,0.61345,0.86062,1.47407,3.55199,3.10251,0.7372,0.02242,43,NA,35.3,NA,0,NA,1.91655,1.37714,3.21142,1.18477,0.93551,5.33171,4.72994,1.49833,0.44234,0.62057,2.56124,2.23713,2025-01-17,16,15,2,140,1,0,140,2023-11-30,35,10,26,276,1,0,276,174,NA,1,10358,1,2,"4340 NORTH KEYSTONE,CHICAGO,IL,60641",41.9601,-87.729,NA,2026-06-01
145416,HEARTLAND NURSING & REHAB,410 NORTHWEST THIRD,CASEY,IL,62420,2179324081,110,Clark,N,For profit - Corporation,81,48.2,NA,Medicare and Medicaid,N,HEARTLAND NURSING & REHABILITATION LLC,1981-03-01,WLC MANAGEMENT FIRM,570,18,2.7,3.8,1.4,1.4,N,NA,N,N,N,Resident,Yes,2,NA,2,NA,2,NA,2,NA,2,NA,4,NA,NA,NA,2.43101,0.73695,0.79748,1.53443,3.96544,3.56546,0.87903,0.02212,60.3,NA,57.1,NA,NA,26,1.16999,0.8407,1.96046,0.72326,0.5711,3.25482,2.88746,2.87148,0.87048,0.94197,4.68393,4.21148,2024-12-13,19,15,4,144,1,0,144,2023-11-08,16,12,6,84,1,0,84,129,NA,0,0,0,0,"410 NORTHWEST THIRD,CASEY,IL,62420",39.3027,-87.997,NA,2026-06-01
145418,AVENUES AT ROYAL OAK,605 EAST CHURCH STREET,KEWANEE,IL,61443,3098523389,450,Henry,Y,For profit - Corporation,200,133.3,NA,Medicare and Medicaid,N,AVENUES AT ROYAL OAK LLC,1981-02-08,ARCADIA CARE,42,22,1.5,1.8,1.3,3.1,N,SFF Candidate,Y,N,N,Resident,Yes,1,NA,1,NA,1,20,1,20,NA,20,1,NA,NA,NA,1.75951,0.8257,0.20883,1.03452,2.79403,2.56822,0.13331,0.00582,NA,26,NA,26,2,NA,2.0545,1.47627,3.44258,1.27005,1.00285,5.71549,5.0704,1.18354,0.55541,0.14047,1.87942,1.72753,2025-09-16,16,7,9,120,1,0,120,2024-09-25,40,13,25,946,2,473,1419,444.75,2,5,431929,3,8,"605 EAST CHURCH STREET,KEWANEE,IL,61443",41.2296,-89.916,NA,2026-06-01
145419,BRIA OF ELMWOOD PARK,7733 WEST GRAND AVENUE,ELMWOOD PARK,IL,60707,7084529200,141,Cook,Y,For profit - Limited Liability company,245,163.4,NA,Medicare and Medicaid,N,BRIA OF ELMWOOD PARK LP,1982-04-01,BRIA HEALTH SERVICES,88,15,1.3,1.7,1.1,2.9,N,SFF Candidate,Y,N,N,Resident,Yes,1,NA,1,NA,1,NA,4,NA,1,NA,1,NA,NA,NA,2.38282,1.14799,0.49153,1.63952,4.02234,3.41501,0.36896,0.02335,49.1,NA,66.7,NA,0,NA,1.93022,1.38696,3.23432,1.19322,0.94219,5.36973,4.76367,1.70602,0.82192,0.35192,2.87986,2.44503,2025-02-03,31,9,23,466,1,0,466,2024-03-14,57,8,49,638,1,0,638,509,NA,9,527279,1,10,"7733 WEST GRAND AVENUE,ELMWOOD PARK,IL,60707",41.9262,-87.82,NA,2026-06-01
145420,BRIDGEWAY SENIOR LIVING,111 EAST WASHINGTON,BENSENVILLE,IL,60106,6307665800,250,Du Page,Y,For profit - Limited Liability company,226,161,NA,Medicare and Medicaid,N,BRIDGEWAY SENIOR LIVING LLC,1981-06-12,ATIED ASSOCIATES,53,12,2.4,2.7,1.9,3.1,Y,NA,N,N,N,Resident,Yes,1,NA,2,NA,4,NA,4,NA,4,NA,1,NA,NA,NA,1.65576,0.62475,0.53638,1.16112,2.81688,2.4994,0.45055,0.04228,43.4,NA,54.5,NA,0,NA,1.83455,1.31822,3.07403,1.13408,0.89549,5.1036,4.52758,1.24728,0.47062,0.40405,2.12196,1.8828,2024-12-13,25,17,8,192,1,0,192,2024-01-25,20,13,7,203,1,0,203,194.75,NA,1,24448,0,1,"111 EAST WASHINGTON,BENSENVILLE,IL,60106",41.9479,-87.938,NA,2026-06-01
145422,FAIR HAVENS SENIOR LIVING,1790 SOUTH FAIRVIEW AVENUE,DECATUR,IL,62521,2174292551,660,Macon,Y,For profit - Limited Liability company,154,93.4,NA,Medicare and Medicaid,N,FAIR HAVENS SENIOR LIVING LLC,1981-07-01,NA,NA,NA,NA,NA,NA,NA,N,SFF Candidate,Y,N,N,Resident,Yes,1,NA,1,NA,4,NA,5,NA,4,NA,1,NA,NA,NA,2.38798,0.89569,0.27309,1.16878,3.55676,2.99236,0.13565,0.05416,51.4,NA,57.1,NA,1,NA,1.85135,1.33029,3.10216,1.14447,0.90369,5.15032,4.56902,1.78256,0.6686,0.20385,2.65501,2.23371,2025-12-10,34,14,25,391,2,196,587,2024-08-15,47,10,38,396,1,0,396,539.25,NA,4,277416,1,5,"1790 SOUTH FAIRVIEW AVENUE,DECATUR,IL,62521",39.8219,-88.977,NA,2026-06-01
145424,LANDMARK OF RICHTON PARK REHAB & NSG CTR,22660 SOUTH CICERO AVENUE,RICHTON PARK,IL,60471,7087476120,141,Cook,Y,For profit - Limited Liability company,294,85.5,NA,Medicare and Medicaid,N,LANDMARK OF RICHTON PARK REHABILITATION AND NURSING CENTER,1981-04-16,INFINITY HEALTHCARE CONSULTING,763,70,2,2.2,1.4,3.7,N,NA,Y,N,N,None,Yes,1,NA,2,NA,4,NA,4,NA,NA,2,1,NA,NA,NA,1.85793,0.63477,0.79416,1.42893,3.28686,2.92712,0.6336,0.06015,58.3,NA,54.5,NA,5,NA,1.77857,1.278,2.98022,1.09948,0.86816,4.94786,4.38942,1.44364,0.49322,0.61707,2.55393,2.27441,2025-03-07,30,10,20,184,1,0,184,2024-05-03,25,11,16,220,1,0,220,193,NA,6,519652,3,9,"22660 SOUTH CICERO AVENUE,RICHTON PARK,IL,60471",41.4735,-87.732,NA,2026-06-01
145426,PAVILION OF OTTAWA,704 EAST GLOVER STREET,OTTAWA,IL,61350,8154347144,580,La Salle,N,For profit - Individual,135,129.2,NA,Medicare and Medicaid,N,PAVILION OF OTTAWA LLC,1981-06-04,PAVILION HEALTHCARE,612,5,2.4,2.6,1.8,3.8,N,NA,N,N,N,Resident,Yes,4,NA,4,NA,4,NA,5,NA,2,NA,3,NA,NA,NA,2.48355,0.38916,0.70267,1.09184,3.57539,3.16692,0.51966,0.02625,34.9,NA,15,NA,0,NA,1.7339,1.2459,2.90536,1.07186,0.84636,4.82358,4.27916,1.97947,0.31018,0.56005,2.8497,2.52414,2025-08-28,8,7,1,56,1,0,56,2024-10-24,6,3,3,56,1,0,56,56,NA,0,0,0,0,"704 EAST GLOVER STREET,OTTAWA,IL,61350",41.3355,-88.83,NA,2026-06-01
145427,Nexus at Alton,3523 WICKENHAUSER,ALTON,IL,62002,6184658887,680,Madison,Y,For profit - Limited Liability company,181,75.5,NA,Medicare and Medicaid,N,BRIA OF ALTON LP,1981-08-28,BRIA HEALTH SERVICES,88,15,1.3,1.7,1.1,2.9,N,NA,N,Y,N,Resident,Yes,1,NA,1,NA,2,NA,4,NA,1,NA,1,NA,NA,NA,2.78641,1.12513,0.54269,1.66782,4.45423,3.60267,0.24111,0.04116,81.6,NA,72.7,NA,3,NA,1.79458,1.2895,3.00705,1.10938,0.87598,4.99241,4.42893,2.14576,0.86644,0.41791,3.43011,2.77435,2024-05-10,22,5,17,172,1,0,172,2023-04-06,58,6,52,679,1,0,679,298.75,NA,5,410106,3,8,"3523 WICKENHAUSER,ALTON,IL,62002",38.8892,-90.128,NA,2026-06-01
145429,WENTWORTH REHAB & HCC,201 WEST 69TH STREET,CHICAGO,IL,60621,7734871200,141,Cook,Y,For profit - Corporation,300,191.9,NA,Medicare and Medicaid,N,"WENTWORTH REHABILITATION AND HEALTH CARE CENTER, INC.",1981-09-03,THE ALDEN NETWORK,504,27,2.5,3,1.3,3.8,N,NA,Y,N,N,Resident,Yes,1,NA,2,NA,4,NA,5,NA,3,NA,1,NA,NA,NA,1.91654,0.51902,0.50438,1.0234,2.93994,2.54147,0.4085,0.02221,NA,26,NA,26,NA,26,1.476,1.06059,2.47323,0.91244,0.72047,4.10614,3.64269,1.79445,0.48595,0.47224,2.75265,2.37956,2024-05-31,20,12,9,168,1,0,168,2023-06-16,38,13,28,316,1,0,316,205,NA,5,289387,2,7,"201 WEST 69TH STREET,CHICAGO,IL,60621",41.7691,-87.63,NA,2026-06-01
145431,LOFT REHABILITATION & NURSING,700 NORTH MAIN STREET,EUREKA,IL,61530,3094672337,992,Woodford,Y,For profit - Corporation,92,63.8,NA,Medicare and Medicaid,N,THE LOFT REHABILITATION AND NURSING LLC,1981-10-14,THE LOFT REHABILITATION AND NURSING,322,7,1.9,2,1.1,3,N,SFF Candidate,Y,N,N,Resident,Yes,1,NA,1,NA,4,NA,3,NA,4,NA,1,NA,NA,NA,2.17345,0.88838,0.32069,1.20907,3.38252,3.06128,0.21557,0.04608,69.2,NA,88.9,NA,1,NA,1.63762,1.17672,2.74404,1.01235,0.79936,4.55575,4.04156,1.83415,0.7497,0.27063,2.85448,2.58338,2024-08-01,20,18,10,247,3,173,420,2023-05-26,19,3,16,482,1,0,482,435.5,0,4,438940,1,5,"700 NORTH MAIN STREET,EUREKA,IL,61530",40.7295,-89.273,NA,2026-06-01
145433,Alpine Care of St. Charles LLC,611 ALLEN LANE,SAINT CHARLES,IL,60174,6303772211,530,Kane,Y,For profit - Corporation,120,85.3,NA,Medicare and Medicaid,N,ST CHARLES SKILLED NURSING FACILITY LLC,1981-08-31,NA,NA,NA,NA,NA,NA,NA,N,NA,N,N,N,Resident,Yes,3,NA,3,NA,3,NA,4,NA,2,NA,3,NA,NA,NA,1.84724,0.30338,1.23603,1.53942,3.38666,3.31983,1.18601,0.0765,45.2,NA,31.3,NA,0,NA,1.72469,1.23928,2.88993,1.06617,0.84186,4.79797,4.25644,1.48017,0.2431,0.99042,2.71369,2.66014,2025-09-26,15,10,5,132,1,0,132,2024-07-25,14,8,6,84,1,0,84,120,NA,0,0,0,0,"611 ALLEN LANE,SAINT CHARLES,IL,60174",41.9243,-88.308,NA,2026-06-01
145434,CLARIDGE HEALTHCARE CENTER,700 JENKISSON,LAKE BLUFF,IL,60044,8472953900,570,Lake,Y,For profit - Corporation,231,73.5,NA,Medicare and Medicaid,N,CLARIDGE OPERATIONS LLC,1981-08-20,NA,NA,NA,NA,NA,NA,NA,N,SFF Candidate,Y,N,N,Resident,Yes,1,NA,1,NA,4,NA,2,NA,5,NA,3,NA,NA,NA,1.45345,0.06755,0.98236,1.04991,2.50336,2.48265,1.05626,0.0755,17.1,NA,18.8,NA,0,NA,1.35327,0.9724,2.26757,0.83656,0.66056,3.7647,3.33979,1.48428,0.06898,1.0032,2.55646,2.53531,2024-06-06,34,25,9,598,2,299,897,2023-07-12,28,22,6,200,2,100,300,747.75,NA,3,241617,3,6,"700 JENKISSON,LAKE BLUFF,IL,60044",42.2861,-87.876,NA,2026-06-01
145436,APOSTOLIC CHRISTIAN RESTMOR,1500 PARKSIDE AVENUE,MORTON,IL,61550,3092841400,980,Tazewell,Y,Non profit - Corporation,62,78.8,NA,Medicare and Medicaid,N,APOSTOLIC CHRISTIAN RESTMOR INC,1982-03-01,NA,NA,NA,NA,NA,NA,NA,N,NA,N,N,N,Resident,Yes,5,NA,4,NA,4,NA,5,NA,3,NA,5,NA,NA,NA,3.5388,0.71922,0.9956,1.71482,5.25361,5.05576,0.76986,0.02527,32.9,NA,15,NA,0,NA,1.20693,0.86724,2.02236,0.7461,0.58913,3.35759,2.97863,4.05204,0.82353,1.14,6.01556,5.78901,2025-04-18,4,3,1,32,1,0,32,2024-04-19,3,2,1,56,1,0,56,38,0,2,24723,0,2,"1500 PARKSIDE AVENUE,MORTON,IL,61550",40.5979,-89.453,NA,2026-06-01
145437,GOLDWATER CARE PRINCETON,515 BUREAU VALLEY PARKWAY,PRINCETON,IL,61356,8158753347,050,Bureau,N,For profit - Limited Liability company,92,77.9,NA,Medicare and Medicaid,N,GOLDWATER CARE PRINCETON LLC,1982-01-28,GOLDWATER CARE,699,11,1.6,2,1.2,2.6,N,NA,N,N,N,Resident,Yes,3,NA,4,NA,2,NA,4,NA,1,NA,1,NA,NA,NA,1.79045,0.54562,0.42214,0.96776,2.75821,2.50963,0.33878,0.01651,35.4,NA,42.9,NA,0,NA,1.73503,1.24671,2.90726,1.07256,0.84691,4.82672,4.28195,1.42612,0.43459,0.33624,2.19695,1.99896,2025-08-15,4,2,2,32,1,0,32,2024-06-13,23,13,10,164,1,0,164,65,0,0,0,0,0,"515 BUREAU VALLEY PARKWAY,PRINCETON,IL,61356",41.3683,-89.45,NA,2026-06-01
145438,EVERCARE OF COLLINSVILLE,614 NORTH SUMMIT,COLLINSVILLE,IL,62234,6183448476,680,Madison,Y,For profit - Corporation,94,77.7,NA,Medicare and Medicaid,N,EVERCARE OF COLLINSVILLE LLC,1981-12-01,EVERCARE SKILLED NURSING,804,11,1.5,1.8,1.1,2.5,N,NA,Y,N,N,Resident,Yes,1,NA,1,NA,4,NA,4,NA,NA,2,1,NA,NA,NA,1.5744,0.89046,0.25589,1.14636,2.72075,2.34957,0.19314,0.00812,54.9,NA,NA,27,0,NA,1.68347,1.20966,2.82087,1.04069,0.82174,4.6833,4.15471,1.29243,0.73099,0.21006,2.23348,1.92878,2024-11-14,15,4,11,238,1,0,238,2023-11-17,23,12,11,260,2,130,390,276,NA,3,419192,4,7,"614 NORTH SUMMIT,COLLINSVILLE,IL,62234",38.6729,-89.996,NA,2026-06-01
145439,ACCOLADE HEALTHCARE OF SAVOY,302 WEST BURWASH,SAVOY,IL,61874,2174029700,090,Champaign,Y,For profit - Limited Liability company,213,179.7,NA,Medicare and Medicaid,N,"ACCOLADE HEALTHCARE OF SAVOY, LLC",1982-01-01,ACCOLADE HEALTHCARE,7,7,2.7,3,1.6,3.4,N,NA,N,N,N,Resident,Yes,1,NA,1,NA,4,NA,4,NA,3,NA,1,NA,NA,NA,2.20968,0.67662,0.61753,1.29416,3.50384,3.34462,0.5642,0.03311,47.3,NA,42.9,NA,0,NA,1.89341,1.36051,3.17264,1.17047,0.92422,5.26732,4.67282,1.61282,0.49386,0.45073,2.55741,2.44119,2024-12-06,19,2,17,172,1,0,172,2023-11-15,58,8,51,455,1,0,455,242.75,0,5,257346,2,7,"302 WEST BURWASH,SAVOY,IL,61874",40.0733,-88.254,NA,2026-06-01
145440,NEIGHBORS HEALTH CENTER,811 WEST 2ND,BYRON,IL,61010,8152342511,790,Ogle,N,For profit - Limited Liability company,131,103.9,NA,Medicare and Medicaid,N,"GENERATIONS AT NEIGHBORS, LLC",1982-01-01,GENERATIONS HEALTHCARE NETWORK,870,6,2.7,2.3,1.7,3.2,N,NA,N,N,N,Resident,Yes,5,NA,4,NA,5,NA,5,NA,4,NA,2,NA,NA,NA,1.9515,0.59136,0.69025,1.2816,3.2331,2.67447,0.41114,0.04546,43.8,NA,40,NA,0,NA,1.41895,1.01959,2.37763,0.87717,0.69263,3.94742,3.50189,1.90064,0.57595,0.67226,3.14884,2.60477,2024-09-05,8,5,3,52,1,0,52,2023-10-18,14,3,11,76,1,0,76,58,NA,0,0,0,0,"811 WEST 2ND,BYRON,IL,61010",42.1264,-89.266,NA,2026-06-01
145441,SHELBYVILLE MANOR,1111 WEST NORTH 12TH STREET,SHELBYVILLE,IL,62565,2177742111,950,Shelby,N,Non profit - Corporation,109,84.6,NA,Medicare and Medicaid,N,"UNLIMITED DEVELOPMENT, INC",1982-01-01,"UNLIMITED DEVELOPMENT, INC.",536,10,2.5,2.6,2.8,2.3,N,NA,Y,N,N,Resident,Yes,2,NA,2,NA,2,NA,1,NA,3,NA,3,NA,NA,NA,2.92789,0.7866,0.51672,1.30332,4.2312,3.84822,0.37154,0.01164,56.5,NA,50,NA,0,NA,1.55134,1.11472,2.59947,0.95901,0.75725,4.31573,3.82863,2.60823,0.70072,0.4603,3.76926,3.42808,2025-05-02,19,10,10,152,1,0,152,2024-06-07,14,11,4,108,1,0,108,141,NA,1,49000,1,2,"1111 WEST NORTH 12TH STREET,SHELBYVILLE,IL,62565",39.42,-88.8,NA,2026-06-01
145442,Arcadia Care Toulon,700 E MAIN ST,TOULON,IL,61483,3092862631,960,Stark,Y,For profit - Corporation,136,74.5,NA,Medicare and Medicaid,N,ARCADIA CARE TOULON LLC,1982-02-01,ARCADIA CARE,42,22,1.5,1.8,1.3,3.1,N,NA,Y,N,N,Resident,Yes,1,NA,1,NA,4,NA,4,NA,NA,2,1,NA,NA,NA,1.84757,0.63128,0.21173,0.84301,2.69058,2.39366,0.12564,0.02638,NA,26,NA,26,NA,26,1.79972,1.29319,3.01565,1.11255,0.87849,5.00669,4.4416,1.41872,0.48475,0.16258,2.06605,1.83805,2024-11-01,24,11,13,224,1,0,224,2023-09-28,26,13,13,228,1,0,228,225,NA,3,75251,2,5,"700 E MAIN ST,TOULON,IL,61483",41.0934,-89.853,NA,2026-06-01
145443,Allure Of Zion,3615 16TH STREET,ZION,IL,60099,8477468382,570,Lake,Y,For profit - Corporation,115,88.8,NA,Medicare and Medicaid,N,"CEDAR HILLS HEALTH & REHAB, LLC",1982-03-22,ALLURE HEALTHCARE SERVICES,25,15,2.5,2.9,1.7,2.5,N,NA,Y,N,N,Resident,Yes,1,NA,1,NA,2,NA,1,NA,2,NA,2,NA,NA,NA,3.35723,1.12179,0.61204,1.73383,5.09105,4.43256,0.51621,0.01364,58.1,NA,60,NA,4,NA,1.68849,1.21327,2.82928,1.04379,0.82419,4.69726,4.1671,2.74778,0.91815,0.50093,4.16686,3.6279,2024-07-12,21,10,11,152,2,76,228,2023-06-14,34,8,26,303,1,0,303,246.75,NA,4,255454,2,6,"3615 16TH STREET,ZION,IL,60099",42.4657,-87.864,NA,2026-06-01
145445,Accolade Healthcare of Waterloo,623 HAMACHER STREET,WATERLOO,IL,62298,6189393488,750,Monroe,Y,Government - County,144,134.6,NA,Medicare and Medicaid,N,MONROE COUNTY,1982-04-19,ACCOLADE HEALTHCARE,7,7,2.7,3,1.6,3.4,Y,NA,N,N,N,Resident,Yes,4,NA,4,NA,4,NA,2,NA,5,NA,3,NA,NA,NA,2.13446,0.7063,0.81564,1.52194,3.6564,3.29698,0.5476,0.00856,71,NA,65.2,NA,NA,26,1.31707,0.94638,2.20691,0.81418,0.64289,3.66399,3.25045,2.23965,0.74111,0.85584,3.83659,3.45945,2025-07-25,3,3,0,32,1,0,32,2024-08-23,4,4,2,76,1,0,76,43,NA,0,0,0,0,"623 HAMACHER STREET,WATERLOO,IL,62298",38.3451,-90.133,NA,2026-06-01
145446,Marigold Rehabilitation and Health Care Center,275 EAST CARL SANDBURG DRIVE,GALESBURG,IL,61401,3093441151,560,Knox,N,For profit - Corporation,172,70.5,NA,Medicare and Medicaid,N,"MARIGOLD HCO, LLC",1982-04-02,PETERSEN HEALTH CARE,399,12,1.8,2.4,1.2,2.2,N,NA,Y,N,N,Resident,Yes,1,NA,1,NA,2,NA,2,NA,NA,2,1,NA,NA,NA,2.04881,0.87776,0.41657,1.29433,3.34315,3.00192,0.3291,0.00902,59.1,NA,66.7,NA,1,NA,1.6957,1.21845,2.84136,1.04825,0.82771,4.71732,4.18489,1.66976,0.71537,0.3395,2.72462,2.44653,2024-08-22,21,9,12,419,1,0,419,2023-09-08,18,7,13,233,1,0,233,372.5,NA,2,120910,2,4,"275 EAST CARL SANDBURG DRIVE,GALESBURG,IL,61401",40.9766,-90.366,NA,2026-06-01
145447,APERION CARE FOX RIVER,355 RAYMOND STREET,ELGIN,IL,60120,8476976636,530,Kane,Y,For profit - Corporation,94,82.7,NA,Medicare and Medicaid,N,APERION CARE FOX RIVER LLC,1982-07-08,APERION CARE,38,33,2,2.1,1.6,3.5,N,NA,N,N,N,Resident,Yes,5,NA,5,NA,5,NA,5,NA,3,NA,3,NA,NA,NA,1.9114,0.11642,1.18136,1.29778,3.20918,2.81688,0.86602,0.06928,27.7,NA,11.1,NA,0,NA,1.90405,1.36816,3.19048,1.17705,0.92942,5.29695,4.6991,1.3873,0.0845,0.85744,2.32924,2.04451,2025-03-13,3,3,0,24,1,0,24,2024-05-17,6,6,0,40,1,0,40,28,NA,0,0,0,0,"355 RAYMOND STREET,ELGIN,IL,60120",42.0296,-88.274,NA,2026-06-01
145449,ACCOLADE PAXTON SENIOR LIVING,450 FULTON STREET,PAXTON,IL,60957,2173792116,350,Ford,Y,For profit - Limited Liability company,75,59.5,NA,Medicare and Medicaid,N,ACCOLADE HEALTHCARE OF PAXTON SENIOR LIVING LLC,1982-08-01,ACCOLADE HEALTHCARE,7,7,2.7,3,1.6,3.4,N,NA,N,N,N,Resident,Yes,5,NA,5,NA,4,NA,5,NA,2,NA,2,NA,NA,NA,2.34557,0.77258,0.76082,1.5334,3.87897,3.48868,0.508,0.03909,48.4,NA,40,NA,0,NA,1.80093,1.29406,3.01768,1.1133,0.87908,5.01005,4.44459,1.79992,0.59285,0.58383,2.9766,2.6771,2025-02-06,2,0,2,12,0,0,12,2024-03-07,10,7,3,68,1,0,68,26,NA,0,0,0,0,"450 FULTON STREET,PAXTON,IL,60957",40.4527,-88.094,NA,2026-06-01
145450,ALDEN LAKELAND REHAB & HCC,820 WEST LAWRENCE,CHICAGO,IL,60640,7737692570,141,Cook,Y,For profit - Corporation,300,160.3,NA,Medicare and Medicaid,N,"ALDEN-LAKELAND REHABILITATION AND HEALTH CARE CENTER, INC.",1982-09-30,THE ALDEN NETWORK,504,27,2.5,3,1.3,3.8,N,NA,Y,N,N,Resident,Yes,1,NA,1,NA,2,NA,4,NA,1,NA,1,NA,NA,NA,2.10118,0.94448,0.70172,1.64619,3.74737,3.33403,0.58097,0.05118,NA,26,NA,26,NA,26,1.91826,1.37837,3.21428,1.18583,0.93635,5.33646,4.73416,1.51375,0.68043,0.50554,2.69972,2.40194,2025-05-15,26,13,13,188,1,0,188,2024-07-11,56,13,45,566,1,0,566,282.5,NA,4,212039,3,7,"820 WEST LAWRENCE,CHICAGO,IL,60640",41.9692,-87.65,NA,2026-06-01
145452,ARC AT DWIGHT,300 EAST MAZON AVENUE,DWIGHT,IL,60420,8155841240,610,Livingston,N,For profit - Limited Liability company,92,89.6,NA,Medicare and Medicaid,N,ARC AT DWIGHT LLC,1982-09-18,ARCADIA CARE,42,22,1.5,1.8,1.3,3.1,N,NA,Y,N,N,Resident,Yes,2,NA,2,NA,3,NA,4,NA,3,NA,2,NA,NA,NA,1.90458,0.16047,0.79132,0.95179,2.85637,2.6745,0.56686,0.0426,45.7,NA,6.7,NA,1,NA,1.93948,1.39362,3.24985,1.19895,0.94671,5.39551,4.78654,1.3571,0.11434,0.56385,2.0353,1.9057,2025-04-18,11,4,7,88,1,0,88,2024-04-04,5,3,2,40,1,0,40,76,NA,0,0,0,0,"300 EAST MAZON AVENUE,DWIGHT,IL,60420",41.0941,-88.424,NA,2026-06-01
145453,ALDEN TERRACE OF MCHENRY REHAB,803 ROYAL DRIVE,MCHENRY,IL,60050,8153442600,640,Mc Henry,Y,For profit - Corporation,316,158.9,NA,Medicare and Medicaid,N,"ALDEN TERRACE OF MCHENRY REHAB AND HEALTH CARE CENTER, INC",1982-09-01,THE ALDEN NETWORK,504,27,2.5,3,1.3,3.8,N,NA,N,N,N,Resident,Yes,2,NA,3,NA,4,NA,5,NA,2,NA,1,NA,NA,NA,1.7857,0.46085,0.63899,1.09983,2.88553,2.61278,0.56341,0.04522,NA,26,NA,26,NA,26,1.63722,1.17643,2.74337,1.0121,0.79917,4.55463,4.04057,1.5073,0.389,0.53937,2.43567,2.20544,2025-03-26,25,19,6,128,1,0,128,2024-05-16,14,11,3,80,1,0,80,116,NA,1,11170,0,1,"803 ROYAL DRIVE,MCHENRY,IL,60050",42.3381,-88.287,NA,2026-06-01
145454,CARLINVILLE REHAB & HCC,751 NORTH OAK STREET,CARLINVILLE,IL,62626,2178542511,670,Macoupin,Y,For profit - Limited Liability company,98,79.1,NA,Medicare and Medicaid,N,"CARLINVILLE REHABILITATION AND HEALTH CARE CENTER, LLC",1982-08-31,TUTERA SENIOR LIVING & HEALTH CARE,531,26,2.1,2.2,1.8,3,N,NA,Y,N,N,Resident,Yes,1,NA,2,NA,2,NA,4,NA,1,NA,1,NA,NA,NA,1.93155,0.77712,0.35579,1.13291,3.06446,2.59368,0.3084,0.02506,NA,26,NA,26,NA,26,1.73653,1.24779,2.90976,1.07348,0.84764,4.83089,4.28565,1.53718,0.61845,0.28315,2.43878,2.06412,2025-06-26,13,11,2,112,1,0,112,2024-07-01,21,16,13,168,2,84,252,147,NA,2,171737,1,3,"751 NORTH OAK STREET,CARLINVILLE,IL,62626",39.2881,-89.886,NA,2026-06-01
145456,LAKESIDE HEALTH & REHAB CENTER,1200 UNIVERSITY AVENUE,CARLINVILLE,IL,62626,2178544433,670,Macoupin,Y,For profit - Corporation,95,50.3,NA,Medicare and Medicaid,N,LAKESIDE HEALTH AND REHAB CENTER LLC,1982-12-01,SUMMIT HEALTHCARE CONSULTING,796,9,2.6,3.2,1.3,3.2,N,NA,N,N,N,Resident,Yes,1,NA,2,NA,1,NA,1,NA,1,NA,1,NA,NA,NA,2.31402,1.11092,0.3844,1.49532,3.80935,3.31785,0.4018,0.05321,60.7,NA,100,NA,2,NA,1.97879,1.42187,3.31572,1.22325,0.9659,5.50486,4.88355,1.6161,0.77586,0.26846,2.66042,2.31716,2025-03-28,11,8,5,175,1,0,175,2024-04-18,17,8,9,140,1,0,140,166.25,NA,3,199461,0,3,"1200 UNIVERSITY AVENUE,CARLINVILLE,IL,62626",39.2933,-89.874,NA,2026-06-01
145457,QUINCY HEALTHCARE & SR LIVING,1440 NORTH 10TH STREET,QUINCY,IL,62301,2172243780,000,Adams,N,For profit - Limited Liability company,89,76.3,NA,Medicare and Medicaid,N,QUINCY HEALTHCARE & SENIOR LIVING LLC,1982-12-01,POINTE MANAGEMENT,776,12,1.7,2.3,1.3,1.3,N,NA,N,N,N,Resident,Yes,2,NA,3,NA,1,NA,1,NA,1,NA,2,NA,NA,NA,2.15745,0.33221,0.87241,1.20462,3.36207,2.94407,0.73698,0.02038,53.7,NA,47.1,NA,1,NA,1.42805,1.02613,2.39288,0.88279,0.69707,3.97274,3.52435,2.08783,0.32149,0.84426,3.25358,2.84908,2025-07-09,7,7,0,84,1,0,84,2024-08-28,28,14,14,200,1,0,200,113,NA,3,61926,2,5,"1440 NORTH 10TH STREET,QUINCY,IL,62301",39.9488,-91.4,NA,2026-06-01
145458,ALTA REHAB AT OAK BROOK,2013 MIDWEST ROAD,OAK BROOK,IL,60521,6304950220,250,Du Page,Y,For profit - Corporation,156,89.8,NA,Medicare and Medicaid,N,APERION CARE OAK BROOK LLC,1983-01-01,APERION CARE,38,33,2,2.1,1.6,3.5,N,NA,N,N,N,Resident,Yes,2,NA,2,NA,4,NA,5,NA,3,NA,4,NA,NA,NA,2.2261,0.65933,1.37528,2.03462,4.26072,3.80047,1.03255,0.1277,45.6,NA,35.7,NA,1,NA,1.66675,1.19765,2.79285,1.03035,0.81358,4.63679,4.11345,1.84575,0.54668,1.1403,3.53273,3.15112,2024-07-19,17,10,7,124,2,62,186,2023-05-11,20,7,13,104,1,0,104,165.5,NA,2,52813,1,3,"2013 MIDWEST ROAD,OAK BROOK,IL,60521",41.8483,-87.972,NA,2026-06-01
145460,THRIVE OF LAKE COUNTY,850 E US HIGHWAY 45,MUNDELEIN,IL,60060,8473777200,570,Lake,Y,For profit - Individual,185,160.7,NA,Medicare and Medicaid,N,TRANSITIONAL CARE OF LAKE COUNTY LLC,1982-10-21,NA,NA,NA,NA,NA,NA,NA,N,NA,N,N,N,Resident,Yes,2,NA,2,NA,4,NA,5,NA,2,NA,3,NA,NA,NA,1.46371,0.47495,0.84704,1.32199,2.7857,2.40778,0.60754,0,23.7,NA,21.9,NA,0,NA,1.69446,1.21756,2.83927,1.04748,0.82711,4.71386,4.18182,1.19378,0.38737,0.69083,2.27197,1.96375,2025-03-13,11,7,4,84,1,0,84,2024-01-29,25,12,15,200,2,100,300,138,NA,2,29734,0,2,"850 E US HIGHWAY 45,MUNDELEIN,IL,60060",42.2356,-87.993,NA,2026-06-01
145464,HAMMOND-HENRY DISTRICT HSP,600 NORTH COLLEGE AVENUE,GENESEO,IL,61254,3099446431,450,Henry,Y,For profit - Corporation,38,36.8,NA,Medicare and Medicaid,N,HAMMOND HENRY DIST HOSPITAL,1982-10-14,NA,NA,NA,NA,NA,NA,NA,N,NA,Y,N,N,Resident,Yes,4,NA,2,NA,5,NA,5,NA,NA,2,5,NA,NA,NA,2.50359,0.447,0.84889,1.2959,3.79949,3.30618,0.49146,0.01578,26.5,NA,25,NA,NA,27,1.20318,0.86455,2.01607,0.74378,0.5873,3.34715,2.96937,2.87563,0.51343,0.97504,4.36411,3.79749,2024-09-27,4,1,3,158,1,0,158,2023-08-24,4,3,1,24,1,0,24,124.5,NA,1,75020,0,1,"600 NORTH COLLEGE AVENUE,GENESEO,IL,61254",41.4602,-90.158,NA,2026-06-01
145465,JERSEYVILLE NSG & REHAB CENTER,1001 SOUTH STATE STREET,JERSEYVILLE,IL,62052,6184986496,500,Jersey,Y,For profit - Limited Liability company,111,51.3,NA,Medicare and Medicaid,N,HELIA HEALTHCARE OF JERSEYVILLE LLC,1983-06-01,HELIA HEALTHCARE,263,13,2.3,2.7,1.3,2.8,N,NA,Y,N,N,Resident,Yes,1,NA,1,NA,3,NA,2,NA,5,NA,1,NA,NA,NA,1.76899,0.47852,0.40945,0.88797,2.65695,2.43451,0.27613,0.00951,67.9,NA,62.5,NA,1,NA,1.54017,1.10669,2.58074,0.9521,0.75179,4.28463,3.80104,1.58729,0.42937,0.36739,2.38405,2.18446,2025-02-28,15,10,6,219,2,110,329,2024-03-11,27,12,15,604,1,0,604,397.75,NA,6,377878,3,9,"1001 SOUTH STATE STREET,JERSEYVILLE,IL,62052",39.1092,-90.319,NA,2026-06-01
145466,TWIN LAKES EXTENDED CARE,310 EADS AVENUE,PARIS,IL,61944,2174655395,310,Edgar,N,For profit - Corporation,56,40,NA,Medicare and Medicaid,N,TWIN LAKES EXTENDED CARE LLC,1983-03-15,STERN CONSULTANTS,661,23,2.5,2.4,2.2,3.9,N,NA,N,N,N,Resident,Yes,2,NA,3,NA,4,NA,5,NA,3,NA,1,NA,NA,NA,2.4181,0.62659,0.50156,1.12815,3.54625,3.18684,0.32301,0.00903,34.2,NA,40,NA,2,NA,1.69093,1.21502,2.83336,1.0453,0.82538,4.70404,4.17311,1.97628,0.5121,0.40992,2.8983,2.60456,2024-06-25,5,4,1,36,1,0,36,2023-05-18,15,6,9,195,1,0,195,75.75,NA,1,71455,1,2,"310 EADS AVENUE,PARIS,IL,61944",39.6139,-87.68,NA,2026-06-01
145468,"CITADEL OF SKOKIE, THE",9615 NORTH KNOX AVENUE,SKOKIE,IL,60076,8476794161,141,Cook,Y,For profit - Corporation,113,102.8,NA,Medicare and Medicaid,N,CITADEL OF SKOKIE LLC,1983-08-10,CITADEL HEALTHCARE,147,13,3.6,3.7,1.9,3.3,N,NA,N,N,N,Resident,Yes,4,NA,4,NA,4,NA,5,NA,2,NA,2,NA,NA,NA,1.61292,0.5989,0.53017,1.12907,2.74199,2.61333,0.42649,0.07028,27.5,NA,21.4,NA,0,NA,1.81299,1.30273,3.03789,1.12075,0.88496,5.0436,4.47435,1.22947,0.45652,0.40413,2.09011,1.99205,2025-11-21,4,3,1,20,1,0,20,2024-10-31,10,3,7,214,1,0,214,68.5,0,3,27891,0,3,"9615 NORTH KNOX AVENUE,SKOKIE,IL,60076",42.0554,-87.743,NA,2026-06-01
145469,The Haven of Paris,1011 NORTH MAIN STREET,PARIS,IL,61944,2174655376,310,Edgar,N,For profit - Corporation,128,82.9,NA,Medicare and Medicaid,N,Legal Business Name Not Available,1983-10-10,CREST HEALTHCARE CONSULTING,170,13,2.1,2.5,1.3,2.8,N,NA,Y,N,N,Resident,Yes,1,NA,1,NA,1,NA,2,NA,1,NA,1,NA,NA,NA,2.24067,0.73188,0.38449,1.11637,3.35703,2.98762,0.2878,0.01571,NA,26,NA,26,1,NA,1.58764,1.1408,2.66028,0.98144,0.77496,4.41669,3.9182,1.95041,0.63707,0.33468,2.92216,2.6006,2025-09-19,32,8,24,316,1,0,316,2024-07-24,60,19,43,706,1,0,706,413.5,NA,9,497318,4,13,"1011 NORTH MAIN STREET,PARIS,IL,61944",39.6257,-87.695,NA,2026-06-01
145470,HERITAGE HEALTH-HOOPESTON,423 NORTH DIXIE HIGHWAY,HOOPESTON,IL,60942,2172838247,982,Vermilion,N,Non profit - Corporation,75,70.3,NA,Medicare and Medicaid,N,HOOPESTON RETIREMENT VILLAGE FOUNDATION,1983-01-25,HERITAGE OPERATIONS GROUP,651,9,1.9,2.6,2.2,1.4,N,NA,N,N,N,Resident,Yes,3,NA,3,NA,2,NA,2,NA,NA,2,3,NA,NA,NA,1.9802,0.26887,0.67975,0.94862,2.92882,2.58873,0.37041,0.00694,34.4,NA,25,NA,0,NA,1.33945,0.96247,2.24442,0.82802,0.65382,3.72627,3.3057,2.04306,0.2774,0.70133,3.02179,2.6709,2024-06-05,13,9,4,92,1,0,92,2023-05-12,6,2,4,24,1,0,24,75,NA,0,0,0,0,"423 NORTH DIXIE HIGHWAY,HOOPESTON,IL,60942",40.4711,-87.688,NA,2026-06-01
145473,PEARL OF ORCHARD VALLEY,2330 WEST GALENA BOULEVARD,AURORA,IL,60506,6308964686,530,Kane,Y,For profit - Limited Liability company,203,136.7,NA,Medicare and Medicaid,N,PEARL OF ORCHARD VALLEY LLC,1983-11-01,PEARL HEALTHCARE,595,15,2.6,2.7,2.1,3.6,N,NA,Y,N,N,Resident,Yes,1,NA,1,NA,3,NA,3,NA,3,NA,2,NA,NA,NA,1.85585,0.57978,0.7625,1.34228,3.19813,2.76931,0.54013,0.03959,58.6,NA,51.6,NA,1,NA,1.55423,1.1168,2.60431,0.96079,0.75866,4.32376,3.83576,1.65016,0.51552,0.67799,2.84368,2.46238,2025-03-21,23,14,9,290,2,145,435,2024-02-08,36,16,23,320,1,0,320,406.25,NA,6,542423,1,7,"2330 WEST GALENA BOULEVARD,AURORA,IL,60506",41.7652,-88.374,NA,2026-06-01
145476,OREGON LIVING AND REHABILITATION CENTER,811 SOUTH 10TH STREET,OREGON,IL,61061,8157327994,790,Ogle,N,For profit - Limited Liability company,104,70,NA,Medicare and Medicaid,N,"OREGON LIVING & REHABILITATION CENTER, LLC",1984-01-01,NA,NA,NA,NA,NA,NA,NA,N,NA,N,N,N,Resident,Yes,2,NA,3,NA,3,NA,4,NA,1,NA,1,25,25,6,NA,NA,NA,NA,NA,NA,NA,NA,NA,26,NA,26,0,NA,NA,NA,NA,NA,NA,NA,NA,NA,NA,NA,NA,NA,2025-09-11,15,6,10,96,1,0,96,2024-07-31,16,12,4,92,1,0,92,95,NA,0,0,0,0,"811 SOUTH 10TH STREET,OREGON,IL,61061",42.0063,-89.341,NA,2026-06-01
145478,NOKOMIS HC & SENIOR LIVING,505 STEVENS STREET,NOKOMIS,IL,62075,2175637725,760,Montgomery,N,For profit - Corporation,92,NA,10,Medicare and Medicaid,N,"PETERSEN HEALTH NETWORK, LLC",1983-08-25,PETERSEN HEALTH CARE,399,12,1.8,2.4,1.2,2.2,N,NA,N,N,N,Resident,Yes,2,NA,3,NA,NA,2,NA,2,NA,2,1,23,23,23,NA,NA,NA,NA,NA,NA,NA,NA,NA,26,NA,26,NA,26,NA,NA,NA,NA,NA,NA,NA,NA,NA,NA,NA,NA,2024-11-18,5,5,1,72,1,0,72,2023-10-26,16,7,10,176,1,0,176,98,NA,2,34418,1,3,"505 STEVENS STREET,NOKOMIS,IL,62075",39.3003,-89.275,NA,2026-06-01
145479,ATRIUM HEALTH CARE CENTER,1425 WEST ESTES AVENUE,CHICAGO,IL,60626,7739734780,141,Cook,Y,For profit - Limited Liability company,160,147.9,NA,Medicare and Medicaid,N,ATRIUM REHAB & NURSING CENTER LLC,1983-09-01,LINEAGE HEALTHCARE,854,5,1.8,1.6,2,3,N,NA,Y,N,N,Resident,Yes,3,NA,2,NA,5,NA,4,NA,5,NA,2,NA,NA,NA,1.61367,0.47599,0.50078,0.97677,2.59044,2.14018,0.43992,0.01043,27.9,NA,22.2,NA,1,NA,1.75452,1.26071,2.93991,1.08461,0.85642,4.88094,4.33005,1.27103,0.37492,0.39445,2.0404,1.68575,2025-05-02,11,8,3,68,1,0,68,2024-04-04,34,9,27,323,1,0,323,131.75,NA,2,163637,2,4,"1425 WEST ESTES AVENUE,CHICAGO,IL,60626",42.0115,-87.667,NA,2026-06-01
145480,MATTOON REHAB & HCC,2121 SOUTH NINTH,MATTOON,IL,61938,2172357138,140,Coles,N,Non profit - Other,148,85.4,NA,Medicare and Medicaid,N,"MATTOON MANOR, LLC",1983-09-14,TUTERA SENIOR LIVING & HEALTH CARE,531,26,2.1,2.2,1.8,3,N,NA,Y,N,N,Resident,Yes,1,NA,2,NA,2,NA,2,NA,2,NA,1,NA,NA,NA,2.10289,0.84119,0.56402,1.40521,3.5081,3.0199,0.46364,0.03367,NA,26,NA,26,NA,26,1.54451,1.10981,2.58802,0.95478,0.75391,4.29672,3.81176,1.8816,0.75267,0.50466,3.13893,2.7021,2025-09-17,14,7,7,104,1,0,104,2024-07-12,40,10,31,340,2,170,510,205.5,NA,5,155731,3,8,"2121 SOUTH NINTH,MATTOON,IL,61938",39.4621,-88.364,NA,2026-06-01
145482,SHERIDAN VILLAGE NRSG & RHB,5838 NORTH SHERIDAN ROAD,CHICAGO,IL,60660,7737692230,141,Cook,Y,For profit - Limited Liability company,191,182.2,NA,Medicare and Medicaid,N,SHERIDAN VILLAGE NURSING AND REHABILITATION CENTER LLC,1984-04-01,ATIED ASSOCIATES,53,12,2.4,2.7,1.9,3.1,N,NA,N,N,N,Resident,Yes,3,NA,3,NA,2,NA,5,NA,1,NA,2,NA,NA,NA,1.60859,0.44779,0.48417,0.93196,2.54055,2.11895,0.36821,0.02194,22,NA,25,NA,1,NA,2.10233,1.51064,3.52272,1.29962,1.0262,5.84854,5.18843,1.05741,0.29436,0.31827,1.67004,1.3929,2025-05-30,9,9,0,56,1,0,56,2024-06-26,22,6,16,168,1,0,168,84,NA,1,52284,1,2,"5838 NORTH SHERIDAN ROAD,CHICAGO,IL,60660",41.9884,-87.655,NA,2026-06-01
145483,MONTGOMERY NURSING & REHAB CTR,STATE ROUTE 127,HILLSBORO,IL,62049,2175326126,760,Montgomery,N,For profit - Individual,110,68.7,NA,Medicare and Medicaid,N,HELIA HEALTHCARE OF HILLSBORO LLC,1984-01-01,HELIA HEALTHCARE,263,13,2.3,2.7,1.3,2.8,N,NA,N,N,N,Resident,Yes,3,NA,4,NA,3,NA,4,NA,3,NA,1,NA,NA,NA,1.91902,0.59646,0.24755,0.84401,2.76303,2.53086,0.18911,0.01543,38.5,NA,50,NA,0,NA,1.58207,1.1368,2.65095,0.978,0.77225,4.4012,3.90445,1.67631,0.52102,0.21624,2.41357,2.21076,2025-03-27,5,4,1,36,1,0,36,2024-03-13,5,2,3,48,1,0,48,39,NA,1,12048,0,1,"STATE ROUTE 127,HILLSBORO,IL,62049",39.0898,-89.487,NA,2026-06-01
145484,ELEVATE CARE CHICAGO NORTH,2451 WEST TOUHY AVENUE,CHICAGO,IL,60645,7733386800,141,Cook,Y,For profit - Limited Liability company,312,159.4,NA,Medicare and Medicaid,N,ELEVATE CARE CHICAGO NORTH LLC,1984-01-30,ELEVATE CARE,197,13,2.3,2.4,2.2,3.8,N,NA,Y,N,N,Resident,Yes,1,NA,2,NA,3,NA,4,NA,3,NA,1,NA,NA,NA,1.92588,0.98511,0.62408,1.60919,3.53507,3.05776,0.42837,0.07645,65.6,NA,52,NA,0,NA,1.91479,1.37588,3.20847,1.18368,0.93465,5.32681,4.72559,1.38998,0.71099,0.45042,2.55139,2.2069,2025-05-16,18,11,7,104,1,0,104,2024-06-07,56,19,38,503,1,0,503,203.75,NA,3,193858,3,6,"2451 WEST TOUHY AVENUE,CHICAGO,IL,60645",42.0123,-87.691,NA,2026-06-01
145486,GOLDWATER CARE SPRING VALLEY,1300 NORTH GREENWOOD STREET,SPRING VALLEY,IL,61362,8156644708,050,Bureau,N,For profit - Corporation,98,66.9,NA,Medicare and Medicaid,N,GOLDWATER CARE SPRING VALLEY LLC,1984-06-01,GOLDWATER CARE,699,11,1.6,2,1.2,2.6,N,NA,N,N,N,Resident,Yes,4,NA,4,NA,3,NA,4,NA,2,NA,2,NA,NA,NA,1.90327,0.49129,0.68871,1.18,3.08327,2.8419,0.47108,0.02076,32.1,NA,10,NA,0,NA,2.0785,1.49351,3.48279,1.28489,1.01457,5.78224,5.12962,1.26546,0.32665,0.45792,2.05003,1.88955,2025-02-05,7,6,1,32,1,0,32,2024-03-29,11,7,4,92,1,0,92,47,NA,0,0,0,0,"1300 NORTH GREENWOOD STREET,SPRING VALLEY,IL,61362",41.3386,-89.198,NA,2026-06-01
145488,RUSHVILLE NURSING & REHAB CTR,135 SOUTH MORGAN STREET,RUSHVILLE,IL,62681,2173223201,921,Schuyler,N,For profit - Limited Liability company,96,72.8,NA,Medicare and Medicaid,N,RUSHVILLE NURSING AND REHABILITATION CENTER LLC,1984-07-01,ATIED ASSOCIATES,53,12,2.4,2.7,1.9,3.1,N,NA,N,N,N,Resident,Yes,3,NA,4,NA,3,NA,2,NA,3,NA,1,NA,NA,NA,1.97203,0.38468,0.89104,1.27572,3.24775,2.63514,0.59627,0.01376,56.1,NA,50,NA,0,NA,2.05402,1.47592,3.44177,1.26975,1.00262,5.71414,5.06921,1.32681,0.25882,0.59951,2.18513,1.77296,2025-04-09,11,10,1,64,1,0,64,2024-06-13,7,5,2,44,1,0,44,59,NA,0,0,0,0,"135 SOUTH MORGAN STREET,RUSHVILLE,IL,62681",40.1191,-90.558,NA,2026-06-01
145494,MCLEAN COUNTY NURSING HOME,901 NORTH MAIN,NORMAL,IL,61761,3098885380,650,Mc Lean,Y,Government - County,148,74.3,NA,Medicare and Medicaid,N,COUNTY OF MCLEAN,1984-06-21,NA,NA,NA,NA,NA,NA,NA,N,NA,Y,N,N,Resident,Yes,2,NA,2,NA,2,NA,2,NA,3,NA,4,NA,NA,NA,2.81603,0.69939,0.7897,1.48909,4.30512,3.60159,0.55143,0.02111,47,NA,55.6,NA,0,NA,1.34486,0.96635,2.25348,0.83137,0.65646,3.74131,3.31904,2.89374,0.71869,0.81149,4.42393,3.70098,2025-08-13,4,4,1,20,1,0,20,2024-08-14,12,7,5,60,1,0,60,30,NA,0,0,0,0,"901 NORTH MAIN,NORMAL,IL,61761",40.5227,-88.995,NA,2026-06-01
145495,MEDINA NURSING CENTER,402 SOUTH CENTER STREET,DURAND,IL,61024,8152482151,991,Winnebago,Y,For profit - Corporation,89,48.3,NA,Medicare and Medicaid,N,"MEDINA NURSING CENTER, INC",1984-04-26,NA,NA,NA,NA,NA,NA,NA,N,NA,N,N,N,Resident,Yes,2,NA,2,NA,2,NA,1,NA,3,NA,3,NA,NA,NA,2.93317,0.59294,0.65256,1.2455,4.17867,3.73562,0.55279,0.04636,58.7,NA,61.5,NA,1,NA,1.38658,0.99633,2.32339,0.85716,0.67682,3.85737,3.42201,2.92342,0.59097,0.65039,4.16478,3.7232,2025-04-09,13,5,8,151,1,0,151,2024-03-14,11,4,8,76,1,0,76,132.25,NA,3,52209,0,3,"402 SOUTH CENTER STREET,DURAND,IL,61024",42.4335,-89.327,NA,2026-06-01
145497,THREE SPRINGS SR LIVING & RHAB,161 THREE SPRINGS ROAD,CHESTER,IL,62233,6188263210,870,Randolph,N,For profit - Limited Liability company,83,62.3,NA,Medicare and Medicaid,N,THREE SPRINGS SENIOR LIVING & REHABILITATION LLC,1984-09-11,WLC MANAGEMENT FIRM,570,18,2.7,3.8,1.4,1.4,N,NA,N,N,N,Resident,Yes,2,NA,3,NA,2,NA,2,NA,NA,2,1,24,NA,NA,1.96784,0.94515,0.2179,1.16305,3.13089,2.87634,0.13921,0.00983,98.3,NA,83.3,NA,NA,26,1.24792,0.8967,2.09105,0.77144,0.60914,3.47164,3.07981,2.17922,1.04668,0.2413,3.4672,3.18531,2025-09-16,10,5,5,72,1,0,72,2024-06-14,8,2,6,96,1,0,96,78,NA,0,0,0,0,"161 THREE SPRINGS ROAD,CHESTER,IL,62233",37.9281,-89.817,NA,2026-06-01
145499,FAYETTE COUNTY HOSPITAL,650 W TAYLOR ST,VANDALIA,IL,62471,6182831231,340,Fayette,N,Non profit - Corporation,63,29.1,NA,Medicare and Medicaid,N,Legal Business Name Not Available,1984-10-17,NA,NA,NA,NA,NA,NA,NA,N,NA,N,N,N,Resident,Yes,4,NA,5,NA,1,NA,1,NA,NA,2,5,NA,NA,NA,2.94181,1.03853,0.92656,1.96509,4.9069,4.55284,0.63778,0,37,NA,37.5,NA,0,NA,1.34226,0.96448,2.24912,0.82976,0.65519,3.73407,3.31262,3.02885,1.06926,0.95397,5.05208,4.68755,2026-01-16,1,1,0,4,1,0,4,2024-10-24,5,3,2,52,1,0,52,16,NA,1,18233,1,2,"650 W TAYLOR ST,VANDALIA,IL,62471",38.9706,-89.099,NA,2026-06-01
145500,HILLSBORO REHAB & HCC,1300 EAST TREMONT STREET,HILLSBORO,IL,62049,2175326191,760,Montgomery,N,For profit - Corporation,121,81.9,NA,Medicare and Medicaid,N,"HILLSBORO REHABILITATION AND HEALTH CARE CENTER, LLC",1984-09-11,TUTERA SENIOR LIVING & HEALTH CARE,531,26,2.1,2.2,1.8,3,N,NA,Y,N,N,Resident,Yes,1,NA,1,NA,1,NA,1,NA,1,NA,1,NA,NA,NA,2.02145,0.81626,0.38935,1.20561,3.22705,2.93679,0.32628,0.01074,58.2,NA,75,NA,2,NA,1.52601,1.09652,2.55702,0.94335,0.74488,4.24525,3.7661,1.83065,0.73921,0.3526,2.92246,2.65959,2024-09-26,24,16,12,311,1,0,311,2023-08-21,23,6,19,192,1,0,192,281.25,1,3,317250,2,5,"1300 EAST TREMONT STREET,HILLSBORO,IL,62049",39.1533,-89.479,NA,2026-06-01
145502,TAYLORVILLE CARE CENTER,600 SOUTH HOUSTON,TAYLORVILLE,IL,62568,2178249636,100,Christian,N,For profit - Limited Liability company,98,68,NA,Medicare and Medicaid,N,"PALLADIAN TAYLORVILLE SNF, LLC",1984-11-05,PALLADIAN HEALTHCARE,393,6,1.7,2.2,1.2,2.2,N,NA,Y,N,N,Resident,Yes,1,NA,1,NA,1,NA,1,NA,1,NA,1,NA,NA,NA,1.84569,0.59944,0.28877,0.88821,2.7339,2.50985,0.22214,0.01043,33.3,NA,50,NA,1,NA,1.44525,1.03849,2.4217,0.89343,0.70546,4.02059,3.5668,1.76487,0.5732,0.27613,2.6142,2.39996,2025-08-15,9,6,6,163,1,0,163,2024-06-10,31,11,27,526,1,0,526,253.75,NA,3,291224,0,3,"600 SOUTH HOUSTON,TAYLORVILLE,IL,62568",39.5446,-89.311,NA,2026-06-01
145507,CLARK MANOR,7433 NORTH CLARK STREET,CHICAGO,IL,60626,7733388778,141,Cook,Y,For profit - Corporation,267,233.4,NA,Medicare and Medicaid,N,CLARK SKILLED NURSING FACILITY LLC,1984-08-01,LEGACY HEALTHCARE,306,89,2.9,2.9,2.6,3.4,N,NA,Y,Y,N,Resident,Yes,2,NA,2,NA,3,NA,5,NA,1,NA,3,NA,NA,NA,1.54649,0.37782,0.71111,1.08893,2.63542,2.48355,0.68864,0.008,26.1,NA,20,NA,0,NA,1.64931,1.18511,2.76362,1.01957,0.80507,4.58825,4.07039,1.29582,0.31658,0.59585,2.20825,2.08099,2024-05-17,13,10,3,100,1,0,100,2023-06-02,14,6,8,128,1,0,128,107,NA,0,0,1,1,"7433 NORTH CLARK STREET,CHICAGO,IL,60626",42.0166,-87.675,NA,2026-06-01
145508,HIGHLAND HEALTH CARE CENTER,1450 26TH STREET,HIGHLAND,IL,62249,6186542368,680,Madison,Y,For profit - Limited Liability company,128,76.1,NA,Medicare and Medicaid,N,HIGHLAND CARE AND REHABILITATION CENTER LLC,1984-06-20,CREST HEALTHCARE CONSULTING,170,13,2.1,2.5,1.3,2.8,N,NA,Y,N,N,Resident,Yes,2,NA,2,NA,5,NA,5,NA,3,NA,1,NA,NA,NA,2.11088,0.6082,0.55581,1.16402,3.2749,2.84106,0.50574,0.05695,55.6,NA,11.1,NA,1,NA,1.7349,1.24661,2.90703,1.07248,0.84684,4.82636,4.28162,1.68148,0.48448,0.44275,2.6087,2.26312,2024-09-27,6,3,3,215,1,0,215,2023-10-13,18,7,12,120,1,0,120,191.25,0,1,35875,0,1,"1450 26TH STREET,HIGHLAND,IL,62249",38.7263,-89.673,NA,2026-06-01
145510,AVANTARA LINCOLN PARK,1366 WEST FULLERTON AVENUE,CHICAGO,IL,60614,7732489300,141,Cook,Y,For profit - Corporation,248,223.7,NA,Medicare and Medicaid,N,FULLERTON SKILLED NURSING FACILITY LLC,1984-09-25,LEGACY HEALTHCARE,306,89,2.9,2.9,2.6,3.4,N,NA,N,N,N,Resident,Yes,2,NA,2,NA,3,NA,3,NA,2,NA,2,NA,NA,NA,1.74123,0.84482,0.67011,1.51493,3.25616,3.18245,0.6429,0.05358,42.5,NA,50,NA,0,NA,1.75056,1.25787,2.93328,1.08216,0.85449,4.86993,4.32028,1.37461,0.66694,0.52901,2.57056,2.51237,2024-06-07,15,10,6,100,1,0,100,2023-04-28,27,8,19,268,1,0,268,142,NA,3,144593,0,3,"1366 WEST FULLERTON AVENUE,CHICAGO,IL,60614",41.9252,-87.663,NA,2026-06-01
145511,BELLA TERRA LOMBARD,2100 SOUTH FINLEY ROAD,LOMBARD,IL,60148,6304954000,250,Du Page,Y,For profit - Corporation,224,146,NA,Medicare and Medicaid,N,LOMBARD SKILLED NURSING FACILITY LLC,1985-10-01,LEGACY HEALTHCARE,306,89,2.9,2.9,2.6,3.4,N,NA,N,N,N,Resident,Yes,4,NA,3,NA,5,NA,5,NA,4,NA,2,NA,NA,NA,2.04812,0.4398,0.90636,1.34616,3.39428,3.23349,0.86016,0.04054,50,NA,36.4,NA,0,NA,1.81509,1.30424,3.04141,1.12205,0.88599000000000006,5.04945,4.47954,1.5594,0.33486,0.69008,2.58434,2.46191,2024-06-26,11,8,3,64,1,0,64,2023-07-21,15,7,8,104,1,0,104,74,NA,0,0,0,0,"2100 SOUTH FINLEY ROAD,LOMBARD,IL,60148",41.8465,-88.026,NA,2026-06-01
145514,EFFINGHAM HEALTHCARE & SENIOR LIVING,1610 NORTH LAKEWOOD DRIVE,EFFINGHAM,IL,62401,2173477781,330,Effingham,N,For profit - Corporation,62,34.8,NA,Medicare and Medicaid,N,EFFINGHAM HEALTHCARE & SENIOR LIVING LLC,1985-01-01,POINTE MANAGEMENT,776,12,1.7,2.3,1.3,1.3,N,NA,N,N,N,Resident,Yes,1,NA,2,NA,1,NA,1,NA,1,NA,1,24,NA,NA,1.86883,1.00055,0.43095,1.4315,3.30033,2.76325,0.23803,0.01528,65.6,NA,57.1,NA,2,NA,1.41305,1.01535,2.36773,0.87352,0.68974,3.93099,3.48732,1.82774,0.97855,0.42147,3.22776,2.70249,2024-09-20,20,9,11,200,1,0,200,2023-08-22,21,8,13,216,1,0,216,204,NA,3,132532,2,5,"1610 NORTH LAKEWOOD DRIVE,EFFINGHAM,IL,62401",39.125,-88.564,NA,2026-06-01
145515,La Bella of Freeburg,746 URBANNA DRIVE,FREEBURG,IL,62243,6185395856,900,St. Clair,Y,For profit - Limited Liability company,118,93.7,NA,Medicare and Medicaid,N,FREEBURG CARE CENTER INC,1984-12-19,NA,NA,NA,NA,NA,NA,NA,N,NA,Y,N,N,Resident,Yes,1,NA,2,NA,1,NA,1,NA,1,NA,2,NA,NA,NA,2.51555,0.94179,0.25046,1.19226,3.70781,3.2544400000000002,0.16853,0.02203,52.6,NA,55.6,NA,0,NA,1.30763,0.9396,2.1911,0.80835,0.63829,3.63774,3.22716,2.65856,0.99534,0.2647,3.9186,3.43946,2024-08-30,8,6,2,96,1,0,96,2023-09-22,12,4,8,176,1,0,176,116,NA,5,164604,2,7,"746 URBANNA DRIVE,FREEBURG,IL,62243",38.4088,-89.891,NA,2026-06-01
145517,AXIOM HEALTHCARE OF MOUNT VERNON,1700 WHITE STREET,MOUNT VERNON,IL,62864,6182424075,490,Jefferson,N,For profit - Corporation,65,44.1,NA,Medicare and Medicaid,N,AXIOM HEALTHCARE OF MOUNT VERNON LLC,1985-02-21,AXIOM HEALTHCARE,746,7,1.4,2,1.3,1.4,N,NA,Y,N,N,None,Yes,1,NA,1,NA,2,NA,1,NA,2,NA,1,NA,NA,NA,1.96087,0.81665,0.45581,1.27246,3.23334,2.55645,0.30942,0.01457,64,NA,40,NA,0,NA,1.45597,1.04619,2.43966,0.90005,0.7107,4.05041,3.59326,1.86121,0.77515,0.43264,3.069,2.42652,2024-12-19,19,14,5,184,2,92,276,2023-11-21,40,6,34,714,1,0,714,385.5,0,6,340243,4,10,"1700 WHITE STREET,MOUNT VERNON,IL,62864",38.3211,-88.91,NA,2026-06-01
145518,La Bella of Mascoutah,201 SOUTH 10TH STREET,MASCOUTAH,IL,62258,6185668000,900,St. Clair,Y,For profit - Partnership,76,33.2,NA,Medicare and Medicaid,N,MASCOUTAH REHAB AND NURSING LLC,1985-03-15,JENMAX GROUP,875,10,1,1.7,1,2.8,N,NA,N,N,N,Resident,Yes,1,NA,2,NA,2,NA,3,NA,1,NA,1,NA,NA,NA,2.64874,1.21844,0.48298,1.70142,4.35015,3.49697,0.40071,0.1677,83,NA,83.3,NA,NA,26,1.63567,1.17531,2.74076,1.01114,0.79841,4.55031,4.03673,2.23791,1.02946,0.40807,3.67544,2.95459,2025-12-19,17,4,15,148,1,0,148,2024-09-20,16,6,10,227,1,0,227,167.75,0,3,128006,1,4,"201 SOUTH 10TH STREET,MASCOUTAH,IL,62258",38.4896,-89.812,NA,2026-06-01
145519,EverVella of White Hall,620 WEST BRIDGEPORT,WHITE HALL,IL,62092,2173742144,390,Greene,N,For profit - Limited Liability company,119,98.8,NA,Medicare and Medicaid,N,Legal Business Name Not Available,1985-04-01,EVERCARE SKILLED NURSING,804,11,1.5,1.8,1.1,2.5,N,NA,N,N,N,Resident,Yes,2,NA,3,NA,2,NA,1,NA,3,NA,1,NA,NA,NA,1.91719,0.88612,0.28523,1.17134,3.08854,2.71468,0.22741,0.03902,66.1,NA,81.8,NA,0,NA,1.35146,0.97109,2.26454,0.83544,0.65968,3.75966,3.33532,1.96049,0.90613,0.29167,3.15828,2.77598,2025-08-28,16,13,3,96,1,0,96,2024-10-21,8,5,3,64,1,0,64,88,NA,0,0,0,0,"620 WEST BRIDGEPORT,WHITE HALL,IL,62092",39.4384,-90.416,NA,2026-06-01
145522,BEACON HILL,2400 SOUTH FINLEY ROAD,LOMBARD,IL,60148,6306205850,250,Du Page,Y,Non profit - Corporation,45,35.3,NA,Medicare and Medicaid,N,LIFESPACE COMMUNITIES INC,1985-06-01,LIFESPACE COMMUNITIES,315,16,4.2,3.5,4.1,4.4,Y,NA,N,N,N,Resident,Yes,5,NA,4,NA,3,NA,NA,2,3,NA,5,NA,NA,NA,2.78521,0.04644,2.08682,2.13326,4.91847,4.176,1.5028,0.30013,44.3,NA,44,NA,0,NA,1.46586,1.05329,2.45622,0.90616,0.71552,4.07791,3.61765,2.62583,0.04379,1.9674,4.63701,3.93703,2025-07-03,6,3,3,48,1,0,48,2024-06-12,13,9,4,120,1,0,120,66,NA,2,30186,0,2,"2400 SOUTH FINLEY ROAD,LOMBARD,IL,60148",41.8409,-88.026,NA,2026-06-01
145526,GOTTLIEB MEMORIAL HOSPITAL,701 WEST NORTH AVENUE,MELROSE PARK,IL,60160,7084504908,141,Cook,Y,Non profit - Corporation,32,20.6,NA,Medicare and Medicaid,Y,GOTTLIEB MEMORIAL HOSPITAL,1985-06-10,TRINITY HEALTH,525,19,3.3,3,4.1,3.7,N,NA,N,N,N,Resident,Yes,5,NA,5,NA,4,NA,NA,2,4,NA,5,NA,NA,NA,2.35717,0,3.94423,3.94423,6.3014,5.95296,3.63778,0.51438,36.4,NA,23.8,NA,0,NA,1.28892,0.92616,2.15975,0.79679,0.62915,3.58569,3.18099,2.52734,0,4.22898,6.75632,6.38272,2026-03-12,1,1,0,8,1,0,8,2024-03-07,4,4,0,12,1,0,12,9,NA,0,0,0,0,"701 WEST NORTH AVENUE,MELROSE PARK,IL,60160",41.9082,-87.848,NA,2026-06-01
145527,BRANDEL HEALTH AND REHAB,2155 PFINGSTEN ROAD,NORTHBROOK,IL,60062,8474806350,141,Cook,Y,Non profit - Corporation,102,73,NA,Medicare and Medicaid,N,"COVENANT HEALTH CARE CENTER, INC.",1985-10-08,COVENANT LIVING,168,15,4.4,4.1,4.3,3.6,N,NA,N,N,N,Resident,Yes,5,NA,5,NA,2,NA,1,NA,3,NA,4,NA,NA,NA,2.63954,0.55465,0.83667,1.39133,4.03086,3.77042,0.64692,0.08118,25.4,NA,31.3,NA,2,NA,1.36345,0.97971,2.28462,0.84285,0.66553,3.79301,3.36491,2.6754,0.56219,0.84804,4.08564,3.82166,2025-04-24,2,1,1,24,1,0,24,2024-03-28,1,0,1,20,0,0,20,23,NA,0,0,0,0,"2155 PFINGSTEN ROAD,NORTHBROOK,IL,60062",42.1136,-87.849,NA,2026-06-01
145532,BIRCHWOOD PLAZA,1426 WEST BIRCHWOOD,CHICAGO,IL,60626,7732744405,141,Cook,Y,For profit - Corporation,200,141.9,NA,Medicare and Medicaid,N,BIRCHWOOD PLAZA INC.,1985-12-01,MARQUIS HEALTH SERVICES,336,88,3,2.5,2.5,4.3,N,NA,N,N,N,Resident,Yes,4,NA,4,NA,4,NA,4,NA,4,NA,3,NA,NA,NA,2.06506,0.18498,0.76753,0.95251,3.01757,2.8836,0.63511,0.05153,28.6,NA,5.6,NA,0,NA,1.71871,1.23498,2.87991,1.06247,0.83894,4.78132,4.24167,1.66047,0.14874,0.61715,2.42636,2.31864,2025-04-03,8,8,0,36,1,0,36,2024-03-08,11,8,3,92,1,0,92,50,NA,0,0,0,0,"1426 WEST BIRCHWOOD,CHICAGO,IL,60626",42.0182,-87.667,NA,2026-06-01
145536,"CITADEL OF BOURBONNAIS,THE",20 BRIARCLIFF LANE,BOURBONNAIS,IL,60914,8159372022,540,Kankakee,Y,For profit - Corporation,107,91.9,NA,Medicare and Medicaid,N,CITADEL OF BOURBONNAIS LLC,1986-01-29,CITADEL HEALTHCARE,147,13,3.6,3.7,1.9,3.3,N,NA,N,N,N,Resident,Yes,4,NA,4,NA,2,NA,5,NA,1,NA,2,NA,NA,NA,1.94937,0.67925,0.78734,1.46659,3.41596,3.02759,0.52393,0.05223,46.8,NA,35.3,NA,0,NA,1.81084,1.30118,3.03428,1.11942,0.88391,5.03762,4.46904,1.4877,0.51838,0.60087,2.60695,2.31056,2024-09-27,9,8,1,64,1,0,64,2023-11-03,4,3,1,32,1,0,32,56,NA,0,0,0,0,"20 BRIARCLIFF LANE,BOURBONNAIS,IL,60914",41.154,-87.895,NA,2026-06-01
145538,BEECHER MANOR NRSG & REHAB CTR,1201 DIXIE HIGHWAY,BEECHER,IL,60401,7089462600,989,Will,Y,For profit - Limited Liability company,128,109.6,NA,Medicare and Medicaid,N,"BEECHER MANOR NURSING AND REHABILITATION CENTER, LLC",1986-02-21,EXTENDED CARE CLINICAL,738,9,2.3,2.6,1.2,3.9,N,NA,N,N,N,Resident,Yes,3,NA,3,NA,5,NA,5,NA,4,NA,1,NA,NA,NA,1.89548,0.69328,0.53998,1.23327,3.12875,2.79888,0.36591,0.04322,47,NA,42.9,NA,0,NA,1.65531,1.18943,2.77368,1.02328,0.808,4.60496,4.08521,1.58249,0.5788,0.45082,2.61211,2.33671,2024-08-30,15,12,3,96,1,0,96,2023-07-20,13,8,5,104,1,0,104,98,NA,1,15935,0,1,"1201 DIXIE HIGHWAY,BEECHER,IL,60401",41.3553,-87.621,NA,2026-06-01
145546,MT ZION HEALTH & REHAB CENTER,1225 WOODLAND DRIVE,MOUNT ZION,IL,62549,2178642356,660,Macon,Y,For profit - Limited Liability company,71,66.6,NA,Medicare and Medicaid,N,MOUNT ZION HEALTH AND REHAB CENTER LLC,1985-09-06,SUMMIT HEALTHCARE CONSULTING,796,9,2.6,3.2,1.3,3.2,N,NA,Y,Y,N,Resident,Yes,1,NA,2,NA,2,NA,5,NA,1,NA,1,NA,NA,NA,2.17618,0.58812,0.36692,0.95504,3.13122,2.79204,0.26802,0.03737,53.2,NA,42.9,NA,1,NA,1.85186,1.33066,3.10301,1.14478,0.90394,5.15173,4.57027,1.62401,0.43889,0.27382,2.33672,2.0836,2024-02-09,19,9,11,160,1,0,160,2022-12-06,21,16,5,144,1,0,144,156,NA,1,47700,0,1,"1225 WOODLAND DRIVE,MOUNT ZION,IL,62549",39.7838,-88.875,NA,2026-06-01
145547,DEKALB COUNTY REHAB & NURSING,2600 NORTH ANNIE GLIDDEN ROAD,DEKALB,IL,60115,8157582477,170,De Kalb,Y,Government - County,190,116.3,NA,Medicare and Medicaid,N,DEKALB COUNTY GOVERNMENT,1986-01-01,NA,NA,NA,NA,NA,NA,NA,N,NA,N,N,N,Resident,Yes,4,NA,3,NA,3,NA,4,NA,3,NA,5,NA,NA,NA,2.99446,0.39792,1.45251,1.85044,4.8449,4.29359,1.06951,0.00975,43.7,NA,34.1,NA,0,NA,1.39823,1.0047,2.34291,0.86436,0.68251,3.88978,3.45075,2.95965,0.3933,1.43563,4.78857,4.24367,2025-04-03,7,7,0,44,1,0,44,2024-03-06,12,6,6,267,1,0,267,99.75,NA,3,187304,0,3,"2600 NORTH ANNIE GLIDDEN ROAD,DEKALB,IL,60115",41.9554,-88.773,NA,2026-06-01
145548,COMMUNITY FIRST MEDICAL CENTER,5645 WEST ADDISON STREET,CHICAGO,IL,60634,7732827000,141,Cook,Y,For profit - Individual,66,10.1,NA,Medicare,Y,COMMUNITY FIRST HEALTHCARE OF ILLINOIS INC,1985-11-12,NA,NA,NA,NA,NA,NA,NA,N,NA,N,N,N,None,Yes,5,NA,4,NA,4,NA,NA,2,4,NA,5,NA,NA,NA,1.93491,0.01321,4.56835,4.58156,6.51647,5.80733,3.87919,0.16289,23.5,NA,20,NA,NA,26,1.35334,0.97245,2.26769,0.83661,0.6606,3.7649,3.33997,1.97584,0.01349,4.665,6.65434,5.93019,2024-08-09,4,4,0,32,1,0,32,2023-09-01,8,8,0,72,1,0,72,42,NA,0,0,0,0,"5645 WEST ADDISON STREET,CHICAGO,IL,60634",41.9459,-87.768,NA,2026-06-01
145549,Belhaven Nursing & Rehab Center,11401 SOUTH OAKLEY AVENUE,CHICAGO,IL,60643,7732336311,141,Cook,Y,For profit - Corporation,221,194,NA,Medicare and Medicaid,N,BELHAVEN NURSING AND  REHABILITATION CENTER LLC,1986-04-01,INFINITY HEALTHCARE CONSULTING,763,70,2,2.2,1.4,3.7,N,NA,Y,N,N,Resident,Yes,1,NA,1,NA,3,NA,4,NA,2,NA,1,NA,NA,NA,1.61596,0.76682,0.20835,0.97518,2.59114,2.23275,0.2172,0.02428,38.3,NA,63.6,NA,1,NA,1.69822,1.22026,2.84557,1.0498,0.82894,4.72431,4.1911,1.31503,0.62403,0.16955,2.10861,1.81697,2025-12-17,33,18,16,268,1,0,268,2024-10-31,52,14,39,476,1,0,476,320,NA,5,320068,2,7,"11401 SOUTH OAKLEY AVENUE,CHICAGO,IL,60643",41.6861,-87.679,NA,2026-06-01
145552,FAIRFIELD MEMORIAL HOSPITAL,NORTH WEST 11TH STREET,FAIRFIELD,IL,62837,6188422611,986,Wayne,N,Non profit - Other,30,20.8,NA,Medicare,Y,FAIRFIELD MEMORIAL HOSPITAL ASSOCIATION,1986-03-26,NA,NA,NA,NA,NA,NA,NA,N,NA,N,N,N,Resident,Yes,5,NA,5,NA,5,NA,3,NA,5,NA,5,NA,NA,NA,2.50601,0,2.24165,2.24165,4.74766,4.2351,1.78073,0.00366,25,NA,20,NA,NA,27,1.26235,0.90706,2.11522,0.78036,0.61618,3.51176,3.1154,2.74349,0,2.45408,5.19756,4.63644,2024-10-17,4,4,0,32,1,0,32,2023-09-08,0,0,0,0,0,0,0,24,NA,0,0,0,0,"NORTH WEST 11TH STREET,FAIRFIELD,IL,62837",38.3821,-88.362,NA,2026-06-01
145555,EVERCARE AT EDWARDSVILLE,401 ST MARY DRIVE,EDWARDSVILLE,IL,62025,6186921330,680,Madison,Y,For profit - Corporation,120,96,NA,Medicare and Medicaid,N,EVERCARE OF EDWARDSVILLE LLC,1986-06-20,EVERCARE SKILLED NURSING,804,11,1.5,1.8,1.1,2.5,N,NA,Y,N,N,Resident,Yes,1,NA,1,NA,3,NA,3,NA,2,NA,1,NA,NA,NA,1.65312,0.92921,0.22305,1.15227,2.80539,2.50543,0.10309,0.03674,73.4,NA,77.8,NA,1,NA,1.8441,1.32508,3.09002,1.13998,0.90015,5.13015,4.55113,1.23886,0.69636,0.16716,2.10237,1.87758,2025-02-21,14,1,13,238,1,0,238,2024-03-15,22,9,13,319,1,0,319,258.25,0,5,423998,0,5,"401 ST MARY DRIVE,EDWARDSVILLE,IL,62025",38.7966,-89.937,NA,2026-06-01
145556,WINNING WHEELS,701 EAST 3RD STREET,PROPHETSTOWN,IL,61277,8155375168,988,Whiteside,N,Non profit - Corporation,88,70.6,NA,Medicare and Medicaid,N,WINNING WHEELS INC,1986-06-07,NA,NA,NA,NA,NA,NA,NA,N,NA,Y,N,N,Resident,Yes,1,NA,2,NA,3,NA,3,NA,NA,2,1,NA,NA,NA,2.47344,0.75307,0.38249,1.13555,3.609,3.42535,0.2864,0.01868,52.6,NA,70,NA,0,NA,1.85459,1.33262,3.1076,1.14647,0.90527,5.15935,4.57703,1.84312,0.56116,0.28501,2.68929,2.55244,2025-07-23,19,13,6,136,1,0,136,2024-06-13,29,12,17,267,1,0,267,168.75,NA,1,12258,0,1,"701 EAST 3RD STREET,PROPHETSTOWN,IL,61277",41.6706,-89.923,NA,2026-06-01
145557,ALDEN ESTATES OF BARRINGTON,1420 SOUTH BARRINGTON ROAD,BARRINGTON,IL,60010,8473826664,141,Cook,Y,For profit - Limited Liability company,150,107.9,NA,Medicare and Medicaid,N,"ALDEN ESTATES OF BARRINGTON, INC.",1986-02-11,THE ALDEN NETWORK,504,27,2.5,3,1.3,3.8,N,NA,N,N,N,Resident,Yes,3,NA,4,NA,4,NA,5,NA,2,NA,1,NA,NA,NA,2.24046,1.01216,0.79802,1.81018,4.05064,3.41071,0.57053,0.08635,NA,26,NA,26,NA,26,2.19587,1.57785,3.67945,1.35744,1.07186,6.10875,5.41928,1.41003,0.63701,0.50223,2.54928,2.14654,2024-09-19,1,0,1,20,0,0,20,2023-08-18,10,6,4,104,1,0,104,41,NA,1,18395,0,1,"1420 SOUTH BARRINGTON ROAD,BARRINGTON,IL,60010",42.1338,-88.136,NA,2026-06-01
145563,The Citadel at Saint Anne Place,4405 HIGHCREST ROAD,ROCKFORD,IL,61107,8152291999,991,Winnebago,Y,Non profit - Church related,179,127.2,NA,Medicare and Medicaid,N,Legal Business Name Not Available,1986-10-29,NA,NA,NA,NA,NA,NA,NA,N,NA,N,N,N,Resident,Yes,1,NA,1,NA,1,NA,1,NA,1,NA,2,NA,NA,NA,1.82255,0.69098,0.83207,1.52305,3.3456,2.69623,0.52287,0.09352,62.9,NA,62.2,NA,0,NA,1.36904,0.98372,2.29399,0.84631,0.66826,3.80856,3.3787,1.83977,0.69751,0.83994,3.37721,2.72171,2025-06-05,20,11,10,184,2,92,276,2024-08-07,15,7,8,108,1,0,108,234,NA,6,162728,1,7,"4405 HIGHCREST ROAD,ROCKFORD,IL,61107",42.2855,-89.031,NA,2026-06-01
145571,CEDAR RIDGE HEALTH & REHAB CTR,ONE PERRYMAN STREET,LEBANON,IL,62254,6185376165,900,St. Clair,Y,For profit - Corporation,116,104.7,NA,Medicare and Medicaid,N,CEDAR RIDGE CARE AND REHABILITATION CENTER LLC,1987-07-06,CREST HEALTHCARE CONSULTING,170,13,2.1,2.5,1.3,2.8,N,NA,N,N,N,Resident,Yes,2,NA,3,NA,3,NA,4,NA,2,NA,1,NA,NA,NA,1.92214,0.50967,0.7459,1.25557,3.17771,2.55004,0.43086,0.02488,54.2,NA,46.2,NA,0,NA,1.847,1.32717,3.09489,1.14178,0.90157,5.13823,4.5583,1.43819,0.38135,0.5581,2.37764,1.908,2026-03-12,5,5,2,52,1,0,52,2025-01-30,17,11,6,160,1,0,160,79,1,2,70964,1,3,"ONE PERRYMAN STREET,LEBANON,IL,62254",38.6067,-89.813,22,2026-06-01
145572,GRAHAM HOSPITAL,210 WEST WALNUT STREET,CANTON,IL,61520,3096475240,370,Fulton,N,Non profit - Other,35,19.1,NA,Medicare and Medicaid,Y,GRAHAM HOSPITAL ASSOCIATION,1987-07-02,NA,NA,NA,NA,NA,NA,NA,N,NA,N,N,N,Resident,Yes,4,NA,3,NA,3,NA,3,NA,3,NA,5,NA,NA,NA,3.33121,0.02367,1.82754,1.85121,5.18241,5.28694,1.96123,0.05616,32.3,NA,41.7,NA,1,NA,1.22154,0.87774,2.04684,0.75513,0.59626,3.39823,3.01469,3.76872,0.02678,2.06756,5.86306,5.98132,2026-04-01,9,9,0,100,2,50,150,2024-12-18,4,3,0,36,1,0,36,121.5,1,0,0,1,1,"210 WEST WALNUT STREET,CANTON,IL,61520",40.5533,-90.04,NA,2026-06-01
145581,La Bella of Cahokia,2 ANNABLE COURT,CAHOKIA,IL,62206,6183320114,900,St. Clair,Y,For profit - Partnership,150,85,NA,Medicare and Medicaid,N,CAHOKIA NURSING AND REHABILITATION CENTER,1987-08-03,JENMAX GROUP,875,10,1,1.7,1,2.8,N,SFF Candidate,Y,Y,N,Resident,Yes,1,NA,1,NA,1,NA,3,NA,1,NA,1,NA,NA,NA,2.09718,0.7609,0.32657,1.08747,3.18465,2.97568,0.24333,0.01989,47.1,NA,75,NA,2,NA,1.52907,1.09872,2.56215,0.94524,0.74638,4.25377,3.77366,1.89543,0.6877,0.29515,2.87829,2.68942,2024-04-05,29,4,25,814,1,0,814,2023-04-28,30,8,22,335,1,0,335,694.25,NA,3,702001,2,5,"2 ANNABLE COURT,CAHOKIA,IL,62206",38.5623,-90.174,NA,2026-06-01
145582,ALDEN ESTATES OF NAPERVILLE,1525 SOUTH OXFORD LANE,NAPERVILLE,IL,60565,6309830300,250,Du Page,Y,For profit - Corporation,203,154.7,NA,Medicare and Medicaid,N,"ALDEN ESTATES OF NAPERVILLE, INC.",1987-10-07,THE ALDEN NETWORK,504,27,2.5,3,1.3,3.8,N,NA,N,N,N,Resident,Yes,2,NA,3,NA,3,NA,4,NA,2,NA,1,NA,NA,NA,2.30007,0.56497,0.67584,1.24082,3.54089,3.21732,0.63023,0.05054,NA,26,NA,26,NA,26,1.61733,1.16214,2.71004,0.9998,0.78946,4.49931,3.99149,1.96536,0.48276,0.57749,3.02561,2.74912,2024-06-13,11,8,3,64,1,0,64,2023-08-30,31,10,23,172,1,0,172,91,NA,1,9256,0,1,"1525 SOUTH OXFORD LANE,NAPERVILLE,IL,60565",41.7439,-88.124,NA,2026-06-01
145584,PALM GARDEN OF MATTOON,1000 PALM,MATTOON,IL,61938,2172347403,140,Coles,N,For profit - Corporation,178,95.3,NA,Medicare and Medicaid,N,"PALM GARDEN OF MATTOON, LLC",1987-10-14,POINTE MANAGEMENT,776,12,1.7,2.3,1.3,1.3,N,NA,Y,N,N,Resident,Yes,1,NA,1,NA,1,NA,1,NA,1,NA,1,24,NA,NA,1.55602,0.82973,0.13306,0.96279,2.51881,2.28153,0.0463,0.00573,NA,26,NA,26,2,NA,1.3728,0.98643,2.30029,0.84864,0.6701,3.81903,3.38799,1.56642,0.83527,0.13395,2.53564,2.29678,2026-01-29,33,19,25,335,1,0,335,2025-01-24,55,8,47,456,1,0,456,365.25,NA,3,351078,4,7,"1000 PALM,MATTOON,IL,61938",39.4688,-88.369,NA,2026-06-01
145585,La Bella of Caseyville,601 WEST LINCOLN AVENUE,CASEYVILLE,IL,62232,6183453072,900,St. Clair,Y,For profit - Limited Liability company,150,107.3,NA,Medicare and Medicaid,N,CASEYVILLE NURSING & REHABILITATION CENTER INC,1987-09-22,JENMAX GROUP,875,10,1,1.7,1,2.8,N,NA,N,N,N,Resident,Yes,1,NA,3,NA,1,NA,1,NA,1,NA,1,NA,NA,NA,1.91746,0.75732,0.3367,1.09402,3.01148,2.60426,0.2466,0.02911,55.4,NA,42.9,NA,1,NA,1.61769,1.1624,2.71065,1.00003,0.78964,4.50031,3.99238,1.63806,0.64697,0.28764,2.57266,2.22478,2025-06-27,4,3,1,60,0,0,60,2024-05-31,26,5,21,260,1,0,260,110,NA,3,222663,2,5,"601 WEST LINCOLN AVENUE,CASEYVILLE,IL,62232",38.6341,-90.036,NA,2026-06-01
145591,APERION CARE WESLEY,1415 WEST FOSTER AVENUE,CHICAGO,IL,60640,7737695500,141,Cook,Y,For profit - Corporation,108,69,NA,Medicare and Medicaid,N,APERION CARE WESLEY LLC,1988-02-25,APERION CARE,38,33,2,2.1,1.6,3.5,N,NA,N,N,N,None,Yes,2,NA,2,NA,4,NA,5,NA,3,NA,3,NA,NA,NA,2.5009,1.05513,0.70297,1.7581,4.25899,3.59801,0.56395,0.08499,50.5,NA,41.2,NA,1,NA,1.62986,1.17114,2.73104,1.00755,0.79558,4.53417,4.02241,2.12053,0.89465,0.59605,3.61123,3.05078,2025-01-16,27,23,4,232,1,0,232,2024-01-25,14,8,6,120,1,0,120,204,NA,1,19292,0,1,"1415 WEST FOSTER AVENUE,CHICAGO,IL,60640",41.9762,-87.666,NA,2026-06-01
145593,AVANTARA LIBERTYVILLE,1500 SOUTH MILWAUKEE AVENUE,LIBERTYVILLE,IL,60048,8478163200,570,Lake,Y,For profit - Corporation,150,101.9,NA,Medicare and Medicaid,N,"LIBERTYVILLE SKILLED NURSING FACILITY, LLC",1988-06-07,LEGACY HEALTHCARE,306,89,2.9,2.9,2.6,3.4,N,NA,N,N,N,Both,Yes,4,NA,4,NA,4,NA,5,NA,3,NA,3,NA,NA,NA,2.33444,0.84327,0.98148,1.82475,4.15918,4.0688,1.01763,0.11037,33.6,NA,37,NA,0,NA,1.91343,1.3749,3.2062,1.18285,0.93399,5.32304,4.72225,1.68604,0.60905,0.70887,3.00396,2.93868,2024-09-25,8,6,2,68,1,0,68,2023-11-08,7,5,2,56,1,0,56,65,NA,0,0,0,0,"1500 SOUTH MILWAUKEE AVENUE,LIBERTYVILLE,IL,60048",42.2588,-87.948,NA,2026-06-01
145596,SNYDER VILLAGE,1200 EAST PARTRIDGE,METAMORA,IL,61548,3093674300,992,Woodford,Y,Non profit - Corporation,84,72.2,NA,Medicare and Medicaid,N,METAMORA COMMUNITY NURSING HOME,1988-08-25,NA,NA,NA,NA,NA,NA,NA,Y,NA,N,N,N,Resident,Yes,5,NA,4,NA,3,NA,3,NA,3,NA,5,NA,NA,NA,3.16668,0.96507,0.6483,1.61337,4.78005,4.19191,0.54157,0.03694,39.3,NA,28.6,NA,0,NA,1.25441,0.90136,2.10191,0.77545,0.61231,3.48967,3.0958,3.48872,1.06322,0.71423,5.26616,4.6182,2025-03-27,2,2,0,32,1,0,32,2024-04-24,2,2,0,20,1,0,20,29,0,0,0,0,0,"1200 EAST PARTRIDGE,METAMORA,IL,61548",40.7922,-89.35,NA,2026-06-01
145597,PEKIN MANOR,1520 EL CAMINO DRIVE,PEKIN,IL,61554,3093531099,980,Tazewell,Y,Non profit - Corporation,130,90.5,NA,Medicare and Medicaid,N,"UNLIMITED DEVELOPMENT, INC",1988-12-01,"UNLIMITED DEVELOPMENT, INC.",536,10,2.5,2.6,2.8,2.3,N,NA,N,N,N,Resident,Yes,4,NA,4,NA,2,NA,2,NA,3,NA,3,NA,NA,NA,3.3881,0.61151,0.55918,1.17069,4.55879,4.25379,0.37944,0.05076,46.7,NA,50,NA,0,NA,1.63083,1.17184,2.73267,1.00815,0.79605,4.53686,4.0248,2.87108,0.5182,0.47385,3.86313,3.60468,2024-09-26,8,5,3,52,1,0,52,2023-11-02,8,2,6,48,1,0,48,51,NA,1,9110,0,1,"1520 EL CAMINO DRIVE,PEKIN,IL,61554",40.5401,-89.629,NA,2026-06-01
145598,SEMINARY MANOR,2345 NORTH SEMINARY STREET,GALESBURG,IL,61401,3093441300,560,Knox,N,Non profit - Corporation,121,95,NA,Medicare and Medicaid,N,"UNLIMITED DEVELOPMENT, INC",1988-11-04,"UNLIMITED DEVELOPMENT, INC.",536,10,2.5,2.6,2.8,2.3,Y,NA,Y,N,N,Resident,Yes,2,NA,2,NA,3,NA,3,NA,4,NA,3,NA,NA,NA,2.80267,0.77686,0.5529,1.32976,4.13242,3.67168,0.38282,0.01025,36.3,NA,50,NA,2,NA,1.44719,1.03989,2.42496,0.89463,0.70641,4.02599,3.5716,2.67636,0.74185,0.52798,3.94618,3.5062,2025-05-16,12,6,6,116,1,0,116,2024-08-07,8,3,5,88,1,0,88,109,NA,0,0,0,0,"2345 NORTH SEMINARY STREET,GALESBURG,IL,61401",40.977,-90.364,NA,2026-06-01
145600,LOFT REHAB & NURSING OF CANTON,2081 NORTH MAIN STREET,CANTON,IL,61520,3096476135,370,Fulton,N,For profit - Corporation,90,63,NA,Medicare and Medicaid,N,LOFT REHABILITATION AND NURSING OF CANTON LLC,1988-11-01,THE LOFT REHABILITATION AND NURSING,322,7,1.9,2,1.1,3,N,NA,N,N,N,Resident,Yes,3,NA,3,NA,3,NA,3,NA,3,NA,2,NA,NA,NA,2.09625,0.47189,0.70874,1.18063,3.27688,2.98054,0.54326,0.06516,38.2,NA,36.4,NA,0,NA,1.56495,1.1245,2.62227,0.96742,0.76389,4.35357,3.8622,1.85115,0.41671,0.62587,2.89374,2.63205,2024-08-22,13,8,5,100,1,0,100,2023-05-25,7,0,7,68,0,0,68,92,NA,2,106850,1,3,"2081 NORTH MAIN STREET,CANTON,IL,61520",40.5929,-90.035,NA,2026-06-01
145601,AVISTON COUNTRYSIDE MANOR,450 WEST 1ST STREET,AVISTON,IL,62216,6182287615,130,Clinton,Y,For profit - Corporation,97,74.3,NA,Medicare and Medicaid,N,"PALLADIAN AVISTON SNF, LLC",1988-12-12,PALLADIAN HEALTHCARE,393,6,1.7,2.2,1.2,2.2,N,NA,Y,N,N,Resident,Yes,2,NA,2,NA,2,NA,3,NA,1,NA,2,NA,NA,NA,1.69124,0.62855,0.43668,1.06523,2.75648,2.45989,0.35037,0.01459,52.9,NA,25,NA,0,NA,1.39177,1.00006,2.33209,0.86037,0.67936,3.87181,3.43482,1.67933,0.62412,0.43361,2.73707,2.44257,2024-06-26,6,1,5,40,1,0,40,2023-08-18,6,5,1,60,1,0,60,45,NA,0,0,1,1,"450 WEST 1ST STREET,AVISTON,IL,62216",38.6071,-89.601,NA,2026-06-01
145602,"VILLAGE AT VICTORY LAKES, THE",1055 EAST GRAND AVENUE,LINDENHURST,IL,60046,8473565900,570,Lake,Y,Non profit - Corporation,120,81.9,NA,Medicare and Medicaid,N,"FRANCISCAN COMMUNITIES, INC",1989-02-02,FRANCISCAN COMMUNITIES,227,6,4,3.2,4.3,4.3,Y,NA,N,N,N,Resident,Yes,4,NA,2,NA,5,NA,5,NA,3,NA,5,NA,NA,NA,2.0762,0.68982,1.37696,2.06678,4.14298,3.5889,0.96366,0.11878,32.3,NA,29.4,NA,0,NA,1.44095,1.0354,2.41449,0.89077,0.70336,4.00863,3.55619,1.99122,0.66159,1.3206,3.97341,3.442,2026-03-12,10,7,3,151,1,0,151,2025-01-29,5,4,1,56,1,0,56,127.25,NA,4,378211,0,4,"1055 EAST GRAND AVENUE,LINDENHURST,IL,60046",42.4096,-88.033,NA,2026-06-01
145603,ACCOLADE HC OF PAXTON ON PELLS,1001 EAST PELLS STREET,PAXTON,IL,60957,2173794361,350,Ford,Y,For profit - Limited Liability company,106,86.3,NA,Medicare and Medicaid,N,ACCOLADE HEALTHCARE OF THE HEARTLAND LLC,1988-12-28,ACCOLADE HEALTHCARE,7,7,2.7,3,1.6,3.4,N,NA,N,N,N,Resident,Yes,1,NA,1,NA,3,NA,3,NA,3,NA,1,NA,NA,NA,1.98224,0.88829,0.4334,1.32169,3.30393,2.99742,0.35161,0.04375,44.8,NA,33.3,NA,0,NA,1.80013,1.29349,3.01635,1.11281,0.87869,5.00785,4.44263,1.52178,0.68194,0.33272,2.53645,2.30113,2025-01-16,19,14,8,172,1,0,172,2024-03-20,35,18,17,324,1,0,324,210,NA,7,153560,0,7,"1001 EAST PELLS STREET,PAXTON,IL,60957",40.4591,-88.084,NA,2026-06-01
145604,HENRY REHAB AND NURSING,1650 INDIAN TOWN ROAD,HENRY,IL,61537,3093643905,700,Marshall,Y,For profit - Corporation,81,53.4,NA,Medicare and Medicaid,N,HENRY REHAB AND NURSING LLC,1988-12-05,STERN CONSULTANTS,661,23,2.5,2.4,2.2,3.9,N,NA,N,N,N,Resident,Yes,5,NA,5,NA,5,NA,5,NA,5,NA,2,NA,NA,NA,2.25687,0.63896,0.61542,1.25438,3.51125,3.09091,0.45509,0.1157,45.3,NA,60,NA,0,NA,1.58138,1.1363,2.6498,0.97758,0.77191,4.39928,3.90275,1.97229,0.55839,0.53782,3.0685,2.70116,2025-04-18,4,4,0,16,1,0,16,2024-04-03,6,4,2,40,1,0,40,22,NA,0,0,0,0,"1650 INDIAN TOWN ROAD,HENRY,IL,61537",41.1135,-89.362,22,2026-06-01
145606,COVENANT LIVING - WINDSOR PARK,110 WINDSOR PARK DRIVE,CAROL STREAM,IL,60188,6305105200,250,Du Page,Y,Non profit - Church related,80,65.3,NA,Medicare and Medicaid,N,WINDSOR PARK MANOR,1989-03-03,COVENANT LIVING,168,15,4.4,4.1,4.3,3.6,Y,NA,N,N,N,Resident,Yes,5,NA,3,NA,5,NA,4,NA,5,NA,5,NA,NA,NA,2.19886,0.57535,1.22612,1.80147,4.00032,3.7186,1.03976,0.10532,21.7,NA,23.8,NA,0,NA,1.33492,0.95921,2.23682,0.82522,0.65161,3.71364,3.2945,2.27637,0.59563,1.26934,4.14134,3.84968,2025-02-28,6,5,1,56,1,0,56,2024-04-19,9,5,4,223,1,0,223,97.75,NA,1,50525,0,1,"110 WINDSOR PARK DRIVE,CAROL STREAM,IL,60188",41.9041,-88.133,NA,2026-06-01
145607,AVANTARA PALOS HEIGHTS,7850 WEST COLLEGE DRIVE,PALOS HEIGHTS,IL,60463,7083616990,141,Cook,Y,For profit - Limited Liability company,184,129.7,NA,Medicare and Medicaid,N,PHE SKILLED NURSING FACILITY LLC,1989-03-15,LEGACY HEALTHCARE,306,89,2.9,2.9,2.6,3.4,N,NA,N,N,N,Resident,Yes,2,NA,2,NA,3,NA,3,NA,3,NA,2,NA,NA,NA,2.20958,0.80278,0.93803,1.74082,3.9504,3.89328,0.89044,0.05878,52.1,NA,44.7,NA,0,NA,1.80889,1.29979,3.03103,1.11822,0.88296,5.03221,4.46424,1.6881,0.61332,0.71665,3.01806,2.97442,2025-09-18,19,14,5,144,1,0,144,2024-11-01,18,6,13,116,1,0,116,137,NA,2,22645,1,3,"7850 WEST COLLEGE DRIVE,PALOS HEIGHTS,IL,60463",41.675,-87.813,NA,2026-06-01
145608,Thryve of South Holland,2145 EAST 170TH STREET,SOUTH HOLLAND,IL,60473,7088953255,141,Cook,Y,For profit - Limited Liability company,216,131.8,NA,Medicare and Medicaid,N,SOUTH HOLLAND MANOR HRC LLC,1989-02-23,ALIYA HEALTHCARE,663,12,2.6,2.5,1.4,4.3,N,NA,N,N,N,Resident,Yes,3,NA,3,NA,4,NA,5,NA,3,NA,2,NA,NA,NA,1.73039,0.87962,0.47709,1.35671,3.0871,2.84872,0.31346,0.01513,34,NA,43.8,NA,0,NA,1.66795,1.19851,2.79486,1.03109,0.81417,4.64012,4.1164,1.43371,0.7288,0.39529,2.5578,2.3603,2025-08-01,10,6,4,92,1,0,92,2024-08-16,25,9,18,128,1,0,128,101,NA,2,45650,0,2,"2145 EAST 170TH STREET,SOUTH HOLLAND,IL,60473",41.5865,-87.565,NA,2026-06-01
145609,HILLSIDE REHAB & CARE CENTER,1308 GAME FARM ROAD,YORKVILLE,IL,60560,6305535811,550,Kendall,Y,For profit - Limited Liability company,79,47.8,NA,Medicare and Medicaid,N,"HELIA HEALTHCARE OF YORKVILLE, LLC",1989-02-23,HELIA HEALTHCARE,263,13,2.3,2.7,1.3,2.8,N,NA,N,N,N,Resident,Yes,1,NA,2,NA,1,NA,1,NA,1,NA,2,NA,NA,NA,1.63327,0.57319,0.51551,1.0887,2.72198,2.40074,0.39936,0.01709,42.5,NA,22.2,NA,0,NA,1.46428,1.05216,2.45358,0.90519,0.71475,4.07352,3.61376,1.54147,0.54097,0.48654,2.56897,2.26579,2025-03-07,15,9,6,124,1,0,124,2024-04-18,13,8,5,189,1,0,189,140.25,NA,3,158570,1,4,"1308 GAME FARM ROAD,YORKVILLE,IL,60560",41.658,-88.451,NA,2026-06-01
145611,ST JAMES WELLNESS REHAB VILLAS,1251 EAST RICHTON ROAD,CRETE,IL,60417,7086726700,989,Will,Y,For profit - Limited Liability company,110,88,NA,Medicare and Medicaid,N,ST JAMES WELLNESS REHAB AND VILLAS LLC,1989-01-27,EXTENDED CARE CLINICAL,738,9,2.3,2.6,1.2,3.9,N,NA,N,N,N,Resident,Yes,2,NA,3,NA,3,NA,4,NA,2,NA,1,NA,NA,NA,1.7641,0.88008,0.38325,1.26333,3.02743,2.73128,0.22946,0.01608,33.8,NA,80,NA,1,NA,1.60154,1.15079,2.68358,0.99004,0.78175,4.45537,3.95251,1.52224,0.75942,0.33071,2.61238,2.35683,2024-12-06,11,11,3,92,1,0,92,2023-11-17,19,7,12,124,1,0,124,100,NA,0,0,0,0,"1251 EAST RICHTON ROAD,CRETE,IL,60417",41.4575,-87.582,NA,2026-06-01
145612,"PEARL OF CRYSTAL LAKE, THE",1000 EAST BRIGHTON LANE,CRYSTAL LAKE,IL,60012,8154776569,640,Mc Henry,Y,For profit - Corporation,97,70.9,NA,Medicare and Medicaid,N,"PEARL OF CRYSTAL LAKE, LLC",1989-04-19,PEARL HEALTHCARE,595,15,2.6,2.7,2.1,3.6,N,NA,N,N,N,Resident,Yes,5,NA,4,NA,5,NA,5,NA,3,NA,4,NA,NA,NA,2.09531,0.45951,1.32736,1.78687,3.88218,3.16913,0.87109,0.10281,35.7,NA,23.8,NA,0,NA,1.5601,1.12102,2.61415,0.96442,0.76152,4.3401,3.85025,1.85607,0.40705,1.1758,3.43892,2.80728,2025-03-12,7,7,0,32,1,0,32,2024-02-22,13,6,7,72,1,0,72,42,NA,0,0,0,0,"1000 EAST BRIGHTON LANE,CRYSTAL LAKE,IL,60012",42.2678,-88.284,NA,2026-06-01
145613,BRIA OF CAHOKIA,3354 JEROME LANE,CAHOKIA,IL,62206,6183379400,900,St. Clair,Y,For profit - Limited Liability company,133,111.4,NA,Medicare and Medicaid,N,ATRIUM HEALTH CARE & REHABILITATION CENTER OF CAHOKIA LP,1989-02-22,BRIA HEALTH SERVICES,88,15,1.3,1.7,1.1,2.9,N,NA,Y,N,N,Resident,Yes,1,NA,1,NA,3,NA,5,NA,1,NA,1,NA,NA,NA,2.05823,0.8812,0.31008,1.19129,3.24951,2.82727,0.1645,0.01615,56.3,NA,90.9,NA,1,NA,1.75582,1.26165,2.94209,1.08541,0.85706,4.88455,4.33325,1.62,0.69358,0.24406,2.55764,2.22529,2025-04-18,15,5,10,226,1,0,226,2024-06-11,63,9,56,846,1,0,846,381,1,8,798532,4,12,"3354 JEROME LANE,CAHOKIA,IL,62206",38.5515,-90.149,NA,2026-06-01
145614,CHATEAU NRSG & REHAB CENTER,7050 MADISON STREET,WILLOWBROOK,IL,60521,6303236380,250,Du Page,Y,For profit - Limited Liability company,150,125.3,NA,Medicare and Medicaid,N,"CHATEAU NURSING AND REHABILITATION CENTER, LLC",1989-06-06,EXTENDED CARE CLINICAL,738,9,2.3,2.6,1.2,3.9,N,NA,N,N,N,Resident,Yes,3,NA,4,NA,3,NA,3,NA,2,NA,1,NA,NA,NA,1.9115,0.77785,0.56174,1.3396,3.2511,2.92936,0.48715,0.02108,59,NA,41.2,NA,0,NA,1.72066,1.23639,2.88318,1.06368,0.8399,4.78676,4.24649,1.53525,0.62474,0.45117,2.61116,2.35276,2024-08-08,9,8,2,56,1,0,56,2023-09-29,15,7,8,116,1,0,116,71,NA,1,10519,1,2,"7050 MADISON STREET,WILLOWBROOK,IL,60521",41.7615,-87.935,NA,2026-06-01
145615,ALLURE OF STERLING,612 WEST ST MARY'S STREET,STERLING,IL,61081,8156269020,988,Whiteside,N,For profit - Corporation,130,87.4,NA,Medicare and Medicaid,N,ALLURE OF STERLING LLC,1989-05-22,ALLURE HEALTHCARE SERVICES,25,15,2.5,2.9,1.7,2.5,N,NA,Y,N,N,Resident,Yes,1,NA,2,NA,1,NA,1,NA,1,NA,1,NA,NA,NA,2.47306,0.92091,0.39467,1.31558,3.78864,3.72688,0.41401,0.02087,47.2,NA,60,NA,0,NA,1.81389,1.30338,3.0394,1.12131,0.8854,5.04612,4.47658,1.88418,0.70163,0.3007,2.8865,2.83945,2025-12-18,19,7,12,203,0,0,203,2024-09-26,13,7,6,100,1,0,100,177.25,NA,1,118360,0,1,"612 WEST ST MARY'S STREET,STERLING,IL,61081",41.8087,-89.704,NA,2026-06-01
145616,MASON CITY AREA NURSING HOME,520 NORTH PRICE AVENUE,MASON CITY,IL,62664,2174825022,710,Mason,N,Non profit - Other,97,62.5,NA,Medicare and Medicaid,N,"MASON CITY AREA NURSING HOME ASSOCIATION, INC.",1989-05-30,HERITAGE OPERATIONS GROUP,651,9,1.9,2.6,2.2,1.4,N,NA,N,N,N,Resident,Yes,2,NA,3,NA,1,NA,1,NA,1,NA,2,NA,NA,NA,2.11291,0.73808,0.48404,1.22213,3.33503,3.06984,0.31489,0.01733,49.2,NA,0,NA,0,NA,1.681,1.20788,2.81672,1.03916,0.82054,4.67641,4.1486,1.73706,0.60679,0.39794,2.74178,2.52376,2024-12-04,4,3,1,32,1,0,32,2024-01-18,11,7,4,322,1,0,322,104.5,NA,1,157310,0,1,"520 NORTH PRICE AVENUE,MASON CITY,IL,62664",40.2064,-89.679,NA,2026-06-01
145619,ALLURE OF LAKE STOREY,1250 WEST CARL SANDBURG DRIVE,GALESBURG,IL,61401,3093445400,560,Knox,N,For profit - Corporation,180,72.2,NA,Medicare and Medicaid,N,ALLURE OF LAKE STOREY LLC,1989-05-18,ALLURE HEALTHCARE SERVICES,25,15,2.5,2.9,1.7,2.5,Y,NA,N,N,N,Resident,Yes,5,NA,5,NA,3,NA,2,NA,3,NA,2,NA,NA,NA,2.45118,0.84558,0.43668,1.28226,3.73344,3.37609,0.34459,0.03042,29.3,NA,50,NA,0,NA,1.83534,1.31879,3.07535,1.13457,0.89588,5.1058,4.52953,1.84568,0.6367,0.32881,2.8112,2.54212,2024-07-18,5,4,1,20,1,0,20,2023-07-14,3,1,2,28,1,0,28,22,NA,0,0,0,0,"1250 WEST CARL SANDBURG DRIVE,GALESBURG,IL,61401",40.9721,-90.393,NA,2026-06-01
145620,EVERVELLA OF SWANSEA,100 ROSEWOOD VILLAGE DRIVE,SWANSEA,IL,62220,6182361391,900,St. Clair,Y,For profit - Limited Liability company,120,91.8,NA,Medicare and Medicaid,N,EVERVELLA OF SWANSEA LLC,1989-05-01,EVERCARE SKILLED NURSING,804,11,1.5,1.8,1.1,2.5,N,NA,N,N,N,Resident,Yes,2,NA,3,NA,2,NA,2,NA,1,NA,1,NA,NA,NA,1.79022,1.0066,0.24715,1.25375,3.04397,2.87897,0.17345,0.04636,69,NA,100,NA,0,NA,1.66978,1.19982,2.79792,1.03222,0.81506,4.6452,4.12092,1.48166,0.8331,0.20455,2.51931,2.38275,2025-09-26,17,10,7,116,0,0,116,2024-07-26,10,8,2,132,1,0,132,120,NA,23,155317,1,24,"100 ROSEWOOD VILLAGE DRIVE,SWANSEA,IL,62220",38.5441,-89.985,NA,2026-06-01
145621,WAUKEGAN HEALTH AND REHAB,2217 WASHINGTON STREET,WAUKEGAN,IL,60085,8472444100,570,Lake,Y,For profit - Limited Liability company,112,81,NA,Medicare and Medicaid,N,"PAVILION OF WAUKEGAN, LLC",1989-07-01,NA,NA,NA,NA,NA,NA,NA,N,NA,N,N,N,Resident,Yes,4,NA,4,NA,2,NA,3,NA,1,NA,3,NA,NA,NA,1.94229,0.42747,0.80241,1.22988,3.17218,2.76131,0.66864,0.06663,34.4,NA,16.7,NA,0,NA,1.49737,1.07594,2.50904,0.92565,0.7309,4.16559,3.69543,1.79261,0.39453,0.74057,2.9277,2.5485,2025-05-21,12,9,3,64,1,0,64,2024-06-12,10,4,6,76,1,0,76,67,NA,1,8328,1,2,"2217 WASHINGTON STREET,WAUKEGAN,IL,60085",42.3595,-87.86,NA,2026-06-01
145623,ARCADIA CARE MORRIS,1095 TWILIGHT DRIVE,MORRIS,IL,60450,8159425108,400,Grundy,Y,For profit - Limited Liability company,123,77.3,NA,Medicare and Medicaid,N,ARCADIA CARE MORRIS LLC,1989-04-28,ARCADIA CARE,42,22,1.5,1.8,1.3,3.1,N,NA,N,N,N,Resident,Yes,2,NA,2,NA,2,NA,4,NA,1,NA,2,NA,NA,NA,1.92228,0.57912,0.52245,1.10157,3.02385,2.81916,0.30983,0.05064,37.3,NA,33.3,NA,0,NA,1.74507,1.25393,2.92409,1.07877,0.85181,4.85467,4.30674,1.5223,0.45862000000000003,0.41375,2.39467,2.23257,2024-10-03,14,9,5,108,1,0,108,2023-12-08,11,9,2,112,2,56,168,123,NA,2,96340,1,3,"1095 TWILIGHT DRIVE,MORRIS,IL,60450",41.3788,-88.439,NA,2026-06-01
145624,Axiom Gardens of Flora,701 SHADWELL AVENUE,FLORA,IL,62839,6186628361,120,Clay,N,For profit - Corporation,97,67.8,NA,Medicare and Medicaid,N,AXIOM GARDENS OF FLORA LLC,1989-05-01,AXIOM HEALTHCARE,746,7,1.4,2,1.3,1.4,N,NA,Y,N,N,Resident,Yes,1,NA,2,NA,1,NA,1,NA,1,NA,1,NA,NA,NA,1.64594,0.44914,0.73528,1.18442,2.83036,2.58889,0.56929,0.00595,68.5,NA,57.1,NA,0,NA,1.56783,1.12657,2.6271,0.9692,0.7653,4.3616,3.86933,1.45082,0.3959,0.64812,2.49483,2.28199,2026-03-02,17,6,11,132,1,0,132,2025-03-11,22,10,13,231,1,0,231,156.75,NA,4,184358,0,4,"701 SHADWELL AVENUE,FLORA,IL,62839",38.6766,-88.478,NA,2026-06-01
145625,CALIFORNIA TERRACE,2829 SOUTH CALIFORNIA BLVD,CHICAGO,IL,60608,7738478061,141,Cook,Y,For profit - Limited Liability company,297,246.1,NA,Medicare and Medicaid,N,CALIFORNIA TERRACE SNF LLC,1989-06-09,SABA HEALTHCARE,777,11,1.8,1.6,1.5,3.1,N,NA,Y,N,N,Resident,Yes,1,NA,1,NA,3,NA,4,NA,1,NA,2,NA,NA,NA,1.36345,0.53353,0.39788,0.93141,2.29486,1.9855,0.40265,0.00994,40.8,NA,18.8,NA,0,NA,1.7739,1.27464,2.97238,1.09659,0.86588,4.93485,4.37787,1.06221,0.41565,0.30997,1.78783,1.54683,2025-08-14,28,16,12,232,1,0,232,2024-10-09,51,11,41,531,1,0,531,306.75,NA,5,363575,0,5,"2829 SOUTH CALIFORNIA BLVD,CHICAGO,IL,60608",41.8409,-87.694,NA,2026-06-01
145626,Elevate Care Des Plaines,1660 OAKTON PLACE,DES PLAINES,IL,60018,8472995588,141,Cook,Y,For profit - Limited Liability company,275,107.7,NA,Medicare and Medicaid,N,GENERATIONS AT OAKTON PAVILLION LLC,1989-04-21,ELEVATE CARE,197,13,2.3,2.4,2.2,3.8,N,NA,Y,N,N,Resident,Yes,2,NA,2,NA,4,NA,4,NA,3,NA,3,NA,NA,NA,1.96842,0.51375,1.25497,1.76872,3.73713,3.32556,1.00628,0.01819,46,NA,42.9,NA,0,NA,1.82072,1.30829,3.05085,1.12554,0.88874,5.06513,4.49344,1.49407,0.38995,0.95255,2.83657,2.52418,2024-08-22,5,1,4,52,1,0,52,2023-08-25,22,5,17,244,1,0,244,100,NA,4,246873,4,8,"1660 OAKTON PLACE,DES PLAINES,IL,60018",42.0222,-87.898,NA,2026-06-01
145628,EVERGREEN NURSING & REHAB CENTER,1115 NORTH WENTHE,EFFINGHAM,IL,62401,2173477121,330,Effingham,N,For profit - Corporation,120,44,NA,Medicare and Medicaid,N,HELIA HEALTHCARE OF EFFINGHAM LLC,1989-07-14,HELIA HEALTHCARE,263,13,2.3,2.7,1.3,2.8,N,NA,N,N,N,Resident,Yes,4,NA,4,NA,4,NA,3,NA,4,NA,2,NA,NA,NA,1.83326,0.43921,0.55839,0.9976,2.83086,2.57714,0.40591,0.0139,67.4,NA,16.7,NA,0,NA,1.32516,0.95219,2.22046,0.81918,0.64684,3.68649,3.27041,1.91186,0.45804,0.58233,2.95223,2.68763,2024-10-18,4,1,3,32,1,0,32,2023-09-01,10,5,6,116,1,0,116,53,NA,1,10542,0,1,"1115 NORTH WENTHE,EFFINGHAM,IL,62401",39.1365,-88.557,NA,2026-06-01
145629,PRAIRIE MANOR NRSG & REHAB CTR,345 DIXIE HIGHWAY,CHICAGO HEIGHTS,IL,60411,7087547601,141,Cook,Y,For profit - Limited Liability company,148,128.1,NA,Medicare and Medicaid,N,PRAIRIE MANOR NURSING & REHABILITATION CENTER LLC,1989-04-05,EXTENDED CARE CLINICAL,738,9,2.3,2.6,1.2,3.9,N,NA,N,N,N,Resident,Yes,4,NA,4,NA,5,NA,5,NA,4,NA,1,NA,NA,NA,1.91456,0.99516,0.35373,1.34889,3.26345,2.95236,0.2497,0.05552,41.7,NA,35.7,NA,0,NA,1.80603,1.29773,3.02623,1.11645,0.88157,5.02425,4.45718,1.46502,0.7615,0.27067,2.49719,2.25914,2024-07-12,4,2,2,32,1,0,32,2023-08-04,16,9,8,104,1,0,104,50,NA,0,0,0,0,"345 DIXIE HIGHWAY,CHICAGO HEIGHTS,IL,60411",41.5249,-87.654,NA,2026-06-01
145630,ELEVATE CARE NORTH BRANCH,6840 WEST TOUHY AVENUE,NILES,IL,60714,8476476400,141,Cook,Y,For profit - Corporation,212,145.6,NA,Medicare and Medicaid,N,ELEVATE CARE NORTH BRANCH LLC,1989-08-01,ELEVATE CARE,197,13,2.3,2.4,2.2,3.8,N,NA,N,N,N,Resident,Yes,2,NA,2,NA,4,NA,4,NA,4,NA,2,NA,NA,NA,1.99022,0.87004,0.64019,1.51023,3.50046,3.1864,0.42975,0.04027,45.5,NA,34.8,NA,0,NA,1.90704,1.37031,3.19548,1.17889,0.93087,5.30525,4.70647,1.44225,0.63049,0.46393,2.53667,2.30909,2025-04-18,13,10,3,68,1,0,68,2024-04-23,33,5,28,383,1,0,383,146.75,NA,4,234006,0,4,"6840 WEST TOUHY AVENUE,NILES,IL,60714",42.0125,-87.797,NA,2026-06-01
145631,NEWMAN REHAB & HEALTH CARE CTR,418 SOUTH MEMORIAL PARK DRIVE,NEWMAN,IL,61942,2178372421,190,Douglas,N,For profit - Individual,60,41.6,NA,Medicare and Medicaid,N,NEWMAN NURSING & REHAB CARE LLC,1989-03-13,NA,NA,NA,NA,NA,NA,NA,N,NA,N,N,N,Resident,Yes,2,NA,3,NA,4,NA,4,NA,NA,2,1,NA,NA,NA,2.1407,0.624,0.57438,1.19838,3.33908,2.96742,0.61762,0,NA,26,NA,26,2,NA,1.78751,1.28442,2.9952,1.105,0.87253,4.97273,4.41148,1.65503,0.48243,0.44407,2.58153,2.29419,2024-09-17,10,10,0,76,1,0,76,2023-08-09,18,14,4,116,1,0,116,86,NA,1,10517,1,2,"418 SOUTH MEMORIAL PARK DRIVE,NEWMAN,IL,61942",39.7935,-87.979,NA,2026-06-01
145632,WARREN BARR SOUTH LOOP,1725 SOUTH WABASH,CHICAGO,IL,60616,3129222777,141,Cook,Y,For profit - Limited Liability company,210,191.4,NA,Medicare and Medicaid,N,"SOUTH LOOP SKILLED NURSING FACILITY, LLC",1989-06-01,LEGACY HEALTHCARE,306,89,2.9,2.9,2.6,3.4,N,NA,N,N,N,Resident,Yes,1,NA,2,NA,2,NA,4,NA,1,NA,1,NA,NA,NA,2.03666,1.20554,0.45481,1.66035,3.69702,3.61675,0.44753,0.06481,65,NA,66.7,NA,0,NA,2.01618,1.44873,3.37836,1.24636,0.98415,5.60887,4.97582,1.39601,0.82633,0.31174,2.53409,2.47907,2025-02-21,17,14,3,108,1,0,108,2024-03-01,38,8,30,280,1,0,280,151,NA,5,244064,4,9,"1725 SOUTH WABASH,CHICAGO,IL,60616",41.8587,-87.626,NA,2026-06-01
145634,ASTORIA PLACE LIVING & REHAB,6300 NORTH CALIFORNIA AVENUE,CHICAGO,IL,60659,7739731900,141,Cook,Y,For profit - Limited Liability company,164,149.2,NA,Medicare and Medicaid,N,"ASTORIA PLACE SKILLED NURSING FACILITY, LLC",1989-09-01,LEGACY HEALTHCARE,306,89,2.9,2.9,2.6,3.4,N,NA,N,N,N,Resident,Yes,4,NA,3,NA,5,NA,5,NA,5,NA,3,NA,NA,NA,1.88135,0.43118,0.95767,1.38885,3.2702,3.17883,1.01931,0.03601,34.5,NA,22.2,NA,0,NA,1.82982,1.31483,3.0661,1.13116,0.89318,5.09044,4.5159,1.42089,0.32565,0.72328,2.46981,2.40081,2024-11-22,12,8,4,72,1,0,72,2023-12-13,14,9,5,108,1,0,108,81,NA,1,4784,0,1,"6300 NORTH CALIFORNIA AVENUE,CHICAGO,IL,60659",41.9958,-87.7,NA,2026-06-01
145636,Charleston Rehab and Nursing,716 EIGHTEENTH STREET,CHARLESTON,IL,61920,2173457054,140,Coles,N,For profit - Corporation,139,54.4,NA,Medicare and Medicaid,N,CHARLESTON REHAB AND NURSING LLC,1989-06-19,STERN CONSULTANTS,661,23,2.5,2.4,2.2,3.9,N,NA,Y,N,N,Resident,Yes,1,NA,1,NA,3,NA,2,NA,3,NA,1,NA,NA,NA,2.25696,0.72348,0.56667,1.29015,3.54711,3.03582,0.2905,0.01483,65.2,NA,66.7,NA,NA,27,1.59323,1.14482,2.66966,0.9849,0.7777,4.43226,3.93201,1.95769,0.62755,0.49153,3.07677,2.63327,2024-09-06,36,17,19,280,1,0,280,2023-11-21,30,18,12,168,1,0,168,252,NA,0,0,1,1,"716 EIGHTEENTH STREET,CHARLESTON,IL,61920",39.4938,-88.164,NA,2026-06-01
145637,ST JOSEPH VILLAGE OF CHICAGO,4021 WEST BELMONT,CHICAGO,IL,60641,7733285500,141,Cook,Y,Non profit - Church related,54,52.4,NA,Medicare and Medicaid,N,"FRANCISCAN COMMUNITIES, INC",1989-08-01,FRANCISCAN COMMUNITIES,227,6,4,3.2,4.3,4.3,Y,NA,N,N,N,Resident,Yes,4,NA,4,NA,4,NA,4,NA,3,NA,4,NA,NA,NA,2.8726,0.41966,1.33496,1.75461,4.62721,4.39771,1.16058,0.05282,57.7,NA,66.7,NA,0,NA,1.28392,0.92257,2.15138,0.7937,0.62671,3.57179,3.16865,3.09197,0.4517,1.4369,4.98058,4.73355,2024-06-14,5,4,1,40,1,0,40,2023-05-26,11,7,4,88,1,0,88,52,NA,0,0,0,0,"4021 WEST BELMONT,CHICAGO,IL,60641",41.9391,-87.728,NA,2026-06-01
145638,BELLA TERRA BLOOMINGDALE,165 SOUTH BLOOMINGDALE ROAD,BLOOMINGDALE,IL,60108,6309808700,250,Du Page,Y,For profit - Limited Liability company,166,104.8,NA,Medicare and Medicaid,N,BLOOMINGDALE SKILLED NURSING FACILITY LLC,1989-07-13,LEGACY HEALTHCARE,306,89,2.9,2.9,2.6,3.4,N,NA,N,N,N,Resident,Yes,3,NA,3,NA,3,NA,4,NA,3,NA,2,NA,NA,NA,2.01227,0.66231,0.88169,1.544,3.55627,3.40238,0.86832,0.06111,51.6,NA,50,NA,0,NA,1.76109,1.26544,2.95093,1.08867,0.85963,4.89924,4.34628,1.57908,0.51973,0.69188,2.79069,2.66993,2025-02-28,10,7,4,80,1,0,80,2024-03-20,21,6,15,124,2,62,186,106.5,NA,2,20742,0,2,"165 SOUTH BLOOMINGDALE ROAD,BLOOMINGDALE,IL,60108",41.955,-88.081,NA,2026-06-01
145639,CHICAGO RIDGE SNF,10602 SOUTHWEST  HIGHWAY,CHICAGO RIDGE,IL,60415,7084481540,141,Cook,Y,For profit - Limited Liability company,231,197.1,NA,Medicare and Medicaid,N,CHICAGO RIDGE SNF LLC,1989-03-30,SABA HEALTHCARE,777,11,1.8,1.6,1.5,3.1,N,SFF Candidate,Y,N,N,Resident,Yes,1,NA,1,NA,2,NA,5,NA,1,NA,1,NA,NA,NA,1.42028,0.56121,0.34654,0.90775,2.32803,1.91468,0.27741,0.009,52.9,NA,53.3,NA,0,NA,1.7097,1.22851,2.86482,1.0569,0.83455,4.75627,4.21945,1.14803,0.45364,0.28011,1.88178,1.54766,2024-09-27,18,2,17,278,1,0,278,2023-10-18,84,20,67,1156,2,578,1734,642,NA,5,883180,4,9,"10602 SOUTHWEST  HIGHWAY,CHICAGO RIDGE,IL,60415",41.6997,-87.795,NA,2026-06-01
145643,BLESSING HOSPITAL SNU,BROADWAY AT 11TH STREET,QUINCY,IL,62301,2172238400,000,Adams,N,Non profit - Corporation,20,12,NA,Medicare,N,BLESSING HOSPITAL,1989-06-20,NA,NA,NA,NA,NA,NA,NA,N,NA,N,N,N,None,Yes,5,NA,5,NA,4,NA,NA,2,4,NA,5,NA,NA,NA,1.8173,0,5.18112,5.18112,6.99842,4.49598,2.93167,0.34169,17.4,NA,7.1,NA,NA,26,1.39362,1.00139,2.33519,0.86151,0.68026,3.87696,3.43938,1.80211,0,5.13782,6.93992,4.4584,2024-10-17,1,1,0,4,1,0,4,2023-08-31,1,1,0,4,1,0,4,4,NA,0,0,0,0,"BROADWAY AT 11TH STREET,QUINCY,IL,62301",39.9313,-91.38,22,2026-06-01
145646,"LOFT REHAB OF EAST PEORIA, THE",900 CENTENNIAL DRIVE,EAST PEORIA,IL,61611,3096995400,980,Tazewell,Y,For profit - Corporation,120,112.2,NA,Medicare and Medicaid,N,THE LOFT REHABILITATION OF EAST PEORIA LLC,1989-05-15,THE LOFT REHABILITATION AND NURSING,322,7,1.9,2,1.1,3,N,NA,N,N,N,Resident,Yes,5,NA,5,NA,5,NA,5,NA,3,NA,1,NA,NA,NA,2.36197,0.98855,0.32554,1.31409,3.67606,3.2248,0.26322,0.04017,52.2,NA,30,NA,0,NA,1.92417,1.38262,3.22419,1.18949,0.93924,5.35292,4.74875,1.69641,0.70999,0.23381,2.64021,2.3161,2024-10-25,5,5,1,32,1,0,32,2024-01-11,7,4,3,28,1,0,28,31,NA,0,0,0,0,"900 CENTENNIAL DRIVE,EAST PEORIA,IL,61611",40.7039,-89.521,NA,2026-06-01
145647,"LOFT REHAB OF PEORIA, THE",1500 WEST NORTHMOOR ROAD,PEORIA,IL,61614,3096912200,800,Peoria,Y,For profit - Limited Liability company,120,86.2,NA,Medicare and Medicaid,N,THE LOFT REHABILITATION OF PEORIA LLC,1989-06-29,THE LOFT REHABILITATION AND NURSING,322,7,1.9,2,1.1,3,N,NA,Y,N,N,Resident,Yes,1,NA,1,NA,3,NA,5,NA,1,NA,1,NA,NA,NA,2.02898,0.81722,0.43044,1.24767,3.27665,2.86464,0.20281,0.04794,56.5,NA,60,NA,0,NA,1.75351,1.25999,2.93823,1.08399,0.85593,4.87814,4.32757,1.59907,0.64407,0.33924,2.58238,2.25767,2024-08-23,15,11,5,104,1,0,104,2023-06-02,46,16,35,441,2,221,662,243.5,1,3,235553,1,4,"1500 WEST NORTHMOOR ROAD,PEORIA,IL,61614",40.7616,-89.616,NA,2026-06-01
145648,CENTRAL NURSING HOME,2450 NORTH CENTRAL AVENUE,CHICAGO,IL,60639,7738891333,141,Cook,Y,For profit - Corporation,245,193.8,NA,Medicare and Medicaid,N,CENTRAL NURSING HOME LLC,1989-08-04,NA,NA,NA,NA,NA,NA,NA,N,NA,Y,N,N,Resident,Yes,1,NA,2,NA,1,20,1,20,NA,20,1,NA,NA,NA,1.38519,0.55435,0.32847,0.88282,2.26801,2.16957,0.30839,0.032,45.5,NA,38.5,NA,1,NA,1.74557,1.25428,2.92491,1.07907,0.85205,4.85604,4.30796,1.09666,0.43889,0.26005,1.7956,1.71766,2024-08-09,14,9,5,96,1,0,96,2023-07-12,18,7,11,187,1,0,187,118.75,NA,2,43100,0,2,"2450 NORTH CENTRAL AVENUE,CHICAGO,IL,60639",41.9253,-87.766,NA,2026-06-01
145649,ODIN HEALTH AND REHAB CENTER,300 GREEN STREET,ODIN,IL,62870,6187756444,690,Marion,N,For profit - Corporation,99,64.5,NA,Medicare and Medicaid,N,ODIN HEALTH AND REHAB CENTER LLC,1989-08-15,CREST HEALTHCARE CONSULTING,170,13,2.1,2.5,1.3,2.8,N,NA,Y,N,N,Both,Yes,1,NA,1,NA,3,NA,4,NA,2,NA,1,24,NA,NA,2.05618,0.76366,0.37059,1.13426,3.19044,2.50457,0.15729,0.03216,62,NA,84.6,NA,1,NA,1.68527,1.21096,2.82388,1.0418,0.82262,4.68831,4.15916,1.68613,0.62622,0.3039,2.61626,2.05382,2025-05-14,17,8,10,194,1,0,194,2024-06-28,30,7,23,477,1,0,477,264.75,NA,3,435072,1,4,"300 GREEN STREET,ODIN,IL,62870",38.6203,-89.051,NA,2026-06-01
145650,Nexus at Palos,10426 SOUTH ROBERTS,PALOS HILLS,IL,60465,7085983460,141,Cook,Y,For profit - Limited Liability company,207,160.5,NA,Medicare and Medicaid,N,PALOS HILLS HEALTHCARE LP,1989-08-24,BRIA HEALTH SERVICES,88,15,1.3,1.7,1.1,2.9,N,NA,Y,N,N,Resident,Yes,1,NA,1,NA,2,NA,3,NA,2,NA,1,NA,NA,NA,2.62141,1.39112,0.69912,2.09025,4.71165,3.63689,0.42346,0.07338,58.1,NA,67.6,NA,1,NA,2.0382,1.46455,3.41525,1.25997,0.99489,5.67012,5.03015,1.77741,0.94323,0.47403,3.19468,2.46595,2025-05-16,27,11,21,286,1,0,286,2024-02-16,52,8,47,444,1,0,444,325.5,NA,8,286043,1,9,"10426 SOUTH ROBERTS,PALOS HILLS,IL,60465",41.7017,-87.817,NA,2026-06-01
145651,LA BELLA OF ALTON,3490 HUMBERT ROAD,ALTON,IL,62002,6184652626,680,Madison,Y,For profit - Limited Liability company,180,165.4,NA,Medicare and Medicaid,N,ALTON NURSING AND REHAB CENTER LLC,1989-06-12,JENMAX GROUP,875,10,1,1.7,1,2.8,N,NA,N,Y,N,Resident,Yes,1,NA,2,NA,4,NA,5,NA,4,NA,1,NA,NA,NA,2.02684,0.85219,0.1813,1.03349,3.06033,2.88503,0.088,0.04441,50.4,NA,55.6,NA,NA,26,1.83889,1.32134,3.08128,1.13676,0.8976,5.11565,4.53827,1.52323,0.64044,0.13626,2.29992,2.16818,2024-03-25,14,9,6,108,1,0,108,2023-01-11,31,8,23,268,1,0,268,148,NA,5,85546,1,6,"3490 HUMBERT ROAD,ALTON,IL,62002",38.9257,-90.151,NA,2026-06-01
145652,VALLEY HI NURSING HOME,2406 HARTLAND ROAD,WOODSTOCK,IL,60098,8153380312,640,Mc Henry,Y,Government - County,128,102.6,NA,Medicare and Medicaid,N,COUNTY OF MCHENRY ILLINOIS,1989-10-01,NA,NA,NA,NA,NA,NA,NA,N,NA,N,Y,N,Resident,Yes,3,NA,2,NA,3,NA,3,NA,3,NA,5,NA,NA,NA,2.68323,0.5807,1.18016,1.76086,4.4441,3.94024,1.07978,0.0467,28.9,NA,20.8,NA,0,NA,1.29762,0.93241,2.17432,0.80216,0.6334,3.60988,3.20245,2.85767,0.61845,1.25688,4.733,4.1963800000000004,2024-03-20,15,14,1,155,2,78,233,2023-02-09,7,5,2,32,1,0,32,182.75,NA,3,155366,2,5,"2406 HARTLAND ROAD,WOODSTOCK,IL,60098",42.3614,-88.511,NA,2026-06-01
145654,Landmark of Lincoln Park Rehabilitation and Nursin,735 WEST DIVERSEY,CHICAGO,IL,60614,7733484055,141,Cook,Y,For profit - Limited Liability company,178,144.6,NA,Medicare and Medicaid,N,LAKEVIEW REHABILITATION AND NURSING CENTER,1989-11-01,INFINITY HEALTHCARE CONSULTING,763,70,2,2.2,1.4,3.7,N,NA,Y,N,N,Resident,Yes,1,NA,1,NA,4,NA,5,NA,2,NA,1,NA,NA,NA,1.83969,0.63561,0.48525,1.12086,2.96055,2.68558,0.38978,0.03483,40.4,NA,42.1,NA,2,NA,1.65166,1.1868,2.76756,1.02102,0.80621,4.59479,4.0762,1.53931,0.53182,0.40602,2.47715,2.24708,2025-06-12,17,13,4,168,1,0,168,2024-05-23,36,12,24,336,1,0,336,210,NA,2,63775,0,2,"735 WEST DIVERSEY,CHICAGO,IL,60614",41.9327,-87.648,NA,2026-06-01
145655,BRIA OF WOODRIVER,393 EDWARDSVILLE ROAD,WOOD RIVER,IL,62095,6182594111,680,Madison,Y,For profit - Limited Liability company,106,81.1,NA,Medicare and Medicaid,N,BRIA OF WOODRIVER LP,1989-10-01,BRIA HEALTH SERVICES,88,15,1.3,1.7,1.1,2.9,N,SFF Candidate,N,N,N,Resident,Yes,1,NA,1,NA,3,NA,4,NA,1,NA,1,NA,NA,NA,2.26344,0.90268,0.56333,1.46601,3.72945,3.07347,0.19102,0.01102,76.3,NA,41.7,NA,1,NA,1.87531,1.34751,3.14232,1.15928,0.91538,5.21698,4.62816,1.668,0.66521,0.41514,2.74835,2.26493,2026-02-13,18,12,7,574,1,0,574,2024-09-13,37,8,31,324,1,0,324,511.5,2,6,470523,2,8,"393 EDWARDSVILLE ROAD,WOOD RIVER,IL,62095",38.869,-90.089,NA,2026-06-01
145656,BRIA OF GODFREY,1623 29 WEST DELMAR,GODFREY,IL,62035,6184660443,680,Madison,Y,For profit - Limited Liability company,68,47.5,NA,Medicare and Medicaid,N,BRIA OF GODFREY LP,1989-10-01,BRIA HEALTH SERVICES,88,15,1.3,1.7,1.1,2.9,N,NA,N,N,N,Resident,Yes,2,NA,3,NA,4,NA,5,NA,3,NA,1,NA,NA,NA,1.9462,0.52522,0.64368,1.1689,3.11509,2.71894,0.48549,0.02213,78.7,NA,33.3,NA,1,NA,1.68091,1.20782,2.81658,1.03911,0.82049,4.67617,4.14839,1.60008,0.43181,0.52921,2.5611,2.2354,2024-08-16,7,2,6,60,1,0,60,2023-07-20,28,8,20,288,1,0,288,117,NA,6,340971,2,8,"1623 29 WEST DELMAR,GODFREY,IL,62035",38.9617,-90.218,22,2026-06-01
145657,THE PEARL OF DOWNERS GROVE,3450 SARATOGA AVENUE,DOWNERS GROVE,IL,60515,6309692900,250,Du Page,Y,For profit - Corporation,145,90.2,NA,Medicare and Medicaid,N,PEARL OF DOWNERS GROVE LLC,1989-08-22,PEARL HEALTHCARE,595,15,2.6,2.7,2.1,3.6,N,NA,N,N,N,Resident,Yes,1,NA,2,NA,1,NA,1,NA,1,NA,1,NA,NA,NA,2.08317,0.75746,0.77166,1.52912,3.61229,3.40504,0.62983,0.03641,78,NA,68.8,NA,1,NA,1.78311,1.28126,2.98783,1.10228,0.87038,4.96049,4.40062,1.61453,0.58706,0.59807,2.79965,2.63902,2025-04-14,21,19,2,216,1,0,216,2024-02-02,22,9,14,140,1,0,140,197,NA,1,30794,0,1,"3450 SARATOGA AVENUE,DOWNERS GROVE,IL,60515",41.8244,-88.015,NA,2026-06-01
145658,ALIYA OF PALATINE,24 SOUTH PLUM GROVE ROAD,PALATINE,IL,60067,8473580311,141,Cook,Y,For profit - Corporation,69,63.9,NA,Medicare and Medicaid,N,ALIYA OF PALATINE LLC,1989-09-26,ALIYA HEALTHCARE,663,12,2.6,2.5,1.4,4.3,N,NA,N,N,N,Resident,Yes,4,NA,4,NA,5,NA,5,NA,5,NA,1,NA,NA,NA,1.91261,0.56207,0.46003,1.02211,2.93472,2.82863,0.43373,0.08776,44.6,NA,87.5,NA,0,NA,2.04296,1.46797,3.42323,1.26292,0.99722,5.68337,5.04191,1.2938,0.38022,0.31119,1.98521,1.91345,2024-07-18,3,2,1,40,1,0,40,2023-09-08,6,6,0,24,1,0,24,36,NA,0,0,0,0,"24 SOUTH PLUM GROVE ROAD,PALATINE,IL,60067",42.1094,-88.044,NA,2026-06-01
145659,"WATERFORD CARE CENTER, THE",7445 NORTH SHERIDAN ROAD,CHICAGO,IL,60626,7733383300,141,Cook,Y,For profit - Corporation,141,134.5,NA,Medicare and Medicaid,N,THE WATERFORD LLC,1989-10-20,CITADEL HEALTHCARE,147,13,3.6,3.7,1.9,3.3,N,NA,N,N,N,Resident,Yes,3,NA,3,NA,3,NA,4,NA,1,NA,2,NA,NA,NA,1.8966,0.41975,0.58721,1.00697,2.90356,2.65616,0.52443,0.03188,23.2,NA,11.8,NA,0,NA,1.74576,1.25442,2.92525,1.0792,0.85215,4.85659,4.30845,1.50137,0.33228,0.46485,2.2985,2.10266,2024-12-20,7,7,0,56,1,0,56,2024-01-12,21,7,14,136,1,0,136,76,NA,0,0,0,0,"7445 NORTH SHERIDAN ROAD,CHICAGO,IL,60626",42.0174,-87.665,NA,2026-06-01
145660,APERION CARE WESTCHESTER,2901 SOUTH WOLF ROAD,WESTCHESTER,IL,60154,7085311441,141,Cook,Y,For profit - Corporation,120,111.7,NA,Medicare and Medicaid,N,APERION CARE WESTCHESTER LLC,1989-11-24,APERION CARE,38,33,2,2.1,1.6,3.5,N,NA,N,N,N,Resident,Yes,3,NA,3,NA,2,NA,4,NA,1,NA,2,NA,NA,NA,1.96711,0.33643,0.72462,1.06105,3.02815,2.64367,0.56799,0.04225,42.7,NA,40,NA,0,NA,1.95858,1.40734,3.28185,1.21076,0.95603,5.44864,4.83367,1.38799,0.23739,0.51129,2.13666,1.86537,2025-07-25,20,16,4,116,1,0,116,2024-08-28,14,4,10,136,1,0,136,121,NA,2,53141,1,3,"2901 SOUTH WOLF ROAD,WESTCHESTER,IL,60154",41.8377,-87.901,NA,2026-06-01
145661,RYZE WEST,5130 WEST JACKSON BOULEVARD,CHICAGO,IL,60644,7739218000,141,Cook,Y,For profit - Corporation,234,214.8,NA,Medicare and Medicaid,N,RYZE WEST LLC,1989-10-02,NA,NA,NA,NA,NA,NA,NA,N,NA,N,Y,N,Resident,Yes,2,NA,2,NA,5,NA,5,NA,4,NA,1,NA,NA,NA,1.36372,0.82622,0.18409,1.01031,2.37403,2.15066,0.21178,0.00595,48.6,NA,61.5,NA,0,NA,1.93506,1.39045,3.24244,1.19622,0.94455,5.38321,4.77563,0.97394,0.59007,0.13147,1.69547,1.53594,2024-05-24,26,22,7,188,1,0,188,2023-08-18,35,14,22,244,1,0,244,202,NA,3,127940,2,5,"5130 WEST JACKSON BOULEVARD,CHICAGO,IL,60644",41.8767,-87.754,NA,2026-06-01
145662,ELEVATE CARE NILES,8333 WEST GOLF ROAD,NILES,IL,60714,8479669190,141,Cook,Y,For profit - Limited Liability company,302,169.6,NA,Medicare and Medicaid,N,ELEVATE CARE NILES LLC,1989-10-05,ELEVATE CARE,197,13,2.3,2.4,2.2,3.8,N,NA,N,N,N,Resident,Yes,3,NA,3,NA,4,NA,4,NA,4,NA,2,NA,NA,NA,1.66115,0.68442,0.72977,1.4142,3.07534,2.7536,0.60476,0.03192,27.6,NA,12,NA,0,NA,1.95039,1.40146,3.26813,1.20569,0.95203,5.42585,4.81346,1.17703,0.48496,0.51709,2.17907,1.95109,2025-11-21,10,6,5,64,1,0,64,2024-10-04,30,6,24,288,1,0,288,120,NA,1,80116,1,2,"8333 WEST GOLF ROAD,NILES,IL,60714",42.0547,-87.834,NA,2026-06-01
145663,La Bella of Aurora,1017 WEST GALENA BOULEVARD,AURORA,IL,60506,6308973100,530,Kane,Y,For profit - Limited Liability company,68,57.1,NA,Medicare and Medicaid,N,"ELMWOOD TERRACE HEALTHCARE, INC",1990-01-01,NA,NA,NA,NA,NA,NA,NA,N,NA,Y,N,N,Resident,Yes,1,NA,1,NA,1,NA,2,NA,1,NA,1,NA,NA,NA,1.9447,0.61652,0.61957,1.23609,3.18079,2.65707,0.44529,0.05281,NA,26,NA,26,2,NA,1.59186,1.14384,2.66736,0.98406,0.77703,4.42845,3.92862,1.68829,0.53523,0.53788,2.7614,2.30674,2025-04-23,25,19,6,370,2,185,555,2024-05-16,6,6,0,36,1,0,36,425.25,NA,2,250526,1,3,"1017 WEST GALENA BOULEVARD,AURORA,IL,60506",41.7624,-88.34,NA,2026-06-01
145664,AXIOM HEALTHCARE OF WEST FRANKFORT,601 NORTH COLUMBIA,WEST FRANKFORT,IL,62896,6189322109,360,Franklin,N,For profit - Corporation,96,50.5,NA,Medicare and Medicaid,N,AXIOM HEALTHCARE OF WEST FRANKFORT LLC,1990-04-01,AXIOM HEALTHCARE,746,7,1.4,2,1.3,1.4,N,NA,N,N,N,Both,Yes,1,NA,1,NA,2,NA,2,NA,NA,2,1,NA,NA,NA,1.74686,0.68969,0.29916,0.98885,2.73572,2.32307,0.33516,0.01827,47.6,NA,NA,27,1,NA,1.64691,1.1834,2.75961,1.01809,0.8039,4.5816,4.06449,1.46584,0.57874,0.25103,2.29562,1.94936,2025-03-14,27,7,20,284,1,0,284,2024-03-22,18,10,8,298,2,149,447,324.75,NA,3,177001,1,4,"601 NORTH COLUMBIA,WEST FRANKFORT,IL,62896",37.9036,-88.944,NA,2026-06-01
145665,Alpine Care of Zion,2534 ELIM AVENUE,ZION,IL,60099,8477468435,570,Lake,Y,For profit - Limited Liability company,244,147.4,NA,Medicare and Medicaid,N,GROVE AT THE LAKE SKILLED NURSING FACILITY LLC,1989-12-01,NA,NA,NA,NA,NA,NA,NA,N,NA,N,N,N,Resident,Yes,2,NA,3,NA,3,NA,4,NA,2,NA,1,NA,NA,NA,1.90185,0.79153,0.64926,1.44079,3.34264,3.13415,0.60725,0.02057,50.3,NA,46.2,NA,0,NA,1.9376,1.39227,3.24668,1.19778,0.94579,5.39025,4.78188,1.35648,0.56455,0.46308,2.38411,2.2354,2025-08-13,12,5,7,72,1,0,72,2024-07-19,23,10,13,175,1,0,175,97.75,NA,3,72394,2,5,"2534 ELIM AVENUE,ZION,IL,60099",42.4491,-87.824,NA,2026-06-01
145666,CENTRALIA MANOR,1910 EAST MCCORD RTE 161 EAST,CENTRALIA,IL,62801,6185331200,690,Marion,N,Non profit - Corporation,120,67.7,NA,Medicare and Medicaid,N,"UNLIMITED DEVELOPMENT, INC",1989-12-11,"UNLIMITED DEVELOPMENT, INC.",536,10,2.5,2.6,2.8,2.3,N,NA,Y,N,N,Resident,Yes,2,NA,2,NA,2,NA,2,NA,1,NA,3,NA,NA,NA,3.37101,0.93223,0.47274,1.40497,4.77598,4.01097,0.25954,0.03145,32.1,NA,58.3,NA,1,NA,1.48628,1.06797,2.49045,0.91879,0.72549,4.13473,3.66806,3.13443,0.86681,0.43956,4.44079,3.72948,2025-07-01,18,6,12,248,1,0,248,2024-07-12,9,8,1,72,2,36,108,213,NA,5,231200,1,6,"1910 EAST MCCORD RTE 161 EAST,CENTRALIA,IL,62801",38.5321,-89.137,22,2026-06-01
145667,AVANTARA PARK RIDGE,1601 NORTH WESTERN AVENUE,PARK RIDGE,IL,60068,8478255531,141,Cook,Y,For profit - Corporation,154,137.9,NA,Medicare and Medicaid,N,"AVANTARA PARK RIDGE, LLC",1989-10-31,LEGACY HEALTHCARE,306,89,2.9,2.9,2.6,3.4,N,NA,N,Y,N,Resident,Yes,4,NA,4,NA,4,NA,4,NA,3,NA,3,NA,NA,NA,2.19659,0.78529,0.90929,1.69458,3.89117,3.78109,0.87814,0.05031,41.6,NA,21.7,NA,0,NA,1.71261,1.2306,2.86968,1.0587,0.83596,4.76435,4.22661,1.77252,0.63369,0.73374,3.13995,3.05112,2024-04-18,3,3,0,16,1,0,16,2022-12-15,9,3,6,132,1,0,132,45,NA,2,48110,0,2,"1601 NORTH WESTERN AVENUE,PARK RIDGE,IL,60068",42.0371,-87.845,NA,2026-06-01
145668,BRIA OF BELLEVILLE,150 NORTH 27TH STREET,BELLEVILLE,IL,62226,6182356600,900,St. Clair,Y,For profit - Corporation,140,114.8,NA,Medicare and Medicaid,N,BELLEVILLE HEALTHCARE & REHAB CENTER,1989-12-29,BRIA HEALTH SERVICES,88,15,1.3,1.7,1.1,2.9,N,NA,Y,N,N,Resident,Yes,1,NA,2,NA,3,NA,5,NA,2,NA,1,NA,NA,NA,2.51928,1.0058,0.48136,1.48715,4.00643,3.20437,0.20674,0.03771,54.4,NA,41.7,NA,0,NA,1.85071,1.32983,3.10109,1.14407,0.90338,5.14854,4.56744,1.88122,0.75106,0.35944,2.99171,2.39279,2025-05-15,19,10,9,152,1,0,152,2024-05-16,37,13,27,360,1,0,360,204,NA,8,375242,0,8,"150 NORTH 27TH STREET,BELLEVILLE,IL,62226",38.526,-90.01,NA,2026-06-01
145669,ELEVATE CARE WAUKEGAN,2222 AUDREY NIXON BOULEVARD,WAUKEGAN,IL,60085,8472492400,570,Lake,Y,For profit - Limited Liability company,265,166.7,NA,Medicare and Medicaid,N,ELEVATE CARE WAUKEGAN LLC,1989-12-29,ELEVATE CARE,197,13,2.3,2.4,2.2,3.8,N,NA,Y,N,N,Resident,Yes,2,NA,2,NA,3,NA,4,NA,2,NA,2,NA,NA,NA,1.58805,0.77097,0.60296,1.37393,2.96198,2.57288,0.415,0.02642,25.2,NA,31.8,NA,0,NA,1.90521,1.36899,3.19241,1.17776,0.92998,5.30015,4.70195,1.15192,0.55923,0.43737,2.14852,1.86628,2025-01-15,15,10,5,96,1,0,96,2023-12-13,24,12,13,251,1,0,251,134.75,NA,5,65554,0,5,"2222 AUDREY NIXON BOULEVARD,WAUKEGAN,IL,60085",42.3609,-87.862,22,2026-06-01
145670,CHALET LIVING & REHAB,7350 NORTH SHERIDAN ROAD,CHICAGO,IL,60626,7732741000,141,Cook,Y,For profit - Corporation,219,203.5,NA,Medicare and Medicaid,N,CHALET SKILLED NURSING FACILITY LLC,1989-12-13,LEGACY HEALTHCARE,306,89,2.9,2.9,2.6,3.4,N,NA,Y,N,N,Resident,Yes,2,NA,2,NA,3,NA,5,NA,1,NA,2,NA,NA,NA,1.38403,0.58447,0.41325,0.99772,2.38175,2.26929,0.37547,0.02319,23.3,NA,18.8,NA,0,NA,1.79756,1.29164,3.01203,1.11121,0.87743,5.00068,4.43627,1.06405,0.44934,0.31771,1.8311,1.74464,2026-01-09,16,11,5,151,1,0,151,2024-12-11,23,11,12,223,1,0,223,169,NA,3,275949,1,4,"7350 NORTH SHERIDAN ROAD,CHICAGO,IL,60626",42.0153,-87.665,NA,2026-06-01
145671,ELEVATE CARE SOUTH HOLLAND,16300 WAUSAU STREET,SOUTH HOLLAND,IL,60473,7085965500,141,Cook,Y,For profit - Individual,171,122.2,NA,Medicare and Medicaid,N,ELEVATE CARE SOUTH HOLLAND LLC,1990-05-03,ELEVATE CARE,197,13,2.3,2.4,2.2,3.8,N,NA,N,N,N,Resident,Yes,1,NA,2,NA,4,NA,5,NA,1,NA,1,NA,NA,NA,1.80107,0.94964,0.48303,1.43268,3.23374,2.77002,0.3358,0.03684,49.6,NA,66.7,NA,1,NA,1.90885,1.37161,3.19851,1.18001,0.93175,5.31027,4.71092,1.30394,0.68752,0.34971,2.34118,2.00545,2024-12-13,16,4,12,72,1,0,72,2024-02-23,21,5,18,394,1,0,394,152.5,NA,5,171600,0,5,"16300 WAUSAU STREET,SOUTH HOLLAND,IL,60473",41.5997,-87.61,NA,2026-06-01
145673,APOSTOLIC CHRISTIAN HOME OF EUREKA,610 CRUGER,EUREKA,IL,61530,3094672311,992,Woodford,Y,Non profit - Church related,100,88.9,NA,Medicare and Medicaid,N,APOSTOLIC CHRISTIAN HOME OF EUREKA,1990-02-01,NA,NA,NA,NA,NA,NA,NA,N,NA,N,N,N,Resident,Yes,5,NA,5,NA,5,NA,4,NA,5,NA,5,NA,NA,NA,3.31315,0.57035,0.84925,1.4196,4.73275,4.3412,0.49315,0.01546,24.8,NA,5,NA,0,NA,1.14446,0.82236,1.91769,0.70748,0.55864,3.18381,2.82447,4.00073,0.68871,1.02549,5.71494,5.24213,2024-11-27,1,1,0,4,1,0,4,2023-09-21,1,1,0,4,1,0,4,4,0,0,0,0,0,"610 CRUGER,EUREKA,IL,61530",40.7192,-89.318,NA,2026-06-01
145678,BELLA TERRA SCHAUMBURG,675 SOUTH ROSELLE ROAD,SCHAUMBURG,IL,60193,8473525500,141,Cook,Y,For profit - Limited Liability company,214,156,NA,Medicare and Medicaid,N,SCHAUMBURG SKILLED NURSING FACILITY LLC,1990-06-28,LEGACY HEALTHCARE,306,89,2.9,2.9,2.6,3.4,N,NA,N,N,N,Resident,Yes,4,NA,4,NA,4,NA,5,NA,3,NA,3,NA,NA,NA,2.23144,0.56333,0.91674,1.48007,3.71151,3.53907,0.91562,0.04511,38,NA,35.3,NA,0,NA,1.84293,1.32424,3.08805,1.13926,0.89958,5.12689,4.54824,1.67331,0.42243000000000003,0.68745,2.78319,2.65388,2026-01-15,7,7,0,36,1,0,36,2024-11-20,19,17,2,112,2,56,168,69,NA,3,96025,2,5,"675 SOUTH ROSELLE ROAD,SCHAUMBURG,IL,60193",42.0147,-88.08,NA,2026-06-01
145679,"CARLTON AT THE LAKE, THE",725 WEST MONTROSE AVENUE,CHICAGO,IL,60613,7739291700,141,Cook,Y,For profit - Limited Liability company,244,173.3,NA,Medicare and Medicaid,N,CARLTON SKILLED NURSING FACILITY LLC,1990-06-13,LEGACY HEALTHCARE,306,89,2.9,2.9,2.6,3.4,N,NA,N,N,N,Resident,Yes,2,NA,2,NA,3,NA,4,NA,2,NA,2,NA,NA,NA,1.73872,0.67795,0.73748,1.41543,3.15415,3.00726,0.7414,0.01566,35.6,NA,44.1,NA,0,NA,1.89511,1.36174,3.1755,1.17152,0.92505,5.27207,4.67703,1.26793,0.49438,0.5378,2.3001,2.19299,2025-04-11,21,9,12,128,1,0,128,2024-03-15,32,10,22,339,1,0,339,180.75,NA,4,241131,1,5,"725 WEST MONTROSE AVENUE,CHICAGO,IL,60613",41.9619,-87.647,NA,2026-06-01
145680,CELEBRATE SR LIVING OF MOLINE,7300 34TH AVENUE,MOLINE,IL,61265,3097925940,890,Rock Island,Y,For profit - Limited Liability company,120,96.1,NA,Medicare and Medicaid,N,MOLINE NURSING AND REHABILITATION LLC,1990-06-08,CELEBRATE SENIOR LIVING,647,3,3.3,4,2,3,N,NA,N,N,N,Resident,Yes,4,NA,5,NA,2,NA,3,NA,2,NA,1,NA,NA,NA,1.9156,0.77462,0.40102,1.17564,3.09124,2.78218,0.33009,0.00783,42.2,NA,22.2,NA,0,NA,1.76886,1.27102,2.96394,1.09347,0.86342,4.92083,4.36544,1.49662,0.60519,0.31331,2.41512,2.17366,2025-05-08,5,4,1,24,1,0,24,2024-03-15,4,4,0,32,1,0,32,26,0,1,21684,0,1,"7300 34TH AVENUE,MOLINE,IL,61265",41.4783,-90.44,NA,2026-06-01
145681,ALIYA OF CRESTWOOD,13259 SOUTH CENTRAL AVENUE,CRESTWOOD,IL,60418,7085971000,141,Cook,Y,For profit - Limited Liability company,193,138.5,NA,Medicare and Medicaid,N,ALIYA IN THE HEIGHTS LLC,1990-10-01,ALIYA HEALTHCARE,663,12,2.6,2.5,1.4,4.3,N,NA,N,N,N,Resident,Yes,2,NA,3,NA,4,NA,4,NA,4,NA,1,NA,NA,NA,1.67156,0.75879,0.61947,1.37826,3.04982,2.91488,0.55781,0.03227,59.5,NA,63.3,NA,1,NA,2.01823,1.4502,3.38179,1.24763,0.98515,5.61457,4.98087,1.14459,0.51958,0.42418,2.08835,1.99595,2025-02-20,12,3,10,104,1,0,104,2024-04-05,17,1,16,132,1,0,132,111,NA,1,66852,1,2,"13259 SOUTH CENTRAL AVENUE,CRESTWOOD,IL,60418",41.6498,-87.758,NA,2026-06-01
145683,ELEVATE CARE ABINGTON,3901 GLENVIEW ROAD,GLENVIEW,IL,60025,8477290000,141,Cook,Y,For profit - Limited Liability company,192,133.6,NA,Medicare and Medicaid,N,ELEVATE CARE ABINGTON LLC,1990-08-17,ELEVATE CARE,197,13,2.3,2.4,2.2,3.8,N,NA,N,N,N,Resident,Yes,4,NA,4,NA,4,NA,4,NA,4,NA,3,NA,NA,NA,2.27434,0.54562,0.99858,1.5442,3.81854,3.35009,0.76509,0.04553,26.6,NA,15.4,NA,0,NA,1.88484,1.35436,3.15829,1.16517,0.92004,5.24349,4.65168,1.66755,0.40005,0.73216,2.79977,2.4563,2025-04-04,5,5,0,24,1,0,24,2024-05-24,6,3,4,72,1,0,72,36,NA,1,10033,0,1,"3901 GLENVIEW ROAD,GLENVIEW,IL,60025",42.0731,-87.852,NA,2026-06-01
145684,ALIYA OF HOMEWOOD,940 MAPLE AVENUE,HOMEWOOD,IL,60430,7087990244,141,Cook,Y,For profit - Corporation,132,111.2,NA,Medicare and Medicaid,N,ALIYA OF HOMEWOOD LLC,1990-07-24,ALIYA HEALTHCARE,663,12,2.6,2.5,1.4,4.3,N,NA,N,N,N,Both,Yes,4,NA,3,NA,5,NA,5,NA,3,NA,2,NA,NA,NA,1.85905,0.92395,0.82863,1.75258,3.61162,3.5797,0.87626,0.05448,40.8,NA,46.2,NA,0,NA,2.15998,1.55206,3.61932,1.33526,1.05434,6.00892,5.33072,1.18943,0.59115,0.53016,2.31074,2.29032,2024-11-15,6,2,4,56,1,0,56,2023-12-14,14,6,8,176,1,0,176,86,NA,2,53598,2,4,"940 MAPLE AVENUE,HOMEWOOD,IL,60430",41.5672,-87.64,NA,2026-06-01
145685,MOUNT VERNON COUNTRYSIDE MANOR,606 EAST IL HWY 15,MOUNT VERNON,IL,62864,6182421800,490,Jefferson,N,For profit - Corporation,91,78,NA,Medicare and Medicaid,N,"PALLADIAN MT VERNON SNF, LLC",1990-06-05,PALLADIAN HEALTHCARE,393,6,1.7,2.2,1.2,2.2,N,NA,N,N,N,Resident,Yes,2,NA,3,NA,2,NA,2,NA,2,NA,1,NA,NA,NA,2.00014,0.66652,0.40141,1.06793,3.06807,2.76419,0.34756,0.0415,42.7,NA,33.3,NA,0,NA,1.56373,1.12363,2.62023,0.96667,0.7633,4.3502,3.85921,1.76766,0.58905,0.35475,2.71146,2.44289,2025-01-24,5,4,1,40,2,20,60,2024-03-01,15,7,8,172,1,0,172,88,0,4,126387,2,6,"606 EAST IL HWY 15,MOUNT VERNON,IL,62864",38.3176,-88.909,22,2026-06-01
145688,PRINCETON REHAB & HCC,255 WEST 69TH STREET,CHICAGO,IL,60621,7732245900,141,Cook,Y,For profit - Corporation,225,193.4,NA,Medicare and Medicaid,N,"ALDEN-PRINCETON REHABILITATION AND HEALTH CARE CENTER, INC.",1990-09-07,THE ALDEN NETWORK,504,27,2.5,3,1.3,3.8,N,NA,Y,N,N,Resident,Yes,1,NA,2,NA,4,NA,5,NA,2,NA,1,NA,NA,NA,1.57863,0.58744,0.45996,1.0474,2.62603,2.28073,0.37077,0.00643,NA,26,NA,26,NA,26,1.47499,1.05986,2.47154,0.91181,0.71998,4.10333,3.6402,1.47907,0.55039,0.43095,2.46042,2.13689,2025-02-26,18,13,5,124,1,0,124,2024-04-17,23,12,11,259,1,0,259,157.75,NA,2,32136,0,2,"255 WEST 69TH STREET,CHICAGO,IL,60621",41.7691,-87.631,NA,2026-06-01
145689,"PEARL OF ELK GROVE, THE",1920 NERGE ROAD,ELK GROVE VILLAGE,IL,60007,8473010550,141,Cook,Y,For profit - Corporation,190,149.5,NA,Medicare and Medicaid,N,PEARL OF ELK GROVE LLC,1990-11-01,PEARL HEALTHCARE,595,15,2.6,2.7,2.1,3.6,N,NA,N,N,N,Resident,Yes,1,NA,1,NA,4,NA,5,NA,3,NA,2,NA,NA,NA,1.83191,0.65805,0.74624,1.40429,3.2362,2.95758,0.50751,0.0814,51.6,NA,36.4,NA,1,NA,1.67752,1.20539,2.81089,1.03701,0.81884,4.66674,4.14002,1.50917,0.54211,0.61476,2.66604,2.43651,2025-12-19,8,7,1,44,1,0,44,2024-10-23,42,6,36,600,2,300,900,258,NA,6,145897,1,7,"1920 NERGE ROAD,ELK GROVE VILLAGE,IL,60007",41.9994,-88.043,NA,2026-06-01
145691,HALLMARK HEALTHCARE OF PEKIN,2501 ALLENTOWN ROAD,PEKIN,IL,61554,3093473121,980,Tazewell,Y,For profit - Corporation,71,55.5,NA,Medicare and Medicaid,N,HALLMARK HEALTHCARE OF PEKIN LLC,1991-03-04,CREST HEALTHCARE CONSULTING,170,13,2.1,2.5,1.3,2.8,N,NA,N,N,N,Resident,Yes,2,NA,2,NA,3,NA,4,NA,3,NA,2,NA,NA,NA,1.95703,0.63112,0.72755,1.35866,3.31569,2.7780300000000002,0.52905,0.04109,55.9,NA,44.4,NA,0,NA,1.69801,1.22011,2.84522,1.04967,0.82884,4.72374,4.19059,1.59279,0.51365,0.59213,2.69857,2.26098,2024-10-01,11,10,1,88,2,44,132,2023-08-24,19,10,9,204,1,0,204,150,NA,4,49745,1,5,"2501 ALLENTOWN ROAD,PEKIN,IL,61554",40.5556,-89.609,NA,2026-06-01
145692,Axiom Healthcare of Flora,232 GIVEN STREET,FLORA,IL,62839,6186628381,120,Clay,N,For profit - Corporation,99,49.7,NA,Medicare and Medicaid,N,AXIOM HEALTHCARE OF FLORA LLC,1991-02-14,AXIOM HEALTHCARE,746,7,1.4,2,1.3,1.4,N,NA,N,N,N,Resident,Yes,3,NA,4,NA,1,NA,1,NA,1,NA,3,NA,NA,NA,2.30022,0.19519,1.04636,1.24154,3.54177,2.80539,0.79465,0.01588,48.6,NA,25,NA,1,NA,1.43087,1.02816,2.3976,0.88454,0.69844,3.98058,3.53131,2.22162,0.18852,1.0106,3.42073,2.70952,2024-10-25,2,1,1,24,1,0,24,2023-11-07,7,3,4,56,1,0,56,32,NA,1,9110,1,2,"232 GIVEN STREET,FLORA,IL,62839",38.6788,-88.49,NA,2026-06-01
145694,RENWICK NURSING AND REHAB,3401 HENNEPIN DRIVE,JOLIET,IL,60435,8154365900,989,Will,Y,For profit - Limited Liability company,120,104,NA,Medicare and Medicaid,N,3401 HENNEPIN OPCO LLC,1991-05-02,EXTENDED CARE CLINICAL,738,9,2.3,2.6,1.2,3.9,N,NA,N,N,N,Resident,Yes,1,NA,1,NA,1,NA,3,NA,1,NA,1,NA,NA,NA,1.72103,0.73131,0.52194,1.25325,2.97428,2.50661,0.42392,0.02336,69.1,NA,65,NA,NA,26,1.59647,1.14715,2.67508,0.9869,0.77928,4.44126,3.93999,1.4898,0.63305,0.45181,2.57467,2.16983,2024-10-24,15,9,6,152,2,76,228,2023-12-15,31,14,17,602,1,0,602,321.5,NA,6,202040,4,10,"3401 HENNEPIN DRIVE,JOLIET,IL,60435",41.5772,-88.152,NA,2026-06-01
145696,NILES NSG & REHAB CTR,9777 GREENWOOD,NILES,IL,60714,8479677000,141,Cook,Y,For profit - Limited Liability company,304,286.9,NA,Medicare and Medicaid,N,"NILES NURSING & REHABILITATION CENTER, LLC",1991-06-13,INFINITY HEALTHCARE CONSULTING,763,70,2,2.2,1.4,3.7,N,NA,N,N,N,Resident,Yes,5,NA,5,NA,5,NA,5,NA,4,NA,2,NA,NA,NA,1.70724,0.36596,0.58022,0.94618,2.65342,2.44182,0.42307,0.07048,19.6,NA,20.5,NA,0,NA,1.56589,1.12517,2.62384,0.968,0.76435,4.35618,3.86452,1.50673,0.32297,0.51208,2.34178,2.15503,2025-12-05,3,3,0,12,1,0,12,2024-12-05,2,1,1,24,1,0,24,15,NA,0,0,0,0,"9777 GREENWOOD,NILES,IL,60714",42.0581,-87.84,NA,2026-06-01
145697,KNOX COUNTY NURSING HOME,800 NORTH MARKET STREET,KNOXVILLE,IL,61448,3092892338,560,Knox,N,Government - County,169,107.2,NA,Medicare and Medicaid,N,COUNTY OF KNOX,1991-09-01,NA,NA,NA,NA,NA,NA,NA,N,NA,N,N,N,Resident,Yes,5,NA,5,NA,3,NA,5,NA,1,NA,4,NA,NA,NA,2.38931,0.88069,0.4174,1.29809,3.6874,3.54394,0.34319,0.01552,35.1,NA,25,NA,0,NA,1.19356,0.85764,1.99996,0.73784,0.58261,3.3204,2.94564,2.76648,1.01972,0.48329,4.26948,4.10338,2024-08-16,3,2,1,20,1,0,20,2023-06-15,3,3,2,24,1,0,24,21,NA,0,0,0,0,"800 NORTH MARKET STREET,KNOXVILLE,IL,61448",40.9175,-90.285,NA,2026-06-01
145699,The Pearl of Fox River Valley,1950 LARKIN AVENUE,ELGIN,IL,60123,8477427070,530,Kane,Y,For profit - Limited Liability company,112,94.5,NA,Medicare and Medicaid,N,ELGIN SKILLED NURSING FACILITY LLC,1991-07-30,PEARL HEALTHCARE,595,15,2.6,2.7,2.1,3.6,N,NA,N,N,N,Resident,Yes,3,NA,3,NA,4,NA,4,NA,3,NA,2,NA,NA,NA,1.90017,0.35532,1.18924,1.54456,3.44474,3.25378,1.1248,0.05475,54.3,NA,43.8,NA,0,NA,1.77454,1.2751,2.97346,1.09698,0.86619,4.93664,4.37946,1.47982,0.27672,0.92616,2.68269,2.53398,2025-09-04,9,9,0,52,1,0,52,2024-07-11,13,6,8,167,1,0,167,80.75,NA,2,142448,0,2,"1950 LARKIN AVENUE,ELGIN,IL,60123",42.0327,-88.325,NA,2026-06-01
145700,AVANTARA CHICAGO RIDGE,10300 SOUTHWEST HIGHWAY,CHICAGO RIDGE,IL,60415,7084251100,141,Cook,Y,For profit - Limited Liability company,203,156.8,NA,Medicare and Medicaid,N,CHICAGO RIDGE SKILLED NURSING FACILITY LLC,1991-08-01,LEGACY HEALTHCARE,306,89,2.9,2.9,2.6,3.4,N,NA,N,N,N,Resident,Yes,3,NA,3,NA,4,NA,5,NA,3,NA,2,NA,NA,NA,1.9162,0.51574,0.99411,1.50985,3.42605,3.28468,0.91162,0.04115,67.5,NA,41.5,NA,0,NA,1.73086,1.24371,2.90027,1.06998,0.84487,4.81512,4.27166,1.52996,0.41178,0.79373,2.73547,2.6226,2025-01-10,13,8,6,116,1,0,116,2024-01-05,19,7,12,132,1,0,132,120,NA,3,137658,2,5,"10300 SOUTHWEST HIGHWAY,CHICAGO RIDGE,IL,60415",41.7048,-87.787,NA,2026-06-01
145701,BELLA TERRA STREAMWOOD,815 EAST IRVING PARK ROAD,STREAMWOOD,IL,60107,6308375300,141,Cook,Y,For profit - Corporation,214,131.6,NA,Medicare and Medicaid,N,"STREAMWOOD SKILLED NURSING FACILITY, LLC",1991-08-28,LEGACY HEALTHCARE,306,89,2.9,2.9,2.6,3.4,N,NA,N,N,N,Resident,Yes,5,NA,5,NA,3,NA,4,NA,1,NA,2,NA,NA,NA,1.65707,0.49849,1.0333,1.5318,3.18886,3.0905300000000002,0.94739,0.04518,48.8,NA,57.5,NA,0,NA,1.71393,1.23155,2.87191,1.05952,0.83661,4.76804,4.22989,1.33612,0.40194,0.83317,2.57123,2.49194,2025-03-20,3,1,2,12,1,0,12,2024-04-04,5,1,4,40,1,0,40,19,NA,0,0,0,0,"815 EAST IRVING PARK ROAD,STREAMWOOD,IL,60107",42.0096,-88.163,NA,2026-06-01
145702,FAIR OAKS REHAB & HEALTHCARE,1515 BLACKHAWK BOULEVARD,SOUTH BELOIT,IL,61080,8153893911,991,Winnebago,Y,For profit - Corporation,78,62.8,NA,Medicare and Medicaid,N,"FAIR OAKS REHABILITATION AND HEALTH CARE CENTER, LLC",1991-10-01,TUTERA SENIOR LIVING & HEALTH CARE,531,26,2.1,2.2,1.8,3,N,NA,Y,N,N,Resident,Yes,2,NA,2,NA,2,NA,3,NA,1,NA,2,NA,NA,NA,1.98187,0.65193,0.75253,1.40446,3.38633,2.87845,0.40422,0.03169,56,NA,63.2,NA,0,NA,1.53854,1.10552,2.57802,0.95109,0.751,4.28011,3.79703,1.78019,0.58559,0.67595,3.04173,2.58553,2024-07-17,10,5,5,131,1,0,131,2023-08-31,16,8,8,112,1,0,112,126.25,NA,2,22534,0,2,"1515 BLACKHAWK BOULEVARD,SOUTH BELOIT,IL,61080",42.4793,-89.046,NA,2026-06-01
145703,SILVIS CENTER FOR NURSING REHAB & CARE,1455 HOSPITAL ROAD,SILVIS,IL,61282,3092813270,890,Rock Island,Y,For profit - Limited Liability company,120,68.9,NA,Medicare and Medicaid,N,SILVIS CENTER LLC,1991-09-03,NA,NA,NA,NA,NA,NA,NA,N,NA,N,N,N,Both,Yes,1,NA,2,NA,1,NA,1,NA,2,NA,1,NA,NA,NA,2.23136,0.90608,0.46638,1.37245,3.60381,3.31383,0.31084,0.00549,NA,26,NA,26,NA,26,1.80366,1.29602,3.02225,1.11498,0.88041,5.01765,4.45132,1.70968,0.69424,0.35734,2.76126,2.53907,2025-03-21,10,4,6,112,1,0,112,2024-05-23,15,6,9,152,1,0,152,122,2,2,42856,0,2,"1455 HOSPITAL ROAD,SILVIS,IL,61282",41.497,-90.421,NA,2026-06-01
145704,APOSTOLIC CHRISTIAN HOME,1102 WEST RANDOLPH,ROANOKE,IL,61561,3099232071,992,Woodford,Y,Non profit - Church related,60,44.3,NA,Medicare and Medicaid,N,APOSTOLIC CHRISTIAN HOME OF ROANOKE ILLINOIS INC.,1991-10-15,NA,NA,NA,NA,NA,NA,NA,N,NA,N,N,N,Both,Yes,5,NA,5,NA,3,NA,3,NA,NA,2,4,NA,NA,NA,2.77362,0.44903,0.83077,1.2798,4.05342,3.33121,0.45714,0.00582,28.3,NA,0,NA,NA,26,1.28157,0.92088,2.14744,0.79224000000000006,0.62557,3.56525,3.16285,2.9909,0.4842,0.89586,4.37096,3.59218,2025-01-23,3,3,0,24,1,0,24,2024-03-22,4,4,0,28,1,0,28,25,NA,0,0,0,0,"1102 WEST RANDOLPH,ROANOKE,IL,61561",40.7948,-89.21,NA,2026-06-01
145706,WHITEHALL OF DEERFIELD,300 WAUKEGAN ROAD,DEERFIELD,IL,60015,8479454600,570,Lake,Y,For profit - Corporation,190,129.9,NA,Medicare and Medicaid,N,WHITEHALL SKILLED NURSING FACILITY LLC,1991-12-01,LEGACY HEALTHCARE,306,89,2.9,2.9,2.6,3.4,N,NA,N,N,N,Resident,Yes,3,NA,3,NA,4,NA,3,NA,4,NA,4,NA,NA,NA,2.40621,0.81423,1.36257,2.1768,4.58301,4.40262,1.33984,0.20797,39.4,NA,39.6,NA,0,NA,1.73127,1.24401,2.90096,1.07024,0.84507,4.81627,4.27267,1.92074,0.64995,1.08767,3.65835,3.51436,2025-04-23,11,10,1,88,1,0,88,2024-05-30,10,5,5,52,1,0,52,79,NA,0,0,0,0,"300 WAUKEGAN ROAD,DEERFIELD,IL,60015",42.1577,-87.839,NA,2026-06-01
145708,COUNTRY HEALTH,2304 C R 3000 N,GIFFORD,IL,61847,2175687362,090,Champaign,Y,Non profit - Other,89,80.9,NA,Medicare and Medicaid,N,"COUNTRY HEALTH, INC.",1992-03-01,HERITAGE OPERATIONS GROUP,651,9,1.9,2.6,2.2,1.4,N,NA,Y,N,N,Resident,Yes,2,NA,2,NA,3,NA,2,NA,4,NA,2,NA,NA,NA,2.06347,0.35107,0.86749,1.21857,3.28203,2.97842,0.5788,0.03376,53.9,NA,68.8,NA,0,NA,1.44488,1.03822,2.42108,0.8932,0.70528,4.01955,3.56588,1.97363,0.33579,0.82973,3.13914,2.84875,2025-09-24,18,13,5,140,1,0,140,2024-10-23,21,10,12,172,1,0,172,148,NA,1,73353,2,3,"2304 C R 3000 N,GIFFORD,IL,61847",40.3078,-88.02,22,2026-06-01
145710,MEADOWBROOK MANOR,431 WEST REMINGTON BOULEVARD,BOLINGBROOK,IL,60440,6307591112,989,Will,Y,For profit - Corporation,298,235.7,NA,Medicare and Medicaid,N,"BUTTERFIELD HEALTH CARE, INC.",1991-12-05,NA,NA,NA,NA,NA,NA,NA,N,NA,Y,N,N,Resident,Yes,2,NA,2,NA,3,NA,4,NA,1,NA,2,NA,NA,NA,1.99958,0.70112,0.73808,1.4392,3.43878,3.03243,0.46078,0.04371,52.8,NA,51,NA,1,NA,1.66177,1.19407,2.7845,1.02727,0.81115,4.62292,4.10115,1.66291,0.58307,0.61381,2.85979,2.52186,2025-07-31,17,13,4,148,1,0,148,2024-06-27,27,10,17,263,1,0,263,176.75,NA,3,169675,0,3,"431 WEST REMINGTON BOULEVARD,BOLINGBROOK,IL,60440",41.6804,-88.083,NA,2026-06-01
145711,BELLA TERRA ELMHURST,420 WEST BUTTERFIELD ROAD,ELMHURST,IL,60126,6308322300,250,Du Page,Y,For profit - Corporation,142,99,NA,Medicare and Medicaid,N,BUTTERFIELD SKILLED NURSING FACILITY LLC,1992-01-06,LEGACY HEALTHCARE,306,89,2.9,2.9,2.6,3.4,N,NA,N,Y,N,Resident,Yes,4,NA,4,NA,4,NA,4,NA,3,NA,3,NA,NA,NA,2.27474,0.92759,1.03364,1.96123,4.23597,4.23012,1.04567,0.13311,49.1,NA,48.6,NA,0,NA,1.88273,1.35284,3.15474,1.16386,0.919,5.23761,4.64646,1.66972,0.68088,0.75872,3.10932,3.10503,2024-03-14,8,7,1,40,1,0,40,2023-06-09,12,3,9,80,1,0,80,50,NA,0,0,0,0,"420 WEST BUTTERFIELD ROAD,ELMHURST,IL,60126",41.8637,-87.953,NA,2026-06-01
145712,"PAVILION ON MAIN STREET, THE",515 NORTH MAIN,SANDWICH,IL,60548,8157868426,170,De Kalb,Y,For profit - Individual,113,89.4,NA,Medicare and Medicaid,N,PAVILION ON MAIN STREET LLC,1992-03-01,PAVILION HEALTHCARE,612,5,2.4,2.6,1.8,3.8,N,NA,N,N,N,Resident,Yes,2,NA,2,NA,4,NA,5,NA,3,NA,2,NA,NA,NA,1.79547,0.34499,0.78709,1.13208,2.92755,2.68608,0.62264,0.06754,31.9,NA,33.3,NA,0,NA,1.70805,1.22733,2.86206,1.05588,0.83374,4.75168,4.21538,1.4527,0.27913,0.63683,2.36866,2.17328,2025-08-27,15,10,5,160,1,0,160,2024-10-30,3,2,1,16,1,0,16,124,NA,2,122009,2,4,"515 NORTH MAIN,SANDWICH,IL,60548",41.6502,-88.622,NA,2026-06-01
145713,MOMENCE MEADOWS NURSING & REHAB,500 SOUTH WALNUT,MOMENCE,IL,60954,8154722423,540,Kankakee,Y,For profit - Individual,140,80.7,NA,Medicare and Medicaid,N,MOMENCE MEADOWS NURSING & REHABILITATION CENTER,1992-03-01,INFINITY HEALTHCARE CONSULTING,763,70,2,2.2,1.4,3.7,N,NA,Y,N,N,None,Yes,1,NA,2,NA,3,NA,4,NA,2,NA,1,NA,NA,NA,1.48632,0.53676,0.47036,1.00712,2.49344,2.23181,0.37536,0.00556,47.3,NA,63.6,NA,1,NA,1.76802,1.27042,2.96254,1.09296,0.86302,4.91851,4.36338,1.16178,0.41956,0.36766,1.94899,1.74449,2024-11-15,19,5,14,140,1,0,140,2023-12-22,26,12,15,172,1,0,172,148,NA,0,0,0,0,"500 SOUTH WALNUT,MOMENCE,IL,60954",41.1549,-87.66,NA,2026-06-01
145714,OAK PARK OASIS,625 NORTH HARLEM,OAK PARK,IL,60302,7088485966,141,Cook,Y,For profit - Partnership,204,112.5,NA,Medicare and Medicaid,N,OAK PARK OASIS LLC,1992-02-02,ICARE CONSULTING SERVICES,762,7,1,1.1,1.6,2.3,N,NA,Y,N,N,Resident,Yes,1,NA,2,NA,3,NA,3,NA,4,NA,1,NA,NA,NA,1.73913,0.68588,0.53319,1.21908,2.9582,2.37752,0.30855,0.01601,42.5,NA,53.3,NA,0,NA,1.61219,1.15845,2.70143,0.99662,0.78695,4.485,3.9788,1.49078,0.58794,0.45706,2.53578,2.03801,2024-10-25,19,8,11,176,1,0,176,2023-12-22,23,8,15,128,1,0,128,164,NA,7,244182,1,8,"625 NORTH HARLEM,OAK PARK,IL,60302",41.8922,-87.805,NA,2026-06-01
145715,WHEATON VILLAGE NRSG & RHB CTR,1325 MANCHESTER ROAD,WHEATON,IL,60187,6306682500,250,Du Page,Y,For profit - Limited Liability company,123,108,NA,Medicare and Medicaid,N,WHEATON VILLAGE NURSING AND REHABILITATION CENTER LLC,1992-02-01,ATIED ASSOCIATES,53,12,2.4,2.7,1.9,3.1,N,NA,N,N,N,Resident,Yes,3,NA,3,NA,2,NA,3,NA,2,NA,2,NA,NA,NA,1.51946,0.43996,0.69365,1.13361,2.65307,2.1419,0.425,0.02469,35.5,NA,21.4,NA,0,NA,2.02544,1.45538,3.39387,1.25208,0.98866,5.63462,4.99866,1.03674,0.30019,0.47328,1.81021,1.46144,2024-11-01,11,9,2,60,1,0,60,2023-11-02,14,10,4,116,1,0,116,74,NA,0,0,1,1,"1325 MANCHESTER ROAD,WHEATON,IL,60187",41.8675,-88.125,NA,2026-06-01
145717,Nexus at Columbia,253 BRADINGTON DRIVE,COLUMBIA,IL,62236,6182816800,750,Monroe,Y,For profit - Limited Liability company,119,105.8,NA,Medicare and Medicaid,N,BRIA OF COLUMBIA LP,1992-02-06,BRIA HEALTH SERVICES,88,15,1.3,1.7,1.1,2.9,N,NA,Y,N,N,None,Yes,1,NA,2,NA,2,NA,5,NA,1,NA,1,NA,NA,NA,2.26755,0.90443,0.36136,1.26579,3.53335,2.98507,0.29159,0.05925,54.3,NA,71.4,NA,1,NA,1.76579,1.26881,2.9588,1.09158,0.86193,4.91231,4.35787,1.77467,0.70784,0.28281,2.76533,2.33622,2024-10-25,9,5,4,151,1,0,151,2023-09-01,30,1,30,323,1,0,323,194,NA,6,342708,2,8,"253 BRADINGTON DRIVE,COLUMBIA,IL,62236",38.4444,-90.224,NA,2026-06-01
145718,Thryve of Crestwood,14255 SOUTH CICERO AVENUE,CRESTWOOD,IL,60445,7083710400,141,Cook,Y,For profit - Limited Liability company,297,189.9,NA,Medicare and Medicaid,N,CRESTWOOD REHABILITATION CENTER LLC,1992-06-01,ALIYA HEALTHCARE,663,12,2.6,2.5,1.4,4.3,N,NA,Y,N,N,Resident,Yes,2,NA,2,NA,5,NA,5,NA,3,NA,1,NA,NA,NA,1.82963,1.00107,0.30615,1.30723,3.13686,2.78409,0.25099,0.01107,49.3,NA,58.3,NA,1,NA,1.66403,1.19569,2.78828,1.02867,0.81225,4.6292,4.10672,1.51951,0.83139,0.25426,2.60516,2.31219,2025-02-07,12,10,2,72,1,0,72,2024-02-18,27,5,22,453,1,0,453,167.25,NA,5,298926,2,7,"14255 SOUTH CICERO AVENUE,CRESTWOOD,IL,60445",41.6554,-87.738,NA,2026-06-01
145719,LINCOLN VILLAGE HEALTHCARE,2202 NORTH KICKAPOO STREET,LINCOLN,IL,62656,2177351538,620,Logan,N,For profit - Limited Liability company,126,74,NA,Medicare and Medicaid,N,LINCOLN VILLAGE HEALTHCARE CENTER LLC,1992-02-21,GENERATIONS HEALTHCARE NETWORK,870,6,2.7,2.3,1.7,3.2,N,NA,Y,N,N,Resident,Yes,1,NA,1,NA,1,NA,1,NA,1,NA,1,NA,NA,NA,2.33949,0.92842,0.46087,1.38928,3.72877,3.05365,0.21008,0.03102,75.5,NA,95,NA,0,NA,2.19751,1.57903,3.68221,1.35846,1.07266,6.11333,5.42334,1.47126,0.58386,0.28983,2.34495,1.92038,2025-01-30,28,2,26,192,1,0,192,2024-03-28,44,6,38,400,1,0,400,244,1,5,166466,3,8,"2202 NORTH KICKAPOO STREET,LINCOLN,IL,62656",40.1641,-89.342,NA,2026-06-01
145720,ST CLARA'S REHAB & SENIOR CARE,1450 CASTLE MANOR DRIVE,LINCOLN,IL,62656,2177351507,620,Logan,N,Non profit - Corporation,99,94,NA,Medicare and Medicaid,N,ST. CLARA'S MANOR,1992-04-01,HERITAGE OPERATIONS GROUP,651,9,1.9,2.6,2.2,1.4,N,NA,N,N,N,Resident,Yes,2,NA,3,NA,1,NA,1,NA,1,NA,2,NA,NA,NA,1.96112,0.61578,0.40733,1.02312,2.98423,2.71496,0.36233,0.01614,35.8,NA,42.9,NA,0,NA,1.52187,1.09355,2.55009,0.94079,0.74286,4.23374,3.7559,1.78084,0.55918,0.36989,2.7099,2.46538,2025-02-05,10,7,3,92,2,46,138,2024-05-03,3,3,0,24,1,0,24,109.5,0,2,70895,1,3,"1450 CASTLE MANOR DRIVE,LINCOLN,IL,62656",40.1542,-89.392,NA,2026-06-01
145721,VILLA HEALTH CARE EAST,100 MARIAN PARKWAY,SHERMAN,IL,62684,2177442299,920,Sangamon,Y,Non profit - Corporation,109,94.2,NA,Medicare and Medicaid,N,VILLA HEALTH CARE INC,1992-01-01,HERITAGE OPERATIONS GROUP,651,9,1.9,2.6,2.2,1.4,Y,NA,N,N,N,Resident,Yes,1,NA,2,NA,1,NA,1,NA,1,NA,3,NA,NA,NA,3.11413,0.95651,0.58678,1.54329,4.65742,4.1591,0.36776,0.03717,63.2,NA,36.4,NA,0,NA,1.45206,1.04338,2.4331,0.89763,0.70878,4.0395200000000004,3.58359,2.96383,0.91035,0.55846,4.43263,3.95836,2024-08-13,11,4,7,175,1,0,175,2023-05-25,5,4,1,76,1,0,76,150.25,NA,1,10358,0,1,"100 MARIAN PARKWAY,SHERMAN,IL,62684",39.8947,-89.601,22,2026-06-01
145724,ADDOLORATA VILLA,555 MCHENRY ROAD,WHEELING,IL,60090,8475372900,141,Cook,Y,Non profit - Church related,86,68.4,NA,Medicare and Medicaid,N,"FRANCISCAN COMMUNITIES, INC",1992-06-01,FRANCISCAN COMMUNITIES,227,6,4,3.2,4.3,4.3,Y,NA,N,N,N,Resident,Yes,5,NA,3,NA,5,NA,5,NA,5,NA,5,NA,NA,NA,3.07724,0.41747,1.49527,1.91275,4.98999,4.5593,1.19351,0.02982,23.5,NA,38.1,NA,NA,27,1.3531,0.97228,2.26729,0.83646,0.66048,3.76424,3.33938,3.1429,0.42638,1.52718,5.09646,4.65658,2026-01-15,7,3,4,64,1,0,64,2025-01-16,14,4,10,172,1,0,172,91,NA,5,161411,0,5,"555 MCHENRY ROAD,WHEELING,IL,60090",42.1457,-87.941,NA,2026-06-01
145726,TIMBER POINT HEALTHCARE CENTER,205 EAST SPRING STREET,CAMP POINT,IL,62320,2175937734,000,Adams,N,For profit - Corporation,110,69.8,NA,Medicare and Medicaid,N,TIMBER POINT HEALTHCARE CENTER INC,1992-05-01,ATIED ASSOCIATES,53,12,2.4,2.7,1.9,3.1,N,NA,Y,N,N,Resident,Yes,1,NA,2,NA,3,NA,3,NA,3,NA,1,NA,NA,NA,1.65699,0.48778,0.82573,1.31351,2.9705,2.61491,0.57849,0.02243,54.8,NA,47.1,NA,1,NA,1.8726,1.34556,3.13777,1.1576,0.91406,5.20943,4.62146,1.22285,0.35998,0.60939,2.19222,1.9298,2025-06-03,17,15,2,156,1,0,156,2024-07-11,18,9,9,253,1,0,253,180.25,NA,2,131617,1,3,"205 EAST SPRING STREET,CAMP POINT,IL,62320",40.0376,-91.064,NA,2026-06-01
145727,POLO REHABILITATION & HCC,703 EAST BUFFALO,POLO,IL,61064,8159462203,790,Ogle,N,For profit - Corporation,81,NA,10,Medicare and Medicaid,N,"POLO HCO, LLC",1992-06-01,PETERSEN HEALTH CARE,399,12,1.8,2.4,1.2,2.2,N,NA,N,N,N,Resident,Yes,3,NA,4,NA,NA,2,NA,2,NA,2,1,23,23,23,NA,NA,NA,NA,NA,NA,NA,NA,NA,26,NA,26,NA,26,NA,NA,NA,NA,NA,NA,NA,NA,NA,NA,NA,NA,2024-07-31,8,8,0,36,1,0,36,2023-05-04,11,10,1,72,1,0,72,45,NA,0,0,0,0,"703 EAST BUFFALO,POLO,IL,61064",41.9842,-89.569,NA,2026-06-01
145728,MANOR COURT OF MARYVILLE,6955 STATE ROUTE 162,MARYVILLE,IL,62062,6182885999,680,Madison,Y,Non profit - Corporation,132,115.4,NA,Medicare and Medicaid,N,"UNLIMITED DEVELOPMENT, INC",1992-03-19,"UNLIMITED DEVELOPMENT, INC.",536,10,2.5,2.6,2.8,2.3,N,NA,N,N,N,Both,Yes,4,NA,4,NA,2,NA,1,NA,3,NA,3,NA,NA,NA,2.79277,0.75535,0.61687,1.37222,4.16499,3.5286,0.4709,0.0883,44.6,NA,20,NA,0,NA,1.54244,1.10833,2.58456,0.95351,0.7529,4.29097,3.80667,2.50222,0.67676,0.5527,3.73168,3.16149,2024-11-01,4,2,2,20,1,0,20,2023-10-06,8,3,6,52,1,0,52,28,0,0,0,0,0,"6955 STATE ROUTE 162,MARYVILLE,IL,62062",38.738,-89.94,NA,2026-06-01
145729,CARLYLE HEALTHCARE & SR LIVING,501 CLINTON STREET,CARLYLE,IL,62231,6185943112,130,Clinton,Y,For profit - Limited Liability company,109,80.6,NA,Medicare and Medicaid,N,CARLYLE HEALTHCARE & SENIOR LIVING LLC,1992-04-10,POINTE MANAGEMENT,776,12,1.7,2.3,1.3,1.3,N,NA,Y,N,N,Resident,Yes,2,NA,2,NA,2,NA,1,NA,3,NA,2,NA,NA,NA,1.95169,0.76823,0.49174,1.25997,3.21166,2.77901,0.26695,0.00927,46.4,NA,37.5,NA,0,NA,1.61133,1.15782,2.69998,0.99609,0.78653,4.4826,3.97666,1.67389,0.65888,0.42175,2.75452,2.38345,2024-07-15,9,6,3,76,1,0,76,2023-06-02,3,1,2,44,1,0,44,68,0,0,0,1,1,"501 CLINTON STREET,CARLYLE,IL,62231",38.6141,-89.364,NA,2026-06-01
145730,CONTINENTAL NURSING & REHAB CENTER,5336 NORTH WESTERN AVENUE,CHICAGO,IL,60625,7732715600,141,Cook,Y,For profit - Corporation,208,164.6,NA,Medicare and Medicaid,N,CONTINENTAL NURSING AND REHABILITATION CENTER LLC,1992-07-01,INFINITY HEALTHCARE CONSULTING,763,70,2,2.2,1.4,3.7,N,NA,Y,N,N,Both,Yes,1,NA,1,NA,2,NA,4,NA,1,NA,2,NA,NA,NA,1.86379,0.5857,0.47352,1.05922,2.92301,2.5613,0.30626,0.03294,34.2,NA,38.5,NA,0,NA,1.56397,1.1238,2.62063,0.96681,0.76341,4.35086,3.85979,1.6469,0.51755,0.41841,2.58286,2.26325,2025-05-30,23,12,14,180,1,0,180,2024-04-05,64,7,57,646,1,0,646,296.5,NA,14,293598,1,15,"5336 NORTH WESTERN AVENUE,CHICAGO,IL,60625",41.9781,-87.689,NA,2026-06-01
145731,CITADEL AT SAINT BENEDICT,6930 WEST TOUHY AVENUE,NILES,IL,60714,8476470003,141,Cook,Y,For profit - Corporation,99,88,NA,Medicare and Medicaid,N,CITADEL AT SAINT BENEDICT LLC,1992-08-01,CITADEL HEALTHCARE,147,13,3.6,3.7,1.9,3.3,N,NA,N,N,N,Resident,Yes,4,NA,4,NA,4,NA,5,NA,2,NA,2,NA,NA,NA,2.1631,0.45451,0.91902,1.37353,3.53663,3.09866,0.55849,0.08823,47.8,NA,46.4,NA,1,NA,1.64095,1.17911,2.74961,1.0144,0.80099,4.565,4.04976,1.82172,0.38278,0.77398,2.97848,2.60964,2025-05-29,3,3,0,24,1,0,24,2024-05-16,9,3,6,108,1,0,108,45,NA,2,64531,0,2,"6930 WEST TOUHY AVENUE,NILES,IL,60714",42.0123,-87.8,NA,2026-06-01
145732,ARC AT NORMAL,509 NORTH ADELAIDE,NORMAL,IL,61761,3094527468,650,Mc Lean,Y,For profit - Limited Liability company,141,110.8,NA,Medicare and Medicaid,N,ARC AT NORMAL LLC,1992-08-01,ARCADIA CARE,42,22,1.5,1.8,1.3,3.1,N,NA,Y,N,N,Resident,Yes,2,NA,2,NA,2,NA,2,NA,2,NA,2,NA,NA,NA,1.79972,0.47483,0.5822,1.05702,2.85674,2.71943,0.46598,0.02442,38.7,NA,9.1,NA,0,NA,1.83071,1.31546,3.06759,1.13171,0.89362,5.09291,4.51809,1.35858,0.35844,0.43949,2.15651,2.05285,2025-02-21,21,6,16,184,1,0,184,2024-01-25,34,7,27,228,1,0,228,195,NA,3,143478,3,6,"509 NORTH ADELAIDE,NORMAL,IL,61761",40.5148,-89.002,NA,2026-06-01
145733,JERSEYVILLE MANOR,1251 NORTH STATE STREET,JERSEYVILLE,IL,62052,6184986441,500,Jersey,Y,Non profit - Other,155,146.1,NA,Medicare and Medicaid,N,"UNLIMITED DEVELOPMENT, INC",1992-09-01,"UNLIMITED DEVELOPMENT, INC.",536,10,2.5,2.6,2.8,2.3,N,NA,Y,N,N,Resident,Yes,2,NA,2,NA,2,NA,2,NA,2,NA,2,NA,NA,NA,2.4079,0.54649,0.46303,1.00952,3.41741,3.02432,0.35355,0.0611,35.1,NA,28.6,NA,0,NA,1.50403,1.08072,2.52019,0.92976,0.73415,4.1841,3.71186,2.21249,0.50214,0.42545,3.14008,2.77889,2026-01-23,5,3,2,52,1,0,52,2025-01-23,0,0,0,0,0,0,0,39,NA,0,0,0,0,"1251 NORTH STATE STREET,JERSEYVILLE,IL,62052",39.138,-90.34,NA,2026-06-01
145734,AVANTARA EVERGREEN PARK,10124 SOUTH KEDZIE,EVERGREEN PARK,IL,60805,7089077000,141,Cook,Y,For profit - Limited Liability company,242,175.1,NA,Medicare and Medicaid,N,"EVERGREEN LIVING & REHAB CENTER, LLC",1992-07-15,LEGACY HEALTHCARE,306,89,2.9,2.9,2.6,3.4,N,NA,N,N,N,Resident,Yes,1,NA,2,NA,2,NA,3,NA,1,NA,1,NA,NA,NA,1.85302,0.83224,0.835,1.66724,3.52026,3.27922,0.79062,0.04516,64.1,NA,67.4,NA,0,NA,1.76093,1.26532,2.95066,1.08857,0.85955,4.89878,4.34587,1.45425,0.65314,0.65531,2.76269,2.57352,2025-05-23,20,14,8,148,1,0,148,2024-05-17,32,6,28,268,1,0,268,178,NA,7,220154,0,7,"10124 SOUTH KEDZIE,EVERGREEN PARK,IL,60805",41.7091,-87.701,NA,2026-06-01
145735,BRIA OF RIVER OAKS,14500 SOUTH MANISTEE,BURNHAM,IL,60633,7088621260,141,Cook,Y,For profit - Corporation,309,262.4,NA,Medicare and Medicaid,N,RIVER OAKS HEALTHCARE & REHABILITATION CENTER LP,1992-10-01,BRIA HEALTH SERVICES,88,15,1.3,1.7,1.1,2.9,N,NA,N,N,N,Resident,Yes,1,NA,2,NA,3,NA,5,NA,1,NA,1,NA,NA,NA,1.79382,0.56081,0.42637,0.98718,2.781,2.43466,0.23555,0.01713,35,NA,33.3,NA,2,NA,1.83705,1.32002,3.0782,1.13563,0.89671,5.11053,4.53373,1.34946,0.42189,0.32075,2.09209,1.83155,2024-07-13,3,1,2,36,1,0,36,2023-08-03,27,7,25,431,1,0,431,134.75,NA,8,270248,2,10,"14500 SOUTH MANISTEE,BURNHAM,IL,60633",41.6318,-87.555,NA,2026-06-01
145736,ALDEN TOWN MANOR REHAB & HCC,6120 WEST OGDEN,CICERO,IL,60804,7088630500,141,Cook,Y,For profit - Corporation,249,179,NA,Medicare and Medicaid,N,"ALDEN TOWN MANOR REHABILITATION AND HEALTH CARE CENTER, INC.",1992-09-16,THE ALDEN NETWORK,504,27,2.5,3,1.3,3.8,N,NA,N,N,N,Both,Yes,2,NA,2,NA,5,NA,5,NA,4,NA,1,NA,NA,NA,1.8386,0.74038,0.61671,1.35709,3.19569,2.66611,0.5171,0.02572,NA,26,NA,26,NA,26,1.66828,1.19875,2.79541,1.0313,0.81433,4.64104,4.11722,1.52306,0.61331,0.51087,2.64725,2.20856,2025-03-21,12,8,4,104,1,0,104,2024-02-14,24,9,21,200,1,0,200,128,NA,6,270515,2,8,"6120 WEST OGDEN,CICERO,IL,60804",41.8328,-87.777,NA,2026-06-01
145737,BELLA TERRA LAGRANGE,4735 WILLOW SPRINGS ROAD,LA GRANGE,IL,60525,7083526900,141,Cook,Y,For profit - Limited Liability company,120,97,NA,Medicare and Medicaid,N,WILLOW SPRINGS SKILLED NURSING FACILITY LLC,1992-09-07,LEGACY HEALTHCARE,306,89,2.9,2.9,2.6,3.4,N,NA,N,N,N,Resident,Yes,4,NA,4,NA,4,NA,4,NA,3,NA,3,NA,NA,NA,1.92765,0.77116,0.99507,1.76623,3.69387,3.54577,0.92849,0.06142,36.5,NA,40,NA,0,NA,1.78767,1.28453,2.99546,1.1051,0.8726,4.97316,4.41186,1.49019,0.59615,0.76925,2.85559,2.74109,2025-03-28,9,9,0,68,1,0,68,2024-02-01,15,9,6,80,1,0,80,71,NA,0,0,0,0,"4735 WILLOW SPRINGS ROAD,LA GRANGE,IL,60525",41.8034,-87.889,NA,2026-06-01
145739,LUTHERAN HOME FOR THE AGED,800 WEST OAKTON STREET,ARLINGTON HTS,IL,60004,8472533710,141,Cook,Y,Non profit - Church related,354,212.2,NA,Medicare and Medicaid,N,LUTHERAN HOME FOR THE AGED,1992-12-17,NA,NA,NA,NA,NA,NA,NA,N,NA,N,N,N,Resident,Yes,5,NA,3,NA,5,NA,5,NA,5,NA,5,NA,NA,NA,2.2471,0.71141,1.12224,1.83365,4.08075,3.80401,0.86017,0.15548,26.7,NA,26.9,NA,1,NA,1.34397,0.96571,2.25198,0.83081,0.65602,3.73882,3.31683,2.31065,0.73153,1.15398,4.19615,3.91159,2024-11-21,12,9,3,100,1,0,100,2023-12-20,24,9,16,184,1,0,184,121,NA,5,130177,0,5,"800 WEST OAKTON STREET,ARLINGTON HTS,IL,60004",42.0956,-87.993,NA,2026-06-01
145740,APERION CARE ELGIN,134 NORTH MCLEAN BOULEVARD,ELGIN,IL,60121,8477428822,530,Kane,Y,For profit - Individual,101,87.5,NA,Medicare and Medicaid,N,APERION CARE ELGIN LLC,1993-04-01,APERION CARE,38,33,2,2.1,1.6,3.5,N,NA,N,N,N,Resident,Yes,4,NA,3,NA,5,NA,5,NA,4,NA,2,NA,NA,NA,1.64764,0.32916,0.78937,1.11853,2.76617,2.50118,0.57811,0.02377,46.2,NA,57.1,NA,0,NA,1.77455,1.27511,2.97347,1.09699,0.8662,4.93666,4.37948,1.28314,0.25634,0.61474,2.15422,1.94785,2025-04-24,7,5,2,52,1,0,52,2024-05-03,20,10,11,191,1,0,191,86.75,NA,2,27381,0,2,"134 NORTH MCLEAN BOULEVARD,ELGIN,IL,60121",42.0389,-88.312,NA,2026-06-01
145741,"CITADEL OF GLENVIEW,THE",1700 EAST LAKE AVENUE,GLENVIEW,IL,60025,8477291300,141,Cook,Y,For profit - Limited Liability company,135,118.3,NA,Medicare and Medicaid,N,CITADEL OF GLENVIEW LLC,1993-04-01,CITADEL HEALTHCARE,147,13,3.6,3.7,1.9,3.3,N,NA,N,N,N,Resident,Yes,4,NA,4,NA,4,NA,3,NA,4,NA,2,NA,NA,NA,1.98778,0.72873,0.6612,1.38992,3.3777,2.96082,0.46748,0.12339,23.7,NA,21.1,NA,0,NA,1.74686,1.25521,2.92709,1.07988,0.85269,4.85965,4.31116,1.57256,0.57651,0.52308,2.67216,2.34235,2025-07-25,9,9,0,40,1,0,40,2024-08-29,3,0,3,12,0,0,12,33,NA,0,0,0,0,"1700 EAST LAKE AVENUE,GLENVIEW,IL,60025",42.08,-87.798,NA,2026-06-01
145743,WEST SUBURBAN MEDICAL CTR,3 ERIE COURT,OAK PARK,IL,60302,7087636018,141,Cook,Y,For profit - Corporation,50,7.9,NA,Medicare and Medicaid,N,"RESILIENCE HEALTHCARE - WEST SUBURBAN MEDICAL CENTER, LLC",1993-02-25,NA,NA,NA,NA,NA,NA,NA,N,NA,N,N,N,None,Yes,4,NA,4,NA,5,NA,NA,2,5,NA,1,23,23,23,NA,NA,NA,NA,NA,NA,NA,NA,NA,26,NA,26,NA,26,NA,NA,NA,NA,NA,NA,NA,NA,NA,NA,NA,NA,2024-10-10,5,3,2,48,1,0,48,2023-09-28,7,7,1,32,1,0,32,44,NA,0,0,0,0,"3 ERIE COURT,OAK PARK,IL,60302",41.8918,-87.776,NA,2026-06-01
145748,MONTGOMERY PLACE,5550 SOUTH SHORE DRIVE,CHICAGO,IL,60637,7737534100,141,Cook,Y,Non profit - Corporation,40,35.5,NA,Medicare and Medicaid,N,MONTGOMERY PLACE,1993-03-19,NA,NA,NA,NA,NA,NA,NA,Y,NA,N,N,N,None,Yes,3,NA,2,NA,5,NA,5,NA,4,NA,3,NA,NA,NA,1.88486,1.09666,0.84187,1.93852,3.82338,3.644,0.6858,0.09589,NA,26,NA,26,NA,26,1.1834,0.85033,1.98293,0.73155,0.57764,3.29213,2.92056,2.20114,1.28068,0.98313,4.46495,4.25547,2024-11-15,17,14,3,152,1,0,152,2023-09-21,8,5,3,88,1,0,88,136,NA,2,19752,0,2,"5550 SOUTH SHORE DRIVE,CHICAGO,IL,60637",41.7938,-87.58,NA,2026-06-01
145751,PA PETERSON AT THE CITADEL,1311 PARKVIEW AVENUE,ROCKFORD,IL,61107,8153998832,991,Winnebago,Y,For profit - Partnership,129,124,NA,Medicare and Medicaid,N,PA PETERSON AT THE CITADEL LLC,1993-09-01,CITADEL HEALTHCARE,147,13,3.6,3.7,1.9,3.3,Y,NA,N,N,N,Resident,Yes,2,NA,3,NA,3,NA,4,NA,3,NA,1,NA,NA,NA,2.19705,0.78581,0.60495,1.39076,3.58781,3.36075,0.38278,0.06017,54.7,NA,62.1,NA,0,NA,1.74316,1.25255,2.92088,1.07758,0.85088,4.84934,4.30201,1.74182,0.62299,0.4796,2.84441,2.6644,2025-05-21,16,12,4,76,1,0,76,2024-07-10,40,13,28,248,1,0,248,119,NA,1,21212,0,1,"1311 PARKVIEW AVENUE,ROCKFORD,IL,61107",42.2805,-89.058,NA,2026-06-01
145752,Landmark of Itasca Rehabilitation and Nursing Cent,535 SOUTH ELM,ITASCA,IL,60143,6307739416,250,Du Page,Y,For profit - Partnership,144,126.9,NA,Medicare and Medicaid,N,FOREST VIEW REHABILITATION AND NURSING CENTER,1993-05-07,INFINITY HEALTHCARE CONSULTING,763,70,2,2.2,1.4,3.7,N,SFF Candidate,N,N,N,Resident,Yes,1,NA,1,NA,2,NA,4,NA,1,NA,2,NA,NA,NA,1.7807,0.68404,0.57528,1.25931,3.04001,2.7148,0.52132,0.03891,28.9,NA,11.1,NA,1,NA,1.72475,1.23933,2.89004,1.06621,0.84189,4.79814,4.2566,1.4268,0.54809,0.46094,2.43584,2.17526,2025-05-01,48,13,35,680,1,0,680,2024-04-12,26,5,21,493,1,0,493,633.25,NA,5,300136,2,7,"535 SOUTH ELM,ITASCA,IL,60143",41.9618,-88.012,NA,2026-06-01
145753,LA BELLA OF DANVILLE,1701 NORTH BOWMAN,DANVILLE,IL,61832,2174432955,982,Vermilion,N,For profit - Corporation,200,139.9,NA,Medicare and Medicaid,N,DANVILLE NURSING AND REHAB CENTER LLC,1993-06-01,JENMAX GROUP,875,10,1,1.7,1,2.8,N,NA,Y,N,N,Resident,Yes,1,NA,1,NA,4,NA,5,NA,2,NA,1,NA,NA,NA,1.64688,0.74175,0.25636,0.9981,2.64498,2.39359,0.15181,0.00567,58.3,NA,45.5,NA,NA,26,1.98991,1.42986,3.33435,1.23012,0.97133,5.5358,4.91099,1.14374,0.51513,0.17804,1.83691,1.66232,2025-04-11,24,10,14,322,1,0,322,2024-03-06,83,23,62,742,1,0,742,427,5,8,406887,1,9,"1701 NORTH BOWMAN,DANVILLE,IL,61832",40.1542,-87.605,NA,2026-06-01
145757,INTEGRITY HC OF CARBONDALE,120 NORTH TOWER ROAD,CARBONDALE,IL,62901,6185493355,470,Jackson,N,For profit - Limited Liability company,131,1.6,NA,Medicare and Medicaid,N,"CARBONDALE REHABILITATION AND NURSING CENTER, LLC",1993-09-01,INTEGRITY HEALTHCARE COMMUNITIES,652,5,1.8,2.2,1.4,2.4,N,SFF Candidate,Y,N,N,Resident,Yes,1,NA,1,NA,4,NA,4,NA,5,NA,1,24,6,6,NA,NA,NA,NA,NA,NA,NA,NA,NA,26,NA,26,NA,26,NA,NA,NA,NA,NA,NA,NA,NA,NA,NA,NA,NA,2025-02-10,32,14,22,449,2,225,674,2024-02-08,19,6,13,223,1,0,223,561.25,NA,3,403772,2,5,"120 NORTH TOWER ROAD,CARBONDALE,IL,62901",37.7271,-89.256,NA,2026-06-01
145758,ALIYA OF GLENWOOD,19330 SOUTH COTTAGE GROVE,GLENWOOD,IL,60425,7087586200,141,Cook,Y,For profit - Limited Liability company,184,138.9,NA,Medicare and Medicaid,N,ALIYA OF GLENWOOD LLC,1993-10-01,ALIYA HEALTHCARE,663,12,2.6,2.5,1.4,4.3,N,NA,Y,N,N,Resident,Yes,1,NA,2,NA,3,NA,4,NA,2,NA,1,NA,NA,NA,1.55958,0.6782,0.45507,1.13327,2.69285,2.62287,0.44486,0.01817,50,NA,63.6,NA,1,NA,1.98513,1.42642,3.32634,1.22717,0.96899,5.5225,4.8992000000000004,1.08572,0.47214,0.3168,1.87465,1.82594,2025-04-10,19,1,18,160,1,0,160,2024-06-14,34,10,24,332,1,0,332,203,NA,7,227280,3,10,"19330 SOUTH COTTAGE GROVE,GLENWOOD,IL,60425",41.5388,-87.597,NA,2026-06-01
145759,AXIOM HEALTHCARE OF ROSICLARE,1807 FAIRVIEW RD,ROSICLARE,IL,62982,6182856613,421,Hardin,N,For profit - Corporation,62,33,NA,Medicare and Medicaid,N,AXIOM HEALTHCARE OF ROSICLARE LLC,1993-09-01,AXIOM HEALTHCARE,746,7,1.4,2,1.3,1.4,N,NA,N,N,N,Resident,Yes,2,NA,3,NA,2,NA,1,NA,4,NA,1,24,NA,NA,2.21188,1.23254,0.39812,1.63067,3.84255,3.05502,0.44853,0.01547,53.7,NA,50,NA,NA,26,1.41591,1.01741,2.37254,0.87529,0.69114,3.93896,3.49439,2.15886,1.203,0.38858,3.75044,2.98179,2025-12-05,3,3,0,40,1,0,40,2024-11-22,17,3,14,286,1,0,286,101.5,NA,2,132266,2,4,"1807 FAIRVIEW RD,ROSICLARE,IL,62982",37.4145,-88.359,NA,2026-06-01
145760,ROBINSON REHAB AND NURSING,600 EAST ROBINWOOD DRIVE,ROBINSON,IL,62454,6185443192,150,Crawford,N,For profit - Partnership,67,61.3,NA,Medicare and Medicaid,N,ROBINSON REHAB AND NURSING LLC,1993-07-01,STERN CONSULTANTS,661,23,2.5,2.4,2.2,3.9,N,NA,N,N,N,None,Yes,3,NA,3,NA,4,NA,4,NA,3,NA,2,NA,NA,NA,2.22149,0.66336,0.73954,1.40289,3.62438,3.14413,0.54297,0.04208,53.1,NA,56.3,NA,0,NA,1.52567,1.09628,2.55646,0.94314,0.74472,4.24432,3.76528,2.01225,0.60088,0.66988,3.283,2.84799,2025-11-21,6,2,4,88,1,0,88,2024-08-16,6,5,1,44,1,0,44,77,NA,1,14015,0,1,"600 EAST ROBINWOOD DRIVE,ROBINSON,IL,62454",39.015,-87.733,NA,2026-06-01
145761,LAKEWOOD NRSG & REHAB CENTER,14716 S EASTERN AVENUE,PLAINFIELD,IL,60544,8154363400,989,Will,Y,For profit - Limited Liability company,131,112,NA,Medicare and Medicaid,N,"LAKEWOOD NURSING AND REHABILITATION CENTER, LLC",1993-07-07,EXTENDED CARE CLINICAL,738,9,2.3,2.6,1.2,3.9,N,NA,N,N,N,Resident,Yes,3,NA,2,NA,5,NA,5,NA,3,NA,3,NA,NA,NA,1.91818,0.56048,0.80701,1.36749,3.28567,3.01229,0.64924,0.07469,37.4,NA,18.8,NA,0,NA,1.76634,1.26921,2.95972,1.09192,0.86219,4.91383,4.35923,1.50077,0.43851,0.6314,2.57069,2.3568,2025-04-03,15,13,2,159,1,0,159,2024-05-24,7,5,2,48,1,0,48,131.25,NA,1,84925,0,1,"14716 S EASTERN AVENUE,PLAINFIELD,IL,60544",41.6153,-88.197,NA,2026-06-01
145764,MORGAN PARK HEALTHCARE,10935 SOUTH HALSTED STREET,CHICAGO,IL,60628,7739282000,141,Cook,Y,For profit - Limited Liability company,294,214.3,NA,Medicare and Medicaid,N,MORGAN PARK HEALTHCARE LLC,1993-09-29,SABA HEALTHCARE,777,11,1.8,1.6,1.5,3.1,N,SFF Candidate,Y,N,N,Resident,Yes,2,NA,1,NA,5,NA,5,NA,NA,2,1,NA,NA,NA,1.6166,0.74901,0.27877999999999997,1.02779,2.64438,2.24123,0.18853,0.02254,49.4,NA,71.4,NA,1,NA,1.80311,1.29563,3.02133,1.11464,0.88014,5.01611,4.44996,1.23903,0.57407,0.21366,2.02676,1.71777,2024-10-04,40,14,27,477,1,0,477,2023-09-13,74,18,59,731,1,0,731,540.5,NA,8,631885,3,11,"10935 SOUTH HALSTED STREET,CHICAGO,IL,60628",41.6954,-87.642,NA,2026-06-01
145765,PARK VIEW REHAB CENTER,5888 NORTH RIDGE,CHICAGO,IL,60660,7737692626,141,Cook,Y,For profit - Limited Liability company,128,119.9,NA,Medicare and Medicaid,N,"PARK VIEW REHAB CENTER, LLC",1993-12-01,ICARE CONSULTING SERVICES,762,7,1,1.1,1.6,2.3,N,NA,Y,N,N,Resident,Yes,1,NA,1,NA,3,NA,4,NA,3,NA,1,NA,NA,NA,1.42524,0.48992,0.4055,0.89542,2.32066,2.0036,0.18124,0.0404,NA,26,NA,26,2,NA,1.55379,1.11648,2.60358,0.96052,0.75844,4.32255,3.83468,1.26763,0.43574,0.36066,2.06404,1.78204,2024-08-21,23,13,10,164,1,0,164,2023-10-12,37,19,18,423,1,0,423,228.75,NA,6,377560,3,9,"5888 NORTH RIDGE,CHICAGO,IL,60660",41.9889,-87.669,NA,2026-06-01
145767,PAUL HOUSE & HEALTH CR CTR,3800 NORTH CALIFORNIA AVENUE,CHICAGO,IL,60618,7734784222,141,Cook,Y,For profit - Limited Liability company,110,93.1,NA,Medicare and Medicaid,N,PAUL HOUSE & HEALTH CARE CENTER LLC,1993-11-01,NA,NA,NA,NA,NA,NA,NA,N,NA,N,N,N,Resident,Yes,1,NA,1,NA,2,NA,3,NA,2,NA,1,NA,NA,NA,2.47391,1.03166,0.50766,1.53932,4.01323,3.66784,0.49882,0.04124,68.7,NA,77.8,NA,2,NA,1.78337,1.28145,2.98826,1.10244,0.87051,4.96121,4.40126,1.91709,0.79945,0.3934,3.10994,2.84229,2025-06-05,24,23,1,252,1,0,252,2024-07-19,26,14,12,192,1,0,192,237,NA,2,107115,2,4,"3800 NORTH CALIFORNIA AVENUE,CHICAGO,IL,60618",41.9503,-87.698,NA,2026-06-01
145768,LUTHERAN HILLSIDE VILLAGE,6901 NORTH GALENA ROAD,PEORIA,IL,61614,3096924494,800,Peoria,Y,Non profit - Corporation,107,72.6,NA,Medicare and Medicaid,N,LUTHERAN SENIOR SERVICES,1994-01-01,NA,NA,NA,NA,NA,NA,NA,Y,NA,N,N,N,Resident,Yes,5,NA,5,NA,3,NA,4,NA,3,NA,5,NA,NA,NA,2.86521,0.75299,0.89373,1.64672,4.51193,4.20448,0.56828,0,44.1,NA,28.6,NA,0,NA,1.21417,0.87245,2.03449,0.75058,0.59267,3.37774,2.9965,3.26119,0.85706,1.01724,5.13549,4.78555,2024-12-13,5,4,1,32,1,0,32,2023-11-08,2,0,2,8,0,0,8,26,NA,0,0,0,0,"6901 NORTH GALENA ROAD,PEORIA,IL,61614",40.7703,-89.573,NA,2026-06-01
145769,HALLMARK HC OF CARLINVILLE,826 NORTH HIGH,CARLINVILLE,IL,62626,2178549606,670,Macoupin,Y,Government - City,49,38.4,NA,Medicare and Medicaid,N,HALLMARK HEALTHCARE OF CARLINVILLE LLC,1994-01-20,CREST HEALTHCARE CONSULTING,170,13,2.1,2.5,1.3,2.8,N,NA,N,N,N,Resident,Yes,2,NA,3,NA,4,NA,4,NA,NA,2,1,NA,NA,NA,2.30922,0.47117,0.48285,0.95402,3.26325,2.84928,0.49668,0.03421,45.9,NA,71.4,NA,1,NA,1.67468,1.20335,2.80614,1.03526,0.81745,4.65885,4.13303,1.9056,0.38882,0.39846,2.69288,2.35126,2025-02-26,7,7,0,84,2,42,126,2024-01-23,10,9,1,112,1,0,112,122.5,NA,1,25493,1,2,"826 NORTH HIGH,CARLINVILLE,IL,62626",39.2888,-89.878,NA,2026-06-01
145770,ALLURE OF MT CARROLL,1006 NORTH LOWDEN ROAD,MOUNT CARROLL,IL,61053,8152447715,070,Carroll,N,For profit - Corporation,72,60.7,NA,Medicare and Medicaid,N,"ALLURE OF MT CARROLL, LLC",1993-12-01,ALLURE HEALTHCARE SERVICES,25,15,2.5,2.9,1.7,2.5,N,NA,N,N,N,Resident,Yes,4,NA,5,NA,4,NA,4,NA,3,NA,1,NA,NA,NA,2.23887,0.67011,0.35772,1.02783,3.2667,2.99324,0.2881,0.03691,44.3,NA,44.4,NA,1,NA,1.52976,1.09921,2.5633,0.94567,0.74671,4.25568,3.77536,2.02258,0.60537,0.32316,2.95111,2.70407,2025-06-12,0,0,0,0,0,0,0,2024-05-22,9,7,2,56,1,0,56,14,NA,0,0,0,0,"1006 NORTH LOWDEN ROAD,MOUNT CARROLL,IL,61053",42.1114,-89.987,NA,2026-06-01
145771,RIVER BLUFF NURSING HOME,4401 NORTH MAIN STREET,ROCKFORD,IL,61103,8159219200,991,Winnebago,Y,For profit - Corporation,304,151.6,NA,Medicare and Medicaid,N,COUNTY OF WINNEBAGO,1993-04-08,NA,NA,NA,NA,NA,NA,NA,N,NA,N,N,N,Resident,Yes,2,NA,3,NA,1,NA,2,NA,1,NA,4,NA,NA,NA,2.66437,0.87974,0.8094,1.68913,4.35351,4.01433,0.64094,0.02527,40.8,NA,28,NA,0,NA,1.51458,1.0883100000000001,2.53787,0.93628,0.7393,4.21346,3.7379,2.4311,0.80271,0.73853,3.97234,3.66285,2025-04-10,12,7,5,80,1,0,80,2024-03-07,13,6,8,108,2,54,162,100.5,NA,1,10199,1,2,"4401 NORTH MAIN STREET,ROCKFORD,IL,61103",42.3236,-89.077,NA,2026-06-01
145772,ODD FELLOW-REBEKAH HOME,201 LAFAYETTE AVENUE  EAST,MATTOON,IL,61938,2172355449,140,Coles,N,Non profit - Corporation,162,119.7,NA,Medicare and Medicaid,N,INDEPENDENT ORDER OF ODD FELLOWS,1993-11-16,HERITAGE OPERATIONS GROUP,651,9,1.9,2.6,2.2,1.4,N,NA,Y,N,N,Resident,Yes,1,NA,2,NA,1,NA,1,NA,1,NA,2,NA,NA,NA,2.2674,0.74948,0.5477,1.29718,3.56458,3.13527,0.4058,0.02092,57,NA,42.9,NA,0,NA,1.42046,1.02068,2.38016,0.8781,0.69336,3.95162,3.50562,2.20596,0.72917,0.53286,3.46799,3.05031,2025-11-21,22,6,16,152,1,0,152,2024-10-08,23,12,13,160,1,0,160,154,NA,2,200138,2,4,"201 LAFAYETTE AVENUE  EAST,MATTOON,IL,61938",39.48,-88.35,NA,2026-06-01
145773,GOOD SAMARITAN HOME,2130 HARRISON STREET,QUINCY,IL,62301,2172238717,000,Adams,N,Non profit - Corporation,203,102.3,NA,Medicare and Medicaid,N,GOOD SAMARITAN HOME OF QUINCY,1994-03-01,NA,NA,NA,NA,NA,NA,NA,Y,NA,N,N,N,Resident,Yes,5,NA,4,NA,3,NA,4,NA,3,NA,5,NA,NA,NA,2.80002,0.79503,0.9709,1.76593,4.56594,4.21842,0.52142,0.04918,38.8,NA,14.3,NA,0,NA,1.20232,0.86393,2.01464,0.74325,0.58688,3.34477,2.96726,3.21839,0.91382,1.11597,5.24818,4.84873,2024-08-15,6,4,2,52,1,0,52,2023-08-19,6,2,4,95,1,0,95,62.75,NA,1,26640,0,1,"2130 HARRISON STREET,QUINCY,IL,62301",39.9135,-91.382,NA,2026-06-01
145774,ARCADIA CARE HAVANA,609 NORTH HARPHAM STREET,HAVANA,IL,62644,3095436121,710,Mason,N,For profit - Limited Liability company,98,53.3,NA,Medicare and Medicaid,N,ARCADIA CARE HAVANA LLC,1994-02-01,ARCADIA CARE,42,22,1.5,1.8,1.3,3.1,N,SFF Candidate,Y,N,N,Resident,Yes,1,NA,1,NA,4,NA,4,NA,NA,2,1,NA,NA,NA,1.59285,0.6553,0.49846,1.15376,2.74661,2.46629,0.27072,0.00737,NA,26,NA,27,2,NA,1.87685,1.34862,3.1449,1.16023,0.91614,5.22126,4.63196,1.17285,0.48252,0.36703,2.0224,1.81599,2025-03-21,30,10,20,521,1,0,521,2024-06-07,52,30,26,911,3,638,1549,778,3,3,412962,1,4,"609 NORTH HARPHAM STREET,HAVANA,IL,62644",40.3056,-90.053,NA,2026-06-01
145775,HARMONY HEALTHCARE & REHAB CTR,3919 WEST FOSTER AVENUE,CHICAGO,IL,60625,7735889500,141,Cook,Y,For profit - Corporation,180,170,NA,Medicare and Medicaid,N,HARMONY SKILLED NURSING FACILITY LLC,1994-02-15,LEGACY HEALTHCARE,306,89,2.9,2.9,2.6,3.4,N,NA,N,N,N,Resident,Yes,4,NA,3,NA,5,NA,5,NA,3,NA,2,NA,NA,NA,1.63836,0.39975,0.79086,1.19062,2.82898,2.77323,0.81232,0.03247,39.7,NA,24.1,NA,0,NA,1.67451,1.20322,2.80585,1.03515,0.81737,4.65837,4.13259,1.35214,0.32992,0.6527,2.33475,2.28875,2024-09-06,11,9,2,72,1,0,72,2023-08-31,14,5,9,72,1,0,72,72,0,1,5244,0,1,"3919 WEST FOSTER AVENUE,CHICAGO,IL,60625",41.9756,-87.726,NA,2026-06-01
145776,Complete Care at Sheriden Commons,4538 NORTH BEACON,CHICAGO,IL,60640,7732757200,141,Cook,Y,For profit - Limited Liability company,143,79.8,NA,Medicare and Medicaid,N,BEACON CARE AND REHABILITATION CENTER LLC,1993-11-22,COMPLETE CARE,157,85,3.2,2.8,2.5,4.4,N,NA,N,N,N,Resident,Yes,3,NA,3,NA,3,NA,5,NA,1,NA,2,NA,NA,NA,1.92029,0.67062,0.64799,1.31862,3.2389,2.78754,0.50991,0.04779,22.1,NA,30.8,NA,1,NA,1.78306,1.28123,2.98774,1.10225,0.87036,4.96035,4.4005,1.48833,0.51977,0.50223,2.51033,2.1605,2025-03-13,10,8,2,76,1,0,76,2024-02-09,16,9,7,120,1,0,120,87,NA,0,0,0,0,"4538 NORTH BEACON,CHICAGO,IL,60640",41.9642,-87.664,NA,2026-06-01
145778,MIDWAY NEUROLOGICAL / REHAB CENTER,8540 SOUTH HARLEM,BRIDGEVIEW,IL,60455,7085982605,141,Cook,Y,For profit - Corporation,404,371.6,NA,Medicare and Medicaid,N,MIDWAY NEUROLOGICAL AND REHABILITATION CENTER LLC,1993-12-01,INFINITY HEALTHCARE CONSULTING,763,70,2,2.2,1.4,3.7,N,NA,N,N,N,Resident,Yes,3,NA,3,NA,4,NA,5,NA,1,NA,2,NA,NA,NA,0.82145,0.43642,0.29284,0.72926,1.55071,1.28174,0.2328,0.00934,19.6,NA,19,NA,0,NA,1.59973,1.14949,2.68055,0.98892,0.78087,4.45034,3.94804,0.70964,0.37701,0.25298,1.33962,1.10727,2025-06-13,12,11,2,76,1,0,76,2024-07-17,17,2,15,144,1,0,144,93,NA,2,55162,0,2,"8540 SOUTH HARLEM,BRIDGEVIEW,IL,60455",41.7361,-87.799,NA,2026-06-01
145779,ELEVATE CARE PALOS HEIGHTS,12550 SOUTH RIDGELAND AVENUE,PALOS HEIGHTS,IL,60463,7085979300,141,Cook,Y,For profit - Limited Liability company,111,95.5,NA,Medicare and Medicaid,N,ELEVATE CARE PALOS HEIGHTS LLC,1993-08-26,ELEVATE CARE,197,13,2.3,2.4,2.2,3.8,N,NA,Y,N,N,Resident,Yes,2,NA,2,NA,4,NA,5,NA,2,NA,2,NA,NA,NA,1.88058,1.13012,0.49337,1.62349,3.50407,3.01088,0.40915,0.03176,45.5,NA,12.5,NA,2,NA,1.67179,1.20127,2.8013,1.0334700000000001,0.81604,4.65081,4.12589,1.55456,0.93421,0.40784,2.89661,2.48892,2025-01-24,8,2,6,60,1,0,60,2023-12-14,7,0,7,64,0,0,64,61,NA,2,57370,1,3,"12550 SOUTH RIDGELAND AVENUE,PALOS HEIGHTS,IL,60463",41.6641,-87.778,NA,2026-06-01
145781,Generations at Applewood,21020 KOSTNER AVENUE,MATTESON,IL,60443,7087471300,141,Cook,Y,For profit - Limited Liability company,154,117.1,NA,Medicare and Medicaid,N,"GENERATIONS AT APPLEWOOD, LLC",1993-12-22,GENERATIONS HEALTHCARE NETWORK,870,6,2.7,2.3,1.7,3.2,N,NA,N,N,N,Resident,Yes,2,NA,2,NA,4,NA,5,NA,4,NA,2,NA,NA,NA,2.07961,0.44281,1.09342,1.53623,3.61584,3.09092,0.83342,0.04735,49.3,NA,55.8,NA,1,NA,1.68595,1.21144,2.82502,1.04222,0.82295,4.69019,4.16083,1.70465,0.36298,0.89628,2.96391,2.53363,2025-05-09,18,10,8,148,1,0,148,2024-06-28,30,3,28,367,1,0,367,202.75,NA,6,518939,2,8,"21020 KOSTNER AVENUE,MATTESON,IL,60443",41.5062,-87.723,NA,2026-06-01
145783,SUNRISE SKILLED NUR & REHAB,333 SOUTH WRIGHTSMAN STREET,VIRDEN,IL,62690,2179654821,670,Macoupin,Y,For profit - Limited Liability company,99,77.1,NA,Medicare and Medicaid,N,SUNRISE CARE AND REHABILITATION CENTER LLC,1994-02-01,CREST HEALTHCARE CONSULTING,170,13,2.1,2.5,1.3,2.8,N,NA,N,N,N,Resident,Yes,2,NA,3,NA,3,NA,4,NA,1,NA,1,NA,NA,NA,2.19679,0.76749,0.42232,1.18982,3.38661,3.00998,0.21273,0.05363,51.6,NA,66.7,NA,1,NA,1.60602,1.15401,2.69109,0.99281,0.78394,4.46784,3.96358,1.89032,0.66042,0.36341,2.91415,2.59007,2024-07-25,10,5,5,92,1,0,92,2023-06-28,9,5,5,123,1,0,123,99.75,NA,2,256825,1,3,"333 SOUTH WRIGHTSMAN STREET,VIRDEN,IL,62690",39.4975,-89.776,NA,2026-06-01
145784,BRIAR PLACE NURSING,6800 WEST JOLIET,INDIAN HEAD PARK,IL,60525,7082468500,141,Cook,Y,For profit - Limited Liability company,232,213,NA,Medicare and Medicaid,N,BRIAR PLACE NURSING LLC,1994-02-01,SABA HEALTHCARE,777,11,1.8,1.6,1.5,3.1,N,NA,Y,N,N,Resident,Yes,1,NA,1,NA,4,NA,4,NA,3,NA,1,NA,NA,NA,1.0884,0.44179,0.27512,0.71691,1.80531,1.62489,0.30853,0.01089,56,NA,41.2,NA,0,NA,1.86185,1.33783,3.11976,1.15096,0.90881,5.17952,4.59493,0.80787,0.32792,0.20421,1.34001,1.20609,2024-11-20,14,4,10,203,1,0,203,2023-10-08,27,9,20,251,1,0,251,215,NA,5,147914,1,6,"6800 WEST JOLIET,INDIAN HEAD PARK,IL,60525",41.768,-87.892,NA,2026-06-01
145785,Nexus at Mascoutah,901 NORTH TENTH STREET,MASCOUTAH,IL,62258,6185662183,900,St. Clair,Y,For profit - Partnership,55,49.4,NA,Medicare and Medicaid,N,BRIA OF MASCOUTAH LP,1994-02-25,BRIA HEALTH SERVICES,88,15,1.3,1.7,1.1,2.9,N,NA,Y,N,N,Resident,Yes,2,NA,2,NA,5,NA,5,NA,4,NA,1,NA,NA,NA,2.03085,0.96861,0.43251,1.40112,3.43197,2.92425,0.30879,0.02898,78.3,NA,71.4,NA,0,NA,1.88654,1.35558,3.16113,1.16622,0.92087,5.24822,4.65587,1.48769,0.70955,0.31684,2.51407,2.14214,2024-08-12,19,12,7,160,1,0,160,2023-10-24,18,3,16,172,1,0,172,163,NA,4,73886,1,5,"901 NORTH TENTH STREET,MASCOUTAH,IL,62258",38.4983,-89.812,NA,2026-06-01
145786,LINCOLNWOOD PLACE,7000 NORTH MCCORMICK BLVD.,LINCOLNWOOD,IL,60645,8476737166,141,Cook,Y,For profit - Limited Liability company,40,31.2,NA,Medicare,N,"GA HC REIT II LINCOLNWOOD TRS SUB, LLC",1994-04-01,SENIOR LIFESTYLE,621,2,4,3,4.5,4,Y,NA,N,N,N,Resident,Yes,4,NA,4,NA,3,NA,3,NA,3,NA,4,NA,NA,NA,2.44622,0.11636,1.74529,1.86165,4.30787,3.80723,1.37914,0.15052,41.5,NA,52.6,NA,0,NA,1.42046,1.02068,2.38016,0.8781,0.69336,3.95162,3.50562,2.37994,0.11321,1.698,4.19115,3.70408,2025-11-21,2,2,0,20,1,0,20,2024-12-13,6,4,2,72,1,0,72,33,NA,2,42026,0,2,"7000 NORTH MCCORMICK BLVD.,LINCOLNWOOD,IL,60645",41.9973,-87.712,NA,2026-06-01
145789,Allure of Geneseo,704 SOUTH ILLINOIS STREET,GENESEO,IL,61254,3099446424,450,Henry,Y,For profit - Limited Liability company,72,63.4,NA,Medicare and Medicaid,N,"ALLURE OF GENESEO, LLC",1994-03-01,ALLURE HEALTHCARE SERVICES,25,15,2.5,2.9,1.7,2.5,N,NA,N,N,N,Resident,Yes,4,NA,4,NA,4,NA,4,NA,3,NA,2,NA,NA,NA,2.0631,0.6352,0.51127,1.14647,3.20957,2.78938,0.38234,0.05361,25.5,NA,22.2,NA,0,NA,1.64624,1.18291,2.75849,1.01767,0.80357,4.57973,4.06284,1.73191,0.53323,0.4292,2.69434,2.3416,2026-01-16,7,5,2,60,1,0,60,2025-02-27,8,8,0,36,1,0,36,54,NA,0,0,0,0,"704 SOUTH ILLINOIS STREET,GENESEO,IL,61254",41.4452,-90.151,NA,2026-06-01
145791,FIRESIDE HOUSE OF CENTRALIA,1030 MARTIN LUTHER KING BLVD,CENTRALIA,IL,62801,6185321833,690,Marion,N,For profit - Limited Liability company,98,60.3,NA,Medicare and Medicaid,N,"HCC-HEALTHCARE PROPERTIES, LLC",1994-05-01,NA,NA,NA,NA,NA,NA,NA,N,NA,N,N,N,Resident,Yes,3,NA,3,NA,2,NA,1,NA,3,NA,3,NA,NA,NA,2.12042,0.80348,0.59144,1.39492,3.51534,3.29959,0.50003,0.03824,42.1,NA,25,NA,2,NA,1.30498,0.9377,2.18666,0.80671,0.63699,3.63037,3.22063,2.24552,0.85088,0.62633,3.72273,3.49425,2024-12-12,8,5,3,60,1,0,60,2024-02-29,5,1,5,261,1,0,261,110.25,NA,3,71979,0,3,"1030 MARTIN LUTHER KING BLVD,CENTRALIA,IL,62801",38.5321,-89.137,22,2026-06-01
145792,"Pavilion Of Logan Square, The",2242 NORTH KEDZIE,CHICAGO,IL,60647,7734867700,141,Cook,Y,For profit - Limited Liability company,222,205.4,NA,Medicare and Medicaid,N,PAVILION OF LOGAN SQUARE LLC,1994-06-01,PAVILION HEALTHCARE,612,5,2.4,2.6,1.8,3.8,N,NA,N,N,N,Resident,Yes,1,NA,2,NA,3,NA,5,NA,1,NA,1,NA,NA,NA,2.11858,0.54313,0.43684,0.97996,3.09855,2.7085,0.34938,0.0261,22,NA,47.6,NA,0,NA,1.81515,1.30428,3.0415,1.12209,0.88602,5.04961,4.47968,1.613,0.41351,0.33259,2.3591,2.06213,2025-08-22,9,9,0,64,1,0,64,2024-09-11,38,14,24,340,1,0,340,133,NA,3,88128,1,4,"2242 NORTH KEDZIE,CHICAGO,IL,60647",41.9226,-87.707,NA,2026-06-01
145793,RENAISSANCE CARE CENTER,1675 EAST ASH STREET,CANTON,IL,61520,3096475631,370,Fulton,N,For profit - Corporation,120,55.6,NA,Medicare and Medicaid,N,"RENAISSANCE CARE CENTER, INC",1994-03-31,NA,NA,NA,NA,NA,NA,NA,N,NA,Y,N,N,Both,Yes,3,NA,2,NA,3,NA,4,NA,3,NA,5,NA,NA,NA,4.61855,0.84567,2.16807,3.01374,7.63228,6.8218,1.70167,0.22331,29.4,NA,21.4,NA,0,NA,1.6787,1.20623,2.81287,1.03774,0.81941,4.67002,4.14294,3.80217,0.69619,1.78484,6.2832,5.61598,2025-01-09,10,8,2,88,1,0,88,2023-11-16,11,6,5,72,1,0,72,84,NA,0,0,0,0,"1675 EAST ASH STREET,CANTON,IL,61520",40.5608,-90.007,NA,2026-06-01
145794,FAIRVIEW HAVEN,605 NORTH 4TH STREET,FAIRBURY,IL,61739,8156922572,610,Livingston,N,Non profit - Church related,52,46.4,NA,Medicare and Medicaid,N,FAIRVIEW HAVEN INC,1994-07-01,NA,NA,NA,NA,NA,NA,NA,N,NA,N,N,N,Resident,Yes,5,NA,5,NA,5,NA,5,NA,5,NA,5,NA,NA,NA,3.28167,0.66284,0.92775,1.59059,4.87226,3.95863,0.5282,0.02424,20,NA,0,NA,0,NA,1.19924,0.86172,2.00948,0.74135,0.58538,3.33621,2.95966,3.7817,0.76384,1.06911,5.61465,4.56181,2024-09-11,3,3,0,24,1,0,24,2023-07-12,4,4,0,32,1,0,32,26,NA,0,0,0,0,"605 NORTH 4TH STREET,FAIRBURY,IL,61739",40.753,-88.512,NA,2026-06-01
145795,TOWER HILL HEALTHCARE CENTER,759 KANE STREET,SOUTH ELGIN,IL,60177,8476973310,530,Kane,Y,For profit - Partnership,206,167.8,NA,Medicare and Medicaid,N,"TOWER HILL REHABILITATION, LLC",1994-07-01,NA,NA,NA,NA,NA,NA,NA,N,NA,Y,N,N,Both,Yes,1,NA,2,NA,2,NA,2,NA,2,NA,1,NA,NA,NA,1.82671,0.53901,0.42724,0.96625,2.79296,2.49868,0.29105,0.04478,37.2,NA,44.4,NA,0,NA,1.54647,1.11122,2.59131,0.956,0.75487,4.30218,3.81661,1.6324,0.48168,0.38179,2.49587,2.23289,2025-02-06,18,11,7,88,1,0,88,2024-03-15,27,14,16,389,1,0,389,163.25,NA,2,57365,0,2,"759 KANE STREET,SOUTH ELGIN,IL,60177",41.9977,-88.306,NA,2026-06-01
145796,BALMORAL HOME,2055 WEST BALMORAL AVENUE,CHICAGO,IL,60625,7735618661,141,Cook,Y,For profit - Corporation,213,178,NA,Medicare and Medicaid,N,BALMORAL HOME INC,1994-07-01,NA,NA,NA,NA,NA,NA,NA,N,NA,N,N,N,Resident,Yes,3,NA,4,NA,2,NA,4,NA,1,NA,1,NA,NA,NA,1.43198,0.30218,0.3983,0.70048,2.13246,2.10317,0.32995,0.01987,43.7,NA,53.8,NA,2,NA,1.77893,1.27825,2.98081,1.0997,0.86834,4.94885,4.39029,1.11245,0.23475,0.30942,1.65662,1.63387,2024-12-04,12,10,2,64,1,0,64,2024-01-12,6,1,5,44,1,0,44,59,NA,0,0,0,0,"2055 WEST BALMORAL AVENUE,CHICAGO,IL,60625",41.9796,-87.681,NA,2026-06-01
145798,COUNTRYSIDE NURSING & REHAB CTR,1635 EAST 154TH STREET,DOLTON,IL,60419,7088419550,141,Cook,Y,For profit - Individual,197,145.3,NA,Medicare and Medicaid,N,COUNTRYSIDE NURSING AND REHABILITATION CENTER LLC,1994-08-01,EXTENDED CARE CLINICAL,738,9,2.3,2.6,1.2,3.9,N,NA,Y,N,N,Resident,Yes,1,NA,2,NA,4,NA,5,NA,3,NA,1,NA,NA,NA,1.46717,0.72521,0.37198,1.09719,2.56436,2.22482,0.23547,0.01032,36.4,NA,26.7,NA,2,NA,1.94078,1.39456,3.25203,1.19975,0.94734,5.39912,4.78974,1.04473,0.5164,0.26487,1.826,1.58423,2025-07-31,24,22,5,160,1,0,160,2024-09-13,27,7,20,176,1,0,176,164,NA,0,0,1,1,"1635 EAST 154TH STREET,DOLTON,IL,60419",41.6155,-87.578,NA,2026-06-01
145800,SUNSET HOME,418 WASHINGTON STREET,QUINCY,IL,62301,2172232636,000,Adams,N,Non profit - Corporation,132,92,NA,Medicare and Medicaid,N,SUNSET HOME,1994-10-01,NA,NA,NA,NA,NA,NA,NA,N,NA,Y,N,N,Resident,Yes,1,NA,1,NA,2,NA,1,NA,3,NA,3,NA,NA,NA,2.19745,0.82594,0.62463,1.45057,3.64803,3.43062,0.52419,0.02164,52.3,NA,55.6,NA,0,NA,1.30896,0.94056,2.19333,0.80917,0.63894,3.64143,3.23044,2.32003,0.87201,0.65947,3.85151,3.62198,2024-10-23,13,9,4,342,1,0,342,2023-11-16,43,15,28,535,1,0,535,390.25,NA,5,384067,0,5,"418 WASHINGTON STREET,QUINCY,IL,62301",39.9226,-91.409,NA,2026-06-01
145801,PLEASANT VIEW LUTHER HOME,505 COLLEGE AVENUE,OTTAWA,IL,61350,8154341130,580,La Salle,N,Non profit - Corporation,90,67.4,NA,Medicare and Medicaid,N,PLEASANT VIEW LUTHER HOME INC,1994-09-01,NA,NA,NA,NA,NA,NA,NA,Y,NA,N,N,N,Resident,Yes,4,NA,3,NA,5,NA,5,NA,5,NA,4,NA,NA,NA,2.5457,0.33909,0.89503,1.23412,3.77982,3.46562,0.71188,0.05203,40.4,NA,43.8,NA,0,NA,1.3293,0.95517,2.22741,0.82175,0.64887,3.69803,3.28064,2.64656,0.35252,0.93049,3.92958,3.60293,2025-02-28,14,11,6,56,1,0,56,2024-01-31,15,5,10,195,1,0,195,90.75,NA,3,87819,1,4,"505 COLLEGE AVENUE,OTTAWA,IL,61350",41.3316,-88.844,NA,2026-06-01
145803,"PEARL OF EVANSTON,THE",820 FOSTER STREET,EVANSTON,IL,60201,8474927700,141,Cook,Y,For profit - Limited Liability company,158,123.2,NA,Medicare and Medicaid,N,"PEARL OF EVANSTON, LLC",1994-07-05,PEARL HEALTHCARE,595,15,2.6,2.7,2.1,3.6,N,NA,N,N,N,Resident,Yes,4,NA,4,NA,4,NA,4,NA,3,NA,3,NA,NA,NA,2.08531,0.86164,0.80187,1.66352,3.74883,3.49562,0.68486,0.06284,19.3,NA,0,NA,0,NA,1.63885,1.1776,2.74611,1.01311,0.79997,4.55918,4.0446,1.75845,0.72659,0.67618,3.16122,2.9477,2025-05-15,5,1,4,52,1,0,52,2024-05-31,12,7,5,60,1,0,60,54,NA,0,0,0,0,"820 FOSTER STREET,EVANSTON,IL,60201",42.0539,-87.683,NA,2026-06-01
145804,OAK TRACE,250 VILLAGE DRIVE,DOWNERS GROVE,IL,60516,6307696200,250,Du Page,Y,Non profit - Corporation,104,100,NA,Medicare,N,LIFESPACE COMMUNITIES INC,1994-09-01,LIFESPACE COMMUNITIES,315,16,4.2,3.5,4.1,4.4,Y,NA,N,N,N,Resident,Yes,5,NA,4,NA,5,NA,5,NA,5,NA,5,NA,NA,NA,2.5768,0.14668,1.58331,1.72998,4.30678,3.83593,1.34364,0.126,42.9,NA,16.7,NA,0,NA,1.37083,0.98501,2.29699,0.84742,0.66913,3.81354,3.38312,2.59775,0.14787,1.59618,4.3418,3.86713,2026-03-20,1,1,0,8,1,0,8,2025-01-17,11,9,2,96,1,0,96,30,NA,1,13780,0,1,"250 VILLAGE DRIVE,DOWNERS GROVE,IL,60516",41.7666,-87.992,NA,2026-06-01
145806,WARREN PARK HEALTH & LIVING CTR,6700 NORTH DAMEN AVENUE,CHICAGO,IL,60645,7734655000,141,Cook,Y,For profit - Corporation,127,124.9,NA,Medicare and Medicaid,N,"WARREN PARK HEALTH AND LIVING CENTER, LLC",1994-09-01,CITADEL HEALTHCARE,147,13,3.6,3.7,1.9,3.3,N,NA,N,N,N,Resident,Yes,3,NA,3,NA,4,NA,5,NA,1,NA,2,NA,NA,NA,1.6468,0.33227,0.53633,0.86861,2.51541,2.20806,0.4032,0.04332,26.9,NA,38.5,NA,0,NA,1.79466,1.28956,3.00717,1.10942,0.87602,4.99261,4.42911,1.26812,0.25587,0.413,1.93699,1.70032,2025-12-12,12,11,1,80,1,0,80,2024-12-12,16,9,7,124,1,0,124,91,NA,1,37668,0,1,"6700 NORTH DAMEN AVENUE,CHICAGO,IL,60645",42.0028,-87.68,NA,2026-06-01
145807,HELIA HEALTHCARE OF NEWTON,300 S SCOTT STREET,NEWTON,IL,62448,6187832309,480,Jasper,N,For profit - Corporation,57,33.8,NA,Medicare and Medicaid,N,HELIA HEALTHCARE OF NEWTON LLC,1994-09-01,HELIA HEALTHCARE,263,13,2.3,2.7,1.3,2.8,N,NA,N,N,N,Resident,Yes,3,NA,3,NA,2,NA,4,NA,1,NA,2,NA,NA,NA,1.73631,0.53969,0.54288,1.08257,2.81888,2.67632,0.30133,0.01027,44,NA,40,NA,0,NA,1.37158,0.98555,2.29826,0.84788,0.6695,3.81564,3.38498,1.74946,0.54378,0.547,2.84024,2.69659,2024-09-13,8,7,1,68,1,0,68,2023-07-21,18,5,13,172,1,0,172,94,NA,0,0,0,0,"300 S SCOTT STREET,NEWTON,IL,62448",38.989,-88.151,NA,2026-06-01
145809,"GROVE OF NORTHBROOK,THE",263 SKOKIE BOULEVARD,NORTHBROOK,IL,60062,8475640505,141,Cook,Y,For profit - Limited Liability company,134,130.1,NA,Medicare and Medicaid,N,NORTHBROOK SKILLED NURSING FACILITY LLC,1994-11-01,LEGACY HEALTHCARE,306,89,2.9,2.9,2.6,3.4,N,NA,N,N,N,None,Yes,4,NA,4,NA,3,NA,5,NA,1,NA,3,NA,NA,NA,1.17829,0.18499,0.85342,1.03841,2.2167,2.2251,0.89122,0.02236,14,NA,4.8,NA,0,NA,1.78445,1.28222,2.99007,1.10311,0.87103,4.96421,4.40392,0.91253,0.14327,0.66094,1.71673,1.72323,2024-06-07,5,4,2,36,1,0,36,2023-05-04,7,0,7,131,0,0,131,59.75,NA,2,64870,1,3,"263 SKOKIE BOULEVARD,NORTHBROOK,IL,60062",42.1481,-87.799,NA,2026-06-01
145813,METROPOLIS REHAB & HCC,2299 METROPOLIS STREET,METROPOLIS,IL,62960,6185242634,720,Massac,Y,For profit - Corporation,101,68.3,NA,Medicare and Medicaid,N,"METROPOLIS HEALTH CARE CENTER,LLC",1994-10-10,TUTERA SENIOR LIVING & HEALTH CARE,531,26,2.1,2.2,1.8,3,N,NA,Y,N,N,Resident,Yes,1,NA,1,NA,1,NA,1,NA,1,NA,2,NA,NA,NA,2.2519,0.63396,0.52632,1.16028,3.41217,2.93718,0.29348,0.01539,51.4,NA,45.5,NA,1,NA,1.40224,1.00758,2.34962,0.86683,0.68447,3.90092,3.46064,2.21936,0.6248,0.51871,3.36287,2.89474,2025-05-23,39,3,36,426,1,0,426,2024-07-12,12,5,7,128,1,0,128,351.5,NA,4,181824,1,5,"2299 METROPOLIS STREET,METROPOLIS,IL,62960",37.1692,-88.725,NA,2026-06-01
145816,AVANTARA LAKE ZURICH,900 SOUTH RAND ROAD,LAKE ZURICH,IL,60047,8477261200,570,Lake,Y,For profit - Corporation,203,143.5,NA,Medicare and Medicaid,N,LAKE ZURICH SKILLED NURSING FACILITY LLC,1994-09-07,LEGACY HEALTHCARE,306,89,2.9,2.9,2.6,3.4,N,NA,N,N,N,Resident,Yes,5,NA,4,NA,5,NA,5,NA,5,NA,3,NA,NA,NA,1.98182,0.54614,0.95362,1.49975,3.48157,3.35235,0.89892,0.09229,34.5,NA,29.6,NA,0,NA,1.85899,1.33579,3.11498,1.14919,0.90742,5.17159,4.58789,1.47328,0.406,0.70892,2.58819,2.49213,2025-01-16,6,5,1,40,1,0,40,2024-02-07,16,9,9,100,1,0,100,55,NA,1,14901,0,1,"900 SOUTH RAND ROAD,LAKE ZURICH,IL,60047",42.2046,-88.051,NA,2026-06-01
145818,ROCK RIVER HEALTH CARE,707 WEST RIVERSIDE BOULEVARD,ROCKFORD,IL,61103,8158775752,991,Winnebago,Y,For profit - Limited Liability company,130,77.3,NA,Medicare and Medicaid,N,ROCK RIVER HEALTH CARE LLC,1995-01-01,SABA HEALTHCARE,777,11,1.8,1.6,1.5,3.1,N,NA,N,N,N,Resident,Yes,2,NA,2,NA,2,NA,3,NA,1,NA,2,NA,NA,NA,1.64208,0.53729,0.46736,1.00465,2.64673,2.06855,0.18766,0,30.8,NA,0,NA,0,NA,1.737,1.24813,2.91056,1.07378,0.84787,4.83221,4.28682,1.30645,0.42747,0.37184,2.10576,1.64576,2025-12-10,17,10,7,116,1,0,116,2024-10-09,20,12,8,168,1,0,168,129,NA,4,95885,1,5,"707 WEST RIVERSIDE BOULEVARD,ROCKFORD,IL,61103",42.3158,-89.071,NA,2026-06-01
145819,WARREN BARR BUFFALO GROVE,150 NORTH WEILAND ROAD,BUFFALO GROVE,IL,60089,8474650200,570,Lake,Y,For profit - Partnership,200,158.9,NA,Medicare and Medicaid,N,BUFFALO GROVE SKILLED NURSING FACILITY LLC,1995-01-02,LEGACY HEALTHCARE,306,89,2.9,2.9,2.6,3.4,N,NA,N,N,N,Both,Yes,3,NA,3,NA,4,NA,4,NA,4,NA,2,NA,NA,NA,1.89756,0.85292,0.65575,1.50867,3.40623,3.36129,0.73568,0.04929,40.9,NA,51.7,NA,0,NA,1.69303,1.21653,2.83689,1.0466,0.82641,4.70989,4.1783,1.54892,0.69621,0.53527,2.78041,2.74373,2025-01-29,18,15,3,96,1,0,96,2024-02-29,15,8,7,88,1,0,88,94,NA,1,9311,0,1,"150 NORTH WEILAND ROAD,BUFFALO GROVE,IL,60089",42.1572,-87.954,NA,2026-06-01
145820,MOUNT STERLING HEALTH AND REHAB CENTER,435 CAMDEN RD,MOUNT STERLING,IL,62353,2177733377,040,Brown,N,For profit - Limited Liability company,80,66.5,NA,Medicare and Medicaid,N,MOUNT STERLING HEALTH AND REHAB CENTER LLC,1995-01-01,SUMMIT HEALTHCARE CONSULTING,796,9,2.6,3.2,1.3,3.2,N,NA,Y,Y,N,Resident,Yes,2,NA,2,NA,4,NA,5,NA,3,NA,2,NA,NA,NA,1.71522,0.53076,0.48347,1.01423,2.72944,2.32488,0.35916,0.03468,39,NA,28.6,NA,1,NA,1.52051,1.09257,2.54781,0.93995,0.7422,4.22995,3.75254,1.55894,0.4824,0.43942,2.48075,2.11306,2024-02-28,9,5,4,123,1,0,123,2022-12-15,12,8,4,56,1,0,56,106.25,NA,2,86763,0,2,"435 CAMDEN RD,MOUNT STERLING,IL,62353",39.9922,-90.769,NA,2026-06-01
145821,"PEARL OF ELGIN, THE",2355 ROYAL BOULEVARD,ELGIN,IL,60123,8478889585,530,Kane,Y,For profit - Limited Liability company,139,123.3,NA,Medicare and Medicaid,N,"PEARL OF ELGIN, LLC",1994-12-07,PEARL HEALTHCARE,595,15,2.6,2.7,2.1,3.6,N,NA,N,N,N,Resident,Yes,4,NA,3,NA,5,NA,5,NA,4,NA,2,NA,NA,NA,1.81603,0.68794,0.72006,1.408,3.22403,2.8149,0.53388,0.05036,42.3,NA,25,NA,1,NA,1.6115,1.15795,2.70027,0.9962,0.78661,4.48307,3.97709,1.55737,0.58996,0.61751,2.76483,2.41397,2024-08-22,9,8,1,56,1,0,56,2023-09-08,17,16,1,144,1,0,144,78,NA,0,0,1,1,"2355 ROYAL BOULEVARD,ELGIN,IL,60123",42.0516,-88.335,NA,2026-06-01
145825,SOUTH ELGIN LIVING & REHAB CENTER,746 WEST SPRING STREET,SOUTH ELGIN,IL,60177,8476970565,530,Kane,Y,For profit - Corporation,90,57.5,NA,Medicare and Medicaid,N,SOUTH ELGIN LIVING & REHAB CENTER LLC,1995-03-15,LINEAGE HEALTHCARE,854,5,1.8,1.6,2,3,N,NA,Y,N,N,None,Yes,1,NA,1,NA,2,NA,2,NA,NA,2,2,NA,NA,NA,1.78402,0.18203,1.06126,1.24329,3.02731,2.79388,1.00256,0.06136,33.3,NA,50,NA,1,NA,1.6737899999999999,1.20271,2.80464,1.0347,0.81702,4.65636,4.13081,1.47298,0.1503,0.87623,2.49951,2.30678,2024-05-31,17,16,1,136,2,68,204,2023-06-08,26,8,18,341,1,0,341,238.25,NA,2,230403,2,4,"746 WEST SPRING STREET,SOUTH ELGIN,IL,60177",41.9954,-88.306,NA,2026-06-01
145827,"BRITISH HOME, THE",8700 WEST 31ST STREET,BROOKFIELD,IL,60513,7084850135,141,Cook,Y,Non profit - Corporation,72,34.5,NA,Medicare,N,BRITISH HOME FOR RETIRED MEN AND WOMEN,1995-03-16,NA,NA,NA,NA,NA,NA,NA,N,NA,N,N,N,Resident,Yes,5,NA,4,NA,4,NA,3,NA,4,NA,5,NA,NA,NA,2.79724,0.62447,1.32167,1.94614,4.74338,4.34526,0.96746,0.04395,45.1,NA,42.9,NA,0,NA,1.42518,1.02407,2.38807,0.88102,0.69567,3.96476,3.51727,2.71243,0.60554,1.28159,4.59956,4.21352,2025-02-27,5,5,0,48,1,0,48,2024-03-15,6,5,1,56,1,0,56,50,NA,0,0,1,1,"8700 WEST 31ST STREET,BROOKFIELD,IL,60513",41.8352,-87.84,NA,2026-06-01
145828,KENWOOD VLGE NRSG AND RHB CTR,4505 SOUTH DREXEL,CHICAGO,IL,60653,7732850550,141,Cook,Y,For profit - Limited Liability company,155,132.7,NA,Medicare and Medicaid,N,"KENWOOD VILLAGE NURSING AND REHABILITATION CENTER, LLC",1995-01-23,NA,NA,NA,NA,NA,NA,NA,N,NA,Y,N,N,Resident,Yes,1,NA,1,NA,1,NA,3,NA,1,NA,1,NA,NA,NA,1.90377,1.00223,0.44396,1.44619,3.34995,2.84165,0.25478,0.0208,45.6,NA,53.8,NA,1,NA,2.01756,1.44973,3.38068,1.24722,0.98482,5.61272,4.97923,1.30403,0.6865,0.3041,2.29462,1.94645,2025-01-30,30,18,12,216,1,0,216,2023-12-08,31,13,18,292,1,0,292,235,NA,3,236838,2,5,"4505 SOUTH DREXEL,CHICAGO,IL,60653",41.8131,-87.604,NA,2026-06-01
145829,KENSINGTON PLACE NRSG & REHAB,3405 SOUTH MICHIGAN AVENUE,CHICAGO,IL,60616,3127910035,141,Cook,Y,For profit - Partnership,155,144.5,NA,Medicare and Medicaid,N,KENSINGTON PLACE NURSING AND REHABILITATION CENTER LLC,1995-04-04,WISSATI IRREVOCABLE TRUST,861,5,2,2.8,1.4,2.8,N,NA,Y,N,N,Resident,Yes,1,NA,2,NA,3,NA,4,NA,2,NA,1,NA,NA,NA,1.30684,0.6271,0.31344,0.94054,2.24738,1.8608,0.20725,0.01381,43.2,NA,50,NA,1,NA,2.0576,1.4785,3.44777,1.27197,1.00437,5.72411,5.07805,0.87773,0.42119,0.21052,1.50943,1.24979,2025-05-01,20,15,5,204,1,0,204,2024-03-15,35,7,28,220,1,0,220,208,NA,0,0,1,1,"3405 SOUTH MICHIGAN AVENUE,CHICAGO,IL,60616",41.8328,-87.623,NA,2026-06-01
145830,APERION CARE WEST CHICAGO,201 WEST NORTH AVENUE,WEST CHICAGO,IL,60185,6308768100,250,Du Page,Y,For profit - Corporation,213,208.6,NA,Medicare and Medicaid,N,APERION CARE WEST CHICAGO LLC,1995-03-30,APERION CARE,38,33,2,2.1,1.6,3.5,N,NA,Y,N,N,Resident,Yes,1,NA,1,NA,3,NA,5,NA,1,NA,2,NA,NA,NA,0.8265,0.39395,0.44148,0.83543,1.66193,1.47937,0.36105,0.0148,19.7,NA,13.6,NA,0,NA,1.74666,1.25507,2.92675,1.07975,0.85259,4.85909,4.31067,0.65393,0.31169,0.3493,1.31493,1.17049,2024-12-05,18,8,10,120,1,0,120,2024-01-10,26,11,15,372,2,186,558,229.5,NA,4,289723,1,5,"201 WEST NORTH AVENUE,WEST CHICAGO,IL,60185",41.9123,-88.19,NA,2026-06-01
145832,RYZE AT THE RIDGE,6450 NORTH RIDGE BLVD,CHICAGO,IL,60626,7737438700,141,Cook,Y,For profit - Limited Liability company,136,122.7,NA,Medicare and Medicaid,N,RYZE AT THE RIDGE LLC,1995-06-01,NA,NA,NA,NA,NA,NA,NA,N,NA,Y,N,N,Resident,Yes,2,NA,2,NA,5,NA,5,NA,NA,2,1,NA,NA,NA,1.17387,0.59857,0.41083,1.0094,2.18327,2.03977,0.4092,0.01335,44.3,NA,38.5,NA,1,NA,1.93486,1.3903,3.2421,1.19609,0.94445,5.38265,4.77513,0.83844,0.42753,0.29344,1.5594,1.45691,2024-08-23,15,10,5,128,1,0,128,2023-07-12,29,13,16,450,1,0,450,208.5,NA,3,301750,1,4,"6450 NORTH RIDGE BLVD,CHICAGO,IL,60626",41.9989,-87.677,NA,2026-06-01
145834,"AUSTIN OASIS, THE",901 SOUTH AUSTIN BLVD,CHICAGO,IL,60644,7732875959,141,Cook,Y,For profit - Limited Liability company,216,189,NA,Medicare and Medicaid,N,AUSTIN OASIS LLC,1995-06-01,ICARE CONSULTING SERVICES,762,7,1,1.1,1.6,2.3,N,NA,Y,N,N,Resident,Yes,1,NA,1,NA,2,NA,3,NA,1,NA,1,25,25,6,NA,NA,NA,NA,NA,NA,NA,NA,NA,26,NA,26,0,NA,NA,NA,NA,NA,NA,NA,NA,NA,NA,NA,NA,NA,2025-03-07,25,16,9,252,1,0,252,2024-05-16,33,8,25,360,1,0,360,279,NA,7,607298,3,10,"901 SOUTH AUSTIN BLVD,CHICAGO,IL,60644",41.8704,-87.774,NA,2026-06-01
145835,BELLA TERRA WHEELING,730 WEST HINTZ ROAD,WHEELING,IL,60090,8475377474,141,Cook,Y,For profit - Corporation,215,167.2,NA,Medicare and Medicaid,N,"WHEELING SKILLED NURSING FACILITY, LLC",1995-06-07,LEGACY HEALTHCARE,306,89,2.9,2.9,2.6,3.4,N,NA,Y,N,N,Resident,Yes,2,NA,2,NA,3,NA,4,NA,2,NA,2,NA,NA,NA,1.89575,0.58926,0.75154,1.34081,3.23655,3.18027,0.80992,0.04039,33.3,NA,28.6,NA,0,NA,1.73308,1.24531,2.90399,1.07136,0.84596,4.82131,4.27715,1.51168,0.46988,0.59929,2.58085,2.53597,2025-03-13,1,0,1,4,0,0,4,2024-04-26,15,2,13,128,1,0,128,35,NA,2,28054,0,2,"730 WEST HINTZ ROAD,WHEELING,IL,60090",42.1243,-87.935,NA,2026-06-01
145836,SHELBYVILLE HEALTHCARE & SENIOR LIVING,2116 SOUTH 3RD   DACEY DRIVE,SHELBYVILLE,IL,62565,2177742128,950,Shelby,N,For profit - Corporation,80,38.1,NA,Medicare and Medicaid,N,SHELBYVILLE HEALTHCARE & SENIOR LIVING LLC,1995-06-01,POINTE MANAGEMENT,776,12,1.7,2.3,1.3,1.3,N,NA,Y,N,N,Resident,Yes,1,NA,2,NA,1,NA,1,NA,NA,2,1,24,NA,NA,1.9907,0.97321,0.19565,1.16886,3.15956,2.89797,0.19067,0.00721,NA,26,NA,27,NA,26,1.75182,1.25878,2.9354,1.08294,0.85511,4.87345,4.3234,1.57042,0.76774,0.15434,2.4925,2.28614,2024-08-09,9,7,2,44,1,0,44,2023-07-19,21,12,9,184,1,0,184,79,NA,0,0,0,0,"2116 SOUTH 3RD   DACEY DRIVE,SHELBYVILLE,IL,62565",39.4083,-88.799,22,2026-06-01
145837,PITTSFIELD MANOR,610 LOWRY STREET,PITTSFIELD,IL,62363,2172855200,830,Pike,N,For profit - Corporation,89,66,NA,Medicare and Medicaid,N,"UNLIMITED DEVELOPMENT, INC",1995-04-27,"UNLIMITED DEVELOPMENT, INC.",536,10,2.5,2.6,2.8,2.3,N,NA,Y,N,N,Resident,Yes,1,NA,1,NA,2,NA,1,NA,3,NA,3,NA,NA,NA,2.93073,0.82494,0.55806,1.383,4.31373,3.95531,0.40542,0.01434,57.1,NA,45.5,NA,0,NA,1.50932,1.08452,2.52905,0.93303,0.73673,4.19881,3.7249,2.68346,0.75534,0.51098,3.94978,3.6216,2024-12-09,14,14,0,104,2,52,156,2024-01-02,22,11,11,362,2,181,543,252.75,NA,4,212564,2,6,"610 LOWRY STREET,PITTSFIELD,IL,62363",39.6014,-90.814,NA,2026-06-01
145838,PETERSON PARK HEALTH CARE CTR,6141 NORTH PULASKI ROAD,CHICAGO,IL,60646,7734782000,141,Cook,Y,For profit - Limited Liability company,196,171.8,NA,Medicare and Medicaid,N,PETERSON PARK ASSOCIATES LLC,1995-08-01,LEGACY HEALTHCARE,306,89,2.9,2.9,2.6,3.4,N,NA,Y,N,N,Resident,Yes,2,NA,2,NA,3,NA,5,NA,1,NA,2,NA,NA,NA,2.05213,0.59265,0.73985,1.3325,3.38463,3.29227,0.7785,0.02749,40,NA,20.8,NA,0,NA,1.74176,1.25155,2.91854,1.07672,0.8502,4.84546,4.29857,1.62823,0.47023,0.58702,2.68548,2.6122,2025-11-29,5,4,2,48,1,0,48,2024-09-20,21,10,11,207,1,0,207,87.75,NA,1,13042,1,2,"6141 NORTH PULASKI ROAD,CHICAGO,IL,60646",41.9926,-87.729,NA,2026-06-01
145839,PARK RIDGE HEALTHCARE CENTER,665 BUSSE HIGHWAY,PARK RIDGE,IL,60068,8478255517,141,Cook,Y,For profit - Limited Liability company,46,42.5,NA,Medicare and Medicaid,N,PARK RIDGE HEALTHCARE CENTER LLC,1995-09-01,APERION CARE,38,33,2,2.1,1.6,3.5,N,NA,Y,N,N,Resident,Yes,2,NA,2,NA,4,NA,4,NA,NA,2,3,NA,NA,NA,1.80352,0.30064,0.6866,0.98724,2.79076,2.55741,0.57559,0.03819,11.1,NA,0,NA,0,NA,1.34491,0.96639,2.25356,0.8314,0.65648,3.74144,3.31916,1.85322,0.30892,0.70552,2.86767,2.62789,2025-05-07,2,0,2,36,0,0,36,2024-04-18,6,3,3,52,1,0,52,40,NA,0,0,0,0,"665 BUSSE HIGHWAY,PARK RIDGE,IL,60068",42.0193,-87.846,NA,2026-06-01
145840,TABOR HILLS HEALTH CARE FAC,1347 CRYSTAL COURT,NAPERVILLE,IL,60563,6307786677,250,Du Page,Y,Non profit - Corporation,96,71.9,NA,Medicare and Medicaid,N,"TABOR HILLS HEALTHCARE FACILITY, INC",1995-05-25,NA,NA,NA,NA,NA,NA,NA,N,NA,N,Y,N,Resident,Yes,5,NA,4,NA,5,NA,5,NA,4,NA,5,NA,NA,NA,2.75665,0.46851,1.98118,2.44969,5.20634,4.26981,1.43895,0.06619,35.1,NA,67.9,NA,1,NA,1.34607,0.96722,2.2555,0.83211,0.65705,3.74466,3.32202,2.83018,0.481,2.03403,5.34522,4.38371,2024-05-09,5,5,0,36,1,0,36,2023-06-16,2,2,0,24,1,0,24,33,NA,0,0,0,0,"1347 CRYSTAL COURT,NAPERVILLE,IL,60563",41.7975,-88.193,NA,2026-06-01
145841,PARKWAY MANOR,3116 WILLIAMSON COUNTY PARKWAY,MARION,IL,62959,6189938600,990,Williamson,N,Non profit - Corporation,131,103.2,NA,Medicare and Medicaid,N,"UNLIMITED DEVELOPMENT, INC",1995-06-22,"UNLIMITED DEVELOPMENT, INC.",536,10,2.5,2.6,2.8,2.3,N,NA,N,N,N,Resident,Yes,4,NA,4,NA,3,NA,3,NA,3,NA,3,NA,NA,NA,2.40051,0.69022,0.73056,1.42078,3.82129,3.27262,0.54627,0.0579,47.9,NA,33.3,NA,0,NA,1.51879,1.09133,2.54492,0.93888,0.74136,4.22516,3.74828,2.18427,0.62804,0.66475,3.47707,2.97782,2025-04-04,3,3,0,28,1,0,28,2024-01-12,6,4,2,40,1,0,40,31,NA,0,0,0,0,"3116 WILLIAMSON COUNTY PARKWAY,MARION,IL,62959",37.7513,-88.978,NA,2026-06-01
145842,Flanagan Rehabilitation and Health Care Center,201 EAST FALCON HIGHWAY,FLANAGAN,IL,61740,8157962267,610,Livingston,N,For profit - Corporation,43,30.9,NA,Medicare and Medicaid,N,FLANAGAN HCO LLC,1995-08-01,PETERSEN HEALTH CARE,399,12,1.8,2.4,1.2,2.2,N,NA,N,Y,N,Resident,Yes,3,NA,2,NA,5,NA,5,NA,NA,2,3,NA,NA,NA,2.0785,0,1.34624,1.34624,3.42475,2.91718,0.91594,0.01115,39.4,NA,45.5,NA,0,NA,1.67545,1.2039,2.80742,1.03573,0.81783,4.66098,4.13491,1.71443,0,1.11043,2.82486,2.4062,2024-05-08,14,8,6,112,1,0,112,2023-07-19,35,18,17,388,1,0,388,181,NA,2,80703,2,4,"201 EAST FALCON HIGHWAY,FLANAGAN,IL,61740",40.8633,-88.91,NA,2026-06-01
145843,MILLER HEALTH CARE CENTER,1601 BUTTERFIELD TRAIL,KANKAKEE,IL,60901,8159366500,540,Kankakee,Y,Non profit - Corporation,160,101.5,NA,Medicare and Medicaid,N,RIVERSIDE SENIOR LIVING CENTER,1995-07-07,NA,NA,NA,NA,NA,NA,NA,N,NA,N,N,N,None,Yes,2,NA,2,NA,2,NA,2,NA,2,NA,3,NA,NA,NA,1.98411,0.95791,0.80671,1.76462,3.74873,3.29929,0.57578,0.09388,46,NA,57.7,NA,NA,26,1.40184,1.00729,2.34895,0.86659,0.68427,3.89981,3.45966,1.95599,0.94433,0.79528,3.69561,3.25254,2024-07-18,14,7,7,195,1,0,195,2023-08-04,14,10,4,108,1,0,108,173.25,NA,1,194230,1,2,"1601 BUTTERFIELD TRAIL,KANKAKEE,IL,60901",41.1243,-87.887,NA,2026-06-01
145844,"PEARL OF MONTCLARE, THE",2833 NORTH NORDICA AVENUE,CHICAGO,IL,60634,7736226144,141,Cook,Y,For profit - Limited Liability company,96,106.2,NA,Medicare and Medicaid,N,"PEARL OF MONTCLARE, LLC",1995-08-01,PEARL HEALTHCARE,595,15,2.6,2.7,2.1,3.6,N,NA,N,N,N,Resident,Yes,2,NA,2,NA,3,NA,5,NA,1,NA,2,NA,NA,NA,2.07613,0.78183,0.55122,1.33304,3.40918,3.11211,0.55385,0.0535,50,NA,31.3,NA,0,NA,1.6634,1.19524,2.78724,1.02828,0.81195,4.62747,4.10518,1.72487,0.64955,0.45796,2.83238,2.58558,2025-03-14,16,14,2,112,1,0,112,2024-04-12,27,15,13,228,1,0,228,141,NA,2,23816,0,2,"2833 NORTH NORDICA AVENUE,CHICAGO,IL,60634",41.9317,-87.803,NA,2026-06-01
145846,LA BELLA OF EDWARDSVILLE,6277 CENTER GROVE ROAD,EDWARDSVILLE,IL,62025,6186590605,680,Madison,Y,For profit - Limited Liability company,120,106.4,NA,Medicare and Medicaid,N,EDWARDSVILLE NURSING AND REHAB CENTER LLC,1995-07-20,JENMAX GROUP,875,10,1,1.7,1,2.8,N,NA,N,Y,N,Resident,Yes,1,NA,2,NA,4,NA,5,NA,2,NA,1,NA,NA,NA,1.68402,1.00577,0.23459,1.24036,2.92438,2.51724,0.15081,0.04515,72,NA,81.8,NA,NA,26,1.93253,1.38862,3.23819,1.19465,0.94331,5.37615,4.76937,1.20426,0.71924,0.16776,2.09126,1.80011,2024-05-21,8,5,3,151,1,0,151,2023-02-24,24,7,17,188,1,0,188,160.25,2,5,138697,0,5,"6277 CENTER GROVE ROAD,EDWARDSVILLE,IL,62025",38.7872,-89.972,NA,2026-06-01
145847,Evercare at Stearns,3900 STEARNS AVENUE,GRANITE CITY,IL,62040,6189313900,680,Madison,Y,For profit - Limited Liability company,109,101.2,NA,Medicare and Medicaid,N,STEARNS NURSING AND REHABILITATION CENTER LLC,1995-09-16,EVERCARE SKILLED NURSING,804,11,1.5,1.8,1.1,2.5,N,NA,Y,N,N,Resident,Yes,1,NA,2,NA,1,NA,2,NA,1,NA,1,NA,NA,NA,1.85258,0.70314,0.39341,1.09655,2.94913,2.58626,0.32968,0.02367,67,NA,50,NA,0,NA,1.33517,0.95939,2.23724,0.82537,0.65173,3.71434,3.29512,1.91752,0.72779,0.4072,3.05252,2.67692,2025-04-28,19,12,12,204,1,0,204,2024-06-18,8,3,5,159,1,0,159,192.75,NA,4,279894,2,6,"3900 STEARNS AVENUE,GRANITE CITY,IL,62040",38.7299,-90.101,NA,2026-06-01
145851,Eastside Health and Rehabilitation Center,1400 EAST WASHINGTON STREET,PITTSFIELD,IL,62363,2172854491,830,Pike,N,For profit - Corporation,92,53.3,NA,Medicare and Medicaid,N,PETERSEN HEALTH OPERATIONS LLC,1996-01-01,PETERSEN HEALTH CARE,399,12,1.8,2.4,1.2,2.2,N,NA,N,N,N,Resident,Yes,2,NA,4,NA,1,NA,2,NA,1,NA,1,NA,NA,NA,2.17395,0.75295,0.29055,1.0435,3.21745,2.86619,0.1732,0.0082,NA,26,NA,26,1,NA,1.84558,1.32614,3.09249,1.1409,0.90087,5.13426,4.55478,1.62786,0.56381,0.21756,2.40924,2.14621,2025-06-06,4,4,0,28,1,0,28,2024-05-02,6,3,3,52,1,0,52,34,NA,0,0,0,0,"1400 EAST WASHINGTON STREET,PITTSFIELD,IL,62363",39.6067,-90.787,NA,2026-06-01
145852,EDEN VISTA PROSPECT HEIGHTS,700 EAST EUCLID AVENUE,PROSPECT HEIGHTS,IL,60070,8477972700,141,Cook,Y,For profit - Corporation,30,17.5,NA,Medicare,N,PROSPECT HEIGHTS OPERATIONS LLC,1995-10-20,NA,NA,NA,NA,NA,NA,NA,N,NA,N,N,N,Resident,Yes,5,NA,4,NA,3,NA,NA,2,3,NA,5,NA,NA,NA,4.20959,0.83966,2.94334,3.783,7.99259,6.72631,1.83556,0.47757,30,NA,26.7,NA,0,NA,1.50571,1.08193,2.523,0.9308,0.73497,4.18877,3.716,3.86366,0.77066,2.70146,7.33579,6.17357,2025-12-12,8,8,0,48,1,0,48,2024-08-09,3,0,3,12,0,0,12,39,NA,0,0,0,0,"700 EAST EUCLID AVENUE,PROSPECT HEIGHTS,IL,60070",42.0879,-87.923,NA,2026-06-01
145853,CENTRAL BAPTIST VILLAGE,4747 NORTH CANFIELD AVENUE,NORRIDGE,IL,60656,7085838500,141,Cook,Y,Non profit - Church related,116,92.3,NA,Medicare and Medicaid,N,CENTRAL BAPTIST HOME FOR THE AGED,1996-01-01,NA,NA,NA,NA,NA,NA,NA,N,NA,N,N,N,Resident,Yes,5,NA,4,NA,4,NA,3,NA,4,NA,5,NA,NA,NA,2.81632,0.55306,1.09356,1.64661,4.46293,3.79897,0.62581,0.02931,41.2,NA,32,NA,0,NA,1.25298,0.90033,2.09952,0.77457,0.61161,3.4857,3.09228,3.10626,0.60999,1.20614,4.92239,4.19007,2025-08-08,7,7,0,32,1,0,32,2024-08-15,6,5,1,44,1,0,44,35,NA,0,0,0,0,"4747 NORTH CANFIELD AVENUE,NORRIDGE,IL,60656",41.975,-87.825,NA,2026-06-01
145857,THE HAVEN OF ST. ELMO,221 EAST CUMBERLAND,ST ELMO,IL,62458,6188295581,340,Fayette,N,For profit - Corporation,60,40.3,NA,Medicare and Medicaid,N,HAVEN OF ST. ELMO LLC,1995-10-01,HAVEN HEALTHCARE,761,7,1.3,1.9,1,1.6,N,NA,N,N,N,Resident,Yes,2,NA,3,NA,2,NA,2,NA,1,NA,1,NA,NA,NA,1.85307,0.70318,0.53279,1.23597,3.08905,2.78985,0.42178,0.02524,52.6,NA,66.7,NA,0,NA,1.85522,1.33308,3.10866,1.14686,0.90558,5.1611,4.57858,1.38037,0.52381,0.39688,2.30106,2.07818,2025-05-20,12,6,6,92,1,0,92,2024-07-24,8,7,1,44,1,0,44,80,NA,0,0,0,0,"221 EAST CUMBERLAND,ST ELMO,IL,62458",39.025,-88.845,NA,2026-06-01
145860,"GROVE OF SKOKIE, THE",9000 LA VERGNE AVENUE,SKOKIE,IL,60077,8476792322,141,Cook,Y,For profit - Limited Liability company,149,134.9,NA,Medicare and Medicaid,N,"SKOKIE SKILLED NURSING FACILITY, LLC",1996-03-01,LEGACY HEALTHCARE,306,89,2.9,2.9,2.6,3.4,N,NA,N,N,N,Resident,Yes,4,NA,5,NA,2,NA,4,NA,1,NA,1,NA,NA,NA,1.35869,0.71627,0.32989,1.04616,2.40485,2.40947,0.34502,0.02718,19.4,NA,33.3,NA,0,NA,1.77529,1.27564,2.97472,1.09745,0.86656,4.93873,4.38131,1.05767,0.55758,0.25681,1.87206,1.87565,2025-05-08,3,2,1,16,1,0,16,2024-06-07,4,2,2,28,1,0,28,19,NA,0,0,0,0,"9000 LA VERGNE AVENUE,SKOKIE,IL,60077",42.0444,-87.752,NA,2026-06-01
145862,HILLTOP SKILLED NSG & REHAB,910 WEST POLK STREET,CHARLESTON,IL,61920,2173457066,140,Coles,N,For profit - Limited Liability company,108,60.9,NA,Medicare and Medicaid,N,HILLTOP CARE AND REHABILITATION CENTER LLC,1996-01-01,CREST HEALTHCARE CONSULTING,170,13,2.1,2.5,1.3,2.8,N,NA,N,N,N,Resident,Yes,2,NA,2,NA,2,NA,4,NA,1,NA,2,NA,NA,NA,2.1601,0.79996,0.51154,1.3115,3.47159,3.11006,0.35648,0.04185,52.5,NA,42.9,NA,1,NA,1.60327,1.15203,2.68648,0.99111,0.7826,4.46018,3.95678,1.86194,0.68954,0.44093,2.99241,2.68078,2024-10-18,14,10,4,88,1,0,88,2023-11-01,42,21,23,372,2,186,558,205.5,NA,3,177262,2,5,"910 WEST POLK STREET,CHARLESTON,IL,61920",39.5915,-88.14,NA,2026-06-01
145863,INTEGRITY HC OF MARION,1301 EAST DEYOUNG,MARION,IL,62959,6189971365,990,Williamson,N,For profit - Limited Liability company,125,110,NA,Medicare and Medicaid,N,"MARION REHABILITATION AND NURSING CENTER,LLC",1996-02-01,INTEGRITY HEALTHCARE COMMUNITIES,652,5,1.8,2.2,1.4,2.4,N,NA,N,N,N,Resident,Yes,1,NA,1,NA,1,NA,1,NA,1,NA,2,NA,NA,NA,2.28654,0.70462,0.49879,1.20341,3.48995,2.84709,0.32284,0.01972,56.1,NA,41.7,NA,1,NA,1.38371,0.99427,2.31859,0.85538,0.67543,3.8494,3.41493,2.28366,0.70373,0.49816,3.48555,2.8435,2025-06-16,37,17,21,339,1,0,339,2024-07-19,10,4,6,88,1,0,88,276.25,NA,2,214529,1,3,"1301 EAST DEYOUNG,MARION,IL,62959",37.7402,-88.911,NA,2026-06-01
145864,BRIA OF FOREST EDGE,8001 SOUTH WESTERN AVENUE,CHICAGO,IL,60620,7734366600,141,Cook,Y,For profit - Limited Liability company,328,199.3,NA,Medicare and Medicaid,N,FOREST EDGE HEALTHCARE & REHABILITATION CENTER LP,1996-03-01,BRIA HEALTH SERVICES,88,15,1.3,1.7,1.1,2.9,N,NA,Y,N,N,Resident,Yes,1,NA,1,NA,4,NA,5,NA,1,NA,1,NA,NA,NA,1.95183,0.50045,0.4922,0.99266,2.94449,2.43229,0.2817,0.04185,40.1,NA,39.1,NA,1,NA,1.77815,1.27769,2.97951,1.09922,0.86796,4.94668,4.38837,1.51696,0.38895,0.38254,2.28845,1.89037,2024-10-03,15,11,4,84,1,0,84,2023-09-01,44,15,30,653,1,0,653,226.25,NA,3,407863,1,4,"8001 SOUTH WESTERN AVENUE,CHICAGO,IL,60620",41.7483,-87.683,NA,2026-06-01
145866,HICKORY VLG NRSG & RHB,9246 SOUTH ROBERTS ROAD,HICKORY HILLS,IL,60457,7085984040,141,Cook,Y,For profit - Limited Liability company,74,66.1,NA,Medicare and Medicaid,N,HICKORY VILLAGE NURSING AND REHABILITATION CENTER LLC,1996-02-05,WISSATI IRREVOCABLE TRUST,861,5,2,2.8,1.4,2.8,N,NA,N,N,N,Resident,Yes,3,NA,3,NA,4,NA,4,NA,NA,2,2,NA,NA,NA,1.36986,0.62607,0.51114,1.13721,2.50707,1.99629,0.25435,0.01374,25.6,NA,14.3,NA,0,NA,2.05127,1.47395,3.43716,1.26805,1.00127,5.70649,5.06242,0.9229,0.42179,0.34436,1.68906,1.34493,2025-03-21,3,2,1,24,1,0,24,2024-05-16,17,3,14,325,1,0,325,99.25,NA,3,350672,1,4,"9246 SOUTH ROBERTS ROAD,HICKORY HILLS,IL,60457",41.7229,-87.818,NA,2026-06-01
145867,ALTA REHAB AT FAIRMONT,5061 NORTH PULASKI ROAD,CHICAGO,IL,60630,7736048112,141,Cook,Y,For profit - Corporation,186,136.8,NA,Medicare and Medicaid,N,APERION CARE FAIRMONT LLC,1996-02-01,APERION CARE,38,33,2,2.1,1.6,3.5,N,NA,N,N,N,Resident,Yes,2,NA,2,NA,3,NA,5,NA,2,NA,2,NA,NA,NA,2.35291,0.78746,0.94459,1.73206,4.08497,3.61614,0.74052,0.04529,42.8,NA,48.3,NA,2,NA,1.88187,1.35222,3.15331,1.16333,0.91859,5.23523,4.64435,1.72789,0.57828,0.69367,2.99984,2.65556,2025-09-12,20,15,5,120,1,0,120,2024-08-08,42,17,26,372,1,0,372,183,NA,2,51584,0,2,"5061 NORTH PULASKI ROAD,CHICAGO,IL,60630",41.9738,-87.728,NA,2026-06-01
145868,AVANTARA LONG GROVE,1666 CHECKER ROAD,LONG GROVE,IL,60047,8474191111,570,Lake,Y,For profit - Corporation,195,176.4,NA,Medicare and Medicaid,N,LONG GROVE PAC LLC,1996-03-01,LEGACY HEALTHCARE,306,89,2.9,2.9,2.6,3.4,N,NA,N,N,N,Both,Yes,5,NA,4,NA,5,NA,5,NA,4,NA,2,NA,NA,NA,1.85713,0.6428,0.72434,1.36714,3.22427,3.04025,0.67587,0.05784,39.7,NA,31,NA,0,NA,1.63597,1.17553,2.74128,1.01133,0.79856,4.55117,4.03749,1.56879,0.543,0.61188,2.72367,2.56822,2024-08-08,8,8,0,44,1,0,44,2023-06-28,11,7,4,60,1,0,60,48,NA,0,0,0,0,"1666 CHECKER ROAD,LONG GROVE,IL,60047",42.1609,-87.99,NA,2026-06-01
145869,ALDEN ESTATES OF SKOKIE,4626 OLD ORCHARD ROAD,SKOKIE,IL,60076,8476764800,141,Cook,Y,For profit - Corporation,56,26.9,NA,Medicare and Medicaid,N,ALDEN ESTATES OF SKOKIE INC.,1996-02-01,THE ALDEN NETWORK,504,27,2.5,3,1.3,3.8,N,NA,N,N,N,None,Yes,5,NA,5,NA,4,NA,3,NA,5,NA,3,NA,NA,NA,2.41993,0.73738,1.50545,2.24283,4.66276,4.07543,1.03341,0.22228,NA,26,NA,26,NA,26,1.56353,1.12348,2.6199,0.96655,0.7632,4.34964,3.85871,2.13892,0.65175,1.33064,4.12131,3.60218,2024-10-24,1,1,0,16,1,0,16,2024-02-09,2,1,1,24,1,0,24,18,NA,0,0,0,0,"4626 OLD ORCHARD ROAD,SKOKIE,IL,60076",42.0625,-87.744,NA,2026-06-01
145872,ALDEN LONG GROVE REHAB &HC CTR,2308  OLD HICKS ROAD,LONG GROVE,IL,60047,8474388275,570,Lake,Y,For profit - Corporation,248,166.5,NA,Medicare and Medicaid,N,"ALDEN-LONG GROVE REHABILITATION AND HEALTH CARE CENTER, INC.",1996-03-12,THE ALDEN NETWORK,504,27,2.5,3,1.3,3.8,N,NA,Y,N,N,Resident,Yes,1,NA,1,NA,4,NA,5,NA,2,NA,1,NA,NA,NA,1.57756,0.6329,0.61443,1.24732,2.82489,2.49054,0.51431,0.01645,NA,26,NA,26,NA,26,1.64868,1.18466,2.76257,1.01918,0.80476,4.58651,4.06885,1.32236,0.53051,0.51503,2.3679,2.08764,2024-12-04,8,4,4,256,1,0,256,2023-11-15,15,8,7,92,1,0,92,215,NA,3,183548,0,3,"2308  OLD HICKS ROAD,LONG GROVE,IL,60047",42.17,-88.019,NA,2026-06-01
145874,MEADOWBROOK MANOR - NAPERVILLE,720 RAYMOND DRIVE,NAPERVILLE,IL,60563,6303550220,250,Du Page,Y,For profit - Limited Liability company,249,218.5,NA,Medicare and Medicaid,N,BUTTERFIELD HEALTH CARE II INC,1996-05-20,NA,NA,NA,NA,NA,NA,NA,N,NA,N,N,N,Resident,Yes,2,NA,2,NA,2,NA,4,NA,1,NA,2,NA,NA,NA,1.55496,0.40346,0.86892,1.27239,2.82734,2.35127,0.65469,0.04242,47.7,NA,27.5,NA,0,NA,1.67249,1.20177,2.80246,1.0339,0.81638,4.65274,4.1276,1.28486,0.33338,0.71799,2.33623,1.94285,2026-01-15,15,6,9,120,1,0,120,2024-10-10,21,9,12,223,1,0,223,145.75,NA,1,133390,0,1,"720 RAYMOND DRIVE,NAPERVILLE,IL,60563",41.7842,-88.183,NA,2026-06-01
145875,WARREN BARR LINCOLN PARK,2732 NORTH HAMPDEN COURT,CHICAGO,IL,60614,7732486000,141,Cook,Y,For profit - Limited Liability company,109,82.8,NA,Medicare and Medicaid,N,LINCOLN PARK SKILLED NURSING FACILITY LLC,1996-07-01,LEGACY HEALTHCARE,306,89,2.9,2.9,2.6,3.4,N,NA,N,N,N,Resident,Yes,2,NA,3,NA,4,NA,5,NA,3,NA,1,NA,NA,NA,1.97737,0.57286,0.76687,1.33973,3.3171,3.1603,0.81857,0.0698,59.1,NA,55.6,NA,1,NA,1.65889,1.192,2.77967,1.02549,0.80974,4.61491,4.09404,1.64729,0.47723,0.63886,2.76338,2.63275,2024-11-01,12,9,3,76,1,0,76,2023-12-15,19,9,10,262,1,0,262,122.5,NA,2,125108,0,2,"2732 NORTH HAMPDEN COURT,CHICAGO,IL,60614",41.9315,-87.642,NA,2026-06-01
145877,APERION CARE DOLTON,14325 SOUTH BLACKSTONE,DOLTON,IL,60419,7088495000,141,Cook,Y,For profit - Corporation,88,81.4,NA,Medicare and Medicaid,N,"DOLTON NURSING & REHAB, LLC",1996-05-01,APERION CARE,38,33,2,2.1,1.6,3.5,N,NA,Y,Y,N,Resident,Yes,1,NA,2,NA,3,NA,5,NA,1,NA,1,NA,NA,NA,1.91578,0.79808,0.45734,1.25542,3.1712,2.60433,0.28452,0.02748,36.4,NA,54.5,NA,NA,26,1.89781,1.36368,3.18002,1.17319,0.92637,5.27958,4.68369,1.39506,0.58115000000000006,0.33304,2.30925,1.89646,2024-03-22,10,5,5,48,1,0,48,2022-12-23,16,5,11,132,1,0,132,69,NA,4,168629,1,5,"14325 SOUTH BLACKSTONE,DOLTON,IL,60419",41.6345,-87.581,NA,2026-06-01
145878,ST PATRICK'S RESIDENCE,1400 BROOKDALE ROAD,NAPERVILLE,IL,60563,6304166565,250,Du Page,Y,Non profit - Corporation,209,167.6,NA,Medicare and Medicaid,N,ST PATRICK RESIDENCE,1996-06-01,CARMELITE SISTERS FOR THE AGED & INFIRM,802,9,2.6,2.1,3.6,4,N,NA,Y,N,N,Resident,Yes,2,NA,2,NA,3,NA,5,NA,1,NA,4,NA,NA,NA,2.48451,0.52152,0.94466,1.46618,3.95069,3.68693,0.76983,0.03458,31.9,NA,18.2,NA,1,NA,1.38953,0.99845,2.32833,0.85898,0.67826,3.86558,3.42928,2.471,0.51868,0.93952,3.9292,3.66687,2025-01-16,9,6,3,159,1,0,159,2024-02-23,8,8,0,52,1,0,52,132.25,NA,0,0,0,0,"1400 BROOKDALE ROAD,NAPERVILLE,IL,60563",41.7842,-88.185,NA,2026-06-01
145879,TRI-STATE VILLAGE NRSG & RHB,2500 EAST 175TH STREET,LANSING,IL,60438,7084747330,141,Cook,Y,For profit - Limited Liability company,84,79.9,NA,Medicare and Medicaid,N,TRI-STATE VILLAGE NURSING AND REHABILITATION CENTER LLC,1996-05-01,ATIED ASSOCIATES,53,12,2.4,2.7,1.9,3.1,N,NA,N,N,N,Resident,Yes,2,NA,2,NA,2,NA,3,NA,1,NA,2,NA,NA,NA,1.72857,0.78868,0.78436,1.57304,3.3016,2.8532,0.47052,0.01359,26.5,NA,25,NA,0,NA,2.16028,1.55227,3.61981,1.33544,1.05448,6.00973,5.33144,1.1058,0.50453,0.50177,2.1121,1.82525,2025-04-30,18,13,6,140,1,0,140,2024-04-26,30,7,25,327,1,0,327,186.75,NA,5,279810,3,8,"2500 EAST 175TH STREET,LANSING,IL,60438",41.5772,-87.556,NA,2026-06-01
145880,HILLVIEW SENIOR LIVING & REHAB,512 NORTH 11TH STREET,VIENNA,IL,62995,6186582951,520,Johnson,N,For profit - Limited Liability company,50,42.3,NA,Medicare and Medicaid,N,HILLVIEW SENIOR LIVING & REHABILITATION LLC,1996-05-15,WLC MANAGEMENT FIRM,570,18,2.7,3.8,1.4,1.4,N,NA,N,N,N,Resident,Yes,4,NA,5,NA,2,NA,2,NA,1,NA,1,24,6,6,NA,NA,NA,NA,NA,NA,NA,NA,NA,26,NA,26,NA,26,NA,NA,NA,NA,NA,NA,NA,NA,NA,NA,NA,NA,2025-06-13,2,2,0,20,1,0,20,2024-08-02,0,0,0,0,0,0,0,15,NA,0,0,0,0,"512 NORTH 11TH STREET,VIENNA,IL,62995",37.4179,-88.902,NA,2026-06-01
145881,Complete Care at Margate Park,4920 NORTH KENMORE,CHICAGO,IL,60640,7737692700,141,Cook,Y,For profit - Limited Liability company,310,186.7,NA,Medicare and Medicaid,N,UPTOWN CARE AND REHABILITATION CENTER LLC,1996-08-01,COMPLETE CARE,157,85,3.2,2.8,2.5,4.4,N,NA,Y,N,N,Resident,Yes,1,NA,1,NA,2,NA,4,NA,1,NA,1,NA,NA,NA,1.88746,0.79383,0.46739000000000003,1.26122,3.14868,2.84959,0.44007,0.02412,40.4,NA,60,NA,1,NA,1.79756,1.29164,3.01203,1.11121,0.87743,5.00067,4.43627,1.45109,0.6103,0.35934,2.42073,2.19079,2025-04-03,33,16,18,264,1,0,264,2024-02-29,50,7,43,367,1,0,367,289.75,NA,5,155687,1,6,"4920 NORTH KENMORE,CHICAGO,IL,60640",41.9719,-87.656,NA,2026-06-01
145883,PIATT COUNTY NURSING HOME,1111 N STATE ST,MONTICELLO,IL,61856,2177622506,820,Piatt,Y,Government - City/county,100,86.3,NA,Medicare and Medicaid,N,PIATT CO.,1996-07-01,NA,NA,NA,NA,NA,NA,NA,N,NA,N,N,N,Resident,Yes,3,NA,3,NA,3,NA,3,NA,NA,2,2,NA,NA,NA,2.92637,0.78839,0.37728,1.16567,4.09205,3.50689,0.23501,0.00519,64.2,NA,53.3,NA,NA,26,1.27477,0.91599,2.13604,0.78804,0.62225,3.54632,3.14606,3.17247,0.85469,0.40901,4.43617,3.80181,2025-06-18,6,6,0,32,1,0,32,2024-04-09,10,9,5,264,1,0,264,90,NA,3,182948,1,4,"1111 N STATE ST,MONTICELLO,IL,61856",40.0354,-88.57,NA,2026-06-01
145885,Complete Care at the Boulevard,5905 WEST WASHINGTON,CHICAGO,IL,60644,7732617074,141,Cook,Y,For profit - Corporation,156,114.3,NA,Medicare and Medicaid,N,MAYFIELD CARE AND REHABILITATION CENTER LLC,1996-12-01,COMPLETE CARE,157,85,3.2,2.8,2.5,4.4,N,NA,N,N,N,Resident,Yes,1,NA,1,NA,4,NA,4,NA,4,NA,1,NA,NA,NA,1.90973,1.02105,0.36262,1.38367,3.2934,2.72807,0.3032,0.02375,48.2,NA,54.5,NA,0,NA,1.80256,1.29524,3.02042,1.11431,0.87987,5.0146,4.44862,1.46414,0.78281,0.27801,2.52496,2.09153,2025-02-07,20,15,5,172,1,0,172,2024-03-22,41,16,27,553,1,0,553,267.25,NA,6,378581,5,11,"5905 WEST WASHINGTON,CHICAGO,IL,60644",41.8821,-87.772,NA,2026-06-01
145886,ARCADIA CARE ALEDO,304 S.W. 12TH STREET,ALEDO,IL,61231,3095825376,740,Mercer,Y,For profit - Corporation,80,48,NA,Medicare and Medicaid,N,ARCADIA CARE ALEDO LLC,1996-06-01,ARCADIA CARE,42,22,1.5,1.8,1.3,3.1,N,NA,Y,N,N,Resident,Yes,1,NA,1,NA,2,NA,2,NA,NA,2,1,24,NA,NA,1.8729,0.52043,0.3591,0.87953,2.75244,2.53557,0.21858,0.0185,NA,26,NA,27,NA,26,1.85653,1.33401,3.11084,1.14767,0.90622,5.16473,4.5818,1.39416,0.3874,0.26731,2.04888,1.88744,2025-03-14,16,6,10,281,1,0,281,2024-06-05,47,14,35,436,2,218,654,374.25,NA,4,193582,3,7,"304 S.W. 12TH STREET,ALEDO,IL,61231",41.2027,-90.754,22,2026-06-01
145887,ALTA REHAB AT WAUCONDA,176 THOMAS COURT,WAUCONDA,IL,60084,8475265551,570,Lake,Y,For profit - Corporation,149,137.8,NA,Medicare and Medicaid,N,APERION CARE WAUCONDA LLC,1996-08-01,APERION CARE,38,33,2,2.1,1.6,3.5,N,NA,N,N,N,Resident,Yes,5,NA,4,NA,5,NA,5,NA,3,NA,3,NA,NA,NA,2.30406,0.61078,1.12157,1.73235,4.03641,3.61774,0.8615,0.08611,37.3,NA,21.9,NA,1,NA,1.85374,1.33201,3.10618,1.14595,0.90486,5.15698,4.57493,1.71769,0.45534,0.83614,3.00916,2.69704,2024-08-21,8,6,2,32,1,0,32,2023-07-26,15,3,12,136,1,0,136,58,NA,1,7443,0,1,"176 THOMAS COURT,WAUCONDA,IL,60084",42.2549,-88.148,NA,2026-06-01
145888,ALDEN ESTATES OF NORTHMOOR,5831 NORTH NORTHWEST HIGHWAY,CHICAGO,IL,60631,7737758080,141,Cook,Y,For profit - Corporation,198,181.7,NA,Medicare and Medicaid,N,"ALDEN-NORTHMOOR REHABILITATION AND HEALTH CARE CENTER, INC.",1996-07-08,THE ALDEN NETWORK,504,27,2.5,3,1.3,3.8,N,NA,N,N,N,Resident,Yes,3,NA,4,NA,4,NA,5,NA,3,NA,1,NA,NA,NA,2.44904,0.62358,0.5172,1.14078,3.58981,3.24391,0.40172,0.02505,NA,26,NA,26,NA,26,1.63237,1.17294,2.73524,1.0091,0.7968,4.54113,4.02859,2.07337,0.52793,0.43786,3.03916,2.74631,2025-12-04,7,4,3,40,1,0,40,2024-11-01,23,12,12,144,1,0,144,66,NA,0,0,0,0,"5831 NORTH NORTHWEST HIGHWAY,CHICAGO,IL,60631",41.9872,-87.79,NA,2026-06-01
145890,ELDORADO REHAB & HEALTHCARE,1001 A JEFFERSON STREET,ELDORADO,IL,62930,6182733353,910,Saline,N,For profit - Limited Liability company,99,64.8,NA,Medicare and Medicaid,N,ELDORADO REHAB & HEALTHCARE LLC,1996-08-01,WLC MANAGEMENT FIRM,570,18,2.7,3.8,1.4,1.4,N,NA,N,N,N,Resident,Yes,3,NA,4,NA,1,NA,1,NA,1,NA,2,NA,NA,NA,1.93267,0.5011,0.49748,0.99858,2.93125,2.70893,0.59116,0.00785,60.2,NA,50,NA,NA,26,1.19474,0.85848,2.00194,0.73856,0.58318,3.32368,2.94855,2.23555,0.57963,0.57544,3.39062,3.13346,2025-04-17,5,4,1,20,1,0,20,2024-02-16,22,19,3,144,1,0,144,51,NA,0,0,0,0,"1001 A JEFFERSON STREET,ELDORADO,IL,62930",37.8138,-88.441,22,2026-06-01
145892,SUNNY HILL NURSING HOME OF WILL COUNTY,421 DORIS AVENUE,JOLIET,IL,60433,8157278710,989,Will,Y,Government - County,157,144.8,NA,Medicare and Medicaid,N,COUNTY OF WILL,1996-10-01,NA,NA,NA,NA,NA,NA,NA,N,NA,N,N,N,Resident,Yes,5,NA,4,NA,2,NA,3,NA,1,NA,5,NA,NA,NA,3.14623,0.70648,0.85966,1.56614,4.71237,4.24972,0.57849,0.03709,38.3,NA,3.7,NA,0,NA,1.45813,1.04774,2.44328,0.90139,0.71175,4.05641,3.59858,2.9819,0.66958,0.81476,4.46624,4.02776,2025-01-31,10,8,3,60,1,0,60,2024-02-23,8,6,2,64,1,0,64,61,NA,0,0,0,0,"421 DORIS AVENUE,JOLIET,IL,60433",41.5063,-88.071,NA,2026-06-01
145893,HARMONY PALOS,11860 SOUTHWEST HIGHWAY,PALOS HEIGHTS,IL,60463,7083614555,141,Cook,Y,For profit - Limited Liability company,130,90.7,NA,Medicare and Medicaid,N,"PHW SKILLED NURSING FACILITY, LLC",1996-06-12,LEGACY HEALTHCARE,306,89,2.9,2.9,2.6,3.4,N,NA,N,N,N,Resident,Yes,3,NA,3,NA,3,NA,3,NA,2,NA,2,NA,NA,NA,1.88989,0.49523,0.9691,1.46434,3.35423,3.21158,0.86409,0.04271,66,NA,39.1,NA,0,NA,1.78546,1.28295,2.99177,1.10374,0.87153,4.96703,4.40642,1.4628,0.38332,0.7501,2.59622,2.48581,2024-11-21,15,7,8,116,1,0,116,2023-09-08,15,6,10,88,1,0,88,109,NA,2,25874,0,2,"11860 SOUTHWEST HIGHWAY,PALOS HEIGHTS,IL,60463",41.6756,-87.815,NA,2026-06-01
145895,STEPHENSON NURSING CENTER,2946 SOUTH WALNUT ROAD,FREEPORT,IL,61032,8152356173,970,Stephenson,N,Government - County,148,56.5,NA,Medicare and Medicaid,N,COUNTY OF STEPHENSON,1996-11-01,NA,NA,NA,NA,NA,NA,NA,N,NA,N,N,N,Resident,Yes,2,NA,2,NA,3,NA,3,NA,3,NA,2,NA,NA,NA,2.10765,0.40329,0.87243,1.27572,3.38337,2.99464,0.59977,4.3e-4,NA,26,NA,26,NA,26,1.36194,0.97862,2.2821,0.84192,0.6648,3.78882,3.36119,2.13865,0.40922,0.88527,3.43314,3.0387,2025-02-04,14,12,5,132,1,0,132,2024-01-18,18,7,11,120,1,0,120,129,NA,0,0,1,1,"2946 SOUTH WALNUT ROAD,FREEPORT,IL,61032",42.2608,-89.621,NA,2026-06-01
145897,EVERCARE OF LEBANON,1201 NORTH ALTON,LEBANON,IL,62254,6185374401,900,St. Clair,Y,For profit - Limited Liability company,90,80.6,NA,Medicare and Medicaid,N,EVERCARE OF LEBANON LLC,1996-06-11,EVERCARE SKILLED NURSING,804,11,1.5,1.8,1.1,2.5,N,NA,Y,N,N,None,Yes,1,NA,2,NA,2,NA,3,NA,1,NA,1,NA,NA,NA,1.76761,0.85391,0.25148,1.1054,2.873,2.50437,0.22737,0.01072,37,NA,NA,27,0,NA,1.74679,1.25516,2.92696,1.07983,0.85265,4.85944,4.31098,1.39844,0.67557,0.19896,2.27298,1.98133,2024-12-19,14,8,6,144,1,0,144,2024-02-27,19,6,13,204,2,102,306,184.5,NA,3,185327,2,5,"1201 NORTH ALTON,LEBANON,IL,62254",38.6156,-89.815,NA,2026-06-01
145898,BRIA OF CHICAGO HEIGHTS,120 WEST 26TH STREET,SOUTH CHICAGO HEIGHT,IL,60411,7087565200,141,Cook,Y,For profit - Limited Liability company,112,97.3,NA,Medicare and Medicaid,N,MST HEALTH PROPERTIES LLC,1996-08-14,BRIA HEALTH SERVICES,88,15,1.3,1.7,1.1,2.9,N,NA,Y,N,N,Both,Yes,2,NA,2,NA,3,NA,5,NA,1,NA,2,NA,NA,NA,1.7716,0.44199,0.5482,0.99019,2.76179,2.38235,0.32775,0.08405,39.4,NA,18.2,NA,2,NA,1.72227,1.23754,2.88587,1.06467,0.84068,4.79122,4.25045,1.42156,0.35466,0.43989,2.21611,1.91163,2025-05-30,15,12,3,124,1,0,124,2024-04-19,11,3,10,183,1,0,183,138.75,NA,4,165764,0,4,"120 WEST 26TH STREET,SOUTH CHICAGO HEIGHT,IL,60411",41.4916,-87.641,NA,2026-06-01
145899,WARREN BARR ORLAND PARK,14601 SOUTH JOHN HUMPHREY DR,ORLAND PARK,IL,60462,7083498300,141,Cook,Y,For profit - Limited Liability company,275,179.1,NA,Medicare and Medicaid,N,ORLAND PARK SKILLED NURSING FACILITY LLC,1996-08-23,LEGACY HEALTHCARE,306,89,2.9,2.9,2.6,3.4,N,NA,N,N,N,Resident,Yes,2,NA,2,NA,4,NA,4,NA,4,NA,2,NA,NA,NA,2.10188,0.89473,0.7121,1.60683,3.7087,3.58662,0.72628,0.06034,53.6,NA,50,NA,1,NA,1.80465,1.29674,3.02392,1.1156,0.88089,5.02041,4.45378,1.60958,0.68517,0.54531,2.84006,2.74657,2025-04-11,15,10,5,120,1,0,120,2024-03-22,17,11,8,128,1,0,128,122,NA,3,60348,1,4,"14601 SOUTH JOHN HUMPHREY DR,ORLAND PARK,IL,60462",41.6251,-87.851,NA,2026-06-01
145901,LEMONT NURSING & REHAB CENTER,12450 WALKER ROAD,LEMONT,IL,60439,6302430400,141,Cook,Y,For profit - Limited Liability company,173,139.1,NA,Medicare and Medicaid,N,LEMONT NURSING AND REHABILITATION CENTER LLC,1996-05-31,EXTENDED CARE CLINICAL,738,9,2.3,2.6,1.2,3.9,N,NA,N,N,N,Resident,Yes,3,NA,3,NA,5,NA,5,NA,4,NA,1,NA,NA,NA,1.78584,0.83525,0.34146,1.17671,2.96255,2.70381,0.26906,0.07567,54.1,NA,52.9,NA,0,NA,1.73457,1.24638,2.90649,1.07228,0.84669,4.82546,4.28083,1.42282,0.66547,0.27205,2.36033,2.15419,2026-01-09,8,8,2,56,1,0,56,2025-01-10,19,13,7,120,1,0,120,72,NA,0,0,0,0,"12450 WALKER ROAD,LEMONT,IL,60439",41.6637,-87.971,NA,2026-06-01
145903,VANDALIA HEALTHCARE & SENIOR LIVING,1500 WEST ST LOUIS AVENUE,VANDALIA,IL,62471,6182834262,340,Fayette,N,For profit - Limited Liability company,116,35.5,NA,Medicare and Medicaid,N,VANDALIA HEALTHCARE & SENIOR LIVING LLC,1996-10-01,POINTE MANAGEMENT,776,12,1.7,2.3,1.3,1.3,N,NA,N,N,N,Resident,Yes,1,NA,3,NA,1,NA,1,NA,NA,2,1,24,NA,NA,2.08552,0.79222,0.28662,1.07884,3.16436,2.8129,0.10745,0.01562,NA,26,NA,26,2,NA,1.70198,1.22296,2.85188,1.05213,0.83078,4.73479,4.20039,1.6934,0.64326,0.23273,2.56939,2.28402,2024-08-02,16,15,1,116,1,0,116,2023-08-31,11,2,9,104,1,0,104,113,NA,1,14720,0,1,"1500 WEST ST LOUIS AVENUE,VANDALIA,IL,62471",38.9575,-89.11,NA,2026-06-01
145904,SMITH VILLAGE,2320 WEST 113TH PLACE,CHICAGO,IL,60643,7734747300,141,Cook,Y,Non profit - Other,93,65.8,NA,Medicare and Medicaid,N,WASHINGTON AND JANE SMITH COMMUNITY BEVERLY,1996-09-16,NA,NA,NA,NA,NA,NA,NA,Y,NA,Y,N,N,Both,Yes,3,NA,2,NA,2,NA,2,NA,3,NA,5,NA,NA,NA,3.59298,0.50252,1.25545,1.75797,5.35095,4.79715,1.0316,0.12492,52,NA,41.7,NA,0,NA,1.35435,0.97317,2.26938,0.83723,0.66109,3.7677,3.34245,3.66627,0.51277,1.28106,5.4601,4.89501,2025-11-26,4,3,1,44,1,0,44,2024-09-19,13,7,6,132,1,0,132,66,NA,0,0,1,1,"2320 WEST 113TH PLACE,CHICAGO,IL,60643",41.6871,-87.679,NA,2026-06-01
145906,DIXON REHAB & HCC,800 DIVISION STREET,DIXON,IL,61021,8152843393,600,Lee,N,For profit - Corporation,97,78.7,NA,Medicare and Medicaid,N,"DIXON MANOR, LLC",1996-11-01,TUTERA SENIOR LIVING & HEALTH CARE,531,26,2.1,2.2,1.8,3,N,NA,N,N,N,Resident,Yes,2,NA,3,NA,1,NA,2,NA,1,NA,2,NA,NA,NA,1.98836,0.54953,0.67889,1.22842,3.21679,2.80626,0.39844,0.02473,33.3,NA,25,NA,0,NA,1.64554,1.18241,2.7573,1.01724,0.80323,4.57777,4.06109,1.66989,0.46151,0.57015,2.70155,2.35679,2024-10-23,10,10,2,104,1,0,104,2023-12-21,8,3,5,80,1,0,80,98,NA,2,34753,1,3,"800 DIVISION STREET,DIXON,IL,61021",41.8333,-89.47,NA,2026-06-01
145907,ALDEN ESTATES OF EVANSTON,2520 GROSS POINT ROAD,EVANSTON,IL,60201,8473286000,141,Cook,Y,For profit - Corporation,99,64.2,NA,Medicare and Medicaid,N,"ALDEN ESTATES OF EVANSTON, INC.",1996-10-09,THE ALDEN NETWORK,504,27,2.5,3,1.3,3.8,N,NA,N,N,N,Resident,Yes,5,NA,5,NA,4,NA,4,NA,4,NA,2,NA,NA,NA,2.0335,0.77305,1.06743,1.84048,3.87398,3.3723,0.71643,0.21351,NA,26,NA,26,NA,26,1.55074,1.11429,2.59845,0.95863,0.75695,4.31404,3.82713,1.8122,0.68892,0.95126,3.45239,3.0053,2025-12-19,4,4,0,16,1,0,16,2025-02-07,2,0,2,4,0,0,4,13,NA,0,0,0,0,"2520 GROSS POINT ROAD,EVANSTON,IL,60201",42.0628,-87.73,NA,2026-06-01
145908,AMBERWOOD CARE CENTRE,2313 NORTH ROCKTON AVENUE,ROCKFORD,IL,61103,8159642200,991,Winnebago,Y,For profit - Limited Liability company,135,125.1,NA,Medicare and Medicaid,N,AMBD PROPERTY LLC,1996-11-01,CITADEL HEALTHCARE,147,13,3.6,3.7,1.9,3.3,N,NA,N,N,N,Resident,Yes,4,NA,4,NA,3,NA,5,NA,2,NA,2,NA,NA,NA,2.15364,0.67408,0.40457,1.07866,3.2323,2.94831,0.35215,0.04364,28.1,NA,27.3,NA,0,NA,1.84379,1.32486,3.0895,1.1398,0.9,5.1293,4.55037,1.61421,0.50524,0.30324,2.4227,2.20984,2024-09-11,11,7,4,64,1,0,64,2023-06-29,17,9,8,84,1,0,84,69,NA,0,0,0,0,"2313 NORTH ROCKTON AVENUE,ROCKFORD,IL,61103",42.2974,-89.097,NA,2026-06-01
145909,GREENVILLE NURSING & REHAB,400 EAST HILLVIEW AVENUE,GREENVILLE,IL,62246,6186641622,020,Bond,Y,For profit - Limited Liability company,90,57.4,NA,Medicare and Medicaid,N,"GREENVILLE NURSING & REHABILITATION CENTER, LLC",1996-10-11,WLC MANAGEMENT FIRM,570,18,2.7,3.8,1.4,1.4,N,NA,N,N,N,Resident,Yes,2,NA,4,NA,1,NA,3,NA,1,NA,1,NA,NA,NA,2.04547,0.68745,0.50889,1.19634,3.24181,3.00346,0.28741,0.01195,69.4,NA,64.3,NA,NA,26,1.2989,0.93333,2.17647,0.80295,0.63402,3.61344,3.20561,2.17629,0.73142,0.54143,3.44915,3.19555,2024-08-22,5,5,0,40,1,0,40,2023-09-11,8,6,2,60,1,0,60,45,NA,1,10874,0,1,"400 EAST HILLVIEW AVENUE,GREENVILLE,IL,62246",38.8761,-89.408,NA,2026-06-01
145910,Evercare of Calhoun,#1 MYRTLE LANE,HARDIN,IL,62047,6185762278,060,Calhoun,Y,For profit - Limited Liability company,80,64.8,NA,Medicare and Medicaid,N,Legal Business Name Not Available,1996-09-26,EVERCARE SKILLED NURSING,804,11,1.5,1.8,1.1,2.5,N,NA,N,N,N,Resident,Yes,3,NA,3,NA,4,NA,4,NA,3,NA,2,NA,NA,NA,1.55793,0.45954,0.63583,1.09536,2.65329,2.19227,0.43657,0.03866,44,NA,36.4,NA,0,NA,1.27488,0.91607,2.13622,0.7881,0.6223,3.54662,3.14632,1.6888,0.49814,0.68924,2.87618,2.37643,2024-07-19,7,4,3,72,1,0,72,2023-06-05,10,8,2,96,1,0,96,78,NA,1,25740,0,1,"#1 MYRTLE LANE,HARDIN,IL,62047",39.1585,-90.625,NA,2026-06-01
145911,GOLDWATER CARE GIBSON CITY,620 EAST FIRST STREET,GIBSON CITY,IL,60936,2177844257,350,Ford,Y,For profit - Corporation,60,53.9,NA,Medicare and Medicaid,N,GOLDWATER CARE GIBSON CITY LLC,1996-12-01,GOLDWATER CARE,699,11,1.6,2,1.2,2.6,N,NA,Y,N,N,Resident,Yes,1,NA,2,NA,2,NA,2,NA,1,NA,1,NA,NA,NA,2.43361,0.61987,0.4622,1.08207,3.51568,3.31986,0.26001,0.09759,47.7,NA,36.4,NA,0,NA,2.00055,1.4375,3.35217,1.2367,0.97652,5.56538,4.93724,1.68113,0.42821,0.31929,2.42862,2.2933500000000002,2025-03-28,9,2,7,56,1,0,56,2024-02-06,42,12,30,443,1,0,443,152.75,NA,5,84595,3,8,"620 EAST FIRST STREET,GIBSON CITY,IL,60936",40.4569,-88.368,NA,2026-06-01
145913,Aperion Care Burbank,5701 WEST 79TH STREET,BURBANK,IL,60459,7084995400,141,Cook,Y,For profit - Corporation,56,51.6,NA,Medicare and Medicaid,N,"EXCEPTIONAL CARE, LLC",1996-11-13,APERION CARE,38,33,2,2.1,1.6,3.5,N,NA,N,N,N,Resident,Yes,2,NA,3,NA,4,NA,5,NA,2,NA,1,NA,NA,NA,2.09508,0.4988,0.89237,1.39117,3.48625,3.2027,0.51588,0.08425,49.1,NA,57.1,NA,1,NA,2.00349,1.43961,3.3571,1.23852,0.97795,5.57357,4.9445,1.44515,0.34406,0.61554,2.40475,2.20916,2024-08-15,8,7,1,100,1,0,100,2023-10-25,13,5,11,156,1,0,156,114,NA,5,90114,2,7,"5701 WEST 79TH STREET,BURBANK,IL,60459",41.7488,-87.763,NA,2026-06-01
145914,Landmark at 95th Rehabilitation and Nursing Center,1010 WEST 95TH STREET,CHICAGO,IL,60643,7732981177,141,Cook,Y,For profit - Corporation,228,153.9,NA,Medicare and Medicaid,N,SOUTHPOINT NURSING AND REHABILITATION CENTER LLC,1996-10-29,INFINITY HEALTHCARE CONSULTING,763,70,2,2.2,1.4,3.7,N,NA,Y,N,N,None,Yes,1,NA,1,NA,3,NA,5,NA,1,NA,1,NA,NA,NA,1.77298,0.83586,0.21352,1.04937,2.82235,2.53938,0.16188,0.03519,45.2,NA,71.4,NA,0,NA,1.79597,1.2905,3.00937,1.11023,0.87665,4.99625,4.43234,1.36429,0.64318,0.1643,2.17176,1.95402,2025-07-24,29,12,17,256,1,0,256,2024-07-17,52,13,40,451,1,0,451,304.75,NA,5,416475,1,6,"1010 WEST 95TH STREET,CHICAGO,IL,60643",41.7214,-87.648,NA,2026-06-01
145917,FAIR OAKS HEALTH CARE CENTER,471 TERRA COTTA AVENUE,CRYSTAL LAKE,IL,60014,8154550550,640,Mc Henry,Y,Non profit - Corporation,51,40.4,NA,Medicare and Medicaid,N,WISCONSIN ILLINOIS SENIOR HOUSING INC,1996-12-19,"WISCONSIN ILLINOIS SENIOR HOUSING, INC.",569,7,1.9,1.9,3.4,3.4,N,NA,N,N,N,Resident,Yes,3,NA,3,NA,3,NA,3,NA,3,NA,4,NA,NA,NA,3.20263,0.40734,1.45605,1.86339,5.06602,4.25448,1.03157,0.09158,42.9,NA,57.1,NA,0,NA,1.49568,1.07473,2.5062,0.9246,0.73008,4.16088,3.69125,2.95915,0.37637,1.34536,4.68088,3.93104,2024-06-06,10,8,2,80,1,0,80,2023-05-10,16,9,7,72,1,0,72,78,NA,2,31230,1,3,"471 TERRA COTTA AVENUE,CRYSTAL LAKE,IL,60014",42.248,-88.339,NA,2026-06-01
145918,THE HAVEN OF BRIDGEPORT,900 EAST CORPORATION,BRIDGEPORT,IL,62417,6189452091,590,Lawrence,N,For profit - Corporation,99,63.6,NA,Medicare and Medicaid,N,HAVEN OF BRIDGEPORT LLC,1997-01-14,HAVEN HEALTHCARE,761,7,1.3,1.9,1,1.6,N,NA,N,N,N,None,Yes,2,NA,3,NA,2,NA,3,NA,1,NA,1,NA,NA,NA,1.69234,0.71566,0.46659,1.18225,2.87459,2.51424,0.32729,0.02683,56.3,NA,50,NA,0,NA,1.6889,1.21356,2.82996,1.04404,0.82439,4.69839,4.1681,1.38479,0.58561,0.38179,2.35219,2.05733,2024-05-31,11,5,6,72,1,0,72,2023-07-27,7,4,4,72,1,0,72,72,NA,0,0,0,0,"900 EAST CORPORATION,BRIDGEPORT,IL,62417",38.7109,-87.758,22,2026-06-01
145920,ALLURE OF PROPHETSTOWN,310 MOSHER DRIVE,PROPHETSTOWN,IL,61277,8155375175,988,Whiteside,N,For profit - Limited Liability company,70,55.8,NA,Medicare and Medicaid,N,"ALLURE OF PROPHETSTOWN, LLC",1997-03-01,ALLURE HEALTHCARE SERVICES,25,15,2.5,2.9,1.7,2.5,N,NA,Y,N,N,Resident,Yes,2,NA,2,NA,2,NA,2,NA,1,NA,2,NA,NA,NA,2.65746,0.62908,0.54457,1.17366,3.83112,3.57206,0.51217,0.03748,40.4,NA,33.3,NA,0,NA,1.91227,1.37407,3.20425,1.18213,0.93343,5.31981,4.71938,1.92051,0.45463,0.39356,2.7687,2.58148,2024-08-07,12,8,4,84,1,0,84,2023-09-01,18,10,8,244,1,0,244,124,NA,1,45133,0,1,"310 MOSHER DRIVE,PROPHETSTOWN,IL,61277",41.6781,-89.94,NA,2026-06-01
145921,HITZ MEMORIAL HOME,201 BELLE STREET,ALHAMBRA,IL,62001,6184882355,680,Madison,Y,Non profit - Corporation,59,42.9,NA,Medicare and Medicaid,N,HITZ MEMORIAL HOME,1997-03-01,NA,NA,NA,NA,NA,NA,NA,N,NA,Y,N,N,Resident,Yes,2,NA,2,NA,4,NA,4,NA,NA,2,4,NA,NA,NA,2.48927,0.80909,0.54814,1.35724,3.84651,3.45123,0.6552,0.02095,42.2,NA,40,NA,0,NA,1.16669,0.83833,1.95494,0.72123,0.56949,3.24565,2.87933,2.9486,0.95839,0.64929,4.55628,4.08806,2024-09-12,6,4,4,123,1,0,123,2023-08-25,8,4,4,60,1,0,60,107.25,NA,1,75965,0,1,"201 BELLE STREET,ALHAMBRA,IL,62001",38.8873,-89.732,NA,2026-06-01
145922,INTEGRITY HC OF COBDEN,430 SOUTH FRONT STREET,COBDEN,IL,62920,6188934214,981,Union,N,For profit - Corporation,74,66.3,NA,Medicare and Medicaid,N,"COBDEN REHABILITATION AND NURSING CENTER, LLC",1997-05-01,INTEGRITY HEALTHCARE COMMUNITIES,652,5,1.8,2.2,1.4,2.4,N,NA,N,N,N,Resident,Yes,4,NA,5,NA,4,NA,4,NA,NA,2,1,NA,NA,NA,1.44842,0.53564,0.38971,0.92535,2.37377,2.12688,0.33705,0.03067,36,NA,42.9,NA,0,NA,1.29066,0.92741,2.16266,0.79786,0.63,3.59052,3.18527,1.55089,0.57354,0.41728,2.54172,2.27736,2025-09-19,2,2,0,12,1,0,12,2024-11-15,0,0,0,0,0,0,0,9,NA,0,0,0,0,"430 SOUTH FRONT STREET,COBDEN,IL,62920",37.5259,-89.254,NA,2026-06-01
145923,WARREN BARR NORTH SHORE,2773 SKOKIE VALLEY ROAD,HIGHLAND PARK,IL,60035,8472669266,570,Lake,Y,For profit - Limited Liability company,215,149,NA,Medicare and Medicaid,N,WARREN BARR NORTH SHORE LLC,1997-03-10,LEGACY HEALTHCARE,306,89,2.9,2.9,2.6,3.4,N,NA,N,N,N,Resident,Yes,4,NA,4,NA,3,NA,4,NA,3,NA,2,NA,NA,NA,1.79241,0.7248,0.74214,1.46694,3.25935,3.20046,0.76707,0.06798,25.7,NA,20,NA,0,NA,1.89456,1.36134,3.17457,1.17118,0.92478,5.27053,4.67566,1.30746,0.5287,0.54135,2.37751,2.33456,2025-08-20,8,7,1,32,1,0,32,2024-10-09,16,7,9,144,1,0,144,60,NA,2,24397,0,2,"2773 SKOKIE VALLEY ROAD,HIGHLAND PARK,IL,60035",42.2067,-87.837,NA,2026-06-01
145927,PRAIRIE OASIS,16000 SOUTH WABASH,SOUTH HOLLAND,IL,60473,7083390600,141,Cook,Y,For profit - Individual,135,109.8,NA,Medicare and Medicaid,N,PRAIRIE OASIS LLC,1997-05-01,ICARE CONSULTING SERVICES,762,7,1,1.1,1.6,2.3,N,NA,Y,N,N,Resident,Yes,1,NA,1,NA,2,NA,3,NA,1,NA,2,NA,NA,NA,2.19896,0.69084,0.55442,1.24525,3.44421,2.86733,0.26999,0.01445,42,NA,42.9,NA,0,NA,1.72077,1.23646,2.88336,1.06374,0.83995,4.78705,4.24675,1.76601,0.55482,0.44526,2.7661,2.3028,2025-09-12,28,11,17,359,1,0,359,2024-10-24,30,8,23,260,1,0,260,334.25,NA,6,302164,2,8,"16000 SOUTH WABASH,SOUTH HOLLAND,IL,60473",41.6045,-87.615,NA,2026-06-01
145928,ARCADIA CARE JACKSONVILLE,1021 NORTH CHURCH STREET,JACKSONVILLE,IL,62650,2172454174,770,Morgan,N,For profit - Corporation,113,61,NA,Medicare and Medicaid,N,"ARCADIA CARE JACKSONVILLE, LLC",1997-04-15,ARCADIA CARE,42,22,1.5,1.8,1.3,3.1,N,NA,Y,N,N,Resident,Yes,1,NA,2,NA,2,NA,4,NA,1,NA,1,24,NA,NA,1.52709,0.85394,0.00699,0.86093,2.38802,2.26866,0,0.0089,59.3,NA,NA,27,NA,26,1.89436,1.3612,3.17424,1.17106,0.92468,5.26998,4.67518,1.11404,0.62297,0.0051,1.7421,1.65503,2024-11-25,14,13,1,116,2,58,174,2023-11-08,18,12,7,192,1,0,192,178.5,NA,3,84491,2,5,"1021 NORTH CHURCH STREET,JACKSONVILLE,IL,62650",39.7458,-90.234,NA,2026-06-01
145930,GOLDWATER PONTIAC NURSING HOME,1225 SOUTH EWING DRIVE,PONTIAC,IL,61764,8158445121,610,Livingston,N,For profit - Corporation,90,85.8,NA,Medicare and Medicaid,N,GOLDWATER PONTIAC NURSING HOME LLC,1997-08-01,GOLDWATER CARE,699,11,1.6,2,1.2,2.6,N,NA,N,Y,N,Resident,Yes,2,NA,3,NA,4,NA,4,NA,4,NA,1,NA,NA,NA,2.21627,0.64397,0.43313,1.07709,3.29337,2.97003,0.30072,0.00649,46.3,NA,16.7,NA,1,NA,1.82868,1.314,3.06418,1.13045,0.89262,5.08726,4.51308,1.67488,0.48666,0.32732,2.48887,2.24451,2024-05-16,14,11,3,84,1,0,84,2023-07-28,13,9,4,96,1,0,96,87,1,0,0,0,0,"1225 SOUTH EWING DRIVE,PONTIAC,IL,61764",40.8661,-88.676,NA,2026-06-01
145931,WARREN BARR LIEBERMAN,9700 GROSS POINT ROAD,SKOKIE,IL,60076,8476747120,141,Cook,Y,For profit - Limited Liability company,240,230.1,NA,Medicare and Medicaid,N,LIEBERMAN SKILLED NURSING FACILITY LLC,1997-07-01,LEGACY HEALTHCARE,306,89,2.9,2.9,2.6,3.4,N,NA,N,N,N,Resident,Yes,4,NA,4,NA,2,NA,3,NA,1,NA,2,NA,NA,NA,2.0581,0.60813,0.67165,1.27978,3.33788,3.31795,0.75134,0.05817,43,NA,29.4,NA,0,NA,1.7742,1.27486,2.97289,1.09677,0.86603,4.9357,4.37862,1.60311,0.47369,0.52317,2.59997,2.58444,2025-05-09,6,6,1,36,1,0,36,2024-03-28,4,2,2,32,1,0,32,35,NA,0,0,0,0,"9700 GROSS POINT ROAD,SKOKIE,IL,60076",42.0568,-87.738,NA,2026-06-01
145932,CITADEL CARE CENTER-WILMETTE,432 POPLAR DRIVE,WILMETTE,IL,60091,8472165000,141,Cook,Y,For profit - Limited Liability company,80,59.1,NA,Medicare and Medicaid,N,CITADEL CARE CENTER-WILMETTE LLC,1997-04-15,CITADEL HEALTHCARE,147,13,3.6,3.7,1.9,3.3,N,NA,N,N,N,Resident,Yes,5,NA,5,NA,5,NA,5,NA,5,NA,2,NA,NA,NA,2.1264,0.7849,0.72903,1.51393,3.64033,3.22977,0.58551,0.06645,33.9,NA,41.7,NA,0,NA,1.79358,1.28878,3.00536,1.10875,0.87549,4.98961,4.42645,1.63842,0.60477,0.56173,2.80492,2.48857,2026-04-09,1,1,0,4,1,0,4,2025-02-20,3,1,2,12,1,0,12,6,NA,0,0,0,0,"432 POPLAR DRIVE,WILMETTE,IL,60091",42.0728,-87.705,NA,2026-06-01
145933,APOSTOLIC CHRISTIAN SKYLINES,7023 NORTH EAST SKYLINE DRIVE,PEORIA,IL,61614,3096918091,800,Peoria,Y,Non profit - Church related,62,61.4,NA,Medicare and Medicaid,N,APOSTOLIC CHRISTIAN HOME,1997-05-01,NA,NA,NA,NA,NA,NA,NA,Y,NA,N,N,N,Resident,Yes,5,NA,5,NA,4,NA,5,NA,3,NA,5,NA,NA,NA,3.26912,0.64923,0.84728,1.49651,4.76563,4.22499,0.53139,0.01208,34,NA,16.7,NA,0,NA,1.30866,0.94034,2.19282,0.80898,0.63879,3.64059,3.22969,3.45227,0.68561,0.89475,5.03263,4.4617000000000004,2024-10-10,4,4,0,20,1,0,20,2023-07-20,3,1,2,28,1,0,28,22,NA,0,0,0,0,"7023 NORTH EAST SKYLINE DRIVE,PEORIA,IL,61614",40.7448,-89.598,NA,2026-06-01
145935,The Citadel at Saint Joseph Village,659 EAST JEFFERSON STREET,FREEPORT,IL,61032,8152326181,970,Stephenson,N,Non profit - Corporation,124,76.7,NA,Medicare and Medicaid,N,Legal Business Name Not Available,1997-03-14,ASCENSION LIVING,48,16,2.9,2.6,3.4,3.6,N,NA,N,N,N,Resident,Yes,1,NA,2,NA,4,NA,4,NA,4,NA,1,NA,NA,NA,2.13082,1.00411,0.51678,1.52089,3.65171,3.09645,0.23472,0.03743,60.8,NA,68.8,NA,NA,26,1.42792,1.02604,2.39266,0.88271,0.697,3.97238,3.52403,2.06225,0.9718,0.50015,3.5342,2.99681,2024-12-11,17,7,10,116,1,0,116,2024-02-08,23,8,16,176,2,88,264,153,NA,6,125824,1,7,"659 EAST JEFFERSON STREET,FREEPORT,IL,61032",42.2856,-89.607,NA,2026-06-01
145936,ALIYA OF HIGHWOOD,50 PLEASANT AVENUE,HIGHWOOD,IL,60040,8474329142,570,Lake,Y,For profit - Limited Liability company,104,97,NA,Medicare and Medicaid,N,ALIYA OF HIGHWOOD LLC,1997-07-01,ALIYA HEALTHCARE,663,12,2.6,2.5,1.4,4.3,N,NA,N,N,N,Resident,Yes,4,NA,4,NA,4,NA,5,NA,3,NA,2,NA,NA,NA,1.93808,0.52104,0.64902,1.17007,3.10815,2.99657,0.73913,0.07909,28.8,NA,28.6,NA,0,NA,2.05582,1.47721,3.44478,1.27086,1.00349,5.71914,5.07364,1.30283,0.35026,0.43629,2.08938,2.01437,2026-01-14,12,11,1,68,1,0,68,2024-11-14,15,7,8,80,1,0,80,71,NA,0,0,0,0,"50 PLEASANT AVENUE,HIGHWOOD,IL,60040",42.1973,-87.814,NA,2026-06-01
145937,FOREST CITY REHAB & NRSG CTR,321 ARNOLD AVENUE,ROCKFORD,IL,61108,8153975531,991,Winnebago,Y,For profit - Limited Liability company,213,163.8,NA,Medicare and Medicaid,N,FOREST CITY REHAB AND NURSING CENTER LLC,1997-07-01,SABA HEALTHCARE,777,11,1.8,1.6,1.5,3.1,N,NA,N,N,N,Resident,Yes,1,NA,1,NA,1,20,1,20,NA,20,2,NA,NA,NA,1.5157,0.50421,0.46644,0.97065,2.48635,2.00176,0.34091,0.03418,43.8,NA,23.8,NA,0,NA,1.68562,1.21121,2.82447,1.04202,0.82279,4.68928,4.16002,1.24266,0.41338,0.38241000000000003,2.03845,1.64116,2025-11-19,22,13,15,132,1,0,132,2024-10-24,33,10,24,481,2,241,722,279.5,NA,4,192920,1,5,"321 ARNOLD AVENUE,ROCKFORD,IL,61108",42.2636,-89.008,NA,2026-06-01
145938,Landmark of Hyde Park Rehabilitation and Nursing C,6125 SOUTH KENWOOD,CHICAGO,IL,60637,7737526000,141,Cook,Y,For profit - Individual,318,277.2,NA,Medicare and Medicaid,N,PARKSHORE ESTATES NURSING AND REHABILIATION CENTER LLC,1997-08-01,INFINITY HEALTHCARE CONSULTING,763,70,2,2.2,1.4,3.7,N,NA,Y,N,N,None,Yes,1,NA,2,NA,2,NA,4,NA,1,NA,1,NA,NA,NA,1.20834,0.56472,0.31404,0.87876,2.0871,1.77391,0.23415,0.01979,37.6,NA,50,NA,NA,26,1.50409,1.08077,2.5203,0.9298,0.73418,4.18428,3.71202,1.11023,0.51887,0.28854,1.91765,1.62988,2025-01-31,21,11,10,164,1,0,164,2024-03-20,36,12,24,292,1,0,292,196,NA,4,128029,1,5,"6125 SOUTH KENWOOD,CHICAGO,IL,60637",41.7838,-87.593,NA,2026-06-01
145939,PAVILION OF SOUTH SHORE,7750 SOUTH SHORE DRIVE,CHICAGO,IL,60649,7737314200,141,Cook,Y,For profit - Corporation,118,112.5,NA,Medicare and Medicaid,N,PAVILION OF SOUTH SHORE LLC,1997-07-01,PAVILION HEALTHCARE,612,5,2.4,2.6,1.8,3.8,N,NA,N,N,N,Resident,Yes,2,NA,2,NA,5,NA,5,NA,NA,2,1,NA,NA,NA,1.98303,0.7274,0.50964,1.23704,3.22007,2.87057,0.3716,0.01359,24.7,NA,40,NA,2,NA,1.76068,1.26514,2.95024,1.08842,0.85943,4.89809,4.34526,1.5565,0.57094,0.40002,2.52746,2.25314,2025-02-07,13,12,1,80,1,0,80,2024-04-19,26,13,13,259,1,0,259,124.75,NA,3,105248,0,3,"7750 SOUTH SHORE DRIVE,CHICAGO,IL,60649",41.7938,-87.58,NA,2026-06-01
145942,Landmark of Oak Lawn Rehabilitation and Nursing Ce,9525 SOUTH MAYFIELD,OAK LAWN,IL,60453,7086367000,141,Cook,Y,For profit - Limited Liability company,143,80.4,NA,Medicare and Medicaid,N,OAK LAWN RESPIRATORY AND REHABILITATION CENTER LLC,1997-07-16,INFINITY HEALTHCARE CONSULTING,763,70,2,2.2,1.4,3.7,N,NA,N,N,N,Resident,Yes,1,NA,2,NA,2,NA,4,NA,1,NA,1,NA,NA,NA,1.86002,0.49392,0.60038,1.09429,2.95432,2.6991,0.56232,0.01322,69.6,NA,77.3,NA,1,NA,2.00376,1.43981,3.35755,1.23868,0.97808,5.57431,4.9451599999999996,1.28284,0.34065,0.41408,2.03756,1.86154,2024-12-19,14,2,12,72,1,0,72,2023-09-22,31,8,23,481,1,0,481,174.25,NA,5,308189,1,6,"9525 SOUTH MAYFIELD,OAK LAWN,IL,60453",41.7185,-87.768,NA,2026-06-01
145944,AVANTARA AURORA,400 WEST SULLIVAN ROAD,AURORA,IL,60506,6308593700,530,Kane,Y,For profit - Corporation,87,73.4,NA,Medicare and Medicaid,N,AURORA SKILLED NURSING FACILITY LLC,1997-10-16,LEGACY HEALTHCARE,306,89,2.9,2.9,2.6,3.4,N,NA,N,N,N,Resident,Yes,4,NA,4,NA,4,NA,5,NA,3,NA,3,NA,NA,NA,2.08746,0.3352,1.18586,1.52106,3.60852,3.51676,1.14471,0.06397,56.2,NA,18.8,NA,0,NA,1.74038,1.25055,2.91622,1.07586,0.84952,4.8416,4.29515,1.65758,0.26617,0.94165,2.86541,2.79254,2025-03-14,7,7,0,48,1,0,48,2024-04-11,5,5,0,48,1,0,48,48,NA,0,0,0,0,"400 WEST SULLIVAN ROAD,AURORA,IL,60506",41.7888,-88.325,NA,2026-06-01
145945,IMBODEN CREEK SENIOR LIVING,180 WEST IMBODEN,DECATUR,IL,62521,2174226464,660,Macon,Y,For profit - Limited Liability company,95,74,NA,Medicare and Medicaid,N,IMBODEN CREEK SENIOR LIVING & REHABILITATION LLC,1997-10-01,WLC MANAGEMENT FIRM,570,18,2.7,3.8,1.4,1.4,N,NA,N,N,N,Resident,Yes,1,NA,1,NA,1,NA,2,NA,1,NA,1,24,NA,NA,1.95368,0.8058,0.15507,0.96088,2.91455,2.73261,0.05242,0.03694,45.2,NA,100,NA,NA,26,1.35404,0.97295,2.26887,0.83704,0.66094,3.76685,3.3417,1.99398,0.82242,0.15827,2.97467,2.78898,2024-11-20,25,7,18,247,1,0,247,2023-08-23,40,18,22,312,2,156,468,302.25,NA,5,379323,3,8,"180 WEST IMBODEN,DECATUR,IL,62521",39.815,-88.956,NA,2026-06-01
145946,"PEARL OF HILLSIDE,THE",4600 NORTH FRONTAGE ROAD,HILLSIDE,IL,60162,7085449933,141,Cook,Y,For profit - Limited Liability company,198,164.9,NA,Medicare and Medicaid,N,PEARL OF HILLSIDE LLC,1997-10-14,PEARL HEALTHCARE,595,15,2.6,2.7,2.1,3.6,N,NA,N,N,N,Resident,Yes,1,NA,2,NA,4,NA,5,NA,2,NA,1,NA,NA,NA,1.90743,0.76674,0.45084,1.21758,3.12501,2.77447,0.39787,0.0367,41.2,NA,57.1,NA,0,NA,1.69933,1.22106,2.84743,1.05049,0.82948,4.7274,4.19384,1.55121,0.62355,0.36664,2.54141,2.25634,2025-03-28,20,11,9,132,1,0,132,2024-01-26,20,9,11,176,1,0,176,143,NA,3,131810,0,3,"4600 NORTH FRONTAGE ROAD,HILLSIDE,IL,60162",41.8726,-87.896,NA,2026-06-01
145947,APERION CARE MIDLOTHIAN,3249 WEST 147TH STREET,MIDLOTHIAN,IL,60445,7083893141,141,Cook,Y,For profit - Individual,91,81.5,NA,Medicare and Medicaid,N,"PLAZA NURSING & REHAB CENTER, LLC",1997-12-01,APERION CARE,38,33,2,2.1,1.6,3.5,N,NA,N,N,N,Resident,Yes,2,NA,3,NA,3,NA,4,NA,2,NA,1,NA,NA,NA,1.8934,0.44609,0.59815,1.04424,2.93763,2.72567,0.46701,0.01635,59,NA,71.4,NA,0,NA,1.67489,1.2035,2.80648,1.03538,0.81755,4.65942,4.13353,1.56227,0.36808,0.49354,2.42388,2.24899,2025-07-24,18,17,1,124,1,0,124,2024-09-06,9,3,6,80,1,0,80,113,NA,1,19565,0,1,"3249 WEST 147TH STREET,MIDLOTHIAN,IL,60445",41.6259,-87.701,NA,2026-06-01
145948,THE HAVEN OF BEMENT.,601 NORTH MORGAN,BEMENT,IL,61813,2176782191,820,Piatt,Y,For profit - Limited Liability company,60,39.8,NA,Medicare and Medicaid,N,HAVEN OF BEMENT LLC,1997-12-15,HAVEN HEALTHCARE,761,7,1.3,1.9,1,1.6,N,NA,Y,N,N,Resident,Yes,1,NA,1,NA,1,NA,1,NA,NA,2,1,NA,NA,NA,1.83532,0.62947,0.65996,1.28943,3.12475,2.66546,0.41496,0.01031,66.7,NA,70,NA,0,NA,1.73822,1.249,2.91261,1.07453,0.84847,4.83561,4.28983,1.45917,0.50046,0.5247,2.48433,2.11918,2026-03-13,20,11,15,220,2,110,330,2024-12-12,24,15,10,208,2,104,312,325.5,NA,2,71790,2,4,"601 NORTH MORGAN,BEMENT,IL,61813",39.9263,-88.575,NA,2026-06-01
145949,HILLCREST HOME,14688 ILLINOIS HIGHWAY 82,GENESEO,IL,61254,3099442147,450,Henry,Y,Government - City/county,99,49.1,NA,Medicare and Medicaid,N,HILLCREST HOME,1998-02-01,NA,NA,NA,NA,NA,NA,NA,N,NA,N,N,N,Resident,Yes,4,NA,4,NA,4,NA,4,NA,NA,2,2,NA,NA,NA,1.98884,0.90209,0.60829,1.51038,3.49922,2.85345,0.41967,0.00742,98.3,NA,100,NA,NA,26,1.18298,0.85003,1.98223,0.73129,0.57744,3.29097,2.91953,2.32339,1.05383,0.71061,4.08783,3.33344,2025-05-23,7,7,0,56,1,0,56,2024-05-31,9,5,4,80,1,0,80,62,NA,0,0,0,0,"14688 ILLINOIS HIGHWAY 82,GENESEO,IL,61254",41.4576,-90.163,22,2026-06-01
145950,Generations at Rock Island,2545 24TH STREET,ROCK ISLAND,IL,61201,3097880458,890,Rock Island,Y,For profit - Limited Liability company,177,71.2,NA,Medicare and Medicaid,N,"GENERATIONS AT ROCK ISLAND, LLC",1997-06-19,GENERATIONS HEALTHCARE NETWORK,870,6,2.7,2.3,1.7,3.2,N,NA,Y,N,N,Resident,Yes,2,NA,1,NA,5,NA,5,NA,3,NA,1,NA,NA,NA,2.36899,0.76237,0.358,1.12036,3.48935,3.00574,0.21963,0,55.6,NA,69.2,NA,1,NA,1.82763,1.31325,3.06242,1.1298,0.89211,5.08433,4.51048,1.79133,0.57647,0.2707,2.6385,2.27282,2024-08-30,19,8,11,300,1,0,300,2023-07-13,9,5,4,40,1,0,40,235,NA,3,105810,1,4,"2545 24TH STREET,ROCK ISLAND,IL,61201",41.4845,-90.567,NA,2026-06-01
145952,BEARDSTOWN HEALTH & REHAB CTR,8306 ST LUKES DRIVE,BEARDSTOWN,IL,62618,2173234055,080,Cass,N,For profit - Limited Liability company,79,67.4,NA,Medicare and Medicaid,N,BEARDSTOWN HEALTH AND REHAB CENTER LLC,1997-11-25,SUMMIT HEALTHCARE CONSULTING,796,9,2.6,3.2,1.3,3.2,N,NA,N,Y,N,Resident,Yes,4,NA,5,NA,4,NA,4,NA,3,NA,1,NA,NA,NA,2.12571,0.89627,0.22002,1.11629,3.242,2.95924,0.13914,0.01326,41,NA,50,NA,0,NA,1.50653,1.08252,2.52437,0.9313,0.73537,4.19105,3.71802,1.94996,0.82217,0.20183,2.97397,2.71458,2024-05-08,4,3,1,20,1,0,20,2023-05-18,2,2,0,24,1,0,24,21,NA,0,0,1,1,"8306 ST LUKES DRIVE,BEARDSTOWN,IL,62618",40,-90.426,NA,2026-06-01
145953,PRAIRIEVIEW LUTHERAN HOME,403 NORTH FOURTH STREET,DANFORTH,IL,60930,8152692970,460,Iroquois,N,Non profit - Corporation,90,86.7,NA,Medicare and Medicaid,N,LUTHERAN HOME FOR AGED DEVELOPMENT CORPORATION,1998-02-01,NA,NA,NA,NA,NA,NA,NA,N,NA,N,N,N,Resident,Yes,4,NA,2,NA,5,NA,2,NA,5,NA,5,NA,NA,NA,3.29133,0.72424,0.74991,1.47414,4.76548,4.3779,0.56827,0.06461,33.6,NA,31.3,NA,0,NA,1.25644,0.90282,2.10532,0.7767,0.6133,3.49532,3.10081,3.62018,0.7966,0.82483,5.24162,4.81532,2024-11-15,11,3,8,171,1,0,171,2023-09-29,12,2,10,80,1,0,80,148.25,NA,1,8372,3,4,"403 NORTH FOURTH STREET,DANFORTH,IL,60930",40.8241,-87.982,NA,2026-06-01
145956,CITADEL AT CASA SCALABRINI,480 NORTH WOLF ROAD,NORTHLAKE,IL,60164,7085620040,141,Cook,Y,For profit - Individual,229,180.2,NA,Medicare and Medicaid,N,CITADEL AT CASA SCALABRINI LLC,1998-01-19,CITADEL HEALTHCARE,147,13,3.6,3.7,1.9,3.3,N,NA,N,N,N,Resident,Yes,3,NA,3,NA,4,NA,5,NA,3,NA,2,NA,NA,NA,2.09617,0.4726,0.99793,1.47053,3.5667,3.30784,0.87281,0.05213,46.6,NA,29.5,NA,0,NA,1.76209,1.26615,2.9526,1.08929,0.86012,4.902,4.34873,1.64398,0.37065,0.78266,2.79729,2.59427,2025-03-21,8,8,0,84,1,0,84,2024-01-05,6,5,1,40,1,0,40,73,NA,0,0,0,0,"480 NORTH WOLF ROAD,NORTHLAKE,IL,60164",41.9173,-87.904,NA,2026-06-01
145958,BETHANY REHAB & HCC,3298 RESOURCE PARKWAY,DEKALB,IL,60115,8157565526,170,De Kalb,Y,For profit - Corporation,90,70.4,NA,Medicare and Medicaid,N,BETHANY HEALTH LLC,1998-01-28,TUTERA SENIOR LIVING & HEALTH CARE,531,26,2.1,2.2,1.8,3,N,NA,N,N,N,Resident,Yes,1,NA,1,NA,2,NA,2,NA,3,NA,1,NA,NA,NA,2.04905,0.55876,0.87264,1.4314,3.48045,2.97648,0.71285,0.07331,76.3,NA,80,NA,NA,26,1.49598,1.07494,2.50671,0.92479,0.73023,4.16172,3.69201,1.89289,0.51617,0.80614,3.2152,2.74964,2024-07-24,26,10,16,200,1,0,200,2023-06-29,34,8,26,567,1,0,567,291.75,NA,7,406812,2,9,"3298 RESOURCE PARKWAY,DEKALB,IL,60115",41.9672,-88.726,NA,2026-06-01
145960,ASCENSION RESURRECTION LIFE,7370 WEST TALCOTT AVENUE,CHICAGO,IL,60631,7735947400,141,Cook,Y,Non profit - Corporation,162,111.1,NA,Medicare and Medicaid,N,PRESENCE SENIOR SERVICES CHICAGOLAND,1998-03-26,ASCENSION LIVING,48,16,2.9,2.6,3.4,3.6,N,NA,N,N,N,Resident,Yes,3,NA,3,NA,3,NA,2,NA,3,NA,4,NA,NA,NA,2.63796,0.27899,1.78855,2.06754,4.7055,4.28729,1.29505,0.16663,59.1,NA,57.4,NA,1,NA,1.35502,0.97365,2.2705,0.83764,0.66142,3.76956,3.34411,2.69043,0.28454,1.82413,4.79911,4.37257,2026-01-16,13,8,8,68,1,0,68,2024-10-04,21,12,9,164,1,0,164,92,NA,0,0,1,1,"7370 WEST TALCOTT AVENUE,CHICAGO,IL,60631",41.9879,-87.811,NA,2026-06-01
145963,ALDEN ESTATES OF ORLAND PARK,16450 SOUTH 97TH AVENUE,ORLAND PARK,IL,60467,7084036500,141,Cook,Y,For profit - Corporation,200,171.5,NA,Medicare and Medicaid,N,"ALDEN-ORLAND PARK REHABILITATION AND HEALTH CARE CENTER, INC.",1998-03-24,THE ALDEN NETWORK,504,27,2.5,3,1.3,3.8,N,NA,N,N,N,None,Yes,1,NA,2,NA,4,NA,5,NA,3,NA,1,NA,NA,NA,2.10058,0.77184,0.69468,1.46652,3.5671,3.18405,0.53716,0.03542,NA,26,NA,26,NA,26,1.78494,1.28257,2.99088,1.10341,0.87127,4.96556,4.40512,1.62636,0.59759,0.53785,2.7618,2.46523,2024-10-04,19,12,7,176,1,0,176,2023-11-09,23,12,13,219,1,0,219,186.75,NA,2,30160,2,4,"16450 SOUTH 97TH AVENUE,ORLAND PARK,IL,60467",41.5927,-87.855,NA,2026-06-01
145964,MCLEANSBORO REHAB & HLTH C CTR,405 WEST CARPENTER,MCLEANSBORO,IL,62859,6186433728,410,Hamilton,N,For profit - Individual,43,NA,10,Medicare and Medicaid,N,"MCLEANSBORO HCO, LLC",1998-06-28,PETERSEN HEALTH CARE,399,12,1.8,2.4,1.2,2.2,N,NA,N,N,N,Resident,Yes,3,NA,4,NA,NA,2,NA,2,NA,2,1,23,23,23,NA,NA,NA,NA,NA,NA,NA,NA,NA,26,NA,26,NA,26,NA,NA,NA,NA,NA,NA,NA,NA,NA,NA,NA,NA,2024-06-07,3,3,0,24,1,0,24,2023-05-04,8,2,6,100,3,70,170,60.5,NA,1,45123,1,2,"405 WEST CARPENTER,MCLEANSBORO,IL,62859",38.0985,-88.54,NA,2026-06-01
145965,LOFT REHAB OF DECATUR,500 WEST MCKINLEY AVENUE,DECATUR,IL,62526,2178750020,660,Macon,Y,For profit - Corporation,150,89.8,NA,Medicare and Medicaid,N,LOFT REHABILITATION OF DECATUR LLC,1998-07-15,THE LOFT REHABILITATION AND NURSING,322,7,1.9,2,1.1,3,N,NA,Y,N,N,Resident,Yes,1,NA,1,NA,1,NA,2,NA,1,NA,1,NA,NA,NA,2.13585,0.89519,0.40581,1.30099,3.43684,3.20717,0.35923,0.04469,57.3,NA,54.5,NA,3,NA,1.94932,1.40069,3.26633,1.20503,0.95151,5.42286,4.81081,1.51421,0.63464,0.2877,2.43655,2.27373,2025-03-07,34,23,13,375,1,0,375,2024-04-24,45,20,25,375,1,0,375,375,NA,3,206314,2,5,"500 WEST MCKINLEY AVENUE,DECATUR,IL,62526",39.8694,-88.961,NA,2026-06-01
145967,ELEVATE CARE COUNTRY CLUB HILL,18200 SOUTH CICERO AVENUE,COUNTRY CLUB HILLS,IL,60478,7087982272,141,Cook,Y,For profit - Corporation,200,152.3,NA,Medicare and Medicaid,N,ELEVATE CARE COUNTRY CLUB HILLS LLC,1998-07-01,ELEVATE CARE,197,13,2.3,2.4,2.2,3.8,N,NA,N,Y,N,Resident,Yes,2,NA,2,NA,4,NA,5,NA,2,NA,2,NA,NA,NA,1.90953,0.76609,0.66441,1.4305,3.34002,2.97651,0.51347,0.01556,46.7,NA,26.1,NA,0,NA,1.94762,1.39946,3.26347,1.20398,0.95068,5.41813,4.8066,1.35495,0.54359,0.47145,2.36999,2.11205,2024-01-16,8,2,6,68,1,0,68,2023-01-27,38,14,24,372,1,0,372,144,NA,7,436375,2,9,"18200 SOUTH CICERO AVENUE,COUNTRY CLUB HILLS,IL,60478",41.5579,-87.733,NA,2026-06-01
145968,ARCADIA CARE KEWANEE,144 JUNIOR AVENUE,KEWANEE,IL,61443,3098534429,450,Henry,Y,For profit - Corporation,84,50.9,NA,Medicare and Medicaid,N,ARCADIA CARE KEWANEE LLC,1998-06-05,ARCADIA CARE,42,22,1.5,1.8,1.3,3.1,N,NA,N,N,N,Resident,Yes,1,NA,2,NA,4,NA,3,NA,4,NA,1,24,NA,NA,1.99599,1.02436,0.18485,1.20921,3.2052,2.95983,0.17757,0.01499,NA,26,NA,26,1,NA,1.98009,1.4228,3.31789,1.22405,0.96653,5.50847,4.88675,1.39307,0.71494,0.12901,2.23702,2.06576,2026-01-06,14,12,5,112,2,56,168,2025-03-20,23,4,19,271,1,0,271,193.75,1,1,201299,3,4,"144 JUNIOR AVENUE,KEWANEE,IL,61443",41.2332,-89.944,NA,2026-06-01
145969,APERION CARE FOREST PARK,8200 WEST ROOSEVELT ROAD,FOREST PARK,IL,60130,7084889850,141,Cook,Y,For profit - Corporation,232,200.7,NA,Medicare and Medicaid,N,"BERKSHIRE NURSING & REHAB CENTER, LLC",1998-06-19,APERION CARE,38,33,2,2.1,1.6,3.5,N,NA,Y,N,N,Resident,Yes,1,NA,1,NA,3,NA,4,NA,2,NA,1,NA,NA,NA,1.7469,0.80948,0.66746,1.47694,3.22383,2.70157,0.4544,0.03822,45.2,NA,50,NA,2,NA,1.91424,1.37548,3.20755,1.18334,0.93439,5.32528,4.72424,1.26116,0.5844,0.48187,2.32743,1.95038,2025-01-17,19,11,10,136,1,0,136,2023-11-17,48,8,41,721,1,0,721,282.25,NA,6,387772,2,8,"8200 WEST ROOSEVELT ROAD,FOREST PARK,IL,60130",41.8646,-87.824,NA,2026-06-01
145970,ELEVATE CARE WINDSOR PARK,2649 EAST 75TH ST,CHICAGO,IL,60649,7733569300,141,Cook,Y,For profit - Limited Liability company,240,196.8,NA,Medicare and Medicaid,N,ELEVATE CARE WINDSOR PARK LLC,1998-06-16,ELEVATE CARE,197,13,2.3,2.4,2.2,3.8,N,NA,N,N,N,Resident,Yes,1,NA,1,NA,3,NA,5,NA,2,NA,1,NA,NA,NA,1.70681,0.89563,0.33269,1.22832,2.93513,2.49727,0.20013,0.02603,43,NA,59.1,NA,1,NA,1.68562,1.2112,2.82446,1.04201,0.82279,4.68926,4.16001,1.39935,0.73429,0.27276,2.4064,2.04742,2025-03-06,22,14,8,252,1,0,252,2024-01-19,36,16,21,316,1,0,316,268,NA,4,84764,0,4,"2649 EAST 75TH ST,CHICAGO,IL,60649",41.7594,-87.56,NA,2026-06-01
145971,NORTHBROOK HEALTH AND REHAB,4101 LAKE COOK ROAD,NORTHBROOK,IL,60062,8475621770,141,Cook,Y,For profit - Limited Liability company,147,107,NA,Medicare and Medicaid,N,"NORTHBROOK HEALTH AND REHAB, LLC",1998-08-18,NA,NA,NA,NA,NA,NA,NA,N,NA,N,N,N,Resident,Yes,5,NA,5,NA,3,NA,5,NA,1,NA,2,NA,NA,NA,1.95128,0.49074,0.67916,1.1699,3.12119,2.54463,0.37502,0.05387,41.4,NA,31.3,NA,0,NA,1.7286300000000001,1.24211,2.89653,1.0686,0.84378,4.80892,4.26615,1.55998,0.39233,0.54296,2.49527,2.03434,2025-06-26,0,0,0,0,0,0,0,2024-03-29,9,7,2,52,1,0,52,13,NA,1,10059,0,1,"4101 LAKE COOK ROAD,NORTHBROOK,IL,60062",42.1525,-87.812,NA,2026-06-01
145974,NORWOOD CROSSING,6016 NORTH NINA AVENUE,CHICAGO,IL,60631,7736314856,141,Cook,Y,Non profit - Corporation,131,103.2,NA,Medicare and Medicaid,N,NORWOOD CROSSING ASSOCIATION,1998-09-15,NA,NA,NA,NA,NA,NA,NA,N,NA,N,N,N,Resident,Yes,3,NA,3,NA,3,NA,2,NA,3,NA,4,NA,NA,NA,2.85905,0.14077,1.52922,1.67,4.52905,4.06926,1.36408,0.03229,47.3,NA,37,NA,1,NA,1.43584,1.03173,2.40594,0.88761,0.70087,3.99442,3.54358,2.75178,0.13549,1.47185,4.35913,3.91658,2025-07-25,8,7,1,60,1,0,60,2024-06-14,16,10,6,164,1,0,164,86,NA,3,63348,2,5,"6016 NORTH NINA AVENUE,CHICAGO,IL,60631",41.9904,-87.8,NA,2026-06-01
145977,SOUTH SHORE REHABILITATION,2425 EAST 71ST STREET,CHICAGO,IL,60649,7737215000,141,Cook,Y,For profit - Limited Liability company,248,186.4,NA,Medicare and Medicaid,N,71ST AND EXCHANGE OPCO LLC,1998-11-12,EXTENDED CARE CLINICAL,738,9,2.3,2.6,1.2,3.9,N,NA,N,N,N,Both,Yes,1,NA,1,NA,4,NA,5,NA,2,NA,1,NA,NA,NA,1.97862,0.77137,0.39927,1.17063,3.14925,2.79796,0.29135,0.02691,45.5,NA,52.9,NA,0,NA,1.67426,1.20305,2.80544,1.035,0.81725,4.65769,4.13199,1.63319,0.6367,0.32956,2.59946,2.30949,2025-08-07,12,11,1,159,1,0,159,2024-07-26,32,17,17,406,1,0,406,220.75,NA,5,478448,1,6,"2425 EAST 71ST STREET,CHICAGO,IL,60649",41.7663,-87.566,NA,2026-06-01
145978,AXIOM HEALTHCARE OF HARRISBURG,1000 WEST SLOAN STREET,HARRISBURG,IL,62946,6182520351,910,Saline,N,For profit - Corporation,68,33.9,NA,Medicare and Medicaid,N,AXIOM HEALTHCARE OF HARRISBURG LLC,1999-06-01,AXIOM HEALTHCARE,746,7,1.4,2,1.3,1.4,N,NA,Y,N,N,Resident,Yes,1,NA,2,NA,1,NA,1,NA,1,NA,1,24,NA,NA,2.24015,1.13103,0.28111,1.41214,3.65229,2.91797,0.21232,0.02023,60.7,NA,NA,27,1,NA,1.93581,1.39098,3.2437,1.19668,0.94492,5.3853,4.77748,1.59924,0.80744,0.20068,2.60736,2.08313,2025-03-20,9,4,5,100,2,50,150,2024-03-28,13,3,10,160,1,0,160,152.5,NA,1,92920,2,3,"1000 WEST SLOAN STREET,HARRISBURG,IL,62946",37.7315,-88.556,NA,2026-06-01
145979,GIBSON COMMUNITY HSP ANNEX,430 EAST 19TH,GIBSON CITY,IL,60936,2177842566,350,Ford,Y,Non profit - Corporation,16,11.9,NA,Medicare and Medicaid,N,GIBSON COMMUNITY HOSPITAL ASSOCIATION,1999-05-19,NA,NA,NA,NA,NA,NA,NA,N,NA,N,N,N,Resident,Yes,5,NA,5,NA,4,NA,4,NA,NA,2,5,NA,NA,NA,2.86926,1.08477,0.83206,1.91683,4.78609,4.35097,0.51799,0.00503,40,NA,20,NA,0,NA,1.22606,0.88099,2.05441,0.75792,0.59847,3.4108,3.02584,3.23414,1.22272,0.93787,5.39473,4.90428,2025-12-10,0,0,0,0,0,0,0,2024-03-13,7,7,0,60,1,0,60,15,NA,1,20046,0,1,"430 EAST 19TH,GIBSON CITY,IL,60936",40.4788,-88.37,NA,2026-06-01
145980,"PEARL OF ST CHARLES, THE",850 DUNHAM RD,ST CHARLES,IL,60174,6304434400,530,Kane,Y,For profit - Limited Liability company,109,90.3,NA,Medicare and Medicaid,N,"PEARL OF ST. CHARLES, LLC",1999-06-30,PEARL HEALTHCARE,595,15,2.6,2.7,2.1,3.6,N,NA,N,N,N,Resident,Yes,1,NA,2,NA,3,NA,2,NA,4,NA,1,NA,NA,NA,1.82368,0.6785,0.69418,1.37268,3.19636,2.87281,0.54347,0.0623,65.5,NA,75,NA,1,NA,1.69246,1.21612,2.83593,1.04624,0.82613,4.7083,4.1769,1.48912,0.55403,0.56683,2.60998,2.34578,2025-02-27,14,12,2,96,1,0,96,2024-03-14,27,11,16,230,1,0,230,129.5,NA,3,41294,0,3,"850 DUNHAM RD,ST CHARLES,IL,60174",41.9267,-88.284,NA,2026-06-01
145981,EVERCARE OF SWANSEA,1405 NORTH SECOND STREET,SWANSEA,IL,62226,6182336625,900,St. Clair,Y,For profit - Individual,94,58.3,NA,Medicare and Medicaid,N,EVERCARE OF SWANSEA LLC,1999-04-26,EVERCARE SKILLED NURSING,804,11,1.5,1.8,1.1,2.5,N,SFF Candidate,Y,N,N,Resident,Yes,2,NA,1,NA,5,NA,5,NA,NA,2,1,NA,NA,NA,1.86991,0.78556,0.31748,1.10304,2.97295,2.63424,0.17885,0.00844,68,NA,NA,27,2,NA,1.83846,1.32103,3.08058,1.1365,0.8974,5.11448,4.53723,1.40561,0.59051,0.23865,2.23476,1.98016,2024-10-11,26,6,20,464,1,0,464,2023-09-28,33,7,27,328,1,0,328,430,NA,3,285149,2,5,"1405 NORTH SECOND STREET,SWANSEA,IL,62226",38.5275,-89.987,NA,2026-06-01
145982,"Citadel of Northbrook, The",3300 MILWAUKEE AVE.,NORTHBROOK,IL,60062,8477959700,141,Cook,Y,For profit - Limited Liability company,158,136.3,NA,Medicare and Medicaid,N,CITADEL OF NORTHBROOK LLC,1999-04-28,CITADEL HEALTHCARE,147,13,3.6,3.7,1.9,3.3,N,NA,N,N,N,Resident,Yes,4,NA,4,NA,3,NA,3,NA,2,NA,2,NA,NA,NA,2.01761,0.66251,0.67887,1.34138,3.35898,3.09672,0.50493,0.08241,33.1,NA,30.8,NA,0,NA,1.82104,1.30851,3.05138,1.12573,0.88889,5.066,4.49422,1.53115,0.50277,0.51519,2.54911,2.35008,2025-02-21,6,6,0,20,1,0,20,2024-04-11,6,3,3,76,1,0,76,34,NA,2,25126,0,2,"3300 MILWAUKEE AVE.,NORTHBROOK,IL,60062",42.0939,-87.877,NA,2026-06-01
145983,ALIYA ON 87TH,2940 WEST 87TH STREET,CHICAGO,IL,60652,7734348787,141,Cook,Y,For profit - Limited Liability company,210,190.8,NA,Medicare and Medicaid,N,ALIYA OF WRIGHTWOOD LLC,1999-09-23,ALIYA HEALTHCARE,663,12,2.6,2.5,1.4,4.3,N,NA,Y,N,N,Resident,Yes,2,NA,1,NA,5,NA,5,NA,3,NA,1,NA,NA,NA,1.98496,0.79893,0.31714,1.11607,3.10103,2.8345,0.32103,0.05533,54,NA,36.8,NA,3,NA,2.09351,1.5043,3.50793,1.29416,1.02189,5.82399,5.16666,1.31032,0.52739,0.20935,2.04706,1.87112,2026-02-10,17,10,7,172,1,0,172,2025-01-08,41,15,26,407,1,0,407,230.75,NA,3,251096,1,4,"2940 WEST 87TH STREET,CHICAGO,IL,60652",41.7353,-87.696,NA,2026-06-01
145984,ALDEN NORTH SHORE REHAB & HCC,5050 WEST TOUHY AVENUE,SKOKIE,IL,60077,8476796100,141,Cook,Y,For profit - Corporation,93,60.2,NA,Medicare and Medicaid,N,"ALDEN-NORTH SHORE REHABILITATION AND HEALTH CARE CENTER, INC.",1999-09-29,THE ALDEN NETWORK,504,27,2.5,3,1.3,3.8,N,NA,N,N,N,Resident,Yes,3,NA,4,NA,4,NA,4,NA,4,NA,1,NA,NA,NA,2.05364,0.42809,1.06225,1.49035,3.54398,3.24113,0.86283,0.11489,NA,26,NA,26,NA,26,1.58165,1.1365,2.65026,0.97775,0.77204,4.40005,3.90343,1.79437,0.37405,0.92814,3.09656,2.83195,2025-06-12,0,0,0,0,0,0,0,2024-05-23,10,4,6,258,1,0,258,64.5,NA,3,107443,0,3,"5050 WEST TOUHY AVENUE,SKOKIE,IL,60077",42.0118,-87.755,NA,2026-06-01
145985,EVERCARE AT UNIVERSITY,1095 UNIVERSITY DRIVE,EDWARDSVILLE,IL,62025,6186561081,680,Madison,Y,For profit - Corporation,118,101.4,NA,Medicare and Medicaid,N,EVERCARE AT UNIVERSITY LLC,2000-03-03,EVERCARE SKILLED NURSING,804,11,1.5,1.8,1.1,2.5,N,NA,Y,N,N,Resident,Yes,1,NA,1,NA,1,NA,2,NA,1,NA,1,NA,NA,NA,1.75393,0.77913,0.25816,1.03729,2.79122,2.37852,0.13599,0.01377,64.3,NA,66.7,NA,0,NA,1.80461,1.29671,3.02385,1.11557,0.88087,5.02029,4.45367,1.34316,0.59666,0.1977,2.13752,1.82147,2025-02-27,15,8,7,199,1,0,199,2024-01-31,46,8,39,537,1,0,537,283.5,1,8,398905,0,8,"1095 UNIVERSITY DRIVE,EDWARDSVILLE,IL,62025",38.7964,-89.972,NA,2026-06-01
145986,LAKE FOREST PLACE,1100 PEMBRIDGE DRIVE,LAKE FOREST,IL,60045,8476046701,570,Lake,Y,Non profit - Corporation,50,47.4,NA,Medicare,N,"LAKE FOREST PLACE, LLC",1999-09-23,NA,NA,NA,NA,NA,NA,NA,Y,NA,N,N,N,Resident,Yes,5,NA,4,NA,3,NA,4,NA,3,NA,5,NA,NA,NA,2.89527,0.3168,2.21416,2.53096,5.42623,4.91552,1.83975,0.16917,33.3,NA,22.2,NA,0,NA,1.36609,0.98161,2.28906,0.84449,0.66682,3.80038,3.37144,2.92892,0.32048,2.2399,5.4893,4.97265,2024-12-12,6,3,3,36,1,0,36,2024-01-11,5,1,4,36,1,0,36,36,NA,0,0,0,0,"1100 PEMBRIDGE DRIVE,LAKE FOREST,IL,60045",42.2614,-87.866,NA,2026-06-01
145987,ALLURE OF GALESBURG,1145 FRANK STREET,GALESBURG,IL,61401,3093422103,560,Knox,N,For profit - Limited Liability company,108,91.6,NA,Medicare and Medicaid,N,ALLURE OF GALESBURG LLC,1999-05-18,ALLURE HEALTHCARE SERVICES,25,15,2.5,2.9,1.7,2.5,N,NA,Y,N,N,Resident,Yes,1,NA,1,NA,4,NA,4,NA,NA,2,1,NA,NA,NA,1.57989,0.65294,0.30933,0.96227,2.54217,2.42695,0.28065,0.00495,48.6,NA,66.7,NA,0,NA,1.70892,1.22795,2.8635100000000002,1.05642,0.83417,4.7541,4.21752,1.27763,0.52802,0.25015,2.0558,1.96263,2025-07-02,18,9,9,429,1,0,429,2024-07-12,21,8,13,199,2,100,299,396.5,1,1,143533,0,1,"1145 FRANK STREET,GALESBURG,IL,61401",40.9596,-90.388,NA,2026-06-01
145989,PARKER NURSING & REHAB CENTER,516 WEST FRECH STREET,STREATOR,IL,61364,8156722600,580,La Salle,N,For profit - Limited Liability company,102,58.1,NA,Medicare and Medicaid,N,"PARKER NURSING & REHABILITATION CENTER, LLC",1999-05-11,INFINITY HEALTHCARE CONSULTING,763,70,2,2.2,1.4,3.7,N,NA,N,N,N,Resident,Yes,1,NA,2,NA,3,NA,4,NA,2,NA,1,NA,NA,NA,2.00374,0.49458,0.59187,1.08645,3.09019,2.73617,0.48339,0.00396,43.8,NA,81.3,NA,0,NA,1.94718,1.39915,3.26274,1.2037,0.95046,5.4169,4.80552,1.42212,0.35102,0.42007,2.19321,1.94195,2026-04-01,12,10,2,175,1,0,175,2025-04-09,45,6,39,308,1,0,308,208.25,NA,15,133198,0,15,"516 WEST FRECH STREET,STREATOR,IL,61364",41.14,-88.844,NA,2026-06-01
145990,SYMPHONY MAPLE CREST,4452 SQUAW PRAIRIE ROAD,BELVIDERE,IL,61008,8155476377,030,Boone,Y,For profit - Limited Liability company,86,63.8,NA,Medicare and Medicaid,N,SYMPHONY MAPLE CREST LLC,2000-02-01,SYMPHONY CARE NETWORK,501,7,1.9,1.9,2.6,3.7,N,NA,N,N,N,Resident,Yes,1,NA,2,NA,4,NA,5,NA,2,NA,1,NA,NA,NA,1.94275,0.78116,0.46233,1.24349,3.18623,2.77942,0.29525,0.01163,45.6,NA,58.3,NA,0,NA,1.52412,1.09516,2.55385,0.94218,0.74396,4.23999,3.76144,1.76156,0.70831,0.41921,2.88907,2.5202,2024-11-20,11,9,2,80,1,0,80,2023-10-25,21,10,11,316,1,0,316,139,NA,3,177667,2,5,"4452 SQUAW PRAIRIE ROAD,BELVIDERE,IL,61008",42.2912,-88.854,NA,2026-06-01
145993,COULTERVILLE REHAB & HCC,13138 STATE ROUTE 13,COULTERVILLE,IL,62237,6187582256,870,Randolph,N,For profit - Corporation,75,69.7,NA,Medicare and Medicaid,N,"COULTERVILLE REHABILITATION & HEALTH CARE CENTER, LLC",2000-05-01,TUTERA SENIOR LIVING & HEALTH CARE,531,26,2.1,2.2,1.8,3,N,NA,Y,N,N,Resident,Yes,2,NA,2,NA,3,NA,4,NA,1,NA,2,NA,NA,NA,1.93848,0.73598,0.42209,1.15807,3.09655,2.74077,0.28332,0.014,48.5,NA,28.6,NA,0,NA,1.57673,1.13296,2.642,0.9747,0.76964,4.38634,3.89127,1.69904,0.64507,0.36995,2.71407,2.40224,2024-08-30,5,2,3,111,1,0,111,2023-07-21,7,7,0,88,1,0,88,105.25,NA,0,0,0,0,"13138 STATE ROUTE 13,COULTERVILLE,IL,62237",38.1914,-89.629,NA,2026-06-01
145994,INVERNESS REHAB,1800 W COLONIAL PARKWAY,INVERNESS,IL,60067,8477764700,141,Cook,Y,For profit - Limited Liability company,142,111.9,NA,Medicare and Medicaid,N,"INVERNESS REHAB, LLC",2000-05-15,NA,NA,NA,NA,NA,NA,NA,N,NA,N,N,N,Resident,Yes,2,NA,3,NA,4,NA,4,NA,3,NA,1,NA,NA,NA,1.8801,0.7138,0.42135,1.13514,3.01525,2.73231,0.31261,0.0501,54.3,NA,86.7,NA,1,NA,1.55355,1.11631,2.60317,0.96037,0.75833,4.32187,3.83408,1.67246,0.63496,0.37481,2.68224,2.43054,2025-08-22,10,8,3,84,1,0,84,2024-07-11,13,2,12,100,1,0,100,88,NA,1,22679,0,1,"1800 W COLONIAL PARKWAY,INVERNESS,IL,60067",42.0848,-88.079,NA,2026-06-01
145995,ARCHER HEIGHTS HEALTHCARE,4437 SOUTH CICERO,CHICAGO,IL,60632,7738840484,141,Cook,Y,For profit - Limited Liability company,249,216.3,NA,Medicare and Medicaid,N,ARCHER HEIGHTS HEALTHCARE LLC,2000-06-29,SABA HEALTHCARE,777,11,1.8,1.6,1.5,3.1,N,NA,Y,N,N,Resident,Yes,2,NA,1,NA,5,NA,5,NA,NA,2,1,NA,NA,NA,1.5967,0.59553,0.22859,0.82412,2.42082,2.10482,0.17719,0.01035,58,NA,64.3,NA,1,NA,1.89035,1.35832,3.16752,1.16858,0.92273,5.25883,4.66529,1.16729,0.43537,0.16712,1.76978,1.53876,2025-03-27,19,11,10,132,1,0,132,2024-05-31,81,24,63,1023,1,0,1023,354.75,NA,5,596515,2,7,"4437 SOUTH CICERO,CHICAGO,IL,60632",41.8058,-87.743,NA,2026-06-01
145998,ALDEN DES PLAINES REHAB & HC,1221 EAST GOLF ROAD,DES PLAINES,IL,60016,8477681300,141,Cook,Y,For profit - Corporation,110,81.9,NA,Medicare and Medicaid,N,"ALDEN-DES PLAINES REHABILITATION AND HEALTH CARE CENTER, INC.",2000-11-15,THE ALDEN NETWORK,504,27,2.5,3,1.3,3.8,N,NA,N,N,N,Resident,Yes,3,NA,4,NA,4,NA,5,NA,4,NA,1,NA,NA,NA,2.29559,0.99798,0.93141,1.92939,4.22498,3.44401,0.81518,0.08076,NA,26,NA,26,NA,26,1.85415,1.3323,3.10685,1.1462,0.90505,5.1581,4.57593,1.711,0.74383,0.69422,3.14905,2.56697,2025-07-25,9,6,3,56,1,0,56,2024-09-12,8,0,8,64,0,0,64,58,NA,1,28893,0,1,"1221 EAST GOLF ROAD,DES PLAINES,IL,60016",42.0542,-87.894,NA,2026-06-01
145999,APERION CARE NILES,6601 WEST TOUHY AVENUE,NILES,IL,60714,8476479875,141,Cook,Y,For profit - Corporation,99,91.3,NA,Medicare and Medicaid,N,APERION CARE NILES LLC,2000-12-30,APERION CARE,38,33,2,2.1,1.6,3.5,N,NA,N,N,N,Resident,Yes,5,NA,4,NA,5,NA,5,NA,5,NA,2,NA,NA,NA,1.87494,0.46753,0.56679,1.03432,2.90926,2.65571,0.42005,0.06061,33.9,NA,30,NA,0,NA,1.97736,1.42084,3.31331,1.22236,0.9652,5.50087,4.88,1.31039,0.32676,0.39613,2.03328,1.85608,2025-03-05,4,4,0,24,1,0,24,2024-04-04,12,5,7,132,1,0,132,51,NA,2,25464,0,2,"6601 WEST TOUHY AVENUE,NILES,IL,60714",42.0119,-87.791,NA,2026-06-01
146000,FAIRFIELD SENIOR LIVING & REHABILITATION LLC,305 N.W. 11TH STREET,FAIRFIELD,IL,62837,6188423036,986,Wayne,N,For profit - Limited Liability company,104,53.9,NA,Medicare and Medicaid,N,FAIRFIELD SENIOR LIVING & REHABILITATION LLC,2000-11-01,WLC MANAGEMENT FIRM,570,18,2.7,3.8,1.4,1.4,N,NA,N,N,N,Resident,Yes,1,NA,2,NA,1,NA,3,NA,1,NA,1,NA,NA,NA,1.94302,0.35651,0.65878,1.01529,2.95831,2.77407,0.64672,0.0109,NA,26,NA,26,NA,26,1.26906,0.91188,2.12646,0.7845,0.61946,3.53042,3.13196,2.11591,0.38823,0.7174,3.22153,3.0209,2025-07-25,8,5,3,84,1,0,84,2024-05-28,25,9,16,280,2,140,420,168,NA,7,110110,2,9,"305 N.W. 11TH STREET,FAIRFIELD,IL,62837",38.3829,-88.365,22,2026-06-01
146001,APERION CARE INTERNATIONAL,4815 SOUTH WESTERN AVE,CHICAGO,IL,60609,7739274200,141,Cook,Y,For profit - Limited Liability company,218,196.9,NA,Medicare and Medicaid,N,"INTERNATIONAL NURSING & REHAB CENTER, LLC",2001-02-06,APERION CARE,38,33,2,2.1,1.6,3.5,N,NA,Y,Y,N,Resident,Yes,1,NA,2,NA,3,NA,4,NA,3,NA,1,NA,NA,NA,1.80009,0.88693,0.43421,1.32114,3.12123,2.74649,0.32295,0.0289,51.1,NA,65.4,NA,1,NA,1.86028,1.33671,3.11714,1.14999,0.90805,5.17517,4.59107,1.33726,0.65888,0.32257,2.31871,2.04032,2024-05-02,17,13,5,164,1,0,164,2023-07-14,43,15,30,336,1,0,336,207,NA,5,106504,1,6,"4815 SOUTH WESTERN AVE,CHICAGO,IL,60609",41.8065,-87.684,NA,2026-06-01
146003,"LOFT REHAB OF ROCK SPRINGS, THE",2530 NORTH MONROE STREET,DECATUR,IL,62526,2178750920,660,Macon,Y,For profit - Corporation,195,107.8,NA,Medicare and Medicaid,N,LOFT REHABILITATION OF ROCK SPRINGS LLC,2001-04-04,THE LOFT REHABILITATION AND NURSING,322,7,1.9,2,1.1,3,N,NA,Y,N,N,Resident,Yes,1,NA,2,NA,1,NA,2,NA,1,NA,1,24,NA,NA,1.87978,0.925,0.19356,1.11856,2.99834,2.66099,0.05915,0.01976,32.1,NA,40,NA,2,NA,1.71972,1.23571,2.88161,1.0631,0.83944,4.78415,4.24418,1.5106,0.74333,0.15554,2.40947,2.13838,2025-03-26,18,14,6,128,1,0,128,2024-02-28,48,13,37,451,1,0,451,208.75,NA,1,17870,2,3,"2530 NORTH MONROE STREET,DECATUR,IL,62526",39.8696,-88.964,NA,2026-06-01
146006,INTEGRITY HC OF ANNA,315 SOUTH BRADY MILL ROAD,ANNA,IL,62906,6188336343,981,Union,N,For profit - Corporation,70,67.8,NA,Medicare and Medicaid,N,"ANNA REHABILITATION AND NURSING CENTER, LLC",2001-05-01,INTEGRITY HEALTHCARE COMMUNITIES,652,5,1.8,2.2,1.4,2.4,N,NA,N,N,N,Resident,Yes,1,NA,1,NA,2,NA,2,NA,2,NA,1,NA,NA,NA,1.75678,0.5377,0.48817,1.02587,2.78264,2.38933,0.39231,0.02385,71,NA,62.5,NA,NA,26,1.575,1.13172,2.63911,0.97363,0.7688,4.38154,3.88701,1.54147,0.4718,0.42834,2.44161,2.0965,2025-08-25,35,13,22,328,1,0,328,2024-10-03,14,3,11,140,1,0,140,281,NA,3,100634,0,3,"315 SOUTH BRADY MILL ROAD,ANNA,IL,62906",37.4532,-89.236,NA,2026-06-01
146007,MOORINGS OF ARLINGTON HEIGHTS,761 OLD BARN LANE,ARLINGTON HTS,IL,60005,8473642435,141,Cook,Y,Non profit - Corporation,92,62.9,NA,Medicare and Medicaid,N,"THE MOORINGS OF ARLINGTON HEIGHTS, LLC",2001-07-02,NA,NA,NA,NA,NA,NA,NA,Y,NA,N,Y,N,Resident,Yes,5,NA,5,NA,5,NA,5,NA,5,NA,5,NA,NA,NA,2.91332,0.10245,1.8379,1.94035,4.85367,4.41763,1.38875,0.19743,5.9,NA,3.2,NA,0,NA,1.56575,1.12508,2.62361,0.96792,0.76428,4.35581,3.86419,2.57138,0.09042,1.62218,4.28398,3.89912,2024-04-17,3,3,0,24,1,0,24,2023-03-16,4,2,2,32,1,0,32,26,NA,0,0,0,0,"761 OLD BARN LANE,ARLINGTON HTS,IL,60005",42.0649,-87.972,NA,2026-06-01
146008,ALDEN OF WATERFORD,2021 RANDI DRIVE,AURORA,IL,60505,6308517266,530,Kane,Y,For profit - Corporation,99,80.1,NA,Medicare and Medicaid,N,"ALDEN OF WATERFORD, L.L.C.",2001-09-06,THE ALDEN NETWORK,504,27,2.5,3,1.3,3.8,N,NA,N,N,N,Resident,Yes,2,NA,3,NA,3,NA,3,NA,4,NA,1,NA,NA,NA,1.92581,0.26991,1.31652,1.58643,3.51224,3.00333,1.01648,0.16304,NA,26,NA,26,NA,26,1.73928,1.24976,2.91438,1.07519,0.84899,4.83855,4.29244,1.53018,0.21446,1.04606,2.79071,2.38634,2025-03-27,13,8,6,76,1,0,76,2024-04-04,12,8,4,119,1,0,119,86.75,NA,1,106499,0,1,"2021 RANDI DRIVE,AURORA,IL,60505",41.7373,-88.269,NA,2026-06-01
146009,SELFHELP HOME OF CHICAGO,908 WEST ARGYLE STREET,CHICAGO,IL,60640,7732710300,141,Cook,Y,Non profit - Corporation,72,54.9,NA,Medicare and Medicaid,N,THE SELFHELP HOME INC,2001-10-03,NA,NA,NA,NA,NA,NA,NA,Y,NA,N,N,N,Resident,Yes,5,NA,4,NA,5,NA,4,NA,5,NA,5,NA,NA,NA,3.21398,0.43148,1.58539,2.01687,5.23085,4.66773,1.15749,0.08512,22.5,NA,9.5,NA,0,NA,1.33664,0.96045,2.23971,0.82628,0.65245,3.71844,3.29875,3.32299,0.44611,1.63916,5.40826,4.82603,2024-08-14,9,9,0,56,1,0,56,2023-05-12,10,9,1,92,1,0,92,65,NA,0,0,0,0,"908 WEST ARGYLE STREET,CHICAGO,IL,60640",41.9733,-87.653,NA,2026-06-01
146010,ACCOLADE HEALTHCARE OF PONTIAC,300 WEST LOWELL,PONTIAC,IL,61764,8158421181,610,Livingston,N,For profit - Corporation,97,74.9,NA,Medicare and Medicaid,N,ACCOLADE HEALTHCARE OF PONTIAC LLC,2001-11-15,ACCOLADE HEALTHCARE,7,7,2.7,3,1.6,3.4,N,NA,N,N,N,Resident,Yes,4,NA,4,NA,3,NA,4,NA,3,NA,2,NA,NA,NA,2.41303,0.55406,0.69144,1.2455,3.65852,3.25508,0.51526,0.06852,46.7,NA,36.4,NA,0,NA,1.74449,1.25351,2.9231,1.07841,0.85153,4.85304,4.30529,1.91159,0.43892,0.54775,2.89826,2.57866,2025-06-04,11,6,5,68,1,0,68,2024-08-23,9,7,2,68,1,0,68,68,NA,0,0,0,0,"300 WEST LOWELL,PONTIAC,IL,61764",40.8693,-88.631,NA,2026-06-01
146013,BERKELEY NURSING & REHAB CENTER,6909 WEST NORTH AVENUE,OAK PARK,IL,60302,7083861112,141,Cook,Y,For profit - Individual,72,51.1,NA,Medicare and Medicaid,N,BERKELEY NURSING AND REHAB,2002-02-01,NA,NA,NA,NA,NA,NA,NA,N,NA,N,N,N,Resident,Yes,5,NA,4,NA,5,NA,5,NA,NA,2,2,NA,NA,NA,1.76521,0.4822,0.71966,1.20186,2.96707,2.73317,0.68044,0.02613,38.8,NA,33.3,NA,0,NA,1.72711,1.24102,2.89399,1.06767,0.84304,4.8047,4.26241,1.41246,0.38584,0.57585,2.37415,2.18698,2025-04-04,6,5,1,36,1,0,36,2024-06-28,17,3,14,172,1,0,172,70,NA,26,256832,1,27,"6909 WEST NORTH AVENUE,OAK PARK,IL,60302",41.909,-87.799,NA,2026-06-01
146014,MERCY HARVARD HOSPITAL CARE CENTER,901 SOUTH GRANT,HARVARD,IL,60033,8159432967,640,Mc Henry,Y,Non profit - Corporation,34,19,NA,Medicare and Medicaid,Y,MERCY HARVARD HOSPITAL INC,2001-11-30,MERCYHEALTH SYSTEM,346,3,4.7,4.7,3.3,4,N,NA,N,N,N,Resident,Yes,5,NA,5,NA,3,NA,4,NA,3,NA,5,NA,NA,NA,3.71359,0,2.31853,2.31853,6.03212,5.43609,1.84918,0.11022,35.7,NA,54.5,NA,0,NA,1.1771,0.84581,1.97238,0.72766,0.57457,3.27462,2.90502,4.35993,0,2.72206,7.08199,6.38222,2026-02-18,3,3,0,12,1,0,12,2024-04-09,4,3,1,28,1,0,28,16,NA,0,0,0,0,"901 SOUTH GRANT,HARVARD,IL,60033",42.4146,-88.667,NA,2026-06-01
146016,Sunset Rehabilitation and Health Care,129 SOUTH 1ST AVENUE,CANTON,IL,61520,3096474327,370,Fulton,N,For profit - Corporation,115,74.3,NA,Medicare and Medicaid,N,PETERSEN HEALTH JUNCTION LLC,2002-01-07,PETERSEN HEALTH CARE,399,12,1.8,2.4,1.2,2.2,N,NA,N,N,N,Resident,Yes,1,NA,1,NA,4,NA,4,NA,NA,2,1,NA,NA,NA,2.72002,0.61142,0.53112,1.14253,3.86255,3.40989,0.35759,0.00387,NA,26,NA,26,2,NA,1.7234,1.23835,2.88777,1.06537,0.84123,4.79437,4.25325,2.18115,0.49029,0.4259,3.09734,2.73435,2024-11-21,10,6,4,68,1,0,68,2023-12-01,32,10,22,735,1,0,735,234.75,NA,3,518295,1,4,"129 SOUTH 1ST AVENUE,CANTON,IL,61520",40.5543,-90.034,NA,2026-06-01
146017,Haven of Champaign,"1315 CURT DRIVE, SUITE B",CHAMPAIGN,IL,61821,2173525707,090,Champaign,Y,For profit - Limited Liability company,60,51.9,NA,Medicare and Medicaid,N,HAVEN OF MEADOWBROOK LLC,2001-11-28,HAVEN HEALTHCARE,761,7,1.3,1.9,1,1.6,N,NA,N,N,N,Resident,Yes,1,NA,1,NA,1,NA,1,NA,2,NA,1,24,NA,NA,2.11592,0.78751,0.31362,1.10113,3.21706,2.69203,0.21882,0.01645,54,NA,60,NA,1,NA,1.75243,1.25922,2.93642,1.08332,0.85541,4.87514,4.3249,1.66862,0.62103,0.24732,2.53698,2.12294,2026-02-24,12,10,2,76,1,0,76,2025-03-11,48,19,29,452,2,226,678,226.5,3,1,12425,1,2,"1315 CURT DRIVE, SUITE B,CHAMPAIGN,IL,61821",40.1066,-88.284,22,2026-06-01
146018,LITTLE VILLAGE NRSG & RHB CTR,2320 SOUTH LAWNDALE,CHICAGO,IL,60623,7735220400,141,Cook,Y,For profit - Limited Liability company,106,97.3,NA,Medicare and Medicaid,N,"LITTLE VILLAGE NURSING AND REHABILITATION CENTER, LLC",2002-02-07,NA,NA,NA,NA,NA,NA,NA,N,NA,Y,N,N,Resident,Yes,1,NA,2,NA,1,NA,3,NA,1,NA,2,NA,NA,NA,1.46898,0.63549,0.27441,0.9099,2.37888,1.68495,0.13108,0.01649,26.4,NA,16.7,NA,0,NA,2.06368,1.48286,3.45796,1.27573,1.00733,5.74102,5.09305,0.98372,0.42556,0.18376,1.59305,1.12835,2024-12-06,17,12,5,132,1,0,132,2023-11-08,28,9,22,300,1,0,300,174,NA,2,200008,0,2,"2320 SOUTH LAWNDALE,CHICAGO,IL,60623",41.8494,-87.717,NA,2026-06-01
146019,WABASH SENIOR LIVING & REHAB,216 COLLEGE BOULEVARD,CARMI,IL,62821,6183824644,987,White,N,For profit - Limited Liability company,156,103.5,NA,Medicare and Medicaid,N,WABASH SENIOR LIVING & REHABILITATION LLC,2001-12-21,WLC MANAGEMENT FIRM,570,18,2.7,3.8,1.4,1.4,N,NA,N,N,N,Resident,Yes,3,NA,5,NA,1,NA,1,NA,1,NA,1,NA,NA,NA,2.35318,0.54166,0.36362,0.90529,3.25847,3.14213,0.35823,0.0103,98.9,NA,93.3,NA,NA,26,1.16137,0.8345,1.94602,0.71793,0.56689,3.23084,2.86619,2.80018,0.64456,0.43269,3.87743,3.73899,2025-04-25,3,2,1,16,1,0,16,2024-04-19,4,1,3,32,0,0,32,20,NA,0,0,0,0,"216 COLLEGE BOULEVARD,CARMI,IL,62821",38.0808,-88.171,NA,2026-06-01
146020,Goldwater Care Roseville,"145 S CHAMBERLAIN ST,  BOX 770",ROSEVILLE,IL,61473,3094262134,984,Warren,N,For profit - Limited Liability company,99,38.1,NA,Medicare and Medicaid,N,GOLDWATER CARE ROSEVILLE LLC,2002-04-01,GOLDWATER CARE,699,11,1.6,2,1.2,2.6,N,NA,N,N,N,Resident,Yes,1,NA,1,NA,2,NA,2,NA,NA,2,1,24,NA,NA,2.24942,1.00812,0.55289,1.56101,3.81043,3.65145,0.15216,0.07345,48.7,NA,66.7,NA,1,NA,1.95751,1.40657,3.28005,1.21009,0.95551,5.44565,4.83102,1.58806,0.71172,0.39033,2.69011,2.57787,2025-03-07,12,6,6,281,1,0,281,2024-04-18,19,12,7,191,1,0,191,258.5,NA,2,71533,0,2,"145 S CHAMBERLAIN ST,  BOX 770,ROSEVILLE,IL,61473",40.6678,-90.655,22,2026-06-01
146021,NATURE TRAIL HEALTH AND REHAB,1001 SOUTH 34TH STREET,MOUNT VERNON,IL,62864,6182425700,490,Jefferson,N,For profit - Limited Liability company,74,67.3,NA,Medicare and Medicaid,N,NATURE TRAIL HEALTH AND REHAB CENTER LLC,2002-03-01,CREST HEALTHCARE CONSULTING,170,13,2.1,2.5,1.3,2.8,N,NA,N,N,N,Resident,Yes,4,NA,4,NA,2,NA,3,NA,1,NA,2,NA,NA,NA,2.23838,0.61863,0.57398,1.19261,3.43099,2.90642,0.40469,0.03431,46.6,NA,28.6,NA,0,NA,1.70586,1.22575,2.85837,1.05453,0.83267,4.74557,4.20995,1.81339,0.50117,0.465,2.77957,2.3546,2025-12-08,8,8,0,68,1,0,68,2025-02-04,11,3,8,76,1,0,76,70,NA,1,28620,1,2,"1001 SOUTH 34TH STREET,MOUNT VERNON,IL,62864",38.3067,-88.933,NA,2026-06-01
146025,CLINTON MANOR LIVING CENTER,111 EAST ILLINOIS STREET,NEW BADEN,IL,62265,6185884924,130,Clinton,Y,For profit - Corporation,37,20.9,NA,Medicare and Medicaid,N,SOUTHERN ILLINOIS LIVING CENTERS INC.,2002-05-01,NA,NA,NA,NA,NA,NA,NA,N,NA,N,N,N,Resident,Yes,5,NA,5,NA,3,NA,1,NA,5,NA,5,NA,NA,NA,4.20431,0.99625,2.212,3.20825,7.41256,6.41256,1.75371,0.01679,30.4,NA,16.7,NA,0,NA,1.38727,0.99683,2.32454,0.85758,0.67716,3.85928,3.4237,4.18826,0.99245,2.20356,7.38426,6.38808,2024-09-05,0,0,0,0,0,0,0,2023-08-11,7,6,1,72,1,0,72,18,NA,0,0,1,1,"111 EAST ILLINOIS STREET,NEW BADEN,IL,62265",38.534,-89.699,NA,2026-06-01
146026,Arc at Sangamon Valley,3400 WEST WASHINGTON,SPRINGFIELD,IL,62711,2177879600,920,Sangamon,Y,Non profit - Corporation,171,117.3,NA,Medicare and Medicaid,N,ARC AT SANGAMON VALLEY LLC,2002-04-01,ARCADIA CARE,42,22,1.5,1.8,1.3,3.1,Y,NA,N,N,N,Both,Yes,1,NA,1,NA,3,NA,2,NA,3,NA,1,NA,NA,NA,1.87889,0.9054,0.19418,1.09958,2.97846,2.80914,0.11196,0.04766,71.3,NA,89.5,NA,3,NA,1.7437,1.25294,2.92179,1.07792,0.85114,4.85085,4.30335,1.48912,0.71758,0.1539,2.36059,2.22639,2024-09-26,20,9,11,160,2,80,240,2023-06-23,56,4,52,531,1,0,531,312.75,NA,4,309361,4,8,"3400 WEST WASHINGTON,SPRINGFIELD,IL,62711",39.8007,-89.717,NA,2026-06-01
146028,SERENITY ESTATES OF LINCOLNSHIRE,150 JAMESTOWN LANE,LINCOLNSHIRE,IL,60069,2245437100,570,Lake,Y,For profit - Limited Liability company,144,109.9,NA,Medicare and Medicaid,N,LINCOLNSHIRE NURSING LLC,2002-05-01,SERENITY ESTATES,882,5,2.2,3,2,2.4,N,NA,N,N,N,Resident,Yes,1,NA,2,NA,2,NA,3,NA,1,NA,1,NA,NA,NA,1.49778,0.80697,0.41233,1.2193,2.71708,2.50358,0.32002,0.05769,NA,26,NA,26,1,NA,1.64542,1.18232,2.7571,1.01716,0.80317,4.57743,4.0608,1.25797,0.67777,0.34632,2.28205,2.10274,2025-04-24,21,5,16,187,1,0,187,2024-01-31,32,11,22,252,1,0,252,203.25,NA,7,242964,2,9,"150 JAMESTOWN LANE,LINCOLNSHIRE,IL,60069",42.2054,-87.931,NA,2026-06-01
146029,FRANCISCAN VILLAGE,1270 FRANCISCAN DRIVE,LEMONT,IL,60439,6302433500,141,Cook,Y,Non profit - Corporation,127,95.3,NA,Medicare and Medicaid,N,"FRANCISCAN COMMUNITIES, INC",1991-04-19,FRANCISCAN COMMUNITIES,227,6,4,3.2,4.3,4.3,Y,NA,N,N,N,Resident,Yes,3,NA,3,NA,4,NA,5,NA,2,NA,4,NA,NA,NA,2.28945,0.56482,1.34322,1.90804,4.19749,3.76254,0.90059,0.05012,42.5,NA,28.9,NA,1,NA,1.39919,1.00539,2.34451,0.86495,0.68298,3.89244,3.45311,2.26129,0.55787,1.32669,4.14585,3.71625,2025-08-21,11,10,2,104,1,0,104,2024-08-09,9,9,0,72,2,36,108,105,NA,1,22260,1,2,"1270 FRANCISCAN DRIVE,LEMONT,IL,60439",41.6795,-87.973,NA,2026-06-01
146030,HEARTLAND SENIOR LIVING,101 TROWBRIDGE ROAD,NEOGA,IL,62447,2178952665,160,Cumberland,N,For profit - Limited Liability company,71,67.7,NA,Medicare and Medicaid,N,HEARTLAND SENIOR LIVING LLC,2002-08-01,NA,NA,NA,NA,NA,NA,NA,N,NA,N,N,N,Resident,Yes,3,NA,3,NA,3,NA,4,NA,2,NA,2,NA,NA,NA,1.95974,0.84222,0.4458,1.28802,3.24776,2.77345,0.28348,0.02156,39.3,NA,22.2,NA,0,NA,1.51026,1.0852,2.53063,0.93361,0.73719,4.20143,3.72723,1.79328,0.77068,0.40793,2.97189,2.53787,2024-06-12,8,7,1,80,1,0,80,2023-05-17,13,7,6,160,2,80,240,120,NA,4,152711,1,5,"101 TROWBRIDGE ROAD,NEOGA,IL,62447",39.3202,-88.456,NA,2026-06-01
146031,GREEK AMERICAN REHAB CARE CTR,220 N FIRST STREET,WHEELING,IL,60090,8474598700,141,Cook,Y,Non profit - Corporation,188,160.1,NA,Medicare and Medicaid,N,GREEK AMERICAN REHABILITATION AND CARE CENTRE INC.,2002-06-06,NA,NA,NA,NA,NA,NA,NA,N,NA,N,N,N,Resident,Yes,5,NA,5,NA,3,NA,3,NA,3,NA,4,NA,NA,NA,2.485,0.52676,0.80592,1.33268,3.81767,3.49723,0.59119,0.03855,27.4,NA,27.8,NA,0,NA,1.53195,1.10079,2.56698,0.94702,0.74778,4.26178,3.78077,2.24171,0.47519,0.72702,3.44392,3.15484,2025-02-27,0,0,0,0,0,0,0,2024-04-18,1,0,1,20,0,0,20,5,NA,0,0,0,0,"220 N FIRST STREET,WHEELING,IL,60090",42.1437,-87.912,NA,2026-06-01
146032,FAIRVIEW REHAB & HEALTHCARE,602 EAST JACKSON,DU QUOIN,IL,62832,6185423441,810,Perry,N,For profit - Limited Liability company,76,58.9,NA,Medicare and Medicaid,N,FAIRVIEW REHABILITATION & HEALTHCARE LLC,2002-08-15,WLC MANAGEMENT FIRM,570,18,2.7,3.8,1.4,1.4,N,NA,N,Y,N,Resident,Yes,4,NA,5,NA,2,NA,2,NA,3,NA,1,NA,NA,NA,1.80914,0.65992,0.27493,0.93485,2.74399,2.51152,0.20806,0.01081,73,NA,60,NA,NA,26,1.13639,0.81656,1.90416,0.70249,0.5547,3.16135,2.80454,2.20012,0.80254,0.33434,3.33699,3.05429,2024-05-16,1,1,0,0,0,0,0,2023-06-15,4,1,3,44,0,0,44,11,NA,2,30972,0,2,"602 EAST JACKSON,DU QUOIN,IL,62832",38.0021,-89.232,NA,2026-06-01
146033,"ELMS, THE",1212 MADELYN AVENUE,MACOMB,IL,61455,3098375482,630,Mc Donough,N,Government - County,98,63.3,NA,Medicare and Medicaid,N,COUNTY OF MCDONOUGH MCDONOUGH COUNTY CLERK,2002-09-01,NA,NA,NA,NA,NA,NA,NA,N,NA,N,N,N,Resident,Yes,5,NA,5,NA,3,NA,4,NA,3,NA,5,NA,NA,NA,3.35486,0.54003,1.13551,1.67554,5.0304,4.41192,0.76787,0.0859,28.9,NA,27.8,NA,0,NA,1.30314,0.93638,2.18358,0.80558,0.6361,3.62525,3.21608,3.55781,0.57269,1.2042,5.33471,4.67881,2025-03-27,3,2,1,16,1,0,16,2024-04-25,9,8,1,52,1,0,52,25,0,0,0,0,0,"1212 MADELYN AVENUE,MACOMB,IL,61455",40.446,-90.661,NA,2026-06-01
146034,PEARL AT THE TILLERS,4390 ROUTE 71,OSWEGO,IL,60543,6305541001,550,Kendall,Y,For profit - Limited Liability company,105,65.3,NA,Medicare and Medicaid,N,"PEARL OF OSWEGO, LLC",2002-10-09,PEARL HEALTHCARE,595,15,2.6,2.7,2.1,3.6,N,NA,N,N,N,Resident,Yes,5,NA,4,NA,5,NA,5,NA,3,NA,2,NA,NA,NA,1.95354,0.36035,1.09309,1.45344,3.40699,2.88472,0.81641,0.05654,42.9,NA,36,NA,0,NA,1.82734,1.31304,3.06194,1.12963,0.89197,5.08354,4.50978,1.47742,0.27252,0.82668,2.57662,2.18164,2025-03-06,7,5,2,44,1,0,44,2024-02-09,10,7,3,40,1,0,40,43,NA,0,0,0,0,"4390 ROUTE 71,OSWEGO,IL,60543",41.6788,-88.346,NA,2026-06-01
146036,SHAWNEE SENIOR LIVING,1901 13TH STREET,HERRIN,IL,62948,6189427391,990,Williamson,N,For profit - Limited Liability company,159,99.3,NA,Medicare and Medicaid,N,SHAWNEE SENIOR LIVING LLC,2002-11-01,NA,NA,NA,NA,NA,NA,NA,N,NA,Y,N,N,Resident,Yes,2,NA,2,NA,3,NA,4,NA,2,NA,2,NA,NA,NA,2.02278,0.8226,0.54183,1.36443,3.38721,2.80213,0.39167,0.01927,46.2,NA,33.3,NA,0,NA,1.69933,1.22106,2.84744,1.05049,0.82949,4.72742,4.19386,1.64501,0.66898,0.44064,2.75463,2.27882,2025-06-12,9,2,7,104,1,0,104,2024-08-29,35,21,16,481,1,0,481,198.25,NA,2,313508,2,4,"1901 13TH STREET,HERRIN,IL,62948",37.8204,-89.025,NA,2026-06-01
146037,PLEASANT MEADOWS SENIOR LIVING,400 WEST WASHINGTON,CHRISMAN,IL,61924,2172692396,310,Edgar,N,For profit - Corporation,109,76.3,NA,Medicare and Medicaid,N,PLEASANT MEADOWS SENIOR LIVING LLC,2002-11-15,NA,NA,NA,NA,NA,NA,NA,N,NA,Y,N,N,Resident,Yes,1,NA,1,NA,3,NA,4,NA,2,NA,1,NA,NA,NA,2.06997,0.50935,0.57456,1.08391,3.15388,2.76052,0.4958,0.05562,63.5,NA,93.3,NA,NA,26,1.82155,1.30888,3.05223,1.12605,0.88914,5.06742,4.49548,1.57045,0.38644,0.4359,2.39279,2.09435,2026-01-14,13,5,9,143,1,0,143,2024-10-31,62,23,42,810,2,405,1215,411,NA,5,400084,2,7,"400 WEST WASHINGTON,CHRISMAN,IL,61924",39.8072,-87.681,NA,2026-06-01
146039,EASTVIEW HEALTHCARE & SENIOR LIVING,100 EASTVIEW PLACE,SULLIVAN,IL,61951,2177287367,780,Moultrie,N,For profit - Limited Liability company,63,46.2,NA,Medicare and Medicaid,N,EASTVIEW HEALTHCARE & SENIOR LIVING LLC,2002-12-01,POINTE MANAGEMENT,776,12,1.7,2.3,1.3,1.3,N,NA,Y,N,N,Resident,Yes,1,NA,2,NA,1,NA,1,NA,NA,2,1,NA,NA,NA,2.43291,0.86513,0.47492,1.34005,3.77296,2.97561,0.35714,0.00569,NA,26,NA,26,1,NA,1.44977,1.04174,2.42927,0.89622,0.70767,4.03316,3.57795,2.31914,0.82468,0.45271,3.59653,2.83646,2024-11-15,15,6,9,168,1,0,168,2023-10-24,33,17,17,244,1,0,244,187,NA,4,139731,1,5,"100 EASTVIEW PLACE,SULLIVAN,IL,61951",39.6028,-88.594,NA,2026-06-01
146040,Evercare of Jerseyville,410 FLETCHER ST,JERSEYVILLE,IL,62052,6184986427,500,Jersey,Y,For profit - Limited Liability company,98,57.5,NA,Medicare and Medicaid,N,EVERCARE OF JERSEYVILLE LLC,2003-01-01,EVERCARE SKILLED NURSING,804,11,1.5,1.8,1.1,2.5,N,NA,Y,N,N,Both,Yes,1,NA,1,NA,1,NA,1,NA,NA,2,1,NA,NA,NA,1.96388,0.83998,0.25331,1.09329,3.05716,2.68513,0.13751,0.02389,51.9,NA,57.1,NA,0,NA,1.74851,1.25639,2.92984,1.08089,0.85349,4.86422,4.31521,1.5522,0.6639,0.20021,2.4163,2.12226,2025-12-14,15,14,1,347,1,0,347,2024-08-29,15,12,3,96,1,0,96,284.25,NA,2,143408,1,3,"410 FLETCHER ST,JERSEYVILLE,IL,62052",39.1124,-90.328,NA,2026-06-01
146041,Allure Of Moline,430 SOUTH 30TH AVENUE,EAST MOLINE,IL,61244,3097553466,890,Rock Island,Y,For profit - Partnership,120,99,NA,Medicare and Medicaid,N,ALLURE OF MOLINE LLC,2002-12-13,ALLURE HEALTHCARE SERVICES,25,15,2.5,2.9,1.7,2.5,N,NA,Y,N,N,Resident,Yes,1,NA,2,NA,3,NA,3,NA,NA,2,1,NA,NA,NA,2.16546,0.6094,0.31388,0.92329,3.08875,2.91891,0.26782,0.00812,49.3,NA,NA,27,0,NA,1.89912,1.36462,3.18221,1.174,0.92701,5.28322,4.68692,1.57579,0.44346,0.22841,2.24765,2.12406,2025-05-21,16,10,6,104,1,0,104,2024-07-19,15,5,10,96,1,0,96,102,NA,1,14901,0,1,"430 SOUTH 30TH AVENUE,EAST MOLINE,IL,61244",41.5002,-90.452,NA,2026-06-01
146042,"H & J VONDERLIETH LVG CTR, THE",1120 NORTH TOPPER DRIVE,MOUNT PULASKI,IL,62548,2177923218,620,Logan,N,Non profit - Corporation,90,55.7,NA,Medicare and Medicaid,N,HENRY & JANE VONDERLIETH LIVING CENTER INC,2003-02-14,HERITAGE OPERATIONS GROUP,651,9,1.9,2.6,2.2,1.4,N,NA,N,N,N,Resident,Yes,4,NA,5,NA,1,NA,2,NA,1,NA,3,NA,NA,NA,2.22957,0.59633,0.58619,1.18253,3.4121,3.08997,0.56246,0.07872,37,NA,42.9,NA,0,NA,1.37696,0.98942,2.30726,0.85121,0.67213,3.83059,3.39825,2.2377,0.59851,0.58833,3.42453,3.10122,2025-12-11,4,4,0,32,1,0,32,2024-09-12,1,0,1,4,0,0,4,25,NA,0,0,0,0,"1120 NORTH TOPPER DRIVE,MOUNT PULASKI,IL,62548",40.02,-89.282,NA,2026-06-01
146043,Axiom Gardens of Nashville,485 SOUTH FRIENDSHIP DRIVE,NASHVILLE,IL,62263,6183273041,985,Washington,N,For profit - Partnership,120,57.3,NA,Medicare and Medicaid,N,FRIENDSHIP MANOR GROUP LLC,2003-02-04,AXIOM HEALTHCARE,746,7,1.4,2,1.3,1.4,N,SFF Candidate,Y,N,N,Resident,Yes,1,NA,1,NA,1,NA,1,NA,1,NA,1,24,NA,NA,2.45204,0.91674,0.21579,1.13253,3.58457,3.19795,0.13713,0.01425,69.2,NA,NA,27,0,NA,1.2081,0.86808,2.02432,0.74682,0.5897,3.36085,2.98152,2.80495,1.04868,0.24684,4.10047,3.65821,2024-12-20,27,13,14,572,3,400,972,2024-01-09,26,10,17,359,2,180,539,863.75,NA,3,541045,2,5,"485 SOUTH FRIENDSHIP DRIVE,NASHVILLE,IL,62263",38.3403,-89.394,NA,2026-06-01
146045,HELIA HEALTHCARE OF ENERGY,210 EAST COLLEGE,ENERGY,IL,62933,6189427014,990,Williamson,N,For profit - Corporation,98,72.4,NA,Medicare and Medicaid,N,HELIA HEALTHCARE OF ENERGY LLC,2003-02-14,HELIA HEALTHCARE,263,13,2.3,2.7,1.3,2.8,N,NA,Y,N,N,Resident,Yes,1,NA,1,NA,2,NA,2,NA,2,NA,1,NA,NA,NA,1.92042,0.53492,0.45487,0.98979,2.91021,2.72917,0.39423,0.02325,54.8,NA,44.4,NA,0,NA,1.46855,1.05523,2.46074,0.90783,0.71684,4.08541,3.62431,1.8072,0.50339,0.42805,2.73864,2.56827,2024-11-26,38,11,27,438,1,0,438,2023-12-22,22,10,12,192,2,96,288,400.5,NA,6,267067,2,8,"210 EAST COLLEGE,ENERGY,IL,62933",37.7739,-89.025,NA,2026-06-01
146046,MARSHALL REHAB & NURSING,410 NORTH SECOND STREET,MARSHALL,IL,62441,2178262358,110,Clark,N,For profit - Partnership,75,50.2,NA,Medicare and Medicaid,N,MARSHALL REHABILITATION AND NURSING LLC,2003-06-01,STERN CONSULTANTS,661,23,2.5,2.4,2.2,3.9,N,NA,Y,Y,N,Resident,Yes,2,NA,2,NA,3,NA,4,NA,2,NA,2,NA,NA,NA,2.18435,0.72287,0.75011,1.47298,3.65733,3.01011,0.38605,0.04057,42.3,NA,33.3,NA,0,NA,1.7048,1.22499,2.8566,1.05387,0.83215,4.74263,4.20735,1.77072,0.58599,0.60806,2.96477,2.44011,2024-04-12,18,12,6,136,1,0,136,2023-06-02,17,4,13,108,1,0,108,129,NA,0,0,1,1,"410 NORTH SECOND STREET,MARSHALL,IL,62441",39.3915,-87.702,NA,2026-06-01
146047,WESLEY VILLAGE,1200 EAST GRANT STREET,MACOMB,IL,61455,3098332123,630,Mc Donough,N,Non profit - Church related,73,48.2,NA,Medicare and Medicaid,N,WESLEY VILLAGE,2003-06-15,NA,NA,NA,NA,NA,NA,NA,Y,NA,N,N,N,Resident,Yes,5,NA,5,NA,3,NA,5,NA,1,NA,5,NA,NA,NA,3.40986,0.83885,1.09377,1.93262,5.34248,4.53961,0.54955,0,26.2,NA,20,NA,0,NA,1.27158,0.9137,2.13069,0.78606,0.62069,3.53744,3.13818,3.7059,0.91168,1.18873,5.8063,4.93373,2025-12-04,2,2,0,20,1,0,20,2025-02-20,6,5,1,44,1,0,44,26,1,0,0,0,0,"1200 EAST GRANT STREET,MACOMB,IL,61455",40.4479,-90.655,NA,2026-06-01
146048,TAYLORVILLE SKLD NUR & REHAB,800 MCADAM DR,TAYLORVILLE,IL,62568,2178242277,100,Christian,N,For profit - Limited Liability company,96,80.1,NA,Medicare and Medicaid,N,TAYLORVILLE SKILLED NURSING & REHAB LLC,2003-06-01,CREST HEALTHCARE CONSULTING,170,13,2.1,2.5,1.3,2.8,N,NA,N,N,N,Resident,Yes,4,NA,4,NA,3,NA,5,NA,1,NA,2,NA,NA,NA,2.20945,0.548,0.43734,0.98533,3.19479,2.8118,0.36279,0.04785,42.3,NA,22.2,NA,0,NA,1.6319,1.17261,2.73446,1.00881,0.79657,4.53984,4.02745,1.87107,0.46407,0.37036,2.7055,2.38117,2025-01-16,5,5,0,48,1,0,48,2024-02-01,1,1,0,8,1,0,8,38,0,2,5269,0,2,"800 MCADAM DR,TAYLORVILLE,IL,62568",39.5562,-89.278,NA,2026-06-01
146049,"IROQUOIS RESIDENT HOME, THE",200 FAIRMAN AVENUE,WATSEKA,IL,60970,8154327768,460,Iroquois,N,Non profit - Corporation,35,32.4,NA,Medicare and Medicaid,N,IROQUOIS MEMORIAL HOSPITAL AND RESIDENT HOME,2003-08-18,NA,NA,NA,NA,NA,NA,NA,N,NA,N,N,N,Resident,Yes,4,NA,4,NA,3,NA,3,NA,NA,2,3,NA,NA,NA,2.76542,0.38199,1.08367,1.46566,4.23108,3.8864899999999998,0.8699,0.00487,NA,26,NA,26,NA,26,1.41686,1.01809,2.37413,0.87587,0.6916,3.9416,3.49673,2.69733,0.37259,1.05699,4.1269,3.7908,2024-06-26,9,9,0,48,1,0,48,2023-05-04,6,3,3,48,1,0,48,48,NA,0,0,0,0,"200 FAIRMAN AVENUE,WATSEKA,IL,60970",40.7655,-87.733,NA,2026-06-01
146050,THE HAVEN OF ARCOLA,422 EAST FOURTH STREET,ARCOLA,IL,61910,2172683022,190,Douglas,N,For profit - Limited Liability company,100,70.7,NA,Medicare and Medicaid,N,HAVEN OF ARCOLA LLC,2003-05-01,HAVEN HEALTHCARE,761,7,1.3,1.9,1,1.6,N,NA,Y,N,N,Resident,Yes,1,NA,2,NA,1,NA,2,NA,1,NA,1,NA,NA,NA,1.44916,0.82033,0.31299,1.13332,2.58249,2.33233,0.24515,0.00976,37.2,NA,66.7,NA,0,NA,1.58851,1.14143,2.66175,0.98199,0.77539,4.41913,3.92036,1.26074,0.71367,0.2723,2.24671,2.02908,2025-09-10,20,11,9,140,1,0,140,2024-11-08,19,6,13,104,1,0,104,131,NA,0,0,0,0,"422 EAST FOURTH STREET,ARCOLA,IL,61910",39.6771,-88.303,NA,2026-06-01
146051,BARRY HEALTHCARE & SR LIVING,1313 PRATT STREET,BARRY,IL,62312,2173352326,830,Pike,N,For profit - Corporation,76,56.8,NA,Medicare and Medicaid,N,BARRY HEALTHCARE AND SENIOR LIVING LLC,2003-08-01,POINTE MANAGEMENT,776,12,1.7,2.3,1.3,1.3,N,NA,N,N,N,Resident,Yes,3,NA,3,NA,2,NA,2,NA,1,NA,2,NA,NA,NA,1.95524,1.00437,0.30405,1.30842,3.26365,2.99728,0.18763,0.00769,50,NA,20,NA,NA,26,1.27423,0.9156,2.13513,0.7877,0.62198,3.54482,3.14473,2.12056,1.08929,0.32976,3.53961,3.25071,2026-01-16,5,5,0,64,1,0,64,2023-12-12,12,7,5,128,2,64,192,96,NA,2,71275,2,4,"1313 PRATT STREET,BARRY,IL,62312",39.6908,-91.033,NA,2026-06-01
146052,ALHAMBRA REHAB & HEALTHCARE,"417 EAST MAIN STREET, BOX 310",ALHAMBRA,IL,62001,6184883565,680,Madison,Y,For profit - Corporation,57,41.2,NA,Medicare and Medicaid,N,ALHAMBRA REHAB & HEALTHCARE LLC,2003-08-26,WLC MANAGEMENT FIRM,570,18,2.7,3.8,1.4,1.4,N,NA,N,N,N,Resident,Yes,4,NA,5,NA,2,NA,2,NA,NA,2,1,24,NA,NA,1.70009,0.72641,0.36798,1.09438,2.79448,2.52325,0.25743,0.01787,59.3,NA,77.8,NA,NA,26,1.20714,0.86739,2.02271,0.74623,0.58923,3.35818,2.97915,1.94632,0.83161,0.42127,3.19921,2.8887,2025-05-08,0,0,0,0,0,0,0,2024-08-02,11,7,4,80,1,0,80,20,NA,0,0,0,0,"417 EAST MAIN STREET, BOX 310,ALHAMBRA,IL,62001",38.891,-89.727,NA,2026-06-01
146053,ALIYA OF PALOS PARK,12220 SOUTH WILL COOK ROAD,PALOS PARK,IL,60464,6302572291,141,Cook,Y,For profit - Corporation,129,121.6,NA,Medicare and Medicaid,N,ALIYA OF PALOS PARK LLC,2003-10-01,ALIYA HEALTHCARE,663,12,2.6,2.5,1.4,4.3,N,NA,N,N,N,Resident,Yes,1,NA,2,NA,4,NA,5,NA,2,NA,1,NA,NA,NA,1.87325,0.91268,0.54185,1.45454,3.32779,3.24793,0.57221,0.04619,54.6,NA,56.5,NA,1,NA,1.85391,1.33213,3.1064600000000002,1.14605,0.90494,5.15745,4.57535,1.39639,0.68035,0.40392,2.48065,2.42112,2025-04-25,21,15,6,152,1,0,152,2024-05-17,18,7,15,235,1,0,235,172.75,NA,4,354885,2,6,"12220 SOUTH WILL COOK ROAD,PALOS PARK,IL,60464",41.6669,-87.913,NA,2026-06-01
146054,GALLATIN MANOR,900 WEST RACE STREET,RIDGWAY,IL,62979,6182728831,380,Gallatin,N,For profit - Limited Liability company,71,38.3,NA,Medicare and Medicaid,N,GALLATIN MANOR LLC,2003-09-15,STERN CONSULTANTS,661,23,2.5,2.4,2.2,3.9,N,NA,N,N,N,Resident,Yes,4,NA,5,NA,4,NA,5,NA,4,NA,1,NA,NA,NA,2.70148,0.85189,0.38065,1.23254,3.93402,2.93562,0.29108,0.12724,35,NA,57.1,NA,1,NA,1.74291,1.25238,2.92047,1.07743,0.85076,4.84866,4.30141,2.14203,0.67547,0.30182,3.11932,2.32768,2025-09-19,3,2,1,24,1,0,24,2024-09-12,5,3,2,28,1,0,28,25,NA,0,0,0,0,"900 WEST RACE STREET,RIDGWAY,IL,62979",37.7938,-88.266,NA,2026-06-01
146056,Arc at Kankakee,901 NORTH ENTRANCE AVENUE,KANKAKEE,IL,60901,8159394506,540,Kankakee,Y,For profit - Limited Liability company,51,25.3,NA,Medicare and Medicaid,N,Legal Business Name Not Available,2003-12-01,ASCENSION LIVING,48,16,2.9,2.6,3.4,3.6,N,NA,N,N,N,Resident,Yes,2,NA,3,NA,2,NA,2,NA,3,NA,1,24,NA,NA,2.99127,1.04697,0.57004,1.61701,4.60829,4.43138,0.51804,0,NA,26,NA,26,NA,26,1.44634,1.03927,2.42353,0.8941,0.70599,4.02362,3.56949,2.85815,1.00038,0.54467,4.4032,4.23417,2025-05-09,5,5,0,32,1,0,32,2024-04-26,6,1,5,239,1,0,239,83.75,NA,1,86813,0,1,"901 NORTH ENTRANCE AVENUE,KANKAKEE,IL,60901",41.1308,-87.869,NA,2026-06-01
146057,MONMOUTH REHAB AND NURSING,117 SOUTH I STREET,MONMOUTH,IL,61462,3097343811,984,Warren,N,For profit - Limited Liability company,58,38,NA,Medicare and Medicaid,N,MONMOUTH REHAB AND NURSING LLC,2003-12-01,STERN CONSULTANTS,661,23,2.5,2.4,2.2,3.9,N,NA,N,N,N,Resident,Yes,1,NA,1,NA,4,NA,4,NA,NA,2,2,NA,NA,NA,1.98468,0.61334,0.6308,1.24413,3.22881,2.86986,0.45884,2.9e-4,34.5,NA,60,NA,1,NA,1.42985,1.02742,2.39589,0.8839,0.69794,3.97773,3.52878,1.91823,0.5928,0.60968,3.1207,2.77377,2026-03-20,26,14,12,267,1,0,267,2024-12-20,13,7,6,183,1,0,183,246,NA,3,214230,1,4,"117 SOUTH I STREET,MONMOUTH,IL,61462",40.9121,-90.659,NA,2026-06-01
146058,ALIYA OF EVANSTON,1300 OAK AVENUE,EVANSTON,IL,60201,8478691300,141,Cook,Y,For profit - Limited Liability company,57,52.9,NA,Medicare and Medicaid,N,ALIYA OF EVANSTON LLC,2004-02-01,ALIYA HEALTHCARE,663,12,2.6,2.5,1.4,4.3,N,NA,N,N,N,Resident,Yes,4,NA,3,NA,5,NA,5,NA,4,NA,2,NA,NA,NA,1.67331,0.54781,1.00501,1.55282,3.22613,3.23807,1.15809,0.0444,47.1,NA,66.7,NA,1,NA,2.04996,1.473,3.43496,1.26724,1.00063,5.70284,5.05918,1.12806,0.36931,0.67753,2.17489,2.18294,2025-11-20,6,3,3,60,1,0,60,2025-01-24,15,6,9,159,1,0,159,84.75,NA,1,52199,1,2,"1300 OAK AVENUE,EVANSTON,IL,60201",42.0413,-87.687,NA,2026-06-01
146059,"GROVE HEALTH & REHAB CTR, THE",873 GROVE STREET,JACKSONVILLE,IL,62650,2174793400,770,Morgan,N,For profit - Limited Liability company,175,136.1,NA,Medicare and Medicaid,N,THE GROVE HEALTH AND REHAB CENTER LLC,2004-04-19,SUMMIT HEALTHCARE CONSULTING,796,9,2.6,3.2,1.3,3.2,N,NA,Y,N,N,Resident,Yes,1,NA,1,NA,4,NA,4,NA,3,NA,2,NA,NA,NA,2.27372,0.68492,0.45725,1.14217,3.41589,2.88479,0.28925,0.04106,46,NA,29.4,NA,1,NA,1.67305,1.20217,2.8034,1.03424,0.81665,4.65429,4.12898,1.87814,0.56576,0.3777,2.8216,2.3829,2025-08-29,8,3,6,239,1,0,239,2024-09-13,17,8,11,160,1,0,160,219.25,1,3,76577,0,3,"873 GROVE STREET,JACKSONVILLE,IL,62650",39.7306,-90.241,NA,2026-06-01
146061,BROOKDALE PLAZA LISLE SNF,1800 ROBIN LANE,LISLE,IL,60532,6303535519,250,Du Page,Y,For profit - Corporation,55,48.4,NA,Medicare and Medicaid,N,"BROOKDALE LIVING COMMUNITIES OF ILLINOIS - DNC, LLC",2004-02-23,BROOKDALE SENIOR LIVING,93,14,3.4,2.6,4.1,4.4,Y,NA,N,N,N,Resident,Yes,5,NA,4,NA,4,NA,5,NA,3,NA,5,NA,NA,NA,2.57356,0.38954,1.51561,1.90515,4.47871,4.11692,1.19992,0.08836,36.7,NA,42.1,NA,0,NA,1.33637,0.96025,2.23926,0.82612,0.65232,3.71769,3.29809,2.66138,0.40284,1.56733,4.63154,4.25741,2024-09-20,8,7,1,56,1,0,56,2023-10-05,8,6,2,76,1,0,76,61,NA,1,10059,0,1,"1800 ROBIN LANE,LISLE,IL,60532",41.7885,-88.086,NA,2026-06-01
146062,CENTER HOME HISPANIC ELDERLY,1401 NORTH CALIFORNIA,CHICAGO,IL,60622,7737828700,141,Cook,Y,For profit - Limited Liability company,156,116.1,NA,Medicare and Medicaid,N,"CENTER HOME FOR HISPANIC ELDERLY, LLC",2004-06-01,ICARE CONSULTING SERVICES,762,7,1,1.1,1.6,2.3,N,NA,N,N,N,Resident,Yes,1,NA,1,NA,1,NA,1,NA,2,NA,2,NA,NA,NA,1.93673,0.55772,0.49263,1.05035,2.98708,2.59586,0.27012,0.04671,37,NA,35.7,NA,1,NA,1.49163,1.07182,2.49941,0.9221,0.7281,4.14961,3.68126,1.79435,0.51672,0.45641,2.76749,2.40502,2026-01-23,18,15,3,184,1,0,184,2025-01-16,51,19,32,596,1,0,596,287,NA,8,428860,3,11,"1401 NORTH CALIFORNIA,CHICAGO,IL,60622",41.9066,-87.697,NA,2026-06-01
146063,ALLURE OF WALNUT,308 SOUTH SECOND STREET,WALNUT,IL,61376,8153792131,050,Bureau,N,For profit - Limited Liability company,62,41.7,NA,Medicare and Medicaid,N,ALLURE OF WALNUT LLC,2004-06-01,ALLURE HEALTHCARE SERVICES,25,15,2.5,2.9,1.7,2.5,N,NA,N,N,N,Resident,Yes,5,NA,5,NA,4,NA,5,NA,3,NA,2,NA,NA,NA,2.00915,0.57818,0.64707,1.22525,3.23439,2.84965,0.40157,0.01889,37.5,NA,28.6,NA,0,NA,1.67653,1.20467,2.80923,1.0364,0.81835,4.66398,4.13758,1.65615,0.4766,0.53338,2.66613,2.34898,2025-04-24,7,7,0,28,1,0,28,2024-05-23,5,3,2,20,1,0,20,26,0,0,0,0,0,"308 SOUTH SECOND STREET,WALNUT,IL,61376",41.5534,-89.598,NA,2026-06-01
146065,Abbington Vlge Nrsg & Rhb Ctr,31 WEST CENTRAL,ROSELLE,IL,60172,6308945058,250,Du Page,Y,For profit - Corporation,82,61.7,NA,Medicare and Medicaid,N,ABBINGTON VILLAGE NURSING AND REHABILITATION CENTER LLC,2004-08-01,WISSATI IRREVOCABLE TRUST,861,5,2,2.8,1.4,2.8,N,NA,N,N,N,Resident,Yes,3,NA,3,NA,2,NA,4,NA,1,NA,2,NA,NA,NA,1.57182,0.15054,1.26348,1.41401,2.98584,2.51525,0.87841,0.04689,53.3,NA,50,NA,1,NA,2.00321,1.43941,3.35662,1.23834,0.97781,5.57278,4.9438,1.08437,0.10385,0.87165,2.05987,1.73522,2025-02-21,17,11,6,120,1,0,120,2024-03-08,15,14,1,88,1,0,88,112,NA,0,0,0,0,"31 WEST CENTRAL,ROSELLE,IL,60172",41.9835,-88.082,NA,2026-06-01
146066,ALPINE FIRESIDE HEALTH CENTER,3650 NORTH ALPINE ROAD,ROCKFORD,IL,61114,8158777408,991,Winnebago,Y,For profit - Corporation,66,33.5,NA,Medicare and Medicaid,N,ALPINE FIRESIDE HEALTH CENTER LTD,2004-08-09,NA,NA,NA,NA,NA,NA,NA,N,NA,N,N,N,Resident,Yes,3,NA,3,NA,1,NA,3,NA,1,NA,5,NA,NA,NA,3.41167,0.65652,0.84356,1.50007,4.91174,4.5918,0.78877,0.16857,47.1,NA,33.3,NA,0,NA,1.22855,0.88278,2.0586,0.75947,0.59969,3.41775,3.032,3.83771,0.7385,0.9489,5.52511,5.16521,2025-12-10,11,5,7,76,2,38,114,2024-10-11,7,4,3,56,1,0,56,99.5,NA,1,85050,1,2,"3650 NORTH ALPINE ROAD,ROCKFORD,IL,61114",42.3139,-89.029,NA,2026-06-01
146067,BRIA OF GENEVA,1101 EAST STATE STREET,GENEVA,IL,60134,6302327544,530,Kane,Y,For profit - Limited Liability company,107,94.8,NA,Medicare and Medicaid,N,"GENEVA NURSING AND REHABILITATION CENTER, LP",2004-10-01,BRIA HEALTH SERVICES,88,15,1.3,1.7,1.1,2.9,N,NA,N,N,N,Resident,Yes,3,NA,4,NA,3,NA,5,NA,2,NA,1,NA,NA,NA,2.4192,0.84869000000000006,0.53262,1.38131,3.80051,3.03537,0.52471,0.10736,58.1,NA,53.3,NA,0,NA,1.75578,1.26162,2.94203,1.08539,0.85704,4.88446,4.33317,1.90415,0.668,0.41923,2.99138,2.38914,2024-06-26,8,8,0,44,1,0,44,2023-05-26,12,4,8,84,1,0,84,54,NA,0,0,0,0,"1101 EAST STATE STREET,GENEVA,IL,60134",41.8875,-88.283,NA,2026-06-01
146068,SUNNY ACRES NURSING HOME,19130 SUNNY ACRES ROAD,PETERSBURG,IL,62675,2176322334,730,Menard,Y,For profit - Individual,99,74.4,NA,Medicare and Medicaid,N,SUNNY ACRES,2004-10-01,HERITAGE OPERATIONS GROUP,651,9,1.9,2.6,2.2,1.4,N,NA,Y,N,N,Both,Yes,1,NA,1,NA,2,NA,2,NA,2,NA,1,NA,NA,NA,1.91095,0.60467,0.56715,1.17182,3.08277,2.79119,0.52473,0.01097,58.6,NA,60,NA,1,NA,1.46963,1.05601,2.46256,0.9085,0.71736,4.08842,3.62697,1.79696,0.5686,0.53332,2.89889,2.6247,2025-03-05,28,14,14,208,2,104,312,2023-12-08,12,7,5,159,1,0,159,273.75,NA,3,293645,2,5,"19130 SUNNY ACRES ROAD,PETERSBURG,IL,62675",39.9893,-89.826,NA,2026-06-01
146069,"EAST BANK CENTER, LLC",6131 PARK RIDGE ROAD,LOVES PARK,IL,61111,8156336810,991,Winnebago,Y,For profit - Limited Liability company,54,31.2,NA,Medicare and Medicaid,N,EAST BANK CENTER LLC,2004-08-30,NA,NA,NA,NA,NA,NA,NA,N,NA,N,N,N,Resident,Yes,4,NA,4,NA,3,NA,NA,2,3,NA,4,NA,NA,NA,2.69981,1.18146,1.04935,2.2308,4.93062,4.35542,1.06979,0.36381,59.7,NA,50,NA,1,NA,1.5088,1.08415,2.52819,0.93271,0.73648,4.19738,3.72364,2.47287,1.08214,0.96114,4.51615,3.98931,2025-07-24,6,3,3,40,1,0,40,2024-09-11,11,6,5,76,1,0,76,49,NA,0,0,1,1,"6131 PARK RIDGE ROAD,LOVES PARK,IL,61111",42.3179,-89.068,NA,2026-06-01
146070,TWIN WILLOWS NURSING CENTER,1600 NORTH BROADWAY,SALEM,IL,62881,6185480542,690,Marion,N,For profit - Corporation,72,25,NA,Medicare and Medicaid,N,TWIN WILLOWS NURSING CENTER INC,2004-10-01,NA,NA,NA,NA,NA,NA,NA,N,NA,N,N,N,Resident,Yes,3,NA,4,NA,1,NA,1,NA,NA,2,4,NA,NA,NA,2.49511,0.71237,0.53643,1.2488,3.74391,3.43962,0.35923,0,40.6,NA,NA,27,0,NA,1.17724,0.84591,1.97262,0.72775,0.57464,3.27501,2.90537,2.92902,0.83626,0.62972,4.395,4.03778,2025-01-16,12,12,0,72,1,0,72,2024-01-05,3,2,1,24,1,0,24,60,NA,0,0,0,0,"1600 NORTH BROADWAY,SALEM,IL,62881",38.6421,-88.943,NA,2026-06-01
146071,BELVIDERE HEALTH AND REHAB,1701 5TH AVENUE,BELVIDERE,IL,61008,8155475451,030,Boone,Y,For profit - Limited Liability company,80,54.5,NA,Medicare and Medicaid,N,GARDENS OF BELVIDERE LLC,2004-11-04,NA,NA,NA,NA,NA,NA,NA,N,NA,N,N,N,Resident,Yes,4,NA,4,NA,3,NA,4,NA,3,NA,3,NA,NA,NA,1.72831,0.11221,0.89526,1.00748,2.73579,2.2735,0.67297,0.09319,19.4,NA,11.1,NA,0,NA,1.4395,1.03436,2.41206,0.88987,0.70265,4.00459,3.5526,1.65924,0.10773,0.85949,2.62646,2.18264,2025-06-25,6,4,2,28,1,0,28,2024-06-13,8,7,1,48,1,0,48,33,NA,0,0,0,0,"1701 5TH AVENUE,BELVIDERE,IL,61008",42.2436,-88.847,NA,2026-06-01
146075,Evercare of Granite City,3500 CENTURY DRIVE,GRANITE CITY,IL,62040,6188772700,680,Madison,Y,For profit - Limited Liability company,86,80,NA,Medicare and Medicaid,N,Legal Business Name Not Available,2004-12-20,EVERCARE SKILLED NURSING,804,11,1.5,1.8,1.1,2.5,N,NA,Y,N,N,Resident,Yes,1,NA,2,NA,3,NA,3,NA,3,NA,1,NA,NA,NA,1.67399,0.6761,0.35256,1.02866,2.70265,2.39474,0.3428,0.04431,68.1,NA,0,NA,0,NA,1.30632,0.93866,2.18889,0.80754,0.63764,3.63408,3.22391,1.77094,0.71526,0.37298,2.85918,2.53344,2025-09-19,5,2,3,72,1,0,72,2024-10-18,7,3,4,60,1,0,60,69,NA,2,32523,0,2,"3500 CENTURY DRIVE,GRANITE CITY,IL,62040",38.7284,-90.134,NA,2026-06-01
146076,GOLDWATER CARE CLINTON,1 PARK LANE WEST,CLINTON,IL,61727,2179358500,180,De Witt,N,For profit - Corporation,134,104.3,NA,Medicare and Medicaid,N,GOLDWATER CARE CLINTON LLC,2005-02-02,GOLDWATER CARE,699,11,1.6,2,1.2,2.6,N,SFF Candidate,Y,N,N,Resident,Yes,1,NA,1,NA,2,NA,2,NA,2,NA,1,24,NA,NA,2.29221,0.87897,0.18852,1.06749,3.3597,3.00466,0.10102,0.04798,72.7,NA,60,NA,1,NA,1.65293,1.18772,2.7697,1.02181,0.80684,4.59834,4.07935,1.91646,0.73488,0.15762,2.80896,2.51211,2026-02-18,51,24,30,464,2,232,696,2024-12-05,51,20,34,332,1,0,332,605,NA,2,286544,1,3,"1 PARK LANE WEST,CLINTON,IL,61727",40.1447,-88.971,NA,2026-06-01
146077,SERENITY ESTATES AT MORRIS,1223 EDGEWATER,MORRIS,IL,60450,8154166500,400,Grundy,Y,For profit - Limited Liability company,142,118.2,NA,Medicare and Medicaid,N,"MORRIS NURSING, LLC",2005-02-14,SERENITY ESTATES,882,5,2.2,3,2,2.4,N,NA,N,N,N,Both,Yes,1,NA,3,NA,1,NA,1,NA,1,NA,1,NA,NA,NA,1.79619,0.53729,0.62109,1.15838,2.95457,2.66954,0.46605,0.03421,NA,26,NA,26,1,NA,1.65531,1.18943,2.77369,1.02328,0.808,4.60497,4.08522,1.49959,0.44856,0.51853,2.46668,2.22872,2024-10-11,19,13,6,116,1,0,116,2023-09-28,17,10,8,116,1,0,116,116,NA,0,0,0,0,"1223 EDGEWATER,MORRIS,IL,60450",41.3675,-88.448,NA,2026-06-01
146078,AHVA CARE OF STICKNEY,3900 SOUTH OAK PARK AVENUE,STICKNEY,IL,60402,7084847543,141,Cook,Y,For profit - Corporation,51,38.2,NA,Medicare and Medicaid,N,AHVA CARE OF STICKNEY LLC,2005-04-05,NA,NA,NA,NA,NA,NA,NA,N,NA,N,Y,N,Resident,Yes,3,NA,4,NA,3,NA,5,NA,2,NA,1,NA,NA,NA,2.36347,0.57514,1.06621,1.64134,4.00481,3.69046,0.88376,0.02515,NA,26,NA,26,1,NA,1.90242,1.36699,3.18774,1.17604,0.92862,5.2924,4.69506,1.71689,0.4178,0.77452,2.90921,2.68086,2024-05-23,2,1,1,36,1,0,36,2023-03-16,7,1,6,84,1,0,84,48,NA,0,0,0,0,"3900 SOUTH OAK PARK AVENUE,STICKNEY,IL,60402",41.7835,-87.791,NA,2026-06-01
146080,COUNTRYSIDE CARE CENTER,400  WEST GRANT STREET,MACOMB,IL,61455,3098372386,630,Mc Donough,N,For profit - Limited Liability company,62,44.8,NA,Medicare and Medicaid,N,COUNTRYSIDE CARE CENTER LLC,2005-06-01,STERN CONSULTANTS,661,23,2.5,2.4,2.2,3.9,N,NA,N,N,N,Resident,Yes,1,NA,1,NA,4,NA,4,NA,NA,2,1,NA,NA,NA,1.94087,0.66696,0.36474,1.0317,2.97257,2.81806,0.34731,0,62.5,NA,83.3,NA,2,NA,1.58587,1.13953,2.65733,0.98035,0.7741,4.41179,3.91385,1.69133,0.58121,0.31785,2.59038,2.45573,2026-01-14,28,17,11,292,1,0,292,2024-11-22,24,7,17,391,1,0,391,316.75,0,7,317916,0,7,"400  WEST GRANT STREET,MACOMB,IL,61455",40.4478,-90.676,NA,2026-06-01
146083,MANOR COURT OF PRINCETON,140 NORTH SIXTH STREET,PRINCETON,IL,61356,8158756600,050,Bureau,N,Non profit - Corporation,125,102.3,NA,Medicare and Medicaid,N,RESIDENTIAL ALTERNATIVES OF ILLINOIS INC,2005-03-30,RESIDENTIAL ALTERNATIVES OF ILLINOIS,450,7,2.9,3.1,3.6,2.3,N,NA,N,N,N,Resident,Yes,4,NA,4,NA,3,NA,4,NA,3,NA,4,NA,NA,NA,2.74681,0.55956,0.75159,1.31115,4.05796,3.71809,0.61018,0.05425,29.4,NA,17.6,NA,0,NA,1.56361,1.12354,2.62002,0.96659,0.76324,4.34985,3.8589,2.42773,0.49456,0.66429,3.58657,3.28618,2025-04-30,8,7,1,32,1,0,32,2024-05-30,10,9,1,52,1,0,52,37,0,0,0,0,0,"140 NORTH SIXTH STREET,PRINCETON,IL,61356",41.377,-89.451,NA,2026-06-01
146084,La Bella of Morrison,500 NORTH JACKSON STREET,MORRISON,IL,61270,8157727288,988,Whiteside,N,For profit - Limited Liability company,74,37,NA,Medicare and Medicaid,N,"HIGHLIGHT HC OF MORRISON, LLC",2005-04-26,JENMAX GROUP,875,10,1,1.7,1,2.8,N,NA,N,N,N,Resident,Yes,1,NA,2,NA,4,NA,4,NA,NA,2,1,NA,NA,NA,1.95355,0.61399,0.4683,1.08229,3.03584,2.62273,0.35536,0.0085,100,NA,100,NA,NA,26,1.61316,1.15914,2.70305,0.99722,0.78742,4.4877,3.98119,1.67358,0.526,0.40119,2.60077,2.24686,2025-03-05,23,11,12,168,1,0,168,2024-04-11,10,6,4,88,1,0,88,148,NA,2,49925,0,2,"500 NORTH JACKSON STREET,MORRISON,IL,61270",41.8125,-89.954,NA,2026-06-01
146085,LA BELLA AT CLIFTON,1190 E 2900 NORTH ROAD,CLIFTON,IL,60927,8156942306,460,Iroquois,N,For profit - Limited Liability company,99,76,NA,Medicare and Medicaid,N,CLIFTON NURSING AND REHAB CENTER LLC,2005-05-21,JENMAX GROUP,875,10,1,1.7,1,2.8,N,NA,Y,N,N,Resident,Yes,1,NA,2,NA,3,NA,5,NA,1,NA,1,24,NA,NA,2.0114899999999998,0.91408,0.20448,1.11856,3.13005,2.76637,0.1054,0.02975,45,NA,83.3,NA,NA,26,1.73531,1.24691,2.90773,1.07273,0.84705,4.82751,4.28265,1.60192,0.72795,0.16285,2.49272,2.20309,2025-05-06,3,2,1,24,1,0,24,2024-05-21,38,12,26,308,2,154,462,133.5,NA,4,146139,3,7,"1190 E 2900 NORTH ROAD,CLIFTON,IL,60927",40.9326,-87.935,22,2026-06-01
146086,THE HAVEN OF TUSCOLA,1203 EGYPTIAN TRAIL,TUSCOLA,IL,61953,2172534791,190,Douglas,N,For profit - Limited Liability company,71,46.6,NA,Medicare and Medicaid,N,HAVEN OF TUSCOLA LLC,2005-07-01,HAVEN HEALTHCARE,761,7,1.3,1.9,1,1.6,N,NA,N,N,N,Resident,Yes,1,NA,1,NA,2,NA,2,NA,1,NA,1,24,NA,NA,2.05126,0.91374,0.32232,1.23606,3.28732,2.85254,0.24382,0.01553,59.2,NA,85.7,NA,0,NA,1.6377,1.17678,2.74417,1.01239,0.7994,4.55597,4.04176,1.73095,0.77106,0.27199,2.774,2.40711,2025-01-28,19,14,5,200,1,0,200,2024-02-22,57,25,32,416,1,0,416,254,NA,3,68631,0,3,"1203 EGYPTIAN TRAIL,TUSCOLA,IL,61953",39.7843,-88.283,NA,2026-06-01
146088,HELIA HEALTHCARE OF BENTON,1310 MARK FRANKLIN LOUIS STREET,BENTON,IL,62812,6184393500,360,Franklin,N,For profit - Corporation,83,51.7,NA,Medicare and Medicaid,N,"HELIA HEALTHCARE OF BENTON, LLC",2005-08-12,HELIA HEALTHCARE,263,13,2.3,2.7,1.3,2.8,N,NA,N,N,N,Resident,Yes,4,NA,5,NA,3,NA,3,NA,4,NA,1,24,NA,NA,1.89892,0.64482,0.31494,0.95976,2.85869,2.63974,0.18195,0.03739,51.1,NA,55.6,NA,1,NA,1.52078,1.09276,2.54826,0.94012,0.74233,4.23071,3.75321,1.7256,0.58597,0.28619,2.59776,2.3988,2025-05-22,4,3,1,32,1,0,32,2024-04-25,1,1,0,4,1,0,4,25,NA,0,0,0,0,"1310 MARK FRANKLIN LOUIS STREET,BENTON,IL,62812",38.0031,-88.938,22,2026-06-01
146090,HAWTHORNE INN OF DANVILLE,3222 INDEPENDENCE DRIVE,DANVILLE,IL,61832,2174311600,982,Vermilion,N,For profit - Corporation,80,75.5,NA,Medicare and Medicaid,N,RESIDENTIAL ALTERNATIVES OF ILLINOIS INC,2005-06-01,RESIDENTIAL ALTERNATIVES OF ILLINOIS,450,7,2.9,3.1,3.6,2.3,Y,NA,N,N,N,Resident,Yes,4,NA,4,NA,2,NA,2,NA,3,NA,4,NA,NA,NA,2.70089,0.20071,1.05207,1.25277,3.95366,3.47168,0.68737,0.03199,44.9,NA,36.4,NA,0,NA,1.55766,1.11926,2.61006,0.96292,0.76033,4.33331,3.84422,2.39625,0.17807,0.9334,3.50772,3.08011,2025-05-01,10,4,6,64,1,0,64,2024-04-17,12,10,2,80,1,0,80,68,NA,0,0,0,0,"3222 INDEPENDENCE DRIVE,DANVILLE,IL,61832",40.1772,-87.62,NA,2026-06-01
146091,MANOR COURT OF PERU,3230 BECKER DRIVE,PERU,IL,61354,8152201400,580,La Salle,N,Non profit - Corporation,130,109.5,NA,Medicare and Medicaid,N,RESIDENTIAL ALTERNATIVES OF ILLINOIS INC,2005-08-19,RESIDENTIAL ALTERNATIVES OF ILLINOIS,450,7,2.9,3.1,3.6,2.3,N,NA,N,N,N,Resident,Yes,4,NA,4,NA,3,NA,3,NA,3,NA,3,NA,NA,NA,2.35228,0.40983,0.77411,1.18394,3.53622,3.16708,0.44027,0.0876,32.7,NA,23.5,NA,0,NA,1.5791,1.13467,2.64599,0.97617,0.7708,4.39296,3.89714,2.05863,0.35867,0.67747,3.09477,2.77171,2025-08-28,3,2,1,83,1,0,83,2024-10-31,6,5,1,24,1,0,24,68.25,NA,2,39245,0,2,"3230 BECKER DRIVE,PERU,IL,61354",41.3491,-89.121,NA,2026-06-01
146092,INTEGRITY HC OF HERRIN,1900 NORTH PARK AVENUE,HERRIN,IL,62948,6189422525,990,Williamson,N,For profit - Corporation,49,39,NA,Medicare and Medicaid,N,"HERRIN REHABILITATION AND NURSING CENTER, LLC",2005-10-20,INTEGRITY HEALTHCARE COMMUNITIES,652,5,1.8,2.2,1.4,2.4,N,NA,N,N,N,Resident,Yes,2,NA,3,NA,1,NA,1,NA,NA,2,2,NA,NA,NA,2.59055,0.84209,0.51358,1.35567,3.94622,3.57839,0.36227,0.01507,81.4,NA,72.7,NA,1,NA,1.44658,1.03945,2.42393,0.89425,0.70611,4.0243,3.57009,2.47485,0.80448,0.49064,3.76997,3.41856,2024-09-23,16,12,4,132,1,0,132,2023-08-07,10,9,3,80,1,0,80,119,0,0,0,0,0,"1900 NORTH PARK AVENUE,HERRIN,IL,62948",37.8204,-89.028,NA,2026-06-01
146093,MEADOWBROOK MANOR - LAGRANGE,339 9TH AVENUE,LA GRANGE,IL,60525,7083544660,141,Cook,Y,For profit - Limited Liability company,197,140.6,NA,Medicare and Medicaid,N,"BUTTERFIELD HEALTH CARE VII, LLC",2005-10-31,NA,NA,NA,NA,NA,NA,NA,N,NA,N,N,N,Resident,Yes,1,NA,2,NA,2,NA,2,NA,2,NA,1,NA,NA,NA,2.26297,0.87936,0.82753,1.70689,3.96986,3.3566,0.60547,0.04683,51.3,NA,61.1,NA,2,NA,1.80065,1.29387,3.01722,1.11313,0.87894,5.00929,4.44391,1.73679,0.67489,0.63512,3.0468,2.57614,2025-07-25,17,11,7,104,1,0,104,2024-06-06,21,9,12,223,1,0,223,133.75,NA,2,57714,0,2,"339 9TH AVENUE,LA GRANGE,IL,60525",41.8079,-87.864,NA,2026-06-01
146094,EDEN VISTA BURR RIDGE,6801 HIGHGROVE BOULEVARD,BURR RIDGE,IL,60527,6309202900,250,Du Page,Y,For profit - Limited Liability company,29,19.6,NA,Medicare,N,BURR RIDGE SENIOR OPERATIONS LLC,2005-10-11,NA,NA,NA,NA,NA,NA,NA,N,NA,N,N,N,Resident,Yes,4,NA,4,NA,3,NA,NA,2,3,NA,4,NA,NA,NA,2.5229,0.31774,1.93379,2.25153,4.77443,4.51042,1.89385,0.27735,75.6,NA,81.8,NA,1,NA,1.50223,1.07943,2.51718,0.92865,0.73328,4.17911,3.70743,2.32094,0.2923,1.77898,4.39222,4.14934,2025-12-31,5,5,0,32,1,0,32,2025-01-30,9,8,1,64,1,0,64,40,NA,0,0,0,0,"6801 HIGHGROVE BOULEVARD,BURR RIDGE,IL,60527",41.766,-87.93,NA,2026-06-01
146095,EVENGLOW LODGE,215 EAST WASHINGTON,PONTIAC,IL,61764,8158424613,610,Livingston,N,Non profit - Other,48,27,NA,Medicare and Medicaid,N,EVENGLOW LODGE,2005-12-15,NA,NA,NA,NA,NA,NA,NA,Y,NA,N,N,N,Resident,Yes,5,NA,5,NA,5,NA,5,NA,5,NA,4,NA,NA,NA,3.35899,0.78978,0.81302,1.6028,4.96179,4.32024,0.46338,0.01395,51.3,NA,50,NA,0,NA,1.21712,0.87457,2.03944,0.7524,0.59411,3.38595,3.00379,3.81394,0.89675,0.92314,5.63382,4.90538,2025-12-17,0,0,0,0,0,0,0,2024-09-05,8,8,0,32,1,0,32,8,NA,0,0,0,0,"215 EAST WASHINGTON,PONTIAC,IL,61764",40.8795,-88.627,NA,2026-06-01
146096,The Haven of Ridgeview,413 RIDGE LANE,OBLONG,IL,62449,6185924228,150,Crawford,N,For profit - Limited Liability company,55,NA,10,Medicare and Medicaid,N,RIDGEVIEW HEALTH AND REHAB CENTER LLC,2005-11-30,CREST HEALTHCARE CONSULTING,170,13,2.1,2.5,1.3,2.8,N,NA,N,N,N,Resident,Yes,2,NA,3,NA,1,NA,1,NA,1,NA,NA,2,25,6,NA,NA,NA,NA,NA,NA,NA,NA,NA,26,NA,26,1,NA,NA,NA,NA,NA,NA,NA,NA,NA,NA,NA,NA,NA,2025-08-14,10,7,3,56,1,0,56,2024-10-10,29,12,18,276,1,0,276,111,NA,3,84882,0,3,"413 RIDGE LANE,OBLONG,IL,62449",38.9951,-87.905,NA,2026-06-01
146098,SHARON HEALTH CARE ELMS,3611 NORTH ROCHELLE,PEORIA,IL,61604,3096884412,800,Peoria,Y,For profit - Corporation,96,70,NA,Medicare and Medicaid,N,"SHARON HEALTH CARE ELMS, INC.",2006-02-01,NA,NA,NA,NA,NA,NA,NA,N,NA,N,N,N,Resident,Yes,1,NA,2,NA,1,NA,2,NA,1,NA,1,NA,NA,NA,2.57548,0.7176,0.43843,1.15603,3.73151,3.24734,0.36006,0.00452,41.2,NA,54.5,NA,0,NA,1.79487,1.28971,3.00752,1.10955,0.87612,4.99319,4.42963,1.98301,0.55252,0.33757,2.87311,2.50032,2024-10-08,14,4,11,163,1,0,163,2023-09-14,29,13,17,228,1,0,228,179.25,NA,4,185971,2,6,"3611 NORTH ROCHELLE,PEORIA,IL,61604",40.7311,-89.644,NA,2026-06-01
146099,FRIENDSHIP MANOR,1209 21ST AVENUE,ROCK ISLAND,IL,61201,3097869667,890,Rock Island,Y,Non profit - Corporation,94,78.2,NA,Medicare and Medicaid,N,FRIENDSHIP MANOR INC,2005-12-09,NA,NA,NA,NA,NA,NA,NA,Y,NA,N,N,N,Resident,Yes,4,NA,4,NA,2,NA,3,NA,1,NA,4,NA,NA,NA,2.58054,0.98675,0.70114,1.6879,4.26844,3.59408,0.4314,0.0356,35.8,NA,42.9,NA,0,NA,1.25696,0.90319,2.1062,0.77703,0.61355,3.4967800000000002,3.10211,2.83718,1.08489,0.77087,4.69295,3.95153,2024-07-24,4,2,2,60,1,0,60,2023-07-19,4,3,1,44,1,0,44,56,NA,1,10519,1,2,"1209 21ST AVENUE,ROCK ISLAND,IL,61201",41.4904,-90.58,NA,2026-06-01
146100,CASS COUNTY SENIOR LIVING & REHABILITATION LLC,530 EAST BEARDSTOWN STREET,VIRGINIA,IL,62691,2174523218,080,Cass,N,For profit - Corporation,71,29.6,NA,Medicare and Medicaid,N,CASS COUNTY SENIOR LIVING & REHABILITATION LLC,2006-01-20,WLC MANAGEMENT FIRM,570,18,2.7,3.8,1.4,1.4,N,NA,N,N,N,Resident,Yes,2,NA,3,NA,3,NA,3,NA,NA,2,1,24,NA,NA,2.07562,0.77307,0.3481,1.12118,3.1968,3.0666,0.096560000000000007,0.04512,NA,26,NA,27,NA,26,1.41402,1.01605,2.36937,0.87412,0.69022,3.9337,3.48972,2.02858,0.75555,0.34022,3.12435,2.9971,2024-12-12,9,2,7,88,1,0,88,2024-01-04,1,1,0,16,1,0,16,70,NA,0,0,0,0,"530 EAST BEARDSTOWN STREET,VIRGINIA,IL,62691",39.9474,-90.206,NA,2026-06-01
146101,WILLOWS HEALTH CENTER,4054 ALBRIGHT LANE,ROCKFORD,IL,61103,8153161500,991,Winnebago,Y,Non profit - Corporation,50,33.7,NA,Medicare and Medicaid,N,WILLOWS HEALTH CENTER,2006-04-01,NA,NA,NA,NA,NA,NA,NA,Y,NA,N,N,N,Resident,Yes,3,NA,3,NA,4,NA,5,NA,3,NA,3,NA,NA,NA,2.33521,0.67115,0.83478,1.50593,3.84114,3.59608,0.65462,0,NA,26,NA,26,NA,26,1.34837,0.96887,2.25935,0.83353,0.65817,3.75106,3.32769,2.39341,0.68788,0.85558,3.93688,3.68571,2025-11-25,12,9,4,92,1,0,92,2024-08-22,7,4,3,44,1,0,44,80,NA,1,12909,1,2,"4054 ALBRIGHT LANE,ROCKFORD,IL,61103",42.3189,-89.094,NA,2026-06-01
146102,MANOR COURT OF FREEPORT,2170 WEST NAVAJO DRIVE,FREEPORT,IL,61032,8152332400,970,Stephenson,N,Non profit - Corporation,117,112.2,NA,Medicare and Medicaid,N,RESIDENTIAL ALTERNATIVES OF ILLINOIS INC,2006-04-04,RESIDENTIAL ALTERNATIVES OF ILLINOIS,450,7,2.9,3.1,3.6,2.3,N,NA,N,N,N,Resident,Yes,2,NA,2,NA,2,NA,2,NA,1,NA,4,NA,NA,NA,2.86847,0.36886,0.74283,1.11169,3.98017,3.56029,0.58479,0.0216,29.6,NA,33.3,NA,0,NA,1.57023,1.12829,2.63112,0.97069,0.76647,4.36827,3.87524,2.52457,0.32464,0.65377,3.50298,3.13344,2024-08-29,22,8,14,200,1,0,200,2023-10-04,16,9,10,160,1,0,160,190,NA,5,75485,0,5,"2170 WEST NAVAJO DRIVE,FREEPORT,IL,61032",42.2571,-89.706,NA,2026-06-01
146103,HENDERSON COUNTY RET CENTER,604 OAKWOOD DRIVE,STRONGHURST,IL,61480,3099241123,440,Henderson,N,Non profit - Corporation,58,37.3,NA,Medicare and Medicaid,N,"HENDERSON COUNTY RETIREMENT CENTER, INC.",2006-07-01,NA,NA,NA,NA,NA,NA,NA,N,NA,N,N,N,Resident,Yes,5,NA,5,NA,4,NA,4,NA,4,NA,4,NA,NA,NA,2.23223,0.92191,0.53856,1.46047,3.6927,3.15747,0.3674,0,35.1,NA,20,NA,0,NA,1.18482,0.85136,1.98532,0.73243,0.57834,3.29609,2.92407,2.60367,1.07532,0.62817,4.30716,3.68287,2025-04-02,0,0,0,0,0,0,0,2024-05-10,3,3,0,24,1,0,24,6,NA,0,0,0,0,"604 OAKWOOD DRIVE,STRONGHURST,IL,61480",40.7419,-90.913,NA,2026-06-01
146104,THE HAVEN OF FARMER CITY,404 BROOKVIEW DRIVE,FARMER CITY,IL,61842,3099282118,180,De Witt,N,For profit - Limited Liability company,56,44.7,NA,Medicare and Medicaid,N,HAVEN OF FARMER CITY LLC,2006-08-01,HAVEN HEALTHCARE,761,7,1.3,1.9,1,1.6,N,NA,N,N,N,Resident,Yes,1,NA,2,NA,2,NA,2,NA,NA,2,1,NA,NA,NA,1.66134,0.65563,0.47764,1.13327,2.79461,2.35444,0.21803,0.04042,48.8,NA,66.7,NA,1,NA,1.60373,1.15236,2.68725,0.99139,0.78282,4.46146,3.95791,1.43161,0.56497,0.4116,2.40819,2.02888,2024-12-17,17,15,2,88,1,0,88,2023-11-13,26,23,8,291,2,146,437,175.25,NA,1,122236,1,2,"404 BROOKVIEW DRIVE,FARMER CITY,IL,61842",40.2469,-88.65,NA,2026-06-01
146105,OAK CREST,2944 GREENWOOD ACRES DRIVE,DEKALB,IL,60115,8157568461,170,De Kalb,Y,Non profit - Other,17,17,NA,Medicare,N,DEKALB AREA RETIREMENT CENTER,2006-07-31,NA,NA,NA,NA,NA,NA,NA,N,NA,N,N,N,Resident,Yes,4,NA,4,NA,3,NA,NA,2,3,NA,NA,2,6,6,NA,NA,NA,NA,NA,NA,NA,NA,NA,26,NA,26,NA,26,NA,NA,NA,NA,NA,NA,NA,NA,NA,NA,NA,NA,2024-09-12,3,3,0,48,1,0,48,2023-08-15,3,3,0,12,1,0,12,39,NA,0,0,0,0,"2944 GREENWOOD ACRES DRIVE,DEKALB,IL,60115",41.9642,-88.727,NA,2026-06-01
146106,Scott County Nursing Center,RURAL ROUTE 2,WINCHESTER,IL,62694,2177423101,940,Scott,N,Government - County,49,46,NA,Medicare and Medicaid,N,SCOTT COUNTY NURSING CENTER,2006-10-16,NA,NA,NA,NA,NA,NA,NA,N,NA,N,N,N,Both,Yes,5,NA,5,NA,2,NA,4,NA,1,NA,5,NA,NA,NA,2.31875,0.79818,0.51499,1.31317,3.63193,3.15188,0.44945,0.01745,36.4,NA,0,NA,0,NA,1.05591,0.75873,1.7693,0.65274,0.51541,2.93746,2.60592,3.03479,1.04466,0.67402,4.75347,4.12519,2024-12-12,2,1,1,28,1,0,28,2024-01-25,3,2,1,28,1,0,28,28,NA,0,0,2,2,"RURAL ROUTE 2,WINCHESTER,IL,62694",39.5506,-90.48,22,2026-06-01
146107,VI AT THE GLEN,2401 INDIGO LANE,GLENVIEW,IL,60026,8479044700,141,Cook,Y,For profit - Corporation,47,38.4,NA,Medicare,N,CC LAKE INC,2006-11-08,VI LIVING,548,10,4.8,4.3,5,4.5,Y,NA,N,N,N,Resident,Yes,5,NA,5,NA,4,NA,4,NA,4,NA,5,NA,NA,NA,2.82783,0.25489,1.4907,1.74559,4.57343,4.31474,1.3724,0.104,40.8,NA,37.5,NA,0,NA,1.35254,0.97187,2.26636,0.83612,0.66021,3.76268,3.338,2.88936,0.26044,1.52314,4.67294,4.40862,2025-06-26,0,0,0,0,0,0,0,2024-06-13,2,2,0,24,1,0,24,6,NA,0,0,0,0,"2401 INDIGO LANE,GLENVIEW,IL,60026",42.0812,-87.815,NA,2026-06-01
146108,MANOR COURT OF PEORIA,6900 NORTH STALWORTH,PEORIA,IL,61615,3096931400,800,Peoria,Y,Non profit - Corporation,50,38.4,NA,Medicare and Medicaid,N,RESIDENTIAL ALTERNATIVES OF ILLINOIS INC,2006-12-19,RESIDENTIAL ALTERNATIVES OF ILLINOIS,450,7,2.9,3.1,3.6,2.3,N,NA,N,Y,N,Resident,Yes,3,NA,3,NA,4,NA,3,NA,5,NA,4,NA,NA,NA,2.74017,0.87443,0.73557,1.61,4.35017,3.627,0.61377,0.05339,63.9,NA,63.6,NA,0,NA,1.305,0.93772,2.1867,0.80673,0.637,3.63043,3.22068,2.90178,0.92601,0.77895,4.60674,3.84091,2024-05-16,7,6,1,52,1,0,52,2023-05-19,18,11,7,261,1,0,261,104.25,NA,1,140847,0,1,"6900 NORTH STALWORTH,PEORIA,IL,61615",40.772,-89.676,NA,2026-06-01
146110,SMITH CROSSING,10501 EMILIE LANE,ORLAND PARK,IL,60467,7083262300,141,Cook,Y,Non profit - Corporation,92,77.3,NA,Medicare and Medicaid,N,WASHINGTON & JANE SMITH COMMUNITY - ORLAND PARK,2007-01-10,NA,NA,NA,NA,NA,NA,NA,Y,NA,N,N,N,Resident,Yes,4,NA,3,NA,2,NA,1,NA,4,NA,5,NA,NA,NA,3.15713,0.80178,1.45792,2.2597,5.41683,4.805,0.98758,0.07355,47,NA,27.6,NA,1,NA,1.35385,0.97282,2.26855,0.83693,0.66085,3.76633,3.34124,3.2227,0.81843,1.4882,5.52933,4.90479,2025-06-18,11,10,1,68,1,0,68,2024-06-28,14,9,5,148,1,0,148,88,NA,2,125906,1,3,"10501 EMILIE LANE,ORLAND PARK,IL,60467",41.5567,-87.873,NA,2026-06-01
146111,GOLDEN GOOD SHEPHERD HOME,101 PRAIRIE MILLS ROAD,GOLDEN,IL,62339,2176964421,000,Adams,N,Non profit - Other,46,31,NA,Medicare and Medicaid,N,GOLDEN GOOD SHEPHERD HOME,2007-07-01,NA,NA,NA,NA,NA,NA,NA,N,NA,N,N,N,Resident,Yes,3,NA,3,NA,2,NA,2,NA,1,NA,4,NA,NA,NA,2.02006,0.85783,0.64229,1.50012,3.52018,3.15124,0.4816,0.03448,35.3,NA,NA,27,NA,26,1.22964,0.88356,2.06042,0.76014,0.60022,3.42078,3.03469,2.27031,0.9641,0.72185,3.95627,3.54162,2024-11-26,9,9,0,64,2,32,96,2023-09-07,4,4,0,28,1,0,28,79,NA,0,0,1,1,"101 PRAIRIE MILLS ROAD,GOLDEN,IL,62339",40.1066,-91.028,NA,2026-06-01
146112,ARC AT BRADLEY,650 NORTH KINZIE AVE,BRADLEY,IL,60915,8159331666,540,Kankakee,Y,For profit - Corporation,120,87.7,NA,Medicare and Medicaid,N,ARC AT BRADLEY LLC,2007-07-01,ARCADIA CARE,42,22,1.5,1.8,1.3,3.1,N,NA,N,Y,N,Resident,Yes,2,NA,3,NA,2,NA,3,NA,1,NA,1,NA,NA,NA,1.92296,0.27294,0.7601,1.03304,2.956,2.72202,0.62421,0.04123,54.3,NA,46.7,NA,0,NA,1.80418,1.2964,3.02313,1.11531,0.88067,5.01911,4.45262,1.47295,0.20907,0.58222,2.26424,2.08502,2024-05-17,14,13,1,84,1,0,84,2023-04-27,19,10,9,164,1,0,164,104,NA,2,24622,0,2,"650 NORTH KINZIE AVE,BRADLEY,IL,60915",41.152,-87.851,NA,2026-06-01
146113,Greenup Rehab and Nursing,300 NORTH MARIETTA STREET,GREENUP,IL,62428,2179233186,160,Cumberland,N,For profit - Individual,54,31.4,NA,Medicare and Medicaid,N,GREENUP REHAB AND NURSING LLC,2007-06-25,STERN CONSULTANTS,661,23,2.5,2.4,2.2,3.9,N,NA,N,N,N,Resident,Yes,1,NA,1,NA,3,NA,4,NA,1,NA,2,NA,NA,NA,1.65229,0.80999,0.44477,1.25477,2.90706,2.70685,0.35768,0.01545,35.3,NA,20,NA,0,NA,1.4489,1.04111,2.42781,0.89568,0.70724,4.03072,3.57579,1.57597,0.77258,0.42423,2.77279,2.58182,2024-09-25,23,17,6,224,2,112,336,2023-12-12,11,8,3,76,1,0,76,271,0,0,0,1,1,"300 NORTH MARIETTA STREET,GREENUP,IL,62428",39.2519,-88.157,NA,2026-06-01
146114,Serenity Estates of Lena,1010 SOUTH LOGAN STREET,LENA,IL,61048,8153694561,970,Stephenson,N,For profit - Individual,92,54,NA,Medicare and Medicaid,N,"LENA LIVING CENTER, LLC",2007-07-02,SERENITY ESTATES,882,5,2.2,3,2,2.4,N,NA,N,N,N,Resident,Yes,4,NA,4,NA,2,NA,2,NA,1,NA,3,NA,NA,NA,2.37578,0.4684,0.68905,1.15745,3.53323,2.84167,0.43193,0.00712,43.4,NA,33.3,NA,2,NA,1.25011,0.89827,2.09471,0.77279,0.61021,3.47771,3.0852,2.62639,0.5178,0.76173,3.90592,3.14142,2025-03-27,13,10,3,64,1,0,64,2024-04-12,13,8,5,88,1,0,88,70,NA,0,0,0,0,"1010 SOUTH LOGAN STREET,LENA,IL,61048",42.3719,-89.829,NA,2026-06-01
146116,LA SALLE COUNTY NURSING HOME,1380 NORTH 27TH ROAD,OTTAWA,IL,61350,8154330476,580,La Salle,N,Government - County,79,65,NA,Medicare and Medicaid,N,LASALLE COUNTY BOARD OFFICE,2007-08-01,NA,NA,NA,NA,NA,NA,NA,N,NA,N,N,N,Resident,Yes,5,NA,3,NA,5,NA,5,NA,NA,2,5,NA,NA,NA,2.4906,0.22534,0.986,1.21134,3.70194,3.06313,0.63956,0.05301,41.3,NA,21.4,NA,0,NA,1.19697,0.86009,2.00568,0.73994,0.58427,3.32989,2.95406,2.87553,0.26017,1.13839,4.2741,3.53656,2024-08-15,10,10,0,92,1,0,92,2023-08-18,13,7,6,128,1,0,128,101,NA,2,146063,2,4,"1380 NORTH 27TH ROAD,OTTAWA,IL,61350",41.332,-88.895,NA,2026-06-01
146117,CASEY REHAB AND NURSING,100 N.E. 15TH,CASEY,IL,62420,2179325217,110,Clark,N,For profit - Partnership,69,48.8,NA,Medicare and Medicaid,N,CASEY REHAB AND NURSING LLC,2007-08-10,STERN CONSULTANTS,661,23,2.5,2.4,2.2,3.9,N,NA,N,N,N,Resident,Yes,2,NA,2,NA,3,NA,3,NA,3,NA,4,NA,NA,NA,2.49207,0.55164,0.86375,1.41539,3.90746,2.98684,0.47959,0.06582,48.3,NA,33.3,NA,1,NA,1.41697,1.01817,2.37432,0.87594,0.69166,3.94192,3.49701,2.43051,0.53801,0.84242,3.81094,2.91307,2025-01-17,11,8,3,76,1,0,76,2023-12-08,32,13,21,343,1,0,343,142.75,NA,2,66580,0,2,"100 N.E. 15TH,CASEY,IL,62420",39.3003,-87.989,22,2026-06-01
146118,PRAIRIEVIEW AT THE GARLANDS,6000 GARLANDS LANE,BARRINGTON,IL,60010,8478523500,570,Lake,Y,For profit - Limited Liability company,20,16.5,NA,Medicare,N,"THE GARLANDS OF BARRINGTON, LLC",2007-11-16,NA,NA,NA,NA,NA,NA,NA,Y,NA,N,N,N,Resident,Yes,5,NA,5,NA,3,NA,NA,2,3,NA,5,NA,NA,NA,3.65022,0.08097,1.79069,1.87166,5.52188,5.11061,1.42782,0.0873,37.5,NA,37.5,NA,0,NA,1.48604,1.0678,2.49005,0.91864,0.72537,4.13406,3.66747,3.39459,0.0753,1.66529,5.13518,4.75271,2025-02-19,2,2,0,20,1,0,20,2024-04-23,2,1,1,24,1,0,24,21,NA,0,0,0,0,"6000 GARLANDS LANE,BARRINGTON,IL,60010",42.1581,-88.124,NA,2026-06-01
146119,The Haven on the River,320 SOUTH 2ND STREET,GRAYVILLE,IL,62844,6183752171,987,White,N,For profit - Limited Liability company,66,47.1,NA,Medicare and Medicaid,N,Legal Business Name Not Available,2007-10-01,CREST HEALTHCARE CONSULTING,170,13,2.1,2.5,1.3,2.8,N,NA,N,N,N,Resident,Yes,1,NA,1,NA,2,NA,2,NA,2,NA,1,NA,NA,NA,1.7758100000000001,0.3076,0.51066,0.81826,2.59407,2.54323,0.40382,0.03699,NA,26,NA,26,2,NA,1.59883,1.14885,2.67905,0.98837,0.78043,4.44784,3.94583,1.53494,0.26588,0.44139,2.24222,2.19827,2025-05-16,20,5,15,259,1,0,259,2024-03-08,13,6,7,64,1,0,64,210.25,NA,1,300930,1,2,"320 SOUTH 2ND STREET,GRAYVILLE,IL,62844",38.2547,-87.999,NA,2026-06-01
146121,Benton Rehabilitation and Health Care Center,1409 NORTH MAIN STREET,BENTON,IL,62812,6184352712,360,Franklin,N,For profit - Corporation,67,38,NA,Medicare and Medicaid,N,PETERSEN HEALTH OPERATIONS LLC,2008-03-05,PETERSEN HEALTH CARE,399,12,1.8,2.4,1.2,2.2,N,NA,N,N,N,Resident,Yes,1,NA,3,NA,1,NA,1,NA,NA,2,1,NA,NA,NA,2.02719,0.4741,0.67687,1.15097,3.17816,2.74875,0.38553,0.01513,NA,26,NA,26,NA,26,1.70455,1.22481,2.85619,1.05372,0.83203,4.74194,4.20673,1.64356,0.38438,0.54877,2.57671,2.22856,2025-04-24,10,9,1,48,1,0,48,2024-04-11,20,9,11,216,1,0,216,90,NA,1,17512,0,1,"1409 NORTH MAIN STREET,BENTON,IL,62812",38.0114,-88.921,NA,2026-06-01
146122,ST PAUL'S SENIOR COMMUNITY,1021 WEST E STREET,BELLEVILLE,IL,62220,6182332095,900,St. Clair,Y,For profit - Limited Liability company,108,100.2,NA,Medicare and Medicaid,N,ST PAULS SENIOR COMMUNITY LLC,2008-06-23,TUTERA SENIOR LIVING & HEALTH CARE,531,26,2.1,2.2,1.8,3,Y,NA,N,N,N,Resident,Yes,1,NA,2,NA,2,NA,2,NA,1,NA,1,NA,NA,NA,2.24121,1.1222,0.41368,1.53588,3.77709,3.37494,0.25932,0.02764,NA,26,NA,26,NA,26,1.64035,1.17868,2.74861,1.01403,0.80069,4.56333,4.04828,1.88819,0.94544,0.34852,3.18215,2.84335,2025-01-17,13,3,10,76,1,0,76,2023-12-05,23,6,22,350,1,0,350,144.5,NA,5,227658,1,6,"1021 WEST E STREET,BELLEVILLE,IL,62220",38.5194,-89.995,NA,2026-06-01
146123,LACON REHAB AND NURSING,401 9TH STREET,LACON,IL,61540,3092462175,700,Marshall,Y,For profit - Limited Liability company,93,59.1,NA,Medicare and Medicaid,N,LACON REHAB AND NURSING LLC,2008-07-03,STERN CONSULTANTS,661,23,2.5,2.4,2.2,3.9,N,NA,N,N,N,Resident,Yes,2,NA,1,NA,5,NA,5,NA,4,NA,3,NA,NA,NA,2.58206,0.74676,0.54874,1.2955,3.87756,3.30778,0.29699,0.02648,46.3,NA,40,NA,1,NA,1.46504,1.05271,2.45486,0.90566,0.71512,4.07563,3.61563,2.43566,0.70442,0.51763,3.65771,3.12023,2025-05-23,17,7,10,244,2,122,366,2024-06-27,13,12,1,120,1,0,120,304.5,NA,0,0,1,1,"401 9TH STREET,LACON,IL,61540",41.0283,-89.41,NA,2026-06-01
146124,White County Rehab and Nursing,615 WEST WEBB STREET,CARMI,IL,62821,6183827270,987,White,N,For profit - Partnership,74,47.6,NA,Medicare and Medicaid,N,Legal Business Name Not Available,2008-07-14,STERN CONSULTANTS,661,23,2.5,2.4,2.2,3.9,N,NA,N,N,N,Resident,Yes,3,NA,3,NA,5,NA,5,NA,NA,2,1,NA,NA,NA,2.46251,0.8239,0.54274,1.36664,3.82915,3.04119,0.32244,0.00719,40.8,NA,55.6,NA,2,NA,1.86405,1.33942,3.12344,1.15232,0.90989,5.18564,4.60036,1.82566,0.61083,0.40238,2.83887,2.25469,2025-02-28,11,9,3,60,1,0,60,2024-01-11,27,4,23,219,1,0,219,99.75,NA,1,142002,0,1,"615 WEST WEBB STREET,CARMI,IL,62821",38.0827,-88.167,NA,2026-06-01
146125,Hearthwood SNF Senior Living,829 CARILLON DRIVE,BARTLETT,IL,60103,6304833905,141,Cook,Y,For profit - Limited Liability company,60,52.2,NA,Medicare and Medicaid,N,FFII CARILLON SNF TENANT LLC,2008-07-10,LIFE CARE SERVICES,312,44,4.1,3.7,4.5,4.1,Y,NA,N,N,N,Resident,Yes,5,NA,5,NA,4,NA,5,NA,3,NA,4,NA,NA,NA,2.03082,0.6619,1.19775,1.85965,3.89047,3.17988,1.01386,0.12815,32,NA,21.4,NA,0,NA,1.48035,1.06371,2.48051,0.91512,0.72259,4.11823,3.65342,1.89586,0.61791,1.11816,3.63193,2.96856,2025-11-26,1,1,0,16,1,0,16,2025-02-21,5,5,0,48,1,0,48,24,NA,0,0,0,0,"829 CARILLON DRIVE,BARTLETT,IL,60103",41.9915,-88.197,NA,2026-06-01
146127,FLORENCE NURSING HOME,546 EAST GRANT HIGHWAY,MARENGO,IL,60152,8155688322,640,Mc Henry,Y,For profit - Limited Liability company,56,35.7,NA,Medicare and Medicaid,N,"WILLOW OF MARENGO, INC",2008-09-08,NA,NA,NA,NA,NA,NA,NA,N,NA,N,N,N,Resident,Yes,5,NA,5,NA,3,NA,3,NA,NA,2,2,NA,NA,NA,1.9846,0.45009,0.72588,1.17597,3.16058,3.02967,0.64806,0.02301,55.6,NA,50,NA,0,NA,1.4976,1.0761,2.50941,0.92578,0.73101,4.16621,3.69599,1.83138,0.41534,0.66984,2.91656,2.79576,2025-05-08,2,2,0,8,1,0,8,2024-04-03,4,3,1,28,1,0,28,13,NA,0,0,1,1,"546 EAST GRANT HIGHWAY,MARENGO,IL,60152",42.2464,-88.602,NA,2026-06-01
146128,PLYMOUTH PLACE,315 NORTH LA GRANGE ROAD,LA GRANGE PARK,IL,60526,7084826668,141,Cook,Y,Non profit - Corporation,86,72.8,NA,Medicare,N,"PLYMOUTH PLACE, INC.",2008-10-22,NA,NA,NA,NA,NA,NA,NA,Y,NA,N,N,N,Resident,Yes,5,NA,5,NA,3,NA,2,NA,5,NA,4,NA,NA,NA,2.45278,0.55795,1.59943,2.15737,4.61016,4.23226,1.37223,0.14499,NA,26,NA,26,NA,26,1.30782,0.93974,2.19142,0.80847,0.63838,3.63826,3.22763,2.59186,0.58958,1.69012,4.87155,4.47223,2026-02-26,3,3,0,12,1,0,12,2025-01-24,7,6,1,68,1,0,68,26,NA,0,0,0,0,"315 NORTH LA GRANGE ROAD,LA GRANGE PARK,IL,60526",41.8209,-87.87,NA,2026-06-01
146130,HILLCREST RETIREMENT VILLAGE,1740 NORTH CIRCUIT DRIVE,ROUND LAKE BEACH,IL,60073,8475465300,570,Lake,Y,For profit - Partnership,140,128.2,NA,Medicare and Medicaid,N,HILLCREST RETIREMENT VILLAGE LTD,2009-02-01,NA,NA,NA,NA,NA,NA,NA,N,NA,N,N,N,None,Yes,4,NA,4,NA,3,NA,4,NA,2,NA,2,NA,NA,NA,1.88747,0.46633,0.40548,0.87181,2.75929,2.47266,0.25857,0.02838,18,NA,18.2,NA,0,NA,1.66715,1.19793,2.79351,1.0306,0.81377,4.63788,4.11442,1.56461,0.38656,0.33612,2.2873,2.0497,2025-08-27,12,10,2,64,1,0,64,2024-09-25,6,4,2,80,1,0,80,68,NA,1,18974,0,1,"1740 NORTH CIRCUIT DRIVE,ROUND LAKE BEACH,IL,60073",42.3795,-88.086,NA,2026-06-01
146131,Cisne Rehabilitation and Health Care Center,107 NORTH WATKINS STREET,CISNE,IL,62823,6186732177,986,Wayne,N,For profit - Corporation,35,17.2,NA,Medicare and Medicaid,N,PETERSEN HEALTH OPERATIONS LLC,2008-08-12,PETERSEN HEALTH CARE,399,12,1.8,2.4,1.2,2.2,N,NA,N,N,N,Resident,Yes,2,NA,3,NA,2,NA,2,NA,2,NA,1,24,NA,NA,2.7141,0.85187,0.82498,1.67686,4.39096,3.99922,0.68374,0.00889,55,NA,80,NA,2,NA,1.8229,1.30985,3.0545,1.12688,0.8898,5.07118,4.49882,2.05761,0.64582,0.62543,3.32886,3.03188,2025-06-06,7,5,2,92,1,0,92,2024-05-02,14,7,7,100,1,0,100,94,NA,2,46742,2,4,"107 NORTH WATKINS STREET,CISNE,IL,62823",38.5185,-88.439,NA,2026-06-01
146132,RYZE AT HOMEWOOD,19000 SOUTH HALSTED,HOMEWOOD,IL,60430,7089579200,141,Cook,Y,For profit - Limited Liability company,259,134.5,NA,Medicare and Medicaid,N,RYZE AT HOMEWOOD LLC,2009-02-13,NA,NA,NA,NA,NA,NA,NA,N,NA,Y,N,N,Resident,Yes,1,NA,1,NA,3,NA,4,NA,2,NA,1,NA,NA,NA,1.84957,0.58566,0.45773,1.04339,2.89297,2.66958,0.35447,0.01293,49.6,NA,52.9,NA,3,NA,2.02,1.45148,3.38477,1.24873,0.98601,5.61951,4.98525,1.26537,0.40068,0.31315,1.9792,1.82638,2024-12-06,28,13,15,271,1,0,271,2023-09-21,23,7,17,347,1,0,347,290,NA,10,502525,6,16,"19000 SOUTH HALSTED,HOMEWOOD,IL,60430",41.5436,-87.636,NA,2026-06-01
146133,SANDWICH LIVING & REHAB CENTER,902 EAST ARNOLD STREET,SANDWICH,IL,60548,8157868409,170,De Kalb,Y,For profit - Limited Liability company,63,28,NA,Medicare and Medicaid,N,SANDWICH LIVING & REHAB CENTER LLC,2009-04-20,LINEAGE HEALTHCARE,854,5,1.8,1.6,2,3,N,NA,N,N,N,Resident,Yes,1,NA,1,NA,1,NA,1,NA,NA,2,2,NA,NA,NA,2.50408,0.61355,0.74719,1.36073,3.86481,3.24931,0.88877,0.04064,54.5,NA,85.7,NA,0,NA,1.73041,1.24339,2.89951,1.0697,0.84465,4.81387,4.27055,1.99986,0.49,0.59673,3.08659,2.59503,2024-12-05,10,9,1,72,2,36,108,2024-01-25,49,12,39,612,1,0,612,234,NA,5,285025,5,10,"902 EAST ARNOLD STREET,SANDWICH,IL,60548",41.6549,-88.611,NA,2026-06-01
146134,SALINE CARE NURSING & REHAB,120 SOUTH LAND STREET,HARRISBURG,IL,62946,6182527405,910,Saline,N,For profit - Limited Liability company,142,114.7,NA,Medicare and Medicaid,N,"SALINE CARE NURSING & REHABILITATION CENTER, LLC",2009-05-01,WLC MANAGEMENT FIRM,570,18,2.7,3.8,1.4,1.4,N,NA,N,N,N,None,Yes,2,NA,4,NA,1,NA,2,NA,1,NA,1,NA,NA,NA,1.70901,0.81992,0.20976,1.02968,2.73869,2.42263,0.17145,0.00749,NA,26,NA,26,NA,26,1.10293,0.79251,1.84809,0.68181,0.53837,3.06826,2.72196,2.1414,1.02737,0.26283,3.43159,3.03557,2025-04-03,3,3,0,8,1,0,8,2024-04-05,7,3,4,111,1,0,111,33.75,NA,1,67538,0,1,"120 SOUTH LAND STREET,HARRISBURG,IL,62946",37.7368,-88.55,NA,2026-06-01
146136,RADFORD GREEN,960 AUDUBON WAY,LINCOLNSHIRE,IL,60069,8478762401,570,Lake,Y,For profit - Limited Liability company,84,75.6,NA,Medicare and Medicaid,N,SEDGEBROOK OPCO SL-VII LLC,2009-08-21,LIFE CARE SERVICES,312,44,4.1,3.7,4.5,4.1,Y,NA,N,N,N,Resident,Yes,5,NA,3,NA,5,NA,5,NA,4,NA,5,NA,NA,NA,3.04045,0.85001,1.58065,2.43067,5.47112,5.10656,1.63635,0.14317,33.3,NA,20.7,NA,1,NA,1.45453,1.04515,2.43724,0.89916,0.70999,4.04639,3.58969,2.88879,0.80761,1.50181,5.19821,4.85183,2025-02-20,5,4,1,64,1,0,64,2024-03-13,14,5,9,144,1,0,144,84,NA,3,68794,1,4,"960 AUDUBON WAY,LINCOLNSHIRE,IL,60069",42.1827,-87.924,NA,2026-06-01
146138,MERCER MANOR REHABILITATION,309 N W 9TH AVENUE,ALEDO,IL,61231,3094350100,740,Mercer,Y,For profit - Limited Liability company,92,53.3,NA,Medicare and Medicaid,N,MERCER MANOR REHABILITATION LLC,2009-12-21,STERN CONSULTANTS,661,23,2.5,2.4,2.2,3.9,N,NA,N,N,N,Resident,Yes,4,NA,3,NA,5,NA,5,NA,5,NA,2,NA,NA,NA,2.09861,0.46577,0.69927,1.16504,3.26365,2.78163,0.63066,0.06438,45.3,NA,41.7,NA,1,NA,1.54812,1.11241,2.59408,0.95702,0.75568,4.30677,3.82068,1.87338,0.41578,0.62422,2.91338,2.4831,2026-01-22,6,4,2,60,1,0,60,2025-01-09,10,7,3,131,1,0,131,77.75,NA,1,137996,0,1,"309 N W 9TH AVENUE,ALEDO,IL,61231",41.2027,-90.754,22,2026-06-01
146139,REGENCY CARE,2120 WEST WASHINGTON,SPRINGFIELD,IL,62702,2177934880,920,Sangamon,Y,For profit - Limited Liability company,99,92.1,NA,Medicare and Medicaid,N,"RUTLEDGE-REGENCY OPERATIONS, LLC",2010-02-18,HERITAGE OPERATIONS GROUP,651,9,1.9,2.6,2.2,1.4,N,NA,N,N,N,Resident,Yes,1,NA,2,NA,1,NA,1,NA,1,NA,2,NA,NA,NA,1.88113,0.27209,0.68079,0.95288,2.834,2.57102,0.4974,0.01222,57.3,NA,50,NA,1,NA,1.42353,1.02288,2.3853,0.88,0.69486,3.96016,3.51319,1.8262100000000001,0.26415,0.66091,2.75127,2.49597,2025-03-13,18,17,1,136,2,68,204,2024-03-28,14,6,8,163,1,0,163,193.75,NA,4,210507,1,5,"2120 WEST WASHINGTON,SPRINGFIELD,IL,62702",39.8014,-89.69,NA,2026-06-01
146140,GALENA STAUSS NURSING HOME,215 SUMMIT STREET,GALENA,IL,61036,8157767254,510,Jo Daviess,N,Non profit - Corporation,57,35.3,NA,Medicare and Medicaid,N,MIDWEST MEDICAL CENTER,2010-02-17,NA,NA,NA,NA,NA,NA,NA,N,NA,N,N,N,None,Yes,3,NA,4,NA,1,NA,1,NA,NA,2,4,NA,NA,NA,2.02463,0.34752,1.02147,1.369,3.39363,2.93995,0.63984,0.00339,41.2,NA,0,NA,0,NA,1.2304,0.88411,2.06168,0.76061,0.60059,3.42288,3.03655,2.27405,0.39033,1.14731,3.8117,3.30213,2024-10-03,10,8,2,64,1,0,64,2023-10-12,12,5,7,80,1,0,80,68,NA,0,0,1,1,"215 SUMMIT STREET,GALENA,IL,61036",42.4194,-90.439,NA,2026-06-01
146141,TERRACES AT THE CLARE,55 EAST PEARSON,CHICAGO,IL,60611,3127848100,141,Cook,Y,For profit - Individual,50,43.8,NA,Medicare,N,CLARE PROPCO LLC,2010-08-31,LIFE CARE SERVICES,312,44,4.1,3.7,4.5,4.1,Y,NA,N,N,N,Resident,Yes,5,NA,4,NA,4,NA,3,NA,5,NA,5,NA,NA,NA,2.7324,0.38659,1.96666,2.35326,5.08566,4.59594,1.68037,0.08254,42.6,NA,54.2,NA,0,NA,1.38674,0.99645,2.32365,0.85725,0.6769,3.85781,3.42239,2.72301,0.38526,1.9599,5.06818,4.58014,2025-05-02,5,5,0,56,1,0,56,2024-04-11,4,0,4,20,0,0,20,47,NA,0,0,0,0,"55 EAST PEARSON,CHICAGO,IL,60611",41.8975,-87.627,NA,2026-06-01
146142,MERIDIAN VILLAGE CARE CENTER,27 AUERBACH PLACE,GLEN CARBON,IL,62034,6182883700,680,Madison,Y,Non profit - Church related,70,60.5,NA,Medicare and Medicaid,N,LUTHERAN SENIOR SERVICES,2010-11-03,NA,NA,NA,NA,NA,NA,NA,Y,NA,N,N,N,Resident,Yes,5,NA,5,NA,4,NA,5,NA,3,NA,5,NA,NA,NA,3.23599,0.75195,0.93945,1.6914,4.92739,4.73227,0.77777,0,19.2,NA,23.1,NA,0,NA,1.30407,0.93704,2.18513,0.80615,0.63655,3.62782,3.21836,3.42931,0.79687,0.99558,5.22176,5.01499,2024-11-22,4,4,0,28,1,0,28,2023-12-13,2,1,1,8,1,0,8,23,NA,0,0,0,0,"27 AUERBACH PLACE,GLEN CARBON,IL,62034",38.7743,-89.988,NA,2026-06-01
146143,IGNITE MEDICAL HANOVER PARK,2000 WEST LAKE STREET,HANOVER PARK,IL,60133,6305562000,141,Cook,Y,For profit - Limited Liability company,150,94.5,NA,Medicare and Medicaid,N,"IGNITE MEDICAL HANOVER PARK, LLC",2011-01-11,IGNITE MEDICAL RESORTS,279,24,2.6,2.3,2,4.3,N,NA,N,N,N,Resident,Yes,5,NA,4,NA,5,NA,5,NA,5,NA,3,NA,NA,NA,1.5472,0.63987,1.16004,1.79991,3.34711,3.06847,1.00246,0.09997,21.3,NA,19.4,NA,0,NA,1.67902,1.20646,2.81341,1.03794,0.81957,4.67092,4.14373,1.27347,0.52666,0.95481,2.75495,2.5256,2026-03-05,2,2,0,16,1,0,16,2025-04-04,23,8,19,112,1,0,112,40,NA,0,0,0,0,"2000 WEST LAKE STREET,HANOVER PARK,IL,60133",41.989,-88.147,NA,2026-06-01
146144,STONEBRIDGE NURSING & REHAB,902 SOUTH MCLEANSBORO,BENTON,IL,62812,6184394501,360,Franklin,N,For profit - Corporation,80,52.8,NA,Medicare and Medicaid,N,"STONEBRIDGE NURSING & REHABILITATION CENTER, LLC",2011-03-25,WLC MANAGEMENT FIRM,570,18,2.7,3.8,1.4,1.4,N,NA,N,N,N,Resident,Yes,2,NA,4,NA,1,NA,1,NA,1,NA,1,NA,NA,NA,2.05718,0.58396,0.62235,1.20631,3.26349,3.1798,0.50203,0.01411,70.9,NA,69.2,NA,NA,26,1.47563,1.06031,2.47259,0.9122,0.72029,4.10508,3.64176,1.92662,0.5469,0.58285,3.05637,2.97799,2025-12-18,4,2,2,40,1,0,40,2024-12-19,1,1,0,0,0,0,0,30,NA,0,0,0,0,"902 SOUTH MCLEANSBORO,BENTON,IL,62812",37.9871,-88.91,NA,2026-06-01
146145,"MATHER EVANSTON, THE",425 DAVIS STREET,EVANSTON,IL,60201,8474927500,141,Cook,Y,Non profit - Corporation,37,29.9,NA,Medicare,N,THE MATHER EVANSTON,2010-12-09,MATHER SENIOR LIVING COMMUNITIES,877,2,5,4.5,5,4.5,Y,NA,N,N,N,Resident,Yes,5,NA,5,NA,4,NA,2,NA,5,NA,5,NA,NA,NA,3.33704,0.45411,1.8599,2.31401,5.65105,5.04614,1.41203,0.11948,30.8,NA,26.7,NA,0,NA,1.15032,0.82656,1.9275,0.7111,0.5615,3.2001,2.83892,4.00906,0.54556,2.23445,6.78908,6.06235,2025-03-20,4,4,0,32,1,0,32,2024-04-04,0,0,0,0,0,0,0,24,NA,0,0,0,0,"425 DAVIS STREET,EVANSTON,IL,60201",42.0456,-87.677,NA,2026-06-01
146146,SILVER FOXES SR LIVING & REHAB,609 SOUTH MARSHALL,MCLEANSBORO,IL,62859,6186432325,410,Hamilton,N,For profit - Limited Liability company,60,46.8,NA,Medicare and Medicaid,N,SILVER FOXES SENIOR LIVING & REHABILITATION LLC,2011-09-08,WLC MANAGEMENT FIRM,570,18,2.7,3.8,1.4,1.4,N,NA,N,N,N,Resident,Yes,4,NA,5,NA,2,NA,2,NA,2,NA,1,NA,NA,NA,1.74021,0.40405,0.34968,0.75373,2.49395,2.34025,0.53197,0.01325,67.9,NA,NA,27,NA,26,1.32397,0.95134,2.21847,0.81845,0.64626,3.68318,3.26747,1.81646,0.42176,0.365,2.60322,2.44278,2024-11-14,4,2,2,32,1,0,32,2023-10-05,0,0,0,0,0,0,0,24,NA,0,0,0,0,"609 SOUTH MARSHALL,MCLEANSBORO,IL,62859",38.0881,-88.541,NA,2026-06-01
146147,ALLURE OF STOCKTON,501 FRONT STREET,STOCKTON,IL,61085,8159472215,510,Jo Daviess,N,For profit - Corporation,49,26.6,NA,Medicare and Medicaid,N,"WAVERLY PLACE OF STOCKTON, LLC",2011-05-30,ALLURE HEALTHCARE SERVICES,25,15,2.5,2.9,1.7,2.5,N,NA,N,N,N,Resident,Yes,4,NA,4,NA,4,NA,4,NA,NA,2,2,NA,NA,NA,2.4368,0.78142,0.65219,1.43361,3.87041,3.13172,0.37088,0.01754,22.7,NA,NA,27,0,NA,1.95177,1.40245,3.27044,1.20655,0.95271,5.42969,4.81686,1.7254,0.55329,0.46179,2.74048,2.21745,2024-06-06,6,6,0,60,1,0,60,2023-05-04,5,5,0,36,1,0,36,54,NA,0,0,0,0,"501 FRONT STREET,STOCKTON,IL,61085",42.35,-90.014,NA,2026-06-01
146148,ARC AT HICKORY POINT,565 WEST MARION AVENUE,FORSYTH,IL,62535,2178721122,660,Macon,Y,For profit - Corporation,64,52,NA,Medicare and Medicaid,N,ARC AT HICKORY POINT LLC,2011-09-22,ARCADIA CARE,42,22,1.5,1.8,1.3,3.1,Y,NA,N,N,N,Resident,Yes,1,NA,1,NA,2,NA,1,NA,4,NA,2,NA,NA,NA,3.0042,1.65647,0.32619,1.98266,4.98685,4.53963,0.21728,0.14516,69.1,NA,93.3,NA,2,NA,1.52317,1.09448,2.55227,0.9416,0.7435,4.23736,3.75911,2.7257,1.50291,0.29595,4.52456,4.1188,2025-04-17,18,7,11,275,1,0,275,2024-05-17,14,3,11,215,1,0,215,260,NA,3,238916,1,4,"565 WEST MARION AVENUE,FORSYTH,IL,62535",39.9212,-88.963,NA,2026-06-01
146149,WESTWOOD VLGE NRSG AND RHB CTR,2444 WEST TOUHY AVENUE,CHICAGO,IL,60645,7732747705,141,Cook,Y,For profit - Limited Liability company,115,108.9,NA,Medicare and Medicaid,N,"WESTWOOD VILLAGE NURSING AND REHABILITATION CENTER, LLC",2011-11-24,WISSATI IRREVOCABLE TRUST,861,5,2,2.8,1.4,2.8,N,NA,N,N,N,Resident,Yes,1,NA,3,NA,1,20,1,20,NA,20,1,NA,NA,NA,1.50862,0.68804,0.63192,1.31997,2.82859,2.29019,0.43018,0.01473,32.8,NA,42.1,NA,0,NA,2.0793,1.49409,3.48413,1.28538,1.01496,5.78448,5.1316,1.00268,0.4573,0.42,1.87997,1.52213,2024-12-13,10,6,4,72,1,0,72,2024-01-31,21,14,7,108,1,0,108,81,NA,0,0,0,0,"2444 WEST TOUHY AVENUE,CHICAGO,IL,60645",42.0122,-87.692,NA,2026-06-01
146151,"CLAYBERG, THE",625 EAST MONROE STREET,CUBA,IL,61427,3097855012,370,Fulton,N,Government - County,49,45.2,NA,Medicare and Medicaid,N,COUNTY OF FULTON,2011-07-07,NA,NA,NA,NA,NA,NA,NA,N,NA,N,N,N,Resident,Yes,4,NA,5,NA,1,NA,1,NA,NA,2,3,NA,NA,NA,2.26342,0.59647,0.68979,1.28626,3.54968,2.95728,0.45035,0.01218,45,NA,55.6,NA,0,NA,1.26766,0.91088,2.12412,0.78364,0.61878,3.52654,3.12851,2.46752,0.65026,0.75199,3.86977,3.22396,2025-04-04,3,3,0,12,1,0,12,2024-05-15,6,5,1,28,1,0,28,16,NA,0,0,0,0,"625 EAST MONROE STREET,CUBA,IL,61427",40.4884,-90.192,NA,2026-06-01
146152,La Bella of Rochelle,1021 CARON ROAD,ROCHELLE,IL,61068,8155624047,790,Ogle,N,For profit - Corporation,74,43.9,NA,Medicare and Medicaid,N,"HIGHLIGHT HC OF ROCHELLE, LLC",2011-10-15,JENMAX GROUP,875,10,1,1.7,1,2.8,N,NA,Y,N,N,Resident,Yes,1,NA,1,NA,1,NA,1,NA,NA,2,1,NA,NA,NA,1.51678,0.44518,0.65803,1.10321,2.61999,2.26726,0.5685,0.00902,NA,26,NA,26,2,NA,1.60536,1.15353,2.68998,0.9924,0.78361,4.46599,3.96193,1.30572,0.38323,0.56647,2.25542,1.95177,2025-03-05,24,12,12,192,1,0,192,2024-05-23,52,11,41,564,2,282,846,355.5,NA,8,434100,5,13,"1021 CARON ROAD,ROCHELLE,IL,61068",41.9305,-89.055,NA,2026-06-01
146153,ALDEN ESTATES OF SHOREWOOD,710 W BLACK ROAD,SHOREWOOD,IL,60404,8152308700,989,Will,Y,For profit - Corporation,100,78.4,NA,Medicare and Medicaid,N,"ALDEN ESTATES OF SHOREWOOD, INC",2012-05-02,THE ALDEN NETWORK,504,27,2.5,3,1.3,3.8,N,NA,N,N,N,Resident,Yes,5,NA,5,NA,3,NA,4,NA,2,NA,3,NA,NA,NA,2.88166,0.47605,1.54821,2.02426,4.90592,4.3612,1.28402,0.1513,NA,26,NA,26,NA,26,1.75423,1.26051,2.93943,1.08443,0.85628,4.88015,4.32934,2.27015,0.37503,1.21967,3.86485,3.43572,2026-01-22,6,4,2,28,1,0,28,2024-11-22,4,3,1,20,1,0,20,26,NA,0,0,0,0,"710 W BLACK ROAD,SHOREWOOD,IL,60404",41.536,-88.207,NA,2026-06-01
146154,CONCORDIA VILLAGE CARE CENTER,4101 WEST ILES AVENUE,SPRINGFIELD,IL,62711,2177939429,920,Sangamon,Y,Non profit - Church related,62,49.1,NA,Medicare and Medicaid,N,Legal Business Name Not Available,2012-05-01,NA,NA,NA,NA,NA,NA,NA,Y,NA,N,N,N,Resident,Yes,5,NA,4,NA,2,NA,2,NA,2,NA,5,NA,NA,NA,2.98975,0.65423,1.26401,1.91823,4.90798,4.56738,0.92183,0,48,NA,16.7,NA,0,NA,1.35523,0.9738,2.27086,0.83778,0.66152,3.77015,3.34463,3.04875,0.66714,1.28895,5.00484,4.65751,2024-08-22,6,3,3,36,1,0,36,2023-09-21,5,4,1,72,1,0,72,45,NA,1,8678,0,1,"4101 WEST ILES AVENUE,SPRINGFIELD,IL,62711",39.7709,-89.732,NA,2026-06-01
146155,PARK PLACE CHRISTIAN COMMUNITY,1150 EUCLID AVENUE,ELMHURST,IL,60126,6309364100,250,Du Page,Y,Non profit - Corporation,37,35.2,NA,Medicare,N,"TIMOTHY PLACE, NFP",2012-11-09,NA,NA,NA,NA,NA,NA,NA,Y,NA,N,N,N,Resident,Yes,5,NA,4,NA,4,NA,3,NA,5,NA,5,NA,NA,NA,2.49587,0.00526,2.01459,2.01985,4.51572,3.98111,1.65332,0.04757,26.1,NA,13.3,NA,1,NA,1.34487,0.96636,2.25349,0.83137,0.65646,3.74132,3.31905,2.56473,0.0054,2.07018,4.64031,4.09095,2025-04-25,4,4,0,44,1,0,44,2024-05-02,3,1,2,28,1,0,28,40,NA,0,0,0,0,"1150 EUCLID AVENUE,ELMHURST,IL,60126",41.8674,-87.939,NA,2026-06-01
146159,THE TERRACE,1615 SUNSET AVENUE,WAUKEGAN,IL,60087,8472446700,570,Lake,Y,For profit - Corporation,115,78,NA,Medicare and Medicaid,N,LAUREATE TERRACE OPERATIONS LLC,2013-04-15,NA,NA,NA,NA,NA,NA,NA,N,NA,N,N,N,Resident,Yes,2,NA,2,NA,2,NA,2,NA,1,NA,2,NA,NA,NA,1.71742,0.40482,0.86999,1.27481,2.99223,2.55235,0.67719,0.17085,30,NA,18.2,NA,NA,26,1.59678,1.14737,2.67561,0.9871,0.77943,4.44214,3.94077,1.48638,0.35036,0.75295,2.58969,2.20898,2025-01-10,11,8,6,151,1,0,151,2024-02-28,14,6,8,139,1,0,139,148,NA,1,108886,0,1,"1615 SUNSET AVENUE,WAUKEGAN,IL,60087",42.392,-87.852,NA,2026-06-01
146160,SPRINGFIELD SUITES REHAB AND NURSING,3089 OLD JACKSONVILLE ROAD,SPRINGFIELD,IL,62704,2177870000,920,Sangamon,Y,For profit - Limited Liability company,75,65.8,NA,Medicare and Medicaid,N,SPRINGFIELD SUITES REHAB AND NURSING LLC,2013-05-17,STERN CONSULTANTS,661,23,2.5,2.4,2.2,3.9,N,NA,N,N,N,Resident,Yes,3,NA,3,NA,4,NA,5,NA,3,NA,2,NA,NA,NA,3.26992,0.91236,0.78882,1.70118,4.9711,4.1316,0.54443,0.09868,63.2,NA,63.2,NA,NA,26,1.69728,1.21959,2.84401,1.04923,0.82849,4.72172,4.1888,2.66246,0.74287,0.64228,4.0476,3.36406,2025-12-03,4,3,1,36,1,0,36,2024-11-25,18,16,3,196,1,0,196,76,NA,0,0,1,1,"3089 OLD JACKSONVILLE ROAD,SPRINGFIELD,IL,62704",39.7867,-89.714,NA,2026-06-01
146162,MOWEAQUA REHAB & HCC,525 SOUTH MACON STREET,MOWEAQUA,IL,62550,2177683951,950,Shelby,N,Non profit - Corporation,70,NA,10,Medicare and Medicaid,N,MOWEAQUA REHABILITATION & HEALTH CARE CENTER LLC,2013-06-21,TUTERA SENIOR LIVING & HEALTH CARE,531,26,2.1,2.2,1.8,3,N,NA,N,N,N,Resident,Yes,1,NA,1,NA,3,NA,3,NA,2,NA,1,23,23,23,NA,NA,NA,NA,NA,NA,NA,NA,NA,26,NA,26,NA,26,NA,NA,NA,NA,NA,NA,NA,NA,NA,NA,NA,NA,2024-11-20,17,17,0,172,2,86,258,2023-10-18,40,9,31,312,1,0,312,271.5,1,1,146900,2,3,"525 SOUTH MACON STREET,MOWEAQUA,IL,62550",39.6201,-89.018,NA,2026-06-01
146164,COMMUNITY CARE NURSING CENTER,4314 SOUTH WABASH AVENUE,CHICAGO,IL,60653,7735388300,141,Cook,Y,For profit - Corporation,204,143.2,NA,Medicare and Medicaid,N,LAUREATE CHICAGO OPERATIONS LLC,2012-11-06,NA,NA,NA,NA,NA,NA,NA,N,NA,Y,N,N,Resident,Yes,2,NA,2,NA,4,NA,4,NA,NA,2,2,NA,NA,NA,1.33294,0.65087,0.53963,1.1905,2.52345,1.9953,0.3283,0.01069,23.6,NA,37.5,NA,0,NA,1.63381,1.17398,2.73765,1.00999,0.7975,4.54514,4.03215,1.12748,0.55055,0.45645,2.13448,1.68774,2024-08-02,15,12,3,92,1,0,92,2023-08-10,26,13,13,474,1,0,474,187.5,NA,3,132280,2,5,"4314 SOUTH WABASH AVENUE,CHICAGO,IL,60653",41.8163,-87.625,NA,2026-06-01
146165,"ADMIRAL AT THE LAKE, THE",933 WEST FOSTER AVENUE,CHICAGO,IL,60640,7736545121,141,Cook,Y,Non profit - Other,36,31.3,NA,Medicare,N,ADMIRAL AT THE LAKE,2013-10-01,NA,NA,NA,NA,NA,NA,NA,Y,NA,N,N,N,Resident,Yes,3,NA,3,NA,4,NA,4,NA,4,NA,4,NA,NA,NA,2.51984,0.74223,0.92551,1.66774,4.18758,3.74784,0.57849,0.14404,20.6,NA,50,NA,NA,26,1.3016,0.93527,2.18099,0.80462,0.63534,3.62095,3.21227,2.67544,0.78807,0.98266,4.44617,3.97928,2025-01-24,9,7,2,92,1,0,92,2024-02-09,10,10,0,64,1,0,64,85,NA,0,0,0,0,"933 WEST FOSTER AVENUE,CHICAGO,IL,60640",41.9764,-87.654,NA,2026-06-01
146166,GREENFIELDS OF GENEVA,0N801 FRIENDSHIP WAY,GENEVA,IL,60134,6305786500,530,Kane,Y,Non profit - Corporation,43,41,NA,Medicare and Medicaid,N,FRIENDSHIP VILLAGE OF MILL CREEK,2013-12-13,LIFESPACE COMMUNITIES,315,16,4.2,3.5,4.1,4.4,Y,NA,N,N,N,Resident,Yes,5,NA,4,NA,5,NA,5,NA,5,NA,4,NA,NA,NA,2.85096,0.23232,1.89098,2.1233,4.97426,4.3988,1.39369,0.17646,45.9,NA,42.3,NA,3,NA,1.48738,1.06876,2.4923,0.91947,0.72603,4.1378,3.67078,2.64891,0.21586,1.75697,4.62174,4.08706,2025-12-23,6,5,1,28,1,0,28,2024-11-08,5,4,1,52,1,0,52,34,NA,1,14203,0,1,"0N801 FRIENDSHIP WAY,GENEVA,IL,60134",41.8873,-88.31,22,2026-06-01
146167,FOSTER HEALTH & REHAB CENTER,2840 WEST FOSTER AVENUE,CHICAGO,IL,60625,7735612040,141,Cook,Y,For profit - Limited Liability company,46,35.5,NA,Medicare and Medicaid,N,FOSTER HEALTH & REHABILITATION CENTER LLC,2014-04-24,NA,NA,NA,NA,NA,NA,NA,N,NA,Y,N,N,Resident,Yes,2,NA,2,NA,4,NA,4,NA,NA,2,2,NA,NA,NA,2.00046,0.13693,1.10552,1.24245,3.24291,2.84892,1.1127,0.02501,47.2,NA,42.9,NA,0,NA,1.76726,1.26987,2.96126,1.09248,0.86264,4.91639,4.36149,1.56434,0.10707,0.8645,2.53592,2.22782,2024-10-11,19,17,2,132,1,0,132,2023-11-09,22,8,14,354,1,0,354,187.5,NA,1,151119,1,2,"2840 WEST FOSTER AVENUE,CHICAGO,IL,60625",41.9758,-87.7,NA,2026-06-01
146168,AHVA CARE OF WINFIELD,28 WEST 141 LIBERTY STREET,WINFIELD,IL,60190,6306689696,250,Du Page,Y,For profit - Individual,138,125.1,NA,Medicare and Medicaid,N,AHVA CARE OF WINFIELD LLC,2014-04-10,NA,NA,NA,NA,NA,NA,NA,N,NA,N,N,N,Resident,Yes,3,NA,4,NA,3,NA,4,NA,2,NA,1,NA,NA,NA,1.7077,0.44816,0.6418,1.08996,2.79766,2.45609,0.41789,0.03614,42.4,NA,42.9,NA,0,NA,1.79686,1.29114,3.01087,1.11078,0.87709,4.99874,4.43455,1.3134,0.34468,0.49361,2.15169,1.88899,2025-02-21,9,8,1,44,1,0,44,2024-01-11,4,4,0,24,1,0,24,39,NA,0,0,0,0,"28 WEST 141 LIBERTY STREET,WINFIELD,IL,60190",41.8697,-88.15,22,2026-06-01
146169,FARGO HEALTH CARE CENTER,1512 WEST FARGO,CHICAGO,IL,60626,7734657751,141,Cook,Y,For profit - Limited Liability company,99,93.5,NA,Medicare and Medicaid,N,FARGO HEALTH CARE CENTER LLC,2014-06-13,LINEAGE HEALTHCARE,854,5,1.8,1.6,2,3,N,NA,Y,N,N,Resident,Yes,2,NA,2,NA,4,NA,4,NA,NA,2,2,NA,NA,NA,1.68665,0.51064,0.53023,1.04086,2.72751,2.45603,0.48445,0.00547,27.3,NA,35.7,NA,1,NA,1.68653,1.21186,2.82599,1.04258,0.82323,4.6918,4.16225,1.38208,0.41843,0.43448,2.23498,2.01252,2025-08-15,16,10,7,144,1,0,144,2024-05-23,17,9,8,204,1,0,204,159,NA,3,133897,2,5,"1512 WEST FARGO,CHICAGO,IL,60626",42.0171,-87.668,NA,2026-06-01
146170,ASBURY GARDENS NSG & REHAB,212 AIRPORT ROAD,NORTH AURORA,IL,60542,6308967778,530,Kane,Y,For profit - Limited Liability company,75,57.4,NA,Medicare and Medicaid,N,ASBURY PAVILION NURSING & REHABILITATION CENTER LLC,2014-09-05,NA,NA,NA,NA,NA,NA,NA,N,NA,N,N,N,Resident,Yes,4,NA,4,NA,2,NA,3,NA,1,NA,4,NA,NA,NA,2.50209,0.39598,1.07298,1.46895,3.97105,3.43968,0.69975,0.0467,57,NA,33.3,NA,0,NA,1.56169,1.12216,2.61681,0.96541,0.7623,4.34452,3.85417,2.21415,0.35041,0.9495,3.51406,3.04385,2026-01-16,4,3,1,32,1,0,32,2024-11-14,5,4,1,28,1,0,28,31,NA,2,6350,0,2,"212 AIRPORT ROAD,NORTH AURORA,IL,60542",41.7983,-88.325,NA,2026-06-01
146171,MANOR COURT OF CARBONDALE,2940 W WESTRIDGE PLACE,CARBONDALE,IL,62901,6184571010,470,Jackson,N,Non profit - Corporation,120,105,NA,Medicare and Medicaid,N,"UNLIMITED DEVELOPMENT, INC",2014-09-29,"UNLIMITED DEVELOPMENT, INC.",536,10,2.5,2.6,2.8,2.3,N,NA,Y,N,N,Resident,Yes,1,NA,2,NA,1,NA,2,NA,1,NA,2,NA,NA,NA,3.00936,0.87614,0.46663,1.34277,4.35213,3.57963,0.30587,0.09169,51.7,NA,59.1,NA,0,NA,1.53621,1.10385,2.57411,0.94965,0.74986,4.27363,3.79128,2.70722,0.78817,0.41978,3.91517,3.22023,2025-06-27,6,2,4,56,1,0,56,2024-06-14,28,10,18,256,1,0,256,106,NA,2,73419,1,3,"2940 W WESTRIDGE PLACE,CARBONDALE,IL,62901",37.7329,-89.255,NA,2026-06-01
146172,SPRING CREEK,777 DRAPER AVENUE,JOLIET,IL,60432,8157274794,989,Will,Y,For profit - Corporation,168,119,NA,Medicare and Medicaid,N,SPRING CREEK SNF LLC,2014-08-14,SABA HEALTHCARE,777,11,1.8,1.6,1.5,3.1,N,NA,N,N,N,Both,Yes,3,NA,3,NA,3,NA,4,NA,2,NA,2,NA,NA,NA,1.55417,0.73005,0.35483,1.08488,2.63905,2.19838,0.23045,0.01721,19.7,NA,14.3,NA,0,NA,1.77832,1.27781,2.97979,1.09932,0.86804,4.94715,4.38878,1.20779,0.56734,0.27575,2.05087,1.70842,2025-12-12,13,11,2,84,1,0,84,2024-10-25,16,7,9,132,1,0,132,96,NA,1,19135,0,1,"777 DRAPER AVENUE,JOLIET,IL,60432",41.539,-88.055,NA,2026-06-01
146173,"SPRINGS AT MONARCH LANDING, THE",2308 NORTH ROUTE 59,NAPERVILLE,IL,60563,6303001200,250,Du Page,Y,For profit - Limited Liability company,96,89.7,NA,Medicare and Medicaid,N,MONARCH LANDING OPCO SL-VII LLC,2015-01-16,LIFE CARE SERVICES,312,44,4.1,3.7,4.5,4.1,Y,NA,N,N,N,Resident,Yes,5,NA,5,NA,5,NA,5,NA,4,NA,5,NA,NA,NA,2.89557,0.6253,1.63553,2.26083,5.1564,4.7118,1.34476,0.00252,38.3,NA,33.3,NA,0,NA,1.25425,0.90125,2.10166,0.77535,0.61223,3.48924,3.09542,3.19043,0.68898,1.80208,5.68148,5.19161,2024-07-31,4,4,0,32,1,0,32,2023-08-25,3,2,1,12,1,0,12,27,NA,0,0,0,0,"2308 NORTH ROUTE 59,NAPERVILLE,IL,60563",41.8128,-88.204,NA,2026-06-01
146174,MERCY CIRCLE,3659 WEST 99TH STREET,CHICAGO,IL,60655,7732533600,141,Cook,Y,Non profit - Church related,23,22.2,NA,Medicare and Medicaid,N,MERCY CIRCLE,2015-01-10,NA,NA,NA,NA,NA,NA,NA,Y,NA,N,N,N,Resident,Yes,5,NA,5,NA,5,NA,NA,2,5,NA,5,NA,NA,NA,2.76126,0.18095,1.39887,1.57982,4.34109,3.92778,0.8717,0.06917,35.7,NA,25,NA,0,NA,1.47637,1.06085,2.47385,0.91266,0.72065,4.10716,3.6436,2.58471,0.16938,1.30943,4.06352,3.67663,2025-02-06,4,1,3,16,1,0,16,2024-01-26,5,4,1,44,1,0,44,23,NA,0,0,0,0,"3659 WEST 99TH STREET,CHICAGO,IL,60655",41.7133,-87.714,NA,2026-06-01
146175,PINCKNEYVILLE NURSING & REHAB,708 VIRGINIA COURT,PINCKNEYVILLE,IL,62274,6183572493,810,Perry,N,For profit - Limited Liability company,60,38.5,NA,Medicare and Medicaid,N,PINCKNEYVILLE NURSING & REHABILITATION CENTER LLC,2015-02-27,WLC MANAGEMENT FIRM,570,18,2.7,3.8,1.4,1.4,N,NA,N,N,N,Resident,Yes,3,NA,4,NA,1,NA,1,NA,NA,2,2,NA,NA,NA,2.12069,0.93346,0.4607,1.39415,3.51484,3.15302,0.37987,0.01085,68.3,NA,60,NA,NA,26,1.30214,0.93566,2.1819,0.80496,0.63561,3.62247,3.21361,2.2507,0.99068,0.48894,3.73033,3.34632,2025-04-10,2,1,1,20,1,0,20,2024-03-21,13,3,10,217,1,0,217,69.25,NA,2,100864,0,2,"708 VIRGINIA COURT,PINCKNEYVILLE,IL,62274",38.0724,-89.391,NA,2026-06-01
146176,CELEBRATE SENIOR LIVING NILES,7000 NORTH NEWARK,NILES,IL,60714,8476478332,141,Cook,Y,Non profit - Other,55,49.1,NA,Medicare and Medicaid,N,ELEVATE SAINT ANDREW LIVING COMMUNITY LLC,2015-01-30,CELEBRATE SENIOR LIVING,647,3,3.3,4,2,3,Y,NA,N,N,N,Resident,Yes,4,NA,4,NA,3,NA,1,NA,4,NA,4,NA,NA,NA,3.06209,0.6634,1.04093,1.70432,4.76641,4.38069,1.05483,0.04947,32.1,NA,45.5,NA,0,NA,1.683,1.20933,2.82008,1.0404,0.82152,4.682,4.15356,2.51439,0.54474,0.85474000000000006,3.91387,3.59714,2024-10-31,4,4,0,40,1,0,40,2023-09-22,1,0,1,20,0,0,20,35,NA,2,29754,0,2,"7000 NORTH NEWARK,NILES,IL,60714",42.0072,-87.801,NA,2026-06-01
146177,RESTHAVE HOME-WHITESIDE COUNTY,408 MAPLE AVENUE,MORRISON,IL,61270,8157724021,988,Whiteside,N,Non profit - Corporation,70,62.8,NA,Medicare and Medicaid,N,RESTHAVE HOME OF WHITESIDE COUNTY ILLINOIS,2015-05-26,NA,NA,NA,NA,NA,NA,NA,N,NA,Y,N,N,Resident,Yes,2,NA,2,NA,2,NA,2,NA,3,NA,4,NA,NA,NA,2.58597,0.49883,0.68557,1.1844,3.7703700000000002,3.36725,0.61924,0.0257,36.8,NA,42.9,NA,0,NA,1.21093,0.87012,2.02907,0.74857,0.59108,3.36872,2.9885100000000002,2.95123,0.56929,0.78241,4.30293,3.84287,2025-04-09,18,10,8,108,1,0,108,2024-03-21,10,3,7,52,1,0,52,94,NA,0,0,0,0,"408 MAPLE AVENUE,MORRISON,IL,61270",41.8031,-89.957,NA,2026-06-01
146178,VICTORIAN VILLAGE HLTH & WELL,12525 W RENAISSANCE CIRCLE,HOMER GLEN,IL,60491,7085905050,989,Will,Y,Non profit - Corporation,50,52.3,NA,Medicare,N,REST HAVEN ILLIANA CHRISTIAN CONVALESCENT HOME,2015-05-01,NA,NA,NA,NA,NA,NA,NA,N,NA,N,N,N,Resident,Yes,5,NA,4,NA,3,NA,3,NA,3,NA,5,NA,NA,NA,3.04929,0.14289,1.92107,2.06395,5.11325,4.58543,1.54805,0.10418,29.1,NA,22.7,NA,1,NA,1.52842,1.09825,2.56106,0.94484,0.74606,4.25195,3.77205,2.75712,0.1292,1.737,4.62332,4.14608,2025-07-03,6,3,3,48,1,0,48,2024-09-13,7,7,0,52,1,0,52,49,NA,0,0,0,0,"12525 W RENAISSANCE CIRCLE,HOMER GLEN,IL,60491",41.6287,-87.924,NA,2026-06-01
146179,New Summit Rehabilitation and Healthcare,1200 N ARLINGTON HEIGHTS RD,ARLINGTON HEIGHTS,IL,60004,8473929000,141,Cook,Y,For profit - Limited Liability company,120,89.4,NA,Medicare and Medicaid,N,NEW SUMMIT REHABILITATION AND HEALTHCARE LLC,2015-12-18,NA,NA,NA,NA,NA,NA,NA,N,NA,N,N,N,Resident,Yes,4,NA,4,NA,4,NA,4,NA,5,NA,4,NA,NA,NA,2.00138,0.71206,1.40076,2.11283,4.11421,3.78516,1.03674,0,37.8,NA,25.8,NA,0,NA,1.51584,1.08921,2.53998,0.93706,0.73992,4.21697,3.74101,1.82463,0.64918,1.27706,3.75087,3.45088,2025-06-11,8,8,0,60,1,0,60,2024-05-09,9,6,3,40,1,0,40,55,NA,0,0,1,1,"1200 N ARLINGTON HEIGHTS RD,ARLINGTON HEIGHTS,IL,60004",42.0974,-87.98,NA,2026-06-01
146180,ASCENSION NAZARETHVILLE PLACE,300 NORTH RIVER ROAD,DES PLAINES,IL,60016,8472975900,141,Cook,Y,Non profit - Church related,68,54,NA,Medicare and Medicaid,N,PRESENCE NAZARETHVILLE,2015-12-15,ASCENSION LIVING,48,16,2.9,2.6,3.4,3.6,N,NA,N,N,N,Resident,Yes,5,NA,5,NA,2,NA,4,NA,1,NA,4,NA,NA,NA,2.50072,0.16807,1.40097,1.56903,4.06975,3.7291,1.14101,0.08388,30,NA,29.4,NA,NA,26,1.35801,0.9758,2.27551,0.83949,0.66288,3.77788,3.35148,2.54485,0.17103,1.42569,4.14158,3.79491,2024-09-05,4,1,3,16,1,0,16,2023-10-12,0,0,0,0,0,0,0,12,NA,0,0,0,0,"300 NORTH RIVER ROAD,DES PLAINES,IL,60016",42.0573,-87.889,NA,2026-06-01
146181,AVONDALE ESTATES OF ELGIN,1754-1760 CAPITAL STREET,ELGIN,IL,60124,8475316004,530,Kane,Y,For profit - Individual,120,72.6,NA,Medicare and Medicaid,N,"AVONDALE ESTATES OF ELGIN, LLC",2017-01-05,NA,NA,NA,NA,NA,NA,NA,N,NA,N,N,N,Resident,Yes,5,NA,5,NA,4,NA,5,NA,2,NA,5,NA,NA,NA,2.80141,0.78694,1.57811,2.36505,5.16647,4.79277,1.29016,0.21786,31.3,NA,22.7,NA,0,NA,1.68509,1.21083,2.82358,1.04169,0.82253,4.6878,4.15871,2.29749,0.64538,1.29424,4.23711,3.93063,2025-06-27,5,5,0,32,1,0,32,2024-05-23,2,2,0,8,1,0,8,26,NA,1,15958,0,1,"1754-1760 CAPITAL STREET,ELGIN,IL,60124",42.0796,-88.339,NA,2026-06-01
146182,ALDEN COURTS OF WATERFORD,1991 RANDI DRIVE,AURORA,IL,60504,6308511466,530,Kane,Y,For profit - Corporation,60,55.8,NA,Medicare and Medicaid,N,ALDEN COURTS OF WATERFORD LLC,2017-03-20,THE ALDEN NETWORK,504,27,2.5,3,1.3,3.8,N,NA,N,N,N,Resident,Yes,4,NA,4,NA,2,NA,2,NA,1,NA,2,NA,NA,NA,2.45524,0.19701,1.18918,1.38619,3.84143,3.62276,1.07748,0.06948,NA,26,NA,26,NA,26,1.51543,1.08891,2.53928,0.93681,0.73972,4.21581,3.73998,2.23902,0.17966,1.08446,3.50314,3.30373,2025-08-28,7,4,3,48,1,0,48,2024-08-28,9,6,3,44,1,0,44,47,NA,1,21645,0,1,"1991 RANDI DRIVE,AURORA,IL,60504",41.7374,-88.27,NA,2026-06-01
146183,ALDEN COURTS OF SHOREWOOD,700 WEST BLACK ROAD,SHOREWOOD,IL,60404,8152308700,989,Will,Y,For profit - Corporation,50,43.7,NA,Medicare and Medicaid,N,"ALDEN COURTS OF SHOREWOOD, INC",2017-05-23,THE ALDEN NETWORK,504,27,2.5,3,1.3,3.8,N,NA,N,N,N,Resident,Yes,4,NA,5,NA,1,NA,2,NA,1,NA,3,NA,NA,NA,2.57685,0.77945,1.09248,1.87193,4.44878,4.14128,1.0062,0.11158,NA,26,NA,26,NA,26,1.46741,1.05441,2.45883,0.90712,0.71628,4.08223,3.62149,2.42682,0.73407,1.02887,4.18976,3.90016,2025-07-31,4,4,0,20,1,0,20,2024-09-12,3,3,0,40,1,0,40,25,NA,0,0,0,0,"700 WEST BLACK ROAD,SHOREWOOD,IL,60404",41.536,-88.207,NA,2026-06-01
146184,LUTHER OAKS,601 LUTZ ROAD,BLOOMINGTON,IL,61704,3096645940,650,Mc Lean,Y,Non profit - Corporation,19,17.9,NA,Medicare and Medicaid,N,LUTHER OAKS INC,2017-10-01,NA,NA,NA,NA,NA,NA,NA,Y,NA,N,N,N,Resident,Yes,4,NA,3,NA,5,NA,5,NA,5,NA,4,NA,NA,NA,2.38761,0.3369,1.28149,1.61839,4.006,3.74285,0.97646,0.11376,66.7,NA,60,NA,1,NA,1.32663,0.95326,2.22294,0.8201,0.64756,3.6906,3.27406,2.48721,0.35096,1.33494,4.17311,3.89898,2024-08-01,14,12,2,96,1,0,96,2023-08-02,4,1,3,36,1,0,36,81,NA,0,0,0,0,"601 LUTZ ROAD,BLOOMINGTON,IL,61704",40.4444,-89.012,NA,2026-06-01
146185,LITTLE SISTERS OF THE POOR,2325 NORTH LAKEWOOD AVENUE,CHICAGO,IL,60614,7739359600,141,Cook,Y,Non profit - Corporation,76,45,NA,Medicare and Medicaid,N,LITTLE SISTERS OF THE POOR CHICAGO INC,2018-06-01,LITTLE SISTERS OF THE POOR,319,5,4.8,4.2,4.7,4,N,NA,N,N,N,Resident,Yes,5,NA,4,NA,5,NA,5,NA,NA,2,5,NA,NA,NA,2.93652,0.57008,1.06853,1.6386,4.57512,3.99886,0.74438,0.06517,29.4,NA,33.3,NA,0,NA,1.09641,0.78783,1.83717,0.67778,0.53518,3.05013,2.70587,3.70135,0.71856,1.34683,5.76674,5.04039,2025-03-07,7,7,0,56,1,0,56,2024-02-08,6,4,2,68,1,0,68,59,NA,1,9272,1,2,"2325 NORTH LAKEWOOD AVENUE,CHICAGO,IL,60614",41.9238,-87.661,NA,2026-06-01
146186,ALDEN ESTATES CTS OF HUNTLEY,12140 REGENCY PARKWAY,HUNTLEY,IL,60142,8479617500,640,Mc Henry,Y,For profit - Corporation,170,141.7,NA,Medicare and Medicaid,N,"ALDEN ESTATES-COURTS OF HUNTLEY, INC.",2018-08-30,THE ALDEN NETWORK,504,27,2.5,3,1.3,3.8,N,NA,N,N,N,Resident,Yes,2,NA,2,NA,4,NA,5,NA,3,NA,2,NA,NA,NA,2.01727,0.45794,1.11288,1.57082,3.58809,3.17559,0.86771,0.06355,NA,26,NA,26,NA,26,1.57738,1.13343,2.6431,0.97511,0.76996,4.38816,3.89289,1.76737,0.40121,0.97502,3.1436,2.78219,2025-03-06,10,6,4,72,1,0,72,2024-04-24,16,6,11,384,1,0,384,150,NA,3,183372,0,3,"12140 REGENCY PARKWAY,HUNTLEY,IL,60142",42.1485,-88.437,NA,2026-06-01
146187,ASBURY COURT NURSING & REHAB,1750 ELMHURST ROAD,DES PLAINES,IL,60018,8472281500,141,Cook,Y,For profit - Individual,79,67.9,NA,Medicare and Medicaid,N,ASBURY COURT NURSING & REHABILITATION LLC,2018-11-14,NA,NA,NA,NA,NA,NA,NA,Y,NA,Y,N,N,Resident,Yes,2,NA,2,NA,1,NA,1,NA,1,NA,5,NA,NA,NA,2.90853,0.71733,1.0811,1.79844,4.70697,3.97183,0.84106,0.01202,37,NA,27.3,NA,0,NA,1.47927,1.06294,2.47871,0.91446,0.72207,4.11523,3.65076,2.71722,0.67015,1.00999,4.39736,3.71058,2025-05-22,1,0,1,4,0,0,4,2024-07-26,7,2,5,56,1,0,56,17,NA,0,0,1,1,"1750 ELMHURST ROAD,DES PLAINES,IL,60018",42.0227,-87.94,NA,2026-06-01
146189,LITTLE SISTERS OF THE POOR OF PALATINE,80 WEST NORTHWEST HIGHWAY,PALATINE,IL,60067,8473585700,141,Cook,Y,Non profit - Corporation,49,30.8,NA,Medicare and Medicaid,N,LITTLE SISTERS OF THE POOR ST JOSEPHS HOME FOR THE ELDERLY,2019-04-29,NA,NA,NA,NA,NA,NA,NA,N,NA,N,N,N,Resident,Yes,5,NA,5,NA,4,NA,4,NA,NA,2,5,NA,NA,NA,3.55519,1.21655,0.99158,2.20813,5.76332,5.03149,0.69928,0,17.5,NA,25,NA,0,NA,1.07407,0.77178,1.79974,0.66397,0.52428,2.98798,2.65074,4.57436,1.5653,1.27584,7.41549,6.47387,2024-11-15,5,5,0,24,1,0,24,2023-12-08,0,0,0,0,0,0,0,18,NA,0,0,0,0,"80 WEST NORTHWEST HIGHWAY,PALATINE,IL,60067",42.1218,-88.046,NA,2026-06-01
146191,MADO HEALTHCARE - UPTOWN,4621 NORTH RACINE AVENUE,CHICAGO,IL,60640,7737842300,141,Cook,Y,For profit - Corporation,132,114.1,NA,Medicare and Medicaid,N,4621 CORPORATION,2019-02-08,NA,NA,NA,NA,NA,NA,NA,N,NA,Y,N,N,None,Yes,1,NA,2,NA,1,20,1,20,NA,20,1,NA,NA,NA,1.64102,0.60052,0.55279,1.15331,2.79432,2.50476,0.47164,0.01508,32.4,NA,35.7,NA,3,NA,1.75878,1.26377,2.94705,1.08724,0.8585,4.89279,4.34056,1.28944,0.47186,0.43436,2.19566,1.96813,2024-11-20,9,7,2,60,1,0,60,2023-12-07,16,8,8,191,1,0,191,92.75,NA,2,123614,0,2,"4621 NORTH RACINE AVENUE,CHICAGO,IL,60640",41.9657,-87.66,NA,2026-06-01
146192,THRIVE OF LISLE,2850 OGDEN AVENUE,LISLE,IL,60532,3312496200,250,Du Page,Y,For profit - Corporation,28,69.7,NA,Medicare and Medicaid,N,"IH LISLE OPCO, LLC",2020-07-13,NA,NA,NA,NA,NA,NA,NA,N,NA,N,N,N,Resident,Yes,4,NA,4,NA,4,NA,NA,2,4,NA,4,NA,NA,NA,1.65332,0.65043,1.56781,2.21824,3.87157,3.54408,1.27067,0.27706,34.9,NA,23.3,NA,0,NA,1.74792,1.25597,2.92885,1.08053,0.8532,4.86258,4.31376,1.30718,0.51426,1.23957,3.06101,2.80209,2025-01-30,9,8,1,40,1,0,40,2024-03-27,11,9,2,64,1,0,64,46,NA,0,0,0,0,"2850 OGDEN AVENUE,LISLE,IL,60532",41.7964,-88.11,NA,2026-06-01
146193,MANOR COURT OF ROCHELLE,2203 FLAGG ROAD,ROCHELLE,IL,61068,8155629800,790,Ogle,N,Non profit - Corporation,92,71.6,NA,Medicare and Medicaid,N,RESIDENTIAL ALTERNATIVES OF ILLINOIS INC,2020-08-26,RESIDENTIAL ALTERNATIVES OF ILLINOIS,450,7,2.9,3.1,3.6,2.3,N,NA,N,N,N,Resident,Yes,2,NA,3,NA,1,NA,1,NA,2,NA,4,NA,NA,NA,3.41063,0.41694,1.17218,1.58912,4.99974,4.45158,0.80155,0.02359,60.4,NA,69.6,NA,0,NA,1.32542,0.95239,2.22091,0.81935,0.64697,3.68723,3.27106,3.55615,0.43473,1.22219,5.21307,4.64152,2025-03-05,13,8,5,96,1,0,96,2024-02-15,15,6,9,116,1,0,116,101,NA,1,22165,0,1,"2203 FLAGG ROAD,ROCHELLE,IL,61068",41.9337,-89.175,NA,2026-06-01
146194,THRIVE OF FOX VALLEY,4020 E NEW YORK STREET,AURORA,IL,60504,3313015590,250,Du Page,Y,For profit - Corporation,68,67.2,NA,Medicare and Medicaid,N,"IH FOX VALLEY OPCO, LLC",2020-12-17,NA,NA,NA,NA,NA,NA,NA,N,NA,N,N,N,Resident,Yes,4,NA,4,NA,4,NA,NA,2,4,NA,3,NA,NA,NA,1.76526,0.70177,1.62429,2.32606,4.09132,3.65555,1.10326,0.1949,56.7,NA,38.5,NA,1,NA,1.77563,1.27589,2.9753,1.09766,0.86673,4.93969,4.38216,1.3739,0.54619,1.26418,3.18427,2.84511,2024-07-26,10,6,4,52,1,0,52,2023-08-24,14,6,8,60,1,0,60,54,NA,0,0,0,0,"4020 E NEW YORK STREET,AURORA,IL,60504",41.7611,-88.22,NA,2026-06-01
146195,IGNITE MEDICAL MCHENRY,550 RIDGEVIEW DRIVE,MCHENRY,IL,60050,8159002500,640,Mc Henry,Y,For profit - Limited Liability company,84,81.1,NA,Medicare and Medicaid,N,TCO JV LLC,2020-12-23,IGNITE MEDICAL RESORTS,279,24,2.6,2.3,2,4.3,N,NA,N,N,N,Resident,Yes,4,NA,3,NA,5,NA,4,NA,5,NA,3,NA,NA,NA,1.71244,0.64521,1.0742,1.71941,3.43185,3.14281,0.70655,0.18544,48,NA,41.7,NA,1,NA,1.53969,1.10635,2.57994,0.9518,0.75156,4.2833,3.79986,1.53703,0.57912,0.96417,3.08032,2.82088,2024-08-22,12,5,7,60,1,0,60,2023-10-05,21,10,11,246,1,0,246,106.5,NA,1,62153,0,1,"550 RIDGEVIEW DRIVE,MCHENRY,IL,60050",42.3203,-88.286,NA,2026-06-01
146196,MERCYHEALTH JAVON BEA HOSPITAL -SNF,2400 N ROCKTON AVE,ROCKFORD,IL,61103,8159716295,991,Winnebago,Y,Non profit - Corporation,17,NA,10,Medicare,Y,JAVON BEA HOSPITAL,2021-06-30,MERCYHEALTH SYSTEM,346,3,4.7,4.7,3.3,4,N,NA,N,N,N,Resident,Yes,4,NA,5,NA,NA,2,NA,2,NA,2,1,23,23,23,NA,NA,NA,NA,NA,NA,NA,NA,NA,26,NA,26,NA,26,NA,NA,NA,NA,NA,NA,NA,NA,NA,NA,NA,NA,2024-10-02,0,0,0,0,0,0,0,2023-10-17,0,0,0,0,0,0,0,0,NA,0,0,0,0,"2400 N ROCKTON AVE,ROCKFORD,IL,61103",42.2977,-89.097,NA,2026-06-01
146197,JENNINGS TERRACE,275 SOUTH LASALLE,AURORA,IL,60505,6308976947,530,Kane,Y,Non profit - Corporation,60,48,NA,Medicare and Medicaid,N,JENNINGS TERRACE,2021-10-13,NA,NA,NA,NA,NA,NA,NA,N,NA,N,N,N,Resident,Yes,4,NA,4,NA,2,NA,2,NA,NA,2,2,NA,NA,NA,1.89826,0.39112,0.6401,1.03122,2.92948,2.64271,0.59107,0.09301,40.5,NA,57.1,NA,0,NA,1.37955,0.99128,2.31162,0.85281,0.67339,3.83782,3.40466,1.90158,0.39181,0.64122,2.93461,2.64735,2024-11-21,7,7,0,52,1,0,52,2024-01-19,11,9,2,68,1,0,68,56,NA,0,0,0,0,"275 SOUTH LASALLE,AURORA,IL,60505",41.751,-88.317,NA,2026-06-01
146198,ALL AMERICAN VLGE NRSG & RHB,5448 NORTH BROADWAY STREET,CHICAGO,IL,60640,7733342224,141,Cook,Y,For profit - Limited Liability company,144,138.1,NA,Medicare and Medicaid,N,ALL AMERICAN VILLAGE NURSING AND REHABILITATION CENTER LLC,2022-08-29,WISSATI IRREVOCABLE TRUST,861,5,2,2.8,1.4,2.8,N,NA,N,N,N,Resident,Yes,2,NA,3,NA,4,NA,4,NA,NA,2,1,NA,NA,NA,1.36636,0.73881,0.24766,0.98646,2.35283,1.89833,0.13312,0.02443,30.4,NA,66.7,NA,1,NA,2.04211,1.46736,3.42181,1.26239,0.9968,5.68101,5.03981,0.92467,0.49998,0.1676,1.59225,1.28467,2025-04-11,11,11,0,76,1,0,76,2024-03-07,16,7,9,160,1,0,160,97,NA,0,0,0,0,"5448 NORTH BROADWAY STREET,CHICAGO,IL,60640",41.9809,-87.66,NA,2026-06-01
146199,THREE CROWNS PARK,2323 MCDANIEL AVE,EVANSTON,IL,60201,8473288700,141,Cook,Y,Non profit - Corporation,34,24.9,NA,Medicare,N,THREE CROWNS PARK,2024-06-05,COVENANT LIVING,168,15,4.4,4.1,4.3,3.6,Y,NA,Y,N,N,Resident,Yes,1,NA,2,NA,2,NA,2,NA,2,NA,1,25,25,6,NA,NA,NA,NA,NA,NA,NA,NA,NA,26,NA,26,NA,26,NA,NA,NA,NA,NA,NA,NA,NA,NA,NA,NA,NA,2025-04-24,4,1,3,48,1,0,48,2024-03-23,1,0,1,20,0,0,20,41,NA,0,0,0,0,"2323 MCDANIEL AVE,EVANSTON,IL,60201",42.0595,-87.708,NA,2026-06-01
14A357,HERITAGE SQUARE,620 NORTH OTTAWA AVENUE,DIXON,IL,61021,8152882251,600,Lee,N,Non profit - Corporation,27,22,NA,Medicaid,N,Legal Business Name Not Available,1984-11-09,NA,NA,NA,NA,NA,NA,NA,Y,NA,N,N,N,Both,Yes,4,NA,5,NA,1,NA,1,NA,NA,2,5,NA,NA,NA,4.68799,1.463,1.138,2.60099,7.28898,6.36749,0.75439,1.73106,35,NA,55.6,NA,NA,26,1.24954,0.89786,2.09377,0.77244,0.60993,3.47614,3.0838,5.18483,1.61805,1.2586,8.06148,7.04234,2024-07-10,6,6,0,24,1,0,24,2023-09-14,4,4,0,16,1,0,16,22,NA,0,0,0,0,"620 NORTH OTTAWA AVENUE,DIXON,IL,61021",41.8518,-89.485,NA,2026-06-01
14A383,HIGHLAND OAKS,2750 WEST HIGHLAND AVENUE,ELGIN,IL,60123,8477414543,530,Kane,Y,Non profit - Church related,24,21.8,NA,Medicaid,N,Legal Business Name Not Available,1986-04-29,NA,NA,NA,NA,NA,NA,NA,N,NA,N,N,N,Resident,Yes,5,NA,5,NA,5,NA,5,NA,NA,2,5,NA,NA,NA,3.55352,0.54688,1.00839,1.55527,5.10879,4.66667,0.75957,0,30.2,NA,40,NA,0,NA,1.3202,0.94863,2.21216,0.81612,0.64442,3.6727,3.25817,3.7198,0.57247,1.05557,5.34784,4.88503,2024-08-29,2,2,0,20,1,0,20,2023-07-27,4,2,2,16,1,0,16,19,NA,0,0,0,0,"2750 WEST HIGHLAND AVENUE,ELGIN,IL,60123",42.0517,-88.347,NA,2026-06-01
14E095,Batavia Rehabilitation and Health Care Center,520 FABYAN PARKWAY,BATAVIA,IL,60510,6308795266,530,Kane,Y,For profit - Corporation,63,40.1,NA,Medicaid,N,Legal Business Name Not Available,1975-05-16,NA,NA,NA,NA,NA,NA,NA,N,NA,N,N,N,Resident,Yes,2,NA,3,NA,4,NA,4,NA,NA,2,1,NA,NA,NA,1.78829,0.51547,0.65253,1.168,2.95629,2.76642,0.58123,0,NA,26,NA,27,1,NA,1.62072,1.16458,2.71573,1.0019,0.79112,4.50874,3.99986,1.52485,0.43953,0.55641,2.52079,2.35889,2025-06-05,11,10,1,92,1,0,92,2024-08-16,6,6,0,36,1,0,36,78,NA,0,0,0,0,"520 FABYAN PARKWAY,BATAVIA,IL,60510",41.8641,-88.318,NA,2026-06-01
14E169,WINSTON MANOR CNV & NURSING,2155 WEST PIERCE,CHICAGO,IL,60622,7732522066,141,Cook,Y,For profit - Corporation,180,136.5,NA,Medicaid,N,Legal Business Name Not Available,1975-05-13,NA,NA,NA,NA,NA,NA,NA,N,NA,Y,N,N,Resident,Yes,2,NA,2,NA,5,NA,5,NA,NA,2,1,NA,NA,NA,0.82266,0.27986,0.31922,0.59908,1.42174,1.32527,0.29514,0.0061,NA,26,NA,26,NA,26,1.55417,1.11675,2.6042,0.96075,0.75863,4.32358,3.8356,0.73151,0.24885,0.28385,1.26422,1.17844,2024-06-27,16,4,12,211,1,0,211,2023-05-19,17,9,8,124,1,0,124,189.25,NA,0,0,0,0,"2155 WEST PIERCE,CHICAGO,IL,60622",41.9093,-87.682,NA,2026-06-01
14E177,CRESTWOOD TERRACE,13301 SOUTH CENTRAL AVENUE,CRESTWOOD,IL,60445,7085975251,141,Cook,Y,For profit - Individual,126,115.8,NA,Medicaid,N,Legal Business Name Not Available,1975-04-11,NA,NA,NA,NA,NA,NA,NA,N,NA,Y,N,N,Resident,Yes,3,NA,2,NA,5,NA,5,NA,NA,2,2,NA,NA,NA,1.32655,0.198,0.62907,0.82707,2.15362,1.78078,0.41919,0,28.6,NA,30,NA,0,NA,1.51595,1.08929,2.54016,0.93713,0.73997,4.21726,3.74128,1.20931,0.1805,0.57348,1.96329,1.6234,2024-08-23,7,4,4,68,1,0,68,2023-09-15,15,2,13,172,1,0,172,94,NA,2,66260,1,3,"13301 SOUTH CENTRAL AVENUE,CRESTWOOD,IL,60445",41.636,-87.757,NA,2026-06-01
14E212,FRANKFORT TERRACE,40 NORTH SMITH,FRANKFORT,IL,60423,8154693156,989,Will,Y,For profit - Corporation,120,106.3,NA,Medicaid,N,Legal Business Name Not Available,1975-04-14,NA,NA,NA,NA,NA,NA,NA,N,NA,N,N,N,Resident,Yes,3,NA,2,NA,5,NA,5,NA,NA,2,2,NA,NA,NA,1.05372,0.161,0.69148,0.85249,1.90621,1.61492,0.57211,0,26.4,NA,31.6,NA,0,NA,1.44823,1.04063,2.42669,0.89527,0.70692,4.02887,3.57415,1.00551,0.15364,0.65985,1.819,1.54104,2024-06-07,13,11,2,92,1,0,92,2023-06-20,10,9,1,239,1,0,239,128.75,NA,0,0,0,0,"40 NORTH SMITH,FRANKFORT,IL,60423",41.5136,-87.799,NA,2026-06-01
14E247,Joliet Living & Rehab Center,2230 MCDONOUGH,JOLIET,IL,60436,8157293801,989,Will,Y,For profit - Limited Liability company,120,92.2,NA,Medicaid,N,Legal Business Name Not Available,1975-04-14,NA,NA,NA,NA,NA,NA,NA,N,NA,Y,N,N,Resident,Yes,2,NA,2,NA,4,NA,4,NA,NA,2,2,NA,NA,NA,1.24529,0.52238,0.43594,0.95832,2.20361,1.95257,0.46696,0,22.4,NA,23.1,NA,0,NA,1.48395,1.06629,2.48654,0.91735,0.72435,4.12824,3.6623,1.15971,0.48648,0.40598,2.05218,1.81839,2025-05-15,11,5,6,68,1,0,68,2024-06-14,17,8,9,104,1,0,104,77,NA,0,0,0,0,"2230 MCDONOUGH,JOLIET,IL,60436",41.5151,-88.135,NA,2026-06-01
14E264,AVENUES AT LITCHFIELD,1024 EAST TYLER,LITCHFIELD,IL,62056,2173243842,760,Montgomery,N,For profit - Corporation,65,61.9,NA,Medicaid,N,Legal Business Name Not Available,1974-03-31,NA,NA,NA,NA,NA,NA,NA,N,NA,N,N,N,Resident,Yes,4,NA,5,NA,4,NA,4,NA,NA,2,1,NA,NA,NA,0.91987,0.59008,0.21125,0.80133,1.72121,1.45133,0.14718,0,7.7,NA,NA,27,0,NA,1.77197,1.27325,2.96916,1.0954,0.86494,4.92949,4.37312,0.71742,0.46021,0.16476,1.34238,1.1319,2024-10-03,4,4,0,28,1,0,28,2023-09-19,2,2,0,20,1,0,20,26,NA,0,0,0,0,"1024 EAST TYLER,LITCHFIELD,IL,62056",39.1695,-89.644,NA,2026-06-01
14E306,NORTH AURORA LIVING & REHAB CTR,310 BANBURY ROAD,NORTH AURORA,IL,60542,6308927627,530,Kane,Y,For profit - Partnership,129,102.2,NA,Medicaid,N,Legal Business Name Not Available,1975-04-21,NA,NA,NA,NA,NA,NA,NA,N,NA,N,N,N,Resident,Yes,1,NA,1,NA,4,NA,4,NA,NA,2,2,NA,NA,NA,1.03091,0.29157,0.5938,0.88537,1.91628,1.87224,0.73461,1.2e-4,28,NA,31.3,NA,1,NA,1.53723,1.10458,2.57582,0.95028,0.75036,4.27646,3.79379,0.92679,0.26212,0.53383,1.72274,1.68315,2024-11-15,5,3,2,20,1,0,20,2023-10-04,32,9,23,682,2,341,1023,270.75,NA,3,96800,1,4,"310 BANBURY ROAD,NORTH AURORA,IL,60542",41.8151,-88.312,NA,2026-06-01
14E322,SHARON HEALTH CARE PINES,3614 NORTH ROCHELLE,PEORIA,IL,61604,3096880350,800,Peoria,Y,For profit - Corporation,116,111.3,NA,Medicaid,N,Legal Business Name Not Available,1978-05-01,NA,NA,NA,NA,NA,NA,NA,N,NA,Y,N,N,Resident,Yes,1,NA,1,NA,4,NA,4,NA,NA,2,1,NA,NA,NA,1.98168,0.3123,0.36663,0.67893,2.66061,2.32719,0.33471,0,32.8,NA,50,NA,0,NA,1.40582,1.01015,2.35562,0.86905,0.68621,3.91089,3.46948,1.94807,0.307,0.36041,2.61548,2.28772,2025-09-03,19,12,7,243,1,0,243,2024-10-03,18,10,8,390,1,0,390,279.75,NA,2,235100,0,2,"3614 NORTH ROCHELLE,PEORIA,IL,61604",40.732,-89.644,NA,2026-06-01
14E345,FAIRHAVEN CHRISTIAN RET CENTER,3470 NORTH ALPINE ROAD,ROCKFORD,IL,61114,8158771441,991,Winnebago,Y,Non profit - Church related,96,72.3,NA,Medicaid,N,Legal Business Name Not Available,1976-05-16,NA,NA,NA,NA,NA,NA,NA,Y,NA,N,N,N,Resident,Yes,3,NA,3,NA,3,NA,3,NA,NA,2,3,NA,NA,NA,3.27622,0.85251999999999994,0.64003,1.49255,4.76877,4.36166,0.59923,0,96.9,NA,90.9,NA,NA,27,1.14444,0.82234,1.91766,0.70747,0.55863,3.18376,2.82442,3.95619,1.02946,0.77287,5.75852,5.26692,2026-02-26,5,5,0,48,1,0,48,2025-01-08,12,5,7,199,1,0,199,85.75,NA,2,149210,0,2,"3470 NORTH ALPINE ROAD,ROCKFORD,IL,61114",42.3104,-89.029,NA,2026-06-01
14E361,AVENUES AT QUAD CITIES,1403 9TH AVENUE,SILVIS,IL,61282,3097962600,890,Rock Island,Y,For profit - Corporation,63,NA,10,Medicaid,N,Legal Business Name Not Available,1987-03-18,NA,NA,NA,NA,NA,NA,NA,N,NA,N,N,N,Resident,Yes,1,NA,2,NA,3,NA,3,NA,NA,2,1,23,23,23,NA,NA,NA,NA,NA,NA,NA,NA,NA,26,NA,26,NA,26,NA,NA,NA,NA,NA,NA,NA,NA,NA,NA,NA,NA,2024-09-19,14,14,0,164,1,0,164,2023-08-10,7,1,6,177,1,0,177,167.25,NA,0,0,0,0,"1403 9TH AVENUE,SILVIS,IL,61282",41.5009,-90.416,NA,2026-06-01
14E392,West Chicago Living and Rehab Center,928 JOLIET ROAD,WEST CHICAGO,IL,60185,6302319292,250,Du Page,Y,For profit - Corporation,120,88.3,NA,Medicaid,N,Legal Business Name Not Available,1976-04-14,NA,NA,NA,NA,NA,NA,NA,N,NA,Y,N,N,Resident,Yes,2,NA,2,NA,4,NA,4,NA,NA,2,3,NA,NA,NA,1.17399,0.16503,0.74693,0.91196,2.08595,1.68932,0.65686,0,19.4,NA,28.6,NA,1,NA,1.12034,0.80503,1.87728,0.69257,0.54687,3.11672,2.76495,1.44815,0.20357,0.92135,2.57307,2.08382,2025-05-22,13,7,6,96,1,0,96,2024-07-12,28,11,17,364,1,0,364,163,NA,1,143375,0,1,"928 JOLIET ROAD,WEST CHICAGO,IL,60185",41.8706,-88.205,NA,2026-06-01
14E579,La Bella of Sterling,3601 SIXTEENTH AVENUE,STERLING,IL,61081,8156260233,988,Whiteside,N,For profit - Limited Liability company,70,41.5,NA,Medicaid,N,Legal Business Name Not Available,1975-08-01,NA,NA,NA,NA,NA,NA,NA,N,NA,N,N,N,Resident,Yes,2,NA,3,NA,3,NA,3,NA,NA,2,1,NA,NA,NA,1.61728,0.27203,0.60487,0.8769,2.49419,2.11932,0.40315,0,NA,26,NA,26,1,NA,1.39687,1.00372,2.34063,0.86352,0.68185,3.88599,3.44739,1.60004,0.26913,0.59842,2.46759,2.09672,2025-03-12,13,11,2,124,1,0,124,2024-05-09,4,2,2,44,1,0,44,104,NA,0,0,0,0,"3601 SIXTEENTH AVENUE,STERLING,IL,61081",41.8209,-89.679,NA,2026-06-01
14E701,BIG MEADOWS,1000 LONGMOOR,SAVANNA,IL,61074,8152732238,070,Carroll,N,For profit - Corporation,83,59.8,NA,Medicaid,N,Legal Business Name Not Available,1976-10-21,NA,NA,NA,NA,NA,NA,NA,N,NA,N,N,N,Resident,Yes,3,NA,3,NA,2,NA,2,NA,NA,2,3,NA,NA,NA,2.43331,0.54993,0.53789,1.08782,3.52113,3.29665,0.4703,0.00616,24.5,NA,37.5,NA,0,NA,1.351,0.97076,2.26377,0.83516,0.65945,3.75838,3.33419,2.4891,0.56254,0.55022,3.60186,3.37223,2025-02-25,9,7,3,60,1,0,60,2024-01-18,14,4,10,205,1,0,205,96.25,0,1,4500,0,1,"1000 LONGMOOR,SAVANNA,IL,61074",42.0964,-90.14,NA,2026-06-01
14E812,Axiom Gardens of Mount Vernon,#5 DOCTORS PARK RD,MOUNT VERNON,IL,62864,6182421064,490,Jefferson,N,For profit - Corporation,106,63.5,NA,Medicaid,N,Legal Business Name Not Available,1981-03-03,NA,NA,NA,NA,NA,NA,NA,N,NA,Y,N,N,Resident,Yes,1,NA,2,NA,1,NA,1,NA,NA,2,1,NA,NA,NA,2.00963,0.64658,0.31008,0.95666,2.96629,2.67975,0.18881,2.8e-4,41.7,NA,57.1,NA,0,NA,1.40704,1.01103,2.35767,0.8698,0.68681,3.91429,3.4725,1.97383,0.63506,0.30455,2.91344,2.632,2025-03-17,15,10,5,128,1,0,128,2024-03-11,24,12,13,200,2,100,300,171,NA,4,63330,0,4,"#5 DOCTORS PARK RD,MOUNT VERNON,IL,62864",38.312,-88.936,NA,2026-06-01
14E847,AVENUES AT SPRINGFIELD,525 SO MARTIN LUTHER KING DR,SPRINGFIELD,IL,62703,2177891680,920,Sangamon,Y,For profit - Limited Liability company,65,62.2,NA,Medicaid,N,Legal Business Name Not Available,1986-08-21,NA,NA,NA,NA,NA,NA,NA,N,NA,N,N,N,Resident,Yes,2,NA,3,NA,4,NA,4,NA,NA,2,1,24,NA,NA,0.97129,0.39066,0.22483,0.61549,1.58678,1.37601,0.14474,0,61.3,NA,NA,27,0,NA,1.71137,1.22971,2.86761,1.05793,0.83536,4.76091,4.22356,0.78434,0.31546,0.18156,1.28137,1.11116,2024-08-01,4,4,0,36,1,0,36,2023-06-15,20,7,13,220,1,0,220,82,NA,0,0,0,0,"525 SO MARTIN LUTHER KING DR,SPRINGFIELD,IL,62703",39.7723,-89.632,22,2026-06-01
14E848,DECATUR REHAB & HEALTH CARE CT,136 SOUTH DIPPER LANE,DECATUR,IL,62522,2174287767,660,Macon,Y,For profit - Corporation,58,NA,10,Medicaid,N,Legal Business Name Not Available,1987-10-23,NA,NA,NA,NA,NA,NA,NA,N,NA,N,N,N,Resident,Yes,1,NA,1,NA,NA,2,NA,2,NA,2,1,23,23,23,NA,NA,NA,NA,NA,NA,NA,NA,NA,26,NA,26,NA,26,NA,NA,NA,NA,NA,NA,NA,NA,NA,NA,NA,NA,2024-09-25,19,19,0,152,2,76,228,2023-08-22,41,19,28,320,1,0,320,251,NA,1,25500,1,2,"136 SOUTH DIPPER LANE,DECATUR,IL,62522",39.8419,-89.001,NA,2026-06-01
14E888,SHARON HEALTH CARE WILLOWS,3520 NORTH ROCHELLE,PEORIA,IL,61604,3096880451,800,Peoria,Y,For profit - Corporation,218,115,NA,Medicaid,N,Legal Business Name Not Available,1990-09-11,NA,NA,NA,NA,NA,NA,NA,N,NA,Y,N,N,Resident,Yes,2,NA,2,NA,2,NA,2,NA,NA,2,2,NA,NA,NA,2.07574,0.28494,0.53318,0.81812,2.89385,2.55334,0.49089,0,41.6,NA,23.1,NA,0,NA,1.7127,1.23067,2.86985,1.05876,0.83601,4.76462,4.22686,1.6749,0.22991,0.43022,2.33504,2.06028,2024-10-17,13,5,8,112,1,0,112,2023-08-31,22,12,11,132,1,0,132,117,1,0,0,0,0,"3520 NORTH ROCHELLE,PEORIA,IL,61604",40.7308,-89.644,NA,2026-06-01
