cms_certification_number_ccn,provider_name,provider_address,city_town,state,zip_code,telephone_number,provider_ssa_county_code,county_parish,urban,ownership_type,number_of_certified_beds,average_number_of_residents_per_day,average_number_of_residents_per_day_footnote,provider_type,provider_resides_in_hospital,legal_business_name,date_first_approved_to_provide_medicare_and_medicaid_services,chain_name,chain_id,number_of_facilities_in_chain,chain_average_overall_5_star_rating,chain_average_health_inspection_rating,chain_average_staffing_rating,chain_average_qm_rating,continuing_care_retirement_community,special_focus_status,abuse_icon,most_recent_health_inspection_more_than_2_years_ago,provider_changed_ownership_in_last_12_months,with_a_resident_and_family_council,automatic_sprinkler_systems_in_all_required_areas,overall_rating,overall_rating_footnote,health_inspection_rating,health_inspection_rating_footnote,qm_rating,qm_rating_footnote,long_stay_qm_rating,long_stay_qm_rating_footnote,short_stay_qm_rating,short_stay_qm_rating_footnote,staffing_rating,staffing_rating_footnote,reported_staffing_footnote,physical_therapist_staffing_footnote,reported_nurse_aide_staffing_hours_per_resident_per_day,reported_lpn_staffing_hours_per_resident_per_day,reported_rn_staffing_hours_per_resident_per_day,reported_licensed_staffing_hours_per_resident_per_day,reported_total_nurse_staffing_hours_per_resident_per_day,total_number_of_nurse_staff_hours_per_resident_per_day_on_the_weekend,registered_nurse_hours_per_resident_per_day_on_the_weekend,reported_physical_therapist_staffing_hours_per_resident_per_day,total_nursing_staff_turnover,total_nursing_staff_turnover_footnote,registered_nurse_turnover,registered_nurse_turnover_footnote,number_of_administrators_who_have_left_the_nursing_home,administrator_turnover_footnote,nursing_case_mix_index,nursing_case_mix_index_ratio,case_mix_nurse_aide_staffing_hours_per_resident_per_day,case_mix_lpn_staffing_hours_per_resident_per_day,case_mix_rn_staffing_hours_per_resident_per_day,case_mix_total_nurse_staffing_hours_per_resident_per_day,case_mix_weekend_total_nurse_staffing_hours_per_resident_per_day,adjusted_nurse_aide_staffing_hours_per_resident_per_day,adjusted_lpn_staffing_hours_per_resident_per_day,adjusted_rn_staffing_hours_per_resident_per_day,adjusted_total_nurse_staffing_hours_per_resident_per_day,adjusted_weekend_total_nurse_staffing_hours_per_resident_per_day,rating_cycle_1_standard_survey_health_date,rating_cycle_1_total_number_of_health_deficiencies,rating_cycle_1_number_of_standard_health_deficiencies,rating_cycle_1_number_of_complaint_health_deficiencies,rating_cycle_1_health_deficiency_score,rating_cycle_1_number_of_health_revisits,rating_cycle_1_health_revisit_score,rating_cycle_1_total_health_score,rating_cycle_2_standard_health_survey_date,rating_cycle_2_3_total_number_of_health_deficiencies,rating_cycle_2_number_of_standard_health_deficiencies,rating_cycle_2_3_number_of_complaint_health_deficiencies,rating_cycle_2_3_health_deficiency_score,rating_cycle_2_3_number_of_health_revisits,rating_cycle_2_3_health_revisit_score,rating_cycle_2_3_total_health_score,total_weighted_health_survey_score,number_of_citations_from_infection_control_inspections,number_of_fines,total_amount_of_fines_in_dollars,number_of_payment_denials,total_number_of_penalties,location,latitude,longitude,geocoding_footnote,processing_date
165006,Iowa Jewish Senior Life Center,900 Polk Boulevard,Des Moines,IA,50312,5152555433,760,Polk,Y,Non profit - Other,46,43.2,NA,Medicare and Medicaid,N,IOWA JEWISH SENIOR LIFE CENTER,1967-01-01,NA,NA,NA,NA,NA,NA,NA,N,NA,N,N,N,Resident,Yes,3,NA,4,NA,3,NA,3,NA,4,NA,1,25,25,6,NA,NA,NA,NA,NA,NA,NA,NA,56.1,NA,60,NA,0,NA,NA,NA,NA,NA,NA,NA,NA,NA,NA,NA,NA,NA,2025-03-13,5,5,0,20,1,0,20,2024-04-18,3,3,2,12,1,0,12,18,NA,4,27523,0,4,"900 Polk Boulevard,Des Moines,IA,50312",41.5936,-93.682,NA,2026-06-01
165017,Harmony Cedar Rapids,1940 First Avenue NE,Cedar Rapids,IA,52402,3193645151,560,Linn,Y,For profit - Limited Liability company,96,79.9,NA,Medicare and Medicaid,N,CEDAR RAPIDS SKILLED NURSING FACILITY LLC,1967-01-01,LEGACY HEALTHCARE,306,89,2.9,2.9,2.6,3.4,N,NA,N,N,N,Resident,Yes,1,NA,1,NA,3,NA,3,NA,3,NA,2,NA,NA,NA,2.56666,0.57948,0.59033,1.16981,3.73646,3.41582,0.35761,0,75.8,NA,75,NA,1,NA,1.398,1.00454,2.34252,0.86422,0.6824,3.88914,3.45018,2.53723,0.57284,0.58356,3.69363,3.37666,2026-03-03,11,9,2,64,1,0,64,2025-01-15,14,4,10,189,1,0,189,95.25,NA,1,10358,0,1,"1940 First Avenue NE,Cedar Rapids,IA,52402",41.994,-91.642,NA,2026-06-01
165019,Chautauqua Guest Home #2,602 Eleventh Street,Charles City,IA,50616,6412282353,330,Floyd,N,For profit - Corporation,53,38.8,NA,Medicare and Medicaid,N,CHAUTAUQUA GUEST HOMES INC,1967-01-01,NA,NA,NA,NA,NA,NA,NA,N,NA,N,N,N,Resident,Yes,5,NA,4,NA,3,NA,3,NA,NA,2,5,NA,NA,NA,2.96408,0.42191,0.88267,1.30458,4.26866,3.96796,0.82802,0.01709,35.6,NA,12.5,NA,1,NA,1.23867,0.89005,2.07555,0.76572,0.60463,3.4459,3.05698,3.30699,0.47072,0.98478,4.76249,4.427,2025-09-18,2,2,1,28,1,0,28,2024-09-19,0,0,0,0,0,0,0,21,NA,0,0,0,0,"602 Eleventh Street,Charles City,IA,50616",43.0527,-92.678,NA,2026-06-01
165030,Oaknoll Retirement Residence,1 Oaknoll Ct,Iowa City,IA,52240,3193511720,510,Johnson,Y,Non profit - Corporation,70,57.3,NA,Medicare and Medicaid,N,CHRISTIAN RETIREMENT SERVICES INC,1988-11-30,NA,NA,NA,NA,NA,NA,NA,Y,NA,N,N,N,Resident,Yes,5,NA,5,NA,4,NA,1,NA,5,NA,5,NA,NA,NA,3.79962,0.46176,0.98257,1.44433,5.24395,5.1168,0.81025,0.04718,32.6,NA,23.5,NA,NA,26,1.20155,0.86338,2.01335,0.74278,0.58651,3.34264,2.96537,4.37015,0.5311,1.13011,6.03135,5.88512,2025-09-18,0,0,0,0,0,0,0,2024-08-28,1,1,0,4,1,0,4,1,NA,0,0,0,0,"1 Oaknoll Ct,Iowa City,IA,52240",41.6509,-91.556,NA,2026-06-01
165033,Harmony Davenport,815 East Locust Street,Davenport,IA,52803,5633243276,810,Scott,Y,For profit - Limited Liability company,88,71.4,NA,Medicare and Medicaid,N,DAVENPORT SKILLED NURSING FACILITY LLC,1967-01-06,LEGACY HEALTHCARE,306,89,2.9,2.9,2.6,3.4,N,NA,N,N,N,Resident,Yes,2,NA,2,NA,3,NA,4,NA,3,NA,3,NA,NA,NA,2.45832,0.47073,0.6593,1.13002,3.58835,3.38354,0.50188,0.02829,42.5,NA,45.5,NA,0,NA,1.40822,1.01188,2.35965,0.87053,0.68739,3.91756,3.4754,2.4125,0.46196,0.64701,3.52147,3.32048,2026-04-06,10,8,5,44,1,0,44,2025-03-20,22,4,18,160,1,0,160,73,NA,1,30186,1,2,"815 East Locust Street,Davenport,IA,52803",41.5383,-90.564,NA,2026-06-01
165034,Harmony Waterloo,201 West Ridgeway Avenue,Waterloo,IA,50701,3192347777,060,Black Hawk,Y,For profit - Limited Liability company,88,71.7,NA,Medicare and Medicaid,N,WATERLOO SKILLED NURSING FACILITY LLC,1967-01-19,LEGACY HEALTHCARE,306,89,2.9,2.9,2.6,3.4,N,NA,Y,N,N,Resident,Yes,1,NA,1,NA,4,NA,4,NA,5,NA,3,NA,NA,NA,2.02994,0.49314,0.71017,1.20331,3.23325,2.99099,0.44944,0.05675,50.5,NA,27.3,NA,1,NA,1.38043,0.99191,2.31308,0.85335,0.67382,3.84025,3.40682,2.03221,0.49369,0.71096,3.23686,2.99434,2026-01-14,7,6,1,115,1,0,115,2025-01-15,13,5,9,60,1,0,60,101.25,NA,1,95440,0,1,"201 West Ridgeway Avenue,Waterloo,IA,50701",42.4694,-92.358,NA,2026-06-01
165049,Ridgecrest Village,4130 Northwest Boulevard,Davenport,IA,52806,5633913430,810,Scott,Y,Non profit - Other,137,54.9,NA,Medicare and Medicaid,N,"CHRISTIAN RETIREMENT HOMES, INC.",1967-03-23,NA,NA,NA,NA,NA,NA,NA,Y,NA,Y,N,N,Resident,Yes,1,NA,1,NA,3,NA,3,NA,3,NA,3,NA,NA,NA,2.42536,0.47009,0.9767,1.44679,3.87214,3.66498,0.91718,0.01429,97.4,NA,100,NA,1,NA,1.21596,0.87373,2.03749,0.75168,0.59354,3.38271,3.00092,2.75649,0.53427,1.11005,4.40081,4.16536,2025-10-02,7,6,3,80,1,0,80,2024-09-26,26,15,11,258,1,0,258,124.5,NA,3,118886,1,4,"4130 Northwest Boulevard,Davenport,IA,52806",41.5636,-90.581,NA,2026-06-01
165072,Good Shepherd Health Center,302 Second Street NE,Mason City,IA,50401,6414241740,160,Cerro Gordo,N,Non profit - Corporation,180,151.8,NA,Medicare and Medicaid,N,GOOD SHEPHERD GERIATRIC CENTER INC,1968-01-01,NA,NA,NA,NA,NA,NA,NA,N,NA,N,N,N,Resident,Yes,2,NA,2,NA,2,NA,2,NA,1,NA,3,NA,NA,NA,2.79373,0.66329,0.35077,1.01406,3.80779,3.58315,0.26736,0.01482,70.5,NA,60,NA,0,NA,1.14067,0.81963,1.91133,0.70514,0.55679,3.17326,2.81511,3.38473,0.8036,0.42498,4.61331,4.34115,2025-12-11,7,5,2,36,1,0,36,2024-10-31,15,7,8,151,1,0,151,64.75,NA,1,87458,0,1,"302 Second Street NE,Mason City,IA,50401",43.1536,-93.195,NA,2026-06-01
165081,Friendship Village Retirement,600 Park Lane,Waterloo,IA,50702,3192918100,060,Black Hawk,Y,Non profit - Corporation,72,68.8,NA,Medicare and Medicaid,N,FRIENDSHIP VILLAGE INC.,1968-08-15,NA,NA,NA,NA,NA,NA,NA,Y,NA,N,N,N,Resident,Yes,5,NA,4,NA,3,NA,3,NA,3,NA,5,NA,NA,NA,2.77811,0.88032,0.7889,1.66922,4.44733,4.01102,0.56445,0.00855,29.4,NA,25,NA,0,NA,1.19989,0.86218,2.01056,0.74175,0.58569,3.338,2.96125,3.1997,1.01391,0.90862,5.12223,4.61971,2025-11-17,1,1,0,4,1,0,4,2024-10-09,6,2,4,44,1,0,44,14,NA,0,0,0,0,"600 Park Lane,Waterloo,IA,50702",42.4635,-92.351,NA,2026-06-01
165082,"Accura Healthcare of Lake City, LLC",1409 West Main Street,Lake City,IA,51449,7124643106,120,Calhoun,N,For profit - Corporation,46,41.4,NA,Medicare and Medicaid,N,ACCURA HEALTHCARE OF LAKE CITY LLC,1968-09-06,ACCURA HEALTHCARE,8,42,2.5,2.4,3.2,2.8,N,NA,N,N,N,Resident,Yes,2,NA,2,NA,2,NA,1,NA,4,NA,3,NA,NA,NA,2.52467,0.78716,0.37224,1.15939,3.68406,3.22587,0.28391,0.01712,44.7,NA,87.5,NA,NA,26,1.01451,0.72898,1.69994,0.62715,0.49521,2.8223,2.50376,3.43911,1.07227,0.50706,5.01843,4.39429,2026-04-23,7,2,5,44,1,0,44,2025-04-03,20,7,15,183,1,0,183,78.75,NA,2,38610,0,2,"1409 West Main Street,Lake City,IA,51449",42.2652,-94.752,NA,2026-06-01
165104,Harmony Dubuque,901 West Third Street,Dubuque,IA,52001,5635561161,300,Dubuque,Y,For profit - Limited Liability company,75,51.2,NA,Medicare and Medicaid,N,DUBUQUE SKILLED NURSING FACILITY LLC,1971-08-02,LEGACY HEALTHCARE,306,89,2.9,2.9,2.6,3.4,N,NA,N,N,N,Resident,Yes,2,NA,2,NA,3,NA,3,NA,3,NA,2,NA,NA,NA,2.1413,0.519,1.00567,1.52467,3.66597,3.32491,0.53491,0.09344,74.7,NA,66.7,NA,2,NA,1.40158,1.00711,2.34852,0.86643,0.68414,3.89909,3.45901,2.11134,0.51174,0.9916,3.61469,3.2784,2026-01-14,6,4,4,56,1,0,56,2024-10-24,20,5,15,148,1,0,148,79,NA,2,19371,1,3,"901 West Third Street,Dubuque,IA,52001",42.4942,-90.674,NA,2026-06-01
165110,Southeast Iowa Regional Medical - Klein Center,1307 South Gear Avenue,West Burlington,IA,52655,3197681000,280,Des Moines,N,Non profit - Other,160,139,NA,Medicare and Medicaid,Y,SOUTHEAST IOWA REGIONAL MEDICAL CENTER INC,1977-05-01,NA,NA,NA,NA,NA,NA,NA,N,NA,N,N,N,Resident,Yes,2,NA,1,NA,4,NA,4,NA,4,NA,5,NA,NA,NA,2.92413,0.48594,1.39312,1.87907,4.80319,4.29111,0.93729,0.03367,21.5,NA,9.8,NA,0,NA,1.14206,0.82063,1.91367,0.706,0.55747,3.17713,2.81854,3.5384,0.58802,1.68578,5.8122,5.19254,2025-05-01,7,4,6,103,1,0,103,2024-06-13,4,2,2,91,1,0,91,100,NA,2,65094,0,2,"1307 South Gear Avenue,West Burlington,IA,52655",40.8068,-91.17,NA,2026-06-01
165118,Madrid Home for the Aged,613 West North Street,Madrid,IA,50156,5157953007,070,Boone,Y,Non profit - Corporation,64,60.4,NA,Medicare and Medicaid,N,MADRID HOME FOR THE AGING,1983-12-01,WESTERN HOME COMMUNITIES,887,6,3.8,3.3,4.2,3.3,Y,NA,N,N,N,Resident,Yes,3,NA,3,NA,3,NA,2,NA,5,NA,2,NA,NA,NA,2.53453,0.4684,0.49633,0.96472,3.49925,2.99894,0.39313,0.13191,50,NA,77.8,NA,NA,26,1.35834,0.97604,2.27606,0.8397,0.66304,3.7788,3.3523,2.57863,0.47655,0.50496,3.56014,3.05112,2026-03-26,6,6,2,32,1,0,32,2025-03-20,5,5,1,24,1,0,24,30,NA,0,0,1,1,"613 West North Street,Madrid,IA,50156",41.8779,-93.827,NA,2026-06-01
165135,Strawberry Point Lutheran Home,313 Elkader Street,Strawberry Point,IA,52076,5639336037,210,Clayton,N,Non profit - Corporation,16,15.9,NA,Medicare and Medicaid,N,STRAWBERRY POINT LUTHERAN HOME FOR THE AGED,1986-04-18,NA,NA,NA,NA,NA,NA,NA,Y,NA,N,N,N,None,Yes,5,NA,4,NA,5,NA,5,NA,NA,2,4,NA,NA,NA,3.11,0.62051,1.23413,1.85465,4.96465,4.29,0.85949,0.00258,62.1,NA,60,NA,0,NA,1.02554,0.7369,1.71842,0.63397,0.50059,2.85297,2.53097,4.19091,0.83618,1.66307,6.69016,5.78103,2025-04-24,2,2,1,4,1,0,4,2024-06-13,5,4,1,16,1,0,16,7,NA,0,0,0,0,"313 Elkader Street,Strawberry Point,IA,52076",42.6875,-91.534,NA,2026-06-01
165145,Embassy Rehab and Care Center,206 Port Neal Road,Sergeant Bluff,IA,51054,7129433837,960,Woodbury,Y,For profit - Limited Liability company,60,42.7,NA,Medicare and Medicaid,N,KISMET SUX LLC,1988-11-28,LANTIS ENTERPRISES,304,5,1.6,2,2.8,1.6,N,NA,N,N,N,Resident,Yes,2,NA,2,NA,2,NA,3,NA,1,NA,4,NA,NA,NA,1.9863,0.65592,0.84904,1.50496,3.49126,2.91247,0.71353,0.01509,55.8,NA,25,NA,NA,26,1.18328,0.85025,1.98273,0.73148,0.57759,3.2918,2.92027,2.31983,0.76606,0.9916,4.0775,3.40153,2025-06-05,11,10,2,60,1,0,60,2024-06-20,11,8,6,72,1,0,72,63,NA,0,0,0,0,"206 Port Neal Road,Sergeant Bluff,IA,51054",42.3969,-96.355,NA,2026-06-01
165146,Kahl Home for the Aged & Infirmed,6701 Jersey Ridge Road,Davenport,IA,52807,5633241621,810,Scott,Y,Non profit - Corporation,135,106,NA,Medicare and Medicaid,N,KAHL HOME FOR THE AGED & INFIRM,1989-01-01,CARMELITE SISTERS FOR THE AGED & INFIRM,802,9,2.6,2.1,3.6,4,N,NA,N,N,N,Resident,Yes,3,NA,2,NA,5,NA,5,NA,3,NA,4,NA,NA,NA,2.24405,0.81041,0.65211,1.46252,3.70657,3.41045,0.47138,0.06915,37.7,NA,21.1,NA,1,NA,1.36477,0.98066,2.28684,0.84367,0.66618,3.79669,3.36817,2.27234,0.82063,0.66033,3.7533,3.45344,2026-03-16,8,4,6,80,1,0,80,2025-02-13,5,3,2,24,1,0,24,66,NA,0,0,0,0,"6701 Jersey Ridge Road,Davenport,IA,52807",41.5894,-90.539,NA,2026-06-01
165147,Park Place,401 South Van Buren,Mount Pleasant,IA,52641,3193856192,430,Henry,N,Non profit - Corporation,49,34.9,NA,Medicare and Medicaid,Y,HENRY COUNTY SOLDIERS' AND SAILORS' MEMORIAL HOSPITAL,1989-01-16,NA,NA,NA,NA,NA,NA,NA,N,NA,N,N,N,Resident,Yes,5,NA,4,NA,4,NA,4,NA,NA,2,5,NA,NA,NA,3.31176,0.17455,1.43411,1.60865,4.92042,4.202,0.91337,0.00243,44.9,NA,15.4,NA,1,NA,1.17329,0.84307,1.96599,0.7253,0.57271,3.26401,2.89561,3.9008,0.20559,1.68918,5.79557,4.94938,2025-05-22,2,1,1,12,1,0,12,2024-07-25,8,2,6,32,1,0,32,17,NA,0,0,0,0,"401 South Van Buren,Mount Pleasant,IA,52641",40.9632,-91.559,NA,2026-06-01
165151,Mississippi Valley,500 Messenger Road,Keokuk,IA,52632,3195245321,550,Lee,N,For profit - Limited Liability company,83,58.8,NA,Medicare and Medicaid,N,LEXINGTON SQUARE LLC,1989-03-25,NA,NA,NA,NA,NA,NA,NA,N,NA,N,N,N,Resident,Yes,3,NA,3,NA,4,NA,4,NA,NA,2,3,NA,NA,NA,3.24301,0.70053,1.4325,2.13303,5.37604,4.15489,1.01999,0.00562,41.5,NA,25,NA,0,NA,2.71598,1.95157,4.55096,1.67896,1.32573,7.55565,6.70287,1.65015,0.35645,0.7289,2.7355,2.11414,2025-04-03,1,0,1,20,0,0,20,2024-06-19,7,5,2,64,1,0,64,31,NA,2,19663,0,2,"500 Messenger Road,Keokuk,IA,52632",40.4214,-91.395,NA,2026-06-01
165152,Harmony House Health Care Center,2950 West Shaulis Road,Waterloo,IA,50701,3192344495,060,Black Hawk,Y,For profit - Limited Liability company,65,45.9,NA,Medicare and Medicaid,N,SHAULIS IA SKILLED NURSING FACILITY LLC,1989-03-30,LEGACY HEALTHCARE,306,89,2.9,2.9,2.6,3.4,N,NA,N,N,N,None,Yes,1,NA,1,NA,3,NA,3,NA,NA,2,3,NA,NA,NA,2.88171,0.44476,0.63106,1.07582,3.95753,3.54348,0.4189,0.10598,54.4,NA,22.2,NA,0,NA,1.56124,1.12183,2.61605,0.96513,0.76208,4.34325,3.85304,2.55083,0.39369,0.5586,3.50312,3.13661,2025-08-06,24,13,13,258,1,0,258,2024-09-12,6,4,4,60,1,0,60,208.5,NA,0,0,0,0,"2950 West Shaulis Road,Waterloo,IA,50701",42.443,-92.416,NA,2026-06-01
165155,Salem Lutheran Home,2027 College Avenue,Elk Horn,IA,51531,7127644201,820,Shelby,N,For profit - Corporation,64,54.8,NA,Medicare and Medicaid,N,AMERICAN LUTHERAN CHURCH,1990-05-01,GOOD SAMARITAN SOCIETY,726,92,2.9,2.8,3.9,3,N,NA,N,N,N,Resident,Yes,2,NA,2,NA,2,NA,2,NA,3,NA,3,NA,NA,NA,2.56702,0.4517,0.53889,0.99059,3.55761,2.70231,0.21107,0.08434,69.4,NA,72.7,NA,NA,26,1.07933,0.77556,1.80855,0.66722,0.52685,3.00262,2.66373,3.28681,0.57835,0.68999,4.55515,3.46003,2025-06-26,9,7,4,36,1,0,36,2024-08-11,18,10,8,136,1,0,136,61,NA,0,0,0,0,"2027 College Avenue,Elk Horn,IA,51531",41.5938,-95.059,NA,2026-06-01
165156,Fort Dodge Health and Rehabilitation,728 14th Avenue North,Fort Dodge,IA,50501,5155767226,930,Webster,N,For profit - Corporation,65,60,NA,Medicare and Medicaid,N,"GYPSUM CREEK HEALTHCARE, INC.",1990-07-17,THE ENSIGN GROUP,507,342,3.2,2.9,2.4,4.4,N,NA,N,N,N,Resident,Yes,1,NA,1,NA,1,NA,1,NA,2,NA,2,NA,NA,NA,2.05804,0.53227,0.4964,1.02867,3.08671,2.60549,0.3191,0.06153,43.2,NA,42.9,NA,0,NA,1.49746,1.07601,2.50919,0.9257,0.73095,4.16584,3.69566,1.89932,0.49122,0.45812,2.84865,2.40454,2026-02-26,23,17,7,215,1,0,215,2025-01-15,15,3,15,108,1,0,108,188.25,NA,2,182598,0,2,"728 14th Avenue North,Fort Dodge,IA,50501",42.519,-94.193,NA,2026-06-01
165157,Crown Pointe Estates Care Center,1400 7th Avenue SE,Sioux Center,IA,51250,7127228305,830,Sioux,N,Non profit - Corporation,99,90.5,NA,Medicare and Medicaid,N,SIOUX CENTER HEALTH,1990-10-04,NA,NA,NA,NA,NA,NA,NA,Y,NA,N,N,N,Resident,Yes,4,NA,3,NA,2,NA,2,NA,NA,2,5,NA,NA,NA,3.53997,0.46692,0.7913,1.25822,4.79819,4.17004,0.30212,0.08534,33.3,NA,38.9,NA,0,NA,1.166,0.83783,1.95377,0.7208,0.56915,3.24372,2.87761,4.19567,0.55341,0.93787,5.68696,4.94245,2025-06-26,6,6,2,24,1,0,24,2024-08-01,6,5,1,28,1,0,28,25,NA,1,82366,1,2,"1400 7th Avenue SE,Sioux Center,IA,51250",43.0625,-96.166,NA,2026-06-01
165158,Azria Health Clarinda,600 Manor Drive,Clarinda,IA,51632,7125425161,720,Page,N,For profit - Limited Liability company,70,57.3,NA,Medicare and Medicaid,N,BCP CLARINDA LLC,1991-02-14,AZRIA HEALTH,64,9,1.6,1.9,2.9,1.6,N,NA,N,N,N,Resident,Yes,2,NA,3,NA,1,NA,1,NA,1,NA,3,NA,NA,NA,2.2655,1.00706,0.54322,1.55028,3.81578,3.24613,0.25329,0.14241,35,NA,46.2,NA,0,NA,1.39205,1.00026,2.33256,0.86054,0.67949,3.87259,3.43551,2.24909,0.99977,0.53929,3.78815,3.22262,2025-05-01,1,0,1,4,0,0,4,2024-06-13,10,4,6,111,1,0,111,30.75,NA,1,16448,0,1,"600 Manor Drive,Clarinda,IA,51632",40.7307,-95.045,NA,2026-06-01
165162,Altoona Nursing and Rehabilitation Center,200 Seventh Avenue SW,Altoona,IA,50009,5159674267,760,Polk,Y,For profit - Limited Liability company,106,95.2,NA,Medicare and Medicaid,N,"OPCO ALTOONA, IA, LLC",1991-08-05,CAMPBELL STREET SERVICES,99,20,2.2,2.2,2.6,3.4,N,NA,N,N,N,Resident,Yes,1,NA,2,NA,2,NA,3,NA,1,NA,1,25,25,6,NA,NA,NA,NA,NA,NA,NA,NA,45.7,NA,46.7,NA,2,NA,NA,NA,NA,NA,NA,NA,NA,NA,NA,NA,NA,NA,2026-03-19,10,5,6,52,1,0,52,2025-02-27,31,10,28,184,1,0,184,85,NA,0,0,0,0,"200 Seventh Avenue SW,Altoona,IA,50009",41.6507,-93.472,NA,2026-06-01
165163,On With Life,715 SW Ankeny Road,Ankeny,IA,50023,5159651339,760,Polk,Y,Non profit - Corporation,28,23.6,NA,Medicare and Medicaid,N,ON WITH LIFE INC,1991-08-20,NA,NA,NA,NA,NA,NA,NA,N,NA,N,N,N,Both,Yes,5,NA,5,NA,NA,2,NA,2,NA,2,NA,2,6,6,NA,NA,NA,NA,NA,NA,NA,NA,NA,26,NA,26,NA,26,NA,NA,NA,NA,NA,NA,NA,NA,NA,NA,NA,NA,2025-09-04,0,0,0,0,0,0,0,2024-10-10,1,1,0,8,1,0,8,2,NA,0,0,0,0,"715 SW Ankeny Road,Ankeny,IA,50023",41.6991,-93.609,NA,2026-06-01
165165,Northcrest Specialty Care,2001Health Street,Waterloo,IA,50703,3192344423,060,Black Hawk,Y,Non profit - Corporation,94,87.2,NA,Medicare and Medicaid,N,CARE INITIATIVES,1992-02-01,CARE INITIATIVES,106,43,3,2.6,3.6,3.8,N,NA,N,N,N,Resident,Yes,2,NA,2,NA,4,NA,4,NA,4,NA,3,NA,NA,NA,1.99599,0.57841,0.70159,1.28001,3.276,2.91739,0.37451,0.06257,51.1,NA,76.2,NA,0,NA,1.14919,0.82575,1.92561,0.71041,0.56095,3.19697,2.83614,2.4003,0.69558,0.84371,3.93959,3.50834,2026-02-12,8,7,2,36,1,0,36,2025-01-30,18,7,11,104,1,0,104,53,NA,0,0,0,0,"2001Health Street,Waterloo,IA,50703",42.515,-92.32,22,2026-06-01
165167,The Village,1203 North E Street,Indianola,IA,50125,5159617458,900,Warren,Y,Non profit - Corporation,54,44.9,NA,Medicare and Medicaid,N,WESLEY RETIREMENT SERVICES INC,1991-10-31,WESLEYLIFE,561,10,4,3.4,4.4,3.9,Y,NA,N,N,N,Resident,Yes,4,NA,4,NA,4,NA,4,NA,4,NA,4,NA,NA,NA,2.29004,0.92075,0.76105,1.68181,3.97185,3.57721,0.36868,0.09009,48.3,NA,66.7,NA,0,NA,1.04144,0.74833,1.74507,0.6438,0.50835,2.89722,2.57022,3.03884,1.22182,1.00991,5.27057,4.74689,2026-01-15,1,0,1,8,0,0,8,2024-11-14,3,3,1,32,1,0,32,14,0,0,0,0,0,"1203 North E Street,Indianola,IA,50125",41.3712,-93.568,NA,2026-06-01
165169,Good Samaritan - Davenport,700 Waverly Road,Davenport,IA,52804,5633241651,810,Scott,Y,Non profit - Church related,119,99.5,NA,Medicare and Medicaid,N,THE EVANGELICAL LUTHERAN GOOD SAMARITAN SOCIETY,1992-02-21,GOOD SAMARITAN SOCIETY,726,92,2.9,2.8,3.9,3,N,NA,N,N,N,Resident,Yes,3,NA,3,NA,4,NA,5,NA,4,NA,3,NA,NA,NA,2.01838,0.65764,0.69817,1.35582,3.3742,2.93527,0.39923,0.05367,31.6,NA,27.8,NA,0,NA,1.3982,1.00468,2.34286,0.86434,0.68249,3.88969,3.45067,1.99496,0.65001,0.69007,3.33504,2.90121,2026-01-29,5,5,0,28,1,0,28,2025-01-15,7,1,6,44,1,0,44,32,0,0,0,0,0,"700 Waverly Road,Davenport,IA,52804",41.5273,-90.622,NA,2026-06-01
165171,Silver Oak Nursing and Rehabilitation Center LLC,455 31st Street,Marion,IA,52302,3193777363,560,Linn,Y,For profit - Corporation,91,71.5,NA,Medicare and Medicaid,N,SILVER OAK NURSING AND REHABILITATION CENTER LLC,1991-07-01,IVY HEALTHCARE GROUP,828,4,1.8,1.8,2.8,3,N,NA,N,N,N,Resident,Yes,1,NA,1,NA,3,NA,2,NA,3,NA,3,NA,NA,NA,2.23367,0.56055,0.60475,1.1653,3.39897,3.03172,0.37608,0.06147,57.3,NA,80,NA,2,NA,1.14402,0.82204,1.91696,0.70721,0.55843,3.18259,2.82339,2.69826,0.67714,0.73053,4.10594,3.6623,2025-04-09,27,23,17,152,1,0,152,2024-02-22,35,12,27,240,2,120,360,204,NA,2,29107,2,4,"455 31st Street,Marion,IA,52302",42.0311,-91.579,NA,2026-06-01
165172,Briarwood Healthcare Center,605 Greenwood Drive,Iowa City,IA,52246,3193387912,510,Johnson,Y,For profit - Corporation,62,51.6,NA,Medicare and Medicaid,N,BRIARWOOD MANAGEMENT INC,1992-07-06,NA,NA,NA,NA,NA,NA,NA,N,NA,N,N,N,Resident,Yes,5,NA,5,NA,3,NA,4,NA,3,NA,4,NA,NA,NA,2.92014,0.56544,0.50723,1.07267,3.99281,3.7989,0.41047,0.02068,41.3,NA,28.6,NA,0,NA,1.16544,0.83743,1.95283,0.72045,0.56888,3.24216,2.87623,3.4627,0.6705,0.60147,4.73467,4.50474,2025-12-03,0,0,0,0,0,0,0,2024-10-10,3,3,0,16,1,0,16,4,NA,0,0,0,0,"605 Greenwood Drive,Iowa City,IA,52246",41.6529,-91.547,NA,2026-06-01
165173,Osage Rehab and Health Care Center,830 South Fifth Street,Osage,IA,50461,6417325520,650,Mitchell,N,For profit - Limited Liability company,46,24.6,NA,Medicare and Medicaid,N,OPCO OSAGE IA LLC,1992-04-09,CAMPBELL STREET SERVICES,99,20,2.2,2.2,2.6,3.4,N,NA,N,N,N,Resident,Yes,1,NA,1,NA,2,NA,2,NA,NA,2,1,24,NA,NA,2.07179,0.61168,0.59763,1.20932,3.28111,2.991,0.50248,0.01106,71.4,NA,75,NA,2,NA,1.20602,0.86659,2.02084,0.74554,0.58869,3.35507,2.9764,2.37405,0.70092,0.68482,3.7598,3.42736,2025-12-22,17,12,9,80,1,0,80,2024-11-14,20,6,18,262,1,0,262,125.5,NA,1,14433,2,3,"830 South Fifth Street,Osage,IA,50461",43.277,-92.815,NA,2026-06-01
165174,Casa De Paz Health Care Center,2121 West 19th Street,Sioux City,IA,51103,7122333127,960,Woodbury,Y,For profit - Limited Liability company,71,66.3,NA,Medicare and Medicaid,N,OPCO 19TH ST SIOUX CITY IA LLC,1992-10-28,CAMPBELL STREET SERVICES,99,20,2.2,2.2,2.6,3.4,N,NA,N,N,N,Resident,Yes,1,NA,1,NA,3,NA,2,NA,3,NA,2,NA,NA,NA,1.71051,0.41116,0.88166,1.29282,3.00333,2.36567,0.68904,0.01821,NA,26,NA,26,1,NA,1.27025,0.91274,2.12846,0.78524,0.62004,3.53374,3.1349,1.86096,0.44732,0.9592,3.26749,2.57375,2025-04-03,14,7,9,72,1,0,72,2024-04-11,18,12,6,112,1,0,112,82,NA,0,0,0,0,"2121 West 19th Street,Sioux City,IA,51103",42.5102,-96.436,NA,2026-06-01
165175,Greater Southside Health and Rehabilitation,5608 SW 9th Street,Des Moines,IA,50315,5152853070,760,Polk,Y,For profit - Limited Liability company,80,72.2,NA,Medicare and Medicaid,N,TERRACE HILL HEALTHCARE LLC,1992-11-01,THE ENSIGN GROUP,507,342,3.2,2.9,2.4,4.4,N,SFF Candidate,Y,N,N,Resident,Yes,1,NA,1,NA,2,NA,4,NA,1,NA,1,NA,NA,NA,2.37037,0.72391,0.24298,0.96689,3.33726,2.7208,0.20161,0.10527,65.8,NA,70,NA,1,NA,1.41778,1.01875,2.37566,0.87644,0.69205,3.94416,3.499,2.31051,0.70563,0.23685,3.25298,2.65209,2025-06-10,27,13,19,140,1,0,140,2024-07-12,32,4,30,586,1,0,586,251.5,NA,4,166443,1,5,"5608 SW 9th Street,Des Moines,IA,50315",41.5337,-93.626,NA,2026-06-01
165177,Community Memorial Health Center,231 North Eighth Avenue West,Hartley,IA,51346,7127282428,700,Obrien,N,Non profit - Other,62,44.4,NA,Medicare and Medicaid,N,COMMUNITY MEMORIAL HEALTHCENTER ASSOCIATION,1992-12-01,NA,NA,NA,NA,NA,NA,NA,N,NA,N,N,N,None,Yes,3,NA,2,NA,2,NA,1,NA,3,NA,5,NA,NA,NA,2.61415,0.38477,1.02899,1.41376,4.0279,3.47038,0.71944,0.00867,41,NA,27.3,NA,0,NA,1.13881,0.81829,1.90821,0.70399,0.55588,3.16808,2.81051,3.17234,0.46693,1.24871,4.88798,4.21141,2026-01-22,8,5,3,36,1,0,36,2024-11-07,7,1,6,169,1,0,169,69.25,NA,2,44528,0,2,"231 North Eighth Avenue West,Hartley,IA,51346",43.183,-95.487,NA,2026-06-01
165178,The Highlands,607 Highland Drive,Decorah,IA,52101,5633823603,950,Winneshiek,N,Non profit - Corporation,86,69.9,NA,Medicare and Medicaid,N,"AASE HAUGEN HOMES, INC.",1993-01-01,NA,NA,NA,NA,NA,NA,NA,Y,NA,N,N,N,Resident,Yes,2,NA,2,NA,4,NA,3,NA,4,NA,3,NA,NA,NA,2.5116,0.51899,0.54009,1.05909,3.57069,3.13951,0.43303,0.05858,55,NA,37.5,NA,0,NA,1.1906,0.85551,1.99499,0.736,0.58116,3.31215,2.93832,2.91532,0.60241,0.62691,4.14464,3.64416,2025-06-12,5,3,2,24,1,0,24,2024-07-25,23,7,16,286,1,0,286,89.5,NA,3,153679,1,4,"607 Highland Drive,Decorah,IA,52101",43.3239,-91.789,NA,2026-06-01
165179,Norwalk Nursing and Rehabilitation Center,921Sunset Drive,Norwalk,IA,50211,5159810604,900,Warren,Y,For profit - Corporation,45,41.7,NA,Medicare and Medicaid,N,"OPCO NORWALK, IA, LLC",1992-10-01,CAMPBELL STREET SERVICES,99,20,2.2,2.2,2.6,3.4,N,NA,N,N,N,Resident,Yes,3,NA,4,NA,2,NA,2,NA,2,NA,1,25,25,6,NA,NA,NA,NA,NA,NA,NA,NA,57.4,NA,50,NA,0,NA,NA,NA,NA,NA,NA,NA,NA,NA,NA,NA,NA,NA,2025-12-31,1,1,0,4,1,0,4,2024-12-05,6,5,2,24,1,0,24,9,NA,0,0,0,0,"921Sunset Drive,Norwalk,IA,50211",41.4642,-93.687,22,2026-06-01
165180,Odebolt Specialty Care,801 South Des Moines Street,Odebolt,IA,51458,7126684867,800,Sac,N,Non profit - Corporation,38,27.8,NA,Medicare and Medicaid,N,CARE INITIATIVES,1992-12-01,CARE INITIATIVES,106,43,3,2.6,3.6,3.8,N,NA,N,N,N,Resident,Yes,3,NA,2,NA,4,NA,4,NA,NA,2,5,NA,NA,NA,2.02908,0.80778,0.87482,1.6826,3.71168,3.22602,0.58963,0.01649,37.5,NA,20,NA,0,NA,1.06604,0.766,1.78628,0.659,0.52036,2.96564,2.63092,2.63043,1.04718,1.13408,4.81168,4.1821,2026-03-12,3,3,0,12,1,0,12,2025-02-20,17,5,12,132,1,0,132,42,NA,1,14433,0,1,"801 South Des Moines Street,Odebolt,IA,51458",42.3053,-95.245,NA,2026-06-01
165185,Red Oak Rehab and Care Center,1600 Summit Street,Red Oak,IA,51566,7126235156,680,Montgomery,N,For profit - Limited Liability company,58,28,NA,Medicare and Medicaid,N,"KISMET RDK, LLC",1993-08-18,LANTIS ENTERPRISES,304,5,1.6,2,2.8,1.6,N,NA,N,N,N,Resident,Yes,2,NA,3,NA,1,NA,1,NA,2,NA,4,NA,NA,NA,2.73655,0.35909,0.73913,1.09822,3.83478,3.51412,0.82709,0.01739,46.2,NA,40,NA,NA,26,1.08013,0.77613,1.8099,0.66772,0.52724,3.00485,2.6657,3.50128,0.45944,0.94568,4.9064,4.49613,2025-09-25,2,2,0,8,1,0,8,2024-10-24,11,3,8,92,1,0,92,29,NA,0,0,1,1,"1600 Summit Street,Red Oak,IA,51566",41.0162,-95.214,NA,2026-06-01
165186,Good Samaritan - Indianola,708 South Jefferson,Indianola,IA,50125,5159612596,900,Warren,Y,Non profit - Corporation,105,85.7,NA,Medicare and Medicaid,N,THE EVANGELICAL LUTHERAN GOOD SAMARITAN SOCIETY,1993-11-01,GOOD SAMARITAN SOCIETY,726,92,2.9,2.8,3.9,3,N,NA,Y,N,N,Resident,Yes,1,NA,1,NA,1,NA,1,NA,2,NA,2,NA,NA,NA,2.04238,0.3973,0.48385,0.88115,2.92353,2.52163,0.30041,0.04854,60.9,NA,76.2,NA,1,NA,1.22527,0.88042,2.05309,0.75744,0.59808,3.40861,3.02389,2.30358,0.44812,0.54573,3.29743,2.84413,2025-04-24,13,7,10,80,1,0,80,2024-06-18,20,12,15,227,1,0,227,116.75,NA,2,20316,0,2,"708 South Jefferson,Indianola,IA,50125",41.3543,-93.558,NA,2026-06-01
165187,Good Samaritan - West Union,201 Hall Street,West Union,IA,52175,5634223814,320,Fayette,N,Non profit - Corporation,52,37.8,NA,Medicare and Medicaid,N,THE EVANGELICAL LUTHERAN GOOD SAMARITAN SOCIETY,1993-10-01,GOOD SAMARITAN SOCIETY,726,92,2.9,2.8,3.9,3,N,NA,N,N,N,Resident,Yes,4,NA,4,NA,3,NA,3,NA,NA,2,3,NA,NA,NA,2.07728,0.38382,0.68145,1.06527,3.14255,2.75419,0.39457,0.05161,63,NA,63.6,NA,1,NA,1.18973,0.85488,1.99353,0.73546,0.58073,3.30973,2.93618,2.41295,0.44584,0.79156,3.65036,3.19924,2026-03-12,4,4,0,16,1,0,16,2025-03-13,3,1,2,20,1,0,20,17,NA,0,0,0,0,"201 Hall Street,West Union,IA,52175",42.9713,-91.81,NA,2026-06-01
165188,Azria Health Winterset,1015 West Summit,Winterset,IA,50273,5154621711,600,Madison,Y,For profit - Limited Liability company,65,52.1,NA,Medicare and Medicaid,N,"BCP WINTERSET, LLC",1993-08-16,AZRIA HEALTH,64,9,1.6,1.9,2.9,1.6,Y,NA,N,N,N,None,Yes,2,NA,2,NA,2,NA,2,NA,NA,2,2,NA,NA,NA,2.37519,0.82405,0.36898,1.19303,3.56822,3.1928,0.23728,0.10395,42,NA,50,NA,0,NA,1.38579,0.99577,2.32207,0.85667,0.67644,3.85518,3.42006,2.36865,0.82178,0.36796,3.55839,3.184,2026-03-19,9,9,0,40,1,0,40,2025-03-10,14,13,1,84,1,0,84,51,NA,0,0,1,1,"1015 West Summit,Winterset,IA,50273",41.3302,-94.026,NA,2026-06-01
165189,Good Samaritan - Villisca,202 North Central Avenue,Villisca,IA,50864,7128269592,680,Montgomery,N,Non profit - Corporation,46,36.2,NA,Medicare and Medicaid,N,THE EVANGELICAL LUTHERAN GOOD SAMARITAN SOCIETY,1993-11-01,GOOD SAMARITAN SOCIETY,726,92,2.9,2.8,3.9,3,N,NA,N,N,N,Resident,Yes,2,NA,2,NA,4,NA,4,NA,4,NA,4,NA,NA,NA,1.81216,0.85284,0.69809,1.55093,3.36308,2.78227,0.27985,0.03544,21.9,NA,28.6,NA,0,NA,1.17302,0.84288,1.96554,0.72514,0.57258,3.26326,2.89495,2.13496,1.00476,0.82244,3.96215,3.27788,2026-01-29,8,4,4,40,1,0,40,2024-12-05,10,5,6,64,1,0,64,46,NA,0,0,0,0,"202 North Central Avenue,Villisca,IA,50864",40.9333,-94.982,NA,2026-06-01
165190,Good Samaritan - Algona,412 West Kennedy Street,Algona,IA,50511,5152952414,540,Kossuth,N,Non profit - Corporation,72,62.4,NA,Medicare and Medicaid,N,THE EVANGELICAL LUTHERAN GOOD SAMARITAN SOCIETY,1993-12-01,GOOD SAMARITAN SOCIETY,726,92,2.9,2.8,3.9,3,Y,NA,N,N,N,Resident,Yes,3,NA,3,NA,2,NA,1,NA,3,NA,3,NA,NA,NA,2.07673,0.56078,0.49624,1.05702,3.13375,2.78536,0.30569,0.03907,45.5,NA,50,NA,0,NA,1.22082,0.87722,2.04563,0.75468,0.59591,3.39622,3.0129,2.35088,0.63481,0.56175,3.54743,3.15305,2025-12-04,3,2,1,28,1,0,28,2024-11-21,3,3,3,12,1,0,12,24,NA,1,7070,1,2,"412 West Kennedy Street,Algona,IA,50511",43.0649,-94.24,NA,2026-06-01
165191,Good Samaritan - Red Oak,201 Alix Avenue,Red Oak,IA,51566,7126233170,680,Montgomery,N,Non profit - Corporation,53,39.5,NA,Medicare and Medicaid,N,THE EVANGELICAL LUTHERAN GOOD SAMARITAN SOCIETY,1993-01-24,GOOD SAMARITAN SOCIETY,726,92,2.9,2.8,3.9,3,N,NA,N,N,N,Resident,Yes,1,NA,1,NA,4,NA,3,NA,5,NA,4,NA,NA,NA,2.06273,0.44919,0.73293,1.18212,3.24485,2.60193,0.5694,0.06725,27.3,NA,16.7,NA,0,NA,1.20744,0.86761,2.02322,0.74642,0.58938,3.35902,2.9799,2.36088,0.51412,0.83887,3.71387,2.97802,2025-04-17,12,8,6,163,1,0,163,2024-07-03,10,4,6,40,1,0,40,132.25,NA,1,29894,0,1,"201 Alix Avenue,Red Oak,IA,51566",41.0235,-95.229,NA,2026-06-01
165192,Good Samaritan - Estherville,1646 Fifth Avenue North,Estherville,IA,51334,7123623522,310,Emmet,N,Non profit - Corporation,62,48.2,NA,Medicare and Medicaid,N,THE EVANGELICAL LUTHERAN GOOD SAMARITAN SOCIETY,1993-12-01,GOOD SAMARITAN SOCIETY,726,92,2.9,2.8,3.9,3,N,NA,N,N,N,Resident,Yes,2,NA,2,NA,2,NA,2,NA,2,NA,3,NA,NA,NA,2.19354,0.40386,0.91508,1.31894,3.51248,2.84117,0.43801,0,57.1,NA,77.8,NA,2,NA,1.29152,0.92803,2.16411,0.79839,0.63042,3.59293,3.18741,2.34716,0.43215,0.97916,3.75847,3.04015,2026-01-15,6,5,1,28,1,0,28,2024-10-31,13,5,9,100,1,0,100,46,NA,0,0,0,0,"1646 Fifth Avenue North,Estherville,IA,51334",43.4064,-94.823,NA,2026-06-01
165193,Dunlap Specialty Care,1403 Harrison Road,Dunlap,IA,51529,7126432121,420,Harrison,Y,Non profit - Corporation,46,30.9,NA,Medicare and Medicaid,N,CARE INITIATIVES,1993-12-01,CARE INITIATIVES,106,43,3,2.6,3.6,3.8,N,NA,N,N,N,Resident,Yes,3,NA,2,NA,4,NA,4,NA,NA,2,5,NA,NA,NA,2.47034,0.20267,0.93378,1.13645,3.60679,3.33031,0.46892,0.03213,36.7,NA,0,NA,1,NA,0.98923,0.71081,1.65757,0.61152,0.48287,2.75196,2.44136,3.45113,0.28313,1.30451,5.03877,4.65252,2025-05-22,7,7,6,36,1,0,36,2024-07-03,20,6,16,150,1,0,150,64.5,NA,1,10062,1,2,"1403 Harrison Road,Dunlap,IA,51529",41.8487,-95.588,NA,2026-06-01
165196,OPCO Dayton IA LLC,508 2nd Street NE,Dayton,IA,50530,5155472288,930,Webster,N,For profit - Limited Liability company,40,35.1,NA,Medicare and Medicaid,N,Legal Business Name Not Available,1994-01-03,ARBORETA HEALTHCARE,618,3,2.3,2.7,2,2.7,N,NA,N,N,N,Resident,Yes,2,NA,3,NA,2,NA,2,NA,NA,2,1,25,25,6,NA,NA,NA,NA,NA,NA,NA,NA,70.7,NA,57.1,NA,1,NA,NA,NA,NA,NA,NA,NA,NA,NA,NA,NA,NA,NA,2025-12-11,4,4,0,16,1,0,16,2024-12-05,2,1,1,58,1,0,58,26.5,NA,1,33598,0,1,"508 2nd Street NE,Dayton,IA,50530",42.2662,-94.066,NA,2026-06-01
165197,Cedar Falls Health Care Center,1728 West Eighth Street,Cedar Falls,IA,50613,3192772437,060,Black Hawk,Y,For profit - Limited Liability company,70,41.8,NA,Medicare and Medicaid,N,OPCO CEDAR FALLS IA LLC,1994-01-01,CAMPBELL STREET SERVICES,99,20,2.2,2.2,2.6,3.4,N,NA,N,N,N,Resident,Yes,3,NA,2,NA,5,NA,5,NA,NA,2,2,NA,NA,NA,2.11939,0.12902,0.64909,0.77812,2.89751,2.57344,0.3988,0.00663,66.7,NA,70,NA,1,NA,1.10174,0.79166,1.8461,0.68107,0.53779,3.06496,2.71903,2.65847,0.16184,0.8142,3.63451,3.22801,2026-01-08,12,10,2,72,1,0,72,2024-12-12,18,4,14,108,1,0,108,81,NA,0,0,1,1,"1728 West Eighth Street,Cedar Falls,IA,50613",42.5315,-92.466,NA,2026-06-01
165198,Iowa City Rehab & Health Care,3661 Rochester Avenue,Iowa City,IA,52245,3193517460,510,Johnson,Y,For profit - Corporation,89,44.3,NA,Medicare and Medicaid,N,OPCO IOWA CITY IA LLC,1994-01-01,CAMPBELL STREET SERVICES,99,20,2.2,2.2,2.6,3.4,N,NA,N,N,N,Resident,Yes,2,NA,2,NA,4,NA,4,NA,NA,2,4,NA,NA,NA,2.4594,0.30246,0.88086,1.18332,3.64272,3.17183,0.53043,0.01542,69,NA,76.9,NA,2,NA,1.0964,0.78782,1.83715,0.67777,0.53518,3.05009,2.70584,3.1,0.38124,1.1103,4.59154,3.998,2025-05-08,14,7,9,60,1,0,60,2024-07-18,13,5,9,76,1,0,76,64,0,0,0,0,0,"3661 Rochester Avenue,Iowa City,IA,52245",41.6691,-91.482,NA,2026-06-01
165199,Creston Specialty Care,1001 Cottonwood Drive,Creston,IA,50801,6417828511,870,Union,N,For profit - Corporation,74,53.9,NA,Medicare and Medicaid,N,CARE INITIATIVES,1994-03-01,CARE INITIATIVES,106,43,3,2.6,3.6,3.8,N,NA,N,N,N,Resident,Yes,3,NA,3,NA,3,NA,4,NA,3,NA,3,NA,NA,NA,1.57704,0.94736,0.63351,1.58087,3.15791,2.7947,0.30288,0.01703,50.9,NA,55.6,NA,0,NA,1.19734,0.86035,2.00629,0.74017,0.58445,3.33091,2.95496,1.82022,1.09345,0.7312,3.64487,3.22566,2025-05-08,5,3,3,24,1,0,24,2024-06-20,8,6,2,76,1,0,76,37,NA,2,19663,0,2,"1001 Cottonwood Drive,Creston,IA,50801",41.0684,-94.385,NA,2026-06-01
165202,Azria Health Park Place,2401 East Eighth Street,Des Moines,IA,50316,5152629303,760,Polk,Y,For profit - Limited Liability company,70,56.7,NA,Medicare and Medicaid,N,BCP UNION PARK LLC,1994-01-10,AZRIA HEALTH,64,9,1.6,1.9,2.9,1.6,N,SFF Candidate,N,N,N,Resident,Yes,1,NA,1,NA,1,NA,1,NA,NA,2,3,NA,NA,NA,2.43762,0.45696,0.83108,1.28804,3.72566,3.18803,0.69274,0.20584,69.8,NA,57.1,NA,1,NA,1.41056,1.01356,2.36356,0.87198,0.68853,3.92407,3.48117,2.38823,0.4477,0.81423,3.65016,3.12343,2025-12-04,18,11,10,290,1,0,290,2024-11-26,31,9,24,188,1,0,188,264.5,NA,1,22490,0,1,"2401 East Eighth Street,Des Moines,IA,50316",41.6163,-93.608,NA,2026-06-01
165204,Country Lane Manor,819 Country Lane Road,Keosauqua,IA,52565,3192933761,880,Van Buren,N,For profit - Limited Liability company,60,50.8,NA,Medicare and Medicaid,N,COUNTRY LANE MANOR LLC,1994-05-01,CEDAR VIEW HOLDINGS,888,9,1.3,1.3,2,3,N,NA,N,N,N,Resident,Yes,1,NA,1,NA,4,NA,4,NA,NA,2,2,NA,NA,NA,2.28938,0.5818,0.43184,1.01364,3.30302,2.8207,0.25379,0.06217,51.6,NA,44.4,NA,NA,26,1.30546,0.93804,2.18746,0.80701,0.63723,3.63169,3.22179,2.42356,0.6159,0.45715,3.49662,2.98603,2025-08-12,11,10,1,52,1,0,52,2024-09-16,33,11,24,224,1,0,224,95,NA,1,59150,2,3,"819 Country Lane Road,Keosauqua,IA,52565",40.7357,-91.968,NA,2026-06-01
165205,Good Samaritan - Lemars,1140 Lincoln Street NE,Le Mars,IA,51031,7125464101,740,Plymouth,N,Non profit - Corporation,64,60.4,NA,Medicare and Medicaid,N,THE EVANGELICAL LUTHERAN GOOD SAMARITAN SOCIETY,1994-04-01,GOOD SAMARITAN SOCIETY,726,92,2.9,2.8,3.9,3,N,NA,N,N,N,Resident,Yes,3,NA,3,NA,3,NA,3,NA,4,NA,3,NA,NA,NA,2.10349,0.42135,0.67218,1.09354,3.19702,2.86299,0.34063,0.05752,46.6,NA,33.3,NA,0,NA,1.20511,0.86593,2.01931,0.74497,0.58824,3.35252,2.97414,2.4122,0.48319,0.77083,3.66623,3.28317,2025-04-17,4,4,0,28,1,0,28,2024-04-11,2,2,0,8,1,0,8,23,NA,0,0,0,0,"1140 Lincoln Street NE,Le Mars,IA,51031",42.8003,-96.149,NA,2026-06-01
165207,Good Samaritan - Holstein,505 West Second Street,Holstein,IA,51025,7123684304,460,Ida,N,Non profit - Other,60,50.4,NA,Medicare and Medicaid,N,THE EVANGELICAL LUTHERAN GOOD SAMARITAN SOCIETY,1994-04-01,GOOD SAMARITAN SOCIETY,726,92,2.9,2.8,3.9,3,N,NA,N,N,N,Resident,Yes,3,NA,2,NA,5,NA,5,NA,NA,2,4,NA,NA,NA,2.17192,0.32132,1.01314,1.33446,3.50638,3.04409,0.53774,0.00172,38.9,NA,9.1,NA,0,NA,1.21167,0.87065,2.03031,0.74903,0.59145,3.37079,2.99034,2.47718,0.36648,1.15553,3.99919,3.47193,2026-04-09,6,5,1,32,1,0,32,2025-03-20,11,6,5,194,1,0,194,72.5,NA,1,99103,0,1,"505 West Second Street,Holstein,IA,51025",42.4893,-95.55,NA,2026-06-01
165208,Granger Nursing & Rehabilitation Center,2001 Kennedy Street,Granger,IA,50109,5159992588,240,Dallas,Y,For profit - Limited Liability company,67,49.4,NA,Medicare and Medicaid,N,"OPCO GRANGER, IA, LLC",1994-03-01,CAMPBELL STREET SERVICES,99,20,2.2,2.2,2.6,3.4,N,NA,N,N,N,Resident,Yes,3,NA,3,NA,4,NA,4,NA,NA,2,4,NA,NA,NA,2.78409,0.40651,0.42242,0.82893,3.61302,3.44467,0.27668,0.01878,40.5,NA,50,NA,1,NA,1.16253,0.83534,1.94797,0.71866,0.56746,3.23409,2.86907,3.30961,0.48324,0.50215,4.29501,4.09489,2026-02-26,4,4,1,16,1,0,16,2025-01-09,10,7,3,64,1,0,64,28,0,0,0,0,0,"2001 Kennedy Street,Granger,IA,50109",41.7616,-93.828,NA,2026-06-01
165209,Southridge Specialty Care,309 West Merle Hibbs Blvd.,Marshalltown,IA,50158,6417524553,630,Marshall,N,Non profit - Corporation,82,73.5,NA,Medicare and Medicaid,N,CARE INITIATIVES,1994-03-01,CARE INITIATIVES,106,43,3,2.6,3.6,3.8,N,NA,N,N,N,Resident,Yes,2,NA,2,NA,4,NA,5,NA,3,NA,4,NA,NA,NA,2.39356,0.53151,0.59799,1.1295,3.52306,3.09162,0.47617,0.04089,29.4,NA,18.2,NA,0,NA,1.26211,0.90689,2.11482,0.78021,0.61607,3.51109,3.11481,2.62088,0.58199,0.65478,3.85765,3.38523,2025-05-29,6,6,4,24,1,0,24,2024-06-20,14,3,12,201,1,0,201,68.25,NA,1,45406,1,2,"309 West Merle Hibbs Blvd.,Marshalltown,IA,50158",42.013,-92.917,NA,2026-06-01
165210,Good Samaritan - Saint Ansgar,701 East Fourth Street,Saint Ansgar,IA,50472,6417134912,650,Mitchell,N,Non profit - Corporation,42,39.1,NA,Medicare and Medicaid,N,THE EVANGELICAL LUTHERAN GOOD SAMARITAN SOCIETY,1994-04-01,GOOD SAMARITAN SOCIETY,726,92,2.9,2.8,3.9,3,N,NA,N,N,N,Resident,Yes,5,NA,5,NA,5,NA,5,NA,5,NA,4,NA,NA,NA,1.82229,0.3038,0.8363,1.1401,2.96239,2.50454,0.49042,0.02165,32.4,NA,22.2,NA,0,NA,1.09042,0.78352,1.82713,0.67407,0.53226,3.03347,2.69109,2.30953,0.38503,1.05991,3.75447,3.17419,2025-04-24,0,0,0,0,0,0,0,2024-07-21,0,0,0,0,0,0,0,0,NA,0,0,0,0,"701 East Fourth Street,Saint Ansgar,IA,50472",43.3785,-92.911,NA,2026-06-01
165211,Good Samaritan - Ottumwa,2035 Chester Avenue,Ottumwa,IA,52501,6416828041,890,Wapello,N,Non profit - Corporation,126,105.6,NA,Medicare and Medicaid,N,THE EVANGELICAL LUTHERAN GOOD SAMARITAN SOCIETY,1994-04-01,GOOD SAMARITAN SOCIETY,726,92,2.9,2.8,3.9,3,Y,NA,N,N,N,None,Yes,3,NA,3,NA,4,NA,5,NA,3,NA,4,NA,NA,NA,2.29769,0.55667,0.80952,1.3662,3.66389,3.38727,0.45499,0.00752,37.1,NA,16.7,NA,0,NA,1.26303,0.90755,2.11636,0.78078,0.61651,3.51365,3.11708,2.51407,0.6091,0.88576,4.00893,3.70627,2025-12-04,6,3,3,24,1,0,24,2024-10-10,14,7,12,88,1,0,88,40,NA,2,91569,0,2,"2035 Chester Avenue,Ottumwa,IA,52501",41.0043,-92.458,NA,2026-06-01
165213,Good Samaritan - Forest City,606 South Seventh Street,Forest City,IA,50436,6415852232,940,Winnebago,N,Non profit - Church related,43,34.8,NA,Medicare and Medicaid,N,THE EVANGELICAL LUTHERAN GOOD SAMARITAN SOCIETY,1994-04-01,GOOD SAMARITAN SOCIETY,726,92,2.9,2.8,3.9,3,N,NA,N,N,N,Resident,Yes,4,NA,4,NA,3,NA,2,NA,3,NA,3,NA,NA,NA,2.09045,0.49526,0.75221,1.24747,3.33793,2.94521,0.43233,0.02356,46.2,NA,42.9,NA,0,NA,1.27175,0.91382,2.13098,0.78617,0.62077,3.53792,3.13861,2.27163,0.53818,0.81741,3.62722,3.20047,2025-08-07,2,2,1,8,1,0,8,2024-09-05,4,4,2,32,1,0,32,14,NA,2,25945,1,3,"606 South Seventh Street,Forest City,IA,50436",43.2586,-93.641,NA,2026-06-01
165214,Lantern Park Specialty Care,2200 Oakdale Road,Coralville,IA,52241,3193518440,510,Johnson,Y,Non profit - Corporation,90,85.2,NA,Medicare and Medicaid,N,CARE INITIATIVES,1994-05-15,CARE INITIATIVES,106,43,3,2.6,3.6,3.8,N,NA,N,N,N,Resident,Yes,1,NA,2,NA,1,NA,1,NA,1,NA,3,NA,NA,NA,2.56853,0.50228,0.52707,1.02935,3.59788,3.44046,0.38512,0.04028,63.7,NA,95,NA,1,NA,1.20194,0.86366,2.01401,0.74302,0.5867,3.34373,2.96633,2.95324,0.57752,0.60601,4.13677,3.95578,2025-07-31,7,7,1,28,1,0,28,2024-08-01,20,4,17,120,1,0,120,51,NA,1,62595,1,2,"2200 Oakdale Road,Coralville,IA,52241",41.7044,-91.595,NA,2026-06-01
165215,Lyon Specialty Care,1010 South Union,Rock Rapids,IA,51246,7124723748,590,Lyon,N,Non profit - Corporation,45,39.3,NA,Medicare and Medicaid,N,CARE INITIATIVES,1994-04-18,CARE INITIATIVES,106,43,3,2.6,3.6,3.8,N,NA,N,N,N,Resident,Yes,4,NA,4,NA,3,NA,5,NA,1,NA,4,NA,NA,NA,1.66944,0.6362,0.5256,1.1618,2.83125,2.64809,0.24492,0.01095,31,NA,20,NA,1,NA,1.06321,0.76397,1.78154,0.65726,0.51898,2.95778,2.62394,2.16996,0.82694,0.68318,3.68008,3.44201,2025-06-19,3,0,3,20,0,0,20,2024-07-25,5,4,1,24,1,0,24,21,NA,0,0,0,0,"1010 South Union,Rock Rapids,IA,51246",43.4214,-96.176,NA,2026-06-01
165217,Caring Acres Nursing and Rehab Center,1000 Hillcrest Drive,Anita,IA,50020,7127623219,140,Cass,N,For profit - Limited Liability company,41,27.9,NA,Medicare and Medicaid,N,ANEW HEALTHCARE OPERATIONS - ANITA LLC,1994-05-01,ANEW HEALTHCARE,35,2,1,1,1.5,1,N,SFF Candidate,Y,N,N,Resident,Yes,1,NA,1,NA,1,NA,1,NA,NA,2,2,NA,NA,NA,1.77046,0.17578,0.9932,1.16898,2.93944,2.5013,0.80252,0.00146,90.3,NA,66.7,NA,2,NA,1.15286,0.82839,1.93176,0.71268,0.56274,3.20718,2.8452,2.12231,0.21072,1.19058,3.52361,2.99839,2026-02-12,16,7,10,92,1,0,92,2025-02-20,34,17,19,632,1,0,632,227,NA,2,73488,0,2,"1000 Hillcrest Drive,Anita,IA,50020",41.4356,-94.767,NA,2026-06-01
165218,Eagle Point Nursing and Rehabilitation,801 28th Avenue North,Clinton,IA,52732,5632436600,220,Clinton,N,For profit - Limited Liability company,75,57.9,NA,Medicare and Medicaid,N,CLINTON OPCO LLC,1994-04-01,SHLOMO HOFFMAN,713,10,2.4,2.4,3.3,3.1,N,NA,N,N,N,Resident,Yes,4,NA,4,NA,4,NA,3,NA,4,NA,4,NA,NA,NA,2.84477,0.45973,0.60791,1.06764,3.91241,3.38001,0.48181,0.02666,41.8,NA,0,NA,0,NA,1.38726,0.99682,2.32453,0.85758,0.67716,3.85927,3.42369,2.83392,0.45797,0.6056,3.89749,3.36712,2026-04-23,3,3,2,16,1,0,16,2025-04-03,4,1,3,32,1,0,32,20,0,0,0,1,1,"801 28th Avenue North,Clinton,IA,52732",41.8784,-90.19,NA,2026-06-01
165219,Laurens Care Center,304 East Veterans Road,Laurens,IA,50554,7128454915,750,Pocahontas,N,Non profit - Corporation,38,28.4,NA,Medicare and Medicaid,N,LAURENS SENIOR PIONEERS INC,1994-05-01,NA,NA,NA,NA,NA,NA,NA,N,NA,N,N,N,Resident,Yes,4,NA,3,NA,3,NA,4,NA,3,NA,5,NA,NA,NA,2.87646,0.32349,0.96331,1.2868,4.16325,3.75449,0.72083,0.02535,34.4,NA,14.3,NA,0,NA,1.19157,0.85621,1.99663,0.73661,0.58163,3.31487,2.94073,3.33609,0.37518,1.11724,4.8285,4.35443,2026-04-16,6,4,2,32,1,0,32,2025-03-20,4,4,0,16,1,0,16,28,NA,0,0,0,0,"304 East Veterans Road,Laurens,IA,50554",42.8427,-94.846,NA,2026-06-01
165220,Azria Health Prairie Ridge,608 Prairie Street,Mediapolis,IA,52637,3193943991,280,Des Moines,N,For profit - Corporation,62,59.5,NA,Medicare and Medicaid,N,BCP MEDIAPOLIS LLC,1994-05-01,AZRIA HEALTH,64,9,1.6,1.9,2.9,1.6,N,NA,N,N,N,Resident,Yes,2,NA,2,NA,2,NA,3,NA,1,NA,3,NA,NA,NA,2.30057,0.44677,0.52118,0.96795,3.26852,2.84952,0.27761,0.04044,51.7,NA,50,NA,0,NA,1.18076,0.84844,1.97851,0.72992,0.57636,3.28479,2.91405,2.6926,0.52291,0.60999,3.8255,3.33511,2025-08-06,12,9,7,52,1,0,52,2024-08-29,9,4,5,40,1,0,40,49,NA,0,0,0,0,"608 Prairie Street,Mediapolis,IA,52637",41.0043,-91.164,NA,2026-06-01
165222,Corydon Specialty Care,745 East South Street,Corydon,IA,50060,6418721590,920,Wayne,N,Non profit - Corporation,71,57.5,NA,Medicare and Medicaid,N,CARE INITIATIVES,1994-07-01,CARE INITIATIVES,106,43,3,2.6,3.6,3.8,N,NA,N,N,N,Resident,Yes,3,NA,3,NA,2,NA,3,NA,1,NA,3,NA,NA,NA,1.47252,1.27915,0.45046,1.72961,3.20213,2.84261,0.31897,0.00537,38.8,NA,42.9,NA,2,NA,1.15454,0.8296,1.93458,0.71372,0.56356,3.21186,2.84935,1.76258,1.53112,0.5392,3.83291,3.40256,2026-01-29,2,1,1,8,1,0,8,2024-12-12,9,3,6,68,1,0,68,23,NA,0,0,0,0,"745 East South Street,Corydon,IA,50060",40.7536,-93.309,NA,2026-06-01
165223,Ridgewood Specialty Care,1977 Albia Road,Ottumwa,IA,52501,6416833111,890,Wapello,N,Non profit - Corporation,60,55.1,NA,Medicare and Medicaid,N,CARE INITIATIVES,1994-07-01,CARE INITIATIVES,106,43,3,2.6,3.6,3.8,N,NA,N,N,N,Resident,Yes,4,NA,3,NA,5,NA,5,NA,3,NA,4,NA,NA,NA,2.18291,0.5764,0.75189,1.32829,3.51121,3.19203,0.6362,0.01026,56.9,NA,28.6,NA,1,NA,1.21446,0.87266,2.03499,0.75076,0.59281,3.37855,2.99723,2.484,0.65591,0.85559,3.9955,3.6323,2025-12-22,3,3,0,12,1,0,12,2024-10-31,13,10,7,106,1,0,106,35.5,NA,1,8999,0,1,"1977 Albia Road,Ottumwa,IA,52501",41.0092,-92.457,NA,2026-06-01
165224,Mount Ayr Health Care Center,1504 East South Street,Mount Ayr,IA,50854,6414643204,790,Ringgold,N,For profit - Corporation,46,24,NA,Medicare and Medicaid,N,R.M.H. INCORPORATED,1994-07-15,NA,NA,NA,NA,NA,NA,NA,N,NA,N,N,N,Resident,Yes,4,NA,3,NA,2,NA,2,NA,NA,2,5,NA,NA,NA,2.35573,0.27856,1.08715,1.36571,3.72144,3.32665,0.7825,0.00476,46.4,NA,14.3,NA,0,NA,1.21872,0.87572,2.04212,0.75339,0.59489,3.3904,3.00774,2.67129,0.31587,1.23277,4.21993,3.77225,2026-04-14,5,5,0,24,1,0,24,2025-04-09,4,4,0,24,1,0,24,24,NA,0,0,0,0,"1504 East South Street,Mount Ayr,IA,50854",40.7111,-94.229,NA,2026-06-01
165225,Centerville Specialty Care,1208 East Cross Street,Centerville,IA,52544,6418568651,030,Appanoose,N,Non profit - Corporation,46,39.4,NA,Medicare and Medicaid,N,CARE INITIATIVES,1994-07-01,CARE INITIATIVES,106,43,3,2.6,3.6,3.8,N,NA,N,N,N,Resident,Yes,4,NA,3,NA,5,NA,5,NA,NA,2,3,NA,NA,NA,1.8776,0.88607,0.52628,1.41235,3.28995,2.74502,0.51676,0.012070000000000001,45.5,NA,NA,27,0,NA,1.21616,0.87388,2.03783,0.75181,0.59364,3.38327,3.00141,2.13359,1.00688,0.59804,3.7385100000000002,3.11928,2025-12-04,6,5,1,24,1,0,24,2024-10-17,4,2,2,20,1,0,20,23,NA,0,0,0,0,"1208 East Cross Street,Centerville,IA,52544",40.7409,-92.864,NA,2026-06-01
165226,Manly Specialty Care,601 E South Street,Manly,IA,50456,6414542223,970,Worth,N,Non profit - Corporation,44,39.2,NA,Medicare and Medicaid,N,CARE INITIATIVES,1994-07-01,CARE INITIATIVES,106,43,3,2.6,3.6,3.8,N,NA,N,N,N,Resident,Yes,3,NA,2,NA,3,NA,2,NA,4,NA,5,NA,NA,NA,2.32221,0.28073,0.93338,1.21412,3.53632,3.21391,0.53149,0.01051,30.6,NA,25,NA,0,NA,1.09205,0.78469,1.82986,0.67508,0.53306,3.038,2.69511,2.93872,0.35526,1.18119,4.47517,4.06716,2026-03-05,5,5,0,32,1,0,32,2025-02-27,9,7,2,106,1,0,106,50.5,NA,1,13627,0,1,"601 E South Street,Manly,IA,50456",43.2841,-93.195,NA,2026-06-01
165227,Birkwood Village of Fort Madison,1702 41st Street,Fort Madison,IA,52627,3193728021,550,Lee,N,For profit - Limited Liability company,80,63.9,NA,Medicare and Medicaid,N,FORT MADISON HEALTH CENTER OPERATIONS LLC,1993-08-20,NA,NA,NA,NA,NA,NA,NA,Y,NA,N,N,N,Resident,Yes,3,NA,3,NA,4,NA,4,NA,4,NA,3,NA,NA,NA,2.57954,0.96443,0.55589,1.52031,4.09986,3.44967,0.24355,0.06809,48.7,NA,58.3,NA,1,NA,1.48548,1.06739,2.4891,0.91829,0.7251,4.13249,3.66607,2.39981,0.89723,0.51716,3.81419,3.20931,2026-04-16,3,2,1,16,1,0,16,2025-04-24,12,8,4,68,1,0,68,29,NA,1,3145,0,1,"1702 41st Street,Fort Madison,IA,52627",40.6238,-91.366,NA,2026-06-01
165228,Dubuque Specialty Care,2935 Kaufmann Avenue,Dubuque,IA,52001,5635560673,300,Dubuque,Y,Non profit - Corporation,84,50.8,NA,Medicare and Medicaid,N,CARE INITIATIVES,1994-05-01,CARE INITIATIVES,106,43,3,2.6,3.6,3.8,N,NA,N,N,N,Resident,Yes,2,NA,2,NA,3,NA,2,NA,4,NA,2,NA,NA,NA,1.90813,0.50692,0.47955,0.98647,2.89459,2.54266,0.2556,0.0907,61.1,NA,75,NA,1,NA,1.09179,0.78451,1.82944,0.67493,0.53293,3.03729,2.69449,2.41527,0.64165,0.607,3.66393,3.21845,2025-07-30,8,8,1,44,1,0,44,2024-07-15,15,14,9,96,1,0,96,57,NA,1,53372,1,2,"2935 Kaufmann Avenue,Dubuque,IA,52001",42.5143,-90.709,NA,2026-06-01
165230,Oakland Manor,737 North Highway St.,Oakland,IA,51560,7124826403,770,Pottawattamie,Y,For profit - Limited Liability company,61,38.7,NA,Medicare and Medicaid,N,Legal Business Name Not Available,1994-07-01,MGM HEALTHCARE,348,32,2.4,2.2,1.7,3.9,N,NA,N,N,N,Resident,Yes,1,NA,1,NA,4,NA,4,NA,NA,2,1,NA,NA,NA,1.57122,0.55767,0.54961,1.10728,2.6785,2.45763,0.44469,0.01277,79.5,NA,87.5,NA,1,NA,1.46125,1.04999,2.44851,0.90332,0.71327,4.06509,3.60628,1.48597,0.52742,0.51979,2.53318,2.32429,2026-01-08,37,13,26,232,1,0,232,2024-11-21,16,9,8,108,1,0,108,201,NA,1,15593,0,1,"737 North Highway St.,Oakland,IA,51560",41.3162,-95.389,NA,2026-06-01
165231,Regency Park Nursing & Rehab Center of Carroll,500 East Valley Drive,Carroll,IA,51401,7127929281,130,Carroll,N,For profit - Corporation,46,36.8,NA,Medicare and Medicaid,N,OPCO CARROLL IA LLC,1994-07-28,CAMPBELL STREET SERVICES,99,20,2.2,2.2,2.6,3.4,N,NA,N,N,N,Resident,Yes,5,NA,4,NA,5,NA,5,NA,5,NA,3,NA,NA,NA,2.03711,0.65869,0.62274,1.28143,3.31854,2.83342,0.47488,0.02314,43.2,NA,NA,27,0,NA,1.27183,0.91388,2.13111,0.78622,0.62081,3.53815,3.13881,2.21352,0.71573,0.67667,3.60592,3.0788,2025-11-20,1,0,1,4,0,0,4,2024-10-31,5,2,3,40,1,0,40,13,NA,0,0,0,0,"500 East Valley Drive,Carroll,IA,51401",42.0533,-94.864,NA,2026-06-01
165232,Friendship Home Association,714 Division,Audubon,IA,50025,7125632651,040,Audubon,N,Non profit - Corporation,46,40.1,NA,Medicare and Medicaid,N,FRIENDSHIP HOME ASSOCIATION,1994-10-03,NA,NA,NA,NA,NA,NA,NA,N,NA,N,N,N,Resident,Yes,5,NA,4,NA,4,NA,4,NA,NA,2,5,NA,NA,NA,2.54772,0.53728,0.64432,1.1816,3.72931,3.10567,0.43314,0.0072,50,NA,0,NA,0,NA,0.99846,0.71745,1.67304,0.61723,0.48737,2.77764,2.46414,3.52631,0.74365,0.89181,5.16176,4.29857,2025-06-19,2,0,2,8,0,0,8,2024-08-01,8,4,4,60,1,0,60,21,NA,5,30227,0,5,"714 Division,Audubon,IA,50025",41.7158,-94.927,NA,2026-06-01
165233,Regency Park Nursing & Rehab Center of Jefferson,100 Ram Road,Jefferson,IA,50129,5153864107,360,Greene,N,For profit - Limited Liability company,46,44.9,NA,Medicare and Medicaid,N,"OPCO JEFFERSON, IA, LLC",1994-09-06,CAMPBELL STREET SERVICES,99,20,2.2,2.2,2.6,3.4,N,NA,N,N,N,Resident,Yes,3,NA,3,NA,5,NA,5,NA,NA,2,1,25,25,6,NA,NA,NA,NA,NA,NA,NA,NA,35.1,NA,NA,27,0,NA,NA,NA,NA,NA,NA,NA,NA,NA,NA,NA,NA,NA,2025-12-31,5,5,0,24,1,0,24,2025-01-15,10,4,6,44,1,0,44,29,NA,0,0,0,0,"100 Ram Road,Jefferson,IA,50129",42.0027,-94.373,NA,2026-06-01
165234,Parkview Manor,516 13th Street,Wellman,IA,52356,3196462911,910,Washington,Y,For profit - Corporation,62,53.6,NA,Medicare and Medicaid,N,Legal Business Name Not Available,1994-11-01,MGM HEALTHCARE,348,32,2.4,2.2,1.7,3.9,N,NA,Y,N,N,None,Yes,1,NA,1,NA,3,NA,4,NA,2,NA,1,NA,NA,NA,2.08787,0.35325,0.36554,0.7188,2.80667,2.60815,0.29016,0.01252,73.3,NA,57.1,NA,1,NA,1.25806,0.90398,2.10803,0.77771,0.61409,3.49983,3.10481,2.29352,0.38805,0.40155,3.08312,2.86504,2025-08-14,9,6,3,56,1,0,56,2024-08-08,32,4,28,573,1,0,573,185.25,NA,1,93473,2,3,"516 13th Street,Wellman,IA,52356",41.4746,-91.834,NA,2026-06-01
165235,Lenox Care Center,111 East Van Buren,Lenox,IA,50851,6413332226,860,Taylor,N,For profit - Partnership,36,27,NA,Medicare and Medicaid,N,"PREMIER ESTATES 507, LLC",1994-11-01,ARBORETA HEALTHCARE,618,3,2.3,2.7,2,2.7,N,NA,N,N,N,Resident,Yes,2,NA,2,NA,2,NA,2,NA,NA,2,3,NA,NA,NA,2.144,0.52913,1.15174,1.68087,3.82487,3.09604,0.74521,0.01112,62.9,NA,60,NA,2,NA,1.26455,0.90865,2.11891,0.78172,0.61726,3.51789,3.12084,2.34309,0.57827,1.25868,4.18004,3.38353,2026-03-24,7,5,3,56,1,0,56,2025-02-27,19,11,9,96,1,0,96,66,NA,0,0,0,0,"111 East Van Buren,Lenox,IA,50851",40.8854,-94.557,NA,2026-06-01
165236,Good Samaritan - Manson,1402 Main Street,Manson,IA,50563,7124693908,120,Calhoun,N,Non profit - Corporation,42,35.9,NA,Medicare and Medicaid,N,THE EVANGELICAL LUTHERAN GOOD SAMARITAN SOCIETY,1994-12-01,GOOD SAMARITAN SOCIETY,726,92,2.9,2.8,3.9,3,N,NA,N,N,N,Resident,Yes,3,NA,2,NA,5,NA,5,NA,5,NA,4,NA,NA,NA,1.91316,0.70257,0.75968,1.46225,3.37541,2.63471,0.30561,0.00605,31,NA,66.7,NA,1,NA,1.10843,0.79647,1.85732,0.68521,0.54105,3.08358,2.73555,2.38529,0.87595,0.94716,4.2084,3.2849,2025-05-15,7,7,0,68,1,0,68,2024-06-27,4,3,1,16,1,0,16,55,NA,0,0,0,0,"1402 Main Street,Manson,IA,50563",42.534,-94.534,NA,2026-06-01
165238,Denison Care Center,1202 Ridge Road,Denison,IA,51442,7122635611,230,Crawford,N,For profit - Corporation,46,28,NA,Medicare and Medicaid,N,OPCO DENISON IA LLC,1994-11-04,CAMPBELL STREET SERVICES,99,20,2.2,2.2,2.6,3.4,N,NA,N,N,N,Resident,Yes,4,NA,4,NA,3,NA,5,NA,2,NA,3,NA,NA,NA,2.16211,0.73055,0.76719,1.49774,3.65985,3.45197,0.45404,0.01425,65.1,NA,60,NA,4,NA,1.23063,0.88427,2.06207,0.76075,0.6007,3.42353,3.03712,2.42801,0.82039,0.86154,4.10994,3.8765,2025-07-03,3,1,2,28,1,0,28,2024-07-11,0,0,0,0,0,0,0,21,NA,0,0,0,0,"1202 Ridge Road,Denison,IA,51442",42.0318,-95.337,NA,2026-06-01
165240,Good Samaritan - Waukon,21 East Main Street,Waukon,IA,52172,5635683447,020,Allamakee,N,Non profit - Corporation,60,46.3,NA,Medicare and Medicaid,N,THE EVANGELICAL LUTHERAN GOOD SAMARITAN SOCIETY,1994-12-01,GOOD SAMARITAN SOCIETY,726,92,2.9,2.8,3.9,3,N,NA,N,N,N,Resident,Yes,3,NA,3,NA,3,NA,2,NA,3,NA,4,NA,NA,NA,1.85658,0.45931,1.03389,1.49321,3.34979,2.95241,0.61704,0.05182,44.9,NA,25,NA,0,NA,1.2394,0.89058,2.07677,0.76617,0.60498,3.44793,3.05878,2.07014,0.51215,1.15283,3.73512,3.29203,2025-04-16,5,4,1,40,1,0,40,2024-07-11,3,2,1,8,1,0,8,32,NA,1,8281,0,1,"21 East Main Street,Waukon,IA,52172",43.2693,-91.474,NA,2026-06-01
165241,Grundy Care Center,102 East J Avenue,Grundy Center,IA,50638,3198245436,370,Grundy,Y,For profit - Corporation,40,28.8,NA,Medicare and Medicaid,N,OPCO GRUNDY CENTER IA LLC,1994-12-01,CAMPBELL STREET SERVICES,99,20,2.2,2.2,2.6,3.4,N,NA,N,N,N,None,Yes,1,NA,1,NA,3,NA,3,NA,NA,2,2,NA,NA,NA,2.19128,0.53835,0.68322,1.22157,3.41286,3.12696,0.39185,0.0049,74.3,NA,85.7,NA,3,NA,1.38824,0.99752,2.32617,0.85818,0.67763,3.86198,3.42609,2.18139,0.53592,0.68014,3.39746,3.11285,2026-01-08,3,2,1,24,1,0,24,2024-11-07,24,12,14,445,1,0,445,129.25,NA,2,65677,1,3,"102 East J Avenue,Grundy Center,IA,50638",42.3587,-92.763,NA,2026-06-01
165243,Chautauqua Guest Home #3,302 Ninth Street,Charles City,IA,50616,6412285351,330,Floyd,N,For profit - Corporation,57,41.7,NA,Medicare and Medicaid,N,CHAUTAUQUA GUEST HOMES INC,1995-01-01,NA,NA,NA,NA,NA,NA,NA,N,NA,N,N,N,None,Yes,5,NA,5,NA,4,NA,5,NA,4,NA,5,NA,NA,NA,2.94863,0.53972,0.62098,1.16071,4.10933,3.72777,0.38001,0.01161,28.3,NA,16.7,NA,0,NA,1.11093,0.79826,1.8615,0.68675,0.54227,3.0905300000000002,2.74171,3.66803,0.6714,0.77249,5.11193,4.63727,2025-07-03,1,1,0,4,1,0,4,2024-08-15,3,0,3,12,0,0,12,6,2,0,0,0,0,"302 Ninth Street,Charles City,IA,50616",43.0557,-92.676,NA,2026-06-01
165245,Hillcrest Health Care Center,2121 Avenue L,Hawarden,IA,51023,7125511074,830,Sioux,N,For profit - Limited Liability company,64,44.9,NA,Medicare and Medicaid,N,"RIVERSIDE HEALTHCARE, INC.",1994-11-16,THE ENSIGN GROUP,507,342,3.2,2.9,2.4,4.4,N,NA,Y,N,N,Resident,Yes,1,NA,1,NA,4,NA,4,NA,NA,2,1,25,25,6,NA,NA,NA,NA,NA,NA,NA,NA,69.2,NA,80,NA,NA,26,NA,NA,NA,NA,NA,NA,NA,NA,NA,NA,NA,NA,2026-03-26,24,23,7,132,1,0,132,2025-03-11,24,10,17,170,1,0,170,141.5,NA,2,25450,0,2,"2121 Avenue L,Hawarden,IA,51023",43.0099,-96.48,NA,2026-06-01
165247,Good Samaritan  - George,324 First Avenue North,George,IA,51237,7124753391,590,Lyon,N,Non profit - Corporation,36,32,NA,Medicare and Medicaid,N,THE EVANGELICAL LUTHERAN GOOD SAMARITAN SOCIETY,1995-03-01,GOOD SAMARITAN SOCIETY,726,92,2.9,2.8,3.9,3,N,NA,N,N,N,Resident,Yes,4,NA,3,NA,4,NA,4,NA,NA,2,5,NA,NA,NA,1.80137,0.22033,1.09044,1.31077,3.11214,2.68269,0.63401,0.03837,37.5,NA,22.2,NA,0,NA,1.08074,0.77657,1.81091,0.66809,0.52753,3.00653,2.6672,2.30347,0.28174,1.39439,3.9796,3.43044,2025-08-21,5,5,0,40,1,0,40,2024-08-29,6,6,3,48,1,0,48,42,NA,2,18142,0,2,"324 First Avenue North,George,IA,51237",43.3485,-95.998,NA,2026-06-01
165248,Pleasant Acres Care Center,309 Railroad Street,Hull,IA,51239,7124392758,830,Sioux,N,For profit - Limited Liability company,46,34.7,NA,Medicare and Medicaid,N,OPCO HULL IA LLC,1995-01-01,CAMPBELL STREET SERVICES,99,20,2.2,2.2,2.6,3.4,N,NA,N,N,N,Resident,Yes,3,NA,3,NA,2,NA,2,NA,NA,2,3,NA,NA,NA,1.50398,0.9627,0.80233,1.76503,3.26901,2.98519,0.65202,0.01537,53.5,NA,53.8,NA,1,NA,1.25721,0.90337,2.1066,0.77718,0.61367,3.49746,3.10271,1.65324,1.05824,0.88196,3.59344,3.28145,2026-02-19,7,7,1,32,1,0,32,2024-12-12,7,6,1,36,1,0,36,33,NA,0,0,0,0,"309 Railroad Street,Hull,IA,51239",43.1868,-96.145,NA,2026-06-01
165251,Ravenwood Specialty Care,2651 St Francis Drive,Waterloo,IA,50702,3192326808,060,Black Hawk,Y,Non profit - Corporation,176,126.5,NA,Medicare and Medicaid,N,CARE INITIATIVES,1995-03-27,CARE INITIATIVES,106,43,3,2.6,3.6,3.8,N,NA,N,N,N,Resident,Yes,3,NA,3,NA,2,NA,2,NA,2,NA,4,NA,NA,NA,2.25003,0.44747,0.71577,1.16323,3.41326,3.13413,0.51929,0.01017,30,NA,14.3,NA,2,NA,1.25309,0.90041,2.09971,0.77463,0.61166,3.48601,3.09255,2.48145,0.49349,0.78939,3.76433,3.45648,2025-11-17,5,5,0,28,1,0,28,2024-10-24,15,5,12,68,1,0,68,38,NA,0,0,0,0,"2651 St Francis Drive,Waterloo,IA,50702",42.4617,-92.344,NA,2026-06-01
165252,Westview Acres Care Center,203 S W Lorraine,Leon,IA,50144,6414464165,260,Decatur,N,For profit - Limited Liability company,46,39,NA,Medicare and Medicaid,N,WESTVIEW PROPERTIES LLC,1995-04-01,NA,NA,NA,NA,NA,NA,NA,N,NA,N,N,N,Resident,Yes,4,NA,4,NA,3,NA,3,NA,NA,2,4,NA,NA,NA,2.19103,0.89007,0.57474,1.46482,3.65585,3.1204,0.32021,0.0394,51.2,NA,33.3,NA,0,NA,1.08572,0.78015,1.81926,0.67117,0.52997,3.0204,2.6795,2.78888,1.13294,0.73157,4.65339,3.97184,2025-06-05,1,1,0,4,1,0,4,2024-07-25,7,6,1,60,1,0,60,18,NA,0,0,0,0,"203 S W Lorraine,Leon,IA,50144",40.7409,-93.745,22,2026-06-01
165253,Panora Specialty Care,805 East Main,Panora,IA,50216,6417552700,380,Guthrie,Y,Non profit - Corporation,46,37.4,NA,Medicare and Medicaid,N,CARE INITIATIVES,1995-04-01,CARE INITIATIVES,106,43,3,2.6,3.6,3.8,N,NA,N,N,N,Resident,Yes,4,NA,3,NA,5,NA,5,NA,NA,2,3,NA,NA,NA,1.8299,0.80562,0.53603,1.34165,3.17154,2.71778,0.38348,0.01863,37.5,NA,20,NA,2,NA,1.23059,0.88425,2.06201,0.76073,0.60068,3.42342,3.03703,2.055,0.90472,0.60196,3.56168,3.05211,2026-01-05,3,3,0,12,1,0,12,2025-01-15,9,3,9,52,1,0,52,22,NA,0,0,0,0,"805 East Main,Panora,IA,50216",41.6918,-94.353,NA,2026-06-01
165254,Oakview Nursing Home,511 East Center,Conrad,IA,50621,6413662212,370,Grundy,Y,For profit - Corporation,46,42.5,NA,Medicare and Medicaid,N,OAKVIEW INC,1995-04-01,NA,NA,NA,NA,NA,NA,NA,N,NA,N,N,N,Resident,Yes,4,NA,4,NA,4,NA,5,NA,3,NA,3,NA,NA,NA,2.4066,0.42174,0.57986,1.0016,3.4082,2.69504,0.3152,0.01406,53.3,NA,42.9,NA,0,NA,1.22797,0.88236,2.05761,0.7591,0.5994,3.41611,3.03055,2.70843,0.47463,0.65258,3.83565,3.03304,2025-05-29,1,0,1,20,0,0,20,2024-07-25,0,0,0,0,0,0,0,15,NA,0,0,0,0,"511 East Center,Conrad,IA,50621",42.2245,-92.867,NA,2026-06-01
165255,Accura Healthcare of Carlisle,680 Cole Street,Carlisle,IA,50047,5159890871,900,Warren,Y,For profit - Limited Liability company,80,74.9,NA,Medicare and Medicaid,N,Legal Business Name Not Available,1995-06-01,ACCURA HEALTHCARE,8,42,2.5,2.4,3.2,2.8,Y,NA,N,N,N,Resident,Yes,1,NA,1,NA,2,NA,2,NA,NA,2,2,NA,NA,NA,2.04411,0.42356,0.50152,0.92509,2.96919,2.60252,0.48438,0.02536,47.8,NA,54.5,NA,2,NA,1.14982,0.82621,1.92667,0.7108,0.56126,3.19872,2.83769,2.45682,0.50908,0.60278,3.56868,3.12797,2025-07-31,11,8,5,68,1,0,68,2024-08-28,26,7,21,180,1,0,180,96,NA,1,37177,0,1,"680 Cole Street,Carlisle,IA,50047",41.4956,-93.494,NA,2026-06-01
165256,Accura Healthcare of Onawa,222 North 15th Street,Onawa,IA,51040,7124232510,660,Monona,N,For profit - Corporation,46,35.9,NA,Medicare and Medicaid,N,ACCURA HEALTHCARE OF ONAWA LLC,1995-06-01,ACCURA HEALTHCARE,8,42,2.5,2.4,3.2,2.8,N,NA,N,N,N,Resident,Yes,1,NA,2,NA,1,NA,1,NA,NA,2,3,NA,NA,NA,2.24708,0.36978,0.74467,1.11445,3.36153,2.88628,0.42906,0.02361,44.1,NA,66.7,NA,0,NA,1.29145,0.92798,2.16399,0.79835,0.63039,3.59274,3.18724,2.40458,0.39569,0.79687,3.59714,3.08857,2025-05-08,5,5,0,40,1,0,40,2024-06-13,16,7,9,84,1,0,84,51,NA,0,0,0,0,"222 North 15th Street,Onawa,IA,51040",42.0366,-96.104,NA,2026-06-01
165257,Golden Age Care Center,1915 South 18th Street,Centerville,IA,52544,6418562757,030,Appanoose,N,For profit - Limited Liability company,46,36.2,NA,Medicare and Medicaid,N,GOLDEN AGE PROPERTIES LLC,1995-06-01,NA,NA,NA,NA,NA,NA,NA,N,NA,N,N,N,Resident,Yes,4,NA,3,NA,2,NA,2,NA,NA,2,5,NA,NA,NA,2.60002,0.61314,0.93862,1.55176,4.15177,3.22253,0.53498,0.00969,28.6,NA,NA,27,0,NA,1.12004,0.80481,1.87677,0.69239,0.54672,3.11587,2.7642,3.20806,0.75653,1.15812,5.12271,3.97615,2025-07-31,7,6,3,32,1,0,32,2024-08-22,5,0,5,20,0,0,20,29,NA,0,0,0,0,"1915 South 18th Street,Centerville,IA,52544",40.7152,-92.868,NA,2026-06-01
165259,Thornton Manor Nursing and Care Center,1329 Main Street,Lansing,IA,52151,5635384236,020,Allamakee,N,Non profit - Corporation,40,28,NA,Medicare and Medicaid,N,LANSING HOUSING CORPORATION,1995-08-01,NA,NA,NA,NA,NA,NA,NA,N,NA,N,N,N,None,Yes,4,NA,3,NA,4,NA,4,NA,NA,2,5,NA,NA,NA,2.5655,0.87501,0.88759,1.7626,4.3281,3.97361,0.5934,0.00239,37.1,NA,12.5,NA,1,NA,1.14427,0.82222,1.91736,0.70736,0.55854,3.18327,2.8239899999999998,3.09845,1.05678,1.07197,5.2272,4.79907,2025-04-03,5,5,0,28,1,0,28,2024-05-30,1,1,0,8,1,0,8,23,NA,0,0,0,0,"1329 Main Street,Lansing,IA,52151",43.3613,-91.234,NA,2026-06-01
165261,Mill-Pond,1201 SE Mill Pond Court,Ankeny,IA,50021,5159642273,760,Polk,Y,Non profit - Corporation,60,56.8,NA,Medicare and Medicaid,N,PRESBYTERIAN HOMES MILL POND INC,1995-09-19,PRESBYTERIAN HOMES & SERVICES,412,21,4.3,3.6,4.9,3,Y,NA,N,N,N,Resident,Yes,5,NA,4,NA,4,NA,3,NA,4,NA,5,NA,NA,NA,3.11781,0.3174,0.9645,1.28191,4.39972,3.94644,0.7091,0.11706,41,NA,53.3,NA,0,NA,1.2139,0.87225,2.03404,0.75041,0.59253,3.37699,2.99584,3.54949,0.36135,1.09805,5.00889,4.49284,2026-03-19,3,3,0,12,1,0,12,2025-03-06,6,2,4,24,1,0,24,15,NA,0,0,0,0,"1201 SE Mill Pond Court,Ankeny,IA,50021",41.7242,-93.581,NA,2026-06-01
165263,Mechanicsville Specialty Care,104 East Fourth Street,Mechanicsville,IA,52306,5634327235,150,Cedar,N,Non profit - Corporation,39,30.7,NA,Medicare and Medicaid,N,CARE INITIATIVES,1995-12-04,CARE INITIATIVES,106,43,3,2.6,3.6,3.8,N,NA,N,N,N,None,Yes,5,NA,4,NA,5,NA,5,NA,NA,2,4,NA,NA,NA,2.29899,0.48869,0.56721,1.0559,3.35488,3.18936,0.4259,0.0329,34.4,NA,50,NA,0,NA,1.13528,0.81576,1.9023,0.7018,0.55416,3.15826,2.8018,2.79856,0.59488,0.69047,4.08391,3.88241,2025-09-04,2,2,0,8,1,0,8,2024-08-08,5,2,4,32,1,0,32,14,NA,0,0,0,0,"104 East Fourth Street,Mechanicsville,IA,52306",41.9078,-91.254,NA,2026-06-01
165266,Holy Spirit Retirement Home,1701 West 25th Street,Sioux City,IA,51103,7122522726,960,Woodbury,Y,Non profit - Corporation,78,59.8,NA,Medicare and Medicaid,N,HOLY SPIRIT RETIREMENT HOME INC,1996-04-01,NA,NA,NA,NA,NA,NA,NA,N,NA,N,N,N,Resident,Yes,3,NA,2,NA,5,NA,4,NA,5,NA,4,NA,NA,NA,2.61115,0.86994,0.7506,1.62055,4.2317,3.77042,0.63708,0.02016,47,NA,40,NA,2,NA,1.22734,0.88191,2.05657,0.75872,0.5991,3.41439,3.02902,2.94012,0.97954,0.84517,4.76483,4.24544,2025-05-15,12,9,3,64,1,0,64,2024-05-22,13,10,3,80,1,0,80,68,NA,0,0,0,0,"1701 West 25th Street,Sioux City,IA,51103",42.5158,-96.43,NA,2026-06-01
165267,Maple Heights,Two Sunrise Avenue,Mapleton,IA,51034,7128811680,660,Monona,N,For profit - Corporation,58,45.4,NA,Medicare and Medicaid,N,MAPLETON PROGRESS INC,1996-04-01,NA,NA,NA,NA,NA,NA,NA,Y,NA,N,N,N,Resident,Yes,4,NA,4,NA,1,NA,1,NA,1,NA,5,NA,NA,NA,3.20318,0.48595,0.65184,1.13779,4.34097,3.98423,0.29964,0.01456,35.9,NA,28.6,NA,0,NA,1.16915,0.84009,1.95905,0.72274,0.57069,3.25248,2.88538,3.78627,0.57442,0.7705,5.13119,4.70951,2025-12-18,4,4,0,24,1,0,24,2025-02-13,3,3,1,12,1,0,12,21,NA,0,0,0,0,"Two Sunrise Avenue,Mapleton,IA,51034",42.1608,-95.806,22,2026-06-01
165268,Rehabilitation Center of Des Moines,701 Riverview,Des Moines,IA,50316,5152661106,760,Polk,Y,For profit - Limited Liability company,74,71.1,NA,Medicare and Medicaid,N,"DISCOVERY TRAIL HEALTHCARE, INC.",1996-05-01,THE ENSIGN GROUP,507,342,3.2,2.9,2.4,4.4,N,NA,N,N,N,Resident,Yes,3,NA,2,NA,5,NA,4,NA,5,NA,2,NA,NA,NA,2.69975,0.72649,0.38992,1.11641,3.81615,3.32293,0.2497,0.09678,34.9,NA,54.5,NA,1,NA,1.50593,1.08209,2.52337,0.93093,0.73508,4.18938,3.71654,2.47753,0.66669,0.35782,3.50204,3.04942,2025-09-16,7,7,0,40,1,0,40,2024-10-17,20,6,17,104,1,0,104,56,NA,0,0,0,0,"701 Riverview,Des Moines,IA,50316",41.6038,-93.61,NA,2026-06-01
165269,Clearview Home,406 West Washington,Mount Ayr,IA,50854,6414642240,790,Ringgold,N,For profit - Partnership,82,72.9,NA,Medicare and Medicaid,N,CLEARVIEW - ROUTH LP,1996-05-03,NA,NA,NA,NA,NA,NA,NA,N,NA,N,N,N,Resident,Yes,5,NA,5,NA,3,NA,3,NA,NA,2,4,NA,NA,NA,2.27806,0.2897,0.61762,0.90732,3.18537,2.83521,0.33415,0.01233,44.1,NA,18.2,NA,0,NA,1.20402,0.86515,2.01748,0.7443,0.58771,3.34949,2.97144,2.61476,0.33252,0.7089,3.65618,3.25426,2025-07-24,0,0,0,0,0,0,0,2024-09-12,1,1,0,4,1,0,4,1,NA,0,0,0,0,"406 West Washington,Mount Ayr,IA,50854",40.7177,-94.241,NA,2026-06-01
165270,Stratford Specialty Care,1200 Highway 175 East,Stratford,IA,50249,5158382795,390,Hamilton,N,Non profit - Corporation,53,35.3,NA,Medicare and Medicaid,N,CARE INITIATIVES,1996-05-01,CARE INITIATIVES,106,43,3,2.6,3.6,3.8,N,NA,N,N,N,None,Yes,2,NA,2,NA,4,NA,4,NA,NA,2,4,NA,NA,NA,2.18604,0.43679,0.90702,1.34381,3.52984,3.04105,0.77456,0.01624,43.3,NA,66.7,NA,1,NA,1.21935,0.87617,2.04318,0.75378,0.5952,3.39215,3.00929,2.47758,0.49504,1.02798,4.00061,3.44662,2025-05-21,13,8,9,68,1,0,68,2024-07-25,12,4,9,60,1,0,60,66,NA,0,0,0,0,"1200 Highway 175 East,Stratford,IA,50249",42.2653,-93.961,NA,2026-06-01
165271,Westwood Specialty Care,4201 Fieldcrest Drive,Sioux City,IA,51104,7122580135,960,Woodbury,Y,Non profit - Corporation,85,78.3,NA,Medicare and Medicaid,N,CARE INITIATIVES,1996-04-01,CARE INITIATIVES,106,43,3,2.6,3.6,3.8,N,NA,N,N,N,Both,Yes,1,NA,1,NA,3,NA,3,NA,3,NA,3,NA,NA,NA,1.99563,0.46641,0.7023,1.16871,3.16435,2.68832,0.40335,0.0581,48.1,NA,57.1,NA,0,NA,1.32043,0.9488,2.21255,0.81627,0.64454,3.67335,3.25876,2.08864,0.48815,0.73503,3.31182,2.81362,2026-04-29,16,6,12,96,1,0,96,2025-03-27,56,12,48,348,1,0,348,159,NA,1,166706,1,2,"4201 Fieldcrest Drive,Sioux City,IA,51104",42.505,-96.462,NA,2026-06-01
165272,University Park Nursing And Rehabilitation Center,233 University Avenue,Des Moines,IA,50314,5152841280,760,Polk,Y,For profit - Corporation,108,76.6,NA,Medicare and Medicaid,N,"OPCO UNIVERSITY PARK, IA, LLC",1996-05-01,CAMPBELL STREET SERVICES,99,20,2.2,2.2,2.6,3.4,N,NA,N,N,N,Resident,Yes,3,NA,3,NA,4,NA,5,NA,2,NA,4,NA,NA,NA,2.60143,0.42253,0.71739,1.13992,3.74135,3.41525,0.49597,0.03928,45.1,NA,18.2,NA,0,NA,1.37633,0.98897,2.30621,0.85082,0.67182,3.82885,3.39671,2.6121,0.42426,0.72033,3.75669,3.42925,2026-03-05,4,4,1,20,1,0,20,2025-01-30,15,8,11,76,1,0,76,34,NA,0,0,0,0,"233 University Avenue,Des Moines,IA,50314",41.6004,-93.62,NA,2026-06-01
165273,Accura Healthcare of South Des Moines,4911 SW 19th Street,Des Moines,IA,50315,5152852559,760,Polk,Y,For profit - Limited Liability company,89,85.8,NA,Medicare and Medicaid,N,PACIFICA HEALTH SERVICES LLC,1996-05-01,ACCURA HEALTHCARE,8,42,2.5,2.4,3.2,2.8,N,NA,N,N,N,Resident,Yes,1,NA,1,NA,3,NA,1,NA,5,NA,4,NA,NA,NA,2.75757,0.44269,0.50831,0.951,3.70858,3.26697,0.48025,0.01601,53.9,NA,64.3,NA,1,NA,1.11923,0.80423,1.87542,0.69189,0.54633,3.11363,2.7622,3.40491,0.54661,0.62763,4.57916,4.03388,2025-07-24,4,3,2,16,1,0,16,2024-08-22,54,11,52,520,1,0,520,142,NA,2,52632,2,4,"4911 SW 19th Street,Des Moines,IA,50315",41.539,-93.643,NA,2026-06-01
165274,Northern Mahaska Specialty Care,2401 Crestview Drive,Oskaloosa,IA,52577,6416733000,610,Mahaska,N,Non profit - Corporation,79,74.5,NA,Medicare and Medicaid,N,CARE INITIATIVES,1996-04-05,CARE INITIATIVES,106,43,3,2.6,3.6,3.8,N,NA,N,N,N,Resident,Yes,2,NA,2,NA,4,NA,4,NA,4,NA,3,NA,NA,NA,2.1356,0.55313,0.55122,1.10435,3.23995,2.8428,0.34758,0.01227,35.7,NA,27.3,NA,0,NA,1.28486,0.92324,2.15294,0.79427,0.62717,3.57439,3.17096,2.29702,0.59494,0.59288,3.48484,3.05767,2025-11-24,4,4,0,24,1,0,24,2024-10-24,4,0,4,91,0,0,91,40.75,NA,1,39033,0,1,"2401 Crestview Drive,Oskaloosa,IA,52577",41.3147,-92.643,NA,2026-06-01
165275,Accura Healthcare of Creston,1000 East Howard,Creston,IA,50801,6417825012,870,Union,N,For profit - Limited Liability company,31,24.3,NA,Medicare and Medicaid,N,ACCURA HEALTHCARE OF CRESTON LLC,1996-06-21,ACCURA HEALTHCARE,8,42,2.5,2.4,3.2,2.8,N,NA,N,N,N,Resident,Yes,2,NA,2,NA,2,NA,2,NA,NA,2,3,NA,NA,NA,2.51441,0.67065,0.8756,1.54625,4.06066,3.62759,0.73659,0.00652,60,NA,75,NA,2,NA,1.25339,0.90063,2.10021,0.77482,0.61181,3.48685,3.0933,2.77236,0.73945,0.96543,4.47723,3.99973,2025-05-15,2,0,2,8,0,0,8,2024-07-11,31,24,11,258,1,0,258,70.5,NA,1,16801,1,2,"1000 East Howard,Creston,IA,50801",41.0609,-94.35,NA,2026-06-01
165278,Living Center West,1050 4th Avenue SE,Cedar Rapids,IA,52403,3193668714,560,Linn,Y,Non profit - Corporation,94,65.6,NA,Medicare and Medicaid,N,STL CARE COMPANY,1996-05-01,NA,NA,NA,NA,NA,NA,NA,N,NA,N,N,N,Resident,Yes,3,NA,2,NA,5,NA,5,NA,NA,2,2,NA,NA,NA,1.90346,0.71911,0.37836,1.09747,3.00093,2.53413,0.44877,0.01927,56.5,NA,66.7,NA,0,NA,1.19036,0.85534,1.9946,0.73586,0.58105,3.3115,2.93775,2.20985,0.83487,0.43926,3.48398,2.94204,2025-08-28,2,2,0,8,1,0,8,2024-09-19,24,5,19,208,1,0,208,58,NA,2,72070,1,3,"1050 4th Avenue SE,Cedar Rapids,IA,52403",41.9815,-91.657,NA,2026-06-01
165279,Monticello Nursing & Rehab Center,500 Pinehaven Drive,Monticello,IA,52310,3194655415,520,Jones,Y,For profit - Corporation,75,48.1,NA,Medicare and Medicaid,N,MONTICELLO NURSING HOME COMPANY,1996-05-01,HEALTHCARE OF IOWA,260,6,3.7,3.5,3.7,3.5,N,NA,N,N,N,Resident,Yes,4,NA,4,NA,2,NA,3,NA,2,NA,4,NA,NA,NA,2.51997,0.3843,0.65186,1.03617,3.55614,2.98575,0.29776,0.03301,51.9,NA,58.3,NA,1,NA,1.0408,0.74787,1.744,0.6434,0.50804,2.89544,2.56865,3.346,0.51027,0.86554,4.72182,3.96446,2026-01-08,4,0,4,20,0,0,20,2024-11-04,5,5,1,20,1,0,20,20,NA,1,4194,0,1,"500 Pinehaven Drive,Monticello,IA,52310",42.2282,-91.185,NA,2026-06-01
165280,Bettendorf Health Care Center,2730 Crow Creek Road,Bettendorf,IA,52722,5633327463,810,Scott,Y,For profit - Corporation,86,62.8,NA,Medicare and Medicaid,N,Legal Business Name Not Available,1996-05-01,MGM HEALTHCARE,348,32,2.4,2.2,1.7,3.9,N,NA,N,N,N,Resident,Yes,2,NA,1,NA,5,NA,4,NA,5,NA,2,NA,NA,NA,2.1836700000000002,0.62407,0.59944,1.22351,3.40718,2.96541,0.61613,0.01883,47.3,NA,44.4,NA,2,NA,1.42731,1.0256,2.39164,0.88234,0.69671,3.97068,3.52252,2.1143,0.60425,0.5804,3.29895,2.87121,2025-09-11,17,9,10,84,1,0,84,2024-08-15,38,6,36,236,1,0,236,122,4,2,35622,1,3,"2730 Crow Creek Road,Bettendorf,IA,52722",41.5684,-90.494,NA,2026-06-01
165281,On With Life Long Term Care,1002 W Washington Ave.,Polk City,IA,50225,5154219200,760,Polk,Y,Non profit - Corporation,40,39.5,NA,Medicare and Medicaid,N,ON WITH LIFE EXTENDED SERVICES LTD,1996-07-03,NA,NA,NA,NA,NA,NA,NA,N,NA,N,N,N,Both,Yes,5,NA,5,NA,3,NA,3,NA,NA,2,4,NA,NA,NA,4.92964,1.20347,1.80436,3.00782,7.93746,6.96205,0.9835,0.05212,NA,26,NA,26,NA,26,1.76651,1.26933,2.96001,1.09202,0.86228,4.9143,4.35964,3.85655,0.9415,1.41158,6.20963,5.44654,2025-12-31,1,0,1,4,0,0,4,2024-12-12,2,2,0,12,1,0,12,6,NA,0,0,0,0,"1002 W Washington Ave.,Polk City,IA,50225",41.7718,-93.722,NA,2026-06-01
165283,Fellowship Village,300 East Jefferson,Inwood,IA,51240,7127534663,590,Lyon,N,Non profit - Corporation,40,36.5,NA,Medicare and Medicaid,N,FELLOWSHIP VILLAGE,1996-09-01,NA,NA,NA,NA,NA,NA,NA,N,NA,N,N,N,Resident,Yes,3,NA,4,NA,4,NA,4,NA,NA,2,1,25,25,6,NA,NA,NA,NA,NA,NA,NA,NA,NA,26,NA,26,1,NA,NA,NA,NA,NA,NA,NA,NA,NA,NA,NA,NA,NA,2025-11-20,0,0,0,0,0,0,0,2024-09-05,4,3,1,32,1,0,32,8,NA,0,0,0,0,"300 East Jefferson,Inwood,IA,51240",43.3072,-96.429,NA,2026-06-01
165285,Corning Specialty Care,1614 Northgate Drive,Corning,IA,50841,6413224061,010,Adams,N,Non profit - Corporation,40,23.3,NA,Medicare and Medicaid,N,CARE INITIATIVES,1996-08-01,CARE INITIATIVES,106,43,3,2.6,3.6,3.8,N,NA,N,N,N,Resident,Yes,4,NA,3,NA,5,NA,5,NA,NA,2,4,NA,NA,NA,1.85696,0.64731,0.75781,1.40512,3.26208,2.98195,0.60265,0.01378,38.1,NA,NA,27,2,NA,1.16258,0.83537,1.94804,0.71868,0.56748,3.23421,2.86918,2.2074,0.76947,0.90082,3.87769,3.54469,2026-02-18,2,2,0,8,1,0,8,2025-01-23,17,9,10,88,1,0,88,28,NA,0,0,0,0,"1614 Northgate Drive,Corning,IA,50841",40.9979,-94.731,NA,2026-06-01
165286,Sunrise Hill Care Center,909 6th Street,Traer,IA,50675,3194782730,850,Tama,N,For profit - Corporation,76,53,NA,Medicare and Medicaid,N,TRAER NURSING CARE CENTER INC,1996-08-15,NA,NA,NA,NA,NA,NA,NA,Y,NA,N,N,N,None,Yes,5,NA,4,NA,5,NA,5,NA,4,NA,4,NA,NA,NA,2.40768,0.67719,0.37025,1.04744,3.45512,3.0838,0.26221,0.01395,13.2,NA,NA,27,0,NA,1.1528,0.82835,1.93166,0.71264,0.56271,3.20701,2.84505,2.88632,0.81181,0.44386,4.14199,3.69685,2025-12-04,1,1,0,4,1,0,4,2024-10-31,2,0,2,24,0,0,24,9,NA,0,0,0,0,"909 6th Street,Traer,IA,50675",42.1889,-92.46,NA,2026-06-01
165287,Crestview Specialty Care,451 West Orange Street,West Branch,IA,52358,3196432551,150,Cedar,N,Non profit - Corporation,65,55.5,NA,Medicare and Medicaid,N,CARE INITIATIVES,1996-09-01,CARE INITIATIVES,106,43,3,2.6,3.6,3.8,N,NA,N,N,N,Resident,Yes,1,NA,1,NA,3,NA,3,NA,2,NA,2,NA,NA,NA,2.10035,0.5148,0.6052,1.12,3.22035,2.97406,0.48821,0.01671,69.4,NA,80,NA,2,NA,1.17761,0.84618,1.97324,0.72798,0.57482,3.27604,2.90628,2.46484,0.60413,0.71023,3.7792,3.49017,2025-12-03,13,13,8,159,1,0,159,2024-11-21,12,5,7,108,1,0,108,146.25,NA,3,315373,0,3,"451 West Orange Street,West Branch,IA,52358",41.6748,-91.351,NA,2026-06-01
165288,Atlantic Specialty Care,1300 East 19th Street,Atlantic,IA,50022,7122433952,140,Cass,N,Non profit - Corporation,90,64.4,NA,Medicare and Medicaid,N,CARE INITIATIVES,1996-08-01,CARE INITIATIVES,106,43,3,2.6,3.6,3.8,N,NA,N,N,N,Resident,Yes,3,NA,2,NA,5,NA,5,NA,4,NA,4,NA,NA,NA,2.27814,0.40035,0.53523,0.93558,3.21372,2.85979,0.50842,0.02265,29.4,NA,37.5,NA,1,NA,1.12955,0.81164,1.89271,0.69827,0.55136,3.14234,2.78767,2.78724,0.48982,0.65483,3.93189,3.49886,2026-04-09,6,6,0,24,1,0,24,2025-03-27,24,8,16,124,1,0,124,49,NA,0,0,0,0,"1300 East 19th Street,Atlantic,IA,50022",41.3916,-94.996,NA,2026-06-01
165290,North Crest Living Center,34 Northcrest Drive,Council Bluffs,IA,51503,7123282333,770,Pottawattamie,Y,For profit - Limited Liability company,62,57.6,NA,Medicare and Medicaid,N,NLC PARTNERS LLC,1996-08-01,NA,NA,NA,NA,NA,NA,NA,N,NA,N,N,N,Resident,Yes,1,NA,1,NA,4,NA,3,NA,4,NA,3,NA,NA,NA,2.73452,0.37637,0.56394,0.94031,3.67483,3.04108,0.47351,0.0276,57.4,NA,54.5,NA,0,NA,1.17924,0.84734,1.97596,0.72898,0.57561,3.28056,2.91029,3.20464,0.44107,0.66089,4.30661,3.5639,2025-07-24,17,14,3,104,1,0,104,2024-09-19,16,10,9,96,1,0,96,102,NA,0,0,0,0,"34 Northcrest Drive,Council Bluffs,IA,51503",41.2718,-95.83,NA,2026-06-01
165291,"Friendship Haven, Inc",420 South Kenyon Road,Fort Dodge,IA,50501,5155732121,930,Webster,N,Non profit - Corporation,155,117.4,NA,Medicare and Medicaid,N,"FRIENDSHIP HAVEN, INC",1996-09-01,NA,NA,NA,NA,NA,NA,NA,Y,NA,N,N,N,Both,Yes,4,NA,3,NA,4,NA,3,NA,5,NA,5,NA,NA,NA,2.8449,0.69425,0.82775,1.52201,4.36691,4.09409,0.55411,0.02661,41.7,NA,37.9,NA,0,NA,1.14666,0.82393,1.92137,0.70884,0.55971,3.18992,2.82989,3.42872,0.83673,0.99762,5.26307,4.93427,2025-07-03,6,3,3,24,1,0,24,2024-08-08,7,3,5,28,1,0,28,25,NA,0,0,0,0,"420 South Kenyon Road,Fort Dodge,IA,50501",42.463,-94.204,NA,2026-06-01
165292,Bedford Specialty Care,1005 West Pearl,Bedford,IA,50833,7125232161,860,Taylor,N,Non profit - Corporation,39,27.3,NA,Medicare and Medicaid,N,CARE INITIATIVES,1996-08-01,CARE INITIATIVES,106,43,3,2.6,3.6,3.8,N,NA,N,N,N,Resident,Yes,4,NA,4,NA,3,NA,3,NA,3,NA,4,NA,NA,NA,2.44452,0.89597,0.39266,1.28864,3.73315,3.68161,0.31373,0.01409,22.2,NA,NA,27,1,NA,1.08145,0.77708,1.81211,0.66853,0.52788,3.00853,2.66897,3.12381,1.14495,0.50178,4.77053,4.70467,2025-07-31,1,1,0,4,1,0,4,2024-09-19,7,2,5,28,1,0,28,10,NA,0,0,0,0,"1005 West Pearl,Bedford,IA,50833",40.6707,-94.725,NA,2026-06-01
165293,Southern Hills Specialty Care,444 North West View Drive,Osceola,IA,50213,6413426061,190,Clarke,N,Non profit - Corporation,90,84.2,NA,Medicare and Medicaid,N,CARE INITIATIVES,1996-08-09,CARE INITIATIVES,106,43,3,2.6,3.6,3.8,N,NA,N,N,N,Resident,Yes,3,NA,3,NA,3,NA,3,NA,2,NA,3,NA,NA,NA,2.18152,0.55966,0.65861,1.21827,3.39979,3.0089,0.23551,0.0286,40.4,NA,53.3,NA,0,NA,1.2134,0.87189,2.0332,0.7501,0.59229,3.37559,2.9946,2.48459,0.63741,0.75011,3.87211,3.42692,2025-08-21,5,5,1,36,1,0,36,2024-09-12,3,1,2,12,1,0,12,30,NA,1,36865,0,1,"444 North West View Drive,Osceola,IA,50213",41.0367,-93.764,22,2026-06-01
165294,Avoca Specialty Care,610 East York Street,Avoca,IA,51521,7123436398,770,Pottawattamie,Y,Non profit - Corporation,46,30.4,NA,Medicare and Medicaid,N,CARE INITIATIVES,1996-08-01,CARE INITIATIVES,106,43,3,2.6,3.6,3.8,N,NA,N,N,N,Resident,Yes,1,NA,1,NA,3,NA,4,NA,2,NA,2,NA,NA,NA,2.13171,0.33092,0.81335,1.14427,3.27598,2.94076,0.57209,0.03801,71.8,NA,87.5,NA,4,NA,1.18538,0.85176,1.98625,0.73278,0.57861,3.29765,2.92545,2.48525,0.3858,0.94824,3.81929,3.42848,2026-03-05,14,12,2,68,1,0,68,2025-01-30,29,3,26,168,1,0,168,93,NA,0,0,0,0,"610 East York Street,Avoca,IA,51521",41.5059,-95.386,NA,2026-06-01
165295,Montezuma Specialty Care,316 Meadow Lane Drive,Montezuma,IA,50171,6416235497,780,Poweshiek,N,Non profit - Corporation,41,32.8,NA,Medicare and Medicaid,N,CARE INITIATIVES,1996-10-01,CARE INITIATIVES,106,43,3,2.6,3.6,3.8,N,NA,N,N,N,Resident,Yes,3,NA,3,NA,4,NA,4,NA,NA,2,3,NA,NA,NA,2.08549,0.34283,0.66687,1.0097,3.09519,2.80187,0.50405,0.02217,46.9,NA,55.6,NA,0,NA,1.17424,0.84375,1.96758,0.72589,0.57317,3.26664,2.89795,2.45444,0.40348,0.78485,3.64276,3.29756,2026-04-23,4,4,0,28,1,0,28,2025-04-10,7,0,7,40,0,0,40,31,NA,0,0,0,0,"316 Meadow Lane Drive,Montezuma,IA,50171",41.5834,-92.535,NA,2026-06-01
165296,Pleasant View Care Center,200 Shannon Drive,Whiting,IA,51063,7124582417,660,Monona,N,For profit - Corporation,70,49.9,NA,Medicare and Medicaid,N,WHITING COMMERCIAL DEVELOPMENT CORP,1996-09-01,NA,NA,NA,NA,NA,NA,NA,Y,NA,N,N,N,None,Yes,3,NA,3,NA,3,NA,3,NA,3,NA,4,NA,NA,NA,3.01708,0.61017,0.59639,1.20656,4.22363,3.75731,0.54806,0.02054,47.5,NA,16.7,NA,0,NA,1.21441,0.87262,2.0349,0.75073,0.59279,3.37841,2.99711,3.43336,0.69436,0.67868,4.80639,4.27572,2025-07-03,3,3,1,24,1,0,24,2024-08-15,6,6,0,36,1,0,36,27,NA,0,0,0,0,"200 Shannon Drive,Whiting,IA,51063",42.1255,-96.158,NA,2026-06-01
165297,New Hampton Nursing & Rehab Center,703 South Fourth Avenue,New Hampton,IA,50659,6413944153,180,Chickasaw,N,For profit - Corporation,46,28.9,NA,Medicare and Medicaid,N,CHICKASAW COUNTY CARE CENTER INC.,1996-11-01,EDGEWOOD CONVALESCENT HOME,867,5,4.4,4.2,3.8,3.6,N,NA,N,N,N,Resident,Yes,4,NA,4,NA,3,NA,5,NA,1,NA,4,NA,NA,NA,1.95678,0.24576,1.2166,1.46237,3.41915,2.78979,0.78979,0.06183,40.7,NA,14.3,NA,NA,26,1.08776,0.78161,1.82267,0.67243,0.53096,3.02607,2.68452,2.48604,0.31224,1.54567,4.34395,3.54437,2025-07-09,0,0,0,0,0,0,0,2024-08-18,5,0,5,40,0,0,40,10,NA,0,0,0,0,"703 South Fourth Avenue,New Hampton,IA,50659",43.0552,-92.304,NA,2026-06-01
165298,Pinnacle Specialty Care,1223 Prairieview  Road,Cedar Falls,IA,50613,3192680489,060,Black Hawk,Y,For profit - Corporation,100,90.7,NA,Medicare and Medicaid,N,CARE INITIATIVES,1996-11-01,CARE INITIATIVES,106,43,3,2.6,3.6,3.8,N,NA,N,N,N,Resident,Yes,2,NA,2,NA,2,NA,2,NA,3,NA,4,NA,NA,NA,2.16177,0.731,0.58087,1.31187,3.47363,3.23355,0.3544,0.03837,31.9,NA,28.6,NA,0,NA,1.21573,0.87357,2.03711,0.75154,0.59343,3.38208,3.00035,2.45737,0.83096,0.6603,3.94863,3.67572,2025-07-24,10,4,6,44,1,0,44,2024-09-05,7,4,4,44,1,0,44,44,NA,1,8362,0,1,"1223 Prairieview  Road,Cedar Falls,IA,50613",42.4904,-92.433,NA,2026-06-01
165300,Laporte City Specialty Care,1100 Hwy 218 N,La Porte City,IA,50651,3193422125,060,Black Hawk,Y,Non profit - Corporation,46,44.2,NA,Medicare and Medicaid,N,CARE INITIATIVES,1997-01-17,CARE INITIATIVES,106,43,3,2.6,3.6,3.8,N,NA,N,N,N,Resident,Yes,5,NA,4,NA,5,NA,5,NA,4,NA,4,NA,NA,NA,1.91461,0.5608,0.73861,1.29941,3.21403,2.78728,0.39451,0.02682,28.9,NA,0,NA,0,NA,1.17885,0.84707,1.97532,0.72874,0.57543,3.27949,2.90935,2.2445,0.65743,0.86587,3.76781,3.26753,2026-02-26,2,1,1,24,1,0,24,2025-01-23,0,0,0,0,0,0,0,18,NA,0,0,0,0,"1100 Hwy 218 N,La Porte City,IA,50651",42.2974,-92.196,NA,2026-06-01
165301,Great River Care Center,1400 West Main,Mc Gregor,IA,52157,5638733527,210,Clayton,N,For profit - Limited Liability company,39,30.7,NA,Medicare and Medicaid,N,MCGREGOR CARE LLC,1997-01-01,EDGEWOOD CONVALESCENT HOME,867,5,4.4,4.2,3.8,3.6,N,NA,N,N,N,Resident,Yes,4,NA,4,NA,4,NA,4,NA,NA,2,2,NA,NA,NA,1.91883,0.69521,0.46395,1.15915,3.07798,2.61159,0.40708,0.01838,63.6,NA,88.9,NA,2,NA,1.09233,0.78489,1.83033,0.67525,0.53319,3.03878,2.6958,2.42764,0.87955,0.58697,3.89416,3.30409,2025-08-21,2,1,1,24,1,0,24,2024-10-02,1,1,0,4,1,0,4,19,NA,1,8281,0,1,"1400 West Main,Mc Gregor,IA,52157",43.0202,-91.191,NA,2026-06-01
165302,Accura Healthcare of New Hampton,530 South Linn Avenue,New Hampton,IA,50659,6413943151,180,Chickasaw,N,For profit - Corporation,52,31.6,NA,Medicare and Medicaid,N,"ACCURA HEALTHCARE OF NEW HAMPTON, LLC",1996-11-01,ACCURA HEALTHCARE,8,42,2.5,2.4,3.2,2.8,N,NA,N,N,N,Resident,Yes,2,NA,2,NA,3,NA,3,NA,NA,2,4,NA,NA,NA,2.07469,0.63446,0.75749,1.39194,3.46664,3.13582,0.56794,0.01015,15.4,NA,40,NA,0,NA,1.16093,0.83419,1.94528,0.71766,0.56668,3.22962,2.86511,2.46972,0.75526,0.90171,4.12669,3.73288,2025-07-31,8,5,3,48,1,0,48,2024-08-28,7,4,3,28,1,0,28,43,NA,0,0,0,0,"530 South Linn Avenue,New Hampton,IA,50659",43.0492,-92.318,NA,2026-06-01
165303,Rehabilitation Centers of Independence West Campus,1610 Third Street NE,Independence,IA,50644,3193346039,090,Buchanan,N,For profit - Corporation,70,52.7,NA,Medicare and Medicaid,N,INDEPENDENCE IA SKILLED NURSING FACILITY LLC,1996-12-18,LEGACY HEALTHCARE,306,89,2.9,2.9,2.6,3.4,N,NA,N,N,N,None,Yes,3,NA,2,NA,5,NA,5,NA,5,NA,3,NA,NA,NA,2.02012,0.47122000000000003,0.59284,1.06406,3.08418,2.69204,0.42755,0.01827,55.4,NA,28.6,NA,0,NA,1.24802,0.89677,2.09121,0.7715,0.60919,3.47189,3.08003,2.23695,0.5218,0.65647,3.41522,2.98099,2025-12-11,7,2,5,52,1,0,52,2024-11-14,5,2,3,95,1,0,95,62.75,NA,2,22740,1,3,"1610 Third Street NE,Independence,IA,50644",42.4714,-91.874,NA,2026-06-01
165304,Montrose Health Center,400 South 7th Street,Montrose,IA,52639,3194635438,550,Lee,N,For profit - Corporation,44,40.1,NA,Medicare and Medicaid,N,MONTROSE HEALTH CENTER OPERATIONS LLC,1996-11-01,NA,NA,NA,NA,NA,NA,NA,N,NA,N,N,N,Resident,Yes,3,NA,2,NA,5,NA,5,NA,5,NA,4,NA,NA,NA,2.2072600000000002,0.33262,0.80177,1.13438,3.34164,2.77439,0.44976,0.01717,47.5,NA,50,NA,0,NA,1.0997,0.79019,1.84269,0.67981,0.53679,3.0593,2.71401,2.77381,0.41799,1.00756,4.19936,3.48652,2025-10-02,2,1,1,8,1,0,8,2024-09-19,8,4,4,139,1,0,139,40.75,NA,2,43079,0,2,"400 South 7th Street,Montrose,IA,52639",40.5258,-91.418,NA,2026-06-01
165305,Chariton Specialty Care,1214 North Seventh Street,Chariton,IA,50049,6417745921,580,Lucas,N,For profit - Corporation,60,38.9,NA,Medicare and Medicaid,N,CARE INITIATIVES,1996-12-01,CARE INITIATIVES,106,43,3,2.6,3.6,3.8,N,NA,N,N,N,Both,Yes,2,NA,2,NA,4,NA,4,NA,NA,2,4,NA,NA,NA,1.89362,0.43098,0.81503,1.24601,3.13963,2.70865,0.42234,0.01146,47.2,NA,57.1,NA,0,NA,1.1442,0.82217,1.91726,0.70732,0.55851,3.18309,2.82383,2.28712,0.52054,0.98439,3.79206,3.27152,2026-01-14,3,2,1,16,1,0,16,2025-01-30,13,7,6,135,1,0,135,45.75,0,1,15134,0,1,"1214 North Seventh Street,Chariton,IA,50049",41.0287,-93.303,NA,2026-06-01
165306,Parkview Care Center,2237 Highway 34,Fairfield,IA,52556,6414725022,500,Jefferson,N,For profit - Individual,70,47.1,NA,Medicare and Medicaid,N,PARKVIEW CARE CENTER INC,1996-11-01,OSBYCORP,388,2,1.5,2,2,3.5,N,NA,N,N,N,None,Yes,1,NA,2,NA,4,NA,4,NA,NA,2,1,25,25,6,NA,NA,NA,NA,NA,NA,NA,NA,19.4,NA,0,NA,0,NA,NA,NA,NA,NA,NA,NA,NA,NA,NA,NA,NA,NA,2025-07-03,9,8,1,52,1,0,52,2024-08-15,11,2,9,72,1,0,72,57,NA,0,0,0,0,"2237 Highway 34,Fairfield,IA,52556",41.0049,-91.941,NA,2026-06-01
165307,Pillar of Cedar Valley,1410 West Dunkerton Road,Waterloo,IA,50703,3192912509,060,Black Hawk,Y,Non profit - Corporation,114,134.8,NA,Medicare and Medicaid,N,BLACK HAWK NURSING AND REHABILITATION LLC,1997-03-13,NA,NA,NA,NA,NA,NA,NA,N,NA,N,N,N,Resident,Yes,2,NA,2,NA,NA,20,NA,20,NA,2,3,NA,NA,NA,1.8996,0.66756,0.34712,1.01468,2.91429,2.55463,0.13396,0.01563,36,NA,26.7,NA,0,NA,1.06431,0.76476,1.78339,0.65794,0.51952,2.96084,2.62666,2.46657,0.8668,0.45073,3.7841,3.3171,2025-11-17,10,7,3,40,1,0,40,2024-10-03,11,11,2,60,1,0,60,45,NA,0,0,0,0,"1410 West Dunkerton Road,Waterloo,IA,50703",42.5706,-92.365,NA,2026-06-01
165308,West Ridge Specialty Care,1904  West Howard Street,Knoxville,IA,50138,6418423153,620,Marion,N,Non profit - Corporation,78,69.8,NA,Medicare and Medicaid,N,CARE INITIATIVES,1996-11-01,CARE INITIATIVES,106,43,3,2.6,3.6,3.8,N,NA,N,N,N,Resident,Yes,3,NA,3,NA,3,NA,5,NA,1,NA,3,NA,NA,NA,1.84526,0.41781,0.73467,1.15248,2.99774,2.52773,0.39516,0.0136,47.2,NA,41.7,NA,0,NA,1.2114,0.87045,2.02985,0.74886,0.59131,3.37003,2.98967,2.10508,0.47664,0.83812,3.41984,2.88366,2024-07-03,3,0,3,24,0,0,24,2023-05-04,8,5,3,32,1,0,32,26,NA,0,0,0,0,"1904  West Howard Street,Knoxville,IA,50138",41.3117,-93.115,NA,2026-06-01
165309,Shell Rock Senior Living,920 North Cherry Street,Shell Rock,IA,50670,3198854341,110,Butler,N,For profit - Corporation,41,33.9,NA,Medicare and Medicaid,N,SHELL ROCK HEALTHCARE CENTER INC,1997-01-01,ACCURA HEALTHCARE,8,42,2.5,2.4,3.2,2.8,N,NA,N,N,N,Resident,Yes,1,NA,1,NA,2,NA,2,NA,NA,2,3,NA,NA,NA,2.5349,0.59814,0.50272,1.10086,3.63577,3.24858,0.33258,0.04586,61.7,NA,50,NA,NA,26,1.23501,0.88742,2.06941,0.76346,0.60284,3.4357,3.04792,2.83656,0.66932,0.56255,4.06843,3.63517,2025-09-04,7,7,3,52,1,0,52,2024-09-15,14,4,13,230,1,0,230,96.5,NA,1,17167,0,1,"920 North Cherry Street,Shell Rock,IA,50670",42.7149,-92.573,NA,2026-06-01
165310,Heritage Specialty Care,200 Clive Drive SW,Cedar Rapids,IA,52404,3193967171,560,Linn,Y,Non profit - Corporation,171,118,NA,Medicare and Medicaid,N,CARE INITIATIVES,1997-02-01,CARE INITIATIVES,106,43,3,2.6,3.6,3.8,N,NA,N,N,N,Resident,Yes,1,NA,1,NA,1,NA,2,NA,1,NA,3,NA,NA,NA,2.5858,0.53782,0.46407,1.00189,3.58768,3.27499,0.43125,0.06747,43.8,NA,65.2,NA,2,NA,1.12942,0.81155,1.89248,0.69818,0.5513,3.14196,2.78734,3.16402,0.65809,0.56784,4.38994,4.00732,2025-05-22,16,4,12,144,1,0,144,2024-08-22,34,7,27,307,1,0,307,184.75,NA,1,14365,0,1,"200 Clive Drive SW,Cedar Rapids,IA,52404",41.9669,-91.722,NA,2026-06-01
165311,Accura Healthcare of Le Mars,954 7th Avenue SE,Le Mars,IA,51031,7125467831,740,Plymouth,N,For profit - Limited Liability company,46,39.1,NA,Medicare and Medicaid,N,ACCURA HEALTHCARE OF LE MARS LLC,1996-12-01,ACCURA HEALTHCARE,8,42,2.5,2.4,3.2,2.8,N,NA,N,N,N,None,Yes,5,NA,3,NA,5,NA,5,NA,NA,2,5,NA,NA,NA,3.18899,0.7012,0.75559,1.45679,4.64577,4.05148,0.71884,0.01125,19.1,NA,0,NA,1,NA,1.15921,0.83295,1.9424,0.7166,0.56584,3.22483,2.86086,3.80182,0.83594,0.90079,5.53855,4.83005,2025-05-29,5,5,0,24,1,0,24,2024-05-30,10,10,3,80,1,0,80,38,NA,0,0,0,0,"954 7th Avenue SE,Le Mars,IA,51031",42.7818,-96.155,NA,2026-06-01
165312,Fonda Specialty Care,607 Queen Street,Fonda,IA,50540,7122884441,750,Pocahontas,N,Non profit - Corporation,46,41.1,NA,Medicare and Medicaid,N,CARE INITIATIVES,1996-12-01,CARE INITIATIVES,106,43,3,2.6,3.6,3.8,N,NA,N,N,N,Resident,Yes,5,NA,4,NA,5,NA,5,NA,NA,2,4,NA,NA,NA,2.4097,0.26334,0.52043,0.78378,3.19348,2.84101,0.38224,0.02487,35.1,NA,20,NA,1,NA,1.00709,0.72365,1.6875,0.62256,0.49159,2.80165,2.48544,3.3067,0.36137,0.71416,4.38223,3.89856,2026-03-19,0,0,0,0,0,0,0,2025-02-27,6,0,6,28,0,0,28,7,NA,0,0,0,0,"607 Queen Street,Fonda,IA,50540",42.5845,-94.842,NA,2026-06-01
165313,Oakwood Specialty Care,200 16th Avenue East,Albia,IA,52531,6419327105,670,Monroe,N,Non profit - Corporation,54,50.2,NA,Medicare and Medicaid,N,CARE INITIATIVES,1997-02-12,CARE INITIATIVES,106,43,3,2.6,3.6,3.8,N,NA,N,N,N,Resident,Yes,4,NA,3,NA,5,NA,5,NA,NA,2,3,NA,NA,NA,2.09355,0.65838,0.52812,1.1865,3.28005,2.9427,0.42244,0.01138,36.4,NA,37.5,NA,1,NA,1.31549,0.94525,2.20427,0.81321,0.64212,3.6596,3.24655,2.19936,0.69166,0.55481,3.44582,3.09142,2025-09-04,1,1,0,4,1,0,4,2024-09-05,10,6,4,88,1,0,88,25,NA,0,0,0,0,"200 16th Avenue East,Albia,IA,52531",41.0134,-92.804,NA,2026-06-01
165314,Lamoni Specialty Care,215 South Oak Street Box C,Lamoni,IA,50140,6417843388,260,Decatur,N,Non profit - Corporation,43,31.1,NA,Medicare and Medicaid,N,CARE INITIATIVES,1996-12-11,CARE INITIATIVES,106,43,3,2.6,3.6,3.8,N,NA,N,N,N,Resident,Yes,5,NA,5,NA,4,NA,4,NA,NA,2,4,NA,NA,NA,2.29369,0.58518,0.62924,1.21441,3.5081,3.11261,0.50312,0.09054,30.8,NA,40,NA,2,NA,1.20436,0.8654,2.01805,0.74451,0.58788,3.35044,2.97229,2.63195,0.67148,0.72203,4.02547,3.57165,2026-02-19,0,0,0,0,0,0,0,2025-02-12,5,1,4,20,1,0,20,5,NA,0,0,0,0,"215 South Oak Street Box C,Lamoni,IA,50140",40.6183,-93.936,NA,2026-06-01
165316,Eldora Specialty Care,1510 22nd Street,Eldora,IA,50627,6419393491,410,Hardin,N,Non profit - Corporation,46,34.4,NA,Medicare and Medicaid,N,CARE INITIATIVES,1997-04-30,CARE INITIATIVES,106,43,3,2.6,3.6,3.8,N,NA,N,N,N,Resident,Yes,5,NA,4,NA,5,NA,5,NA,NA,2,5,NA,NA,NA,2.23955,0.84554,0.64129,1.48683,3.72639,3.53226,0.30795,0.0274,35,NA,20,NA,1,NA,1.09356,0.78578,1.83239,0.67601,0.53379,3.0422,2.69884,2.83021,1.0685500000000001,0.81043,4.70919,4.46386,2025-12-11,3,3,0,12,1,0,12,2024-12-12,1,1,0,4,1,0,4,10,0,0,0,0,0,"1510 22nd Street,Eldora,IA,50627",42.3588,-93.112,NA,2026-06-01
165318,Colonial Manor of Amana,3207 220th Trail,Amana,IA,52203,3196223131,470,Iowa,N,For profit - Corporation,50,43.2,NA,Medicare and Medicaid,N,COLONIAL MANOR OF AMANA INC,1997-02-01,NA,NA,NA,NA,NA,NA,NA,Y,NA,N,N,N,Resident,Yes,5,NA,5,NA,5,NA,4,NA,5,NA,4,NA,NA,NA,2.31973,0.15921,0.95806,1.11727,3.437,2.87701,0.91987,0.02251,36.4,NA,37.5,NA,0,NA,1.11563,0.80164,1.86938,0.68966,0.54457,3.10361,2.75332,2.87353,0.19721,1.18678,4.25753,3.56385,2025-06-19,0,0,0,0,0,0,0,2024-08-08,3,0,3,12,0,0,12,3,NA,0,0,0,0,"3207 220th Trail,Amana,IA,52203",41.799,-91.895,NA,2026-06-01
165320,"Zearing Health Care, LLC",404 East Garfield St,Zearing,IA,50278,6414877631,840,Story,Y,For profit - Limited Liability company,40,31.8,NA,Medicare and Medicaid,N,ZEARING HEALTH CARE CENTER LLC,1997-02-07,NA,NA,NA,NA,NA,NA,NA,N,NA,N,N,N,Resident,Yes,3,NA,3,NA,5,NA,5,NA,NA,2,1,23,23,23,NA,NA,NA,NA,NA,NA,NA,NA,NA,26,NA,26,NA,26,NA,NA,NA,NA,NA,NA,NA,NA,NA,NA,NA,NA,2026-01-22,6,3,3,36,1,0,36,2024-12-05,2,0,2,8,0,0,8,29,NA,0,0,0,0,"404 East Garfield St,Zearing,IA,50278",42.162,-93.292,NA,2026-06-01
165322,Cottage Grove Place,2115 First Avenue SE,Cedar Rapids,IA,52402,3193632420,560,Linn,Y,Non profit - Other,64,54.5,NA,Medicare and Medicaid,N,COTTAGE GROVE PLACE,1997-05-07,LIFE CARE SERVICES,312,44,4.1,3.7,4.5,4.1,Y,NA,N,N,N,Resident,Yes,1,NA,1,NA,3,NA,2,NA,5,NA,4,NA,NA,NA,3.12643,0.65464,0.57942,1.23405,4.36048,3.89545,0.39121,0.07285,38.9,NA,36.4,NA,1,NA,1.27361,0.91516,2.1341,0.78732,0.62168,3.5431,3.14321,3.39243,0.71033,0.62871,4.73147,4.22687,2025-05-01,5,3,2,115,1,0,115,2024-07-09,15,10,15,72,1,0,72,104.25,NA,0,0,0,0,"2115 First Avenue SE,Cedar Rapids,IA,52402",41.9969,-91.638,NA,2026-06-01
165323,Correctionville Specialty Care,1116 East Highway 20,Correctionville,IA,51016,7123724466,960,Woodbury,Y,Non profit - Corporation,39,32.2,NA,Medicare and Medicaid,N,CARE INITIATIVES,1997-04-01,CARE INITIATIVES,106,43,3,2.6,3.6,3.8,N,NA,N,N,N,Resident,Yes,1,NA,1,NA,4,NA,4,NA,NA,2,4,NA,NA,NA,1.8906,0.72096,0.63883,1.35979,3.25039,3.00707,0.38155,0.01941,46.2,NA,66.7,NA,0,NA,1.08611,0.78042,1.81991,0.67141,0.53015,3.02147,2.68045,2.40562,0.91736,0.81285,4.13583,3.82623,2025-12-31,5,5,0,24,1,0,24,2025-01-15,28,3,25,478,1,0,478,137.5,NA,2,60316,1,3,"1116 East Highway 20,Correctionville,IA,51016",42.4821,-95.776,NA,2026-06-01
165324,"Accura Healthcare of Pleasantville, LLC",909 North State Street,Pleasantville,IA,50225,5158485718,620,Marion,N,For profit - Limited Liability company,46,41.5,NA,Medicare and Medicaid,N,PLEASANTVILLE CARE CENTER LLC,1997-03-03,ACCURA HEALTHCARE,8,42,2.5,2.4,3.2,2.8,N,NA,N,N,N,None,Yes,1,NA,1,NA,3,NA,3,NA,NA,2,3,NA,NA,NA,2.63351,0.53152,0.57661,1.10813,3.74164,3.19411,0.47449,0.00349,62.2,NA,85.7,NA,2,NA,1.13025,0.81215,1.89388,0.6987,0.5517,3.14429,2.7894,3.22001,0.64989,0.70503,4.57493,3.90547,2025-05-08,17,16,8,96,1,0,96,2024-06-24,30,12,22,415,1,0,415,175.75,NA,1,28724,0,1,"909 North State Street,Pleasantville,IA,50225",41.3934,-93.272,NA,2026-06-01
165325,Manor House Care Center,1212 South Stuart Street,Sigourney,IA,52591,6416222142,530,Keokuk,N,For profit - Limited Liability company,55,41.4,NA,Medicare and Medicaid,N,SIGOURNEY IA SKILLED NURSING FACILITY LLC,1997-05-01,LEGACY HEALTHCARE,306,89,2.9,2.9,2.6,3.4,N,NA,N,N,N,None,Yes,2,NA,2,NA,4,NA,4,NA,NA,2,2,NA,NA,NA,2.42695,0.81572,0.39441,1.21012,3.63707,3.09326,0.24233,0.00845,NA,26,NA,26,NA,26,1.22302,0.8788,2.04932,0.75605,0.59699,3.40235,3.01834,2.74237,0.92174,0.44567,4.10978,3.49528,2025-05-15,9,9,1,56,1,0,56,2024-07-18,4,2,2,28,1,0,28,49,NA,0,0,0,0,"1212 South Stuart Street,Sigourney,IA,52591",41.3244,-92.206,NA,2026-06-01
165326,Bloomfield Care Center,800 North Davis Street,Bloomfield,IA,52537,6416642699,250,Davis,N,For profit - Corporation,91,40.7,NA,Medicare and Medicaid,N,BLOOMFIELD IA SKILLED NURSING FACILITY LLC,1997-05-01,LEGACY HEALTHCARE,306,89,2.9,2.9,2.6,3.4,N,NA,N,N,N,None,Yes,4,NA,4,NA,4,NA,4,NA,NA,2,4,NA,NA,NA,2.8249,0.27064,0.89366,1.16431,3.98921,3.54245,0.55906,0.00487,27.5,NA,25,NA,1,NA,1.43547,1.03146,2.4053,0.88738,0.70069,3.99337,3.54265,2.71963,0.26056,0.86036,3.84054,3.41044,2025-11-20,6,4,3,28,1,0,28,2024-09-26,0,0,0,0,0,0,0,21,NA,0,0,0,0,"800 North Davis Street,Bloomfield,IA,52537",40.7591,-92.418,NA,2026-06-01
165327,Sunrise Terrace Nursing & Rehabilitation Center,706 West Central Avenue,Winfield,IA,52659,3192573303,430,Henry,N,For profit - Corporation,46,35.6,NA,Medicare and Medicaid,N,WINFIELD HEALTH CARE & RETIREMENT CENTER INC,1997-05-23,NA,NA,NA,NA,NA,NA,NA,N,NA,N,N,N,Resident,Yes,5,NA,4,NA,5,NA,5,NA,5,NA,5,NA,NA,NA,2.49908,0.43911,0.81234,1.25146,3.75053,3.48367,0.35834,0.01393,9.7,NA,14.3,NA,0,NA,1.17476,0.84413,1.96846,0.72621,0.57343,3.2681,2.89924,2.93988,0.51657,0.95563,4.41208,4.09814,2025-07-09,1,1,0,8,1,0,8,2024-08-22,0,0,0,0,0,0,0,6,NA,0,0,0,0,"706 West Central Avenue,Winfield,IA,52659",41.1263,-91.446,NA,2026-06-01
165329,Kingsley Specialty Care,305 West Third,Kingsley,IA,51028,7123782400,740,Plymouth,N,Non profit - Corporation,43,33.6,NA,Medicare and Medicaid,N,CARE INITIATIVES,1997-09-08,CARE INITIATIVES,106,43,3,2.6,3.6,3.8,N,NA,N,N,N,Resident,Yes,2,NA,2,NA,4,NA,4,NA,4,NA,3,NA,NA,NA,1.88985,0.31905,0.85206,1.17111,3.06096,2.54729,0.72809,0.03966,53.3,NA,44.4,NA,1,NA,1.2511,0.89898,2.09637,0.7734,0.61069,3.48047,3.08764,2.08755,0.35242,0.94119,3.38116,2.81376,2025-08-07,10,10,1,64,1,0,64,2024-09-13,19,13,10,120,1,0,120,78,NA,0,0,0,0,"305 West Third,Kingsley,IA,51028",42.5901,-95.972,NA,2026-06-01
165330,Cherokee Specialty Care,1011 North Roosevelt,Cherokee,IA,51012,7122255189,170,Cherokee,N,Non profit - Corporation,62,42.6,NA,Medicare and Medicaid,N,CARE INITIATIVES,1997-06-23,CARE INITIATIVES,106,43,3,2.6,3.6,3.8,N,NA,N,N,N,Resident,Yes,2,NA,2,NA,3,NA,3,NA,NA,2,3,NA,NA,NA,2.56276,0.65617,0.3644,1.02058,3.58334,3.33401,0.20348,0.05643,48.9,NA,40,NA,0,NA,1.23537,0.88768,2.07001,0.76368,0.60301,3.4367,3.04881,2.8669,0.73405,0.40765,4.00859,3.72967,2025-05-22,3,3,0,16,1,0,16,2024-07-18,21,8,15,132,1,0,132,45,NA,1,8190,0,1,"1011 North Roosevelt,Cherokee,IA,51012",42.7622,-95.545,NA,2026-06-01
165332,Accura Healthcare of Stanton,213 Halland Avenue,Stanton,IA,51573,7128292727,680,Montgomery,N,For profit - Limited Liability company,46,40.8,NA,Medicare and Medicaid,N,ACCURA HEALTHCARE OF STANTON LLC,1997-06-01,ACCURA HEALTHCARE,8,42,2.5,2.4,3.2,2.8,N,NA,N,N,N,Resident,Yes,2,NA,3,NA,1,NA,1,NA,NA,2,4,NA,NA,NA,2.49435,0.40352,0.80892,1.21244,3.70679,3.13955,0.57039,0.00783,27.3,NA,33.3,NA,NA,26,1.16901,0.83999,1.95882,0.72266,0.57062,3.25209,2.88504,2.94877,0.47703,0.95629,4.38208,3.7115,2025-06-19,4,3,1,16,1,0,16,2024-07-22,15,15,3,80,1,0,80,32,NA,0,0,0,0,"213 Halland Avenue,Stanton,IA,51573",40.9797,-95.099,NA,2026-06-01
165333,Hallmark Care Center,215 Highway 30 SW,Mount Vernon,IA,52314,3198958891,560,Linn,Y,For profit - Limited Liability company,55,44.3,NA,Medicare and Medicaid,N,MOUNT VERNON IA SKILLED NURSING FACILITY LLC,1997-06-01,LEGACY HEALTHCARE,306,89,2.9,2.9,2.6,3.4,Y,NA,N,N,N,None,Yes,2,NA,2,NA,3,NA,3,NA,NA,2,2,NA,NA,NA,2.5477,0.50104,0.50627,1.00731,3.55501,3.16237,0.36674,0,NA,26,NA,26,NA,26,1.22585,0.88084,2.05407,0.7578,0.59837,3.41024,3.02534,2.87216,0.56485,0.57075,4.00776,3.56511,2026-04-09,11,11,0,56,1,0,56,2025-03-20,7,5,2,24,1,0,24,48,NA,0,0,0,0,"215 Highway 30 SW,Mount Vernon,IA,52314",41.9162,-91.424,NA,2026-06-01
165334,Guttenberg Care Center,1315 Acre Street,Guttenberg,IA,52052,5632522281,210,Clayton,N,For profit - Limited Liability company,46,34,NA,Medicare and Medicaid,N,GUTTENBERG IA SKILLED NURSING FACILITY LLC,1997-06-01,LEGACY HEALTHCARE,306,89,2.9,2.9,2.6,3.4,N,NA,N,N,N,None,Yes,5,NA,5,NA,2,NA,2,NA,NA,2,3,NA,NA,NA,2.27518,0.66062,0.65379,1.31441,3.58959,3.24603,0.40703,0.01853,45.9,NA,66.7,NA,1,NA,1.30217,0.93568,2.18195,0.80497,0.63562,3.62254,3.21368,2.41461,0.70111,0.69386,3.80958,3.44497,2025-11-20,0,0,0,0,0,0,0,2024-11-07,0,0,0,0,0,0,0,0,NA,0,0,0,0,"1315 Acre Street,Guttenberg,IA,52052",42.7812,-91.106,NA,2026-06-01
165335,Hubbard Care Center,403 South State Street,Hubbard,IA,50122,6418643264,410,Hardin,N,Non profit - Other,60,43.1,NA,Medicare and Medicaid,N,HUBBARD CARE CENTER INC,1997-07-01,NA,NA,NA,NA,NA,NA,NA,N,NA,N,N,N,None,Yes,5,NA,5,NA,5,NA,3,NA,5,NA,4,NA,NA,NA,2.28384,0.86059,0.59314,1.45373,3.73757,3.40959,0.38962,0.07048,51.9,NA,76.9,NA,0,NA,1.20695,0.86725,2.02239,0.74611,0.58914,3.35764,2.97867,2.61504,0.98539,0.67915,4.27958,3.90404,2026-01-29,0,0,0,0,0,0,0,2025-01-09,3,2,2,20,1,0,20,5,NA,4,46101,0,4,"403 South State Street,Hubbard,IA,50122",42.3008,-93.29,NA,2026-06-01
165336,Rehabilitation Center of Allison,900 7th Street West,Allison,IA,50602,3192672791,110,Butler,N,For profit - Limited Liability company,48,42.9,NA,Medicare and Medicaid,N,ALLISON IA SKILLED NURSING FACILITY LLC,1997-08-01,LEGACY HEALTHCARE,306,89,2.9,2.9,2.6,3.4,Y,NA,N,N,N,None,Yes,3,NA,3,NA,4,NA,5,NA,3,NA,2,NA,NA,NA,2.32926,0.79761,0.43676,1.23436,3.56362,3.03632,0.33049,0.045469999999999997,65.3,NA,66.7,NA,2,NA,1.15574,0.83046,1.93658,0.71445,0.56414,3.21518,2.8523,2.78521,0.95374,0.52225,4.2612,3.63068,2024-08-29,5,2,3,20,1,0,20,2024-03-28,5,2,3,36,1,0,36,24,NA,0,0,0,0,"900 7th Street West,Allison,IA,50602",42.7565,-92.8,NA,2026-06-01
165338,Northgate Care Center,960 4th Street NW,Waukon,IA,52172,5635683493,020,Allamakee,N,For profit - Corporation,50,40.4,NA,Medicare and Medicaid,N,WAUKON IA SKILLED NURSING FACILITY LLC,1997-08-01,LEGACY HEALTHCARE,306,89,2.9,2.9,2.6,3.4,N,SFF Candidate,N,N,N,None,Yes,1,NA,1,NA,2,NA,3,NA,2,NA,3,NA,NA,NA,1.94142,0.576,0.40477,0.98077,2.92219,2.55701,0.28841,0.00154,25.8,NA,40,NA,0,NA,1.15726,0.83155,1.93914,0.7154,0.56489,3.21942,2.85606,2.31839,0.68785,0.48337,3.4896,3.05352,2026-03-04,18,10,10,291,1,0,291,2025-02-20,1,0,1,4,0,0,4,219.25,NA,1,71110,0,1,"960 4th Street NW,Waukon,IA,52172",43.2804,-91.48,NA,2026-06-01
165340,Grandview Healthcare Center,800 Fifth Street SE,Oelwein,IA,50662,3192831908,320,Fayette,N,For profit - Limited Liability company,72,59.6,NA,Medicare and Medicaid,N,OELWEIN FIFTH IA SKILLED NURSING FACILITY LLC,1997-08-01,LEGACY HEALTHCARE,306,89,2.9,2.9,2.6,3.4,N,NA,N,N,N,None,Yes,4,NA,4,NA,3,NA,3,NA,NA,2,3,NA,NA,NA,2.99517,0.58418,0.47401,1.05819,4.05336,3.42915,0.33414,0.01703,31.9,NA,44.4,NA,0,NA,1.57418,1.13113,2.63774,0.97313,0.7684,4.37926,3.88499,2.62945,0.51285,0.41613,3.55844,3.01045,2026-04-15,3,2,1,16,1,0,16,2025-04-09,5,3,2,20,1,0,20,17,NA,0,0,0,0,"800 Fifth Street SE,Oelwein,IA,50662",42.6715,-91.903,NA,2026-06-01
165341,Oelwein Health Care Center,600 Seventh Street SE,Oelwein,IA,50662,3192832794,320,Fayette,N,For profit - Corporation,61,51.3,NA,Medicare and Medicaid,N,OELWEIN SEVENTH IA SKILLED NURSING FACILITY LLC,1997-08-11,LEGACY HEALTHCARE,306,89,2.9,2.9,2.6,3.4,N,NA,N,N,N,None,Yes,3,NA,3,NA,4,NA,4,NA,5,NA,3,NA,NA,NA,2.13634,0.5027,0.29453,0.79723,2.93357,2.67308,0.21761,0.02104,28.9,NA,40,NA,0,NA,1.11352,0.80012,1.86585,0.68836,0.54354,3.09774,2.74811,2.65137,0.6239,0.36553,3.6408,3.31751,2026-03-26,7,7,0,28,1,0,28,2025-03-27,4,4,0,12,1,0,12,24,NA,0,0,0,0,"600 Seventh Street SE,Oelwein,IA,50662",42.6696,-91.905,NA,2026-06-01
165342,Willow Dale Wellness Village,404 First Street,Battle Creek,IA,51006,7123654332,460,Ida,N,For profit - Corporation,40,30.1,NA,Medicare and Medicaid,N,BATTLE CREEK IA SKILLED NURSING FACILITY LLC,1997-07-01,LEGACY HEALTHCARE,306,89,2.9,2.9,2.6,3.4,N,NA,N,N,N,None,Yes,4,NA,4,NA,3,NA,3,NA,2,NA,4,NA,NA,NA,2.72927,0.71284,0.50349,1.21633,3.9456,3.48813,0.41913,0.04598,41.2,NA,60,NA,0,NA,1.20331,0.86464,2.01629,0.74386,0.58736,3.34752,2.96969,3.13451,0.81868,0.57825,4.53144,4.00604,2025-12-11,2,2,0,8,1,0,8,2024-11-14,1,1,0,4,1,0,4,7,NA,0,0,0,0,"404 First Street,Battle Creek,IA,51006",42.3161,-95.597,NA,2026-06-01
165343,Park View Rehabilitation Center,601 Park Avenue,Sac City,IA,50583,7126623818,800,Sac,N,For profit - Corporation,77,44,NA,Medicare and Medicaid,N,SAC CITY IA SKILLED NURSING FACILITY LLC,1997-06-01,LEGACY HEALTHCARE,306,89,2.9,2.9,2.6,3.4,Y,NA,N,N,N,Resident,Yes,2,NA,2,NA,2,NA,2,NA,2,NA,3,NA,NA,NA,2.25118,0.76186,0.64795,1.40981,3.66099,3.12708,0.4936,0.01791,55.8,NA,77.8,NA,1,NA,1.32066,0.94896,2.21293,0.8164,0.64465,3.67398,3.25931,2.35569,0.79724,0.67803,3.83096,3.27226,2026-03-12,12,6,6,92,1,0,92,2025-03-06,6,3,3,28,1,0,28,76,NA,0,0,0,0,"601 Park Avenue,Sac City,IA,50583",42.4206,-94.974,NA,2026-06-01
165345,Parkridge Specialty Care,5800 NE 12TH Avenue,Pleasant Hill,IA,50327,5152655348,760,Polk,Y,Non profit - Corporation,90,83.2,NA,Medicare and Medicaid,N,CARE INITIATIVES,1997-07-01,CARE INITIATIVES,106,43,3,2.6,3.6,3.8,N,NA,N,N,N,Resident,Yes,1,NA,1,NA,3,NA,4,NA,2,NA,3,NA,NA,NA,2.28877,0.40757,0.65704,1.06462,3.35339,2.89539,0.34812,0.0524,47.2,NA,12.5,NA,2,NA,1.23738,0.88912,2.07338,0.76492,0.604,3.4423,3.05378,2.55623,0.4552,0.73382,3.74525,3.23373,2025-10-07,9,3,7,60,1,0,60,2024-08-28,29,6,23,184,1,0,184,91,1,1,34450,0,1,"5800 NE 12TH Avenue,Pleasant Hill,IA,50327",41.6006,-93.494,NA,2026-06-01
165346,Maple Manor Village,345 Parriott Street,Aplington,IA,50604,3193472309,110,Butler,N,For profit - Limited Liability company,42,34.1,NA,Medicare and Medicaid,N,APLINGTON IA SKILLED NURSING FACILITY LLC,1997-10-01,LEGACY HEALTHCARE,306,89,2.9,2.9,2.6,3.4,N,NA,N,N,N,None,Yes,4,NA,4,NA,3,NA,3,NA,NA,2,2,NA,NA,NA,2.07474,0.64359,0.44233,1.08591,3.16066,2.91789,0.2534,0.04185,51.4,NA,50,NA,0,NA,1.2032,0.86456,2.01611,0.74379,0.58731,3.34721,2.96943,2.38302,0.73921,0.50805,3.63028,3.35144,2026-02-18,3,1,2,16,1,0,16,2025-02-20,3,3,0,12,1,0,12,15,NA,0,0,0,0,"345 Parriott Street,Aplington,IA,50604",42.5828,-92.872,NA,2026-06-01
165347,Nora Springs Care Center,907 W Congress,Nora Springs,IA,50458,6417495331,330,Floyd,N,For profit - Limited Liability company,50,42.3,NA,Medicare and Medicaid,N,NORA SPRINGS IA SKILLED NURSING FACILITY LLC,1997-09-01,LEGACY HEALTHCARE,306,89,2.9,2.9,2.6,3.4,N,NA,N,N,N,None,Yes,4,NA,4,NA,4,NA,5,NA,2,NA,3,NA,NA,NA,2.32812,0.8655,0.39748,1.26299,3.59111,3.04106,0.20301,0.0327,42.6,NA,60,NA,1,NA,1.2313,0.88476,2.0632,0.76117,0.60103,3.4254,3.03879,2.613,0.97141,0.44612,4.03054,3.41318,2025-05-29,4,0,4,16,0,0,16,2024-07-03,1,1,0,4,1,0,4,13,NA,0,0,0,0,"907 W Congress,Nora Springs,IA,50458",43.144,-93.016,NA,2026-06-01
165349,Belle Plaine Specialty Care,1505 Sunset Drive,Belle Plaine,IA,52208,3194442500,050,Benton,Y,Non profit - Corporation,46,32.6,NA,Medicare and Medicaid,N,CARE INITIATIVES,1997-07-22,CARE INITIATIVES,106,43,3,2.6,3.6,3.8,N,NA,N,N,N,Resident,Yes,4,NA,3,NA,5,NA,5,NA,NA,2,3,NA,NA,NA,2.19662,0.23863,0.76804,1.00667,3.20329,2.90628,0.52902,0.03016,71.4,NA,66.7,NA,0,NA,1.18062,0.84834,1.97828,0.72984,0.57629,3.28441,2.91371,2.57125,0.27932,0.89903,3.7496,3.40194,2025-08-28,2,1,1,20,1,0,20,2024-10-17,14,6,8,100,1,0,100,40,NA,0,0,0,0,"1505 Sunset Drive,Belle Plaine,IA,52208",41.8993,-92.266,NA,2026-06-01
165352,Emmetsburg Care Center,2405 21st Street,Emmetsburg,IA,50536,7128524266,730,Palo Alto,N,For profit - Corporation,46,41.2,NA,Medicare and Medicaid,N,EMMETSBURG IA SKILLED NURSING FACILITY LLC,1997-08-01,LEGACY HEALTHCARE,306,89,2.9,2.9,2.6,3.4,N,NA,N,N,N,None,Yes,2,NA,2,NA,4,NA,5,NA,3,NA,3,NA,NA,NA,2.56275,0.31374,0.58798,0.90172,3.46446,3.19388,0.5635,0.01073,64.6,NA,71.4,NA,2,NA,1.11283,0.79963,1.86468,0.68793,0.5432,3.09581,2.7464,3.18256,0.38962,0.73018,4.30237,3.96634,2025-07-28,8,6,2,102,1,0,102,2024-09-12,6,5,4,24,1,0,24,82.5,NA,1,25695,0,1,"2405 21st Street,Emmetsburg,IA,50536",43.1012,-94.682,NA,2026-06-01
165353,Valley Vue Care Center,108 Second Ave,Armstrong,IA,50514,7128643567,310,Emmet,N,For profit - Limited Liability company,40,35.2,NA,Medicare and Medicaid,N,ARMSTRONG IA SKILLED NURSING FACILITY LLC,1997-08-01,LEGACY HEALTHCARE,306,89,2.9,2.9,2.6,3.4,N,NA,N,N,N,None,Yes,5,NA,4,NA,5,NA,4,NA,5,NA,4,NA,NA,NA,2.38956,0.60646,0.71323,1.31968,3.70925,3.3391,0.44374,0.0138,42.9,NA,40,NA,1,NA,1.15077,0.82689,1.92826,0.71138,0.56172,3.20137,2.84004,2.86965,0.7283,0.85652,4.45447,4.00996,2026-03-12,2,2,0,8,1,0,8,2025-02-13,8,6,4,32,1,0,32,14,NA,0,0,0,0,"108 Second Ave,Armstrong,IA,50514",43.3963,-94.487,NA,2026-06-01
165354,Rehabilitation Center of Hampton,700 Second Street SE,Hampton,IA,50441,6414564701,340,Franklin,N,For profit - Limited Liability company,52,46.5,NA,Medicare and Medicaid,N,HAMPTON IA SKILLED NURSING FACILITY LLC,1997-10-01,LEGACY HEALTHCARE,306,89,2.9,2.9,2.6,3.4,Y,NA,N,N,N,None,Yes,3,NA,4,NA,4,NA,3,NA,5,NA,1,NA,NA,NA,2.06471,0.68032,0.28732,0.96764,3.03235,2.5981,0.25455,0.02372,42.3,NA,50,NA,2,NA,1.31278,0.9433,2.19973,0.81154,0.6408,3.65207,3.23987,2.17353,0.71617,0.30247,3.19217,2.73503,2025-05-22,3,1,2,16,1,0,16,2024-07-07,3,1,2,28,1,0,28,19,NA,0,0,0,0,"700 Second Street SE,Hampton,IA,50441",42.7357,-93.205,NA,2026-06-01
165355,Harvest Acres Nursing and Rehab,204 North Keokuk Washington Road,Keota,IA,52248,6416363400,530,Keokuk,N,For profit - Limited Liability company,35,29.1,NA,Medicare and Medicaid,N,"HARVEST ACRES NURSING AND REHAB, LLC",1997-08-01,CEDAR VIEW HOLDINGS,888,9,1.3,1.3,2,3,N,NA,N,N,N,None,Yes,1,NA,1,NA,2,NA,2,NA,NA,2,2,NA,NA,NA,2.05273,0.61917,0.58644,1.20561,3.25834,3.08917,0.37195,0.00122,62.5,NA,87.5,NA,NA,26,1.17723,0.8459,1.97259,0.72774,0.57463,3.27496,2.90533,2.40975,0.72685,0.68843,3.82503,3.62644,2025-12-11,6,6,4,28,1,0,28,2024-11-19,32,27,15,638,1,0,638,180.5,NA,1,136500,0,1,"204 North Keokuk Washington Road,Keota,IA,52248",41.3644,-91.947,NA,2026-06-01
165356,AMS Memorial-Greene,108 South High Street,Greene,IA,50636,6418234531,110,Butler,N,For profit - Limited Liability company,31,NA,10,Medicare and Medicaid,N,AMS MEMORIAL-GREENE LLC,1997-11-01,NA,NA,NA,NA,NA,NA,NA,N,NA,N,Y,N,Resident,Yes,1,NA,2,NA,NA,2,NA,2,NA,2,1,23,23,23,NA,NA,NA,NA,NA,NA,NA,NA,NA,26,NA,26,NA,26,NA,NA,NA,NA,NA,NA,NA,NA,NA,NA,NA,NA,2022-02-21,8,8,0,56,2,28,84,2020-03-05,6,6,0,32,1,0,32,71,NA,0,0,0,0,"108 South High Street,Greene,IA,50636",42.8918,-92.808,NA,2026-06-01
165357,Azria Health Rose Vista,1109 Normal Street,Woodbine,IA,51579,7126472010,420,Harrison,Y,For profit - Limited Liability company,76,66.9,NA,Medicare and Medicaid,N,"DT WOODBINE, LLC",1997-10-01,AZRIA HEALTH,64,9,1.6,1.9,2.9,1.6,Y,NA,N,N,N,Resident,Yes,1,NA,2,NA,1,NA,2,NA,1,NA,3,NA,NA,NA,2.55366,0.54862,0.45219,1.00081,3.55447,3.16779,0.29464,0.08116,44.1,NA,NA,27,0,NA,1.32677,0.95335,2.22316,0.82018,0.64763,3.69097,3.27438,2.65991,0.57145,0.47101,3.70237,3.2996,2025-11-20,8,8,0,60,1,0,60,2024-11-07,9,4,5,48,1,0,48,57,NA,0,0,0,0,"1109 Normal Street,Woodbine,IA,51579",41.7435,-95.708,NA,2026-06-01
165358,Thomas Rest Haven,217 Main Street,Coon Rapids,IA,50058,7129992253,130,Carroll,N,Government - City/county,57,34.1,NA,Medicare and Medicaid,N,THOMAS REST HAVEN,1997-10-01,NA,NA,NA,NA,NA,NA,NA,N,NA,N,N,N,Resident,Yes,2,NA,2,NA,3,NA,3,NA,3,NA,4,NA,NA,NA,3.21534,0.69041,0.57438,1.26479,4.48014,4.08211,0.33888,0.02236,50,NA,NA,27,0,NA,1.2247,0.88001,2.05214,0.75709,0.59781,3.40704,3.0225,3.62824,0.77907,0.64814,5.0554500000000004,4.60631,2025-09-18,9,6,3,56,1,0,56,2024-10-17,5,4,3,32,1,0,32,50,NA,1,11190,0,1,"217 Main Street,Coon Rapids,IA,50058",41.8708,-94.674,NA,2026-06-01
165359,Methodist Manor Retirement Community,1206 West Fourth Street,Storm Lake,IA,50588,7127321120,100,Buena Vista,N,Non profit - Corporation,93,88.2,NA,Medicare and Medicaid,N,METHODIST MANOR RETIREMENT COMMUNITY,1997-09-01,NA,NA,NA,NA,NA,NA,NA,Y,NA,N,N,N,Resident,Yes,4,NA,3,NA,3,NA,2,NA,4,NA,5,NA,NA,NA,2.76858,0.50531,0.92232,1.42763,4.19621,3.95062,0.47854,0.01019,22.9,NA,26.3,NA,0,NA,1.2356,0.88784,2.0704,0.76382,0.60313,3.43735,3.04939,3.09656,0.56517,1.03158,4.69331,4.41863,2026-04-16,3,2,1,20,1,0,20,2025-03-27,8,7,1,40,1,0,40,25,NA,0,0,1,1,"1206 West Fourth Street,Storm Lake,IA,50588",42.6425,-95.216,NA,2026-06-01
165361,Rolling Green Village Care Center,100 Sixth Street,Nevada,IA,50201,5153826556,840,Story,Y,For profit - Limited Liability company,58,47.8,NA,Medicare and Medicaid,N,NEVADA IA SKILLED NURSING FACILITY LLC,1997-10-01,LEGACY HEALTHCARE,306,89,2.9,2.9,2.6,3.4,N,NA,N,N,N,None,Yes,3,NA,3,NA,3,NA,4,NA,3,NA,4,NA,NA,NA,3.12371,0.44567,0.62702,1.07269,4.1964,3.73646,0.24576,0.07958,61.3,NA,66.7,NA,0,NA,1.286,0.92406,2.15486,0.79498,0.62773,3.57756,3.17378,3.35683,0.47893,0.67381,4.50957,4.0153,2026-01-14,2,0,2,24,0,0,24,2024-11-14,12,9,6,68,1,0,68,35,NA,1,14380,0,1,"100 Sixth Street,Nevada,IA,50201",42.0146,-93.452,NA,2026-06-01
165362,Clarion Wellness and Rehabilitation Center,110 13th Avenue SW,Clarion,IA,50525,5155322893,980,Wright,N,For profit - Corporation,76,61.2,NA,Medicare and Medicaid,N,"CENTRAL AVENUE HEALTHCARE, INC.",1997-09-17,THE ENSIGN GROUP,507,342,3.2,2.9,2.4,4.4,N,NA,N,N,N,Resident,Yes,1,NA,1,NA,4,NA,5,NA,3,NA,2,NA,NA,NA,1.95286,0.80409,0.37518,1.17927,3.13213,2.5477,0.22903,0.16523,46.8,NA,71.4,NA,0,NA,1.24495,0.89456,2.08606,0.7696,0.60769,3.46335,3.07246,2.1678,0.8926,0.41647,3.47687,2.82812,2025-08-28,10,7,3,40,1,0,40,2024-10-17,18,9,10,472,1,0,472,148,NA,1,24174,0,1,"110 13th Avenue SW,Clarion,IA,50525",42.7207,-93.734,NA,2026-06-01
165363,Westview Care Center,445 Eighth Avenue SW,Britt,IA,50423,6418433835,400,Hancock,N,For profit - Limited Liability company,67,54.6,NA,Medicare and Medicaid,N,BRITT IA SKILLED NURSING FACILITY LLC,1997-10-01,LEGACY HEALTHCARE,306,89,2.9,2.9,2.6,3.4,Y,NA,N,N,N,None,Yes,5,NA,5,NA,4,NA,4,NA,3,NA,4,NA,NA,NA,2.41451,0.81158,0.40591,1.21749,3.632,3.28142,0.26976,0.00435,39.7,NA,20,NA,0,NA,1.27263,0.91445,2.13246,0.78672,0.6212,3.54038,3.14079,2.62195,0.88131,0.44079,3.94405,3.56335,2025-07-03,0,0,0,0,0,0,0,2024-08-15,0,0,0,0,0,0,0,0,NA,0,0,0,0,"445 Eighth Avenue SW,Britt,IA,50423",43.0929,-93.812,NA,2026-06-01
165364,Concord Care Center,490 West Lyons Street,Garner,IA,50438,6419232677,400,Hancock,N,For profit - Limited Liability company,46,38.5,NA,Medicare and Medicaid,N,GARNER IA SKILLED NURSING FACILITY LLC,1997-09-18,LEGACY HEALTHCARE,306,89,2.9,2.9,2.6,3.4,Y,NA,N,N,N,None,Yes,4,NA,4,NA,3,NA,4,NA,2,NA,3,NA,NA,NA,2.22271,0.64747,0.44529,1.09276,3.31547,2.93362,0.36974,0.03741,46.2,NA,0,NA,0,NA,1.23051,0.88419,2.06188,0.76068,0.60064,3.4232,3.03684,2.4963,0.72716,0.50009,3.72355,3.2947,2025-09-25,5,2,3,20,1,0,20,2024-10-24,6,5,2,24,1,0,24,21,NA,0,0,0,0,"490 West Lyons Street,Garner,IA,50438",43.0905,-93.608,NA,2026-06-01
165365,Oakwood Care Center,400 Highway 18 West,Clear Lake,IA,50428,6413575244,160,Cerro Gordo,N,For profit - Corporation,76,62.7,NA,Medicare and Medicaid,N,CLEAR LAKE IA SKILLED NURSING FACILITY LLC,1997-10-01,LEGACY HEALTHCARE,306,89,2.9,2.9,2.6,3.4,N,NA,N,N,N,None,Yes,3,NA,3,NA,4,NA,5,NA,4,NA,3,NA,NA,NA,2.40106,0.58732,0.4611,1.04842,3.44948,3.10486,0.33708,0.01909,45.1,NA,50,NA,1,NA,1.26887,0.91175,2.12615,0.78439,0.61937,3.52991,3.1315,2.61508,0.63967,0.5022,3.75695,3.38161,2025-12-31,4,3,1,20,1,0,20,2024-11-07,6,6,0,28,1,0,28,22,NA,0,0,0,0,"400 Highway 18 West,Clear Lake,IA,50428",43.1428,-93.392,NA,2026-06-01
165366,Lake Mills Care Center,406 South Tenth Avenue East,Lake Mills,IA,50450,6415924900,940,Winnebago,N,For profit - Corporation,61,46.7,NA,Medicare and Medicaid,N,LAKE MILLS IA SKILLED NURSING FACILITY LLC,1997-10-01,LEGACY HEALTHCARE,306,89,2.9,2.9,2.6,3.4,N,NA,N,N,N,None,Yes,4,NA,3,NA,5,NA,5,NA,5,NA,3,NA,NA,NA,2.12756,0.95603,0.34738,1.30341,3.43097,2.97228,0.27207,0.02119,27.3,NA,NA,27,1,NA,1.28836,0.92575,2.15881,0.79644,0.62888,3.58412,3.1796,2.28215,1.02549,0.37263,3.68027,3.18825,2026-04-15,2,1,1,28,1,0,28,2025-04-09,4,4,0,12,1,0,12,24,NA,0,0,0,0,"406 South Tenth Avenue East,Lake Mills,IA,50450",43.4997,-93.651,NA,2026-06-01
165367,Heritage Care And Rehabilitation Center,501 South Kentucky Ave,Mason City,IA,50401,6414232121,160,Cerro Gordo,N,For profit - Corporation,71,60.5,NA,Medicare and Medicaid,N,MASON CITY IA SKILLED NURSING FACILITY LLC,1997-10-01,LEGACY HEALTHCARE,306,89,2.9,2.9,2.6,3.4,N,NA,N,N,N,None,Yes,2,NA,3,NA,3,NA,4,NA,1,NA,1,NA,NA,NA,2.12567,0.81149,0.36665,1.17814,3.30381,2.8353,0.20559,0.02371,NA,26,NA,26,NA,26,1.31729,0.94654,2.20728,0.81432,0.643,3.6646,3.25099,2.23006,0.85134,0.38465,3.46604,2.97453,2025-08-14,5,5,0,32,1,0,32,2024-09-12,2,0,2,24,0,0,24,30,NA,0,0,0,0,"501 South Kentucky Ave,Mason City,IA,50401",43.1472,-93.181,NA,2026-06-01
165369,Westview of Indianola Care Center,1900 West Third Place,Indianola,IA,50125,5159613189,900,Warren,Y,For profit - Limited Liability company,71,63.5,NA,Medicare and Medicaid,N,INDIANOLA IA SKILLED NURSING FACILITY LLC,1997-10-01,LEGACY HEALTHCARE,306,89,2.9,2.9,2.6,3.4,N,NA,N,N,N,None,Yes,5,NA,5,NA,5,NA,5,NA,5,NA,4,NA,NA,NA,2.95358,0.46663,0.57692,1.04355,3.99713,3.6872,0.32219,0.00146,23,NA,22.2,NA,2,NA,1.25191,0.89956,2.09773,0.77391,0.61109,3.48272,3.08964,3.26044,0.51511,0.63685,4.4124,4.07027,2025-12-11,0,0,0,0,0,0,0,2024-11-07,0,0,0,0,0,0,0,0,NA,0,0,0,0,"1900 West Third Place,Indianola,IA,50125",41.3575,-93.585,NA,2026-06-01
165372,Elm Crest Retirement Community,2104 12th Street,Harlan,IA,51537,7127555174,820,Shelby,N,Non profit - Other,50,47.3,NA,Medicare and Medicaid,N,AMERICAN BAPTIST HOMES OF THE MIDWEST,1997-10-01,AMERICAN BAPTIST HOMES OF THE MIDWEST,29,6,2.2,1.8,3.7,3.8,Y,NA,N,N,N,Resident,Yes,3,NA,3,NA,4,NA,3,NA,5,NA,3,NA,NA,NA,2.58066,0.42884,0.79546,1.2243,3.80496,3.10635,0.48164,0.02662,73.3,NA,45.5,NA,1,NA,1.27138,0.91355,2.13035,0.78594,0.62059,3.53689,3.13769,2.80515,0.46614,0.86465,4.13594,3.37656,2026-01-14,4,3,1,28,1,0,28,2024-11-14,10,8,4,68,1,0,68,38,NA,0,0,1,1,"2104 12th Street,Harlan,IA,51537",41.6483,-95.326,NA,2026-06-01
165373,Azria Health Longview,1010 Longview Road,Missouri Valley,IA,51555,7126422264,420,Harrison,Y,For profit - Partnership,100,79.5,NA,Medicare and Medicaid,N,DT VALLEY LLC,1997-10-01,AZRIA HEALTH,64,9,1.6,1.9,2.9,1.6,N,NA,N,N,N,Resident,Yes,1,NA,1,NA,1,NA,1,NA,1,NA,3,NA,NA,NA,2.55876,0.88341,0.53925,1.42266,3.98142,3.59088,0.30469,0.11635,57.4,NA,73.3,NA,1,NA,1.31814,0.94715,2.20871,0.81485,0.64342,3.66698,3.2531,2.68267,0.92619,0.56536,4.17422,3.76477,2025-06-12,15,10,8,96,1,0,96,2024-07-18,12,8,6,92,1,0,92,95,NA,0,0,1,1,"1010 Longview Road,Missouri Valley,IA,51555",41.5665,-95.884,NA,2026-06-01
165374,Mill Valley Care Center,1201 Park Street,Bellevue,IA,52031,5638725521,480,Jackson,N,For profit - Corporation,46,39.4,NA,Medicare and Medicaid,N,RIVERVIEW DEVELOPMENT CORPORATION,1998-01-01,HEALTHCARE OF IOWA,260,6,3.7,3.5,3.7,3.5,N,NA,N,N,N,Resident,Yes,5,NA,5,NA,4,NA,4,NA,NA,2,4,NA,NA,NA,2.85019,0.54322,0.78361,1.32683,4.17702,3.49243,0.34095,0.0555,47.1,NA,33.3,NA,0,NA,1.17212,0.84223,1.96403,0.72458,0.57214,3.26074,2.89272,3.3605,0.64048,0.92391,4.92488,4.11772,2025-06-19,0,0,0,0,0,0,0,2024-07-25,2,1,1,8,1,0,8,2,NA,0,0,0,0,"1201 Park Street,Bellevue,IA,52031",42.2572,-90.438,NA,2026-06-01
165375,Anamosa Care Center,1209 East Third Street,Anamosa,IA,52205,3194624356,520,Jones,Y,For profit - Corporation,64,52.6,NA,Medicare and Medicaid,N,ANAMOSA NURSING HOME COMPANY LLC,1998-01-01,HEALTHCARE OF IOWA,260,6,3.7,3.5,3.7,3.5,N,NA,N,N,N,Resident,Yes,5,NA,4,NA,5,NA,5,NA,NA,2,3,NA,NA,NA,2.21698,0.37209,0.65112,1.0232,3.24018,2.73682,0.53568,0.01502,56.9,NA,44.4,NA,2,NA,1.11623,0.80207,1.87038,0.69003,0.54486,3.10527,2.75479,2.74477,0.46067,0.80613,4.01157,3.38837,2025-06-12,2,2,0,8,1,0,8,2024-07-25,5,4,2,44,1,0,44,17,NA,0,0,0,0,"1209 East Third Street,Anamosa,IA,52205",42.1048,-91.272,NA,2026-06-01
165376,Aspire of Pleasant Valley,17990 Spencer Road,Pleasant Valley,IA,52767,5633324600,810,Scott,Y,For profit - Corporation,44,27.4,NA,Medicare and Medicaid,N,RIVERVIEW SNF OPERATOR LLC,1998-01-01,BEACON HEALTH MANAGEMENT,69,13,1.4,1.9,1.5,2.2,N,NA,N,N,N,Resident,Yes,2,NA,2,NA,2,NA,2,NA,1,NA,4,NA,NA,NA,2.81434,0.23431,1.04686,1.28118,4.09551,3.53551,0.57525,0.0035,60.6,NA,NA,27,1,NA,1.40096,1.00666,2.34748,0.86604,0.68384,3.89737,3.45749,2.7762,0.23114,1.03268,4.04001,3.4876,2025-08-28,2,0,2,8,0,0,8,2024-09-09,27,18,20,188,1,0,188,53,NA,0,0,0,0,"17990 Spencer Road,Pleasant Valley,IA,52767",41.5682,-90.422,NA,2026-06-01
165377,Wheatland Manor,316 East Lincolnway,Wheatland,IA,52777,5633741295,220,Clinton,N,For profit - Corporation,44,39.6,NA,Medicare and Medicaid,N,WHEATLAND MANOR INC,1998-01-01,NA,NA,NA,NA,NA,NA,NA,N,NA,N,N,N,Resident,Yes,4,NA,4,NA,3,NA,2,NA,4,NA,4,NA,NA,NA,2.50897,0.16592,0.73473,0.90065,3.40962,3.1127,0.52223,0.04483,66.7,NA,40,NA,0,NA,1.18715,0.85303,1.98921,0.73387,0.57948,3.30256,2.92981,2.92073,0.19315,0.85531,3.96918,3.62353,2026-01-15,1,1,1,20,1,0,20,2025-01-09,1,1,0,20,1,0,20,20,NA,1,19338,0,1,"316 East Lincolnway,Wheatland,IA,52777",41.8335,-90.835,NA,2026-06-01
165379,Edgewood Convalescent Home,513 Bell Street,Edgewood,IA,52042,5639286461,210,Clayton,N,For profit - Corporation,56,42.6,NA,Medicare and Medicaid,N,EDGEWOOD CONVALESCENT HOME INC,1998-01-01,EDGEWOOD CONVALESCENT HOME,867,5,4.4,4.2,3.8,3.6,N,NA,N,N,N,Resident,Yes,5,NA,4,NA,5,NA,5,NA,5,NA,4,NA,NA,NA,2.28095,0.28694,0.91424,1.20119,3.48213,2.90109,0.58122,0.01372,33.3,NA,0,NA,0,NA,1.20862,0.86846,2.02519,0.74714,0.58996,3.36229,2.9828,2.60811,0.3281,1.04537,3.98158,3.3172,2025-09-25,1,1,0,4,1,0,4,2024-10-31,1,1,1,16,1,0,16,7,NA,0,0,0,0,"513 Bell Street,Edgewood,IA,52042",42.6414,-91.402,NA,2026-06-01
165380,Rehabilitation Center of Belmond,1107 Seventh Street NE,Belmond,IA,50421,6414443915,980,Wright,N,For profit - Limited Liability company,44,35.9,NA,Medicare and Medicaid,N,BELMOND IA SKILLED NURSING FACILITY LLC,1998-01-01,LEGACY HEALTHCARE,306,89,2.9,2.9,2.6,3.4,N,NA,N,N,N,None,Yes,4,NA,3,NA,5,NA,5,NA,5,NA,3,NA,NA,NA,2.25341,0.69127,0.52392,1.21518,3.46859,3.00134,0.35569,0.05458,44.1,NA,60,NA,2,NA,1.13187,0.81331,1.89659,0.6997,0.55249,3.14878,2.79339,2.75133,0.84401,0.63969,4.23503,3.66453,2025-04-17,5,5,0,24,1,0,24,2024-04-25,4,4,1,16,1,0,16,22,NA,0,0,0,0,"1107 Seventh Street NE,Belmond,IA,50421",42.8525,-93.604,NA,2026-06-01
165381,Stone Cottage Care Center,900 South Stone Street,Sigourney,IA,52591,6416222971,530,Keokuk,N,For profit - Limited Liability company,41,32.8,NA,Medicare and Medicaid,N,STONE COTTAGE CARE CENTER LLC,1998-01-01,CEDAR VIEW HOLDINGS,888,9,1.3,1.3,2,3,N,NA,N,N,N,Resident,Yes,1,NA,1,NA,1,NA,1,NA,NA,2,2,NA,NA,NA,2.17097,0.59716,0.53369,1.13085,3.30182,3.0724,0.44953,0.00622,57.1,NA,60,NA,NA,26,1.2372,0.88899,2.07308,0.76481,0.60391,3.4418,3.05334,2.42501,0.66704,0.59614,3.68819,3.43192,2025-09-04,14,11,7,100,1,0,100,2024-09-26,38,11,29,319,1,0,319,154.75,NA,1,18682,2,3,"900 South Stone Street,Sigourney,IA,52591",41.3266,-92.208,NA,2026-06-01
165382,"Accura Healthcare of Knoxville, LLC",606 North Seventh Street,Knoxville,IA,50138,6418422187,620,Marion,N,For profit - Corporation,60,42.1,NA,Medicare and Medicaid,N,KNOXVILLE CARE PARTNERS LLC,1998-03-31,ACCURA HEALTHCARE,8,42,2.5,2.4,3.2,2.8,N,NA,N,N,N,Resident,Yes,2,NA,2,NA,3,NA,3,NA,NA,2,4,NA,NA,NA,2.42515,0.93962,0.61449,1.55411,3.97926,3.30104,0.57033,0.00625,54.3,NA,66.7,NA,1,NA,1.07234,0.77053,1.79684,0.6629,0.52343,2.98317,2.64647,3.1254,1.21093,0.79193,5.12826,4.25421,2026-02-19,7,5,3,56,1,0,56,2025-02-03,6,4,5,40,1,0,40,52,NA,1,16153,0,1,"606 North Seventh Street,Knoxville,IA,50138",41.3238,-93.091,NA,2026-06-01
165383,Greenfield Rehabilitation & Health Care Center,615 SE Kent Street,Greenfield,IA,50849,6417436131,000,Adair,N,For profit - Corporation,46,43.7,NA,Medicare and Medicaid,N,GREENFIELD MANOR INC,1998-04-22,NA,NA,NA,NA,NA,NA,NA,N,NA,N,N,N,Resident,Yes,3,NA,2,NA,5,NA,5,NA,NA,2,2,NA,NA,NA,1.89773,0.67696,0.52868,1.20564,3.10337,2.62611,0.32953,0.00705,53.7,NA,71.4,NA,0,NA,1.19062,0.85552,1.99503,0.73602,0.58117,3.31222,2.93838,2.20273,0.78576,0.61365,3.60214,3.04817,2025-07-17,9,7,3,56,1,0,56,2024-08-29,8,7,1,40,1,0,40,52,NA,1,4516,1,2,"615 SE Kent Street,Greenfield,IA,50849",41.3029,-94.451,NA,2026-06-01
165384,Sheffield Care Center,100 Bennett Drive,Sheffield,IA,50475,6418924691,340,Franklin,N,Non profit - Corporation,45,35,NA,Medicare and Medicaid,N,SHEFFIELD CARE CENTER,1998-07-01,NA,NA,NA,NA,NA,NA,NA,N,NA,N,N,N,Resident,Yes,2,NA,2,NA,4,NA,2,NA,5,NA,3,NA,NA,NA,2.86401,0.38926,0.50505,0.89431,3.75832,3.25188,0.43222,0.01299,NA,26,NA,26,NA,26,1.03486,0.7436,1.73403,0.63973,0.50514,2.8789,2.55397,3.82466,0.51982,0.67446,5.01895,4.34263,2025-08-21,9,9,0,64,1,0,64,2024-09-26,4,3,1,20,1,0,20,53,NA,5,22208,0,5,"100 Bennett Drive,Sheffield,IA,50475",42.8914,-93.218,22,2026-06-01
165385,Harmony Marshalltown,910 East Olive,Marshalltown,IA,50158,6417524581,630,Marshall,N,For profit - Corporation,72,47.4,NA,Medicare and Medicaid,N,MARSHALLTOWN SKILLED NURSING FACILITY LLC,1998-02-01,LEGACY HEALTHCARE,306,89,2.9,2.9,2.6,3.4,N,NA,N,N,N,Resident,Yes,1,NA,1,NA,3,NA,4,NA,2,NA,3,NA,NA,NA,3.00941,0.62038,0.4852,1.10558,4.11499,3.64414,0.22292,0.06184,56.1,NA,91.7,NA,NA,26,1.28837,0.92576,2.15882,0.79644,0.62888,3.58415,3.17962,3.22806,0.66545,0.52046,4.41397,3.9089,2026-01-14,12,4,8,201,1,0,201,2024-12-12,27,9,18,132,1,0,132,183.75,1,1,78878,0,1,"910 East Olive,Marshalltown,IA,50158",42.0284,-92.898,NA,2026-06-01
165386,Colonial Manor of Elma,407 9th Street,Elma,IA,50628,6413932134,440,Howard,N,For profit - Limited Liability company,40,34.5,NA,Medicare and Medicaid,N,ELMA IA SKILLED NURSING FACILITY LLC,1998-06-01,LEGACY HEALTHCARE,306,89,2.9,2.9,2.6,3.4,N,NA,Y,N,N,Resident,Yes,2,NA,2,NA,2,NA,1,NA,3,NA,3,NA,NA,NA,2.51688,0.65291,0.51954,1.17245,3.68933,3.33393,0.44961,0.01039,62.8,NA,75,NA,0,NA,1.19283,0.85711,1.99873,0.73738,0.58225,3.31836,2.94383,2.91597,0.75645,0.60192,4.27434,3.86259,2026-02-19,9,7,3,52,1,0,52,2025-02-13,4,3,3,28,1,0,28,46,NA,1,8018,0,1,"407 9th Street,Elma,IA,50628",43.2428,-92.446,NA,2026-06-01
165388,Lone Tree Health Care Center Inc,501 EAST PIONEER ROAD,Lone Tree,IA,52755,3196294255,510,Johnson,Y,For profit - Individual,44,32.1,NA,Medicare and Medicaid,N,LONE TREE HEALTH CARE CENTER INC.,1998-04-01,NA,NA,NA,NA,NA,NA,NA,N,NA,N,N,N,None,Yes,5,NA,4,NA,4,NA,5,NA,3,NA,5,NA,NA,NA,3.09587,0.2592,0.87702,1.13621,4.23208,3.7906,0.53482,0.0993,25,NA,20,NA,0,NA,1.37928,0.99109,2.31116,0.85264,0.67326,3.83706,3.40398,3.10191,0.2597,0.87873,4.24034,3.798,2025-11-20,2,2,0,8,1,0,8,2024-09-19,1,0,1,4,0,0,4,7,NA,0,0,0,0,"501 EAST PIONEER ROAD,Lone Tree,IA,52755",41.4815,-91.421,NA,2026-06-01
165389,St Luke's Helen G Nassif Transitional Care Center,1420 Unitypoint Way,Cedar Rapids,IA,52402,3193668701,560,Linn,Y,Non profit - Corporation,46,37.4,NA,Medicare and Medicaid,N,STL CARE COMPANY,1998-04-01,NA,NA,NA,NA,NA,NA,NA,N,NA,N,N,N,Resident,Yes,5,NA,4,NA,5,NA,4,NA,5,NA,5,NA,NA,NA,2.55829,0.48222,1.19154,1.67375,4.23204,3.58878,0.92269,0.15974,43.6,NA,25,NA,1,NA,1.30243,0.93587,2.18239,0.80514,0.63575,3.62327,3.21433,2.71453,0.51166,1.2643,4.4905,3.80795,2026-03-05,2,2,1,8,1,0,8,2025-01-30,3,1,3,16,1,0,16,10,NA,0,0,0,0,"1420 Unitypoint Way,Cedar Rapids,IA,52402",42.0208,-91.67,22,2026-06-01
165390,State Center Specialty Care,702 Third Street NW,State Center,IA,50247,6414832812,630,Marshall,N,Non profit - Corporation,39,33.2,NA,Medicare and Medicaid,N,CARE INITIATIVES,1998-04-01,CARE INITIATIVES,106,43,3,2.6,3.6,3.8,N,NA,N,N,N,Resident,Yes,4,NA,3,NA,5,NA,5,NA,NA,2,4,NA,NA,NA,2.32612,0.15854,0.8908,1.04934,3.37546,3.22407,0.58099,0.01453,45.2,NA,40,NA,0,NA,1.0717,0.77008,1.79577,0.6625,0.52312,2.9814,2.6449,2.99956,0.20444,1.1487,4.3527,4.15748,2026-01-22,5,4,1,24,1,0,24,2024-11-21,12,7,6,56,1,0,56,32,NA,0,0,0,0,"702 Third Street NW,State Center,IA,50247",42.0185,-93.172,NA,2026-06-01
165391,Elkader Care Center,116 Reimer Street SW,Elkader,IA,52043,5632451620,210,Clayton,N,For profit - Limited Liability company,40,23,NA,Medicare and Medicaid,N,ELKADER CARE LLC,1998-04-01,EDGEWOOD CONVALESCENT HOME,867,5,4.4,4.2,3.8,3.6,N,NA,N,N,N,Resident,Yes,4,NA,4,NA,3,NA,4,NA,3,NA,4,NA,NA,NA,2.08818,0.34917,1.14803,1.49721,3.58539,3.04373,0.59172,0.01609,53.1,NA,57.1,NA,1,NA,1.18261,0.84977,1.98161,0.73107,0.57726,3.28994,2.91861,2.44021,0.40804,1.34157,4.18981,3.55684,2025-12-18,0,0,0,0,0,0,0,2024-12-05,3,0,3,28,0,0,28,7,NA,0,0,0,0,"116 Reimer Street SW,Elkader,IA,52043",42.8472,-91.405,NA,2026-06-01
165396,River Hills Village in Keokuk,20 Village Circle,Keokuk,IA,52632,3195245772,550,Lee,N,For profit - Limited Liability company,84,68.9,NA,Medicare and Medicaid,N,"UNLIMITED DEVELOPMENT, INC",1998-07-13,"UNLIMITED DEVELOPMENT, INC.",536,10,2.5,2.6,2.8,2.3,Y,NA,N,N,N,Resident,Yes,3,NA,3,NA,4,NA,4,NA,4,NA,3,NA,NA,NA,2.8149,0.72945,0.41774,1.14718,3.96208,3.62614,0.27832,0.04205,46.1,NA,16.7,NA,0,NA,1.50943,1.0846,2.52924,0.9331,0.73679,4.19912,3.72518,2.57721,0.66785,0.38246,3.62752,3.31995,2025-09-18,5,5,0,28,1,0,28,2024-09-12,2,1,1,24,1,0,24,27,NA,0,0,0,0,"20 Village Circle,Keokuk,IA,52632",40.4328,-91.412,NA,2026-06-01
165397,Heartland Care Center,604 East Fenton PO Box 608,Marcus,IA,51035,7123762500,170,Cherokee,N,Non profit - Other,38,23.5,NA,Medicare and Medicaid,N,HEARTLAND CARE CENTER INC,1998-08-01,NA,NA,NA,NA,NA,NA,NA,N,NA,N,N,N,Resident,Yes,5,NA,3,NA,5,NA,4,NA,5,NA,5,NA,NA,NA,2.07528,0.53585,1.83268,2.36852,4.4438,3.57651,1.18453,0.08233,34.4,NA,14.3,NA,0,NA,1.00249,0.72034,1.67979,0.61972,0.48934,2.78884,2.47408,2.86087,0.73869,2.52643,6.12599,4.93039,2025-04-10,6,5,1,28,1,0,28,2024-04-04,7,7,0,36,1,0,36,30,NA,0,0,0,0,"604 East Fenton PO Box 608,Marcus,IA,51035",42.8197,-95.804,22,2026-06-01
165399,Regency Care Center,815 High Road,Norwalk,IA,50211,5159814269,900,Warren,Y,For profit - Limited Liability company,101,66.7,NA,Medicare and Medicaid,N,OPCO HIGH ROAD NORWALK IA LLC,1998-09-22,CAMPBELL STREET SERVICES,99,20,2.2,2.2,2.6,3.4,N,NA,N,N,N,Resident,Yes,1,NA,1,NA,3,NA,3,NA,2,NA,1,NA,NA,NA,2.28515,0.99274,0.35201,1.34474,3.6299,3.06193,0.31688,0.06258,65.9,NA,66.7,NA,0,NA,1.49304,1.07283,2.50178,0.92297,0.72879,4.15353,3.68474,2.11516,0.91889,0.32582,3.35987,2.83415,2025-04-16,12,4,10,131,1,0,131,2024-06-27,15,3,13,76,1,0,76,117.25,NA,1,78497,0,1,"815 High Road,Norwalk,IA,50211",41.4826,-93.679,NA,2026-06-01
165401,Sibley Specialty Care,700 Ninth Avenue North,Sibley,IA,51249,7127543629,710,Osceola,N,Non profit - Corporation,46,39.3,NA,Medicare and Medicaid,N,CARE INITIATIVES,1999-05-01,CARE INITIATIVES,106,43,3,2.6,3.6,3.8,N,NA,N,N,N,Resident,Yes,5,NA,3,NA,5,NA,5,NA,5,NA,5,NA,NA,NA,2.16405,0.32462,0.88103,1.20565,3.3697,2.88225,0.63076,0.02101,22.9,NA,11.1,NA,0,NA,1.14997,0.82632,1.92693,0.71089,0.56133,3.19915,2.83807,2.60063,0.39011,1.05877,4.04951,3.46372,2025-05-08,4,3,1,24,1,0,24,2024-04-18,4,3,1,20,1,0,20,23,0,0,0,0,0,"700 Ninth Avenue North,Sibley,IA,51249",43.3995,-95.762,NA,2026-06-01
165402,Accura Healthcare of Milford,1600 13th Street,Milford,IA,51351,7123384742,290,Dickinson,N,For profit - Corporation,46,42.9,NA,Medicare and Medicaid,N,ACCURA HEALTHCARE OF MILFORD LLC,1999-02-01,ACCURA HEALTHCARE,8,42,2.5,2.4,3.2,2.8,N,NA,N,N,N,Resident,Yes,5,NA,5,NA,2,NA,1,NA,2,NA,3,NA,NA,NA,2.14721,0.89909,0.48004,1.37913,3.52634,3.23171,0.35045,0.08029,35.7,NA,NA,27,1,NA,1.31413,0.94427,2.20199,0.81237,0.64146,3.65583,3.24321,2.25806,0.9455,0.50482,3.70838,3.39854,2025-07-31,0,0,0,0,0,0,0,2024-08-15,1,1,0,4,1,0,4,1,NA,0,0,0,0,"1600 13th Street,Milford,IA,51351",43.3279,-95.16,NA,2026-06-01
165404,New London Specialty Care,100 Care Circle Street,New London,IA,52645,3193675753,430,Henry,N,Non profit - Corporation,43,43.7,NA,Medicare and Medicaid,N,CARE INITIATIVES,1999-01-01,CARE INITIATIVES,106,43,3,2.6,3.6,3.8,N,NA,N,N,N,None,Yes,4,NA,4,NA,4,NA,5,NA,4,NA,3,NA,NA,NA,1.97391,0.72406,0.46265,1.18671,3.16062,2.8368,0.33128,0.02062,40.5,NA,55.6,NA,2,NA,1.15517,0.83005,1.93563,0.7141,0.56387,3.2136,2.8509,2.36146,0.86622,0.55348,3.78117,3.39377,2026-02-26,4,2,2,28,1,0,28,2025-03-20,0,0,0,0,0,0,0,21,NA,0,0,0,0,"100 Care Circle Street,New London,IA,52645",40.9238,-91.402,22,2026-06-01
165405,Happy Siesta Health Care Center,423 Roosevelt St,Remsen,IA,51050,7127861125,740,Plymouth,N,Non profit - Corporation,62,53.6,NA,Medicare and Medicaid,N,CORNERSTONE SENIOR COMMUNITIES OF REMSEN,1999-01-01,NA,NA,NA,NA,NA,NA,NA,N,NA,N,N,N,None,Yes,3,NA,3,NA,4,NA,4,NA,NA,2,3,NA,NA,NA,2.36353,0.31419,0.80388,1.11808,3.48161,3.11248,0.50186,0.02228,NA,26,NA,26,0,NA,1.22144,0.87767,2.04668,0.75507,0.59622,3.39796,3.01445,2.67416,0.35549,0.90954,3.93919,3.52155,2025-06-12,4,4,0,20,1,0,20,2024-06-20,2,0,2,95,0,0,95,38.75,NA,1,9835,0,1,"423 Roosevelt St,Remsen,IA,51050",42.8089,-95.968,NA,2026-06-01
165406,Rockwell Community Nursing Home,707 Elm Street,Rockwell,IA,50469,6418223203,160,Cerro Gordo,N,For profit - Corporation,40,20.8,NA,Medicare and Medicaid,N,ROCKWELL COMMUNITY NURSING HOME INC,1999-01-01,NA,NA,NA,NA,NA,NA,NA,N,NA,N,N,N,Resident,Yes,5,NA,4,NA,4,NA,4,NA,NA,2,5,NA,NA,NA,2.24753,1.09166,0.93291,2.02457,4.2721,3.86179,0.67409,0.01099,42.9,NA,NA,27,0,NA,1.14794,0.82486,1.92352,0.70963,0.56034,3.19349,2.83305,2.70574,1.31422,1.1231,5.14306,4.6491,2025-09-04,1,1,0,16,1,0,16,2024-09-11,0,0,0,0,0,0,0,12,NA,0,0,0,0,"707 Elm Street,Rockwell,IA,50469",42.9874,-93.184,NA,2026-06-01
165408,Accura Healthcare of Bancroft,546 East Ramsey Street,Bancroft,IA,50517,5158852463,540,Kossuth,N,For profit - Corporation,25,21.1,NA,Medicare and Medicaid,N,ACCURA HEALTHCARE OF BANCROFT LLC,1999-04-01,ACCURA HEALTHCARE,8,42,2.5,2.4,3.2,2.8,N,NA,N,N,N,None,Yes,4,NA,3,NA,3,NA,3,NA,NA,2,5,NA,NA,NA,2.48596,0.12998,1.63927,1.76925,4.25521,3.71241,1.16332,0.00793,32.1,NA,33.3,NA,0,NA,1.17727,0.84593,1.97266,0.72776,0.57465,3.27507,2.90543,2.91823,0.15258,1.92431,4.99512,4.35793,2025-06-05,5,5,0,40,1,0,40,2024-06-13,0,0,0,0,0,0,0,30,NA,0,0,0,0,"546 East Ramsey Street,Bancroft,IA,50517",43.293,-94.209,NA,2026-06-01
165411,Southfield Wellness Community,2416 Des Moines Street,Webster City,IA,50595,5158323881,390,Hamilton,N,For profit - Limited Liability company,65,55.3,NA,Medicare and Medicaid,N,WEBSTER CITY IA SKILLED NURSING FACILITY LLC,1999-06-01,LEGACY HEALTHCARE,306,89,2.9,2.9,2.6,3.4,Y,NA,N,N,N,None,Yes,1,NA,1,NA,2,NA,3,NA,1,NA,4,NA,NA,NA,2.64119,0.33589,0.73713,1.07302,3.71422,3.33773,0.40534,0.01482,54.7,NA,50,NA,0,NA,1.23688,0.88876,2.07254,0.76461,0.60375,3.4409,3.05254,2.95103,0.3753,0.8236,4.14993,3.72927,2026-02-19,19,11,10,80,1,0,80,2025-03-03,23,12,13,188,1,0,188,107,NA,2,71897,0,2,"2416 Des Moines Street,Webster City,IA,50595",42.4521,-93.821,NA,2026-06-01
165412,Exira Care Center,411 South Carthage,Exira,IA,50076,7122685393,040,Audubon,N,Non profit - Corporation,60,41,NA,Medicare and Medicaid,N,EXIRA CARE CENTER CORPORATION,1999-04-01,NA,NA,NA,NA,NA,NA,NA,N,NA,N,N,N,None,Yes,3,NA,3,NA,3,NA,2,NA,4,NA,4,NA,NA,NA,2.54812,0.58865,0.52943,1.11808,3.6662,3.25478,0.31223,0.04029,38.1,NA,50,NA,0,NA,1.10989,0.79751,1.85975,0.68611,0.54176,3.08763,2.73914,3.17279,0.73296,0.65921,4.56496,4.05268,2025-08-07,4,4,0,16,1,0,16,2024-10-10,6,0,6,40,0,0,40,22,NA,1,22880,0,1,"411 South Carthage,Exira,IA,50076",41.586,-94.878,NA,2026-06-01
165414,"Accura Healthcare of Pomeroy, LLC",303 East 7th Street,Pomeroy,IA,50575,7124682241,120,Calhoun,N,For profit - Limited Liability company,30,27.2,NA,Medicare and Medicaid,N,ACCURA HEALTHCARE OF POMEROY LLC,1999-09-01,ACCURA HEALTHCARE,8,42,2.5,2.4,3.2,2.8,N,NA,N,N,N,None,Yes,3,NA,3,NA,2,NA,2,NA,NA,2,4,NA,NA,NA,2.50256,0.64091,0.94709,1.588,4.09055,3.5145,0.7304,0.04543,51.6,NA,57.1,NA,NA,26,1.19347,0.85757,1.99981,0.73778,0.58256,3.32015,2.94542,2.89782,0.74214,1.09667,4.73663,4.06959,2025-05-01,9,6,3,48,1,0,48,2024-05-22,5,5,0,20,1,0,20,41,NA,0,0,0,0,"303 East 7th Street,Pomeroy,IA,50575",42.5436,-94.681,NA,2026-06-01
165418,Simpson Memorial Home,1000 North Miller Street,West Liberty,IA,52776,3196274775,690,Muscatine,N,Non profit - Corporation,55,32.4,NA,Medicare and Medicaid,N,SIMPSON MEMORIAL HOME INC,2000-01-01,NA,NA,NA,NA,NA,NA,NA,Y,NA,N,N,N,Resident,Yes,5,NA,4,NA,2,NA,2,NA,NA,2,5,NA,NA,NA,2.91945,0.37042,0.82369,1.19411,4.11356,3.54637,0.64198,0.01,39,NA,37.5,NA,1,NA,1.19554,0.85906,2.00328,0.73906,0.58357,3.32591,2.95053,3.37471,0.42819,0.95214,4.75503,4.09939,2025-12-04,2,2,0,8,1,0,8,2024-10-17,4,4,0,20,1,0,20,11,NA,0,0,0,0,"1000 North Miller Street,West Liberty,IA,52776",41.5778,-91.259,NA,2026-06-01
165420,Traditions Memory Care of Newton,2130 West 18th Street South,Newton,IA,50208,6417911127,490,Jasper,Y,For profit - Corporation,46,43.5,NA,Medicare and Medicaid,N,CAREAGE OF NEWTON LLC,2000-10-01,ACCURA HEALTHCARE,8,42,2.5,2.4,3.2,2.8,N,NA,N,N,N,Resident,Yes,5,NA,4,NA,5,NA,5,NA,NA,2,4,NA,NA,NA,2.12129,0.72481,0.39451,1.11932,3.24061,2.82544,0.34399,0.00654,25,NA,NA,27,NA,26,1.02293,0.73503,1.71405,0.63236,0.49932,2.84572,2.52453,2.86585,0.97922,0.53298,4.37805,3.81715,2025-07-03,4,2,2,24,1,0,24,2024-08-11,3,3,0,12,1,0,12,21,NA,0,0,0,0,"2130 West 18th Street South,Newton,IA,50208",41.679,-93.076,NA,2026-06-01
165421,"Accura Healthcare of Newton East, LLC",1743 South Eighth Avenue East,Newton,IA,50208,6417925680,490,Jasper,Y,For profit - Limited Liability company,54,49.6,NA,Medicare and Medicaid,N,NEWTON CARE LLC,2000-12-01,ACCURA HEALTHCARE,8,42,2.5,2.4,3.2,2.8,N,NA,N,N,N,Resident,Yes,1,NA,1,NA,3,NA,3,NA,NA,2,4,NA,NA,NA,2.1925,0.47652,0.53112,1.00764,3.20014,2.60786,0.39696,0.00807,19.4,NA,16.7,NA,0,NA,1.08639,0.78063,1.82037,0.67158,0.53029,3.02225,2.68114,2.78904,0.60618,0.67563,4.07084,3.31742,2026-02-18,12,9,3,72,1,0,72,2025-02-19,25,11,14,215,1,0,215,107.75,NA,1,19744,0,1,"1743 South Eighth Avenue East,Newton,IA,50208",41.6927,-93.031,NA,2026-06-01
165423,"Accura Healthcare of Ames, LLC",3440 Grand Avenue,Ames,IA,50010,5152323426,840,Story,Y,For profit - Corporation,75,64,NA,Medicare and Medicaid,N,GRAND CARE LLC,2000-09-01,ACCURA HEALTHCARE,8,42,2.5,2.4,3.2,2.8,N,NA,N,N,N,Resident,Yes,4,NA,3,NA,5,NA,4,NA,5,NA,4,NA,NA,NA,2.0723,0.51601,0.53526,1.05127,3.12356,2.7991,0.25066,0.01493,39.3,NA,33.3,NA,0,NA,1.16882,0.83986,1.9585,0.72254,0.57053,3.25157,2.88457,2.45022,0.61011,0.63287,3.69321,3.30957,2026-04-16,4,4,0,16,1,0,16,2025-03-26,8,5,3,48,1,0,48,24,NA,0,0,0,0,"3440 Grand Avenue,Ames,IA,50010",42.0555,-93.621,NA,2026-06-01
165424,Bethany Life,212 Lafayette Street,Story City,IA,50248,5157334325,840,Story,Y,Non profit - Other,126,115.8,NA,Medicare and Medicaid,N,BETHANY MANOR INC,2000-09-01,NA,NA,NA,NA,NA,NA,NA,Y,NA,N,N,N,Resident,Yes,1,NA,1,NA,4,NA,2,NA,5,NA,4,NA,NA,NA,2.70573,0.37712,0.74665,1.12377,3.8295,3.54284,0.59669,0.0306,37.8,NA,34.8,NA,0,NA,1.27578,0.91671,2.13773,0.78866,0.62274,3.54913,3.14855,2.93095,0.40852,0.8088,4.14826,3.83774,2026-03-05,14,6,8,92,1,0,92,2025-02-13,11,0,11,217,0,0,217,123.25,0,2,52329,1,3,"212 Lafayette Street,Story City,IA,50248",42.1818,-93.593,NA,2026-06-01
165425,"Accura Healthcare of Cherokee, LLC",921 Riverview Drive,Cherokee,IA,51012,7122255724,170,Cherokee,N,For profit - Corporation,44,34.1,NA,Medicare and Medicaid,N,CHEROKEE CARE LLC,2000-08-25,ACCURA HEALTHCARE,8,42,2.5,2.4,3.2,2.8,N,NA,N,N,N,None,Yes,3,NA,3,NA,2,NA,3,NA,1,NA,4,NA,NA,NA,2.66942,1.05737,0.67221,1.72958,4.399,4.00557,0.51682,0.01479,42.9,NA,42.9,NA,NA,26,1.16616,0.83795,1.95404,0.7209,0.56923,3.24417,2.87801,3.16344,1.25305,0.79661,5.2131,4.74686,2026-01-08,4,3,1,20,1,0,20,2024-10-10,4,3,1,99,1,0,99,39.75,NA,1,8021,0,1,"921 Riverview Drive,Cherokee,IA,51012",42.7591,-95.535,NA,2026-06-01
165426,Aspire of Perry,2625 Iowa Street,Perry,IA,50220,5154655349,240,Dallas,Y,For profit - Limited Liability company,46,31.4,NA,Medicare and Medicaid,N,PERRY SNF OPERATOR LLC,2000-03-01,BEACON HEALTH MANAGEMENT,69,13,1.4,1.9,1.5,2.2,N,SFF Candidate,N,N,N,Resident,Yes,1,NA,1,NA,4,NA,4,NA,NA,2,3,NA,NA,NA,2.54929,0.33501,0.86674,1.20175,3.75104,3.26099,0.54976,0.0039,NA,26,NA,26,2,NA,1.18902,0.85437,1.99235,0.73503,0.58039,3.30776,2.93443,2.96299,0.38937,1.0074,4.35976,3.79019,2026-01-14,18,5,13,171,1,0,171,2024-12-17,60,26,36,443,1,0,443,239,NA,3,117219,3,6,"2625 Iowa Street,Perry,IA,50220",41.8348,-94.087,NA,2026-06-01
165427,Valley Vista for Nursing and Rehabilitation,200 South Eighth Avenue East,Newton,IA,50208,6417927440,490,Jasper,Y,For profit - Limited Liability company,70,58.2,NA,Medicare and Medicaid,N,VALLEY VISTA FOR NURSING AND REHABILITATION LLC,2000-09-01,CEDAR VIEW HOLDINGS,888,9,1.3,1.3,2,3,N,NA,N,N,N,Resident,Yes,2,NA,2,NA,4,NA,5,NA,3,NA,2,NA,NA,NA,2.18718,0.21739,0.6569,0.87429,3.06147,2.81536,0.45517,0.01659,60,NA,72.7,NA,0,NA,1.23055,0.88422,2.06195,0.7607,0.60066,3.42331,3.03693,2.45631,0.24414,0.73773,3.43818,3.16179,2025-08-14,11,6,6,48,1,0,48,2024-10-02,19,8,11,104,1,0,104,62,NA,0,0,0,0,"200 South Eighth Avenue East,Newton,IA,50208",41.6927,-93.052,NA,2026-06-01
165428,Careage Hills Rehabilitation and Healthcare,725 North Second Street,Cherokee,IA,51012,7122252561,170,Cherokee,N,For profit - Individual,44,33.6,NA,Medicare and Medicaid,N,"CHEROKEE HEALTHCARE, INC.",2000-08-10,THE ENSIGN GROUP,507,342,3.2,2.9,2.4,4.4,N,NA,N,N,N,Resident,Yes,2,NA,2,NA,3,NA,4,NA,3,NA,3,NA,NA,NA,1.62813,0.59337,0.78733,1.3807,3.00883,2.39955,0.56178,0.01615,55.2,NA,NA,27,0,NA,1.1494,0.8259,1.92596,0.71054,0.56105,3.19755,2.83665,1.95757,0.71343,0.94664,3.61765,2.88509,2025-02-06,6,3,3,44,1,0,44,2024-03-28,8,4,5,56,1,0,56,47,NA,0,0,0,0,"725 North Second Street,Cherokee,IA,51012",42.7574,-95.551,NA,2026-06-01
165431,Titonka Care Center,312 First Avenue NW,Titonka,IA,50480,5159282600,540,Kossuth,N,Non profit - Corporation,26,19.9,NA,Medicare and Medicaid,N,"TITONKA COMMUNITY REST HOME, INC.",2000-12-12,NA,NA,NA,NA,NA,NA,NA,N,NA,N,N,N,Resident,Yes,4,NA,2,NA,5,NA,5,NA,NA,2,5,NA,NA,NA,2.22681,0.49111,1.20333,1.69444,3.92124,2.95924,0.79177,0.01975,36,NA,NA,27,NA,26,1.06011,0.76174,1.77634,0.65534,0.51746,2.94914,2.61628,2.9029,0.64021,1.56868,5.1118,3.85772,2025-04-17,7,7,0,52,1,0,52,2024-05-02,2,2,0,32,1,0,32,47,NA,0,0,0,0,"312 First Avenue NW,Titonka,IA,50480",43.236,-94.045,NA,2026-06-01
165432,Lutheran Living Senior Campus,2421 Lutheran Drive,Muscatine,IA,52761,5632631241,690,Muscatine,N,Non profit - Church related,155,115.3,NA,Medicare and Medicaid,N,THE LUTHERAN HOMES SOCIETY,2001-01-01,HEALTH DIMENSIONS GROUP,821,10,3.3,2.7,4,4.1,Y,NA,N,N,N,Both,Yes,1,NA,1,NA,4,NA,4,NA,4,NA,4,NA,NA,NA,2.57384,1.02825,0.4507,1.47895,4.05279,3.63488,0.31697,0.02426,42.7,NA,62.5,NA,0,NA,1.15059,0.82676,1.92796,0.71127,0.56163,3.20087,2.8396,3.09143,1.23503,0.54133,4.86779,4.36584,2026-02-13,10,4,6,124,1,0,124,2024-12-12,21,5,16,357,1,0,357,182.25,NA,3,253886,1,4,"2421 Lutheran Drive,Muscatine,IA,52761",41.4173,-91.098,NA,2026-06-01
165433,Faith Lutheran Home,914 Davidson Drive,Osage,IA,50461,6417325511,650,Mitchell,N,Non profit - Church related,50,37.1,NA,Medicare and Medicaid,N,FAITH LUTHERAN HOME,2002-06-01,NA,NA,NA,NA,NA,NA,NA,Y,NA,N,N,N,Resident,Yes,5,NA,4,NA,5,NA,3,NA,5,NA,4,NA,NA,NA,2.55195,0.84984,0.77605,1.6259,4.17785,3.72415,0.31997,0.01789,49.1,NA,25,NA,0,NA,1.33854,0.96181,2.24289,0.82746,0.65337,3.72372,3.30344,2.63476,0.87742,0.80123,4.31342,3.845,2025-07-16,2,2,0,12,1,0,12,2024-09-05,0,0,0,0,0,0,0,9,NA,0,0,0,0,"914 Davidson Drive,Osage,IA,50461",43.2767,-92.808,NA,2026-06-01
165434,"Accura Healthcare of Ogden, LLC",625 East Oak Street,Ogden,IA,50212,5152752481,070,Boone,Y,For profit - Corporation,46,40.6,NA,Medicare and Medicaid,N,OGDEN MANOR LLC,2001-01-26,ACCURA HEALTHCARE,8,42,2.5,2.4,3.2,2.8,N,NA,N,N,N,Resident,Yes,4,NA,3,NA,3,NA,3,NA,NA,2,5,NA,NA,NA,1.93101,0.1199,1.17892,1.29882,3.22983,2.57386,0.73352,0.00953,19.4,NA,12.5,NA,0,NA,1.01956,0.7326,1.70839,0.63027,0.49767,2.83633,2.51621,2.61742,0.16252,1.59799,4.37793,3.48879,2025-09-04,7,6,1,28,1,0,28,2024-10-24,11,6,7,52,1,0,52,34,NA,0,0,0,0,"625 East Oak Street,Ogden,IA,50212",42.0364,-94.02,NA,2026-06-01
165435,"Accura Healthcare of Sioux City, LLC",3800 Indian Hills Drive,Sioux City,IA,51104,7122395025,960,Woodbury,Y,For profit - Corporation,46,41.6,NA,Medicare and Medicaid,N,HALLMARK CARE LLC,2001-01-01,ACCURA HEALTHCARE,8,42,2.5,2.4,3.2,2.8,N,NA,N,N,N,Resident,Yes,3,NA,3,NA,4,NA,4,NA,NA,2,4,NA,NA,NA,2.58631,0.71783,0.43717,1.15499,3.7413,2.90611,0.2287,0.01057,31.1,NA,55.6,NA,0,NA,1.14239,0.82087,1.91422,0.7062,0.55763,3.17805,2.81936,3.12871,0.86837,0.52885,4.52592,3.51558,2025-12-04,6,6,0,28,1,0,28,2024-10-24,9,0,9,44,0,0,44,32,NA,0,0,0,0,"3800 Indian Hills Drive,Sioux City,IA,51104",42.5362,-96.375,NA,2026-06-01
165436,Ivy at Davenport,800 East Rusholme Street,Davenport,IA,52803,5633221668,810,Scott,Y,For profit - Limited Liability company,75,63.8,NA,Medicare and Medicaid,N,"ACCORDIUS HEALTH AT ST MARY, LLC",2001-10-01,IVY HEALTHCARE GROUP,828,4,1.8,1.8,2.8,3,N,SFF Candidate,N,N,N,Resident,Yes,1,NA,1,NA,2,NA,2,NA,1,NA,2,NA,NA,NA,1.99246,0.80879,0.51896,1.32775,3.32021,3.00015,0.32151,0.04047,57.1,NA,71.4,NA,1,NA,1.24174,0.89226,2.08069,0.76762,0.60612,3.45443,3.06454,2.21748,0.90013,0.57757,3.69518,3.33897,2025-03-06,27,16,21,274,1,0,274,2024-06-24,36,14,26,681,2,341,1022,461,NA,4,141036,2,6,"800 East Rusholme Street,Davenport,IA,52803",41.5428,-90.563,NA,2026-06-01
165437,Maple Crest Manor,100 Bolger Drive,Fayette,IA,52142,5634253336,320,Fayette,N,For profit - Corporation,46,40.7,NA,Medicare and Medicaid,N,Legal Business Name Not Available,2001-04-01,NA,NA,NA,NA,NA,NA,NA,N,NA,N,N,N,Resident,Yes,4,NA,4,NA,4,NA,4,NA,NA,2,4,NA,NA,NA,2.43177,0.46444,0.64426,1.1087,3.54048,2.96745,0.42408,0.00817,38.3,NA,28.6,NA,1,NA,1.27425,0.91562,2.13517,0.78772,0.62199,3.54489,3.14479,2.63734,0.5037,0.69872,3.83977,3.21831,2025-05-22,2,2,0,8,1,0,8,2024-08-01,0,0,0,0,0,0,0,6,NA,0,0,0,0,"100 Bolger Drive,Fayette,IA,52142",42.8413,-91.809,NA,2026-06-01
165438,Stacyville Community Nursing Home,413 South Broad Street,Stacyville,IA,50476,6417102215,650,Mitchell,N,Non profit - Corporation,34,18.7,NA,Medicare and Medicaid,N,STACYVILLE COMMUNITY NURSING HOME,2001-04-01,NA,NA,NA,NA,NA,NA,NA,N,NA,N,N,N,Resident,Yes,2,NA,2,NA,4,NA,4,NA,NA,2,4,NA,NA,NA,3.33377,0.8065,1.39738,2.20388,5.53765,4.47265,1.00473,0.02811,NA,26,NA,26,NA,26,1.2469,0.89597,2.08934,0.77081,0.60864,3.46879,3.07728,3.6949,0.89386,1.54875,6.13752,4.95716,2025-06-05,6,4,2,24,1,0,24,2024-07-17,30,12,26,240,1,0,240,78,NA,1,21986,1,2,"413 South Broad Street,Stacyville,IA,50476",43.4324,-92.782,NA,2026-06-01
165439,Oakview Nursing and Rehabilitation,1212 Indian Hills Drive,Burlington,IA,52601,3197524100,280,Des Moines,N,For profit - Corporation,60,53.1,NA,Medicare and Medicaid,N,THE VIEWS OPERATOR C LLC,2001-07-20,NA,NA,NA,NA,NA,NA,NA,N,NA,N,N,N,Resident,Yes,3,NA,3,NA,2,NA,2,NA,2,NA,4,NA,NA,NA,2.2686,0.71596,0.58286,1.29881,3.56741,3.07316,0.20633,0.04222,55.6,NA,40,NA,0,NA,1.11948,0.8044,1.87582,0.69204,0.54644,3.1143,2.7628,2.80054,0.88383,0.71953,4.4039,3.79376,2025-06-23,3,3,1,16,1,0,16,2024-07-17,8,6,2,111,1,0,111,39.75,NA,0,0,0,0,"1212 Indian Hills Drive,Burlington,IA,52601",40.7967,-91.167,NA,2026-06-01
165440,Winslow House Care Center,3456 Indian Creek Road,Marion,IA,52302,3193778296,560,Linn,Y,Non profit - Corporation,50,46.9,NA,Medicare and Medicaid,N,Legal Business Name Not Available,2001-06-01,HEALTHCARE OF IOWA,260,6,3.7,3.5,3.7,3.5,N,NA,N,N,N,None,Yes,3,NA,2,NA,5,NA,5,NA,NA,2,4,NA,NA,NA,2.19622,0.19225,0.81164,1.00389,3.20011,2.66522,0.72089,0.01949,35,NA,44.4,NA,0,NA,1.12334,0.80718,1.8823,0.69443,0.54833,3.12506,2.77234,2.70186,0.23651,0.99851,3.93688,3.27884,2025-09-25,10,6,4,60,1,0,60,2024-08-29,4,2,2,36,1,0,36,54,NA,2,28245,1,3,"3456 Indian Creek Road,Marion,IA,52302",42.055,-91.589,NA,2026-06-01
165441,Sunny View Care Center,410 N W  Ash Drive,Ankeny,IA,50023,5159641101,760,Polk,Y,For profit - Limited Liability company,94,84.9,NA,Medicare and Medicaid,N,"ANKENY HEALTHCARE ENTERPRISES, LLC",2002-04-03,NA,NA,NA,NA,NA,NA,NA,N,NA,N,N,N,Resident,Yes,1,NA,1,NA,3,NA,2,NA,4,NA,4,NA,NA,NA,2.15945,0.46258,0.66544,1.12802,3.28747,2.77315,0.49158,0.0204,42.7,NA,33.3,NA,1,NA,1.21529,0.87325,2.03636,0.75127,0.59321,3.38084,2.99926,2.45564,0.52603,0.75671,3.73837,3.15351,2026-01-14,14,7,8,76,1,0,76,2025-02-13,26,5,23,124,1,0,124,88,NA,0,0,0,0,"410 N W  Ash Drive,Ankeny,IA,50023",41.7196,-93.623,22,2026-06-01
165442,Woodland Terrace,1922 Fifth Avenue NW,Waverly,IA,50677,3193524540,080,Bremer,Y,Non profit - Corporation,100,83.6,NA,Medicare and Medicaid,N,BARTELS LUTHERAN HOME,2002-04-01,NA,NA,NA,NA,NA,NA,NA,Y,NA,N,N,N,Resident,Yes,5,NA,3,NA,5,NA,4,NA,5,NA,5,NA,NA,NA,2.60228,0.38873,0.99362,1.38235,3.98462,3.77779,0.475,0.02755,52.4,NA,40,NA,0,NA,1.12922,0.81141,1.89216,0.69806,0.5512,3.14142,2.78686,3.18473,0.47574,1.21601,4.87648,4.62336,2025-05-08,8,6,2,32,1,0,32,2024-05-30,4,3,1,28,1,0,28,31,NA,0,0,0,0,"1922 Fifth Avenue NW,Waverly,IA,50677",42.7301,-92.492,NA,2026-06-01
165443,The Village of Ackley,502 Butler Street,Ackley,IA,50601,6418473531,410,Hardin,N,Non profit - Corporation,38,31.8,NA,Medicare and Medicaid,N,PRESBYTERIAN VILLAGE,2002-01-01,WESTERN HOME COMMUNITIES,887,6,3.8,3.3,4.2,3.3,N,NA,N,N,N,Resident,Yes,4,NA,3,NA,5,NA,5,NA,NA,2,4,NA,NA,NA,2.50449,0.25776,1.11831,1.37607,3.88056,3.65515,0.98483,0.02672,63.6,NA,66.7,NA,NA,26,1.13047,0.8123,1.89424,0.69883,0.55181,3.14488,2.78993,3.06168,0.3151,1.36712,4.7439,4.46834,2026-03-12,4,2,2,16,1,0,16,2025-02-27,16,4,13,104,1,0,104,38,NA,2,47149,0,2,"502 Butler Street,Ackley,IA,50601",42.5522,-93.047,NA,2026-06-01
165444,West Bend Health and Rehabilitation,203 Fourth Street NW,West Bend,IA,50597,5158874071,730,Palo Alto,N,For profit - Corporation,45,42.1,NA,Medicare and Medicaid,N,PRAIRIE CREEK HEALTHCARE INC,2001-11-14,THE ENSIGN GROUP,507,342,3.2,2.9,2.4,4.4,N,NA,N,N,N,Resident,Yes,3,NA,3,NA,5,NA,5,NA,5,NA,1,23,23,23,NA,NA,NA,NA,NA,NA,NA,NA,NA,27,NA,27,NA,27,NA,NA,NA,NA,NA,NA,NA,NA,NA,NA,NA,NA,2025-05-01,6,6,0,24,1,0,24,2024-03-07,11,6,7,48,1,0,48,30,NA,0,0,0,0,"203 Fourth Street NW,West Bend,IA,50597",42.957,-94.448,NA,2026-06-01
165446,Westbrook Acres,605 Garfield Street,Gladbrook,IA,50635,6414732016,850,Tama,N,For profit - Corporation,54,39.8,NA,Medicare and Medicaid,N,CRYSTAL INC,2002-06-01,NA,NA,NA,NA,NA,NA,NA,N,NA,N,N,N,None,Yes,3,NA,4,NA,1,NA,1,NA,1,NA,4,NA,NA,NA,2.22594,0.61917,0.59172,1.21089,3.43682,2.89936,0.33903,0.01426,42.2,NA,NA,27,0,NA,1.16267,0.83544,1.9482,0.71874,0.56753,3.23446,2.8694,2.6458,0.73596,0.70333,4.08508,3.44624,2026-03-12,3,3,1,12,1,0,12,2025-03-06,8,6,2,48,1,0,48,21,NA,0,0,0,0,"605 Garfield Street,Gladbrook,IA,50635",42.1834,-92.72,NA,2026-06-01
165447,Midlands Living Center L L C,2452 North Broadway,Council Bluffs,IA,51503,7123237135,770,Pottawattamie,Y,For profit - Limited Liability company,94,69.7,NA,Medicare and Medicaid,N,"MIDLANDS LIVING CENTER, L.L.P.",2001-10-22,NA,NA,NA,NA,NA,NA,NA,N,NA,N,N,N,Resident,Yes,4,NA,3,NA,5,NA,5,NA,5,NA,4,NA,NA,NA,2.40447,0.80954,0.60209,1.41163,3.8161,3.319,0.3446,0.02046,43.7,NA,10,NA,0,NA,1.1869,0.85285,1.9888,0.73372,0.57935,3.30186,2.9292,2.79966,0.9426,0.70105,4.4433,3.86451,2026-01-08,5,5,0,24,1,0,24,2025-01-15,7,5,4,28,1,0,28,25,NA,0,0,0,0,"2452 North Broadway,Council Bluffs,IA,51503",41.2819,-95.836,NA,2026-06-01
165448,Bishop Drumm Retirement Center,5837 Winwood Drive,Johnston,IA,50131,5152701100,760,Polk,Y,Non profit - Church related,150,119.7,NA,Medicare and Medicaid,N,CHI LIVING COMMUNITIES,2002-06-01,COMMONSPIRIT HEALTH,151,19,2.9,2.7,3.3,3.7,Y,SFF Candidate,N,N,N,Resident,Yes,1,NA,1,NA,4,NA,4,NA,3,NA,4,NA,NA,NA,2.40126,0.34603,0.77856,1.12459,3.52585,3.07065,0.53107,0.0407,38.1,NA,42.3,NA,0,NA,1.303,0.93628,2.18334,0.80549,0.63603,3.62486,3.21573,2.5468,0.367,0.82575,3.73954,3.25675,2025-07-21,27,9,22,192,1,0,192,2024-09-19,44,4,41,525,1,0,525,275.25,NA,5,270826,4,9,"5837 Winwood Drive,Johnston,IA,50131",41.669,-93.7,NA,2026-06-01
165449,Spencer Post Acute Rehabilitation Center,711 West 11th Street,Spencer,IA,51301,7122622344,200,Clay,N,For profit - Corporation,82,58.1,NA,Medicare and Medicaid,N,PARKER CREEK HEALTHCARE LLC,2002-07-18,THE ENSIGN GROUP,507,342,3.2,2.9,2.4,4.4,N,NA,N,N,N,Resident,Yes,1,NA,2,NA,2,NA,2,NA,2,NA,1,23,23,23,NA,NA,NA,NA,NA,NA,NA,NA,NA,27,NA,27,NA,27,NA,NA,NA,NA,NA,NA,NA,NA,NA,NA,NA,NA,2025-08-14,15,14,1,68,1,0,68,2024-08-22,17,12,5,112,1,0,112,79,NA,2,24706,1,3,"711 West 11th Street,Spencer,IA,51301",43.1486,-95.156,NA,2026-06-01
165450,Accura Healthcare of Toledo,403 Grandview Drive,Toledo,IA,52342,6414845080,850,Tama,N,For profit - Corporation,55,52.6,NA,Medicare and Medicaid,N,ACCURA HEALTHCARE OF TOLEDO LLC,2002-04-01,ACCURA HEALTHCARE,8,42,2.5,2.4,3.2,2.8,N,NA,N,N,N,Resident,Yes,1,NA,2,NA,1,NA,1,NA,NA,2,2,NA,NA,NA,2.33149,0.29675,0.33984,0.63659,2.96808,2.72102,0.22244,0.01484,47.5,NA,71.4,NA,1,NA,1.16845,0.83959,1.95788,0.72231,0.57035,3.25055,2.88367,2.75755,0.35098,0.40194,3.51047,3.21826,2026-01-08,4,3,1,16,1,0,16,2024-11-21,10,4,8,119,1,0,119,41.75,NA,1,8193,0,1,"403 Grandview Drive,Toledo,IA,52342",41.9867,-92.588,NA,2026-06-01
165451,Accura Healthcare of Marshalltown,2401 South Second Street,Marshalltown,IA,50158,6417521553,630,Marshall,N,For profit - Corporation,84,54.8,NA,Medicare and Medicaid,N,ACCURA HEALTHCARE OF MARSHALLTOWN LLC,2002-04-01,ACCURA HEALTHCARE,8,42,2.5,2.4,3.2,2.8,N,NA,Y,N,N,Resident,Yes,1,NA,1,NA,1,NA,1,NA,NA,2,1,24,NA,NA,2.47384,0.95758,0.1393,1.09689,3.57073,3.30423,0.12451,0.01636,50,NA,83.3,NA,1,NA,1.14262,0.82103,1.9146,0.70634,0.55774,3.17868,2.81992,2.99206,1.15818,0.16848,4.31873,3.99639,2026-03-12,11,4,7,72,1,0,72,2025-04-24,23,10,18,160,1,0,160,94,NA,1,9350,1,2,"2401 South Second Street,Marshalltown,IA,50158",42.0178,-92.916,NA,2026-06-01
165452,Wapello Specialty Care,601 Highway 61 South,Wapello,IA,52653,3195232001,570,Louisa,N,Non profit - Corporation,49,40.7,NA,Medicare and Medicaid,N,CARE INITIATIVES,2002-04-03,CARE INITIATIVES,106,43,3,2.6,3.6,3.8,N,NA,N,N,N,Resident,Yes,5,NA,3,NA,5,NA,5,NA,5,NA,5,NA,NA,NA,2.19946,0.07044,1.11293,1.18336,3.38282,3.01703,0.64572,0.02969,27.5,NA,10,NA,0,NA,1.1675,0.83891,1.95629,0.72172,0.56988,3.2479,2.88132,2.6035,0.08337,1.31737,4.00425,3.57127,2025-11-20,1,1,0,4,1,0,4,2024-10-03,14,5,12,108,1,0,108,30,NA,0,0,1,1,"601 Highway 61 South,Wapello,IA,52653",41.0732,-91.183,NA,2026-06-01
165455,Accura Healthcare of Carroll,2241 North West Street,Carroll,IA,51401,7127929284,130,Carroll,N,For profit - Corporation,65,48.8,NA,Medicare and Medicaid,N,ACCURA HEALTHCARE OF CARROLL,2002-04-15,ACCURA HEALTHCARE,8,42,2.5,2.4,3.2,2.8,N,NA,N,N,N,Resident,Yes,1,NA,1,NA,3,NA,1,NA,4,NA,2,NA,NA,NA,2.11042,0.79978,0.3958,1.19558,3.306,2.76904,0.33777,0.02773,46.7,NA,50,NA,0,NA,1.2719800000000001,0.91398,2.13135,0.78631,0.62088,3.53855,3.13916,2.29293,0.86894,0.43003,3.5919,3.0085,2026-04-02,23,14,12,148,1,0,148,2025-03-13,26,12,14,172,2,86,258,175.5,NA,0,0,1,1,"2241 North West Street,Carroll,IA,51401",42.0842,-94.869,NA,2026-06-01
165456,English Valley Nursing Care Center,150 West Washington St,North English,IA,52316,3196643256,470,Iowa,N,For profit - Corporation,44,37.5,NA,Medicare and Medicaid,N,ENGLISH VALLEY NURSING CARE CENTER INC,2002-06-01,NA,NA,NA,NA,NA,NA,NA,N,NA,N,N,N,Resident,Yes,5,NA,5,NA,4,NA,4,NA,NA,2,3,NA,NA,NA,2.04535,0.40648,0.72331,1.12979,3.17514,3.00904,0.81247,0.01439,NA,26,NA,26,0,NA,1.10052,0.79078,1.84406,0.68032,0.53719,3.06157,2.71603,2.56844,0.51044,0.90829,3.98716,3.77858,2026-01-22,0,0,0,0,0,0,0,2024-11-21,1,0,1,20,0,0,20,5,NA,0,0,0,0,"150 West Washington St,North English,IA,52316",41.5176,-92.078,NA,2026-06-01
165460,Karen Acres Care Center,3605 Elm Drive,Urbandale,IA,50322,5152764969,760,Polk,Y,For profit - Corporation,35,31.1,NA,Medicare and Medicaid,N,CRYSTAL INC,2002-06-01,NA,NA,NA,NA,NA,NA,NA,N,NA,N,N,N,Resident,Yes,5,NA,4,NA,5,NA,5,NA,3,NA,3,NA,NA,NA,2.09186,0.37041,0.63837,1.00878,3.10063,2.92238,0.4356,0.02455,40,NA,66.7,NA,0,NA,1.2771,0.91767,2.13994,0.78948,0.62338,3.55281,3.15182,2.26363,0.40083,0.69079,3.3552399999999998,3.16235,2025-06-11,2,1,1,8,1,0,8,2024-07-07,6,5,3,36,1,0,36,15,NA,0,0,0,0,"3605 Elm Drive,Urbandale,IA,50322",41.6275,-93.724,NA,2026-06-01
165462,Sunny Hill Care Center,1708 Harding Street,Tama,IA,52339,6414844061,850,Tama,N,For profit - Limited Liability company,57,51.3,NA,Medicare and Medicaid,N,TAMA HEALTH CARE ENTERPRISES LLC,2002-06-01,NA,NA,NA,NA,NA,NA,NA,N,NA,N,N,N,Resident,Yes,1,NA,1,NA,4,NA,2,NA,5,NA,2,NA,NA,NA,2.05797,0.11859,0.74838,0.86697,2.92494,2.58709,0.49561,0.02265,NA,26,NA,26,1,NA,1.13321,0.81427,1.89884,0.70053,0.55315,3.15251,2.7967,2.50973,0.14462,0.91267,3.56702,3.15501,2026-03-05,3,2,1,28,1,0,28,2025-02-06,11,3,8,302,1,0,302,96.5,NA,2,24756,0,2,"1708 Harding Street,Tama,IA,52339",41.9758,-92.582,NA,2026-06-01
165463,Crestview Nursing and Rehabilitation,2401 South Des Moines Street,Webster City,IA,50595,5158322727,390,Hamilton,N,For profit - Corporation,70,56.7,NA,Medicare and Medicaid,N,Legal Business Name Not Available,2002-06-01,NA,NA,NA,NA,NA,NA,NA,N,NA,N,N,N,Resident,Yes,2,NA,2,NA,2,NA,2,NA,2,NA,4,NA,NA,NA,3.1865,0.30868,0.62866,0.93734,4.12384,3.68645,0.50017,0.01379,31.1,NA,16.7,NA,0,NA,1.33746,0.96104,2.24109,0.82679,0.65285,3.72073,3.30079,3.29255,0.31895,0.64958,4.26108,3.80913,2025-11-17,5,5,0,20,1,0,20,2024-10-24,5,2,3,157,1,0,157,54.25,NA,2,25136,0,2,"2401 South Des Moines Street,Webster City,IA,50595",42.4546,-93.83,NA,2026-06-01
165465,Newaldaya Lifescapes,7511 University Avenue,Cedar Falls,IA,50613,3192680401,060,Black Hawk,Y,Non profit - Corporation,112,100.9,NA,Medicare and Medicaid,N,CEDAR FALLS LUTHERAN HOME,2002-07-01,NA,NA,NA,NA,NA,NA,NA,Y,NA,N,N,N,Resident,Yes,4,NA,2,NA,5,NA,5,NA,4,NA,5,NA,NA,NA,3.16265,0.75932,0.63438,1.3937,4.55635,4.12667,0.46925,0.01937,42.5,NA,41.2,NA,0,NA,1.22651,0.88131,2.05516,0.7582,0.59869000000000006,3.41205,3.02695,3.56353,0.85557,0.71479,5.13389,4.64975,2025-05-22,3,2,1,12,1,0,12,2024-06-27,10,9,7,153,1,0,153,47.25,NA,1,132074,0,1,"7511 University Avenue,Cedar Falls,IA,50613",42.5131,-92.449,NA,2026-06-01
165466,Chapters Living of Council Bluffs,3000 Risen Son Blvd,Council Bluffs,IA,51503,7123669655,770,Pottawattamie,Y,For profit - Corporation,102,23.9,NA,Medicare and Medicaid,N,CHAPTERS COUNCIL BLUFFS OPCO LLC,2002-07-01,NA,NA,NA,NA,NA,NA,NA,Y,SFF Candidate,N,N,N,Resident,Yes,1,NA,1,NA,3,NA,2,NA,3,NA,1,23,23,23,NA,NA,NA,NA,NA,NA,NA,NA,NA,26,NA,26,NA,26,NA,NA,NA,NA,NA,NA,NA,NA,NA,NA,NA,NA,2026-01-30,57,43,20,549,2,275,824,2025-01-09,10,7,7,48,1,0,48,630,NA,1,163800,0,1,"3000 Risen Son Blvd,Council Bluffs,IA,51503",41.2314,-95.801,NA,2026-06-01
165467,"Kanawha Community Home, INC.",130 West Sixth Street,Kanawha,IA,50447,6417623302,400,Hancock,N,For profit - Corporation,26,19.2,NA,Medicare and Medicaid,N,"KANAWHA COMMUNITY HOME, INC",2002-08-01,NA,NA,NA,NA,NA,NA,NA,N,NA,N,N,N,Resident,Yes,5,NA,5,NA,4,NA,4,NA,NA,2,5,NA,NA,NA,2.21328,0.76379,1.22514,1.98893,4.20221,3.51203,0.71324,0.02142,37,NA,25,NA,0,NA,1.19732,0.86034,2.00625,0.74016,0.58444,3.33085,2.95491,2.55463,0.88158,1.41409,4.8503,4.05367,2025-09-11,0,0,0,0,0,0,0,2024-10-17,0,0,0,0,0,0,0,0,NA,0,0,0,0,"130 West Sixth Street,Kanawha,IA,50447",42.9387,-93.794,NA,2026-06-01
165468,Eastern Star Masonic Home,715 West Mamie Eisenhower,Boone,IA,50036,5154325274,070,Boone,Y,Non profit - Other,76,72.3,NA,Medicare and Medicaid,N,EASTERN STAR MASONIC HOME,2002-09-01,NA,NA,NA,NA,NA,NA,NA,Y,NA,N,N,N,Resident,Yes,3,NA,3,NA,4,NA,5,NA,2,NA,4,NA,NA,NA,2.61799,0.65041,0.51822,1.16864,3.78663,3.12329,0.22541,0.07202,39.2,NA,36.4,NA,0,NA,1.1789,0.84711,1.9754,0.72878,0.57545,3.27963,2.90947,3.06895,0.76245,0.60749,4.43888,3.66128,2025-04-24,5,5,0,24,1,0,24,2024-07-18,5,3,2,28,1,0,28,25,NA,0,0,0,0,"715 West Mamie Eisenhower,Boone,IA,50036",42.0593,-93.901,NA,2026-06-01
165470,Pleasantview Home,811 Third Street,Kalona,IA,52247,3196562421,910,Washington,Y,Non profit - Corporation,66,59.7,NA,Medicare and Medicaid,N,IOWA MENNONITE BENEVOLENT ASSOCIATION,2002-09-01,NA,NA,NA,NA,NA,NA,NA,Y,NA,N,N,N,Resident,Yes,3,NA,3,NA,3,NA,3,NA,3,NA,4,NA,NA,NA,3.07075,0.42142,0.75673,1.17814,4.24889,3.8589,0.32824,0.01372,50.6,NA,64.7,NA,1,NA,1.20126,0.86317,2.01287,0.7426,0.58637,3.34183,2.96465,3.53269,0.48481,0.87056,4.88807,4.4394,2026-04-02,4,4,0,28,1,0,28,2025-03-27,2,1,1,8,1,0,8,23,NA,0,0,0,0,"811 Third Street,Kalona,IA,52247",41.4898,-91.709,NA,2026-06-01
165471,Stonehill Care Center,3485 Windsor Avenue,Dubuque,IA,52001,5635577180,300,Dubuque,Y,Non profit - Corporation,185,157,NA,Medicare and Medicaid,N,STONEHILL FRANCISCAN SERVICES,2002-09-01,NA,NA,NA,NA,NA,NA,NA,Y,NA,N,N,N,Resident,Yes,4,NA,4,NA,4,NA,3,NA,5,NA,4,NA,NA,NA,3.07683,0.35646,0.9607,1.31716,4.39399,4.05753,0.64727,0.06486,NA,26,NA,26,1,NA,1.27214,0.9141,2.13164,0.78641,0.62096,3.53901,3.13958,3.34246,0.38723,1.04364,4.77334,4.40783,2025-08-07,2,2,0,12,1,0,12,2024-08-08,2,0,2,8,0,0,8,11,NA,0,0,0,0,"3485 Windsor Avenue,Dubuque,IA,52001",42.5328,-90.669,NA,2026-06-01
165472,Scenic Manor,1409 Fremont Street,Iowa Falls,IA,50126,6416484671,410,Hardin,N,For profit - Corporation,77,62.9,NA,Medicare and Medicaid,N,SCENIC LIVING COMMUNITIES INC,2003-01-01,NA,NA,NA,NA,NA,NA,NA,Y,NA,N,N,N,None,Yes,4,NA,4,NA,4,NA,2,NA,5,NA,4,NA,NA,NA,2.3674,0.72225,0.69352,1.41577,3.78317,3.28844,0.46784,0.02191,35.2,NA,30,NA,0,NA,1.26175,0.90664,2.11423,0.77999,0.61589,3.51011,3.11394,2.59296,0.79106,0.7596,4.14363,3.60176,2025-05-01,0,0,0,0,0,0,0,2024-05-16,7,5,2,28,1,0,28,7,NA,0,0,0,0,"1409 Fremont Street,Iowa Falls,IA,50126",42.5291,-93.261,NA,2026-06-01
165473,Sunrise Retirement Community,5501 Gordon Drive East,Sioux City,IA,51106,7122763821,960,Woodbury,Y,Non profit - Other,74,67.5,NA,Medicare and Medicaid,N,SUNRISE MANOR,2003-02-01,NA,NA,NA,NA,NA,NA,NA,Y,NA,N,N,N,Resident,Yes,5,NA,4,NA,3,NA,4,NA,3,NA,5,NA,NA,NA,3.20571,0.99917,0.92455,1.92373,5.12944,4.62183,0.66011,0.04143,41.5,NA,42.1,NA,0,NA,1.14009,0.81921,1.91036,0.70478,0.5565,3.17164,2.81367,3.88586,1.21116,1.12071,6.21773,5.60243,2025-09-11,2,2,0,8,1,0,8,2024-09-26,3,3,0,12,1,0,12,9,NA,0,0,0,0,"5501 Gordon Drive East,Sioux City,IA,51106",42.4758,-96.337,NA,2026-06-01
165474,The Ambassador Sidney Inc,115 Main Street,Sidney,IA,51652,7123742693,350,Fremont,N,For profit - Corporation,46,39.5,NA,Medicare and Medicaid,N,THE AMBASSADOR SIDNEY INC,2002-11-11,AMBASSADOR HEALTH,28,4,3.8,3.8,3.8,4,N,NA,N,N,N,Resident,Yes,4,NA,4,NA,4,NA,2,NA,5,NA,4,NA,NA,NA,2.68634,0.69152,0.5073,1.19882,3.88515,3.32148,0.25189,0.00528,30.8,NA,42.9,NA,0,NA,1.1498,0.82619,1.92663,0.71078,0.56124,3.19865,2.83763,3.22878,0.83116,0.60974,4.66968,3.99218,2026-03-12,5,5,0,20,1,0,20,2025-03-20,5,5,0,24,1,0,24,21,NA,0,0,0,0,"115 Main Street,Sidney,IA,51652",40.7451,-95.647,NA,2026-06-01
165475,Wellington Place,2479 River Road,Decorah,IA,52101,5633829691,950,Winneshiek,N,Non profit - Other,56,50.2,NA,Medicare and Medicaid,N,"ONEOTA RIVERVIEW CARE FACILITY, INC.",2003-03-10,HEALTHCARE OF IOWA,260,6,3.7,3.5,3.7,3.5,Y,NA,N,N,N,Resident,Yes,3,NA,4,NA,1,NA,2,NA,1,NA,4,NA,NA,NA,2.3259,0.49471,0.66446,1.15917,3.48508,2.97581,0.35676,0.01212,52.8,NA,22.2,NA,0,NA,1.03285,0.74216,1.73066,0.63849,0.50416,2.87331,2.54901,3.11211,0.66193,0.88906,4.66311,3.9817,2025-08-07,0,0,0,0,0,0,0,2024-10-16,2,0,2,70,0,0,70,17.5,NA,1,29689,0,1,"2479 River Road,Decorah,IA,52101",43.2994,-91.743,NA,2026-06-01
165476,Colonial Manors of Columbus Community,814 Springer Avenue,Columbus Junction,IA,52738,3197282276,570,Louisa,N,For profit - Corporation,39,29.9,NA,Medicare and Medicaid,N,COLONIAL MANORS OF COLUMBUS COMMUNITY INC,2003-04-01,NA,NA,NA,NA,NA,NA,NA,N,NA,N,N,N,Resident,Yes,4,NA,4,NA,2,NA,2,NA,NA,2,4,NA,NA,NA,2.48223,0.75643,0.43716,1.19359,3.67582,3.33439,0.2811,0.04904,25,NA,50,NA,0,NA,0.97749,0.70238,1.6379,0.60426,0.47713,2.7193,2.41238,3.50938,1.06944,0.61806,5.19688,4.71418,2025-07-24,2,2,0,8,1,0,8,2024-08-15,10,10,0,44,1,0,44,17,NA,0,0,0,0,"814 Springer Avenue,Columbus Junction,IA,52738",41.271,-91.371,NA,2026-06-01
165478,Arbor Court,701 East Mapleleaf Drive,Mount Pleasant,IA,52641,3193851400,430,Henry,N,For profit - Corporation,62,56.6,NA,Medicare and Medicaid,N,ARBOR COURT HEALTHCARE LLC,2003-04-01,MGM HEALTHCARE,348,32,2.4,2.2,1.7,3.9,N,NA,N,N,N,None,Yes,3,NA,2,NA,5,NA,5,NA,4,NA,2,NA,NA,NA,2.55869,0.42279,0.41228,0.83506,3.39376,2.91952,0.33831,0.01666,43.2,NA,57.1,NA,0,NA,1.40036,1.00623,2.34647,0.86567,0.68355,3.8957,3.456,2.5251,0.41724,0.40686,3.3492,2.88119,2026-04-22,2,2,0,8,1,0,8,2025-04-09,10,2,8,182,1,0,182,51.5,NA,2,33807,0,2,"701 East Mapleleaf Drive,Mount Pleasant,IA,52641",40.974,-91.545,NA,2026-06-01
165479,Calvin Community,4210 Hickman Road,Des Moines,IA,50310,5152776141,760,Polk,Y,Non profit - Corporation,59,57.7,NA,Medicare and Medicaid,N,CALVIN COMMUNITY,2003-04-01,NA,NA,NA,NA,NA,NA,NA,Y,NA,N,N,N,Resident,Yes,4,NA,3,NA,3,NA,3,NA,3,NA,5,NA,NA,NA,2.65958,0.953,0.7711,1.7241,4.38368,3.78246,0.5192,0.08658,33.3,NA,9.1,NA,0,NA,1.24589,0.89524,2.08764,0.77018,0.60815,3.46597,3.07478,2.95008,1.0571,0.85532,4.86251,4.19562,2025-12-18,8,8,0,40,1,0,40,2025-01-23,3,3,0,12,1,0,12,33,NA,1,4233,0,1,"4210 Hickman Road,Des Moines,IA,50310",41.6149,-93.676,NA,2026-06-01
165480,St Francis Manor,2021 Fourth Avenue,Grinnell,IA,50112,6412367592,780,Poweshiek,N,Non profit - Corporation,78,58.1,NA,Medicare and Medicaid,N,ST FRANCIS MANOR INC,2003-01-01,NA,NA,NA,NA,NA,NA,NA,Y,NA,N,N,N,Resident,Yes,5,NA,5,NA,5,NA,5,NA,5,NA,5,NA,NA,NA,2.78535,0.53061,1.2439,1.77452,4.55986,4.00643,0.64795,0.04071,38.6,NA,0,NA,0,NA,1.20421,0.86529,2.0178,0.74442,0.5878,3.35003,2.97192,3.19652,0.60894,1.42753,5.23298,4.59785,2025-04-17,1,0,1,4,0,0,4,2024-06-06,1,0,1,4,0,0,4,4,NA,0,0,0,0,"2021 Fourth Avenue,Grinnell,IA,50112",41.7432,-92.706,NA,2026-06-01
165481,Mayflower Home,616 Broad Street,Grinnell,IA,50112,6412366151,780,Poweshiek,N,Non profit - Church related,40,28.6,NA,Medicare and Medicaid,N,MAYFLOWER HOMES INC,2003-01-01,NA,NA,NA,NA,NA,NA,NA,Y,NA,N,N,N,Resident,Yes,5,NA,4,NA,5,NA,5,NA,5,NA,5,NA,NA,NA,3.07274,0.37227,1.21209,1.58436,4.65709,4.26698,0.9843,0.05859,30.8,NA,50,NA,0,NA,1.29488,0.93044,2.16974,0.80047,0.63206,3.60227,3.1957,3.2794,0.3973,1.29361,4.97032,4.55397,2025-05-29,3,2,1,12,1,0,12,2024-07-11,3,3,0,16,1,0,16,13,NA,0,0,0,0,"616 Broad Street,Grinnell,IA,50112",41.7391,-92.724,NA,2026-06-01
165482,United Presbyterian Home,1203 E Washington Street,Washington,IA,52353,3196535473,910,Washington,Y,Non profit - Corporation,59,43.1,NA,Medicare and Medicaid,N,UNITED PRESBYTERIAN HOME,2003-05-01,NA,NA,NA,NA,NA,NA,NA,Y,NA,N,N,N,Resident,Yes,5,NA,4,NA,4,NA,4,NA,NA,2,5,NA,NA,NA,3.13923,0.75297,0.72256,1.47553,4.61476,4.04632,0.59501,0.02141,35.6,NA,25,NA,0,NA,1.08408,0.77897,1.8165,0.67015,0.52916,3.01582,2.67544,4.00187,0.95988,0.92112,5.88287,5.15822,2025-07-17,2,2,0,8,1,0,8,2023-11-28,3,3,1,20,1,0,20,11,NA,0,0,0,0,"1203 E Washington Street,Washington,IA,52353",41.2982,-91.679,NA,2026-06-01
165483,Halcyon House,1015 South Iowa Avenue,Washington,IA,52353,3196537264,910,Washington,Y,Non profit - Corporation,54,49.3,NA,Medicare and Medicaid,N,WESLEY RETIREMENT SERVICES INC,2003-04-01,WESLEYLIFE,561,10,4,3.4,4.4,3.9,Y,NA,N,N,N,Resident,Yes,4,NA,2,NA,5,NA,4,NA,5,NA,5,NA,NA,NA,2.97859,0.4229,1.03142,1.45432,4.43292,3.97007,0.7301,0.00742,42,NA,25,NA,0,NA,1.21569,0.87354,2.03704,0.75152,0.59341,3.38197,3.00026,3.38601,0.48074,1.1725,5.03925,4.5131,2026-03-19,3,1,2,83,1,0,83,2025-03-06,1,0,1,4,0,0,4,63.25,NA,0,0,0,0,"1015 South Iowa Avenue,Washington,IA,52353",41.2889,-91.692,NA,2026-06-01
165484,St Luke Lutheran Nursing Home,1301 Saint Luke Drive,Spencer,IA,51301,7122625931,200,Clay,N,Non profit - Corporation,79,69.4,NA,Medicare and Medicaid,N,ST LUKE HOMES & SERVICES INC,2003-07-07,NA,NA,NA,NA,NA,NA,NA,Y,NA,N,N,N,Resident,Yes,2,NA,1,NA,4,NA,4,NA,5,NA,5,NA,NA,NA,2.46061,0.50471,0.89313,1.39784,3.85844,3.57339,0.66024,0.02594,47.1,NA,33.3,NA,0,NA,1.14371,0.82182,1.91644,0.70702,0.55827,3.18173,2.82262,2.9732,0.60985,1.07919,4.66223,4.3178,2025-09-04,9,9,4,115,1,0,115,2024-08-22,11,7,5,135,1,0,135,120,NA,2,90076,1,3,"1301 Saint Luke Drive,Spencer,IA,51301",43.1244,-95.128,NA,2026-06-01
165485,Lutheran Retirement Home,701 9th Street North,Northwood,IA,50459,6413241712,970,Worth,N,Non profit - Church related,42,33.3,NA,Medicare and Medicaid,N,LUTHERAN RETIREMENT HOME INC.,2003-05-01,NA,NA,NA,NA,NA,NA,NA,Y,NA,N,N,N,Resident,Yes,3,NA,2,NA,3,NA,5,NA,1,NA,5,NA,NA,NA,2.84419,0.57867,0.87596,1.45463,4.29882,3.6526,0.56706,0.02326,31.7,NA,0,NA,0,NA,1.15282,0.82836,1.9317,0.71265,0.56272,3.20707,2.8451,3.40954,0.6937,1.05008,5.15332,4.37864,2026-02-26,4,4,0,20,1,0,20,2025-01-30,9,4,5,261,1,0,261,80.25,NA,1,24922,0,1,"701 9th Street North,Northwood,IA,50459",43.4514,-93.22,NA,2026-06-01
165486,Ruthven Community Care Center,2701 Mitchell Street Box 0,Ruthven,IA,51358,7128375411,730,Palo Alto,N,Non profit - Corporation,46,43.1,NA,Medicare and Medicaid,N,RUTHVEN COMMUNITY CARE CENTER INC,2003-04-01,NA,NA,NA,NA,NA,NA,NA,Y,NA,N,N,N,Resident,Yes,4,NA,4,NA,4,NA,5,NA,3,NA,4,NA,NA,NA,2.0248,0.63919,0.47444,1.11363,3.13843,2.88591,0.2956,0.0129,41,NA,NA,27,0,NA,1.10236,0.79211,1.84715,0.68146,0.53809,3.0667,2.72057,2.53838,0.80132,0.59477,3.93448,3.61791,2025-10-02,2,2,0,8,1,0,8,2024-09-19,2,2,0,8,1,0,8,8,NA,0,0,0,0,"2701 Mitchell Street Box 0,Ruthven,IA,51358",43.1314,-94.9,22,2026-06-01
165487,Wesley on Grand,3520 Grand Avenue,Des Moines,IA,50312,5152716500,760,Polk,Y,Non profit - Corporation,80,77.4,NA,Medicare and Medicaid,N,WESLEY RETIREMENT SERVICES INC,2003-05-01,WESLEYLIFE,561,10,4,3.4,4.4,3.9,Y,NA,N,N,N,Resident,Yes,5,NA,5,NA,3,NA,4,NA,3,NA,4,NA,NA,NA,2.69927,0.72478,0.65319,1.37796,4.07723,3.7833,0.4735,0.10445,47.9,NA,52.4,NA,0,NA,1.30659,0.93885,2.18935,0.80771,0.63778,3.63484,3.22459,2.855,0.76659,0.69087,4.31247,4.00158,2025-06-12,1,1,0,8,1,0,8,2024-07-11,0,0,0,0,0,0,0,6,0,0,0,0,0,"3520 Grand Avenue,Des Moines,IA,50312",41.5845,-93.664,NA,2026-06-01
165488,Twilight Acres,600 West 6th Street,Wall Lake,IA,51466,7126642488,800,Sac,N,Non profit - Corporation,39,24.7,NA,Medicare and Medicaid,N,TWILIGHT ACRES INC.,2003-09-01,NA,NA,NA,NA,NA,NA,NA,N,NA,N,N,N,Resident,Yes,5,NA,4,NA,4,NA,4,NA,NA,2,5,NA,NA,NA,2.50657,0.73914,0.98499,1.72414,4.2307,3.8047,0.61309,0.0198,35.5,NA,42.9,NA,0,NA,1.24741,0.89633,2.0902,0.77113,0.60889,3.47022,3.07855,2.77695,0.81887,1.09125,4.68707,4.21511,2025-12-18,4,3,1,24,1,0,24,2024-12-12,1,1,0,4,1,0,4,19,NA,0,0,0,0,"600 West 6th Street,Wall Lake,IA,51466",42.2755,-95.096,NA,2026-06-01
165490,Accura Healthcare of Cresco,701 Vernon Road SW,Cresco,IA,52136,5635473580,440,Howard,N,For profit - Corporation,46,27.7,NA,Medicare and Medicaid,N,ACCURA HEALTHCARE OF CRESCO LLC,2003-05-01,ACCURA HEALTHCARE,8,42,2.5,2.4,3.2,2.8,N,NA,N,N,N,Resident,Yes,1,NA,1,NA,1,NA,1,NA,1,NA,1,24,NA,NA,2.38895,0.74341,0.54049,1.2839,3.67286,3.06616,0.19613,0.03971,64.3,NA,100,NA,NA,26,1.25164,0.89937,2.09728,0.77374,0.61096,3.48197,3.08898,2.6377100000000002,0.82082,0.59677,4.05531,3.38543,2026-01-29,19,12,9,108,1,0,108,2025-01-09,35,7,28,212,1,0,212,134,NA,0,0,0,0,"701 Vernon Road SW,Cresco,IA,52136",43.3661,-92.125,NA,2026-06-01
165491,Evans Senior Living Community,1010 North Elm Street,Cresco,IA,52136,5635472364,440,Howard,N,Non profit - Other,43,32,NA,Medicare and Medicaid,N,"EVANS MEMORIAL HOME FOR THE AGED, INC.",2003-07-01,EDGEWOOD CONVALESCENT HOME,867,5,4.4,4.2,3.8,3.6,N,NA,N,N,N,Resident,Yes,5,NA,5,NA,3,NA,3,NA,3,NA,5,NA,NA,NA,2.17352,0.79637,0.61379,1.41016,3.58368,3.03352,0.4497,0.03007,27.8,NA,33.3,NA,0,NA,1.068,0.76741,1.78956,0.66021,0.52132,2.97109,2.63575,2.81251,1.03049,0.79424,4.63723,3.92533,2025-08-14,0,0,0,0,0,0,0,2024-09-19,0,0,0,0,0,0,0,0,NA,0,0,0,0,"1010 North Elm Street,Cresco,IA,52136",43.3835,-92.114,NA,2026-06-01
165492,Lakeside Lutheran Home,301 North Lawler Street,Emmetsburg,IA,50536,7128524060,730,Palo Alto,N,Non profit - Corporation,55,39.5,NA,Medicare and Medicaid,N,LAKESIDE LUTHERAN HOME,2003-11-06,NA,NA,NA,NA,NA,NA,NA,N,NA,N,N,N,Resident,Yes,2,NA,3,NA,1,NA,1,NA,NA,2,4,NA,NA,NA,2.75356,0.37391,0.69504,1.06895,3.82251,3.50833,0.50473,0.02296,42.5,NA,55.6,NA,NA,26,1.12337,0.8072,1.88235,0.69445,0.54834,3.12514,2.77242,3.38743,0.45999,0.85504,4.70246,4.31595,2026-02-26,2,2,0,8,1,0,8,2025-01-23,14,8,11,92,1,0,92,29,NA,0,0,1,1,"301 North Lawler Street,Emmetsburg,IA,50536",43.1174,-94.683,NA,2026-06-01
165494,Tripoli Nursing & Rehab,604 Third Street SW,Tripoli,IA,50676,3198824269,080,Bremer,Y,Non profit - Corporation,28,26.8,NA,Medicare and Medicaid,N,TRIPOLI NURSING AND REHAB,2003-10-01,NA,NA,NA,NA,NA,NA,NA,N,NA,N,N,N,Resident,Yes,2,NA,3,NA,1,NA,1,NA,NA,2,4,NA,NA,NA,3.32944,0.84801,0.61073,1.45874,4.78819,3.84212,0.95666,0.00711,67.5,NA,88.9,NA,0,NA,1.19051,0.85545,1.99485,0.73595,0.58112,3.31192,2.93812,3.86489,0.98439,0.70895,5.55823,4.46002,2025-07-23,2,2,0,8,1,0,8,2024-08-15,19,9,13,92,1,0,92,29,NA,0,0,0,0,"604 Third Street SW,Tripoli,IA,50676",42.8046,-92.262,NA,2026-06-01
165495,Clarksville Skilled Nursing & Rehab Center,115 North Hilton St,Clarksville,IA,50619,3192784900,110,Butler,N,For profit - Corporation,42,34.1,NA,Medicare and Medicaid,N,COMMUNITY NURSING HOME INC,2004-04-01,NA,NA,NA,NA,NA,NA,NA,N,NA,N,N,N,Resident,Yes,3,NA,3,NA,3,NA,3,NA,NA,2,4,NA,NA,NA,2.60427,0.53884,0.61398,1.15282,3.75708,3.47426,0.55769,0.03758,41,NA,33.3,NA,0,NA,1.23663,0.88859,2.07213,0.76446,0.60363,3.44022,3.05194,2.91035,0.60217,0.68614,4.19865,3.8826,2026-04-09,3,1,2,28,1,0,28,2025-04-03,7,5,6,24,1,0,24,27,NA,0,0,0,0,"115 North Hilton St,Clarksville,IA,50619",42.7848,-92.673,NA,2026-06-01
165498,Westhaven Community,112 West Fourth Street,Boone,IA,50036,5154321393,070,Boone,Y,Non profit - Other,100,55.3,NA,Medicare and Medicaid,N,WESTHAVEN COMMUNITY A MINISTRY OF THE EVANGELICAL FREE CHURCH,2005-01-01,NA,NA,NA,NA,NA,NA,NA,Y,NA,N,N,N,Resident,Yes,3,NA,3,NA,4,NA,4,NA,NA,2,4,NA,NA,NA,2.57357,0.81392,0.53026,1.34418,3.91775,3.25624,0.39471,0.02888,61.4,NA,22.2,NA,0,NA,1.13399,0.81483,1.90015,0.70101,0.55353,3.15469,2.79863,3.13636,0.99191,0.64621,4.77448,3.96831,2025-04-03,8,8,0,36,1,0,36,2024-05-22,0,0,0,0,0,0,0,27,NA,0,0,0,0,"112 West Fourth Street,Boone,IA,50036",42.0603,-93.893,NA,2026-06-01
165500,Rotary Senior Living,500 South Blaine Avenue,Eagle Grove,IA,50533,5154485124,980,Wright,N,Non profit - Corporation,46,33.4,NA,Medicare and Medicaid,N,ROTARY CLUB OF EAGLE GROVE HOME INC,2003-10-15,NA,NA,NA,NA,NA,NA,NA,Y,NA,N,N,N,Resident,Yes,2,NA,2,NA,3,NA,3,NA,NA,2,3,NA,NA,NA,2.22432,0.35857,0.74021,1.09878,3.32311,2.92741,0.50582,0.07385,48.6,NA,100,NA,1,NA,1.25987,0.90528,2.11107,0.77883,0.61497,3.50486,3.10928,2.4399,0.39332,0.81196,3.64518,3.21113,2025-06-12,3,0,3,83,0,0,83,2024-07-18,9,5,6,40,1,0,40,72.25,NA,1,65036,0,1,"500 South Blaine Avenue,Eagle Grove,IA,50533",42.6599,-93.894,NA,2026-06-01
165501,Community Care Center,325 Southwest Seventh Street,Stuart,IA,50250,5155232815,000,Adair,N,For profit - Corporation,65,51.6,NA,Medicare and Medicaid,N,"COMMUNITY CARE CENTER, INC",2003-09-01,NA,NA,NA,NA,NA,NA,NA,Y,NA,N,N,N,Resident,Yes,5,NA,3,NA,5,NA,5,NA,NA,2,5,NA,NA,NA,2.46959,0.44867,0.6138,1.06247,3.53207,3.24677,0.43862,0.05394,19.6,NA,16.7,NA,0,NA,1.14949,0.82597,1.92612,0.71059,0.56109,3.1978,2.83688,2.96906,0.53941,0.73794,4.24642,3.90342,2025-12-11,10,5,5,52,1,0,52,2024-11-21,0,0,0,0,0,0,0,39,NA,0,0,0,0,"325 Southwest Seventh Street,Stuart,IA,50250",41.4967,-94.321,NA,2026-06-01
165502,Hillcrest Home,915 West First Street,Sumner,IA,50674,5635788591,080,Bremer,Y,Non profit - Corporation,61,48.2,NA,Medicare and Medicaid,N,"HILLCREST HOME, INC.",2003-11-04,NA,NA,NA,NA,NA,NA,NA,Y,NA,N,N,N,Resident,Yes,5,NA,4,NA,2,NA,2,NA,NA,2,5,NA,NA,NA,3.05153,0.43644,0.62385,1.06029,4.11182,3.52422,0.46218,0.02226,36.5,NA,12.5,NA,0,NA,1.21647,0.8741,2.03835,0.752,0.59379,3.38414,3.00219,3.46669,0.49582,0.70872,4.67123,4.00369,2025-05-15,1,1,0,0,1,0,0,2024-06-20,10,3,7,68,1,0,68,17,NA,0,0,1,1,"915 West First Street,Sumner,IA,50674",42.8474,-92.11,NA,2026-06-01
165503,Good Neighbor Home,105 McCarren Drive,Manchester,IA,52057,5639273907,270,Delaware,N,Non profit - Corporation,112,95.5,NA,Medicare and Medicaid,N,GOOD NEIGHBOR SOCIETY,2003-11-01,NA,NA,NA,NA,NA,NA,NA,Y,NA,N,N,N,Resident,Yes,3,NA,2,NA,4,NA,2,NA,5,NA,5,NA,NA,NA,2.76234,0.43962,0.9678,1.40742,4.16977,3.56869,0.53374,0.04673,20,NA,9.5,NA,1,NA,1.11736,0.80289,1.87228,0.69073,0.54541,3.10843,2.75759,3.41651,0.54373,1.197,5.15723,4.41382,2025-06-19,3,0,3,32,0,0,32,2024-08-15,3,1,2,78,1,0,78,43.5,1,1,6279,0,1,"105 McCarren Drive,Manchester,IA,52057",42.4849,-91.438,NA,2026-06-01
165504,Algona Manor Care Center,2221 East McGregor Street,Algona,IA,50511,5152953505,540,Kossuth,N,For profit - Corporation,46,29.2,NA,Medicare and Medicaid,N,"ALGONA MANOR CARE CENTER, INC",2003-10-15,NA,NA,NA,NA,NA,NA,NA,N,NA,N,N,N,Resident,Yes,5,NA,4,NA,5,NA,5,NA,5,NA,4,NA,NA,NA,3.04397,0.58687,0.62406,1.21094,4.25491,3.91734,0.44259,0.03669,43.2,NA,62.5,NA,0,NA,1.30203,0.93558,2.18171,0.80489,0.63555,3.62215,3.21333,3.23087,0.62291,0.66238,4.51616,4.15787,2025-06-12,2,2,0,12,1,0,12,2024-08-08,9,6,3,40,1,0,40,19,NA,0,0,0,0,"2221 East McGregor Street,Algona,IA,50511",43.0666,-94.209,NA,2026-06-01
165507,Valley View Village,2571 Guthrie Avenue,Des Moines,IA,50317,5152652571,760,Polk,Y,Non profit - Corporation,79,74.8,NA,Medicare and Medicaid,N,"EVANGELICAL RETIREMENT HOMES, INC.",2004-05-01,CASSIA,120,16,4.4,3.4,4.7,4.3,N,NA,N,N,N,Both,Yes,3,NA,2,NA,3,NA,2,NA,4,NA,5,NA,NA,NA,2.77569,0,1.45469,1.45469,4.23038,3.8737,1.1464,0.11717,45.9,NA,29.2,NA,0,NA,1.20003,0.86228,2.01079,0.74183,0.58576,3.33839,2.9616,3.19654,0,1.67525,4.87179,4.46103,2025-05-08,8,4,4,36,1,0,36,2024-05-30,10,7,5,80,2,40,120,57,NA,1,9110,1,2,"2571 Guthrie Avenue,Des Moines,IA,50317",41.615,-93.567,NA,2026-06-01
165508,"Martin Health Center, INC",410 East 10th Street,Cedar Falls,IA,50613,3192772141,060,Black Hawk,Y,Non profit - Corporation,50,47.2,NA,Medicare and Medicaid,N,"MARTIN HEALTH CENTER, INC.",2003-12-01,WESTERN HOME COMMUNITIES,887,6,3.8,3.3,4.2,3.3,Y,NA,N,N,N,Resident,Yes,5,NA,4,NA,3,NA,2,NA,3,NA,5,NA,NA,NA,2.93231,0.47753,0.70783,1.18536,4.11767,3.74274,0.4092,0.02985,39.1,NA,22.2,NA,0,NA,1.25751,0.90359,2.10712,0.77737,0.61382,3.49831,3.10347,3.22253,0.52479,0.77788,4.52521,4.11317,2025-05-15,3,3,0,16,1,0,16,2024-07-11,4,3,2,36,1,0,36,21,NA,0,0,0,0,"410 East 10th Street,Cedar Falls,IA,50613",42.5296,-92.442,NA,2026-06-01
165509,The Alverno Health Care Facility,849 13th Avenue North,Clinton,IA,52732,5632421521,220,Clinton,N,Non profit - Corporation,112,92.8,NA,Medicare and Medicaid,N,TRINITY CONTINUING CARE SERVICES,2004-06-01,TRINITY HEALTH,525,19,3.3,3,4.1,3.7,N,NA,N,N,N,Resident,Yes,2,NA,2,NA,2,NA,1,NA,3,NA,4,NA,NA,NA,2.31164,0.57449,0.67588,1.25037,3.562,3.26931,0.40475,0.04584,43.6,NA,47.1,NA,0,NA,1.17393,0.84353,1.96706,0.7257,0.57302,3.26578,2.89718,2.72131,0.6763,0.79566,4.19327,3.84871,2026-02-19,9,5,6,44,1,0,44,2025-02-06,7,5,4,52,1,0,52,46,NA,0,0,0,0,"849 13th Avenue North,Clinton,IA,52732",41.8594,-90.199,NA,2026-06-01
165510,Davenport Lutheran Home,1130 W 53rd Street,Davenport,IA,52806,5633915342,810,Scott,Y,Non profit - Church related,98,67.6,NA,Medicare and Medicaid,N,LUTHERAN HOME FOR THE AGED ASSOCIATION-EAST,2004-09-01,NA,NA,NA,NA,NA,NA,NA,Y,NA,N,N,N,Resident,Yes,2,NA,2,NA,2,NA,2,NA,2,NA,4,NA,NA,NA,3.00584,0.92,0.53236000000000006,1.45236,4.45821,3.7125,0.34222,0.01008,32.9,NA,20,NA,3,NA,1.14427,0.82222,1.91736,0.70736,0.55855,3.18327,2.8239899999999998,3.63026,1.11112,0.64295,5.38433,4.48372,2025-12-11,4,4,0,28,1,0,28,2024-10-31,12,6,8,159,1,0,159,60.75,NA,2,43310,0,2,"1130 W 53rd Street,Davenport,IA,52806",41.5745,-90.589,NA,2026-06-01
165511,Linn Manor Care Center,1140 Elim Drive,Marion,IA,52302,3193774611,560,Linn,Y,Non profit - Corporation,38,35.3,NA,Medicare and Medicaid,N,"GRAND HAVEN HOMES, INC.",2004-01-04,LIFE CARE SERVICES,312,44,4.1,3.7,4.5,4.1,N,NA,N,N,N,Both,Yes,2,NA,2,NA,3,NA,3,NA,NA,2,4,NA,NA,NA,2.90589,0.38479,0.53793,0.92272,3.82861,3.53215,0.35601,0.01067,43.6,NA,50,NA,0,NA,1.27218,0.91413,2.13169,0.78643,0.62098,3.53911,3.13966,3.15668,0.418,0.58436,4.15904,3.83699,2026-02-12,8,6,2,48,1,0,48,2024-12-05,5,0,5,36,0,0,36,45,NA,0,0,0,0,"1140 Elim Drive,Marion,IA,52302",42.0192,-91.602,NA,2026-06-01
165513,Luther Manor at Hillcrest,3131 Hillcrest Road,Dubuque,IA,52001,5635881413,300,Dubuque,Y,For profit - Corporation,103,97.5,NA,Medicare and Medicaid,N,HILLCREST OPCO LLC,2004-03-01,SHLOMO HOFFMAN,713,10,2.4,2.4,3.3,3.1,Y,NA,N,N,N,Resident,Yes,1,NA,1,NA,2,NA,2,NA,2,NA,4,NA,NA,NA,3.47135,0.30704,0.58068,0.88772,4.35908,3.90754,0.53683,0.04102,46.6,NA,60,NA,1,NA,1.15149,0.82741,1.92947,0.71183,0.56207,3.20338,2.84182,4.16616,0.3685,0.69691,5.23157,4.68966,2026-02-12,15,12,8,132,1,0,132,2024-10-17,7,1,6,64,1,0,64,115,NA,2,42406,1,3,"3131 Hillcrest Road,Dubuque,IA,52001",42.5055,-90.716,NA,2026-06-01
165514,Ramsey Village,1611 27TH Street,Des Moines,IA,50310,5152743612,760,Polk,Y,Non profit - Other,78,69.7,NA,Medicare and Medicaid,N,CLAREMONT'S RAMSEY VILLAGE LLC,2004-02-16,NA,NA,NA,NA,NA,NA,NA,Y,NA,N,N,N,Resident,Yes,2,NA,2,NA,3,NA,4,NA,3,NA,3,NA,NA,NA,2.60915,0.82883,0.38738,1.21622,3.82537,3.43854,0.22827,0.05918,44.6,NA,50,NA,0,NA,1.31339,0.94374,2.20075,0.81191,0.6411,3.65376,3.24137,2.74539,0.87211,0.40761,4.02512,3.6181,2025-08-28,12,8,4,56,1,0,56,2024-10-03,11,6,5,56,1,0,56,56,NA,0,0,0,0,"1611 27TH Street,Des Moines,IA,50310",41.6087,-93.654,NA,2026-06-01
165516,Jackson Ridge Healthcare Center,1015 Wesley Drive,Maquoketa,IA,52060,5636524968,480,Jackson,N,For profit - Limited Liability company,75,57.7,NA,Medicare and Medicaid,N,JACKSON IA OPCO LLC,2003-12-01,SHLOMO HOFFMAN,713,10,2.4,2.4,3.3,3.1,N,NA,N,N,N,Resident,Yes,3,NA,3,NA,3,NA,3,NA,NA,2,3,NA,NA,NA,2.55321,0.62882,0.39833,1.02715,3.58036,3.31134,0.28693,0.0137,46,NA,50,NA,0,NA,1.19864,0.86129,2.00847,0.74097,0.58508,3.33453,2.95817,2.94374,0.725,0.45926,4.12799,3.81781,2025-06-26,5,5,0,32,1,0,32,2024-08-07,10,10,7,52,1,0,52,37,NA,0,0,0,0,"1015 Wesley Drive,Maquoketa,IA,52060",42.0663,-90.679,NA,2026-06-01
165522,Parkview Manor Care Center,1009 Third Street,Reinbeck,IA,50669,3193456811,370,Grundy,Y,For profit - Corporation,28,23.8,NA,Medicare and Medicaid,N,PARKVIEW MANOR INC,2003-12-01,WESTERN HOME COMMUNITIES,887,6,3.8,3.3,4.2,3.3,N,NA,N,N,N,Resident,Yes,1,NA,1,NA,2,NA,2,NA,NA,2,4,NA,NA,NA,2.65703,0.59795,0.91064,1.50859,4.16562,3.66644,0.88063,0.05828,56.8,NA,85.7,NA,1,NA,1.32594,0.95276,2.22178,0.81967,0.64722,3.68867,3.27235,2.76931,0.62321,0.94912,4.34165,3.82138,2025-08-21,6,5,1,36,1,0,36,2024-09-30,20,13,8,417,1,0,417,131.25,NA,1,23813,0,1,"1009 Third Street,Reinbeck,IA,50669",42.324,-92.606,NA,2026-06-01
165523,Estherville Community Care Center,2001 First Avenue North,Estherville,IA,51334,7123623594,310,Emmet,N,For profit - Corporation,46,37.9,NA,Medicare and Medicaid,N,Legal Business Name Not Available,2004-02-01,BEACON HEALTH MANAGEMENT,69,13,1.4,1.9,1.5,2.2,N,NA,N,N,N,Both,Yes,1,NA,3,NA,1,NA,1,NA,2,NA,1,24,NA,NA,1.21779,0.43378,0.63021,1.06399,2.28178,2.05483,0.35077,0.0034,NA,26,NA,26,1,NA,1.19006,0.85512,1.9941,0.73567,0.5809,3.31066,2.937,1.41418,0.50373,0.73184,2.64975,2.38619,2025-09-25,7,5,3,28,1,0,28,2024-12-12,7,4,3,60,1,0,60,36,NA,0,0,0,0,"2001 First Avenue North,Estherville,IA,51334",43.4024,-94.816,NA,2026-06-01
165524,Bethany Lutheran Home,Seven Elliott Street,Council Bluffs,IA,51503,7123289500,770,Pottawattamie,Y,Non profit - Other,112,91.9,NA,Medicare and Medicaid,N,BETHANY LUTHERAN HOME,2003-11-01,NA,NA,NA,NA,NA,NA,NA,N,NA,N,N,N,Resident,Yes,1,NA,1,NA,2,NA,3,NA,2,NA,4,NA,NA,NA,2.6894,0.88693,0.34369,1.23062,3.92002,3.51549,0.29757,0.02685,35.5,NA,54.5,NA,0,NA,1.15229,0.82799,1.93081,0.71233,0.56246,3.2056,2.8438,3.22546,1.06371,0.41219,4.70136,4.21621,2025-10-02,8,8,2,64,1,0,64,2024-10-31,32,8,24,267,1,0,267,114.75,NA,3,46914,0,3,"Seven Elliott Street,Council Bluffs,IA,51503",41.2634,-95.819,22,2026-06-01
165525,The New Homestead Care Center,2306 State Street,Guthrie Center,IA,50115,6413322204,380,Guthrie,Y,Non profit - Corporation,58,47.2,NA,Medicare and Medicaid,N,"TNH OPERATIONS, LLC",2004-01-01,HEALTHCARE OF IOWA,260,6,3.7,3.5,3.7,3.5,Y,NA,N,N,N,Resident,Yes,2,NA,2,NA,4,NA,5,NA,4,NA,3,NA,NA,NA,2.59244,0.40394,0.50963,0.91357,3.50601,3.23812,0.51572,0.04331,57.4,NA,54.5,NA,2,NA,1.17115,0.84154,1.96241,0.72398,0.57167,3.25806,2.89034,3.05911,0.47665,0.60137,4.13713,3.82101,2025-04-24,10,9,4,52,1,0,52,2024-06-13,12,6,8,68,1,0,68,56,1,0,0,0,0,"2306 State Street,Guthrie Center,IA,50115",41.6806,-94.484,NA,2026-06-01
165528,Accura Healthcare of Spirit Lake,1912 Zenith Avenue,Spirit Lake,IA,51360,7123363300,290,Dickinson,N,For profit - Corporation,80,66.8,NA,Medicare and Medicaid,N,ACCURA HEALTHCARE OF SPIRIT LAKE LLC,2004-04-22,ACCURA HEALTHCARE,8,42,2.5,2.4,3.2,2.8,N,NA,N,N,N,None,Yes,2,NA,2,NA,3,NA,2,NA,4,NA,4,NA,NA,NA,2.35739,0.72834,0.61541,1.34375,3.70114,3.19177,0.52159,0.04305,33.3,NA,33.3,NA,0,NA,1.25824,0.90411,2.10834,0.77782,0.61418,3.50034,3.10527,2.5892,0.79997,0.67592,4.06509,3.50563,2025-10-02,7,5,7,40,1,0,40,2024-08-22,12,12,6,189,1,0,189,77.25,NA,1,34567,1,2,"1912 Zenith Avenue,Spirit Lake,IA,51360",43.4219,-95.122,NA,2026-06-01
165529,Accura Healthcare of Shenandoah,1203 South Elm Street,Shenandoah,IA,51601,7122464627,720,Page,N,For profit - Limited Liability company,42,39.4,NA,Medicare and Medicaid,N,ACCURA HEALTHCARE OF SHENANDOAH,2004-04-01,ACCURA HEALTHCARE,8,42,2.5,2.4,3.2,2.8,N,NA,N,N,N,Resident,Yes,1,NA,1,NA,1,NA,2,NA,1,NA,1,24,NA,NA,2.52407,0.67338,0.6333,1.30668,3.83076,3.29066,0.25125,0.01257,63.5,NA,66.7,NA,0,NA,1.18658,0.85262,1.98826,0.73352,0.5792,3.30098,2.92841,2.93971,0.78427,0.73758,4.46156,3.83252,2025-09-18,11,11,1,64,1,0,64,2024-10-17,11,7,4,252,1,0,252,111,NA,1,8414,1,2,"1203 South Elm Street,Shenandoah,IA,51601",40.7555,-95.374,NA,2026-06-01
165530,Glen Haven Village,133 Indian Hills Drive,Glenwood,IA,51534,7123029016,640,Mills,Y,Non profit - Corporation,69,63.4,NA,Medicare and Medicaid,N,GLEN HAVEN HOME INC,2004-05-06,NA,NA,NA,NA,NA,NA,NA,N,NA,N,N,N,Resident,Yes,2,NA,2,NA,2,NA,1,NA,4,NA,4,NA,NA,NA,3.48697,0.78718,0.62539,1.41257,4.89954,4.42166,0.41274,0.01769,47.7,NA,36.4,NA,0,NA,1.15269,0.82827,1.93147,0.71257,0.56265,3.20669,2.84477,4.18057,0.94376,0.74979,5.87413,5.3012,2025-06-05,8,6,2,68,1,0,68,2024-07-11,7,5,4,64,1,0,64,67,NA,3,35913,1,4,"133 Indian Hills Drive,Glenwood,IA,51534",41.0405,-95.731,NA,2026-06-01
165532,"Gracewell, An Eventide Community",114 South 20th Street,Denison,IA,51442,7122633114,230,Crawford,N,Non profit - Corporation,84,73.5,NA,Medicare and Medicaid,N,EVENTIDE,2004-04-01,NA,NA,NA,NA,NA,NA,NA,Y,NA,N,N,N,Resident,Yes,5,NA,5,NA,4,NA,4,NA,4,NA,5,NA,NA,NA,2.1391,0.4935,0.81394,1.30744,3.44654,3.07051,0.57139,0.03785,20.3,NA,7.1,NA,0,NA,1.16518,0.83724,1.9524,0.72029,0.56875,3.24144,2.87559,2.53711,0.58532,0.96539,4.08782,3.64182,2025-08-28,0,0,0,0,0,0,0,2024-10-31,4,4,0,20,1,0,20,5,NA,0,0,0,0,"114 South 20th Street,Denison,IA,51442",42.0144,-95.344,NA,2026-06-01
165535,"Accura Healthcare of Aurelia, LLC",401 West Fifth Street,Aurelia,IA,51005,7124342294,170,Cherokee,N,For profit - Limited Liability company,41,36,NA,Medicare and Medicaid,N,ACCURA HEALTHCARE OF AURELIA LLC,2004-08-02,ACCURA HEALTHCARE,8,42,2.5,2.4,3.2,2.8,N,NA,N,N,N,Resident,Yes,4,NA,3,NA,5,NA,4,NA,5,NA,3,NA,NA,NA,2.48253,0.64743,0.38196,1.02939,3.51193,3.20517,0.36212,0.01779,44.7,NA,NA,27,0,NA,1.16942,0.84029,1.95952,0.72291,0.57082,3.25325,2.88607,2.93375,0.7651,0.45139,4.15024,3.78772,2026-01-29,6,4,2,24,1,0,24,2025-03-06,4,4,1,32,1,0,32,26,NA,0,0,0,0,"401 West Fifth Street,Aurelia,IA,51005",42.7156,-95.44,NA,2026-06-01
165536,I O O F Home and Community Therapy Center,1037 19th Street SW,Mason City,IA,50401,6414230428,160,Cerro Gordo,N,Non profit - Corporation,82,71.3,NA,Medicare and Medicaid,N,IOWA ODD FELLOWS & ORPHANS HOME,2004-03-01,NA,NA,NA,NA,NA,NA,NA,N,NA,N,N,N,None,Yes,3,NA,2,NA,2,NA,2,NA,1,NA,5,NA,NA,NA,2.99336,0.90644,0.51932,1.42576,4.41912,3.68303,0.1801,0.01883,25,NA,37.5,NA,0,NA,1.14834,0.82514,1.92419,0.70988,0.56053,3.19461,2.83404,3.60236,1.09086,0.62498,5.31819,4.43235,2026-03-19,1,1,0,4,1,0,4,2025-03-13,6,3,3,186,1,0,186,49.5,NA,4,30876,0,4,"1037 19th Street SW,Mason City,IA,50401",43.1339,-93.216,NA,2026-06-01
165537,Hiawatha Care Center,405 North 15th Avenue,Hiawatha,IA,52233,3193788583,560,Linn,Y,For profit - Corporation,109,98.5,NA,Medicare and Medicaid,N,HIAWATHA CARE CENTER INC,2004-04-01,NA,NA,NA,NA,NA,NA,NA,Y,NA,N,N,N,Resident,Yes,3,NA,3,NA,4,NA,5,NA,4,NA,4,NA,NA,NA,2.87478,0.6209,0.63608,1.25698,4.13176,3.8264,0.54265,0.03535,33,NA,22.2,NA,0,NA,1.29606,0.93129,2.17171,0.8012,0.63264,3.60555,3.19861,3.06534,0.66206,0.67824,4.40564,4.08003,2026-04-02,4,3,2,36,1,0,36,2025-03-13,4,3,1,24,1,0,24,33,NA,0,0,0,0,"405 North 15th Avenue,Hiawatha,IA,52233",42.0422,-91.693,NA,2026-06-01
165538,Prairie Ridge Care Center,1005 7th Street NE,Orange City,IA,51041,7127076006,830,Sioux,N,Government - City/county,95,82.3,NA,Medicare and Medicaid,N,ORANGE CITY MUNICIPAL HOSPITAL,2004-03-01,NA,NA,NA,NA,NA,NA,NA,N,NA,N,N,N,None,Yes,4,NA,3,NA,2,NA,2,NA,NA,2,5,NA,NA,NA,2.44989,0.40063,0.85542,1.2560500000000001,3.70594,3.42363,0.53124,0.01057,36.5,NA,0,NA,0,NA,1.08596,0.78032,1.81966,0.67132,0.53008,3.02106,2.68009,3.11768,0.50984,1.0886,4.71612,4.35685,2025-04-24,5,5,0,36,1,0,36,2024-05-02,2,1,1,20,1,0,20,32,NA,0,0,0,0,"1005 7th Street NE,Orange City,IA,51041",43.0121,-96.044,NA,2026-06-01
165539,Marian Home,2400 Sixth Avenue North,Fort Dodge,IA,50501,5155761138,930,Webster,N,Non profit - Church related,90,71.9,NA,Medicare and Medicaid,N,MARIAN HOME,2004-03-01,NA,NA,NA,NA,NA,NA,NA,Y,NA,N,N,N,Resident,Yes,5,NA,5,NA,3,NA,2,NA,4,NA,5,NA,NA,NA,2.87847,0.43875,0.70773,1.14648,4.02494,3.59056,0.44141,0.02559,36.8,NA,0,NA,0,NA,1.14505,0.82278,1.91867,0.70785,0.55893,3.18544,2.82591,3.47406,0.52953,0.85417,4.85776,4.33349,2025-04-24,0,0,0,0,0,0,0,2024-05-16,1,1,1,20,0,0,20,5,NA,0,0,1,1,"2400 Sixth Avenue North,Fort Dodge,IA,50501",42.512,-94.166,NA,2026-06-01
165541,Riceville Family Care and Therapy Center,915 Woodland Avenue,Riceville,IA,50466,6419852606,650,Mitchell,N,Government - City/county,34,29.5,NA,Medicare and Medicaid,N,RICEVILLE COMMUNITY REST HOME,2004-03-17,NA,NA,NA,NA,NA,NA,NA,N,NA,N,N,N,None,Yes,5,NA,4,NA,5,NA,5,NA,NA,2,4,NA,NA,NA,2.10626,0.72956,0.49263,1.22219,3.32845,2.91863,0.46405,0.00527,32.1,NA,NA,27,0,NA,1.14097,0.81985,1.91183,0.70532,0.55693,3.17409,2.81584,2.55117,0.88366,0.59669,4.03152,3.53513,2026-03-19,2,2,0,8,1,0,8,2025-03-06,2,2,0,8,1,0,8,8,NA,0,0,0,0,"915 Woodland Avenue,Riceville,IA,50466",43.3548,-92.554,NA,2026-06-01
165542,Meth-Wick Health Center,1625 Brendelwood Drive,Cedar Rapids,IA,52405,3193659171,560,Linn,Y,Non profit - Other,69,56.2,NA,Medicare and Medicaid,N,METH WICK COMMUNITY,2004-07-01,NA,NA,NA,NA,NA,NA,NA,Y,NA,N,N,N,Resident,Yes,5,NA,5,NA,5,NA,5,NA,4,NA,5,NA,NA,NA,3.72394,0.18811,1.15447,1.34258,5.06651,4.45792,0.75568,0.04874,44,NA,18.8,NA,1,NA,1.25829,0.90415,2.10843,0.77785,0.6142,3.50048,3.1054,4.08997,0.2066,1.26794,5.56451,4.89609,2025-07-17,0,0,0,0,0,0,0,2024-08-15,0,0,0,0,0,0,0,0,NA,0,0,0,0,"1625 Brendelwood Drive,Cedar Rapids,IA,52405",41.9874,-91.694,NA,2026-06-01
165543,Wesley Park Centre,500 First Street North,Newton,IA,50208,6417915000,490,Jasper,Y,Non profit - Corporation,66,60.3,NA,Medicare and Medicaid,N,WESLEY RETIREMENT SERVICES INC,2004-07-12,WESLEYLIFE,561,10,4,3.4,4.4,3.9,Y,NA,N,N,N,Resident,Yes,4,NA,3,NA,4,NA,3,NA,5,NA,5,NA,NA,NA,2.5043,0.71479,1.03039,1.74518,4.24949,3.78809,0.78921,0.0474,34.2,NA,27.8,NA,0,NA,1.15741,0.83166,1.93939,0.71549,0.56496,3.21985,2.85643,2.99018,0.85347,1.23031,5.07396,4.52305,2026-01-28,3,3,0,20,1,0,20,2025-01-28,6,6,3,64,1,0,64,31,NA,1,17345,0,1,"500 First Street North,Newton,IA,50208",41.7027,-93.054,NA,2026-06-01
165545,Windmill Manor,2332 Liberty Drive,Coralville,IA,52241,3195457390,510,Johnson,Y,Non profit - Corporation,120,110.7,NA,Medicare and Medicaid,N,RESIDENTIAL ALTERNATIVES OF ILLINOIS INC,2004-06-29,RESIDENTIAL ALTERNATIVES OF ILLINOIS,450,7,2.9,3.1,3.6,2.3,N,NA,N,N,N,Resident,Yes,1,NA,2,NA,1,NA,2,NA,1,NA,2,NA,NA,NA,3.02653,0.48692,0.34033,0.82725,3.85377,3.40638,0.197,0.04096,31.4,NA,20,NA,1,NA,1.66481,1.19625,2.78959,1.02915,0.81263,4.63137,4.10865,2.51235,0.4042,0.28251,3.19906,2.82767,2026-04-09,9,7,7,64,1,0,64,2025-04-17,11,1,10,44,1,0,44,59,NA,1,11213,0,1,"2332 Liberty Drive,Coralville,IA,52241",41.6992,-91.622,NA,2026-06-01
165546,Tabor Manor Care Center,209 Main Street,Tabor,IA,51653,7126292645,350,Fremont,N,For profit - Corporation,46,41,NA,Medicare and Medicaid,N,TABOR MANOR CARE CENTER INC,2004-04-01,NA,NA,NA,NA,NA,NA,NA,N,NA,N,N,N,Resident,Yes,1,NA,1,NA,3,NA,3,NA,NA,2,3,NA,NA,NA,2.58109,0.59077,0.57197,1.16274,3.74383,3.27436,0.38998,0.00323,64.4,NA,83.3,NA,0,NA,1.23697,0.88883,2.0727,0.76467,0.6038,3.44117,3.05278,2.88365,0.66002,0.63902,4.18268,3.65819,2026-03-04,22,17,9,108,1,0,108,2025-02-10,30,27,12,256,1,0,256,145,NA,4,17996,1,5,"209 Main Street,Tabor,IA,51653",40.8983,-95.671,NA,2026-06-01
165547,Parkview Home,102 N. Jackson Street,Wayland,IA,52654,3192563525,430,Henry,N,Non profit - Church related,34,27.3,NA,Medicare and Medicaid,N,WAYLAND MENNONITE HOME ASSOCIATION,2004-06-01,NA,NA,NA,NA,NA,NA,NA,Y,NA,N,N,N,Resident,Yes,5,NA,5,NA,4,NA,4,NA,NA,2,5,NA,NA,NA,2.98923,0.11284,1.11738,1.23022,4.21945,3.51629,0.75347,0.01534,24.1,NA,37.5,NA,0,NA,1.33908,0.9622,2.24379,0.82779,0.65364,3.72521,3.30476,3.08499,0.11646,1.15318,4.35463,3.62893,2025-06-12,0,0,0,0,0,0,0,2024-08-01,4,4,0,16,1,0,16,4,NA,0,0,0,0,"102 N. Jackson Street,Wayland,IA,52654",41.1476,-91.666,NA,2026-06-01
165548,Arbor Springs of West Des Moines L L C,7951 E P True Parkway,West Des Moines,IA,50266,5152231135,240,Dallas,Y,For profit - Limited Liability company,56,50.8,NA,Medicare,N,"ARBOR SPRINGS OPERATIONS, LLC",2005-01-01,NA,NA,NA,NA,NA,NA,NA,N,NA,N,N,N,Resident,Yes,3,NA,3,NA,3,NA,4,NA,3,NA,4,NA,NA,NA,4.87207,0.56622,0.4042,0.97042,5.84249,5.51233,0.27917,0.02557,41.1,NA,57.1,NA,0,NA,1.20451,0.8655,2.01831,0.7446,0.58795,3.35086,2.97266,5.58988,0.64965,0.46375,6.70328,6.32447,2025-05-29,8,6,3,32,1,0,32,2024-06-06,6,4,2,52,1,0,52,37,NA,0,0,0,0,"7951 E P True Parkway,West Des Moines,IA,50266",41.5732,-93.824,NA,2026-06-01
165549,Accura Healthcare of Ottumwa,Three Pennsylvania Place,Ottumwa,IA,52501,6416833372,890,Wapello,N,For profit - Corporation,60,54.3,NA,Medicare and Medicaid,N,OTTUMWA DEVELOPMENTS INC,2004-08-01,NA,NA,NA,NA,NA,NA,NA,Y,NA,N,N,N,Resident,Yes,4,NA,4,NA,3,NA,4,NA,2,NA,4,NA,NA,NA,2.7466,0.50128,0.69726,1.19855,3.94515,3.28252,0.32043,0.02623,32.8,NA,22.2,NA,0,NA,1.26605,0.90972,2.12142,0.78264,0.61799,3.52205,3.12453,2.9981,0.54719,0.76111,4.30639,3.58308,2025-09-25,1,1,0,4,1,0,4,2024-09-12,4,3,1,32,1,0,32,11,NA,0,0,1,1,"Three Pennsylvania Place,Ottumwa,IA,52501",41.0182,-92.417,22,2026-06-01
165550,Solon Nursing Care Center,523 E Fifth Street,Solon,IA,52333,3196243492,510,Johnson,Y,For profit - Corporation,96,82,NA,Medicare and Medicaid,N,SOLON NURSING CARE CENTER INC,2004-06-01,NA,NA,NA,NA,NA,NA,NA,Y,NA,N,N,N,Resident,Yes,5,NA,5,NA,2,NA,2,NA,2,NA,4,NA,NA,NA,2.34711,0.63829,0.56415,1.20244,3.54955,3.34213,0.45136,0.03779,52.2,NA,62.5,NA,0,NA,1.07617,0.77329,1.80326,0.66527,0.5253,2.99383,2.65593,3.01407,0.81966,0.72446,4.55818,4.29183,2025-07-03,0,0,0,0,0,0,0,2024-07-25,1,0,1,20,0,0,20,5,NA,0,0,0,0,"523 E Fifth Street,Solon,IA,52333",41.8021,-91.492,NA,2026-06-01
165552,The Vinton Lutheran Home,1301 Second Avenue South,Vinton,IA,52349,3194724751,050,Benton,Y,Non profit - Corporation,61,48.2,NA,Medicare and Medicaid,N,LUTHERAN HOME FOR THE AGED ASSOCIATION-EAST,2005-11-05,NA,NA,NA,NA,NA,NA,NA,N,NA,N,N,N,Resident,Yes,2,NA,1,NA,3,NA,3,NA,NA,2,5,NA,NA,NA,3.21055,0.44997,0.61965,1.06962,4.28017,3.51984,0.3797,0.02928,33.3,NA,28.6,NA,0,NA,1.10946,0.7972,1.85903,0.68584,0.54155,3.08643,2.73808,3.99916,0.5605,0.77185,5.33151,4.38442,2025-04-10,5,3,2,145,1,0,145,2024-04-22,8,5,3,48,1,0,48,120.75,1,0,0,0,0,"1301 Second Avenue South,Vinton,IA,52349",42.1592,-92.023,NA,2026-06-01
165553,The Vistas at Bettendorf,2500 Grant Street,Bettendorf,IA,52722,5633599171,810,Scott,Y,For profit - Limited Liability company,79,73.9,NA,Medicare and Medicaid,N,BETTENDORF IA SNF OPCO LLC,2004-10-01,SHLOMO HOFFMAN,713,10,2.4,2.4,3.3,3.1,Y,NA,N,N,N,Resident,Yes,3,NA,3,NA,2,NA,2,NA,1,NA,4,NA,NA,NA,2.84864,0.81633,0.55794,1.37428,4.22291,3.81326,0.40814,0.01708,42.4,NA,31.3,NA,1,NA,1.22525,0.88041,2.05306,0.75742,0.59807,3.40856,3.02385,3.21301,0.92075,0.62931,4.76307,4.30102,2025-08-14,6,4,6,28,1,0,28,2024-08-29,2,1,1,8,1,0,8,23,NA,0,0,0,0,"2500 Grant Street,Bettendorf,IA,52722",41.5263,-90.498,NA,2026-06-01
165555,Adel Acres,1919 Greene Street,Adel,IA,50003,5159934511,240,Dallas,Y,For profit - Individual,50,40,NA,Medicare and Medicaid,N,Legal Business Name Not Available,2004-12-01,MGM HEALTHCARE,348,32,2.4,2.2,1.7,3.9,N,NA,N,N,N,Resident,Yes,2,NA,1,NA,5,NA,5,NA,NA,2,1,NA,NA,NA,2.1174,0.47235,0.47624,0.94859,3.06599,2.635,0.33928,0.01614,54.1,NA,87.5,NA,0,NA,1.35915,0.97662,2.27743,0.8402,0.66344,3.78107,3.35432,2.15295,0.48028,0.48423,3.11746,2.67924,2025-04-09,16,9,7,144,1,0,144,2024-05-23,18,9,9,96,1,0,96,132,NA,1,16544,0,1,"1919 Greene Street,Adel,IA,50003",41.6138,-94.032,NA,2026-06-01
165556,Sunnycrest Manor,2375 Roosevelt Street,Dubuque,IA,52001,5635831781,300,Dubuque,Y,Government - County,77,72.5,NA,Medicare and Medicaid,N,COUNTY OF DUBUQUE,2005-05-01,NA,NA,NA,NA,NA,NA,NA,N,NA,N,N,N,Resident,Yes,4,NA,4,NA,2,NA,2,NA,NA,2,4,NA,NA,NA,3.12062,0.60564,0.61305,1.2187,4.33932,3.8644,0.47798,0.01565,41,NA,45.5,NA,0,NA,1.24096,0.89169,2.07938,0.76714,0.60574,3.45226,3.06262,3.47522,0.67447,0.68272,4.83241,4.30352,2026-03-05,4,3,1,16,1,0,16,2025-02-27,6,5,1,32,1,0,32,20,NA,0,0,0,0,"2375 Roosevelt Street,Dubuque,IA,52001",42.5323,-90.658,NA,2026-06-01
165557,Deerfield Health Care Center,13731 Hickman Road,Urbandale,IA,50323,5153316900,760,Polk,Y,Non profit - Church related,30,23.5,NA,Medicare,N,IMMANUEL LONG TERM CARE,2005-07-22,IMMANUEL,281,3,4.7,3.3,5,4.3,Y,NA,N,N,N,Resident,Yes,5,NA,4,NA,4,NA,4,NA,5,NA,5,NA,NA,NA,3.19838,0.77523,1.664,2.43924,5.63762,5.26444,1.17574,0.12397,28.1,NA,12.5,NA,0,NA,1.35223,0.97165,2.26583,0.83592,0.66006,3.7618,3.33722,3.26873,0.79228,1.70061,5.76163,5.38024,2025-03-27,2,2,0,8,1,0,8,2024-04-25,2,1,1,8,1,0,8,8,NA,0,0,0,0,"13731 Hickman Road,Urbandale,IA,50323",41.6149,-93.807,NA,2026-06-01
165559,Ennoble Nursing and Rehab,2000 Pasadena Drive,Dubuque,IA,52001,5635571076,300,Dubuque,Y,For profit - Limited Liability company,85,67.6,NA,Medicare and Medicaid,N,DUBUQUE OPCO LLC,2005-11-28,SHLOMO HOFFMAN,713,10,2.4,2.4,3.3,3.1,N,NA,N,N,N,Resident,Yes,5,NA,5,NA,5,NA,5,NA,5,NA,4,NA,NA,NA,2.40372,0.90818,0.51918,1.42736,3.83108,3.27751,0.35448,0.01657,43.1,NA,22.2,NA,1,NA,1.29826,0.93287,2.1754,0.80256,0.63371,3.61167,3.20403,2.55871,0.96674,0.55266,4.07811,3.48884,2025-06-05,0,0,0,0,0,0,0,2024-07-18,2,2,0,16,1,0,16,4,NA,0,0,0,0,"2000 Pasadena Drive,Dubuque,IA,52001",42.5044,-90.719,NA,2026-06-01
165561,Heritage House,1200 Brookridge Circle,Atlantic,IA,50022,7122431850,140,Cass,N,Non profit - Corporation,61,57.3,NA,Medicare and Medicaid,N,WESLEY RETIREMENT SERVICES INC,2005-10-01,WESLEYLIFE,561,10,4,3.4,4.4,3.9,Y,NA,N,N,N,Resident,Yes,4,NA,4,NA,4,NA,4,NA,4,NA,4,NA,NA,NA,2.72571,0.6085,0.77137,1.37987,4.10558,3.60696,0.51182,0.03062,35.9,NA,45.5,NA,0,NA,1.18145,0.84893,1.97966,0.73035,0.57669,3.2867,2.91574,3.18834,0.71178,0.90229,4.80242,4.21916,2025-09-11,4,4,0,24,1,0,24,2024-10-10,1,0,1,8,0,0,8,20,NA,0,0,0,0,"1200 Brookridge Circle,Atlantic,IA,50022",41.3986,-95,NA,2026-06-01
165565,Hawkeye Care Center Dubuque,5575 Pennsylvania Avenue,Asbury,IA,52002,5635836447,300,Dubuque,Y,For profit - Limited Liability company,80,74.1,NA,Medicare and Medicaid,N,HAWKEYE CARE CENTER OF DUBUQUE LLC,2005-10-01,NA,NA,NA,NA,NA,NA,NA,Y,NA,N,N,N,Resident,Yes,3,NA,3,NA,3,NA,2,NA,3,NA,3,NA,NA,NA,2.18012,0.33344,1.09135,1.42479,3.60491,3.2461,0.90168,0.06379,NA,26,NA,26,1,NA,1.23965,0.89076,2.0772,0.76633,0.60511,3.44863,3.0594,2.43041,0.37172,1.21664,4.01877,3.61877,2025-09-18,3,3,0,24,1,0,24,2024-09-12,4,2,2,36,1,0,36,27,NA,0,0,0,0,"5575 Pennsylvania Avenue,Asbury,IA,52002",42.5005,-90.76,NA,2026-06-01
165566,"Highland Ridge Care Center, LLC",102 Highland Circle,Williamsburg,IA,52361,3196683800,470,Iowa,N,Non profit - Corporation,59,48.3,NA,Medicare and Medicaid,N,"HIGHLAND RIDGE CARE CENTER, LLC",2006-01-24,PRESBYTERIAN HOMES & SERVICES,412,21,4.3,3.6,4.9,3,Y,NA,N,N,N,Both,Yes,3,NA,2,NA,4,NA,4,NA,4,NA,5,NA,NA,NA,3.43683,0.2731,0.91878,1.19188,4.62871,4.10422,0.393,0.01988,34.4,NA,0,NA,0,NA,1.0887,0.78229,1.82425,0.67301,0.53142,3.02868,2.68685,4.36264,0.34667,1.16629,5.87559,5.20981,2025-09-11,8,4,4,68,1,0,68,2024-10-03,2,0,2,8,0,0,8,53,NA,1,36752,0,1,"102 Highland Circle,Williamsburg,IA,52361",41.6647,-92.007,NA,2026-06-01
165567,West Ridge Care Center,3131 F Avenue NW,Cedar Rapids,IA,52405,3193903367,560,Linn,Y,For profit - Corporation,60,51.7,NA,Medicare and Medicaid,N,WEST RIDGE ASSOCIATES INC,2006-01-01,NA,NA,NA,NA,NA,NA,NA,N,NA,N,N,N,Resident,Yes,5,NA,5,NA,4,NA,2,NA,5,NA,5,NA,NA,NA,2.66831,0.67278,0.77848,1.45126,4.11957,3.64779,0.50691,0.09326,36.5,NA,10,NA,1,NA,1.23128,0.88474,2.06317,0.76115,0.60102,3.42534,3.03874,2.99487,0.75512,0.87376,4.62374,4.09422,2026-01-29,0,0,0,0,0,0,0,2024-12-12,0,0,0,0,0,0,0,0,NA,0,0,0,0,"3131 F Avenue NW,Cedar Rapids,IA,52405",41.98,-91.713,NA,2026-06-01
165568,Accura Healthcare of Cascade LLC,701 North Johnson Street NW,Cascade,IA,52033,5638523277,300,Dubuque,Y,For profit - Limited Liability company,46,42,NA,Medicare and Medicaid,N,ACCURA HEALTHCARE OF CASCADE LLC,2006-01-01,ACCURA HEALTHCARE,8,42,2.5,2.4,3.2,2.8,N,NA,N,N,N,Resident,Yes,5,NA,4,NA,4,NA,2,NA,4,NA,5,NA,NA,NA,3.11218,0.71834,0.79927,1.51762,4.62979,4.07013,0.29789,0.01612,30,NA,14.3,NA,0,NA,1.09085,0.78383,1.82785,0.67434,0.53247,3.03465,2.69214,3.94276,0.91006,1.01259,5.86541,5.15638,2025-05-15,3,1,2,16,1,0,16,2024-07-03,0,0,0,0,0,0,0,12,NA,0,0,0,0,"701 North Johnson Street NW,Cascade,IA,52033",42.3022,-91.019,NA,2026-06-01
165569,West Point Care Center Inc,607 6th Street,West Point,IA,52656,3198376117,550,Lee,N,For profit - Limited Liability company,46,24.2,NA,Medicare and Medicaid,N,WEST POINT CARE CENTER INC,2006-03-01,NA,NA,NA,NA,NA,NA,NA,N,NA,N,N,N,Resident,Yes,4,NA,3,NA,5,NA,5,NA,4,NA,4,NA,NA,NA,2.87368,0.39115,1.07874,1.4699,4.34358,3.57371,0.69815,0.01616,55.9,NA,60,NA,1,NA,1.21809,0.87526,2.04106,0.753,0.59458,3.38864,3.00617,3.26031,0.44378,1.22388,4.92797,4.05452,2025-05-29,4,3,1,16,1,0,16,2024-08-08,4,0,4,40,0,0,40,22,NA,1,13627,1,2,"607 6th Street,West Point,IA,52656",40.721,-91.451,NA,2026-06-01
165570,Crystal Heights Care Center,1514 High Avenue West,Oskaloosa,IA,52577,6416737032,610,Mahaska,N,For profit - Corporation,72,67.1,NA,Medicare and Medicaid,N,CANFIELD RIVER HEALTHCARE LLC,2006-06-01,THE ENSIGN GROUP,507,342,3.2,2.9,2.4,4.4,N,NA,N,N,N,Both,Yes,1,NA,2,NA,4,NA,4,NA,NA,2,1,NA,NA,NA,2.11039,0.48515,0.34219,0.82734,2.93773,2.51175,0.21769,0.02432,63.8,NA,NA,27,0,NA,1.30684,0.93904,2.18978,0.80786,0.6379,3.63554,3.22521,2.23171,0.51304,0.36186,3.10662,2.65616,2025-06-26,12,11,4,56,1,0,56,2024-08-08,1,0,1,4,0,0,4,43,NA,1,10489,0,1,"1514 High Avenue West,Oskaloosa,IA,52577",41.2953,-92.661,NA,2026-06-01
165574,Prairie View Home,610 Eastern Street,Sanborn,IA,51248,7129303228,700,Obrien,N,Non profit - Corporation,55,43.8,NA,Medicare and Medicaid,N,PRAIRIE VIEW LEASING,2006-10-01,NA,NA,NA,NA,NA,NA,NA,N,NA,N,N,N,Resident,Yes,5,NA,5,NA,5,NA,5,NA,5,NA,4,NA,NA,NA,2.12641,0.34187,0.8613,1.20317,3.32959,2.89753,0.74395,0.01177,20.5,NA,0,NA,0,NA,1.2165,0.87412,2.0384,0.75202,0.59381,3.38423,3.00226,2.41565,0.38838,0.97845,3.78248,3.29166,2025-07-09,0,0,0,0,0,0,0,2024-08-08,3,3,0,16,1,0,16,4,NA,0,0,0,0,"610 Eastern Street,Sanborn,IA,51248",43.1855,-95.644,NA,2026-06-01
165575,Harmony Utica Ridge,3800 Commerce Blvd,Davenport,IA,52807,5633442000,810,Scott,Y,For profit - Corporation,115,93.9,NA,Medicare and Medicaid,N,UTICA SKILLED NURSING FACILITY LLC,2009-02-09,LEGACY HEALTHCARE,306,89,2.9,2.9,2.6,3.4,N,NA,N,N,N,Resident,Yes,1,NA,1,NA,4,NA,5,NA,3,NA,3,NA,NA,NA,2.27524,0.64811,0.84497,1.49308,3.76832,3.39776,0.4107,0.04405,64.2,NA,47.8,NA,1,NA,1.33143,0.9567,2.23097,0.82306,0.6499,3.70394,3.28589,2.36162,0.67272,0.87705,3.91138,3.52676,2025-04-21,12,12,3,64,1,0,64,2024-06-13,9,3,8,182,1,0,182,93.5,NA,2,51292,0,2,"3800 Commerce Blvd,Davenport,IA,52807",41.569,-90.52,NA,2026-06-01
165576,Ossian Care Center,114 Fisher Street,Ossian,IA,52161,5635329440,950,Winneshiek,N,Non profit - Corporation,46,38.1,NA,Medicare and Medicaid,N,OSSIAN SENIOR HOSPICE INCORPORATED,2006-11-09,NA,NA,NA,NA,NA,NA,NA,N,NA,N,N,N,Resident,Yes,3,NA,3,NA,4,NA,4,NA,NA,2,4,NA,NA,NA,3.15837,0.6223,0.57025,1.19255,4.35092,3.75805,0.45898,0.03118,37.3,NA,37.5,NA,1,NA,1.17672,0.84554,1.97175,0.72743,0.57439,3.27356,2.90409,3.70927,0.73084,0.66972,5.10982,4.41355,2026-01-22,7,6,1,36,1,0,36,2024-11-21,9,7,3,52,1,0,52,40,NA,0,0,0,0,"114 Fisher Street,Ossian,IA,52161",43.1469,-91.766,NA,2026-06-01
165577,Green Hills Health Care Center,2200 Hamilton Drive,Ames,IA,50014,5152965000,840,Story,Y,For profit - Corporation,56,44.8,NA,Medicare,N,"GREEN HILLS HEALTH CARE CENTER, INC",2010-01-28,LIFE CARE SERVICES,312,44,4.1,3.7,4.5,4.1,Y,NA,N,N,N,Resident,Yes,5,NA,4,NA,3,NA,4,NA,2,NA,5,NA,NA,NA,3.41423,0.06066,1.2773,1.33796,4.75219,3.93691,0.70912,0.04063,49.3,NA,38.5,NA,1,NA,1.1324,0.81369,1.89747,0.70003,0.55275,3.15025,2.79469,4.16671,0.07403,1.55881,5.79955,4.80459,2026-01-22,0,0,0,0,0,0,0,2024-11-21,7,7,1,36,1,0,36,9,NA,0,0,0,0,"2200 Hamilton Drive,Ames,IA,50014",42.0021,-93.644,NA,2026-06-01
165578,Accura Healthcare of Muscatine,3440 Mulberry Avenue,Muscatine,IA,52761,5632632194,690,Muscatine,N,For profit - Corporation,100,65.3,NA,Medicare and Medicaid,N,ACCURA HEALTHCARE OF MUSCATINE LLC,2007-02-07,ACCURA HEALTHCARE,8,42,2.5,2.4,3.2,2.8,N,NA,N,N,N,Resident,Yes,3,NA,3,NA,2,NA,1,NA,3,NA,3,NA,NA,NA,1.84996,0.59034,0.58594,1.17628,3.02624,2.73203,0.35459,0.03629,30.6,NA,54.5,NA,0,NA,1.15931,0.83303,1.94257,0.71666,0.56589,3.22512,2.86111,2.20528,0.70372,0.69848,3.60748,3.25676,2025-05-08,7,6,1,36,1,0,36,2024-08-01,11,10,3,48,1,0,48,39,NA,0,0,0,0,"3440 Mulberry Avenue,Muscatine,IA,52761",41.4471,-91.084,NA,2026-06-01
165579,Maquoketa Care Center,1202 German Street,Maquoketa,IA,52060,5636525195,480,Jackson,N,For profit - Limited Liability company,46,34.6,NA,Medicare and Medicaid,N,MAQUOKETA OPCO LLC,2007-07-01,SHLOMO HOFFMAN,713,10,2.4,2.4,3.3,3.1,N,NA,N,N,N,Resident,Yes,4,NA,4,NA,4,NA,4,NA,3,NA,3,NA,NA,NA,2.18071,0.2613,1.19382,1.45512,3.63583,3.36527,1.02527,0.01814,54.8,NA,46.2,NA,0,NA,1.37989,0.99152,2.31217,0.85302,0.67356,3.83875,3.40548,2.18401,0.26169,1.19562,3.64132,3.37035,2025-05-29,1,1,0,4,1,0,4,2024-07-18,4,0,4,28,0,0,28,10,NA,0,0,0,0,"1202 German Street,Maquoketa,IA,52060",42.0717,-90.678,NA,2026-06-01
165580,Royal Oaks Nursing and Rehabilitation Center,4614 NW 84th Street,Urbandale,IA,50322,5152706838,760,Polk,Y,For profit - Corporation,115,86,NA,Medicare and Medicaid,N,ROYAL OAKS NURSING AND REHABILITATION CENTER LLC,2007-07-09,CEDAR VIEW HOLDINGS,888,9,1.3,1.3,2,3,N,SFF Candidate,N,N,N,Resident,Yes,1,NA,1,NA,4,NA,3,NA,4,NA,1,NA,NA,NA,2.3438,0.73315,0.26179,0.99494,3.33874,3.00466,0.15864,0.07845,55.3,NA,80,NA,2,NA,1.29723,0.93213,2.17368,0.80192,0.63321,3.60882,3.2015,2.4969,0.78104,0.27889,3.55683,3.20093,2025-05-20,27,12,21,204,1,0,204,2024-07-01,38,12,28,266,1,0,266,219.5,NA,3,122945,1,4,"4614 NW 84th Street,Urbandale,IA,50322",41.644,-93.733,NA,2026-06-01
165584,Bethany Home,1005 Lincoln Avenue,Dubuque,IA,52001,5635565233,300,Dubuque,Y,For profit - Corporation,66,65.2,NA,Medicare and Medicaid,N,BETHANY HOME,2009-04-17,NA,NA,NA,NA,NA,NA,NA,Y,NA,N,N,N,None,Yes,5,NA,5,NA,4,NA,4,NA,NA,2,5,NA,NA,NA,3.00098,0.42267,0.94266,1.36534,4.36632,3.83372,0.59145,0.023,28.9,NA,0,NA,0,NA,1.1459,0.82339,1.92009,0.70837,0.55934,3.1878,2.82801,3.61924,0.50975,1.13687,5.26586,4.62354,2025-05-01,0,0,0,0,0,0,0,2024-06-27,0,0,0,0,0,0,0,0,NA,0,0,0,0,"1005 Lincoln Avenue,Dubuque,IA,52001",42.5191,-90.662,NA,2026-06-01
165586,Timely Mission Nursing Home,109 Mission Drive,Buffalo Center,IA,50424,6415622494,940,Winnebago,N,Non profit - Corporation,42,32.3,NA,Medicare and Medicaid,N,TIMELY MISSION NURSING HOME,2008-04-14,NA,NA,NA,NA,NA,NA,NA,N,NA,N,N,N,Resident,Yes,5,NA,5,NA,3,NA,3,NA,NA,2,5,NA,NA,NA,2.16269,0.71343,0.5982,1.31163,3.47432,2.92936,0.4787,0.0099,33.3,NA,NA,27,0,NA,1.05204,0.75594,1.76282,0.65035,0.51352,2.92669,2.59636,2.84095,0.93718,0.7858,4.56393,3.84805,2025-06-25,1,0,1,4,0,0,4,2024-08-01,2,2,0,8,1,0,8,5,NA,0,0,0,0,"109 Mission Drive,Buffalo Center,IA,50424",43.3881,-93.952,NA,2026-06-01
165587,Northbrook Healthcare and Rehabilitation Center,6420 Council Street NE,Cedar Rapids,IA,52402,3193931447,560,Linn,Y,For profit - Limited Liability company,130,83.5,NA,Medicare and Medicaid,N,EREZ HEALTHCARE GROUP LLC,2008-06-01,NA,NA,NA,NA,NA,NA,NA,N,NA,N,N,N,Resident,Yes,1,NA,1,NA,3,NA,3,NA,3,NA,2,NA,NA,NA,2.39752,0.61913,0.45498,1.07411,3.47163,3.31095,0.39191,0.03883,65.6,NA,44.4,NA,0,NA,1.34287,0.96493,2.25015,0.83014,0.65549,3.73578,3.31413,2.46733,0.63716,0.46823,3.57271,3.40735,2025-08-14,18,12,10,88,1,0,88,2024-09-19,33,8,26,247,1,0,247,127.75,NA,1,38787,1,2,"6420 Council Street NE,Cedar Rapids,IA,52402",42.0422,-91.658,NA,2026-06-01
165589,Oskaloosa Care Center,605 Highway 432,Oskaloosa,IA,52577,6416763414,610,Mahaska,N,For profit - Corporation,83,82.5,NA,Medicare and Medicaid,N,OSKALOOSA CARE CENTER INC,2008-09-04,NA,NA,NA,NA,NA,NA,NA,N,NA,N,N,N,Resident,Yes,1,NA,1,NA,2,NA,3,NA,1,NA,2,NA,NA,NA,2.62075,0.78667,0.25218,1.03885,3.6596,3.39271,0.17095,0.01693,61.5,NA,100,NA,0,NA,1.16074,0.83405,1.94496,0.71754,0.56658,3.22909,2.86463,3.12026,0.93661,0.30024,4.35712,4.03936,2025-06-19,15,5,10,159,1,0,159,2024-08-01,10,4,8,52,1,0,52,132.25,NA,1,67324,1,2,"605 Highway 432,Oskaloosa,IA,52577",41.2999,-92.666,NA,2026-06-01
165590,Clarence Nursing Home,402 2nd Avenue,Clarence,IA,52216,5634523262,150,Cedar,N,For profit - Corporation,46,44.1,NA,Medicare and Medicaid,N,CLARENCE NURSING HOME INC,2009-02-18,NA,NA,NA,NA,NA,NA,NA,N,NA,N,N,N,Resident,Yes,5,NA,4,NA,5,NA,5,NA,NA,2,4,NA,NA,NA,2.36799,0.34532,0.57752,0.92284,3.29082,2.98976,0.52546,0.05973,34.9,NA,0,NA,0,NA,1.09218,0.78479,1.83008,0.67516,0.53312,3.03836,2.69543,2.9963,0.43694,0.73076,4.164,3.78305,2025-07-09,1,1,0,4,1,0,4,2024-08-22,2,2,0,12,1,0,12,6,NA,0,0,0,0,"402 2nd Avenue,Clarence,IA,52216",41.8869,-91.063,NA,2026-06-01
165591,Spurgeon Manor,1204 Linden Street,Dallas Center,IA,50063,5159923735,240,Dallas,Y,Non profit - Corporation,55,48,NA,Medicare and Medicaid,N,SPURGEON MANOR INC,2009-02-17,NA,NA,NA,NA,NA,NA,NA,Y,NA,N,N,N,Resident,Yes,5,NA,4,NA,5,NA,4,NA,5,NA,5,NA,NA,NA,3.34036,0.84275,0.93086,1.77362,5.11397,4.6996,0.58708,0.10025,40.3,NA,33.3,NA,0,NA,1.22759,0.88209,2.05698,0.75887,0.59922,3.41507,3.02963,3.76044,0.94874,1.04793,5.7571,5.29062,2025-09-25,3,2,1,16,1,0,16,2024-11-07,4,2,2,16,1,0,16,16,NA,0,0,0,0,"1204 Linden Street,Dallas Center,IA,50063",41.6804,-93.958,NA,2026-06-01
165592,Savannah Heights,601 S Prairie Street,Mount Pleasant,IA,52641,3193858095,430,Henry,N,For profit - Corporation,50,33.3,NA,Medicare and Medicaid,N,PLEASANT MANOR CARE CENTER INC,2009-02-03,NA,NA,NA,NA,NA,NA,NA,N,NA,N,N,N,Resident,Yes,4,NA,4,NA,4,NA,4,NA,NA,2,4,NA,NA,NA,2.11199,0.96948,0.67361,1.6431,3.75509,3.20008,0.50324,0.01127,53.8,NA,42.9,NA,0,NA,1.16209,0.83502,1.94723,0.71838,0.56725,3.23286,2.86798,2.51161,1.15292,0.80107,4.4656,3.80557,2025-08-25,4,3,2,16,1,0,16,2024-08-29,7,5,2,28,1,0,28,19,NA,0,0,0,0,"601 S Prairie Street,Mount Pleasant,IA,52641",40.962,-91.528,NA,2026-06-01
165593,Scottish Rite Park Inc,2909 Woodland Avenue,Des Moines,IA,50312,5152744614,760,Polk,Y,Non profit - Corporation,51,28.7,NA,Medicare and Medicaid,N,SCOTTISH RITE PARK INC,2009-05-22,NA,NA,NA,NA,NA,NA,NA,Y,NA,N,N,N,Resident,Yes,5,NA,4,NA,5,NA,5,NA,3,NA,5,NA,NA,NA,3.40466,0.79465,1.2117,2.00635,5.41101,4.66211,0.52497,0.1198,25,NA,30,NA,NA,26,1.20089,0.8629,2.01224,0.74237,0.58618,3.3408,2.96373,3.91805,0.91448,1.39441,6.22693,5.3651,2025-06-26,2,2,0,8,1,0,8,2024-07-18,5,3,3,52,1,0,52,19,NA,5,33348,0,5,"2909 Woodland Avenue,Des Moines,IA,50312",41.588,-93.657,NA,2026-06-01
165594,Brooklyn Community Estates,406 North Street,Brooklyn,IA,52211,6415229263,780,Poweshiek,N,For profit - Corporation,50,45,NA,Medicare and Medicaid,N,BROOKLYN COMMUNITY ESTATE INC,2009-10-01,NA,NA,NA,NA,NA,NA,NA,N,NA,N,N,N,Resident,Yes,5,NA,5,NA,5,NA,5,NA,NA,2,4,NA,NA,NA,2.39037,0.39628,0.45239,0.84867,3.23904,2.83009,0.28751,0.02631,26.5,NA,20,NA,0,NA,1.19121,0.85595,1.99602,0.73638,0.58146,3.31386,2.93984,2.77316,0.45975,0.52483,3.75774,3.2833,2025-05-07,0,0,0,0,0,0,0,2024-08-01,0,0,0,0,0,0,0,0,NA,0,0,0,0,"406 North Street,Brooklyn,IA,52211",41.739,-92.442,NA,2026-06-01
165595,"Akron Care Center, INC",991 Highway 3,Akron,IA,51001,7125682422,740,Plymouth,N,Government - City,45,42.1,NA,Medicare and Medicaid,N,"AKRON CARE CENTER, INC.",2009-08-21,NA,NA,NA,NA,NA,NA,NA,N,NA,N,N,N,Resident,Yes,4,NA,4,NA,2,NA,2,NA,NA,2,4,NA,NA,NA,2.56254,0.2953,1.01363,1.30894,3.87147,3.41099,0.56176,0.02681,50,NA,50,NA,NA,26,1.08602,0.78036,1.81976,0.67135,0.53011,3.02122,2.68023,3.26087,0.37578,1.28986,4.92651,4.34055,2025-05-01,1,1,0,4,1,0,4,2024-05-16,3,3,0,12,1,0,12,6,NA,0,0,0,0,"991 Highway 3,Akron,IA,51001",42.8159,-96.551,NA,2026-06-01
165597,"Edgewater, A Wesleylife Community",9225 Cascade Avenue,West Des Moines,IA,50266,5159782400,760,Polk,Y,Non profit - Corporation,40,38.9,NA,Medicare and Medicaid,N,"EDGEWATER, A WESLEY ACTIVE LIFE COMMUNITY, LLC",2009-10-30,WESLEYLIFE,561,10,4,3.4,4.4,3.9,Y,NA,N,N,N,Resident,Yes,4,NA,3,NA,5,NA,5,NA,5,NA,4,NA,NA,NA,2.42759,0.97367,0.91892,1.89259,4.32018,3.90337,0.53038,0.14672,42.2,NA,66.7,NA,1,NA,1.31672,0.94613,2.20633,0.81397,0.64272,3.66303,3.2496,2.54789,1.02192,0.96446,4.53427,4.0968,2025-06-19,4,0,4,16,0,0,16,2024-07-15,6,2,4,40,1,0,40,22,NA,0,0,0,0,"9225 Cascade Avenue,West Des Moines,IA,50266",41.5541,-93.832,NA,2026-06-01
165599,Cedar Manor Nursing Home,1200 Mulberry Street,Tipton,IA,52772,5638862133,150,Cedar,N,Non profit - Other,54,46.9,NA,Medicare and Medicaid,N,THE CEDAR FOUNDATION INCORPORATED OF CEDAR COUNTY IOWA,2010-07-01,NA,NA,NA,NA,NA,NA,NA,Y,NA,N,N,N,Resident,Yes,4,NA,3,NA,5,NA,5,NA,NA,2,4,NA,NA,NA,2.84726,0.41928,0.81306,1.23234,4.07961,3.46363,0.59237,0.02017,41.8,NA,50,NA,3,NA,1.3059,0.93836,2.1882,0.80728,0.63744,3.63292,3.22288,3.01313,0.44371,0.86043,4.31726,3.6654,2025-11-20,3,3,0,16,1,0,16,2024-10-03,9,2,7,100,1,0,100,37,NA,3,44087,0,3,"1200 Mulberry Street,Tipton,IA,52772",41.7776,-91.125,NA,2026-06-01
165601,Harmony West Des Moines,5010 Grand Ridge Drive,West Des Moines,IA,50265,5152225991,760,Polk,Y,For profit - Corporation,113,98.6,NA,Medicare and Medicaid,N,DES MOINES SKILLED NURSING FACILITY LLC,2010-07-15,LEGACY HEALTHCARE,306,89,2.9,2.9,2.6,3.4,N,SFF Candidate,N,N,N,Resident,Yes,1,NA,1,NA,3,NA,4,NA,2,NA,3,NA,NA,NA,2.40795,0.67452,0.63309,1.30761,3.71556,3.40894,0.48571,0.0462,66.3,NA,76.5,NA,0,NA,1.32491,0.95202,2.22005,0.81903,0.64672,3.6858,3.2698,2.51166,0.70357,0.66035,3.87559,3.55577,2025-02-20,14,13,1,92,1,0,92,2023-12-11,33,7,27,769,1,0,769,261.25,NA,0,0,0,0,"5010 Grand Ridge Drive,West Des Moines,IA,50265",41.5435,-93.767,NA,2026-06-01
165602,Prestige Care Center of Fairfield,400 Highland Street,Fairfield,IA,52556,6414692140,500,Jefferson,N,For profit - Limited Liability company,73,52.6,NA,Medicare and Medicaid,N,SUNNYBROOK OPERATIONS LLC,2011-02-01,PRESTIGE CARE CENTER,602,3,1.7,2,3,2.3,N,NA,N,N,N,Both,Yes,1,NA,1,NA,3,NA,3,NA,NA,2,3,NA,NA,NA,2.47401,0.25994,0.78243,1.04236,3.51637,3.08726,0.48131,0.04241,61.3,NA,62.5,NA,1,NA,1.33279,0.95768,2.23325,0.8239,0.65057,3.70772,3.28924,2.56531,0.26953,0.8113,3.64614,3.20119,2025-06-11,23,23,17,120,1,0,120,2024-06-27,25,13,14,223,1,0,223,145.75,NA,3,106751,1,4,"400 Highland Street,Fairfield,IA,52556",41.0038,-91.952,NA,2026-06-01
165603,Denver Sunset Home,235 North Mill Street,Denver,IA,50622,3199845372,080,Bremer,Y,Non profit - Corporation,31,27.6,NA,Medicare and Medicaid,N,DENVER SUNSET HOME,2011-06-01,NA,NA,NA,NA,NA,NA,NA,N,NA,N,N,N,None,Yes,4,NA,4,NA,2,NA,3,NA,1,NA,4,NA,NA,NA,2.6649,0.51624,0.78708,1.30332,3.96822,3.60166,0.59549,0.04355,45.9,NA,50,NA,0,NA,1.33052,0.95605,2.22945,0.8225,0.64946,3.70142,3.28365,2.76795,0.53621,0.81752,4.12167,3.74094,2026-03-26,2,2,0,8,1,0,8,2025-03-27,4,4,0,8,1,0,8,8,0,0,0,0,0,"235 North Mill Street,Denver,IA,50622",42.6744,-92.335,NA,2026-06-01
165604,Keystone Nursing Care Center INC,250 Fifth Street,Keystone,IA,52249,3194423234,050,Benton,Y,For profit - Corporation,55,42,NA,Medicare and Medicaid,N,KEYSTONE NURSING CARE CENTER INC,2012-07-17,NA,NA,NA,NA,NA,NA,NA,Y,NA,N,N,N,Resident,Yes,5,NA,5,NA,5,NA,5,NA,NA,2,4,NA,NA,NA,2.9897,0.56946,0.33969,0.90915,3.89885,3.53251,0.28515,0.04483,41.7,NA,60,NA,0,NA,1.10201,0.79186,1.84656,0.68124,0.53792,3.06573,2.71971,3.74921,0.71413,0.42598,4.88933,4.42992,2025-09-11,0,0,0,0,0,0,0,2024-09-19,2,0,2,24,0,0,24,6,NA,0,0,0,0,"250 Fifth Street,Keystone,IA,52249",42.0036,-92.199,NA,2026-06-01
165605,Kennybrook Village,200 SW Brookside Drive,Grimes,IA,50111,5153693900,760,Polk,Y,For profit - Individual,40,38.4,NA,Medicare and Medicaid,N,"CCRC OF GRIMES, LLC",2012-03-23,PIVOTAL HEALTH CARE,404,9,4.3,3.5,4.5,4.3,Y,NA,N,N,N,Resident,Yes,4,NA,3,NA,4,NA,5,NA,3,NA,5,NA,NA,NA,2.80087,0.66417,0.92711,1.59128,4.39215,3.91394,0.6263,0.04542,50.9,NA,33.3,NA,0,NA,1.30917,0.94071,2.19367,0.8093,0.63904,3.64201,3.23095,2.95663,0.70111,0.97867,4.63641,4.13161,2026-01-22,3,3,0,20,1,0,20,2025-01-09,5,4,1,44,1,0,44,26,NA,0,0,0,0,"200 SW Brookside Drive,Grimes,IA,50111",41.6883,-93.806,NA,2026-06-01
165606,Perry Lutheran Home,2323 East Willis Avenue,Perry,IA,50220,5154655342,240,Dallas,Y,Non profit - Corporation,70,54.6,NA,Medicare and Medicaid,N,LUTHERAN HOME FOR THE AGED ASSOCIATION-WEST,2012-03-01,NA,NA,NA,NA,NA,NA,NA,Y,NA,N,N,N,Both,Yes,1,NA,1,NA,3,NA,3,NA,NA,2,4,NA,NA,NA,2.5472,0.36164,0.69231,1.05394,3.60115,3.32207,0.4591,0.00552,39.1,NA,44.4,NA,0,NA,1.1546,0.82964,1.93468,0.71375,0.56359,3.21203,2.8495,3.04881,0.43285,0.82864,4.3103,3.97627,2026-04-02,5,3,2,36,1,0,36,2025-03-13,16,5,11,491,1,0,491,149.75,NA,1,16351,1,2,"2323 East Willis Avenue,Perry,IA,50220",41.8384,-94.091,NA,2026-06-01
165607,The Cottages,1742 Main Street,Pella,IA,50219,6416281244,620,Marion,N,Non profit - Corporation,100,84.5,NA,Medicare and Medicaid,N,HEARTHSTONE A MINISTRY OF WESLEYLIFE LLC,2014-05-30,WESLEYLIFE,561,10,4,3.4,4.4,3.9,Y,NA,N,N,N,None,Yes,2,NA,1,NA,3,NA,3,NA,4,NA,5,NA,NA,NA,2.87147,0.68778,0.85492,1.5427,4.41417,4.15593,0.60216,0.01397,45.2,NA,38.5,NA,0,NA,1.17366,0.84334,1.96661,0.72553,0.57289,3.26504,2.89653,3.38113,0.80985,1.00666,5.19764,4.89356,2025-08-25,11,9,4,60,1,0,60,2024-09-26,10,3,7,165,1,0,165,86.25,NA,2,40054,0,2,"1742 Main Street,Pella,IA,50219",41.4238,-92.916,NA,2026-06-01
165609,Newton Village Health Care Center,114 N 5th Avenue W,Newton,IA,50208,6417920115,490,Jasper,Y,Non profit - Corporation,24,20.9,NA,Medicare and Medicaid,N,"NEWTON VILLAGE, INC",2014-09-10,CASSIA,120,16,4.4,3.4,4.7,4.3,N,NA,N,N,N,Resident,Yes,5,NA,4,NA,5,NA,5,NA,5,NA,4,NA,NA,NA,2.82401,0.49896,1.57644,2.07539,4.89941,4.33998,1.00047,0.18502,57.1,NA,42.9,NA,0,NA,1.38863,0.9978,2.32682,0.85842,0.67782,3.86306,3.42706,2.81048,0.49657,1.56888,4.87593,4.31918,2025-03-13,2,2,0,8,1,0,8,2024-04-24,4,0,4,20,0,0,20,11,3,0,0,0,0,"114 N 5th Avenue W,Newton,IA,50208",41.7032,-93.054,NA,2026-06-01
165610,Prairie Vista Village,2785 1ST Avenue S,Altoona,IA,50009,5159678700,760,Polk,Y,For profit - Limited Liability company,46,43.6,NA,Medicare and Medicaid,N,CCRC OF ALTOONA LLC,2014-09-06,PIVOTAL HEALTH CARE,404,9,4.3,3.5,4.5,4.3,Y,NA,N,N,N,Resident,Yes,5,NA,4,NA,5,NA,3,NA,5,NA,5,NA,NA,NA,3.0755,0.40326,0.89781,1.30107,4.37657,3.72974,0.6691,0.08881,37.5,NA,50,NA,0,NA,1.30259,0.93598,2.18265,0.80523,0.63583,3.62371,3.21472,3.26293,0.42783,0.95253,4.64329,3.95704,2025-05-22,1,1,0,8,1,0,8,2024-05-16,3,2,1,24,1,0,24,12,1,0,0,0,0,"2785 1ST Avenue S,Altoona,IA,50009",41.6369,-93.465,NA,2026-06-01
165611,Wilton Retirement Community,307 Ovesen Drive,Wilton,IA,52778,5637325067,690,Muscatine,N,Non profit - Corporation,34,31,NA,Medicare and Medicaid,N,SIMPSON MEMORIAL HOME INC,2014-10-14,NA,NA,NA,NA,NA,NA,NA,N,NA,N,N,N,Resident,Yes,5,NA,5,NA,3,NA,3,NA,NA,2,5,NA,NA,NA,4.09784,0.37846,0.81822,1.19668,5.29452,5.03237,0.65855,0.01229,31,NA,42.9,NA,1,NA,1.21488,0.87295,2.03568,0.75101,0.59301,3.3797,2.99825,4.66146,0.43052,0.93075,6.02274,5.72453,2025-12-31,1,1,0,4,1,0,4,2024-10-10,1,1,0,4,1,0,4,4,NA,0,0,0,0,"307 Ovesen Drive,Wilton,IA,52778",41.5961,-91.011,NA,2026-06-01
165612,Trinity Center at Luther Park,1555 Hull Avenue,Des Moines,IA,50316,5152625639,760,Polk,Y,Non profit - Corporation,120,112.7,NA,Medicare and Medicaid,N,LUTHER PARK HEALTH CENTER INC,2015-03-20,NA,NA,NA,NA,NA,NA,NA,Y,NA,N,N,N,Resident,Yes,1,NA,1,NA,4,NA,3,NA,5,NA,4,NA,NA,NA,2.56572,0.63409,0.47606,1.11014,3.67587,3.40326,0.28863,0.03323,27.8,NA,9.1,NA,1,NA,1.1726,0.84258,1.96485,0.72488,0.57238,3.2621000000000002,2.89392,3.02383,0.7473,0.56106,4.33219,4.01092,2025-12-23,7,7,0,132,1,0,132,2024-10-31,6,4,2,20,1,0,20,104,NA,1,162205,0,1,"1555 Hull Avenue,Des Moines,IA,50316",41.6223,-93.595,NA,2026-06-01
165613,Northridge Village,3300 George Washington Carver Avenue,Ames,IA,50010,5152321000,840,Story,Y,For profit - Corporation,38,36.1,NA,Medicare and Medicaid,N,CCRC OF AMES LLC,2015-11-16,PIVOTAL HEALTH CARE,404,9,4.3,3.5,4.5,4.3,Y,NA,N,N,N,Resident,Yes,5,NA,4,NA,4,NA,5,NA,3,NA,5,NA,NA,NA,2.99028,0.55089,0.90489,1.45578,4.44605,4.08771,0.57116,0.0944,54.9,NA,14.3,NA,0,NA,1.16757,0.83896,1.95641,0.72177,0.56992,3.24809,2.88149,3.53939,0.65205,1.07106,5.2625,4.83836,2026-01-29,0,0,0,0,0,0,0,2025-01-09,3,2,1,28,1,0,28,7,NA,0,0,0,0,"3300 George Washington Carver Avenue,Ames,IA,50010",42.0567,-93.657,NA,2026-06-01
165614,Rose Haven Nursing Home,1500 N Franklin Avenue,Marengo,IA,52301,3196425533,470,Iowa,N,For profit - Corporation,58,44.5,NA,Medicare and Medicaid,N,PARADYM HEALTH CARE INC,2016-03-17,NA,NA,NA,NA,NA,NA,NA,N,NA,N,N,N,Resident,Yes,4,NA,3,NA,5,NA,4,NA,5,NA,4,NA,NA,NA,2.44204,0.34439,0.54074,0.88512,3.32716,2.91436,0.37401,0.01601,36.4,NA,0,NA,0,NA,1.15416,0.82933,1.93395,0.71348,0.56338,3.2108,2.84841,2.92404,0.41236,0.64747,3.98387,3.48959,2025-12-11,7,7,4,28,1,0,28,2024-10-24,10,3,10,60,1,0,60,36,NA,1,10062,0,1,"1500 N Franklin Avenue,Marengo,IA,52301",41.7892,-92.045,NA,2026-06-01
165615,Pioneer Valley Living And Rehab,400 Sergeant Square Drive,Sergeant Bluff,IA,51054,7129432350,960,Woodbury,Y,For profit - Limited Liability company,66,43.5,NA,Medicare and Medicaid,N,JP SENIOR HEALTHCARE LLC,2016-06-21,NA,NA,NA,NA,NA,NA,NA,N,NA,N,N,N,Resident,Yes,1,NA,1,NA,3,NA,1,NA,5,NA,4,NA,NA,NA,2.99057,0.31203,0.68895,1.00098,3.99155,3.4619,0.40698,0.02656,45.5,NA,50,NA,1,NA,1.14921,0.82577,1.92565,0.71042,0.56096,3.19703,2.83619,3.59628,0.37523,0.82849,4.8,4.16307,2026-03-03,6,6,1,28,1,0,28,2025-02-06,45,21,29,426,2,213,639,180.75,NA,1,29572,1,2,"400 Sergeant Square Drive,Sergeant Bluff,IA,51054",42.3936,-96.363,NA,2026-06-01
165616,The Bridges at Ankeny,3510 Northwest Ablilene Road,Ankeny,IA,50023,5159639815,760,Polk,Y,For profit - Limited Liability company,100,92.9,NA,Medicare and Medicaid,N,"OPCO ANKENY, IA, LLC",2016-11-18,CAMPBELL STREET SERVICES,99,20,2.2,2.2,2.6,3.4,N,NA,N,N,N,Resident,Yes,3,NA,2,NA,5,NA,5,NA,5,NA,4,NA,NA,NA,2.57446,0.71577,0.79152,1.50729,4.08175,3.59344,0.57973,0.05676,57.8,NA,60.9,NA,0,NA,1.33227,0.9573,2.23238,0.82358,0.65031,3.70627,3.28796,2.67051,0.74248,0.82105,4.23403,3.72751,2026-03-17,5,5,1,44,1,0,44,2025-02-20,26,9,23,140,1,0,140,68,NA,1,14015,0,1,"3510 Northwest Ablilene Road,Ankeny,IA,50023",41.7196,-93.623,22,2026-06-01
165617,Rehabilitation Center of Lisbon,905 West Main Street,Lisbon,IA,52253,3194552547,560,Linn,Y,For profit - Limited Liability company,64,62.6,NA,Medicare and Medicaid,N,LISBON IA SKILLED NURSING FACILITY LLC,2017-03-17,LEGACY HEALTHCARE,306,89,2.9,2.9,2.6,3.4,N,NA,N,N,N,None,Yes,4,NA,4,NA,3,NA,3,NA,3,NA,3,NA,NA,NA,2.40758,0.43735,0.66843,1.10578,3.51336,2.95191,0.42041,0,47.8,NA,50,NA,1,NA,1.22962,0.88354,2.06037,0.76012,0.60021,3.4207,3.03462,2.7059,0.49154,0.75125,3.94869,3.31767,2026-01-21,2,2,2,8,1,0,8,2024-12-12,1,1,0,8,0,0,8,8,NA,0,0,0,0,"905 West Main Street,Lisbon,IA,52253",41.9225,-91.393,NA,2026-06-01
165618,Grand Meadows Senior Living & Health Care,5300 Grand Meadow Drive,Asbury,IA,52002,5635881413,300,Dubuque,Y,For profit - Corporation,32,30,NA,Medicare and Medicaid,N,GRAND MEADOWS SENIOR LIVING & HEALTH CARE LLC,2017-07-12,TUTERA SENIOR LIVING & HEALTH CARE,531,26,2.1,2.2,1.8,3,Y,NA,N,N,N,Resident,Yes,1,NA,2,NA,3,NA,2,NA,3,NA,1,25,25,6,NA,NA,NA,NA,NA,NA,NA,NA,NA,26,NA,26,NA,26,NA,NA,NA,NA,NA,NA,NA,NA,NA,NA,NA,NA,2026-03-26,8,7,3,36,1,0,36,2025-03-06,11,4,7,131,1,0,131,59.75,2,1,16448,0,1,"5300 Grand Meadow Drive,Asbury,IA,52002",42.5132,-90.754,NA,2026-06-01
165619,Fieldstone of Dewitt,1301 Maynard Way,De Witt,IA,52742,5632217110,220,Clinton,N,Non profit - Other,70,65.6,NA,Medicare and Medicaid,N,WELLSPIRE LLC,2017-08-04,WESLEYLIFE,561,10,4,3.4,4.4,3.9,Y,NA,N,N,N,Resident,Yes,5,NA,5,NA,3,NA,2,NA,4,NA,5,NA,NA,NA,2.47549,0.35693,1.13297,1.4899,3.96539,3.7398,0.96008,0.03777,31.2,NA,45,NA,1,NA,1.28968,0.9267,2.16102,0.79725,0.62952,3.5878,3.18285,2.65265,0.38247,1.21405,4.24917,4.00743,2025-07-17,0,0,0,0,0,0,0,2024-08-22,2,2,0,16,1,0,16,4,NA,0,0,0,0,"1301 Maynard Way,De Witt,IA,52742",41.8282,-90.551,NA,2026-06-01
165620,St Luke's Regional Medical Center SNF,801 Fifth Street,Sioux City,IA,51102,7122795697,960,Woodbury,Y,Non profit - Corporation,20,6.6,NA,Medicare and Medicaid,Y,NORTHWEST IOWA HOSPITAL CORPORATION,2017-09-30,NA,NA,NA,NA,NA,NA,NA,N,NA,N,N,N,Resident,Yes,5,NA,5,NA,3,NA,NA,2,3,NA,NA,2,6,6,NA,NA,NA,NA,NA,NA,NA,NA,NA,26,NA,26,NA,26,NA,NA,NA,NA,NA,NA,NA,NA,NA,NA,NA,NA,2025-07-17,0,0,0,0,0,0,0,2024-08-08,0,0,0,0,0,0,0,0,NA,0,0,0,0,"801 Fifth Street,Sioux City,IA,51102",42.4953,-96.401,NA,2026-06-01
165621,The Gardens Of Cedar Rapids,5710 Dean Road SW,Cedar Rapids,IA,52404,3196321469,560,Linn,Y,For profit - Limited Liability company,40,35.4,NA,Medicare,N,"STONE CREEK SENIOR PARTNERS, LLC",2017-11-06,NA,NA,NA,NA,NA,NA,NA,Y,NA,N,N,N,Resident,Yes,4,NA,3,NA,5,NA,5,NA,5,NA,4,NA,NA,NA,2.46888,0.67104,0.86032,1.53136,4.00024,3.44076,0.68641,0.06412,42.2,NA,50,NA,1,NA,1.2594,0.90495,2.11029,0.77854,0.61475,3.50357,3.10814,2.70916,0.73634,0.94405,4.38955,3.77563,2026-01-22,0,0,0,0,0,0,0,2025-01-09,14,7,13,108,1,0,108,27,NA,1,19383,0,1,"5710 Dean Road SW,Cedar Rapids,IA,52404",41.9437,-91.748,NA,2026-06-01
165622,The Suites at Western Home Communities,5301 Caraway Lane,Cedar Falls,IA,50613,3192772141,060,Black Hawk,Y,Non profit - Corporation,72,68.5,NA,Medicare and Medicaid,N,"MARTIN HEALTH CENTER, INC.",2018-06-21,WESTERN HOME COMMUNITIES,887,6,3.8,3.3,4.2,3.3,Y,NA,N,N,N,Resident,Yes,5,NA,4,NA,4,NA,4,NA,4,NA,5,NA,NA,NA,3.13241,0.62123,0.8389,1.46013,4.59254,4.40274,0.28921,0.02311,38.4,NA,43.8,NA,0,NA,1.25071,0.8987,2.09571,0.77316,0.6105,3.47937,3.08667,3.46117,0.68643,0.92694,5.07454,4.86483,2026-03-26,1,1,0,4,1,0,4,2025-02-06,5,3,2,20,1,0,20,8,NA,0,0,0,0,"5301 Caraway Lane,Cedar Falls,IA,50613",42.4905,-92.438,NA,2026-06-01
165623,Creekside,503 Wical Way,Grundy Center,IA,50638,3198243212,370,Grundy,Y,Non profit - Corporation,55,35.1,NA,Medicare and Medicaid,N,CREEKSIDE INC,2018-05-15,WESTERN HOME COMMUNITIES,887,6,3.8,3.3,4.2,3.3,N,NA,N,N,N,Resident,Yes,5,NA,5,NA,3,NA,5,NA,1,NA,5,NA,NA,NA,2.73772,0.64569,0.93825,1.58394,4.32166,4.07734,1.06693,0.05781,31.3,NA,27.3,NA,0,NA,1.14874,0.82543,1.92486,0.71013,0.56073,3.19572,2.83503,3.29356,0.77678,1.12874,5.19908,4.90517,2025-12-18,1,1,0,4,1,0,4,2025-01-09,0,0,0,0,0,0,0,3,NA,0,0,0,0,"503 Wical Way,Grundy Center,IA,50638",42.3579,-92.756,NA,2026-06-01
165624,"Brio of Johnston, LLC",6901 Peckham Street,Johnston,IA,50131,5152532501,760,Polk,Y,For profit - Limited Liability company,36,33.5,NA,Medicare and Medicaid,N,BRIO OF JOHNSTON LLC,2018-12-17,WESLEYLIFE,561,10,4,3.4,4.4,3.9,Y,NA,N,N,N,Resident,Yes,5,NA,4,NA,5,NA,5,NA,5,NA,4,NA,NA,NA,2.82854,0.79177,0.96654,1.75831,4.58685,4.16829,0.70451,0.08713,52.8,NA,73.3,NA,0,NA,1.28421,0.92277,2.15185,0.79387,0.62685,3.57257,3.16935,3.04388,0.85205,1.04013,4.93605,4.48562,2025-03-13,2,2,0,8,1,0,8,2024-04-25,5,3,2,36,1,0,36,15,0,1,6923,0,1,"6901 Peckham Street,Johnston,IA,50131",41.6859,-93.745,NA,2026-06-01
165625,Terrace Glen Village,3400 Alburnett Road,Marion,IA,52302,3193779000,560,Linn,Y,For profit - Corporation,40,37.6,NA,Medicare and Medicaid,N,"CCRC OF CEDAR RAPIDS, LLC",2019-01-17,PIVOTAL HEALTH CARE,404,9,4.3,3.5,4.5,4.3,Y,NA,N,N,N,Resident,Yes,5,NA,4,NA,5,NA,5,NA,5,NA,5,NA,NA,NA,2.73378,0.13447,1.48702,1.62149,4.35527,3.90192,0.99191,0.05254,37,NA,13.3,NA,0,NA,1.26653,0.91007,2.12222,0.78294,0.61822,3.52339,3.12571,2.98297,0.14673,1.62257,4.75227,4.25759,2025-11-19,3,3,0,24,1,0,24,2024-10-03,2,1,1,4,1,0,4,19,NA,1,12248,0,1,"3400 Alburnett Road,Marion,IA,52302",42.0547,-91.614,NA,2026-06-01
165626,Oakview Nursing & Rehablitation - Marion,720 Oakbrooko,Marion,IA,52302,3193908439,560,Linn,Y,For profit - Individual,40,37.3,NA,Medicare and Medicaid,N,THE VIEWS OPERATOR B LLC,2019-08-29,NA,NA,NA,NA,NA,NA,NA,N,NA,N,N,N,Resident,Yes,4,NA,4,NA,3,NA,4,NA,3,NA,4,NA,NA,NA,2.46238,0.81177,0.81456,1.62633,4.08871,3.43284,1.04145,0.04822,39.6,NA,25,NA,0,NA,1.36645,0.98187,2.28966,0.84471,0.667,3.80136,3.37232,2.49035,0.82099,0.82382,4.13516,3.47184,2025-08-21,2,1,1,8,1,0,8,2024-08-15,6,5,1,36,1,0,36,15,NA,0,0,0,0,"720 Oakbrooko,Marion,IA,52302",42.0434,-91.593,22,2026-06-01
165790,Cedar Ridge Village,8950 Coachlight Drive,West Des Moines,IA,50266,5153692100,240,Dallas,Y,For profit - Corporation,40,38.7,NA,Medicare and Medicaid,N,CCRC OF WEST DES MOINES LLC,2021-08-30,PIVOTAL HEALTH CARE,404,9,4.3,3.5,4.5,4.3,N,NA,N,N,N,None,Yes,4,NA,3,NA,5,NA,5,NA,4,NA,4,NA,NA,NA,2.57164,0.43812,1.15486,1.59298,4.16461,3.70989,0.81348,0.0429,59.2,NA,60,NA,0,NA,1.20759,0.86772,2.02347,0.74651,0.58946,3.35944,2.98027,2.94299,0.50138,1.32163,4.766,4.24561,2025-08-12,7,7,0,28,1,0,28,2024-08-01,4,2,2,16,1,0,16,25,1,0,0,0,0,"8950 Coachlight Drive,West Des Moines,IA,50266",41.563,-93.826,NA,2026-06-01
165791,Walnut Ridge,1703 Campus Drive,Clive,IA,50325,5152224000,240,Dallas,Y,For profit - Limited Liability company,60,41.8,NA,Medicare and Medicaid,N,PHS WALNUT RIDGE LLC,2021-09-09,PRESBYTERIAN HOMES & SERVICES,412,21,4.3,3.6,4.9,3,Y,NA,N,N,N,Resident,Yes,5,NA,4,NA,2,NA,2,NA,2,NA,5,NA,NA,NA,3.58123,0.18002,1.0844800000000001,1.2645,4.84573,4.43738,0.94202,0.25956,19.5,NA,0,NA,0,NA,1.14026,0.81934,1.91065,0.70489,0.55659,3.17213,2.8141,4.34037,0.21818,1.31437,5.87292,5.37801,2025-07-09,4,4,0,20,1,0,20,2024-08-08,4,3,1,20,1,0,20,20,1,0,0,0,0,"1703 Campus Drive,Clive,IA,50325",41.6068,-93.773,NA,2026-06-01
165792,Mount Carmel Bluffs,1160 Carmel Drive,Dubuque,IA,52003,5635565474,300,Dubuque,Y,For profit - Limited Liability company,60,52.1,NA,Medicare and Medicaid,N,BVM-PHS SENIOR HOUSING INC,2021-08-31,PRESBYTERIAN HOMES & SERVICES,412,21,4.3,3.6,4.9,3,Y,NA,N,N,N,Resident,Yes,5,NA,4,NA,2,NA,1,NA,2,NA,5,NA,NA,NA,3.14734,0.10287,1.23794,1.34081,4.48815,3.97185,0.71685,0.26733,28.8,NA,0,NA,0,NA,1.19101,0.8558,1.99569,0.73626,0.58136,3.31331,2.93935,3.65197,0.11936,1.43643,5.20777,4.60869,2026-02-26,4,1,3,20,1,0,20,2025-02-20,0,0,0,0,0,0,0,15,NA,0,0,0,0,"1160 Carmel Drive,Dubuque,IA,52003",42.4752,-90.656,NA,2026-06-01
165793,The Summit of Bettendorf,4699 53rd Avenue,Bettendorf,IA,52722,5152716789,810,Scott,Y,For profit - Limited Liability company,39,37.2,NA,Medicare and Medicaid,N,WELLSPIRE-BETTENDORF LLC,2021-11-10,WESLEYLIFE,561,10,4,3.4,4.4,3.9,Y,NA,N,N,N,Resident,Yes,3,NA,3,NA,3,NA,4,NA,3,NA,4,NA,NA,NA,2.98247,0.79713,0.90116,1.69829,4.68077,4.23757,0.59244,0.16705,56.1,NA,61.5,NA,1,NA,1.34206,0.96434,2.24879,0.82963,0.65509,3.73351,3.31213,3.07118,0.82084,0.92796,4.81998,4.3636,2025-12-18,2,2,0,8,1,0,8,2025-02-03,5,0,5,91,0,0,91,28.75,0,1,26358,0,1,"4699 53rd Avenue,Bettendorf,IA,52722",41.5748,-90.475,NA,2026-06-01
165794,Prairie Gate,16 Valley View Drive,Council Bluffs,IA,51503,7123526600,770,Pottawattamie,Y,Non profit - Corporation,72,35,NA,Medicare and Medicaid,N,PHS COUNCIL BLUFFS INC,2020-10-30,PRESBYTERIAN HOMES & SERVICES,412,21,4.3,3.6,4.9,3,Y,NA,N,N,N,Resident,Yes,2,NA,2,NA,3,NA,2,NA,3,NA,4,NA,NA,NA,2.66752,0.46784,1.08662,1.55446,4.22198,4.02426,0.88306,0.02656,52.7,NA,63.6,NA,0,NA,1.17485,0.84419,1.9686,0.72627,0.57347,3.26834,2.89946,3.1378,0.55032,1.27819,4.96632,4.73373,2025-07-09,5,2,4,20,1,0,20,2024-08-15,16,8,11,171,1,0,171,57.75,0,1,27630,1,2,"16 Valley View Drive,Council Bluffs,IA,51503",41.2538,-95.811,NA,2026-06-01
165795,Perry Lutheran Homes Eden Acres Campus,1300 28th Street,Perry,IA,50220,5154655316,240,Dallas,Y,For profit - Limited Liability company,57,47.7,NA,Medicare and Medicaid,N,PERRY LUTHERAN HOME - ROWLEY CAMPUS LLC,2022-04-05,NA,NA,NA,NA,NA,NA,NA,Y,NA,Y,N,N,Resident,Yes,2,NA,2,NA,3,NA,3,NA,NA,2,4,NA,NA,NA,2.31232,0.14471,0.56206,0.70678,3.0191,2.64504,0.30718,0.00542,32,NA,37.5,NA,0,NA,1.12669,0.80958,1.8879,0.69649,0.54996,3.13436,2.7806,2.83625,0.1775,0.68942,3.70317,3.24436,2025-06-26,6,3,3,72,1,0,72,2024-07-18,0,0,0,0,0,0,0,54,NA,1,9110,0,1,"1300 28th Street,Perry,IA,50220",41.8388,-94.075,NA,2026-06-01
165796,St Anthony Senior Services,406 East Anthony Street,Carroll,IA,51401,7127945455,130,Carroll,N,Non profit - Church related,79,75.9,NA,Medicare and Medicaid,N,Legal Business Name Not Available,2023-08-08,NA,NA,NA,NA,NA,NA,NA,Y,NA,Y,N,N,Both,Yes,1,NA,1,NA,4,NA,3,NA,4,NA,3,NA,NA,NA,2.64885,0.43477,0.66193,1.0967,3.74555,3.43371,0.47816,0.00367,NA,26,NA,26,NA,26,1.16677,0.83839,1.95507,0.72128,0.56953,3.24588,2.87953,3.1374,0.51496,0.78402,4.43638,4.06702,2026-02-12,5,3,2,52,1,0,52,2025-01-23,10,4,7,169,1,0,169,81.25,NA,1,12038,0,1,"406 East Anthony Street,Carroll,IA,51401",42.0568,-94.859,NA,2026-06-01
165797,Southeast Iowa Healthcare Center,3140 Plank Road,Keokuk,IA,52632,3195241800,550,Lee,N,For profit - Limited Liability company,55,48.3,NA,Medicare and Medicaid,N,DAVES PLACE LLC,2023-11-02,NA,NA,NA,NA,NA,NA,NA,N,NA,N,N,N,Resident,Yes,5,NA,4,NA,5,NA,5,NA,NA,2,5,NA,NA,NA,1.61258,0.70184,0.69829,1.40013,3.0127100000000002,2.65847,0.38236,0,35.1,NA,12.5,NA,0,NA,0.91997,0.66105,1.54153,0.56871,0.44906,2.5593,2.27045,2.42239,1.05429,1.04897,4.52565,3.99352,2026-01-08,6,6,0,24,1,0,24,2024-12-05,0,0,0,0,0,0,0,18,NA,0,0,0,0,"3140 Plank Road,Keokuk,IA,52632",40.4212,-91.407,NA,2026-06-01
165798,Hallmar Village,8900 C Avenue NE,CEDAR RAPIDS,IA,52402,3193694638,560,Linn,Y,Non profit - Church related,55,48.8,NA,Medicare and Medicaid,N,"MERCY-PHS SENIOR HOUSING, INC.",2024-01-29,PRESBYTERIAN HOMES & SERVICES,412,21,4.3,3.6,4.9,3,Y,NA,N,N,N,Both,Yes,2,NA,2,NA,3,NA,2,NA,4,NA,4,NA,NA,NA,3.4177,0.39639,0.99673,1.39312,4.81081,4.33093,0.47187,0.19425,59.1,NA,69.2,NA,1,NA,1.14845,0.82522,1.92436,0.70995,0.56058,3.19489,2.8343,4.11266,0.47699,1.1994,5.78906,5.21159,2025-10-02,8,6,5,56,1,0,56,2024-09-26,13,1,12,96,1,0,96,66,NA,1,11960,0,1,"8900 C Avenue NE,CEDAR RAPIDS,IA,52402",42.0588,-91.639,NA,2026-06-01
16A001,Childserve Habilitation Center,5900 Pioneer Parkway,Johnston,IA,50131,5152702205,760,Polk,Y,Non profit - Corporation,74,70.9,NA,Medicaid,N,Legal Business Name Not Available,1976-07-01,NA,NA,NA,NA,NA,NA,NA,N,NA,N,N,N,None,Yes,5,NA,3,NA,5,NA,5,NA,NA,2,5,NA,NA,NA,4.30576,1.25054,4.11689,5.36743,9.67319,8.44818,2.56488,0.13992,34.5,NA,30.7,NA,0,NA,2.76135,1.98418,4.62699,1.70701,1.34788,7.68188,6.81486,2.1549,0.62586,2.06038,4.84114,4.22806,2025-05-01,3,2,1,16,1,0,16,2024-07-03,8,2,6,40,1,0,40,22,NA,0,0,0,0,"5900 Pioneer Parkway,Johnston,IA,50131",41.6619,-93.699,NA,2026-06-01
16A002,Iowa Veterans Home,1301 Summit,Marshalltown,IA,50158,6417521501,630,Marshall,N,Government - State,702,344.6,NA,Medicaid,N,Legal Business Name Not Available,1981-10-01,NA,NA,NA,NA,NA,NA,NA,N,NA,N,N,N,Resident,Yes,5,NA,5,NA,5,NA,5,NA,NA,2,5,NA,NA,NA,3.18704,0.52144,0.81942,1.34086,4.5279,3.9581,0.41718,0.01396,25.9,NA,22.4,NA,1,NA,1.07786,0.7745,1.80609,0.66631,0.52613,2.99853,2.6601,4.08625,0.66856,1.05061,5.80542,5.07486,2026-04-16,1,0,1,4,0,0,4,2025-03-27,0,0,0,0,0,0,0,3,NA,0,0,0,0,"1301 Summit,Marshalltown,IA,50158",42.0527,-92.935,NA,2026-06-01
16E016,"Virginia Gay Nursing & Rehab, LLC",502 North Ninth Avenue,Vinton,IA,52349,3194726280,050,Benton,Y,Non profit - Corporation,40,34.4,NA,Medicaid,N,Legal Business Name Not Available,1974-03-31,NA,NA,NA,NA,NA,NA,NA,N,NA,N,N,N,Resident,Yes,5,NA,5,NA,4,NA,4,NA,NA,2,3,NA,NA,NA,3.23981,0.5553,0.62978,1.18507,4.42489,4.17249,0.81907,0.003,68.9,NA,70,NA,1,NA,1.3399,0.96279,2.24517,0.8283,0.65404,3.7275,3.30679,3.34155,0.57273,0.64955,4.56383,4.30351,2025-06-05,0,0,0,0,0,0,0,2024-08-01,2,1,1,12,1,0,12,3,NA,0,0,0,0,"502 North Ninth Avenue,Vinton,IA,52349",42.173,-92.013,NA,2026-06-01
16E050,Buchanan County Health Center,1600 First Street East,Independence,IA,50644,3193346071,090,Buchanan,N,Government - County,39,32.5,NA,Medicaid,Y,Legal Business Name Not Available,1974-10-01,NA,NA,NA,NA,NA,NA,NA,N,NA,N,N,N,Resident,Yes,5,NA,4,NA,5,NA,5,NA,NA,2,5,NA,NA,NA,2.87586,0.41151,1.1661300000000001,1.57764,4.4535,3.59555,0.80328,0,28.6,NA,22.2,NA,NA,26,1.10518,0.79413,1.85187,0.6832,0.53947,3.07454,2.72753,3.59611,0.51457,1.45818,5.56886,4.49605,2026-03-19,1,1,0,8,1,0,8,2025-03-20,6,4,2,44,1,0,44,17,NA,1,4011,0,1,"1600 First Street East,Independence,IA,50644",42.4688,-91.875,NA,2026-06-01
16E170,Franklin General Hospital,1720 Central Avenue East,Hampton,IA,50441,6414565000,340,Franklin,N,Government - County,52,32.4,NA,Medicaid,Y,Legal Business Name Not Available,1974-03-31,NA,NA,NA,NA,NA,NA,NA,N,NA,N,N,N,Resident,Yes,5,NA,4,NA,4,NA,4,NA,NA,2,5,NA,NA,NA,2.52238,0.88007,0.82895,1.70902,4.23139,3.55707,0.52586,0,35.9,NA,14.3,NA,0,NA,1.13798,0.8177,1.90682,0.70347,0.55547,3.16577,2.80846,3.06321,1.06877,1.00669,5.13867,4.31976,2025-05-08,2,2,0,12,0,0,12,2024-05-22,3,3,1,16,1,0,16,13,NA,0,0,0,0,"1720 Central Avenue East,Hampton,IA,50441",42.7407,-93.186,NA,2026-06-01
16E263,Sanford Senior Care Sheldon,118 North Seventh Avenue,Sheldon,IA,51201,7123246453,700,Obrien,N,Non profit - Corporation,70,45.7,NA,Medicaid,Y,Legal Business Name Not Available,1978-05-01,NA,NA,NA,NA,NA,NA,NA,N,NA,N,N,N,Resident,Yes,1,NA,1,NA,2,NA,2,NA,NA,2,3,NA,NA,NA,1.90291,0.56991,0.91094,1.48085,3.38376,3.09769,0.66616,0.00349,56.6,NA,76.9,NA,NA,26,1.1015,0.79149,1.8457,0.68092,0.53767,3.06429,2.71844,2.38745,0.71503,1.14289,4.24537,3.88645,2025-11-06,7,6,1,36,1,0,36,2024-10-03,10,6,4,344,1,0,344,113,NA,2,15610,0,2,"118 North Seventh Avenue,Sheldon,IA,51201",43.1863,-95.847,NA,2026-06-01
16E277,Story Medical Senior Care,710 S 19th ST,Nevada,IA,50201,5153822111,840,Story,Y,Government - County,60,57.8,NA,Medicaid,N,Legal Business Name Not Available,1974-03-31,NA,NA,NA,NA,NA,NA,NA,N,NA,N,N,N,Both,Yes,5,NA,4,NA,4,NA,4,NA,NA,2,5,NA,NA,NA,3.43526,0.18553,1.36348,1.54901,4.98427,4.23431,1.09933,0.00575,25,NA,16.7,NA,0,NA,1.20871,0.86853,2.02535,0.7472,0.59,3.36256,2.98304,3.92768,0.21213,1.55892,5.69872,4.84126,2025-04-03,3,1,2,16,1,0,16,2024-05-09,2,2,0,16,1,0,16,16,NA,0,0,0,0,"710 S 19th ST,Nevada,IA,50201",42.0037,-93.435,NA,2026-06-01
16E637,Hegg Memorial Health Center,2116 14th Street,Rock Valley,IA,51247,7124768200,830,Sioux,N,Non profit - Corporation,60,55.8,NA,Medicaid,Y,Legal Business Name Not Available,1977-05-01,NA,NA,NA,NA,NA,NA,NA,Y,NA,N,N,N,Resident,Yes,5,NA,4,NA,4,NA,4,NA,NA,2,5,NA,NA,NA,3.18427,0.55772,0.59953,1.15725,4.34151,3.70926,0.32126,0.01659,22.5,NA,33.3,NA,0,NA,1.14917,0.82574,1.92557,0.71039,0.56094,3.1969,2.83608,3.82936,0.6707,0.72099,5.22104,4.46071,2025-11-06,3,3,0,16,1,0,16,2024-11-21,1,1,0,4,1,0,4,13,NA,0,0,1,1,"2116 14th Street,Rock Valley,IA,51247",43.2042,-96.285,NA,2026-06-01
16E638,MercyOne Dyersville Senior Care,1111 Third Street SW,Dyersville,IA,52040,5638752921,300,Dubuque,Y,Non profit - Corporation,40,24.1,NA,Medicaid,Y,Legal Business Name Not Available,1986-10-31,NA,NA,NA,NA,NA,NA,NA,N,NA,N,N,N,Resident,Yes,5,NA,5,NA,4,NA,4,NA,NA,2,4,NA,NA,NA,3.1058500000000002,0.22054,1.35123,1.57177,4.67762,4.28794,1.07668,0.00113,43.2,NA,55.6,NA,NA,26,1.13363,0.81458,1.89955,0.70079,0.55335,3.15369,2.79775,3.78623,0.26885,1.64724,5.70232,5.22727,2025-11-06,0,0,0,0,0,0,0,2024-11-07,1,1,0,4,1,0,4,1,NA,0,0,0,0,"1111 Third Street SW,Dyersville,IA,52040",42.4762,-91.129,NA,2026-06-01
16E668,Palo Alto County Hospital,3201 First Street,Emmetsburg,IA,50536,7128525520,730,Palo Alto,N,Government - County,22,21.8,NA,Medicaid,Y,Legal Business Name Not Available,1986-02-05,NA,NA,NA,NA,NA,NA,NA,N,NA,N,N,N,Resident,Yes,4,NA,4,NA,3,NA,3,NA,NA,2,4,NA,NA,NA,1.6438,0.26199,1.25562,1.51762,3.16142,2.45833,0.86791,0,27.8,NA,33.3,NA,NA,26,1.07452,0.7721,1.80049,0.66425,0.5245,2.98924,2.65186,2.11414,0.33696,1.61489,4.06599,3.16173,2025-07-17,1,1,0,16,1,0,16,2024-08-29,0,0,0,0,0,0,0,12,NA,0,0,0,0,"3201 First Street,Emmetsburg,IA,50536",43.1192,-94.691,NA,2026-06-01
16E718,Humboldt County Memorial Hospital,1000 North 15th Street,Humboldt,IA,50548,5153324200,450,Humboldt,N,Government - County,28,25.2,NA,Medicaid,N,Legal Business Name Not Available,2001-11-08,NA,NA,NA,NA,NA,NA,NA,N,NA,N,N,N,None,Yes,5,NA,4,NA,4,NA,4,NA,NA,2,5,NA,NA,NA,2.95737,0.58825,1.00613,1.59438,4.55175,3.83193,0.51531,0.00694,41.2,NA,50,NA,NA,27,1.12058,0.80519,1.87766,0.69272,0.54698,3.11736,2.76552,3.64724,0.72548,1.24083,5.61354,4.72581,2026-02-09,4,4,0,16,1,0,16,2025-01-30,1,0,1,4,0,0,4,13,NA,0,0,0,0,"1000 North 15th Street,Humboldt,IA,50548",42.7333,-94.23,NA,2026-06-01
16E728,MercyOne Centerville Medical Center,One St Joseph Drive,"Centerville,",IA,52544,6414374111,030,Appanoose,N,Non profit - Church related,19,18.5,NA,Medicaid,Y,Legal Business Name Not Available,2008-04-01,NA,NA,NA,NA,NA,NA,NA,N,NA,N,N,N,Resident,Yes,1,NA,2,NA,1,NA,1,NA,NA,2,3,NA,NA,NA,1.36612,1.89184,1.13908,3.03093,4.39704,3.91954,0.67516,0,NA,26,NA,26,NA,26,1.33742,0.96101,2.24102,0.82677,0.65283,3.72061,3.30068,1.41162,1.95486,1.17703,4.54351,4.05011,2025-08-28,13,12,5,60,1,0,60,2024-09-05,1,0,1,4,0,0,4,46,NA,0,0,0,0,"One St Joseph Drive,Centerville,,IA,52544",40.7275,-92.865,22,2026-06-01
16E761,Osceola Senior Living,100 Cedar Lane,Sibley,IA,51249,7127542568,710,Osceola,N,For profit - Limited Liability company,46,31.7,NA,Medicaid,N,Legal Business Name Not Available,2025-04-14,NA,NA,NA,NA,NA,NA,NA,N,NA,N,N,N,Resident,Yes,5,NA,4,NA,2,NA,2,NA,NA,2,5,NA,NA,NA,2.65917,0.36635,1.01411,1.38045,4.03962,3.59585,0.68464,0,NA,27,NA,27,NA,27,1.03326,0.74246,1.73136,0.63874,0.50436,2.87447,2.55004,3.55659,0.48998,1.35635,5.40292,4.80939,2026-04-02,1,1,0,4,1,0,4,2025-03-13,5,5,0,20,1,0,20,8,NA,0,0,0,0,"100 Cedar Lane,Sibley,IA,51249",43.4104,-95.744,NA,2026-06-01
