cms_certification_number_ccn,provider_name,provider_address,city_town,state,zip_code,telephone_number,provider_ssa_county_code,county_parish,urban,ownership_type,number_of_certified_beds,average_number_of_residents_per_day,average_number_of_residents_per_day_footnote,provider_type,provider_resides_in_hospital,legal_business_name,date_first_approved_to_provide_medicare_and_medicaid_services,chain_name,chain_id,number_of_facilities_in_chain,chain_average_overall_5_star_rating,chain_average_health_inspection_rating,chain_average_staffing_rating,chain_average_qm_rating,continuing_care_retirement_community,special_focus_status,abuse_icon,most_recent_health_inspection_more_than_2_years_ago,provider_changed_ownership_in_last_12_months,with_a_resident_and_family_council,automatic_sprinkler_systems_in_all_required_areas,overall_rating,overall_rating_footnote,health_inspection_rating,health_inspection_rating_footnote,qm_rating,qm_rating_footnote,long_stay_qm_rating,long_stay_qm_rating_footnote,short_stay_qm_rating,short_stay_qm_rating_footnote,staffing_rating,staffing_rating_footnote,reported_staffing_footnote,physical_therapist_staffing_footnote,reported_nurse_aide_staffing_hours_per_resident_per_day,reported_lpn_staffing_hours_per_resident_per_day,reported_rn_staffing_hours_per_resident_per_day,reported_licensed_staffing_hours_per_resident_per_day,reported_total_nurse_staffing_hours_per_resident_per_day,total_number_of_nurse_staff_hours_per_resident_per_day_on_the_weekend,registered_nurse_hours_per_resident_per_day_on_the_weekend,reported_physical_therapist_staffing_hours_per_resident_per_day,total_nursing_staff_turnover,total_nursing_staff_turnover_footnote,registered_nurse_turnover,registered_nurse_turnover_footnote,number_of_administrators_who_have_left_the_nursing_home,administrator_turnover_footnote,nursing_case_mix_index,nursing_case_mix_index_ratio,case_mix_nurse_aide_staffing_hours_per_resident_per_day,case_mix_lpn_staffing_hours_per_resident_per_day,case_mix_rn_staffing_hours_per_resident_per_day,case_mix_total_nurse_staffing_hours_per_resident_per_day,case_mix_weekend_total_nurse_staffing_hours_per_resident_per_day,adjusted_nurse_aide_staffing_hours_per_resident_per_day,adjusted_lpn_staffing_hours_per_resident_per_day,adjusted_rn_staffing_hours_per_resident_per_day,adjusted_total_nurse_staffing_hours_per_resident_per_day,adjusted_weekend_total_nurse_staffing_hours_per_resident_per_day,rating_cycle_1_standard_survey_health_date,rating_cycle_1_total_number_of_health_deficiencies,rating_cycle_1_number_of_standard_health_deficiencies,rating_cycle_1_number_of_complaint_health_deficiencies,rating_cycle_1_health_deficiency_score,rating_cycle_1_number_of_health_revisits,rating_cycle_1_health_revisit_score,rating_cycle_1_total_health_score,rating_cycle_2_standard_health_survey_date,rating_cycle_2_3_total_number_of_health_deficiencies,rating_cycle_2_number_of_standard_health_deficiencies,rating_cycle_2_3_number_of_complaint_health_deficiencies,rating_cycle_2_3_health_deficiency_score,rating_cycle_2_3_number_of_health_revisits,rating_cycle_2_3_health_revisit_score,rating_cycle_2_3_total_health_score,total_weighted_health_survey_score,number_of_citations_from_infection_control_inspections,number_of_fines,total_amount_of_fines_in_dollars,number_of_payment_denials,total_number_of_penalties,location,latitude,longitude,geocoding_footnote,processing_date
185003,Laurel Heights Home for the Elderly,208 West 12th Street,London,KY,40741,6068644155,620,Laurel,N,Non profit - Corporation,160,155.1,NA,Medicare and Medicaid,N,LAUREL HOUSING INC,1967-01-01,NA,NA,NA,NA,NA,NA,NA,Y,NA,N,N,N,Resident,Yes,5,NA,5,NA,3,NA,3,NA,3,NA,4,NA,NA,NA,2.50548,0.50942,0.99522,1.50464,4.01012,3.65442,0.77914,0.06809,26.1,NA,16.7,NA,0,NA,1.73977,1.25012,2.9152,1.07549,0.84922,4.83991,4.29365,1.99021,0.40466,0.79055,3.18541,2.90286,2025-04-03,0,0,0,0,0,0,0,2020-03-05,2,2,0,20,1,0,20,5,NA,0,0,0,0,"208 West 12th Street,London,KY,40741",37.1325,-84.091,NA,2026-06-01
185005,Spring Creek Post-Acute Rehabilitation Center,1401 South 16th Street,Murray,KY,42071,2707522900,170,Calloway,N,For profit - Limited Liability company,226,126.2,NA,Medicare and Medicaid,N,SPRING CREEK REHAB LLC,1967-01-01,NA,NA,NA,NA,NA,NA,NA,N,NA,N,N,N,Resident,Yes,1,NA,1,NA,4,NA,5,NA,2,NA,2,NA,NA,NA,2.633,1.35344,0.34449,1.69792,4.33093,3.79835,0.21489,0.0265,70.8,NA,64.7,NA,4,NA,1.47817,1.06214,2.47685,0.91377,0.72153,4.11215,3.64803,2.46166,1.26536,0.32207,4.04909,3.55117,2025-05-10,7,7,2,131,1,0,131,2024-03-08,8,4,5,156,1,0,156,137.25,0,5,52540,1,6,"1401 South 16th Street,Murray,KY,42071",36.5891,-88.324,NA,2026-06-01
185006,Morgantown Care & Rehabilitation Center,201 South Warren Street,Morgantown,KY,42261,2705263368,150,Butler,Y,For profit - Limited Liability company,122,116.4,NA,Medicare and Medicaid,N,LP MORGANTOWN LLC,1967-01-01,SIGNATURE HEALTHCARE,474,68,3.1,2.9,2.6,3.9,N,NA,N,N,N,Resident,Yes,3,NA,3,NA,3,NA,4,NA,2,NA,4,NA,NA,NA,2.49549,0.39268,0.88184,1.27452,3.77001,3.23976,0.66479,0.06646,34.2,NA,36.4,NA,0,NA,1.25641,0.90279,2.10527,0.77668,0.61328,3.49523,3.10074,2.74489,0.43193,0.96997,4.14679,3.56354,2026-04-10,3,3,0,16,1,0,16,2025-02-27,3,3,0,16,1,0,16,16,NA,0,0,0,0,"201 South Warren Street,Morgantown,KY,42261",37.2239,-86.684,NA,2026-06-01
185008,OWENSBORO HEALTH MUHLENBERG COMMUNITY HOSPITAL LTC,440 HOPKINSVILLE STREET,GREENVILLE,KY,42345,2703388433,880,Muhlenberg,N,Non profit - Other,45,36.9,NA,Medicare and Medicaid,Y,OH MUHLENBERG LLC,1967-01-01,NA,NA,NA,NA,NA,NA,NA,N,NA,N,N,N,Both,Yes,4,NA,3,NA,4,NA,4,NA,5,NA,5,NA,NA,NA,3.05629,1.44253,1.20262,2.64515,5.70144,4.90491,0.56714,8.8e-4,28.3,NA,11.1,NA,NA,26,1.15119,0.82719,1.92897,0.71165,0.56193,3.20254,2.84108,3.66898,1.73171,1.44371,6.8444,5.88819,2025-01-09,2,2,0,32,1,0,32,2023-11-17,5,5,0,24,1,0,24,30,0,0,0,0,0,"440 HOPKINSVILLE STREET,GREENVILLE,KY,42345",37.197,-87.189,NA,2026-06-01
185012,Park Grove Nursing and Rehabilitation Center,1500 Pride Avenue,Madisonville,KY,42431,2708211813,530,Hopkins,N,For profit - Limited Liability company,71,62.5,NA,Medicare and Medicaid,N,HILLSIDE HEALTH CENTER LLC,1970-04-30,ENCORE HEALTH PARTNERS,697,12,3.3,3.3,2,3.5,N,NA,N,N,N,Resident,Yes,2,NA,2,NA,2,NA,3,NA,1,NA,2,NA,NA,NA,2.17269,0.69721,0.64948,1.34669,3.51938,3.0531,0.2163,0.02501,38.3,NA,14.3,NA,0,NA,1.61792,1.16256,2.71103,1.00017,0.78975,4.50094,3.99294,1.85583,0.59554,0.55476,3.00613,2.60785,2025-06-05,2,2,0,20,1,0,20,2024-04-05,8,7,2,177,1,0,177,59.25,NA,2,12860,0,2,"1500 Pride Avenue,Madisonville,KY,42431",37.3475,-87.504,NA,2026-06-01
185013,"BRIGHTON CORNERSTONE GROUP, LLC",55 EAST NORTH STREET,MADISONVILLE,KY,42431,2708211492,530,Hopkins,N,For profit - Limited Liability company,40,32.4,NA,Medicare and Medicaid,N,BRIGHTON CORNERSTONE GROUP LLC,1967-01-01,NA,NA,NA,NA,NA,NA,NA,N,NA,N,N,N,Resident,Yes,1,NA,2,NA,1,NA,2,NA,1,NA,1,25,25,6,NA,NA,NA,NA,NA,NA,NA,NA,41.2,NA,NA,27,NA,26,NA,NA,NA,NA,NA,NA,NA,NA,NA,NA,NA,NA,2026-01-08,5,5,0,28,1,0,28,2025-03-06,4,4,1,32,1,0,32,29,NA,1,3387,0,1,"55 EAST NORTH STREET,MADISONVILLE,KY,42431",37.3354,-87.496,NA,2026-06-01
185015,"Madisonville Health and Rehabilitation, LLC",419 North Seminary Street,Madisonville,KY,42431,2708215564,530,Hopkins,N,For profit - Corporation,94,79.7,NA,Medicare and Medicaid,N,MADISONVILLE HEALTH AND REHABILITATION LLC,1967-01-01,SIMCHA HYMAN & NAFTALI ZANZIPER,580,85,2.6,2.7,2.4,3.4,N,NA,N,N,N,None,Yes,2,NA,3,NA,1,NA,3,NA,1,NA,3,NA,NA,NA,2.18457,0.55419,0.53047,1.08466,3.26922,2.92641,0.26957,0.01305,42.9,NA,22.2,NA,0,NA,1.38575,0.99574,2.322,0.85665,0.67642,3.85507,3.41996,2.1786,0.55268,0.52902,3.2603,2.91842,2025-05-01,4,3,1,16,1,0,16,2020-01-16,3,3,0,20,1,0,20,17,NA,0,0,0,0,"419 North Seminary Street,Madisonville,KY,42431",37.3347,-87.501,NA,2026-06-01
185029,River Oaks Health & Rehabilitation,920 South 4th Street,Louisville,KY,40203,5025836533,550,Jefferson,Y,For profit - Limited Liability company,122,103.1,NA,Medicare and Medicaid,N,Legal Business Name Not Available,1967-01-20,CHRISTIAN CARE COMMUNITIES,142,5,2.8,2.8,3.4,3.6,N,NA,N,N,N,Resident,Yes,1,NA,2,NA,4,NA,5,NA,3,NA,1,NA,NA,NA,2.271,1.07222,0.42656,1.49879,3.76978,3.46317,0.30891,0.05075,NA,26,NA,26,NA,26,1.57972,1.13511,2.64702,0.97655,0.7711,4.39467,3.89866,1.98672,0.938,0.37317,3.29789,3.02966,2025-07-09,6,6,0,28,1,0,28,2024-06-07,6,3,4,40,1,0,40,31,NA,1,6380,0,1,"920 South 4th Street,Louisville,KY,40203",38.2409,-85.759,NA,2026-06-01
185038,The Pavilion at Kenton,401 East 20th Street,Covington,KY,41014,8592836600,580,Kenton,Y,For profit - Limited Liability company,82,75.1,NA,Medicare and Medicaid,N,PAVILION AT KENTON FOR NURSING AND REHABILITATION LLC,1967-02-01,THE PAVILION GROUP,514,6,2.8,2.8,2,4.3,N,NA,N,N,N,Resident,Yes,1,NA,1,NA,4,NA,4,NA,3,NA,1,NA,NA,NA,1.7561,0.64154,0.59337,1.23492,2.99102,2.7324,0.43001,0.02292,71.9,NA,69.2,NA,1,NA,1.43359,1.03011,2.40216,0.88622,0.69977,3.98814,3.53801,1.69287,0.61845,0.57201,2.88333,2.63402,2025-02-28,10,3,7,112,1,0,112,2021-07-15,3,3,0,16,1,0,16,88,NA,0,0,0,0,"401 East 20th Street,Covington,KY,41014",39.0679,-84.5,NA,2026-06-01
185039,Highlands Nursing and Rehabilitation,1705 Stevens Avenue,Louisville,KY,40205,5024517330,550,Jefferson,Y,For profit - Limited Liability company,154,143.5,NA,Medicare and Medicaid,N,HIGHLANDS NURSING AND REHABILITATION LLC,1967-02-01,DAVID MARX,179,10,2.8,2.7,2,3.6,N,NA,N,N,N,Resident,Yes,2,NA,2,NA,3,NA,5,NA,2,NA,3,NA,NA,NA,1.83266,0.52579,0.83791,1.3637,3.19636,2.96349,0.77364,0.03821,37.6,NA,26.9,NA,0,NA,1.49392,1.07346,2.50326,0.92351,0.72922,4.15599,3.68692,1.69533,0.48639,0.77512,2.95683,2.74141,2025-02-28,7,7,0,32,1,0,32,2024-03-23,5,5,0,56,1,0,56,38,NA,2,17523,1,3,"1705 Stevens Avenue,Louisville,KY,40205",38.2287,-85.711,NA,2026-06-01
185042,The Grandview Nursing and Rehabilitation Facility,640 Water Tower Bypass,Campbellsville,KY,42719,2704654321,981,Taylor,N,For profit - Limited Liability company,81,77.8,NA,Medicare and Medicaid,N,"CNRF OPERATIONS, LLC",1967-01-31,BENJAMIN LANDA,646,49,3.4,3.4,2.3,3.5,N,NA,N,N,N,None,Yes,4,NA,4,NA,4,NA,4,NA,4,NA,2,NA,NA,NA,2.42042,1.12237,0.49805,1.62042,4.04084,3.35433,0.31429,0.04146,54.1,NA,38.5,NA,0,NA,1.72835,1.24191,2.89607,1.06843,0.84365,4.80815,4.26547,1.93535,0.89744,0.39824,3.23102,2.68209,2025-09-04,1,1,0,4,1,0,4,2024-07-12,2,2,1,8,1,0,8,5,NA,0,0,0,0,"640 Water Tower Bypass,Campbellsville,KY,42719",37.3381,-85.32,NA,2026-06-01
185046,Salem Springlake Health & Rehabilitation Center,509 North Hayden Avenue,Salem,KY,42078,2709884572,690,Livingston,Y,For profit - Corporation,75,53.2,NA,Medicare and Medicaid,N,ORION SALEM LLC,1967-02-23,ATRIUM CENTERS,54,26,3.1,2.8,3.2,4,N,NA,N,N,N,Resident,Yes,3,NA,3,NA,3,NA,2,NA,4,NA,3,NA,NA,NA,1.73825,0.76518,0.49755,1.26273,3.00098,2.54978,0.29448,0.01739,35.6,NA,28.6,NA,0,NA,1.18054,0.84828,1.97814,0.72979,0.57625,3.28417,2.9135,2.03484,0.89574,0.58245,3.51303,2.98484,2025-11-14,1,1,0,16,1,0,16,2023-12-08,6,6,0,24,1,0,24,18,NA,0,0,0,0,"509 North Hayden Avenue,Salem,KY,42078",37.267,-88.243,NA,2026-06-01
185047,"Fulton Nursing and Rehabilitation, LLC",1004 Holiday Lane,Fulton,KY,42041,2704721971,361,Fulton,N,For profit - Corporation,60,53.6,NA,Medicare and Medicaid,N,FULTON NURSING AND REHABILITATION LLC,1967-03-16,SIMCHA HYMAN & NAFTALI ZANZIPER,580,85,2.6,2.7,2.4,3.4,N,NA,N,N,N,Resident,Yes,2,NA,3,NA,2,NA,3,NA,1,NA,1,NA,NA,NA,1.80089,0.70131,0.33695,1.03826,2.83915,2.63695,0.15582,0.0248,52.5,NA,NA,27,0,NA,1.37622,0.98889,2.30603,0.85075,0.67177,3.82855,3.39643,1.80842,0.70424,0.33836,2.85102,2.64797,2025-05-22,4,4,0,28,1,0,28,2020-02-20,0,0,0,0,0,0,0,21,NA,0,0,0,0,"1004 Holiday Lane,Fulton,KY,42041",36.5182,-88.893,NA,2026-06-01
185048,Colonial Nursing and Rehabilitation Center,2365 Nashville Road,Bowling Green,KY,42101,2708421641,986,Warren,Y,For profit - Corporation,48,44.7,NA,Medicare and Medicaid,N,COLONIAL HEALTH CENTER LLC,1967-03-01,ENCORE HEALTH PARTNERS,697,12,3.3,3.3,2,3.5,N,NA,N,N,N,None,Yes,4,NA,4,NA,4,NA,4,NA,3,NA,3,NA,NA,NA,2.2674,0.74943,0.86212,1.61155,3.87895,3.2391,0.84652,0.01401,38.5,NA,46.2,NA,0,NA,1.68769,1.2127,2.82794,1.0433,0.8238,4.69504,4.1651300000000004,1.85667,0.61367,0.70595,3.17629,2.65235,2026-04-24,2,2,1,8,1,0,8,2025-04-11,0,0,0,0,0,0,0,6,NA,1,56814,1,2,"2365 Nashville Road,Bowling Green,KY,42101",36.9637,-86.467,NA,2026-06-01
185049,Auburn Nursing and Rehabilitation Center,139 Pearl Street,Auburn,KY,42206,2705424111,700,Logan,N,For profit - Limited Liability company,66,55.8,NA,Medicare and Medicaid,N,AUBURN OPCO LLC,1967-03-30,NA,NA,NA,NA,NA,NA,NA,N,NA,N,N,N,Resident,Yes,1,NA,1,NA,1,NA,1,NA,NA,2,1,NA,NA,NA,1.98262,0.80536,0.41558,1.22095,3.20357,2.76926,0.27212,0.10588,85.7,NA,71.4,NA,1,NA,1.48979,1.07049,2.49633,0.92096,0.7272,4.14449,3.67672,1.83914,0.74708,0.38551,2.97172,2.56885,2025-09-12,10,8,2,193,1,0,193,2022-04-22,3,2,1,12,1,0,12,147.75,NA,2,24850,0,2,"139 Pearl Street,Auburn,KY,42206",36.8645,-86.71,NA,2026-06-01
185052,Signature Healthcare at Summit Manor Rehab & Welln,400 Bomar Heights,Columbia,KY,42728,2703842153,000,Adair,N,For profit - Corporation,104,83.6,NA,Medicare and Medicaid,N,LP COLUMBIA KY LLC,1967-06-27,SIGNATURE HEALTHCARE,474,68,3.1,2.9,2.6,3.9,N,NA,N,N,N,Resident,Yes,4,NA,4,NA,4,NA,5,NA,3,NA,3,NA,NA,NA,2.2252,0.81194,0.61748,1.42942,3.65462,3.08131,0.30465,0.05664,39.8,NA,20,NA,0,NA,1.40466,1.00932,2.35368,0.86833,0.68565,3.90766,3.46662,2.18927,0.79883,0.6075,3.5956,3.03155,2025-01-24,2,1,1,12,1,0,12,2019-10-17,4,4,0,16,1,0,16,13,NA,0,0,0,0,"400 Bomar Heights,Columbia,KY,42728",37.0949,-85.311,NA,2026-06-01
185057,Sunrise Manor Nursing Home,717 North Lincoln Boulevard,Hodgenville,KY,42748,2703583103,610,Larue,Y,For profit - Limited Liability company,137,127.2,NA,Medicare and Medicaid,N,LP HODGENVILLE LLC,1967-11-14,SIGNATURE HEALTHCARE,474,68,3.1,2.9,2.6,3.9,N,NA,N,N,N,Resident,Yes,1,NA,1,NA,2,NA,4,NA,1,NA,3,NA,NA,NA,2.17871,0.51161,0.88985,1.40146,3.58016,3.17411,0.46226,0.07961,45.9,NA,37,NA,0,NA,1.40747,1.01134,2.3584,0.87007,0.68702,3.91549,3.47356,2.13924,0.50234,0.87373,3.5153,3.11661,2025-12-12,1,1,0,16,1,0,16,2022-04-14,7,7,0,378,1,0,378,106.5,NA,0,0,0,0,"717 North Lincoln Boulevard,Hodgenville,KY,42748",37.5845,-85.738,NA,2026-06-01
185061,Kenwood Health and Rehabilitation Center,130 Meadowlark Drive,Richmond,KY,40475,8596239472,750,Madison,N,For profit - Corporation,93,86.8,NA,Medicare and Medicaid,N,KENWOOD HEALTH CENTER LLC,1976-08-01,NA,NA,NA,NA,NA,NA,NA,N,NA,N,N,N,Resident,Yes,5,NA,5,NA,2,NA,2,NA,2,NA,2,NA,NA,NA,2.20398,1.18599,0.34734,1.53333,3.73731,3.19077,0.21718,0.01935,40.8,NA,57.1,NA,0,NA,1.5427,1.10851,2.58498,0.95366,0.75303,4.29167,3.80729,1.97437,1.06243,0.31115,3.34795,2.85835,2025-07-10,0,0,0,0,0,0,0,2024-06-06,1,0,1,4,0,0,4,1,NA,0,0,0,0,"130 Meadowlark Drive,Richmond,KY,40475",37.7395,-84.311,NA,2026-06-01
185065,LANDMARK OF LANCASTER REHABILITATION AND NURSING C,308 West Maple Avenue,Lancaster,KY,40444,8597926844,390,Garrard,N,For profit - Limited Liability company,96,90.9,NA,Medicare and Medicaid,N,LANDMARK OF LANCASTER REHABILITATION AND NURSING CENTER,1968-06-20,LYON HEALTHCARE,837,14,2,2,1.7,2.9,N,NA,N,N,N,Resident,Yes,2,NA,2,NA,3,NA,4,NA,2,NA,2,NA,NA,NA,2.27877,0.73666,0.45198,1.18864,3.46742,3.12656,0.33075,0.02736,23.4,NA,28.6,NA,0,NA,1.59843,1.14855,2.67836,0.98812,0.78023,4.44671,3.94483,1.97019,0.6369,0.39078,2.99787,2.70317,2024-07-12,4,4,3,44,1,0,44,2019-05-30,3,2,1,12,1,0,12,36,NA,0,0,0,0,"308 West Maple Avenue,Lancaster,KY,40444",37.6214,-84.586,NA,2026-06-01
185069,Mayfair Manor,3300 Tates Creek Road,Lexington,KY,40502,8592662126,330,Fayette,Y,For profit - Corporation,98,85.3,NA,Medicare and Medicaid,N,LP LEXINGTON LLC,1977-06-01,SIGNATURE HEALTHCARE,474,68,3.1,2.9,2.6,3.9,N,NA,N,N,N,Resident,Yes,1,NA,1,NA,3,NA,4,NA,2,NA,2,NA,NA,NA,1.98805,1.14076,0.43296,1.57372,3.56177,2.95478,0.19005,0.12317,41,NA,60,NA,1,NA,1.38193,0.99299,2.3156,0.85428,0.67455,3.84443,3.41052,1.98811,1.14079,0.43297,3.56188,2.95488,2026-02-12,7,7,0,28,1,0,28,2024-11-26,14,5,10,152,1,0,152,59,NA,3,33602,0,3,"3300 Tates Creek Road,Lexington,KY,40502",37.9979,-84.496,NA,2026-06-01
185076,Bradford Heights Nursing & Rehabilitation,950 Highpoint Drive,Hopkinsville,KY,42240,2708851151,230,Christian,Y,For profit - Limited Liability company,100,91.4,NA,Medicare and Medicaid,N,HOPKINSVILLE KY OPCO LLC,1979-08-21,SIMCHA HYMAN & NAFTALI ZANZIPER,580,85,2.6,2.7,2.4,3.4,N,NA,N,N,N,Resident,Yes,2,NA,3,NA,2,NA,4,NA,1,NA,1,NA,NA,NA,2.04989,0.78495,0.34836,1.13331,3.1832,2.91969,0.21364,0.05783,60.3,NA,40,NA,1,NA,1.35728,0.97528,2.2743,0.83905,0.66252,3.77587,3.3497,2.08717,0.79923,0.3547,3.2411,2.9728,2025-09-12,4,2,2,16,1,0,16,2024-09-20,8,7,3,44,1,0,44,23,NA,0,0,0,0,"950 Highpoint Drive,Hopkinsville,KY,42240",36.8904,-87.507,NA,2026-06-01
185087,Twin Rivers Nursing and Rehabilitation Center,2420 W. 3rd Street,Owensboro,KY,42301,2706853141,290,Daviess,Y,For profit - Limited Liability company,132,93.2,NA,Medicare and Medicaid,N,TWIN RIVERS OPERATING COMPANY LLC,1969-09-03,BENJAMIN LANDA,646,49,3.4,3.4,2.3,3.5,N,NA,N,N,N,Resident,Yes,5,NA,4,NA,5,NA,5,NA,NA,2,3,NA,NA,NA,2.49505,0.50471,0.73834,1.24305,3.7381,3.39392,0.5061,0.01588,47.4,NA,47.4,NA,0,NA,1.51645,1.08965,2.541,0.93744,0.74022,4.21865,3.74251,2.27379,0.45995,0.67286,3.40661,3.09296,2025-07-18,0,0,0,0,0,0,0,2024-07-26,8,8,0,60,1,0,60,15,NA,0,0,0,0,"2420 W. 3rd Street,Owensboro,KY,42301",37.7721,-87.14,NA,2026-06-01
185089,Signature Healthcare of Bowling Green,550 High Street,Bowling Green,KY,42101,2708433296,986,Warren,Y,For profit - Limited Liability company,176,139.3,NA,Medicare and Medicaid,N,"LP BOWLING GREEN, LLC",1969-10-22,SIGNATURE HEALTHCARE,474,68,3.1,2.9,2.6,3.9,N,NA,N,N,N,Resident,Yes,4,NA,4,NA,4,NA,5,NA,3,NA,2,NA,NA,NA,2.26702,0.72666,0.59561,1.32227,3.58929,3.20672,0.35727,0.08661,54.2,NA,47.4,NA,0,NA,1.56311,1.12317,2.61918,0.96628,0.76299,4.34845,3.85766,2.00432,0.64246,0.52659,3.17337,2.83512,2025-09-05,2,2,0,8,1,0,8,2024-06-27,2,2,0,12,1,0,12,9,NA,0,0,0,0,"550 High Street,Bowling Green,KY,42101",36.9927,-86.433,NA,2026-06-01
185090,Belmont Terrace Nursing and Rehabilitation Center,7300 Woodspoint Drive,Florence,KY,41042,8593715731,070,Boone,Y,For profit - Corporation,151,120.9,NA,Medicare and Medicaid,N,BRIDGE POINT HEALTH CENTER LLC,1969-12-09,ENCORE HEALTH PARTNERS,697,12,3.3,3.3,2,3.5,N,NA,N,N,N,Resident,Yes,1,NA,1,NA,2,NA,4,NA,1,NA,1,NA,NA,NA,2.74888,1.04307,0.29117,1.33424,4.08312,3.76741,0.20694,0.03422,65.9,NA,68.8,NA,0,NA,1.6925,1.21615,2.83599,1.04627,0.82615,4.7084,4.17698,2.24454,0.8517,0.23775,3.33399,3.0762,2025-04-24,2,2,0,24,1,0,24,2024-03-08,34,32,12,275,2,138,413,121.25,NA,6,35980,1,7,"7300 Woodspoint Drive,Florence,KY,41042",39.0086,-84.643,NA,2026-06-01
185093,"NHC Healthcare, Glasgow",109  Homewood Boulevard,Glasgow,KY,42141,2706516126,040,Barren,N,For profit - Corporation,194,150.3,NA,Medicare and Medicaid,N,NHC HEALTHCARE-GLASGOW LLC,1970-03-18,NATIONAL HEALTHCARE CORPORATION,364,69,3.9,3.4,3.3,4.5,N,NA,N,N,N,Resident,Yes,2,NA,2,NA,4,NA,4,NA,5,NA,4,NA,NA,NA,2.25937,0.99338,0.58229,1.57567,3.83504,3.33498,0.35656,0.06214,51.7,NA,40,NA,0,NA,1.2903,0.92715,2.16205,0.79764,0.62983,3.58951,3.18438,2.4199,1.06396,0.62366,4.10752,3.57193,2026-03-10,10,4,6,48,1,0,48,2024-12-13,2,2,0,32,1,0,32,44,NA,1,4017,0,1,"109  Homewood Boulevard,Glasgow,KY,42141",37.0168,-85.905,NA,2026-06-01
185094,PIKEVILLE NURSING AND REHAB CENTER,260 South Mayo Trail,Pikeville,KY,41501,6064377327,970,Pike,N,For profit - Individual,106,91.3,NA,Medicare and Medicaid,N,PIKEVILLE NURSING AND REHAB CENTER LLC,1970-06-01,EMERALD HEALTHCARE,630,14,1.5,1.6,1.9,1.9,N,NA,N,N,N,Resident,Yes,3,NA,3,NA,2,NA,3,NA,1,NA,3,NA,NA,NA,1.95868,0.62748,0.71092,1.33839,3.29708,2.84972,0.45901,0.0594,29.7,NA,29.4,NA,0,NA,1.35766,0.97555,2.27493,0.83928,0.66271,3.77692,3.35063,1.99375,0.63871,0.72365,3.35611,2.90075,2024-10-30,5,3,2,24,1,0,24,2019-08-22,0,0,0,0,0,0,0,18,NA,0,0,0,0,"260 South Mayo Trail,Pikeville,KY,41501",37.4705,-82.534,NA,2026-06-01
185096,Parkwood Health & Rehabilitation,900 Gagel Avenue,Louisville,KY,40216,5023685827,550,Jefferson,Y,For profit - Individual,120,105.3,NA,Medicare and Medicaid,N,PARKWOOD SNF OPERATIONS LLC,1974-01-01,LYON HEALTHCARE,837,14,2,2,1.7,2.9,N,NA,N,N,N,None,Yes,1,NA,2,NA,2,NA,4,NA,1,NA,1,NA,NA,NA,1.92014,0.72399,0.43121,1.1552,3.07534,2.79253,0.33033,0.03556,46.4,NA,58.3,NA,0,NA,1.52399,1.09507,2.55363,0.9421,0.7439,4.23963,3.76112,1.74121,0.65652,0.39103,2.78876,2.5323,2026-01-08,5,4,1,48,1,0,48,2024-07-03,6,5,1,60,1,0,60,51,NA,1,10209,0,1,"900 Gagel Avenue,Louisville,KY,40216",38.1727,-85.806,NA,2026-06-01
185103,The Terrace Nursing and Rehabilitation Center,1043 Brooklyn Boulevard,Berea,KY,40403,8592280551,750,Madison,N,For profit - Limited Liability company,102,97.8,NA,Medicare and Medicaid,N,BEREA OPERATIONS LLC,1970-11-09,BLUEGRASS HEALTH KY,748,15,2.9,3.3,1.5,3.2,N,NA,N,N,N,Resident,Yes,4,NA,5,NA,3,NA,3,NA,4,NA,1,NA,NA,NA,2.44169,0.97608,0.29233,1.26841,3.7101,3.2225799999999998,0.2046,0.03037,36,NA,40,NA,0,NA,1.78822,1.28493,2.99639,1.10544,0.87288,4.97471,4.41323,1.88699,0.75433,0.22592,2.86724,2.49048,2025-03-04,1,1,0,4,1,0,4,2019-11-21,2,0,2,8,0,0,8,5,NA,0,0,0,0,"1043 Brooklyn Boulevard,Berea,KY,40403",37.5926,-84.296,NA,2026-06-01
185112,Breathitt Health & Rehabilitation,420 Jett Drive,Jackson,KY,41339,6066662456,120,Breathitt,N,For profit - Corporation,120,73.7,NA,Medicare and Medicaid,N,Legal Business Name Not Available,1972-07-19,LYON HEALTHCARE,837,14,2,2,1.7,2.9,N,NA,Y,N,N,Resident,Yes,2,NA,2,NA,3,NA,5,NA,2,NA,2,NA,NA,NA,1.80739,0.48757,0.85627,1.34384,3.15123,2.55807,0.60546,0.02268,23.8,NA,20,NA,0,NA,2.09734,1.50705,3.51436,1.29654,1.02376,5.83466,5.17613,1.19092,0.32127,0.56421,2.0764,1.68555,2025-02-07,6,6,0,84,1,0,84,2019-08-29,0,0,0,0,0,0,0,63,NA,0,0,0,0,"420 Jett Drive,Jackson,KY,41339",37.5638,-83.37,NA,2026-06-01
185118,Signature Healthcare of Elizabethtown,1850 Veteran's Way,Elizabethtown,KY,42701,2707692363,460,Hardin,Y,For profit - Corporation,124,117.3,NA,Medicare and Medicaid,N,LP E-TOWN LLC,1972-09-01,SIGNATURE HEALTHCARE,474,68,3.1,2.9,2.6,3.9,N,NA,N,N,N,Resident,Yes,2,NA,1,NA,5,NA,5,NA,4,NA,3,NA,NA,NA,2.1578,0.77124,0.92649,1.69773,3.85554,3.24072,0.53351,0.07798,43,NA,39.1,NA,0,NA,1.63791,1.17693,2.74452,1.01252,0.7995,4.55655,4.04227,1.82063,0.65073,0.78172,3.25308,2.73433,2024-10-25,3,1,2,87,1,0,87,2021-07-01,3,1,2,12,1,0,12,68.25,NA,0,0,0,0,"1850 Veteran's Way,Elizabethtown,KY,42701",37.7388,-85.895,NA,2026-06-01
185120,Signature Healthcare at Hillcrest,3740 Old Hartford Road,Owensboro,KY,42303,2706847259,290,Daviess,Y,For profit - Corporation,156,127.9,NA,Medicare and Medicaid,N,"LP OWENSBORO II, LLC",1972-09-01,SIGNATURE HEALTHCARE,474,68,3.1,2.9,2.6,3.9,N,NA,N,N,N,Resident,Yes,4,NA,4,NA,4,NA,4,NA,4,NA,3,NA,NA,NA,2.33084,0.26347,1.03375,1.29722,3.62806,3.20996,0.66541,0.06044,40.7,NA,42.9,NA,0,NA,1.49224,1.07225,2.50044,0.92247,0.7284,4.15131,3.68277,2.1586,0.244,0.95736,3.35996,2.97276,2025-04-18,1,1,0,16,1,0,16,2020-01-30,1,0,1,4,0,0,4,13,NA,0,0,0,0,"3740 Old Hartford Road,Owensboro,KY,42303",37.7396,-87.084,NA,2026-06-01
185122,Eastway Health & Rehabilitation,1155 Eastern Parkway,Louisville,KY,40217,5026365241,550,Jefferson,Y,For profit - Limited Liability company,252,160.5,NA,Medicare and Medicaid,N,LANDMARK OF LOUISVILLE REHABILITATION AND NURSING CENTER,1973-05-14,LYON HEALTHCARE,837,14,2,2,1.7,2.9,N,NA,N,N,N,Resident,Yes,1,NA,1,NA,4,NA,5,NA,3,NA,2,NA,NA,NA,2.16411,1.07939,0.42183,1.50123,3.66534,3.18433,0.27058,0.02179,49.3,NA,60,NA,1,NA,1.48086,1.06408,2.48137,0.91544,0.72284,4.11965,3.65468,2.0196,1.00732,0.39367,3.42058,2.9717,2025-08-27,10,10,0,136,1,0,136,2024-07-12,2,2,0,32,1,0,32,110,NA,3,24630,0,3,"1155 Eastern Parkway,Louisville,KY,40217",38.2254,-85.727,NA,2026-06-01
185124,Redbanks,851 Kimsey Lane,Henderson,KY,42420,2708266436,500,Henderson,N,For profit - Corporation,222,137.3,NA,Medicare and Medicaid,N,HENDERSON COUNTY HEALTH CARE CORPORATION,1973-05-01,NA,NA,NA,NA,NA,NA,NA,N,NA,N,N,N,Resident,Yes,3,NA,3,NA,2,NA,1,NA,3,NA,4,NA,NA,NA,3.2903,0.80384,0.53874,1.34258,4.63288,4.44294,0.41278,0.03183,36.2,NA,37.5,NA,0,NA,1.3735,0.98694,2.30148,0.84907,0.67044,3.82099,3.38973,3.31059,0.8088,0.54206,4.66144,4.47033,2025-06-12,3,3,0,32,1,0,32,2020-03-13,3,3,0,12,1,0,12,27,NA,0,0,0,0,"851 Kimsey Lane,Henderson,KY,42420",37.8501,-87.569,NA,2026-06-01
185125,Hillcrest Health and Rehabilitation Center,1245 American Greeting Card Road,Corbin,KY,40701,6065288917,990,Whitley,N,For profit - Corporation,120,98.4,NA,Medicare and Medicaid,N,"HILLCREST NURSING HOME OF CORBIN, INC.",1973-09-04,SEKY HOLDING CO.,468,9,2.6,3,4.2,1.2,N,NA,N,N,N,Resident,Yes,3,NA,4,NA,1,NA,2,NA,1,NA,4,NA,NA,NA,3.05943,0.46338,0.81662,1.28,4.33942,3.7986,0.69854,0.0393,60.8,NA,47.6,NA,0,NA,1.35688,0.97499,2.27361,0.83879,0.66232,3.77473,3.34869,3.11602,0.47195,0.83173,4.41969,3.86886,2025-08-22,4,1,3,16,1,0,16,2024-08-16,3,3,0,12,1,0,12,15,NA,0,0,0,0,"1245 American Greeting Card Road,Corbin,KY,40701",36.9778,-84.09,NA,2026-06-01
185127,Danville Centre for Health & Rehabilitation,642 North Third Street,Danville,KY,40422,8592363972,100,Boyle,N,For profit - Corporation,106,88.5,NA,Medicare and Medicaid,N,"LP DANVILLE, LLC",1973-10-01,SIGNATURE HEALTHCARE,474,68,3.1,2.9,2.6,3.9,N,NA,N,N,N,Resident,Yes,2,NA,1,NA,5,NA,5,NA,3,NA,4,NA,NA,NA,2.40854,0.93741,0.5449,1.48231,3.89085,3.27341,0.33841,0.1148,39.1,NA,20,NA,0,NA,1.40379,1.0087,2.35222,0.86779,0.68522,3.90524,3.46447,2.37111,0.92284,0.53643,3.83039,3.22254,2025-08-21,2,2,0,8,1,0,8,2022-02-24,10,8,2,377,1,0,377,100.25,NA,2,12444,0,2,"642 North Third Street,Danville,KY,40422",37.6551,-84.772,NA,2026-06-01
185131,Jordan Rehabilitation and Healthcare Center,270 E Clayton Lane,Louisa,KY,41230,6066384586,630,Lawrence,Y,For profit - Limited Liability company,104,88.9,NA,Medicare and Medicaid,N,"MCKENZIE HEALTH CARE, LLC.",1974-12-18,NA,NA,NA,NA,NA,NA,NA,N,NA,N,N,N,Resident,Yes,1,NA,2,NA,1,NA,1,NA,2,NA,4,NA,NA,NA,2.42156,0.47619,0.88036,1.35656,3.77811,3.3169400000000002,0.50538,0.05931,38.5,NA,14.3,NA,1,NA,1.29121,0.9278,2.16358,0.7982,0.63027,3.59206,3.18663,2.59177,0.50967,0.94225,4.04369,3.5501,2025-06-05,7,7,0,56,1,0,56,2020-03-05,0,0,0,0,0,0,0,42,NA,0,0,0,0,"270 E Clayton Lane,Louisa,KY,41230",38.098,-82.611,NA,2026-06-01
185132,Franciscan Health Care Center,3625 Fern Valley Road,Louisville,KY,40219,5029643381,550,Jefferson,Y,For profit - Corporation,87,75.9,NA,Medicare and Medicaid,N,"TRILOGY HEALTHCARE OF JEFFERSON, LLC",1975-02-26,TRILOGY HEALTH SERVICES,524,124,4.2,3.5,3.2,4.8,N,NA,N,N,N,Resident,Yes,3,NA,2,NA,5,NA,5,NA,4,NA,3,NA,NA,NA,2.21468,1.17244,0.75915,1.9316,4.14628,3.7096,0.83576,0.10653,35.6,NA,40,NA,2,NA,1.57991,1.13525,2.64734,0.97667,0.77119,4.39521,3.89914,1.93722,1.02555,0.66404,3.62681,3.24484,2025-12-10,10,9,3,48,1,0,48,2022-07-14,1,1,0,4,1,0,4,37,NA,0,0,0,0,"3625 Fern Valley Road,Louisville,KY,40219",38.157,-85.696,NA,2026-06-01
185133,Tradewater Pointe,100 West Ramsey,Dawson Springs,KY,42408,2707978131,530,Hopkins,N,For profit - Limited Liability company,60,41,NA,Medicare and Medicaid,N,"TRADEWATER POINTE, LLC",1981-07-14,NA,NA,NA,NA,NA,NA,NA,N,NA,N,N,N,Both,Yes,3,NA,4,NA,1,NA,1,NA,NA,2,2,NA,NA,NA,3.03238,1.17581,0.4122,1.58801,4.62039,4.00249,0.32185,0.05042,72.5,NA,90,NA,3,NA,1.37018,0.98455,2.29591,0.84702,0.66882,3.81176,3.38154,3.05847,1.18592,0.41575,4.66014,4.03693,2026-03-27,1,1,0,4,1,0,4,2025-01-24,5,5,2,20,1,0,20,8,NA,0,0,0,0,"100 West Ramsey,Dawson Springs,KY,42408",37.1664,-87.691,NA,2026-06-01
185134,Hazard Health and Rehabilitation Center,390 Park Avenue,Hazard,KY,41702,6064392306,960,Perry,N,For profit - Corporation,200,187.2,NA,Medicare and Medicaid,N,"HAZARD NURSING HOME, INC.",1976-03-08,SEKY HOLDING CO.,468,9,2.6,3,4.2,1.2,N,NA,N,N,N,Resident,Yes,1,NA,1,NA,1,NA,2,NA,1,NA,5,NA,NA,NA,3.38081,0.35224,0.99402,1.34626,4.72707,4.32882,0.82557,0.04635,43.5,NA,37,NA,0,NA,1.38656,0.99631,2.32335,0.85714,0.67681,3.8573,3.42194,3.36964,0.35107,0.99073,4.71144,4.31451,2024-10-31,13,12,1,92,1,0,92,2019-06-20,4,4,0,16,1,0,16,73,NA,0,0,0,0,"390 Park Avenue,Hazard,KY,41702",37.2836,-83.211,NA,2026-06-01
185136,Wesley Manor,5012 East Manslick Road,Louisville,KY,40219,5029693277,550,Jefferson,Y,Non profit - Corporation,68,58,NA,Medicare and Medicaid,N,WESLEY MANOR RETIREMENT COMMUNITY INC.,1976-04-19,NA,NA,NA,NA,NA,NA,NA,Y,NA,N,N,N,None,Yes,4,NA,4,NA,2,NA,2,NA,NA,2,4,NA,NA,NA,2.7031,0.55581,0.86998,1.42579,4.12888,3.74892,0.43138,0.03747,36.8,NA,21.4,NA,1,NA,1.40716,1.01112,2.35788,0.86988,0.68687,3.91463,3.4728,2.65471,0.54586,0.8544,4.05497,3.68181,2025-07-25,3,3,0,12,1,0,12,2022-02-25,3,3,0,20,1,0,20,14,NA,0,0,0,0,"5012 East Manslick Road,Louisville,KY,40219",38.1174,-85.667,NA,2026-06-01
185138,Nazareth Home,2000 Newburg Road,Louisville,KY,40205,5024599681,550,Jefferson,Y,Non profit - Corporation,118,110.5,NA,Medicare and Medicaid,N,NAZARETH HOME INC,1976-04-06,NA,NA,NA,NA,NA,NA,NA,N,NA,N,N,N,None,Yes,5,NA,5,NA,5,NA,5,NA,5,NA,5,NA,NA,NA,2.82904,1.42838,0.93867,2.36705,5.1961,4.53332,0.69704,0.07723,27.9,NA,27.6,NA,0,NA,1.35209,0.97155,2.2656,0.83584,0.65999,3.76143,3.33689,2.89156,1.45994,0.95942,5.31092,4.6335,2025-04-17,0,0,0,0,0,0,0,2019-12-12,0,0,0,0,0,0,0,0,NA,0,0,0,0,"2000 Newburg Road,Louisville,KY,40205",38.2198,-85.71,NA,2026-06-01
185141,Signature Healthcare of Georgetown,102 Pocahontas Trail,Georgetown,KY,40324,5028633696,977,Scott,Y,For profit - Corporation,65,63,NA,Medicare and Medicaid,N,LP GEORGETOWN LLC,1977-06-01,SIGNATURE HEALTHCARE,474,68,3.1,2.9,2.6,3.9,N,NA,N,N,N,Resident,Yes,2,NA,2,NA,3,NA,2,NA,4,NA,4,NA,NA,NA,1.97682,0.33491,1.18224,1.51716,3.49398,3.1192,0.82814,0.2419,42.9,NA,35.3,NA,0,NA,1.36435,0.98035,2.28613,0.84341,0.66597,3.79551,3.36713,2.00237,0.33924,1.19752,3.53912,3.1595,2025-07-10,3,3,0,16,1,0,16,2021-12-03,15,15,0,76,1,0,76,31,NA,0,0,0,0,"102 Pocahontas Trail,Georgetown,KY,40324",38.1967,-84.562,NA,2026-06-01
185144,Homestead Post Acute,1608 Versailles Road,Lexington,KY,40504,8592520871,330,Fayette,Y,For profit - Limited Liability company,136,130.2,NA,Medicare and Medicaid,N,HOMESTEADIDENCE OPCO LLC,1977-11-01,PACS GROUP,690,280,3,2.5,2.4,4.3,N,NA,N,N,N,Resident,Yes,4,NA,3,NA,5,NA,5,NA,4,NA,2,NA,NA,NA,2.07602,0.70189,0.79898,1.50088,3.5769,3.2334,0.90429,0.10531,50,NA,31.3,NA,0,NA,2.12975,1.53034,3.56866,1.31657,1.03958,5.92481,5.2561,1.34711,0.45545,0.51845,2.32102,2.09812,2025-07-17,3,3,0,24,1,0,24,2024-09-20,4,3,1,32,1,0,32,26,NA,0,0,0,0,"1608 Versailles Road,Lexington,KY,40504",38.0488,-84.533,NA,2026-06-01
185145,Cedar Ridge Health Campus,1217 US Highway 62 E,Cynthiana,KY,41031,8592342702,480,Harrison,N,For profit - Corporation,53,50.3,NA,Medicare and Medicaid,N,"TRILOGY HEALTHCARE OF CYNTHIANA, LLC",1977-09-28,TRILOGY HEALTH SERVICES,524,124,4.2,3.5,3.2,4.8,Y,NA,N,N,N,Resident,Yes,5,NA,4,NA,5,NA,4,NA,5,NA,4,NA,NA,NA,2.12816,0.77619,1.1311,1.9073,4.03545,3.60085,0.9322,0.08654,43.4,NA,22.2,NA,0,NA,1.4588699999999999,1.04827,2.44451,0.90184,0.71211,4.05846,3.6004,2.01599,0.73528,1.07149,3.82275,3.41106,2026-01-22,2,2,1,8,1,0,8,2025-01-24,2,2,0,8,1,0,8,8,NA,0,0,0,0,"1217 US Highway 62 E,Cynthiana,KY,41031",38.3733,-84.324,NA,2026-06-01
185146,FOUNTAIN CIRCLE CARE & REHABILITATION CENTER,200 GLENWAY ROAD,WINCHESTER,KY,40391,8597441800,240,Clark,Y,For profit - Limited Liability company,147,132.2,NA,Medicare and Medicaid,N,"LP WINCHESTER, LLC",1978-03-01,SIGNATURE HEALTHCARE,474,68,3.1,2.9,2.6,3.9,N,NA,N,N,N,Resident,Yes,2,NA,2,NA,3,NA,3,NA,3,NA,3,NA,NA,NA,2.20225,1.11364,0.56932,1.68295,3.88521,3.28218,0.31705,0.08583,39.4,NA,28.6,NA,1,NA,1.4613,1.05002,2.4486,0.90335,0.7133,4.06524,3.60642,2.0827,1.05318,0.53841,3.67429,3.104,2025-03-06,4,4,0,48,1,0,48,2019-12-19,4,4,0,16,1,0,16,40,NA,0,0,0,0,"200 GLENWAY ROAD,WINCHESTER,KY,40391",38.0155,-84.213,NA,2026-06-01
185147,Christian Health Center,200 Sterling Drive,Hopkinsville,KY,42240,2708851166,230,Christian,Y,Non profit - Church related,114,109.4,NA,Medicare and Medicaid,N,"CHRISTIAN CARE COMMUNITIES, INC",1978-03-01,CHRISTIAN CARE COMMUNITIES,142,5,2.8,2.8,3.4,3.6,Y,NA,N,N,N,Resident,Yes,5,NA,5,NA,2,NA,2,NA,3,NA,4,NA,NA,NA,2.68276,0.73902,0.73529,1.47431,4.15708,3.80203,0.51649,0.03035,57,NA,29.4,NA,0,NA,1.30579,0.93828,2.18801,0.80721,0.63739,3.63262,3.22262,2.83928,0.78214,0.77819,4.39961,4.02385,2025-03-27,0,0,0,0,0,0,0,2020-03-11,4,4,0,16,1,0,16,4,NA,0,0,0,0,"200 Sterling Drive,Hopkinsville,KY,42240",36.8561,-87.503,NA,2026-06-01
185148,Williamsburg Health & Rehabilitation Center,287 North 11th Street,Williamsburg,KY,40769,6065494321,990,Whitley,N,For profit - Individual,125,99.6,NA,Medicare and Medicaid,N,"WILLIAMSBURG NURSING HOME, INC.",1978-04-12,SEKY HOLDING CO.,468,9,2.6,3,4.2,1.2,N,NA,N,N,N,Resident,Yes,4,NA,3,NA,2,NA,2,NA,1,NA,5,NA,NA,NA,3.9434,0.69714,0.84555,1.54269,5.48609,5.00387,0.55867,0.04194,40.1,NA,33.3,NA,0,NA,1.44611,1.0391,2.42313,0.89395,0.70588,4.02296,3.56891,3.76852,0.66622,0.80805,5.24279,4.78196,2025-12-10,2,2,1,12,1,0,12,2024-10-24,6,6,0,24,1,0,24,15,NA,0,0,0,0,"287 North 11th Street,Williamsburg,KY,40769",36.7385,-84.172,NA,2026-06-01
185149,Bardstown Health & Rehabilitation,120 Life Care Way,Bardstown,KY,40004,5023484220,890,Nelson,Y,For profit - Limited Liability company,100,46.7,NA,Medicare and Medicaid,N,Legal Business Name Not Available,1978-02-13,LYON HEALTHCARE,837,14,2,2,1.7,2.9,N,NA,N,N,N,Resident,Yes,2,NA,2,NA,4,NA,5,NA,3,NA,3,NA,NA,NA,2.74953,1.23028,0.71356,1.94384,4.69337,4.28969,0.33008,0.06376,58.7,NA,50,NA,1,NA,1.67197,1.2014,2.8016,1.03358,0.81613,4.65131,4.12633,2.27263,1.01689,0.5898,3.87932,3.54566,2025-07-18,3,3,0,16,1,0,16,2021-05-01,14,14,0,64,1,0,64,28,NA,0,0,0,0,"120 Life Care Way,Bardstown,KY,40004",37.8172,-85.456,NA,2026-06-01
185150,Knott County Health & Rehabilitation Center,388 Perkins Madden Road,Hindman,KY,41822,6067855011,590,Knott,N,For profit - Individual,92,85.9,NA,Medicare and Medicaid,N,"KNOTT COUNTY NURSING HOME, INC.",1978-06-22,SEKY HOLDING CO.,468,9,2.6,3,4.2,1.2,N,NA,N,N,N,Resident,Yes,3,NA,4,NA,1,NA,1,NA,1,NA,4,NA,NA,NA,3.02294,0.61683,0.74662,1.36345,4.38638,3.77113,0.62357,0.05541,30,NA,11.1,NA,0,NA,1.53253,1.1012,2.56794,0.94738,0.74806,4.26338,3.78219,2.72596,0.55623,0.67327,3.95547,3.40065,2025-09-10,2,2,0,16,1,0,16,2024-11-08,0,0,0,0,0,0,0,12,NA,0,0,0,0,"388 Perkins Madden Road,Hindman,KY,41822",37.32,-82.972,NA,2026-06-01
185151,Riverview Health Care Center,79 Sparrow Lane,Prestonsburg,KY,41653,6068869178,350,Floyd,N,For profit - Corporation,121,105.3,NA,Medicare and Medicaid,N,LP PRESTONSBURG RIVERVIEW LLC,1978-12-08,SIGNATURE HEALTHCARE,474,68,3.1,2.9,2.6,3.9,N,NA,N,N,N,Resident,Yes,5,NA,5,NA,4,NA,5,NA,2,NA,3,NA,NA,NA,2.03287,0.2587,1.00279,1.26149,3.29436,2.89185,0.66353,0.11028,33.3,NA,36.4,NA,0,NA,1.6411,1.17922,2.74987,1.0145,0.80106,4.56543,4.05015,1.71188,0.21785,0.84445,2.77418,2.43523,2024-11-21,0,0,0,0,0,0,0,2019-10-03,0,0,0,0,0,0,0,0,NA,0,0,0,0,"79 Sparrow Lane,Prestonsburg,KY,41653",37.6701,-82.746,NA,2026-06-01
185152,Somerwoods Rehabilitation and Healthcare Center,555 Bourne Avenue,Somerset,KY,42501,6066797421,972,Pulaski,N,For profit - Limited Liability company,166,109.3,NA,Medicare and Medicaid,N,"HANGING ROCK LTC, LLC",1978-09-11,PRINCIPLE LONG TERM CARE,423,44,3.1,3,3,3.4,N,NA,N,N,N,Resident,Yes,2,NA,3,NA,1,NA,2,NA,1,NA,4,NA,NA,NA,2.47871,0.94476,0.60191,1.54666,4.02537,3.58609,0.42942,0.21495,40.6,NA,33.3,NA,0,NA,1.37726,0.98963,2.30776,0.85139,0.67227,3.83143,3.39899,2.4872,0.94799,0.60397,4.03916,3.59838,2025-02-21,4,4,0,28,1,0,28,2019-07-24,5,5,0,20,1,0,20,26,NA,0,0,0,0,"555 Bourne Avenue,Somerset,KY,42501",37.0851,-84.6,NA,2026-06-01
185154,Home of the Innocents,1100 East Market Street,Louisville,KY,40206,5025961000,550,Jefferson,Y,Non profit - Corporation,76,70.3,NA,Medicare and Medicaid,N,Legal Business Name Not Available,1978-06-12,NA,NA,NA,NA,NA,NA,NA,N,NA,N,N,N,None,Yes,3,NA,2,NA,3,NA,3,NA,NA,2,5,NA,NA,NA,5.17633,2.44296,2.97938,5.42234,10.59867,8.90917,1.77382,0.0964,17.2,NA,7.7,NA,NA,26,2.31234,1.66154,3.87462,1.42944,1.12871,6.43277,5.70673,3.09364,1.46003,1.78063,6.3343,5.32457,2025-09-13,5,1,4,20,1,0,20,2023-02-12,4,4,0,141,1,0,141,50.25,NA,0,0,0,0,"1100 East Market Street,Louisville,KY,40206",38.2525,-85.731,NA,2026-06-01
185155,Life Care Center of Morehead,933 North Tolliver Road,Morehead,KY,40351,6067847518,975,Rowan,N,For profit - Individual,97,86.7,NA,Medicare and Medicaid,N,"CAMPBELL/PRESTON MEDICAL INVESTORS, LLC",1979-02-01,LIFE CARE CENTERS OF AMERICA,311,194,3.5,2.9,3.3,4.5,N,NA,N,N,N,Resident,Yes,2,NA,2,NA,2,NA,3,NA,1,NA,4,NA,NA,NA,1.97671,0.62618,0.83219,1.45837,3.43508,2.94275,0.39816,0.02323,38,NA,38.5,NA,0,NA,1.32075,0.94903,2.21308,0.81646,0.64469,3.67422,3.25953,2.06835,0.65521,0.87077,3.59432,3.07917,2026-03-19,2,2,0,8,1,0,8,2025-05-23,7,7,2,136,1,0,136,40,NA,1,15334,0,1,"933 North Tolliver Road,Morehead,KY,40351",38.1919,-83.423,NA,2026-06-01
185157,Rockcastle Regional Hospital and Respiratory Care,145 Newcomb Avenue,Mount Vernon,KY,40456,6062562195,974,Rockcastle,N,Non profit - Corporation,143,113.1,NA,Medicare and Medicaid,Y,"ROCKCASTLE COUNTY HOSPITAL, INC.",1980-01-25,NA,NA,NA,NA,NA,NA,NA,N,NA,N,N,N,Resident,Yes,5,NA,4,NA,5,NA,5,NA,NA,2,3,NA,NA,NA,2.81853,1.72032,2.27293,3.99326,6.81179,5.89412,1.89969,0.05073,29.8,NA,20,NA,0,NA,3.67042,2.63739,6.15024,2.26898,1.79162,10.21084,9.05838,1.06122,0.64773,0.8558,2.56475,2.21923,2025-03-26,3,3,0,12,1,0,12,2019-10-11,0,0,0,0,0,0,0,9,NA,0,0,0,0,"145 Newcomb Avenue,Mount Vernon,KY,40456",37.3577,-84.336,NA,2026-06-01
185159,Frankfort Trails,117 Old Soldiers Lane,Frankfort,KY,40601,5028757272,360,Franklin,N,For profit - Limited Liability company,100,91.5,NA,Medicare and Medicaid,N,"FRANKFORT TRAILS, LLC",1980-05-12,JOURNEY HEALTHCARE,766,34,2,2.4,1.4,2.6,N,NA,N,N,N,Resident,Yes,3,NA,3,NA,4,NA,5,NA,2,NA,2,NA,NA,NA,1.95141,0.67239,0.56593,1.23832,3.18973,2.84936,0.33546,0.05182,51.9,NA,33.3,NA,2,NA,1.4378,1.03314,2.40922,0.88882,0.70183,3.99987,3.54842,1.87564,0.64628,0.54396,3.06587,2.73871,2025-07-09,4,4,0,24,1,0,24,2021-12-17,3,3,0,20,1,0,20,23,NA,0,0,0,0,"117 Old Soldiers Lane,Frankfort,KY,40601",38.1804,-84.896,NA,2026-06-01
185160,Lexington Country Place,700 Mason Headley Road,Lexington,KY,40504,8592593486,330,Fayette,Y,For profit - Limited Liability company,111,83.7,NA,Medicare and Medicaid,N,SNH DERBY TENANT LLC,1980-10-27,PHOENIX SENIOR LIVING,402,2,3,3,2.5,2.5,N,NA,N,N,N,Resident,Yes,3,NA,3,NA,3,NA,4,NA,2,NA,2,NA,NA,NA,2.55997,0.83778,0.27198,1.10977,3.66973,3.45166,0.17233,0.0517,53.2,NA,81.8,NA,0,NA,1.3287,0.95474,2.22641,0.82138,0.64857,3.69636,3.27917,2.6626,0.87137,0.28289,3.81685,3.59004,2025-04-03,2,2,0,24,1,0,24,2020-01-23,0,0,0,0,0,0,0,18,NA,0,0,0,0,"700 Mason Headley Road,Lexington,KY,40504",38.0358,-84.529,NA,2026-06-01
185164,Barbourville Health and Rehabilitation Center,65 Minton Hickory Farm Road,Barbourville,KY,40906,6065465136,600,Knox,N,For profit - Corporation,135,111.7,NA,Medicare and Medicaid,N,"BARBOURVILLE NURSING HOME, INC.",1981-08-28,SEKY HOLDING CO.,468,9,2.6,3,4.2,1.2,N,NA,N,N,N,None,Yes,1,NA,1,NA,1,NA,1,NA,1,NA,4,NA,NA,NA,2.66076,0.3199,0.98639,1.3063,3.96706,3.57149,0.72654,0.10019,58.6,NA,57.6,NA,0,NA,1.3725,0.98622,2.2998,0.84845,0.66995,3.8182,3.38726,2.67912,0.32211,0.9932,3.99443,3.59613,2025-08-28,5,5,0,32,1,0,32,2024-09-30,8,8,4,161,1,0,161,64.25,NA,1,87077,1,2,"65 Minton Hickory Farm Road,Barbourville,KY,40906",36.8658,-83.892,22,2026-06-01
185166,Harlan Health and Rehabilitation Center,200 Medical Center Drive,Harlan,KY,40831,6065737250,470,Harlan,N,For profit - Corporation,143,116.8,NA,Medicare and Medicaid,N,"HARLAN NURSING HOME, INC.",1981-11-02,SEKY HOLDING CO.,468,9,2.6,3,4.2,1.2,N,NA,N,N,N,Resident,Yes,1,NA,2,NA,1,NA,2,NA,1,NA,4,NA,NA,NA,2.91643,0.55972,0.7947,1.35441,4.27084,3.98564,0.55114,0.03625,48.5,NA,33.3,NA,0,NA,1.41775,1.01873,2.37561,0.87642,0.69204,3.94407,3.49892,2.84284,0.54559,0.77464,4.16308,3.88507,2025-03-21,7,7,0,88,1,0,88,2021-04-15,3,1,2,16,1,0,16,70,NA,2,10868,1,3,"200 Medical Center Drive,Harlan,KY,40831",36.8085,-83.313,NA,2026-06-01
185167,Hopkins Nursing and Rehabilitation Center,460 South College Street,Woodburn,KY,42170,2705292853,986,Warren,Y,For profit - Limited Liability company,50,42.3,NA,Medicare and Medicaid,N,HOPKINS HEALTH CENTER LLC,1982-01-01,ENCORE HEALTH PARTNERS,697,12,3.3,3.3,2,3.5,N,NA,N,N,N,Resident,Yes,5,NA,4,NA,5,NA,5,NA,NA,2,2,NA,NA,NA,2.33752,0.89887,0.62427,1.52313,3.86065,3.40519,0.46418,0.06701,31,NA,16.7,NA,0,NA,1.90637,1.36983,3.19437,1.17848,0.93055,5.3034,4.70482,1.69452,0.65161,0.45254,2.79867,2.4685,2025-08-21,0,0,0,0,0,0,0,2021-12-02,7,5,2,44,1,0,44,11,NA,0,0,0,0,"460 South College Street,Woodburn,KY,42170",36.837,-86.528,NA,2026-06-01
185168,Signature Healthcare of Monroe County Rehab and We,706 North Magnolia Street,Tompkinsville,KY,42167,2704876135,850,Monroe,N,For profit - Limited Liability company,104,70.5,NA,Medicare and Medicaid,N,LP TOMPKINSVILLE LLC,1982-07-01,SIGNATURE HEALTHCARE,474,68,3.1,2.9,2.6,3.9,N,NA,N,N,N,Resident,Yes,5,NA,5,NA,3,NA,4,NA,3,NA,4,NA,NA,NA,2.08764,1.20144,0.59361,1.79505,3.88269,3.2154,0.23373,0.06898,37.5,NA,37.5,NA,1,NA,1.28503,0.92336,2.15323,0.79438,0.62726,3.57487,3.17139,2.24512,1.29208,0.63839,4.17559,3.45796,2025-11-20,0,0,0,0,0,0,0,2024-05-11,1,1,0,4,1,0,4,1,NA,0,0,0,0,"706 North Magnolia Street,Tompkinsville,KY,42167",36.7031,-85.687,NA,2026-06-01
185169,Signature Healthcare at Jefferson Manor Rehab & We,1801 Lynn Way,Louisville,KY,40222,5024264513,550,Jefferson,Y,For profit - Limited Liability company,100,94.2,NA,Medicare and Medicaid,N,LP LOUISVILLE LYNN WAY LLC,1982-09-02,SIGNATURE HEALTHCARE,474,68,3.1,2.9,2.6,3.9,N,NA,N,N,N,Resident,Yes,5,NA,4,NA,5,NA,5,NA,5,NA,3,NA,NA,NA,2.16665,0.87806,0.79647,1.67453,3.84119,3.17412,0.51056,0.12941,50,NA,54.5,NA,0,NA,1.44639,1.03931,2.42362,0.89413,0.70602,4.02377,3.56962,2.07015,0.83896,0.76099000000000006,3.6701,3.03274,2025-07-25,1,1,0,4,1,0,4,2024-06-06,6,6,0,28,1,0,28,10,NA,0,0,0,0,"1801 Lynn Way,Louisville,KY,40222",38.2759,-85.616,NA,2026-06-01
185170,Bradford Square Nursing and Rehabilitation Center,1040 US Highway 127 South,Frankfort,KY,40601,5028755600,360,Franklin,N,For profit - Corporation,100,91,NA,Medicare and Medicaid,N,BRADFORD SQUARE HEALTH CENTER LLC,1983-10-05,ENCORE HEALTH PARTNERS,697,12,3.3,3.3,2,3.5,N,NA,N,N,N,Resident,Yes,1,NA,2,NA,3,NA,2,NA,3,NA,1,NA,NA,NA,2.44299,0.88422,0.5453,1.42952,3.87251,3.46241,0.27808,0.01948,55.8,NA,80,NA,0,NA,1.67805,1.20577,2.81178,1.03733,0.8191,4.66821,4.14133,2.01195,0.72821,0.44909,3.18925,2.85151,2025-03-21,0,0,0,0,0,0,0,2024-04-26,15,13,3,108,2,54,162,40.5,NA,1,13627,0,1,"1040 US Highway 127 South,Frankfort,KY,40601",38.343,-84.85,NA,2026-06-01
185171,Parkview Nursing & Rehabilitation Center,544 Lone Oak Road,Paducah,KY,42003,2704436543,720,Mc Cracken,Y,For profit - Corporation,228,154.7,NA,Medicare and Medicaid,N,CONSOLIDATED RESOURCES HEALTH CARE FUND I LP,1983-10-13,LIFE CARE CENTERS OF AMERICA,311,194,3.5,2.9,3.3,4.5,N,NA,N,N,N,Resident,Yes,4,NA,3,NA,5,NA,5,NA,4,NA,3,NA,NA,NA,2.15396,0.87521,0.64825,1.52346,3.67742,3.15454,0.20179,0.11791,38.9,NA,29.2,NA,0,NA,1.44142,1.03574,2.41529,0.89106,0.70359,4.00994,3.55735,2.06512,0.83911,0.62151,3.52574,3.02443,2026-04-02,5,5,0,20,1,0,20,2025-03-20,6,4,2,40,1,0,40,25,1,1,5519,0,1,"544 Lone Oak Road,Paducah,KY,42003",37.0617,-88.639,NA,2026-06-01
185172,Tug Valley ARH Skilled Nursing Facility,260 Hospital Drive,South Williamson,KY,41503,6062371725,970,Pike,N,Non profit - Corporation,34,18.7,NA,Medicare and Medicaid,N,APPALACHIAN REGIONAL HEALTHCARE INC,1984-06-05,NA,NA,NA,NA,NA,NA,NA,N,NA,N,N,N,Resident,Yes,3,NA,3,NA,1,NA,2,NA,1,NA,5,NA,NA,NA,2.48218,2.22937,2.23923,4.4686,6.95078,6.28586,1.64948,0.33511,39.4,NA,11.1,NA,1,NA,1.27606,0.91692,2.1382,0.78883,0.62288,3.5499,3.14924,2.68821,2.41441,2.42509,7.52771,6.8076,2025-06-18,5,1,4,20,1,0,20,2023-03-03,7,7,0,48,1,0,48,27,NA,0,0,0,0,"260 Hospital Drive,South Williamson,KY,41503",37.6765,-82.296,NA,2026-06-01
185173,Cumberland Nursing and Rehabilitation Center,200 Norfleet Drive,Somerset,KY,42501,6066785104,972,Pulaski,N,For profit - Limited Liability company,93,86.3,NA,Medicare and Medicaid,N,SUNRISE MANOR OPCO LLC,1984-06-01,BENJAMIN LANDA,646,49,3.4,3.4,2.3,3.5,N,NA,N,N,N,Resident,Yes,2,NA,2,NA,2,NA,4,NA,1,NA,3,NA,NA,NA,2.09684,0.93916,0.46548,1.4046400000000001,3.50147,3.10296,0.18079,0.04803,32.2,NA,41.7,NA,0,NA,1.43553,1.03151,2.40542,0.88742,0.70072,3.99355,3.54282,2.0186,0.90412,0.44811,3.37083,2.98718,2025-04-24,5,3,2,36,1,0,36,2021-07-30,2,2,0,79,1,0,79,46.75,NA,0,0,0,0,"200 Norfleet Drive,Somerset,KY,42501",37.0853,-84.598,NA,2026-06-01
185174,Florence Park Care Center,6975 Burlington Pike,Florence,KY,41042,5136055000,070,Boone,Y,For profit - Corporation,150,126.5,NA,Medicare and Medicaid,N,Legal Business Name Not Available,1984-06-25,HEALTH CARE MANAGEMENT GROUP,254,7,3.4,3.1,2.9,4,N,NA,N,N,N,Resident,Yes,1,NA,1,NA,2,NA,4,NA,1,NA,2,NA,NA,NA,2.21925,1.03312,0.42793,1.46105,3.6803,3.14298,0.39182,0.0298,59.1,NA,76.2,NA,0,NA,1.4035,1.00849,2.35173,0.86761,0.68508,3.90442,3.46375,2.18522,1.01727,0.42137,3.62386,3.09479,2026-01-15,16,13,3,282,1,0,282,2024-10-18,4,4,0,28,1,0,28,218.5,NA,0,0,0,0,"6975 Burlington Pike,Florence,KY,41042",39.0074,-84.631,NA,2026-06-01
185175,Treyton Oak Towers,211 West Oak Street,Louisville,KY,40203,5025893211,550,Jefferson,Y,Non profit - Corporation,60,50.7,NA,Medicare and Medicaid,N,THIRD AND OAK CORPORATION,1984-07-11,NA,NA,NA,NA,NA,NA,NA,Y,NA,N,N,N,Resident,Yes,2,NA,1,NA,5,NA,5,NA,4,NA,4,NA,NA,NA,2.21911,1.20058,0.74226,1.94283,4.16194,3.46653,0.48046,0.05543,43.8,NA,28.6,NA,0,NA,1.51639,1.08961,2.5409,0.9374,0.74019,4.21849,3.74237,2.0224,1.09415,0.67646,3.79302,3.15925,2025-07-03,8,6,2,36,1,0,36,2021-06-24,16,15,1,219,1,0,219,81.75,NA,1,16724,0,1,"211 West Oak Street,Louisville,KY,40203",38.2347,-85.757,NA,2026-06-01
185176,Clifton Heights,446 Mt. Holly Avenue,Louisville,KY,40206,5028971646,550,Jefferson,Y,For profit - Limited Liability company,110,101.3,NA,Medicare and Medicaid,N,"CLIFTON HEIGHTS, LLC",1984-12-20,JOURNEY HEALTHCARE,766,34,2,2.4,1.4,2.6,N,NA,N,N,N,Resident,Yes,1,NA,1,NA,4,NA,4,NA,3,NA,1,NA,NA,NA,2.18716,0.59674,0.58951,1.18625,3.3734,3.04255,0.31174,0.0528,75.6,NA,87.5,NA,1,NA,1.40396,1.00882,2.35252,0.8679,0.68531,3.90573,3.46491,2.1529,0.58739,0.58028,3.32056,2.99489,2025-12-04,4,2,4,107,1,0,107,2023-06-11,23,14,12,747,2,374,1121,360.5,NA,0,0,0,0,"446 Mt. Holly Avenue,Louisville,KY,40206",38.2611,-85.704,NA,2026-06-01
185177,Grayson Nursing and Rehab Center,505 William Thomason Byway,Leitchfield,KY,42754,2702594028,420,Grayson,N,For profit - Limited Liability company,72,70.4,NA,Medicare and Medicaid,N,GRAYSON NURSING & REHABILITATION CENTER LLC,1985-04-19,ENCORE HEALTH PARTNERS,697,12,3.3,3.3,2,3.5,N,NA,N,N,N,Resident,Yes,5,NA,5,NA,3,NA,3,NA,3,NA,2,NA,NA,NA,2.44584,0.78595,0.47084,1.25679,3.70263,3.05171,0.4611,0.02132,39.1,NA,28.6,NA,0,NA,1.54928,1.11324,2.59601,0.95773,0.75624,4.30998,3.82353,2.18172,0.70108,0.41999,3.30279,2.72216,2026-02-18,0,0,0,0,0,0,0,2024-11-21,1,1,0,16,1,0,16,4,NA,5,12235,0,5,"505 William Thomason Byway,Leitchfield,KY,42754",37.4706,-86.288,NA,2026-06-01
185178,Louisville East Post Acute,4200 Browns Lane,Louisville,KY,40220,5024598900,550,Jefferson,Y,For profit - Corporation,178,166.3,NA,Medicare and Medicaid,N,LOUISVILLE EAST POST ACUTE LLC,1986-01-07,PACS GROUP,690,280,3,2.5,2.4,4.3,N,NA,N,N,N,Resident,Yes,3,NA,2,NA,5,NA,5,NA,5,NA,2,NA,NA,NA,2.37827,0.89407,0.66449,1.55856,3.93683,3.53144,0.48448,0.06357,48.6,NA,26.1,NA,0,NA,1.97424,1.4186,3.30808,1.22043,0.96367,5.49219,4.87231,1.6648,0.62585,0.46514,2.7558,2.47201,2025-09-05,2,0,2,40,0,0,40,2024-07-19,10,10,3,76,1,0,76,49,NA,2,12740,0,2,"4200 Browns Lane,Louisville,KY,40220",38.2217,-85.622,NA,2026-06-01
185180,Signature Healthcare at North Hardin Rehab & Welln,599 Rogersville Road,Radcliff,KY,40160,2703512999,460,Hardin,Y,For profit - Limited Liability company,136,121.3,NA,Medicare and Medicaid,N,LP RADCLIFF LLC,1986-11-21,SIGNATURE HEALTHCARE,474,68,3.1,2.9,2.6,3.9,N,NA,N,N,N,Resident,Yes,3,NA,2,NA,5,NA,5,NA,5,NA,3,NA,NA,NA,2.37125,0.45454,0.79878,1.25333,3.62457,3.22409,0.60911,0.09397,46.4,NA,36.8,NA,1,NA,1.36699,0.98226,2.29057,0.84505,0.66726,3.80288,3.37366,2.39723,0.45953,0.80753,3.66429,3.25942,2025-05-29,8,8,0,44,1,0,44,2024-05-03,3,2,2,36,1,0,36,42,NA,0,0,0,0,"599 Rogersville Road,Radcliff,KY,40160",37.8178,-85.94,NA,2026-06-01
185183,Helmwood Healthcare,106 Diecks Drive,Elizabethtown,KY,42701,2707372738,460,Hardin,Y,For profit - Limited Liability company,60,53.2,NA,Medicare and Medicaid,N,HARDIN KY OPCO LLC,1987-01-26,NA,NA,NA,NA,NA,NA,NA,N,NA,N,N,N,Resident,Yes,5,NA,5,NA,4,NA,4,NA,5,NA,3,NA,NA,NA,2.06389,0.95488,0.57434,1.52923,3.59311,3.15052,0.49722,0.06716,55,NA,16.7,NA,1,NA,1.38093,0.99227,2.31392,0.85366,0.67407,3.84165,3.40806,2.06545,0.9556,0.57478,3.59583,3.15289,2025-04-25,0,0,0,0,0,0,0,2020-02-06,2,2,0,8,1,0,8,2,NA,0,0,0,0,"106 Diecks Drive,Elizabethtown,KY,42701",37.7093,-85.872,NA,2026-06-01
185187,Greenwood Rehabilitation and Healthcare Center,5079 Scottsville Road,Bowling Green,KY,42104,2707821125,986,Warren,Y,For profit - Limited Liability company,128,122.4,NA,Medicare and Medicaid,N,"THAMES HEALTHCARE GROUP, LLC",1987-11-05,PRINCIPLE LONG TERM CARE,423,44,3.1,3,3,3.4,N,NA,N,N,N,Resident,Yes,2,NA,2,NA,4,NA,4,NA,4,NA,2,NA,NA,NA,2.1779,0.75364,0.78005,1.53369,3.71158,3.19352,0.55939,0.11996,60.6,NA,36.8,NA,0,NA,1.57887,1.1345,2.64559,0.97602,0.77068,4.3923,3.89655,1.9063,0.65966,0.68277,3.24873,2.79527,2025-08-01,9,9,0,40,1,0,40,2022-07-05,7,7,0,72,1,0,72,48,NA,0,0,0,0,"5079 Scottsville Road,Bowling Green,KY,42104",36.9269,-86.412,NA,2026-06-01
185193,Hyden Health and Rehabilitation Center,21040 US Highway 421 South,Hyden,KY,41749,6066722940,650,Leslie,N,For profit - Limited Liability company,94,84.9,NA,Medicare and Medicaid,N,"HYDEN NURSING HOME, LLC",1998-10-21,SEKY HOLDING CO.,468,9,2.6,3,4.2,1.2,N,NA,N,N,N,Resident,Yes,5,NA,5,NA,2,NA,2,NA,2,NA,4,NA,NA,NA,2.64997,0.50306,0.86289,1.36595,4.01592,3.59044,0.59563,0.05748,27.5,NA,18.8,NA,0,NA,1.39791,1.00447,2.34238,0.86416,0.68236,3.88889,3.44997,2.61975,0.49732,0.85305,3.97012,3.5495,2024-10-24,0,0,0,0,0,0,0,2019-08-01,5,5,0,24,1,0,24,6,NA,1,5346,0,1,"21040 US Highway 421 South,Hyden,KY,41749",37.1495,-83.375,NA,2026-06-01
185195,Oakview Nursing & Rehabilitation Center,10456 US Highway 62,Calvert City,KY,42029,2708986288,780,Marshall,N,For profit - Limited Liability company,100,80.1,NA,Medicare and Medicaid,N,LP CALVERT CITY LLC,1988-11-16,SIGNATURE HEALTHCARE,474,68,3.1,2.9,2.6,3.9,N,NA,N,N,N,Resident,Yes,2,NA,2,NA,3,NA,2,NA,3,NA,2,NA,NA,NA,1.87151,1.01655,0.58423,1.60078,3.47229,3.09716,0.43515,0.05285,68.7,NA,73.3,NA,1,NA,1.38106,0.99236,2.31414,0.85374,0.67413,3.84201,3.40838,1.87274,1.01723,0.58461,3.47458,3.09921,2025-09-25,0,0,0,0,0,0,0,2024-06-13,5,3,2,161,1,0,161,40.25,NA,2,15646,0,2,"10456 US Highway 62,Calvert City,KY,42029",37.0067,-88.454,NA,2026-06-01
185197,Hartland Park Health & Rehabilitation,1500 Trent Boulevard,Lexington,KY,40515,8592722273,330,Fayette,Y,For profit - Limited Liability company,150,138.4,NA,Medicare and Medicaid,N,Legal Business Name Not Available,1989-05-10,LYON HEALTHCARE,837,14,2,2,1.7,2.9,N,NA,N,N,N,Resident,Yes,1,NA,1,NA,2,NA,2,NA,1,NA,1,NA,NA,NA,2.23345,0.8003,0.43057,1.23087,3.46431,3.0904,0.30133,0.03604,49,NA,64,NA,1,NA,1.52952,1.09904,2.5629,0.94552,0.74659,4.25501,3.77476,2.018,0.7231,0.38903,3.13013,2.79228,2025-06-13,13,9,4,76,1,0,76,2024-08-16,9,7,3,72,1,0,72,75,NA,2,12925,0,2,"1500 Trent Boulevard,Lexington,KY,40515",37.967,-84.477,NA,2026-06-01
185200,Letcher Manor,73 Piedmont Drive,Whitesburg,KY,41858,6066331434,660,Letcher,N,For profit - Corporation,142,115.8,NA,Medicare and Medicaid,N,DJLM OPERATIONS LLC,1989-10-02,BLUEGRASS HEALTH KY,748,15,2.9,3.3,1.5,3.2,N,NA,N,N,N,Resident,Yes,3,NA,3,NA,3,NA,4,NA,2,NA,2,NA,NA,NA,2.31107,0.75897,0.45878,1.21775,3.52882,3.23069,0.34256,0.01534,44,NA,26.7,NA,0,NA,1.6072,1.15486,2.69307,0.99354,0.78451,4.47112,3.96648,1.9872,0.65261,0.39449,3.0343,2.77795,2025-02-27,5,4,1,20,1,0,20,2024-04-05,3,2,2,16,1,0,16,19,NA,0,0,0,0,"73 Piedmont Drive,Whitesburg,KY,41858",37.1137,-82.809,NA,2026-06-01
185205,Signature Healthcare of Carrollton Rehab & Wellnes,1206 Eleventh Street,Carrollton,KY,41045,5027326683,191,Carroll,N,For profit - Corporation,78,64.5,NA,Medicare and Medicaid,N,LP CARROLLTON LLC,1990-02-05,SIGNATURE HEALTHCARE,474,68,3.1,2.9,2.6,3.9,N,NA,N,N,N,Resident,Yes,4,NA,4,NA,2,NA,3,NA,1,NA,2,NA,NA,NA,2.25742,0.98381,0.54525,1.52906,3.78648,3.36617,0.27032,0.06054,42.9,NA,33.3,NA,1,NA,1.55105,1.11451,2.59897,0.95883,0.7571,4.3149,3.82789,2.01135,0.87657,0.48581,3.37373,2.99924,2025-06-05,0,0,0,0,0,0,0,2024-04-12,4,1,3,28,1,0,28,7,NA,0,0,0,0,"1206 Eleventh Street,Carrollton,KY,41045",38.6693,-85.168,NA,2026-06-01
185207,Maysville Nursing and Rehabilitation Facility,620 Parker Road,Maysville,KY,41056,6065644085,800,Mason,N,For profit - Corporation,130,115.7,NA,Medicare and Medicaid,N,MAYSVILLE OPERATIONS LLC,1990-04-18,BLUEGRASS HEALTH KY,748,15,2.9,3.3,1.5,3.2,N,NA,N,N,N,Resident,Yes,5,NA,5,NA,3,NA,4,NA,3,NA,2,NA,NA,NA,2.56673,0.94459,0.35427,1.29885,3.86559,3.54438,0.2145,0.01586,35.1,NA,0,NA,0,NA,1.72161,1.23707,2.88477,1.06426,0.84036,4.7894,4.24884,2.06037,0.75824,0.28438,3.10299,2.84515,2025-06-19,0,0,0,0,0,0,0,2021-10-07,4,4,0,16,1,0,16,4,NA,0,0,0,0,"620 Parker Road,Maysville,KY,41056",38.6359,-83.795,NA,2026-06-01
185208,Carmel Manor,100 Carmel Manor Road,Fort Thomas,KY,41075,8597815111,180,Campbell,Y,Non profit - Corporation,95,83.8,NA,Medicare and Medicaid,N,CARMEL MANOR INC,1990-07-05,CARMELITE SISTERS FOR THE AGED & INFIRM,802,9,2.6,2.1,3.6,4,N,SFF Candidate,Y,N,N,Resident,Yes,1,NA,1,NA,1,NA,3,NA,1,NA,3,NA,NA,NA,2.5611,1.04032,0.76171,1.80203,4.36313,4.12044,0.49977,0.06004,80.2,NA,75,NA,2,NA,1.305,0.93771,2.18669,0.80672,0.637,3.63041,3.22066,2.71217,1.10169,0.80664,4.62049,4.36348,2025-12-01,20,12,9,469,1,0,469,2023-05-05,8,1,7,165,1,0,165,393,NA,3,312265,2,5,"100 Carmel Manor Road,Fort Thomas,KY,41075",39.064,-84.44,NA,2026-06-01
185209,Riverside Care & Rehabilitation Center,190 East Highway 136,Calhoun,KY,42327,2702733783,740,Mc Lean,Y,For profit - Limited Liability company,79,71.7,NA,Medicare and Medicaid,N,"LP CALHOUN, LLC",1990-07-18,SIGNATURE HEALTHCARE,474,68,3.1,2.9,2.6,3.9,N,NA,N,N,N,Resident,Yes,4,NA,4,NA,4,NA,5,NA,2,NA,4,NA,NA,NA,2.29992,0.66788,0.77651,1.44439,3.74431,3.1904,0.45767,0.04601,45.3,NA,35.3,NA,1,NA,1.37609,0.9888,2.30582,0.85067,0.6717,3.82819,3.39612,2.30975,0.67073,0.77983,3.76031,3.20403,2026-04-16,0,0,0,0,0,0,0,2025-03-13,2,2,0,12,1,0,12,3,NA,0,0,0,0,"190 East Highway 136,Calhoun,KY,42327",37.556,-87.268,NA,2026-06-01
185210,The Willows at Harrodsburg,180 Lucky Man Way,Harrodsburg,KY,40330,8597342953,830,Mercer,N,For profit - Corporation,36,42.5,NA,Medicare and Medicaid,N,"TRILOGY HEALTHCARE OF MERCER, LLC",1990-08-31,TRILOGY HEALTH SERVICES,524,124,4.2,3.5,3.2,4.8,Y,NA,N,N,N,Resident,Yes,3,NA,2,NA,5,NA,5,NA,4,NA,4,NA,NA,NA,2.55065,0.91384,0.89677,1.81061,4.36126,4.00291,0.57934,0.14453,45.3,NA,41.7,NA,0,NA,1.60434,1.1528,2.68827,0.99177,0.78312,4.46315,3.95941,2.19712,0.78718,0.77247,3.75678,3.4481,2026-01-23,3,3,0,24,1,0,24,2024-12-18,5,5,0,52,1,0,52,31,NA,2,12529,0,2,"180 Lucky Man Way,Harrodsburg,KY,40330",37.7892,-84.862,22,2026-06-01
185211,Signature Healthcare of McCreary County Rehab and,58 Cal Hill Spur,Pine Knot,KY,42635,6063543155,730,Mc Creary,N,For profit - Corporation,60,51.3,NA,Medicare and Medicaid,N,LP PINE KNOT LLC,1990-09-04,SIGNATURE HEALTHCARE,474,68,3.1,2.9,2.6,3.9,N,NA,N,N,N,None,Yes,1,NA,1,NA,3,NA,4,NA,2,NA,4,NA,NA,NA,1.94674,0.87283,0.85655,1.72938,3.67612,3.12647,0.29664,0.13236,36,NA,33.3,NA,0,NA,1.41859,1.01933,2.37702,0.87694,0.69245,3.94641,3.50099,1.8965,0.8503,0.83444,3.58124,3.04578,2025-05-07,0,0,0,0,0,0,0,2020-10-01,10,10,0,253,1,0,253,63.25,NA,0,0,0,0,"58 Cal Hill Spur,Pine Knot,KY,42635",36.6544,-84.438,NA,2026-06-01
185213,Wolfe County Health & Rehabilitation Center,850 Highway 191,Campton,KY,41301,6066683216,991,Wolfe,N,For profit - Corporation,100,86.5,NA,Medicare and Medicaid,N,"WOLFE COUNTY HEALTH CARE CENTER, INC.",1990-10-11,SEKY HOLDING CO.,468,9,2.6,3,4.2,1.2,N,NA,N,N,N,Resident,Yes,4,NA,5,NA,1,NA,2,NA,1,NA,4,NA,NA,NA,3.28753,0.78815,0.74178,1.52993,4.81746,4.40884,0.54064,0.04628,50,NA,31.3,NA,0,NA,1.48846,1.06954,2.4941,0.92014,0.72655,4.14079,3.67343,3.05234,0.73176,0.68871,4.47282,4.09343,2025-01-30,0,0,0,0,0,0,0,2019-10-24,1,1,0,4,1,0,4,1,NA,0,0,0,0,"850 Highway 191,Campton,KY,41301",37.7435,-83.532,NA,2026-06-01
185215,Pine Meadows Post Acute,1608 Hill Rise Drive,Lexington,KY,40504,8592542402,330,Fayette,Y,For profit - Limited Liability company,120,115.4,NA,Medicare and Medicaid,N,PINE MEADOWSIDENCE OPCO LLC,1990-10-17,PACS GROUP,690,280,3,2.5,2.4,4.3,N,NA,N,N,N,Resident,Yes,2,NA,3,NA,4,NA,5,NA,3,NA,1,NA,NA,NA,2.11049,0.93834,0.47008,1.40843,3.51892,3.02607,0.25261,0.10897,51.9,NA,46.7,NA,0,NA,1.90163,1.36642,3.18642,1.17555,0.92823,5.2902,4.69311,1.53376,0.68192,0.34162,2.55731,2.19914,2025-09-05,2,2,0,20,1,0,20,2023-11-30,4,3,1,16,1,0,16,19,0,0,0,0,0,"1608 Hill Rise Drive,Lexington,KY,40504",38.0469,-84.534,NA,2026-06-01
185217,Metcalfe Nursing and Rehabilitation Center,701 Skyline Drive,Edmonton,KY,42129,2704322921,831,Metcalfe,N,Non profit - Corporation,71,68.2,NA,Medicare and Medicaid,N,Legal Business Name Not Available,1990-11-01,NA,NA,NA,NA,NA,NA,NA,N,NA,N,Y,N,Resident,Yes,2,NA,2,NA,2,NA,1,NA,2,NA,3,NA,NA,NA,2.63645,0.92713,0.34999,1.27712,3.91357,3.37521,0.19555,0.05775,42,NA,16.7,NA,0,NA,1.31848,0.9474,2.20928,0.81506,0.64358,3.66793,3.25394,2.76341,0.97177,0.36685,4.1020200000000004,3.53774,2022-10-22,10,10,0,76,1,0,76,2019-10-31,1,1,0,16,1,0,16,61,NA,0,0,0,0,"701 Skyline Drive,Edmonton,KY,42129",36.9891,-85.633,NA,2026-06-01
185218,Somerset Nursing and Rehabilitation Facility,106 Gover Street,Somerset,KY,42501,6066798331,972,Pulaski,N,For profit - Limited Liability company,123,117,NA,Medicare and Medicaid,N,SOMERSET OPERATIONS LLC,1990-11-15,BLUEGRASS HEALTH KY,748,15,2.9,3.3,1.5,3.2,N,NA,N,N,N,Resident,Yes,1,NA,2,NA,1,NA,2,NA,1,NA,1,NA,NA,NA,2.57252,0.75946,0.2884,1.04786,3.62039,3.30767,0.11738,0.04683,45.6,NA,41.7,NA,1,NA,1.66218,1.19436,2.78519,1.02753,0.81135,4.62406,4.10216,2.13885,0.63143,0.23978,3.01007,2.75007,2025-06-25,2,0,2,40,0,0,40,2021-08-11,6,6,0,48,1,0,48,42,NA,0,0,0,0,"106 Gover Street,Somerset,KY,42501",37.0721,-84.615,NA,2026-06-01
185220,Nicholasville Nursing and Rehabilitation,100 Sparks Avenue,Nicholasville,KY,40356,8598854171,560,Jessamine,Y,For profit - Limited Liability company,73,66.6,NA,Medicare and Medicaid,N,NICHOLASVILLE NURSING AND REHABILITATION LLC,1990-11-16,DAVID MARX,179,10,2.8,2.7,2,3.6,N,NA,N,N,N,Resident,Yes,1,NA,2,NA,2,NA,5,NA,1,NA,1,NA,NA,NA,1.95882,0.8547,0.49452,1.34921,3.30804,3.02713,0.29367,0.01424,79.8,NA,83.3,NA,1,NA,1.46946,1.05589,2.46227,0.90839,0.71728,4.08795,3.62656,1.84219,0.80381,0.46507,3.11108,2.84689,2025-08-22,2,2,1,16,1,0,16,2024-09-12,16,12,6,112,1,0,112,40,NA,0,0,0,0,"100 Sparks Avenue,Nicholasville,KY,40356",37.8861,-84.566,NA,2026-06-01
185221,Salyersville Nursing and Rehabilitation Center,662 Parkway Drive,Salyersville,KY,41465,6063496181,760,Magoffin,N,For profit - Corporation,142,105.3,NA,Medicare and Medicaid,N,SALYERSVILLE HEALTH OPERATING COMPANY LLC,1990-12-07,BENJAMIN LANDA,646,49,3.4,3.4,2.3,3.5,N,SFF Candidate,Y,N,N,Resident,Yes,1,NA,1,NA,2,NA,3,NA,1,NA,3,NA,NA,NA,3.15969,0.56831,0.65301,1.22132,4.38101,3.78687,0.42449,0.03142,51.3,NA,58.3,NA,1,NA,1.5715,1.12921,2.63325,0.97147,0.76709,4.37182,3.87839,2.77862,0.49977,0.57425,3.85264,3.33015,2025-05-17,24,14,12,926,3,648,1574,2021-04-08,2,2,0,4,1,0,4,1181.5,NA,2,447485,0,2,"662 Parkway Drive,Salyersville,KY,41465",37.7484,-83.066,NA,2026-06-01
185222,Good Shepherd Health and Rehabilitation,60 Phillips Branch Road,Phelps,KY,41553,6064568725,970,Pike,N,For profit - Corporation,118,89.6,NA,Medicare and Medicaid,N,PHELPS KY OPCO LLC,1990-12-27,PLAINVIEW HEALTHCARE PARTNERS,657,12,1.8,2.1,2.3,3.1,N,NA,N,N,N,Resident,Yes,1,NA,1,NA,3,NA,4,NA,1,NA,2,NA,NA,NA,2.12701,0.96968,0.60462,1.57431,3.70131,3.64922,0.56727,0.0301,43.9,NA,50,NA,0,NA,1.61945,1.16366,2.71359,1.00111,0.79049,4.5052,3.99671,1.8151,0.82749,0.51596,3.15855,3.1141,2024-09-13,2,2,1,24,1,0,24,2019-10-31,9,3,6,291,1,0,291,90.75,NA,4,29852,0,4,"60 Phillips Branch Road,Phelps,KY,41553",37.4951,-82.137,NA,2026-06-01
185224,Bowling Green Nursing and Rehabilitation Center,1561 Newton Avenue,Bowling Green,KY,42104,2708421611,986,Warren,Y,For profit - Limited Liability company,66,57.4,NA,Medicare and Medicaid,N,BOWLING GREEN HEALTH CENTER LLC,1991-01-07,NA,NA,NA,NA,NA,NA,NA,N,NA,N,N,N,Resident,Yes,3,NA,4,NA,3,NA,2,NA,3,NA,1,NA,NA,NA,1.90265,0.58582,0.67582,1.26164,3.16429,2.85116,0.45908,0.03206,63,NA,72.7,NA,1,NA,1.61084,1.15748,2.69917,0.99579,0.78629,4.48126,3.97547,1.63232,0.50259,0.57979,2.7147,2.44606,2025-12-20,1,1,0,4,1,0,4,2024-11-07,5,2,3,20,1,0,20,8,NA,0,0,0,0,"1561 Newton Avenue,Bowling Green,KY,42104",36.9747,-86.439,NA,2026-06-01
185225,Rosedale Green,4250 Glenn Avenue,Covington,KY,41015,8594312244,580,Kenton,Y,Non profit - Corporation,176,164.9,NA,Medicare and Medicaid,N,"KENTON HOUSING, INC.",1991-03-01,NA,NA,NA,NA,NA,NA,NA,N,NA,N,N,N,Resident,Yes,3,NA,3,NA,2,NA,4,NA,1,NA,3,NA,NA,NA,2.47528,1.05974,0.27742,1.33716,3.81244,3.37629,0.1796,0.02058,39,NA,14.3,NA,0,NA,1.27675,0.91741,2.13935,0.78926,0.62321,3.55183,3.15095,2.67928,1.14708,0.30028,4.12664,3.65455,2025-04-17,1,1,0,8,1,0,8,2019-10-11,6,6,0,56,1,0,56,20,NA,0,0,0,0,"4250 Glenn Avenue,Covington,KY,41015",39.0418,-84.496,NA,2026-06-01
185226,CARMEL HOME,2501 OLD HARTFORD ROAD,OWENSBORO,KY,42303,2706830227,290,Daviess,Y,Non profit - Corporation,18,17.7,NA,Medicare and Medicaid,N,CARMELITE SISTERS OF THE DIVINE HEART OF JESUS KENTUCKY CORPORATION,1990-12-13,NA,NA,NA,NA,NA,NA,NA,Y,NA,N,N,N,Resident,Yes,3,NA,4,NA,4,NA,4,NA,NA,2,1,23,23,23,NA,NA,NA,NA,NA,NA,NA,NA,NA,26,NA,26,NA,26,NA,NA,NA,NA,NA,NA,NA,NA,NA,NA,NA,NA,2025-04-10,0,0,0,0,0,0,0,2024-02-15,3,3,0,32,1,0,32,8,NA,4,40173,1,5,"2501 OLD HARTFORD ROAD,OWENSBORO,KY,42303",37.7521,-87.094,NA,2026-06-01
185227,Providence Pointe Healthcare,100 Marshall Court,Paducah,KY,42001,2704426884,720,Mc Cracken,Y,For profit - Corporation,108,104.1,NA,Medicare and Medicaid,N,PROVIDENCE POINT HEALTHCARE INC,1990-12-07,ECC TRUST,820,4,3.8,3.5,3.3,4,N,NA,N,N,N,None,Yes,5,NA,4,NA,5,NA,5,NA,4,NA,4,NA,NA,NA,2.35551,0.97272,0.7236,1.69632,4.05183,3.55896,0.51468,0.05174,44.3,NA,47.4,NA,0,NA,1.39705,1.00385,2.34093,0.86363,0.68193,3.8864899999999998,3.44784,2.33009,0.96222,0.71579,4.0081,3.52056,2025-12-18,1,0,1,4,0,0,4,2024-08-16,4,2,2,28,1,0,28,10,NA,0,0,0,0,"100 Marshall Court,Paducah,KY,42001",37.0398,-88.723,NA,2026-06-01
185228,Western State Nursing Facility,2400 Russellville Road,Hopkinsville,KY,42240,2708896025,230,Christian,Y,Government - State,144,48.3,NA,Medicare and Medicaid,N,COMMONWEALTH OF KENTUCKY,1991-01-03,NA,NA,NA,NA,NA,NA,NA,N,NA,N,N,N,Resident,Yes,4,NA,4,NA,2,NA,2,NA,NA,2,NA,2,6,6,NA,NA,NA,NA,NA,NA,NA,NA,NA,26,NA,26,NA,26,NA,NA,NA,NA,NA,NA,NA,NA,NA,NA,NA,NA,2025-12-10,3,3,0,12,1,0,12,2024-08-08,2,2,0,8,1,0,8,11,NA,0,0,0,0,"2400 Russellville Road,Hopkinsville,KY,42240",36.8628,-87.45,NA,2026-06-01
185229,Barren County Nursing and Rehabilitation,300 Westwood Street,Glasgow,KY,42141,2706519131,040,Barren,N,For profit - Limited Liability company,94,90.6,NA,Medicare and Medicaid,N,WESTWOOD NURSING AND REHABILITATION LLC,1991-01-08,SIMCHA HYMAN & NAFTALI ZANZIPER,580,85,2.6,2.7,2.4,3.4,N,NA,N,N,N,Resident,Yes,3,NA,3,NA,2,NA,3,NA,2,NA,2,NA,NA,NA,1.86103,0.55466,0.43757,0.99223,2.85326,2.41015,0.17006,0.04163,44.9,NA,30,NA,1,NA,1.4406,1.03514,2.4139,0.89055,0.70319,4.00764,3.55531,1.7853,0.53209,0.41976,2.73716,2.31208,2025-08-08,4,4,0,28,1,0,28,2023-03-09,2,2,0,16,1,0,16,25,0,0,0,0,0,"300 Westwood Street,Glasgow,KY,42141",36.9945,-85.934,NA,2026-06-01
185230,Elkhorn Health & Rehabilitation,945 West Russell Street,Elkhorn City,KY,41522,6067544134,970,Pike,N,For profit - Limited Liability company,106,101,NA,Medicare and Medicaid,N,Legal Business Name Not Available,1990-12-13,LYON HEALTHCARE,837,14,2,2,1.7,2.9,N,NA,N,N,N,Both,Yes,5,NA,5,NA,2,NA,5,NA,1,NA,2,NA,NA,NA,1.74983,0.73909,0.48828,1.22737,2.9772,2.73944,0.3863,0.02944,40.3,NA,30,NA,0,NA,1.71315,1.23099,2.8706,1.05903,0.83623,4.76586,4.22796,1.41156,0.59621,0.39389,2.40167,2.20986,2025-04-09,0,0,0,0,0,0,0,2020-03-11,4,4,0,16,1,0,16,4,NA,0,0,0,0,"945 West Russell Street,Elkhorn City,KY,41522",37.2963,-82.361,NA,2026-06-01
185232,Christian Health Center Corbin,116 South Commonwealth Avenue,Corbin,KY,40702,6062582500,990,Whitley,N,Non profit - Other,104,91.7,NA,Medicare and Medicaid,N,"CHRISTIAN CARE COMMUNITIES, INC",1991-01-15,CHRISTIAN CARE COMMUNITIES,142,5,2.8,2.8,3.4,3.6,Y,NA,Y,N,N,Resident,Yes,1,NA,1,NA,4,NA,5,NA,3,NA,4,NA,NA,NA,2.39774,0.63177,0.83451,1.46628,3.86402,3.29196,0.5648,0.05725,36.1,NA,30,NA,0,NA,1.44051,1.03508,2.41375,0.89049,0.70315,4.0074,3.5551,2.3003,0.6061,0.8006,3.707,3.15819,2025-03-12,5,1,4,212,1,0,212,2020-02-06,2,1,1,8,1,0,8,161,NA,1,160790,0,1,"116 South Commonwealth Avenue,Corbin,KY,40702",36.9581,-84.075,NA,2026-06-01
185234,Calvert City Convalescent Center,1201 Fifth Avenue,Calvert City,KY,42029,2703954124,780,Marshall,N,Non profit - Corporation,95,86.6,NA,Medicare and Medicaid,N,"CALVERT CITY CONVALESCENT CENTER, INC",1991-01-03,NA,NA,NA,NA,NA,NA,NA,N,NA,N,N,N,Resident,Yes,5,NA,5,NA,2,NA,3,NA,1,NA,5,NA,NA,NA,4.04073,0.66465,0.7806,1.44525,5.48597,4.59429,0.31343,0.03859,46.1,NA,21.4,NA,0,NA,1.36922,0.98386,2.2943,0.84643,0.66835,3.80908,3.37916,4.07835,0.67084,0.78787,5.53706,4.63707,2025-12-04,0,0,0,0,0,0,0,2024-10-03,4,3,1,16,1,0,16,4,NA,0,0,0,0,"1201 Fifth Avenue,Calvert City,KY,42029",37.0242,-88.341,NA,2026-06-01
185236,Chautauqua Health and Rehabilitation,1205 Leitchfield Road,OWENSBORO,KY,42303,2706840464,290,Daviess,Y,For profit - Partnership,145,121.2,NA,Medicare and Medicaid,N,OWENSBORO KY OPCO LLC,1991-01-23,SIMCHA HYMAN & NAFTALI ZANZIPER,580,85,2.6,2.7,2.4,3.4,N,NA,N,N,N,Resident,Yes,1,NA,1,NA,1,NA,2,NA,1,NA,3,NA,NA,NA,2.70288,0.41991,0.48248,0.90239,3.60527,3.40043,0.30947,0.02069,40.4,NA,53.3,NA,1,NA,1.35645,0.97468,2.27289,0.83853,0.66211,3.77353,3.34763,2.75375,0.42781,0.49156,3.67312,3.46442,2025-04-04,2,2,1,8,1,0,8,2021-08-27,18,18,0,541,1,0,541,141.25,NA,0,0,0,0,"1205 Leitchfield Road,OWENSBORO,KY,42303",37.7662,-87.091,NA,2026-06-01
185237,CHEROKEE PARK REHABILITATION,2100 Cherokee Ridge Way,Louisville,KY,40205,5024510990,550,Jefferson,Y,For profit - Limited Liability company,104,90,NA,Medicare and Medicaid,N,Legal Business Name Not Available,1991-02-11,SIMCHA HYMAN & NAFTALI ZANZIPER,580,85,2.6,2.7,2.4,3.4,N,NA,N,N,N,Resident,Yes,2,NA,2,NA,3,NA,3,NA,3,NA,3,NA,NA,NA,1.85975,0.76332,0.86577,1.62909,3.48885,3.1004,0.8143,0.0415,56,NA,43.8,NA,0,NA,1.39681,1.00368,2.3405300000000002,0.86348,0.68182,3.88583,3.44725,1.84,0.75522,0.85657,3.45179,3.06746,2025-07-09,3,3,0,12,1,0,12,2024-06-14,11,11,2,143,1,0,143,44.75,NA,1,12054,1,2,"2100 Cherokee Ridge Way,Louisville,KY,40205",38.2241,-85.684,22,2026-06-01
185238,Vanceburg Hills,58 Eastham Street,Vanceburg,KY,41179,6067963046,670,Lewis,N,For profit - Corporation,94,87.5,NA,Medicare and Medicaid,N,"VANCEBURG HILLS, LLC",1991-01-24,JOURNEY HEALTHCARE,766,34,2,2.4,1.4,2.6,N,NA,N,N,N,Both,Yes,3,NA,3,NA,3,NA,4,NA,3,NA,2,NA,NA,NA,2.04075,0.74217,0.44413,1.18631,3.22706,2.83733,0.19116,0.02532,39.2,NA,36.4,NA,0,NA,1.50788,1.08349,2.52665,0.93214,0.73603,4.19483,3.72137,1.87034,0.6802,0.40705,2.95759,2.60041,2025-06-12,0,0,0,0,0,0,0,2024-08-22,10,10,0,88,1,0,88,22,NA,1,10527,1,2,"58 Eastham Street,Vanceburg,KY,41179",38.586,-83.324,NA,2026-06-01
185240,Middlesboro Nursing and Rehabilitation Facility,235 New Wilson Lane,Middlesboro,KY,40965,6062980091,060,Bell,N,For profit - Corporation,95,91.8,NA,Medicare and Medicaid,N,MIDDLESBORO OPERATIONS LLC,1991-01-22,BLUEGRASS HEALTH KY,748,15,2.9,3.3,1.5,3.2,N,NA,N,N,N,Both,Yes,5,NA,5,NA,5,NA,5,NA,4,NA,2,NA,NA,NA,2.42851,1.06222,0.43263,1.49485,3.92336,3.44498,0.22445,0.00668,42.6,NA,20,NA,0,NA,1.63761,1.17671,2.74402,1.01234,0.79936,4.55572,4.04153,2.04941,0.8964,0.36509,3.31091,2.9072,2024-09-19,0,0,0,0,0,0,0,2019-09-26,1,1,0,8,1,0,8,2,NA,0,0,0,0,"235 New Wilson Lane,Middlesboro,KY,40965",36.6124,-83.754,NA,2026-06-01
185241,Madonna Manor,2344 Amsterdam Road,Villa Hills,KY,41017,8594266400,580,Kenton,Y,Non profit - Church related,60,54.2,NA,Medicare and Medicaid,N,"MADONNA MANOR, INC.",1990-11-07,COMMONSPIRIT HEALTH,151,19,2.9,2.7,3.3,3.7,Y,NA,N,N,N,Resident,Yes,1,NA,1,NA,3,NA,3,NA,4,NA,4,NA,NA,NA,3.58329,0.87299,1.15898,2.03198,5.61527,4.63461,0.36436,0,60.7,NA,50,NA,0,NA,1.66184,1.19412,2.78462,1.02731,0.81118,4.62312,4.10132,2.97984,0.72598,0.9638,4.66962,3.85411,2025-12-05,3,2,1,95,1,0,95,2024-08-23,13,3,11,306,1,0,306,147.75,NA,2,181278,0,2,"2344 Amsterdam Road,Villa Hills,KY,41017",39.0673,-84.583,NA,2026-06-01
185242,"Mt. Sterling Health & Rehab, LLC",125 Sterling Way,Mount Sterling,KY,40353,8594983343,860,Montgomery,N,For profit - Limited Liability company,144,122,NA,Medicare and Medicaid,N,Legal Business Name Not Available,1990-12-27,REGENCY CARE,440,4,2.3,2,2.8,3.3,N,NA,N,N,N,Resident,Yes,1,NA,1,NA,2,NA,1,NA,3,NA,2,NA,NA,NA,2.62182,0.88458,0.33742,1.222,3.84382,3.44574,0.21501,0.04531,50.4,NA,69.2,NA,0,NA,1.50707,1.08291,2.52529,0.93164,0.73564,4.19256,3.71937,2.40419,0.81115,0.30942,3.52475,3.15972,2026-03-06,8,6,3,60,1,0,60,2025-03-13,8,6,2,48,1,0,48,57,NA,1,13520,0,1,"125 Sterling Way,Mount Sterling,KY,40353",38.0473,-83.941,NA,2026-06-01
185243,Mountain View Rehabilitation and Healthcare Center,39 Ferndale Apartments Road,Pineville,KY,40977,6063377071,060,Bell,N,For profit - Limited Liability company,115,54,NA,Medicare and Medicaid,N,Legal Business Name Not Available,1991-02-14,PRINCIPLE LONG TERM CARE,423,44,3.1,3,3,3.4,N,NA,N,N,N,Resident,Yes,4,NA,3,NA,5,NA,5,NA,NA,2,3,NA,NA,NA,1.99618,0.49025,0.87777,1.36801,3.36419,2.87803,0.34793,0.1421,53.1,NA,45.5,NA,0,NA,1.41276,1.01514,2.36725,0.87334,0.6896,3.9302,3.48661,1.95268,0.47956,0.85864,3.29088,2.81531,2025-11-14,1,1,0,4,1,0,4,2024-07-19,7,7,0,56,1,0,56,17,NA,0,0,0,0,"39 Ferndale Apartments Road,Pineville,KY,40977",36.7517,-83.699,22,2026-06-01
185244,Stanford Crossing,105 Harmon Heights,Stanford,KY,40484,6063652141,680,Lincoln,N,For profit - Corporation,128,119.7,NA,Medicare and Medicaid,N,"STANFORD CROSSING, LLC",1991-02-20,JOURNEY HEALTHCARE,766,34,2,2.4,1.4,2.6,N,SFF Candidate,N,Y,N,Resident,Yes,1,NA,1,NA,2,NA,3,NA,1,NA,1,NA,NA,NA,2.01228,0.71632,0.32091,1.03723,3.04951,2.84021,0.24423,0.04926,50,NA,66.7,NA,1,NA,1.45748,1.04728,2.4422,0.90099,0.71143,4.05462,3.59699,1.90802,0.67921,0.30428,2.89151,2.69306,2023-06-10,8,8,8,641,1,0,641,2021-07-09,9,3,6,76,1,0,76,499.75,NA,2,26685,0,2,"105 Harmon Heights,Stanford,KY,40484",37.5381,-84.671,NA,2026-06-01
185246,Rockcastle Health & Rehabilitation Center,371 West Main Street,Brodhead,KY,40409,6067588711,974,Rockcastle,N,For profit - Corporation,104,95.6,NA,Medicare and Medicaid,N,LP BRODHEAD LLC,1991-03-11,SIGNATURE HEALTHCARE,474,68,3.1,2.9,2.6,3.9,N,NA,N,N,N,Resident,Yes,2,NA,2,NA,4,NA,5,NA,3,NA,2,NA,NA,NA,1.85488,0.85164,0.63818,1.48982,3.34471,2.79371,0.35395,0.11276,55.7,NA,41.2,NA,1,NA,1.49646,1.07529,2.50751,0.92508,0.73046,4.16306,3.69319,1.71297,0.78649,0.58935,3.08881,2.57997,2025-08-29,10,10,1,44,1,0,44,2024-06-29,4,4,1,48,1,0,48,45,NA,1,15646,0,1,"371 West Main Street,Brodhead,KY,40409",37.4054,-84.42,NA,2026-06-01
185248,Sayre Christian Village Nursing Home,3775 Belleau Wood Drive,Lexington,KY,40517,8592719000,330,Fayette,Y,Non profit - Corporation,164,155.3,NA,Medicare and Medicaid,N,"SAYRE CHRISTIAN VILLAGE NURSING HOME, INC.",1991-03-14,NA,NA,NA,NA,NA,NA,NA,Y,NA,N,N,N,Resident,Yes,2,NA,3,NA,1,NA,4,NA,1,NA,4,NA,NA,NA,2.58692,0.95972,0.59786,1.55759,4.14451,3.82471,0.48708,0.02868,37.9,NA,48.5,NA,0,NA,1.28136,0.92072,2.14707,0.79211,0.62546,3.56464,3.16231,2.79006,1.03509,0.64481,4.46995,4.12504,2025-04-24,3,3,0,20,1,0,20,2020-02-06,6,2,4,60,1,0,60,30,NA,2,7901,0,2,"3775 Belleau Wood Drive,Lexington,KY,40517",37.9729,-84.505,NA,2026-06-01
185249,Signature Healthcare at Jackson Manor Rehab and We,96 Highway 3444,Annville,KY,40402,6063645197,540,Jackson,N,For profit - Corporation,51,47.9,NA,Medicare and Medicaid,N,LP ANNVILLE LLC,1991-03-12,SIGNATURE HEALTHCARE,474,68,3.1,2.9,2.6,3.9,N,NA,N,N,N,Both,Yes,3,NA,3,NA,3,NA,5,NA,1,NA,2,NA,NA,NA,2.28752,0.2483,1.32368,1.57198,3.8595,3.29364,0.69771,0.13081,78.5,NA,75,NA,1,NA,1.67599,1.20429,2.80833,1.03606,0.81809,4.66248,4.13624,1.88623,0.20474,1.09147,3.18244,2.71585,2025-05-02,2,2,0,8,1,0,8,2020-09-25,8,7,1,40,1,0,40,16,NA,0,0,0,0,"96 Highway 3444,Annville,KY,40402",37.318600000000004,-83.959,NA,2026-06-01
185250,Oakmont Manor,1100 Grandview Drive,Flatwoods,KY,41139,6068363187,440,Greenup,Y,For profit - Limited Liability company,85,81.4,NA,Medicare and Medicaid,N,OAKMONT OPERATIONS LLC,1991-03-12,BLUEGRASS HEALTH KY,748,15,2.9,3.3,1.5,3.2,N,NA,N,N,N,Resident,Yes,3,NA,3,NA,3,NA,3,NA,3,NA,2,NA,NA,NA,2.52034,1.14686,0.55714,1.704,4.22434,3.73373,0.35724,0.03833,43.4,NA,36.4,NA,0,NA,1.69579,1.21852,2.84151,1.0483,0.82776,4.71757,4.18512,2.05393,0.93463,0.45404,3.44259,3.04278,2025-05-02,4,4,0,24,1,0,24,2020-01-09,1,1,0,4,1,0,4,19,NA,0,0,0,0,"1100 Grandview Drive,Flatwoods,KY,41139",38.5334,-82.711,NA,2026-06-01
185252,Shady Lawn Nursing and Rehabilitation Center,2582 Cerulean Road,Cadiz,KY,42211,2705223236,983,Trigg,Y,For profit - Limited Liability company,50,43.2,NA,Medicare and Medicaid,N,SHADY LAWN OPCO LLC,1991-03-12,BENJAMIN LANDA,646,49,3.4,3.4,2.3,3.5,N,NA,N,N,N,Resident,Yes,5,NA,5,NA,2,NA,4,NA,1,NA,2,NA,NA,NA,1.90803,0.69645,0.71784,1.41429,3.32232,3.01583,0.50832,0.01474,57.7,NA,44.4,NA,0,NA,1.58481,1.13877,2.65555,0.9797,0.77358,4.40883,3.91122,1.66382,0.60731,0.62597,2.8971,2.62984,2025-07-25,0,0,0,0,0,0,0,2021-11-17,1,1,0,8,1,0,8,2,NA,0,0,0,0,"2582 Cerulean Road,Cadiz,KY,42211",36.8987,-87.797,NA,2026-06-01
185253,Carter Nursing and Rehabilitation,250 McDavid Boulevard,Grayson,KY,41143,6064747835,210,Carter,Y,For profit - Corporation,120,111.2,NA,Medicare and Medicaid,N,CARTER NURSING AND REHABILITATION LLC,1991-02-21,DAVID MARX,179,10,2.8,2.7,2,3.6,N,NA,Y,N,N,Both,Yes,1,NA,1,NA,3,NA,5,NA,1,NA,1,NA,NA,NA,1.83533,0.70782,0.33641,1.04423,2.87956,2.2755,0.11763,0.03014,65.6,NA,45.5,NA,2,NA,1.4263,1.02487,2.38994,0.88171,0.69621,3.96787,3.52003,1.77829,0.68583,0.32595,2.79006,2.20478,2025-08-29,5,5,3,64,1,0,64,2023-07-17,12,10,3,302,1,0,302,123.5,0,3,105165,0,3,"250 McDavid Boulevard,Grayson,KY,41143",38.3277,-82.922,NA,2026-06-01
185254,Ridgeway Nursing & Rehabilitation Facility,406 Wyoming Road,Owingsville,KY,40360,6066746613,050,Bath,N,For profit - Limited Liability company,99,92.3,NA,Medicare and Medicaid,N,RIDGEWAY NRF OPERATIONS LLC,1991-03-30,BLUEGRASS HEALTH KY,748,15,2.9,3.3,1.5,3.2,N,NA,N,N,N,Both,Yes,1,NA,1,NA,3,NA,4,NA,3,NA,1,NA,NA,NA,2.79891,0.84889,0.42906,1.27795,4.07687,3.65238,0.26553,0.01449,48.2,NA,75,NA,3,NA,1.97692,1.42052,3.31258,1.22209,0.96498,5.49965,4.87893,1.95659,0.59342,0.29994,2.84995,2.55321,2025-05-08,5,5,0,20,1,0,20,2022-03-31,14,12,2,864,1,0,864,231,NA,0,0,0,0,"406 Wyoming Road,Owingsville,KY,40360",38.152,-83.747,NA,2026-06-01
185257,Green River Trails,213 Industrial Road,Greensburg,KY,42743,2709324241,421,Green,N,For profit - Corporation,118,105.6,NA,Medicare and Medicaid,N,"GREEN RIVER TRAILS, LLC",1991-06-01,JOURNEY HEALTHCARE,766,34,2,2.4,1.4,2.6,N,NA,N,N,N,Resident,Yes,4,NA,4,NA,2,NA,2,NA,2,NA,2,NA,NA,NA,2.22022,0.47984,0.43752,0.91737,3.13759,2.69852,0.28765,0.04904,43.5,NA,27.3,NA,0,NA,1.50744,1.08318,2.5259,0.93187,0.73582,4.19359,3.72028,2.03543,0.43991,0.40111,2.87644,2.47391,2025-06-05,0,0,0,0,0,0,0,2024-05-24,5,5,0,24,1,0,24,6,NA,2,12645,0,2,"213 Industrial Road,Greensburg,KY,42743",37.2458,-85.497,NA,2026-06-01
185258,Lake Way Rehabilitation and Healthcare Center,2607 Main Street,Benton,KY,42025,2705273296,780,Marshall,N,For profit - Limited Liability company,96,87.3,NA,Medicare and Medicaid,N,"THAMES HEALTHCARE GROUP, LLC",1991-04-09,PRINCIPLE LONG TERM CARE,423,44,3.1,3,3,3.4,N,NA,N,N,N,Resident,Yes,4,NA,4,NA,3,NA,3,NA,2,NA,3,NA,NA,NA,1.86378,0.64188,0.86904,1.51092,3.3747,2.82006,0.57839,0.06106,52.9,NA,42.1,NA,0,NA,1.40834,1.01196,2.35984,0.8706,0.68744,3.91789,3.47569,1.82889,0.62986,0.85277,3.31153,2.76727,2025-07-09,1,1,0,16,1,0,16,2020-10-08,3,3,0,12,1,0,12,15,NA,0,0,0,0,"2607 Main Street,Benton,KY,42025",36.8343,-88.351,NA,2026-06-01
185259,Rivers Edge Rehabilitation and Healthcare Center,6301 Bass Road,Prospect,KY,40059,2156325700,550,Jefferson,Y,For profit - Limited Liability company,100,94.5,NA,Medicare and Medicaid,N,"THAMES HEALTHCARE GROUP, LLC",1991-05-01,PRINCIPLE LONG TERM CARE,423,44,3.1,3,3,3.4,N,NA,N,N,N,Resident,Yes,2,NA,2,NA,4,NA,4,NA,4,NA,2,NA,NA,NA,1.65743,0.77902,0.44136,1.22038,2.8778,2.44504,0.23497,0.08656,38.1,NA,27.3,NA,0,NA,1.34203,0.96432,2.24874,0.82962,0.65508,3.73343,3.31206,1.70675,0.8022,0.4545,2.96346,2.51781,2026-03-13,3,3,0,24,1,0,24,2024-11-15,4,4,0,44,1,0,44,29,NA,1,5519,0,1,"6301 Bass Road,Prospect,KY,40059",38.3505,-85.627,NA,2026-06-01
185260,Little Sisters of the Poor,15 Audubon Plaza Drive,Louisville,KY,40217,5026362300,550,Jefferson,Y,Non profit - Corporation,35,28.5,NA,Medicare and Medicaid,N,HOME FOR THE AGED OF THE LITTLE SISTERS OF THE POOR INC,1991-05-02,NA,NA,NA,NA,NA,NA,NA,N,NA,N,N,N,Resident,Yes,3,NA,3,NA,2,NA,2,NA,NA,2,4,NA,NA,NA,4.09729,0.58122,1.56986,2.15108,6.24837,5.24642,0.94058,0.15374,55.4,NA,70,NA,0,NA,1.10516,0.79412,1.85184,0.68319,0.53946,3.07449,2.72748,5.12353,0.7268,1.96306,7.81339,6.56047,2025-05-16,3,3,0,16,1,0,16,2022-06-24,4,4,0,52,1,0,52,25,NA,0,0,0,0,"15 Audubon Plaza Drive,Louisville,KY,40217",38.2142,-85.722,NA,2026-06-01
185261,Wurtland Nursing and Rehabilitation,100 Wurtland Avenue,Wurtland,KY,41144,6068360931,440,Greenup,Y,For profit - Limited Liability company,126,112.6,NA,Medicare and Medicaid,N,WURTLAND NURSING AND REHABILITATION LLC,1991-03-08,DAVID MARX,179,10,2.8,2.7,2,3.6,N,NA,N,N,N,Resident,Yes,1,NA,1,NA,3,NA,5,NA,1,NA,2,NA,NA,NA,2.68839,0.74005,0.39172,1.13177,3.82016,3.21862,0.17972,0.03104,51.5,NA,66.7,NA,1,NA,1.48302,1.06563,2.48498,0.91677,0.7239,4.12565,3.66,2.50522,0.68963,0.36503,3.55988,2.99932,2025-02-11,16,13,9,315,1,0,315,2019-10-24,4,3,1,24,1,0,24,242.25,NA,1,69908,1,2,"100 Wurtland Avenue,Wurtland,KY,41144",38.551,-82.787,NA,2026-06-01
185262,Madison Health and Rehabilitation Center,131 Meadowlark Drive,Richmond,KY,40475,8596233564,750,Madison,N,For profit - Corporation,92,87,NA,Medicare and Medicaid,N,MADISON HEALTH CENTER LLC,1991-04-25,NA,NA,NA,NA,NA,NA,NA,N,NA,N,N,N,Resident,Yes,1,NA,2,NA,2,NA,2,NA,1,NA,1,NA,NA,NA,2.30387,0.92417,0.33636,1.26053,3.5644,3.1211,0.14079,0.04355,56.6,NA,73.3,NA,1,NA,1.4939,1.07344,2.50321,0.9235,0.72921,4.15591,3.68685,2.13127,0.85493,0.31116,3.29735,2.88727,2025-07-24,3,2,1,20,1,0,20,2024-10-11,9,5,4,100,1,0,100,40,NA,2,11764,0,2,"131 Meadowlark Drive,Richmond,KY,40475",37.7395,-84.311,NA,2026-06-01
185263,Dawson Springs Health and Rehabilitation Center,213 Water Street,Dawson Springs,KY,42408,2707972025,530,Hopkins,N,For profit - Limited Liability company,59,46,NA,Medicare and Medicaid,N,"DAWSON POINTE, LLC",1991-08-01,NA,NA,NA,NA,NA,NA,NA,N,NA,N,N,N,Resident,Yes,3,NA,3,NA,4,NA,4,NA,NA,2,4,NA,NA,NA,3.34529,0.57426,0.55535,1.12961,4.47491,3.88805,0.25539,0.06469,32.7,NA,42.9,NA,0,NA,1.34373,0.96554,2.25159,0.83067,0.65591,3.73817,3.31626,3.44049,0.5906,0.57115,4.60225,3.99869,2025-06-25,1,1,0,16,1,0,16,2021-03-26,3,3,0,16,1,0,16,16,NA,0,0,0,0,"213 Water Street,Dawson Springs,KY,42408",37.1651,-87.694,NA,2026-06-01
185264,Henson Park Health & Rehabilitation,203 Bruce Court,Danville,KY,40422,8592369292,100,Boyle,N,For profit - Limited Liability company,90,78.2,NA,Medicare and Medicaid,N,HENSON SNF OPERATIONS LLC,1991-05-20,LYON HEALTHCARE,837,14,2,2,1.7,2.9,N,NA,N,N,N,Resident,Yes,1,NA,1,NA,2,NA,4,NA,1,NA,1,NA,NA,NA,1.76355,0.95102,0.37465,1.32568,3.08922,2.70724,0.2975,0.02598,52.3,NA,57.1,NA,0,NA,1.73003,1.24312,2.89889,1.06947,0.84447,4.81283,4.26962,1.40874,0.75969,0.29928,2.46771,2.16258,2025-07-17,3,3,0,24,1,0,24,2024-06-12,26,5,21,851,1,0,851,230.75,NA,19,364900,1,20,"203 Bruce Court,Danville,KY,40422",37.6436,-84.76,NA,2026-06-01
185265,Grant Healthcare and Rehabilitation,201 Kimberly Lane,Williamstown,KY,41097,8598247803,400,Grant,Y,For profit - Limited Liability company,95,90.3,NA,Medicare and Medicaid,N,WILLIAMSTOWN KY OPCO LLC,1991-04-22,SIMCHA HYMAN & NAFTALI ZANZIPER,580,85,2.6,2.7,2.4,3.4,N,NA,N,N,N,Resident,Yes,4,NA,4,NA,2,NA,3,NA,1,NA,3,NA,NA,NA,1.75465,0.58664,0.94773,1.53438,3.28902,2.86759,0.62625,0.05233,67.3,NA,43.8,NA,0,NA,1.31337,0.94373,2.20072,0.8119,0.64109,3.65371,3.24133,1.8463,0.61728,0.99724,3.46082,3.01737,2025-09-12,2,2,0,16,1,0,16,2024-10-25,3,3,1,12,1,0,12,15,NA,0,0,0,0,"201 Kimberly Lane,Williamstown,KY,41097",38.6462,-84.579,NA,2026-06-01
185266,Elizabethtown Nursing and Rehabilitation Center,1101 Woodland Drive,Elizabethtown,KY,42701,2707656106,460,Hardin,Y,For profit - Limited Liability company,65,57.6,NA,Medicare and Medicaid,N,ELIZABETHTOWN OPCO LLC,1991-05-29,BENJAMIN LANDA,646,49,3.4,3.4,2.3,3.5,N,NA,N,N,N,Resident,Yes,1,NA,2,NA,4,NA,5,NA,3,NA,1,NA,NA,NA,2.05828,0.85469,0.37781,1.2325,3.29077,2.92335,0.28252,0,77.9,NA,90,NA,0,NA,1.82158,1.30891,3.05229,1.12607,0.88916,5.06752,4.49557,1.56154,0.64842,0.28663,2.4966,2.21784,2026-01-31,3,3,0,48,1,0,48,2024-08-29,12,8,5,76,1,0,76,55,NA,0,0,0,0,"1101 Woodland Drive,Elizabethtown,KY,42701",37.7124,-85.88,NA,2026-06-01
185268,Jeffersontown Rehabilitation,3500 Good Samaritan Way,Jeffersontown,KY,40299,5022677403,550,Jefferson,Y,For profit - Limited Liability company,98,88.8,NA,Medicare and Medicaid,N,"JEFFERSONTOWN OPCO, LLC",1991-07-01,SIMCHA HYMAN & NAFTALI ZANZIPER,580,85,2.6,2.7,2.4,3.4,N,NA,N,N,N,Resident,Yes,5,NA,5,NA,4,NA,5,NA,1,NA,3,NA,NA,NA,1.73386,0.84208,0.87034,1.71242,3.44628,3.10208,0.55498,0.05134,38.6,NA,33.3,NA,0,NA,1.46121,1.04996,2.44844,0.90329,0.71325,4.06498,3.60618,1.63984,0.79642,0.82314,3.2594,2.93386,2026-01-23,0,0,0,0,0,0,0,2024-08-02,1,1,0,8,1,0,8,2,NA,0,0,0,0,"3500 Good Samaritan Way,Jeffersontown,KY,40299",38.1973,-85.565,NA,2026-06-01
185269,Crittenden County Health & Rehabilitation Center,201 Watson Street,Marion,KY,42064,2709652218,270,Crittenden,N,For profit - Corporation,101,59.5,NA,Medicare and Medicaid,N,ORION MARION LLC,1991-05-14,ATRIUM CENTERS,54,26,3.1,2.8,3.2,4,N,NA,N,N,N,Resident,Yes,2,NA,3,NA,3,NA,3,NA,3,NA,1,NA,NA,NA,1.98612,0.70691,0.43487,1.14178,3.1279,2.66473,0.31773,0.02206,60.4,NA,85.7,NA,1,NA,1.27424,0.91561,2.13514,0.78771,0.62199,3.54484,3.14475,2.15404,0.76668,0.47164,3.39236,2.89003,2026-03-05,2,2,0,8,1,0,8,2025-02-07,9,4,5,48,1,0,48,18,5,0,0,0,0,"201 Watson Street,Marion,KY,42064",37.3253,-88.084,NA,2026-06-01
185270,Cumberland Valley Nursing & Rehabilitation Center,301 South Main Street,Burkesville,KY,42717,2708644315,271,Cumberland,N,For profit - Limited Liability company,84,80.2,NA,Medicare and Medicaid,N,CUMBERLAND KY OPCO LLC,1991-06-19,BLUEGRASS HEALTH KY,748,15,2.9,3.3,1.5,3.2,N,NA,N,N,N,Resident,Yes,2,NA,2,NA,2,NA,2,NA,2,NA,2,NA,NA,NA,2.7472,0.92515,0.42768,1.35283,4.10003,3.46985,0.18642,0.00653,49.5,NA,28.6,NA,1,NA,1.57762,1.1336,2.64349,0.97525,0.77007,4.38881,3.89347,2.40651,0.81042,0.37464,3.59158,3.03955,2024-10-19,4,4,2,48,1,0,48,2019-10-11,0,0,0,0,0,0,0,36,NA,2,15646,0,2,"301 South Main Street,Burkesville,KY,42717",36.7882,-85.372,NA,2026-06-01
185271,Glenview Health and Rehabilitation,1002 Glenview Drive,Glasgow,KY,42141,2706518332,040,Barren,N,For profit - Limited Liability company,60,55.7,NA,Medicare and Medicaid,N,GLASGOW KY OPCO LLC,1991-04-30,SIMCHA HYMAN & NAFTALI ZANZIPER,580,85,2.6,2.7,2.4,3.4,N,NA,N,N,N,Resident,Yes,2,NA,3,NA,2,NA,3,NA,1,NA,1,NA,NA,NA,2.152,0.82034,0.44225,1.2626,3.4146,3.02835,0.19383,0.04369,62.3,NA,77.8,NA,1,NA,1.43179,1.02882,2.39914,0.8851,0.69889,3.98314,3.53358,2.07712,0.7918,0.42687,3.29579,2.92298,2025-06-04,7,5,2,28,1,0,28,2024-04-12,4,4,0,16,1,0,16,25,NA,0,0,0,0,"1002 Glenview Drive,Glasgow,KY,42141",37.0108,-85.903,NA,2026-06-01
185272,River Haven Nursing And Rehabilitation Center,867 McGuire Avenue,Paducah,KY,42001,2704426168,720,Mc Cracken,Y,For profit - Limited Liability company,103,74.4,NA,Medicare and Medicaid,N,PADUCAH OPERATING COMPANY LLC,1991-06-11,BENJAMIN LANDA,646,49,3.4,3.4,2.3,3.5,N,NA,N,N,N,Resident,Yes,1,NA,3,NA,1,NA,2,NA,1,NA,1,NA,NA,NA,2.1875,0.63282,0.73693,1.36975,3.55725,2.99809,0.49522,0.06975,58,NA,69.2,NA,1,NA,1.57948,1.13494,2.64662,0.9764,0.77098,4.394,3.89807,1.91396,0.55369,0.64478,3.11243,2.62319,2026-01-22,4,1,3,12,1,0,12,2024-10-25,8,8,0,44,1,0,44,20,NA,1,1398,0,1,"867 McGuire Avenue,Paducah,KY,42001",37.083,-88.64,NA,2026-06-01
185273,"Owsley County Health Care Center, Inc.",20 County Barn Road,Booneville,KY,41314,6065936302,931,Owsley,N,Non profit - Corporation,91,79.5,NA,Medicare and Medicaid,N,"OWSLEY COUNTY HEALTH CARE CENTER, INC.",1991-07-02,NA,NA,NA,NA,NA,NA,NA,N,NA,N,N,N,Resident,Yes,4,NA,5,NA,1,NA,2,NA,1,NA,4,NA,NA,NA,2.50059,0.46448,1.05915,1.52363,4.02421,3.62863,0.56646,0.01119,31.3,NA,22.7,NA,0,NA,1.52029,1.09241,2.54743,0.93981,0.74209,4.22933,3.75198,2.27309,0.42222,0.96279,3.65809,3.2985,2025-07-09,0,0,0,0,0,0,0,2022-01-07,3,3,0,8,1,0,8,2,NA,0,0,0,0,"20 County Barn Road,Booneville,KY,41314",37.4539,-83.682,NA,2026-06-01
185274,West Liberty Nursing and Rehabilitation,774 Liberty Road,West Liberty,KY,41472,6067433846,861,Morgan,N,For profit - Corporation,48,45.5,NA,Medicare and Medicaid,N,WEST LIBERTY NURSING AND REHABILITATION LLC,1991-06-17,DAVID MARX,179,10,2.8,2.7,2,3.6,N,NA,N,N,N,Both,Yes,3,NA,2,NA,5,NA,5,NA,NA,2,2,NA,NA,NA,2.11106,0.38893,0.59693,0.98586,3.09691,2.92638,0.45069,0.03376,51.3,NA,33.3,NA,0,NA,1.54156,1.10769,2.58308,0.95296,0.75247,4.28851,3.80448,1.89251,0.34867,0.53513,2.77631,2.62343,2025-08-26,7,7,1,28,1,0,28,2023-01-25,5,5,0,137,1,0,137,55.25,NA,0,0,0,0,"774 Liberty Road,West Liberty,KY,41472",37.9237,-83.266,NA,2026-06-01
185275,Signature Healthcare of Hartford Rehab & Wellness,114 McMurtry Avenue,Hartford,KY,42347,2702987437,910,Ohio,N,For profit - Limited Liability company,110,85.8,NA,Medicare and Medicaid,N,LP HARTFORD LLC,1991-10-01,SIGNATURE HEALTHCARE,474,68,3.1,2.9,2.6,3.9,N,NA,N,N,N,Resident,Yes,4,NA,4,NA,2,NA,4,NA,1,NA,3,NA,NA,NA,2.45685,0.42462,0.8382,1.26282,3.71967,3.10857,0.64592,0.03656,48,NA,59.3,NA,1,NA,1.44564,1.03877,2.42235,0.89366,0.70565,4.02167,3.56776,2.34865,0.40592,0.80128,3.55586,2.97167,2025-07-03,3,3,0,12,1,0,12,2021-04-15,0,0,0,0,0,0,0,9,NA,0,0,0,0,"114 McMurtry Avenue,Hartford,KY,42347",37.4478,-86.895,NA,2026-06-01
185276,"LORETTO LIVING CENTER AT LORETTO MOTHERHOUSE, INC",515 Nerinx Road,Nerinx,KY,40049,2708655811,770,Marion,N,Non profit - Corporation,55,46.4,NA,Medicare and Medicaid,N,LORETTO LIVING CENTER AT LORETTO MOTHERHOUSE INC,1991-07-09,NA,NA,NA,NA,NA,NA,NA,N,NA,N,N,N,Resident,Yes,5,NA,5,NA,4,NA,4,NA,5,NA,5,NA,NA,NA,3.84982,1.2452,0.82377,2.06897,5.91879,5.1824,0.5547,0.00398,21.6,NA,11.1,NA,0,NA,1.09748,0.7886,1.83897,0.67844,0.53571,3.05311,2.70852,4.84779,1.56798,1.03731,7.45308,6.52581,2025-08-07,0,0,0,0,0,0,0,2022-08-11,1,1,0,4,1,0,4,1,NA,0,0,0,0,"515 Nerinx Road,Nerinx,KY,40049",37.6595,-85.395,NA,2026-06-01
185277,Signature Healthcare at Heritage Hall Rehab & Well,331 South Main Street,Lawrenceburg,KY,40342,5028397246,020,Anderson,N,For profit - Individual,94,84.6,NA,Medicare and Medicaid,N,LP LAWRENCEBURG LLC,1991-05-16,SIGNATURE HEALTHCARE,474,68,3.1,2.9,2.6,3.9,N,NA,N,N,N,Resident,Yes,1,NA,1,NA,3,NA,4,NA,3,NA,4,NA,NA,NA,1.99171,0.98364,0.74656,1.73021,3.72192,3.28686,0.50103,0.05566,42.2,NA,31.3,NA,0,NA,1.37822,0.99032,2.30938,0.85199,0.67274,3.83411,3.40137,1.99713,0.98632,0.74859,3.73205,3.2958,2025-07-31,4,4,0,16,1,0,16,2021-10-28,11,2,9,353,1,0,353,100.25,9,1,185227,1,2,"331 South Main Street,Lawrenceburg,KY,40342",38.0317,-84.894,NA,2026-06-01
185279,Mills Nursing & Rehabilitation,500 Beck Lane,Mayfield,KY,42066,2702477890,410,Graves,N,For profit - Limited Liability company,104,100.4,NA,Medicare and Medicaid,N,BECK MAYFIELD OPCO LLC,1991-06-18,SIMCHA HYMAN & NAFTALI ZANZIPER,580,85,2.6,2.7,2.4,3.4,N,NA,N,N,N,Both,Yes,2,NA,2,NA,2,NA,3,NA,2,NA,3,NA,NA,NA,1.68912,0.95341,0.58305,1.53646,3.22559,2.72023,0.17327,0.03817,40.9,NA,28.6,NA,0,NA,1.4228,1.02236,2.38409,0.87955,0.69451,3.95814,3.5114,1.64065,0.92605,0.56632,3.13302,2.64216,2025-07-10,0,0,0,0,0,0,0,2024-05-10,11,5,9,209,1,0,209,52.25,NA,3,26132,0,3,"500 Beck Lane,Mayfield,KY,42066",36.7368,-88.671,NA,2026-06-01
185282,South Shore Nursing and Rehabilitation,405 SM Roberson Drive,South Shore,KY,41175,6069323127,440,Greenup,Y,For profit - Limited Liability company,60,54,NA,Medicare and Medicaid,N,SOUTH SHORE NURSING AND REHABILITATION LLC,1991-07-21,DAVID MARX,179,10,2.8,2.7,2,3.6,N,NA,N,N,N,Resident,Yes,4,NA,4,NA,3,NA,5,NA,1,NA,2,NA,NA,NA,1.93014,0.47591,0.77814,1.25405,3.18418,2.71547,0.55888,0.00948,45,NA,25,NA,0,NA,1.63081,1.17182,2.73262,1.00813,0.79604,4.53679,4.02474,1.63563,0.40329,0.65941,2.69833,2.30114,2025-07-31,2,2,0,8,1,0,8,2021-11-10,5,5,0,28,1,0,28,13,NA,0,0,0,0,"405 SM Roberson Drive,South Shore,KY,41175",38.7188,-82.968,NA,2026-06-01
185283,Bourbon Heights Nursing Home,2000 South Main Street,Paris,KY,40361,8599875750,080,Bourbon,Y,Non profit - Other,99,84,NA,Medicare and Medicaid,N,"BOURBON HEIGHTS, INC.",1991-06-14,NA,NA,NA,NA,NA,NA,NA,N,SFF Candidate,N,N,N,Resident,Yes,1,NA,1,NA,4,NA,4,NA,3,NA,3,NA,NA,NA,3.19107,0.79886,0.55009,1.34895,4.54002,3.91031,0.4539,0.08984,62.8,NA,59.1,NA,3,NA,1.26604,0.90972,2.12141,0.78264,0.61799,3.52204,3.12452,3.48327,0.87201,0.60046,4.95575,4.26838,2024-11-22,10,10,2,384,1,0,384,2020-01-10,15,4,11,705,1,0,705,464.25,NA,2,57841,2,4,"2000 South Main Street,Paris,KY,40361",38.1983,-84.269,NA,2026-06-01
185285,Breckinridge Memorial Nursing Facility,1011 Old Highway 60,Hardinsburg,KY,40143,2707566578,130,Breckinridge,N,Non profit - Corporation,18,18,NA,Medicare and Medicaid,N,"BRECKINRIDGE HEALTH, INC.",1991-07-11,NA,NA,NA,NA,NA,NA,NA,N,NA,N,N,N,Resident,Yes,4,NA,2,NA,5,NA,5,NA,NA,2,5,NA,NA,NA,3.21153,0.01812,1.71205,1.73016,4.9417,4.29423,1.28654,0,40,NA,0,NA,NA,26,1.00944,0.72534,1.69145,0.62402,0.49273,2.8082,2.49125,4.39674,0.0248,2.34387,6.76541,5.879,2026-03-05,1,1,0,16,1,0,16,2025-01-03,5,2,3,149,1,0,149,49.25,NA,2,10364,0,2,"1011 Old Highway 60,Hardinsburg,KY,40143",37.7792,-86.459,22,2026-06-01
185286,Fair Oaks Health and Rehabilitation,1 Sparks Avenue,Jamestown,KY,42629,2703432101,976,Russell,N,For profit - Individual,114,97.7,NA,Medicare and Medicaid,N,FAIR OAKS HEALTH AND REHABILITATION LLC,1991-08-13,SIMCHA HYMAN & NAFTALI ZANZIPER,580,85,2.6,2.7,2.4,3.4,N,NA,N,N,N,Both,Yes,4,NA,4,NA,3,NA,5,NA,2,NA,3,NA,NA,NA,2.21983,0.40548,0.49828,0.90376,3.12359,2.73977,0.3492,0.05545,32.1,NA,41.7,NA,0,NA,1.33005,0.95571,2.22867,0.82221,0.64923,3.70011,3.28249,2.30649,0.42131,0.51773,3.24553,2.84672,2025-04-17,1,1,0,4,1,0,4,2021-10-21,3,3,0,16,1,0,16,7,NA,0,0,0,0,"1 Sparks Avenue,Jamestown,KY,42629",36.9935,-85.069,NA,2026-06-01
185287,Harrodsburg Health & Rehabilitation Center,853 Lexington Road,Harrodsburg,KY,40330,8597347791,830,Mercer,N,For profit - Limited Liability company,112,93.6,NA,Medicare and Medicaid,N,LP HARRODSBURG LLC,1991-08-06,SIGNATURE HEALTHCARE,474,68,3.1,2.9,2.6,3.9,N,NA,N,N,N,Resident,Yes,3,NA,3,NA,3,NA,4,NA,3,NA,3,NA,NA,NA,2.33358,0.7707,0.43524,1.20593,3.53952,3.08455,0.21956,0.06459,32.1,NA,33.3,NA,0,NA,1.45036,1.04216,2.43025,0.89658,0.70795,4.03479,3.5794,2.22356,0.73436,0.41471,3.37263,2.93911,2026-02-26,3,3,0,24,1,0,24,2024-11-08,2,2,0,8,1,0,8,20,NA,1,6682,0,1,"853 Lexington Road,Harrodsburg,KY,40330",37.78,-84.813,NA,2026-06-01
185288,Essex Rehabilitation and Healthcare Center,9600 Lamborne Boulevard,Louisville,KY,40272,5029357284,550,Jefferson,Y,For profit - Corporation,128,117.9,NA,Medicare and Medicaid,N,Legal Business Name Not Available,1991-09-01,PRINCIPLE LONG TERM CARE,423,44,3.1,3,3,3.4,N,NA,N,N,N,Both,Yes,3,NA,3,NA,3,NA,5,NA,2,NA,2,NA,NA,NA,2.40121,0.6004,0.46295,1.06335,3.46457,2.98947,0.24845,0.11603,38.1,NA,30,NA,0,NA,1.61438,1.16002,2.7051,0.99798,0.78802,4.4911,3.9842,2.05553,0.51397,0.3963,2.9658,2.5591,2025-05-15,6,6,3,24,1,0,24,2020-02-14,3,2,1,16,1,0,16,22,NA,0,0,0,0,"9600 Lamborne Boulevard,Louisville,KY,40272",38.1148,-85.814,NA,2026-06-01
185290,Regency Nursing and Rehabilitation Center,1550 Raydale Drive,Louisvile,KY,40219,5029686600,550,Jefferson,Y,For profit - Limited Liability company,110,106.3,NA,Medicare and Medicaid,N,REGENCY HEALTH CENTER LLC,1991-09-01,ENCORE HEALTH PARTNERS,697,12,3.3,3.3,2,3.5,N,NA,N,N,N,Resident,Yes,2,NA,2,NA,4,NA,5,NA,3,NA,3,NA,NA,NA,1.84587,0.37626,1.08028,1.45654,3.30241,3.05798,0.97468,0.04769,39.6,NA,22.2,NA,2,NA,1.6139,1.15967,2.7043,0.99768,0.78779,4.48976,3.98302,1.58061,0.32219,0.92503,2.82783,2.61852,2026-01-15,1,1,0,16,1,0,16,2024-08-02,4,4,3,64,1,0,64,28,NA,1,10039,0,1,"1550 Raydale Drive,Louisvile,KY,40219",38.1226,-85.671,NA,2026-06-01
185291,Redbanks Colonial Terrace,142 Roger Powell Road,Sebree,KY,42455,2708352533,989,Webster,N,Non profit - Corporation,87,80,NA,Medicare and Medicaid,N,REDBANKS COLONIAL TERRACE INC.,1991-07-26,NA,NA,NA,NA,NA,NA,NA,N,NA,N,N,N,Both,Yes,5,NA,5,NA,3,NA,5,NA,1,NA,2,NA,NA,NA,2.25286,0.44963,0.39877,0.8484,3.10126,2.82743,0.25183,0.01348,44.6,NA,45.5,NA,0,NA,1.25512,0.90187,2.10312,0.77589,0.61266,3.49167,3.0975799999999998,2.48054,0.49507,0.43907,3.41468,3.11319,2025-07-18,0,0,0,0,0,0,0,2021-08-31,0,0,0,0,0,0,0,0,NA,0,0,0,0,"142 Roger Powell Road,Sebree,KY,42455",37.6011,-87.534,NA,2026-06-01
185293,Landmark of Laurel Creek Rehabilitation and Nursin,1033 North Highway 11,Manchester,KY,40962,6065986163,250,Clay,N,For profit - Corporation,106,93.4,NA,Medicare and Medicaid,N,LANDMARK OF LAUREL CREEK REHABILITATION AND NURSING CENTER,1991-08-15,LYON HEALTHCARE,837,14,2,2,1.7,2.9,N,NA,N,N,N,Resident,Yes,3,NA,3,NA,2,NA,4,NA,1,NA,2,NA,NA,NA,1.94986,0.63133,0.57337,1.2047,3.15457,2.77532,0.39085,0.05414,29.7,NA,38.5,NA,0,NA,1.72007,1.23596,2.8822,1.06332,0.83961,4.78513,4.24505,1.5666,0.50723,0.46067,2.5345,2.22979,2025-07-03,5,5,0,20,1,0,20,2021-06-24,1,1,0,16,1,0,16,19,NA,0,0,0,0,"1033 North Highway 11,Manchester,KY,40962",37.2312,-83.769,NA,2026-06-01
185294,Maple Health and Rehabilitation,515 Greene Drive,Greenville,KY,42345,2703385400,880,Muhlenberg,N,For profit - Partnership,97,90,NA,Medicare and Medicaid,N,GREENVILLE KY OPCO LLC,1991-08-16,SIMCHA HYMAN & NAFTALI ZANZIPER,580,85,2.6,2.7,2.4,3.4,N,NA,N,N,N,Resident,Yes,4,NA,5,NA,1,NA,3,NA,1,NA,3,NA,NA,NA,2.05646,0.70678,0.62221,1.329,3.38545,2.9695,0.47699,0.03176,34.5,NA,35.3,NA,0,NA,1.38087,0.99223,2.31383,0.85363,0.67404,3.8415,3.40792,2.05809,0.70735,0.62271,3.38815,2.97186,2025-07-31,0,0,0,0,0,0,0,2021-07-29,0,0,0,0,0,0,0,0,NA,0,0,0,0,"515 Greene Drive,Greenville,KY,42345",37.2154,-87.18,NA,2026-06-01
185295,Dover Nursing & Rehabilitation Center,112 Dover Drive,Georgetown,KY,40324,5028639529,977,Scott,Y,For profit - Limited Liability company,85,79,NA,Medicare and Medicaid,N,DOVER MANOR OPERATIONS LLC,1991-07-14,BLUEGRASS HEALTH KY,748,15,2.9,3.3,1.5,3.2,N,NA,N,N,N,Resident,Yes,1,NA,2,NA,3,NA,5,NA,1,NA,1,NA,NA,NA,2.34073,0.8782,0.54545,1.42365,3.76439,3.37703,0.38239,0.01673,52.5,NA,50,NA,0,NA,1.75869,1.2637100000000001,2.9469,1.08718,0.85846,4.89254,4.34034,1.83934,0.69009,0.42861,2.95805,2.65366,2026-03-19,4,4,0,16,1,0,16,2024-12-13,9,2,7,68,1,0,68,29,0,4,170733,0,4,"112 Dover Drive,Georgetown,KY,40324",38.2125,-84.532,NA,2026-06-01
185297,SANSBURY CARE CENTER,2625 BARDSTOWN ROAD,SAINT CATHARINE,KY,40061,8593363974,987,Washington,N,Non profit - Church related,48,39.6,NA,Medicare and Medicaid,N,"SANSBURY CARE CENTER, INC.",1991-08-19,NA,NA,NA,NA,NA,NA,NA,N,NA,N,N,N,Resident,Yes,5,NA,4,NA,2,NA,2,NA,NA,2,5,NA,NA,NA,4.00063,1.01982,0.81839,1.83821,5.83885,5.01127,0.41154,0.08466,35.5,NA,27.3,NA,0,NA,1.14458,0.82244,1.91789,0.70756,0.5587,3.18414,2.82476,4.83039,1.23134,0.98813,7.04986,6.05064,2025-07-02,1,1,0,16,1,0,16,2024-08-08,1,1,0,8,1,0,8,14,NA,1,5346,0,1,"2625 BARDSTOWN ROAD,SAINT CATHARINE,KY,40061",37.7109,-85.261,NA,2026-06-01
185298,Mountain Ridge Health and Rehabilitation,1901 West Highway 90,Monticello,KY,42633,6063486034,988,Wayne,N,For profit - Corporation,59,56.7,NA,Medicare and Medicaid,N,MONTICELLO KY OPCO LLC,1991-12-01,SIMCHA HYMAN & NAFTALI ZANZIPER,580,85,2.6,2.7,2.4,3.4,N,NA,N,N,N,Resident,Yes,1,NA,1,NA,2,NA,2,NA,NA,2,2,NA,NA,NA,1.92574,0.88751,0.3364,1.22391,3.14966,2.71386,0.20423,0.02108,34,NA,NA,27,1,NA,1.35362,0.97265,2.26816,0.83678,0.66073,3.76567,3.34065,1.96608,0.9061,0.34345,3.21564,2.77071,2024-09-06,4,4,1,28,1,0,28,2019-11-15,13,7,6,286,1,0,286,92.5,NA,3,13426,0,3,"1901 West Highway 90,Monticello,KY,42633",36.8109,-84.906,NA,2026-06-01
185300,Signature Healthcare at Summerfield Rehab & Wellne,1877 Farnley Road,Louisville,KY,40216,5024488622,550,Jefferson,Y,For profit - Corporation,165,102.4,NA,Medicare and Medicaid,N,LP LOUISVILLE FARNSLEY ROAD LLC,1991-11-01,SIGNATURE HEALTHCARE,474,68,3.1,2.9,2.6,3.9,N,NA,N,N,N,Resident,Yes,2,NA,1,NA,5,NA,5,NA,4,NA,3,NA,NA,NA,2.14605,0.89518,1.21256,2.10774,4.25378,3.68136,0.83089,0.18645,67.9,NA,66.7,NA,1,NA,1.43784,1.03317,2.40928,0.88884,0.70185,3.99998,3.54851,2.06266,0.8604,1.16544,4.0885,3.53831,2025-05-23,0,0,0,0,0,0,0,2024-01-28,22,17,7,326,1,0,326,81.5,NA,2,182488,0,2,"1877 Farnley Road,Louisville,KY,40216",38.1891,-85.835,22,2026-06-01
185302,Hardinsburg Nursing and Rehabilitation Center,101 Fairgrounds Road,Hardinsburg,KY,40143,2707562159,130,Breckinridge,N,For profit - Limited Liability company,63,57.4,NA,Medicare and Medicaid,N,HARDINSBURG HEALTH CENTER LLC,1991-12-01,BENJAMIN LANDA,646,49,3.4,3.4,2.3,3.5,N,NA,N,N,N,Resident,Yes,4,NA,4,NA,3,NA,5,NA,1,NA,2,NA,NA,NA,2.45374,0.48218,0.51848,1.00066,3.45441,2.91464,0.2174,0.02711,40.7,NA,12.5,NA,1,NA,1.50851,1.08394,2.52769,0.93253,0.73634,4.19656,3.72291,2.24792,0.44174,0.47499,3.16465,2.67016,2025-07-10,3,2,1,12,1,0,12,2024-06-14,2,2,0,24,1,0,24,15,NA,0,0,0,0,"101 Fairgrounds Road,Hardinsburg,KY,40143",37.7683,-86.442,NA,2026-06-01
185304,Prestonsburg Health Care Center,147 North Highland Avenue,Prestonsburg,KY,41653,6068862378,350,Floyd,N,For profit - Limited Liability company,56,50.7,NA,Medicare and Medicaid,N,LP PRESTONSBURG LLC,1992-01-01,SIGNATURE HEALTHCARE,474,68,3.1,2.9,2.6,3.9,N,NA,N,N,N,Resident,Yes,5,NA,5,NA,5,NA,5,NA,3,NA,4,NA,NA,NA,2.47051,0.55539,0.94965,1.50504,3.97555,3.47739,0.52185,0.13347,41.7,NA,30,NA,0,NA,1.53747,1.10475,2.57622,0.95043,0.75048,4.27713,3.79438,2.22065,0.49922,0.8536,3.57347,3.1257,2025-08-07,0,0,0,0,0,0,0,2022-08-26,1,1,0,4,1,0,4,1,NA,0,0,0,0,"147 North Highland Avenue,Prestonsburg,KY,41653",37.6696,-82.772,NA,2026-06-01
185305,The Willows at Springhurst,3001 N. Hurstbourne Parkway,Louisville,KY,40241,5024123775,550,Jefferson,Y,For profit - Corporation,52,47.9,NA,Medicare and Medicaid,N,WILLOWS OF SPRINGHURST OPCO LLC,1991-12-01,TRILOGY HEALTH SERVICES,524,124,4.2,3.5,3.2,4.8,Y,NA,N,N,N,Resident,Yes,3,NA,2,NA,5,NA,4,NA,5,NA,4,NA,NA,NA,2.35237,0.7716,1.27961,2.05121,4.40357,3.85174,0.93498,0.08777,36.7,NA,45.5,NA,1,NA,1.59393,1.14532,2.67082,0.98533,0.77803,4.43419,3.93372,2.03956,0.669,1.10945,3.81801,3.33956,2025-12-03,4,4,0,28,1,0,28,2021-09-03,5,5,0,36,1,0,36,30,NA,0,0,0,0,"3001 N. Hurstbourne Parkway,Louisville,KY,40241",38.2895,-85.574,NA,2026-06-01
185306,Ridgewood Terrace Health and Rehabilitation Center,150 Cornwall Drive,Madisonville,KY,42431,2708250166,530,Hopkins,N,For profit - Corporation,110,92.4,NA,Medicare and Medicaid,N,"RIDGEWOOD TERRACE, LLC",1991-09-30,NA,NA,NA,NA,NA,NA,NA,N,NA,N,N,N,Both,Yes,4,NA,5,NA,1,NA,1,NA,1,NA,4,NA,NA,NA,3.59382,0.49646,0.50265,0.99911,4.59293,4.07885,0.38695,0.02037,52.7,NA,33.3,NA,0,NA,1.33711,0.96078,2.24049,0.82657,0.65267,3.71974,3.2999,3.71441,0.51312,0.51952,4.74704,4.21572,2025-05-23,1,1,0,4,1,0,4,2020-02-07,3,3,0,12,1,0,12,6,NA,0,0,0,0,"150 Cornwall Drive,Madisonville,KY,42431",37.3557,-87.487,NA,2026-06-01
185309,Spring View Nursing & Rehabilitation,718 Goodwin Lane,Leitchfield,KY,42754,2702594036,420,Grayson,N,For profit - Corporation,71,67.8,NA,Medicare and Medicaid,N,LEITCHFIELD KY OPCO LLC,1992-01-01,SIMCHA HYMAN & NAFTALI ZANZIPER,580,85,2.6,2.7,2.4,3.4,N,NA,N,N,N,Resident,Yes,1,NA,1,NA,2,NA,2,NA,1,NA,1,NA,NA,NA,2.37621,0.62687,0.35251,0.97938,3.35559,3.0306,0.20007,0.03697,46.7,NA,50,NA,1,NA,1.41866,1.01939,2.37715,0.87699,0.69248,3.94662,3.50118,2.31475,0.61066,0.34339,3.2688,2.95221,2025-08-11,10,10,0,353,1,0,353,2023-02-02,4,4,0,16,1,0,16,268.75,NA,3,17346,0,3,"718 Goodwin Lane,Leitchfield,KY,42754",37.4759,-86.286,NA,2026-06-01
185310,The Episcopal Church Home,7504 Westport Road,Louisville,KY,40222,5027367800,550,Jefferson,Y,Non profit - Corporation,26,25.5,NA,Medicare and Medicaid,N,THE EPISCOPAL CHURCH HOME INC,1991-10-01,"EPISCOPAL RETIREMENT HOMES, INC.",711,3,5,3.7,5,4.7,Y,NA,N,N,N,Resident,Yes,5,NA,3,NA,5,NA,5,NA,NA,2,5,NA,NA,NA,3.24325,0.42541,0.79065,1.21605,4.45931,4.17663,0.48722,0.05688,28.2,NA,33.3,NA,2,NA,1.23165,0.885,2.06378,0.76138,0.6012,3.42636,3.03964,3.6391,0.47733,0.88715,5.00358,4.68639,2025-08-15,1,1,1,20,0,0,20,2022-10-27,1,1,0,4,1,0,4,16,NA,1,10364,0,1,"7504 Westport Road,Louisville,KY,40222",38.2713,-85.614,NA,2026-06-01
185311,Signature Healthcare at Rockford Rehab & Wellness,4700 Quinn Drive,Louisville,KY,40216,5024485850,550,Jefferson,Y,For profit - Corporation,110,97.5,NA,Medicare and Medicaid,N,LP LOUISVILLE QUINN DRIVE LLC,1991-12-01,SIGNATURE HEALTHCARE,474,68,3.1,2.9,2.6,3.9,N,NA,N,N,N,Resident,Yes,5,NA,5,NA,5,NA,5,NA,5,NA,2,NA,NA,NA,2.17701,0.76903,0.64789,1.41692,3.59393,3.08462,0.26312,0.08211,50.5,NA,50,NA,1,NA,1.62354,1.1666,2.72044,1.00364,0.79249,4.51657,4.00681,1.85309,0.65461,0.55149,3.05919,2.62565,2026-02-27,0,0,0,0,0,0,0,2024-10-04,1,1,0,8,1,0,8,2,NA,0,0,0,0,"4700 Quinn Drive,Louisville,KY,40216",38.1777,-85.836,NA,2026-06-01
185312,Stonecreek Health and Rehabilitation,4747 Alben Barkley Drive,Paducah,KY,42001,2704449661,720,Mc Cracken,Y,For profit - Limited Liability company,90,85,NA,Medicare and Medicaid,N,"PADUCAH CENTER FOR HEALTH AND REHABILITATION, LLC",1991-12-01,SIMCHA HYMAN & NAFTALI ZANZIPER,580,85,2.6,2.7,2.4,3.4,N,NA,N,N,N,Resident,Yes,2,NA,2,NA,3,NA,3,NA,2,NA,2,NA,NA,NA,2.16667,0.74858,0.49407,1.24265,3.40932,3.11075,0.36596,0.02789,61,NA,73.3,NA,1,NA,1.33519,0.95941,2.23728,0.82539,0.65174,3.71441,3.29518,2.24258,0.77481,0.51138,3.52877,3.21975,2025-12-06,7,7,3,28,1,0,28,2024-08-01,13,8,7,72,1,0,72,39,NA,0,0,0,0,"4747 Alben Barkley Drive,Paducah,KY,42001",37.0568,-88.657,NA,2026-06-01
185313,Creekwood Nursing & Rehabilitation,107 Boyles Drive,Russellville,KY,42276,2707269049,700,Logan,N,For profit - Corporation,104,92.4,NA,Medicare and Medicaid,N,RUSSELLVILLE KY OPCO LLC,1992-01-01,SIMCHA HYMAN & NAFTALI ZANZIPER,580,85,2.6,2.7,2.4,3.4,N,NA,N,N,N,Resident,Yes,4,NA,4,NA,4,NA,5,NA,2,NA,2,NA,NA,NA,2.23387,0.63707,0.4527,1.08978,3.32365,2.95114,0.24262,0.05203,35.5,NA,30,NA,0,NA,1.5101,1.08509,2.53037,0.93352,0.73712,4.201,3.72685,2.04433,0.58302,0.41429,3.04164,2.70074,2026-02-27,0,0,0,0,0,0,0,2024-10-31,4,4,0,28,1,0,28,7,NA,0,0,0,0,"107 Boyles Drive,Russellville,KY,42276",36.8188,-86.883,NA,2026-06-01
185314,Pioneer Trace Group LLC,115 Pioneer Trace,Flemingsburg,KY,41041,6068452131,340,Fleming,N,For profit - Limited Liability company,92,79.1,NA,Medicare and Medicaid,N,PIONEER TRACE GROUP LLC,1991-10-30,NA,NA,NA,NA,NA,NA,NA,N,NA,N,N,N,Resident,Yes,1,NA,2,NA,1,NA,1,NA,1,NA,2,NA,NA,NA,2.13824,0.84172,0.42925,1.27097,3.40921,2.93887,0.32005,0.0644,44,NA,50,NA,0,NA,1.50019,1.07796,2.51375,0.92738,0.73228,4.17341,3.70237,1.96975,0.77539,0.39542,3.14057,2.70729,2026-01-08,4,4,1,40,1,0,40,2024-10-03,3,3,0,40,1,0,40,40,NA,3,27493,1,4,"115 Pioneer Trace,Flemingsburg,KY,41041",38.4216,-83.756,NA,2026-06-01
185315,Clinton County Care and Rehabilitation Center,404 North Washington Street,Albany,KY,42602,6063876623,260,Clinton,N,For profit - Corporation,52,46.8,NA,Medicare and Medicaid,N,LP ALBANY LLC,1991-12-16,SIGNATURE HEALTHCARE,474,68,3.1,2.9,2.6,3.9,N,NA,N,N,N,Resident,Yes,4,NA,4,NA,4,NA,5,NA,3,NA,3,NA,NA,NA,2.00574,1.23874,0.58402,1.82276,3.82851,3.33543,0.46824,0.02866,27.3,NA,44.4,NA,0,NA,1.50676,1.08269,2.52476,0.93145,0.73549,4.19169,3.71859,1.83963,1.13616,0.53565,3.51144,3.0592,2025-05-08,1,1,1,4,1,0,4,2021-12-22,7,7,0,44,1,0,44,14,NA,0,0,0,0,"404 North Washington Street,Albany,KY,42602",36.6934,-85.135,NA,2026-06-01
185316,Princeton Nursing & Rehabilitation,1333 West Main Street,Princeton,KY,42445,2703653541,160,Caldwell,N,For profit - Limited Liability company,104,97.8,NA,Medicare and Medicaid,N,PRINCETON KY OPCO LLC,1992-02-01,SIMCHA HYMAN & NAFTALI ZANZIPER,580,85,2.6,2.7,2.4,3.4,N,NA,N,N,N,Resident,Yes,4,NA,4,NA,2,NA,4,NA,1,NA,2,NA,NA,NA,2.44401,0.44163,0.48253,0.92416,3.36818,2.96173,0.2558,0.01845,47.1,NA,59.1,NA,0,NA,1.36832,0.98321,2.29279,0.84587,0.66791,3.80657,3.37694,2.46839,0.44604,0.48735,3.40178,2.99128,2026-01-08,0,0,0,0,0,0,0,2024-09-13,7,7,0,40,1,0,40,10,NA,0,0,0,0,"1333 West Main Street,Princeton,KY,42445",37.1185,-87.899,NA,2026-06-01
185317,Greenville Nursing and Rehabilitation,521 Greene Drive,Greenville,KY,42345,2703381523,880,Muhlenberg,N,For profit - Limited Liability company,60,55,NA,Medicare and Medicaid,N,GREENVILLE NURSING AND REHABILITATION LLC,1992-02-01,DAVID MARX,179,10,2.8,2.7,2,3.6,N,NA,N,N,N,Resident,Yes,5,NA,5,NA,5,NA,5,NA,5,NA,2,NA,NA,NA,2.30302,0.80823,0.48091,1.28914,3.59216,3.14647,0.22362,0.05309,46.4,NA,66.7,NA,0,NA,1.41554,1.01714,2.37191,0.87506,0.69096,3.93793,3.49347,2.24841,0.78907,0.4695,3.50698,3.07186,2025-07-17,0,0,0,0,0,0,0,2024-06-20,5,4,2,16,1,0,16,4,NA,0,0,0,0,"521 Greene Drive,Greenville,KY,42345",37.2156,-87.18,NA,2026-06-01
185318,Lake Barkley Health & Rehabilitation,1253 Lake Barkley Drive,Kuttawa,KY,42055,2703882291,710,Lyon,N,For profit - Corporation,65,54.2,NA,Medicare and Medicaid,N,VISTA RIDGE SNF OPERATIONS LLC,1991-12-09,LYON HEALTHCARE,837,14,2,2,1.7,2.9,N,NA,N,N,N,Resident,Yes,3,NA,4,NA,2,NA,4,NA,1,NA,1,NA,NA,NA,2.26437,0.69716,0.45793,1.15509,3.41945,3.24159,0.27774,0.03749,70,NA,80,NA,2,NA,1.5668,1.12583,2.62537,0.96857,0.76479,4.35873,3.86678,1.99725,0.61492,0.40391,3.01608,2.85919,2026-04-08,0,0,0,0,0,0,0,2025-04-24,4,4,0,16,1,0,16,4,NA,0,0,0,0,"1253 Lake Barkley Drive,Kuttawa,KY,42055",37.0658,-88.103,NA,2026-06-01
185320,Life Care Center of La Center,252 W. 5th Street,La Center,KY,42056,2706655681,030,Ballard,Y,For profit - Corporation,70,60.1,NA,Medicare and Medicaid,N,LA CENTER OPERATIONS LLC,1992-02-01,LIFE CARE CENTERS OF AMERICA,311,194,3.5,2.9,3.3,4.5,N,NA,N,N,N,Resident,Yes,5,NA,5,NA,5,NA,5,NA,5,NA,4,NA,NA,NA,2.20368,0.86357,0.633,1.49657,3.70025,3.29483,0.26437,0.09448,31.7,NA,30,NA,0,NA,1.40614,1.01039,2.35616,0.86925,0.68637,3.91178,3.47027,2.16581,0.84873,0.62212,3.63665,3.2382,2026-02-19,0,0,0,0,0,0,0,2024-11-14,0,0,0,0,0,0,0,0,NA,0,0,0,0,"252 W. 5th Street,La Center,KY,42056",37.078,-88.976,NA,2026-06-01
185325,Cal Turner Rehab and Specialty Care,456 Burnley Road,Scottsville,KY,42164,2706222800,010,Allen,Y,Non profit - Other,110,99.7,NA,Medicare and Medicaid,Y,BOWLING GREEN-WARREN COUNTY COMMUNITY HOSPITAL CORPORATION,1992-02-10,NA,NA,NA,NA,NA,NA,NA,N,NA,N,N,N,Resident,Yes,5,NA,5,NA,3,NA,5,NA,1,NA,4,NA,NA,NA,2.50375,0.54744,0.7251,1.27254,3.77629,2.98874,0.31685,0.00534,33.7,NA,18.8,NA,1,NA,1.3803,0.99182,2.31286,0.85327,0.67376,3.83988,3.40649,2.50679,0.54811,0.72598,3.78088,2.99238,2026-04-15,0,0,0,0,0,0,0,2025-03-13,2,2,0,4,1,0,4,1,NA,1,5519,0,1,"456 Burnley Road,Scottsville,KY,42164",36.761,-86.216,NA,2026-06-01
185326,CLINTON-HICKMAN COUNTY NURSING FACILITY,366 SOUTH WASHINGTON STREET,CLINTON,KY,42031,2706532461,511,Hickman,N,Non profit - Corporation,46,36.7,NA,Medicare and Medicaid,N,"CLINTON AND HICKMAN COUNTY HOSPITAL, INC.",1992-03-01,NA,NA,NA,NA,NA,NA,NA,N,NA,N,N,N,Resident,Yes,4,NA,4,NA,3,NA,2,NA,3,NA,4,NA,NA,NA,3.87504,1.10289,0.50022,1.60311,5.47815,4.64895,0.29712,0.01628,35.8,NA,16.7,NA,0,NA,1.39707,1.00387,2.34096,0.86364,0.68194,3.88654,3.44788,3.83317,1.09097,0.49482,5.41896,4.59873,2025-06-18,1,1,0,16,1,0,16,2024-04-25,2,2,0,12,1,0,12,15,NA,0,0,0,0,"366 SOUTH WASHINGTON STREET,CLINTON,KY,42031",36.6614,-88.994,NA,2026-06-01
185327,Signature Healthcare of Spencer County,625 Taylorsville Road,Taylorsville,KY,40071,5024778838,980,Spencer,Y,For profit - Limited Liability company,120,90.2,NA,Medicare and Medicaid,N,LP TAYLORSVILLE LLC,1992-03-01,SIGNATURE HEALTHCARE,474,68,3.1,2.9,2.6,3.9,N,NA,N,N,N,Resident,Yes,2,NA,2,NA,3,NA,5,NA,1,NA,3,NA,NA,NA,1.90201,0.75007,1.09868,1.84875,3.75076,3.23647,0.96538,0.11323,58.3,NA,36.4,NA,1,NA,1.39282,1.00082,2.33385,0.86102,0.67987,3.87474,3.43741,1.88719,0.74423,1.09012,3.72154,3.21126,2026-01-23,5,4,1,32,1,0,32,2024-08-02,8,7,4,76,1,0,76,43,NA,0,0,0,0,"625 Taylorsville Road,Taylorsville,KY,40071",38.0395,-85.34,NA,2026-06-01
185328,ST ELIZABETH FT THOMAS SNF,85 North Grand Avenue,Fort Thomas,KY,41075,8595723211,180,Campbell,Y,Non profit - Corporation,20,13.8,NA,Medicare,Y,"ST ELIZABETH MEDICAL CENTER, INC",1992-01-29,NA,NA,NA,NA,NA,NA,NA,N,NA,N,N,N,Resident,Yes,5,NA,5,NA,3,NA,NA,2,3,NA,5,NA,NA,NA,3.03288,1.07073,3.49259,4.56331,7.59619,5.84916,2.48517,0,52.5,NA,57.1,NA,0,NA,1.37963,0.99133,2.31174,0.85286,0.67343,3.83802,3.40484,3.03804,1.07255,3.49853,7.60911,5.85911,2025-01-09,0,0,0,0,0,0,0,2023-11-01,0,0,0,0,0,0,0,0,0,0,0,0,0,"85 North Grand Avenue,Fort Thomas,KY,41075",39.0786,-84.465,NA,2026-06-01
185329,Morganfield Nursing and Rehabilitation Center,509 North Carrier Street,Morganfield,KY,42437,2703893513,985,Union,N,For profit - Limited Liability company,60,49.7,NA,Medicare and Medicaid,N,MORGANFIELD OPCO LLC,1992-04-01,BENJAMIN LANDA,646,49,3.4,3.4,2.3,3.5,N,NA,N,N,N,Resident,Yes,5,NA,5,NA,2,NA,2,NA,NA,2,3,NA,NA,NA,2.24715,0.46159,0.88196,1.34355,3.5907,3.14932,0.78535,0.01923,45.3,NA,33.3,NA,0,NA,1.60074,1.15022,2.68225,0.98955,0.78136,4.45315,3.95054,1.94004,0.3985,0.76142,3.09996,2.71891,2026-01-09,0,0,0,0,0,0,0,2025-04-04,3,2,1,16,1,0,16,4,NA,0,0,0,0,"509 North Carrier Street,Morganfield,KY,42437",37.6851,-87.907,NA,2026-06-01
185330,Campbellsville Nursing and Rehabilitation Center,1980 Old Greensburg Road,Campbellsville,KY,42718,2704653506,981,Taylor,N,For profit - Limited Liability company,67,58.7,NA,Medicare and Medicaid,N,CAMPBELLSVILLE OPERATING COMPANY LLC,1992-04-01,BENJAMIN LANDA,646,49,3.4,3.4,2.3,3.5,N,NA,N,N,N,Resident,Yes,4,NA,4,NA,3,NA,2,NA,4,NA,3,NA,NA,NA,2.51581,1.31759,0.59505,1.91264,4.42845,3.68307,0.35547,0.01747,47.7,NA,28.6,NA,1,NA,1.65581,1.18979,2.77452,1.02359,0.80824,4.60636,4.08646,2.09974,1.09969,0.49664,3.69607,3.07396,2026-01-06,2,2,0,12,1,0,12,2024-08-22,2,2,0,20,1,0,20,14,NA,0,0,0,0,"1980 Old Greensburg Road,Campbellsville,KY,42718",37.3396,-85.379,NA,2026-06-01
185331,Franklin-Simpson Nursing and Rehabilitation Center,414 Robey Street,Franklin,KY,42135,2705867141,979,Simpson,N,For profit - Limited Liability company,98,77.2,NA,Medicare and Medicaid,N,FRANKLIN HEALTH CENTER LLC,1992-04-01,BENJAMIN LANDA,646,49,3.4,3.4,2.3,3.5,N,NA,N,N,N,Resident,Yes,2,NA,4,NA,1,NA,3,NA,1,NA,1,NA,NA,NA,1.93244,0.76438,0.40864,1.17302,3.10546,2.75727,0.22567,0.01188,51.2,NA,63.6,NA,3,NA,1.48875,1.06974,2.49458,0.92031,0.72669,4.14159,3.67415,1.79384,0.70956,0.37933,2.88273,2.55952,2025-07-03,1,1,0,8,1,0,8,2021-05-20,3,3,0,12,1,0,12,9,NA,0,0,0,0,"414 Robey Street,Franklin,KY,42135",36.7254,-86.558,NA,2026-06-01
185332,Harrison Nursing and Rehabilitation Center,105 Rodgers Park,Cynthiana,KY,41031,8592342050,480,Harrison,N,For profit - Limited Liability company,54,49.8,NA,Medicare and Medicaid,N,Legal Business Name Not Available,1992-04-01,NA,NA,NA,NA,NA,NA,NA,N,NA,N,N,N,Both,Yes,1,NA,1,NA,1,NA,1,NA,NA,2,1,NA,NA,NA,2.03769,0.60816,0.70052,1.30868,3.34637,2.96667,0.48146,0.00786,NA,26,NA,26,1,NA,1.5816,1.13646,2.65016,0.97771,0.77202,4.39989,3.90329,1.7805,0.5314,0.6121,2.924,2.59223,2025-01-24,10,10,2,96,1,0,96,2024-01-11,14,12,3,168,1,0,168,114,NA,5,34409,1,6,"105 Rodgers Park,Cynthiana,KY,41031",38.3938,-84.283,NA,2026-06-01
185333,Klondike Nursing and Rehabilitation Center,3802 Klondike Lane,Louisville,KY,40218,5024521579,550,Jefferson,Y,For profit - Limited Liability company,62,60,NA,Medicare and Medicaid,N,KLONDIKE HEALTH CENTER LLC,1992-04-01,ENCORE HEALTH PARTNERS,697,12,3.3,3.3,2,3.5,N,NA,N,N,N,Resident,Yes,4,NA,3,NA,5,NA,5,NA,NA,2,2,NA,NA,NA,2.11274,0.57074,0.67297,1.24371,3.35645,2.94904,0.48517,0.00995,32.7,NA,38.5,NA,0,NA,1.76221,1.26624,2.95281,1.08936,0.86018,4.90235,4.34904,1.65686,0.44759,0.52776,2.63222,2.31271,2026-03-12,0,0,0,0,0,0,0,2024-12-20,7,2,5,60,1,0,60,15,NA,2,33062,0,2,"3802 Klondike Lane,Louisville,KY,40218",38.2078,-85.638,NA,2026-06-01
185334,"BEAVER DAM NURSING & REHAB CENTER, INC",1595 S US HIGHWAY 231,BEAVER DAM,KY,42320,2702749646,910,Ohio,N,For profit - Limited Liability company,58,55.6,NA,Medicare and Medicaid,N,"BEAVER DAM NURSING & REHAB CENTER, INC",1992-06-01,PROVIDENCE HEALTH GROUP,431,2,4,4,3.5,4,N,NA,N,N,N,Resident,Yes,3,NA,3,NA,3,NA,3,NA,4,NA,3,NA,NA,NA,2.45427,0.91295,0.45369,1.36664,3.82091,3.46108,0.24618,0.05383,38.2,NA,50,NA,0,NA,1.4294,1.0271,2.39514,0.88363,0.69772,3.97649,3.52767,2.37284,0.88266,0.43863,3.69414,3.34624,2025-05-08,3,3,0,24,1,0,24,2024-03-21,2,2,0,32,1,0,32,26,NA,0,0,0,0,"1595 S US HIGHWAY 231,BEAVER DAM,KY,42320",37.3721,-86.848,NA,2026-06-01
185335,Signature Healthcare of South Louisville,1120 Cristland Road,Louisville,KY,40214,5023670104,550,Jefferson,Y,For profit - Corporation,100,87.8,NA,Medicare and Medicaid,N,LP LOUISVILLE SOUTH LLC,1992-02-29,SIGNATURE HEALTHCARE,474,68,3.1,2.9,2.6,3.9,N,NA,N,N,N,Resident,Yes,4,NA,3,NA,5,NA,5,NA,4,NA,4,NA,NA,NA,2.1873,0.58749,1.24463,1.83212,4.01942,3.42646,1.02774,0.1254,45.5,NA,24,NA,1,NA,1.43439,1.03068,2.40349,0.88671,0.70016,3.99036,3.53999,2.10737,0.56602,1.19915,3.87255,3.30126,2026-02-26,4,4,0,28,1,0,28,2025-01-23,4,4,0,16,1,0,16,25,NA,0,0,0,0,"1120 Cristland Road,Louisville,KY,40214",38.1426,-85.788,NA,2026-06-01
185336,Springfield Nursing and Rehabilitation Center,420 East Grundy Avenue,Springfield,KY,40069,8593367771,987,Washington,N,For profit - Individual,70,62.6,NA,Medicare and Medicaid,N,SPRINGFIELD HEALTH CENTER LLC,1992-04-17,NA,NA,NA,NA,NA,NA,NA,N,NA,N,N,N,Resident,Yes,3,NA,3,NA,3,NA,3,NA,NA,2,2,NA,NA,NA,2.1544,0.42947,0.80701,1.23648,3.39088,3.09975,0.45109,0.0105,51.5,NA,35.7,NA,3,NA,1.46442,1.05227,2.45383,0.90528,0.71482,4.07393,3.6141200000000002,2.0331,0.40529,0.76157,3.19996,2.92522,2026-01-08,3,3,0,28,1,0,28,2024-11-01,0,0,0,0,0,0,0,21,NA,0,0,0,0,"420 East Grundy Avenue,Springfield,KY,40069",37.6863,-85.212,NA,2026-06-01
185337,Lee County Care & Rehabilitation Center,246 East Main Street,Beattyville,KY,41311,6064643611,640,Lee,N,For profit - Corporation,109,101.9,NA,Medicare and Medicaid,N,LP BEATTYVILLE LLC,1992-04-13,SIGNATURE HEALTHCARE,474,68,3.1,2.9,2.6,3.9,N,NA,N,N,N,Resident,Yes,5,NA,5,NA,2,NA,4,NA,1,NA,3,NA,NA,NA,2.0765,0.67237,0.80018,1.47255,3.54904,3.15626,0.49659,0.10951,34.7,NA,25,NA,0,NA,1.60462,1.15301,2.68874,0.99194,0.78325,4.46394,3.96012,1.78837,0.57907,0.68915,3.0566,2.71831,2024-08-09,0,0,0,0,0,0,0,2019-08-01,1,1,0,4,1,0,4,1,NA,0,0,0,0,"246 East Main Street,Beattyville,KY,41311",37.5715,-83.704,NA,2026-06-01
185338,Christian Heights Nursing and Rehabilitation Cente,124 West Nashville Street,Pembroke,KY,42266,2704754227,230,Christian,Y,For profit - Limited Liability company,60,56.3,NA,Medicare and Medicaid,N,PEMBROKE OPERATING COMPANY LLC,1992-06-01,BENJAMIN LANDA,646,49,3.4,3.4,2.3,3.5,N,NA,N,N,N,Resident,Yes,1,NA,2,NA,1,NA,1,NA,NA,2,1,NA,NA,NA,2.11612,0.94334,0.41905,1.36239,3.47851,2.76964,0.228,0.01141,48.5,NA,50,NA,0,NA,1.64827,1.18437,2.76189,1.01893,0.80456,4.58538,4.06784,1.77423,0.79093,0.35135,2.91651,2.32217,2025-02-21,2,2,2,32,1,0,32,2020-01-09,1,1,0,75,1,0,75,42.75,NA,0,0,0,0,"124 West Nashville Street,Pembroke,KY,42266",36.7785,-87.354,NA,2026-06-01
185339,Irvine Nursing and Rehabilitation Center,411 Bertha Wallace Drive,Irvine,KY,40336,6067235153,320,Estill,N,For profit - Limited Liability company,86,79.9,NA,Medicare and Medicaid,N,IRVINE OPERATING COMPANY LLC,1992-04-01,BENJAMIN LANDA,646,49,3.4,3.4,2.3,3.5,N,NA,N,N,N,Resident,Yes,3,NA,3,NA,2,NA,3,NA,1,NA,2,NA,NA,NA,2.30293,0.70957,0.65672,1.36629,3.66922,3.03953,0.52086,0.03366,44.4,NA,33.3,NA,0,NA,1.54337,1.10899,2.5861,0.95408,0.75336,4.29354,3.80894,2.0621,0.63537,0.58805,3.28552,2.72168,2025-02-13,4,4,0,20,1,0,20,2020-10-08,4,1,3,16,1,0,16,19,NA,0,0,0,0,"411 Bertha Wallace Drive,Irvine,KY,40336",37.7082,-83.97,NA,2026-06-01
185340,Signature Healthcare of Glasgow Rehab & Wellness C,220 Westwood Street,Glasgow,KY,42141,2706513499,040,Barren,N,For profit - Limited Liability company,68,55.7,NA,Medicare and Medicaid,N,LP GLASGOW LLC,1992-06-01,SIGNATURE HEALTHCARE,474,68,3.1,2.9,2.6,3.9,N,NA,N,N,N,Resident,Yes,4,NA,4,NA,3,NA,3,NA,3,NA,2,NA,NA,NA,2.08361,0.88364,0.87922,1.76287,3.84647,3.03801,0.32937,0.05667,59,NA,72.7,NA,2,NA,1.42268,1.02227,2.38388,0.87947,0.69444,3.95779,3.51109,2.02399,0.85836,0.85407,3.73641,2.95108,2025-06-18,0,0,0,0,0,0,0,2021-09-24,5,5,0,36,1,0,36,9,NA,0,0,0,0,"220 Westwood Street,Glasgow,KY,42141",36.9941,-85.934,NA,2026-06-01
185341,Green Acres Healthcare,402 W. Farthing Street,Mayfield,KY,42066,2702476477,410,Graves,N,For profit - Limited Liability company,60,57.8,NA,Medicare and Medicaid,N,FARTHING MAYFIELD KY OPCO LLC,1992-07-01,SIMCHA HYMAN & NAFTALI ZANZIPER,580,85,2.6,2.7,2.4,3.4,N,NA,N,N,N,Both,Yes,3,NA,3,NA,3,NA,3,NA,4,NA,2,NA,NA,NA,2.09713,0.65754,0.42477,1.08231,3.17944,2.80868,0.13045,0.02265,48.3,NA,57.1,NA,0,NA,1.39343,1.00125,2.33486,0.86139,0.68017,3.87642,3.4389,2.07989,0.65213,0.42128,3.1533,2.78559,2025-08-15,5,2,3,20,1,0,20,2023-05-26,2,2,0,8,1,0,8,17,NA,0,0,0,0,"402 W. Farthing Street,Mayfield,KY,42066",36.7298,-88.641,NA,2026-06-01
185342,Signature Healthcare at Colonial Rehab & Wellness,708 Bartley Avenue,Bardstown,KY,40004,5023489260,890,Nelson,Y,For profit - Corporation,65,54.4,NA,Medicare and Medicaid,N,LP BARDSTOWN LLC,1992-07-01,SIGNATURE HEALTHCARE,474,68,3.1,2.9,2.6,3.9,N,NA,N,N,N,Both,Yes,1,NA,1,NA,4,NA,5,NA,3,NA,4,NA,NA,NA,2.37208,0.34772,1.10831,1.45603,3.82811,3.18836,0.52342,0.15721,27.5,NA,23.1,NA,0,NA,1.44824,1.04064,2.4267,0.89527,0.70692,4.02889,3.57417,2.26354,0.33181,1.05759,3.65295,3.04248,2025-08-21,0,0,0,0,0,0,0,2024-07-11,4,4,3,304,1,0,304,76,NA,1,67987,0,1,"708 Bartley Avenue,Bardstown,KY,40004",37.8075,-85.479,NA,2026-06-01
185344,Perkins Country Manor,5269 Asbury Road,Augusta,KY,41002,6067562156,110,Bracken,Y,For profit - Corporation,32,27.4,NA,Medicare and Medicaid,N,BRACKEN KY OPCO LLC,1992-05-07,NA,NA,NA,NA,NA,NA,NA,N,NA,N,N,N,Resident,Yes,2,NA,3,NA,1,NA,1,NA,NA,2,2,NA,NA,NA,2.52209,0.47843,0.72928,1.20771,3.7298,3.28842,0.57712,0.059520000000000003,68.3,NA,50,NA,0,NA,1.64876,1.18472,2.7627,1.01923,0.8048,4.58672,4.06904,2.11399,0.40101,0.61128,3.12628,2.75632,2025-02-20,2,1,1,20,1,0,20,2019-11-26,3,1,2,36,1,0,36,24,NA,1,6900,0,1,"5269 Asbury Road,Augusta,KY,41002",38.7149,-84.019,NA,2026-06-01
185346,Hermitage Care and Rehabilitation Center,1614 West Parrish Avenue,Owensboro,KY,42301,2706844559,290,Daviess,Y,For profit - Limited Liability company,92,87.9,NA,Medicare and Medicaid,N,LP OWENSBORO LLC,1992-07-01,SIGNATURE HEALTHCARE,474,68,3.1,2.9,2.6,3.9,N,NA,N,N,N,Resident,Yes,5,NA,4,NA,5,NA,5,NA,4,NA,4,NA,NA,NA,2.28992,0.51978,1.04038,1.56016,3.85008,3.27505,0.61022,0.09381,36.5,NA,31.6,NA,1,NA,1.35395,0.97288,2.26871,0.83698,0.66089,3.76658,3.34146,2.33732,0.53053,1.06192,3.92978,3.34285,2026-04-09,0,0,0,0,0,0,0,2025-02-14,1,1,0,16,1,0,16,4,NA,0,0,0,0,"1614 West Parrish Avenue,Owensboro,KY,42301",37.7601,-87.128,NA,2026-06-01
185348,Sycamore Heights Health and Rehabilitation,2141 Sycamore Avenue,Louisville,KY,40206,5028955417,550,Jefferson,Y,For profit - Limited Liability company,96,84.1,NA,Medicare and Medicaid,N,"CV LOUISVILLE OPCO I, LLC",1992-04-07,SIMCHA HYMAN & NAFTALI ZANZIPER,580,85,2.6,2.7,2.4,3.4,N,NA,N,N,N,Resident,Yes,3,NA,2,NA,5,NA,5,NA,NA,2,2,NA,NA,NA,2.00389,0.47103,0.8598,1.33083,3.33472,3.00468,0.75343,0.02876,65.3,NA,69.6,NA,0,NA,1.37594,0.98869,2.30556,0.85058,0.67163,3.82777,3.39574,2.01268,0.47309,0.86357,3.34934,3.01786,2026-02-19,0,0,0,0,0,0,0,2024-09-20,11,9,6,112,1,0,112,28,NA,2,21879,0,2,"2141 Sycamore Avenue,Louisville,KY,40206",38.2558,-85.706,NA,2026-06-01
185349,Signature Healthcare at Jefferson Place Rehab & We,1705 Herr Lane,Louisville,KY,40222,5024265600,550,Jefferson,Y,For profit - Corporation,96,83.1,NA,Medicare and Medicaid,N,LP LOUISVILLE HERR LANE LLC,1992-05-18,SIGNATURE HEALTHCARE,474,68,3.1,2.9,2.6,3.9,N,NA,N,N,N,Resident,Yes,4,NA,3,NA,5,NA,5,NA,5,NA,4,NA,NA,NA,2.13962,0.87461,0.84504,1.71965,3.85927,3.31432,0.5192,0.15192,28.4,NA,38.1,NA,0,NA,1.34797,0.96859,2.2587,0.83329,0.65798,3.74997,3.32672,2.19358,0.89667,0.86635,3.95661,3.39791,2025-06-18,1,1,0,16,1,0,16,2021-09-18,3,3,0,28,1,0,28,19,NA,0,0,0,0,"1705 Herr Lane,Louisville,KY,40222",38.2748,-85.62,NA,2026-06-01
185350,Signature Healthcare of East Louisville,2529 Six Mile Lane,Louisville,KY,40220,5024915560,550,Jefferson,Y,For profit - Limited Liability company,128,114.8,NA,Medicare and Medicaid,N,LP LOUISVILLE EAST LLC,1992-06-01,SIGNATURE HEALTHCARE,474,68,3.1,2.9,2.6,3.9,N,NA,N,N,N,Resident,Yes,2,NA,2,NA,4,NA,5,NA,3,NA,2,NA,NA,NA,2.38916,0.96474,0.9214,1.88614,4.2753,3.62324,0.661,0.09906,52.7,NA,50,NA,3,NA,1.64604,1.18277,2.75815,1.01755,0.80347,4.57917,4.06233,2.00587,0.80997,0.77358,3.58943,3.04198,2026-02-12,0,0,0,0,0,0,0,2024-08-23,6,4,2,173,1,0,173,43.25,NA,2,10364,0,2,"2529 Six Mile Lane,Louisville,KY,40220",38.2098,-85.587,NA,2026-06-01
185352,Stanton Nursing and Rehabilitation Center,31 Derickson Lane,Stanton,KY,40380,6066632846,971,Powell,N,For profit - Individual,81,75.8,NA,Medicare and Medicaid,N,STANTON HEALTH CENTER LLC,1992-07-01,BENJAMIN LANDA,646,49,3.4,3.4,2.3,3.5,N,NA,N,N,N,Resident,Yes,3,NA,4,NA,1,NA,1,NA,1,NA,2,NA,NA,NA,2.49963,0.8694,0.49298,1.36238,3.86201,3.49831,0.1508,0.02688,32.4,NA,50,NA,2,NA,1.50511,1.0815,2.52201,0.93043,0.73468,4.18712,3.71454,2.29513,0.79827,0.45264,3.54604,3.21209,2025-06-12,0,0,0,0,0,0,0,2021-04-22,5,3,2,20,1,0,20,5,NA,0,0,0,0,"31 Derickson Lane,Stanton,KY,40380",37.8445,-83.838,NA,2026-06-01
185353,Brandenburg Nursing and Rehabilitation Center,814 Old Ekron Road,Brandenburg,KY,40108,2705513900,801,Meade,Y,For profit - Limited Liability company,57,53.8,NA,Medicare and Medicaid,N,BRANDENBURG OPCO LLC,1992-08-01,NA,NA,NA,NA,NA,NA,NA,N,NA,N,N,N,Resident,Yes,4,NA,4,NA,4,NA,4,NA,NA,2,2,NA,NA,NA,2.29615,0.60113,0.54498,1.14611,3.44226,3.10171,0.35191,0.01736,49,NA,37.5,NA,0,NA,1.58949,1.14213,2.66338,0.98259,0.77587,4.42184,3.92276,1.99638,0.52265,0.47383,2.99286,2.69677,2026-04-16,0,0,0,0,0,0,0,2025-03-20,1,1,0,16,1,0,16,4,NA,0,0,0,0,"814 Old Ekron Road,Brandenburg,KY,40108",37.9962,-86.168,NA,2026-06-01
185354,Fordsville Nursing and Rehabilitation Center,313 Main Street,Fordsville,KY,42343,2702763603,910,Ohio,N,For profit - Limited Liability company,67,60.1,NA,Medicare and Medicaid,N,FORDSVILLE OPCO LLC,1992-08-01,BENJAMIN LANDA,646,49,3.4,3.4,2.3,3.5,N,NA,N,N,N,Resident,Yes,3,NA,4,NA,1,NA,2,NA,1,NA,3,NA,NA,NA,2.24931,0.38315,0.69149,1.07465,3.32396,2.9598,0.42843,0.01767,49.1,NA,22.2,NA,0,NA,1.49666,1.07543,2.50785,0.92521,0.73056,4.16361,3.69368,2.07695,0.35379,0.6385,3.06924,2.73299,2025-12-05,0,0,0,0,0,0,0,2023-08-05,6,4,5,36,1,0,36,9,NA,0,0,0,0,"313 Main Street,Fordsville,KY,42343",37.6382,-86.725,NA,2026-06-01
185355,River Valley Nursing Home,305 Taylor Street,Butler,KY,41006,8594722217,932,Pendleton,Y,For profit - Corporation,60,58,NA,Medicare and Medicaid,N,CF OPCO LLC,1992-06-24,NA,NA,NA,NA,NA,NA,NA,N,NA,N,N,N,Resident,Yes,5,NA,4,NA,5,NA,5,NA,5,NA,3,NA,NA,NA,1.94721,0.60155,0.73744,1.33899,3.28621,2.82334,0.52723,0.02739,48.1,NA,50,NA,0,NA,1.29225,0.92855,2.16532,0.79884,0.63078,3.59494,3.18919,2.08242,0.64332,0.78865,3.51438,3.01937,2025-06-26,2,2,0,8,1,0,8,2024-09-06,3,3,1,28,1,0,28,13,NA,0,0,0,0,"305 Taylor Street,Butler,KY,41006",38.7868,-84.373,NA,2026-06-01
185358,Bedford Springs Health and Rehabilitation,50 Shepherd Lane,Bedford,KY,40006,5022553244,984,Trimble,N,For profit - Limited Liability company,60,50.4,NA,Medicare and Medicaid,N,BEDFORD KY OPCO LLC,1992-09-29,SIMCHA HYMAN & NAFTALI ZANZIPER,580,85,2.6,2.7,2.4,3.4,N,NA,N,N,N,Resident,Yes,5,NA,4,NA,5,NA,5,NA,NA,2,3,NA,NA,NA,1.70135,0.89043,0.56339,1.45382,3.15517,2.72768,0.35857,0.01563,43.6,NA,28.6,NA,0,NA,1.33906,0.96219,2.24376,0.82778,0.65363,3.72517,3.30473,1.75587,0.91896,0.58145,3.25628,2.81509,2025-04-10,0,0,0,0,0,0,0,2019-11-08,3,3,0,24,1,0,24,6,NA,0,0,0,0,"50 Shepherd Lane,Bedford,KY,40006",38.5828,-85.32,NA,2026-06-01
185359,Robertson County Health Care Facility,1030 Kentontown Road,Mount Olivet,KY,41064,6067245020,973,Robertson,N,For profit - Corporation,60,54.8,NA,Medicare and Medicaid,N,ROBERTSON OPERATIONS LLC,1992-10-07,BLUEGRASS HEALTH KY,748,15,2.9,3.3,1.5,3.2,N,NA,N,N,N,Resident,Yes,4,NA,4,NA,4,NA,5,NA,4,NA,2,NA,NA,NA,2.2316,0.66582,0.673,1.33882,3.57041,3.31278,0.3922,0.01308,36.4,NA,40,NA,2,NA,1.58409,1.13825,2.65433,0.97925,0.77323,4.40681,3.90943,1.94687,0.58086,0.58714,3.11487,2.8901,2025-07-02,2,2,0,8,1,0,8,2020-10-29,4,2,2,32,1,0,32,14,NA,1,8788,0,1,"1030 Kentontown Road,Mount Olivet,KY,41064",38.5324,-84.054,NA,2026-06-01
185360,Gallatin Nursing and Rehab,499 Center Street,Warsaw,KY,41095,8595674548,362,Gallatin,Y,For profit - Limited Liability company,120,106.3,NA,Medicare and Medicaid,N,GALLATINIDENCE OPCO LLC,1992-09-04,PACS GROUP,690,280,3,2.5,2.4,4.3,N,NA,N,N,N,Resident,Yes,4,NA,4,NA,3,NA,5,NA,1,NA,2,NA,NA,NA,2.1591,1.0978,0.4666,1.5644,3.7235,3.13695,0.27436,0.04373,39.5,NA,21.4,NA,0,NA,1.80877,1.2997,3.03082,1.11815,0.88291,5.03188,4.46395,1.64964,0.83876,0.3565,2.8449,2.39675,2026-01-29,1,1,1,4,1,0,4,2024-08-29,1,1,0,4,1,0,4,4,NA,2,13800,0,2,"499 Center Street,Warsaw,KY,41095",38.7808,-84.894,NA,2026-06-01
185361,Kindred Hospital - Louisville,1313 St. Anthony Place,Louisville,KY,40205,5026271589,550,Jefferson,Y,For profit - Partnership,47,39,NA,Medicare and Medicaid,Y,KINDRED HOSPITALS LIMITED PARTNERSHIP,1992-09-04,KINDRED HEALTHCARE,300,4,3,2.5,3.3,3.8,N,NA,N,N,N,Resident,Yes,2,NA,2,NA,3,NA,3,NA,NA,2,2,NA,NA,NA,2.90832,2.10017,1.74557,3.84574,6.75406,5.62614,1.45283,0.10484,43.2,NA,31.3,NA,0,NA,3.622,2.6026,6.06912,2.23905,1.76799,10.07616,8.9389,1.10967,0.80132,0.66602,2.57701,2.14665,2025-12-31,2,1,1,12,1,0,12,2025-01-30,4,2,3,145,1,0,145,45.25,NA,1,64799,0,1,"1313 St. Anthony Place,Louisville,KY,40205",38.2426,-85.731,NA,2026-06-01
185362,New Castle Nursing & Rehab,50 Adams Street,New Castle,KY,40050,5028452861,510,Henry,Y,For profit - Limited Liability company,60,50.2,NA,Medicare and Medicaid,N,NEW CASTLEIDENCE OPCO LLC,1992-10-29,PACS GROUP,690,280,3,2.5,2.4,4.3,N,NA,N,N,N,Both,Yes,5,NA,5,NA,5,NA,4,NA,5,NA,1,NA,NA,NA,2.24304,0.95293,0.52129,1.47422,3.71726,3.20452,0.40941,0.19285,46.2,NA,40,NA,1,NA,1.74053,1.25067,2.91648,1.07596,0.8496,4.84204,4.29554,1.78096,0.75662,0.4139,2.95148,2.54437,2025-07-09,0,0,0,0,0,0,0,2020-01-24,1,1,0,16,1,0,16,4,NA,0,0,0,0,"50 Adams Street,New Castle,KY,40050",38.4366,-85.175,NA,2026-06-01
185363,Glasgow State Nursing Facility,207 State Avenue,Glasgow,KY,42141,2706594700,040,Barren,N,Government - State,100,65.5,NA,Medicare and Medicaid,N,COMMONWEALTH OF KENTUCKY,1992-11-27,NA,NA,NA,NA,NA,NA,NA,N,NA,N,N,N,Resident,Yes,3,NA,2,NA,4,NA,4,NA,NA,2,5,NA,NA,NA,4.34049,1.19698,1.02904,2.22602,6.56652,6.26648,0.61786,0.00328,40.4,NA,36.8,NA,0,NA,0.97588,0.70122,1.63521,0.60327,0.47635,2.71482,2.40841,6.14672,1.69508,1.45726,9.29906,8.87417,2025-08-21,1,1,0,16,1,0,16,2023-12-21,5,0,5,100,0,0,100,37,NA,2,62189,0,2,"207 State Avenue,Glasgow,KY,42141",37.0116,-85.909,NA,2026-06-01
185364,Owenton Healthcare and Rehabilitation,905 Highway 127 North,Owenton,KY,40359,5024845721,930,Owen,N,For profit - Limited Liability company,100,82.9,NA,Medicare and Medicaid,N,OWENTON KY OPCO LLC,1993-01-21,SIMCHA HYMAN & NAFTALI ZANZIPER,580,85,2.6,2.7,2.4,3.4,N,NA,N,N,N,Resident,Yes,3,NA,3,NA,4,NA,4,NA,3,NA,3,NA,NA,NA,1.86481,0.43418,0.74106,1.17524,3.04005,2.48674,0.41113,0.0259,36,NA,25,NA,0,NA,1.53069,1.09988,2.56486,0.94624,0.74717,4.25826,3.77765,1.68363,0.392,0.66906,2.7447,2.24514,2026-01-16,2,1,1,8,1,0,8,2024-08-09,7,4,3,56,1,0,56,20,NA,1,8512,0,1,"905 Highway 127 North,Owenton,KY,40359",38.526,-84.834,NA,2026-06-01
185366,Corbin Health and Rehabilitation Center,270 Bacon Creek Road,Corbin,KY,40702,6065288822,990,Whitley,N,For profit - Corporation,100,83.3,NA,Medicare and Medicaid,N,"CORBIN NURSING HOME, INC.",1993-03-29,SEKY HOLDING CO.,468,9,2.6,3,4.2,1.2,N,NA,N,N,N,Resident,Yes,1,NA,2,NA,1,NA,2,NA,1,NA,4,NA,NA,NA,3.36026,0.84358,0.68003,1.52361,4.88387,4.35793,0.43818,0.04816,50,NA,50,NA,0,NA,1.40106,1.00673,2.34765,0.86611,0.68389,3.89765,3.45773,3.31449,0.83209,0.67077,4.81734,4.29857,2024-12-13,0,0,0,0,0,0,0,2019-09-12,6,3,3,161,1,0,161,40.25,3,1,15593,0,1,"270 Bacon Creek Road,Corbin,KY,40702",36.9147,-84.117,NA,2026-06-01
185378,Maple Grove Senior Living LLC,711 Frankfort Road,Shelbyville,KY,40066,5026333486,978,Shelby,Y,For profit - Limited Liability company,90,71.4,NA,Medicare and Medicaid,N,MAPLE GROVE SENIOR LIVING LLC,1993-04-28,ECC TRUST,820,4,3.8,3.5,3.3,4,N,NA,N,N,N,Both,Yes,3,NA,3,NA,4,NA,3,NA,4,NA,3,NA,NA,NA,2.36005,1.08968,0.6393,1.72898,4.08903,3.69835,0.1924,0.07637,46.8,NA,16.7,NA,1,NA,1.50625,1.08232,2.5239,0.93113,0.73524,4.19027,3.71733,2.16534,0.99978,0.58655,3.75166,3.39322,2026-01-15,2,2,0,20,1,0,20,2024-08-01,3,3,0,28,1,0,28,22,NA,0,0,0,0,"711 Frankfort Road,Shelbyville,KY,40066",38.212,-85.196,NA,2026-06-01
185379,Martin County Health Care Facility,62 Maude Road,Inez,KY,41224,6062980091,790,Martin,N,For profit - Partnership,65,61.7,NA,Medicare and Medicaid,N,MARTIN MANOR OPERATIONS LLC,1993-06-14,BLUEGRASS HEALTH KY,748,15,2.9,3.3,1.5,3.2,N,NA,N,N,N,Resident,Yes,4,NA,4,NA,3,NA,3,NA,3,NA,2,NA,NA,NA,2.33011,0.65445,0.59804,1.25249,3.5826,3.14353,0.35839,0.0383,30,NA,25,NA,0,NA,1.88405,1.35379,3.15695,1.16468,0.91965,5.24128,4.64972,1.70917,0.48005,0.43867,2.62789,2.30582,2025-11-20,1,1,0,4,1,0,4,2023-01-06,4,4,0,16,1,0,16,7,NA,0,0,0,0,"62 Maude Road,Inez,KY,41224",37.8695,-82.526,NA,2026-06-01
185381,Signature Healthcare of Hart County Rehab & Wellne,1505 South Dixie Street,Horse Cave,KY,42749,2707862200,490,Hart,N,For profit - Corporation,104,96.1,NA,Medicare and Medicaid,N,LP HORSE CAVE LLC,1993-07-16,SIGNATURE HEALTHCARE,474,68,3.1,2.9,2.6,3.9,N,NA,N,N,N,Resident,Yes,4,NA,4,NA,4,NA,4,NA,5,NA,2,NA,NA,NA,2.2858,0.66922,0.81146,1.48068,3.76649,3.15271,0.42902,0.04305,48.9,NA,43.8,NA,0,NA,1.77003,1.27186,2.9659,1.0942,0.86399,4.9241,4.36833,1.78467,0.5225,0.63356,2.94073,2.46152,2026-03-13,0,0,0,0,0,0,0,2024-11-01,2,2,0,16,1,0,16,4,NA,0,0,0,0,"1505 South Dixie Street,Horse Cave,KY,42749",37.1602,-85.923,NA,2026-06-01
185382,COUNTRYSIDE CENTER FOR REHABILITATION AND NURSING,47 MARGO AVENUE,BARDWELL,KY,42023,2706285424,190,Carlisle,Y,For profit - Limited Liability company,53,50.8,NA,Medicare and Medicaid,N,"COUNTRYSIDE CENTER FOR REHABILITATION AND NURSING, LLC",1993-08-06,SIMCHA HYMAN & NAFTALI ZANZIPER,580,85,2.6,2.7,2.4,3.4,N,NA,N,N,N,Resident,Yes,4,NA,4,NA,3,NA,2,NA,3,NA,2,NA,NA,NA,2.11942,0.67105,0.50919,1.18024,3.29966,2.72952,0.23568,0.03081,50.9,NA,0,NA,0,NA,1.46676,1.05394,2.45773,0.90672,0.71596,4.08041,3.61987,1.99691,0.63226,0.47975,3.10892,2.57175,2026-02-19,1,1,0,4,1,0,4,2025-01-30,4,4,0,32,1,0,32,11,NA,0,0,0,0,"47 MARGO AVENUE,BARDWELL,KY,42023",36.8806,-89.007,NA,2026-06-01
185383,HIGHLANDSPRING OF FT THOMAS,960 Highland Avenue,Fort Thomas,KY,41075,8595720660,180,Campbell,Y,For profit - Corporation,140,134.1,NA,Medicare and Medicaid,N,HIGHLANDSPRING HEALTH CARE AND REHABILITATION LLC,1993-10-29,CARESPRING,111,16,4.3,3.6,2.6,4.9,N,NA,N,N,N,Resident,Yes,4,NA,3,NA,5,NA,5,NA,4,NA,3,NA,NA,NA,2.74671,0.58017,0.84069,1.42086,4.16757,3.4021,0.58136,0.09837,52.3,NA,34.8,NA,0,NA,1.71266,1.23064,2.86978,1.05873,0.83599,4.7645,4.22675,2.21636,0.46815,0.67837,3.36288,2.74521,2026-02-11,3,3,0,20,1,0,20,2024-12-06,5,5,0,28,1,0,28,22,NA,0,0,0,0,"960 Highland Avenue,Fort Thomas,KY,41075",39.0731,-84.466,NA,2026-06-01
185384,Berea Health and Rehabilitation,601 Richmond Road,Berea,KY,40403,8599864710,750,Madison,N,For profit - Partnership,84,77.8,NA,Medicare and Medicaid,N,BEREA HEALTHCARE LLC,1993-09-28,BLUEGRASS HEALTH KY,748,15,2.9,3.3,1.5,3.2,N,NA,N,N,N,Resident,Yes,4,NA,4,NA,5,NA,4,NA,5,NA,1,NA,NA,NA,2.34461,0.95302,0.51463,1.46765,3.81226,3.14719,0.3317,0.03532,61.5,NA,90,NA,0,NA,1.7109,1.22937,2.86682,1.05764,0.83513,4.75959,4.22239,1.89386,0.7698,0.4157,3.07935,2.54214,2025-04-10,0,0,0,0,0,0,0,2024-04-05,2,0,2,40,0,0,40,10,NA,2,16801,0,2,"601 Richmond Road,Berea,KY,40403",37.598,-84.283,NA,2026-06-01
185388,Sam Swope Care Center,240 Masonic Home Drive,Masonic Home,KY,40041,5028974907,550,Jefferson,Y,Non profit - Corporation,136,129.8,NA,Medicare and Medicaid,N,MASONIC HOMES OF LOUISVILLE LLC,1993-11-08,NA,NA,NA,NA,NA,NA,NA,Y,NA,N,N,N,Resident,Yes,2,NA,2,NA,4,NA,5,NA,4,NA,4,NA,NA,NA,3.02401,1.36805,0.65073,2.01878,5.04279,4.52784,0.51633,0.11086,45.1,NA,43.3,NA,0,NA,1.36862,0.98342,2.29329,0.84605,0.66806,3.8074,3.37767,3.05352,1.3814,0.65708,5.092,4.57202,2026-02-12,0,0,0,0,0,0,0,2024-08-16,9,9,2,132,1,0,132,33,NA,2,14859,0,2,"240 Masonic Home Drive,Masonic Home,KY,40041",38.2536,-85.662,NA,2026-06-01
185389,Edgemont Healthcare,323 Webster Avenue,Cynthiana,KY,41031,8592344595,480,Harrison,N,For profit - Limited Liability company,68,66.6,NA,Medicare and Medicaid,N,EDGEMONT HEALTHCARE INC,1993-12-14,NA,NA,NA,NA,NA,NA,NA,N,NA,Y,N,N,Resident,Yes,1,NA,1,NA,1,NA,1,NA,NA,2,3,NA,NA,NA,2.34926,0.38902,0.65551,1.04453,3.39379,3.04501,0.36076,0.00478,96.2,NA,100,NA,1,NA,1.10203,0.79187,1.8466,0.68126,0.53793,3.06578,2.71976,2.94602,0.48784,0.82202,4.25588,3.81851,2025-07-25,19,18,3,180,1,0,180,2021-03-25,3,3,0,16,1,0,16,139,NA,1,133225,1,2,"323 Webster Avenue,Cynthiana,KY,41031",38.3825,-84.292,NA,2026-06-01
185392,Woodland Oaks,1820 Oakview Road,Ashland,KY,41101,6063255200,090,Boyd,Y,For profit - Corporation,110,105.3,NA,Medicare and Medicaid,N,"WOODLAND OAKS OPERATIONS, LLC",1994-01-25,BLUEGRASS HEALTH KY,748,15,2.9,3.3,1.5,3.2,N,NA,N,N,N,Resident,Yes,1,NA,3,NA,1,NA,2,NA,1,NA,1,NA,NA,NA,2.12992,0.98349,0.56529,1.54878,3.6787,3.24258,0.28586,0.0475,54,NA,63.2,NA,0,NA,1.70517,1.22525,2.85722,1.0541,0.83233,4.74365,4.20825,1.72622,0.79708,0.45814,2.98145,2.62799,2025-04-17,3,3,0,28,1,0,28,2019-11-14,2,1,1,12,1,0,12,24,NA,0,0,0,0,"1820 Oakview Road,Ashland,KY,41101",38.4684,-82.648,NA,2026-06-01
185394,ST ELIZABETH EDGEWOOD SNF,1 Medical Village Drive,Edgewood,KY,41017,8593019980,580,Kenton,Y,Non profit - Corporation,30,22.2,NA,Medicare,Y,"ST ELIZABETH MEDICAL CENTER, INC",1994-01-27,NA,NA,NA,NA,NA,NA,NA,N,NA,N,N,N,None,Yes,5,NA,4,NA,5,NA,NA,2,5,NA,5,NA,NA,NA,3.21819,1.00631,4.68345,5.68977,8.90795,7.81053,3.87695,0,37,NA,25,NA,0,NA,1.51538,1.08888,2.5392,0.93677,0.73969,4.21567,3.73986,2.93488,0.91772,4.27115,8.12376,7.12295,2026-02-12,1,1,0,16,1,0,16,2025-01-09,1,1,0,4,1,0,4,13,NA,0,0,0,0,"1 Medical Village Drive,Edgewood,KY,41017",39.0079,-84.565,NA,2026-06-01
185396,The Transitional Care Center of Owensboro,1201 Pleasant Valley Road,Owensboro,KY,42303,2706882000,290,Daviess,Y,Non profit - Corporation,30,13.3,NA,Medicare,Y,"OWENSBORO HEALTH, INC",1994-03-10,NA,NA,NA,NA,NA,NA,NA,N,NA,N,N,N,Resident,Yes,5,NA,5,NA,5,NA,NA,2,5,NA,1,25,25,6,NA,NA,NA,NA,NA,NA,NA,NA,NA,26,NA,26,NA,26,NA,NA,NA,NA,NA,NA,NA,NA,NA,NA,NA,NA,2025-09-18,0,0,0,0,0,0,0,2023-10-05,1,1,0,8,1,0,8,2,NA,0,0,0,0,"1201 Pleasant Valley Road,Owensboro,KY,42303",37.7731,-87.066,NA,2026-06-01
185399,Heartland Villa Nursing And Rehabilitation Center,8005 US Highway 60 West,Lewisport,KY,42351,2702956756,450,Hancock,N,For profit - Limited Liability company,45,41.7,NA,Medicare and Medicaid,N,HEARTLAND VILLA HEALTH CENTER LLC,1994-12-13,ENCORE HEALTH PARTNERS,697,12,3.3,3.3,2,3.5,N,NA,N,N,N,None,Yes,4,NA,4,NA,3,NA,5,NA,1,NA,2,NA,NA,NA,2.1034,0.56772,0.56009,1.12781,3.23121,2.71304,0.40428,0.03846,44.9,NA,58.3,NA,0,NA,1.59215,1.14405,2.66785,0.98424,0.77717,4.42926,3.92935,1.82573,0.49278,0.48615,2.80466,2.35489,2026-01-15,0,0,0,0,0,0,0,2024-09-06,2,1,1,24,1,0,24,6,NA,1,8788,0,1,"8005 US Highway 60 West,Lewisport,KY,42351",37.9257,-86.887,NA,2026-06-01
185400,Elkton Nursing and Rehabilitation Center,506 Allensville Road,Elkton,KY,42220,2702655321,982,Todd,N,For profit - Individual,60,54.9,NA,Medicare and Medicaid,N,Legal Business Name Not Available,1994-06-29,NA,NA,NA,NA,NA,NA,NA,N,NA,N,N,N,Resident,Yes,1,NA,2,NA,1,NA,1,NA,1,NA,1,NA,NA,NA,2.07949,0.73502,0.33508,1.0701,3.14959,2.91071,0.37162,0.09468,62.9,NA,71.4,NA,1,NA,1.46869,1.05533,2.46098,0.90792,0.71691,4.0858,3.62465,1.95671,0.69162,0.31529,2.96362,2.73884,2025-07-25,3,3,1,20,1,0,20,2024-09-12,8,7,1,52,1,0,52,28,NA,7,30641,1,8,"506 Allensville Road,Elkton,KY,42220",36.7929,-87.149,NA,2026-06-01
185401,EDMONSON NURSING AND REHABILITATION CENTER,813 South Main Street,Brownsville,KY,42210,2705972335,291,Edmonson,Y,For profit - Corporation,74,70.2,NA,Medicare and Medicaid,N,EDMONSON HEALTH CENTER LLC,1994-11-22,ENCORE HEALTH PARTNERS,697,12,3.3,3.3,2,3.5,N,NA,N,N,N,Resident,Yes,5,NA,5,NA,4,NA,4,NA,3,NA,3,NA,NA,NA,2.26199,1.00368,0.56352,1.56719,3.82919,3.37821,0.20855,0.02299,37.5,NA,12.5,NA,1,NA,1.45033,1.04214,2.4302,0.89656,0.70794,4.0347,3.57932,2.15539,0.95638,0.53696,3.64872,3.219,2026-03-26,0,0,0,0,0,0,0,2025-05-01,0,0,0,0,0,0,0,0,NA,0,0,0,0,"813 South Main Street,Brownsville,KY,42210",37.1909,-86.258,NA,2026-06-01
185402,Henderson Nursing and Rehabilitation Center,2500 North Elm Street,Henderson,KY,42420,2708269794,500,Henderson,N,For profit - Corporation,90,79.2,NA,Medicare and Medicaid,N,HENDERSON OPCO LLC,1991-12-01,BENJAMIN LANDA,646,49,3.4,3.4,2.3,3.5,N,NA,N,N,N,Resident,Yes,2,NA,3,NA,3,NA,4,NA,2,NA,1,NA,NA,NA,2.23709,0.49375,0.46107,0.95482,3.19191,2.69447,0.19825,0.0627,37.8,NA,53.8,NA,1,NA,1.58196,1.13672,2.65078,0.97794,0.77219,4.40091,3.90419,1.95428,0.43133,0.40278,2.78839,2.35384,2025-05-16,4,4,1,16,1,0,16,2021-04-30,5,5,0,28,1,0,28,19,NA,0,0,0,0,"2500 North Elm Street,Henderson,KY,42420",37.8725,-87.571,NA,2026-06-01
185407,LAKE CUMBERLAND REGIONAL HOSPITAL SCU,305 Langdon Street,Somerset,KY,42503,6066783323,972,Pulaski,N,For profit - Corporation,12,10.1,NA,Medicare,Y,LAKE CUMBERLAND REGIONAL HOSPITAL LLC,1995-04-27,LIFEPOINT HEALTH,787,8,3.9,4.1,3,3.1,N,NA,N,N,N,None,Yes,5,NA,5,NA,2,NA,NA,2,2,NA,4,NA,NA,NA,1.16154,0.29086,3.54759,3.83845,4.99999,3.96856,2.74392,0.0652,100,NA,100,NA,NA,27,1.479,1.06274,2.47825,0.91429,0.72194,4.11447,3.65009,1.08534,0.27178,3.31486,4.67197,3.70821,2025-01-09,0,0,0,0,0,0,0,2023-10-19,1,1,0,4,1,0,4,1,NA,0,0,0,0,"305 Langdon Street,Somerset,KY,42503",37.0868,-84.618,NA,2026-06-01
185408,Liberty Care & Rehabilitation Center,616 S Wallace Wilkinson Boulevard,Liberty,KY,42539,6067876889,220,Casey,N,For profit - Limited Liability company,97,81.6,NA,Medicare and Medicaid,N,"LP LIBERTY, LLC",1995-06-02,SIGNATURE HEALTHCARE,474,68,3.1,2.9,2.6,3.9,N,NA,N,N,N,Resident,Yes,1,NA,1,NA,3,NA,5,NA,2,NA,2,NA,NA,NA,2.21094,0.65749,0.73291,1.3904,3.60133,3.00831,0.36239,0.10643,61.1,NA,50,NA,0,NA,1.46168,1.05029,2.44922,0.90358,0.71348,4.06628,3.60734,2.09037,0.62163,0.69294,3.40495,2.84427,2025-07-09,2,2,0,12,1,0,12,2024-06-14,14,10,7,330,1,0,330,91.5,NA,3,65196,1,4,"616 S Wallace Wilkinson Boulevard,Liberty,KY,42539",37.3096,-84.942,NA,2026-06-01
185409,Crestview Healthcare and Rehabilitation,1871 Midland Trail,Shelbyville,KY,40065,5026332454,978,Shelby,Y,For profit - Limited Liability company,58,54.3,NA,Medicare and Medicaid,N,SHELBYVILLE KY OPCO LLC,1995-05-05,SIMCHA HYMAN & NAFTALI ZANZIPER,580,85,2.6,2.7,2.4,3.4,N,NA,N,N,N,Resident,Yes,5,NA,5,NA,5,NA,4,NA,5,NA,3,NA,NA,NA,2.12996,0.50602,0.78073,1.28675,3.41671,3.01688,0.28564,0.09508,41.5,NA,54.5,NA,0,NA,1.38811,0.99743,2.32596,0.8581,0.67757,3.86163,3.42579,2.12054,0.50378,0.77728,3.4016,3.00353,2025-12-17,0,0,0,0,0,0,0,2024-10-03,1,1,0,4,1,0,4,1,NA,0,0,0,0,"1871 Midland Trail,Shelbyville,KY,40065",38.213,-85.256,NA,2026-06-01
185410,River's Bend Retirement Community,300 Beech Street,Kuttawa,KY,42055,2703882868,710,Lyon,N,Non profit - Corporation,40,37.2,NA,Medicare and Medicaid,N,"RBRC, INC.",1995-06-29,NA,NA,NA,NA,NA,NA,NA,Y,NA,N,N,N,Resident,Yes,4,NA,4,NA,2,NA,2,NA,3,NA,3,NA,NA,NA,2.27001,0.64436,0.64215,1.2865,3.55651,3.13367,0.33639,0.08784,61.2,NA,66.7,NA,2,NA,1.24644,0.89564,2.08857,0.77053,0.60842,3.46752,3.07615,2.51683,0.71442,0.71197,3.94322,3.47441,2025-11-17,2,2,0,4,1,0,4,2023-09-08,3,2,1,12,1,0,12,6,0,0,0,0,0,"300 Beech Street,Kuttawa,KY,42055",37.0636,-88.131,NA,2026-06-01
185414,Mountain Manor of Paintsville,1025 Euclid Avenue,Paintsville,KY,41240,6067895808,570,Johnson,N,For profit - Limited Liability company,126,112.7,NA,Medicare and Medicaid,N,"PAINTSVILLE INVESTORS, LLC",1995-09-19,NA,NA,NA,NA,NA,NA,NA,N,NA,N,N,N,Resident,Yes,1,NA,2,NA,1,NA,2,NA,1,NA,3,NA,NA,NA,2.62391,0.64578,0.52156,1.16734,3.79125,3.06508,0.28904,0.06673,36.7,NA,40,NA,1,NA,1.41434,1.01628,2.3699,0.87431,0.69037,3.93458,3.4905,2.56387,0.631,0.50962,3.70449,2.99494,2025-07-31,9,9,2,36,1,0,36,2021-11-04,1,1,0,4,1,0,4,28,NA,0,0,0,0,"1025 Euclid Avenue,Paintsville,KY,41240",37.8172,-82.786,NA,2026-06-01
185415,Elliott Nursing and Rehabilitation,20 Howards Creek Road,Sandy Hook,KY,41171,6067389400,310,Elliott,N,For profit - Limited Liability company,75,70.3,NA,Medicare and Medicaid,N,ELLIOTT NURSING AND REHABILITATION LLC,1995-12-01,DAVID MARX,179,10,2.8,2.7,2,3.6,N,NA,N,N,N,Resident,Yes,5,NA,4,NA,5,NA,5,NA,NA,2,2,NA,NA,NA,1.87884,0.64472,0.54536,1.19008,3.06892,2.68998,0.34029,0.06153,45.5,NA,22.2,NA,0,NA,1.68813,1.21301,2.82867,1.04357,0.82402,4.69626,4.16621,1.5381,0.5278,0.44645,2.51235,2.20213,2026-04-09,4,4,0,12,1,0,12,2025-04-10,3,2,1,16,1,0,16,13,NA,1,12844,1,2,"20 Howards Creek Road,Sandy Hook,KY,41171",38.0728,-83.127,NA,2026-06-01
185418,Boyd Nursing and Rehabilitation,12100 Princeland Spur,Ashland,KY,41102,6069282963,090,Boyd,Y,For profit - Limited Liability company,60,56.5,NA,Medicare and Medicaid,N,BOYD NURSING AND REHABILITATION LLC,1995-11-16,DAVID MARX,179,10,2.8,2.7,2,3.6,N,NA,N,N,N,Resident,Yes,2,NA,2,NA,3,NA,5,NA,2,NA,2,NA,NA,NA,2.17258,0.7206,0.60959,1.33019,3.50277,2.90611,0.35682,0.05198,47.1,NA,50,NA,0,NA,1.53698,1.1044,2.57539,0.95013,0.75024,4.27576,3.79317,1.95348,0.64793,0.54811,3.14952,2.61303,2025-11-21,4,4,0,32,1,0,32,2024-10-25,3,1,2,16,1,0,16,28,NA,0,0,0,0,"12100 Princeland Spur,Ashland,KY,41102",38.3849,-82.75,NA,2026-06-01
185419,Christian Health Center,1800 Westen Avenue,Bowling Green,KY,42104,2707966643,986,Warren,Y,Non profit - Corporation,45,40.4,NA,Medicare and Medicaid,N,"CHRISTIAN CARE COMMUNITIES, INC",1996-01-19,CHRISTIAN CARE COMMUNITIES,142,5,2.8,2.8,3.4,3.6,Y,NA,N,N,N,Resident,Yes,4,NA,4,NA,3,NA,3,NA,3,NA,4,NA,NA,NA,3.55829,1.18095,0.50472,1.68567,5.24395,4.85649,0.31642,0.096,62.5,NA,50,NA,1,NA,1.34414,0.96584,2.25227,0.83092,0.65611,3.7393,3.31726,3.65844,1.21419,0.51893,5.39155,4.99319,2026-01-15,2,2,2,8,1,0,8,2024-08-23,1,1,0,4,1,0,4,7,NA,0,0,0,0,"1800 Westen Avenue,Bowling Green,KY,42104",36.963,-86.449,NA,2026-06-01
185423,Menifee Meadows Nursing & Rehab LLC,195 Berryman Road,Frenchburg,KY,40322,6067689001,802,Menifee,N,Non profit - Corporation,60,52.9,NA,Medicare and Medicaid,N,MENIFEE COUNTY NURSING HOME CORPORATION,1996-05-14,NA,NA,NA,NA,NA,NA,NA,N,NA,N,N,N,Resident,Yes,2,NA,2,NA,2,NA,2,NA,NA,2,3,NA,NA,NA,2.60775,0.77479,0.43075,1.20554,3.8133,3.60688,0.29042,0.20518,54.4,NA,57.1,NA,NA,26,1.18108,0.84867,1.97905,0.73012,0.57651,3.2856900000000002,2.91484,3.05131,0.90658,0.50402,4.4619,4.22038,2024-12-20,1,1,0,8,1,0,8,2020-01-09,14,6,8,92,1,0,92,29,NA,0,0,0,0,"195 Berryman Road,Frenchburg,KY,40322",37.9224,-83.622,NA,2026-06-01
185427,Baptist Health Hardin,913 North Dixie Avenue,Elizabethtown,KY,42701,2707371212,460,Hardin,Y,Non profit - Corporation,15,11.6,NA,Medicare,N,BAPTIST HEALTHCARE SYSTEM INC,1996-08-22,NA,NA,NA,NA,NA,NA,NA,N,NA,N,N,N,Resident,Yes,5,NA,5,NA,5,NA,NA,2,5,NA,5,NA,NA,NA,3.06473,0.41417,4.60976,5.02392,8.08865,7.54138,4.03534,0.29831,46.2,NA,40,NA,NA,26,1.33608,0.96005,2.23877,0.82594,0.65217,3.71689,3.29738,3.16999,0.42839,4.76809,8.36647,7.80041,2025-12-23,1,1,1,4,1,0,4,2022-08-25,0,0,0,0,0,0,0,3,NA,0,0,0,0,"913 North Dixie Avenue,Elizabethtown,KY,42701",37.7834,-85.91,NA,2026-06-01
185433,Tri Cities Rehabilitation and Healthcare Center,19101 US Highway 119 North,Cumberland,KY,40823,6065895421,470,Harlan,N,For profit - Corporation,85,64.4,NA,Medicare and Medicaid,N,Legal Business Name Not Available,1997-03-06,PRINCIPLE LONG TERM CARE,423,44,3.1,3,3,3.4,N,NA,N,N,N,Resident,Yes,2,NA,2,NA,2,NA,2,NA,2,NA,4,NA,NA,NA,2.50477,0.60208,0.69559,1.29766,3.80243,3.52569,0.50224,0.08377,41.1,NA,11.1,NA,0,NA,1.47596,1.06056,2.47316,0.91241,0.72045,4.10602,3.64259,2.34527,0.56374,0.65129,3.5603,3.30118,2024-10-10,11,11,0,108,1,0,108,2019-07-11,1,1,0,4,1,0,4,82,NA,1,5346,0,1,"19101 US Highway 119 North,Cumberland,KY,40823",36.9672,-83.03,NA,2026-06-01
185434,The Heritage Nursing and Rehabilitation Facility,192 Bacon Creek Road,Corbin,KY,40702,6065261900,990,Whitley,N,For profit - Corporation,85,81,NA,Medicare and Medicaid,N,WHITLEY OPERATIONS LLC,1997-04-18,BLUEGRASS HEALTH KY,748,15,2.9,3.3,1.5,3.2,N,NA,N,N,N,Resident,Yes,5,NA,4,NA,5,NA,4,NA,5,NA,2,NA,NA,NA,2.35727,0.85066,0.7023,1.55296,3.91023,3.30639,0.47177,0.06195,53,NA,42.9,NA,0,NA,1.7805,1.27939,2.98346,1.10067,0.86911,4.95323,4.39418,1.82965,0.66025,0.54511,3.035,2.56632,2025-04-30,2,2,1,8,1,0,8,2021-10-29,4,4,0,24,1,0,24,12,NA,0,0,0,0,"192 Bacon Creek Road,Corbin,KY,40702",36.9171,-84.118,NA,2026-06-01
185435,Magnolia Village Nursing and Rehabilitation Center,1381 Campbell Lane,Bowling Green,KY,42104,2708430587,986,Warren,Y,For profit - Limited Liability company,60,57,NA,Medicare and Medicaid,N,MAGNOLIA VILLAGE HEALTH CENTER LLC,1997-06-19,ENCORE HEALTH PARTNERS,697,12,3.3,3.3,2,3.5,N,NA,N,N,N,None,Yes,5,NA,5,NA,4,NA,4,NA,3,NA,2,NA,NA,NA,2.14897,0.51575,0.72384,1.2396,3.38857,3.16407,0.27822,0.01446,42.9,NA,40,NA,0,NA,1.7869,1.28398,2.99417,1.10462,0.87223,4.97102,4.40996,1.662,0.39888,0.55982,2.62069,2.44707,2025-06-26,0,0,0,0,0,0,0,2021-04-20,1,0,1,4,0,0,4,1,NA,0,0,0,0,"1381 Campbell Lane,Bowling Green,KY,42104",36.9539,-86.444,NA,2026-06-01
185436,Wellington Parc of Owensboro,2885 New Hartford Road,Owensboro,KY,42303,2706852374,290,Daviess,Y,For profit - Limited Liability company,80,66.9,NA,Medicare and Medicaid,N,"WELLINGTON PARC HEALTH SYSTEMS, INC.",1997-06-11,NA,NA,NA,NA,NA,NA,NA,N,NA,N,N,N,Both,Yes,4,NA,4,NA,2,NA,2,NA,NA,2,2,NA,NA,NA,2.75372,0.3335,0.61353,0.94704,3.70076,3.18065,0.47978,0.01854,NA,26,NA,26,NA,26,1.26908,0.9119,2.1265,0.78452,0.61947,3.53049,3.13202,2.99868,0.36317,0.66811,4.02996,3.46359,2026-02-06,1,1,0,4,1,0,4,2024-10-11,1,1,0,4,1,0,4,4,NA,0,0,0,0,"2885 New Hartford Road,Owensboro,KY,42303",37.7476,-87.097,NA,2026-06-01
185437,Village of Lebanon,105 Village Way,Lebanon,KY,40033,2706929000,770,Marion,N,For profit - Partnership,54,52.8,NA,Medicare and Medicaid,N,Legal Business Name Not Available,1997-10-02,NA,NA,NA,NA,NA,NA,NA,Y,NA,N,N,N,Resident,Yes,2,NA,3,NA,1,NA,1,NA,1,NA,2,NA,NA,NA,2.46977,1.169,0.36282,1.53182,4.0016,3.65858,0.32092,0.11492,42,NA,55.6,NA,1,NA,1.58807,1.14111,2.66101,0.98171,0.77518,4.4179,3.91927,2.14925,1.01729,0.31573,3.48228,3.18378,2025-08-15,4,4,0,16,1,0,16,2022-04-21,5,5,0,20,1,0,20,17,NA,8,45335,0,8,"105 Village Way,Lebanon,KY,40033",37.5615,-85.269,NA,2026-06-01
185438,Richwood Nursing & Rehab,1012 Richwood Way,La Grange,KY,40031,5022223186,920,Oldham,Y,For profit - Limited Liability company,120,105.1,NA,Medicare and Medicaid,N,RICHWOODIDENCE OPCO LLC,1998-01-12,PACS GROUP,690,280,3,2.5,2.4,4.3,N,NA,N,N,N,Resident,Yes,3,NA,2,NA,5,NA,5,NA,4,NA,2,NA,NA,NA,2.32699,1.38701,0.72559,2.11261,4.4396,4.06877,0.74583,0.05283,48.9,NA,44.4,NA,0,NA,1.98646,1.42738,3.32857,1.22799,0.96964,5.5262,4.90248,1.61888,0.96494,0.50479,3.08861,2.83062,2025-03-13,7,7,0,32,1,0,32,2019-07-26,2,1,1,24,1,0,24,30,NA,1,8788,0,1,"1012 Richwood Way,La Grange,KY,40031",38.3939,-85.371,NA,2026-06-01
185440,Village Care Center,2990 Riggs Avenue,Erlanger,KY,41018,8597279330,580,Kenton,Y,For profit - Corporation,100,86.1,NA,Medicare and Medicaid,N,"BAPTIST CONVALESCENT CENTER, INC.",1999-10-05,NA,NA,NA,NA,NA,NA,NA,N,NA,N,N,N,Resident,Yes,4,NA,4,NA,4,NA,4,NA,4,NA,3,NA,NA,NA,2.51327,1.1648,0.78355,1.94835,4.46162,3.91645,0.50928,0.05534,NA,26,NA,26,NA,26,1.33994,0.96281,2.24523,0.82832,0.65406,3.7276,3.30688,2.59211,1.20135,0.80813,4.60159,4.03932,2025-11-19,3,2,1,12,1,0,12,2023-11-17,3,0,3,16,0,0,16,13,0,0,0,0,0,"2990 Riggs Avenue,Erlanger,KY,41018",39.0308,-84.594,NA,2026-06-01
185442,Nazareth Home Clifton,2120 Payne Street,Louisville,KY,40206,5028959425,550,Jefferson,Y,Non profit - Corporation,113,105.2,NA,Medicare and Medicaid,N,NAZARETH HOME INC,2000-01-28,NA,NA,NA,NA,NA,NA,NA,N,NA,N,N,N,Resident,Yes,5,NA,4,NA,5,NA,5,NA,5,NA,4,NA,NA,NA,2.62268,1.12328,0.8901,2.01338,4.63606,4.25956,0.67017,0.05447,47.8,NA,25,NA,1,NA,1.3946,1.0021,2.33683,0.86211,0.68074,3.87968,3.4418,2.59893,1.11311,0.88203,4.59408,4.22099,2025-05-08,1,1,0,4,1,0,4,2020-01-16,7,0,7,28,0,0,28,10,NA,0,0,0,0,"2120 Payne Street,Louisville,KY,40206",38.2525,-85.707,NA,2026-06-01
185443,Kensington Nursing and Rehabilitation Center,225 Saint John Road,Elizabethtown,KY,42701,2707693314,460,Hardin,Y,For profit - Limited Liability company,82,76.5,NA,Medicare and Medicaid,N,KENSINGTON HEALTH CENTER LLC,2000-04-05,ENCORE HEALTH PARTNERS,697,12,3.3,3.3,2,3.5,N,NA,N,N,N,Resident,Yes,1,NA,2,NA,3,NA,4,NA,2,NA,1,NA,NA,NA,1.88827,0.82741,0.74859,1.57599,3.46427,3.03693,0.79237,0.05798,62.5,NA,50,NA,2,NA,1.66808,1.19861,2.79508,1.03118,0.81423,4.64049,4.1167299999999996,1.5644,0.68549,0.62019,2.87008,2.51604,2025-03-26,2,2,0,20,1,0,20,2019-10-18,17,17,0,104,1,0,104,41,NA,0,0,0,0,"225 Saint John Road,Elizabethtown,KY,42701",37.7035,-85.872,NA,2026-06-01
185444,CAMBRIDGE NURSING & REHABILITATION CENTER,2020 CAMBRIDGE DRIVE,LEXINGTON,KY,40504,8592526747,330,Fayette,Y,For profit - Limited Liability company,108,105.6,NA,Medicare and Medicaid,N,CAMBRIDGE OPERATIONS LLC,2000-03-09,BLUEGRASS HEALTH KY,748,15,2.9,3.3,1.5,3.2,N,NA,N,N,N,Resident,Yes,1,NA,2,NA,4,NA,5,NA,3,NA,1,NA,NA,NA,2.31101,0.89386,0.39061,1.28446,3.59547,3.0395,0.25924,0.04927,52.6,NA,53.3,NA,1,NA,1.69295,1.21647,2.83675,1.04655,0.82637,4.70966,4.1781,1.8865,0.72966,0.31886,2.93502,2.48118,2026-02-19,5,5,2,52,1,0,52,2025-05-08,2,0,2,12,0,0,12,42,2,0,0,0,0,"2020 CAMBRIDGE DRIVE,LEXINGTON,KY,40504",38.0532,-84.549,NA,2026-06-01
185445,Woodcrest Nursing and Rehabilitation Center,3876 Turkeyfoot Road,Elsmere,KY,41018,8593428775,580,Kenton,Y,For profit - Corporation,127,113.7,NA,Medicare and Medicaid,N,WOODCREST OPERATING COMPANY LLC,2000-07-20,BENJAMIN LANDA,646,49,3.4,3.4,2.3,3.5,N,NA,N,N,N,Resident,Yes,4,NA,4,NA,3,NA,2,NA,3,NA,2,NA,NA,NA,2.1757,1.05426,0.42487,1.47913,3.65483,3.18936,0.26762,0.0475,39.3,NA,50,NA,0,NA,1.49183,1.07196,2.49974,0.92222,0.7282,4.15015,3.68174,2.01549,0.97663,0.39358,3.3857,2.95451,2025-05-22,2,2,0,20,1,0,20,2020-02-20,0,0,0,0,0,0,0,15,NA,0,0,0,0,"3876 Turkeyfoot Road,Elsmere,KY,41018",38.9809,-84.591,NA,2026-06-01
185446,Bluegrass Care & Rehabilitation Center,3576 Pimlico Parkway,Lexington,KY,40517,8592720608,330,Fayette,Y,For profit - Corporation,124,111.1,NA,Medicare and Medicaid,N,"LP LEXINGTON PIMLICO, LLC",2000-09-22,SIGNATURE HEALTHCARE,474,68,3.1,2.9,2.6,3.9,N,NA,N,N,N,Resident,Yes,4,NA,4,NA,4,NA,5,NA,4,NA,2,NA,NA,NA,1.90528,0.72068,0.60334,1.32403,3.22931,2.8364,0.33087,0.09002,46.4,NA,50,NA,1,NA,1.47462,1.0596,2.47092,0.91158,0.7198,4.1023,3.63929,1.78557,0.6754,0.56544,3.02641,2.65819,2025-07-25,3,3,0,12,1,0,12,2024-08-30,5,5,1,24,1,0,24,15,NA,0,0,0,0,"3576 Pimlico Parkway,Lexington,KY,40517",37.9798,-84.472,NA,2026-06-01
185447,VILLASPRING OF ERLANGER,4220 HOUSTON ROAD,ERLANGER,KY,41018,8597276700,580,Kenton,Y,For profit - Corporation,140,126.8,NA,Medicare and Medicaid,N,VILLASPRING HEALTH CARE CENTER LLC,2000-11-03,CARESPRING,111,16,4.3,3.6,2.6,4.9,N,NA,N,N,N,Resident,Yes,3,NA,2,NA,5,NA,5,NA,3,NA,3,NA,NA,NA,2.55344,0.86448,0.57688,1.44136,3.9948,3.54417,0.36191,0.13215,43.7,NA,26.3,NA,0,NA,1.62014,1.16416,2.71475,1.00154,0.79083,4.50712,3.99841,2.17808,0.73740000000000006,0.49208,3.40755,3.02317,2025-09-11,5,5,0,44,1,0,44,2024-10-11,1,1,0,8,1,0,8,35,NA,0,0,0,0,"4220 HOUSTON ROAD,ERLANGER,KY,41018",39.0256,-84.622,NA,2026-06-01
185449,Kingsbrook Lifecare Center,2500 State Route 5,Ashland,KY,41102,6063241414,090,Boyd,Y,Non profit - Corporation,137,128.4,NA,Medicare and Medicaid,N,ASHLAND NURSING HOME CORPORATION,2002-07-11,NA,NA,NA,NA,NA,NA,NA,N,NA,N,N,N,Resident,Yes,4,NA,3,NA,3,NA,3,NA,2,NA,5,NA,NA,NA,3.03784,1.15645,0.8735,2.02995,5.06779,4.59969,0.59304,0.04447,22.1,NA,13,NA,0,NA,1.30982,0.94117,2.19476,0.8097,0.63935,3.64382,3.23255,3.20519,1.22016,0.92163,5.34697,4.85308,2025-06-05,3,3,1,20,1,0,20,2024-06-28,3,1,2,48,1,0,48,27,NA,2,11154,1,3,"2500 State Route 5,Ashland,KY,41102",38.4492,-82.707,NA,2026-06-01
185451,Telford Terrace,1025 Robert L Telford Drive,Richmond,KY,40475,8596265200,750,Madison,N,Non profit - Corporation,26,22,NA,Medicare,N,"MCCREADY MANOR, INC",2003-11-24,NA,NA,NA,NA,NA,NA,NA,Y,NA,N,Y,N,None,Yes,4,NA,3,NA,5,NA,5,NA,5,NA,4,NA,NA,NA,2.74205,1.39207,1.01871,2.41078,5.15283,4.27065,0.83825,0.06088,89.3,NA,NA,27,0,NA,1.34276,0.96485,2.24997,0.83007,0.65544,3.73547,3.31386,2.82212,1.43272,1.04846,5.30329,4.39536,2023-02-24,1,1,0,4,1,0,4,2022-01-15,6,6,0,90,1,0,90,25.5,NA,0,0,0,0,"1025 Robert L Telford Drive,Richmond,KY,40475",37.7634,-84.3,22,2026-06-01
185455,Valhalla Post Acute,300 Shelby Station Drive,Louisville,KY,40245,5022540009,550,Jefferson,Y,For profit - Limited Liability company,162,154.7,NA,Medicare and Medicaid,N,LAKE FOREST POST ACUTE LLC,2004-09-22,PACS GROUP,690,280,3,2.5,2.4,4.3,N,NA,N,N,N,Resident,Yes,2,NA,1,NA,5,NA,5,NA,5,NA,1,NA,NA,NA,2.46068,1.04893,0.52406,1.573,4.03368,3.66977,0.32172,0.1039,70.4,NA,51.9,NA,1,NA,1.81848,1.30667,3.04709,1.12415,0.88764,5.05888,4.4879,1.87002,0.79715,0.39827,3.06544,2.78888,2026-03-20,2,1,1,12,1,0,12,2025-05-14,11,2,9,140,2,70,210,61.5,NA,2,17963,0,2,"300 Shelby Station Drive,Louisville,KY,40245",38.2393,-85.49,NA,2026-06-01
185456,Seneca Place,3526 Dutchman's Lane,Louisville,KY,40205,5024526331,550,Jefferson,Y,For profit - Limited Liability company,122,112.6,NA,Medicare and Medicaid,N,SENECA PLACE LLC,2005-02-25,DAVID MARX,179,10,2.8,2.7,2,3.6,N,NA,N,N,N,Resident,Yes,4,NA,4,NA,4,NA,5,NA,2,NA,3,NA,NA,NA,1.61146,0.15146,1.4748000000000001,1.62627,3.23773,2.8579,1.14404,0.02543,42.5,NA,30,NA,0,NA,1.64325,1.18076,2.75347,1.01582,0.80211,4.5714,4.05544,1.35524,0.12738,1.24031,2.72294,2.4035,2025-07-04,2,1,1,8,1,0,8,2024-02-09,8,6,2,32,1,0,32,14,NA,0,0,0,0,"3526 Dutchman's Lane,Louisville,KY,40205",38.2243,-85.654,NA,2026-06-01
185461,Glen Ridge Health Campus,6415 Calm River Way,Louisville,KY,40299,5022978590,550,Jefferson,Y,For profit - Limited Liability company,70,60.7,NA,Medicare and Medicaid,N,"TRILOGY HEALTHCARE OF GLEN RIDGE, LLC",2006-07-17,TRILOGY HEALTH SERVICES,524,124,4.2,3.5,3.2,4.8,N,NA,N,N,N,None,Yes,4,NA,3,NA,5,NA,5,NA,5,NA,2,NA,NA,NA,1.71736,0.86327,1.14863,2.0119,3.72926,3.29112,0.82104,0.11436,57.1,NA,66.7,NA,0,NA,1.74159,1.25142,2.91825,1.07661,0.85011,4.84498,4.29814,1.36275,0.68502,0.91145,2.95922,2.61155,2025-06-05,5,3,2,24,1,0,24,2024-03-15,7,4,3,28,1,0,28,25,NA,0,0,0,0,"6415 Calm River Way,Louisville,KY,40299",38.1519,-85.55,NA,2026-06-01
185462,Park Terrace Health Campus,9700 Stonestreet Road,Louisville,KY,40272,5029956600,550,Jefferson,Y,For profit - Corporation,88,77.6,NA,Medicare and Medicaid,N,"TRILOGY HEALTHCARE OF LOUISVILLE SOUTHWEST, LLC",2006-08-31,TRILOGY HEALTH SERVICES,524,124,4.2,3.5,3.2,4.8,N,NA,N,N,N,Resident,Yes,4,NA,4,NA,4,NA,4,NA,5,NA,3,NA,NA,NA,1.95451,0.89627,0.81188,1.70815,3.66266,3.39732,0.37642,0.09687,41.6,NA,30.8,NA,0,NA,1.55679,1.11863,2.60859,0.96237,0.75991,4.33087,3.84206,1.73504,0.79563,0.72071,3.25137,3.01583,2025-07-19,2,2,1,8,1,0,8,2024-01-11,4,3,3,20,1,0,20,11,NA,0,0,0,0,"9700 Stonestreet Road,Louisville,KY,40272",38.1143,-85.838,NA,2026-06-01
185463,Lexington Premier Nursing & Rehab,2770 Palumbo Drive,Lexington,KY,40509,8592632410,330,Fayette,Y,For profit - Limited Liability company,120,113.1,NA,Medicare and Medicaid,N,Legal Business Name Not Available,2007-05-25,NA,NA,NA,NA,NA,NA,NA,N,NA,N,N,N,Resident,Yes,1,NA,1,NA,1,NA,1,NA,1,NA,1,NA,NA,NA,2.17063,1.11814,0.24795,1.36609,3.53672,3.25557,0.18884,0.03535,54.1,NA,78.9,NA,2,NA,1.3864,0.9962,2.32309,0.85705,0.67674,3.85687,3.42156,2.1637,1.11457,0.24716,3.52542,3.24517,2025-08-08,10,10,2,56,1,0,56,2023-01-28,30,17,13,504,1,0,504,168,NA,1,240331,1,2,"2770 Palumbo Drive,Lexington,KY,40509",38.0073,-84.436,NA,2026-06-01
185464,Green Meadows Health & Rehabilitation,310 Boxwood Run Road,Mount Washington,KY,40047,5025383500,140,Bullitt,Y,For profit - Limited Liability company,122,100.1,NA,Medicare and Medicaid,N,GREEN MEADOWS SNF OPERATIONS LLC,2009-07-22,BEDROCK HEALTHCARE,73,9,1.4,1.3,2,2.9,N,NA,N,N,N,Resident,Yes,2,NA,2,NA,3,NA,5,NA,1,NA,2,NA,NA,NA,1.81916,1.06111,0.38364,1.44474,3.2639,2.9853,0.33308,0.05338,28.8,NA,45.5,NA,1,NA,1.4744,1.05943,2.47054,0.91144,0.71969,4.10167,3.63873,1.70512,0.99459,0.35959,3.0593,2.79816,2024-10-25,7,7,0,68,1,0,68,2019-06-28,12,12,0,56,1,0,56,65,NA,0,0,0,0,"310 Boxwood Run Road,Mount Washington,KY,40047",38.0426,-85.562,NA,2026-06-01
185465,Breckinridge Place,170 Sykes Boulevard,Morganfield,KY,42437,2703891133,985,Union,N,Non profit - Corporation,24,22.8,NA,Medicare and Medicaid,N,BRECKINRIDGE SERVICES INC,2010-06-03,NA,NA,NA,NA,NA,NA,NA,Y,NA,N,N,N,Resident,Yes,5,NA,5,NA,3,NA,3,NA,NA,2,5,NA,NA,NA,3.38144,0.87154,0.91248,1.78401,5.16546,4.57981,0.67535,0.01261,38.2,NA,28.6,NA,0,NA,1.25924,0.90483,2.11002,0.77844,0.61467,3.50313,3.10774,3.71101,0.95648,1.00141,5.6689,5.02617,2025-08-28,0,0,0,0,0,0,0,2023-07-20,1,1,0,4,1,0,4,1,0,0,0,0,0,"170 Sykes Boulevard,Morganfield,KY,42437",37.6951,-87.865,NA,2026-06-01
185466,Westport Place Health Campus,4247 Westport Road,Louisville,KY,40207,5028933033,550,Jefferson,Y,For profit - Corporation,64,54.9,NA,Medicare and Medicaid,N,"TRILOGY HEALTHCARE OF LOUISVILLE EAST, LLC",2011-07-14,TRILOGY HEALTH SERVICES,524,124,4.2,3.5,3.2,4.8,N,NA,N,N,N,Resident,Yes,5,NA,4,NA,5,NA,5,NA,5,NA,4,NA,NA,NA,2.21254,0.7668,1.62952,2.39633,4.60887,3.9818,1.14273,0.12969,36.1,NA,17.6,NA,0,NA,1.64743,1.18377,2.76048,1.01841,0.80415,4.58304,4.06577,1.85602,0.64324,1.36695,3.86621,3.34018,2026-02-14,3,3,0,12,1,0,12,2025-05-01,1,1,1,8,1,0,8,11,NA,0,0,0,0,"4247 Westport Road,Louisville,KY,40207",38.2629,-85.637,NA,2026-06-01
185467,Cardinal Hill Skilled Rehabilitation Unit,2050 Versailles Road,Lexington,KY,40504,8592544570,330,Fayette,Y,For profit - Corporation,74,27.6,NA,Medicare,Y,"ENCOMPASS HEALTH REHABILITATION HOSPITAL OF CARDINAL HILL, LLC",2012-02-01,NA,NA,NA,NA,NA,NA,NA,N,NA,N,N,N,Resident,Yes,4,NA,3,NA,3,NA,NA,2,3,NA,5,NA,NA,NA,2.24279,1.2896,1.39557,2.68517,4.92796,4.43588,1.30036,0.78311,40,NA,46.2,NA,0,NA,1.27188,0.91391,2.1312,0.78625,0.62084,3.53828,3.13893,2.43692,1.40122,1.51637,5.35451,4.81984,2025-08-14,4,4,1,24,1,0,24,2023-11-30,2,2,0,8,1,0,8,20,0,0,0,0,0,"2050 Versailles Road,Lexington,KY,40504",38.0476,-84.542,NA,2026-06-01
185468,Chestnut Ridge Health & Rehabilitation,1015 West Magazine Street,Louisville,KY,40203,5028156460,550,Jefferson,Y,For profit - Corporation,92,72.1,NA,Medicare and Medicaid,N,CHESTNUT SNF OPERATIONS LLC,2012-04-03,LYON HEALTHCARE,837,14,2,2,1.7,2.9,N,SFF Candidate,N,Y,N,Resident,Yes,2,NA,1,NA,5,NA,5,NA,NA,2,1,NA,NA,NA,1.92833,0.77161,0.68942,1.46103,3.38936,3.01749,0.50678,0,67.5,NA,63.6,NA,3,NA,1.81418,1.30359,3.03989,1.12149,0.88555,5.04693,4.4773,1.46893,0.58778,0.52517,2.58188,2.2986,2023-08-07,23,20,5,468,3,328,796,2019-11-27,8,5,3,96,1,0,96,621,NA,1,306141,1,2,"1015 West Magazine Street,Louisville,KY,40203",38.2488,-85.768,NA,2026-06-01
185469,Clinton Place,106 Padgett drive,Clinton,KY,42031,2706535558,511,Hickman,N,For profit - Limited Liability company,91,84.4,NA,Medicare and Medicaid,N,BIRCHWOOD NURSING AND REHABILITATION LLC,2012-09-27,SIMCHA HYMAN & NAFTALI ZANZIPER,580,85,2.6,2.7,2.4,3.4,N,NA,N,N,N,Both,Yes,2,NA,3,NA,1,NA,2,NA,1,NA,2,NA,NA,NA,1.95036,0.55353,0.60546,1.15899,3.10934,2.65021,0.35504,0.01936,42.3,NA,38.5,NA,0,NA,1.4278,1.02595,2.39246,0.88264,0.69694,3.97204,3.52373,1.88775,0.53576,0.58602,3.00954,2.56515,2025-08-29,4,4,0,16,1,0,16,2024-06-28,2,2,2,36,1,0,36,21,NA,1,8512,0,1,"106 Padgett drive,Clinton,KY,42031",36.666,-89.003,NA,2026-06-01
185470,The Willows at Hamburg,2531 Old Rosebud Road,Lexington,KY,40509,8595430337,330,Fayette,Y,For profit - Individual,64,56.7,NA,Medicare and Medicaid,N,TRILOGY HEALTHCARE OF FAYETTE I LLC,2012-12-14,TRILOGY HEALTH SERVICES,524,124,4.2,3.5,3.2,4.8,N,NA,N,N,N,Resident,Yes,3,NA,2,NA,4,NA,3,NA,5,NA,5,NA,NA,NA,3.07429,1.1634,0.94081,2.10421,5.1785,5.13475,0.73387,0.06587,36.5,NA,33.3,NA,1,NA,1.4779,1.06195,2.47641,0.91361,0.7214,4.11142,3.64738,2.87474,1.08788,0.87974,4.84237,4.80146,2025-08-08,2,2,0,12,1,0,12,2022-05-06,4,2,2,174,1,0,174,52.5,NA,1,61627,0,1,"2531 Old Rosebud Road,Lexington,KY,40509",38.0282,-84.431,NA,2026-06-01
185471,Paul E Patton Eastern KY Veterans Center,200 Veterans Drive,Hazard,KY,41701,6064356196,960,Perry,N,Government - State,120,94.6,NA,Medicare and Medicaid,N,COMMONWEALTH OF KENTUCKY,2013-11-26,NA,NA,NA,NA,NA,NA,NA,N,NA,N,N,N,Resident,Yes,5,NA,5,NA,2,NA,2,NA,NA,2,5,NA,NA,NA,3.60783,0.50436,1.30459,1.80895,5.41678,4.74346,0.77188,0.0067,13,NA,11.5,NA,0,NA,1.1659,0.83776,1.95361,0.72074,0.5691,3.24345,2.87738,4.27645,0.59784,1.54636,6.42066,5.62255,2024-12-06,0,0,0,0,0,0,0,2019-08-15,0,0,0,0,0,0,0,0,NA,0,0,0,0,"200 Veterans Drive,Hazard,KY,41701",37.2536,-83.185,22,2026-06-01
185472,Joseph Eddie Ballard Western Kentucky Veterans Cen,926 Veterans Drive,Hanson,KY,42413,2703229087,530,Hopkins,N,Government - State,156,81.2,NA,Medicare and Medicaid,N,COMMONWEALTH OF KENTUCKY,2013-12-19,NA,NA,NA,NA,NA,NA,NA,N,NA,N,N,N,Both,Yes,5,NA,5,NA,4,NA,4,NA,NA,2,5,NA,NA,NA,3.72057,0.29966,1.43976,1.73942,5.45999,4.84584,0.99727,0.005,32.4,NA,17.4,NA,0,NA,1.12423,0.80782,1.88379,0.69498,0.54877,3.12753,2.77454,4.57354,0.36836,1.76984,6.71174,5.9568,2026-02-12,0,0,0,0,0,0,0,2024-10-16,0,0,0,0,0,0,0,0,NA,0,0,0,0,"926 Veterans Drive,Hanson,KY,42413",37.4152,-87.465,NA,2026-06-01
185473,Thomson-Hood Veterans Center,100 Veterans Drive,Wilmore,KY,40390,8598582814,560,Jessamine,Y,Government - State,285,142.4,NA,Medicare and Medicaid,N,COMMONWEALTH OF KENTUCKY,2014-02-28,NA,NA,NA,NA,NA,NA,NA,N,NA,N,N,N,Resident,Yes,5,NA,3,NA,5,NA,5,NA,NA,2,5,NA,NA,NA,3.3236,0.90634,0.79874,1.70508,5.02868,4.33252,0.46049,0.032,28.7,NA,25.9,NA,0,NA,1.19524,0.85884,2.00278,0.73887,0.58343,3.32508,2.94979,3.84284,1.04794,0.92352,5.81431,5.00939,2025-03-27,3,3,1,28,1,0,28,2019-09-05,1,1,0,4,1,0,4,22,NA,0,0,0,0,"100 Veterans Drive,Wilmore,KY,40390",37.8753,-84.647,NA,2026-06-01
185474,The Willows at Citation,1376 Silver Springs Drive,Lexington,KY,40511,8592770320,330,Fayette,Y,For profit - Limited Liability company,54,49,NA,Medicare and Medicaid,N,TRILOGY HEALTHCARE OF FAYETTE III LLC,2014-06-04,TRILOGY HEALTH SERVICES,524,124,4.2,3.5,3.2,4.8,Y,NA,N,N,N,Resident,Yes,4,NA,3,NA,5,NA,5,NA,5,NA,4,NA,NA,NA,2.03892,0.89449,1.24929,2.14378,4.1827,3.9563,1.11922,0.09049,30.8,NA,46.2,NA,0,NA,1.49511,1.07432,2.50525,0.92425,0.7298,4.1593,3.68985,1.88463,0.8268,1.15475,3.86618,3.65692,2025-06-26,2,2,0,12,1,0,12,2021-11-04,7,7,0,36,1,0,36,18,NA,0,0,0,0,"1376 Silver Springs Drive,Lexington,KY,40511",38.0826,-84.484,NA,2026-06-01
185476,Coldspring Transitional Care Center,300 Plaza Drive,Cold Spring,KY,41076,8594414600,180,Campbell,Y,For profit - Limited Liability company,143,133.3,NA,Medicare and Medicaid,N,COLDSPRING TRANSITIONAL CARE CENTER LLC,2014-12-03,CARESPRING,111,16,4.3,3.6,2.6,4.9,N,NA,N,N,N,Resident,Yes,3,NA,2,NA,5,NA,5,NA,4,NA,3,NA,NA,NA,2.59462,0.77827,0.76905,1.54732,4.14194,3.69082,0.55637,0.07964,49.1,NA,33.3,NA,0,NA,1.60025,1.14986,2.68141,0.98924,0.78112,4.45177,3.94932,2.24071,0.67212,0.66415,3.57698,3.18739,2025-05-15,5,4,1,36,1,0,36,2020-01-31,4,4,0,20,1,0,20,32,NA,0,0,0,0,"300 Plaza Drive,Cold Spring,KY,41076",39.0035,-84.425,NA,2026-06-01
185478,Forest Springs Health Campus,4120 Wooded Acre Lane,Louisville,KY,40245,5022431643,550,Jefferson,Y,For profit - Limited Liability company,58,51.9,NA,Medicare and Medicaid,N,"TRILOGY HEALTHCARE OF LOUISVILLE NORTHEAST, LLC",2015-04-29,TRILOGY HEALTH SERVICES,524,124,4.2,3.5,3.2,4.8,N,NA,N,N,N,Resident,Yes,4,NA,4,NA,4,NA,5,NA,3,NA,2,NA,NA,NA,1.75138,1.04563,1.2094800000000001,2.25511,4.00649,3.50112,1.17621,0.15068,60.3,NA,76.5,NA,1,NA,1.6493,1.18511,2.76361,1.01957,0.80507,4.58825,4.07039,1.46751,0.87614,1.01344,3.35709,2.93364,2025-12-11,2,2,0,8,1,0,8,2022-03-16,0,0,0,0,0,0,0,6,NA,0,0,0,0,"4120 Wooded Acre Lane,Louisville,KY,40245",38.2969,-85.509,NA,2026-06-01
185479,The Home Place At Midway,101 Sexton Way,Midway,KY,40347,8598464663,992,Woodford,Y,Non profit - Corporation,28,25.6,NA,Medicare and Medicaid,N,THE HOMEPLACE AT MIDWAY INC,2016-03-16,CHRISTIAN CARE COMMUNITIES,142,5,2.8,2.8,3.4,3.6,Y,NA,N,N,N,Resident,Yes,3,NA,2,NA,5,NA,5,NA,NA,2,4,NA,NA,NA,2.99927,1.31578,0.98735,2.30313,5.3024,5.04294,0.83426,0.15688,67.2,NA,60,NA,0,NA,1.25636,0.90276,2.10519,0.77666,0.61326,3.49511,3.10063,3.29913,1.44734,1.08606,5.83253,5.54713,2026-02-26,5,5,0,52,1,0,52,2025-04-10,4,4,0,28,1,0,28,46,NA,1,4147,0,1,"101 Sexton Way,Midway,KY,40347",38.1438,-84.695,22,2026-06-01
185481,Emerald Trace,3802 Turkeyfoot Road,Elsmere,KY,41018,8593420200,580,Kenton,Y,Non profit - Corporation,54,41.9,NA,Medicare,N,"KENTON HOUSING, INC.",2017-02-23,NA,NA,NA,NA,NA,NA,NA,N,NA,N,N,N,Resident,Yes,2,NA,2,NA,2,NA,3,NA,2,NA,4,NA,NA,NA,4.06184,2.19191,0.70162,2.89354,6.95537,6.21679,0.37376,0.21995,52.5,NA,71.4,NA,1,NA,1.32333,0.95088,2.21741,0.81806,0.64595,3.68141,3.26591,4.24183,2.28905,0.73271,7.26359,6.49228,2025-08-22,2,2,0,16,1,0,16,2023-12-15,5,4,3,115,1,0,115,40.75,NA,1,9318,0,1,"3802 Turkeyfoot Road,Elsmere,KY,41018",38.9835,-84.591,NA,2026-06-01
185482,The Willows at Fritz Farm,2710 Man O War Boulevard,Lexington,KY,40515,8592730088,330,Fayette,Y,For profit - Limited Liability company,54,49.6,NA,Medicare and Medicaid,N,"TRILOGY HEALTHCARE OF FAYETTE II, LLC",2017-03-08,TRILOGY HEALTH SERVICES,524,124,4.2,3.5,3.2,4.8,N,NA,N,N,N,Resident,Yes,4,NA,3,NA,5,NA,5,NA,4,NA,3,NA,NA,NA,2.13639,0.68846,1.11239,1.80084,3.93724,3.69163,0.84197,0.14126,58.6,NA,41.2,NA,0,NA,1.54388,1.10936,2.58697,0.9544,0.75361,4.29497,3.81021,1.91235,0.61626,0.99573,3.52433,3.30448,2025-04-04,5,5,0,28,1,0,28,2020-01-16,1,1,0,8,1,0,8,23,NA,0,0,0,0,"2710 Man O War Boulevard,Lexington,KY,40515",37.9759,-84.529,NA,2026-06-01
185483,Radcliff Veterans Center,100 Veterans Drive,Radcliff,KY,40160,2703526700,460,Hardin,Y,Government - State,120,58.2,NA,Medicare and Medicaid,N,COMMONWEALTH OF KENTUCKY,2017-05-25,NA,NA,NA,NA,NA,NA,NA,N,NA,N,N,N,Both,Yes,3,NA,2,NA,4,NA,4,NA,NA,2,5,NA,NA,NA,2.76396,1.1179,1.60025,2.71815,5.48212,4.78208,0.96197,0.02515,31.3,NA,12.5,NA,0,NA,1.15588,0.83056,1.93683,0.71454,0.56421,3.21558,2.85265,3.30459,1.33656,1.91326,6.55442,5.71745,2025-03-06,1,0,1,4,0,0,4,2019-10-18,6,3,3,145,1,0,145,39.25,NA,1,9331,0,1,"100 Veterans Drive,Radcliff,KY,40160",37.8701,-85.967,NA,2026-06-01
185484,The Seasons at Alexandria,7341 E Alexandria Pike,Alexandria,KY,41001,8596944450,180,Campbell,Y,Non profit - Corporation,117,97.6,NA,Medicare and Medicaid,N,"BAPTIST CONVALESCENT CENTER, INC.",2018-06-30,NA,NA,NA,NA,NA,NA,NA,N,NA,N,N,N,Resident,Yes,1,NA,1,NA,4,NA,4,NA,3,NA,3,NA,NA,NA,2.92579,1.0889,0.66792,1.75682,4.68261,4.31447,0.45127,0.07707,NA,26,NA,26,NA,26,1.32751,0.95389,2.22442,0.82064,0.64799,3.69305,3.27623,3.04582,1.13357,0.69532,4.87471,4.49146,2025-08-15,4,4,1,178,1,0,178,2022-05-26,9,4,5,331,1,0,331,216.25,NA,2,246139,0,2,"7341 E Alexandria Pike,Alexandria,KY,41001",38.9849,-84.398,NA,2026-06-01
185485,The Springs at Stony Brook,2200 Stony Brook Drive,Louisville,KY,40220,5024914692,550,Jefferson,Y,For profit - Corporation,66,66.2,NA,Medicare and Medicaid,N,"TRILOGY HEALTHCARE OF JEFFERSON II, LLC",2018-12-13,TRILOGY HEALTH SERVICES,524,124,4.2,3.5,3.2,4.8,N,NA,N,N,N,Resident,Yes,5,NA,4,NA,5,NA,5,NA,5,NA,4,NA,NA,NA,2.11173,0.92044,0.88561,1.80605,3.91777,3.63336,0.62571,0.05927,37,NA,47.1,NA,1,NA,1.53383,1.10214,2.57013,0.94818,0.7487,4.26701,3.78541,1.90265,0.82931,0.79793,3.52989,3.27363,2025-05-22,0,0,0,0,0,0,0,2020-02-21,3,3,0,24,1,0,24,6,NA,0,0,0,0,"2200 Stony Brook Drive,Louisville,KY,40220",38.2159,-85.602,NA,2026-06-01
185486,"Boonespring Transitional Care Center, LLC",10250 US Highway 42,Union,KY,41091,8593841200,070,Boone,Y,For profit - Corporation,143,135.6,NA,Medicare and Medicaid,N,"BOONESPRING TRANSITIONAL CARE CENTER, LLC",2019-03-05,CARESPRING,111,16,4.3,3.6,2.6,4.9,N,NA,N,N,N,Resident,Yes,4,NA,4,NA,4,NA,5,NA,2,NA,2,NA,NA,NA,2.44372,0.73959,0.66033,1.39991,3.84363,3.44627,0.35645,0.08944,50.6,NA,42.3,NA,1,NA,1.66097,1.1935,2.78317,1.02678,0.81076,4.62071,4.09919,2.03323,0.61535,0.54941,3.198,2.86739,2025-03-19,0,0,0,0,0,0,0,2024-02-16,10,8,4,52,1,0,52,13,NA,0,0,0,0,"10250 US Highway 42,Union,KY,41091",38.9277,-84.718,22,2026-06-01
185487,Sanders Ridge Health Campus,119 East Sanders Lane,Mount Washington,KY,40047,5022513821,140,Bullitt,Y,For profit - Corporation,56,52.2,NA,Medicare and Medicaid,N,"TRILOGY HEALTHCARE OF BULLITT, LLC",2020-08-12,TRILOGY HEALTH SERVICES,524,124,4.2,3.5,3.2,4.8,N,NA,N,N,N,Both,Yes,5,NA,4,NA,5,NA,5,NA,5,NA,4,NA,NA,NA,1.80375,0.98435,0.98251,1.96686,3.7706,3.46729,0.63683,0.1359,27.3,NA,22.2,NA,0,NA,1.45515,1.0456,2.43829,0.89954,0.71029,4.04813,3.59123,1.71304,0.93485,0.9331,3.58099,3.29292,2025-05-15,2,2,0,8,1,0,8,2020-08-12,1,0,1,4,0,0,4,7,NA,0,0,0,0,"119 East Sanders Lane,Mount Washington,KY,40047",38.0598,-85.508,NA,2026-06-01
185488,The Springs At Oldham Reserve,2000 East Peak Road,La Grange,KY,40031,5025163176,920,Oldham,Y,For profit - Limited Liability company,50,45.7,NA,Medicare and Medicaid,N,TRILOGY HEALTHCARE OF LAGRANGE LLC,2023-04-27,TRILOGY HEALTH SERVICES,524,124,4.2,3.5,3.2,4.8,N,NA,N,N,N,Resident,Yes,4,NA,3,NA,5,NA,5,NA,5,NA,3,NA,NA,NA,2.01275,1.46659,0.7228,2.18939,4.20214,3.75278,0.34807,0.10726,52.4,NA,66.7,NA,0,NA,1.60909,1.15621,2.69623,0.99471,0.78543,4.47637,3.97114,1.72866,1.25959,0.62078,3.60903,3.2231,2025-12-19,3,3,0,24,1,0,24,2023-04-27,0,0,0,0,0,0,0,18,NA,7,18878,0,7,"2000 East Peak Road,La Grange,KY,40031",38.4067,-85.389,22,2026-06-01
