cms_certification_number_ccn,provider_name,provider_address,city_town,state,zip_code,telephone_number,provider_ssa_county_code,county_parish,urban,ownership_type,number_of_certified_beds,average_number_of_residents_per_day,average_number_of_residents_per_day_footnote,provider_type,provider_resides_in_hospital,legal_business_name,date_first_approved_to_provide_medicare_and_medicaid_services,chain_name,chain_id,number_of_facilities_in_chain,chain_average_overall_5_star_rating,chain_average_health_inspection_rating,chain_average_staffing_rating,chain_average_qm_rating,continuing_care_retirement_community,special_focus_status,abuse_icon,most_recent_health_inspection_more_than_2_years_ago,provider_changed_ownership_in_last_12_months,with_a_resident_and_family_council,automatic_sprinkler_systems_in_all_required_areas,overall_rating,overall_rating_footnote,health_inspection_rating,health_inspection_rating_footnote,qm_rating,qm_rating_footnote,long_stay_qm_rating,long_stay_qm_rating_footnote,short_stay_qm_rating,short_stay_qm_rating_footnote,staffing_rating,staffing_rating_footnote,reported_staffing_footnote,physical_therapist_staffing_footnote,reported_nurse_aide_staffing_hours_per_resident_per_day,reported_lpn_staffing_hours_per_resident_per_day,reported_rn_staffing_hours_per_resident_per_day,reported_licensed_staffing_hours_per_resident_per_day,reported_total_nurse_staffing_hours_per_resident_per_day,total_number_of_nurse_staff_hours_per_resident_per_day_on_the_weekend,registered_nurse_hours_per_resident_per_day_on_the_weekend,reported_physical_therapist_staffing_hours_per_resident_per_day,total_nursing_staff_turnover,total_nursing_staff_turnover_footnote,registered_nurse_turnover,registered_nurse_turnover_footnote,number_of_administrators_who_have_left_the_nursing_home,administrator_turnover_footnote,nursing_case_mix_index,nursing_case_mix_index_ratio,case_mix_nurse_aide_staffing_hours_per_resident_per_day,case_mix_lpn_staffing_hours_per_resident_per_day,case_mix_rn_staffing_hours_per_resident_per_day,case_mix_total_nurse_staffing_hours_per_resident_per_day,case_mix_weekend_total_nurse_staffing_hours_per_resident_per_day,adjusted_nurse_aide_staffing_hours_per_resident_per_day,adjusted_lpn_staffing_hours_per_resident_per_day,adjusted_rn_staffing_hours_per_resident_per_day,adjusted_total_nurse_staffing_hours_per_resident_per_day,adjusted_weekend_total_nurse_staffing_hours_per_resident_per_day,rating_cycle_1_standard_survey_health_date,rating_cycle_1_total_number_of_health_deficiencies,rating_cycle_1_number_of_standard_health_deficiencies,rating_cycle_1_number_of_complaint_health_deficiencies,rating_cycle_1_health_deficiency_score,rating_cycle_1_number_of_health_revisits,rating_cycle_1_health_revisit_score,rating_cycle_1_total_health_score,rating_cycle_2_standard_health_survey_date,rating_cycle_2_3_total_number_of_health_deficiencies,rating_cycle_2_number_of_standard_health_deficiencies,rating_cycle_2_3_number_of_complaint_health_deficiencies,rating_cycle_2_3_health_deficiency_score,rating_cycle_2_3_number_of_health_revisits,rating_cycle_2_3_health_revisit_score,rating_cycle_2_3_total_health_score,total_weighted_health_survey_score,number_of_citations_from_infection_control_inspections,number_of_fines,total_amount_of_fines_in_dollars,number_of_payment_denials,total_number_of_penalties,location,latitude,longitude,geocoding_footnote,processing_date
255050,JEFFERSON DAVIS COMMUNITY HOSPITAL ECF,1320 WINFIELD STREET,PRENTISS,MS,39474,6017921172,320,Jefferson Davis,N,Non profit - Corporation,55,45.4,NA,Medicare and Medicaid,Y,FORREST COUNTY GENERAL HOSPITAL,1970-01-20,NA,NA,NA,NA,NA,NA,NA,N,NA,N,N,N,Both,Yes,5,NA,5,NA,2,NA,3,NA,1,NA,5,NA,NA,NA,2.54329,1.23278,0.95497,2.18775,4.73105,3.83538,0.27775,0.01024,32,NA,44.4,NA,1,NA,1.24961,0.89791,2.09388,0.77249,0.60997,3.47633,3.08397,2.81268,1.36336,1.05613,5.23216,4.24163,2024-11-21,1,1,0,4,1,0,4,2023-02-22,2,2,0,8,1,0,8,5,NA,0,0,0,0,"1320 WINFIELD STREET,PRENTISS,MS,39474",31.595,-89.873,NA,2026-06-01
255072,WINSTON COUNTY NURSING HOME,17560 EAST MAIN STREET,LOUISVILLE,MS,39339,6627795137,790,Winston,N,Non profit - Corporation,120,99.6,NA,Medicare and Medicaid,Y,WINSTON COUNTY MEDICAL FOUNDATION,1978-03-29,NA,NA,NA,NA,NA,NA,NA,N,NA,N,Y,N,Resident,Yes,4,NA,3,NA,2,NA,1,NA,3,NA,5,NA,NA,NA,2.53309,0.96525,1.66972,2.63497,5.16806,4.19013,0.97546,0.03993,41.7,NA,26.1,NA,1,NA,1.07035,0.76911,1.79351,0.66167,0.52247,2.97765,2.64157,3.27057,1.24627,2.15584,6.67267,5.41004,2024-03-28,4,4,0,32,1,0,32,2022-10-13,4,4,0,32,1,0,32,32,NA,0,0,0,0,"17560 EAST MAIN STREET,LOUISVILLE,MS,39339",33.1246,-89.037,NA,2026-06-01
255091,"LEXINGTON MANOR SENIOR CARE, LLC",56 ROCKPORT ROAD,LEXINGTON,MS,39095,6628343021,250,Holmes,Y,For profit - Corporation,60,57.9,NA,Medicare and Medicaid,N,LEXINGTON MANOR SENIOR CARE LLC,1984-08-09,NA,NA,NA,NA,NA,NA,NA,N,NA,N,N,N,Resident,Yes,4,NA,4,NA,3,NA,3,NA,NA,2,3,NA,NA,NA,2.40253,1.14683,0.42136,1.56819,3.97072,3.40817,0.1686,0.00797,43.6,NA,28.6,NA,NA,26,1.24758,0.89645,2.09048,0.77123,0.60898,3.47069,3.07896,2.66133,1.27036,0.46675,4.39845,3.7753,2024-10-17,3,3,0,20,1,0,20,2023-08-10,4,4,0,20,1,0,20,20,NA,0,0,0,0,"56 ROCKPORT ROAD,LEXINGTON,MS,39095",33.1093,-90.033,NA,2026-06-01
255092,COASTAL HEALTH AND REHABILITATION CENTER,1530 BROAD AVE,GULFPORT,MS,39501,2288646544,230,Harrison,Y,For profit - Limited Liability company,180,126.2,NA,Medicare and Medicaid,N,"1530 BROAD AVENUE OPERATIONS, LLC",1994-07-01,CONSULATE HEALTH CARE/INDEPENDENCE LIVING CENTERS/NSPIRE HEALTHCARE/RAYDIANT HEALTH CARE,158,11,2.6,2.7,3.4,2.9,N,NA,N,N,N,Resident,Yes,1,NA,1,NA,2,NA,1,NA,2,NA,2,NA,NA,NA,1.83404,0.92758,0.48983,1.41741,3.25144,2.92979,0.2709,0.04264,65.9,NA,60,NA,1,NA,1.19235,0.85677,1.99793,0.73709,0.58201,3.31703,2.94265,2.12571,1.0751,0.56773,3.76854,3.39573,2025-08-07,17,17,4,104,1,0,104,2023-11-15,18,11,7,196,1,0,196,127,NA,5,76258,0,5,"1530 BROAD AVE,GULFPORT,MS,39501",30.369,-89.119,NA,2026-06-01
255093,THE PILLARS OF BILOXI,2279 ATKINSON ROAD,BILOXI,MS,39531,2283881805,230,Harrison,Y,For profit - Limited Liability company,180,149.7,NA,Medicare and Medicaid,N,CLC OF BILOXI LLC,1985-01-24,COMMUNITY ELDERCARE SERVICES,155,17,1.7,1.9,2.8,1.8,N,NA,N,N,N,None,Yes,1,NA,1,NA,2,NA,3,NA,2,NA,2,NA,NA,NA,2.18156,0.83686,0.39328,1.23014,3.4117,3.13554,0.24926,0.00988,59.2,NA,62.5,NA,3,NA,1.17498,0.84429,1.96883,0.72635,0.57354,3.26871,2.89979,2.56587,0.98429,0.46256,4.01273,3.68792,2025-08-21,10,7,3,64,1,0,64,2024-04-04,21,15,7,188,1,0,188,95,0,4,47692,0,4,"2279 ATKINSON ROAD,BILOXI,MS,39531",30.4098,-88.97,NA,2026-06-01
255095,CARE CENTER OF LAUREL,935 WEST DR,LAUREL,MS,39440,6016498006,330,Jones,N,For profit - Limited Liability company,120,81.8,NA,Medicare and Medicaid,N,COMMUNITY CARE CENTER OF LAUREL LLC,1987-06-01,NA,NA,NA,NA,NA,NA,NA,N,NA,N,N,N,Both,Yes,2,NA,3,NA,1,NA,2,NA,1,NA,3,NA,NA,NA,2.09985,1.38905,0.37342,1.76247,3.86233,3.31567,0.12132,0.01943,43.6,NA,42.9,NA,1,NA,1.17741,0.84603,1.9729,0.72785,0.57472,3.27547,2.90578,2.46468,1.63039,0.4383,4.53337,3.89174,2025-08-07,5,5,0,28,1,0,28,2024-03-21,9,7,2,36,1,0,36,30,NA,0,0,0,0,"935 WEST DR,LAUREL,MS,39440",31.6764,-89.155,NA,2026-06-01
255096,LOUISVILLE HEALTHCARE LLC,543 EAST MAIN STREET,LOUISVILLE,MS,39339,6627738047,790,Winston,N,For profit - Limited Liability company,60,54.8,NA,Medicare and Medicaid,N,LOUISVILLE HEALTHCARE LLC,1987-11-01,TREND CONSULTANTS,522,16,3.3,3.3,3.9,2.1,N,NA,N,N,N,Both,Yes,3,NA,2,NA,2,NA,1,NA,4,NA,5,NA,NA,NA,2.8408,1.4259,0.50758,1.93349,4.77429,3.80179,0.22753,0,41.3,NA,28.6,NA,0,NA,1.11086,0.79821,1.86138,0.68671,0.54224000000000006,3.09033,2.74154,3.53412,1.7739,0.63146,5.93949,4.72965,2025-04-16,5,5,0,52,1,0,52,2023-09-14,5,5,0,24,1,0,24,45,NA,1,8788,0,1,"543 EAST MAIN STREET,LOUISVILLE,MS,39339",33.1235,-89.052,NA,2026-06-01
255097,CARE CENTER OF ABERDEEN,505 JACKSON ST,ABERDEEN,MS,39730,6623696431,470,Monroe,N,For profit - Limited Liability company,105,93.5,NA,Medicare and Medicaid,N,COMMUNITY CARE CENTER OF ABERDEEN,1987-12-01,NA,NA,NA,NA,NA,NA,NA,N,NA,N,N,N,Resident,Yes,2,NA,2,NA,2,NA,2,NA,3,NA,4,NA,NA,NA,2.30903,0.80146,0.62826,1.42972,3.73875,3.25854,0.33024,0.03279,41.4,NA,64.3,NA,0,NA,1.23832,0.8898,2.07496,0.76551,0.60446,3.44492,3.05611,2.57689,0.89443,0.70114,4.17246,3.63654,2025-05-15,9,7,2,64,1,0,64,2023-11-16,5,4,1,20,1,0,20,53,NA,1,10358,0,1,"505 JACKSON ST,ABERDEEN,MS,39730",33.8193,-88.541,NA,2026-06-01
255100,DIVERSICARE OF TYLERTOWN,200 MEDICAL CIRCLE,TYLERTOWN,MS,39667,6018762107,730,Walthall,N,For profit - Limited Liability company,60,47.9,NA,Medicare and Medicaid,N,DIVERSICARE OF TYLERTOWN LLC,1989-04-01,DIVERSICARE HEALTHCARE,185,46,2.5,2.4,2.9,3.5,N,NA,N,N,N,Both,Yes,5,NA,4,NA,3,NA,4,NA,2,NA,5,NA,NA,NA,2.20079,0.77419,0.91442,1.68861,3.88939,3.29607,0.48515,0.02475,37,NA,12.5,NA,0,NA,1.22349,0.87914,2.0501,0.75633,0.59721,3.40365,3.01949,2.48587,0.87447,1.03287,4.39321,3.72304,2026-01-14,4,4,0,20,1,0,20,2024-09-05,4,3,1,16,1,0,16,19,NA,0,0,0,0,"200 MEDICAL CIRCLE,TYLERTOWN,MS,39667",31.1212,-90.155,NA,2026-06-01
255101,MCCOMB COMMUNITY CARE CENTER,415 MARION AVE,MCCOMB,MS,39648,6016848700,400,Lee,N,For profit - Limited Liability company,140,105.3,NA,Medicare and Medicaid,N,Legal Business Name Not Available,1989-04-01,NORBERT BENNETT & DONALD DENZ,771,27,1.8,2,2.6,2.3,N,NA,N,N,N,Resident,Yes,2,NA,3,NA,1,NA,2,NA,1,NA,3,NA,NA,NA,2.58428,1.45142,0.23446,1.68588,4.27015,3.6291,0.11762,0.05376,51.2,NA,40,NA,0,NA,1.16859,0.83969,1.95811,0.7224,0.57042,3.25093,2.88401,3.05617,1.71646,0.27727,5.04989,4.29178,2024-09-13,7,6,1,44,1,0,44,2022-12-08,6,3,3,24,1,0,24,39,NA,1,12740,0,1,"415 MARION AVE,MCCOMB,MS,39648",31.2534,-90.472,NA,2026-06-01
255102,DIVERSICARE OF RIPLEY,101 CUNNINGHAM DR,RIPLEY,MS,38663,6628373011,690,Tippah,N,For profit - Corporation,140,117.4,NA,Medicare and Medicaid,N,DIVERSICARE OF RIPLEY LLC,1989-04-01,DIVERSICARE HEALTHCARE,185,46,2.5,2.4,2.9,3.5,N,NA,N,N,N,Both,Yes,1,NA,1,NA,3,NA,2,NA,3,NA,4,NA,NA,NA,2.00665,0.83378,0.60234,1.43612,3.44276,2.88022,0.34434,0.0627,41.7,NA,25,NA,0,NA,1.14192,0.82053,1.91343,0.70591,0.5574,3.17675,2.8182,2.42848,1.00905,0.72896,4.16649,3.48569,2026-02-11,9,9,0,68,1,0,68,2024-12-18,21,10,11,450,1,0,450,163.5,NA,5,72793,0,5,"101 CUNNINGHAM DR,RIPLEY,MS,38663",34.7401,-88.953,NA,2026-06-01
255103,Edgewood Health & Rehabilitation,205 Byram Parkway,Byram,MS,39272,6013625394,240,Hinds,Y,For profit - Corporation,119,110.5,NA,Medicare and Medicaid,N,"HINDS COUNTY NURSING &REHABILITATION CENTER, LLC",1989-04-01,TREND CONSULTANTS,522,16,3.3,3.3,3.9,2.1,N,SFF Candidate,Y,N,N,Resident,Yes,1,NA,1,NA,2,NA,1,NA,4,NA,3,NA,NA,NA,3.55504,1.00966,0.38403,1.39369,4.94873,3.98928,0.20992,0.06586,59.5,NA,66.7,NA,1,NA,1.20586,0.86648,2.02057,0.74544,0.58861,3.35463,2.976,4.07423,1.15712,0.44011,5.67146,4.5719,2024-08-01,17,5,13,391,1,0,391,2023-07-27,26,10,16,337,1,0,337,377.5,NA,9,123043,2,11,"205 Byram Parkway,Byram,MS,39272",32.1845,-90.27,NA,2026-06-01
255104,GRENADA LIVING CENTER,1950 GRANDVIEW DRIVE,GRENADA,MS,38901,6622269554,210,Grenada,N,For profit - Limited Liability company,90,86.6,NA,Medicare and Medicaid,N,"COMMUNITY CARE CENTER OF GRENADA, LLC",1989-04-01,NA,NA,NA,NA,NA,NA,NA,N,NA,N,N,N,Resident,Yes,3,NA,4,NA,1,NA,1,NA,1,NA,4,NA,NA,NA,2.10144,1.14086,0.38322,1.52409,3.62553,3.17048,0.2367,0.02179,37.8,NA,44.4,NA,0,NA,1.20492,0.8658,2.019,0.74486,0.58815,3.35201,2.97368,2.41023,1.3085,0.43954,4.15827,3.63635,2025-04-10,6,6,0,24,1,0,24,2023-10-05,3,3,0,12,1,0,12,21,NA,0,0,0,0,"1950 GRANDVIEW DRIVE,GRENADA,MS,38901",33.7615,-89.821,NA,2026-06-01
255105,DIVERSICARE OF TUPELO,2273 SOUTH EASON BOULEVARD,TUPELO,MS,38804,6628422461,400,Lee,N,For profit - Limited Liability company,120,107.6,NA,Medicare and Medicaid,N,DIVERSICARE OF TUPELO LLC,1989-04-01,DIVERSICARE HEALTHCARE,185,46,2.5,2.4,2.9,3.5,N,NA,N,N,N,Resident,Yes,1,NA,1,NA,3,NA,2,NA,3,NA,4,NA,NA,NA,2.08856,0.61189,0.66284,1.27473,3.36329,2.97684,0.46717,0.05511,40.5,NA,56.3,NA,1,NA,1.17242,0.84245,1.96454,0.72477,0.57229,3.2616,2.89348,2.46185,0.72125,0.78131,3.96442,3.5089,2026-01-14,11,8,3,64,1,0,64,2024-09-19,30,17,13,192,1,0,192,96,NA,4,25016,0,4,"2273 SOUTH EASON BOULEVARD,TUPELO,MS,38804",34.2363,-88.67,NA,2026-06-01
255106,BRANDON COMMUNITY CARE CENTER,355 CROSSGATE BLVD,BRANDON,MS,39042,6018253192,400,Lee,N,For profit - Limited Liability company,230,200.9,NA,Medicare and Medicaid,N,Legal Business Name Not Available,1989-04-01,NORBERT BENNETT & DONALD DENZ,771,27,1.8,2,2.6,2.3,Y,NA,N,N,N,Resident,Yes,1,NA,1,NA,1,NA,2,NA,1,NA,3,NA,NA,NA,2.60557,1.15792,0.27401,1.43193,4.0375,3.46097,0.16035,0.07322,57.2,NA,62.5,NA,3,NA,1.09986,0.79031,1.84296,0.67991,0.53687,3.05974,2.7144,3.27389,1.45492,0.34429,5.0731,4.34869,2025-07-31,6,4,2,40,1,0,40,2024-03-15,28,8,23,572,1,0,572,173,NA,2,97553,1,3,"355 CROSSGATE BLVD,BRANDON,MS,39042",32.2889,-90.037,NA,2026-06-01
255108,TREND HEALTH & REHAB OF CARTHAGE LLC,1101 EAST FRANKLIN STREET,CARTHAGE,MS,39051,6012674551,390,Leake,N,For profit - Limited Liability company,83,78.6,NA,Medicare and Medicaid,N,TREND HEALTH AND REHAB OF CARTHAGE,1989-04-01,TREND CONSULTANTS,522,16,3.3,3.3,3.9,2.1,N,NA,N,Y,N,Resident,Yes,2,NA,2,NA,1,NA,2,NA,1,NA,5,NA,NA,NA,3.04088,1.2823,0.69484,1.97714,5.01802,3.72129,0.21554,0.03424,47.5,NA,35.7,NA,1,NA,1.18778,0.85348,1.99027,0.73426,0.57978,3.30432,2.93138,3.53804,1.49195,0.80844,5.83842,4.32968,2024-05-15,5,3,2,24,1,0,24,2023-01-05,15,9,6,160,1,0,160,58,NA,2,9475,0,2,"1101 EAST FRANKLIN STREET,CARTHAGE,MS,39051",32.7427,-89.517,NA,2026-06-01
255109,DIVERSICARE OF SOUTHAVEN,1730 DORCHESTER DR,SOUTHAVEN,MS,38671,6623930050,160,De Soto,Y,For profit - Limited Liability company,140,131.5,NA,Medicare and Medicaid,N,DIVERSICARE OF SOUTHAVEN LLC,1989-04-01,DIVERSICARE HEALTHCARE,185,46,2.5,2.4,2.9,3.5,N,NA,N,N,N,Both,Yes,1,NA,1,NA,4,NA,4,NA,4,NA,4,NA,NA,NA,2.11272,0.72352,0.66828,1.39179,3.50452,3.12078,0.39755,0.02829,25.2,NA,35,NA,2,NA,1.20095,0.86295,2.01235,0.7424,0.58621,3.34097,2.96388,2.43118,0.83257,0.76901,4.03276,3.59117,2025-03-20,13,10,7,151,1,0,151,2023-11-02,20,9,14,212,1,0,212,166.25,NA,7,59175,1,8,"1730 DORCHESTER DR,SOUTHAVEN,MS,38671",34.9691,-90.018,NA,2026-06-01
255110,"MS CARE CENTER OF ALCORN COUNTY, INC-SNF",3701 JOANNE DRIVE,CORINTH,MS,38834,6622878071,010,Alcorn,N,For profit - Limited Liability company,119,89.3,NA,Medicare and Medicaid,N,"ALCORN COUNTY LTC, LLC",1989-05-08,MISSISSIPPI CARE CENTER,357,5,3.6,3.2,3.8,2.4,N,NA,N,N,N,Resident,Yes,1,NA,1,NA,1,NA,1,NA,1,NA,4,NA,NA,NA,2.42362,1.63699,0.5635,2.2005,4.62411,3.69523,0.24674,0.01625,46.3,NA,35.7,NA,0,NA,1.22984,0.8837,2.06075,0.76026,0.60031,3.42132,3.03517,2.72343,1.83949,0.63321,5.19613,4.15235,2026-04-01,10,10,0,92,1,0,92,2025-01-30,11,6,6,144,1,0,144,105,0,3,25376,0,3,"3701 JOANNE DRIVE,CORINTH,MS,38834",34.9345,-88.563,NA,2026-06-01
255111,WEST POINT COMMUNITY LIVING CENTER,2056 N ESHMAN AVENUE,WEST POINT,MS,39773,6624946011,120,Clay,N,For profit - Corporation,100,53.4,NA,Medicare and Medicaid,N,"CLC OF WEST POINT, LLC",1989-06-01,COMMUNITY ELDERCARE SERVICES,155,17,1.7,1.9,2.8,1.8,N,NA,Y,N,N,Both,Yes,1,NA,1,NA,3,NA,1,NA,4,NA,3,NA,NA,NA,2.32262,0.95291,0.38838,1.34129,3.66391,3.21964,0.3518,0,44.7,NA,66.7,NA,2,NA,1.13011,0.81204,1.89364,0.69861,0.55163,3.14388,2.78904,2.84026,1.16528,0.47493,4.48048,3.93719,2025-08-07,8,8,2,173,1,0,173,2024-01-04,6,1,5,24,1,0,24,135.75,NA,1,44873,0,1,"2056 N ESHMAN AVENUE,WEST POINT,MS,39773",33.6201,-88.633,NA,2026-06-01
255112,PLEASANT HILLS COMMUNITY LIVING CENTER,1600 RAYMOND RD,JACKSON,MS,39204,6013711700,240,Hinds,Y,For profit - Corporation,100,82.6,NA,Medicare and Medicaid,N,"CLC OF JACKSON, LLC",1989-04-01,COMMUNITY ELDERCARE SERVICES,155,17,1.7,1.9,2.8,1.8,N,NA,Y,N,N,Both,Yes,1,NA,1,NA,1,NA,1,NA,2,NA,3,NA,NA,NA,2.10624,1.18987,0.50914,1.69901,3.80526,3.16908,0.25958,0.03041,51.5,NA,50,NA,1,NA,1.30099,0.93483,2.17998,0.80425,0.63505,3.61927,3.21078,2.23734,1.26394,0.54083,4.04211,3.36634,2024-12-12,13,2,12,104,1,0,104,2024-07-11,9,4,5,80,1,0,80,98,NA,3,75309,1,4,"1600 RAYMOND RD,JACKSON,MS,39204",32.2808,-90.256,NA,2026-06-01
255113,RULEVILLE COMMUNITY CARE CENTER,800 STANSEL DR,RULEVILLE,MS,38771,6627564361,400,Lee,N,For profit - Limited Liability company,111,104,NA,Medicare and Medicaid,N,Legal Business Name Not Available,1989-06-01,NORBERT BENNETT & DONALD DENZ,771,27,1.8,2,2.6,2.3,N,NA,N,N,N,Resident,Yes,1,NA,1,NA,1,NA,1,NA,1,NA,4,NA,NA,NA,2.55169,1.04031,0.42949,1.4698,4.0215,3.23764,0.24269,0.00777,44,NA,30.8,NA,1,NA,1.12262,0.80666,1.88108,0.69398,0.54798,3.12304,2.77055,3.14121,1.28065,0.52872,4.95058,3.98563,2025-08-27,11,10,3,68,1,0,68,2023-11-30,18,10,8,347,1,0,347,137.75,NA,2,101474,1,3,"800 STANSEL DR,RULEVILLE,MS,38771",33.7362,-90.544,NA,2026-06-01
255114,CLEVELAND COMMUNITY CARE CENTER,4036 HIGHWAY 8 EAST,CLEVELAND,MS,38732,6628434014,400,Lee,N,Non profit - Corporation,120,113,NA,Medicare and Medicaid,N,Legal Business Name Not Available,1989-06-01,COMMCARE CORPORATION,150,16,3.2,3.1,3.3,3.6,N,NA,N,N,N,Resident,Yes,1,NA,1,NA,2,NA,3,NA,1,NA,4,NA,NA,NA,2.10056,0.82641,0.58741,1.41382,3.51438,2.9743,0.46359,0.03484,47.1,NA,23.1,NA,1,NA,1.0518,0.75577,1.76242,0.6502,0.51341,2.92603,2.59578,2.75995,1.08583,0.77181,4.61759,3.90797,2026-01-08,8,8,2,32,1,0,32,2024-02-15,13,5,8,428,1,0,428,131,NA,1,229213,1,2,"4036 HIGHWAY 8 EAST,CLEVELAND,MS,38732",33.7474,-90.699,NA,2026-06-01
255115,MANHATTAN COMMUNITY CARE CENTER,4540 MANHATTAN RD,JACKSON,MS,39206,6019827421,400,Lee,N,For profit - Limited Liability company,180,162,NA,Medicare and Medicaid,N,Legal Business Name Not Available,1989-06-09,NORBERT BENNETT & DONALD DENZ,771,27,1.8,2,2.6,2.3,N,NA,N,N,N,Resident,Yes,2,NA,2,NA,2,NA,1,NA,3,NA,2,NA,NA,NA,2.07195,1.1934,0.16527,1.35867,3.43063,3.05676,0.07052,0.05166,51.4,NA,30,NA,2,NA,1.2309,0.88447,2.06253,0.76092,0.60083,3.42428,3.0378,2.32625,1.33987,0.18556,3.85167,3.43192,2024-07-25,11,8,3,72,1,0,72,2022-09-22,14,6,8,116,1,0,116,83,NA,3,22808,0,3,"4540 MANHATTAN RD,JACKSON,MS,39206",32.3536,-90.158,NA,2026-06-01
255116,LAKELAND COMMUNITY CARE CENTER,3680 LAKELAND LANE,JACKSON,MS,39216,6019825505,400,Lee,N,For profit - Limited Liability company,105,88.8,NA,Medicare and Medicaid,N,Legal Business Name Not Available,1989-06-01,COMMCARE CORPORATION,150,16,3.2,3.1,3.3,3.6,N,NA,N,N,N,Resident,Yes,2,NA,2,NA,3,NA,3,NA,2,NA,3,NA,NA,NA,2.54359,1.0472,0.40389,1.45109,3.99468,3.16534,0.23093,0.04128,65.6,NA,55.6,NA,1,NA,1.13355,0.81451,1.8994,0.70074,0.55331,3.15344,2.79753,3.10104,1.27671,0.4924,4.87015,3.85905,2025-01-30,13,8,6,76,1,0,76,2023-09-14,10,4,7,52,1,0,52,70,NA,1,8424,0,1,"3680 LAKELAND LANE,JACKSON,MS,39216",32.3358,-90.151,NA,2026-06-01
255117,DIVERSICARE OF EUPORA,156 E WALNUT AVE,EUPORA,MS,39744,6622588293,770,Webster,N,For profit - Corporation,119,107.8,NA,Medicare and Medicaid,N,DIVERSICARE OF EUPORA LLC,1989-06-01,DIVERSICARE HEALTHCARE,185,46,2.5,2.4,2.9,3.5,N,NA,N,N,N,Both,Yes,2,NA,2,NA,4,NA,3,NA,4,NA,4,NA,NA,NA,1.94237,0.65285,0.65877,1.31162,3.25399,2.82422,0.3269,0.04272,34.7,NA,25,NA,0,NA,1.11999,0.80477,1.87669,0.69236,0.5467,3.11574,2.76408,2.39672,0.80556,0.81287,4.01514,3.48484,2026-02-26,10,7,4,48,1,0,48,2024-08-29,13,10,7,76,1,0,76,55,NA,0,0,0,0,"156 E WALNUT AVE,EUPORA,MS,39744",33.5325,-89.266,NA,2026-06-01
255118,DIVERSICARE OF MERIDIAN,4728 HIGHWAY 39 NORTH,MERIDIAN,MS,39301,6014828151,370,Lauderdale,N,For profit - Limited Liability company,120,95,NA,Medicare and Medicaid,N,DIVERSICARE OF MERIDIAN LLC,1989-06-01,DIVERSICARE HEALTHCARE,185,46,2.5,2.4,2.9,3.5,N,NA,N,N,N,Resident,Yes,2,NA,2,NA,2,NA,2,NA,2,NA,4,NA,NA,NA,2.00853,0.76355,0.56139,1.32495,3.33348,3.03803,0.33938,0.03257,34.2,NA,40,NA,1,NA,1.15322,0.82865,1.93236,0.7129,0.56291,3.20817,2.84608,2.40695,0.91501,0.67275,3.99471,3.64066,2025-05-21,8,7,1,68,1,0,68,2024-01-25,8,5,3,72,1,0,72,69,NA,1,12735,0,1,"4728 HIGHWAY 39 NORTH,MERIDIAN,MS,39301",32.4071,-88.679,NA,2026-06-01
255119,DIVERSICARE OF AMORY,1215 EARL FRYE DRIVE,AMORY,MS,38821,6622569344,470,Monroe,N,For profit - Corporation,152,108.4,NA,Medicare and Medicaid,N,DIVERSICARE OF AMORY LLC,1989-06-01,DIVERSICARE HEALTHCARE,185,46,2.5,2.4,2.9,3.5,N,NA,N,N,N,Both,Yes,2,NA,2,NA,4,NA,4,NA,3,NA,4,NA,NA,NA,2.02827,0.38504,0.82877,1.21381,3.24208,2.84504,0.509,0.04939,37.6,NA,51.9,NA,0,NA,1.10545,0.79433,1.85232,0.68337,0.5396,3.07529,2.72819,2.53562,0.48136,1.03608,4.05306,3.5567,2026-04-16,11,8,3,68,1,0,68,2025-02-13,20,17,5,112,1,0,112,79,NA,0,0,0,0,"1215 EARL FRYE DRIVE,AMORY,MS,38821",33.9721,-88.477,NA,2026-06-01
255125,CHADWICK COMMUNITY CARE CENTER,1900 CHADWICK DRIVE,JACKSON,MS,39204,6013720231,400,Lee,N,For profit - Corporation,102,88.5,NA,Medicare and Medicaid,N,Legal Business Name Not Available,1989-10-01,NORBERT BENNETT & DONALD DENZ,771,27,1.8,2,2.6,2.3,N,NA,N,N,N,Resident,Yes,1,NA,2,NA,1,NA,2,NA,1,NA,2,NA,NA,NA,1.6303,0.75482,0.4361,1.19092,2.82122,2.37071,0.24886,0.07717,71.1,NA,36.4,NA,0,NA,1.12115,0.8056,1.87862,0.69307,0.54726,3.11895,2.76693,2.00957,0.93043,0.53755,3.47755,2.92224,2026-01-29,11,7,4,52,1,0,52,2024-06-05,6,4,4,52,1,0,52,52,0,1,8281,0,1,"1900 CHADWICK DRIVE,JACKSON,MS,39204",32.287,-90.258,NA,2026-06-01
255126,WILKINSON COUNTY SENIOR CARE,116 SOUTH LAFAYETTE STREET,CENTREVILLE,MS,39631,6016455253,780,Wilkinson,N,For profit - Limited Liability company,60,53.1,NA,Medicare and Medicaid,N,WILKINSON COUNTY SENIOR CARE LLC,1989-06-01,TREND CONSULTANTS,522,16,3.3,3.3,3.9,2.1,N,NA,N,N,N,Resident,Yes,5,NA,5,NA,2,NA,2,NA,NA,2,4,NA,NA,NA,3.42866,1.69927,0.43188,2.13115,5.55981,4.86783,0.26598,0.04882,35.2,NA,72.7,NA,0,NA,1.18997,0.85506,1.99395,0.73562,0.58085,3.31042,2.93678,3.98187,1.97345,0.50157,6.45689,5.65325,2025-08-28,2,1,1,8,1,0,8,2024-03-28,5,5,0,28,1,0,28,13,NA,0,0,0,0,"116 SOUTH LAFAYETTE STREET,CENTREVILLE,MS,39631",31.0901,-91.07,NA,2026-06-01
255127,TISHOMINGO COMM LIVING CENTER,1410 WEST QUITMAN STREET,IUKA,MS,38852,6624233422,700,Tishomingo,N,For profit - Corporation,73,65.8,NA,Medicare and Medicaid,N,"CLC OF IUKA, LLC",1989-09-19,COMMUNITY ELDERCARE SERVICES,155,17,1.7,1.9,2.8,1.8,N,NA,N,N,N,Resident,Yes,1,NA,1,NA,2,NA,3,NA,1,NA,4,NA,NA,NA,1.86536,0.8623,0.71968,1.58197,3.44734,3.05422,0.46403,0.01578,43.3,NA,30.8,NA,1,NA,1.20919,0.86887,2.02615,0.7475,0.59024,3.36388,2.98421,2.13191,0.98551,0.82251,3.93993,3.49064,2025-12-18,3,3,1,40,1,0,40,2024-08-01,9,4,5,316,1,0,316,109,NA,1,15940,0,1,"1410 WEST QUITMAN STREET,IUKA,MS,38852",34.8104,-88.202,NA,2026-06-01
255130,TIPPAH COUNTY NURSING HOME,1005 CITY AVENUE NORTH,RIPLEY,MS,38663,6628372111,690,Tippah,N,Government - County,40,30.9,NA,Medicare and Medicaid,Y,TIPPAH COUNTY HOSPITAL,1989-11-15,NA,NA,NA,NA,NA,NA,NA,N,NA,N,N,N,Resident,Yes,4,NA,3,NA,2,NA,1,NA,3,NA,5,NA,NA,NA,2.84254,1.46068,0.72467,2.18534,5.02789,4.05688,0.325,0.01636,45.7,NA,50,NA,0,NA,1.20977,0.86928,2.02712,0.74785,0.59052,3.36549,2.98564,3.24716,1.6686,0.82782,5.74358,4.63435,2026-02-19,7,7,0,44,1,0,44,2024-11-06,3,2,1,12,1,0,12,36,NA,0,0,0,0,"1005 CITY AVENUE NORTH,RIPLEY,MS,38663",34.7392,-88.949,NA,2026-06-01
255136,TUPELO COMMUNITY CARE CENTER,1901 BRIAR RIDGE ROAD,TUPELO,MS,38804,6628440675,400,Lee,N,Non profit - Corporation,120,106.3,NA,Medicare and Medicaid,N,Legal Business Name Not Available,1991-02-01,NORBERT BENNETT & DONALD DENZ,771,27,1.8,2,2.6,2.3,N,NA,N,N,N,Resident,Yes,1,NA,1,NA,2,NA,3,NA,1,NA,4,NA,NA,NA,2.1837,1.041,0.53843,1.57943,3.76313,2.93557,0.3252,0.05314,58.5,NA,53.8,NA,0,NA,1.0908,0.7838,1.82778,0.67431,0.53245,3.03454,2.69204,2.7666,1.31888,0.68216,4.76763,3.71917,2025-12-11,8,8,0,64,1,0,64,2024-09-11,19,16,9,204,1,0,204,99,NA,6,81741,1,7,"1901 BRIAR RIDGE ROAD,TUPELO,MS,38804",34.2427,-88.675,NA,2026-06-01
255137,NESHOBA COUNTY NURSING HOME,1001 HOLLAND AVENUE,PHILADELPHIA,MS,39350,6016631200,490,Neshoba,N,Government - County,145,128.8,NA,Medicare and Medicaid,Y,NESHOBA COUNTY GENERAL HOSPITAL,1991-05-20,NA,NA,NA,NA,NA,NA,NA,N,NA,N,N,N,Resident,Yes,3,NA,2,NA,4,NA,4,NA,3,NA,5,NA,NA,NA,2.21993,1.05769,0.86589,1.92358,4.14351,3.48508,0.49073,0.03289,43.3,NA,17.9,NA,NA,26,1.17399,0.84357,1.96716,0.72573,0.57305,3.26595,2.89733,2.61321,1.24508,1.01929,4.87759,4.1025,2025-11-18,10,9,1,68,1,0,68,2023-12-15,12,11,1,60,1,0,60,66,NA,1,15945,0,1,"1001 HOLLAND AVENUE,PHILADELPHIA,MS,39350",32.7537,-89.102,NA,2026-06-01
255138,ASHLAND HEALTH AND REHABILITATION,16056 BOUNDRY DRIVE,ASHLAND,MS,38603,6622246196,040,Benton,Y,For profit - Corporation,60,56.2,NA,Medicare and Medicaid,N,"VANGUARD OF ASHLAND, LLC",1991-06-11,VANGUARD HEALTHCARE,543,6,3.3,3.3,4.2,2.8,N,NA,N,N,N,Resident,Yes,5,NA,5,NA,4,NA,5,NA,3,NA,5,NA,NA,NA,2.53828,1.06277,0.8308,1.89357,4.43185,3.63645,0.4323,0.07512,33.3,NA,10,NA,1,NA,1.13007,0.81202,1.89358,0.69859,0.55162,3.14378,2.78895,3.10409,1.29967,1.01599,5.41975,4.44704,2026-04-15,2,2,0,8,1,0,8,2025-02-27,4,2,2,16,1,0,16,10,NA,0,0,0,0,"16056 BOUNDRY DRIVE,ASHLAND,MS,38603",34.8312,-89.171,22,2026-06-01
255139,DIVERSICARE OF BATESVILLE,154 WOODLAND ROAD,BATESVILLE,MS,38606,6625635636,530,Panola,N,For profit - Limited Liability company,130,106.6,NA,Medicare and Medicaid,N,DIVERSICARE OF BATESVILLE LLC,1991-07-01,DIVERSICARE HEALTHCARE,185,46,2.5,2.4,2.9,3.5,N,NA,Y,N,N,Resident,Yes,2,NA,2,NA,3,NA,4,NA,2,NA,4,NA,NA,NA,2.07916,1.00678,0.57777,1.58455,3.66371,3.26095,0.34907,0.02494,29.1,NA,25,NA,1,NA,1.18023,0.84806,1.97762,0.72959,0.5761,3.28332,2.91274,2.43456,1.17887,0.67653,4.28996,3.81836,2025-06-12,6,6,0,40,1,0,40,2023-12-07,10,10,0,56,1,0,56,44,NA,3,20138,0,3,"154 WOODLAND ROAD,BATESVILLE,MS,38606",34.3083,-89.93,NA,2026-06-01
255140,THE BLUFFS REHABILITATION AND HEALTHCARE CENTER,2850 PORTER'S CHAPEL ROAD,VICKSBURG,MS,39180,6016389211,740,Warren,N,For profit - Corporation,107,100.8,NA,Medicare and Medicaid,N,NEXION HEALTH AT VICKSBURG INC,1991-08-29,NEXION HEALTH,370,52,2.4,2.4,2.8,2.8,N,NA,N,N,N,Resident,Yes,1,NA,1,NA,1,NA,2,NA,1,NA,2,NA,NA,NA,1.98303,1.02139,0.4179,1.43928,3.42231,2.88433,0.22393,0.01645,47.1,NA,33.3,NA,0,NA,1.33933,0.96238,2.24422,0.82795,0.65376,3.72593,3.3054,2.04616,1.0539,0.43120000000000003,3.53127,2.97615,2025-01-09,15,11,9,144,1,0,144,2023-10-26,7,4,3,60,1,0,60,123,NA,2,8000,1,3,"2850 PORTER'S CHAPEL ROAD,VICKSBURG,MS,39180",32.3265,-90.852,NA,2026-06-01
255141,PICAYUNE REHABILITATION AND HEALTHCARE CENTER,1620 READ ROAD,PICAYUNE,MS,39466,6017981811,540,Pearl River,N,For profit - Corporation,120,100.4,NA,Medicare and Medicaid,N,NEXION HEALTH AT PICAYUNE INC,1991-09-01,NEXION HEALTH,370,52,2.4,2.4,2.8,2.8,N,NA,Y,N,N,Resident,Yes,1,NA,1,NA,1,NA,2,NA,1,NA,5,NA,NA,NA,2.23721,1.07028,0.58246,1.65275,3.88996,3.35363,0.36651,0.02996,26.4,NA,23.1,NA,0,NA,1.07568,0.77293,1.80244,0.66496,0.52507,2.99247,2.65472,2.87425,1.37504,0.74832,4.9976,4.30856,2025-03-13,7,6,2,107,1,0,107,2023-08-31,5,3,2,56,1,0,56,94.25,NA,2,34411,0,2,"1620 READ ROAD,PICAYUNE,MS,39466",30.5408,-89.663,NA,2026-06-01
255142,OCEAN SPRINGS HEALTH & REHABILITATION CENTER,1199 OCEAN SPRINGS ROAD,OCEAN SPRINGS,MS,39564,2288759363,290,Jackson,Y,For profit - Corporation,115,102.3,NA,Medicare and Medicaid,N,"1199 OCEAN SPRINGS ROAD OPERATIONS, LLC",1991-11-05,CONSULATE HEALTH CARE/INDEPENDENCE LIVING CENTERS/NSPIRE HEALTHCARE/RAYDIANT HEALTH CARE,158,11,2.6,2.7,3.4,2.9,N,NA,N,N,N,Resident,Yes,1,NA,1,NA,3,NA,3,NA,3,NA,3,NA,NA,NA,1.9165,0.90291,0.51688,1.4198,3.3363,2.90302,0.36313,0.04359,55.7,NA,28.6,NA,0,NA,1.22769,0.88216,2.05715,0.75893,0.59927,3.41535,3.02987,2.15735,1.01638,0.58184,3.75557,3.26784,2025-09-11,11,11,0,68,1,0,68,2024-04-18,13,7,7,144,1,0,144,87,NA,4,38277,0,4,"1199 OCEAN SPRINGS ROAD,OCEAN SPRINGS,MS,39564",30.4418,-88.721,NA,2026-06-01
255145,COURTYARD HEALTH AND REHABILITATION,501 SOUTH LOCUST STREET,MCCOMB,MS,39648,6016848111,560,Pike,N,For profit - Limited Liability company,145,112.2,NA,Medicare and Medicaid,N,501 SOUTH LOCUST STREET OPCO LLC,1991-12-01,AVARDIS HEALTH,843,38,2,2,2.4,3.3,N,SFF Candidate,Y,N,N,Resident,Yes,1,NA,1,NA,1,NA,1,NA,1,NA,3,NA,NA,NA,2.04191,1.1231,0.42431,1.54741,3.58932,3.26065,0.25101,0.01629,39.6,NA,42.9,NA,2,NA,1.15742,0.83167,1.9394,0.71549,0.56496,3.21986,2.85644,2.43807,1.341,0.50664,4.2857,3.89326,2025-01-09,9,6,3,210,1,0,210,2023-05-09,14,7,7,615,1,0,615,311.25,NA,2,34753,0,2,"501 SOUTH LOCUST STREET,MCCOMB,MS,39648",31.2399,-90.439,NA,2026-06-01
255146,YAZOO CITY REHABILITATION AND HEALTHCARE CENTER,925 CALHOUN AVENUE,YAZOO CITY,MS,39194,6627467770,810,Yazoo,Y,For profit - Corporation,155,126.3,NA,Medicare and Medicaid,N,NEXION HEALTH AT YAZOO CITY INC,1992-06-01,NEXION HEALTH,370,52,2.4,2.4,2.8,2.8,N,SFF Candidate,N,N,N,Resident,Yes,1,NA,1,NA,2,NA,2,NA,1,NA,3,NA,NA,NA,2.10101,1.10829,0.44088,1.54917,3.65018,3.1228,0.26346,0.00966,47.6,NA,55,NA,0,NA,1.3462,0.96732,2.25573,0.8322,0.65711,3.74504,3.32235,2.15684,1.13774,0.45259,3.74716,3.20577,2024-11-14,18,10,8,158,1,0,158,2023-08-17,19,7,12,647,1,0,647,280.25,NA,3,211371,1,4,"925 CALHOUN AVENUE,YAZOO CITY,MS,39194",32.8598,-90.404,NA,2026-06-01
255148,WOODLANDS REHABILITATION AND HEALTHCARE CENTER,102 WOODCHASE PARK DRIVE,CLINTON,MS,39056,6019247043,240,Hinds,Y,For profit - Corporation,145,132.3,NA,Medicare and Medicaid,N,NEXION HEALTH AT CLINTON INC,1992-05-01,NEXION HEALTH,370,52,2.4,2.4,2.8,2.8,N,NA,N,N,N,Both,Yes,2,NA,2,NA,3,NA,3,NA,3,NA,3,NA,NA,NA,2.13695,1.16572,0.576,1.74173,3.87868,3.10765,0.34767,0.05504,45.7,NA,33.3,NA,1,NA,1.33979,0.96271,2.24498,0.82823,0.65398,3.72719,3.30652,2.20424,1.20243,0.59414,4.00081,3.2055,2025-08-15,12,9,3,56,1,0,56,2024-04-11,17,5,13,152,1,0,152,80,NA,4,35648,0,4,"102 WOODCHASE PARK DRIVE,CLINTON,MS,39056",32.3198,-90.32,NA,2026-06-01
255149,BEDFORD CARE CENTER OF PETAL,908 S GEORGE STREET,PETAL,MS,39465,6015447441,170,Forrest,Y,For profit - Limited Liability company,60,54.9,NA,Medicare and Medicaid,N,"BEDFORD CARE CENTER OF PETAL, LLC",1992-11-01,BEDFORD CARE CENTERS,71,7,2.9,3.1,3.9,1.4,N,NA,N,N,N,Both,Yes,5,NA,5,NA,3,NA,1,NA,4,NA,4,NA,NA,NA,2.58081,1.45564,0.62452,2.08016,4.66096,3.7965,0.2731,0.0667,61.5,NA,60,NA,0,NA,1.13351,0.81448,1.89933,0.70071,0.55329,3.15333,2.79743,3.14653,1.77472,0.76142,5.68266,4.62871,2025-03-20,2,1,1,8,1,0,8,2023-10-05,3,3,0,20,1,0,20,11,NA,1,22198,1,2,"908 S GEORGE STREET,PETAL,MS,39465",31.3328,-89.267,NA,2026-06-01
255150,BEDFORD CARE CENTER OF MENDENHALL,925 WEST MANGUM AVENUE,MENDENHALL,MS,39114,6018471311,630,Simpson,Y,For profit - Limited Liability company,60,56.6,NA,Medicare and Medicaid,N,BEDFORD CARE CENTER OF MENDENHALL LLC,1992-11-01,BEDFORD CARE CENTERS,71,7,2.9,3.1,3.9,1.4,N,NA,N,N,N,Resident,Yes,1,NA,1,NA,1,NA,1,NA,1,NA,4,NA,NA,NA,2.60571,1.06392,0.58838,1.6523,4.25801,3.82298,0.4183,0.01071,60.8,NA,60,NA,0,NA,1.27251,0.91437,2.13225,0.78664,0.62114,3.54004,3.14048,2.82985,1.15544,0.63899,4.62428,4.15184,2025-02-06,5,4,1,40,1,0,40,2023-09-07,16,11,5,317,1,0,317,109.25,NA,4,101514,1,5,"925 WEST MANGUM AVENUE,MENDENHALL,MS,39114",31.9679,-89.884,NA,2026-06-01
255153,BEDFORD CARE CENTER OF NEWTON,1009 SOUTH MAIN STREET,NEWTON,MS,39345,6016836601,500,Newton,N,For profit - Limited Liability company,60,52.8,NA,Medicare and Medicaid,N,"BEDFORD CARE CENTER OF NEWTON, LLC",1992-08-26,BEDFORD CARE CENTERS,71,7,2.9,3.1,3.9,1.4,N,NA,N,N,N,Resident,Yes,5,NA,5,NA,2,NA,1,NA,2,NA,5,NA,NA,NA,3.06513,1.06772,0.62779,1.69551,4.76064,4.37594,0.3286,0.02742,32.8,NA,28.6,NA,1,NA,1.16306,0.83572,1.94885,0.71898,0.56772,3.23555,2.87036,3.64205,1.26869,0.74596,5.6567,5.19959,2025-11-20,1,1,0,4,1,0,4,2024-05-30,5,5,0,24,1,0,24,9,NA,0,0,0,0,"1009 SOUTH MAIN STREET,NEWTON,MS,39345",32.3048,-89.163,NA,2026-06-01
255154,CRYSTAL REHABILITATION AND HEALTHCARE CENTER,902 SGT JOHN A PITTMAN DRIVE,GREENWOOD,MS,38930,6624539173,410,Leflore,N,For profit - Corporation,100,76.7,NA,Medicare and Medicaid,N,NEXION HEALTH AT GREENWOOD INC,1992-09-01,NEXION HEALTH,370,52,2.4,2.4,2.8,2.8,N,NA,N,N,N,Resident,Yes,1,NA,1,NA,1,NA,1,NA,NA,2,4,NA,NA,NA,2.64464,0.76446,0.7577,1.52216,4.16679,3.8984,0.51491,0.0098,38,NA,41.7,NA,0,NA,1.50969,1.08479,2.52967,0.93326,0.73692,4.19985,3.72583,2.42091,0.69979,0.6936,3.81429,3.5686,2024-10-24,14,13,3,116,1,0,116,2023-05-25,8,6,2,32,1,0,32,95,NA,1,13520,0,1,"902 SGT JOHN A PITTMAN DRIVE,GREENWOOD,MS,38930",33.5042,-90.162,22,2026-06-01
255156,GRENADA REHABILITATION AND HEALTHCARE CENTER,1966 HILL DRIVE,GRENADA,MS,38901,6622262442,210,Grenada,N,For profit - Corporation,95,99,NA,Medicare and Medicaid,N,NEXION HEALTH AT GRENADA INC,1992-09-17,NEXION HEALTH,370,52,2.4,2.4,2.8,2.8,N,NA,Y,N,N,Both,Yes,1,NA,1,NA,2,NA,3,NA,1,NA,3,NA,NA,NA,2.18231,0.89192,0.48239,1.37431,3.55662,3.0432,0.42083,0.04889,36.5,NA,33.3,NA,0,NA,1.32406,0.9514,2.21862,0.8185,0.6463,3.68343,3.2677,2.27777,0.93093,0.50349,3.71219,3.17631,2024-07-18,10,5,5,104,1,0,104,2023-05-15,15,14,1,76,1,0,76,97,NA,1,14800,0,1,"1966 HILL DRIVE,GRENADA,MS,38901",33.7625,-89.816,NA,2026-06-01
255158,BEDFORD CARE CENTER OF HATTIESBURG,10 MEDICAL BOULEVARD,HATTIESBURG,MS,39401,6012643709,170,Forrest,Y,For profit - Limited Liability company,120,86.8,NA,Medicare and Medicaid,N,BEDFORD CARE CENTER OF HATTIESBURG LLC,1992-11-01,BEDFORD CARE CENTERS,71,7,2.9,3.1,3.9,1.4,N,NA,N,N,N,Resident,Yes,3,NA,4,NA,1,NA,1,NA,2,NA,3,NA,NA,NA,2.2568,1.33158,0.41242,1.74401,4.0008,3.43371,0.23879,0.02659,52.8,NA,25,NA,0,NA,1.33927,0.96234,2.24411,0.82791,0.65373,3.72576,3.30524,2.32876,1.37404,0.42557,4.12837,3.5432,2026-03-05,5,5,0,20,1,0,20,2024-10-24,5,5,0,24,1,0,24,21,NA,0,0,0,0,"10 MEDICAL BOULEVARD,HATTIESBURG,MS,39401",31.3184,-89.331,NA,2026-06-01
255159,PERRY COUNTY NURSING CENTER,202 BAY AVENUE WEST,RICHTON,MS,39476,6017882490,550,Perry,Y,For profit - Limited Liability company,60,53.9,NA,Medicare and Medicaid,N,"PERRY COMMUNITY CARE CENTER, LLC",1992-09-01,THE BEEBE FAMILY,779,49,2.7,3,3,2,N,NA,N,N,N,Resident,Yes,2,NA,2,NA,2,NA,2,NA,2,NA,3,NA,NA,NA,2.33764,1.10878,0.38358,1.49235,3.82999,3.22336,0.21467,0.01471,52.7,NA,83.3,NA,1,NA,1.13698,0.81698,1.90516,0.70286,0.55499,3.16301,2.80601,2.84133,1.34769,0.46623,4.65525,3.9179,2025-05-08,9,3,6,56,1,0,56,2023-11-02,4,4,0,20,1,0,20,47,NA,0,0,0,0,"202 BAY AVENUE WEST,RICHTON,MS,39476",31.347,-88.937,NA,2026-06-01
255160,THE MEADOWS,1905 SOUTH ADAMS STREET,FULTON,MS,38843,6628622165,280,Itawamba,N,For profit - Corporation,130,124,NA,Medicare and Medicaid,N,"DANIEL HEALTH CARE, INC.",1993-01-01,NA,NA,NA,NA,NA,NA,NA,N,NA,N,N,N,Both,Yes,3,NA,3,NA,4,NA,1,NA,5,NA,4,NA,NA,NA,1.92328,1.03166,0.79384,1.82549,3.74877,3.15095,0.54653,0.07047,43.6,NA,20,NA,0,NA,1.26114,0.90619,2.11319,0.77961,0.61559,3.50839,3.11241,2.10756,1.1305,0.8699,4.10797,3.45286,2025-05-29,6,4,2,40,1,0,40,2023-11-30,4,3,1,12,1,0,12,33,NA,1,12735,0,1,"1905 SOUTH ADAMS STREET,FULTON,MS,38843",34.2325,-88.399,NA,2026-06-01
255161,NMMC BALDWYN NURSING FACILITY,739 4TH STREET SOUTH,BALDWYN,MS,38824,6623654091,400,Lee,N,Non profit - Corporation,107,101.1,NA,Medicare and Medicaid,N,"NORTH MISSISSIPPI MEDICAL CENTER, INC.",1993-02-01,NORTH MISSISSIPPI HEALTH SERVICES,376,2,3.5,2,4.5,5,N,NA,N,N,N,Resident,Yes,3,NA,2,NA,5,NA,5,NA,4,NA,4,NA,NA,NA,2.25032,0.59449,1.18986,1.78434,4.03467,3.39418,0.87032,0.03768,42.4,NA,38.5,NA,1,NA,1.51553,1.08899,2.53945,0.93687,0.73976,4.21608,3.74023,2.05202,0.5421,1.085,3.67912,3.09508,2026-03-26,13,11,2,72,1,0,72,2025-01-09,11,4,8,56,1,0,56,68,NA,1,13520,0,1,"739 4TH STREET SOUTH,BALDWYN,MS,38824",34.4943,-88.645,NA,2026-06-01
255162,TREND HEALTH AND REHAB OF BROOKHAVEN,525 BROOKMAN DRIVE,BROOKHAVEN,MS,39601,6018332330,420,Lincoln,N,For profit - Limited Liability company,60,53.9,NA,Medicare and Medicaid,N,TREND HEALTH AND REHAB OF BROOKHAVEN,1993-04-01,TREND CONSULTANTS,522,16,3.3,3.3,3.9,2.1,N,NA,N,N,N,Resident,Yes,5,NA,4,NA,2,NA,2,NA,2,NA,5,NA,NA,NA,2.3986,1.02666,0.59955,1.62621,4.0248100000000004,3.32903,0.25968,0.01075,17.2,NA,0,NA,0,NA,1.13719,0.81713,1.90551,0.70299,0.55509,3.16359,2.80653,2.91489,1.24765,0.72861,4.89114,4.0456,2026-02-12,6,5,1,28,1,0,28,2024-10-10,5,4,1,24,1,0,24,27,NA,0,0,0,0,"525 BROOKMAN DRIVE,BROOKHAVEN,MS,39601",31.5898,-90.459,NA,2026-06-01
255163,MEMORIAL WOODLAND VILLAGE NURSING CENTER,5427 GEX ROAD,DIAMONDHEAD,MS,39525,2282554832,220,Hancock,Y,For profit - Individual,132,105,NA,Medicare and Medicaid,Y,MEMORIAL HOSPITAL AT GULFPORT,1993-03-15,NA,NA,NA,NA,NA,NA,NA,N,NA,N,N,N,Resident,Yes,3,NA,3,NA,2,NA,2,NA,2,NA,2,NA,NA,NA,2.35981,1.5587,0.31888,1.87757,4.23738,3.46811,0.25301,0.02117,NA,26,NA,26,1,NA,1.17008,0.84077,1.96062,0.72332,0.57115,3.25509,2.8877,2.78715,1.84096,0.37662,5.00473,4.09614,2025-06-26,7,7,0,28,1,0,28,2024-02-29,9,6,5,44,1,0,44,32,NA,0,0,0,0,"5427 GEX ROAD,DIAMONDHEAD,MS,39525",30.3765,-89.379,NA,2026-06-01
255164,JEFFERSON COUNTY NURSING HOME,910 MAIN STREET,FAYETTE,MS,39069,6017863888,310,Jefferson,N,Government - County,60,46.3,NA,Medicare and Medicaid,N,JEFFERSON COUNTY NURSING HOME,1993-04-13,NA,NA,NA,NA,NA,NA,NA,N,NA,N,N,N,Both,Yes,3,NA,4,NA,1,NA,1,NA,1,NA,4,NA,NA,NA,2.93542,0.92221,0.67655,1.59876,4.53417,3.97032,0.33779,0.02083,34.6,NA,16.7,NA,NA,26,1.34076,0.96341,2.24661,0.82883,0.65446,3.72991,3.30892,3.02564,0.95055,0.69735,4.67354,4.09235,2025-05-15,4,4,0,16,1,0,16,2024-01-25,3,1,2,16,1,0,16,16,NA,0,0,0,0,"910 MAIN STREET,FAYETTE,MS,39069",31.7046,-91.071,NA,2026-06-01
255166,ARABELLA HEALTH & WELLNESS OF MERIDIAN,1201 28TH AVENUE,MERIDIAN,MS,39301,6014831467,370,Lauderdale,N,For profit - Corporation,84,60.3,NA,Medicare and Medicaid,N,Legal Business Name Not Available,1993-08-01,ARABELLA HEALTHCARE MANAGEMENT,633,13,2.8,2.5,2.9,3.7,N,NA,N,N,N,Resident,Yes,4,NA,4,NA,2,NA,3,NA,2,NA,3,NA,NA,NA,2.02042,1.03124,0.58966,1.6209,3.64132,2.96215,0.19736,0.0176,61.9,NA,57.1,NA,1,NA,1.32586,0.9527,2.22165,0.81962,0.64718,3.68845,3.27215,2.10593,1.07488,0.61462,3.79543,3.08752,2025-04-17,6,5,1,24,1,0,24,2023-12-07,7,4,3,28,1,0,28,25,NA,0,0,0,0,"1201 28TH AVENUE,MERIDIAN,MS,39301",32.3689,-88.706,NA,2026-06-01
255168,MERIT HEALTH WESLEY,5001 HARDY STREET,HATTIESBURG,MS,39402,6012685962,170,Forrest,Y,For profit - Corporation,25,19.3,NA,Medicare,Y,WESLEY HEALTH SYSTEM LLC,1993-11-17,NA,NA,NA,NA,NA,NA,NA,N,NA,N,N,N,None,Yes,5,NA,5,NA,3,NA,NA,2,3,NA,5,NA,NA,NA,1.0777,1.89876,2.98521,4.88396,5.96166,5.07984,2.33374,0.2074,35.7,NA,27.3,NA,1,NA,1.26774,0.91094,2.12425,0.78369,0.61881,3.52676,3.12871,1.17481,2.06985,3.2542,6.49886,5.53757,2026-02-19,1,1,0,4,1,0,4,2024-09-04,2,2,0,20,1,0,20,8,NA,0,0,0,0,"5001 HARDY STREET,HATTIESBURG,MS,39402",31.3234,-89.365,NA,2026-06-01
255169,"TREND HEALTH AND REHAB OF NATCHEZ, LLC",587 JOHN R JUNKIN DRIVE,NATCHEZ,MS,39120,6014468426,000,Adams,N,For profit - Limited Liability company,80,64.2,NA,Medicare and Medicaid,N,"TREND HEALTH AND REHAB OF NATCHEZ, LLC",1994-03-01,TREND CONSULTANTS,522,16,3.3,3.3,3.9,2.1,N,NA,N,N,N,Resident,Yes,1,NA,2,NA,1,NA,1,NA,3,NA,2,NA,NA,NA,2.45685,1.14979,0.22407,1.37386,3.83071,3.34581,0.23638,0.0132,NA,26,NA,26,1,NA,1.17513,0.84439,1.96908,0.72644,0.57361,3.26913,2.90015,2.8893,1.35217,0.26351,4.50498,3.93473,2025-04-24,11,10,1,48,1,0,48,2023-09-21,8,7,1,84,1,0,84,57,NA,2,9770,0,2,"587 JOHN R JUNKIN DRIVE,NATCHEZ,MS,39120",31.5324,-91.392,NA,2026-06-01
255171,MIDDLETON OAKS HEALTH AND REHABILITATION,627 MIDDLETON ROAD,WINONA,MS,38967,6622831260,480,Montgomery,N,For profit - Corporation,120,94.9,NA,Medicare and Medicaid,N,627 MIDDLETON ROAD OPCO LLC,1994-03-01,AVARDIS HEALTH,843,38,2,2,2.4,3.3,N,NA,N,N,N,Both,Yes,1,NA,1,NA,2,NA,3,NA,1,NA,3,NA,NA,NA,1.78451,0.94564,0.54477,1.49041,3.27493,2.81513,0.34691,0.01683,53.9,NA,70,NA,0,NA,1.14958,0.82604,1.92627,0.71065,0.56114,3.19806,2.8371,2.14526,1.13681,0.65489,3.93696,3.38421,2025-03-27,16,12,4,172,1,0,172,2023-09-28,17,9,8,68,1,0,68,146,NA,2,10868,0,2,"627 MIDDLETON ROAD,WINONA,MS,38967",33.4876,-89.741,NA,2026-06-01
255173,GRAND TRACE HEALTH AND REHABILITATION,555 JOHN R. JUNKIN DRIVE,NATCHEZ,MS,39120,6014424396,000,Adams,N,For profit - Limited Liability company,96,62.8,NA,Medicare and Medicaid,N,555 JOHN R JUNKIN DRIVE OPCO LLC,1994-03-01,AVARDIS HEALTH,843,38,2,2,2.4,3.3,N,NA,N,N,N,Resident,Yes,1,NA,1,NA,1,NA,2,NA,1,NA,2,NA,NA,NA,2.01913,0.99733,0.32075,1.31808,3.3372,3.13259,0.24319,0.02063,66.2,NA,83.3,NA,3,NA,1.05109,0.75527,1.76124,0.64977,0.51306,2.92407,2.59404,2.65474,1.31128,0.42172,4.38774,4.11871,2025-03-27,18,13,6,128,1,0,128,2024-03-07,15,9,7,100,1,0,100,121,NA,2,48153,0,2,"555 JOHN R. JUNKIN DRIVE,NATCHEZ,MS,39120",31.5347,-91.394,NA,2026-06-01
255174,DIVERSICARE OF MOSS POINT,3401 MAIN STREET,MOSS POINT,MS,39563,2287627451,290,Jackson,Y,For profit - Limited Liability company,160,98.5,NA,Medicare and Medicaid,N,"DAC OF MOSS POINT, LLC",1994-05-01,DIVERSICARE HEALTHCARE,185,46,2.5,2.4,2.9,3.5,N,NA,N,N,N,Resident,Yes,3,NA,3,NA,2,NA,3,NA,1,NA,4,NA,NA,NA,2.0485,0.86032,0.57628,1.4366,3.4851,3.13327,0.32084,0.01205,31.9,NA,35.7,NA,0,NA,1.23785,0.88946,2.07416,0.76521,0.60422,3.4436,3.05493,2.28701,0.96049,0.64338,3.89088,3.49809,2024-12-05,9,7,2,44,1,0,44,2023-04-13,2,2,0,12,1,0,12,36,NA,0,0,0,0,"3401 MAIN STREET,MOSS POINT,MS,39563",30.3897,-88.535,NA,2026-06-01
255175,DIVERSICARE OF BROOKHAVEN,519 BROOKMAN DRIVE,BROOKHAVEN,MS,39601,6018332881,420,Lincoln,N,For profit - Corporation,58,52.3,NA,Medicare and Medicaid,N,DIVERSICARE OF BROOKHAVEN LLC,1994-03-01,DIVERSICARE HEALTHCARE,185,46,2.5,2.4,2.9,3.5,N,NA,Y,N,N,Resident,Yes,2,NA,2,NA,3,NA,3,NA,3,NA,4,NA,NA,NA,2.09833,0.78174,0.7281,1.50984,3.60818,2.9266,0.31783,0.0947,53.3,NA,70,NA,0,NA,1.1764,0.84531,1.97121,0.72723,0.57423,3.27267,2.9033,2.465,0.91835,0.85533,4.23868,3.438,2026-01-08,14,5,9,92,1,0,92,2024-06-20,7,4,3,24,1,0,24,75,NA,1,8788,0,1,"519 BROOKMAN DRIVE,BROOKHAVEN,MS,39601",31.5897,-90.459,NA,2026-06-01
255179,"LEAKESVILLE REHABILITATION AND NURSING CENTER, INC",1300 MELODY LANE,LEAKESVILLE,MS,39451,6013942331,200,Greene,N,For profit - Corporation,60,46.9,NA,Medicare and Medicaid,N,"LEAKESVILLE REHABILITATION AND NURSING CENTER, INC.",1994-09-01,NA,NA,NA,NA,NA,NA,NA,N,NA,N,N,N,Resident,Yes,3,NA,4,NA,1,NA,1,NA,1,NA,4,NA,NA,NA,2.75082,1.4757,0.68412,2.15983,4.91065,4.07839,0.42119,0.01128,41.1,NA,58.3,NA,2,NA,1.40697,1.01098,2.35756,0.86976,0.68678,3.9141,3.47233,2.70195,1.44948,0.67197,4.8234,4.00592,2025-11-18,5,5,0,20,1,0,20,2024-05-09,7,5,2,52,1,0,52,28,NA,0,0,0,0,"1300 MELODY LANE,LEAKESVILLE,MS,39451",31.1498,-88.559,NA,2026-06-01
255181,GLEN OAKS NURSING CENTER,55 SUSANNE STREET,LUCEDALE,MS,39452,6019472783,190,George,N,For profit - Corporation,45,37.4,NA,Medicare and Medicaid,N,DELCO INC,1994-09-01,NA,NA,NA,NA,NA,NA,NA,N,NA,N,N,N,Resident,Yes,5,NA,5,NA,3,NA,3,NA,NA,2,3,NA,NA,NA,2.37496,1.44349,0.55128,1.99477,4.36973,3.64304,0.27064,0.0076,70.4,NA,66.7,NA,2,NA,1.20026,0.86245,2.01118,0.74198,0.58588,3.33903,2.96217,2.73452,1.66203,0.63474,5.0313,4.19459,2025-03-27,0,0,0,0,0,0,0,2023-11-08,2,2,0,24,1,0,24,6,NA,0,0,0,0,"55 SUSANNE STREET,LUCEDALE,MS,39452",30.9124,-88.601,NA,2026-06-01
255182,LAKEVIEW NURSING CENTER,16411 ROBINSON ROAD,GULFPORT,MS,39503,2288313001,230,Harrison,Y,For profit - Corporation,105,77.5,NA,Medicare and Medicaid,N,LAKEVIEW CORPORATION,1994-07-26,NA,NA,NA,NA,NA,NA,NA,N,NA,N,N,N,Both,Yes,3,NA,3,NA,2,NA,2,NA,2,NA,4,NA,NA,NA,2.22678,1.43235,0.66614,2.09849,4.32527,3.54596,0.33967,0.00835,61.7,NA,40,NA,1,NA,1.18776,0.85347,1.99025,0.73425,0.57978,3.30427,2.93133,2.59088,1.66655,0.77506,5.03249,4.12575,2025-09-18,3,3,0,12,1,0,12,2025-04-02,11,8,3,88,1,0,88,31,NA,2,12183,0,2,"16411 ROBINSON ROAD,GULFPORT,MS,39503",30.4639,-89.116,NA,2026-06-01
255185,INDIANOLA REHABILITATION AND HEALTHCARE CENTER,401 HIGHWAY 82 WEST,INDIANOLA,MS,38751,6628872682,660,Sunflower,N,For profit - Limited Liability company,75,66,NA,Medicare and Medicaid,N,NEXION HEALTH AT INDIANOLA INC,1994-11-28,NEXION HEALTH,370,52,2.4,2.4,2.8,2.8,N,NA,N,N,N,Resident,Yes,2,NA,1,NA,5,NA,5,NA,NA,2,4,NA,NA,NA,2.46068,0.81396,0.6539,1.46786,3.92854,3.33136,0.40889,0.08202,35.2,NA,9.1,NA,1,NA,1.27939,0.91931,2.14378,0.79089,0.6245,3.55917,3.15746,2.65798,0.87923,0.70633,4.24354,3.59848,2025-04-24,7,6,1,107,1,0,107,2023-10-12,2,0,2,40,0,0,40,90.25,NA,2,31437,0,2,"401 HIGHWAY 82 WEST,INDIANOLA,MS,38751",33.4564,-90.67,NA,2026-06-01
255191,ATTALA COUNTY NURSING CENTER,326 HIGHWAY 12 WEST,KOSCIUSKO,MS,39090,6622891200,030,Attala,N,For profit - Corporation,120,97.4,NA,Medicare and Medicaid,N,"ATTALA COMMUNITY CARE CENTER, LLC",1995-01-01,THE BEEBE FAMILY,779,49,2.7,3,3,2,N,NA,N,N,N,Resident,Yes,2,NA,3,NA,1,NA,1,NA,1,NA,4,NA,NA,NA,2.44611,0.99247,0.46233,1.45481,3.90092,3.37304,0.18139,0.01211,31.2,NA,30,NA,0,NA,1.27083,0.91316,2.12943,0.7856,0.62032,3.53535,3.13633,2.66005,1.07928,0.50277,4.24209,3.66804,2025-08-21,8,8,0,32,1,0,32,2023-11-08,4,3,1,20,1,0,20,29,NA,0,0,0,0,"326 HIGHWAY 12 WEST,KOSCIUSKO,MS,39090",33.066,-89.583,NA,2026-06-01
255192,CLAIBORNE COUNTY SENIOR CARE,2124 OLD HWY 61 SOUTH,PORT GIBSON,MS,39150,6014378737,100,Claiborne,N,For profit - Corporation,65,61.8,NA,Medicare and Medicaid,N,CLAIBORNE COUNTY SENIOR CARE LLC,1994-12-01,TREND CONSULTANTS,522,16,3.3,3.3,3.9,2.1,N,NA,N,N,N,Resident,Yes,4,NA,4,NA,2,NA,2,NA,3,NA,4,NA,NA,NA,4.03022,1.24529,0.41074,1.65604,5.68626,4.95333,0.222,0.06407,28.4,NA,0,NA,1,NA,1.12417,0.80778,1.88369,0.69494,0.54873,3.12736,2.77439,4.95446,1.53087,0.50494000000000006,6.99027,6.08926,2025-06-19,4,4,1,24,1,0,24,2024-02-29,2,2,0,8,1,0,8,20,NA,0,0,0,0,"2124 OLD HWY 61 SOUTH,PORT GIBSON,MS,39150",31.9575,-90.982,22,2026-06-01
255206,AURORA HEALTH AND REHABILITATION,310 EMERALD DRIVE,COLUMBUS,MS,39702,6623278021,430,Lowndes,N,For profit - Corporation,120,82.8,NA,Medicare and Medicaid,N,"AURORA AUSTRALIS, LLC",1995-10-01,VANGUARD HEALTHCARE,543,6,3.3,3.3,4.2,2.8,N,NA,N,N,N,Resident,Yes,2,NA,2,NA,2,NA,2,NA,2,NA,4,NA,NA,NA,2.12122,1.05105,0.80377,1.85482,3.97604,3.27762,0.44063,0.01216,35.4,NA,18.8,NA,0,NA,1.37149,0.98549,2.2981,0.84783,0.66946,3.81538,3.38475,2.13744,1.05908,0.80991,4.00644,3.30268,2026-01-22,8,7,3,60,1,0,60,2024-04-04,2,2,0,8,1,0,8,47,NA,0,0,0,0,"310 EMERALD DRIVE,COLUMBUS,MS,39702",33.4963,-88.367,NA,2026-06-01
255207,PLAZA COMMUNITY LIVING CENTER,4403 HOSPITAL ROAD,PASCAGOULA,MS,39581,2287628960,290,Jackson,Y,For profit - Corporation,100,85.7,NA,Medicare and Medicaid,N,CLC OF PASCAGOULA LLC,1995-11-01,COMMUNITY ELDERCARE SERVICES,155,17,1.7,1.9,2.8,1.8,N,NA,N,N,N,Resident,Yes,1,NA,2,NA,1,NA,1,NA,1,NA,3,NA,NA,NA,1.98071,0.92633,0.65265,1.57898,3.55969,3.15767,0.48485,0.00229,56.1,NA,50,NA,2,NA,1.21469,0.87282,2.03537,0.7509,0.59292,3.37919,2.99779,2.25348,1.0539,0.74253,4.04992,3.59253,2025-01-09,8,7,4,40,1,0,40,2023-05-25,11,11,0,119,1,0,119,59.75,NA,0,0,0,0,"4403 HOSPITAL ROAD,PASCAGOULA,MS,39581",30.3734,-88.535,NA,2026-06-01
255210,PINE CREST GUEST HOME INC,133 PINE STREET,HAZLEHURST,MS,39083,6018941411,140,Copiah,Y,For profit - Limited Liability company,55,50.5,NA,Medicare and Medicaid,N,PINECREST LLC,1995-08-01,CAVALIER HEALTHCARE,691,4,2,2.3,3,3,N,NA,Y,N,N,Resident,Yes,1,NA,1,NA,4,NA,4,NA,4,NA,3,NA,NA,NA,2.28183,1.41457,0.26043,1.675,3.95683,3.07496,0.17447,0.04146,51.7,NA,NA,27,2,NA,1.14443,0.82233,1.91763,0.70746,0.55862,3.18371,2.82438,2.75547,1.70819,0.31449,4.77815,3.71323,2024-12-12,4,2,2,162,1,0,162,2023-08-10,2,2,0,8,1,0,8,123.5,NA,2,15945,0,2,"133 PINE STREET,HAZLEHURST,MS,39083",31.8681,-90.397,NA,2026-06-01
255212,COURTYARDS COMM LIVING CENTER,907 EAST WALKER STREET,FULTON,MS,38843,6628626140,280,Itawamba,N,For profit - Individual,66,58.2,NA,Medicare and Medicaid,N,CLC OF FULTON LLC,1995-12-14,COMMUNITY ELDERCARE SERVICES,155,17,1.7,1.9,2.8,1.8,N,NA,N,N,N,Resident,Yes,1,NA,1,NA,2,NA,2,NA,2,NA,3,NA,NA,NA,2.41101,0.65246,0.60166,1.25412,3.66513,3.14859,0.3423,0.01959,60.7,NA,70,NA,3,NA,1.14656,0.82387,1.92121,0.70878,0.55966,3.18965,2.82965,2.90603,0.78643,0.72519,4.41765,3.79506,2025-05-22,8,8,0,44,1,0,44,2024-02-20,28,20,10,658,1,0,658,197.5,0,3,117659,1,4,"907 EAST WALKER STREET,FULTON,MS,38843",34.2609,-88.4,NA,2026-06-01
255213,MEADVILLE CONVALESCENT HOME,300 HWY 556/ROUTE 2 BOX 66,MEADVILLE,MS,39653,6017737778,180,Franklin,N,For profit - Limited Liability company,60,39.4,NA,Medicare and Medicaid,N,MEADVILLE LLC,1995-08-01,CAVALIER HEALTHCARE,691,4,2,2.3,3,3,N,NA,N,N,N,Resident,Yes,3,NA,3,NA,1,NA,1,NA,NA,2,5,NA,NA,NA,2.67011,1.63391,0.64438,2.27829,4.9484,3.78693,0.4839,0.01646,34.1,NA,16.7,NA,1,NA,1.27555,0.91655,2.13735,0.78852,0.62263,3.5485,3.148,2.89287,1.77022,0.69815,5.36124,4.10287,2025-08-21,7,5,2,32,1,0,32,2024-04-24,9,8,1,72,1,0,72,42,NA,0,0,0,0,"300 HWY 556/ROUTE 2 BOX 66,MEADVILLE,MS,39653",31.4556,-90.88,22,2026-06-01
255214,LAWRENCE CO NURSING CENTER,700 JEFFERSON STREET SOUTH,MONTICELLO,MS,39654,6015872593,380,Lawrence,N,For profit - Limited Liability company,60,56.8,NA,Medicare and Medicaid,N,"MONTICELLO COMMUNITY CARE CENTER, LLC",1996-01-01,THE BEEBE FAMILY,779,49,2.7,3,3,2,N,NA,N,N,N,Resident,Yes,1,NA,1,NA,2,NA,3,NA,1,NA,4,NA,NA,NA,2.49487,0.86458,0.351,1.21558,3.71045,2.98551,0.20079,0.0086,30.6,NA,0,NA,1,NA,1.1638,0.83625,1.9501,0.71944,0.56808,3.23762,2.8722,2.96257,1.02666,0.4168,4.40603,3.54518,2025-04-02,11,8,3,100,1,0,100,2024-02-01,4,4,0,40,1,0,40,85,NA,2,16720,0,2,"700 JEFFERSON STREET SOUTH,MONTICELLO,MS,39654",31.548,-90.106,NA,2026-06-01
255215,LANDMARK OF COLLINS,1315 SOUTH FIR  AVE,COLLINS,MS,39428,6017658262,150,Covington,N,For profit - Limited Liability company,60,55,NA,Medicare and Medicaid,N,"COLLINS COMMUNITY CARE CENTER, LLC",1996-01-01,THE BEEBE FAMILY,779,49,2.7,3,3,2,N,NA,N,N,N,Resident,Yes,4,NA,4,NA,2,NA,2,NA,2,NA,3,NA,NA,NA,2.43472,1.05137,0.51464,1.56602,4.00074,3.26679,0.22291,0.02289,69.4,NA,60,NA,0,NA,1.20171,0.86349,2.01362,0.74287,0.58658,3.34308,2.96576,2.79994,1.20908,0.59184,4.60087,3.75683,2025-09-18,2,2,0,8,1,0,8,2024-05-02,5,5,0,32,1,0,32,14,NA,0,0,0,0,"1315 SOUTH FIR  AVE,COLLINS,MS,39428",31.6353,-89.548,NA,2026-06-01
255216,RIVERVIEW NURSING & REHABILITATION CENTER,1600 WEST CLAIBORNE AVENUE EXTENDED,GREENWOOD,MS,38930,6624538140,410,Leflore,N,Non profit - Corporation,91,74.1,NA,Medicare and Medicaid,N,"MAGNOLIA HEALTHCARE, INC.",1995-12-01,NA,NA,NA,NA,NA,NA,NA,N,NA,N,N,N,Both,Yes,1,NA,2,NA,3,NA,2,NA,3,NA,1,23,23,23,NA,NA,NA,NA,NA,NA,NA,NA,NA,26,NA,26,NA,26,NA,NA,NA,NA,NA,NA,NA,NA,NA,NA,NA,NA,2024-11-06,15,15,0,68,1,0,68,2023-03-16,4,1,3,16,1,0,16,55,NA,0,0,0,0,"1600 WEST CLAIBORNE AVENUE EXTENDED,GREENWOOD,MS,38930",33.5042,-90.162,22,2026-06-01
255217,RIVER HEIGHTS HEALTHCARE CENTER,402 ARNOLD AVENUE,GREENVILLE,MS,38701,6623320318,750,Washington,N,For profit - Corporation,60,56.7,NA,Medicare and Medicaid,N,"MAGNOLIA HEALTHCARE, INC.",1995-12-01,NA,NA,NA,NA,NA,NA,NA,N,NA,Y,N,N,Resident,Yes,1,NA,2,NA,2,NA,2,NA,NA,2,1,23,23,23,NA,NA,NA,NA,NA,NA,NA,NA,NA,26,NA,26,NA,26,NA,NA,NA,NA,NA,NA,NA,NA,NA,NA,NA,NA,2025-06-05,12,11,1,48,1,0,48,2023-11-21,5,2,3,48,1,0,48,48,NA,1,8800,1,2,"402 ARNOLD AVENUE,GREENVILLE,MS,38701",33.4029,-91.05,NA,2026-06-01
255218,TISHOMINGO MANOR,230 KHAKI STREET,IUKA,MS,38852,6624239112,700,Tishomingo,N,For profit - Limited Liability company,105,100.8,NA,Medicare and Medicaid,N,"TISHOMINGO COMMUNITY CARE CENTER, LLC",1996-01-01,THE BEEBE FAMILY,779,49,2.7,3,3,2,N,NA,Y,N,N,Resident,Yes,1,NA,2,NA,1,NA,1,NA,3,NA,4,NA,NA,NA,2.45494,0.9954,0.47581,1.47121,3.92615,3.4013,0.36185,0.01257,44.3,NA,23.1,NA,0,NA,1.36775,0.9828,2.29183,0.84551,0.66763,3.80498,3.37553,2.48047,1.00575,0.48076,3.96698,3.43667,2025-04-02,7,6,1,92,1,0,92,2024-05-22,2,2,0,20,1,0,20,74,NA,1,12425,0,1,"230 KHAKI STREET,IUKA,MS,38852",34.8272,-88.217,22,2026-06-01
255219,ARBOR WALK HEALTHCARE CENTER,570 NORTH SOLOMON STREET,GREENVILLE,MS,38703,6623355863,750,Washington,N,Non profit - Corporation,60,54.6,NA,Medicare and Medicaid,N,"MAGNOLIA HEALTHCARE, INC.",1996-01-01,NA,NA,NA,NA,NA,NA,NA,N,NA,N,N,N,Resident,Yes,1,NA,2,NA,3,NA,3,NA,NA,2,1,23,23,23,NA,NA,NA,NA,NA,NA,NA,NA,NA,26,NA,26,NA,26,NA,NA,NA,NA,NA,NA,NA,NA,NA,NA,NA,NA,2025-04-16,11,8,3,52,1,0,52,2023-09-28,11,7,4,104,1,0,104,65,0,2,8165,0,2,"570 NORTH SOLOMON STREET,GREENVILLE,MS,38703",33.414,-91.031,NA,2026-06-01
255220,SHARKEY-ISSAQUENA NURSING HOME,431 WEST RACE STREET,ROLLING FORK,MS,39159,6628735182,620,Sharkey,N,Government - County,54,45.1,NA,Medicare and Medicaid,N,SHARKEY ISSAQUENA COMMUNITY HOSPITAL,1996-01-01,NA,NA,NA,NA,NA,NA,NA,N,NA,N,N,N,Resident,Yes,3,NA,3,NA,4,NA,4,NA,NA,2,NA,2,6,6,NA,NA,NA,NA,NA,NA,NA,NA,NA,27,NA,27,NA,27,NA,NA,NA,NA,NA,NA,NA,NA,NA,NA,NA,NA,2024-10-03,6,6,0,48,1,0,48,2019-12-17,3,3,0,16,1,0,16,40,NA,0,0,0,0,"431 WEST RACE STREET,ROLLING FORK,MS,39159",32.9007,-90.879,NA,2026-06-01
255221,HAVEN HALL HEALTH CARE CENTER,101 MILLS STREET,BROOKHAVEN,MS,39601,6018335608,420,Lincoln,N,Non profit - Other,81,68.3,NA,Medicare and Medicaid,N,"MAGNOLIA HEALTHCARE, INC.",1996-01-01,NA,NA,NA,NA,NA,NA,NA,N,NA,N,N,N,Resident,Yes,1,NA,2,NA,2,NA,3,NA,2,NA,1,23,23,23,NA,NA,NA,NA,NA,NA,NA,NA,NA,26,NA,26,NA,26,NA,NA,NA,NA,NA,NA,NA,NA,NA,NA,NA,NA,2026-04-02,6,6,0,48,1,0,48,2024-10-31,5,3,2,48,1,0,48,48,NA,1,9445,0,1,"101 MILLS STREET,BROOKHAVEN,MS,39601",31.5888,-90.443,NA,2026-06-01
255222,TRINITY HEALTHCARE CENTER,230 AIRLINE ROAD,COLUMBUS,MS,39702,6623279404,430,Lowndes,N,Non profit - Corporation,60,57.2,NA,Medicare and Medicaid,N,"UNITED METHODIST SENIOR SERVICES OF GOLDEN TRIANGLE AREA, INC.",1995-12-14,NA,NA,NA,NA,NA,NA,NA,Y,NA,N,Y,N,Resident,Yes,3,NA,3,NA,4,NA,2,NA,5,NA,4,NA,NA,NA,3.1967,0.81817,0.757,1.57516,4.77186,4.1719,0.46503,0.02437,46.9,NA,63.6,NA,0,NA,1.19451,0.85832,2.00155,0.73842,0.58307,3.32303,2.94798,3.69839,0.94657,0.8758,5.52076,4.82664,2024-05-30,6,6,0,56,1,0,56,2023-03-09,2,1,1,8,1,0,8,44,NA,1,10033,0,1,"230 AIRLINE ROAD,COLUMBUS,MS,39702",33.493,-88.383,NA,2026-06-01
255226,NATCHEZ REHABILITATION AND HEALTHCARE CENTER,344 ARLINGTON AVENUE,NATCHEZ,MS,39120,6014432344,000,Adams,N,For profit - Corporation,58,46.1,NA,Medicare and Medicaid,N,"NEXION HEALTH AT NATCHEZ, INC.",1996-03-01,NEXION HEALTH,370,52,2.4,2.4,2.8,2.8,N,NA,N,N,N,Resident,Yes,3,NA,3,NA,3,NA,4,NA,1,NA,4,NA,NA,NA,1.93836,1.39712,0.42083,1.81795,3.75631,3.41636,0.323,0.01897,38.6,NA,40,NA,0,NA,1.24396,0.89385,2.08441,0.76899,0.60721,3.46061,3.07003,2.15341,1.55212,0.46752,4.17305,3.79538,2025-11-18,4,2,2,32,1,0,32,2024-06-05,2,2,0,20,1,0,20,29,NA,1,12740,0,1,"344 ARLINGTON AVENUE,NATCHEZ,MS,39120",31.5505,-91.399,NA,2026-06-01
255227,COLUMBIA REHABILITATION AND HEALTHCARE CENTER,1506 NORTH MAIN STREET,COLUMBIA,MS,39429,6017369557,450,Marion,N,For profit - Corporation,119,90.1,NA,Medicare and Medicaid,N,NEXION HEALTH AT COLUMBIA INC,1996-03-01,NEXION HEALTH,370,52,2.4,2.4,2.8,2.8,N,NA,N,N,N,Resident,Yes,4,NA,4,NA,2,NA,1,NA,3,NA,3,NA,NA,NA,2.37434,1.13009,0.3941,1.52419,3.89853,3.35403,0.23887,0.01993,49.4,NA,22.2,NA,0,NA,1.3144,0.94447,2.20244,0.81254,0.64159,3.65657,3.24387,2.4964,1.18818,0.41436,4.09895,3.52645,2025-09-11,6,6,0,24,1,0,24,2024-05-09,3,1,2,12,1,0,12,21,NA,0,0,0,0,"1506 NORTH MAIN STREET,COLUMBIA,MS,39429",31.2681,-89.845,NA,2026-06-01
255228,DELTA REHABILITATION AND HEALTHCARE CENTER,200 DR MARTIN LUTHER KING JR DRIVE,CLEVELAND,MS,38732,6628435347,050,Bolivar,N,For profit - Limited Liability company,75,69.1,NA,Medicare and Medicaid,N,"NEXION HEALTH AT CLEVELAND, INC.",1996-03-01,NEXION HEALTH,370,52,2.4,2.4,2.8,2.8,N,NA,N,N,N,Both,Yes,2,NA,3,NA,1,NA,1,NA,1,NA,4,NA,NA,NA,1.98562,0.69105,0.64258,1.33363,3.31925,3.08873,0.41154,0.01862,42.1,NA,30,NA,0,NA,1.25389,0.90099,2.10105,0.77513,0.61206,3.48824,3.09453,2.18845,0.76164,0.70821,3.6583,3.40423,2025-07-31,7,7,0,40,1,0,40,2023-11-16,5,1,4,20,1,0,20,35,NA,0,0,0,0,"200 DR MARTIN LUTHER KING JR DRIVE,CLEVELAND,MS,38732",33.7431,-90.711,NA,2026-06-01
255229,HOLLY SPRINGS REHABILITATION AND HEALTHCARE CENTER,1315  HIGHWAY 4 EAST,HOLLY SPRINGS,MS,38635,6622521141,460,Marshall,Y,For profit - Corporation,120,90.6,NA,Medicare and Medicaid,N,"NEXION HEALTH AT HOLLY SPRINGS, INC.",1996-03-01,NEXION HEALTH,370,52,2.4,2.4,2.8,2.8,N,NA,N,N,N,Resident,Yes,1,NA,2,NA,1,NA,1,NA,1,NA,4,NA,NA,NA,2.18325,1.13159,0.43939,1.57098,3.75423,3.34278,0.22606,0.00775,56.6,NA,25,NA,1,NA,1.18181,0.84919,1.98027,0.73057,0.57687,3.28771,2.91664,2.55302,1.32325,0.51381,4.39008,3.90895,2025-06-19,10,8,2,84,1,0,84,2024-01-04,14,9,5,92,1,0,92,86,NA,3,23078,0,3,"1315  HIGHWAY 4 EAST,HOLLY SPRINGS,MS,38635",34.8219,-89.317,NA,2026-06-01
255232,CORNERSTONE REHABILITATION AND HEALTHCARE CENTER,302 ALCORN DRIVE,CORINTH,MS,38834,6622862286,010,Alcorn,N,For profit - Limited Liability company,95,80.6,NA,Medicare and Medicaid,N,NEXION HEALTH AT CORINTH INC,1996-03-01,NEXION HEALTH,370,52,2.4,2.4,2.8,2.8,N,NA,N,N,N,Resident,Yes,1,NA,1,NA,3,NA,4,NA,2,NA,4,NA,NA,NA,2.0794,1.15243,0.50296,1.65538,3.73478,3.17011,0.27069,0.02153,51.8,NA,20,NA,0,NA,1.21176,0.87072,2.03046,0.74909,0.59149,3.37104,2.99056,2.37148,1.3143,0.5736,4.25939,3.6154,2026-04-09,9,8,3,64,1,0,64,2025-01-23,19,6,15,313,1,0,313,126.25,NA,1,90844,1,2,"302 ALCORN DRIVE,CORINTH,MS,38834",34.9332,-88.559,NA,2026-06-01
255233,AZALEA GARDENS NURSING CENTER,530 HALL ST,WIGGINS,MS,39577,6019285281,650,Stone,Y,For profit - Individual,99,61,NA,Medicare and Medicaid,N,"AZALEA GARDENS NURSING CENTER, LLC",1996-05-07,NA,NA,NA,NA,NA,NA,NA,N,NA,N,N,N,Resident,Yes,3,NA,4,NA,1,NA,1,NA,NA,2,4,NA,NA,NA,2.08702,1.05355,0.67013,1.72367,3.81069,3.29257,0.41467,0.00861,28.3,NA,0,NA,0,NA,1.24893,0.89742,2.09274,0.77206,0.60963,3.47444,3.08229,2.30934,1.16578,0.74151,4.21662,3.64332,2025-03-06,3,3,0,20,1,0,20,2023-06-22,2,2,0,16,1,0,16,19,NA,0,0,0,0,"530 HALL ST,WIGGINS,MS,39577",30.853,-89.142,NA,2026-06-01
255234,SHADY LAWN HEALTH AND REHABILITATION,60 SHADY LAWN PLACE,VICKSBURG,MS,39180,6016361448,740,Warren,N,For profit - Corporation,100,77.9,NA,Medicare and Medicaid,N,PORTERS CHAPEL OPCO LLC,1996-08-01,VANGUARD HEALTHCARE,543,6,3.3,3.3,4.2,2.8,N,NA,N,N,N,Resident,Yes,5,NA,5,NA,3,NA,3,NA,3,NA,5,NA,NA,NA,2.30823,0.8411,0.75372,1.59482,3.90305,3.40999,0.53859,0.02611,30.3,NA,28.6,NA,0,NA,1.17068,0.84119,1.96161,0.72369000000000006,0.57144,3.25674,2.88916,2.72484,0.99291,0.88976,4.60751,4.02546,2026-03-26,2,2,0,4,1,0,4,2024-05-02,3,2,2,12,1,0,12,6,NA,0,0,0,0,"60 SHADY LAWN PLACE,VICKSBURG,MS,39180",32.3327,-90.85,NA,2026-06-01
255243,BILLDORA SENIOR CARE,314 ENOCHS ST,TYLERTOWN,MS,39667,6018762173,730,Walthall,N,For profit - Corporation,60,42.9,NA,Medicare and Medicaid,N,BILLDORA SENIOR CARE LLC,1997-02-01,NA,NA,NA,NA,NA,NA,NA,N,NA,N,N,N,Resident,Yes,2,NA,3,NA,1,NA,1,NA,2,NA,4,NA,NA,NA,2.8568,1.59252,0.42304,2.01556,4.87236,3.72824,0.21022,0.02274,40,NA,57.1,NA,NA,26,1.13892,0.81838,1.90841,0.70406,0.55594,3.16841,2.8108,3.46645,1.93237,0.51332,5.91214,4.52386,2026-04-09,3,2,1,48,0,0,48,2025-03-06,4,4,0,16,1,0,16,40,NA,1,14020,0,1,"314 ENOCHS ST,TYLERTOWN,MS,39667",31.1136,-90.143,NA,2026-06-01
255244,SUNPLEX SUB-ACUTE CENTER,6520 SUNSCOPE DRIVE,OCEAN SPRINGS,MS,39564,2288751177,290,Jackson,Y,For profit - Limited Liability company,73,55.9,NA,Medicare and Medicaid,N,"CLC OF OCEAN SPRINGS, LLC",1997-01-08,COMMUNITY ELDERCARE SERVICES,155,17,1.7,1.9,2.8,1.8,N,SFF Candidate,Y,N,N,None,Yes,1,NA,1,NA,1,NA,1,NA,NA,2,2,NA,NA,NA,2.23418,0.88752,0.56947,1.45699,3.69117,3.16054,0.37804,0.04835,58.3,NA,80,NA,3,NA,1.33061,0.95612,2.22961,0.82256,0.6495,3.70167,3.28388,2.32041,0.92177,0.59145,3.83364,3.28254,2025-10-28,15,11,7,743,1,0,743,2024-07-17,21,7,14,637,1,0,637,716.5,NA,4,305999,0,4,"6520 SUNSCOPE DRIVE,OCEAN SPRINGS,MS,39564",30.4196,-88.719,NA,2026-06-01
255247,REST HAVEN HEALTH AND REHABILITATION,103 CUNNINGHAM DRIVE,RIPLEY,MS,38663,6628373062,690,Tippah,N,For profit - Corporation,60,48.3,NA,Medicare and Medicaid,N,"VANGUARD OF RIPLEY, LLC",1997-06-01,VANGUARD HEALTHCARE,543,6,3.3,3.3,4.2,2.8,N,NA,N,N,N,Both,Yes,2,NA,2,NA,2,NA,2,NA,2,NA,3,NA,NA,NA,2.20037,1.36984,0.43198,1.80182,4.00219,3.31657,0.28281,0.02066,54,NA,62.5,NA,1,NA,1.13589,0.8162,1.90333,0.70218,0.55446,3.15997,2.80331,2.67706,1.66661,0.52556,4.86923,4.03508,2025-09-04,8,7,2,48,1,0,48,2024-04-25,12,8,4,64,1,0,64,52,NA,0,0,0,0,"103 CUNNINGHAM DRIVE,RIPLEY,MS,38663",34.7401,-88.953,NA,2026-06-01
255249,Compere NH Inc,865 NORTH STREET,JACKSON,MS,39202,6019486531,240,Hinds,Y,For profit - Individual,60,54,NA,Medicare and Medicaid,N,NORTH STREET HEALTHCARE LLC,1997-09-01,TREND CONSULTANTS,522,16,3.3,3.3,3.9,2.1,N,NA,N,N,N,Resident,Yes,4,NA,4,NA,2,NA,2,NA,NA,2,2,NA,NA,NA,2.73824,1.15982,0.34204,1.50186,4.2401,3.28381,0.18951,0.00655,NA,26,NA,26,NA,26,1.20246,0.86403,2.01486,0.74333,0.58695,3.34515,2.96759,3.14704,1.33297,0.39311,4.87312,3.77406,2025-07-02,3,3,0,28,1,0,28,2024-01-11,3,3,1,12,1,0,12,24,NA,0,0,0,0,"865 NORTH STREET,JACKSON,MS,39202",32.3092,-90.177,NA,2026-06-01
255250,MS CARE CENTER OF MORTON,96 OLD HIGHWAY 80 EAST,MORTON,MS,39117,6017326361,610,Scott,Y,For profit - Corporation,120,98.2,NA,Medicare and Medicaid,N,"SCOTT COUNTY LTC, INC.",1997-11-01,MISSISSIPPI CARE CENTER,357,5,3.6,3.2,3.8,2.4,N,NA,Y,N,N,Both,Yes,2,NA,2,NA,3,NA,1,NA,5,NA,3,NA,NA,NA,2.73165,1.07018,0.55361,1.6238,4.35544,3.22709,0.19369,0.02808,60.2,NA,46.7,NA,NA,26,1.23379,0.88654,2.06736,0.7627,0.60224,3.43231,3.04492,3.05974,1.19872,0.62011,4.87856,3.61468,2026-03-19,10,8,2,72,1,0,72,2024-10-17,10,7,3,40,1,0,40,64,NA,2,19962,0,2,"96 OLD HIGHWAY 80 EAST,MORTON,MS,39117",32.3523,-89.654,22,2026-06-01
255251,MS CARE CENTER OF DEKALB,220 WILLOW AVENUE,DE KALB,MS,39328,6017435888,340,Kemper,N,For profit - Corporation,60,54.4,NA,Medicare and Medicaid,N,KEMPER COUNTY LTC INC,1997-11-01,MISSISSIPPI CARE CENTER,357,5,3.6,3.2,3.8,2.4,N,NA,N,Y,N,Resident,Yes,5,NA,4,NA,2,NA,2,NA,NA,2,5,NA,NA,NA,3.56232,1.01688,0.78042,1.7973,5.35962,4.01682,0.26539,0,38.8,NA,12.5,NA,0,NA,1.21759,0.8749,2.04022,0.75269,0.59433,3.38724,3.00493,4.04327,1.15417,0.88578,6.08323,4.55913,2024-05-08,3,3,0,12,1,0,12,2022-12-08,3,1,2,40,1,0,40,19,NA,2,10358,0,2,"220 WILLOW AVENUE,DE KALB,MS,39328",32.7798,-88.677,NA,2026-06-01
255252,MS CARE CENTER OF GREENVILLE,1221 EAST UNION STREET,GREENVILLE,MS,38703,6623355811,750,Washington,N,For profit - Corporation,90,72.4,NA,Medicare and Medicaid,N,"WASHINGTON COUNTY LTC, INC.",1997-11-01,MISSISSIPPI CARE CENTER,357,5,3.6,3.2,3.8,2.4,N,NA,N,N,N,Resident,Yes,5,NA,5,NA,2,NA,2,NA,1,NA,2,NA,NA,NA,2.15751,0.97196,0.28007,1.25204,3.40955,3.02158,0.22366,0.01095,68.1,NA,70,NA,0,NA,1.14701,0.82419,1.92196,0.70906,0.55988,3.1909,2.83076,2.59947,1.17107,0.33744,4.10799,3.64054,2025-02-05,2,2,0,8,1,0,8,2023-07-20,8,7,1,32,1,0,32,14,NA,0,0,0,0,"1221 EAST UNION STREET,GREENVILLE,MS,38703",33.4099,-91.037,NA,2026-06-01
255253,VICKSBURG CONVALESCENT CENTER,1708 CHERRY STREET,VICKSBURG,MS,39180,6016383632,740,Warren,N,For profit - Corporation,100,74.5,NA,Medicare and Medicaid,N,"VICKSBURG CONVALESCENT, LLC",1998-01-01,VANGUARD HEALTHCARE,543,6,3.3,3.3,4.2,2.8,N,NA,N,N,N,Resident,Yes,5,NA,5,NA,4,NA,5,NA,3,NA,5,NA,NA,NA,2.44699,1.33097,0.68574,2.01671,4.4637,3.48375,0.25898,0.02633,25,NA,9.1,NA,0,NA,1.26398,0.90823,2.11795,0.78137,0.61698,3.51629,3.11942,2.67542,1.45522,0.74975,4.8804,3.80897,2026-04-09,0,0,0,0,0,0,0,2024-05-02,1,1,0,4,1,0,4,1,NA,0,0,0,0,"1708 CHERRY STREET,VICKSBURG,MS,39180",32.3461,-90.879,NA,2026-06-01
255257,THE WINDSOR PLACE,81 WINDSOR BOULEVARD,COLUMBUS,MS,39702,6622415518,430,Lowndes,N,For profit - Corporation,140,126.6,NA,Medicare and Medicaid,N,WINDSOR PLACE NURSING CENTER INC,1999-02-18,NA,NA,NA,NA,NA,NA,NA,N,NA,N,N,N,Resident,Yes,1,NA,2,NA,1,NA,1,NA,3,NA,4,NA,NA,NA,2.50548,0.64389,0.37704,1.02093,3.52641,3.06026,0.1036,0.03644,43.2,NA,20,NA,1,NA,1.13675,0.81681,1.90476,0.70271,0.55487,3.16235,2.80543,3.04598,0.78279,0.45837,4.28714,3.72044,2024-10-09,11,11,0,92,1,0,92,2023-07-27,9,8,1,36,1,0,36,78,NA,3,50947,0,3,"81 WINDSOR BOULEVARD,COLUMBUS,MS,39702",33.5103,-88.37,NA,2026-06-01
255259,HUMPHREYS CO NURSING CENTER,500 CCC ROAD,BELZONI,MS,39038,6622471821,260,Humphreys,N,For profit - Individual,60,45.4,NA,Medicare and Medicaid,N,"HUMPHREYS COMMUNITY CARE CENTER, LLC",2000-01-01,THE BEEBE FAMILY,779,49,2.7,3,3,2,N,NA,N,N,N,Resident,Yes,2,NA,2,NA,2,NA,2,NA,2,NA,4,NA,NA,NA,2.41045,0.86301,0.65027,1.51328,3.92373,3.3276,0.32848,0.00484,42.6,NA,50,NA,0,NA,1.28206,0.92122,2.14824,0.79254,0.6258,3.56659,3.16404,2.5983,0.93027,0.70095,4.22953,3.58694,2024-12-12,9,9,1,60,1,0,60,2023-08-31,7,5,2,40,1,0,40,55,NA,0,0,0,0,"500 CCC ROAD,BELZONI,MS,39038",33.1813,-90.486,22,2026-06-01
255260,HILLTOP MANOR HEALTH AND REHABILITATION CENTER,101 KIRKLAND STREET,UNION,MS,39365,6017748233,490,Neshoba,N,For profit - Corporation,60,53.3,NA,Medicare and Medicaid,N,101 KIRKLAND STREET OPCO LLC,2000-04-01,AVARDIS HEALTH,843,38,2,2,2.4,3.3,N,NA,N,N,N,Resident,Yes,3,NA,3,NA,1,NA,2,NA,1,NA,5,NA,NA,NA,1.8021,0.38134,1.35392,1.73527,3.53737,3.11894,0.92669,0.07398,50,NA,20,NA,0,NA,1.16781,0.83914,1.95682,0.72192,0.57004,3.24878,2.8821,2.13257,0.45128,1.60221,4.18606,3.6909,2024-12-05,8,7,1,36,1,0,36,2023-08-03,11,11,4,64,1,0,64,43,NA,0,0,0,0,"101 KIRKLAND STREET,UNION,MS,39365",32.5768,-89.113,NA,2026-06-01
255261,THE OAKS REHABILITATION AND HEALTHCARE CENTER,3716 HIGHWAY 39 NORTH,MERIDIAN,MS,39301,6014827164,370,Lauderdale,N,For profit - Limited Liability company,82,74.6,NA,Medicare and Medicaid,N,3716 HIGHWAY 39 NORTH OPCO LLC,2000-04-01,AVARDIS HEALTH,843,38,2,2,2.4,3.3,N,NA,N,N,N,Both,Yes,1,NA,1,NA,2,NA,1,NA,3,NA,3,NA,NA,NA,1.93346,1.14969,0.43712,1.58681,3.52027,3.09784,0.23992,0.01221,62,NA,55.6,NA,1,NA,1.15094,0.82701,1.92854,0.71149,0.5618,3.20183,2.84045,2.32157,1.38047,0.52487,4.22691,3.71969,2025-06-26,8,6,2,36,1,0,36,2024-01-19,17,5,12,325,1,0,325,108.25,NA,3,42487,0,3,"3716 HIGHWAY 39 NORTH,MERIDIAN,MS,39301",32.396,-88.68,NA,2026-06-01
255262,LAURELWOOD COMMUNITY LIVING CENTER,1036 WEST DRIVE,LAUREL,MS,39440,6014253191,330,Jones,N,For profit - Individual,60,46.2,NA,Medicare and Medicaid,N,CLC OF LAUREL LLC,2000-07-01,COMMUNITY ELDERCARE SERVICES,155,17,1.7,1.9,2.8,1.8,N,NA,N,N,N,Resident,Yes,1,NA,1,NA,1,NA,1,NA,2,NA,2,NA,NA,NA,1.94727,1.14304,0.36909,1.51213,3.4594,3.18003,0.22883,0.02743,60.3,NA,66.7,NA,2,NA,1.20543,0.86617,2.01986,0.74518,0.5884,3.35343,2.97494,2.23245,1.31044,0.42315,3.96604,3.64576,2025-04-10,9,6,3,96,1,0,96,2023-10-19,9,7,2,56,1,0,56,86,NA,1,13520,1,2,"1036 WEST DRIVE,LAUREL,MS,39440",31.6737,-89.155,NA,2026-06-01
255264,LONGWOOD COMMUNITY LIVING CENTER,200 LONG STREET,BOONEVILLE,MS,38829,6627286234,580,Prentiss,N,For profit - Individual,64,50.1,NA,Medicare and Medicaid,N,"CLC OF BOONEVILLE, LLC",2000-05-01,COMMUNITY ELDERCARE SERVICES,155,17,1.7,1.9,2.8,1.8,N,NA,N,N,N,Resident,Yes,3,NA,3,NA,2,NA,2,NA,2,NA,4,NA,NA,NA,2.05922,0.71943,0.69983,1.41926,3.47849,2.92493,0.49376,0.00176,38.3,NA,40,NA,1,NA,1.19419,0.85809,2.00101,0.73822,0.58291,3.32214,2.94718,2.38304,0.83257,0.80988,4.02548,3.38488,2025-12-11,9,8,1,48,1,0,48,2024-08-22,5,4,1,20,1,0,20,41,NA,0,0,0,0,"200 LONG STREET,BOONEVILLE,MS,38829",34.6522,-88.57,NA,2026-06-01
255265,WINDHAM HOUSE OF HATTIESBURG,37 HILLCREST DRIVE,HATTIESBURG,MS,39402,6012640058,170,Forrest,Y,For profit - Individual,60,54.5,NA,Medicare and Medicaid,N,"LAMAR COMMUNITY CARE CENTER, LLC",2000-11-14,THE BEEBE FAMILY,779,49,2.7,3,3,2,N,NA,N,N,N,Resident,Yes,5,NA,5,NA,3,NA,2,NA,4,NA,4,NA,NA,NA,2.41689,0.89018,0.60682,1.497,3.91389,3.4059,0.30865,0.05251,48.5,NA,20,NA,0,NA,1.15186,0.82768,1.93009,0.71206,0.56225,3.20441,2.84274,2.89971,1.06801,0.72805,4.6957700000000004,4.0863,2026-01-08,0,0,0,0,0,0,0,2024-11-14,7,7,0,44,1,0,44,11,NA,0,0,0,0,"37 HILLCREST DRIVE,HATTIESBURG,MS,39402",31.3182,-89.371,NA,2026-06-01
255266,BRANDON COURT,100 BURNHAM ROAD,BRANDON,MS,39042,6016642259,600,Rankin,Y,For profit - Limited Liability company,100,74.2,NA,Medicare and Medicaid,N,"RANKIN COMMUNITY CARE CENTER, LLC",2000-12-01,THE BEEBE FAMILY,779,49,2.7,3,3,2,Y,NA,N,N,N,Both,Yes,5,NA,5,NA,3,NA,2,NA,3,NA,3,NA,NA,NA,2.28905,1.2225,0.40805,1.63056,3.91961,3.29213,0.22224,0.03168,49.3,NA,NA,27,0,NA,1.27261,0.91444,2.13242,0.7867,0.62119,3.54031,3.14073,2.48576,1.32756,0.44312,4.25644,3.57504,2024-11-21,2,2,0,8,1,0,8,2023-03-30,7,3,4,28,1,0,28,13,NA,0,0,0,0,"100 BURNHAM ROAD,BRANDON,MS,39042",32.2908,-90.035,NA,2026-06-01
255267,CLARKSDALE NURSING CENTER,1120 RITCHIE AVE,CLARKSDALE,MS,38614,6626272591,130,Coahoma,N,For profit - Individual,60,57.2,NA,Medicare and Medicaid,N,CARE GIVERS LLC,2001-01-01,THE BEEBE FAMILY,779,49,2.7,3,3,2,N,NA,N,N,N,Both,Yes,2,NA,2,NA,3,NA,4,NA,2,NA,3,NA,NA,NA,2.09605,0.99941,0.44323,1.44265,3.5387,3.01048,0.2155,0.00697,41.3,NA,40,NA,1,NA,1.2797,0.91953,2.14429,0.79108,0.62465,3.56003,3.15822,2.26357,1.07928,0.47866,3.82151,3.25108,2024-08-15,7,6,1,36,1,0,36,2023-04-06,10,7,3,72,1,0,72,45,NA,1,10036,0,1,"1120 RITCHIE AVE,CLARKSDALE,MS,38614",34.1902,-90.554,NA,2026-06-01
255268,NEW ALBANY HEALTH & REHAB CENTER,118 SOUTH GLENFIELD ROAD,NEW ALBANY,MS,38652,6625349506,720,Union,N,For profit - Corporation,114,95.8,NA,Medicare and Medicaid,N,"UNION LTC, INC",2001-01-01,ADVANCED HEALTH CARE MANAGEMENT,12,6,3.3,3.3,3.7,3.7,N,NA,N,N,N,Resident,Yes,2,NA,2,NA,2,NA,3,NA,1,NA,4,NA,NA,NA,2.32656,1.01923,0.56633,1.58555,3.91211,3.19982,0.20977,0.01723,41.1,NA,22.2,NA,0,NA,1.22396,0.87948,2.0509,0.75663,0.59745,3.40497,3.02067,2.62692,1.1508100000000001,0.63944,4.41716,3.61291,2025-06-25,4,4,0,16,1,0,16,2023-12-07,11,9,2,161,1,0,161,52.25,NA,1,10039,0,1,"118 SOUTH GLENFIELD ROAD,NEW ALBANY,MS,38652",34.5086,-89.034,NA,2026-06-01
255269,OXFORD HEALTH & REHAB CENTER,1301 BELK BOULEVARD,OXFORD,MS,38655,6622347821,350,Lafayette,N,For profit - Corporation,120,104.3,NA,Medicare and Medicaid,N,"LAFAYETTE LTC, INC",2001-01-01,ADVANCED HEALTH CARE MANAGEMENT,12,6,3.3,3.3,3.7,3.7,N,NA,N,N,N,Resident,Yes,2,NA,2,NA,4,NA,4,NA,4,NA,4,NA,NA,NA,2.53084,1.33042,0.30922,1.63965,4.17048,3.45281,0.12051,0.01799,41.8,NA,12.5,NA,0,NA,1.11135,0.79857,1.86221,0.68702,0.54248,3.0917,2.74275,3.14711,1.65439,0.38452,5.18602,4.29359,2026-03-12,13,12,1,100,1,0,100,2024-09-05,6,4,2,36,1,0,36,84,NA,0,0,1,1,"1301 BELK BOULEVARD,OXFORD,MS,38655",34.3473,-89.519,NA,2026-06-01
255270,PONTOTOC HEALTH & REHAB CENTER,278 WEST EIGHTH STREET,PONTOTOC,MS,38863,6624896411,570,Pontotoc,N,For profit - Corporation,60,47.4,NA,Medicare and Medicaid,N,"PONTOTOC LTC, INC",2001-01-02,ADVANCED HEALTH CARE MANAGEMENT,12,6,3.3,3.3,3.7,3.7,N,NA,N,N,N,Resident,Yes,5,NA,5,NA,5,NA,3,NA,5,NA,4,NA,NA,NA,2.28986,1.60232,0.43224,2.03456,4.32442,3.48052,0.19988,0.0607,26.5,NA,62.5,NA,0,NA,1.22406,0.87955,2.05106,0.75669,0.59749,3.40524,3.0209,2.58528,1.80904,0.488,4.88232,3.92954,2025-12-03,3,3,0,12,1,0,12,2024-07-25,4,4,0,16,1,0,16,13,NA,0,0,0,0,"278 WEST EIGHTH STREET,PONTOTOC,MS,38863",34.2347,-89.012,NA,2026-06-01
255271,LIBERTY COMMUNITY LIVING CTR,323 INDUSTRIAL PARK DRIVE,LIBERTY,MS,39645,6016571000,020,Amite,N,For profit - Limited Liability company,80,72.6,NA,Medicare and Medicaid,N,"CLC OF LIBERTY, LLC",2001-01-08,COMMUNITY ELDERCARE SERVICES,155,17,1.7,1.9,2.8,1.8,N,NA,N,N,N,Resident,Yes,2,NA,2,NA,2,NA,2,NA,NA,2,2,NA,NA,NA,2.18286,1.1799,0.28867,1.46857,3.65143,3.34075,0.17929,0,63.8,NA,66.7,NA,2,NA,1.20243,0.86401,2.01482,0.74332,0.58694,3.34507,2.96753,2.5088,1.35608,0.33177,4.19665,3.83958,2025-12-04,10,9,1,60,1,0,60,2024-08-22,11,5,6,64,1,0,64,61,NA,1,8988,0,1,"323 INDUSTRIAL PARK DRIVE,LIBERTY,MS,39645",31.1639,-90.794,NA,2026-06-01
255272,"MYRTLES NURSING CENTER, LLC",1018 ALBERTA AVENUE,COLUMBIA,MS,39429,6017311745,450,Marion,N,For profit - Individual,98,74.5,NA,Medicare and Medicaid,N,"COLUMBIA COMMUNITY CARE CENTER, LLC",2001-05-01,THE BEEBE FAMILY,779,49,2.7,3,3,2,N,NA,N,N,N,Both,Yes,2,NA,3,NA,1,NA,2,NA,1,NA,3,NA,NA,NA,2.15298,1.06361,0.47889,1.5425,3.69548,3.00339,0.23512,0.00873,73.6,NA,50,NA,1,NA,1.16772,0.83907,1.95667,0.72186,0.56999,3.24852,2.88188,2.548,1.25875,0.56675,4.37351,3.55443,2024-10-03,9,8,1,40,1,0,40,2023-02-09,2,1,1,8,1,0,8,32,NA,0,0,0,0,"1018 ALBERTA AVENUE,COLUMBIA,MS,39429",31.2583,-89.818,NA,2026-06-01
255273,PARKWAY HEALTH & REHAB LLC,230 RIVER OAKS DRIVE,CANTON,MS,39046,6016079050,440,Madison,Y,For profit - Limited Liability company,87,79.2,NA,Medicare and Medicaid,N,PARKWAY HEALTH & REHAB LLC,2001-05-01,NA,NA,NA,NA,NA,NA,NA,N,NA,N,N,N,Resident,Yes,1,NA,2,NA,1,NA,1,NA,1,NA,3,NA,NA,NA,2.55353,1.36199,0.40897,1.77096,4.32449,3.76383,0.16111,0.00668,72.2,NA,53.3,NA,NA,26,1.24482,0.89447,2.08584,0.76952,0.60762,3.46299,3.07213,2.83488,1.51206,0.45403,4.80097,4.17854,2026-02-26,4,4,0,20,1,0,20,2025-03-13,17,12,5,132,1,0,132,48,NA,1,8278,0,1,"230 RIVER OAKS DRIVE,CANTON,MS,39046",32.5816,-90.081,NA,2026-06-01
255274,HIGHLAND HOME,638 HIGHLAND COLONY PARKWAY,RIDGELAND,MS,39157,6018530415,440,Madison,Y,For profit - Corporation,120,108.6,NA,Medicare and Medicaid,N,"MADISON COMMUNITY CARE CENTER, LLC",2001-07-02,THE BEEBE FAMILY,779,49,2.7,3,3,2,N,NA,N,N,N,Resident,Yes,2,NA,2,NA,3,NA,3,NA,3,NA,3,NA,NA,NA,2.25776,1.36776,0.31169,1.67946,3.93722,3.52783,0.23833,0.08714,57,NA,12.5,NA,0,NA,1.27233,0.91424,2.13195,0.78653,0.62106,3.53953,3.14004,2.45233,1.48563,0.33855,4.27651,3.83184,2024-06-20,8,7,1,80,1,0,80,2023-03-09,8,8,0,44,1,0,44,71,NA,1,10033,0,1,"638 HIGHLAND COLONY PARKWAY,RIDGELAND,MS,39157",32.4185,-90.152,NA,2026-06-01
255275,"MAGNOLIA SENIOR CARE, LLC",3701 PETER QUINN DRIVE,JACKSON,MS,39213,6013661712,240,Hinds,Y,For profit - Limited Liability company,60,58.9,NA,Medicare and Medicaid,N,MAGNOLIA SENIOR CARE LLC,2001-07-01,NA,NA,NA,NA,NA,NA,NA,N,NA,N,N,N,Resident,Yes,4,NA,3,NA,5,NA,5,NA,NA,2,2,NA,NA,NA,2.37239,1.10786,0.27047,1.37833,3.75072,3.2021,0.25681,0,45.9,NA,80,NA,1,NA,1.284,0.92262,2.1515,0.79374,0.62675,3.57199,3.16883,2.55342,1.1924,0.29111,4.03692,3.44644,2026-04-16,5,5,0,36,1,0,36,2024-12-18,4,2,2,48,1,0,48,39,NA,2,8542,0,2,"3701 PETER QUINN DRIVE,JACKSON,MS,39213",32.358,-90.24,NA,2026-06-01
255276,THE MADISON HEALTH AND REHAB,111 KELLY BLVD,MADISON,MS,39110,6013550763,440,Madison,Y,For profit - Limited Liability company,60,57.6,NA,Medicare and Medicaid,N,BELHAVEN SENIOR CARE,2001-07-01,TREND CONSULTANTS,522,16,3.3,3.3,3.9,2.1,N,NA,N,N,N,None,Yes,4,NA,3,NA,5,NA,4,NA,5,NA,4,NA,NA,NA,2.8158,1.42881,0.71342,2.14223,4.95803,3.82773,0.35879,0.23249,59.3,NA,54.5,NA,0,NA,1.13341,0.81441,1.89917,0.70065,0.55324,3.15307,2.79719,3.43333,1.74216,0.86987,6.04536,4.66718,2025-01-16,9,8,2,48,1,0,48,2023-09-21,1,1,0,8,1,0,8,38,NA,0,0,0,0,"111 KELLY BLVD,MADISON,MS,39110",32.4679,-90.122,22,2026-06-01
255277,GREENE COUNTY HEALTH AND REHABILITATION,1017 JACKSON STREET,LEAKESVILLE,MS,39451,6013942371,200,Greene,N,Government - County,60,50.3,NA,Medicare and Medicaid,N,GEORGE COUNTY HOSPITAL,2001-09-01,NA,NA,NA,NA,NA,NA,NA,N,NA,N,N,N,Resident,Yes,2,NA,2,NA,4,NA,4,NA,5,NA,3,NA,NA,NA,3.00864,1.32079,0.60544,1.92623,4.93487,4.29583,0.30127,0,NA,26,NA,26,3,NA,1.11104,0.79834,1.86169,0.68682,0.54233,3.09084,2.74199,3.74231,1.64287,0.75308,6.13825,5.34339,2026-01-22,6,4,2,68,1,0,68,2024-10-10,3,3,0,12,1,0,12,54,NA,0,0,0,0,"1017 JACKSON STREET,LEAKESVILLE,MS,39451",31.1548,-88.562,NA,2026-06-01
255278,HILLCREST NURSING CENTER,1401 FIRST AVENUE NORTHEAST,MAGEE,MS,39111,6018490384,630,Simpson,Y,For profit - Limited Liability company,100,86.9,NA,Medicare and Medicaid,N,"MAGEE COMMUNITY CARE CENTER, LLC",2001-08-01,THE BEEBE FAMILY,779,49,2.7,3,3,2,N,NA,N,N,N,Both,Yes,4,NA,4,NA,2,NA,1,NA,3,NA,3,NA,NA,NA,2.15863,1.14471,0.38168,1.52639,3.68502,3.13894,0.21566,0.035,50,NA,22.2,NA,0,NA,1.23058,0.88423,2.06198,0.76072,0.60067,3.42338,3.03699,2.4242,1.28554,0.42863,4.13838,3.52513,2025-04-17,5,4,1,20,1,0,20,2023-12-14,1,1,0,4,1,0,4,16,NA,0,0,0,0,"1401 FIRST AVENUE NORTHEAST,MAGEE,MS,39111",31.8863,-89.733,NA,2026-06-01
255279,SARDIS COMMUNITY  NH,613 EAST LEE STREET,SARDIS,MS,38666,6624872720,530,Panola,N,For profit - Limited Liability company,60,55.8,NA,Medicare and Medicaid,N,"SARDIS COMMUNITY NURSING HOME, LLC",2001-10-14,THE BEEBE FAMILY,779,49,2.7,3,3,2,N,NA,Y,N,N,Resident,Yes,1,NA,2,NA,1,NA,1,NA,1,NA,4,NA,NA,NA,2.31197,1.00827,0.39612000000000003,1.40439,3.71636,3.17817,0.21127,0.03201,48.2,NA,40,NA,0,NA,1.1832,0.85019,1.9826,0.73143,0.57755,3.29157,2.92007,2.70037,1.17766,0.46267,4.3407,3.7121,2025-07-01,11,7,4,84,1,0,84,2024-07-23,4,4,0,16,1,0,16,67,NA,0,0,0,0,"613 EAST LEE STREET,SARDIS,MS,38666",34.4372,-89.894,NA,2026-06-01
255280,CAMELLIA ESTATES,1714 WHITE STREET,MCCOMB,MS,39648,6012500066,560,Pike,N,For profit - Corporation,30,19.5,NA,Medicare,N,"PIKE COMMUNITY CARE CENTER, LLC",2001-09-07,THE BEEBE FAMILY,779,49,2.7,3,3,2,N,NA,N,N,N,Both,Yes,4,NA,4,NA,4,NA,NA,2,4,NA,4,NA,NA,NA,2.44139,2.22343,0.75024,2.97368,5.41507,4.50106,0.43416,0.26467,44.1,NA,60,NA,0,NA,1.32127,0.9494,2.21396,0.81678,0.64495,3.67569,3.26083,2.55355,2.32558,0.78471,5.66384,4.70784,2026-02-19,5,5,0,28,1,0,28,2024-11-14,3,3,0,24,1,0,24,27,NA,0,0,0,0,"1714 WHITE STREET,MCCOMB,MS,39648",31.2531,-90.475,NA,2026-06-01
255281,LANDMARK OF DESOTO,3068 NAIL ROAD WEST,HORN LAKE,MS,38637,6622801219,160,De Soto,Y,For profit - Limited Liability company,60,51.5,NA,Medicare and Medicaid,N,DESOTO COMMUNITY CARE CENTER LLC,2001-10-11,THE BEEBE FAMILY,779,49,2.7,3,3,2,N,NA,N,N,N,None,Yes,2,NA,2,NA,2,NA,2,NA,2,NA,3,NA,NA,NA,1.66955,0.86015,0.51178,1.37193,3.04148,2.43438,0.44779,0.03857,55.1,NA,37.5,NA,0,NA,1.14058,0.81957,1.91118,0.70508,0.55674,3.17301,2.81488,2.0229,1.0422,0.62009,3.68519,2.94959,2026-03-19,10,10,0,60,1,0,60,2024-10-30,8,8,0,76,1,0,76,64,NA,2,10527,0,2,"3068 NAIL ROAD WEST,HORN LAKE,MS,38637",34.9481,-90.044,NA,2026-06-01
255282,CLINTON HEALTHCARE LLC - SNF,1251 PINEHAVEN ROAD,CLINTON,MS,39056,6019242996,240,Hinds,Y,For profit - Limited Liability company,121,109.1,NA,Medicare and Medicaid,N,CLINTON HEALTHCARE LLC,2001-12-01,TREND CONSULTANTS,522,16,3.3,3.3,3.9,2.1,N,NA,N,N,N,Resident,Yes,4,NA,4,NA,4,NA,4,NA,3,NA,4,NA,NA,NA,2.66125,1.13852,0.39549,1.53401,4.19527,3.03952,0.1547,0.05447,27.3,NA,40,NA,0,NA,1.19568,0.85916,2.00351,0.73914,0.58364,3.3263,2.95087,3.07589,1.31591,0.45711,4.84892,3.51309,2025-11-20,5,5,0,20,1,0,20,2024-06-13,8,4,4,40,1,0,40,25,NA,0,0,0,0,"1251 PINEHAVEN ROAD,CLINTON,MS,39056",32.3532,-90.324,NA,2026-06-01
255283,VAIDEN COMMUNITY LIVING CENTER,868 MULBERRY STREET,VAIDEN,MS,39176,6624647714,070,Carroll,N,For profit - Limited Liability company,60,58.2,NA,Medicare and Medicaid,N,"CLC OF VAIDEN, LLC",2001-11-02,COMMUNITY ELDERCARE SERVICES,155,17,1.7,1.9,2.8,1.8,N,NA,N,N,N,Resident,Yes,1,NA,2,NA,1,NA,1,NA,NA,2,4,NA,NA,NA,2.12038,0.6161,0.70936,1.32547,3.44585,2.96175,0.53978,0.0923,33.9,NA,35.7,NA,1,NA,1.27414,0.91554,2.13498,0.78765,0.62194,3.54456,3.1445,2.29984,0.66825,0.7694,3.73748,3.21241,2024-10-17,7,5,2,56,1,0,56,2023-06-15,4,4,0,16,1,0,16,46,NA,0,0,0,0,"868 MULBERRY STREET,VAIDEN,MS,39176",33.3334,-89.764,NA,2026-06-01
255284,HERITAGE HOUSE NURSING CENTER,3103 WISCONSIN AVENUE,VICKSBURG,MS,39180,6016381514,740,Warren,N,For profit - Corporation,60,56.3,NA,Medicare and Medicaid,N,"COMMUNITY CARE CENTER OF VICKSBURG, LLC",2002-03-06,THE BEEBE FAMILY,779,49,2.7,3,3,2,N,NA,N,N,N,Resident,Yes,4,NA,3,NA,2,NA,1,NA,3,NA,5,NA,NA,NA,2.32762,0.89611,0.59019,1.4863,3.81392,3.24084,0.30453,0.01448,33.3,NA,12.5,NA,0,NA,1.13662,0.81672,1.90455,0.70264,0.55481,3.162,2.80512,2.83006,1.08954,0.71759,4.63719,3.9404,2026-02-26,7,7,0,28,1,0,28,2024-03-14,8,8,0,44,1,0,44,32,NA,0,0,0,0,"3103 WISCONSIN AVENUE,VICKSBURG,MS,39180",32.328,-90.871,NA,2026-06-01
255285,COMMUNITY PLACE,116 LAKE VISTA PLACE,BRANDON,MS,39047,6013550617,600,Rankin,Y,Non profit - Other,60,54.4,NA,Medicare and Medicaid,N,COMMUNITY PLACE,2002-04-01,NA,NA,NA,NA,NA,NA,NA,N,NA,N,N,N,Both,Yes,4,NA,3,NA,3,NA,2,NA,4,NA,5,NA,NA,NA,3.01318,1.50978,0.77151,2.28129,5.29447,3.81299,0.23019,0.16422,40.3,NA,20,NA,NA,26,1.2026,0.86413,2.01511,0.74342,0.58702,3.34555,2.96795,3.46261,1.73497,0.88659,6.08417,4.38172,2025-01-16,10,10,0,44,1,0,44,2023-08-17,3,3,0,12,1,0,12,36,NA,0,0,0,0,"116 LAKE VISTA PLACE,BRANDON,MS,39047",32.3742,-90.01,NA,2026-06-01
255286,PINE VIEW HEALTH AND REHABILITATION CENTER,1304 WALNUT ST,WAYNESBORO,MS,39367,6017359025,760,Wayne,N,For profit - Limited Liability company,90,82.7,NA,Medicare and Medicaid,N,"1304 WALNUT STREET OPERATIONS, LLC",2002-08-01,CONSULATE HEALTH CARE/INDEPENDENCE LIVING CENTERS/NSPIRE HEALTHCARE/RAYDIANT HEALTH CARE,158,11,2.6,2.7,3.4,2.9,N,NA,N,N,N,Both,Yes,2,NA,3,NA,1,NA,1,NA,1,NA,4,NA,NA,NA,2.07406,0.90455,0.73008,1.63464,3.7087,3.35487,0.33208,0.04619,32.8,NA,33.3,NA,0,NA,1.20691,0.86723,2.02233,0.74609,0.58912,3.35754,2.97859,2.3749,1.03576,0.83598,4.24665,3.84149,2026-01-14,6,6,1,36,1,0,36,2024-06-20,5,5,0,24,1,0,24,33,NA,0,0,0,0,"1304 WALNUT ST,WAYNESBORO,MS,39367",31.688,-88.64,NA,2026-06-01
255287,PASS CHRISTIAN HEALTH AND REHABILIATION CENTER,538 MENGE AVENUE,PASS CHRISTIAN,MS,39571,2284524344,230,Harrison,Y,For profit - Corporation,60,53.5,NA,Medicare and Medicaid,N,"538 MENGE AVENUE OPERATIONS, LLC",2002-08-01,CONSULATE HEALTH CARE/INDEPENDENCE LIVING CENTERS/NSPIRE HEALTHCARE/RAYDIANT HEALTH CARE,158,11,2.6,2.7,3.4,2.9,N,NA,N,N,N,Resident,Yes,1,NA,3,NA,1,NA,1,NA,1,NA,1,NA,NA,NA,1.81471,1.05152,0.45805,1.50957,3.32428,2.89662,0.26805,0.02324,77.5,NA,93.3,NA,1,NA,1.26412,0.90834,2.11819,0.78145,0.61705,3.51669,3.11977,1.98389,1.14956,0.50076,3.63421,3.16668,2025-09-04,4,2,2,20,1,0,20,2024-04-24,11,4,7,64,1,0,64,31,NA,1,8224,0,1,"538 MENGE AVENUE,PASS CHRISTIAN,MS,39571",30.3409,-89.217,NA,2026-06-01
255288,DIVERSICARE OF QUITMAN,191 HIGHWAY 511 EAST,QUITMAN,MS,39355,6017762141,110,Clarke,N,For profit - Corporation,120,95.4,NA,Medicare and Medicaid,N,"DAC OF QUITMAN, LLC",2002-08-01,DIVERSICARE HEALTHCARE,185,46,2.5,2.4,2.9,3.5,N,NA,N,N,N,Both,Yes,3,NA,3,NA,3,NA,4,NA,2,NA,4,NA,NA,NA,1.97673,0.79614,0.62393,1.42007,3.3968,2.91604,0.34214,0.01018,42.7,NA,38.5,NA,0,NA,1.14874,0.82543,1.92486,0.71013,0.56073,3.19572,2.83503,2.37807,0.95778,0.7506,4.08645,3.50808,2024-12-18,6,5,2,44,1,0,44,2023-04-19,6,5,1,36,1,0,36,42,NA,1,8018,0,1,"191 HIGHWAY 511 EAST,QUITMAN,MS,39355",32.0376,-88.703,NA,2026-06-01
255289,RIVER CHASE VILLAGE,5090 GAUTIER VANCLEAVE ROAD,GAUTIER,MS,39553,2285226700,290,Jackson,Y,For profit - Partnership,60,53.8,NA,Medicare and Medicaid,N,"SENTRY-GAUTIER, INC.",2002-08-01,NA,NA,NA,NA,NA,NA,NA,N,NA,N,N,N,Resident,Yes,4,NA,5,NA,3,NA,3,NA,2,NA,1,NA,NA,NA,2.15418,1.02687,0.32309,1.34996,3.50414,3.14067,0.15428,0.01068,NA,26,NA,26,1,NA,1.34766,0.96837,2.25818,0.8331,0.65783,3.74911,3.32596,2.20902,1.05301,0.33131,3.59335,3.22063,2026-04-15,0,0,0,0,0,0,0,2025-02-06,4,4,0,28,1,0,28,7,0,0,0,0,0,"5090 GAUTIER VANCLEAVE ROAD,GAUTIER,MS,39553",30.415,-88.653,NA,2026-06-01
255290,DRIFTWOOD NURSING CENTER,1500 BROAD AVENUE,GULFPORT,MS,39501,2288226900,230,Harrison,Y,Non profit - Other,151,101.1,NA,Medicare and Medicaid,N,MEMORIAL HOSPITAL AT GULFPORT,2002-09-01,NA,NA,NA,NA,NA,NA,NA,N,NA,N,N,N,Resident,Yes,3,NA,4,NA,1,NA,1,NA,1,NA,3,NA,NA,NA,2.37544,1.34455,0.59704,1.94158,4.31702,3.62734,0.4529,0.06125,100,NA,100,NA,3,NA,1.17706,0.84578,1.9723,0.72763,0.57455,3.27449,2.90491,2.78898,1.57862,0.70098,5.06858,4.25884,2026-01-29,3,3,0,16,1,0,16,2024-10-31,5,3,2,32,1,0,32,20,NA,0,0,0,0,"1500 BROAD AVENUE,GULFPORT,MS,39501",30.3677,-89.118,NA,2026-06-01
255291,COPIAH LIVING CENTER,806 WEST GEORGETOWN STREET,CRYSTAL SPRINGS,MS,39059,6018921880,140,Copiah,Y,For profit - Corporation,60,51.3,NA,Medicare and Medicaid,N,"COPIAH COMMUNITY CARE CENTER, LLC",2002-09-01,THE BEEBE FAMILY,779,49,2.7,3,3,2,N,NA,N,N,N,Resident,Yes,2,NA,3,NA,1,NA,2,NA,1,NA,3,NA,NA,NA,2.73516,0.99956,0.38482,1.38437,4.11953,3.70749,0.21008,0.08896,37.7,NA,62.5,NA,0,NA,1.239,0.89029,2.07609,0.76592,0.60478,3.4468,3.05778,3.05079,1.1149,0.42922,4.59491,4.13533,2025-05-08,7,5,2,40,1,0,40,2023-11-02,5,5,3,40,1,0,40,40,NA,0,0,0,0,"806 WEST GEORGETOWN STREET,CRYSTAL SPRINGS,MS,39059",31.9929,-90.367,NA,2026-06-01
255292,LEGACY MANOR NURSING AND REHABILITATION CENTER,1935 NORTH THEOBOLD EXTENSION,GREENVILLE,MS,38704,6623344501,750,Washington,N,For profit - Limited Liability company,60,52.7,NA,Medicare and Medicaid,N,"AMERICAN LEGACY PROPERTIES, LLC",2002-10-25,THE BEEBE FAMILY,779,49,2.7,3,3,2,N,NA,N,N,N,None,Yes,4,NA,3,NA,5,NA,5,NA,NA,2,3,NA,NA,NA,2.056,0.96475,0.43819,1.40294,3.45894,3.10269,0.28654,0.0074,40.9,NA,50,NA,0,NA,1.25805,0.90398,2.10802,0.7777,0.61409,3.49981,3.1048,2.25853,1.05978,0.48136,3.79966,3.40831,2024-06-13,3,3,0,12,1,0,12,2023-02-09,9,5,4,84,1,0,84,30,NA,2,27024,0,2,"1935 NORTH THEOBOLD EXTENSION,GREENVILLE,MS,38704",33.4153,-91.051,NA,2026-06-01
255293,DIVERSICARE OF SHELBY,1108 CHURCH STREET,SHELBY,MS,38774,6623985117,050,Bolivar,N,For profit - Corporation,60,52.2,NA,Medicare and Medicaid,N,"DAC OF SHELBY, LLC",2003-01-01,DIVERSICARE HEALTHCARE,185,46,2.5,2.4,2.9,3.5,N,NA,N,N,N,Both,Yes,3,NA,3,NA,2,NA,3,NA,2,NA,3,NA,NA,NA,1.98897,0.82832,0.54283,1.37115,3.36012,3.08666,0.30135,0.02056,42.9,NA,61.5,NA,0,NA,1.22584,0.88083,2.05405,0.75779,0.59836,3.41021,3.02531,2.2423,0.93382,0.61196,3.78808,3.47979,2025-07-01,5,5,0,32,1,0,32,2024-05-22,5,5,0,28,1,0,28,31,NA,0,0,0,0,"1108 CHURCH STREET,SHELBY,MS,38774",33.9489,-90.758,NA,2026-06-01
255294,GREENBOUGH HEALTH AND REHABILITATION CENTER,340 DESOTO AVE EXTENDED,CLARKSDALE,MS,38614,6626273486,130,Coahoma,N,For profit - Corporation,60,55,NA,Medicare and Medicaid,N,"340 DESOTO AVENUE EXT OPERATIONS, LLC",2002-12-01,CONSULATE HEALTH CARE/INDEPENDENCE LIVING CENTERS/NSPIRE HEALTHCARE/RAYDIANT HEALTH CARE,158,11,2.6,2.7,3.4,2.9,N,NA,N,N,N,Resident,Yes,2,NA,2,NA,2,NA,3,NA,1,NA,3,NA,NA,NA,2.07702,0.93122,0.40744,1.33867,3.41569,3.01371,0.18759,0.00568,65.1,NA,90,NA,0,NA,1.12757,0.81022,1.88939,0.69704,0.5504,3.13683,2.78279,2.54563,1.14132,0.49937,4.18633,3.69365,2026-01-08,11,10,5,76,1,0,76,2024-06-05,11,9,2,56,1,0,56,71,NA,0,0,0,0,"340 DESOTO AVE EXTENDED,CLARKSDALE,MS,38614",34.1752,-90.64,22,2026-06-01
255296,DESOTO HEALTHCARE CENTER,7805 SOUTHCREST PARKWAY,SOUTHAVEN,MS,38671,6623497500,160,De Soto,Y,For profit - Corporation,120,91.2,NA,Medicare and Medicaid,N,DESOTO HEALTHCARE INC,2003-02-06,ADVANCED HEALTH CARE MANAGEMENT,12,6,3.3,3.3,3.7,3.7,N,NA,N,N,N,Resident,Yes,3,NA,3,NA,3,NA,2,NA,4,NA,4,NA,NA,NA,2.38138,1.40575,0.5081,1.91386,4.29523,3.42569,0.31617,0.02243,39.4,NA,42.9,NA,0,NA,1.30474,0.93752,2.18625,0.80656,0.63687,3.62969,3.22002,2.52235,1.48897,0.53818,4.54949,3.62848,2025-09-18,3,3,0,12,1,0,12,2024-07-18,12,7,5,100,1,0,100,34,NA,1,9318,0,1,"7805 SOUTHCREST PARKWAY,SOUTHAVEN,MS,38671",34.963,-89.994,NA,2026-06-01
255297,BEDFORD CARE CTR-MONROE HALL,300 CAHAL STREET,HATTIESBURG,MS,39401,6015829157,170,Forrest,Y,For profit - Corporation,80,75.1,NA,Medicare and Medicaid,N,"BEDFORD CARE CENTER-MONROE HALL, LLC",2003-05-01,BEDFORD CARE CENTERS,71,7,2.9,3.1,3.9,1.4,N,NA,N,N,N,Resident,Yes,4,NA,5,NA,1,NA,1,NA,1,NA,4,NA,NA,NA,2.54467,0.96627,0.74481,1.71107,4.25574,3.71539,0.3188,0.02286,54.5,NA,20,NA,0,NA,1.28445,0.92294,2.15225,0.79402,0.62697,3.57324,3.16994,2.73788,1.03963,0.80136,4.57887,3.99749,2025-08-28,2,2,0,8,1,0,8,2024-03-28,5,2,3,20,1,0,20,11,NA,0,0,0,0,"300 CAHAL STREET,HATTIESBURG,MS,39401",31.3421,-89.325,NA,2026-06-01
255299,VINEYARD COURT NURSING CENTER,2002 5TH STREET NORTH,COLUMBUS,MS,39705,6623281133,430,Lowndes,N,For profit - Corporation,55,49,NA,Medicare and Medicaid,N,"VCNCL, LLC",2003-08-01,BRIAR HILL MANAGEMENT,89,6,3.3,3,4.5,1.8,N,NA,N,N,N,Resident,Yes,1,NA,1,NA,2,NA,1,NA,2,NA,4,NA,NA,NA,2.49804,0.77326,0.93513,1.70838,4.20643,3.67329,0.49161,0.08644,57.9,NA,63.6,NA,0,NA,1.05,0.75448,1.7594,0.64909,0.51253,2.92102,2.59133,3.28785,1.01773,1.23078,5.53636,4.83466,2025-02-20,6,3,3,32,1,0,32,2023-10-20,16,10,6,484,1,0,484,145,NA,3,78952,0,3,"2002 5TH STREET NORTH,COLUMBUS,MS,39705",33.5179,-88.429,NA,2026-06-01
255300,WILLOW CREEK RETIREMENT CENTER,49 WILLOW CREEK LANE,BYRAM,MS,39272,6018634201,240,Hinds,Y,For profit - Limited Liability company,88,83.1,NA,Medicare and Medicaid,N,"WCRL, LLC",2003-08-01,BRIAR HILL MANAGEMENT,89,6,3.3,3,4.5,1.8,N,NA,N,N,N,Resident,Yes,2,NA,2,NA,2,NA,1,NA,3,NA,4,NA,NA,NA,2.37073,1.14662,0.52411,1.67074,4.04146,3.71634,0.32215,0.0134,52,NA,50,NA,0,NA,1.10538,0.79428,1.85221,0.68333,0.53956,3.0751,2.72802,2.96393,1.43353,0.65526,5.05272,4.64624,2026-03-05,8,7,1,48,1,0,48,2024-11-07,10,4,6,72,1,0,72,54,NA,1,8018,0,1,"49 WILLOW CREEK LANE,BYRAM,MS,39272",32.2168,-90.269,22,2026-06-01
255301,"CARRINGTON, LLC D/B/A THE CARRINGTON",307 REED RD,STARKVILLE,MS,39759,6623232202,520,Oktibbeha,N,For profit - Corporation,60,55,NA,Medicare and Medicaid,N,"CNCL, LLC",2003-09-01,BRIAR HILL MANAGEMENT,89,6,3.3,3,4.5,1.8,N,NA,N,N,N,Resident,Yes,4,NA,4,NA,1,NA,1,NA,1,NA,5,NA,NA,NA,1.85368,0.97798,0.82612,1.80409,3.65777,3.2054,0.41293,0.04711,42.6,NA,11.1,NA,0,NA,1.11934,0.80431,1.8756,0.69196,0.54638,3.11394,2.76248,2.28861,1.20743,1.01995,4.51599,3.95747,2025-12-03,5,4,1,32,1,0,32,2024-02-08,2,2,0,12,1,0,12,27,NA,0,0,0,0,"307 REED RD,STARKVILLE,MS,39759",33.4824,-88.919,NA,2026-06-01
255302,SENATOBIA HEALTHCARE & REHAB,402 GETWELL DR,SENATOBIA,MS,38668,6625625664,680,Tate,Y,For profit - Limited Liability company,106,92.8,NA,Medicare and Medicaid,N,"SCCR,LLC",2003-07-28,NA,NA,NA,NA,NA,NA,NA,N,NA,N,N,N,Resident,Yes,2,NA,2,NA,2,NA,2,NA,2,NA,3,NA,NA,NA,2.20868,0.95176,0.59773,1.5495,3.75818,3.05121,0.38088,0.05746,67.8,NA,77.8,NA,1,NA,1.16427,0.83659,1.95088,0.71973,0.56831,3.23891,2.87335,2.62168,1.12973,0.7095,4.46091,3.62175,2025-08-07,7,4,3,28,1,0,28,2024-03-28,8,3,5,145,1,0,145,57.25,NA,1,8021,0,1,"402 GETWELL DR,SENATOBIA,MS,38668",34.6254,-89.956,NA,2026-06-01
255303,BRIAR HILL REST HOME,1201 GUNTER ROAD,FLORENCE,MS,39073,6019396371,600,Rankin,Y,For profit - Limited Liability company,60,52.1,NA,Medicare and Medicaid,N,"BRIAR HILL REST HOME, LLC",2003-09-05,BRIAR HILL MANAGEMENT,89,6,3.3,3,4.5,1.8,N,NA,N,N,N,Resident,Yes,5,NA,4,NA,2,NA,2,NA,2,NA,5,NA,NA,NA,2.44145,1.39917,0.74074,2.13991,4.58136,3.87721,0.37601,0.01529,49,NA,16.7,NA,0,NA,1.22049,0.87699,2.04508,0.75448,0.59575,3.39532,3.0121000000000002,2.76448,1.5843,0.83875,5.18752,4.3902,2026-01-22,3,3,0,12,1,0,12,2024-08-15,8,5,4,52,1,0,52,22,NA,1,8788,0,1,"1201 GUNTER ROAD,FLORENCE,MS,39073",32.1812,-90.127,NA,2026-06-01
255304,THE NICHOLS CENTER,1308 HIGHWAY 51 NORTH,MADISON,MS,39110,6018534343,440,Madison,Y,For profit - Limited Liability company,60,55.9,NA,Medicare and Medicaid,N,"NC LEASING, LLC",2003-12-15,BRIAR HILL MANAGEMENT,89,6,3.3,3,4.5,1.8,N,NA,N,N,N,Resident,Yes,3,NA,3,NA,2,NA,1,NA,3,NA,4,NA,NA,NA,2.81008,1.2568,0.64608,1.90288,4.71296,4.25748,0.48546,0.13526,52.7,NA,64.3,NA,0,NA,1.1713,0.84164,1.96266,0.72408,0.57174,3.25848,2.89071,3.3155,1.48285,0.76228,5.56063,5.02324,2026-03-26,4,2,2,32,1,0,32,2024-03-14,7,3,4,76,1,0,76,43,NA,2,18259,1,3,"1308 HIGHWAY 51 NORTH,MADISON,MS,39110",32.4851,-90.099,NA,2026-06-01
255305,RIVER PLACE NURSING CENTER,"1126 EARL FRYE BOULEVARD, SOUTH",AMORY,MS,38821,6622579919,470,Monroe,N,For profit - Limited Liability company,60,53.2,NA,Medicare and Medicaid,N,"RRL, LLC",2004-03-18,BRIAR HILL MANAGEMENT,89,6,3.3,3,4.5,1.8,N,NA,N,N,N,Resident,Yes,5,NA,4,NA,2,NA,4,NA,1,NA,5,NA,NA,NA,2.32404,0.49348,0.79886,1.29234,3.61638,2.97373,0.62183,0.02191,25.6,NA,0,NA,0,NA,1.12604,0.80912,1.88682,0.6961,0.54965,3.13257,2.77901,2.85226,0.60564,0.98042,4.43832,3.64961,2025-12-18,5,5,0,20,1,0,20,2024-05-30,1,1,0,4,1,0,4,16,NA,0,0,0,0,"1126 EARL FRYE BOULEVARD, SOUTH,AMORY,MS,38821",33.9755,-88.478,NA,2026-06-01
255306,TREND HEALTH AND REHAB OF HOUSTON,1000 EAST MADISON STREET,HOUSTON,MS,38851,6624561101,080,Chickasaw,N,For profit - Limited Liability company,60,48.6,NA,Medicare and Medicaid,N,TREND HEALTH AND REHAB OF HOUSTON LLC,2004-07-01,TREND CONSULTANTS,522,16,3.3,3.3,3.9,2.1,N,NA,N,N,N,Both,Yes,2,NA,2,NA,2,NA,1,NA,3,NA,4,NA,NA,NA,2.34428,0.84337,0.88459,1.72796,4.07224,3.19063,0.52363,0.0766,50,NA,40,NA,1,NA,1.21764,0.87494,2.04032,0.75272,0.59436,3.3874,3.00508,2.66065,0.95719,1.00397,4.62181,3.62122,2025-04-02,7,7,0,44,1,0,44,2024-03-21,16,15,1,60,1,0,60,48,0,0,0,0,0,"1000 EAST MADISON STREET,HOUSTON,MS,38851",33.8929,-88.982,NA,2026-06-01
255307,GOLDEN AGE NURSING HOME,2901 HIGHWAY 82 EAST,GREENWOOD,MS,38930,6624536323,410,Leflore,N,Non profit - Corporation,95,84.6,NA,Medicare and Medicaid,N,GOLDEN AGE INC,2004-07-01,NA,NA,NA,NA,NA,NA,NA,N,NA,N,N,N,Resident,Yes,4,NA,3,NA,4,NA,3,NA,4,NA,5,NA,NA,NA,2.91624,1.08165,0.80331,1.88495,4.8012,3.99831,0.42717,0.00596,22.9,NA,11.1,NA,0,NA,1.24347,0.8935,2.0836,0.76869,0.60697,3.45926,3.06883,3.24106,1.20212,0.89278,5.33596,4.44364,2024-11-21,9,6,3,40,1,0,40,2023-07-27,7,7,0,40,1,0,40,40,NA,0,0,0,0,"2901 HIGHWAY 82 EAST,GREENWOOD,MS,38930",33.5103,-90.141,NA,2026-06-01
255308,STONE COUNTY REHABILITATION AND NURSING CTR INC,1436 EAST CENTRAL AVENUE,WIGGINS,MS,39577,6019281889,650,Stone,Y,For profit - Corporation,59,40.3,NA,Medicare and Medicaid,N,"STONE COUNTY REHABILITATION AND NURSING CENTER, INC",2004-04-16,NA,NA,NA,NA,NA,NA,NA,Y,NA,N,N,N,Resident,Yes,4,NA,4,NA,1,NA,1,NA,1,NA,5,NA,NA,NA,2.84647,1.43795,0.80251,2.24046,5.08693,4.36545,0.49048,0.10167,36,NA,44.4,NA,1,NA,1.11702,0.80264,1.87171,0.69052,0.54524,3.10747,2.75674,3.52164,1.77903,0.99286,6.29353,5.40092,2025-05-29,1,1,0,16,1,0,16,2024-01-25,6,3,3,56,1,0,56,26,NA,1,8190,1,2,"1436 EAST CENTRAL AVENUE,WIGGINS,MS,39577",30.8458,-89.116,NA,2026-06-01
255309,Cedars Health Center,2800 WEST MAIN STREET,TUPELO,MS,38801,6628441441,400,Lee,N,Non profit - Corporation,140,128.7,NA,Medicare and Medicaid,N,"UNITED METHODIST SENIOR SERVICES HEALTH CARE, INC",2004-08-01,NA,NA,NA,NA,NA,NA,NA,Y,NA,Y,N,N,Resident,Yes,3,NA,2,NA,2,NA,2,NA,3,NA,5,NA,NA,NA,3.39185,1.15979,0.62891,1.7887,5.18055,4.57412,0.21977,0.02899,51.2,NA,26.3,NA,0,NA,1.18454,0.85116,1.98485,0.73226,0.5782,3.29531,2.92338,3.95718,1.35309,0.73374,6.04401,5.3365,2025-11-20,5,4,1,44,1,0,44,2024-08-08,8,6,2,32,1,0,32,41,NA,1,24850,0,1,"2800 WEST MAIN STREET,TUPELO,MS,38801",34.2528,-88.755,NA,2026-06-01
255310,SILVER CROSS HEALTH & REHAB,503 SILVER CROSS DRIVE,BROOKHAVEN,MS,39601,6018332361,420,Lincoln,N,For profit - Limited Liability company,60,54.1,NA,Medicare and Medicaid,N,LINCOLN LTC LLC,2005-01-10,ADVANCED HEALTH CARE MANAGEMENT,12,6,3.3,3.3,3.7,3.7,N,NA,N,N,N,Resident,Yes,3,NA,3,NA,4,NA,4,NA,4,NA,2,NA,NA,NA,1.90063,0.58212,0.43316,1.01528,2.91591,2.29639,0.22361,0.02143,32,NA,50,NA,0,NA,1.21172,0.87069,2.03039,0.74906,0.59147,3.37093,2.99046,2.16767,0.66391,0.49402,3.3256,2.61903,2025-12-11,11,11,0,52,1,0,52,2024-05-16,4,4,0,16,1,0,16,43,NA,0,0,0,0,"503 SILVER CROSS DRIVE,BROOKHAVEN,MS,39601",31.5883,-90.461,NA,2026-06-01
255311,GREAT OAKS REHABILITATION AND HEALTHCARE CENTER,111 CHASE STREET,BYHALIA,MS,38611,6628383670,460,Marshall,Y,For profit - Corporation,60,48.7,NA,Medicare and Medicaid,N,NEXION HEALTH AT BYHALIA INC,2005-02-24,NEXION HEALTH,370,52,2.4,2.4,2.8,2.8,N,NA,N,N,N,Resident,Yes,1,NA,2,NA,1,NA,1,NA,1,NA,3,NA,NA,NA,2.25115,1.59837,0.45854,2.05692,4.30806,3.57797,0.22396,0.03798,61.3,NA,42.9,NA,1,NA,1.24011,0.89108,2.07796,0.76661,0.60533,3.4499,3.06052,2.50867,1.78122,0.511,4.80089,3.98728,2025-06-25,10,6,4,40,1,0,40,2024-01-04,11,7,6,68,1,0,68,47,NA,1,13520,0,1,"111 CHASE STREET,BYHALIA,MS,38611",34.8747,-89.7,NA,2026-06-01
255312,"UNION CO HEALTH AND REHAB CENTER, INC",1111 BRATTON ROAD,NEW ALBANY,MS,38652,6625390502,720,Union,N,For profit - Corporation,60,50.3,NA,Medicare and Medicaid,N,"UNION COUNTY HEALTH & REHABILITATION CENTER, INC.",2005-04-18,THE BEEBE FAMILY,779,49,2.7,3,3,2,N,NA,N,N,N,None,Yes,5,NA,5,NA,2,NA,2,NA,1,NA,4,NA,NA,NA,2.58946,1.80683,0.6801,2.48693,5.07638,3.46054,0.40192,0.01357,65.5,NA,80,NA,3,NA,1.08943,0.78281,1.82547,0.67346,0.53178,3.03072,2.68865,3.2848,2.29201,0.86273,6.43954,4.38979,2025-08-14,1,1,0,4,1,0,4,2024-08-08,5,4,1,20,1,0,20,8,NA,0,0,0,0,"1111 BRATTON ROAD,NEW ALBANY,MS,38652",34.4821,-89.032,NA,2026-06-01
255313,DUGAN MEMORIAL HOME,26894 EAST MAIN STREET,WEST POINT,MS,39773,6624943640,120,Clay,N,For profit - Corporation,60,52.1,NA,Medicare and Medicaid,N,"DUGAN MEMORIAL HOME, INC.",2005-07-01,NA,NA,NA,NA,NA,NA,NA,N,NA,Y,N,N,Resident,Yes,2,NA,2,NA,4,NA,5,NA,3,NA,4,NA,NA,NA,3.35898,0.85432,0.82807,1.6824,5.04138,4.04165,0.42964,0.0135,52.9,NA,41.7,NA,0,NA,1.27217,0.91412,2.13168,0.78643,0.62098,3.53908,3.13964,3.64891,0.92806,0.89955,5.47652,4.3905,2026-03-18,4,3,1,32,1,0,32,2024-09-26,4,3,1,16,1,0,16,28,NA,0,0,0,0,"26894 EAST MAIN STREET,WEST POINT,MS,39773",33.6071,-88.642,NA,2026-06-01
255314,WASHINGTON CARE CENTER,1920 LISA DRIVE EXTENDED,GREENVILLE,MS,38703,6623352897,750,Washington,N,For profit - Corporation,60,54.4,NA,Medicare and Medicaid,N,"MID-DELTA PROPERTIES, LLC",2005-07-05,THE BEEBE FAMILY,779,49,2.7,3,3,2,N,NA,N,N,N,Resident,Yes,4,NA,4,NA,2,NA,3,NA,1,NA,3,NA,NA,NA,2.43081,0.87167,0.45422,1.32589,3.75669,3.17656,0.30436,0.00828,50,NA,NA,27,0,NA,1.24584,0.8952,2.08756,0.77015,0.60812,3.46584,3.07466,2.69642,0.96691,0.50386,4.16719,3.52366,2024-08-21,3,3,0,24,1,0,24,2023-02-09,3,2,1,12,1,0,12,21,NA,1,4017,0,1,"1920 LISA DRIVE EXTENDED,GREENVILLE,MS,38703",33.4215,-91.019,22,2026-06-01
255315,"POPLAR SPRINGS NURSING CTR, LLC",6615 POPLAR SPRINGS DR,MERIDIAN,MS,39305,6014835256,370,Lauderdale,N,For profit - Limited Liability company,89,82.4,NA,Medicare and Medicaid,N,POPLAR SPRINGS NURSING CENTER LLC,2005-08-10,TREND CONSULTANTS,522,16,3.3,3.3,3.9,2.1,N,NA,N,N,N,Resident,Yes,2,NA,3,NA,1,NA,1,NA,2,NA,4,NA,NA,NA,2.80866,0.96248,0.53571,1.49819,4.30685,3.5348,0.23786,0.04721,53.9,NA,75,NA,0,NA,1.10768,0.79593,1.85606,0.68475,0.54069,3.08149,2.7337,3.50415,1.20081,0.66837,5.37333,4.4101,2025-07-24,7,7,0,28,1,0,28,2024-08-29,10,6,4,48,1,0,48,33,NA,0,0,0,0,"6615 POPLAR SPRINGS DR,MERIDIAN,MS,39305",32.4292,-88.7,NA,2026-06-01
255316,THE GROVE,11 PECAN DRIVE,COLUMBIA,MS,39429,6017364747,450,Marion,N,For profit - Limited Liability company,86,80.3,NA,Medicare and Medicaid,N,2ND GENERATION HEALTHCARE LLC,2006-01-01,NA,NA,NA,NA,NA,NA,NA,N,NA,N,N,N,Resident,Yes,2,NA,3,NA,1,NA,1,NA,1,NA,4,NA,NA,NA,2.5397,1.67492,0.50856,2.18348,4.72318,3.82091,0.26926,0.01491,36.1,NA,42.9,NA,0,NA,1.28124,0.92064,2.14687,0.79203,0.6254,3.56431,3.16202,2.73938,1.80661,0.54855,5.09454,4.12133,2026-02-12,10,8,2,52,1,0,52,2024-08-29,2,2,0,8,1,0,8,41,NA,0,0,0,0,"11 PECAN DRIVE,COLUMBIA,MS,39429",31.2572,-89.805,NA,2026-06-01
255318,J G ALEXANDER NURSING CENTER,25112 HIGHWAY 15,UNION,MS,39365,6017745065,500,Newton,N,For profit - Individual,60,59.1,NA,Medicare and Medicaid,N,NEWTON COUNTY LTC LLC,2006-03-20,THE BEEBE FAMILY,779,49,2.7,3,3,2,N,NA,N,N,N,Resident,Yes,1,NA,2,NA,1,NA,1,NA,2,NA,4,NA,NA,NA,2.9818,1.03019,0.7381,1.76829,4.75009,3.49919,0.43742,0.01069,47.6,NA,12.5,NA,NA,26,1.16731,0.83877,1.95597,0.72161,0.56979,3.24737,2.88085,3.53015,1.21964,0.87383,5.62362,4.14268,2025-01-30,9,9,0,92,1,0,92,2023-08-03,5,5,0,32,1,0,32,77,NA,2,16720,0,2,"25112 HIGHWAY 15,UNION,MS,39365",32.5456,-89.113,NA,2026-06-01
255319,"SUNSHINE HEALTH CARE, INC",1677 HIGHWAY 9 NORTH,PONTOTOC,MS,38863,6624891189,570,Pontotoc,N,For profit - Individual,60,54.2,NA,Medicare and Medicaid,N,"SUNSHINE HEALTH CARE, INC",2005-07-01,NA,NA,NA,NA,NA,NA,NA,N,NA,N,N,N,Both,Yes,5,NA,5,NA,3,NA,4,NA,1,NA,NA,2,6,6,NA,NA,NA,NA,NA,NA,NA,NA,NA,26,NA,26,NA,26,NA,NA,NA,NA,NA,NA,NA,NA,NA,NA,NA,NA,2025-07-24,1,1,0,4,1,0,4,2024-03-06,1,1,0,0,1,0,0,3,NA,0,0,0,0,"1677 HIGHWAY 9 NORTH,PONTOTOC,MS,38863",34.2713,-88.985,NA,2026-06-01
255320,LANDMARK NURSING AND REHAB CENTER,100 LAUREN DRIVE,BOONEVILLE,MS,38829,6627200972,580,Prentiss,N,For profit - Corporation,80,65.1,NA,Medicare and Medicaid,N,THE LANDMARK NURSING CENTER INC.,2007-06-01,NA,NA,NA,NA,NA,NA,NA,N,NA,N,N,N,Resident,Yes,4,NA,4,NA,3,NA,3,NA,3,NA,4,NA,NA,NA,2.74665,1.42334,0.7426,2.16594,4.91259,4.03409,0.43781,0.07938,51,NA,50,NA,1,NA,1.30806,0.93991,2.19182,0.80862,0.6385,3.63893,3.22822,2.90185,1.50376,0.78456,5.19017,4.26204,2025-09-04,1,1,0,8,1,0,8,2024-04-04,6,4,2,36,1,0,36,15,NA,1,29900,0,1,"100 LAUREN DRIVE,BOONEVILLE,MS,38829",34.6545,-88.56,22,2026-06-01
255321,HATTIESBURG HEALTH & REHAB CENTER,514 BAY STREET,HATTIESBURG,MS,39401,6015444230,170,Forrest,Y,For profit - Partnership,164,143.2,NA,Medicare and Medicaid,N,HATTIESBURG HEALTH & REHAB CENTER LLC,2007-07-01,NA,NA,NA,NA,NA,NA,NA,N,NA,N,N,N,Resident,Yes,3,NA,4,NA,1,NA,3,NA,1,NA,3,NA,NA,NA,2.81412,1.43406,0.60592,2.03998,4.8541,4.10116,0.21537,0.02811,64.3,NA,53.1,NA,2,NA,1.38049,0.99196,2.31319,0.85339,0.67385,3.84044,3.40698,2.81713,1.4356,0.60657,4.8593,4.10555,2025-12-11,3,3,0,16,1,0,16,2024-09-26,4,3,1,32,1,0,32,20,NA,1,8021,0,1,"514 BAY STREET,HATTIESBURG,MS,39401",31.3203,-89.286,NA,2026-06-01
255322,DUNBAR VILLAGE TERRACE,725 DUNBAR AVE,BAY SAINT LOUIS,MS,39520,2284663099,220,Hancock,Y,For profit - Partnership,60,56.4,NA,Medicare and Medicaid,N,DUNBAR VILLAGE L.P.,2007-09-05,NA,NA,NA,NA,NA,NA,NA,N,NA,N,N,N,Resident,Yes,4,NA,4,NA,3,NA,4,NA,2,NA,3,NA,NA,NA,2.16329,1.01777,0.59539,1.61316,3.77646,3.35419,0.28984,0.06927,53.8,NA,40,NA,0,NA,1.26673,0.91021,2.12256,0.78306,0.61832,3.52394,3.12621,2.36011,1.11037,0.64956,4.12004,3.65936,2025-07-31,3,3,0,12,1,0,12,2024-01-19,6,5,1,40,1,0,40,19,NA,1,8021,0,1,"725 DUNBAR AVE,BAY SAINT LOUIS,MS,39520",30.3254,-89.338,NA,2026-06-01
255323,GREENBRIAR NURSING CENTER,4347 WEST GAY ROAD,DIBERVILLE,MS,39540,2283928484,230,Harrison,Y,For profit - Corporation,103,80,NA,Medicare and Medicaid,N,"GREENBRIAR NURSING CENTER, INC.",2007-10-26,NA,NA,NA,NA,NA,NA,NA,N,NA,N,N,N,Resident,Yes,2,NA,2,NA,2,NA,2,NA,2,NA,3,NA,NA,NA,2.59288,1.31834,0.41062,1.72896,4.32185,3.70345,0.22223,0.04501,59,NA,58.3,NA,0,NA,1.28708,0.92483,2.15666,0.79564,0.62825,3.58056,3.17643,2.78406,1.41554,0.4409,4.6405,3.97651,2025-06-12,7,4,3,68,1,0,68,2024-02-08,4,3,1,20,1,0,20,56,NA,0,0,0,0,"4347 WEST GAY ROAD,DIBERVILLE,MS,39540",30.4538,-88.911,NA,2026-06-01
255324,BRUCE COMMUNITY LIVING CENTER,176 HIGHWAY 9 SOUTH  BOX 1280,BRUCE,MS,38915,6624125100,060,Calhoun,N,For profit - Limited Liability company,35,33.4,NA,Medicare and Medicaid,N,"CLC OF BRUCE, LLC",2008-01-14,COMMUNITY ELDERCARE SERVICES,155,17,1.7,1.9,2.8,1.8,N,NA,N,N,N,Resident,Yes,4,NA,4,NA,3,NA,3,NA,NA,2,4,NA,NA,NA,2.06804,1.06186,0.4877,1.54956,3.6176,3.10172,0.37468,0.29967,41.7,NA,60,NA,1,NA,1.08565,0.7801,1.81914,0.67113,0.52993,3.0202,2.67933,2.6325,1.35169,0.62081,4.60501,3.94832,2026-02-19,6,3,3,28,1,0,28,2024-10-30,4,4,0,16,1,0,16,25,NA,0,0,0,0,"176 HIGHWAY 9 SOUTH  BOX 1280,BRUCE,MS,38915",34.0049,-89.36,22,2026-06-01
255325,WISTERIA GARDENS,5420 HIGHWAY 80 EAST,PEARL,MS,39208,6019886800,600,Rankin,Y,For profit - Limited Liability company,52,44.8,NA,Medicare,N,"WISTERIA GARDENS, LLC",2008-03-31,NA,NA,NA,NA,NA,NA,NA,N,NA,N,N,N,Both,Yes,5,NA,4,NA,3,NA,2,NA,4,NA,5,NA,NA,NA,3.18802,1.11145,0.80574,1.9172,5.10522,4.42651,0.53166,0.21907,62.5,NA,14.3,NA,1,NA,1.25896,0.90463,2.10955,0.77827,0.61453,3.50235,3.10705,3.49951,1.22005,0.88447,5.60403,4.85901,2026-03-11,2,2,0,8,1,0,8,2025-02-20,6,6,0,40,1,0,40,16,NA,0,0,0,0,"5420 HIGHWAY 80 EAST,PEARL,MS,39208",32.2836,-90.05,NA,2026-06-01
255326,PINE FOREST HEALTH AND REHABILITATION,1116 FOREST AVENUE,JACKSON,MS,39206,6013666461,240,Hinds,Y,For profit - Limited Liability company,120,100.7,NA,Medicare and Medicaid,N,"FOREST AVENUE OPCO, LLC",2008-06-01,VANGUARD HEALTHCARE,543,6,3.3,3.3,4.2,2.8,N,NA,Y,N,N,Resident,Yes,1,NA,1,NA,2,NA,3,NA,1,NA,3,NA,NA,NA,2.74106,1.45813,0.43754,1.89568,4.63674,3.60739,0.27261,0.04326,63.6,NA,66.7,NA,1,NA,1.40312,1.00821,2.3511,0.86738,0.6849,3.90337,3.46281,2.69975,1.43616,0.43095,4.56687,3.55303,2025-06-06,12,6,8,214,1,0,214,2023-12-05,19,11,15,412,1,0,412,263.5,NA,6,143764,2,8,"1116 FOREST AVENUE,JACKSON,MS,39206",32.3705,-90.196,NA,2026-06-01
255327,MARTHA COKER GREEN HOUSE HOME,2041 GRAND AVE,YAZOO CITY,MS,39194,6627464621,810,Yazoo,Y,Non profit - Corporation,60,51,NA,Medicare and Medicaid,N,"MARTHA COKER HOME, INC.",2008-11-10,NA,NA,NA,NA,NA,NA,NA,N,NA,N,N,N,Both,Yes,5,NA,4,NA,4,NA,4,NA,4,NA,5,NA,NA,NA,3.77525,1.21722,0.68773,1.90494,5.68019,4.93686,0.25338,0.09818,31.4,NA,22.2,NA,0,NA,1.18577,0.85204,1.98691,0.73302,0.57881,3.29874,2.92643,4.3999,1.41862,0.80152,6.62004,5.75372,2024-09-26,6,6,2,28,1,0,28,2023-06-29,3,3,0,12,1,0,12,24,NA,0,0,0,0,"2041 GRAND AVE,YAZOO CITY,MS,39194",32.8742,-90.394,NA,2026-06-01
255328,BEDFORD CARE CENTER OF MARION,6434 A DALE DR,MARION,MS,39342,6012943515,370,Lauderdale,N,For profit - Limited Liability company,120,72.1,NA,Medicare and Medicaid,N,"BEDFORD CARE CENTER OF MARION, LLC",2009-09-01,BEDFORD CARE CENTERS,71,7,2.9,3.1,3.9,1.4,N,NA,N,N,N,Resident,Yes,1,NA,1,NA,1,NA,1,NA,1,NA,3,NA,NA,NA,2.55784,1.26963,0.67005,1.93968,4.49752,3.83059,0.32199,0.02443,73,NA,78.9,NA,1,NA,1.32022,0.94865,2.2122,0.81613,0.64443,3.67276,3.25823,2.67748,1.32902,0.70139,4.70789,4.00976,2026-03-12,9,9,0,88,1,0,88,2024-07-11,14,7,7,245,1,0,245,127.25,NA,3,244855,1,4,"6434 A DALE DR,MARION,MS,39342",32.4189,-88.647,22,2026-06-01
255329,MADISON CO NH,1421-A  EAST PEACE STREET,CANTON,MS,39046,6018555760,440,Madison,Y,Government - County,95,90.8,NA,Medicare and Medicaid,N,MADISON COUNTY NURSING HOME,2010-01-01,NA,NA,NA,NA,NA,NA,NA,Y,NA,Y,N,N,Resident,Yes,2,NA,2,NA,2,NA,2,NA,NA,2,4,NA,NA,NA,2.84812,1.28662,0.28645,1.57307,4.42119,3.71398,0.27844,0.00497,35.6,NA,22.2,NA,0,NA,1.19237,0.85678,1.99797,0.7371,0.58203,3.31709,2.9427,3.3010100000000002,1.49121,0.33199,5.12422,4.30455,2024-07-10,6,5,1,40,1,0,40,2023-01-26,6,4,2,40,1,0,40,40,NA,1,8278,0,1,"1421-A  EAST PEACE STREET,CANTON,MS,39046",32.6104,-90.006,NA,2026-06-01
255331,ARRINGTON LIVING CENTER,902 GERALD MCRANEY STREET,COLLINS,MS,39428,6017656711,150,Covington,N,Government - City/county,60,53.7,NA,Medicare and Medicaid,N,COVINGTON COUNTY HOSPITAL,2011-04-08,NA,NA,NA,NA,NA,NA,NA,N,NA,N,N,N,Resident,Yes,3,NA,4,NA,1,NA,1,NA,1,NA,4,NA,NA,NA,2.88582,0.99213,0.86539,1.85752,4.74335,3.89283,0.42939,0.09035,45,NA,46.7,NA,0,NA,1.29693,0.93192,2.17317,0.80174,0.63306,3.60798,3.20076,3.07504,1.05719,0.92214,5.05437,4.14809,2025-05-01,1,1,0,4,1,0,4,2024-01-04,3,0,3,60,0,0,60,18,NA,2,17727,0,2,"902 GERALD MCRANEY STREET,COLLINS,MS,39428",31.6376,-89.555,NA,2026-06-01
255332,HOLMES COUNTY LONG TERM CARE CENTER - DURANT,15481 BOWLING GREEN ROAD,DURANT,MS,39063,6626534106,250,Holmes,Y,For profit - Corporation,80,73.4,NA,Medicare and Medicaid,N,DURANT HEALTHCARE LLC,2011-04-18,TREND CONSULTANTS,522,16,3.3,3.3,3.9,2.1,N,NA,N,N,N,Both,Yes,2,NA,3,NA,1,NA,1,NA,NA,2,2,NA,NA,NA,2.72222,1.16113,0.27504,1.43618,4.15839,3.27714,0.14316,0,NA,26,NA,26,NA,26,1.12185,0.80611,1.87979,0.6935,0.5476,3.12089,2.76865,3.35343,1.43037,0.33882,5.12262,4.03702,2024-06-27,6,6,0,24,1,0,24,2023-06-15,4,2,2,48,1,0,48,30,NA,2,8278,0,2,"15481 BOWLING GREEN ROAD,DURANT,MS,39063",33.0922,-89.851,NA,2026-06-01
255333,GEORGE REGIONAL HEALTH & REHAB CENTER,859 WINTER ST,LUCEDALE,MS,39452,6019479101,190,George,N,Government - County,59,35.7,NA,Medicare and Medicaid,N,GEORGE REGIONAL HEALTH AND REHAB CENTER,2011-10-21,NA,NA,NA,NA,NA,NA,NA,N,NA,N,N,N,Resident,Yes,4,NA,4,NA,1,NA,1,NA,1,NA,5,NA,NA,NA,2.44722,1.85267,0.86669,2.71936,5.16659,4.20009,0.32438,0.05842,38.8,NA,14.3,NA,0,NA,1.09785,0.78886,1.83958,0.67867,0.53589,3.05413,2.70942,3.08057,2.33215,1.09099,6.50371,5.28708,2025-05-01,5,5,0,16,1,0,16,2023-12-20,8,8,0,44,1,0,44,23,NA,0,0,0,0,"859 WINTER ST,LUCEDALE,MS,39452",30.9214,-88.593,NA,2026-06-01
255334,"TUNICA COUNTY HEALTH & REHAB, LLC",1024 HIGHWAY 61 SOUTH,TUNICA,MS,38676,6623633164,710,Tunica,Y,For profit - Corporation,60,49.3,NA,Medicare and Medicaid,N,TUNICA COUNTY HEALTH & REHAB LLC,2012-05-01,THE BEEBE FAMILY,779,49,2.7,3,3,2,N,NA,N,N,N,Both,Yes,1,NA,1,NA,2,NA,2,NA,2,NA,4,NA,NA,NA,3.49862,1.45674,0.52887,1.98561,5.48423,4.07052,0.36716,0.01204,58.9,NA,42.9,NA,2,NA,1.18769,0.85342,1.9901199999999999,0.73421,0.57974,3.30407,2.93115,4.07093,1.69504,0.61538,6.38135,4.73638,2025-10-01,7,7,0,88,1,0,88,2024-06-19,8,5,3,64,1,0,64,82,NA,3,44252,0,3,"1024 HIGHWAY 61 SOUTH,TUNICA,MS,38676",34.6847,-90.376,NA,2026-06-01
255335,FORREST GENERAL HOSPITAL SKILLED NURSING UNIT,6051 US HIGHWAY 49 SOUTH,HATTIESBURG,MS,39401,6012884233,170,Forrest,Y,Government - County,30,27.3,NA,Medicare,Y,FORREST COUNTY GENERAL HOSPITAL,2012-05-10,NA,NA,NA,NA,NA,NA,NA,N,NA,N,N,N,None,Yes,5,NA,5,NA,5,NA,NA,2,5,NA,5,NA,NA,NA,2.9058,1.67444,3.98046,5.6549,8.56071,7.2221,2.75035,0.45592,47.4,NA,48.1,NA,0,NA,1.35331,0.97242,2.26763,0.83659,0.66058,3.7648,3.33988,2.96736,1.70991,4.06478,8.74205,7.3751,2026-05-13,0,0,0,0,0,0,0,2025-05-07,1,1,0,4,1,0,4,1,NA,0,0,0,0,"6051 US HIGHWAY 49 SOUTH,HATTIESBURG,MS,39401",31.3534,-89.343,NA,2026-06-01
255336,JONES CO REST HOME,683 COUNTY HOME ROAD,ELLISVILLE,MS,39437,6014773334,330,Jones,N,Government - City/county,122,115.3,NA,Medicare and Medicaid,N,SOUTH CENTRAL REGIONAL MEDICAL CENTER,2012-09-13,NA,NA,NA,NA,NA,NA,NA,N,NA,N,N,N,Resident,Yes,2,NA,2,NA,2,NA,2,NA,3,NA,3,NA,NA,NA,2.61949,1.175,0.5291,1.7041,4.32359,3.53486,0.24109,0.00511,NA,26,NA,26,0,NA,1.15905,0.83284,1.94214,0.7165,0.56576,3.22441,2.86048,3.12329,1.40098,0.63086,5.15514,4.21472,2025-03-20,6,6,0,56,1,0,56,2023-10-26,6,6,0,40,1,0,40,52,NA,2,12735,0,2,"683 COUNTY HOME ROAD,ELLISVILLE,MS,39437",31.6071,-89.222,NA,2026-06-01
255338,LAMAR HEALTHCARE & REHABILITATION CENTER,6428 US HIGHWAY 11,LUMBERTON,MS,39455,6017948566,360,Lamar,Y,For profit - Limited Liability company,120,88.6,NA,Medicare and Medicaid,N,LAMAR HEALTHCARE & REHABILITATION CENTER LLC,2013-06-21,NA,NA,NA,NA,NA,NA,NA,N,NA,N,N,N,Resident,Yes,1,NA,1,NA,1,NA,1,NA,1,NA,2,NA,NA,NA,1.75211,0.90951,0.17256,1.08207,2.83418,2.65649,0.11907,0,39.3,NA,33.3,NA,0,NA,1.18574,0.85202,1.98686,0.733,0.57879,3.29865,2.92634,2.04208,1.06003,0.20111,3.30322,3.09612,2026-04-02,16,12,6,156,1,0,156,2024-06-27,7,7,2,80,1,0,80,137,NA,2,10527,0,2,"6428 US HIGHWAY 11,LUMBERTON,MS,39455",31.0974,-89.414,NA,2026-06-01
255339,CHOCTAW RESIDENTIAL CENTER,135 RESIDENTIAL CENTER RD,CHOCTAW,MS,39350,6016562582,490,Neshoba,N,Non profit - Other,120,111.5,NA,Medicare and Medicaid,N,MISSISSIPPI BAND OF CHOCTAW INDIANS,2013-08-25,NA,NA,NA,NA,NA,NA,NA,N,NA,N,N,N,Resident,Yes,1,NA,2,NA,1,NA,1,NA,2,NA,4,NA,NA,NA,2.21076,1.00402,0.43244,1.43646,3.64722,3.09257,0.13948,0.02035,43.5,NA,0,NA,1,NA,1.11185,0.79892,1.86304,0.68732,0.54272,3.09308,2.74397,2.74787,1.24795,0.5375,4.53332,3.84392,2025-03-06,12,10,5,64,1,0,64,2023-08-24,9,9,0,32,1,0,32,56,NA,1,21165,0,1,"135 RESIDENTIAL CENTER RD,CHOCTAW,MS,39350",32.774,-89.115,22,2026-06-01
255340,NORTH POINTE HEALTH & REHABILITATION,211 WINDMILL DRIVE,MERIDIAN,MS,39305,6014862525,370,Lauderdale,N,For profit - Limited Liability company,60,54.8,NA,Medicare and Medicaid,N,"MEADOWBROOK HEALTH & REHAB, LLC",2014-06-26,TREND CONSULTANTS,522,16,3.3,3.3,3.9,2.1,N,NA,N,N,N,Resident,Yes,5,NA,4,NA,2,NA,1,NA,4,NA,5,NA,NA,NA,3.66822,1.1278,0.64243,1.77023,5.43845,4.8946,0.37218,0.04503,32.6,NA,10,NA,0,NA,1.14418,0.82215,1.91721,0.70731,0.5585,3.18302,2.82377,4.43059,1.36219,0.77595,6.56873,5.91184,2025-06-19,6,6,0,24,1,0,24,2024-01-10,1,1,0,4,1,0,4,19,NA,0,0,0,0,"211 WINDMILL DRIVE,MERIDIAN,MS,39305",32.4357,-88.675,NA,2026-06-01
255341,GULFPORT CARE CENTER,11240 CANAL ROAD,GULFPORT,MS,39503,2287011500,230,Harrison,Y,For profit - Corporation,90,69.7,NA,Medicare and Medicaid,N,GULFPORT HEALTHCARE LLC,2014-08-18,THE BEEBE FAMILY,779,49,2.7,3,3,2,N,NA,N,N,N,Resident,Yes,1,NA,1,NA,2,NA,2,NA,2,NA,3,NA,NA,NA,2.17447,1.29364,0.47342,1.76705,3.94152,3.14165,0.14992,0.02348,63.5,NA,70,NA,1,NA,1.21321,0.87176,2.03289,0.74998,0.5922,3.37507,2.99414,2.47695,1.47359,0.53927,4.4898,3.57867,2025-06-05,10,10,0,285,1,0,285,2024-02-01,12,11,1,92,1,0,92,236.75,0,3,24281,0,3,"11240 CANAL ROAD,GULFPORT,MS,39503",30.4501,-89.137,NA,2026-06-01
255342,MS CARE CENTER OF RALEIGH,309 MAGNOLIA DR,RALEIGH,MS,39153,6017824244,640,Smith,N,For profit - Limited Liability company,110,92.1,NA,Medicare and Medicaid,N,"SMITH COUNTY LTC, LLC",2015-01-19,MISSISSIPPI CARE CENTER,357,5,3.6,3.2,3.8,2.4,N,NA,N,N,N,Resident,Yes,5,NA,4,NA,4,NA,4,NA,4,NA,5,NA,NA,NA,2.70862,1.31806,0.71358,2.03164,4.74026,3.98285,0.31901,0.01742,34.3,NA,26.7,NA,0,NA,1.15808,0.83214,1.94051,0.7159,0.56529,3.2217,2.85808,3.23228,1.57289,0.85153,5.6567,4.75286,2025-02-13,1,1,0,16,1,0,16,2023-08-03,2,1,1,8,1,0,8,14,NA,0,0,0,0,"309 MAGNOLIA DR,RALEIGH,MS,39153",32.0116,-89.52,NA,2026-06-01
255343,BEDFORD CARE CENTER OF PICAYUNE,2797 COOPER ROAD,PICAYUNE,MS,39466,6017991616,540,Pearl River,N,For profit - Corporation,120,114.2,NA,Medicare and Medicaid,N,"BEDFORD CARE CENTER-WARREN HALL, LLC",2016-03-23,BEDFORD CARE CENTERS,71,7,2.9,3.1,3.9,1.4,N,SFF Candidate,Y,N,N,Resident,Yes,1,NA,1,NA,1,NA,1,NA,1,NA,4,NA,NA,NA,2.65495,1.00388,0.50278,1.50666,4.16161,3.69989,0.20039,0.0548,50.4,NA,18.2,NA,0,NA,1.14955,0.82601,1.92621,0.71063,0.56112,3.19797,2.83702,3.19175,1.20685,0.60444,5.00303,4.44796,2025-12-18,11,3,8,424,1,0,424,2024-05-23,13,7,6,168,1,0,168,360,NA,2,39392,0,2,"2797 COOPER ROAD,PICAYUNE,MS,39466",30.5557,-89.644,NA,2026-06-01
255344,QUITMAN COUNTY HEALTH & REHAB LLC,350 GETWELL DRIVE,MARKS,MS,38646,6623263690,590,Quitman,N,For profit - Corporation,60,47.1,NA,Medicare and Medicaid,N,QUITMAN COUNTY HEALTH & REHAB LLC,2016-03-23,THE BEEBE FAMILY,779,49,2.7,3,3,2,N,NA,N,N,N,Both,Yes,4,NA,4,NA,4,NA,4,NA,NA,2,3,NA,NA,NA,2.61105,1.45218,0.39891,1.8511,4.46215,3.43227,0.20049,0.0047,64.9,NA,66.7,NA,2,NA,1.14472,0.82254,1.91812,0.70764,0.55877,3.18453,2.8251,3.15222,1.75316,0.48159,5.38698,4.14364,2024-08-29,3,3,0,16,1,0,16,2023-07-13,6,6,0,40,1,0,40,22,NA,0,0,0,0,"350 GETWELL DRIVE,MARKS,MS,38646",34.2475,-90.277,NA,2026-06-01
255346,SINGING RIVER SKILLED NURSING FACILITY,2809 DENNY AVENUE,PASCAGOULA,MS,39581,2288095060,290,Jackson,Y,Government - City/county,54,16.5,NA,Medicare,Y,SINGING RIVER HEALTH SYSTEM,2017-09-23,NA,NA,NA,NA,NA,NA,NA,N,NA,N,N,N,None,Yes,5,NA,4,NA,4,NA,NA,2,4,NA,5,NA,NA,NA,3.3444,2.65209,3.79898,6.45107,9.79547,6.60176,2.28014,0.28982,56.9,NA,33.3,NA,NA,26,1.34979,0.9699,2.26175,0.83442,0.65887,3.75503,3.33122,3.42413,2.71531,3.88955,10.02899,6.75914,2025-12-04,0,0,0,0,0,0,0,2024-09-19,9,6,3,108,1,0,108,27,NA,4,31437,0,4,"2809 DENNY AVENUE,PASCAGOULA,MS,39581",30.3749,-88.532,NA,2026-06-01
255347,CHOCTAW NURSING AND REHABILITATION CENTER,311 WEST CHERRY STREET,ACKERMAN,MS,39735,6622853257,090,Choctaw,N,Government - County,60,49.5,NA,Medicare and Medicaid,N,CHOCTAW REGIONAL MEDICAL CENTER,2018-10-19,NA,NA,NA,NA,NA,NA,NA,N,NA,N,Y,N,Resident,Yes,3,NA,3,NA,1,NA,1,NA,NA,2,5,NA,NA,NA,2.41804,1.07169,0.63523,1.70692,4.12496,3.43413,0.37797,0.04771,36.2,NA,16.7,NA,NA,26,1.09643,0.78784,1.8372,0.67779,0.53519,3.05018,2.70592,3.04778,1.35079,0.80067,5.19923,4.32849,2024-04-18,8,8,0,36,1,0,36,2023-01-11,5,3,2,56,1,0,56,41,NA,2,12472,0,2,"311 WEST CHERRY STREET,ACKERMAN,MS,39735",33.3124,-89.175,NA,2026-06-01
255348,TREND HEALTH & REHAB OF MERIDIAN LLC,517 33RD STREET,MERIDIAN,MS,39305,6012821300,370,Lauderdale,N,For profit - Limited Liability company,58,52.3,NA,Medicare and Medicaid,N,TREND HEALTH & REHAB OF MERIDIAN LLC,2019-11-27,TREND CONSULTANTS,522,16,3.3,3.3,3.9,2.1,N,NA,N,N,N,Resident,Yes,4,NA,4,NA,2,NA,1,NA,4,NA,4,NA,NA,NA,2.97379,1.20336,0.60628,1.80964,4.78343,3.87241,0.32045,0.08576,54.8,NA,50,NA,0,NA,1.10661,0.79516,1.85427,0.68409,0.54017,3.07852,2.73106,3.71376,1.50279,0.75714,5.9737,4.83598,2025-07-24,5,3,2,20,1,0,20,2024-04-11,4,1,3,16,1,0,16,19,NA,1,4516,0,1,"517 33RD STREET,MERIDIAN,MS,39305",32.3918,-88.684,NA,2026-06-01
255349,PEARL RIVER CO NURSING HOME,305 WEST MOODY STREET,POPLARVILLE,MS,39470,6017954543,540,Pearl River,N,Non profit - Corporation,110,86.3,NA,Medicare and Medicaid,Y,FORREST COUNTY GENERAL HOSPITAL,2020-12-02,NA,NA,NA,NA,NA,NA,NA,N,NA,N,N,N,Resident,Yes,5,NA,4,NA,2,NA,3,NA,2,NA,5,NA,NA,NA,3.23696,1.50318,0.94561,2.44879,5.68575,4.49844,0.63014,0.02384,37.4,NA,18.8,NA,NA,26,1.15832,0.83231,1.94091,0.71605,0.5654,3.22236,2.85866,3.86198,1.79343,1.12819,6.7836,5.36702,2025-02-27,5,5,0,24,1,0,24,2023-08-24,4,1,3,16,1,0,16,22,NA,0,0,0,0,"305 WEST MOODY STREET,POPLARVILLE,MS,39470",30.8592,-89.547,NA,2026-06-01
255351,CARTHAGE SENIOR CARE,302 ELLIS STREET,CARTHAGE,MS,39051,6012671352,390,Leake,N,For profit - Corporation,60,56.4,NA,Medicare and Medicaid,N,CARTHAGE SENIOR CARE,2021-06-24,TREND CONSULTANTS,522,16,3.3,3.3,3.9,2.1,N,NA,N,Y,N,Both,Yes,5,NA,5,NA,2,NA,2,NA,2,NA,5,NA,NA,NA,2.90925,0.9458,0.64051,1.58631,4.49557,3.71988,0.18924,0.04151,29.1,NA,22.2,NA,0,NA,1.0688,0.76799,1.79091,0.66071,0.52171,2.97332,2.63774,3.76171,1.22293,0.82819,5.81283,4.80985,2024-05-09,3,3,0,12,1,0,12,2023-04-27,1,1,0,4,1,0,4,10,NA,0,0,0,0,"302 ELLIS STREET,CARTHAGE,MS,39051",32.7407,-89.52,NA,2026-06-01
255352,COMFORT CARE NURSING CENTER,1100 WEST DRIVE,LAUREL,MS,39440,6014220022,330,Jones,N,Government - County,126,109.2,NA,Medicare and Medicaid,N,SOUTH CENTRAL REGIONAL MEDICAL CENTER,2022-09-29,NA,NA,NA,NA,NA,NA,NA,N,NA,N,N,N,Resident,Yes,2,NA,2,NA,2,NA,1,NA,3,NA,3,NA,NA,NA,2.88933,1.23784,0.59263,1.83047,4.7198,3.68699,0.26257,0.02539,NA,26,NA,26,1,NA,1.1436,0.82173,1.91624,0.70695,0.55822,3.1814,2.82233,3.4916,1.49586,0.71617,5.70362,4.45553,2025-11-18,12,7,5,88,1,0,88,2024-05-16,1,1,0,4,1,0,4,67,NA,0,0,0,0,"1100 WEST DRIVE,LAUREL,MS,39440",31.6729,-89.155,NA,2026-06-01
25A123,REGINALD P WHITE NURSING FACILITY,1451 NORTH LAKELAND DRIVE,MERIDIAN,MS,39307,6015818500,370,Lauderdale,N,Government - State,70,64.6,NA,Medicaid,N,Legal Business Name Not Available,1974-03-31,NA,NA,NA,NA,NA,NA,NA,N,NA,Y,N,N,Both,Yes,1,NA,2,NA,2,NA,2,NA,NA,2,1,24,NA,NA,2.99669,0.71319,1.1533,1.8665,4.86319,3.91419,0.88863,0.00119,58.8,NA,42.1,NA,3,NA,0.98369,0.70683,1.64829,0.60809,0.48016,2.73655,2.42768,4.21003,1.00196,1.62027,6.83225,5.49902,2025-05-29,5,3,2,28,1,0,28,2024-01-11,7,3,4,104,1,0,104,47,NA,2,10364,0,2,"1451 NORTH LAKELAND DRIVE,MERIDIAN,MS,39307",32.3705,-88.767,NA,2026-06-01
25A162,SHEARER-RICHARDSON MEMORIAL NURSING HOME,512 ROCKWELL DRIVE,OKOLONA,MS,38860,6624475463,080,Chickasaw,N,Government - City/county,73,68.3,NA,Medicaid,N,Legal Business Name Not Available,1975-02-02,NA,NA,NA,NA,NA,NA,NA,N,NA,N,N,N,Resident,Yes,3,NA,4,NA,1,NA,1,NA,NA,2,4,NA,NA,NA,3.03096,0.24998,1.16607,1.41606,4.44702,3.77108,0.80729,0.07231,NA,26,NA,26,0,NA,1.01823,0.73166,1.70618,0.62945,0.49703,2.83266,2.51295,4.1137,0.33928,1.58262,6.0356,5.1182,2025-10-08,5,5,0,20,1,0,20,2024-10-03,6,4,4,40,1,0,40,25,NA,2,20050,0,2,"512 ROCKWELL DRIVE,OKOLONA,MS,38860",34.0028,-88.756,NA,2026-06-01
25A174,YALOBUSHA COUNTY NURSING HOME,630 SOUTH MAIN STREET,WATER VALLEY,MS,38965,6624731411,800,Yalobusha,N,Government - County,122,105.5,NA,Medicaid,N,Legal Business Name Not Available,1974-03-31,NA,NA,NA,NA,NA,NA,NA,N,NA,N,N,N,Resident,Yes,2,NA,3,NA,1,NA,1,NA,NA,2,4,NA,NA,NA,2.63429,1.26852,0.30898,1.5775,4.21179,3.70937,0.13667,0.07742,31.7,NA,11.1,NA,0,NA,1.03529,0.74391,1.73475,0.63999,0.50535,2.8801,2.55503,3.51643,1.69331,0.41245,5.62219,4.95152,2025-10-09,4,4,0,28,1,0,28,2024-03-07,10,7,3,72,1,0,72,39,NA,0,0,0,0,"630 SOUTH MAIN STREET,WATER VALLEY,MS,38965",34.1307,-89.641,NA,2026-06-01
25A178,JASPER COUNTY NH,15 A SOUTH SIXTH STREET,BAY SPRINGS,MS,39422,6017642101,300,Jasper,N,Government - County,110,102.2,NA,Medicaid,Y,Legal Business Name Not Available,1976-11-30,NA,NA,NA,NA,NA,NA,NA,N,NA,N,N,N,Resident,Yes,2,NA,2,NA,1,NA,1,NA,NA,2,5,NA,NA,NA,2.92403,1.63194,0.94451,2.57645,5.50048,4.28757,0.47712,0.04602,48.2,NA,30,NA,NA,26,1.17634,0.84526,1.9711,0.72719,0.5742,3.27249,2.90314,3.43517,1.91722,1.10962,6.46202,5.03708,2025-10-09,9,9,0,52,1,0,52,2024-11-07,10,8,2,84,1,0,84,60,NA,0,0,0,0,"15 A SOUTH SIXTH STREET,BAY SPRINGS,MS,39422",31.9455,-89.2,22,2026-06-01
25A188,BOLIVAR MEDICAL CENTER LTC,901 E SUNFLOWER RD,CLEVELAND,MS,38732,6628462520,050,Bolivar,N,For profit - Corporation,35,28.1,NA,Medicaid,Y,Legal Business Name Not Available,1976-04-29,NA,NA,NA,NA,NA,NA,NA,N,NA,N,N,N,Both,Yes,3,NA,4,NA,1,NA,1,NA,NA,2,4,NA,NA,NA,2.58865,1.38698,0.74962,2.1366,4.72525,4.09544,0.49305,0,75.9,NA,NA,27,NA,26,1.29352,0.92946,2.16745,0.79963,0.6314,3.59848,3.19233,2.76567,1.48182,0.80088,5.04837,4.37549,2025-07-31,3,3,0,36,1,0,36,2023-12-14,0,0,0,0,0,0,0,27,NA,0,0,0,0,"901 E SUNFLOWER RD,CLEVELAND,MS,38732",33.7475,-90.709,NA,2026-06-01
25A190,TALLAHATCHIE GENERAL HOSP ECF,201 SOUTH MARKET ST,CHARLESTON,MS,38921,6626475535,670,Tallahatchie,N,Government - County,98,93.3,NA,Medicaid,N,Legal Business Name Not Available,1976-10-01,NA,NA,NA,NA,NA,NA,NA,N,NA,N,N,N,Resident,Yes,5,NA,4,NA,3,NA,3,NA,NA,2,5,NA,NA,NA,2.60094,1.36081,0.4703,1.83111,4.43205,3.91989,0.284,0.0154,42,NA,0,NA,0,NA,1.08021,0.77619,1.81003,0.66776,0.52728,3.00507,2.6659,3.32753,1.74096,0.60168,5.67017,5.01494,2025-10-29,3,3,0,12,1,0,12,2024-12-04,6,5,1,24,1,0,24,15,NA,1,11450,0,1,"201 SOUTH MARKET ST,CHARLESTON,MS,38921",34.0051,-90.058,NA,2026-06-01
25A197,JNH-JAQUITH INN,3550 HIGHWAY 468 WEST,WHITFIELD,MS,39193,6013518015,600,Rankin,Y,Government - State,45,43,NA,Medicaid,N,Legal Business Name Not Available,1978-11-01,NA,NA,NA,NA,NA,NA,NA,N,NA,N,N,N,Both,Yes,5,NA,4,NA,5,NA,5,NA,NA,2,4,NA,NA,NA,2.77751,0.52776,0.54126,1.06902,3.84653,3.30261,0.33221,0.03964,56.4,NA,50,NA,0,NA,0.97927,0.70366,1.64089,0.60537,0.47801,2.72427,2.41679,3.91969,0.74479,0.76383,5.42832,4.66072,2026-02-05,6,5,1,28,1,0,28,2025-01-16,0,0,0,0,0,0,0,21,NA,0,0,0,0,"3550 HIGHWAY 468 WEST,WHITFIELD,MS,39193",32.2377,-90.074,NA,2026-06-01
25A233,"BAPTIST NURSING HOME-CALHOUN, INC",152 BURKE CALHOUN CITY ROAD,CALHOUN CITY,MS,38916,6626286611,060,Calhoun,N,Non profit - Corporation,120,90,NA,Medicaid,Y,Legal Business Name Not Available,1980-03-01,NA,NA,NA,NA,NA,NA,NA,N,NA,Y,N,N,Resident,Yes,1,NA,1,NA,2,NA,2,NA,NA,2,4,NA,NA,NA,3.23181,1.47547,0.42427,1.89974,5.13155,4.08283,0.10827,0.04228,35.1,NA,33.3,NA,1,NA,1.0902,0.78337,1.82677,0.67394,0.53216,3.03287,2.69056,4.09673,1.87034,0.53782,6.50489,5.17551,2025-05-05,11,8,5,260,1,0,260,2023-10-26,9,4,5,206,1,0,206,246.5,NA,0,0,0,0,"152 BURKE CALHOUN CITY ROAD,CALHOUN CITY,MS,38916",33.873,-89.32,NA,2026-06-01
25A374,NOXUBEE COUNTY NURSING HOME,78 HOSPITAL RD,MACON,MS,39341,6627262097,510,Noxubee,N,Government - County,60,56.5,NA,Medicaid,Y,Legal Business Name Not Available,1991-10-22,NA,NA,NA,NA,NA,NA,NA,N,NA,N,N,N,Resident,Yes,4,NA,4,NA,4,NA,4,NA,NA,2,4,NA,NA,NA,2.83066,1.16622,0.394,1.56022,4.39087,3.7015,0.31995,0.03562,30.8,NA,66.7,NA,0,NA,1.15656,0.83105,1.93796,0.71496,0.56454,3.21746,2.85432,3.38235,1.39352,0.47079,5.24666,4.42292,2025-06-12,8,8,0,32,1,0,32,2023-10-19,3,3,0,12,1,0,12,27,NA,0,0,0,0,"78 HOSPITAL RD,MACON,MS,39341",33.1222,-88.559,NA,2026-06-01
25A380,PONTOTOC NURSING HOME,176 SOUTH MAIN STREET,PONTOTOC,MS,38863,6624895510,570,Pontotoc,N,Non profit - Corporation,44,42.1,NA,Medicaid,Y,Legal Business Name Not Available,1996-09-30,NA,NA,NA,NA,NA,NA,NA,N,NA,N,N,N,Resident,Yes,4,NA,3,NA,2,NA,2,NA,NA,2,5,NA,NA,NA,2.75671,0.88093,0.78386,1.6648,4.4215,3.78718,0.49339,0.00206,32.7,NA,10,NA,0,NA,1.10092,0.79107,1.84473,0.68057,0.53739,3.06268,2.71701,3.46047,1.10583,0.98397,5.55027,4.75401,2025-07-24,4,4,0,48,1,0,48,2024-04-24,1,1,0,16,1,0,16,40,NA,0,0,0,0,"176 SOUTH MAIN STREET,PONTOTOC,MS,38863",34.2427,-88.997,NA,2026-06-01
25A389,WEBSTER HEALTH SERVICES NURSING FACILTY,70 MEDICAL PLAZA,EUPORA,MS,39744,6622589310,770,Webster,N,Non profit - Corporation,36,34.7,NA,Medicaid,Y,Legal Business Name Not Available,1998-11-25,NA,NA,NA,NA,NA,NA,NA,N,NA,N,N,N,Both,Yes,5,NA,4,NA,2,NA,2,NA,NA,2,5,NA,NA,NA,2.69953,1.22367,0.51317,1.73683,4.43636,3.95443,0.38625,0.00423,28.9,NA,20,NA,0,NA,1.15839,0.83236,1.94102,0.71609,0.56544,3.22255,2.85883,3.22058,1.45986,0.61222,5.29266,4.71771,2025-08-20,3,3,0,12,1,0,12,2024-01-25,1,1,0,20,1,0,20,14,NA,1,12335,1,2,"70 MEDICAL PLAZA,EUPORA,MS,39744",33.5348,-89.266,NA,2026-06-01
25A402,JNH-JEFFERSON INN,3550 HWY 468 WEST,WHITFIELD,MS,39193,6013518015,600,Rankin,Y,Government - State,90,74.6,NA,Medicaid,N,Legal Business Name Not Available,2001-06-04,NA,NA,NA,NA,NA,NA,NA,N,NA,N,N,N,Both,Yes,3,NA,3,NA,4,NA,4,NA,NA,2,4,NA,NA,NA,2.39778,1.00364,0.47987,1.48352,3.88129,3.60842,0.32885,0.0299,43,NA,33.3,NA,0,NA,1.03491,0.74364,1.73412,0.63976,0.50517,2.87905,2.5541,3.20188,1.34022,0.6408,5.1829,4.81852,2025-10-09,8,7,1,40,1,0,40,2024-08-08,4,2,2,16,1,0,16,34,NA,0,0,0,0,"3550 HWY 468 WEST,WHITFIELD,MS,39193",32.2377,-90.074,NA,2026-06-01
25A404,JNH-MADISON INN,3550 HIGHWAY 468 WEST,WHITFIELD,MS,39193,6013518015,600,Rankin,Y,Government - State,63,58.1,NA,Medicaid,N,Legal Business Name Not Available,2001-08-01,NA,NA,NA,NA,NA,NA,NA,N,NA,N,N,N,Both,Yes,5,NA,5,NA,5,NA,5,NA,NA,2,5,NA,NA,NA,2.4403,0.8341,0.92962,1.76372,4.20402,3.71958,0.81452,0.0043,38.6,NA,42.9,NA,0,NA,1.06214,0.7632,1.77975,0.65659,0.51846,2.9548,2.6213,3.17513,1.08526,1.20955,5.46994,4.83962,2025-10-29,2,2,0,8,1,0,8,2024-12-05,1,1,0,4,1,0,4,7,NA,0,0,0,0,"3550 HIGHWAY 468 WEST,WHITFIELD,MS,39193",32.2377,-90.074,NA,2026-06-01
25A414,METHODIST SEPCIALTY CARE CENTER,1 LAYFAIR DRIVE SUITE 500,FLOWOOD,MS,39232,6014207760,600,Rankin,Y,Non profit - Corporation,60,57.1,NA,Medicaid,Y,Legal Business Name Not Available,2004-02-27,NA,NA,NA,NA,NA,NA,NA,N,NA,N,N,N,Resident,Yes,5,NA,5,NA,2,NA,2,NA,NA,2,4,NA,NA,NA,3.49723,1.88365,1.83138,3.71503,7.21226,6.79724,1.57141,0.09179,29.8,NA,40,NA,0,NA,2.60875,1.87452,4.37128,1.61267,1.27339,7.25735,6.43824,1.85264,0.99786,0.97017,3.82067,3.60081,2025-05-21,2,1,1,8,1,0,8,2024-04-11,3,3,0,12,1,0,12,9,NA,0,0,0,0,"1 LAYFAIR DRIVE SUITE 500,FLOWOOD,MS,39232",32.2898,-90.181,22,2026-06-01
25A416,BEDFORD ALZHEIMER'S CARE CENTER,298 CAHAL STREET,HATTIESBURG,MS,39401,6015445300,170,Forrest,Y,For profit - Limited Liability company,60,58.9,NA,Medicaid,N,Legal Business Name Not Available,2007-07-09,NA,NA,NA,NA,NA,NA,NA,N,NA,N,N,N,None,Yes,4,NA,4,NA,2,NA,2,NA,NA,2,4,NA,NA,NA,2.65879,1.36769,0.42691,1.79461,4.4534,4.00757,0.23169,0,49.3,NA,66.7,NA,0,NA,1.08396,0.77888,1.81631,0.67008,0.52911,3.0155,2.67515,3.38977,1.74371,0.54428,5.67777,5.10937,2025-08-14,0,0,0,0,0,0,0,2024-03-07,3,1,2,91,1,0,91,22.75,NA,1,66700,0,1,"298 CAHAL STREET,HATTIESBURG,MS,39401",31.3421,-89.325,NA,2026-06-01
25A418,JAMES T CHAMPION,1455 NORTH LAKELAND DRIVE,MERIDIAN,MS,39307,6015818450,370,Lauderdale,N,Government - State,70,61.9,NA,Medicaid,N,Legal Business Name Not Available,2010-04-01,NA,NA,NA,NA,NA,NA,NA,N,NA,N,N,N,Both,Yes,2,NA,4,NA,1,NA,1,NA,NA,2,1,24,NA,NA,2.58367,0.88132,0.91795,1.79928,4.38295,3.98531,0.718,0.00125,49.4,NA,43.5,NA,1,NA,1.22313,0.87888,2.04951,0.75611,0.59704,3.40266,3.01861,2.91921,0.99578,1.03716,4.95215,4.50287,2026-02-05,5,5,0,20,1,0,20,2025-04-24,4,3,1,24,1,0,24,21,NA,0,0,0,0,"1455 NORTH LAKELAND DRIVE,MERIDIAN,MS,39307",32.3709,-88.765,NA,2026-06-01
25A422,WALTER B CROOK NURSING FACILITY,840 NORTH OAK AVENUE,RULEVILLE,MS,38771,6627562711,660,Sunflower,N,Government - State,60,55.2,NA,Medicaid,Y,Legal Business Name Not Available,2017-10-01,NA,NA,NA,NA,NA,NA,NA,N,NA,N,N,N,Resident,Yes,3,NA,3,NA,1,NA,1,NA,NA,2,5,NA,NA,NA,3.16195,1.32422,0.715,2.03921,5.20116,4.39085,0.30414,0.09603,31.3,NA,14.3,NA,0,NA,1.27701,0.9176,2.13978,0.78942,0.62334,3.55254,3.15158,3.42185,1.43307,0.77377,5.62869,4.75177,2025-11-13,7,7,0,44,1,0,44,2024-02-28,4,4,0,40,1,0,40,43,NA,0,0,0,0,"840 NORTH OAK AVENUE,RULEVILLE,MS,38771",33.7342,-90.547,NA,2026-06-01
25E115,OAK GROVE RETIREMENT HOME,209 OAK CIRCLE,DUNCAN,MS,38740,6623952577,050,Bolivar,N,For profit - Limited Liability company,60,55.3,NA,Medicaid,N,Legal Business Name Not Available,1975-11-24,NA,NA,NA,NA,NA,NA,NA,N,NA,N,N,N,Resident,Yes,3,NA,3,NA,2,NA,2,NA,NA,2,3,NA,NA,NA,1.86952,1.01564,0.36871,1.38435,3.25387,3.07563,0.2692,0,63.8,NA,77.8,NA,0,NA,1.08201,0.77748,1.81304,0.66888,0.52816,3.01007,2.67034,2.3878,1.2972,0.47093,4.15593,3.92828,2025-11-13,5,5,0,24,1,0,24,2024-07-30,10,8,2,92,1,0,92,41,NA,2,16195,0,2,"209 OAK CIRCLE,DUNCAN,MS,38740",34.0419,-90.744,NA,2026-06-01
