cms_certification_number_ccn,provider_name,provider_address,city_town,state,zip_code,telephone_number,provider_ssa_county_code,county_parish,urban,ownership_type,number_of_certified_beds,average_number_of_residents_per_day,average_number_of_residents_per_day_footnote,provider_type,provider_resides_in_hospital,legal_business_name,date_first_approved_to_provide_medicare_and_medicaid_services,chain_name,chain_id,number_of_facilities_in_chain,chain_average_overall_5_star_rating,chain_average_health_inspection_rating,chain_average_staffing_rating,chain_average_qm_rating,continuing_care_retirement_community,special_focus_status,abuse_icon,most_recent_health_inspection_more_than_2_years_ago,provider_changed_ownership_in_last_12_months,with_a_resident_and_family_council,automatic_sprinkler_systems_in_all_required_areas,overall_rating,overall_rating_footnote,health_inspection_rating,health_inspection_rating_footnote,qm_rating,qm_rating_footnote,long_stay_qm_rating,long_stay_qm_rating_footnote,short_stay_qm_rating,short_stay_qm_rating_footnote,staffing_rating,staffing_rating_footnote,reported_staffing_footnote,physical_therapist_staffing_footnote,reported_nurse_aide_staffing_hours_per_resident_per_day,reported_lpn_staffing_hours_per_resident_per_day,reported_rn_staffing_hours_per_resident_per_day,reported_licensed_staffing_hours_per_resident_per_day,reported_total_nurse_staffing_hours_per_resident_per_day,total_number_of_nurse_staff_hours_per_resident_per_day_on_the_weekend,registered_nurse_hours_per_resident_per_day_on_the_weekend,reported_physical_therapist_staffing_hours_per_resident_per_day,total_nursing_staff_turnover,total_nursing_staff_turnover_footnote,registered_nurse_turnover,registered_nurse_turnover_footnote,number_of_administrators_who_have_left_the_nursing_home,administrator_turnover_footnote,nursing_case_mix_index,nursing_case_mix_index_ratio,case_mix_nurse_aide_staffing_hours_per_resident_per_day,case_mix_lpn_staffing_hours_per_resident_per_day,case_mix_rn_staffing_hours_per_resident_per_day,case_mix_total_nurse_staffing_hours_per_resident_per_day,case_mix_weekend_total_nurse_staffing_hours_per_resident_per_day,adjusted_nurse_aide_staffing_hours_per_resident_per_day,adjusted_lpn_staffing_hours_per_resident_per_day,adjusted_rn_staffing_hours_per_resident_per_day,adjusted_total_nurse_staffing_hours_per_resident_per_day,adjusted_weekend_total_nurse_staffing_hours_per_resident_per_day,rating_cycle_1_standard_survey_health_date,rating_cycle_1_total_number_of_health_deficiencies,rating_cycle_1_number_of_standard_health_deficiencies,rating_cycle_1_number_of_complaint_health_deficiencies,rating_cycle_1_health_deficiency_score,rating_cycle_1_number_of_health_revisits,rating_cycle_1_health_revisit_score,rating_cycle_1_total_health_score,rating_cycle_2_standard_health_survey_date,rating_cycle_2_3_total_number_of_health_deficiencies,rating_cycle_2_number_of_standard_health_deficiencies,rating_cycle_2_3_number_of_complaint_health_deficiencies,rating_cycle_2_3_health_deficiency_score,rating_cycle_2_3_number_of_health_revisits,rating_cycle_2_3_health_revisit_score,rating_cycle_2_3_total_health_score,total_weighted_health_survey_score,number_of_citations_from_infection_control_inspections,number_of_fines,total_amount_of_fines_in_dollars,number_of_payment_denials,total_number_of_penalties,location,latitude,longitude,geocoding_footnote,processing_date
285002,Sumner Place,1750 South 20th Street,Lincoln,NE,68502,4024756791,540,Lancaster,Y,Non profit - Corporation,104,81.6,NA,Medicare and Medicaid,N,VSL LINCOLN SUMNER LLC,1967-01-01,VETTER SENIOR LIVING,547,22,4.3,3.8,4.5,4,N,NA,N,N,N,Resident,Yes,5,NA,4,NA,5,NA,5,NA,NA,2,4,NA,NA,NA,2.92684,0.60935,0.60288,1.21224,4.13908,3.7212,0.72776,0.01565,28.6,NA,31.3,NA,0,NA,1.27315,0.91483,2.13332,0.78704,0.62146,3.54182,3.14207,3.17701,0.66144,0.65441,4.49286,4.03927,2025-05-13,3,3,0,24,1,0,24,2024-06-27,0,0,0,0,0,0,0,18,NA,0,0,0,0,"1750 South 20th Street,Lincoln,NE,68502",40.7947,-96.692,NA,2026-06-01
285004,St. Jane de Chantal,2200 South 52nd Street,Lincoln,NE,68506,4024133607,540,Lancaster,Y,Non profit - Corporation,103,80.4,NA,Medicare and Medicaid,Y,MADONNA REHABILITATION HOSPITAL,1967-01-01,NA,NA,NA,NA,NA,NA,NA,N,NA,N,N,N,Resident,Yes,5,NA,3,NA,5,NA,3,NA,5,NA,5,NA,NA,NA,3.9871,1.44589,1.74124,3.18713,7.17423,6.55715,1.55468,0.09235,37.1,NA,30,NA,1,NA,1.96261,1.41024,3.28859,1.21324,0.958,5.45983,4.8436,2.80752,1.01813,1.2261,5.05175,4.61723,2026-01-08,8,8,0,36,1,0,36,2024-09-12,3,3,0,12,1,0,12,30,NA,0,0,0,0,"2200 South 52nd Street,Lincoln,NE,68506",40.7903,-96.649,NA,2026-06-01
285019,Douglas County Health Center,4102 Woolworth Avenue,Omaha,NE,68105,4024447041,270,Douglas,Y,Government - City/county,254,230.9,NA,Medicare and Medicaid,N,DOUGLAS COUNTY NEBRASKA,1967-03-24,NA,NA,NA,NA,NA,NA,NA,N,NA,N,N,N,Resident,Yes,3,NA,2,NA,4,NA,4,NA,4,NA,5,NA,NA,NA,3.2869,0.59258,0.89158,1.48416,4.77106,4.38282,0.60276,0.03525,16.7,NA,14.3,NA,0,NA,1.14889,0.82554,1.92512,0.71022,0.5608,3.19614,2.8354,3.95373,0.71279,1.07246,5.73898,5.27197,2025-05-13,16,14,5,92,1,0,92,2024-04-26,11,8,3,44,1,0,44,80,NA,0,0,1,1,"4102 Woolworth Avenue,Omaha,NE,68105",41.2452,-95.974,NA,2026-06-01
285036,Eastmont,6315 O Street,Lincoln,NE,68510,4024896591,540,Lancaster,Y,Non profit - Corporation,23,16.6,NA,Medicare,N,CHRISTIAN RETIREMENT HOMES INC,1968-09-04,NA,NA,NA,NA,NA,NA,NA,Y,NA,N,N,N,Resident,Yes,2,NA,3,NA,4,NA,5,NA,3,NA,1,24,6,6,NA,NA,NA,NA,NA,NA,NA,NA,NA,26,NA,26,NA,26,NA,NA,NA,NA,NA,NA,NA,NA,NA,NA,NA,NA,2025-08-12,5,3,2,36,1,0,36,2024-08-01,3,2,1,20,1,0,20,32,NA,0,0,0,0,"6315 O Street,Lincoln,NE,68510",40.8133,-96.63,NA,2026-06-01
285049,Emerald Nursing & Rehab Brookside LLC,4735 South 54th Street,Lincoln,NE,68516,4024880977,540,Lancaster,Y,For profit - Corporation,173,100.8,NA,Medicare and Medicaid,N,EMERALD NURSING & REHAB BROOKSIDE LLC,1975-01-03,EMERALD HEALTHCARE,630,14,1.5,1.6,1.9,1.9,N,NA,N,N,N,Resident,Yes,1,NA,1,NA,1,NA,1,NA,1,NA,1,NA,NA,NA,2.56507,0.51173,0.33964,0.85138,3.41644,3.22697,0.30812,0.03763,65.2,NA,76.9,NA,0,NA,1.41505,1.01679,2.37109,0.87475,0.69072,3.93656,3.49225,2.50512,0.49977,0.3317,3.33659,3.15155,2026-02-11,10,5,5,40,1,0,40,2024-08-22,28,9,23,271,1,0,271,97.75,NA,3,37998,2,5,"4735 South 54th Street,Lincoln,NE,68516",40.7656,-96.647,NA,2026-06-01
285055,Falls City Nursing and Rehabilitation Center,1720 Burton Drive,Falls City,NE,68355,4022454466,730,Richardson,N,For profit - Corporation,63,45.9,NA,Medicare and Medicaid,N,STANTON LAKE HEALTHCARE INC,1979-03-19,THE ENSIGN GROUP,507,342,3.2,2.9,2.4,4.4,N,NA,N,N,N,Resident,Yes,3,NA,4,NA,3,NA,3,NA,2,NA,1,NA,NA,NA,2.02808,0.69623,0.44837,1.1446,3.17268,2.83941,0.38653,0.12922,60.5,NA,NA,27,NA,27,1.35651,0.97473,2.273,0.83857,0.66215,3.77372,3.34779,2.06615,0.70929,0.45679,3.23223,2.89271,2025-07-31,3,3,1,24,1,0,24,2024-07-11,3,2,1,28,1,0,28,25,NA,0,0,0,0,"1720 Burton Drive,Falls City,NE,68355",40.0625,-95.588,NA,2026-06-01
285057,Eventide Lincoln Care Center,4720 Randolph Street,Lincoln,NE,68510,4024837671,540,Lancaster,Y,Non profit - Corporation,197,138.2,NA,Medicare and Medicaid,N,"TABITHA, INC.",1981-04-01,NA,NA,NA,NA,NA,NA,NA,N,NA,N,N,N,Resident,Yes,2,NA,2,NA,4,NA,3,NA,5,NA,4,NA,NA,NA,3.48415,0.82399,0.79314,1.61713,5.10129,4.593,0.52433,0.06686,48.2,NA,45.7,NA,1,NA,1.26806,0.91117,2.12479,0.78389,0.61897,3.52765,3.12949,3.79715,0.89802,0.86439,5.55956,5.00561,2024-12-17,11,7,4,64,1,0,64,2024-01-09,5,3,2,20,1,0,20,53,NA,0,0,0,0,"4720 Randolph Street,Lincoln,NE,68510",40.8062,-96.655,NA,2026-06-01
285058,Emerald Nursing & Rehabilitation Mercy,7410 Mercy Road,Omaha,NE,68124,4023971220,270,Douglas,Y,For profit - Limited Liability company,174,92.8,NA,Medicare and Medicaid,N,MERCY CARE CENTER LLC,1981-06-22,EMERALD HEALTHCARE,630,14,1.5,1.6,1.9,1.9,N,SFF Candidate,N,N,N,Resident,Yes,1,NA,1,NA,2,NA,4,NA,1,NA,1,NA,NA,NA,2.16534,1.10728,0.31371,1.42099,3.58633,3.24436,0.17491,0.06561,64.3,NA,75,NA,0,NA,1.3532,0.97235,2.26746,0.83652,0.66053,3.76451,3.33963,2.21137,1.13082,0.32038,3.66257,3.31334,2025-03-20,30,9,30,188,1,0,188,2024-02-15,29,12,21,275,1,0,275,209.75,NA,3,73921,1,4,"7410 Mercy Road,Omaha,NE,68124",41.2379,-96.028,NA,2026-06-01
285059,Rose Blumkin Jewish Home,323 South 132nd Street,Omaha,NE,68154,4023304272,270,Douglas,Y,Non profit - Other,105,90.3,NA,Medicare and Medicaid,N,"JEWISH FEDERATION OF OMAHA, INC",1983-01-05,NA,NA,NA,NA,NA,NA,NA,N,NA,N,N,N,Resident,Yes,5,NA,4,NA,2,NA,1,NA,2,NA,5,NA,NA,NA,3.01638,1.15282,0.80348,1.95631,4.97269,4.55613,0.66071,0.08163,43,NA,33.3,NA,0,NA,1.23775,0.88939,2.074,0.76515,0.60418,3.44333,3.0547,3.36785,1.28715,0.89711,5.55211,5.08702,2024-10-31,3,2,1,12,1,0,12,2023-09-06,1,1,0,16,1,0,16,13,NA,0,0,0,0,"323 South 132nd Street,Omaha,NE,68154",41.2567,-96.12,NA,2026-06-01
285062,Midwest Covenant Home,615 East 9th Street,Stromsburg,NE,68666,4027642711,710,Polk,N,Non profit - Corporation,51,41.4,NA,Medicare and Medicaid,N,"MIDWEST COVENANT HOME, INC.",1983-09-20,NA,NA,NA,NA,NA,NA,NA,N,NA,N,N,N,Resident,Yes,3,NA,3,NA,4,NA,4,NA,4,NA,4,NA,NA,NA,2.84457,0.95774,0.64887,1.60661,4.45118,3.91173,0.37616,0.03005,48.2,NA,14.3,NA,2,NA,1.20621,0.86673,2.02116,0.74566,0.58878,3.3556,2.97686,3.25906,1.0973,0.74342,5.09978,4.48173,2025-03-26,3,3,1,24,1,0,24,2024-04-02,6,6,2,40,1,0,40,28,NA,0,0,0,0,"615 East 9th Street,Stromsburg,NE,68666",41.1193,-97.589,NA,2026-06-01
285063,Highland Park Care Center,1633 Sweetwater,Alliance,NE,69301,3087622525,060,Box Butte,N,Non profit - Corporation,60,54.7,NA,Medicare and Medicaid,N,VSL ALLIANCE LLC,1984-03-27,VETTER SENIOR LIVING,547,22,4.3,3.8,4.5,4,N,NA,N,N,N,Resident,Yes,5,NA,5,NA,4,NA,5,NA,4,NA,5,NA,NA,NA,2.97783,0.67258,0.51456,1.18715,4.16498,3.35924,0.36599,0.00701,23.2,NA,0,NA,0,NA,1.2036,0.86485,2.01678,0.74404,0.58751,3.34833,2.97041,3.41915,0.77226,0.59082,4.78223,3.85708,2025-08-06,1,1,0,4,1,0,4,2024-08-21,5,5,0,24,1,0,24,9,NA,0,0,0,0,"1633 Sweetwater,Alliance,NE,69301",42.1118,-102.87,NA,2026-06-01
285065,Gold Crest Retirement Center,200 Levi Lane,Adams,NE,68301,4029887115,330,Gage,N,Non profit - Other,52,32.6,NA,Medicare and Medicaid,N,"COFFMAN-LEVI CHARITABLE TRUST, INC",1984-06-07,NA,NA,NA,NA,NA,NA,NA,N,NA,N,N,N,Resident,Yes,5,NA,4,NA,3,NA,3,NA,NA,2,5,NA,NA,NA,3.16711,0.31085,1.03235,1.3432,4.51031,3.98243,0.55963,0,56.9,NA,12.5,NA,2,NA,1.19988,0.86218,2.01056,0.74174,0.58569,3.33799,2.96125,3.64773,0.35802,1.18901,5.19477,4.58679,2025-03-12,3,3,0,24,1,0,24,2024-04-02,6,5,1,28,1,0,28,25,NA,0,0,0,0,"200 Levi Lane,Adams,NE,68301",40.4532,-96.522,NA,2026-06-01
285066,Ambassador Health of Lincoln,4405 Normal Blvd,Lincoln,NE,68506,4024882355,540,Lancaster,Y,For profit - Corporation,122,78.1,NA,Medicare and Medicaid,N,"THE AMBASSADOR LINCOLN, INC.",1984-02-24,AMBASSADOR HEALTH,28,4,3.8,3.8,3.8,4,N,NA,N,N,N,Resident,Yes,3,NA,3,NA,4,NA,5,NA,3,NA,4,NA,NA,NA,3.18241,1.24301,1.1479,2.39091,5.57333,4.77735,0.62681,0.0527,38.5,NA,33.3,NA,0,NA,1.75802,1.26323,2.94578,1.08677,0.85813,4.89068,4.33868,2.50169,0.97713,0.90236,4.38118,3.75547,2024-11-13,7,5,3,52,1,0,52,2023-12-21,3,3,0,12,1,0,12,42,NA,0,0,0,0,"4405 Normal Blvd,Lincoln,NE,68506",40.7893,-96.658,NA,2026-06-01
285067,"Holdrege Memorial Homes, Inc",1320 11th Avenue,Holdrege,NE,68949,3089958631,680,Phelps,N,Non profit - Corporation,94,76.9,NA,Medicare and Medicaid,N,"HOLDREGE MEMORIAL HOMES, INC.",1984-08-01,NA,NA,NA,NA,NA,NA,NA,N,NA,N,N,N,Resident,Yes,2,NA,2,NA,3,NA,2,NA,5,NA,2,NA,NA,NA,2.44538,0.46362,0.75944,1.22306,3.66845,3.40887,0.55213,0.02495,NA,26,NA,26,NA,26,1.3374,0.96099,2.24098,0.82675,0.65282,3.72055,3.30063,2.52688,0.47908,0.78475,3.79071,3.52248,2025-08-05,9,9,0,84,1,0,84,2024-07-11,4,3,1,24,1,0,24,69,NA,0,0,1,1,"1320 11th Avenue,Holdrege,NE,68949",40.4454,-99.362,NA,2026-06-01
285071,Heritage Estates,2325 Lodge Drive,Gering,NE,69341,3084365007,780,Scott Bluff,N,Non profit - Corporation,102,96.3,NA,Medicare and Medicaid,N,VSL GERING LLC,1985-12-20,VETTER SENIOR LIVING,547,22,4.3,3.8,4.5,4,N,NA,N,N,N,Resident,Yes,5,NA,4,NA,4,NA,5,NA,4,NA,5,NA,NA,NA,3.09999,0.48634,0.88994,1.37627,4.47626,3.95102,0.63005,0.04917,46.9,NA,22.7,NA,0,NA,1.21668,0.87425,2.0387,0.75213,0.59389,3.38472,3.0027,3.52113,0.55241,1.01084,5.08438,4.48778,2025-04-16,4,4,0,28,1,0,28,2024-04-18,3,2,1,12,1,0,12,24,NA,0,0,0,0,"2325 Lodge Drive,Gering,NE,69341",41.8196,-103.68,NA,2026-06-01
285072,Good Samaritan Society - Hastings Village,926 East E Street,Hastings,NE,68901,4024633181,000,Adams,N,Non profit - Corporation,108,43.7,NA,Medicare and Medicaid,N,THE EVANGELICAL LUTHERAN GOOD SAMARITAN SOCIETY,1985-12-27,GOOD SAMARITAN SOCIETY,726,92,2.9,2.8,3.9,3,N,NA,N,N,N,Resident,Yes,2,NA,2,NA,4,NA,2,NA,5,NA,4,NA,NA,NA,2.41188,0.55751,0.84504,1.40255,3.81443,3.3015,0.45617,0.0475,42.9,NA,44.4,NA,0,NA,1.21511,0.87312,2.03607,0.75116,0.59313,3.38035,2.99882,2.74308,0.63407,0.96108,4.33823,3.75487,2025-03-06,4,4,0,44,1,0,44,2024-02-29,5,5,0,91,1,0,91,55.75,NA,2,39704,0,2,"926 East E Street,Hastings,NE,68901",40.5778,-98.368,NA,2026-06-01
285073,Park View Haven Nursing Home,309 North Madison Street,Coleridge,NE,68727,4022834224,130,Cedar,N,Government - City,34,26.9,NA,Medicare and Medicaid,N,PARK VIEW HAVEN NURSING HOME,1986-07-28,NA,NA,NA,NA,NA,NA,NA,N,NA,N,N,N,Resident,Yes,2,NA,3,NA,2,NA,2,NA,NA,2,1,25,25,6,NA,NA,NA,NA,NA,NA,NA,NA,68.6,NA,50,NA,0,NA,NA,NA,NA,NA,NA,NA,NA,NA,NA,NA,NA,NA,2025-01-28,3,3,2,40,1,0,40,2024-01-22,6,4,3,24,1,0,24,36,0,1,34512,1,2,"309 North Madison Street,Coleridge,NE,68727",42.5091,-97.207,NA,2026-06-01
285074,Brookestone of David City,260 South 10th Street,David City,NE,68632,4023673144,110,Butler,N,Non profit - Corporation,86,56.1,NA,Medicare and Medicaid,N,VSL DAVID CITY LLC,1986-08-14,VETTER SENIOR LIVING,547,22,4.3,3.8,4.5,4,N,NA,N,N,N,Resident,Yes,5,NA,5,NA,5,NA,5,NA,NA,2,5,NA,NA,NA,2.98138,0.61957,0.52669,1.14626,4.12764,3.51951,0.19972,0.01721,20,NA,28.6,NA,0,NA,1.17591,0.84496,1.97039,0.72693,0.57399,3.27131,2.90209,3.50381,0.72814,0.61898,4.85094,4.13624,2025-02-13,3,3,0,12,1,0,12,2024-03-12,1,1,0,4,1,0,4,10,NA,0,0,0,0,"260 South 10th Street,David City,NE,68632",41.248,-97.122,NA,2026-06-01
285076,Adept Nursing & Rehab of South Sioux City,3501 Dakota Avenue,South Sioux City,NE,68776,4024944273,210,Dakota,Y,For profit - Limited Liability company,72,41,NA,Medicare and Medicaid,N,PALM AT REGENCY SQUARE LLC,1986-07-01,AVID HEALTHCARE GROUP,700,11,1.7,1.9,2.5,2.1,N,NA,N,N,N,Resident,Yes,2,NA,2,NA,2,NA,2,NA,1,NA,4,NA,NA,NA,2.27911,0.83238,0.90214,1.73452,4.01363,3.58163,0.87545,0.04161,46.3,NA,30,NA,2,NA,1.40886,1.01234,2.36072,0.87093,0.6877,3.91935,3.47699,2.23562,0.81649,0.88492,3.93703,3.51328,2025-08-20,7,5,2,36,1,0,36,2024-06-27,18,11,12,154,1,0,154,65.5,NA,1,33784,0,1,"3501 Dakota Avenue,South Sioux City,NE,68776",42.4574,-96.414,NA,2026-06-01
285078,St. Joseph Villa Nursing Center,2305 South 10th Street,Omaha,NE,68108,4023455683,270,Douglas,Y,For profit - Limited Liability company,184,154.9,NA,Medicare and Medicaid,N,"DELMAR GARDENS OF OMAHA, LLC",1987-07-13,DELMAR GARDENS,180,12,2.9,3.1,2.9,2.4,N,NA,N,N,N,Resident,Yes,1,NA,1,NA,2,NA,1,NA,3,NA,3,NA,NA,NA,2.97033,0.61896,0.2668,0.88576,3.8561,3.6746,0.20619,0.05067,33.1,NA,46.2,NA,1,NA,1.22094,0.87731,2.04584,0.75476,0.59597,3.39658,3.01322,3.36209,0.70059,0.30199,4.36468,4.15924,2026-01-08,18,15,7,92,1,0,92,2024-08-22,9,9,4,64,1,0,64,85,NA,1,12048,0,1,"2305 South 10th Street,Omaha,NE,68108",41.2381,-95.929,NA,2026-06-01
285080,Hillcrest Nursing Home,309 West 7th Street,McCook,NE,69001,3083454600,720,Red Willow,N,Government - City/county,100,66.2,NA,Medicare and Medicaid,N,RED WILLOW COUNTY HILLCREST NURSING HOME,1987-11-23,NA,NA,NA,NA,NA,NA,NA,N,NA,N,N,N,Resident,Yes,4,NA,4,NA,3,NA,2,NA,3,NA,4,NA,NA,NA,3.61396,0.45236,0.49815,0.95051,4.56447,4.00407,0.38502,0.01445,32.5,NA,14.3,NA,NA,26,1.17693,0.84569,1.9721,0.72756,0.57449,3.27415,2.9046,4.24357,0.53116,0.58494,5.35967,4.70163,2025-02-13,2,1,1,8,1,0,8,2024-01-25,6,6,2,52,1,0,52,19,NA,0,0,0,0,"309 West 7th Street,McCook,NE,69001",40.1999,-100.64,NA,2026-06-01
285081,CHI Health St. Francis,2116 West Faidley Avenue,Grand Island,NE,68803,3083985880,390,Hall,Y,Non profit - Corporation,36,13.4,NA,Medicare and Medicaid,Y,Legal Business Name Not Available,1987-08-20,COMMONSPIRIT HEALTH,151,19,2.9,2.7,3.3,3.7,N,NA,N,N,N,Resident,Yes,4,NA,4,NA,3,NA,NA,2,3,NA,4,NA,NA,NA,3.74603,0.91896,3.42254,4.3415,8.08753,7.40606,2.07745,0.52549,46.9,NA,56.3,NA,NA,26,1.61553,1.16085,2.70703,0.99869,0.78858,4.4943,3.98704,3.20446,0.78611,2.92774,6.91831,6.33535,2025-03-20,2,2,0,20,1,0,20,2024-02-01,3,3,0,24,1,0,24,21,NA,0,0,0,0,"2116 West Faidley Avenue,Grand Island,NE,68803",40.9242,-98.364,NA,2026-06-01
285082,"Continental Springs, LLC",3200 G Street,South Sioux City,NE,68776,4024943043,210,Dakota,Y,For profit - Limited Liability company,77,48.6,NA,Medicare and Medicaid,N,CONTINENTAL SPRINGS LLC,1988-06-01,NA,NA,NA,NA,NA,NA,NA,N,NA,N,N,N,Resident,Yes,2,NA,2,NA,3,NA,3,NA,3,NA,3,NA,NA,NA,2.641,0.34888,0.6023,0.95119,3.59218,3.1379,0.39463,0.01962,41.5,NA,25,NA,0,NA,1.35812,0.97588,2.2757,0.83956,0.66293,3.7782,3.35177,2.68738,0.35501,0.61288,3.65527,3.193,2026-01-14,9,9,2,60,1,0,60,2024-10-31,4,2,2,40,1,0,40,55,NA,0,0,0,0,"3200 G Street,South Sioux City,NE,68776",42.4591,-96.404,NA,2026-06-01
285083,Linden Court,4000 West Philip Avenue,North Platte,NE,69101,3085325774,550,Lincoln,N,Non profit - Corporation,135,105.7,NA,Medicare and Medicaid,N,VSL NORTH PLATTE COURT LLC,1988-07-01,VETTER SENIOR LIVING,547,22,4.3,3.8,4.5,4,N,NA,N,N,N,Resident,Yes,3,NA,2,NA,3,NA,2,NA,3,NA,5,NA,NA,NA,2.29031,0.88266,0.826,1.70866,3.99897,3.4082,0.54419,0.06937,28.7,NA,23.8,NA,NA,26,1.20048,0.86261,2.01156,0.74212,0.58599,3.33966,2.96273,2.63656,1.0161,0.95088,4.60353,3.92345,2025-01-30,6,5,1,48,1,0,48,2024-02-29,5,2,3,141,1,0,141,71.25,NA,1,14017,0,1,"4000 West Philip Avenue,North Platte,NE,69101",41.1264,-100.81,NA,2026-06-01
285085,Newport House,6798 N 67th Plaza,Omaha,NE,68152,4025722595,270,Douglas,Y,Non profit - Corporation,96,91.5,NA,Medicare and Medicaid,N,IMMANUEL LONG TERM CARE,1988-12-30,IMMANUEL,281,3,4.7,3.3,5,4.3,N,NA,N,N,N,Resident,Yes,5,NA,3,NA,5,NA,3,NA,5,NA,5,NA,NA,NA,2.99102,0.49451,1.43117,1.92568,4.9167,4.41234,1.20305,0.0613,30.2,NA,20,NA,0,NA,1.29153,0.92803,2.16412,0.7984,0.63043,3.59294,3.18742,3.20048,0.52914,1.53139,5.26101,4.72133,2026-01-29,7,7,1,44,1,0,44,2024-09-04,1,1,0,4,1,0,4,34,NA,0,0,0,0,"6798 N 67th Plaza,Omaha,NE,68152",41.2096,-96.156,NA,2026-06-01
285087,Tiffany Square,3119 West Faidley Avenue,Grand Island,NE,68803,3083842333,390,Hall,Y,Non profit - Other,103,77,NA,Medicare and Medicaid,N,VSL GRAND ISLAND LLC,1989-03-20,VETTER SENIOR LIVING,547,22,4.3,3.8,4.5,4,N,NA,N,N,N,Both,Yes,2,NA,3,NA,1,NA,2,NA,1,NA,4,NA,NA,NA,3.23038,0.64865,0.55926,1.20792,4.4383,3.52561,0.23998,0.05865,31.3,NA,18.2,NA,0,NA,1.4711,1.05707,2.46502,0.90941,0.71808,4.09251,3.6306,3.03466,0.60935,0.52538,4.16939,3.31201,2025-12-04,4,3,1,24,1,0,24,2024-10-16,9,6,3,48,1,0,48,30,NA,0,0,0,0,"3119 West Faidley Avenue,Grand Island,NE,68803",40.9243,-98.376,NA,2026-06-01
285088,Accura HealthCare of Hartington,401 W  Darlene Street,Hartington,NE,68739,4022543905,130,Cedar,N,For profit - Limited Liability company,47,32.3,NA,Medicare and Medicaid,N,"ACCURA HEALTHCARE OF HARTINGTON, LLC",1989-04-01,ACCURA HEALTHCARE,8,42,2.5,2.4,3.2,2.8,N,NA,N,N,N,None,Yes,5,NA,5,NA,3,NA,3,NA,NA,2,4,NA,NA,NA,2.52655,0.13967,0.91124,1.05091,3.57746,3.17592,0.60891,0.03626,40,NA,0,NA,NA,26,1.15098,0.82704,1.92862,0.71152,0.56182,3.20196,2.84057,3.03359,0.1677,1.09411,4.29541,3.81329,2026-02-23,1,1,0,4,1,0,4,2025-02-03,2,2,0,8,1,0,8,5,NA,0,0,0,0,"401 W  Darlene Street,Hartington,NE,68739",42.6189,-97.269,NA,2026-06-01
285089,Heritage of Bel Air,1203 North 13th Street,Norfolk,NE,68701,4023714991,590,Madison,N,Non profit - Corporation,112,101.9,NA,Medicare and Medicaid,N,VSL NORFOLK LLC,1989-05-16,VETTER SENIOR LIVING,547,22,4.3,3.8,4.5,4,N,NA,N,N,N,Both,Yes,4,NA,3,NA,5,NA,5,NA,4,NA,4,NA,NA,NA,2.63717,0.66451,0.65037,1.31489,3.95206,3.2554,0.42365,0.05087,35.5,NA,21.4,NA,0,NA,1.2388,0.89014,2.07577,0.7658,0.60469,3.44626,3.05729,2.94195,0.74131,0.72554,4.40881,3.63163,2025-07-31,4,4,0,32,1,0,32,2024-07-30,4,3,1,32,1,0,32,32,NA,0,0,0,0,"1203 North 13th Street,Norfolk,NE,68701",42.0446,-97.427,NA,2026-06-01
285091,Indian Hills Manor,1720 North Spruce,Ogallala,NE,69153,3082844068,500,Keith,N,For profit - Limited Liability company,82,35.2,NA,Medicare and Medicaid,N,KISMET OGA LLC,1989-10-02,LANTIS ENTERPRISES,304,5,1.6,2,2.8,1.6,N,NA,N,N,N,Resident,Yes,1,NA,1,NA,1,NA,1,NA,1,NA,2,NA,NA,NA,1.80192,0.44032,0.54643,0.98675,2.78867,2.46109,0.49247,0.06646,50,NA,40,NA,NA,26,1.19348,0.85758,1.99982,0.73778,0.58257,3.32017,2.94543,2.08651,0.50987,0.63273,3.22911,2.8498,2025-03-04,10,9,2,100,1,0,100,2024-04-15,15,15,0,176,1,0,176,119,NA,0,0,1,1,"1720 North Spruce,Ogallala,NE,69153",41.1427,-101.72,NA,2026-06-01
285092,Emerald Nursing & Rehab Columbus,2855 40th Avenue,Columbus,NE,68601,4025648014,700,Platte,N,For profit - Corporation,145,72.3,NA,Medicare and Medicaid,N,COLUMBUS OPERATIONS LLC,1989-12-01,EMERALD HEALTHCARE,630,14,1.5,1.6,1.9,1.9,N,NA,N,N,N,Resident,Yes,3,NA,3,NA,2,NA,2,NA,2,NA,2,NA,NA,NA,2.62906,0.75562,0.35296,1.10857,3.73763,3.49892,0.24732,0.06415,69.7,NA,50,NA,0,NA,1.34999,0.97004,2.26208,0.83454,0.65896,3.75558,3.3317,2.69135,0.77352,0.36132,3.82618,3.58181,2025-08-21,5,2,3,24,1,0,24,2024-07-18,16,8,11,88,1,0,88,40,NA,0,0,1,1,"2855 40th Avenue,Columbus,NE,68601",41.4443,-97.378,NA,2026-06-01
285093,Emerald Nursing & Rehab Cozad,318 West 18th Street,Cozad,NE,69130,3087843715,230,Dawson,N,For profit - Limited Liability company,67,36.3,NA,Medicare and Medicaid,N,COZAD OPERATIONS LLC,1989-10-01,EMERALD HEALTHCARE,630,14,1.5,1.6,1.9,1.9,N,NA,N,N,N,Resident,Yes,1,NA,2,NA,3,NA,1,NA,4,NA,1,NA,NA,NA,2.40282,0.91756,0.34617,1.26373,3.66654,3.24326,0.29665,0.10984,64.7,NA,80,NA,0,NA,1.44746,1.04008,2.4254,0.89479,0.70654,4.02673,3.57225,2.29411,0.87605,0.3305,3.50066,3.09653,2025-07-22,6,5,2,56,1,0,56,2024-06-13,7,7,0,36,1,0,36,51,NA,0,0,0,0,"318 West 18th Street,Cozad,NE,69130",40.8687,-99.989,NA,2026-06-01
285094,Adept Nursing & Rehab of North Platte,510 Centennial Circle,North Platte,NE,69101,3085347000,550,Lincoln,N,For profit - Limited Liability company,94,67.3,NA,Medicare and Medicaid,N,MAPLES AT CENTENNIAL LLC,1990-01-17,AVID HEALTHCARE GROUP,700,11,1.7,1.9,2.5,2.1,Y,NA,N,N,N,Resident,Yes,2,NA,2,NA,2,NA,2,NA,2,NA,3,NA,NA,NA,1.96715,0.75334,0.62105,1.37439,3.34154,2.79198,0.31054,0.12502,61.4,NA,30,NA,0,NA,1.30875,0.94041,2.19298,0.80905,0.63883,3.64086,3.22993,2.07721,0.79549,0.65579,3.52849,2.94818,2025-06-26,8,4,4,52,1,0,52,2024-06-26,13,7,6,104,1,0,104,65,NA,2,44343,0,2,"510 Centennial Circle,North Platte,NE,69101",41.1207,-100.77,NA,2026-06-01
285095,Monument Healthcare and Nursing Center,111 West 36th Street,Scottsbluff,NE,69361,3086352019,780,Scott Bluff,N,For profit - Limited Liability company,160,85,NA,Medicare and Medicaid,N,SCOTTSBLUFF OPERATIONS LLC,1990-03-12,LME FAMILY HOLDINGS,321,15,2.1,2,2.2,3.2,N,NA,N,N,N,Resident,Yes,1,NA,1,NA,1,NA,1,NA,1,NA,2,NA,NA,NA,2.58309,0.72151,0.36109,1.08259,3.66569,3.45217,0.13901,0.05822,64.2,NA,76.9,NA,2,NA,1.32966,0.95543,2.22801,0.82197,0.64904,3.69902,3.28152,2.68472,0.74989,0.37529,3.80991,3.58799,2025-08-16,11,10,2,56,1,0,56,2024-08-01,27,14,17,243,1,0,243,102.75,NA,2,28182,0,2,"111 West 36th Street,Scottsbluff,NE,69361",41.8822,-103.66,NA,2026-06-01
285096,Accura Healthcare of Franklin,1006 M Street,Franklin,NE,68939,3084256262,300,Franklin,N,For profit - Limited Liability company,42,29.1,NA,Medicare and Medicaid,N,ARBOR CARE CENTERS - FRANKLIN LLC,1990-04-11,ARBOR CARE CENTERS,40,7,2,2.4,1.9,2.4,N,NA,N,N,N,Both,Yes,3,NA,3,NA,2,NA,2,NA,1,NA,3,NA,NA,NA,1.84262,0.4763,0.78356,1.25986,3.10249,2.75005,0.55158,0.01118,58.6,NA,40,NA,0,NA,1.16745,0.83887,1.95621,0.72169,0.56986,3.24776,2.8812,2.18121,0.56382,0.92755,3.67258,3.25539,2025-03-20,6,6,0,44,1,0,44,2024-02-29,3,3,0,16,1,0,16,37,NA,0,0,0,0,"1006 M Street,Franklin,NE,68939",40.0971,-98.961,NA,2026-06-01
285097,Emerald Nursing & Rehab Omaha,5505 Grover Street,Omaha,NE,68106,4025580225,270,Douglas,Y,For profit - Corporation,155,62.4,NA,Medicare and Medicaid,N,OMAHA OPERATIONS LLC,1990-05-18,EMERALD HEALTHCARE,630,14,1.5,1.6,1.9,1.9,N,NA,N,N,N,Resident,Yes,1,NA,1,NA,2,NA,2,NA,3,NA,2,NA,NA,NA,2.44259,0.76769,0.29827,1.06597,3.50856,3.14167,0.23334,0.10258,60,NA,66.7,NA,0,NA,1.1943,0.85817,2.00119,0.73829,0.58297,3.32245,2.94746,2.82643,0.88833,0.34514,4.05991,3.63536,2026-01-21,25,15,16,116,1,0,116,2024-09-24,25,10,19,259,1,0,259,151.75,NA,3,87389,2,5,"5505 Grover Street,Omaha,NE,68106",41.227,-95.999,NA,2026-06-01
285098,Good Samaritan Society - Millard,12856 Deauville Drive,Omaha,NE,68137,4028952266,270,Douglas,Y,Non profit - Corporation,106,72.3,NA,Medicare and Medicaid,N,THE EVANGELICAL LUTHERAN GOOD SAMARITAN SOCIETY,1990-07-16,GOOD SAMARITAN SOCIETY,726,92,2.9,2.8,3.9,3,N,NA,N,N,N,Resident,Yes,4,NA,4,NA,3,NA,4,NA,2,NA,4,NA,NA,NA,2.49744,0.61601,0.75013,1.36614,3.86357,3.28783,0.57897,0.05241,45.2,NA,53.8,NA,0,NA,1.17561,0.84474,1.96989,0.72674,0.57385,3.27047,2.90135,2.93582,0.72414,0.8818,4.54176,3.86496,2024-11-21,3,3,0,16,1,0,16,2023-09-26,10,1,10,52,1,0,52,25,NA,0,0,0,0,"12856 Deauville Drive,Omaha,NE,68137",41.2038,-96.116,NA,2026-06-01
285102,Stanton Health Center,301 17th Street,Stanton,NE,68779,4024392111,830,Stanton,N,Non profit - Church related,70,53.9,NA,Medicare and Medicaid,N,CITY OF STANTON NURSING HOME,1990-10-05,NA,NA,NA,NA,NA,NA,NA,N,NA,N,N,N,Resident,Yes,4,NA,4,NA,2,NA,3,NA,2,NA,4,NA,NA,NA,2.94718,0.33076,0.83821,1.16897,4.11615,3.42291,0.44554,0.00388,51.9,NA,28.6,NA,NA,26,1.18762,0.85337,1.99001,0.73416,0.57971,3.30387,2.93098,3.42948,0.38489,0.97538,4.78976,3.98307,2025-07-10,4,4,3,16,1,0,16,2024-06-13,5,5,0,20,1,0,20,17,NA,0,0,0,0,"301 17th Street,Stanton,NE,68779",41.9443,-97.234,NA,2026-06-01
285104,Prestige Care Center of Plattsmouth,602 South 18th Street,Plattsmouth,NE,68048,4022962800,120,Cass,Y,For profit - Limited Liability company,111,80.4,NA,Medicare and Medicaid,N,PLATTSMOUTH OPERATIONS LLC,1991-04-18,PRESTIGE CARE CENTER,602,3,1.7,2,3,2.3,N,NA,N,N,N,Both,Yes,3,NA,3,NA,3,NA,3,NA,3,NA,3,NA,NA,NA,2.71768,0.50334,0.29577,0.79911,3.51679,3.43845,0.25524,0.06957,49.3,NA,44.4,NA,1,NA,1.14093,0.81982,1.91178,0.7053,0.55692,3.174,2.81576,3.29183,0.60967,0.35826,4.25977,4.16487,2025-02-06,7,7,3,44,1,0,44,2024-01-22,5,5,5,48,1,0,48,45,NA,0,0,1,1,"602 South 18th Street,Plattsmouth,NE,68048",41.0044,-95.901,NA,2026-06-01
285106,Emerald Nursing & Rehab Lakeview,1405 West Hwy 34,Grand Island,NE,68801,3083826397,390,Hall,Y,For profit - Corporation,95,72.4,NA,Medicare and Medicaid,N,GRAND ISLAND LAKEVIEW OPERATIONS LLC,1991-06-01,EMERALD HEALTHCARE,630,14,1.5,1.6,1.9,1.9,N,NA,N,N,N,None,Yes,1,NA,1,NA,1,NA,2,NA,1,NA,3,NA,NA,NA,2.55041,0.66647,0.45939,1.12586,3.67627,3.39254,0.26551,0.03757,39,NA,28.6,NA,0,NA,1.44339,1.03716,2.41859,0.89228,0.70456,4.01542,3.56221,2.44188,0.63811,0.43984,3.51983,3.24817,2026-01-29,10,10,0,131,1,0,131,2024-12-05,12,8,6,76,1,0,76,117.25,1,1,20655,1,2,"1405 West Hwy 34,Grand Island,NE,68801",40.8873,-98.352,NA,2026-06-01
285108,Accura Healthcare of O'Neill,1102 North Harrison Street,O' Neill,NE,68763,4023362384,440,Holt,N,For profit - Limited Liability company,84,40.2,NA,Medicare and Medicaid,N,ARBOR CARE CENTERS - ONEILL LLC,1991-08-01,ARBOR CARE CENTERS,40,7,2,2.4,1.9,2.4,N,NA,N,N,N,Resident,Yes,2,NA,2,NA,2,NA,2,NA,2,NA,3,NA,NA,NA,2.79081,0.36369,0.94591,1.3096,4.10042,3.64067,0.59191,0.01575,66.7,NA,88.9,NA,3,NA,1.35538,0.97391,2.2711,0.83787,0.66159,3.77057,3.345,2.84558,0.37083,0.96447,4.18088,3.71211,2025-05-06,11,10,4,76,1,0,76,2024-04-18,8,6,2,56,1,0,56,71,NA,0,0,0,0,"1102 North Harrison Street,O' Neill,NE,68763",42.4666,-98.658,NA,2026-06-01
285109,Prestige Care Center of Nebraska City,1420 North 10th Street,Nebraska City,NE,68410,4028733304,650,Otoe,N,For profit - Corporation,64,40.1,NA,Medicare and Medicaid,N,NEBRASKA CITY OPERATIONS LLC,1991-06-25,PRESTIGE CARE CENTER,602,3,1.7,2,3,2.3,N,NA,N,N,N,Resident,Yes,1,NA,2,NA,1,NA,1,NA,NA,2,3,NA,NA,NA,2.50926,0.3746,0.55973,0.93432,3.44358,3.2757,0.42977,0.01535,74.4,NA,83.3,NA,1,NA,1.16259,0.83538,1.94806,0.71869,0.56749,3.23424,2.8692,2.98277,0.44528,0.66535,4.0934,3.89383,2024-11-13,16,3,15,76,1,0,76,2023-09-14,6,4,5,68,1,0,68,74,NA,1,15625,0,1,"1420 North 10th Street,Nebraska City,NE,68410",40.6897,-95.858,NA,2026-06-01
285112,Good Samaritan Society - Auburn,1322 U Street,Auburn,NE,68305,4022744954,630,Nemaha,N,Non profit - Corporation,102,61.3,NA,Medicare and Medicaid,N,THE EVANGELICAL LUTHERAN GOOD SAMARITAN SOCIETY,1991-12-01,GOOD SAMARITAN SOCIETY,726,92,2.9,2.8,3.9,3,N,NA,N,N,N,Both,Yes,3,NA,3,NA,2,NA,2,NA,2,NA,4,NA,NA,NA,2.16185,0.66343,0.54151,1.20494,3.36678,2.9996,0.30261,0.03718,43.6,NA,16.7,NA,1,NA,1.14974,0.82615,1.92653,0.71074,0.56121,3.19848,2.83748,2.59852,0.79744,0.65089,4.04685,3.60549,2026-02-11,6,6,0,52,1,0,52,2024-10-03,3,3,0,28,1,0,28,46,NA,0,0,0,0,"1322 U Street,Auburn,NE,68305",40.3888,-95.853,NA,2026-06-01
285114,Falls City Care Center,2800 Towle Street,Falls City,NE,68355,4022455252,730,Richardson,N,For profit - Corporation,101,51.8,NA,Medicare and Medicaid,N,KISMET FNB LLC,1991-12-18,LANTIS ENTERPRISES,304,5,1.6,2,2.8,1.6,N,NA,N,N,N,Resident,Yes,2,NA,3,NA,2,NA,2,NA,3,NA,1,24,NA,NA,1.41595,0.97438,0.16191,1.13628,2.55223,2.41009,0.16829,0.0144,32.1,NA,NA,27,NA,26,1.15896,0.83278,1.94199,0.71645,0.56572,3.22416,2.86026,1.6884,1.16187,0.19306,3.04333,2.87384,2025-06-05,7,7,1,40,1,0,40,2024-05-23,4,4,2,40,1,0,40,40,NA,0,0,0,0,"2800 Towle Street,Falls City,NE,68355",40.0722,-95.606,NA,2026-06-01
285115,Accura Healthcare of Fullerton,202 North Esther,Fullerton,NE,68638,3085362488,620,Nance,N,For profit - Corporation,75,60.8,NA,Medicare and Medicaid,N,ARBOR CARE CENTERS - FULLERTON LLC,1992-02-01,ARBOR CARE CENTERS,40,7,2,2.4,1.9,2.4,N,NA,N,N,N,Resident,Yes,3,NA,3,NA,3,NA,3,NA,NA,2,2,NA,NA,NA,2.16072,0.56122,0.29773,0.85896,3.01967,2.80271,0.19568,0.01292,60.7,NA,80,NA,0,NA,1.08503,0.77965,1.81811,0.67075,0.52963,3.01849,2.6778,2.75204,0.71481,0.37921,3.84606,3.56973,2026-04-02,4,4,2,28,0,0,28,2025-01-06,5,4,2,44,1,0,44,32,NA,0,0,0,0,"202 North Esther,Fullerton,NE,68638",41.3667,-97.967,NA,2026-06-01
285116,Clarkson Community Care Center Inc,212 Sunrise Drive,Clarkson,NE,68629,4028923494,180,Colfax,N,Non profit - Other,51,29.1,NA,Medicare and Medicaid,N,CLARKSON COMMUNITY CARE CENTER INC.,1992-04-01,NA,NA,NA,NA,NA,NA,NA,N,NA,N,N,N,Resident,Yes,1,NA,2,NA,2,NA,2,NA,NA,2,1,23,23,23,NA,NA,NA,NA,NA,NA,NA,NA,NA,26,NA,26,NA,26,NA,NA,NA,NA,NA,NA,NA,NA,NA,NA,NA,NA,2025-09-03,13,13,0,76,1,0,76,2024-08-22,6,4,6,60,1,0,60,72,NA,1,15593,2,3,"212 Sunrise Drive,Clarkson,NE,68629",41.7264,-97.13,NA,2026-06-01
285117,"Arbor Care Center-Valhaven, LLC",300 West Meigs Street,Valley,NE,68064,4023592533,270,Douglas,Y,For profit - Limited Liability company,66,56.6,NA,Medicare and Medicaid,N,ARBOR CARE CENTERS - VALHAVEN LLC,1992-04-01,ARBOR CARE CENTERS,40,7,2,2.4,1.9,2.4,N,NA,N,N,N,Resident,Yes,2,NA,3,NA,3,NA,3,NA,3,NA,1,NA,NA,NA,1.8853,0.25909,0.42414,0.68323,2.56853,2.46935,0.23768,0.06585,70.2,NA,88.9,NA,0,NA,1.16676,0.83838,1.95505,0.72127,0.56952,3.24585,2.8795,2.23305,0.30688,0.50237,3.0423,2.92483,2025-08-12,9,9,0,36,1,0,36,2024-07-23,7,6,1,68,1,0,68,44,NA,0,0,1,1,"300 West Meigs Street,Valley,NE,68064",41.3062,-96.352,NA,2026-06-01
285118,Accura HealthCare of Tekamah,823 M Street,Tekamah,NE,68061,4023741414,100,Burt,N,For profit - Corporation,44,32.2,NA,Medicare and Medicaid,N,"ACCURA HEALTHCARE OF TEKAMAH, LLC",1992-06-01,ACCURA HEALTHCARE,8,42,2.5,2.4,3.2,2.8,N,NA,N,N,N,Resident,Yes,1,NA,2,NA,3,NA,3,NA,NA,2,1,NA,NA,NA,1.96011,0.76207,0.35301,1.11507,3.07518,2.66542,0.32002,0.01731,52,NA,83.3,NA,NA,26,1.20029,0.86247,2.01124,0.742,0.58589,3.33912,2.96225,2.2568,0.87742,0.40644,3.54065,3.06888,2026-02-12,9,9,1,80,1,0,80,2024-10-31,4,4,4,16,1,0,16,64,NA,0,0,0,0,"823 M Street,Tekamah,NE,68061",41.7781,-96.214,NA,2026-06-01
285119,Dunklau Gardens,450 East 23rd Street,Fremont,NE,68025,4027211610,260,Dodge,N,Non profit - Corporation,106,86.1,NA,Medicare and Medicaid,Y,METHODIST FREMONT HEALTH,1992-05-22,NA,NA,NA,NA,NA,NA,NA,N,NA,N,N,N,Resident,Yes,5,NA,4,NA,3,NA,3,NA,2,NA,5,NA,NA,NA,3.16716,0.24312,1.16202,1.40514,4.5723,3.83274,0.93128,0.05614,20.2,NA,5,NA,0,NA,1.19675,0.85993,2.0053,0.73981,0.58416,3.32927,2.95351,3.65735,0.28075,1.34186,5.27996,4.42594,2025-05-01,3,3,0,24,1,0,24,2024-04-23,1,1,0,16,1,0,16,22,NA,0,0,0,0,"450 East 23rd Street,Fremont,NE,68025",41.4514,-96.492,NA,2026-06-01
285124,Accura Healthcare of Neligh,1100 T Street,Neligh,NE,68756,4028875428,010,Antelope,N,For profit - Limited Liability company,70,33.2,NA,Medicare and Medicaid,N,ARBOR CARE CENTERS - NELIGH LLC,1992-10-01,ARBOR CARE CENTERS,40,7,2,2.4,1.9,2.4,N,NA,N,N,N,Resident,Yes,1,NA,3,NA,1,NA,1,NA,2,NA,1,24,NA,NA,2.54976,0.85511,0.34884,1.20395,3.75372,3.16384,0.14756,0.02091,53.8,NA,80,NA,3,NA,1.30768,0.93964,2.19118,0.80838,0.63831,3.63788,3.22728,2.69462,0.90369,0.36866,3.96697,3.34358,2025-03-25,5,5,0,24,1,0,24,2024-03-19,7,7,1,36,1,0,36,27,NA,0,0,0,0,"1100 T Street,Neligh,NE,68756",42.1364,-98.039,NA,2026-06-01
285126,"The Ambassador Nebraska City, Inc",1800 14th Avenue,Nebraska City,NE,68410,4028736650,650,Otoe,N,For profit - Corporation,71,45.8,NA,Medicare and Medicaid,N,THE AMBASSADOR NEBRASKA CITY INC,1992-11-01,AMBASSADOR HEALTH,28,4,3.8,3.8,3.8,4,N,NA,N,N,N,Resident,Yes,4,NA,4,NA,4,NA,3,NA,4,NA,4,NA,NA,NA,3.13166,0.51943,0.65675,1.17618,4.30784,3.58122,0.3943,0.03265,51.6,NA,0,NA,0,NA,1.2801,0.91982,2.14496,0.79133,0.62485,3.56114,3.15921,3.38089,0.56077,0.70901,4.65068,3.86623,2024-10-31,3,2,1,16,1,0,16,2023-09-06,4,2,2,16,1,0,16,16,NA,0,0,0,0,"1800 14th Avenue,Nebraska City,NE,68410",40.6893,-95.868,NA,2026-06-01
285127,Ambassador Health of Omaha,1540 North 72ndStreet,Omaha,NE,68114,4023936500,270,Douglas,Y,For profit - Corporation,146,82.6,NA,Medicare and Medicaid,N,THE AMBASSADOR OMAHA INC,1993-01-29,AMBASSADOR HEALTH,28,4,3.8,3.8,3.8,4,N,NA,N,N,N,Resident,Yes,4,NA,4,NA,4,NA,4,NA,3,NA,3,NA,NA,NA,1.65051,2.69795,2.17628,4.87423,6.52475,5.89277,1.70164,0.1057,28.2,NA,22.5,NA,0,NA,3.0503,2.1918,5.11116,1.88563,1.48893,8.48572,7.52797,0.74778,1.22234,0.98599,2.95611,2.66978,2025-07-10,3,3,0,16,1,0,16,2024-05-14,2,2,0,8,1,0,8,14,NA,0,0,0,0,"1540 North 72ndStreet,Omaha,NE,68114",41.2796,-95.952,NA,2026-06-01
285130,Beatrice Health and Rehabilitaion,1800 Irving Street,Beatrice,NE,68310,4022232311,330,Gage,N,For profit - Corporation,87,63.6,NA,Medicare and Medicaid,N,MONROE HEALTHCARE INC,1993-04-06,THE ENSIGN GROUP,507,342,3.2,2.9,2.4,4.4,N,NA,N,N,N,Resident,Yes,3,NA,3,NA,4,NA,5,NA,3,NA,2,NA,NA,NA,2.27277,0.85863,0.2687,1.12734,3.4001,3.06498,0.21512,0.06109,40.4,NA,40,NA,0,NA,1.47954,1.06313,2.47915,0.91462,0.7222,4.11597,3.65141,2.12289,0.80201,0.25098,3.17589,2.86286,2025-04-09,3,3,1,24,1,0,24,2024-04-23,8,7,1,48,1,0,48,30,NA,0,0,0,0,"1800 Irving Street,Beatrice,NE,68310",40.28,-96.731,NA,2026-06-01
285131,York General Hearthstone,2600 North Lincoln Avenue,York,NE,68467,4023624333,920,York,N,Non profit - Corporation,127,81,NA,Medicare and Medicaid,N,YORK GENERAL HOSPITAL,1993-07-12,NA,NA,NA,NA,NA,NA,NA,N,NA,N,N,N,Resident,Yes,5,NA,5,NA,3,NA,3,NA,3,NA,4,NA,NA,NA,2.21011,0.95713,0.47769,1.43482,3.64493,3.27356,0.3728,0.01828,53.1,NA,36.4,NA,0,NA,1.18631,0.85243,1.98781,0.73335,0.57907,3.30023,2.92774,2.57464,1.11499,0.55648,4.2461,3.81348,2026-03-09,2,2,0,8,1,0,8,2024-11-21,0,0,0,0,0,0,0,6,NA,0,0,0,0,"2600 North Lincoln Avenue,York,NE,68467",40.887,-97.593,NA,2026-06-01
285133,Hillcrest Health & Rehab,1702 Hillcrest Drive,Bellevue,NE,68005,4022918500,760,Sarpy,Y,For profit - Corporation,151,115,NA,Medicare and Medicaid,N,RED OAK HEALTH SERVICES INC,1993-08-02,NA,NA,NA,NA,NA,NA,NA,N,NA,N,N,N,Resident,Yes,3,NA,2,NA,3,NA,2,NA,4,NA,5,NA,NA,NA,3.15665,0.65249,0.68323,1.33572,4.49237,4.08383,0.38363,0.19001,41.3,NA,25,NA,0,NA,1.36494,0.98078,2.28712,0.84378,0.66626,3.79716,3.36859,3.19605,0.66063,0.69176,4.54844,4.1348,2024-12-17,7,2,5,60,1,0,60,2023-10-17,4,3,1,48,1,0,48,57,NA,0,0,0,0,"1702 Hillcrest Drive,Bellevue,NE,68005",41.1403,-95.917,NA,2026-06-01
285134,Life Care Center of Elkhorn,20275 Hopper Street,Elkhorn,NE,68022,4022892572,270,Douglas,Y,For profit - Corporation,135,85.8,NA,Medicare and Medicaid,N,CONSOLIDATED RESOURCES HEALTH CARE FUND I LP,1993-09-17,LIFE CARE CENTERS OF AMERICA,311,194,3.5,2.9,3.3,4.5,N,NA,N,N,N,Resident,Yes,1,NA,1,NA,4,NA,5,NA,4,NA,4,NA,NA,NA,2.33892,0.8091,0.61731,1.4264,3.76532,3.28655,0.31198,0.09789,33.3,NA,33.3,NA,0,NA,1.29829,0.93289,2.17545,0.80258,0.63373,3.61175,3.2041,2.48968,0.86125,0.6571,4.00802,3.49839,2025-12-08,19,16,8,136,1,0,136,2024-08-13,11,10,2,88,1,0,88,124,NA,1,40610,2,3,"20275 Hopper Street,Elkhorn,NE,68022",41.289,-96.231,NA,2026-06-01
285135,Wayne Countryview Care and Rehabilitation,811 East 14th Street,Wayne,NE,68787,4023751922,890,Wayne,N,For profit - Limited Liability company,60,41.7,NA,Medicare and Medicaid,N,"LINDAHL HEALTHCARE, INC.",1994-01-15,THE ENSIGN GROUP,507,342,3.2,2.9,2.4,4.4,N,NA,N,N,N,Resident,Yes,2,NA,3,NA,3,NA,2,NA,3,NA,1,NA,NA,NA,2.3566,0.60714,0.33323,0.94038,3.29698,2.79982,0.30317,0.09167,54.5,NA,NA,27,1,NA,1.32118,0.94933,2.21379,0.81672,0.6449,3.67542,3.26059,2.46505,0.63508,0.34857,3.4487,2.92866,2026-01-28,5,5,0,24,1,0,24,2024-10-16,11,10,2,88,1,0,88,40,NA,0,0,0,0,"811 East 14th Street,Wayne,NE,68787",42.2428,-97.006,NA,2026-06-01
285137,Life Care Center of Omaha,6032 Ville de Sante Drive,Omaha,NE,68104,4025716770,270,Douglas,Y,For profit - Partnership,128,95,NA,Medicare and Medicaid,N,CONSOLIDATED RESOURCES HEALTH CARE FUND I LP,1993-11-29,LIFE CARE CENTERS OF AMERICA,311,194,3.5,2.9,3.3,4.5,N,NA,N,N,N,Resident,Yes,1,NA,1,NA,4,NA,5,NA,4,NA,2,NA,NA,NA,2.33601,1.22625,0.32704,1.55329,3.8893,3.233,0.13537,0.06198,49,NA,66.7,NA,0,NA,1.42936,1.02707,2.39507,0.8836,0.6977,3.97637,3.52757,2.25857,1.1856,0.3162,3.76037,3.12583,2025-09-15,16,10,11,96,1,0,96,2024-07-23,26,6,20,183,1,0,183,117.75,NA,1,31079,0,1,"6032 Ville de Sante Drive,Omaha,NE,68104",41.3135,-96.007,NA,2026-06-01
285138,Good Samaritan Society - Syracuse,1622 Walnut Street,Syracuse,NE,68446,4022692251,650,Otoe,N,Non profit - Corporation,88,46.9,NA,Medicare and Medicaid,N,THE EVANGELICAL LUTHERAN GOOD SAMARITAN SOCIETY,1994-02-01,GOOD SAMARITAN SOCIETY,726,92,2.9,2.8,3.9,3,Y,NA,N,N,N,Resident,Yes,4,NA,4,NA,3,NA,3,NA,NA,2,3,NA,NA,NA,2.01726,0.59732,0.49744,1.09476,3.11202,2.59495,0.34148,0.02751,40,NA,55.6,NA,1,NA,1.05777,0.76007,1.77243,0.65389,0.51632,2.94265,2.61052,2.63554,0.7804,0.6499,4.06584,3.39028,2025-01-16,5,5,2,32,1,0,32,2024-01-09,1,1,1,4,1,0,4,25,NA,0,0,0,0,"1622 Walnut Street,Syracuse,NE,68446",40.6675,-96.189,NA,2026-06-01
285139,Accura HealthCare of Pierce,515 East Main Street,Pierce,NE,68767,4023296228,690,Pierce,N,For profit - Corporation,75,37.4,NA,Medicare and Medicaid,N,"PREMIER ESTATES OF PIERCE, LLC",1994-04-01,ARBORETA HEALTHCARE,618,3,2.3,2.7,2,2.7,N,NA,N,N,N,Resident,Yes,3,NA,3,NA,4,NA,4,NA,NA,2,2,NA,NA,NA,1.92798,0.65047,0.33068,0.98115,2.90913,2.77218,0.2929,0.00652,61.8,NA,66.7,NA,2,NA,1.08554,0.78002,1.81896,0.67106,0.52988,3.0199,2.67905,2.45446,0.8281,0.42098,3.70353,3.52918,2025-02-10,7,7,1,40,1,0,40,2024-02-26,9,9,0,44,1,0,44,41,NA,0,0,0,0,"515 East Main Street,Pierce,NE,68767",42.1991,-97.521,NA,2026-06-01
285140,Adept Nursing & Rehab of Ashland,1700 Furnas Street,Ashland,NE,68003,4029447031,770,Saunders,Y,For profit - Limited Liability company,97,72.7,NA,Medicare and Medicaid,N,MEADOWS AT ASHLAND LLC,1994-06-01,AVID HEALTHCARE GROUP,700,11,1.7,1.9,2.5,2.1,N,NA,N,N,N,Resident,Yes,2,NA,3,NA,1,NA,2,NA,1,NA,3,NA,NA,NA,3.27294,0.71948,0.39859,1.11806,4.391,4.08489,0.31445,0.06509,62.9,NA,87.5,NA,0,NA,1.25831,0.90416,2.10846,0.77786,0.61421,3.50053,3.10544,3.59459,0.79018,0.43776,4.82253,4.48634,2025-07-22,5,5,0,24,1,0,24,2024-06-17,12,6,8,116,1,0,116,47,NA,0,0,2,2,"1700 Furnas Street,Ashland,NE,68003",41.0451,-96.373,NA,2026-06-01
285141,Adept Nursing & Rehab of Sutherland,333 Maple Street,Sutherland,NE,69165,3083864393,550,Lincoln,N,For profit - Corporation,60,42,NA,Medicare and Medicaid,N,BIRCH AT SUTHERLAND LLC,1994-06-01,AVID HEALTHCARE GROUP,700,11,1.7,1.9,2.5,2.1,N,SFF Candidate,N,N,N,Resident,Yes,1,NA,1,NA,2,NA,1,NA,4,NA,2,NA,NA,NA,2.39384,0.90564,0.438,1.34364,3.73748,3.10997,0.29611,0.01425,75,NA,50,NA,0,NA,1.32066,0.94897,2.21293,0.81641,0.64465,3.67399,3.25932,2.50497,0.94769,0.45833,3.91098,3.25435,2026-03-05,9,8,1,189,1,0,189,2024-12-19,23,9,18,136,1,0,136,175.75,NA,2,51637,1,3,"333 Maple Street,Sutherland,NE,69165",41.1595,-101.13,NA,2026-06-01
285143,Adept Nursing & Rehab of Waverly,11041 North 137th St,Waverly,NE,68462,4027862626,540,Lancaster,Y,For profit - Corporation,54,44.6,NA,Medicare and Medicaid,N,MULBERRY AT WAVERLY LLC,1994-06-01,AVID HEALTHCARE GROUP,700,11,1.7,1.9,2.5,2.1,N,NA,N,N,N,Resident,Yes,1,NA,1,NA,2,NA,3,NA,2,NA,2,NA,NA,NA,2.27052,0.45155,0.70759,1.15914,3.42966,3.05459,0.63487,0,82.6,NA,60,NA,1,NA,1.28638,0.92433,2.15549,0.79521,0.62791,3.57862,3.17472,2.43924,0.48511,0.76017,3.68452,3.28158,2024-12-05,10,9,7,76,1,0,76,2024-01-10,18,8,10,262,1,0,262,122.5,NA,2,25642,1,3,"11041 North 137th St,Waverly,NE,68462",40.9193,-96.534,NA,2026-06-01
285144,Adept Nursing & Rehab of Blue Hill,414 North Wilson Street,BLUE HILL,NE,68930,4027562080,900,Webster,N,For profit - Limited Liability company,62,33.6,NA,Medicare and Medicaid,N,PINES AT BLUE HILL LLC,1994-06-01,AVID HEALTHCARE GROUP,700,11,1.7,1.9,2.5,2.1,N,NA,N,N,N,Resident,Yes,1,NA,1,NA,3,NA,4,NA,1,NA,3,NA,NA,NA,2.38228,0.85486,0.39019,1.24505,3.62733,3.26616,0.27978,0.05273,72.7,NA,NA,27,0,NA,1.2127,0.87139,2.03203,0.74966,0.59195,3.37364,2.99287,2.71482,0.97419,0.44465,4.13366,3.72207,2025-04-17,11,11,6,84,1,0,84,2024-05-23,17,13,10,217,1,0,217,117.25,NA,1,13644,0,1,"414 North Wilson Street,BLUE HILL,NE,68930",40.3293,-98.451,22,2026-06-01
285146,Adept Nursing & Rehab of Gretna,700 Highway 6,Gretna,NE,68028,4023323446,760,Sarpy,Y,For profit - Corporation,63,43.4,NA,Medicare and Medicaid,N,WILLOWS AT GRETNA LLC,1994-06-01,AVID HEALTHCARE GROUP,700,11,1.7,1.9,2.5,2.1,N,NA,N,N,N,Resident,Yes,2,NA,2,NA,2,NA,3,NA,1,NA,2,NA,NA,NA,2.60587,0.69515,0.4999,1.19505,3.80092,3.37831,0.36074,0.10313,81.1,NA,100,NA,1,NA,1.42069,1.02084,2.38054,0.87824,0.69347,3.95225,3.50618,2.53486,0.67621,0.48628,3.69735,3.28625,2026-03-05,12,8,6,72,1,0,72,2024-10-16,10,2,9,76,1,0,76,73,NA,0,0,1,1,"700 Highway 6,Gretna,NE,68028",41.1351,-96.245,NA,2026-06-01
285147,Adept Nursing & Rehab of Central City,2720 South 17th Avenue,Central City,NE,68826,3089463088,600,Merrick,Y,For profit - Limited Liability company,63,59.3,NA,Medicare and Medicaid,N,OAKS AT CENTRAL CITY LLC,1994-06-01,AVID HEALTHCARE GROUP,700,11,1.7,1.9,2.5,2.1,N,NA,N,N,N,Resident,Yes,1,NA,2,NA,2,NA,4,NA,1,NA,1,NA,NA,NA,2.11389,0.6561,0.35804,1.01413,3.12803,3.02637,0.30327,0,51.9,NA,57.1,NA,1,NA,1.39776,1.00436,2.34211,0.86406,0.68228,3.88846,3.44958,2.09002,0.64869,0.35399,3.09271,2.9922,2025-07-31,8,7,1,48,1,0,48,2024-08-01,8,3,6,60,1,0,60,51,NA,0,0,0,0,"2720 South 17th Avenue,Central City,NE,68826",41.1052,-98.002,NA,2026-06-01
285148,Good Shepherd Lutheran Home,2242 Wright Street,Blair,NE,68008,4024264663,880,Washington,Y,For profit - Limited Liability company,84,70.7,NA,Medicare and Medicaid,N,BLAIR NF OPERATIONS LLC,1994-06-01,NA,NA,NA,NA,NA,NA,NA,Y,NA,N,N,N,Resident,Yes,1,NA,2,NA,3,NA,4,NA,2,NA,1,NA,NA,NA,2.00724,0.48296,0.47492,0.95789,2.96513,2.65829,0.46204,0.01202,56.3,NA,75,NA,1,NA,1.3021,0.93563,2.18183,0.80493,0.63559,3.62235,3.21351,2.13037,0.51259,0.50406,3.14702,2.82135,2025-05-01,14,11,8,96,1,0,96,2024-04-23,3,2,1,24,1,0,24,78,NA,0,0,0,0,"2242 Wright Street,Blair,NE,68008",41.5501,-96.146,NA,2026-06-01
285149,Maple Crest Health Center,2824 North 66th Avenue,Omaha,NE,68104,4025512110,270,Douglas,Y,For profit - Corporation,175,152.3,NA,Medicare and Medicaid,N,AMERICAN BAPTIST HOMES OF THE MIDWEST,1994-06-01,AMERICAN BAPTIST HOMES OF THE MIDWEST,29,6,2.2,1.8,3.7,3.8,N,NA,N,N,N,None,Yes,2,NA,1,NA,3,NA,3,NA,4,NA,5,NA,NA,NA,3.22808,0.33644,0.95629,1.29273,4.52081,4.03849,0.80254,0.0223,42,NA,35.7,NA,0,NA,1.32191,0.94986,2.21502,0.81718,0.64526,3.67746,3.2624,3.37476,0.35173,0.99974,4.72623,4.22199,2025-09-03,19,9,12,100,1,0,100,2024-07-11,14,12,4,68,1,0,68,92,NA,0,0,0,0,"2824 North 66th Avenue,Omaha,NE,68104",41.2841,-96.015,NA,2026-06-01
285150,Crest View Care Center,420 Gordon Avenue,Chadron,NE,69337,3084323355,220,Dawes,N,For profit - Limited Liability company,70,30.4,NA,Medicare and Medicaid,N,"KISMET CDR, LLC",1994-06-14,LANTIS ENTERPRISES,304,5,1.6,2,2.8,1.6,N,NA,N,N,N,Resident,Yes,1,NA,1,NA,2,NA,2,NA,2,NA,3,NA,NA,NA,2.60918,0.02756,0.90646,0.93401,3.5432,3.28989,0.78769,0.03271,53.3,NA,66.7,NA,NA,26,1.18414,0.85087,1.98417,0.73201,0.57801,3.29419,2.92239,3.0451,0.03216,1.0579,4.13516,3.83952,2025-12-08,12,12,1,116,1,0,116,2024-09-04,21,16,8,140,1,0,140,122,NA,0,0,1,1,"420 Gordon Avenue,Chadron,NE,69337",42.8417,-103,NA,2026-06-01
285151,Wisner Care Center,1105 9th Street,Wisner,NE,68791,4025293286,190,Cuming,N,Government - City,38,31.5,NA,Medicare and Medicaid,N,WISNER CARE CENTER,1994-08-01,NA,NA,NA,NA,NA,NA,NA,N,NA,N,N,N,Resident,Yes,4,NA,4,NA,2,NA,2,NA,NA,2,4,NA,NA,NA,2.89542,0.62071,0.6936,1.31432,4.20974,3.65392,0.38212,0.00618,45.7,NA,16.7,NA,0,NA,1.34029,0.96307,2.24582,0.82854,0.65423,3.72858,3.30775,2.98548,0.64002,0.71518,4.34067,3.76757,2025-03-04,1,1,0,4,1,0,4,2024-02-13,9,9,0,48,1,0,48,15,0,0,0,0,0,"1105 9th Street,Wisner,NE,68791",41.992,-96.908,NA,2026-06-01
285156,Good Samaritan Society - Bloomfield,300 North Second St,Bloomfield,NE,68718,4023732531,530,Knox,N,Non profit - Corporation,70,30.9,NA,Medicare and Medicaid,N,THE EVANGELICAL LUTHERAN GOOD SAMARITAN SOCIETY,1994-11-01,GOOD SAMARITAN SOCIETY,726,92,2.9,2.8,3.9,3,N,NA,N,N,N,Resident,Yes,3,NA,2,NA,5,NA,5,NA,NA,2,3,NA,NA,NA,1.76162,0.28477,0.83333,1.1181,2.87973,2.29596,0.54593,0.00112,60.7,NA,42.9,NA,0,NA,1.22471,0.88002,2.05216,0.75709,0.59781,3.40706,3.02252,1.98783,0.32133,0.94034,3.2495,2.59078,2025-07-01,13,5,9,84,1,0,84,2024-07-09,4,4,3,24,1,0,24,69,NA,0,0,0,0,"300 North Second St,Bloomfield,NE,68718",42.6009,-97.654,NA,2026-06-01
285160,St. Joseph's Rehabilitation and Care Center,401 North 18th Street,Norfolk,NE,68701,4026447375,590,Madison,N,For profit - Limited Liability company,83,54.5,NA,Medicare and Medicaid,N,RAVENSCROFT HEALTHCARE LLC,1995-04-01,THE ENSIGN GROUP,507,342,3.2,2.9,2.4,4.4,N,NA,N,N,N,Resident,Yes,1,NA,1,NA,2,NA,2,NA,2,NA,2,NA,NA,NA,2.33238,0.44072,0.79494,1.23566,3.56803,2.91183,0.45535,0.19879,67.3,NA,71.4,NA,0,NA,1.47118,1.05712,2.46514,0.90945,0.71812,4.09271,3.63078,2.19095,0.41399,0.74674,3.35168,2.73527,2026-03-03,13,12,9,84,1,0,84,2024-12-17,10,8,2,72,1,0,72,81,0,0,0,0,0,"401 North 18th Street,Norfolk,NE,68701",42.0361,-97.434,NA,2026-06-01
285163,Hilltop Estates,2520 Avenue M,Gothenburg,NE,69138,3085377138,230,Dawson,N,For profit - Corporation,64,40.6,NA,Medicare and Medicaid,N,K C HEALTH CARE ENTERPRISES INC,1995-07-02,NA,NA,NA,NA,NA,NA,NA,N,NA,N,N,N,Resident,Yes,3,NA,3,NA,3,NA,4,NA,2,NA,4,NA,NA,NA,2.65537,0.49089,0.7557,1.24659,3.90197,3.31548,0.62486,0.00895,50,NA,25,NA,0,NA,1.1993,0.86176,2.00957,0.74138,0.58541,3.33636,2.9598,3.05984,0.56567,0.87081,4.49631,3.8205,2025-03-18,4,4,0,40,1,0,40,2024-03-21,3,3,0,36,1,0,36,39,NA,0,0,0,0,"2520 Avenue M,Gothenburg,NE,69138",40.9438,-100.15,NA,2026-06-01
285164,Holmes Lake Rehabilitation & Care Center,6101 Normal Blvd,Lincoln,NE,68506,4024897175,540,Lancaster,Y,For profit - Corporation,97,52.5,NA,Medicare and Medicaid,N,HOLMES LAKE OPERATIONS LLC,1995-08-01,NA,NA,NA,NA,NA,NA,NA,N,NA,N,N,N,Resident,Yes,1,NA,1,NA,2,NA,1,NA,4,NA,1,NA,NA,NA,2.64599,0.54504,0.41705,0.96209,3.60808,3.40411,0.41303,0.17519,78.3,NA,71.4,NA,4,NA,1.37355,0.98697,2.30156,0.8491,0.67046,3.82112,3.38985,2.66222,0.54838,0.41961,3.6302,3.42499,2024-10-08,10,7,6,96,1,0,96,2023-11-30,11,6,6,88,1,0,88,94,0,0,0,0,0,"6101 Normal Blvd,Lincoln,NE,68506",40.788,-96.637,NA,2026-06-01
285165,Accura HealthCare of North Platte,2900 West E Street,North Platte,NE,69101,3085342200,550,Lincoln,N,For profit - Corporation,71,54.2,NA,Medicare and Medicaid,N,ACCURA HEALTHCARE OF NORTH PLATTE LLC,1995-09-01,ACCURA HEALTHCARE,8,42,2.5,2.4,3.2,2.8,N,NA,N,N,N,Resident,Yes,4,NA,4,NA,2,NA,1,NA,3,NA,3,NA,NA,NA,2.5411,0.54512,0.69655,1.24166,3.78277,3.60616,0.4187,0.02724,69.8,NA,63.6,NA,NA,26,1.29939,0.93368,2.17729,0.80326,0.63426,3.61481,3.20682,2.70261,0.57976,0.74082,4.02319,3.83536,2025-04-03,2,2,0,12,1,0,12,2024-03-21,9,8,1,60,1,0,60,24,NA,0,0,0,0,"2900 West E Street,North Platte,NE,69101",41.13,-100.8,NA,2026-06-01
285166,Accura HealthCare of Kenesaw,100 West Elm Avenue,Kenesaw,NE,68956,4027523212,000,Adams,N,For profit - Corporation,76,65.7,NA,Medicare and Medicaid,N,Legal Business Name Not Available,1995-10-17,ACCURA HEALTHCARE,8,42,2.5,2.4,3.2,2.8,N,NA,N,N,N,Resident,Yes,1,NA,1,NA,2,NA,2,NA,1,NA,2,NA,NA,NA,1.70283,0.6663,0.49829,1.16459,2.86742,2.45923,0.28047,0.00963,47.7,NA,75,NA,1,NA,1.10175,0.79166,1.84612,0.68108,0.53779,3.06498,2.71905,2.13594,0.83577,0.62503,3.59674,3.08473,2025-08-26,12,8,6,104,1,0,104,2024-08-01,12,5,7,159,1,0,159,117.75,NA,2,65129,2,4,"100 West Elm Avenue,Kenesaw,NE,68956",40.6222,-98.658,NA,2026-06-01
285172,Wilber Care Center,611 North Main,Wilber,NE,68465,4028212331,750,Saline,N,Government - City/county,58,31.1,NA,Medicare and Medicaid,N,WILBER CARE CENTER INC,1995-09-01,RURAL HEALTH DEVELOPMENT,879,9,3.9,3.7,3.6,3.8,N,NA,N,N,N,Resident,Yes,3,NA,3,NA,4,NA,2,NA,5,NA,3,NA,NA,NA,3.26133,0.85066,0.43007,1.28073,4.54206,3.73265,0.52494,0.02874,60.5,NA,NA,27,NA,26,1.23073,0.88434,2.06223,0.76081,0.60075,3.42379,3.03736,3.66212,0.9552,0.48292,5.10024,4.19136,2025-01-22,6,5,1,52,1,0,52,2024-02-13,2,2,0,8,1,0,8,41,NA,0,0,0,0,"611 North Main,Wilber,NE,68465",40.4882,-96.96,NA,2026-06-01
285173,Florence Home,7915 North 30th Street,OMAHA,NE,68112,4028276000,270,Douglas,Y,Non profit - Corporation,126,86.7,NA,Medicare and Medicaid,N,FLORENCE HOME FOR THE AGED,1995-11-21,NA,NA,NA,NA,NA,NA,NA,N,NA,N,N,N,Resident,Yes,4,NA,3,NA,5,NA,4,NA,5,NA,4,NA,NA,NA,3.05916,0.46585,0.68506,1.15091,4.21007,3.69434,0.5898,0.046,44,NA,46.2,NA,0,NA,1.28536,0.9236,2.15379,0.79459,0.62742,3.57579,3.17221,3.28909,0.50086,0.73655,4.5265,3.972,2025-11-17,7,7,3,32,1,0,32,2024-08-01,6,5,1,52,1,0,52,37,NA,0,0,0,0,"7915 North 30th Street,OMAHA,NE,68112",41.3312,-95.959,NA,2026-06-01
285177,Good Samaritan Society - Atkinson,409 Neely Street,Atkinson,NE,68713,4029252875,440,Holt,N,Non profit - Corporation,61,31.8,NA,Medicare and Medicaid,N,THE EVANGELICAL LUTHERAN GOOD SAMARITAN SOCIETY,1996-02-01,GOOD SAMARITAN SOCIETY,726,92,2.9,2.8,3.9,3,N,NA,N,N,N,Resident,Yes,1,NA,1,NA,4,NA,2,NA,5,NA,3,NA,NA,NA,1.92101,0.79418,0.68804,1.48223,3.40324,3.19051,0.44062,0.00271,70.3,NA,60,NA,0,NA,1.23021,0.88397,2.06137,0.76049,0.6005,3.42236,3.03609,2.15799,0.89216,0.77292,3.82308,3.5841,2026-02-10,14,13,4,108,1,0,108,2025-01-15,18,7,15,112,1,0,112,109,NA,1,22653,0,1,"409 Neely Street,Atkinson,NE,68713",42.5285,-98.973,NA,2026-06-01
285183,Colonial Manor of Randolph,811 South Main Street,Randolph,NE,68771,4023370444,130,Cedar,N,For profit - Corporation,45,41.3,NA,Medicare and Medicaid,N,"RANDOLPH HEALTHCARE, INC.",1996-04-01,THE ENSIGN GROUP,507,342,3.2,2.9,2.4,4.4,N,NA,N,N,N,Resident,Yes,1,NA,1,NA,4,NA,3,NA,4,NA,1,23,23,23,NA,NA,NA,NA,NA,NA,NA,NA,NA,27,NA,27,NA,27,NA,NA,NA,NA,NA,NA,NA,NA,NA,NA,NA,NA,2025-12-10,13,6,9,104,1,0,104,2024-10-03,10,7,4,56,1,0,56,92,NA,0,0,1,1,"811 South Main Street,Randolph,NE,68771",42.3715,-97.357,NA,2026-06-01
285185,Good Samaritan Society - Colonial Villa,719 North Brown Street,Alma,NE,68920,3089282128,410,Harlan,N,Non profit - Corporation,53,32.3,NA,Medicare and Medicaid,N,THE EVANGELICAL LUTHERAN GOOD SAMARITAN SOCIETY,1996-05-01,GOOD SAMARITAN SOCIETY,726,92,2.9,2.8,3.9,3,N,NA,N,N,N,Resident,Yes,4,NA,4,NA,3,NA,3,NA,NA,2,3,NA,NA,NA,2.22762,0.6536,0.53982,1.19342,3.42104,3.09533,0.42926,0.02253,56.3,NA,NA,27,1,NA,1.16995,0.84067,1.9604,0.72324,0.57108,3.25472,2.88737,2.63131,0.77205,0.63765,4.04101,3.65628,2025-09-16,2,2,0,12,1,0,12,2024-07-23,4,4,1,16,1,0,16,13,NA,0,0,0,0,"719 North Brown Street,Alma,NE,68920",40.1056,-99.364,NA,2026-06-01
285187,Good Samaritan Society - Superior,1710 Idaho Street,Superior,NE,68978,4028794791,640,Nuckolls,N,Non profit - Corporation,69,35.1,NA,Medicare and Medicaid,N,THE EVANGELICAL LUTHERAN GOOD SAMARITAN SOCIETY,1996-05-01,GOOD SAMARITAN SOCIETY,726,92,2.9,2.8,3.9,3,N,NA,N,N,N,Resident,Yes,2,NA,2,NA,4,NA,3,NA,5,NA,3,NA,NA,NA,2.60394,0.57709,0.46258,1.03968,3.64362,3.30507,0.37352,0.00322,23.5,NA,NA,27,1,NA,1.26333,0.90777,2.11687,0.78097,0.61666,3.5145,3.11783,2.84848,0.63129,0.50602,3.9858,3.61545,2025-07-10,11,11,1,84,1,0,84,2024-07-18,4,4,0,24,1,0,24,69,NA,0,0,0,0,"1710 Idaho Street,Superior,NE,68978",40.0326,-98.067,NA,2026-06-01
285189,Good Samaritan Society - St John's,3410 Central Avenue,Kearney,NE,68847,3082341888,090,Buffalo,N,Non profit - Corporation,56,47.6,NA,Medicare and Medicaid,N,THE EVANGELICAL LUTHERAN GOOD SAMARITAN SOCIETY,1996-06-01,GOOD SAMARITAN SOCIETY,726,92,2.9,2.8,3.9,3,N,NA,N,N,N,Both,Yes,2,NA,2,NA,3,NA,3,NA,2,NA,3,NA,NA,NA,2.11757,0.50849,0.59765,1.10614,3.22371,2.71971,0.34222,0.01324,51,NA,60,NA,0,NA,1.26049,0.90573,2.1121,0.77921,0.61527,3.50659,3.11081,2.32166,0.55749,0.65525,3.53441,2.98184,2026-04-02,11,9,3,48,1,0,48,2025-01-06,10,8,4,76,1,0,76,55,0,0,0,1,1,"3410 Central Avenue,Kearney,NE,68847",40.7093,-99.082,NA,2026-06-01
285190,Alpine Village Retirement Center,706 James Street,Verdigre,NE,68783,4026682209,530,Knox,N,Government - City,45,31.2,NA,Medicare and Medicaid,N,ALPINE VILLAGE RETIREMENT CENTER,1996-07-01,RURAL HEALTH DEVELOPMENT,879,9,3.9,3.7,3.6,3.8,N,NA,N,N,N,Resident,Yes,5,NA,4,NA,5,NA,5,NA,NA,2,5,NA,NA,NA,2.49089,0.31513,1.09926,1.41439,3.90528,3.31582,0.71878,0.03843,54.1,NA,40,NA,0,NA,1.12038,0.80505,1.87733,0.69259,0.54688,3.11681,2.76502,3.07249,0.38871,1.35593,4.81713,4.09003,2025-05-15,4,4,0,28,1,0,28,2024-04-09,1,1,0,4,1,0,4,22,NA,0,0,0,0,"706 James Street,Verdigre,NE,68783",42.5918,-98.041,NA,2026-06-01
285192,Good Samaritan Society - St Luke's Village,2201 East 32nd Street,Kearney,NE,68847,3082373108,090,Buffalo,N,For profit - Corporation,60,40,NA,Medicare and Medicaid,N,THE EVANGELICAL LUTHERAN GOOD SAMARITAN SOCIETY,1996-06-01,GOOD SAMARITAN SOCIETY,726,92,2.9,2.8,3.9,3,N,NA,N,N,N,Resident,Yes,1,NA,1,NA,1,NA,1,NA,2,NA,1,NA,NA,NA,2.33616,0.45067,0.6744,1.12507,3.46123,2.90543,0.33923,0.00873,63.8,NA,70,NA,0,NA,1.73856,1.24925,2.91318,1.07474,0.84864,4.83656,4.29068,1.857,0.35824,0.53608,2.75131,2.30951,2025-01-28,12,12,2,84,1,0,84,2024-02-05,7,5,2,161,1,0,161,103.25,NA,1,11654,0,1,"2201 East 32nd Street,Kearney,NE,68847",40.707,-99.053,NA,2026-06-01
285193,Good Samaritan Society - Osceola,600 Center Drive,Osceola,NE,68651,4027472691,710,Polk,N,Non profit - Corporation,47,32.7,NA,Medicare and Medicaid,N,THE EVANGELICAL LUTHERAN GOOD SAMARITAN SOCIETY,1996-08-01,GOOD SAMARITAN SOCIETY,726,92,2.9,2.8,3.9,3,N,NA,N,N,N,Resident,Yes,4,NA,4,NA,4,NA,4,NA,NA,2,3,NA,NA,NA,1.93142,0.83739,0.59262,1.43002,3.36144,2.9487,0.50882,0.0045,36.7,NA,NA,27,1,NA,1.31232,0.94297,2.19895,0.81125,0.64057,3.65077,3.23872,2.03394,0.88184,0.62408,3.53986,3.10522,2025-01-29,2,2,0,12,1,0,12,2023-11-15,6,6,0,36,1,0,36,18,NA,0,0,0,0,"600 Center Drive,Osceola,NE,68651",41.183,-97.55,NA,2026-06-01
285197,Good Samaritan Society - Albion,1222 South 7th Street,Albion,NE,68620,4023955050,050,Boone,N,Non profit - Corporation,60,45.5,NA,Medicare and Medicaid,N,THE EVANGELICAL LUTHERAN GOOD SAMARITAN SOCIETY,1996-09-01,GOOD SAMARITAN SOCIETY,726,92,2.9,2.8,3.9,3,N,NA,N,N,N,Resident,Yes,5,NA,5,NA,3,NA,3,NA,3,NA,4,NA,NA,NA,2.40168,0.40761,0.81492,1.22253,3.62421,3.05049,0.52467,0.00423,44.2,NA,45.5,NA,0,NA,1.29567,0.931,2.17105,0.80095,0.63245,3.60445,3.19763,2.56166,0.43477,0.8692,3.86563,3.25369,2025-04-03,1,1,0,4,1,0,4,2024-04-01,2,2,0,8,1,0,8,5,NA,0,0,0,0,"1222 South 7th Street,Albion,NE,68620",41.6813,-98.005,NA,2026-06-01
285200,"Callaway Good Life Center, Inc",600 WEST KIMBALL STREET,CALLAWAY,NE,68825,3088362267,200,Custer,N,Non profit - Corporation,38,30,NA,Medicare and Medicaid,N,CALLAWAY GOOD LIFE CENTER INC,1996-10-01,NA,NA,NA,NA,NA,NA,NA,N,NA,N,N,N,Resident,Yes,1,NA,2,NA,3,NA,3,NA,2,NA,1,23,23,23,NA,NA,NA,NA,NA,NA,NA,NA,NA,26,NA,26,NA,26,NA,NA,NA,NA,NA,NA,NA,NA,NA,NA,NA,NA,2025-02-10,9,9,0,64,1,0,64,2024-02-29,7,5,4,56,1,0,56,62,NA,2,34608,1,3,"600 WEST KIMBALL STREET,CALLAWAY,NE,68825",41.2909,-99.928,NA,2026-06-01
285201,Cloverlodge Care Center,301 North 13th Street,St Edward,NE,68660,4026782294,050,Boone,N,Non profit - Corporation,47,29.1,NA,Medicare and Medicaid,N,VSL ST EDWARD LLC,1996-10-01,VETTER SENIOR LIVING,547,22,4.3,3.8,4.5,4,N,NA,N,N,N,Resident,Yes,4,NA,4,NA,4,NA,4,NA,NA,2,4,NA,NA,NA,2.04276,0.63192,0.78673,1.41865,3.46141,3.01717,0.4319,0.02938,22.6,NA,0,NA,0,NA,1.19501,0.85868,2.00239,0.73873,0.58331,3.32444,2.94922,2.36235,0.73079,0.90981,4.00295,3.48921,2025-04-23,3,3,0,20,1,0,20,2024-05-14,5,5,0,32,1,0,32,23,NA,0,0,0,0,"301 North 13th Street,St Edward,NE,68660",41.571,-97.853,NA,2026-06-01
285203,Good Samaritan Society - Beatrice,401 S 22nd Street,Beatrice,NE,68310,4022283304,330,Gage,N,Non profit - Corporation,80,64.2,NA,Medicare and Medicaid,N,THE EVANGELICAL LUTHERAN GOOD SAMARITAN SOCIETY,1996-10-01,GOOD SAMARITAN SOCIETY,726,92,2.9,2.8,3.9,3,N,NA,N,N,N,Resident,Yes,3,NA,3,NA,4,NA,2,NA,5,NA,4,NA,NA,NA,1.9436,1.21252,0.5021,1.71462,3.65822,3.10308,0.24838,0.05792,18.3,NA,16.7,NA,0,NA,1.27401,0.91545,2.13477,0.78757,0.62188,3.54422,3.14419,2.1083,1.31527,0.54464,3.96821,3.36603,2026-01-27,6,6,0,44,1,0,44,2024-09-24,4,4,3,40,1,0,40,43,NA,0,0,0,0,"401 S 22nd Street,Beatrice,NE,68310",40.2628,-96.725,NA,2026-06-01
285204,Colonial Haven,424 HARRISON ST,BEEMER,NE,68716,4025283268,190,Cuming,N,Government - City,34,32,NA,Medicare and Medicaid,N,VILLAGE OF BEEMER,1997-01-01,RURAL HEALTH DEVELOPMENT,879,9,3.9,3.7,3.6,3.8,N,NA,N,N,N,Resident,Yes,5,NA,5,NA,3,NA,3,NA,NA,2,3,NA,NA,NA,2.76966,0.7702,0.56095,1.33116,4.10082,3.45052,0.37895,0.0054,NA,26,NA,26,0,NA,1.1538,0.82906,1.93333,0.71325,0.5632,3.20978,2.84751,3.31739,0.92252,0.67189,4.9118,4.13289,2025-04-15,0,0,0,0,0,0,0,2024-02-13,3,3,0,20,1,0,20,5,0,0,0,0,0,"424 HARRISON ST,BEEMER,NE,68716",41.9314,-96.805,NA,2026-06-01
285206,Fairview Manor,255 F Street,Fairmont,NE,68354,4022682271,290,Fillmore,N,Government - City/county,40,37.8,NA,Medicare and Medicaid,N,CITY OF FAIRMONT NEBRASKA - FAIRVIEW MANOR,1997-02-01,NA,NA,NA,NA,NA,NA,NA,N,NA,N,N,N,Resident,Yes,5,NA,5,NA,4,NA,4,NA,NA,2,5,NA,NA,NA,2.58099,0.95207,0.65845,1.61052,4.19151,3.48196,0.58511,0.00865,21.4,NA,0,NA,0,NA,1.30825,0.94005,2.19214,0.80873,0.63859,3.63946,3.22869,2.72643,1.00572,0.69556,4.42771,3.67818,2026-01-15,0,0,0,0,0,0,0,2024-10-03,3,3,0,24,1,0,24,6,NA,0,0,0,0,"255 F Street,Fairmont,NE,68354",40.6352,-97.59,NA,2026-06-01
285207,Arbor Care Centers-Countryside LLC,703 North Main Street,Madison,NE,68748,4024543373,590,Madison,N,Government - City,70,37.8,NA,Medicare and Medicaid,N,ARBOR CARE CENTERS - COUNTRYSIDE LLC,1997-04-01,ARBOR CARE CENTERS,40,7,2,2.4,1.9,2.4,N,NA,N,N,N,Resident,Yes,2,NA,2,NA,5,NA,5,NA,NA,2,1,25,25,6,NA,NA,NA,NA,NA,NA,NA,NA,62.5,NA,88.9,NA,3,NA,NA,NA,NA,NA,NA,NA,NA,NA,NA,NA,NA,NA,2025-12-18,12,9,7,76,1,0,76,2024-12-05,13,8,6,72,1,0,72,75,NA,0,0,0,0,"703 North Main Street,Madison,NE,68748",41.8376,-97.455,NA,2026-06-01
285208,Community Pride Care Center,901 South 4th Street,Battle Creek,NE,68715,4026752955,590,Madison,N,Government - City/county,50,45.2,NA,Medicare and Medicaid,N,CITY OF BATTLE CREEK,1997-04-01,NA,NA,NA,NA,NA,NA,NA,N,NA,N,N,N,Resident,Yes,5,NA,4,NA,5,NA,5,NA,5,NA,3,NA,NA,NA,2.06317,0.33229,0.65415,0.98644,3.04961,2.54213,0.38928,0.04374,48.9,NA,22.2,NA,1,NA,1.15436,0.82947,1.93427,0.7136,0.56347,3.21135,2.8489,2.46998,0.39781,0.78313,3.65093,3.04338,2025-12-31,3,3,0,28,1,0,28,2024-11-13,4,1,3,16,1,0,16,25,NA,0,0,0,0,"901 South 4th Street,Battle Creek,NE,68715",41.9917,-97.601,NA,2026-06-01
285209,Wakefield Health Care Center,306 Ash Street,Wakefield,NE,68784,4022872244,250,Dixon,N,Government - City,40,28.9,NA,Medicare and Medicaid,N,WAKEFIELD CARE CENTER,1997-06-01,NA,NA,NA,NA,NA,NA,NA,N,NA,N,N,N,Resident,Yes,4,NA,3,NA,2,NA,2,NA,NA,2,5,NA,NA,NA,3.89416,0.52104,0.68144,1.20248,5.09664,4.72211,0.6006,0.01625,33.3,NA,16.7,NA,0,NA,1.18753,0.8533,1.98985,0.73411,0.57966,3.30362,2.93076,4.53178,0.60635,0.79302,5.93115,5.4953,2025-07-22,4,4,1,24,1,0,24,2024-06-27,10,9,3,44,1,0,44,29,NA,0,0,0,0,"306 Ash Street,Wakefield,NE,68784",42.2688,-96.872,NA,2026-06-01
285210,Crowell Memorial Home,245 South 22nd Street,Blair,NE,68008,4024262177,880,Washington,Y,Non profit - Corporation,74,66.3,NA,Medicare and Medicaid,N,CROWELL MEMORIAL HOME,1997-07-01,NA,NA,NA,NA,NA,NA,NA,N,NA,N,N,N,None,Yes,1,NA,2,NA,1,NA,1,NA,NA,2,2,NA,NA,NA,3.28151,0.26539,0.49665,0.76204,4.04355,3.80803,0.51459,0.05072,NA,26,NA,26,NA,26,1.2719,0.91392,2.13122,0.78626,0.62084,3.53832,3.13897,3.56551,0.28836,0.53964,4.39351,4.1376,2025-06-12,9,5,6,52,1,0,52,2024-04-16,12,5,11,92,1,0,92,62,NA,0,0,1,1,"245 South 22nd Street,Blair,NE,68008",41.5426,-96.146,NA,2026-06-01
285212,Pioneer Manor Nursing Home,318 N 3rd Street,Hay Springs,NE,69347,3086384483,800,Sheridan,N,Government - City,57,40.8,NA,Medicare and Medicaid,N,CITY OF HAY SPRINGS PIONEER MANOR NURSING HOME,1997-05-01,NA,NA,NA,NA,NA,NA,NA,N,NA,N,N,N,Resident,Yes,5,NA,4,NA,4,NA,5,NA,2,NA,5,NA,NA,NA,2.60205,0.67931,0.84083,1.52013,4.12218,3.5947,0.62034,0.00421,39.6,NA,16.7,NA,0,NA,1.31086,0.94192,2.19651,0.81035,0.63986,3.64673,3.23514,2.7432,0.71616,0.88644,4.3458,3.7897,2025-12-31,3,3,0,12,1,0,12,2024-09-26,3,3,0,16,1,0,16,13,NA,0,0,0,0,"318 N 3rd Street,Hay Springs,NE,69347",42.6858,-102.69,NA,2026-06-01
285213,Mid-Nebraska Lutheran Home,109 North 2nd Street,Newman Grove,NE,68758,4024476203,590,Madison,N,Non profit - Church related,45,31.3,NA,Medicare and Medicaid,N,MID NEBRASKA LUTHERAN HOME ASSN,1997-05-05,NA,NA,NA,NA,NA,NA,NA,N,NA,N,N,N,Resident,Yes,2,NA,3,NA,1,NA,1,NA,NA,2,3,NA,NA,NA,3.38168,1.1127,0.54687,1.65957,5.04125,4.48453,0.31611,0.02642,NA,26,NA,26,NA,26,1.19817,0.86095,2.00768,0.74068,0.58485,3.33322,2.95701,3.90045,1.28339,0.63077,5.81461,5.17248,2025-11-17,8,8,1,40,1,0,40,2024-09-12,7,4,4,44,1,0,44,41,NA,1,46210,2,3,"109 North 2nd Street,Newman Grove,NE,68758",41.7468,-97.782,NA,2026-06-01
285215,Elwood Care Center,607 Smith Avenue,Elwood,NE,68937,3087853302,360,Gosper,N,Government - City,43,30.3,NA,Medicare and Medicaid,N,ELWOOD CARE CENTER,1997-09-01,NA,NA,NA,NA,NA,NA,NA,N,NA,N,N,N,Resident,Yes,5,NA,5,NA,3,NA,2,NA,4,NA,5,NA,NA,NA,2.73741,0.81949,0.61065,1.43015,4.16756,3.73887,0.44052,0.09119,28.1,NA,0,NA,0,NA,1.27499,0.91615,2.1364,0.78817,0.62235,3.54693,3.1466,2.96711,0.88826,0.66189,4.51726,4.0526,2025-02-11,0,0,0,0,0,0,0,2024-03-12,4,4,0,36,1,0,36,9,NA,0,0,0,0,"607 Smith Avenue,Elwood,NE,68937",40.5873,-99.861,NA,2026-06-01
285216,Mt Carmel Home - Keens Memorial,412 West 18th Street,Kearney,NE,68845,3082372287,090,Buffalo,N,Non profit - Corporation,75,60.3,NA,Medicare and Medicaid,N,MOUNT CARMEL HOME KEENS MEMORIAL,1997-12-01,NA,NA,NA,NA,NA,NA,NA,N,NA,N,N,N,Resident,Yes,4,NA,4,NA,3,NA,3,NA,2,NA,4,NA,NA,NA,4.14303,1.03169,0.537,1.56869,5.71172,4.92566,0.29603,0.0237,42.3,NA,40,NA,0,NA,1.25588,0.90242,2.10439,0.77636,0.61303,3.49378,3.09945,4.55898,1.13527,0.59092,6.28516,5.42019,2026-01-20,4,4,0,16,1,0,16,2024-11-13,0,0,0,0,0,0,0,12,0,0,0,0,0,"412 West 18th Street,Kearney,NE,68845",40.6925,-99.088,NA,2026-06-01
285218,The Cypress at Midtown,910 South 40th Street,Omaha,NE,68105,4023422015,270,Douglas,Y,For profit - Limited Liability company,61,43.9,NA,Medicare and Medicaid,N,CYPRESS AT MIDTOWN LLC,1997-12-01,AVID HEALTHCARE GROUP,700,11,1.7,1.9,2.5,2.1,N,NA,N,N,N,Resident,Yes,4,NA,4,NA,4,NA,4,NA,4,NA,4,NA,NA,NA,3.19752,0.8309,0.65974,1.49065,4.68817,4.34594,0.40651,0.00446,52,NA,28.6,NA,2,NA,1.35442,0.97322,2.26949,0.83727,0.66112,3.76789,3.34262,3.26258,0.84781,0.67317,4.78356,4.43437,2025-01-06,5,4,3,20,1,0,20,2023-11-30,6,4,4,40,1,0,40,25,NA,0,0,0,0,"910 South 40th Street,Omaha,NE,68105",41.2511,-95.973,NA,2026-06-01
285219,Southlake Village Rehabilitation & Care Center,9401 Andermatt Drive,Lincoln,NE,68526,4023276300,540,Lancaster,Y,Non profit - Corporation,126,118,NA,Medicare and Medicaid,N,VSL LINCOLN SOUTHLAKE LLC,1998-05-07,VETTER SENIOR LIVING,547,22,4.3,3.8,4.5,4,N,NA,N,N,N,Resident,Yes,5,NA,4,NA,4,NA,4,NA,4,NA,5,NA,NA,NA,3.17621,0.94138,0.6017,1.54308,4.71929,4.33491,0.4224,0.12066,33.1,NA,18.8,NA,0,NA,1.29526,0.93071,2.17037,0.8007,0.63225,3.60332,3.19662,3.38885,1.0044,0.64198,5.03524,4.62513,2025-11-25,5,5,0,36,1,0,36,2024-08-13,0,0,0,0,0,0,0,27,NA,0,0,0,0,"9401 Andermatt Drive,Lincoln,NE,68526",40.7319,-96.591,NA,2026-06-01
285220,Wauneta Care and Therapy Center,427 Legion Street,Wauneta,NE,69045,3083945738,140,Chase,N,Government - City,36,31.7,NA,Medicare and Medicaid,N,VILLAGE OF WAUNETA,1998-05-16,NA,NA,NA,NA,NA,NA,NA,N,NA,N,N,N,Resident,Yes,2,NA,3,NA,1,NA,1,NA,NA,2,4,NA,NA,NA,2.49198,0.2373,0.57274,0.81004,3.30202,2.94759,0.37769,0.02799,47.4,NA,NA,27,0,NA,1.13643,0.81658,1.90423,0.70252,0.55472,3.16146,2.80464,3.03041,0.28857,0.69649,4.01548,3.58447,2025-05-13,5,5,0,36,1,0,36,2024-05-16,8,7,1,80,1,0,80,47,NA,0,0,1,1,"427 Legion Street,Wauneta,NE,69045",40.4133,-101.38,NA,2026-06-01
285221,Adept Nursing & Rehab of Grand Island,800 Stoeger Drive,Grand Island,NE,68803,3083825440,390,Hall,Y,For profit - Limited Liability company,76,60.2,NA,Medicare and Medicaid,N,CEDARS AT BROADWELL LLC,1998-05-21,AVID HEALTHCARE GROUP,700,11,1.7,1.9,2.5,2.1,N,NA,N,N,N,Resident,Yes,1,NA,1,NA,1,NA,1,NA,2,NA,1,NA,NA,NA,1.82891,0.48607,0.52924,1.01531,2.84422,2.63119,0.46067,0.04996,76.5,NA,63.6,NA,0,NA,1.2707,0.91307,2.12922,0.78552,0.62026,3.53501,3.13603,1.98906,0.52863,0.57558,3.09328,2.86159,2025-05-21,18,18,4,160,1,0,160,2024-05-14,9,7,5,135,1,0,135,153.75,NA,1,16801,0,1,"800 Stoeger Drive,Grand Island,NE,68803",40.9262,-98.364,NA,2026-06-01
285222,Heritage of Emerson,607 Nebraska Street,Emerson,NE,68733,4026952683,210,Dakota,Y,For profit - Corporation,38,34,NA,Medicare and Medicaid,N,VSL EMERSON LLC,1998-03-12,VETTER SENIOR LIVING,547,22,4.3,3.8,4.5,4,N,NA,N,N,N,Resident,Yes,5,NA,4,NA,5,NA,5,NA,NA,2,4,NA,NA,NA,1.87433,0.17811,1.02439,1.20249,3.07682,2.59085,0.611,0.01867,41.4,NA,50,NA,NA,26,1.11738,0.8029,1.87232,0.69074,0.54542,3.10848,2.75764,2.31815,0.22028,1.26695,3.80538,3.20434,2025-06-05,4,3,2,20,1,0,20,2024-06-13,2,2,0,12,1,0,12,18,NA,0,0,0,0,"607 Nebraska Street,Emerson,NE,68733",42.2835,-96.724,NA,2026-06-01
285224,Cascades at Skyview,505 O Street,Bridgeport,NE,69336,3082620725,610,Morrill,N,For profit - Individual,48,24.7,NA,Medicare and Medicaid,N,SENEX FOUNDATION OF NEBRASKA INC,1998-04-01,SENEX FOUNDATION,881,2,1,1.5,3.5,1.5,N,SFF Candidate,Y,N,N,Resident,Yes,1,NA,1,NA,2,NA,2,NA,NA,2,3,NA,NA,NA,2.49651,0.5799,0.98084,1.56074,4.05725,3.5143,0.55533,0.00616,69.4,NA,60,NA,2,NA,1.35045,0.97037,2.26285,0.83482,0.65919,3.75686,3.33284,2.55478,0.59344,1.00374,4.15196,3.59633,2025-03-17,30,11,21,316,1,0,316,2024-04-24,10,8,4,68,1,0,68,254,NA,2,192328,2,4,"505 O Street,Bridgeport,NE,69336",41.6705,-103.1,NA,2026-06-01
285225,Heritage of Webster County,636 North Locust Street,Red Cloud,NE,68970,4027462296,900,Webster,N,Non profit - Corporation,43,25.7,NA,Medicare and Medicaid,N,"WEBSTER COUNTY COMMUNITY HOSPITAL FOUNDATION, INC.",1998-03-01,NA,NA,NA,NA,NA,NA,NA,N,NA,N,N,N,Resident,Yes,1,NA,1,NA,4,NA,4,NA,NA,2,4,NA,NA,NA,3.09915,0.61947,0.94081,1.56028,4.65944,3.97605,0.51022,0.05462,NA,26,NA,26,NA,26,1.19743,0.86042,2.00645,0.74023,0.5845,3.33117,2.95519,3.57678,0.71494,1.0858,5.37752,4.58881,2025-08-14,11,10,4,100,1,0,100,2024-06-27,8,8,0,56,1,0,56,89,NA,0,0,1,1,"636 North Locust Street,Red Cloud,NE,68970",40.0912,-98.517,NA,2026-06-01
285226,Brookefield Park,1405 Heritage Drive,ST Paul,NE,68873,3087545486,460,Howard,Y,Non profit - Corporation,70,62.3,NA,Medicare and Medicaid,N,VSL ST PAUL LLC,1998-03-01,VETTER SENIOR LIVING,547,22,4.3,3.8,4.5,4,N,NA,N,N,N,Resident,Yes,4,NA,3,NA,3,NA,3,NA,3,NA,5,NA,NA,NA,2.9445,0.64654,0.67031,1.31685,4.26135,3.3574,0.44403,0.01102,25.7,NA,20,NA,0,NA,1.12291,0.80687,1.88158,0.69416,0.54812,3.12387,2.77129,3.62381,0.7957,0.82495,5.24446,4.13196,2025-02-24,3,3,0,36,1,0,36,2023-11-30,3,3,0,28,1,0,28,34,NA,0,0,0,0,"1405 Heritage Drive,ST Paul,NE,68873",41.2205,-98.469,NA,2026-06-01
285230,Heritage Crossings,501 North 13th Street,Geneva,NE,68361,4027593194,290,Fillmore,N,Non profit - Corporation,68,42.1,NA,Medicare and Medicaid,N,VSL GENEVA LLC,1998-06-01,VETTER SENIOR LIVING,547,22,4.3,3.8,4.5,4,N,NA,N,N,N,Resident,Yes,5,NA,5,NA,3,NA,5,NA,2,NA,4,NA,NA,NA,3.06857,0.77172,0.57227,1.34399,4.41255,3.34608,0.25196,0.02026,52.7,NA,33.3,NA,0,NA,1.25167,0.89939,2.09733,0.77376,0.61097,3.48206,3.08905,3.38802,0.85206,0.63185,4.87192,3.69442,2024-11-20,1,0,1,4,0,0,4,2023-12-12,1,1,0,4,1,0,4,4,0,0,0,0,0,"501 North 13th Street,Geneva,NE,68361",40.531,-97.596,NA,2026-06-01
285231,South Haven Living Center,1400 Mark Drive,Wahoo,NE,68066,4024433737,770,Saunders,Y,Non profit - Corporation,85,78.3,NA,Medicare and Medicaid,N,VSL WAHOO LLC,1998-03-01,VETTER SENIOR LIVING,547,22,4.3,3.8,4.5,4,N,NA,N,N,N,Resident,Yes,4,NA,4,NA,3,NA,4,NA,3,NA,4,NA,NA,NA,2.72969,0.52445,0.65036,1.17482,3.90451,3.41469,0.441,0.07267,39.6,NA,30.8,NA,NA,26,1.22346,0.87912,2.05007,0.75632,0.5972,3.40359,3.01944,3.08335,0.5924,0.73462,4.41037,3.85709,2025-07-10,2,2,0,8,1,0,8,2024-05-14,4,3,1,28,1,0,28,13,NA,0,0,0,0,"1400 Mark Drive,Wahoo,NE,68066",41.1926,-96.618,NA,2026-06-01
285232,Milford Meadows Care Center,610 224th Street,Milford,NE,68405,4027613230,790,Seward,Y,For profit - Corporation,80,70.9,NA,Medicare and Medicaid,N,Legal Business Name Not Available,1998-09-01,NA,NA,NA,NA,NA,NA,NA,N,NA,N,N,N,Resident,Yes,3,NA,2,NA,5,NA,5,NA,NA,2,2,NA,NA,NA,2.73891,0.5968,0.40014,0.99693,3.73584,2.89125,0.19344,0.00639,NA,26,NA,26,NA,26,1.18259,0.84975,1.98157,0.73105,0.57725,3.28987,2.91856,3.2007,0.69742,0.4676,4.36571,3.37872,2025-02-11,6,6,0,56,1,0,56,2024-04-02,9,8,1,52,1,0,52,55,NA,0,0,0,0,"610 224th Street,Milford,NE,68405",40.7724,-97.026,NA,2026-06-01
285235,Nye Pointe Health & Rehab Ctr,2700 Laverna Street,Fremont,NE,68025,4027274900,260,Dodge,N,For profit - Corporation,43,36.3,NA,Medicare and Medicaid,N,FREMONT CARE CENTER INC,1998-11-06,NA,NA,NA,NA,NA,NA,NA,N,NA,N,N,N,Resident,Yes,4,NA,4,NA,2,NA,1,NA,2,NA,3,NA,NA,NA,2.70666,0.35097,0.65442,1.00539,3.71205,3.11347,0.36002,0.05801,71.7,NA,42.9,NA,0,NA,1.31165,0.94249,2.19784,0.81084,0.64025,3.64893,3.23709,2.85177,0.36979,0.6895,3.91106,3.28038,2025-08-21,3,3,0,12,1,0,12,2024-07-23,4,4,0,40,1,0,40,19,NA,0,0,0,0,"2700 Laverna Street,Fremont,NE,68025",41.455,-96.472,NA,2026-06-01
285238,Keystone Ridge Post Acute Nursing and Rehabilitati,7501 Keystone Drive,Omaha,NE,68134,4025725750,270,Douglas,Y,For profit - Corporation,100,70.4,NA,Medicare and Medicaid,N,GOOD HOPE HEALTHCARE INC,2000-05-08,THE ENSIGN GROUP,507,342,3.2,2.9,2.4,4.4,Y,NA,N,N,N,Resident,Yes,2,NA,1,NA,5,NA,4,NA,5,NA,2,NA,NA,NA,2.28026,0.69387,0.674,1.36787,3.64813,3.26243,0.34994,0.13811,65.8,NA,64.3,NA,0,NA,1.46349,1.05159,2.45226,0.9047,0.71436,4.07132,3.61181,2.15325,0.65522,0.63646,3.44493,3.08071,2025-05-21,5,5,2,48,1,0,48,2024-05-02,17,11,14,266,1,0,266,102.5,NA,1,70103,0,1,"7501 Keystone Drive,Omaha,NE,68134",41.2996,-96.029,NA,2026-06-01
285239,Emerald Nursing & Rehab Legacy Pointe llc,3110 Scott Circle,Omaha,NE,68112,4024556636,270,Douglas,Y,For profit - Limited Liability company,108,66.2,NA,Medicare and Medicaid,N,EMERALD NURSING & REHAB LEGACY POINTE LLC,2000-06-01,EMERALD HEALTHCARE,630,14,1.5,1.6,1.9,1.9,N,NA,N,N,N,Resident,Yes,2,NA,2,NA,3,NA,3,NA,NA,2,2,NA,NA,NA,2.29226,0.45316,0.58675,1.03991,3.33217,2.89339,0.41171,0.04213,53.1,NA,37.5,NA,0,NA,1.49464,1.07398,2.50446,0.92396,0.72957,4.15799,3.6887,2.11946,0.419,0.54252,3.08098,2.67528,2025-07-22,15,13,7,80,1,0,80,2024-05-23,14,4,12,64,1,0,64,76,NA,8,56445,0,8,"3110 Scott Circle,Omaha,NE,68112",41.3256,-95.96,NA,2026-06-01
285240,Omaha Nursing and Rehabilitation Center,4835 South 49th Street,Omaha,NE,68117,4027337200,270,Douglas,Y,For profit - Corporation,70,53.4,NA,Medicare and Medicaid,N,SOUTHSIDE HEALTHCARE INC,2001-07-01,THE ENSIGN GROUP,507,342,3.2,2.9,2.4,4.4,N,NA,N,N,N,Resident,Yes,1,NA,1,NA,3,NA,5,NA,2,NA,1,23,23,23,NA,NA,NA,NA,NA,NA,NA,NA,NA,27,NA,27,NA,27,NA,NA,NA,NA,NA,NA,NA,NA,NA,NA,NA,NA,2025-07-31,21,15,9,128,1,0,128,2024-06-13,12,4,8,60,1,0,60,111,NA,1,60225,1,2,"4835 South 49th Street,Omaha,NE,68117",41.2106,-95.989,NA,2026-06-01
285241,Sarah Ann Hester Memorial Home,407 Dakota Street,Benkelman,NE,69021,3084232179,280,Dundy,N,Non profit - Corporation,56,31.6,NA,Medicare and Medicaid,N,SARAH ANN HESTER MEMORIAL HOME,2001-11-01,NA,NA,NA,NA,NA,NA,NA,N,NA,N,N,N,Resident,Yes,1,NA,2,NA,1,NA,1,NA,NA,2,4,NA,NA,NA,2.82561,0.93963,0.46612,1.40574,4.23136,3.72988,0.47378,0.01453,47.5,NA,NA,27,0,NA,1.2050399999999999,0.86588,2.01919,0.74493,0.58821,3.35233,2.97397,3.24049,1.07759,0.53456,4.85264,4.27753,2025-01-15,9,8,3,60,1,0,60,2023-11-30,4,3,2,44,1,0,44,56,NA,0,0,0,0,"407 Dakota Street,Benkelman,NE,69021",40.0481,-101.54,NA,2026-06-01
285242,Brookestone Village,4330 South 144th Street,Omaha,NE,68137,4026144000,270,Douglas,Y,Non profit - Corporation,140,128.6,NA,Medicare and Medicaid,N,VSL OMAHA LLC,2001-11-01,VETTER SENIOR LIVING,547,22,4.3,3.8,4.5,4,N,NA,N,N,N,Both,Yes,5,NA,4,NA,5,NA,5,NA,5,NA,5,NA,NA,NA,3.15607,0.63921,0.95432,1.59353,4.7496,4.20824,0.81008,0.09016,33.3,NA,37.5,NA,0,NA,1.33434,0.9588,2.23586,0.82486,0.65133,3.71205,3.29308,3.26872,0.66203,0.98838,4.91914,4.35845,2026-02-24,6,5,1,28,1,0,28,2024-10-16,1,1,0,4,1,0,4,22,NA,0,0,0,0,"4330 South 144th Street,Omaha,NE,68137",41.217,-96.139,NA,2026-06-01
285245,Parkside Manor,607 North Main Street,Stuart,NE,68780,4029243601,440,Holt,N,Government - City,40,26.7,NA,Medicare and Medicaid,N,STUART VILLAGE NURSING HOME BOARD PARKSIDE MANOR OF STUART,2002-04-01,RURAL HEALTH DEVELOPMENT,879,9,3.9,3.7,3.6,3.8,N,NA,N,N,N,Resident,Yes,5,NA,4,NA,5,NA,5,NA,NA,2,4,NA,NA,NA,2.28367,0.69669,0.59418,1.29087,3.57454,3.41306,0.44048,0.00631,46.7,NA,NA,27,0,NA,1.18427,0.85096,1.9844,0.73209,0.57807,3.29457,2.92272,2.66489,0.813,0.69337,4.17126,3.98283,2026-03-11,2,2,0,12,1,0,12,2025-02-20,3,3,0,24,1,0,24,15,0,0,0,0,0,"607 North Main Street,Stuart,NE,68780",42.604,-99.143,NA,2026-06-01
285246,Christian Homes Health Care Center,1923 West 4th Avenue,Holdrege,NE,68949,3089954493,680,Phelps,N,Non profit - Corporation,86,72.2,NA,Medicare and Medicaid,N,"CHRISTIAN HOMES, INC.",2002-08-01,NA,NA,NA,NA,NA,NA,NA,Y,NA,N,N,N,Resident,Yes,1,NA,2,NA,1,NA,2,NA,1,NA,2,NA,NA,NA,2.49218,0.72781,0.5087,1.23651,3.72868,3.43169,0.36379,0.01102,66.3,NA,80,NA,NA,26,1.2767,0.91738,2.13927,0.78923,0.62319,3.55169,3.15083,2.69767,0.78782,0.55064,4.03613,3.71465,2026-03-11,11,10,1,68,1,0,68,2024-12-05,12,9,6,72,1,0,72,69,NA,0,0,0,0,"1923 West 4th Avenue,Holdrege,NE,68949",40.4378,-99.408,NA,2026-06-01
285248,Colonial Acres of Humboldt,1043 10th Street,Humboldt,NE,68376,4028623123,730,Richardson,N,Government - City,49,32.1,NA,Medicare and Medicaid,N,COLONIAL ACRES OF HUMBOLDT,2002-10-01,RURAL HEALTH DEVELOPMENT,879,9,3.9,3.7,3.6,3.8,N,NA,N,N,N,Resident,Yes,2,NA,2,NA,3,NA,3,NA,NA,2,3,NA,NA,NA,2.62836,1.07674,0.54511,1.62185,4.25021,3.65839,0.36166,0.07558,47.4,NA,60,NA,0,NA,1.44906,1.04123,2.42808,0.89578,0.70732,4.03118,3.57619,2.50668,1.02689,0.51988,4.05345,3.48902,2026-03-12,9,9,0,88,1,0,88,2024-10-03,3,3,3,16,1,0,16,70,NA,0,0,0,0,"1043 10th Street,Humboldt,NE,68376",40.1711,-95.941,NA,2026-06-01
285249,"St. Joseph's Villa, Inc.",927 Seventh Street,David City,NE,68632,4023673045,110,Butler,N,Non profit - Corporation,58,51.4,NA,Medicare and Medicaid,N,ST JOSEPHS VILLA INC,2003-01-01,RURAL HEALTH DEVELOPMENT,879,9,3.9,3.7,3.6,3.8,N,NA,N,N,N,Resident,Yes,2,NA,2,NA,2,NA,2,NA,1,NA,3,NA,NA,NA,2.75308,0.57962,0.40113,0.98076,3.73383,3.22929,0.22642,0.02257,65.1,NA,83.3,NA,0,NA,1.17462,0.84403,1.96823,0.72613,0.57336,3.26772,2.89891,3.23906,0.68194,0.47194,4.39294,3.79934,2025-08-12,6,6,1,36,1,0,36,2024-09-04,7,4,7,115,1,0,115,55.75,0,1,27115,1,2,"927 Seventh Street,David City,NE,68632",41.2585,-97.126,NA,2026-06-01
285250,Ponderosa Villa,755 First Street,Crawford,NE,69339,3086651224,220,Dawes,N,Government - City,35,24.3,NA,Medicare and Medicaid,N,CITY OF CRAWFORD,2003-06-01,NA,NA,NA,NA,NA,NA,NA,N,NA,N,N,N,Resident,Yes,3,NA,3,NA,4,NA,4,NA,NA,2,2,NA,NA,NA,1.78134,0.75904,0.57764,1.33668,3.11802,2.70393,0.43795,0,NA,26,NA,26,NA,26,1.1099,0.79752,1.85977,0.68612,0.54177,3.08766,2.73917,2.218,0.94511,0.71924,3.88236,3.36675,2026-01-14,4,4,0,32,1,0,32,2024-11-21,6,6,0,56,1,0,56,38,NA,0,0,0,0,"755 First Street,Crawford,NE,69339",42.6817,-103.42,NA,2026-06-01
285252,Imperial Manor Nursing Home,933 Grant Street,Imperial,NE,69033,3088825333,140,Chase,N,Government - City/county,58,28.3,NA,Medicare and Medicaid,N,CITY OF IMPERIAL,2003-08-01,NA,NA,NA,NA,NA,NA,NA,N,NA,N,N,N,Resident,Yes,2,NA,2,NA,2,NA,2,NA,NA,2,3,NA,NA,NA,2.69983,0.87302,0.52555,1.39857,4.0984,3.53399,0.47109,0,50,NA,60,NA,1,NA,1.26181,0.90668,2.11432,0.78002,0.61592,3.51026,3.11407,2.95695,0.95616,0.5756,4.4887,3.87055,2025-11-20,5,5,0,56,1,0,56,2024-10-10,16,12,4,104,1,0,104,68,NA,1,7903,0,1,"933 Grant Street,Imperial,NE,69033",40.5196,-101.65,NA,2026-06-01
285254,Mother Hull Home,125 East 23rd Street,Kearney,NE,68847,3082342447,090,Buffalo,N,Non profit - Corporation,58,44.8,NA,Medicare and Medicaid,N,MOTHER HULL HOME,2003-07-01,NA,NA,NA,NA,NA,NA,NA,N,NA,N,N,N,Resident,Yes,2,NA,2,NA,4,NA,4,NA,4,NA,3,NA,NA,NA,3.24506,0.97761,0.57442,1.55203,4.79709,4.03965,0.23965,0.08303,95.8,NA,83.3,NA,0,NA,1.19081,0.85566,1.99536,0.73614,0.58127,3.31276,2.93886,3.76598,1.13454,0.66662,5.56715,4.68812,2026-02-09,8,8,0,56,1,0,56,2024-12-18,5,5,0,32,1,0,32,50,NA,0,0,0,0,"125 East 23rd Street,Kearney,NE,68847",40.6986,-99.079,NA,2026-06-01
285256,Kimball County Manor,810 East 7th Street,Kimball,NE,69145,3082354693,520,Kimball,N,Government - County,49,41.4,NA,Medicare and Medicaid,N,KIMBALL COUNTY MANOR,2004-07-01,NA,NA,NA,NA,NA,NA,NA,N,NA,Y,N,N,Resident,Yes,1,NA,1,NA,1,NA,2,NA,1,NA,3,NA,NA,NA,2.85761,0.46477,0.40152,0.86628,3.72389,3.11779,0.30035,0.02024,60.9,NA,NA,27,0,NA,1.19512,0.85875,2.00257,0.7388,0.58337,3.32473,2.94948,3.3044,0.53743,0.46429,4.30613,3.60525,2025-04-21,12,11,1,187,1,0,187,2024-05-07,10,10,1,84,1,0,84,161.25,NA,1,27606,0,1,"810 East 7th Street,Kimball,NE,69145",41.2308,-103.65,NA,2026-06-01
285257,Community Memorial Health Center,1015 F Street,Burwell,NE,68823,3083464440,350,Garfield,N,Non profit - Corporation,64,62.2,NA,Medicare and Medicaid,N,COMMUNITY MEMORIAL HOSPITAL INC,2004-05-01,NA,NA,NA,NA,NA,NA,NA,N,NA,N,N,N,Resident,Yes,2,NA,2,NA,3,NA,3,NA,3,NA,3,NA,NA,NA,2.88001,0.54451,0.45682,1.00133,3.88134,3.36543,0.26366,0.012070000000000001,30.4,NA,22.2,NA,2,NA,1.33954,0.96253,2.24457,0.82808,0.65386,3.72651,3.30591,2.97124,0.56176,0.47129,4.00428,3.47203,2026-02-26,11,10,1,76,1,0,76,2024-11-21,9,9,0,48,1,0,48,69,NA,0,0,0,0,"1015 F Street,Burwell,NE,68823",41.7836,-99.139,NA,2026-06-01
285258,Bertrand Nursing Home,100 Minor Avenue,Bertrand,NE,68927,3084723341,680,Phelps,N,Government - City,26,17.7,NA,Medicare and Medicaid,N,BERTRAND NURSING HOME,2005-01-01,RURAL HEALTH DEVELOPMENT,879,9,3.9,3.7,3.6,3.8,N,NA,N,N,N,Resident,Yes,5,NA,5,NA,5,NA,5,NA,NA,2,4,NA,NA,NA,2.15166,0.28565,1.42796,1.71361,3.86527,3.63107,1.19759,0.01743,57.1,NA,60,NA,0,NA,1.29742,0.93227,2.174,0.80204,0.6333,3.60934,3.20197,2.29188,0.30427,1.52101,4.11716,3.8677,2025-05-01,1,1,0,4,1,0,4,2024-04-11,1,1,0,16,1,0,16,7,NA,0,0,0,0,"100 Minor Avenue,Bertrand,NE,68927",40.5213,-99.634,NA,2026-06-01
285259,Blue Valley Lutheran Nursing Home,220 Park Avenue,Hebron,NE,68370,4027683900,840,Thayer,N,Non profit - Church related,64,29.2,NA,Medicare and Medicaid,N,"BLUE VALLEY LUTHERAN HOMES SOCIETY, INC",2004-07-01,NA,NA,NA,NA,NA,NA,NA,N,NA,N,N,N,Resident,Yes,3,NA,5,NA,1,NA,1,NA,NA,2,1,25,25,6,NA,NA,NA,NA,NA,NA,NA,NA,29.2,NA,NA,27,NA,26,NA,NA,NA,NA,NA,NA,NA,NA,NA,NA,NA,NA,2025-07-10,0,0,0,0,0,0,0,2024-06-27,3,2,1,12,1,0,12,3,NA,0,0,0,0,"220 Park Avenue,Hebron,NE,68370",40.1601,-97.593,NA,2026-06-01
285260,Chimney Rock Villa,106 East 13th Street,Bayard,NE,69334,3085861142,610,Morrill,N,Government - City,49,32.4,NA,Medicare and Medicaid,N,CHIMNEY ROCK VILLA,2004-06-01,NA,NA,NA,NA,NA,NA,NA,N,NA,N,N,N,Resident,Yes,1,NA,1,NA,2,NA,1,NA,3,NA,4,NA,NA,NA,2.44541,0.08515,0.88408,0.96923,3.41464,3.1309,0.66115,0.01162,57.6,NA,55.6,NA,0,NA,1.19936,0.8618,2.00967,0.74142,0.58544,3.33653,2.95995,2.81775,0.09812,1.01869,3.93455,3.60762,2025-07-30,7,6,2,72,1,0,72,2024-07-11,19,9,10,259,1,0,259,118.75,NA,2,110988,0,2,"106 East 13th Street,Bayard,NE,69334",41.7641,-103.32,NA,2026-06-01
285261,Parkview Haven Nursing Home,1203 4th Street,Deshler,NE,68340,4023657237,840,Thayer,N,Government - City/county,49,24.4,NA,Medicare and Medicaid,N,PARKVIEW HAVEN NURSING HOME,2004-06-01,NA,NA,NA,NA,NA,NA,NA,N,NA,N,N,N,Resident,Yes,2,NA,3,NA,1,NA,1,NA,NA,2,4,NA,NA,NA,2.10595,0.67741,0.85809,1.5355,3.64145,2.88295,0.53567,0.00781,30.8,NA,28.6,NA,2,NA,1.38903,0.99809,2.32749,0.85867,0.67802,3.86418,3.42804,2.09525,0.67397,0.85373,3.62295,2.86831,2025-05-22,6,6,1,36,1,0,36,2024-05-23,1,1,0,8,1,0,8,29,NA,0,0,1,1,"1203 4th Street,Deshler,NE,68340",40.1362,-97.723,NA,2026-06-01
285262,Heritage Care Center,909 17th Street,Fairbury,NE,68352,4027292289,470,Jefferson,N,Non profit - Corporation,100,46.1,NA,Medicare and Medicaid,N,VSL FAIRBURY LLC,2004-07-01,VETTER SENIOR LIVING,547,22,4.3,3.8,4.5,4,N,NA,N,N,N,Resident,Yes,4,NA,3,NA,5,NA,5,NA,NA,2,4,NA,NA,NA,1.54884,1.20817,0.56819,1.77636,3.3252,2.41099,0.30012,0.09095,47.9,NA,14.3,NA,0,NA,1.11488,0.8011,1.86813,0.6892,0.5442,3.10153,2.75147,1.91989,1.49761,0.70431,4.12181,2.98858,2025-06-17,5,4,3,48,1,0,48,2024-05-02,5,2,3,24,1,0,24,42,NA,0,0,0,0,"909 17th Street,Fairbury,NE,68352",40.1507,-97.174,NA,2026-06-01
285263,Westfield Quality Care of Aurora,1313 1st Street,Aurora,NE,68818,4026942128,400,Hamilton,N,For profit - Limited Liability company,64,51.8,NA,Medicare and Medicaid,N,QUALITY CARE SOLUTIONS LLC,2005-01-01,NA,NA,NA,NA,NA,NA,NA,N,NA,N,N,N,Resident,Yes,1,NA,1,NA,1,NA,3,NA,1,NA,1,23,23,23,NA,NA,NA,NA,NA,NA,NA,NA,NA,26,NA,26,NA,26,NA,NA,NA,NA,NA,NA,NA,NA,NA,NA,NA,NA,2025-04-07,11,10,1,108,1,0,108,2024-04-15,6,5,1,143,1,0,143,116.75,NA,1,41980,0,1,"1313 1st Street,Aurora,NE,68818",40.8693,-98.017,NA,2026-06-01
285266,Gateway Vista,225 North 56th Street,Lincoln,NE,68504,4024646371,540,Lancaster,Y,For profit - Corporation,80,71.6,NA,Medicare and Medicaid,N,"GATEWAY PROPERTIES, INC.",2005-03-01,NA,NA,NA,NA,NA,NA,NA,Y,NA,N,N,N,Resident,Yes,3,NA,3,NA,4,NA,4,NA,3,NA,3,NA,NA,NA,2.34544,1.40099,0.8191,2.22008,4.56553,3.96858,0.57012,0.11888,71.5,NA,65.2,NA,1,NA,1.4471,1.03982,2.4248,0.89457,0.70636,4.02573,3.57136,2.23989,1.33794,0.78223,4.36006,3.78998,2025-09-03,4,2,2,32,1,0,32,2024-06-12,5,5,1,36,1,0,36,33,NA,1,8659,1,2,"225 North 56th Street,Lincoln,NE,68504",40.8145,-96.644,NA,2026-06-01
285267,Nye Summit,410 West 5th Street,Louisville,NE,68037,4022342125,120,Cass,Y,Government - City,61,37,NA,Medicare and Medicaid,N,Legal Business Name Not Available,2005-05-19,NA,NA,NA,NA,NA,NA,NA,N,NA,N,N,N,Resident,Yes,2,NA,2,NA,3,NA,1,NA,5,NA,2,NA,NA,NA,2.46581,0.69353,0.7961,1.48963,3.95544,3.20851,0.53967,0.11356,78,NA,80,NA,1,NA,1.43672,1.03236,2.4074,0.88815,0.7013,3.99684,3.54573,2.37186,0.6671,0.76577,3.80473,3.08626,2025-01-13,6,6,0,44,1,0,44,2023-12-12,8,4,8,88,1,0,88,55,0,1,23595,0,1,"410 West 5th Street,Louisville,NE,68037",40.9976,-96.164,NA,2026-06-01
285268,Brookestone of Papillion,610 South Polk Street,Papillion,NE,68046,4023397700,760,Sarpy,Y,Non profit - Corporation,110,93.9,NA,Medicare and Medicaid,N,VSL PAPILLION LLC,2005-05-19,VETTER SENIOR LIVING,547,22,4.3,3.8,4.5,4,N,NA,N,N,N,Resident,Yes,5,NA,5,NA,4,NA,4,NA,4,NA,5,NA,NA,NA,2.80444,0.76154,0.86723,1.62878,4.43322,3.75476,0.57207,0.05534,29.8,NA,23.8,NA,0,NA,1.22742,0.88196,2.05669,0.75876,0.59913,3.41459,3.0292,3.15758,0.85744,0.97643,4.99145,4.22755,2025-02-20,0,0,0,0,0,0,0,2023-11-02,6,4,2,36,1,0,36,9,NA,0,0,0,0,"610 South Polk Street,Papillion,NE,68046",41.1516,-96.049,NA,2026-06-01
285269,Beaver City Manor,905 Floyd Street,Beaver City,NE,68926,3082685111,320,Furnas,N,Government - City,30,20,NA,Medicare and Medicaid,N,BEAVER CITY MANOR,2005-10-01,NA,NA,NA,NA,NA,NA,NA,N,NA,N,N,N,Resident,Yes,3,NA,3,NA,2,NA,2,NA,NA,2,4,NA,NA,NA,3.1352,0.99275,0.87446,1.8672,5.0024,4.33062,0.64081,0.01306,NA,26,NA,26,NA,26,1.20724,0.86746,2.02288,0.74629,0.58928,3.35845,2.9794,3.58898,1.13644,1.00102,5.72644,4.95743,2025-06-12,4,4,2,56,1,0,56,2024-07-10,4,4,1,16,1,0,16,46,NA,0,0,0,0,"905 Floyd Street,Beaver City,NE,68926",40.1323,-99.829,NA,2026-06-01
285270,"Bethany Home, Inc",515 West First Street,Minden,NE,68959,3088321594,490,Kearney,N,Non profit - Corporation,64,59,NA,Medicare and Medicaid,N,BETHANY HOME INC,2005-10-01,NA,NA,NA,NA,NA,NA,NA,N,NA,N,N,N,Resident,Yes,1,NA,2,NA,1,NA,1,NA,1,NA,4,NA,NA,NA,2.97371,0.37395,0.84363,1.21758,4.1913,3.66688,0.58963,0.03914,39.4,NA,40,NA,NA,26,1.19588,0.85931,2.00385,0.73927,0.58374,3.32686,2.95137,3.43644,0.43214,0.97491,4.84349,4.23748,2025-06-26,7,7,0,52,1,0,52,2024-05-02,6,6,0,36,1,0,36,48,NA,0,0,0,0,"515 West First Street,Minden,NE,68959",40.4957,-98.957,NA,2026-06-01
285271,Northfield Retirement Communities Care Center,2100 Circle Drive,Scottsbluff,NE,69361,3086324342,780,Scott Bluff,N,Non profit - Corporation,66,46.8,NA,Medicare and Medicaid,N,NORTHFIELD RETIREMENT COMMUNITIES,2006-04-20,NA,NA,NA,NA,NA,NA,NA,Y,NA,N,N,N,None,Yes,1,NA,1,NA,1,NA,1,NA,2,NA,2,NA,NA,NA,2.5224,1.07049,0.4906,1.56109,4.08349,3.36607,0.40935,0.02539,67.9,NA,88.9,NA,NA,26,1.34192,0.96424,2.24856,0.82955,0.65503,3.73313,3.31179,2.59768,1.10243,0.50524,4.20536,3.46653,2025-05-08,12,10,2,100,1,0,100,2024-06-18,12,10,2,84,1,0,84,96,NA,0,0,0,0,"2100 Circle Drive,Scottsbluff,NE,69361",41.8684,-103.65,NA,2026-06-01
285272,Harvard Rest Haven,400 East 7th Street,Harvard,NE,68944,4027727591,170,Clay,N,For profit - Corporation,30,19.9,NA,Medicare and Medicaid,N,CITY OF HARVARD,2006-05-01,NA,NA,NA,NA,NA,NA,NA,N,NA,N,N,N,Resident,Yes,5,NA,5,NA,4,NA,4,NA,NA,2,5,NA,NA,NA,3.16126,0.92571,0.85823,1.78394,4.9452,4.0584,0.61342,0.02781,40,NA,NA,27,1,NA,1.26048,0.90572,2.11209,0.7792,0.61527,3.50656,3.11079,3.46597,1.01494,0.94096,5.42187,4.44958,2025-02-27,3,3,0,12,1,0,12,2024-02-15,1,1,0,4,1,0,4,10,NA,0,0,0,0,"400 East 7th Street,Harvard,NE,68944",40.6226,-98.092,NA,2026-06-01
285273,Plainview Manor,101 W Harper Ave,Plainview,NE,68769,4025823849,690,Pierce,N,Government - City,39,34,NA,Medicare and Medicaid,N,PLAINVIEW MANOR,2007-06-21,NA,NA,NA,NA,NA,NA,NA,N,NA,N,N,N,Resident,Yes,2,NA,3,NA,2,NA,2,NA,NA,2,1,25,25,6,NA,NA,NA,NA,NA,NA,NA,NA,NA,26,NA,26,0,NA,NA,NA,NA,NA,NA,NA,NA,NA,NA,NA,NA,NA,2025-08-12,10,10,0,52,1,0,52,2024-08-08,4,4,1,12,1,0,12,42,NA,0,0,0,0,"101 W Harper Ave,Plainview,NE,68769",42.3543,-97.796,NA,2026-06-01
285275,Emerald Nursing & Rehab Lancaster LLC,1001 South Street,Lincoln,NE,68502,4024417101,540,Lancaster,Y,For profit - Limited Liability company,293,165.7,NA,Medicare and Medicaid,N,EMERALD NURSING & REHAB LANCASTER LLC,2007-08-01,EMERALD HEALTHCARE,630,14,1.5,1.6,1.9,1.9,N,SFF Candidate,N,N,N,Resident,Yes,1,NA,1,NA,1,NA,2,NA,1,NA,1,NA,NA,NA,2.60954,0.72376,0.31827,1.04203,3.65157,3.21272,0.23502,0.05163,71.1,NA,85.7,NA,1,NA,1.33897,0.96212,2.24361,0.82773,0.65358,3.72492,3.30451,2.69334,0.74701,0.32849,3.76884,3.31589,2025-01-30,16,10,7,136,1,0,136,2024-01-23,31,8,27,358,1,0,358,191.5,NA,3,79725,3,6,"1001 South Street,Lincoln,NE,68502",40.7918,-96.707,NA,2026-06-01
285276,Brookestone Meadows Rehabilitation and Care Center,600 Brookestone Meadows Plaza,Elkhorn,NE,68022,4022892696,270,Douglas,Y,Non profit - Corporation,140,131.7,NA,Medicare and Medicaid,N,VSL ELKHORN LLC,2007-11-20,VETTER SENIOR LIVING,547,22,4.3,3.8,4.5,4,N,NA,N,N,N,Both,Yes,5,NA,4,NA,5,NA,5,NA,5,NA,5,NA,NA,NA,3.07757,0.73474,0.90765,1.64238,4.71996,4.2602,0.70936,0.06683,33.5,NA,25,NA,0,NA,1.3685,0.98334,2.2931,0.84598,0.668,3.80708,3.37739,3.10787,0.74197,0.91658,4.76642,4.30213,2025-04-01,1,1,0,8,1,0,8,2024-03-12,2,2,0,20,1,0,20,11,NA,0,0,0,0,"600 Brookestone Meadows Plaza,Elkhorn,NE,68022",41.2534,-96.232,NA,2026-06-01
285277,"Sutton Community Home, Inc.",1106 North Saunders Avenue,Sutton,NE,68979,4027735557,170,Clay,N,Non profit - Corporation,31,19.1,NA,Medicare and Medicaid,N,"SUTTON COMMUNITY HOME, INC",2008-10-02,NA,NA,NA,NA,NA,NA,NA,N,NA,N,N,N,Resident,Yes,4,NA,3,NA,2,NA,2,NA,NA,2,5,NA,NA,NA,2.81798,1.21126,0.85188,2.06314,4.88112,4.16677,0.70349,0.00284,33.3,NA,NA,27,0,NA,1.10785,0.79605,1.85634,0.68485,0.54077,3.08196,2.73411,3.51525,1.51097,1.06266,6.08888,5.19778,2025-12-18,4,4,0,36,1,0,36,2024-09-12,4,4,1,40,1,0,40,37,NA,0,0,0,0,"1106 North Saunders Avenue,Sutton,NE,68979",40.616,-97.86,NA,2026-06-01
285278,Nye Legacy Health & Rehabilitation Center,3210 N Clarkson,Fremont,NE,68025,4027219300,260,Dodge,N,For profit - Corporation,100,79.7,NA,Medicare and Medicaid,N,FREMONT CARE CENTER INC,2008-12-10,NA,NA,NA,NA,NA,NA,NA,N,NA,N,N,N,Resident,Yes,4,NA,4,NA,2,NA,1,NA,2,NA,4,NA,NA,NA,2.77002,0.67333,0.99526,1.66859,4.43861,4.0319,0.8026,0.09601,51.6,NA,36,NA,1,NA,1.45114,1.04272,2.43157,0.89707,0.70834,4.03697,3.58133,2.63799,0.64123,0.94782,4.22704,3.83972,2025-04-22,1,1,0,4,1,0,4,2024-05-14,9,8,1,56,1,0,56,17,NA,0,0,0,0,"3210 N Clarkson,Fremont,NE,68025",41.4586,-96.49,NA,2026-06-01
285279,Ridgewood Rehabilitation & Care Center,624 Pinewood Avenue,Seward,NE,68434,4026432902,790,Seward,Y,Non profit - Corporation,82,60.3,NA,Medicare and Medicaid,N,VSL SEWARD LLC,2009-02-01,VETTER SENIOR LIVING,547,22,4.3,3.8,4.5,4,N,NA,N,N,N,Resident,Yes,3,NA,3,NA,2,NA,2,NA,2,NA,4,NA,NA,NA,2.73178,0.6947,0.49714,1.19184,3.92362,3.25095,0.34199,0.01721,35.9,NA,28.6,NA,0,NA,1.1098,0.79745,1.85961,0.68605,0.54172,3.08738,2.73892,3.40174,0.86507,0.61906,4.88587,4.04823,2025-01-22,7,7,0,44,1,0,44,2024-02-13,3,3,0,28,1,0,28,40,NA,0,0,0,0,"624 Pinewood Avenue,Seward,NE,68434",40.9233,-97.1,NA,2026-06-01
285280,The Lighthouse at Lakeside Village,17600 Arbor Street,Omaha,NE,68130,4027170200,270,Douglas,Y,Non profit - Corporation,54,47.3,NA,Medicare and Medicaid,N,IMMANUEL LONG TERM CARE,2009-05-26,IMMANUEL,281,3,4.7,3.3,5,4.3,Y,NA,N,N,N,Resident,Yes,4,NA,3,NA,4,NA,5,NA,2,NA,5,NA,NA,NA,3.05699,1.18683,1.15514,2.34197,5.39896,4.86309,0.88401,0.0898,41.1,NA,20,NA,0,NA,1.35941,0.97681,2.27786,0.84036,0.66356,3.78178,3.35495,3.10773,1.20652,1.17431,5.48856,4.9438,2025-03-12,5,5,0,32,1,0,32,2024-04-04,3,3,0,12,1,0,12,27,NA,0,0,0,0,"17600 Arbor Street,Omaha,NE,68130",41.2362,-96.189,NA,2026-06-01
285281,Oakland Heights,207 South Engdahl Avenue,Oakland,NE,68045,4026855683,100,Burt,N,Government - City,45,35.8,NA,Medicare and Medicaid,N,OAKLAND HEIGHTS,2009-07-01,NA,NA,NA,NA,NA,NA,NA,N,NA,N,N,N,Resident,Yes,5,NA,5,NA,3,NA,2,NA,4,NA,4,NA,NA,NA,2.96038,0.85754,0.63737,1.49491,4.4553,3.87822,0.30365,0.11249,48.9,NA,40,NA,1,NA,1.30755,0.93954,2.19096,0.8083,0.63825,3.63751,3.22696,3.12888,0.90635,0.67365,4.70888,4.09896,2025-06-12,1,1,0,4,1,0,4,2024-06-27,1,0,1,4,0,0,4,4,NA,0,0,0,0,"207 South Engdahl Avenue,Oakland,NE,68045",41.8327,-96.46,NA,2026-06-01
285282,Jefferson Community Health & Life Gardenside,2200 North H Street,Fairbury,NE,68352,4027295220,470,Jefferson,N,Non profit - Corporation,39,28,NA,Medicare and Medicaid,N,JEFFERSON COMMUNITY HEALTH CENTER INC,2009-10-01,NA,NA,NA,NA,NA,NA,NA,N,NA,N,N,N,Resident,Yes,5,NA,5,NA,4,NA,4,NA,NA,2,5,NA,NA,NA,3.10364,0.98740000000000006,1.04131,2.02871,5.13235,4.06593,0.42974,0.01365,13.3,NA,20,NA,1,NA,1.16395,0.83636,1.95035,0.71953,0.56815,3.23804,2.87257,3.68498,1.17235,1.23636,6.09369,4.82751,2026-04-08,0,0,0,0,0,0,0,2024-11-13,3,1,2,16,1,0,16,4,NA,0,0,0,0,"2200 North H Street,Fairbury,NE,68352",40.1556,-97.176,NA,2026-06-01
285283,Eventide Crete,1800 East 13th Street,Crete,NE,68333,4028266805,750,Saline,N,Non profit - Corporation,38,30.3,NA,Medicare and Medicaid,N,"TABITHA, INC.",2009-10-01,NA,NA,NA,NA,NA,NA,NA,N,NA,N,N,N,Resident,Yes,5,NA,4,NA,4,NA,5,NA,4,NA,5,NA,NA,NA,3.60033,0.67316,1.04701,1.72017,5.3205,4.57003,0.48883,0.01909,33.3,NA,42.9,NA,0,NA,1.3157,0.9454,2.20461,0.81334,0.64222,3.66018,3.24707,3.78169,0.70706,1.09975,5.58851,4.80023,2025-09-18,2,2,1,8,1,0,8,2024-08-13,4,4,0,28,1,0,28,13,NA,0,0,0,0,"1800 East 13th Street,Crete,NE,68333",40.6252,-96.941,NA,2026-06-01
285284,Avera Creighton Care Centre,1603 Main Street,Creighton,NE,68729,4023585701,530,Knox,N,Non profit - Corporation,47,36.1,NA,Medicare and Medicaid,N,SACRED HEART HEALTH SERVICES,2010-08-01,AVERA HEALTH,61,13,3.4,3.2,4.1,3.1,N,NA,N,N,N,Resident,Yes,3,NA,4,NA,2,NA,2,NA,NA,2,1,25,25,6,NA,NA,NA,NA,NA,NA,NA,NA,55.3,NA,33.3,NA,1,NA,NA,NA,NA,NA,NA,NA,NA,NA,NA,NA,NA,NA,2025-12-03,4,4,0,20,1,0,20,2024-09-24,4,2,2,36,1,0,36,24,NA,0,0,0,0,"1603 Main Street,Creighton,NE,68729",42.4665,-97.919,NA,2026-06-01
285285,Good Samaritan Society - Grand Island Village,4061 & 4055 Timberline Street & 2912 Good Samarita,Grand Island,NE,68803,3083843535,390,Hall,Y,Non profit - Corporation,67,48.3,NA,Medicare and Medicaid,N,THE EVANGELICAL LUTHERAN GOOD SAMARITAN SOCIETY,2010-09-01,GOOD SAMARITAN SOCIETY,726,92,2.9,2.8,3.9,3,Y,NA,N,N,N,Resident,Yes,2,NA,3,NA,1,NA,1,NA,1,NA,3,NA,NA,NA,2.75699,0.4218,0.59636,1.01816,3.77515,3.28085,0.31253,0.01586,57.1,NA,37.5,NA,0,NA,1.43451,1.03077,2.4037,0.88678,0.70022,3.9907,3.54028,2.65602,0.40635,0.57452,3.6369,3.1607,2025-12-30,9,9,0,44,1,0,44,2024-09-26,7,3,4,56,1,0,56,47,NA,1,10033,0,1,"4061 & 4055 Timberline Street & 2912 Good Samarita,Grand Island,NE,68803",40.9266,-98.377,22,2026-06-01
285287,Mitchell Care Center,1723 23rd Street,Mitchell,NE,69357,3086231212,780,Scott Bluff,N,Government - City/county,50,45.6,NA,Medicare and Medicaid,N,CITY OF MITCHELL,2014-02-01,RURAL HEALTH DEVELOPMENT,879,9,3.9,3.7,3.6,3.8,N,NA,N,N,N,Resident,Yes,3,NA,3,NA,3,NA,3,NA,3,NA,3,NA,NA,NA,2.47731,0.92104,0.40004,1.32109,3.79839,2.89845,0.22529,0.01183,46.3,NA,40,NA,1,NA,1.24686,0.89593,2.08926,0.77078,0.60862,3.46867,3.07717,2.74576,1.02085,0.44339,4.21001,3.21254,2025-09-10,6,3,4,40,1,0,40,2024-08-13,7,6,1,56,1,0,56,44,NA,0,0,0,0,"1723 23rd Street,Mitchell,NE,69357",41.9502,-103.79,NA,2026-06-01
285288,Eventide Williamsburg,6120 South 34th Street,Lincoln,NE,68516,4024868919,540,Lancaster,Y,Non profit - Corporation,50,28.1,NA,Medicare and Medicaid,N,"TABITHA, INC.",2014-05-02,NA,NA,NA,NA,NA,NA,NA,N,NA,N,N,N,Resident,Yes,5,NA,4,NA,5,NA,5,NA,5,NA,5,NA,NA,NA,4.00825,0.33593,1.31327,1.6492,5.65744,5.36157,0.81238,0.04943,59.6,NA,44.4,NA,0,NA,1.26625,0.90987,2.12177,0.78277,0.61809,3.52263,3.12504,4.37455,0.36663,1.43328,6.17446,5.85155,2025-12-04,5,1,4,20,1,0,20,2024-11-21,2,2,0,20,1,0,20,20,NA,0,0,0,0,"6120 South 34th Street,Lincoln,NE,68516",40.7522,-96.671,NA,2026-06-01
285289,Old Mill Rehabilitation,1131 Papillion Parkway,Omaha,NE,68154,4029347500,270,Douglas,Y,For profit - Corporation,44,34.3,NA,Medicare and Medicaid,N,"SNF OMAHA OPERATING COMPANY, LLC",2014-06-06,PROMONTORY HEALTHCARE,428,3,3.3,3,4.3,3.7,N,NA,N,N,N,None,Yes,3,NA,3,NA,3,NA,NA,2,3,NA,4,NA,NA,NA,2.95348,1.38223,0.8023,2.18453,5.13801,4.78363,0.57373,0.32644,67.2,NA,58.3,NA,0,NA,1.38471,0.99498,2.32025,0.856,0.67591,3.85215,3.41738,2.94765,1.3795,0.80072,5.12787,4.77418,2026-04-02,4,4,0,40,1,0,40,2025-04-10,12,6,7,56,1,0,56,44,NA,0,0,0,0,"1131 Papillion Parkway,Omaha,NE,68154",41.2769,-96.091,NA,2026-06-01
285291,Brookestone Acres,4715 38th Street,Columbus,NE,68601,4029429260,700,Platte,N,Non profit - Other,80,73.8,NA,Medicare and Medicaid,N,VSL COLUMBUS LLC,2014-09-18,VETTER SENIOR LIVING,547,22,4.3,3.8,4.5,4,N,NA,N,N,N,Resident,Yes,5,NA,5,NA,4,NA,3,NA,5,NA,4,NA,NA,NA,3.28344,0.72965,0.60412,1.33377,4.6172,3.82284,0.21166,0.08636,29.9,NA,30,NA,0,NA,1.27207,0.91405,2.13151,0.78637,0.62093,3.5388,3.13939,3.56712,0.79269,0.65631,5.01612,4.15313,2025-09-11,3,3,0,8,1,0,8,2024-08-29,2,2,1,8,1,0,8,8,NA,0,0,0,0,"4715 38th Street,Columbus,NE,68601",41.4533,-97.385,NA,2026-06-01
285292,Litzenberg Memorial County Hospital,1715 26th Street,Central City,NE,68826,3089462920,600,Merrick,Y,Government - County,46,30.9,NA,Medicare and Medicaid,N,LITZENBERG MEMORIAL MERRICK COUNTY,2014-10-30,GOOD SAMARITAN SOCIETY,726,92,2.9,2.8,3.9,3,N,NA,N,N,N,Resident,Yes,4,NA,4,NA,3,NA,2,NA,3,NA,4,NA,NA,NA,2.03794,0.76451,0.71793,1.48244,3.52038,3.16027,0.38888,0.00425,33.3,NA,NA,27,0,NA,1.25815,0.90405,2.10818,0.77776,0.61413,3.50008,3.10504,2.2385100000000002,0.83975,0.78859,3.86685,3.4713,2025-09-11,1,1,0,4,1,0,4,2024-08-13,5,5,1,40,1,0,40,13,NA,0,0,0,0,"1715 26th Street,Central City,NE,68826",41.1066,-98.004,NA,2026-06-01
285293,Hillcrest Country Estates-Cottages,6082 Grand Lodge Avenue,Papillion,NE,68133,4028857000,760,Sarpy,Y,For profit - Limited Liability company,48,45.8,NA,Medicare and Medicaid,N,HCE-COTTAGES LLC,2015-07-01,NA,NA,NA,NA,NA,NA,NA,Y,NA,N,N,N,Resident,Yes,2,NA,2,NA,3,NA,2,NA,4,NA,4,NA,NA,NA,3.39892,0.6881,0.77182,1.45991,4.85883,4.52238,0.75274,0.1857,57.1,NA,50,NA,1,NA,1.31471,0.94469,2.20297,0.81273,0.64174,3.65744,3.24464,3.5728,0.7233,0.8113,5.1074,4.75374,2025-04-14,7,7,2,44,1,0,44,2024-02-29,11,4,11,64,1,0,64,49,NA,0,0,0,0,"6082 Grand Lodge Avenue,Papillion,NE,68133",41.1416,-96.005,NA,2026-06-01
285294,"Arbor Care Centers - Ord, LLC",220 South 26th Street,Ord,NE,68862,3087308164,870,Valley,N,For profit - Limited Liability company,60,35.7,NA,Medicare and Medicaid,N,ARBOR CARE CENTERS - ORD LLC,2015-07-01,ARBOR CARE CENTERS,40,7,2,2.4,1.9,2.4,N,NA,N,N,N,Resident,Yes,1,NA,1,NA,1,NA,1,NA,NA,2,2,NA,NA,NA,2.35459,0.57944,0.34643,0.92587,3.28045,3.06821,0.34038,0.02807,55.2,NA,NA,27,NA,26,1.20548,0.8662,2.01993,0.7452,0.58842,3.35356,2.97506,2.69932,0.66427,0.39715,3.76074,3.51743,2025-11-18,13,13,2,128,1,0,128,2024-08-22,11,10,1,80,1,0,80,116,NA,0,0,1,1,"220 South 26th Street,Ord,NE,68862",41.6026,-98.941,NA,2026-06-01
285296,Saunders Medical Center,1760 County Rd J,Wahoo,NE,68066,4024434685,770,Saunders,Y,Government - County,60,56.7,NA,Medicare and Medicaid,Y,SAUNDERS MEDICAL CENTER,2016-09-08,NA,NA,NA,NA,NA,NA,NA,N,NA,N,N,N,Resident,Yes,5,NA,5,NA,5,NA,5,NA,NA,2,4,NA,NA,NA,3.3484,0.94038,0.55335,1.49372,4.84212,4.4465,0.18478,0.00242,38.2,NA,42.9,NA,NA,26,1.22226,0.87826,2.04805,0.75558,0.59661,3.40024,3.01647,3.78594,1.06326,0.62565,5.47485,5.02753,2024-10-21,1,1,0,4,1,0,4,2023-11-02,2,2,0,8,1,0,8,5,NA,0,0,0,0,"1760 County Rd J,Wahoo,NE,68066",41.191,-96.678,NA,2026-06-01
285297,Brookestone View,850 Laurel Parkway Drive,Broken Bow,NE,68822,3087672300,200,Custer,N,Non profit - Other,60,57.9,NA,Medicare and Medicaid,N,VSL BROKEN BOW LLC,2017-01-01,VETTER SENIOR LIVING,547,22,4.3,3.8,4.5,4,N,NA,N,N,N,Resident,Yes,3,NA,3,NA,4,NA,4,NA,4,NA,4,NA,NA,NA,2.51498,0.852,0.57675,1.42875,3.94374,3.54591,0.32276,0.07644,29.8,NA,40,NA,0,NA,1.22403,0.87953,2.05102,0.75667,0.59748,3.40517,3.02084,2.8395,0.96193,0.65118,4.45261,4.00345,2025-02-27,5,5,0,32,1,0,32,2024-03-21,3,3,0,24,1,0,24,30,NA,0,0,0,0,"850 Laurel Parkway Drive,Broken Bow,NE,68822",41.4043,-99.641,22,2026-06-01
285298,Sandhills Care Center,143 N Fullerton Street,Ainsworth,NE,69210,4023871294,080,Brown,N,Government - City/county,46,31.7,NA,Medicare and Medicaid,N,AINSWORTH BROWN COUNTY CARE CENTER,2016-12-23,NA,NA,NA,NA,NA,NA,NA,N,NA,N,N,N,Resident,Yes,3,NA,2,NA,5,NA,5,NA,NA,2,3,NA,NA,NA,3.05374,0.44403,0.77555,1.21958,4.27332,3.35801,0.53012,0,NA,26,NA,26,2,NA,1.27789,0.91823,2.14126,0.78997,0.62377,3.555,3.15376,3.30247,0.4802,0.83872,4.62138,3.63152,2025-06-17,5,5,0,40,1,0,40,2024-05-23,12,11,4,76,1,0,76,49,NA,0,0,0,0,"143 N Fullerton Street,Ainsworth,NE,69210",42.5464,-99.847,NA,2026-06-01
285299,Heartland Ridge Care Center,5431 South 16th Street,Lincoln,NE,68512,5317393200,540,Lancaster,Y,For profit - Limited Liability company,47,23.7,NA,Medicare and Medicaid,N,SNF LINCOLN OPERATING COMPANY LLC,2017-11-01,PROMONTORY HEALTHCARE,428,3,3.3,3,4.3,3.7,N,NA,N,N,N,Resident,Yes,2,NA,2,NA,3,NA,2,NA,5,NA,4,NA,NA,NA,2.92764,0.96224,1.19165,2.1539,5.08153,4.42346,0.74775,0.30526,75.5,NA,73.3,NA,1,NA,1.39705,1.00386,2.34094,0.86363,0.68194,3.88651,3.44785,2.89603,0.95186,1.17879,5.02668,4.37571,2025-05-22,8,8,0,52,1,0,52,2024-06-13,10,7,3,88,1,0,88,61,NA,0,0,0,0,"5431 South 16th Street,Lincoln,NE,68512",40.7585,-96.699,NA,2026-06-01
285300,Hillcrest Firethorn,8601 Firethorn Lane,Lincoln,NE,68520,5317393500,540,Lancaster,Y,For profit - Corporation,72,59,NA,Medicare and Medicaid,N,"HILLCREST FIRETHORN, LLC",2017-12-07,NA,NA,NA,NA,NA,NA,NA,N,NA,N,N,N,Resident,Yes,4,NA,3,NA,5,NA,5,NA,5,NA,3,NA,NA,NA,2.43048,1.20516,0.36997,1.57513,4.00562,3.54775,0.34465,0.09619,46.9,NA,57.1,NA,0,NA,1.29142,0.92795,2.16393,0.79833,0.63037,3.59264,3.18715,2.60091,1.28966,0.39591,4.28649,3.79651,2025-04-01,4,4,1,28,1,0,28,2024-04-11,6,4,3,64,1,0,64,37,NA,0,0,0,0,"8601 Firethorn Lane,Lincoln,NE,68520",40.7765,-96.594,NA,2026-06-01
285302,Hillcrest Millard LLC,13225 Westwood Lane,Omaha,NE,68144,5313653000,270,Douglas,Y,For profit - Limited Liability company,76,60.5,NA,Medicare and Medicaid,N,"HILLCREST MILLARD, LLC",2018-02-23,NA,NA,NA,NA,NA,NA,NA,N,NA,N,N,N,Resident,Yes,2,NA,2,NA,4,NA,5,NA,4,NA,3,NA,NA,NA,2.57688,0.90425,0.73123,1.63548,4.21236,3.79028,0.44583,0.14022,68.6,NA,54.5,NA,0,NA,1.44026,1.0349,2.41333,0.89034,0.70303,4.0067,3.55448,2.4726,0.86765,0.70164,4.04189,3.63689,2026-02-24,6,6,1,52,1,0,52,2024-09-12,14,8,11,72,1,0,72,57,NA,0,0,0,0,"13225 Westwood Lane,Omaha,NE,68144",41.2276,-96.122,NA,2026-06-01
285303,St Joseph's Hillside Villa,540 E Washington Street,West Point,NE,68788,4023721118,190,Cuming,N,Non profit - Corporation,54,53.1,NA,Medicare and Medicaid,N,ST JOSEPHS ELDER SERVICES INC,2019-02-25,FRANCISCAN SISTERS OF CHRISTIAN CHARITY,868,3,5,4.7,4.7,3.3,N,NA,N,N,N,Resident,Yes,5,NA,5,NA,3,NA,4,NA,2,NA,5,NA,NA,NA,3.03748,0.4472,0.89434,1.34154,4.37903,3.86834,0.51319,0.02412,37.7,NA,27.3,NA,0,NA,1.12342,0.80724,1.88243,0.69447,0.54837,3.12527,2.77253,3.73656,0.55013,1.10017,5.38686,4.75864,2025-03-13,1,1,0,4,1,0,4,2024-03-07,4,3,1,16,1,0,16,7,NA,0,0,0,0,"540 E Washington Street,West Point,NE,68788",41.8439,-96.707,NA,2026-06-01
285305,Brookestone Gardens,2615 West 11th Street,Kearney,NE,68845,3082360211,090,Buffalo,N,Non profit - Corporation,54,50.8,NA,Medicare and Medicaid,N,VSL KEARNEY LLC,2019-08-21,VETTER SENIOR LIVING,547,22,4.3,3.8,4.5,4,N,NA,N,N,N,Resident,Yes,5,NA,3,NA,5,NA,5,NA,5,NA,5,NA,NA,NA,3.33965,0.43164,1.20496,1.6366,4.97626,4.24849,0.97708,0.18331,30.6,NA,13.3,NA,0,NA,1.30784,0.93975,2.19145,0.80848,0.63839,3.63832,3.22768,3.52895,0.45611,1.27326,5.25832,4.48931,2025-12-16,6,6,0,48,1,0,48,2024-10-31,3,3,0,12,1,0,12,39,NA,0,0,0,0,"2615 West 11th Street,Kearney,NE,68845",40.6852,-99.118,NA,2026-06-01
285306,Hemingford Care Center,605 Donald Avenue,Hemingford,NE,69348,3084873301,060,Box Butte,N,For profit - Corporation,39,30.8,NA,Medicare and Medicaid,N,"SENEX OF HEMINGFORD, LLC",2022-12-13,NA,NA,NA,NA,NA,NA,NA,N,SFF Candidate,N,N,N,Both,Yes,1,NA,1,NA,4,NA,4,NA,NA,2,1,24,NA,NA,2.93683,0.73239,0.7074,1.43979,4.37662,4.03883,0.4717,0.00209,57.1,NA,57.1,NA,2,NA,1.26386,0.90815,2.11775,0.78129,0.61692,3.51597,3.11913,3.21129,0.80084,0.77351,4.78563,4.41628,2026-02-02,19,15,11,132,2,66,198,2024-12-10,20,13,9,136,1,0,136,182.5,NA,0,0,0,0,"605 Donald Avenue,Hemingford,NE,69348",42.3196,-103.08,NA,2026-06-01
285307,Eventide Prairie Commons Care Center,3490 Ewoldt Street,Grand Island,NE,68803,3083211122,390,Hall,Y,Non profit - Corporation,36,23.5,NA,Medicare and Medicaid,N,"TABITHA GRAND ISLAND, INC",2023-04-12,NA,NA,NA,NA,NA,NA,NA,Y,NA,N,N,N,Resident,Yes,1,NA,1,NA,4,NA,4,NA,5,NA,4,NA,NA,NA,2.81495,1.44684,0.99584,2.44269,5.25764,4.99273,0.82763,0.16614,63,NA,87.5,NA,0,NA,1.38828,0.99756,2.32624,0.85821,0.67765,3.86211,3.4262,2.80215,1.44027,0.99132,5.23374,4.97003,2025-05-01,5,5,0,99,1,0,99,2024-05-01,10,8,3,72,0,0,72,92.25,NA,1,10296,0,1,"3490 Ewoldt Street,Grand Island,NE,68803",40.887,-98.383,NA,2026-06-01
28A060,"Quality Living, Inc.",6404 North 70th Plaza,Omaha,NE,68104,4025733700,270,Douglas,Y,Non profit - Corporation,133,99.1,NA,Medicaid,N,Legal Business Name Not Available,1990-05-25,NA,NA,NA,NA,NA,NA,NA,N,NA,N,N,N,Both,Yes,3,NA,3,NA,4,NA,4,NA,NA,2,4,NA,NA,NA,7.46495,0.82221,0.6182,1.44041,8.90536,7.52358,0.35102,0.29364,44.6,NA,72.2,NA,NA,26,1.44991,1.04184,2.42951,0.89631,0.70774,4.03356,3.57831,7.11515,0.78368,0.58923,8.48806,7.17104,2025-03-03,10,10,0,48,1,0,48,2024-02-01,4,4,0,16,1,0,16,40,NA,0,0,0,0,"6404 North 70th Plaza,Omaha,NE,68104",41.3156,-96.02,NA,2026-06-01
28A065,Carl T Curtis Health Education Center Nursing Home,923 Senior Circle,Macy,NE,68039,4028375381,860,Thurston,N,Government - Federal,25,22.7,NA,Medicaid,N,Legal Business Name Not Available,1990-10-02,NA,NA,NA,NA,NA,NA,NA,N,NA,N,N,N,Resident,Yes,4,NA,3,NA,3,NA,3,NA,NA,2,5,NA,NA,NA,3.3588,0.63603,1.00451,1.64054,4.99934,3.94675,0.6908,0,30.3,NA,42.9,NA,0,NA,1.09775,0.78879,1.83941,0.6786,0.53584,3.05385,2.70918,4.22845,0.80071,1.2646,6.29375,4.96864,2026-01-29,4,4,0,28,1,0,28,2024-10-31,7,4,3,40,1,0,40,31,NA,0,0,0,0,"923 Senior Circle,Macy,NE,68039",42.1201,-96.359,NA,2026-06-01
28E173,Legacy Square,1621 Front Street,Henderson,NE,68371,4027235301,920,York,N,For profit - Corporation,40,35.5,NA,Medicaid,Y,Legal Business Name Not Available,1981-06-01,NA,NA,NA,NA,NA,NA,NA,N,NA,N,N,N,Both,Yes,2,NA,1,NA,5,NA,5,NA,NA,2,5,NA,NA,NA,2.5752,0.74944,0.87165,1.62108,4.19628,3.54538,0.47847,0.00536,28.1,NA,0,NA,0,NA,1.07258,0.7707,1.79724,0.66304,0.52355,2.98383,2.64706,3.31805,0.96562,1.12308,5.40675,4.56808,2026-01-15,8,4,4,151,1,0,151,2024-09-04,3,3,1,16,1,0,16,117.25,NA,1,14069,1,2,"1621 Front Street,Henderson,NE,68371",40.7828,-97.808,NA,2026-06-01
28E180,Garden County Hospital & Nursing Home,1100 West 2nd St,Oshkosh,NE,69154,3087723283,340,Garden,N,Government - City/county,24,20.2,NA,Medicaid,Y,Legal Business Name Not Available,1974-03-31,NA,NA,NA,NA,NA,NA,NA,N,NA,N,N,N,Resident,Yes,3,NA,2,NA,3,NA,3,NA,NA,2,5,NA,NA,NA,2.56722,0.91617,0.91728,1.83346,4.40068,3.84222,0.714,0,44.4,NA,20,NA,1,NA,1.22998,0.88381,2.06099,0.76035,0.60038,3.42173,3.03553,2.88446,1.02939,1.03063,4.94447,4.31701,2025-08-25,4,4,0,52,1,0,52,2024-07-23,12,12,0,92,2,46,138,73.5,NA,0,0,0,0,"1100 West 2nd St,Oshkosh,NE,69154",41.4115,-102.35,NA,2026-06-01
28E191,Memorial Community Care,1423 Seventh Street,Aurora,NE,68818,4026948230,400,Hamilton,N,Non profit - Corporation,48,36.9,NA,Medicaid,Y,Legal Business Name Not Available,1979-01-01,NA,NA,NA,NA,NA,NA,NA,N,NA,N,N,N,Resident,Yes,4,NA,4,NA,4,NA,4,NA,NA,2,4,NA,NA,NA,3.25802,0.70987,0.50396,1.21384,4.47185,3.76916,0.30417,0.01295,40,NA,40,NA,0,NA,1.11051,0.79796,1.8608,0.6865,0.54207,3.08936,2.74068,4.05443,0.8834,0.62716,5.56499,4.69052,2026-02-02,1,1,0,16,1,0,16,2024-09-24,4,4,0,36,1,0,36,21,NA,0,0,0,0,"1423 Seventh Street,Aurora,NE,68818",40.8718,-98.01,NA,2026-06-01
28E257,Gordon Countryside Care,500 East 10th Street,Gordon,NE,69343,3082820806,800,Sheridan,N,Government - Hospital district,40,32,NA,Medicaid,Y,Legal Business Name Not Available,1979-03-13,NA,NA,NA,NA,NA,NA,NA,N,NA,N,N,N,Resident,Yes,5,NA,4,NA,4,NA,4,NA,NA,2,5,NA,NA,NA,2.7349,0.01853,1.08779,1.10632,3.84122,3.40366,0.76344,0,32.3,NA,0,NA,0,NA,1.0601,0.76174,1.77633,0.65533,0.51746,2.94912,2.61626,3.56528,0.02416,1.41807,5.00752,4.4371,2025-09-23,4,4,0,16,1,0,16,2024-07-31,6,5,1,40,1,0,40,22,NA,0,0,0,0,"500 East 10th Street,Gordon,NE,69343",42.8144,-102.2,NA,2026-06-01
28E271,Genoa Community Hospital/LTC,606 Ewing Avenue,Genoa,NE,68640,4029932283,620,Nance,N,Government - City,43,38.9,NA,Medicaid,Y,Legal Business Name Not Available,1989-01-24,NA,NA,NA,NA,NA,NA,NA,N,NA,N,N,N,Resident,Yes,2,NA,3,NA,1,NA,1,NA,NA,2,4,NA,NA,NA,2.49818,0.38094,0.57613,0.95707,3.45526,3.04752,0.2698,0.00727,27.3,NA,42.9,NA,0,NA,1.20429,0.86534,2.01793,0.74447,0.58784,3.35024,2.97211,2.86678,0.43715,0.66114,3.96506,3.49717,2025-05-28,4,4,1,28,1,0,28,2024-05-14,5,5,1,32,1,0,32,29,NA,0,0,0,0,"606 Ewing Avenue,Genoa,NE,68640",41.4434,-97.732,NA,2026-06-01
28E299,Hillcrest Shadow Lake LLC,1507 E Gold Coast Road,Papillion,NE,68046,4023396010,760,Sarpy,Y,For profit - Limited Liability company,114,101.5,NA,Medicaid,N,Legal Business Name Not Available,2016-09-23,NA,NA,NA,NA,NA,NA,NA,N,NA,N,N,N,Resident,Yes,2,NA,2,NA,4,NA,4,NA,NA,2,2,NA,NA,NA,2.60376,0.53939,0.24901,0.78839,3.39215,3.1771,0.14808,0.01116,60.6,NA,58.3,NA,0,NA,1.3026199999999999,0.936,2.18271,0.80526,0.63584,3.62381,3.2148,2.76237,0.57224,0.26418,3.59878,3.37063,2025-04-22,7,4,4,48,1,0,48,2024-04-04,18,12,9,144,1,0,144,72,NA,0,0,0,0,"1507 E Gold Coast Road,Papillion,NE,68046",41.1403,-96.037,NA,2026-06-01
28E300,Oglala Sioux Lakota Nursing Home,"7835 Elders Drive, State Highway 87",Rushville,NE,69360,3088624020,800,Sheridan,N,Non profit - Corporation,72,38.6,NA,Medicaid,N,Legal Business Name Not Available,2016-11-11,NA,NA,NA,NA,NA,NA,NA,N,NA,N,N,N,Resident,Yes,4,NA,3,NA,3,NA,3,NA,NA,2,5,NA,NA,NA,4.48726,0.51683,1.74078,2.2576,6.74486,6.07033,1.40035,0,36.4,NA,22.2,NA,0,NA,1.08167,0.77723,1.81247,0.66866,0.52799,3.00912,2.66949,5.73308,0.66032,2.22408,8.61747,7.75566,2025-12-17,3,3,1,24,1,0,24,2024-09-12,15,14,2,100,1,0,100,43,NA,0,0,0,0,"7835 Elders Drive, State Highway 87,Rushville,NE,69360",42.7191,-102.46,22,2026-06-01
28E302,"SRMC Long Term Care, LLC dba Pole Creek Estates",1855 Greenwood Rd,Sidney,NE,69162,3082547303,160,Cheyenne,N,Non profit - Other,63,59.7,NA,Medicaid,Y,Legal Business Name Not Available,2022-03-18,NA,NA,NA,NA,NA,NA,NA,N,NA,N,N,N,Resident,Yes,3,NA,3,NA,3,NA,3,NA,NA,2,4,NA,NA,NA,2.36734,0.60691,0.67578,1.28269,3.65003,3.31409,0.42811,0,53.2,NA,25,NA,0,NA,1.12293,0.80688,1.88161,0.69417,0.54813,3.1239,2.77132,2.91346,0.74691,0.83168,4.49205,4.07861,2025-07-17,5,5,0,32,1,0,32,2024-05-29,6,6,0,52,1,0,52,37,NA,0,0,0,0,"1855 Greenwood Rd,Sidney,NE,69162",41.1356,-102.95,NA,2026-06-01
28E303,Rock County Hospital Long Term Care,100 East South Street,Bassett,NE,68714,4026842991,740,Rock,N,Government - County,30,16.3,NA,Medicaid,Y,Legal Business Name Not Available,2025-04-01,NA,NA,NA,NA,NA,NA,NA,N,NA,N,N,N,Resident,Yes,2,NA,3,NA,4,NA,4,NA,NA,2,1,24,NA,NA,3.82887,0.67497,0.90276,1.57772,5.40659,4.64473,0.72162,0.00228,NA,27,NA,27,NA,27,1.12523,0.80854,1.88547,0.6956,0.54925,3.13031,2.77701,4.70249,0.82897,1.10874,6.6402,5.70451,2025-09-11,4,4,0,28,1,0,28,2024-08-20,8,8,2,64,1,0,64,37,NA,0,0,1,1,"100 East South Street,Bassett,NE,68714",42.5758,-99.538,NA,2026-06-01
