cms_certification_number_ccn,provider_name,provider_address,city_town,state,zip_code,telephone_number,provider_ssa_county_code,county_parish,urban,ownership_type,number_of_certified_beds,average_number_of_residents_per_day,average_number_of_residents_per_day_footnote,provider_type,provider_resides_in_hospital,legal_business_name,date_first_approved_to_provide_medicare_and_medicaid_services,chain_name,chain_id,number_of_facilities_in_chain,chain_average_overall_5_star_rating,chain_average_health_inspection_rating,chain_average_staffing_rating,chain_average_qm_rating,continuing_care_retirement_community,special_focus_status,abuse_icon,most_recent_health_inspection_more_than_2_years_ago,provider_changed_ownership_in_last_12_months,with_a_resident_and_family_council,automatic_sprinkler_systems_in_all_required_areas,overall_rating,overall_rating_footnote,health_inspection_rating,health_inspection_rating_footnote,qm_rating,qm_rating_footnote,long_stay_qm_rating,long_stay_qm_rating_footnote,short_stay_qm_rating,short_stay_qm_rating_footnote,staffing_rating,staffing_rating_footnote,reported_staffing_footnote,physical_therapist_staffing_footnote,reported_nurse_aide_staffing_hours_per_resident_per_day,reported_lpn_staffing_hours_per_resident_per_day,reported_rn_staffing_hours_per_resident_per_day,reported_licensed_staffing_hours_per_resident_per_day,reported_total_nurse_staffing_hours_per_resident_per_day,total_number_of_nurse_staff_hours_per_resident_per_day_on_the_weekend,registered_nurse_hours_per_resident_per_day_on_the_weekend,reported_physical_therapist_staffing_hours_per_resident_per_day,total_nursing_staff_turnover,total_nursing_staff_turnover_footnote,registered_nurse_turnover,registered_nurse_turnover_footnote,number_of_administrators_who_have_left_the_nursing_home,administrator_turnover_footnote,nursing_case_mix_index,nursing_case_mix_index_ratio,case_mix_nurse_aide_staffing_hours_per_resident_per_day,case_mix_lpn_staffing_hours_per_resident_per_day,case_mix_rn_staffing_hours_per_resident_per_day,case_mix_total_nurse_staffing_hours_per_resident_per_day,case_mix_weekend_total_nurse_staffing_hours_per_resident_per_day,adjusted_nurse_aide_staffing_hours_per_resident_per_day,adjusted_lpn_staffing_hours_per_resident_per_day,adjusted_rn_staffing_hours_per_resident_per_day,adjusted_total_nurse_staffing_hours_per_resident_per_day,adjusted_weekend_total_nurse_staffing_hours_per_resident_per_day,rating_cycle_1_standard_survey_health_date,rating_cycle_1_total_number_of_health_deficiencies,rating_cycle_1_number_of_standard_health_deficiencies,rating_cycle_1_number_of_complaint_health_deficiencies,rating_cycle_1_health_deficiency_score,rating_cycle_1_number_of_health_revisits,rating_cycle_1_health_revisit_score,rating_cycle_1_total_health_score,rating_cycle_2_standard_health_survey_date,rating_cycle_2_3_total_number_of_health_deficiencies,rating_cycle_2_number_of_standard_health_deficiencies,rating_cycle_2_3_number_of_complaint_health_deficiencies,rating_cycle_2_3_health_deficiency_score,rating_cycle_2_3_number_of_health_revisits,rating_cycle_2_3_health_revisit_score,rating_cycle_2_3_total_health_score,total_weighted_health_survey_score,number_of_citations_from_infection_control_inspections,number_of_fines,total_amount_of_fines_in_dollars,number_of_payment_denials,total_number_of_penalties,location,latitude,longitude,geocoding_footnote,processing_date
375094,EMERALD CARE CENTER TULSA,2425 SOUTH MEMORIAL,TULSA,OK,74129,9186280932,710,Tulsa,Y,For profit - Limited Liability company,118,58.2,NA,Medicare and Medicaid,N,GARDEN MANOR REHAB AND NURSING OF TULSA LLC,1989-04-12,EMERALD HEALTHCARE,630,14,1.5,1.6,1.9,1.9,N,NA,N,N,N,Resident,Yes,1,NA,1,NA,2,NA,3,NA,1,NA,2,NA,NA,NA,2.33221,0.83646,0.34662,1.18308,3.51529,3.4129,0.27454,0.01859,75.6,NA,88.9,NA,0,NA,1.26985,0.91245,2.12779,0.78499,0.61984,3.53263,3.13391,2.53814,0.91031,0.37723,3.82569,3.71425,2025-11-25,4,4,0,16,1,0,16,2024-04-11,41,25,18,268,2,134,402,112.5,NA,10,91783,1,11,"2425 SOUTH MEMORIAL,TULSA,OK,74129",36.1281,-95.887,NA,2026-06-01
375098,EMERALD CARE CENTER MIDWEST,2900 PARKLAWN DRIVE,MIDWEST CITY,OK,73110,4057376601,540,Oklahoma,Y,For profit - Limited Liability company,116,61.1,NA,Medicare and Medicaid,N,GARDEN MANOR REHAB AND NURSING OF MIDWEST CITY LLC,1989-06-02,EMERALD HEALTHCARE,630,14,1.5,1.6,1.9,1.9,N,NA,N,N,N,Resident,Yes,2,NA,2,NA,2,NA,3,NA,1,NA,2,NA,NA,NA,2.33831,1.04634,0.32586,1.3722,3.71052,3.4496000000000002,0.21701,0.07103,71.1,NA,70,NA,0,NA,1.24611,0.89539,2.08801,0.77032,0.60826,3.46658,3.07532,2.59326,1.16042,0.36139,4.11508,3.82571,2025-04-10,7,7,0,56,1,0,56,2023-12-13,17,7,10,100,1,0,100,67,NA,1,4017,0,1,"2900 PARKLAWN DRIVE,MIDWEST CITY,OK,73110",35.465,-97.393,NA,2026-06-01
375102,CIMARRON NURSING CENTER,905 BEALL ROAD,KINGFISHER,OK,73750,4053756857,360,Kingfisher,N,For profit - Corporation,92,52.6,NA,Medicare and Medicaid,N,"GREAT PLAINS CARE CENTER, INC.",1989-12-14,BGM ESTATE,78,15,1.9,2.3,1.9,2.5,N,NA,N,N,N,Resident,Yes,5,NA,5,NA,4,NA,4,NA,5,NA,4,NA,NA,NA,2.90576,0.78013,0.49094,1.27107,4.17683,3.67958,0.50308,0.01848,33.3,NA,14.3,NA,2,NA,1.12082,0.80537,1.87808,0.69287,0.5471,3.11805,2.76613,3.58279,0.9619,0.60533,5.15001,4.53691,2025-02-05,2,2,0,16,1,0,16,2023-11-16,0,0,0,0,0,0,0,12,NA,0,0,0,0,"905 BEALL ROAD,KINGFISHER,OK,73750",35.8482,-97.936,22,2026-06-01
375106,Brookwood Skilled Nursing and Therapy,940 Southwest 84th Street,Oklahoma City,OK,73139,4056360626,540,Oklahoma,Y,For profit - Corporation,137,115.6,NA,Medicare and Medicaid,N,BROOKWOOD NURSING CENTER LLC,1990-05-30,BRIDGES HEALTH,91,34,3.5,3.5,3.3,3.1,N,NA,N,N,N,Resident,Yes,1,NA,1,NA,3,NA,4,NA,2,NA,3,NA,NA,NA,1.96286,1.20608,0.41277,1.61885,3.58171,3.24958,0.3022,0.05208,61.4,NA,53.3,NA,1,NA,1.12531,0.80859,1.8856,0.69564,0.54929,3.13053,2.7772,2.41056,1.48117,0.50691,4.39864,3.99075,2025-09-17,6,5,1,56,2,28,84,2024-05-07,19,11,11,225,1,0,225,119.25,1,3,39328,1,4,"940 Southwest 84th Street,Oklahoma City,OK,73139",35.3819,-97.531,NA,2026-06-01
375107,THE GRAND AT BETHANY SKILLED NURSING AND THERAPY,7000 NORTHWEST 32ND STREET,BETHANY,OK,73008,4057897242,540,Oklahoma,Y,For profit - Partnership,161,110.8,NA,Medicare and Medicaid,N,"PUTNAM CITY CONVALESCENT CENTER, LLC",1990-10-19,BRIDGES HEALTH,91,34,3.5,3.5,3.3,3.1,N,NA,N,N,N,Resident,Yes,2,NA,2,NA,2,NA,3,NA,1,NA,3,NA,NA,NA,2.33285,1.12813,0.29002,1.41815,3.751,3.32618,0.2867,0.01539,54.3,NA,14.3,NA,1,NA,1.12521,0.80852,1.88542,0.69558,0.54924,3.13024,2.77695,2.8652,1.38556,0.3562,4.60696,4.0852,2026-01-07,5,4,1,20,1,0,20,2024-09-03,24,16,8,294,1,0,294,88.5,0,2,22919,0,2,"7000 NORTHWEST 32ND STREET,BETHANY,OK,73008",35.5042,-97.634,NA,2026-06-01
375109,HERITAGE VILLA CARE & REHAB CENTER,1244 WOODLAND LOOP DRIVE,BARTLESVILLE,OK,74006,9183353222,730,Washington,N,For profit - Limited Liability company,100,82.8,NA,Medicare and Medicaid,N,HERITAGE VILLA HEALTHCARE LLC,1991-04-01,MGM HEALTHCARE,348,32,2.4,2.2,1.7,3.9,N,NA,N,N,N,Resident,Yes,3,NA,2,NA,5,NA,5,NA,3,NA,2,NA,NA,NA,2.64607,0.85378,0.20751,1.06129,3.70736,3.3283,0.25287,0.01507,59,NA,NA,27,0,NA,1.23306,0.88602,2.06615,0.76225,0.60189,3.4303,3.04313,2.96562,0.95688,0.23257,4.15507,3.7302399999999998,2025-01-14,10,5,5,60,1,0,60,2023-09-22,14,14,9,80,1,0,80,65,NA,1,8278,0,1,"1244 WOODLAND LOOP DRIVE,BARTLESVILLE,OK,74006",36.7381,-95.933,22,2026-06-01
375110,Bartlesville Health and Rehabilitation Community,3434 Kentucky Place,Bartlesville,OK,74006,9183339545,730,Washington,N,For profit - Corporation,119,78.5,NA,Medicare and Medicaid,N,BARTLESVILLE CARE CENTER INC.,1991-04-01,NA,NA,NA,NA,NA,NA,NA,N,NA,N,N,N,Resident,Yes,1,NA,2,NA,2,NA,2,NA,3,NA,1,24,NA,NA,3.15202,1.06327,0.0804,1.14366,4.29568,4.19041,0.09894,0.00223,NA,26,NA,26,NA,26,1.12117,0.80562,1.87866,0.69308,0.54727,3.11902,2.76698,3.88524,1.3106,0.0991,5.29493,5.16517,2024-12-04,7,7,0,40,1,0,40,2023-08-28,13,10,4,136,2,68,204,81,NA,2,75816,1,3,"3434 Kentucky Place,Bartlesville,OK,74006",36.7543,-95.939,NA,2026-06-01
375113,RIVER OAKS SKILLED NURSING AND THERAPY,1901 PARKVIEW DRIVE,EL RENO,OK,73036,4052622833,080,Canadian,Y,For profit - Partnership,120,77.5,NA,Medicare and Medicaid,N,EL RENO NURSING CENTER LLC,1991-10-11,BRIDGES HEALTH,91,34,3.5,3.5,3.3,3.1,N,NA,N,N,N,Resident,Yes,5,NA,5,NA,2,NA,4,NA,1,NA,4,NA,NA,NA,2.09477,1.15142,0.22684000000000001,1.37826,3.47303,3.10916,0.22212,0.01427,31.3,NA,20,NA,0,NA,1.02455,0.73619,1.71676,0.63335,0.50011,2.85022,2.52852,2.82556,1.55311,0.30597,4.68464,4.19383,2025-04-18,1,1,0,4,1,0,4,2023-12-15,0,0,0,0,0,0,0,3,NA,0,0,0,0,"1901 PARKVIEW DRIVE,EL RENO,OK,73036",35.5306,-97.975,NA,2026-06-01
375116,GRAND LAKE VILLA,103 HAR-BER ROAD,GROVE,OK,74344,9187862276,200,Delaware,N,For profit - Limited Liability company,100,64.2,NA,Medicare and Medicaid,N,"OAK LAKE, LLC",1992-01-07,MARSH POINTE MANAGEMENT,337,6,3,2.8,4,3,N,NA,N,N,N,Resident,Yes,5,NA,5,NA,4,NA,4,NA,3,NA,5,NA,NA,NA,2.99772,0.30982,0.71622,1.02603,4.02375,3.58411,0.7516,0.01236,41.5,NA,25,NA,1,NA,1.04806,0.75309,1.75616,0.64789,0.51158,2.91563,2.58656,3.95279,0.40852,0.9444,5.30571,4.72601,2024-06-12,1,0,1,4,0,0,4,2023-05-05,5,4,1,24,1,0,24,9,NA,1,8496,0,1,"103 HAR-BER ROAD,GROVE,OK,74344",36.583,-94.771,NA,2026-06-01
375117,Oak Hills Living Center,1100 West Georgia,Jones,OK,73049,4054002295,540,Oklahoma,Y,For profit - Limited Liability company,160,115.2,NA,Medicare and Medicaid,N,"OAK HILLS CARE CENTER RECEIVERSHIP, LLC",1992-02-10,NA,NA,NA,NA,NA,NA,NA,N,SFF Candidate,Y,N,N,Resident,Yes,1,NA,1,NA,1,NA,2,NA,1,NA,2,NA,NA,NA,2.30449,0.86541,0.19493,1.06035,3.36483,3.17522,0.15736,0,75.9,NA,90,NA,NA,26,1.03255,0.74194,1.73017,0.6383,0.50401,2.87249,2.54828,3.08433,1.15827,0.2609,4.5035,4.24972,2025-01-21,17,13,10,223,2,112,335,2023-11-06,19,5,15,88,2,44,132,284.25,NA,3,137245,2,5,"1100 West Georgia,Jones,OK,73049",35.5629,-97.296,NA,2026-06-01
375119,HERITAGE AT BRANDON PLACE HEALTH & REHABILITATION,13500 BRANDON PLACE,OKLAHOMA CITY,OK,73142,4057200010,540,Oklahoma,Y,For profit - Limited Liability company,118,47,NA,Medicare and Medicaid,N,"SOUTHWEST LTC - QUAIL CREEK, LLC",1995-01-01,SOUTHWEST LTC,481,13,3.1,3.6,1.8,2.5,N,NA,N,N,N,Resident,Yes,3,NA,3,NA,4,NA,4,NA,NA,2,2,NA,NA,NA,1.7695,0.85452,0.38522,1.23975,3.00925,2.7264,0.41188,0.03266,92.4,NA,71.4,NA,1,NA,1.12858,0.81095,1.89108,0.69767,0.55089,3.13964,2.78528,2.16679,1.04638,0.47171,3.68488,3.33853,2026-01-14,2,2,1,24,1,0,24,2024-05-31,11,4,11,135,1,0,135,51.75,NA,2,35311,0,2,"13500 BRANDON PLACE,OKLAHOMA CITY,OK,73142",35.6058,-97.63,NA,2026-06-01
375122,GRACE SKILLED AND NURSING THERAPY NORMAN,4554 WEST MAIN,NORMAN,OK,73072,4053668800,130,Cleveland,Y,For profit - Corporation,136,110.5,NA,Medicare and Medicaid,N,SECURITY HEALTH CARE LLC,1992-06-01,BRIDGES HEALTH,91,34,3.5,3.5,3.3,3.1,N,NA,N,N,N,Resident,Yes,5,NA,5,NA,4,NA,5,NA,1,NA,3,NA,NA,NA,1.93005,1.20798,0.38807,1.59604,3.52609,3.24891,0.12255,0.04545,42.1,NA,45.5,NA,1,NA,1.21303,0.87162,2.03258,0.74987,0.59211,3.37456,2.99368,2.19886,1.37622,0.44212,4.01719,3.7014,2026-02-11,3,3,0,12,1,0,12,2024-05-16,3,3,0,12,1,0,12,12,NA,0,0,0,0,"4554 WEST MAIN,NORMAN,OK,73072",35.2184,-97.509,NA,2026-06-01
375123,MEMORIAL HEIGHTS NURSING CENTER,1305 SOUTHEAST ADAMS,IDABEL,OK,74745,5802861065,440,Mccurtain,N,Non profit - Corporation,118,90.8,NA,Medicare and Medicaid,N,HEARTWAY CORPORATION,1992-06-22,NA,NA,NA,NA,NA,NA,NA,N,NA,N,N,N,Resident,Yes,1,NA,2,NA,1,NA,2,NA,1,NA,1,NA,NA,NA,1.92922,0.69215,0.1381,0.83025,2.75947,2.53009,0.19888,0.00532,54.7,NA,NA,27,1,NA,1.16899,0.83998,1.95879,0.72265,0.57061,3.25205,2.88501,2.28071,0.81825,0.16326,3.26222,2.99105,2026-04-15,8,8,2,56,1,0,56,2025-06-12,12,5,7,100,1,0,100,67,NA,1,7443,0,1,"1305 SOUTHEAST ADAMS,IDABEL,OK,74745",33.8938,-94.813,NA,2026-06-01
375124,SEQUOYAH POINTE SKILLED NURSING AND THERAPY,614 E CHERRIE STREET,TAHLEQUAH,OK,74465,9184562573,100,Cherokee,N,For profit - Partnership,125,54.4,NA,Medicare and Medicaid,N,EAST SHAWNEE NURSING CENTER L L C,1992-08-04,BRIDGES HEALTH,91,34,3.5,3.5,3.3,3.1,N,NA,N,N,N,Resident,Yes,4,NA,4,NA,3,NA,3,NA,3,NA,3,NA,NA,NA,1.91838,1.3517,0.22031,1.57202,3.4904,3.22021,0.30274,0.01041,46.8,NA,NA,27,0,NA,1.02888,0.73931,1.72402,0.63604,0.50222,2.86228,2.53923,2.57672,1.81558,0.29592,4.68822,4.32531,2025-01-08,3,3,0,12,1,0,12,2023-11-02,8,7,3,56,1,0,56,23,NA,0,0,0,0,"614 E CHERRIE STREET,TAHLEQUAH,OK,74465",35.9144,-94.962,NA,2026-06-01
375132,YORK MANOR NURSING HOME,500 SOUTH YORK,MUSKOGEE,OK,74403,9186826724,500,Muskogee,N,Non profit - Corporation,60,40.2,NA,Medicare and Medicaid,N,HEARTWAY CORPORATION,1993-01-20,NA,NA,NA,NA,NA,NA,NA,N,NA,N,N,N,Resident,Yes,1,NA,1,NA,2,NA,2,NA,NA,2,4,NA,NA,NA,2.31373,0.5414,0.33294,0.87434,3.18807,3.3735,0.32387,0.00426,57.1,NA,NA,27,0,NA,0.88204,0.63379,1.47796,0.54526,0.43054,2.45377,2.17682,3.62515,0.84826,0.52165,4.99506,5.28558,2025-09-15,18,18,1,144,1,0,144,2025-01-29,16,6,10,104,1,0,104,134,NA,0,0,0,0,"500 SOUTH YORK,MUSKOGEE,OK,74403",35.7373,-95.34,NA,2026-06-01
375135,EMERALD CARE CENTER SOUTHWEST LLC,5600 SOUTH WALKER,OKLAHOMA CITY,OK,73109,4056327771,540,Oklahoma,Y,For profit - Individual,112,68.9,NA,Medicare and Medicaid,N,GARDEN MANOR REHAB AND NURSING OF SOUTHWEST LLC,1993-02-01,EMERALD HEALTHCARE,630,14,1.5,1.6,1.9,1.9,N,NA,N,N,N,Resident,Yes,1,NA,1,NA,2,NA,3,NA,1,NA,3,NA,NA,NA,2.20641,0.8465,0.30620000000000003,1.15269,3.3591,3.18757,0.37399,0.01091,60.9,NA,28.6,NA,0,NA,1.21474,0.87285,2.03544,0.75093,0.59294,3.37931,2.9979,2.51017,0.96304,0.34835,3.82156,3.62642,2024-12-13,9,8,1,68,1,0,68,2023-08-18,30,13,25,192,1,0,192,99,NA,1,8278,1,2,"5600 SOUTH WALKER,OKLAHOMA CITY,OK,73109",35.4085,-97.521,NA,2026-06-01
375140,CHECOTAH NURSING CENTER,321 SOUTHEAST 2ND STREET,CHECOTAH,OK,74426,9184732251,450,Mcintosh,N,For profit - Limited Liability company,82,40.7,NA,Medicare and Medicaid,N,CHECOTAH NURSING AND REHABILITATION LLC,1993-08-01,NA,NA,NA,NA,NA,NA,NA,N,NA,N,N,N,Resident,Yes,1,NA,2,NA,2,NA,2,NA,2,NA,1,24,25,6,NA,NA,NA,NA,NA,NA,NA,NA,66.7,NA,NA,27,NA,26,NA,NA,NA,NA,NA,NA,NA,NA,NA,NA,NA,NA,2025-12-12,6,2,6,60,1,0,60,2024-08-09,11,5,6,96,1,0,96,69,NA,2,102895,1,3,"321 SOUTHEAST 2ND STREET,CHECOTAH,OK,74426",35.4661,-95.52,NA,2026-06-01
375141,RIVER VALLEY SKILLED NURSING AND THERAPY,2400 WEST MODELLE,CLINTON,OK,73601,5803231110,190,Custer,N,For profit - Partnership,100,48.9,NA,Medicare and Medicaid,N,CLINTON NURSING CENTER LLC,1993-11-01,BRIDGES HEALTH,91,34,3.5,3.5,3.3,3.1,N,NA,N,N,N,Resident,Yes,5,NA,5,NA,5,NA,5,NA,3,NA,4,NA,NA,NA,2.43561,0.96311,0.39693,1.36004,3.79565,3.60508,0.28832,0,40,NA,NA,27,1,NA,1.05359,0.75706,1.76542,0.65130999999999994,0.51428,2.931,2.60019,3.19476,1.2633,0.52064,4.9787,4.72873,2026-03-19,3,3,1,12,1,0,12,2024-12-19,2,2,0,12,1,0,12,12,NA,0,0,0,0,"2400 WEST MODELLE,CLINTON,OK,73601",35.5086,-98.99,NA,2026-06-01
375144,COTTONWOOD CREEK SKILLED NURSING & THERAPY,2300 IOWA AVENUE,CHICKASHA,OK,73023,4052246456,250,Grady,Y,For profit - Partnership,120,67.4,NA,Medicare and Medicaid,N,CONVALESCENT CENTER OF GRADY COUNTY,1993-11-01,BRIDGES HEALTH,91,34,3.5,3.5,3.3,3.1,N,NA,N,N,N,Resident,Yes,4,NA,4,NA,2,NA,3,NA,1,NA,3,NA,NA,NA,2.29857,1.3606,0.23436,1.59496,3.89354,3.68325,0.19523,0.01815,47.1,NA,NA,27,1,NA,1.25671,0.90301,2.10577,0.77687,0.61343,3.49607,3.10148,2.52769,1.49623,0.25772,4.28164,4.05039,2025-02-06,5,5,4,24,1,0,24,2023-12-14,6,5,2,40,1,0,40,28,NA,0,0,0,0,"2300 IOWA AVENUE,CHICKASHA,OK,73023",35.0477,-97.964,NA,2026-06-01
375146,Broadway Care & Rehab Center,1622 East Broadway,Muskogee,OK,74403,9186832851,500,Muskogee,N,For profit - Limited Liability company,105,82.2,NA,Medicare and Medicaid,N,"BROADWAY HEALTHCARE, LLC",1993-12-06,MGM HEALTHCARE,348,32,2.4,2.2,1.7,3.9,N,NA,N,N,N,Both,Yes,1,NA,1,NA,3,NA,5,NA,1,NA,3,NA,NA,NA,2.75957,0.91334,0.27228,1.18562,3.94519,2.91537,0.25534,0.01578,48.4,NA,60,NA,0,NA,1.28619,0.9242,2.15518,0.7951,0.62782,3.57809,3.17425,2.96507,0.98136,0.29256,4.23899,3.13247,2025-05-29,4,2,4,137,1,0,137,2024-02-15,9,4,5,56,1,0,56,116.75,NA,2,37638,1,3,"1622 East Broadway,Muskogee,OK,74403",35.7422,-95.35,NA,2026-06-01
375148,GLENWOOD SKILLED NURSING AND THERAPY,1700 EAST 141ST STREET,GLENPOOL,OK,74033,9182914230,710,Tulsa,Y,For profit - Partnership,119,62.2,NA,Medicare and Medicaid,N,GLENPOOL OPERATIONS LLC,1994-01-01,BRIDGES HEALTH,91,34,3.5,3.5,3.3,3.1,N,NA,N,Y,N,Resident,Yes,3,NA,3,NA,3,NA,4,NA,2,NA,2,NA,NA,NA,1.96321,1.16032,0.16695,1.32727,3.29049,3.08947,0.15578,0.00676,71.6,NA,100,NA,0,NA,1.0288,0.73924,1.72388,0.63598,0.50218,2.86204,2.53901,2.63717,1.55865,0.22426,4.42008,4.15006,2024-03-15,7,7,2,48,1,0,48,2023-02-23,8,3,5,60,1,0,60,51,NA,1,7713,0,1,"1700 EAST 141ST STREET,GLENPOOL,OK,74033",35.9592,-95.983,NA,2026-06-01
375150,MEDICALODGES DEWEY,430 BARTLES ROAD,DEWEY,OK,74029,9185342848,730,Washington,N,For profit - Corporation,58,36.8,NA,Medicare and Medicaid,N,MEDICALODGES INC,1994-01-01,"MEDICALODGES, INC.",344,20,2.7,2.4,3.8,3.2,N,NA,N,N,N,Resident,Yes,5,NA,4,NA,3,NA,3,NA,NA,2,5,NA,NA,NA,2.02369,0.70208,0.56993,1.272,3.29569,2.57231,0.41319,0.06147,40.7,NA,NA,27,0,NA,0.94743,0.68078,1.58753,0.58568,0.46246,2.63567,2.33819,2.95188,1.02409,0.83133,4.8073,3.75212,2024-11-05,2,2,0,12,1,0,12,2023-08-10,6,6,3,36,1,0,36,18,NA,0,0,0,0,"430 BARTLES ROAD,DEWEY,OK,74029",36.7716,-95.957,NA,2026-06-01
375151,CAPITOL HILL SKILLED NURSING AND THERAPY,2400 SOUTHWEST 55TH STREET,OKLAHOMA CITY,OK,73119,4056815381,540,Oklahoma,Y,For profit - Partnership,120,64.2,NA,Medicare and Medicaid,N,"CAPITOL HILL NURSING CENTER, LLC",1994-02-01,BRIDGES HEALTH,91,34,3.5,3.5,3.3,3.1,N,NA,N,N,N,Resident,Yes,4,NA,4,NA,2,NA,4,NA,1,NA,3,NA,NA,NA,2.2839,1.0924,0.26324,1.35565,3.63955,3.30628,0.25345,0.0081,61.8,NA,60,NA,0,NA,1.09919,0.78982,1.84183,0.6795,0.53654,3.05786,2.71273,2.87147,1.37344,0.33097,4.57588,4.15688,2024-11-12,10,10,6,40,1,0,40,2023-08-29,3,3,0,12,1,0,12,33,NA,0,0,0,0,"2400 SOUTHWEST 55TH STREET,OKLAHOMA CITY,OK,73119",35.4098,-97.555,NA,2026-06-01
375155,KINGWOOD SKILLED NURSING AND THERAPY,1921 NORTHEAST 21ST STREET,OKLAHOMA CITY,OK,73111,4054241449,540,Oklahoma,Y,For profit - Partnership,105,72.3,NA,Medicare and Medicaid,N,TERRACE GARDENS NURSING CENTER LLC,1994-01-01,BRIDGES HEALTH,91,34,3.5,3.5,3.3,3.1,N,NA,N,N,N,Resident,Yes,3,NA,3,NA,4,NA,4,NA,NA,2,4,NA,NA,NA,2.01973,0.71081,0.58212,1.29293,3.31266,3.36817,0.44486,0.00584,45.3,NA,20,NA,0,NA,1.07072,0.76937,1.79413,0.6619,0.52265,2.97868,2.64249,2.60684,0.91743,0.75134,4.27561,4.34726,2024-12-11,11,11,0,76,1,0,76,2023-10-19,0,0,0,0,0,0,0,57,0,1,15180,0,1,"1921 NORTHEAST 21ST STREET,OKLAHOMA CITY,OK,73111",35.4913,-97.478,NA,2026-06-01
375158,The Timbers Skilled Nursing and Therapy,2520 South Rankin,Edmond,OK,73013,4053411433,540,Oklahoma,Y,For profit - Partnership,129,117.8,NA,Medicare and Medicaid,N,TIMBERLANE MANOR LLC,1994-04-01,BRIDGES HEALTH,91,34,3.5,3.5,3.3,3.1,N,NA,N,N,N,Resident,Yes,1,NA,1,NA,3,NA,4,NA,1,NA,4,NA,NA,NA,2.08916,1.2477,0.34545,1.59315,3.68232,3.06729,0.19929,0.00755,54.2,NA,36.4,NA,0,NA,1.07259,0.77071,1.79725,0.66305,0.52356,2.98386,2.64708,2.69178,1.6076,0.4451,4.74448,3.95204,2026-02-27,5,3,2,149,1,0,149,2024-06-20,4,1,3,48,1,0,48,123.75,2,2,34706,0,2,"2520 South Rankin,Edmond,OK,73013",35.6298,-97.475,NA,2026-06-01
375159,THE SPRINGS SKILLED NURSING AND THERAPY,5800 WEST OKMULGEE,MUSKOGEE,OK,74401,9186832914,500,Muskogee,N,For profit - Partnership,105,91.6,NA,Medicare and Medicaid,N,AZALEA PARK MANOR LLC,1994-04-01,BRIDGES HEALTH,91,34,3.5,3.5,3.3,3.1,N,NA,N,N,N,Resident,Yes,3,NA,3,NA,2,NA,3,NA,1,NA,3,NA,NA,NA,2.72335,1.17446,0.24823,1.42269,4.14604,4.27857,0.26583,0.02458,59.8,NA,50,NA,0,NA,1.08155,0.77715,1.81227,0.66859,0.52793,3.00879,2.6692,3.47983,1.5007,0.31718,5.2977,5.46705,2025-11-20,12,12,4,56,1,0,56,2024-05-31,6,4,4,52,1,0,52,55,NA,0,0,0,0,"5800 WEST OKMULGEE,MUSKOGEE,OK,74401",35.7549,-95.435,NA,2026-06-01
375160,Elmbrook Home,1811 9Th Avenue NW,Ardmore,OK,73401,5802233303,090,Carter,N,For profit - Individual,126,69.6,NA,Medicare and Medicaid,N,"ELMBROOK HOME, INC.",1994-03-14,ELMBROOK MANAGEMENT COMPANY,198,11,3.5,3.7,3.1,2.4,N,NA,N,N,N,Resident,Yes,2,NA,2,NA,2,NA,3,NA,1,NA,4,NA,NA,NA,2.3593,0.76852,0.4151,1.18362,3.54292,2.82929,0.18203,0,37.9,NA,NA,27,1,NA,1.11156,0.79871,1.86255,0.68714,0.54258,3.09227,2.74326,2.93327,0.95548,0.51609,4.40483,3.51759,2025-01-16,11,7,5,76,1,0,76,2023-10-26,1,0,1,4,0,0,4,58,NA,0,0,0,0,"1811 9Th Avenue NW,Ardmore,OK,73401",34.1846,-97.151,NA,2026-06-01
375165,Broken Bow Health and Rehab,700 West Jones,Broken Bow,OK,74728,5805846433,440,Mccurtain,N,For profit - Partnership,105,63.1,NA,Medicare and Medicaid,N,"BBHR OPCO, LLC",1994-04-01,NA,NA,NA,NA,NA,NA,NA,N,NA,N,N,N,Resident,Yes,2,NA,2,NA,2,NA,2,NA,1,NA,2,NA,NA,NA,2.13125,0.43348,0.4806,0.91408,3.04533,2.82145,0.30274,0.01276,67.2,NA,77.8,NA,NA,26,1.15791,0.83202,1.94023,0.7158,0.5652,3.22123,2.85766,2.54365,0.51736,0.5736,3.63461,3.36741,2024-12-12,11,7,5,80,1,0,80,2023-08-31,11,9,8,80,1,0,80,80,NA,1,7443,0,1,"700 West Jones,Broken Bow,OK,74728",34.0217,-94.744,NA,2026-06-01
375166,THE OAKS HEALTHCARE CENTER,1501 CLAYTON AVENUE,POTEAU,OK,74953,9186478236,390,Le Flore,N,For profit - Limited Liability company,158,100.1,NA,Medicare and Medicaid,N,"THE OAKS HEALTHCARE CENTER - POTEAU, LLC",1994-04-01,NA,NA,NA,NA,NA,NA,NA,N,NA,N,N,N,Resident,Yes,2,NA,2,NA,2,NA,1,NA,2,NA,2,NA,NA,NA,2.27287,0.83045,0.13656,0.96701,3.23988,3.44183,0.09448,0,60,NA,57.1,NA,0,NA,1.07946,0.77565,1.80877,0.6673,0.52691,3.00298,2.66404,2.90983,1.06318,0.17483,4.14785,4.40639,2025-02-26,14,11,3,92,1,0,92,2023-10-27,17,10,8,96,1,0,96,93,NA,0,0,0,0,"1501 CLAYTON AVENUE,POTEAU,OK,74953",35.0457,-94.612,NA,2026-06-01
375168,Ambassador Manor Nursing Center,1340 East 61St Street,Tulsa,OK,74136,9187438978,710,Tulsa,Y,For profit - Partnership,171,124.7,NA,Medicare and Medicaid,N,AMBASSADOR OPERATIONS LLC,1994-05-01,BRIDGES HEALTH,91,34,3.5,3.5,3.3,3.1,N,NA,N,N,N,Both,Yes,1,NA,1,NA,2,NA,4,NA,1,NA,4,NA,NA,NA,2.23812,0.76738,0.45099,1.21837,3.45649,3.4731900000000002,0.35312,0.00716,54.2,NA,33.3,NA,0,NA,1.05631,0.75901,1.76998,0.65299,0.51561,2.93858,2.60691,2.92813,1.00397,0.59003,4.52213,4.54399,2024-10-24,13,2,12,185,1,0,185,2023-09-22,7,2,7,36,1,0,36,147.75,NA,1,9077,0,1,"1340 East 61St Street,Tulsa,OK,74136",36.0753,-95.966,NA,2026-06-01
375171,Village Health Care Center,1709 South Main,Broken Arrow,OK,74012,9182512626,710,Tulsa,Y,For profit - Limited Liability company,90,48.6,NA,Medicare and Medicaid,N,VILLAGE HEALTH SERVICES LLC,1994-04-15,NA,NA,NA,NA,NA,NA,NA,N,NA,N,N,N,Resident,Yes,1,NA,1,NA,2,NA,2,NA,NA,2,1,24,NA,NA,2.50163,0.839,0.17551,1.01451,3.51614,3.54518,0.15068,0.00555,73.4,NA,100,NA,0,NA,1.10508,0.79406,1.8517,0.68314,0.53942,3.07425,2.72727,3.12845,1.04923,0.21949,4.39717,4.43348,2025-08-28,10,6,4,139,1,0,139,2024-04-11,5,5,2,20,1,0,20,109.25,NA,1,44220,0,1,"1709 South Main,Broken Arrow,OK,74012",36.037,-95.791,NA,2026-06-01
375172,Southern Hills Rehabilitation Center,5170 South Vandalia,Tulsa,OK,74135,9184963963,710,Tulsa,Y,For profit - Limited Liability company,106,70.8,NA,Medicare and Medicaid,N,SOUTHERN HILLS REHAB CENTER LLC,1994-03-01,SELECTIS HEALTH,858,6,2.4,2.4,2.2,3.4,Y,NA,N,N,N,Resident,Yes,3,NA,3,NA,3,NA,2,NA,3,NA,2,NA,NA,NA,3.09983,0.71796,0.2502,0.96815,4.06799,3.67113,0.32065,0.00472,87.4,NA,100,NA,3,NA,1.19977,0.8621,2.01036,0.74167,0.58564,3.33767,2.96096,3.5706,0.82699,0.28819,4.68578,4.22866,2024-11-26,4,2,2,20,1,0,20,2023-11-01,9,8,3,143,1,0,143,50.75,NA,1,15766,0,1,"5170 South Vandalia,Tulsa,OK,74135",36.0871,-95.924,NA,2026-06-01
375173,"Sequoyah Manor, LLC",615 East Redwood,Sallisaw,OK,74955,9187754881,670,Sequoyah,Y,For profit - Limited Liability company,162,77.8,NA,Medicare and Medicaid,N,SEQUOYAH MANOR LLC,1994-05-01,NA,NA,NA,NA,NA,NA,NA,N,SFF Candidate,Y,N,N,Resident,Yes,1,NA,1,NA,3,NA,1,NA,5,NA,1,25,25,6,NA,NA,NA,NA,NA,NA,NA,NA,NA,26,NA,26,NA,26,NA,NA,NA,NA,NA,NA,NA,NA,NA,NA,NA,NA,2024-12-19,14,13,1,209,1,0,209,2023-09-01,28,22,10,204,1,0,204,207.75,NA,2,33270,1,3,"615 East Redwood,Sallisaw,OK,74955",35.4635,-94.781,NA,2026-06-01
375174,BRENTWOOD EXTENDED CARE & REHAB,841 NORTH 38TH STREET,MUSKOGEE,OK,74401,9186838070,500,Muskogee,N,For profit - Individual,90,52.1,NA,Medicare and Medicaid,N,BRENTWOOD EXTENDED CARE & REHAB. LLC,1994-04-15,NA,NA,NA,NA,NA,NA,NA,N,NA,N,N,N,Resident,Yes,1,NA,2,NA,1,NA,1,NA,NA,2,1,24,NA,NA,1.9473800000000001,0.59304,0.2892,0.88224,2.82962,2.59544,0.37035,0.00292,NA,26,NA,26,NA,26,1.07461,0.77217,1.80065,0.6643,0.52454,2.98949,2.65208,2.50438,0.76266,0.37192,3.63895,3.33778,2025-07-31,5,5,4,32,1,0,32,2024-03-25,29,21,8,277,1,0,277,93.25,NA,9,97625,0,9,"841 NORTH 38TH STREET,MUSKOGEE,OK,74401",35.7621,-95.409,NA,2026-06-01
375178,STILLWATER CREEK SKILLED NURSING AND THERAPY,1215 WEST 10TH STREET,STILLWATER,OK,74074,4053721000,590,Payne,N,For profit - Partnership,112,70.1,NA,Medicare and Medicaid,N,STILLWATER NURSING CENTER LLC,1994-08-01,BRIDGES HEALTH,91,34,3.5,3.5,3.3,3.1,N,NA,N,Y,N,Resident,Yes,2,NA,2,NA,2,NA,3,NA,1,NA,2,NA,NA,NA,1.99173,0.9486,0.26095,1.20956,3.20129,3.01532,0.17643,0.02033,56.3,NA,80,NA,0,NA,1.13071,0.81247,1.89465,0.69898,0.55193,3.14555,2.79053,2.43433,1.1594,0.31894,3.91267,3.68538,2024-03-15,11,11,0,76,1,0,76,2023-01-27,11,10,1,72,1,0,72,75,NA,0,0,0,0,"1215 WEST 10TH STREET,STILLWATER,OK,74074",36.1089,-97.064,NA,2026-06-01
375182,ENID SENIOR CARE,410 NORTH 30TH STREET,ENID,OK,73701,5802371973,230,Garfield,Y,For profit - Limited Liability company,102,57.1,NA,Medicare and Medicaid,N,SENIOR NH LLC,1994-08-01,MARSH POINTE MANAGEMENT,337,6,3,2.8,4,3,N,NA,N,N,N,Resident,Yes,3,NA,3,NA,2,NA,2,NA,NA,2,4,NA,NA,NA,3.39656,0.62606,0.34392,0.96997,4.36653,3.889,0.31542,0.02961,37.9,NA,NA,27,0,NA,1.09361,0.78582,1.83248,0.67605,0.53382,3.04235,2.69897,4.29217,0.79113,0.4346,5.5179,4.91445,2024-11-15,6,6,0,28,1,0,28,2023-08-31,2,0,2,83,0,0,83,41.75,NA,1,34805,0,1,"410 NORTH 30TH STREET,ENID,OK,73701",36.4009,-97.837,NA,2026-06-01
375185,UNIVERSITY PARK SKILLED NURSING AND THERAPY MEMORY,1201 NORTH VINITA AVENUE,TAHLEQUAH,OK,74464,9184566181,100,Cherokee,N,For profit - Partnership,139,46.7,NA,Medicare and Medicaid,N,UNIVERSITY NORTHWEST LLC,1994-09-01,BRIDGES HEALTH,91,34,3.5,3.5,3.3,3.1,N,NA,N,N,N,Resident,Yes,4,NA,4,NA,4,NA,4,NA,NA,2,4,NA,NA,NA,2.67224,0.92099,0.31928,1.24027,3.91251,3.79744,0.29857,0.00958,40.8,NA,33.3,NA,1,NA,1.03654,0.74481,1.73686,0.64077,0.50596,2.88359,2.55813,3.56276,1.22791,0.42568,5.21636,5.06294,2025-03-10,5,5,0,24,1,0,24,2023-11-30,8,5,3,52,1,0,52,31,NA,0,0,0,0,"1201 NORTH VINITA AVENUE,TAHLEQUAH,OK,74464",35.9262,-94.973,NA,2026-06-01
375186,MID-DEL SKILLED NURSING AND THERAPY,400 SOUTH SCOTT STREET,DEL CITY,OK,73115,4056773349,540,Oklahoma,Y,For profit - Partnership,61,46.2,NA,Medicare and Medicaid,N,DEL CITY NURSING CENTER LLC,1994-09-01,BRIDGES HEALTH,91,34,3.5,3.5,3.3,3.1,N,NA,N,N,N,Resident,Yes,4,NA,4,NA,3,NA,5,NA,1,NA,4,NA,NA,NA,2.34845,1.25646,0.35091,1.60736,3.95581,3.52855,0.20025,0.01888,47.7,NA,NA,27,0,NA,1.10514,0.7941,1.85181,0.68318,0.53945,3.07443,2.72743,2.93671,1.57119,0.43881,4.94671,4.41242,2025-03-20,1,1,0,16,1,0,16,2023-11-22,5,1,4,20,1,0,20,17,NA,0,0,0,0,"400 SOUTH SCOTT STREET,DEL CITY,OK,73115",35.4612,-97.455,NA,2026-06-01
375188,Pocola Health and Rehab,200 Home Street,Pocola,OK,74902,9184362228,390,Le Flore,N,For profit - Limited Liability company,90,63.5,NA,Medicare and Medicaid,N,POCOLA NURSING CENTER LLC,1994-10-01,NA,NA,NA,NA,NA,NA,NA,N,NA,Y,N,N,Resident,Yes,1,NA,2,NA,2,NA,2,NA,2,NA,1,24,NA,NA,1.87849,0.69335,0.15279,0.84614,2.72463,2.6748,0.13448,0,50,NA,NA,27,0,NA,1.18583,0.85208,1.98701,0.73306,0.57883,3.2989,2.92657,2.1892,0.80803,0.17806,3.17529,3.11722,2025-07-30,4,3,1,36,1,0,36,2024-03-11,22,15,7,261,1,0,261,92.25,NA,1,14069,1,2,"200 Home Street,Pocola,OK,74902",35.2598,-94.465,NA,2026-06-01
375189,THE WILSHIRE SKILLED NURSING AND THERAPY,505 EAST WILSHIRE BLVD,OKLAHOMA CITY,OK,73105,4054780531,540,Oklahoma,Y,For profit - Partnership,56,35.8,NA,Medicare and Medicaid,N,WILSHIRE NURSING CENTER LLC,1994-09-01,BRIDGES HEALTH,91,34,3.5,3.5,3.3,3.1,N,NA,N,N,N,Resident,Yes,4,NA,4,NA,2,NA,3,NA,1,NA,3,NA,NA,NA,2.45953,0.81,0.47681,1.28681,3.74634,3.36786,0.43538,0.01195,79.6,NA,80,NA,1,NA,1.19905,0.86158,2.00915,0.74123000000000006,0.58528,3.33567,2.95918,2.83475,0.93358,0.54955,4.31788,3.88165,2024-09-24,7,7,0,40,1,0,40,2023-08-10,3,0,3,24,0,0,24,36,NA,0,0,0,0,"505 EAST WILSHIRE BLVD,OKLAHOMA CITY,OK,73105",35.5511,-97.503,NA,2026-06-01
375190,EASTGATE VILLAGE CARE & REHAB CENTER,3500 HASKELL BLVD,MUSKOGEE,OK,74403,9186823191,500,Muskogee,N,For profit - Limited Liability company,110,82.4,NA,Medicare and Medicaid,N,"EASTGATE HEALTHCARE, LLC",1994-09-01,MGM HEALTHCARE,348,32,2.4,2.2,1.7,3.9,N,NA,N,N,N,Resident,Yes,1,NA,2,NA,4,NA,5,NA,2,NA,1,25,25,6,NA,NA,NA,NA,NA,NA,NA,NA,53.2,NA,66.7,NA,0,NA,NA,NA,NA,NA,NA,NA,NA,NA,NA,NA,NA,NA,2025-02-06,11,10,2,72,1,0,72,2023-11-06,8,8,7,44,1,0,44,65,NA,0,0,0,0,"3500 HASKELL BLVD,MUSKOGEE,OK,74403",35.7482,-95.324,NA,2026-06-01
375194,SHAWN MANOR NURSING HOME,2024 TURNER ROAD,PONCA CITY,OK,74604,5807653364,350,Kay,N,For profit - Corporation,96,50.8,NA,Medicare and Medicaid,N,CONHOLD OF PONCA LLC,1995-01-16,CONHOLD,720,5,3.8,3.6,2.4,3.6,N,NA,N,N,N,Resident,Yes,5,NA,5,NA,4,NA,5,NA,3,NA,3,NA,NA,NA,1.93715,0.86246,0.23528,1.09774,3.03489,3.00268,0.17667,0.01972,39.1,NA,NA,27,0,NA,1.11465,0.80094,1.86774,0.68906,0.54409,3.10089,2.7509,2.40173,1.0693,0.2917,3.76273,3.72279,2024-11-20,3,3,0,12,1,0,12,2023-11-02,3,3,0,16,1,0,16,13,NA,0,0,0,0,"2024 TURNER ROAD,PONCA CITY,OK,74604",36.7258,-97.058,NA,2026-06-01
375195,WOODWARD SKILLED NURSING AND THERAPY,429 E DOWNS AVENUE,WOODWARD,OK,73801,5802566448,760,Woodward,N,For profit - Partnership,80,31.4,NA,Medicare and Medicaid,N,WOODWARD NURSING CENTER LLC,1994-11-01,BRIDGES HEALTH,91,34,3.5,3.5,3.3,3.1,N,NA,N,N,N,Resident,Yes,4,NA,4,NA,3,NA,4,NA,1,NA,3,NA,NA,NA,2.1958,1.23362,0.33026,1.56389,3.75968,3.5993,0.28161,0.00783,65.1,NA,60,NA,1,NA,1.19383,0.85783,2.00042,0.738,0.58274,3.32116,2.94631,2.54184,1.42803,0.38231,4.35219,4.16653,2024-10-04,3,3,0,12,1,0,12,2023-08-11,3,2,1,32,1,0,32,17,NA,1,8278,0,1,"429 E DOWNS AVENUE,WOODWARD,OK,73801",36.419,-99.376,NA,2026-06-01
375199,HERITAGE VILLAGE NURSING HOME,801 HWY 48 NORTH,HOLDENVILLE,OK,74848,4053796671,310,Hughes,N,For profit - Corporation,118,79.5,NA,Medicare and Medicaid,N,"HERITAGE VILLAGE NURSING CENTER, LLC",1995-02-16,NA,NA,NA,NA,NA,NA,NA,N,NA,N,N,N,Resident,Yes,3,NA,3,NA,2,NA,2,NA,2,NA,4,NA,NA,NA,2.73643,0.60996,0.29688,0.90684,3.64327,3.42092,0.09018,0.00557,33.8,NA,57.1,NA,1,NA,1.06699,0.76669,1.78787,0.65959,0.52082,2.96828,2.63326,3.54426,0.79003,0.38453,4.71881,4.43082,2026-01-08,5,4,1,32,1,0,32,2024-11-01,9,7,2,123,1,0,123,54.75,NA,1,15642,0,1,"801 HWY 48 NORTH,HOLDENVILLE,OK,74848",35.1002,-96.406,NA,2026-06-01
375206,Lindsay Nursing & Rehab,1103 West Cherokee,Lindsay,OK,73052,4057564334,240,Garvin,N,For profit - Corporation,106,74.1,NA,Medicare and Medicaid,N,LINDSAY NURSING & REHABILITATION LLC,1995-02-01,BRADFORD MONTGOMERY,87,11,2,2.5,1.7,2.8,N,NA,N,N,N,Resident,Yes,3,NA,3,NA,3,NA,4,NA,3,NA,3,NA,NA,NA,2.57481,0.79263,0.13689,0.92952,3.50432,3.34827,0.13335,0,54,NA,NA,27,1,NA,0.95393,0.68545,1.59842,0.5897,0.46564,2.65376,2.35424,3.73017,1.14829,0.19832,5.07678,4.8507,2024-12-18,6,1,5,32,1,0,32,2023-09-19,10,4,6,68,1,0,68,41,NA,0,0,0,0,"1103 West Cherokee,Lindsay,OK,73052",34.8374,-97.621,NA,2026-06-01
375207,MANGUM SKILLED NURSING AND THERAPY,320 CAREY STREET,MANGUM,OK,73554,5807823346,270,Greer,N,For profit - Partnership,140,30.4,NA,Medicare and Medicaid,N,"MANGUM NURSING CENTER, LLC",1995-01-01,BRIDGES HEALTH,91,34,3.5,3.5,3.3,3.1,N,NA,N,N,N,Resident,Yes,5,NA,4,NA,5,NA,5,NA,NA,2,3,NA,NA,NA,2.17132,1.28165,0.32845,1.6101,3.78142,3.30052,0.29524,0,58.3,NA,NA,27,1,NA,1.04028,0.74749,1.74311,0.64308,0.50778,2.89397,2.56734,2.88453,1.70263,0.43634,5.02349,4.38464,2024-12-04,2,2,0,12,1,0,12,2023-09-08,2,0,2,40,0,0,40,19,NA,1,14069,0,1,"320 CAREY STREET,MANGUM,OK,73554",34.8862,-99.5,NA,2026-06-01
375209,Fairmont Skilled Nursing and Therapy,3233 Northwest 10th Street,Oklahoma City,OK,73107,4059438366,540,Oklahoma,Y,For profit - Partnership,125,94.9,NA,Medicare and Medicaid,N,"NORTHWEST, INCORPORATED",1995-02-01,BRIDGES HEALTH,91,34,3.5,3.5,3.3,3.1,N,NA,Y,N,N,Resident,Yes,2,NA,2,NA,2,NA,3,NA,2,NA,4,NA,NA,NA,2.4505,0.90959,0.62066,1.53025,3.98075,3.31131,0.47654,0.00516,58.3,NA,33.3,NA,0,NA,1.01154,0.72685,1.69497,0.62532,0.49376,2.81405,2.49644,3.34788,1.24268,0.84794,5.4385,4.52392,2025-12-11,9,4,5,88,1,0,88,2024-07-26,9,3,6,64,1,0,64,82,0,2,70695,0,2,"3233 Northwest 10th Street,Oklahoma City,OK,73107",35.4787,-97.573,NA,2026-06-01
375222,24th Place,600 24th Avenue Southwest,Norman,OK,73069,4053296771,130,Cleveland,Y,For profit - Individual,89,72.1,NA,Medicare and Medicaid,N,24TH PLACE LLC,1995-04-01,IHS MANAGEMENT CONSULTANTS,280,5,2.2,2.6,2.4,2,N,NA,N,N,N,Resident,Yes,1,NA,1,NA,3,NA,3,NA,NA,2,1,NA,NA,NA,2.45112,0.75333,0.22605,0.97938,3.4305,3.20953,0.15017,0.00671,71.2,NA,100,NA,2,NA,1.1919,0.85645,1.99718,0.73681,0.5818,3.31579,2.94155,2.84199,0.87346,0.2621,3.97755,3.72134,2025-10-02,11,8,7,195,1,0,195,2024-05-09,13,6,8,68,1,0,68,163.25,NA,2,28084,1,3,"600 24th Avenue Southwest,Norman,OK,73069",35.2113,-97.477,NA,2026-06-01
375229,Ranchwood Nursing Center,824 South Yukon Parkway,Yukon,OK,73099,4053542022,080,Canadian,Y,Non profit - Corporation,150,107.6,NA,Medicare and Medicaid,N,"PF SOUTH YUKON SNF OPS, LLC",1995-06-19,STONEGATE SENIOR LIVING,495,24,2.6,2.3,2.1,4.1,N,SFF Candidate,N,N,N,Resident,Yes,1,NA,1,NA,3,NA,5,NA,1,NA,2,NA,NA,NA,2.50458,0.65174,0.22285,0.87458,3.37916,3.05739,0.22387,0.02165,76.3,NA,83.3,NA,2,NA,1.11899,0.80405,1.87501,0.69174,0.54621,3.11295,2.76161,3.0932,0.8049,0.27522,4.17332,3.77593,2025-09-17,18,9,12,419,1,0,419,2024-09-10,23,8,20,124,1,0,124,345.25,0,1,43891,0,1,"824 South Yukon Parkway,Yukon,OK,73099",35.499,-97.725,NA,2026-06-01
375230,Leisure Village Health Care Center,2154 South 85th East Avenue,Tulsa,OK,74129,9186224747,710,Tulsa,Y,For profit - Limited Liability company,117,81.2,NA,Medicare and Medicaid,N,LEISURE VILLAGE HEALTH CARE,1995-07-01,MGM HEALTHCARE,348,32,2.4,2.2,1.7,3.9,N,NA,N,N,N,Resident,Yes,2,NA,2,NA,4,NA,5,NA,3,NA,2,NA,NA,NA,2.72038,0.99715,0.13573,1.13288,3.85326,3.53991,0.14019,0.04929,56.8,NA,NA,27,0,NA,1.4234,1.02279,2.38508,0.87992,0.69479,3.95979,3.51286,2.64121,0.96813,0.13178,3.74112,3.43689,2024-08-23,11,7,4,80,1,0,80,2023-07-20,19,9,13,108,1,0,108,87,NA,0,0,1,1,"2154 South 85th East Avenue,Tulsa,OK,74129",36.1264,-95.862,22,2026-06-01
375233,CEDARCREST CARE CENTER,1306 EAST COLLEGE,BROKEN ARROW,OK,74012,9182513200,710,Tulsa,Y,For profit - Partnership,89,61,NA,Medicare and Medicaid,N,"SENIOR CITIZENS NURSING CENTER, INC.",1995-07-01,NA,NA,NA,NA,NA,NA,NA,N,NA,N,N,N,Resident,Yes,3,NA,2,NA,5,NA,5,NA,NA,2,3,NA,NA,NA,3.07192,0.72412,0.28559,1.00971,4.08163,3.85451,0.33449,0.00632,60,NA,40,NA,0,NA,1.09837,0.78923,1.84045,0.67899,0.53614,3.05558,2.71071,3.86511,0.9111,0.35933,5.13553,4.84977,2025-05-27,14,13,2,104,1,0,104,2024-02-23,10,3,7,52,1,0,52,91,NA,0,0,0,0,"1306 EAST COLLEGE,BROKEN ARROW,OK,74012",36.0537,-95.774,NA,2026-06-01
375234,"HILL NURSING HOME, INC.",808 NORTHWEST M L KING AVENUE,IDABEL,OK,74745,5802865398,440,Mccurtain,N,For profit - Corporation,51,35.5,NA,Medicare and Medicaid,N,"HILL NURSING HOME, INC.",1995-07-01,NA,NA,NA,NA,NA,NA,NA,N,NA,N,N,N,Resident,Yes,1,NA,1,NA,4,NA,4,NA,NA,2,3,NA,NA,NA,3.65398,0.99472,0.39678,1.3915,5.04548,4.49457,0.41712,0,NA,26,NA,26,NA,26,1.21503,0.87306,2.03593,0.75111000000000006,0.59308,3.38012,2.99862,4.15604,1.13139,0.4513,5.73874,5.11212,2024-07-03,6,6,0,40,1,0,40,2023-05-30,10,7,3,356,1,0,356,119,NA,1,69420,0,1,"808 NORTHWEST M L KING AVENUE,IDABEL,OK,74745",33.8944,-94.822,22,2026-06-01
375235,BROOKSIDE NURSING CENTER,310 BROOKSIDE DRIVE,MADILL,OK,73446,5807952100,470,Marshall,N,For profit - Individual,140,47.4,NA,Medicare and Medicaid,N,"MADILL OPERATING CO, LLC",1995-09-01,ELMBROOK MANAGEMENT COMPANY,198,11,3.5,3.7,3.1,2.4,N,NA,N,N,N,Resident,Yes,3,NA,3,NA,2,NA,3,NA,2,NA,2,NA,NA,NA,2.33778,0.92279,0.27505,1.19783,3.53561,3.30598,0.29475,0,56.9,NA,60,NA,NA,26,1.13874,0.81825,1.9081,0.70395,0.55585,3.1679,2.81035,2.83712,1.11989,0.3338,4.2908,4.01213,2024-08-15,1,1,0,8,1,0,8,2023-08-02,6,3,3,169,1,0,169,48.25,NA,2,39591,0,2,"310 BROOKSIDE DRIVE,MADILL,OK,73446",34.0804,-96.773,NA,2026-06-01
375238,FOUR SEASONS REHABILITATION & CARE,1212 FOUR SEASONS DRIVE,DURANT,OK,74701,5806779911,060,Bryan,N,For profit - Individual,122,42.2,NA,Medicare and Medicaid,N,"DURANT FOUR SEASONS OPERATING CO., LLC",1995-09-01,ELMBROOK MANAGEMENT COMPANY,198,11,3.5,3.7,3.1,2.4,N,NA,N,N,N,Resident,Yes,2,NA,3,NA,1,NA,1,NA,1,NA,2,NA,NA,NA,2.34776,0.94035,0.31924,1.25959,3.60735,3.19147,0.24812,0,57.1,NA,75,NA,NA,26,1.18482,0.85136,1.98532,0.73243,0.57834,3.2961,2.92408,2.73842,1.09682,0.37236,4.2076,3.72252,2025-05-15,1,1,0,8,1,0,8,2024-01-29,21,17,4,124,1,0,124,37,NA,0,0,0,0,"1212 FOUR SEASONS DRIVE,DURANT,OK,74701",34.0108,-96.387,NA,2026-06-01
375241,ROLLING HILLS CARE CENTER,801 NORTH 193 EAST AVENUE,CATOOSA,OK,74015,9182665500,650,Rogers,Y,For profit - Limited Liability company,126,61.5,NA,Medicare and Medicaid,N,CONHOLD OF CATOOSA LLC,1995-07-24,CONHOLD,720,5,3.8,3.6,2.4,3.6,N,NA,N,N,N,Resident,Yes,4,NA,4,NA,4,NA,5,NA,2,NA,2,NA,NA,NA,2.16677,0.7764,0.21469,0.99108,3.15785,3.13375,0.1394,0.05314,72,NA,NA,27,1,NA,1.09589,0.78745,1.83629,0.67745,0.53493,3.04868,2.70458,2.73242,0.97908,0.27073,3.98223,3.95183,2025-12-09,2,2,0,12,1,0,12,2024-05-09,4,4,0,28,1,0,28,16,NA,0,0,0,0,"801 NORTH 193 EAST AVENUE,CATOOSA,OK,74015",36.1863,-95.745,22,2026-06-01
375243,Jan Frances Care Center,815 North Country Club Road,Ada,OK,74820,5803325328,610,Pontotoc,N,For profit - Corporation,132,46.6,NA,Medicare and Medicaid,N,JAN FRANCES CARE CENTER LLC,1995-09-25,BGM ESTATE,78,15,1.9,2.3,1.9,2.5,N,NA,Y,N,N,Resident,Yes,1,NA,1,NA,1,NA,1,NA,2,NA,1,NA,NA,NA,1.97027,0.68314,0.34908,1.03223,3.00249,2.66545,0.31259,0.00822,61.1,NA,NA,27,2,NA,1.25511,0.90186,2.10309,0.77588,0.61265,3.49162,3.09753,2.16942,0.75219,0.38437,3.30599,2.93487,2025-01-09,3,1,2,137,1,0,137,2023-12-07,12,1,12,76,1,0,76,121.75,2,1,13733,0,1,"815 North Country Club Road,Ada,OK,74820",34.7829,-96.652,NA,2026-06-01
375245,Noble Health Care Center,1501 North 8th Street,Noble,OK,73068,4058727102,130,Cleveland,Y,Non profit - Corporation,110,73.2,NA,Medicare and Medicaid,N,"PF NHCC SNF OPS, LLC",1995-11-01,STONEGATE SENIOR LIVING,495,24,2.6,2.3,2.1,4.1,N,NA,Y,N,N,Resident,Yes,1,NA,1,NA,3,NA,5,NA,1,NA,1,NA,NA,NA,2.19412,0.87872,0.3153,1.19402,3.38814,3.11988,0.22387,0.00378,63.4,NA,88.9,NA,1,NA,1.27568,0.91664,2.13756,0.7886,0.62269,3.54886,3.14831,2.37693,0.95194,0.34157,3.67044,3.37983,2024-08-08,15,12,3,116,1,0,116,2023-07-11,18,15,3,120,1,0,120,117,NA,0,0,0,0,"1501 North 8th Street,Noble,OK,73068",35.1568,-97.388,NA,2026-06-01
375246,Shawnee Care Center,1202 West Gilmore,Shawnee,OK,74804,4052738043,620,Pottawatomie,N,For profit - Limited Liability company,114,47.4,NA,Medicare and Medicaid,N,"SHAWNEE CARE CENTER, LLC",1995-10-01,BGM ESTATE,78,15,1.9,2.3,1.9,2.5,N,NA,N,N,N,Resident,Yes,1,NA,1,NA,2,NA,2,NA,NA,2,2,NA,NA,NA,2.28659,0.92054,0.27456,1.1951,3.48169,3.11584,0.27744,0.0059,58,NA,60,NA,4,NA,1.0672,0.76684,1.78823,0.65972,0.52093,2.96887,2.63379,2.96103,1.19205,0.35554,4.50862,4.03486,2024-07-10,19,18,4,144,1,0,144,2023-06-28,30,18,17,260,1,0,260,173,NA,1,22393,1,2,"1202 West Gilmore,Shawnee,OK,74804",35.3631,-96.937,NA,2026-06-01
375252,MIDWEST CITY POST ACUTE & REHAB,8200 NATIONAL AVENUE,MIDWEST CITY,OK,73110,4057378200,540,Oklahoma,Y,For profit - Limited Liability company,106,77.2,NA,Medicare and Medicaid,N,"LANDMARK OF MIDWEST CITY REHABILITATION AND NURSING CENTER, LLC",1996-04-01,INFINITY HEALTHCARE CONSULTING,763,70,2,2.2,1.4,3.7,N,NA,N,N,N,Resident,Yes,1,NA,2,NA,2,NA,1,NA,4,NA,1,NA,NA,NA,2.2408,0.98119,0.1587,1.13989,3.38069,3.00631,0.20738,0.07244,NA,26,NA,26,NA,26,1.26523,0.90914,2.12005,0.78214,0.61759,3.51978,3.12252,2.44756,1.07172,0.17335,3.69262,3.2837,2025-01-30,10,8,4,52,1,0,52,2023-10-20,12,4,11,143,1,0,143,74.75,NA,2,31011,0,2,"8200 NATIONAL AVENUE,MIDWEST CITY,OK,73110",35.4664,-97.388,NA,2026-06-01
375253,Clinton Therapy & Living Center,2316 Modelle,Clinton,OK,73601,5802052460,190,Custer,N,For profit - Corporation,101,31.9,NA,Medicare and Medicaid,N,"CLINTON THERAPY & LIVING CENTER, LLC",1996-07-01,NA,NA,NA,NA,NA,NA,NA,N,NA,N,N,N,Resident,Yes,1,NA,1,NA,2,NA,2,NA,NA,2,3,NA,NA,NA,2.66349,1.18563,0.32409,1.50972,4.17321,3.42508,0.30755,0.00518,67.3,NA,NA,27,0,NA,1.24532,0.89483,2.08669,0.76983,0.60787,3.4644,3.07339,2.95575,1.31573,0.35965,4.63114,3.80092,2025-06-05,7,7,0,40,1,0,40,2024-11-07,32,11,26,521,1,0,521,160.25,NA,16,243124,1,17,"2316 Modelle,Clinton,OK,73601",35.5086,-98.974,NA,2026-06-01
375255,"SOUTHBROOK HEALTHCARE, INC",832 ISABEL SOUTHWEST,ARDMORE,OK,73401,5802235901,090,Carter,N,For profit - Corporation,114,59.6,NA,Medicare and Medicaid,N,"SOUTHBROOK HEALTHCARE, INC.",1996-05-13,ELMBROOK MANAGEMENT COMPANY,198,11,3.5,3.7,3.1,2.4,N,NA,N,N,N,Resident,Yes,5,NA,5,NA,3,NA,4,NA,3,NA,5,NA,NA,NA,2.27381,0.55118,0.78928,1.34046,3.61427,3.1067,0.6968,0,38.2,NA,8.3,NA,0,NA,1.11707,0.80267,1.87179,0.69055,0.54527,3.10761,2.75686,2.81303,0.68188,0.97645,4.47136,3.84343,2025-01-30,1,1,0,4,1,0,4,2023-11-02,2,1,1,12,1,0,12,6,NA,0,0,0,0,"832 ISABEL SOUTHWEST,ARDMORE,OK,73401",34.1641,-97.142,NA,2026-06-01
375256,MEADOWLAKE ESTATES,959 SOUTHWEST 107TH STREET,OKLAHOMA CITY,OK,73139,4057033400,130,Cleveland,Y,For profit - Corporation,124,107.4,NA,Medicare and Medicaid,N,"PF MLE SNF OPS, LLC",1996-04-26,STONEGATE SENIOR LIVING,495,24,2.6,2.3,2.1,4.1,N,NA,N,N,N,Resident,Yes,1,NA,1,NA,4,NA,5,NA,1,NA,3,NA,NA,NA,2.37129,0.8104,0.28869,1.09909,3.47038,3.07946,0.25996,0.01123,57.4,NA,33.3,NA,1,NA,1.15511,0.83001,1.93553,0.71407,0.56384,3.21344,2.85075,2.83701,0.96956,0.34539,4.15196,3.68426,2025-01-06,9,8,3,44,1,0,44,2023-11-30,15,5,10,259,1,0,259,97.75,NA,2,23611,0,2,"959 SOUTHWEST 107TH STREET,OKLAHOMA CITY,OK,73139",35.3592,-97.534,NA,2026-06-01
375258,"SPIRO NURSING HOME, INC.",401 SOUTH MAIN,SPIRO,OK,74959,9189622308,390,Le Flore,N,For profit - Corporation,95,47,NA,Medicare and Medicaid,N,"SPIRO NURSING HOME, INC.",1996-05-01,NA,NA,NA,NA,NA,NA,NA,N,NA,N,N,N,Resident,Yes,4,NA,4,NA,2,NA,4,NA,1,NA,4,NA,NA,NA,2.80817,0.98053,0.3977,1.37823,4.1864,3.74468,0.31286,0.00258,42.6,NA,0,NA,0,NA,1.1801,0.84796,1.9774,0.72951,0.57603,3.28295,2.91242,3.28855,1.14827,0.46573,4.90255,4.38526,2025-06-03,3,3,0,16,1,0,16,2024-02-02,2,2,0,8,1,0,8,14,NA,0,0,0,0,"401 SOUTH MAIN,SPIRO,OK,74959",35.238,-94.621,NA,2026-06-01
375259,WESTERN SKILLED NURSING AND THERAPY,111 WALNUT DRIVE,BUFFALO,OK,73834,5807352415,290,Harper,N,For profit - Partnership,76,28,NA,Medicare and Medicaid,N,WESTERN NURSING HOME LLC,1996-05-01,BRIDGES HEALTH,91,34,3.5,3.5,3.3,3.1,N,NA,N,N,N,Resident,Yes,5,NA,5,NA,5,NA,5,NA,NA,2,4,NA,NA,NA,1.42068,1.30248,0.52839,1.83087,3.25155,3.12751,0.51722,0,52.4,NA,NA,27,0,NA,1.09489,0.78673,1.83462,0.67684,0.53444,3.04589,2.70212,1.7932,1.644,0.66694,4.10414,3.94756,2024-11-21,0,0,0,0,0,0,0,2023-12-07,1,1,0,8,1,0,8,2,NA,0,0,0,0,"111 WALNUT DRIVE,BUFFALO,OK,73834",36.8441,-99.628,NA,2026-06-01
375263,BALLARD NURSING CENTER,201 WEST 5TH STREET,ADA,OK,74820,5804361414,610,Pontotoc,N,For profit - Individual,73,55.6,NA,Medicare and Medicaid,N,IHS BALLARD NURSING CENTER INC,1996-08-04,IHS MANAGEMENT CONSULTANTS,280,5,2.2,2.6,2.4,2,N,NA,N,N,N,Resident,Yes,2,NA,3,NA,1,NA,1,NA,2,NA,3,NA,NA,NA,2.0331,0.58698,0.49352,1.0805,3.11359,2.75146,0.22592,0.00454,64.6,NA,60,NA,1,NA,1.04679,0.75217,1.75402,0.6471,0.51096,2.91208,2.58341,2.68411,0.77493,0.65155,4.11059,3.63249,2025-08-28,3,3,0,28,1,0,28,2024-03-27,14,13,3,100,1,0,100,46,NA,1,12740,0,1,"201 WEST 5TH STREET,ADA,OK,74820",34.7808,-96.68,NA,2026-06-01
375275,WARR ACRES NURSING CENTER,6501 NORTH MACARTHUR,OKLAHOMA CITY,OK,73132,4057215444,540,Oklahoma,Y,For profit - Limited Liability company,103,66,NA,Medicare and Medicaid,N,WARR ACRES SNF OPERATIONS LLC,1996-08-01,SKYBLUE HEALTHCARE,883,10,2.2,2.3,2.2,3,N,NA,N,N,N,Resident,Yes,3,NA,3,NA,3,NA,3,NA,NA,2,2,NA,NA,NA,2.34063,0.9766,0.2951,1.27171,3.61234,3.32785,0.19959,0.02316,NA,26,NA,26,1,NA,1.10456,0.79368,1.85083,0.68282,0.53916,3.07281,2.72599,2.92849,1.22188,0.36922,4.51959,4.16365,2025-04-25,4,4,1,16,1,0,16,2024-01-24,11,11,5,68,2,34,102,37.5,NA,0,0,0,0,"6501 NORTH MACARTHUR,OKLAHOMA CITY,OK,73132",35.5389,-97.619,NA,2026-06-01
375276,Meadowbrook Nursing Center,113 East Jones,Chouteau,OK,74337,9184768918,480,Mayes,N,For profit - Limited Liability company,65,28.6,NA,Medicare and Medicaid,N,"COLONIAL CARE CENTER, LLC",1996-08-19,BGM ESTATE,78,15,1.9,2.3,1.9,2.5,N,NA,N,N,N,Resident,Yes,2,NA,1,NA,5,NA,5,NA,NA,2,4,NA,NA,NA,2.11155,1.03036,0.32811,1.35846,3.47001,3.34231,0.3412,0.00304,50,NA,NA,27,1,NA,0.94736,0.68073,1.58742,0.58564,0.46243,2.63549,2.33803,3.08025,1.50305,0.47863,5.06192,4.87564,2026-03-17,20,19,3,219,1,0,219,2024-08-07,3,1,2,36,1,0,36,173.25,NA,2,29088,1,3,"113 East Jones,Chouteau,OK,74337",36.1835,-95.343,NA,2026-06-01
375279,HOBART NURSING & REHABILITATION,709 NORTH LOWE,HOBART,OK,73651,5807263381,370,Kiowa,N,For profit - Corporation,58,33.9,NA,Medicare and Medicaid,N,"SOUTHWEST LTC - HOBART, LLC",1996-09-01,SOUTHWEST LTC,481,13,3.1,3.6,1.8,2.5,N,NA,N,N,N,Resident,Yes,5,NA,5,NA,2,NA,2,NA,NA,2,2,NA,NA,NA,2.05921,0.75384,0.55715,1.31099,3.37021,2.87468,0.31508,0.00672,71.4,NA,NA,27,NA,26,1.27789,0.91823,2.14126,0.78996,0.62377,3.55499,3.15375,2.22694,0.81525,0.60253,3.64471,3.10883,2025-08-14,0,0,0,0,0,0,0,2024-03-27,6,4,2,28,1,0,28,7,NA,0,0,0,0,"709 NORTH LOWE,HOBART,OK,73651",35.0357,-99.1,NA,2026-06-01
375284,Arbor Village,310 W Taft Ave,Sapulpa,OK,74066,9182246012,180,Creek,Y,For profit - Corporation,142,63.9,NA,Medicare and Medicaid,N,ARBOR SNF OPERATIONS LLC,1996-11-04,SKYBLUE HEALTHCARE,883,10,2.2,2.3,2.2,3,N,NA,N,N,N,Resident,Yes,3,NA,3,NA,3,NA,4,NA,2,NA,3,NA,NA,NA,2.28549,1.01559,0.25929,1.27489,3.56037,2.95975,0.14546,0.01166,55.7,NA,40,NA,1,NA,0.99516,0.71508,1.66752,0.61519,0.48576,2.76848,2.45601,3.17383,1.41034,0.36008,4.94424,4.11017,2025-08-10,8,8,2,64,1,0,64,2024-03-14,5,4,1,36,1,0,36,57,NA,0,0,1,1,"310 W Taft Ave,Sapulpa,OK,74066",35.9884,-96.118,NA,2026-06-01
375285,Sand Springs Nursing and Rehabilitation,1025 North Adams,Sand Springs,OK,74063,9182455908,710,Tulsa,Y,For profit - Limited Liability company,173,61.7,NA,Medicare and Medicaid,N,"CONHOLD OF SAND SPRINGS, LLC",1997-01-01,CONHOLD,720,5,3.8,3.6,2.4,3.6,N,NA,Y,N,N,Resident,Yes,2,NA,2,NA,3,NA,2,NA,3,NA,2,NA,NA,NA,2.17118,1.01932,0.19151,1.21083,3.382,3.12647,0.13824,0.01446,73.4,NA,NA,27,2,NA,1.11228,0.79923,1.86376,0.68759,0.54293,3.09428,2.74504,2.69762,1.26647,0.23794,4.20204,3.88455,2026-02-13,2,2,1,24,1,0,24,2024-06-21,11,11,1,64,1,0,64,34,NA,1,12740,0,1,"1025 North Adams,Sand Springs,OK,74063",36.1499,-96.101,NA,2026-06-01
375286,PURCELL CARE CENTER,801 NORTH 6TH STREET,PURCELL,OK,73080,4055277798,430,Mcclain,Y,For profit - Individual,105,50.4,NA,Medicare and Medicaid,N,PURCELL CARE CENTER LLC,1996-12-01,IHS MANAGEMENT CONSULTANTS,280,5,2.2,2.6,2.4,2,N,NA,N,N,N,Resident,Yes,3,NA,4,NA,1,NA,1,NA,NA,2,3,NA,NA,NA,2.44852,0.9601,0.30563,1.26573,3.71425,3.43314,0.18751,0.00348,62.3,NA,NA,27,1,NA,1.02181,0.73422,1.71217,0.63166,0.49877,2.8426,2.52176,3.31157,1.29852,0.41336,5.02344,4.64324,2024-12-05,3,1,2,12,1,0,12,2023-09-19,6,3,4,40,1,0,40,19,NA,0,0,0,0,"801 NORTH 6TH STREET,PURCELL,OK,73080",35.0218,-97.367,NA,2026-06-01
375289,ARTESIAN HOME,1415 WEST 15TH STREET,SULPHUR,OK,73086,5806222030,490,Murray,N,For profit - Individual,72,49.3,NA,Medicare and Medicaid,N,"ARTESIAN HOME, INC.",1997-01-06,ELMBROOK MANAGEMENT COMPANY,198,11,3.5,3.7,3.1,2.4,N,NA,N,N,N,Resident,Yes,5,NA,5,NA,4,NA,4,NA,NA,2,3,NA,NA,NA,2.30452,0.60881,0.45525,1.06405,3.36857,2.98023,0.36361,0,77.6,NA,40,NA,NA,26,1.04231,0.74895,1.74652,0.64433,0.50878,2.89963,2.57236,3.05552,0.8072,0.6036,4.46632,3.95142,2024-07-25,0,0,0,0,0,0,0,2023-06-28,1,1,0,8,1,0,8,2,NA,0,0,0,0,"1415 WEST 15TH STREET,SULPHUR,OK,73086",34.5121,-96.986,NA,2026-06-01
375290,COMMUNITY HEALTH CENTER,1153 CHEROKEE STREET,WAKITA,OK,73771,5805942292,260,Grant,N,Non profit - Corporation,52,33,NA,Medicare and Medicaid,N,JAMES DENNIS MEDICAL FOUNDATION INC,1996-10-23,NA,NA,NA,NA,NA,NA,NA,N,NA,N,N,N,Resident,Yes,4,NA,4,NA,2,NA,2,NA,NA,2,4,NA,NA,NA,2.80056,0.54548,0.54161,1.08709,3.88765,3.27823,0.54773,0.01916,36.4,NA,20,NA,0,NA,1.15189,0.8277,1.93014,0.71208,0.56227,3.20449,2.84281,3.35994,0.65443,0.64979,4.66417,3.93302,2024-07-11,5,5,0,20,1,0,20,2023-06-27,1,0,1,4,0,0,4,16,NA,0,0,0,0,"1153 CHEROKEE STREET,WAKITA,OK,73771",36.8783,-97.928,NA,2026-06-01
375293,"SKIATOOK NURSING HOME,LLC",318 SOUTH CHERRY,SKIATOOK,OK,74070,9183962149,560,Osage,Y,For profit - Limited Liability company,70,32.8,NA,Medicare and Medicaid,N,SKIATOOK NURSING HOME LLC,1997-03-01,"OKLAHOMA NURSING HOMES, LTD.",384,7,2.4,2.9,2.3,2.6,N,NA,N,N,N,Resident,Yes,3,NA,4,NA,2,NA,2,NA,NA,2,1,24,NA,NA,3.91154,0.85766,0.37016,1.22782,5.13936,4.70484,0.24563,0.00794,60.4,NA,NA,27,1,NA,1.20256,0.8641,2.01504,0.7434,0.587,3.34543,2.96785,4.49511,0.98562,0.42538,5.90612,5.40677,2024-10-04,5,3,2,28,1,0,28,2023-10-30,1,1,0,4,1,0,4,22,NA,0,0,0,0,"318 SOUTH CHERRY,SKIATOOK,OK,74070",36.3674,-96.008,NA,2026-06-01
375295,COMMUNITY HEALTH CARE OF GORE,503 SOUTH MAIN STREET,GORE,OK,74435,9184892299,670,Sequoyah,Y,For profit - Corporation,70,44.3,NA,Medicare and Medicaid,N,"GORE HEALTH SERVICES, LLC",1997-02-01,NA,NA,NA,NA,NA,NA,NA,N,SFF Candidate,Y,N,N,Resident,Yes,1,NA,1,NA,1,NA,1,NA,1,NA,1,25,25,6,NA,NA,NA,NA,NA,NA,NA,NA,NA,26,NA,26,NA,26,NA,NA,NA,NA,NA,NA,NA,NA,NA,NA,NA,NA,2025-03-17,16,16,5,270,1,0,270,2023-11-15,21,16,11,132,1,0,132,235.5,NA,1,23879,0,1,"503 SOUTH MAIN STREET,GORE,OK,74435",35.5261,-95.121,NA,2026-06-01
375299,COLONIAL TERRACE CARE CENTER,1320 NORTHEAST 1ST PLACE,PRYOR,OK,74362,9188255311,480,Mayes,N,For profit - Limited Liability company,75,40.6,NA,Medicare and Medicaid,N,COLONIAL TERRACE NURSING CARE CENTER LLC,1997-04-14,BGM ESTATE,78,15,1.9,2.3,1.9,2.5,N,NA,N,N,N,Resident,Yes,2,NA,3,NA,4,NA,5,NA,4,NA,1,25,25,6,NA,NA,NA,NA,NA,NA,NA,NA,60,NA,NA,27,0,NA,NA,NA,NA,NA,NA,NA,NA,NA,NA,NA,NA,NA,2024-06-21,6,6,0,40,1,0,40,2023-05-17,18,17,1,112,1,0,112,58,NA,0,0,0,0,"1320 NORTHEAST 1ST PLACE,PRYOR,OK,74362",36.3073,-95.274,NA,2026-06-01
375302,"BLUE RIVER HEALTHCARE, INC",1105 EAST MAIN,TISHOMINGO,OK,73460,5803712636,340,Johnston,N,For profit - Individual,70,35.4,NA,Medicare and Medicaid,N,BLUE RIVER HEALTHCARE INC.,1997-05-01,ELMBROOK MANAGEMENT COMPANY,198,11,3.5,3.7,3.1,2.4,N,NA,N,N,N,Resident,Yes,5,NA,5,NA,2,NA,2,NA,NA,2,4,NA,NA,NA,2.56033,0.11807,1.06632,1.18439,3.74472,3.13239,0.88534,0,66,NA,33.3,NA,NA,26,1.21241,0.87118,2.03155,0.74949,0.59181,3.37285,2.99217,2.9184,0.13459,1.21545,4.26844,3.57046,2024-08-29,2,2,2,8,1,0,8,2023-07-27,4,1,3,24,1,0,24,12,NA,0,0,0,0,"1105 EAST MAIN,TISHOMINGO,OK,73460",34.2306,-96.665,NA,2026-06-01
375304,COWETA CARE & REHAB CENTER,30049 EAST 151ST STREET SOUTH,COWETA,OK,74429,9185592006,720,Wagoner,Y,For profit - Limited Liability company,100,73.2,NA,Medicare and Medicaid,N,COWETA HEALTHCARE MANAGEMENT LLC,1997-05-01,MGM HEALTHCARE,348,32,2.4,2.2,1.7,3.9,N,NA,N,N,N,Resident,Yes,4,NA,4,NA,4,NA,5,NA,2,NA,3,NA,NA,NA,2.93738,1.14562,0.11622,1.26184,4.19922,3.82011,0.11543,0.00477,58.6,NA,NA,27,0,NA,1.16699,0.83854,1.95544,0.72141,0.56964,3.24648,2.88006,3.47851,1.35666,0.13763,4.9728,4.52386,2025-11-21,4,4,0,16,1,0,16,2024-05-03,16,13,4,80,1,0,80,32,NA,0,0,0,0,"30049 EAST 151ST STREET SOUTH,COWETA,OK,74429",35.9446,-95.641,NA,2026-06-01
375306,CORDELL NURSING AND REHABILITATION,1400 NORTH COLLEGE,CORDELL,OK,73632,5808323371,740,Washita,N,For profit - Limited Liability company,110,53.7,NA,Medicare and Medicaid,N,CORDELL NURSING AND REHABILITATION LLC,1997-07-01,NA,NA,NA,NA,NA,NA,NA,N,NA,N,N,N,Resident,Yes,4,NA,3,NA,5,NA,5,NA,NA,2,4,NA,NA,NA,3.68144,0.72122,0.15285,0.87407,4.5555,3.86858,0.1562,0.00445,35.7,NA,NA,27,0,NA,1.15645,0.83097,1.93778,0.7149,0.56449,3.21717,2.85406,4.39935,0.86186,0.18266,5.44387,4.62299,2025-09-05,6,6,0,32,1,0,32,2024-04-25,11,11,0,60,1,0,60,39,NA,0,0,0,0,"1400 NORTH COLLEGE,CORDELL,OK,73632",35.3045,-98.99,NA,2026-06-01
375312,RUTH WILSON HURLEY MANOR,7 NORTH COVINGTON,COALGATE,OK,74538,5809272377,140,Coal,N,Non profit - Other,75,32.9,NA,Medicare and Medicaid,N,Legal Business Name Not Available,1997-08-01,NA,NA,NA,NA,NA,NA,NA,N,NA,N,N,N,Resident,Yes,4,NA,4,NA,1,NA,1,NA,NA,2,5,NA,NA,NA,3.02959,0.84893,0.67107000000000006,1.52,4.54959,3.9264,0.50496,0,30.8,NA,0,NA,0,NA,1.09632,0.78776,1.83702,0.67772,0.53514,3.04988,2.70565,3.81897,1.07012,0.84593,5.73501,4.94945,2024-12-06,3,3,0,16,1,0,16,2023-08-23,3,3,0,20,1,0,20,17,NA,0,0,0,0,"7 NORTH COVINGTON,COALGATE,OK,74538",34.5389,-96.224,NA,2026-06-01
375313,ANTLERS MANOR,511 EAST MAIN,ANTLERS,OK,74523,5802983294,630,Pushmataha,N,For profit - Limited Liability company,133,36.3,NA,Medicare and Medicaid,N,ANTLERS MANOR LLC,1997-07-07,BGM ESTATE,78,15,1.9,2.3,1.9,2.5,N,NA,N,N,N,Resident,Yes,4,NA,4,NA,2,NA,2,NA,3,NA,4,NA,NA,NA,1.93217,0.54667,0.45511,1.00177,2.93395,2.77794,0.37302,0.02501,29.2,NA,NA,27,0,NA,1.07298,0.77099,1.79791,0.66329,0.52375,2.98495,2.64805,2.4886,0.70409,0.58617,3.77886,3.57793,2025-03-06,3,3,0,24,1,0,24,2023-11-14,7,7,0,44,1,0,44,29,NA,0,0,0,0,"511 EAST MAIN,ANTLERS,OK,74523",34.2317,-95.616,NA,2026-06-01
375317,HERITAGE HILLS LIVING & REHABILITATION CENTER,411 NORTH WEST STREET,MCALESTER,OK,74502,9184232920,600,Pittsburg,N,For profit - Individual,81,54.3,NA,Medicare and Medicaid,N,HERITAGE HILLS NURSING CENTER INC,1997-08-01,NA,NA,NA,NA,NA,NA,NA,N,NA,Y,N,N,Resident,Yes,1,NA,1,NA,2,NA,2,NA,NA,2,4,NA,NA,NA,2.50814,0.56347,0.35543,0.91889,3.42704,3.33189,0.18133,0,54.5,NA,NA,27,0,NA,0.99107,0.71214,1.66067,0.61266,0.48377,2.7571,2.44591,3.4974,0.78571,0.49561,4.77873,4.64606,2024-10-31,16,8,11,132,1,0,132,2023-08-10,26,22,8,168,1,0,168,141,0,1,73288,1,2,"411 NORTH WEST STREET,MCALESTER,OK,74502",34.9491,-95.781,NA,2026-06-01
375320,RAINBOW HEALTH CARE COMMUNITY AND RAINBOW ASSISTED,111 EAST WASHINGTON,BRISTOW,OK,74010,9183672246,180,Creek,Y,For profit - Limited Liability company,106,75.6,NA,Medicare and Medicaid,N,RAINBOW HEALTH CARE,1997-12-01,MGM HEALTHCARE,348,32,2.4,2.2,1.7,3.9,Y,NA,N,N,N,Resident,Yes,4,NA,3,NA,5,NA,5,NA,5,NA,3,NA,NA,NA,2.52761,0.78831,0.32339,1.1117,3.63931,3.05113,0.16031,0.01636,53.2,NA,0,NA,2,NA,1.21264,0.87135,2.03193,0.74963,0.59192,3.37348,2.99272,2.88057,0.89839,0.36854,4.14751,3.47719,2025-07-24,2,2,0,8,1,0,8,2024-03-01,16,13,3,163,1,0,163,46.75,NA,1,53804,0,1,"111 EAST WASHINGTON,BRISTOW,OK,74010",35.8274,-96.39,NA,2026-06-01
375322,PARKHILL NORTH NURSING HOME,319 NORTH OWEN WALTERS BLVD,SALINA,OK,74365,9184345600,480,Mayes,N,For profit - Corporation,65,37.8,NA,Medicare and Medicaid,N,SALINA CARE CENTER LLC,1999-04-20,BGM ESTATE,78,15,1.9,2.3,1.9,2.5,N,NA,N,N,N,Resident,Yes,1,NA,2,NA,3,NA,3,NA,NA,2,1,25,25,6,NA,NA,NA,NA,NA,NA,NA,NA,37.2,NA,50,NA,0,NA,NA,NA,NA,NA,NA,NA,NA,NA,NA,NA,NA,NA,2025-12-18,13,13,0,76,1,0,76,2024-06-05,3,1,2,12,1,0,12,60,NA,0,0,0,0,"319 NORTH OWEN WALTERS BLVD,SALINA,OK,74365",36.2954,-95.147,NA,2026-06-01
375324,CHEROKEE COUNTY NURSING CENTER,1504 NORTH CEDAR AVENUE,TAHLEQUAH,OK,74464,9184563456,100,Cherokee,N,For profit - Corporation,110,105.3,NA,Medicare and Medicaid,N,CHEROKEE COUNTY NURSING CENTER INC,1998-01-01,CENTRAL ARKANSAS NURSING CENTERS,129,39,3.7,3.2,3.5,4.3,N,NA,N,N,N,Resident,Yes,4,NA,4,NA,3,NA,3,NA,2,NA,3,NA,NA,NA,2.60988,1.0488,0.27631,1.32511,3.935,3.58835,0.31291,0.01157,49.6,NA,NA,27,0,NA,1.1618,0.83482,1.94674,0.7182,0.5671,3.23205,2.86726,3.10448,1.24756,0.32867,4.68072,4.26837,2025-07-03,2,2,0,8,1,0,8,2024-02-16,6,3,3,32,1,0,32,14,NA,0,0,0,0,"1504 NORTH CEDAR AVENUE,TAHLEQUAH,OK,74464",35.932,-94.958,NA,2026-06-01
375325,Burford Manor,505 South 7Th Street,Davis,OK,73030,5803692653,490,Murray,N,For profit - Limited Liability company,73,47,NA,Medicare and Medicaid,N,"DAVIS HEALTH AND REHABILITATION, LLC",1998-01-01,NA,NA,NA,NA,NA,NA,NA,N,NA,N,N,N,Resident,Yes,1,NA,2,NA,1,NA,1,NA,1,NA,3,NA,NA,NA,2.61408,0.93011,0.35328,1.28339,3.89747,3.27075,0.19269,0.00762,NA,26,NA,26,NA,26,1.04636,0.75186,1.7533,0.64684,0.51075,2.91089,2.58235,3.45254,1.22844,0.46659,5.14757,4.31983,2024-11-01,3,1,2,87,1,0,87,2023-08-17,4,2,2,44,1,0,44,76.25,NA,2,17767,1,3,"505 South 7Th Street,Davis,OK,73030",34.5021,-97.113,NA,2026-06-01
375326,MEEKER NURSING CENTER,500 NORTH DAWSON STREET,MEEKER,OK,74855,4052793521,400,Lincoln,Y,For profit - Limited Liability company,70,45.8,NA,Medicare and Medicaid,N,MEEKER NORTH DAWSON NURSING LLC,1998-01-05,NA,NA,NA,NA,NA,NA,NA,N,NA,N,N,N,Resident,Yes,3,NA,3,NA,2,NA,2,NA,NA,2,3,NA,NA,NA,2.53395,0.76792,0.36342,1.13134,3.66529,3.46325,0.24184,0.00301,66.7,NA,NA,27,1,NA,1.05959,0.76137,1.77548,0.65502,0.51721,2.94771,2.61501,3.30491,1.00157,0.47399,4.78047,4.51695,2025-09-11,6,6,2,36,1,0,36,2024-07-01,8,6,2,48,1,0,48,39,NA,1,8427,0,1,"500 NORTH DAWSON STREET,MEEKER,OK,74855",35.5071,-96.894,NA,2026-06-01
375327,COLONIAL PARK MANOR,600 WEST FRONTAGE ROAD,OKEMAH,OK,74859,4057862266,530,Okfuskee,N,For profit - Limited Liability company,80,70.1,NA,Medicare and Medicaid,N,COLONIAL PARK MANOR LLC,1998-01-05,NA,NA,NA,NA,NA,NA,NA,N,NA,N,N,N,Both,Yes,4,NA,4,NA,3,NA,2,NA,4,NA,4,NA,NA,NA,2.65382,0.59999,0.42714,1.02713,3.68094,3.38334,0.25278,0.00772,32.3,NA,42.9,NA,0,NA,1.12287,0.80684,1.88151,0.69414,0.5481,3.12375,2.77119,3.26618,0.73843,0.5257,4.53031,4.16403,2025-03-26,6,6,0,36,1,0,36,2023-11-30,1,1,0,8,1,0,8,29,NA,0,0,0,0,"600 WEST FRONTAGE ROAD,OKEMAH,OK,74859",35.4207,-96.332,NA,2026-06-01
375328,TALIHINA MANOR,FIRST & EMMERT STREET,TALIHINA,OK,74571,9185672279,390,Le Flore,N,For profit - Limited Liability company,69,26.2,NA,Medicare and Medicaid,N,TALIHINA MANOR LLC,1997-11-05,BGM ESTATE,78,15,1.9,2.3,1.9,2.5,N,NA,N,N,N,Both,Yes,3,NA,3,NA,5,NA,5,NA,NA,2,1,24,6,6,NA,NA,NA,NA,NA,NA,NA,NA,NA,26,NA,26,NA,26,NA,NA,NA,NA,NA,NA,NA,NA,NA,NA,NA,NA,2025-07-03,2,2,0,16,1,0,16,2024-03-01,15,15,0,104,1,0,104,38,NA,0,0,0,0,"FIRST & EMMERT STREET,TALIHINA,OK,74571",34.7528,-95.033,22,2026-06-01
375330,FORT GIBSON CARE & REHAB CENTER,205 EAST POPLAR STREET,FORT GIBSON,OK,74434,9184782456,500,Muskogee,N,For profit - Limited Liability company,66,55.1,NA,Medicare and Medicaid,N,FORT GIBSON HEALTHCARE LLC,1998-01-01,MGM HEALTHCARE,348,32,2.4,2.2,1.7,3.9,N,NA,N,N,N,Both,Yes,3,NA,3,NA,4,NA,5,NA,2,NA,2,NA,NA,NA,2.87819,0.76418,0.28381,1.04799,3.92618,3.63466,0.26914,0.02106,52.1,NA,NA,27,0,NA,1.46804,1.05487,2.45989,0.90752,0.71659,4.084,3.62305,2.70944,0.71937,0.26717,3.69599,3.42156,2025-01-15,8,8,0,60,1,0,60,2023-09-20,11,11,0,52,1,0,52,58,NA,1,53271,1,2,"205 EAST POPLAR STREET,FORT GIBSON,OK,74434",35.7984,-95.248,NA,2026-06-01
375331,Thunder Care and Rehabilitation,2120 North Broadway,Moore,OK,73160,4057942428,130,Cleveland,Y,For profit - Individual,154,113.9,NA,Medicare and Medicaid,N,THUNDER CARE AND REHABILITATION LLC,1997-11-26,IHS MANAGEMENT CONSULTANTS,280,5,2.2,2.6,2.4,2,N,SFF Candidate,Y,N,N,Resident,Yes,1,NA,1,NA,3,NA,3,NA,NA,2,2,NA,NA,NA,2.3606,0.75181,0.18372,0.93553,3.29613,2.82441,0.08041,0.00397,61.3,NA,62.5,NA,1,NA,1.04597,0.75159,1.75266,0.6466,0.51057,2.90983,2.58141,3.11889,0.99331,0.24274,4.35494,3.7317,2025-04-24,15,5,10,163,1,0,163,2023-12-21,15,10,6,314,1,0,314,200.75,NA,1,30137,1,2,"2120 North Broadway,Moore,OK,73160",35.3578,-97.494,NA,2026-06-01
375333,STILWELL NURSING AND REHAB,509 W LOCUST ST,STILWELL,OK,74960,9186967715,000,Adair,N,For profit - Limited Liability company,120,83,NA,Medicare and Medicaid,N,"SNH OPCO, LLC",1998-02-01,NA,NA,NA,NA,NA,NA,NA,N,NA,N,N,N,Resident,Yes,4,NA,4,NA,3,NA,3,NA,3,NA,3,NA,NA,NA,2.33197,0.64846,0.23293,0.88139,3.21336,2.81529,0.20443,0,47.5,NA,20,NA,NA,26,0.96143,0.69084,1.611,0.59434,0.4693,2.67464,2.37277,3.35199,0.9321,0.33481,4.6189,4.04672,2025-04-09,4,4,0,20,1,0,20,2023-12-14,11,11,2,60,1,0,60,30,NA,0,0,0,0,"509 W LOCUST ST,STILWELL,OK,74960",35.8086,-94.635,NA,2026-06-01
375334,Shady Rest Care Center,210 South Adair,Pryor,OK,74361,9188254455,480,Mayes,N,For profit - Limited Liability company,65,32.6,NA,Medicare and Medicaid,N,"SHADY REST CARE CENTER, LLC",1998-03-02,BGM ESTATE,78,15,1.9,2.3,1.9,2.5,N,NA,N,N,N,Resident,Yes,2,NA,2,NA,2,NA,2,NA,NA,2,3,NA,NA,NA,2.95112,0.94593,0.26376,1.20968,4.1608,3.68565,0.25702,0.01086,65.7,NA,NA,27,3,NA,1.04202,0.74875,1.74604,0.64416,0.50864,2.89884,2.57166,3.91389,1.25452,0.3498,5.51822,4.88805,2024-08-29,12,11,6,108,1,0,108,2023-07-27,5,4,1,28,1,0,28,88,NA,1,14069,0,1,"210 South Adair,Pryor,OK,74361",36.3038,-95.319,NA,2026-06-01
375335,WINDRIDGE NURSING AND REHABILITATION CENTER,2530 NORTH ELM STREET,MIAMI,OK,74354,9185402300,570,Ottawa,N,For profit - Limited Liability company,100,37.7,NA,Medicare and Medicaid,N,MIAMI HEALTHCARE LLC,1998-03-06,"OKLAHOMA NURSING HOMES, LTD.",384,7,2.4,2.9,2.3,2.6,N,NA,N,N,N,Resident,Yes,4,NA,5,NA,4,NA,3,NA,5,NA,1,23,23,23,NA,NA,NA,NA,NA,NA,NA,NA,NA,26,NA,26,NA,26,NA,NA,NA,NA,NA,NA,NA,NA,NA,NA,NA,NA,2025-12-04,1,1,0,4,1,0,4,2024-08-22,4,4,0,16,1,0,16,7,NA,0,0,0,0,"2530 NORTH ELM STREET,MIAMI,OK,74354",36.9067,-94.86,NA,2026-06-01
375340,Walnut Grove Care & Rehab Center,1001 South George Nigh Expressway,McAlester,OK,74501,9184237373,600,Pittsburg,N,For profit - Limited Liability company,80,56.6,NA,Medicare and Medicaid,N,"WALNUT HEALTHCARE, LLC",1998-05-01,MGM HEALTHCARE,348,32,2.4,2.2,1.7,3.9,N,NA,Y,N,N,Resident,Yes,3,NA,2,NA,5,NA,5,NA,4,NA,2,NA,NA,NA,2.41058,0.62041,0.31451,0.93492,3.3455,3.19853,0.29366,0.02052,58.3,NA,42.9,NA,0,NA,1.35341,0.97249,2.2678,0.83665,0.66063,3.76508,3.34013,2.46146,0.63351,0.32115,3.41612,3.26605,2025-02-28,7,7,3,103,1,0,103,2023-10-24,10,9,3,60,1,0,60,92.25,NA,1,31460,0,1,"1001 South George Nigh Expressway,McAlester,OK,74501",34.8973,-95.763,NA,2026-06-01
375341,COUNTRYSIDE ESTATES,HIGHWAY 64 EAST,WARNER,OK,74469,9184635143,500,Muskogee,N,For profit - Limited Liability company,111,77.1,NA,Medicare and Medicaid,N,COUNTRYSIDE HEALTH SERVICES LLC,1998-07-01,NA,NA,NA,NA,NA,NA,NA,N,NA,N,N,N,Resident,Yes,3,NA,4,NA,2,NA,1,NA,3,NA,1,NA,NA,NA,3.39448,1.45438,0.22817,1.68255,5.07704,4.47937,0.18919,0.00613,56.7,NA,NA,27,NA,26,2.41123,1.73259,4.04031,1.49057,1.17698,6.70786,5.95077,1.94552,0.83356,0.13078,2.90986,2.56731,2025-01-09,4,4,0,24,1,0,24,2023-10-27,7,7,2,52,1,0,52,31,NA,1,3145,0,1,"HIGHWAY 64 EAST,WARNER,OK,74469",35.4934,-95.269,NA,2026-06-01
375342,WASHITA VALLEY LIVING CENTER,105 WASHINGTON,PAULS VALLEY,OK,73075,4052385528,240,Garvin,N,For profit - Corporation,109,34.2,NA,Medicare and Medicaid,N,"WASHITA VALLEY LIVING CENTER, INC",1998-04-01,NA,NA,NA,NA,NA,NA,NA,N,NA,N,N,N,Resident,Yes,4,NA,4,NA,4,NA,4,NA,NA,2,4,NA,NA,NA,2.49513,1.43673,0.41187,1.8486,4.34373,3.76989,0.28854,0.00342,52,NA,NA,27,NA,26,1.14745,0.8245,1.9227,0.70933,0.5601,3.19213,2.83185,3.0051,1.73037,0.49605,5.23152,4.54039,2025-04-21,3,3,0,20,1,0,20,2023-12-07,1,0,1,4,0,0,4,16,NA,0,0,0,0,"105 WASHINGTON,PAULS VALLEY,OK,73075",34.742,-97.211,NA,2026-06-01
375344,SEQUOYAH POINTE LIVING CENTER,8515 NORTH 123RD EAST AVENUE,OWASSO,OK,74055,9182725151,710,Tulsa,Y,For profit - Limited Liability company,92,36.3,NA,Medicare and Medicaid,N,CONHOLD OF OWASSO LLC,1998-07-20,CONHOLD,720,5,3.8,3.6,2.4,3.6,N,NA,N,N,N,Resident,Yes,4,NA,4,NA,2,NA,3,NA,2,NA,2,NA,NA,NA,2.52092,0.71961,0.25918,0.97879,3.49971,3.23835,0.23483,0.01416,63.6,NA,57.1,NA,1,NA,1.1853,0.8517,1.98612,0.73273,0.57857,3.29742,2.92526,2.93921,0.83901,0.30218,4.0804,3.77568,2025-04-15,4,4,2,20,1,0,20,2023-12-11,8,6,8,48,1,0,48,27,NA,1,52192,1,2,"8515 NORTH 123RD EAST AVENUE,OWASSO,OK,74055",36.28,-95.85,22,2026-06-01
375346,CIMARRON POINTE CARE CENTER,404 EAST CIMARRON,MANNFORD,OK,74044,9188657701,180,Creek,Y,For profit - Corporation,108,36.2,NA,Medicare and Medicaid,N,CONHOLD OF MANNFORD LLC,1998-07-20,CONHOLD,720,5,3.8,3.6,2.4,3.6,N,NA,N,N,N,Resident,Yes,4,NA,3,NA,5,NA,5,NA,NA,2,3,NA,NA,NA,2.29327,0.76373,0.2732,1.03693,3.33019,3.13952,0.22372,0.0184,75.6,NA,NA,27,NA,26,1.00551,0.72251,1.68486,0.62159,0.49082,2.79727,2.48155,3.15185,1.04967,0.37548,4.577,4.31494,2024-06-13,4,4,1,16,1,0,16,2023-05-05,14,8,6,84,2,42,126,43.5,NA,0,0,0,0,"404 EAST CIMARRON,MANNFORD,OK,74044",36.1705,-96.369,NA,2026-06-01
375347,MCLOUD NURSING CENTER,701 SOUTH 8TH STREET,MCLOUD,OK,74851,4059642961,620,Pottawatomie,N,For profit - Individual,80,54.7,NA,Medicare and Medicaid,N,MCL NURSING LLC,1998-06-28,NA,NA,NA,NA,NA,NA,NA,N,NA,N,N,N,Resident,Yes,3,NA,2,NA,5,NA,5,NA,NA,2,3,NA,NA,NA,2.48408,0.92197,0.20253,1.12451,3.60858,3.43173,0.13206,0.09352,41.7,NA,NA,27,0,NA,1.08505,0.77967,1.81814,0.67076,0.52964,3.01854,2.67785,3.16383,1.17426,0.25796,4.59605,4.37081,2024-06-13,15,15,0,116,1,0,116,2023-05-05,5,4,1,32,1,0,32,95,NA,0,0,0,0,"701 SOUTH 8TH STREET,MCLOUD,OK,74851",35.4256,-97.097,NA,2026-06-01
375349,BELLEVUE HEALTH & REHABILITATION CENTER,6500 NORTH PORTLAND AVENUE,OKLAHOMA CITY,OK,73116,4057676500,540,Oklahoma,Y,For profit - Limited Liability company,142,127.2,NA,Medicare and Medicaid,N,BELLEVUE NORTHWEST NURSING CENTER LLC,1998-08-28,NA,NA,NA,NA,NA,NA,NA,N,NA,N,N,N,Resident,Yes,3,NA,3,NA,4,NA,5,NA,3,NA,3,NA,NA,NA,2.97866,1.36474,0.33728,1.70203,4.68068,4.25452,0.29465,0.00547,54.6,NA,53.3,NA,0,NA,1.33542,0.95957,2.23767,0.82553,0.65185,3.71505,3.29575,3.08249,1.41232,0.34904,4.84385,4.40282,2024-06-05,9,6,3,64,1,0,64,2023-04-28,5,5,0,32,1,0,32,56,NA,0,0,0,0,"6500 NORTH PORTLAND AVENUE,OKLAHOMA CITY,OK,73116",35.5375,-97.583,NA,2026-06-01
375350,Seminole Pioneer Nursing Home,1705 Boren Blvd,Seminole,OK,74868,4053821270,660,Seminole,N,For profit - Individual,110,45.1,NA,Medicare and Medicaid,N,Legal Business Name Not Available,1998-06-25,NA,NA,NA,NA,NA,NA,NA,N,NA,N,N,N,Both,Yes,2,NA,2,NA,4,NA,4,NA,NA,2,2,NA,NA,NA,2.45334,0.61136,0.22226,0.83362,3.28696,3.41276,0.19157,0,NA,26,NA,26,NA,26,0.80102,0.57558,1.34221,0.49518,0.391,2.22839,1.97688,4.23266,1.05476,0.38345,5.67087,5.88791,2024-11-05,11,11,0,68,1,0,68,2023-08-11,18,11,7,172,1,0,172,94,NA,2,228591,0,2,"1705 Boren Blvd,Seminole,OK,74868",35.2384,-96.693,NA,2026-06-01
375351,Aspen Health and Rehab,1251 West Houston,Broken Arrow,OK,74012,5393674500,710,Tulsa,Y,For profit - Corporation,126,103.7,NA,Medicare and Medicaid,N,PARKS EDGE CARE CENTER INC,1998-09-14,CENTRAL ARKANSAS NURSING CENTERS,129,39,3.7,3.2,3.5,4.3,N,NA,N,N,N,Resident,Yes,2,NA,2,NA,4,NA,3,NA,4,NA,3,NA,NA,NA,3.48035,1.06837,0.34354,1.41191,4.89226,4.38403,0.39759,0.02307,63.9,NA,66.7,NA,0,NA,1.14564,0.82321,1.91967,0.70821,0.55922,3.1871,2.82739,4.1983,1.28876,0.41441,5.90146,5.28838,2024-07-03,9,6,3,52,1,0,52,2023-05-25,8,2,6,111,1,0,111,66.75,NA,1,35721,0,1,"1251 West Houston,Broken Arrow,OK,74012",36.0464,-95.805,NA,2026-06-01
375353,Greenbrier Village Health and Rehabilitation,1119 EAST OWEN K GARRIOTT ROAD,ENID,OK,73701,5802330121,230,Garfield,Y,For profit - Corporation,150,91.9,NA,Medicare and Medicaid,N,GBV ENTERPRISES INC,1998-10-01,NA,NA,NA,NA,NA,NA,NA,N,NA,N,N,N,Resident,Yes,2,NA,3,NA,3,NA,3,NA,3,NA,1,23,23,23,NA,NA,NA,NA,NA,NA,NA,NA,NA,26,NA,26,NA,26,NA,NA,NA,NA,NA,NA,NA,NA,NA,NA,NA,NA,2025-07-03,6,6,0,48,1,0,48,2024-03-29,5,4,1,20,1,0,20,41,NA,5,14819,0,5,"1119 EAST OWEN K GARRIOTT ROAD,ENID,OK,73701",36.3906,-97.863,NA,2026-06-01
375354,NOWATA NURSING CENTER,436 SOUTH JOE,NOWATA,OK,74048,9182732236,520,Nowata,N,For profit - Limited Liability company,65,37,NA,Medicare and Medicaid,N,NOWATA LTC LLC,1998-10-01,"OKLAHOMA NURSING HOMES, LTD.",384,7,2.4,2.9,2.3,2.6,N,NA,N,N,N,Resident,Yes,2,NA,3,NA,1,NA,1,NA,NA,2,4,NA,NA,NA,2.8246000000000002,0.97922,0.45396,1.43319,4.25778,4.10692,0.31818,0.00396,41.7,NA,NA,27,NA,26,1.24646,0.89565,2.08859,0.77053,0.60843,3.46755,3.07618,3.13169,1.08568,0.50332,4.72069,4.55343,2024-11-21,8,7,1,60,1,0,60,2023-08-03,1,1,0,4,1,0,4,46,NA,1,4587,0,1,"436 SOUTH JOE,NOWATA,OK,74048",36.6933,-95.649,NA,2026-06-01
375358,Grace Skilled Nursing and Therapy Jenks,711 North 5Th Street,Jenks,OK,74037,9182998508,710,Tulsa,Y,For profit - Partnership,187,98.1,NA,Medicare and Medicaid,N,JENKS LIVING CENTERS LLC,1998-11-01,BRIDGES HEALTH,91,34,3.5,3.5,3.3,3.1,N,NA,N,N,N,Resident,Yes,2,NA,2,NA,2,NA,3,NA,1,NA,2,NA,NA,NA,2.38393,1.08578,0.22993,1.31571,3.69963,3.42517,0.3002,0.00922,76.9,NA,77.8,NA,0,NA,1.10731,0.79566,1.85544,0.68452,0.54051,3.08047,2.73279,2.97524,1.35509,0.28696,4.61729,4.27476,2024-09-20,15,8,10,72,1,0,72,2023-08-28,12,4,10,76,1,0,76,73,NA,1,15646,0,1,"711 North 5Th Street,Jenks,OK,74037",36.0283,-95.965,NA,2026-06-01
375359,GLENHAVEN RETIREMENT VILLAGE,3003 IOWA,CHICKASHA,OK,73023,4052240909,250,Grady,Y,For profit - Corporation,120,71.8,NA,Medicare and Medicaid,N,GLENHAVEN CORPORATION,1999-01-01,NA,NA,NA,NA,NA,NA,NA,Y,NA,N,N,N,Resident,Yes,3,NA,3,NA,3,NA,2,NA,3,NA,2,NA,NA,NA,3.05324,1.09944,0.16327,1.26271,4.31595,3.60598,0.14483,0.00526,NA,26,NA,26,NA,26,1.13408,0.81489,1.90029,0.70106,0.55357,3.15492,2.79884,3.72064,1.33976,0.19896,5.25937,4.3942,2024-12-19,1,1,0,8,1,0,8,2023-10-12,14,12,3,179,1,0,179,50.75,NA,1,14433,1,2,"3003 IOWA,CHICKASHA,OK,73023",35.0477,-97.964,NA,2026-06-01
375360,Oakridge Nursing Center,1100 Oak Ridge Drive,Durant,OK,74701,5806344710,060,Bryan,N,For profit - Limited Liability company,104,51.6,NA,Medicare and Medicaid,N,DURANT OAK OPERATING CO LLC,1999-01-01,ELMBROOK MANAGEMENT COMPANY,198,11,3.5,3.7,3.1,2.4,N,NA,N,N,N,Resident,Yes,2,NA,3,NA,1,NA,3,NA,1,NA,2,NA,NA,NA,2.0116,0.98816,0.38861,1.37677,3.38837,2.67651,0.30384,0,76.1,NA,71.4,NA,NA,26,1.14276,0.82113,1.91484,0.70643,0.55781,3.17907,2.82026,2.43269,1.19501,0.46996,4.09766,3.23679,2025-01-29,7,6,6,60,1,0,60,2023-10-30,7,7,0,36,1,0,36,54,NA,1,14069,0,1,"1100 Oak Ridge Drive,Durant,OK,74701",34.0085,-96.384,NA,2026-06-01
375362,Shanoan Springs Nursing and Rehabilitation,2500 South 12th Street,Chickasha,OK,73018,4052241397,250,Grady,Y,For profit - Limited Liability company,82,53.2,NA,Medicare and Medicaid,N,"N&R OF CHICKASHA, LLC",1999-02-01,NA,NA,NA,NA,NA,NA,NA,N,NA,N,N,N,Resident,Yes,3,NA,3,NA,2,NA,3,NA,1,NA,2,NA,NA,NA,2.479,1.43875,0.15723,1.59598,4.07499,3.47635,0.15433,0.02825,76.9,NA,40,NA,1,NA,1.29756,0.93237,2.17422,0.80213,0.63337,3.60972,3.2023,2.64028,1.53235,0.16746,4.34009,3.70251,2025-05-30,3,2,3,28,1,0,28,2024-04-18,15,13,3,88,1,0,88,43,NA,1,12740,0,1,"2500 South 12th Street,Chickasha,OK,73018",35.0264,-97.948,NA,2026-06-01
375365,South Pointe Rehabilitation and Care Center,5725 South Ross,Oklahoma City,OK,73119,4056854791,540,Oklahoma,Y,For profit - Limited Liability company,375,191,NA,Medicare and Medicaid,N,SP HEALTHCARE MANAGEMENT LLC,1999-03-01,MGM HEALTHCARE,348,32,2.4,2.2,1.7,3.9,N,SFF Candidate,N,N,N,Resident,Yes,1,NA,1,NA,4,NA,5,NA,4,NA,2,NA,NA,NA,2.38437,0.9781,0.19715,1.17524,3.55961,3.24194,0.13259,0.00499,40.8,NA,33.3,NA,NA,26,1.2632,0.90768,2.11665,0.78088,0.6166,3.51413,3.1175,2.60856,1.07006,0.21569,3.89431,3.54677,2025-04-28,14,14,1,76,1,0,76,2024-01-17,41,25,21,430,2,215,645,218.25,NA,3,202060,2,5,"5725 South Ross,Oklahoma City,OK,73119",35.409,-97.561,NA,2026-06-01
375366,GROVE NURSING CENTER,1503 WEST HAR-BER ROAD,GROVE,OK,74344,9187863223,200,Delaware,N,For profit - Limited Liability company,133,48.7,NA,Medicare and Medicaid,N,PHOENIX HEALTHCARE LLC,1999-03-01,PHOENIX HEALTHCARE,401,6,2.8,2.8,3.2,3,N,NA,N,N,N,Resident,Yes,5,NA,4,NA,3,NA,5,NA,2,NA,5,NA,NA,NA,3.00513,0.93196,0.72139,1.65335,4.65848,4.59964,0.30627,0.02434,39.4,NA,22.2,NA,3,NA,1.1119,0.79896,1.86312,0.68735,0.54274,3.09322,2.7441,3.73507,1.15833,0.89661,5.79,5.71687,2024-07-17,5,5,0,28,1,0,28,2023-06-22,5,5,0,28,1,0,28,28,NA,0,0,0,0,"1503 WEST HAR-BER ROAD,GROVE,OK,74344",36.5829,-94.788,NA,2026-06-01
375367,STROUD NURSING & REHAB,721 WEST OLIVE,STROUD,OK,74079,9189682075,400,Lincoln,Y,For profit - Limited Liability company,58,49.8,NA,Medicare and Medicaid,N,STROUD NURSING & REHAB LLC,1999-04-01,NA,NA,NA,NA,NA,NA,NA,N,NA,N,Y,N,Resident,Yes,3,NA,2,NA,5,NA,5,NA,NA,2,2,NA,NA,NA,2.56773,1.00786,0.21606,1.22391,3.79164,3.47855,0.19204,0,NA,26,NA,27,1,NA,1.14792,0.82484,1.92349,0.70962,0.56033,3.19344,2.83301,3.09126,1.21335,0.26011,4.56472,4.1878,2024-02-09,5,5,0,20,1,0,20,2023-01-19,8,7,1,143,2,72,215,68.75,NA,1,9307,0,1,"721 WEST OLIVE,STROUD,OK,74079",35.7603,-96.702,22,2026-06-01
375369,WAGONER HEALTH & REHAB,205 NORTH LINCOLN AVENUE,WAGONER,OK,74467,9184852203,720,Wagoner,Y,For profit - Limited Liability company,117,49.1,NA,Medicare and Medicaid,N,WAGONER HEALTH & REHAB LLC,1999-02-22,BRADFORD MONTGOMERY,87,11,2,2.5,1.7,2.8,N,NA,N,N,N,Resident,Yes,1,NA,2,NA,4,NA,4,NA,NA,2,1,25,25,6,NA,NA,NA,NA,NA,NA,NA,NA,50,NA,60,NA,1,NA,NA,NA,NA,NA,NA,NA,NA,NA,NA,NA,NA,NA,2025-04-10,16,11,5,104,1,0,104,2023-12-29,9,8,1,40,1,0,40,88,NA,0,0,0,0,"205 NORTH LINCOLN AVENUE,WAGONER,OK,74467",35.9628,-95.39,NA,2026-06-01
375371,Riverside Health Services,1008 Arkansas Street,Arkoma,OK,74901,9188753107,390,Le Flore,N,For profit - Limited Liability company,56,40.1,NA,Medicare and Medicaid,N,RIVERSIDE HEALTH SERVICES LLC,1999-09-01,NA,NA,NA,NA,NA,NA,NA,N,NA,N,N,N,Resident,Yes,1,NA,2,NA,2,NA,2,NA,NA,2,1,NA,NA,NA,3.37667,1.40445,0.30916,1.71362,5.09029,4.41298,0.27533,0.00746,58.8,NA,100,NA,NA,26,2.33609,1.67861,3.91441,1.44412,1.1403,6.49884,5.76534,1.99755,0.83084,0.18289,3.01129,2.61061,2025-02-06,7,1,6,72,1,0,72,2023-10-26,3,0,3,87,0,0,87,75.75,NA,2,115170,0,2,"1008 Arkansas Street,Arkoma,OK,74901",35.3534,-94.434,NA,2026-06-01
375372,CHOCTAW NATION NURSING HOME,400 SOUTHWEST O STREET,ANTLERS,OK,74523,5802985528,630,Pushmataha,N,For profit - Limited Liability company,72,28.4,NA,Medicare and Medicaid,N,"CHOCTAW NATION CARE CENTER, LLC",1999-09-20,BGM ESTATE,78,15,1.9,2.3,1.9,2.5,N,NA,N,N,N,Resident,Yes,1,NA,2,NA,1,NA,1,NA,2,NA,2,NA,NA,NA,1.64536,0.68739,0.43652,1.1239,2.76926,2.78724,0.53738,0.0198,62.5,NA,NA,27,1,NA,1.10745,0.79576,1.85568,0.68461,0.54058,3.08086,2.73313,2.05322,0.85778,0.54472,3.45572,3.47815,2025-06-19,7,7,3,48,1,0,48,2024-02-14,19,19,0,164,1,0,164,77,NA,1,38532,0,1,"400 SOUTHWEST O STREET,ANTLERS,OK,74523",34.2352,-95.64,NA,2026-06-01
375373,"Perry Green Valley Nursing Center, LLC",1103 Birch Street,Perry,OK,73077,5803362285,510,Noble,N,For profit - Limited Liability company,112,60.3,NA,Medicare and Medicaid,N,"PERRY GREEN VALLEY NURSING HOME, LLC",1999-10-18,NA,NA,NA,NA,NA,NA,NA,N,NA,N,N,N,Resident,Yes,3,NA,3,NA,3,NA,3,NA,4,NA,4,NA,NA,NA,3.19627,0.49887,0.43271,0.93159,4.12786,3.84018,0.25207,0.01157,48.3,NA,57.1,NA,0,NA,1.09007,0.78327,1.82654,0.67386,0.53209,3.03249,2.69022,4.05219,0.63247,0.54859,5.23325,4.86854,2024-11-06,6,6,1,48,1,0,48,2023-09-21,1,0,1,20,0,0,20,41,NA,1,8278,0,1,"1103 Birch Street,Perry,OK,73077",36.2849,-97.295,NA,2026-06-01
375374,"GOLDEN AGE NURSING HOME OF GUTHRIE, LLC",419 EAST OKLAHOMA,GUTHRIE,OK,73044,4052820144,410,Logan,Y,For profit - Limited Liability company,125,110.4,NA,Medicare and Medicaid,N,"GOLDEN AGE NURSING HOME OF GUTHRIE, LLC",1999-09-01,NA,NA,NA,NA,NA,NA,NA,N,NA,N,N,N,Resident,Yes,4,NA,4,NA,3,NA,4,NA,3,NA,4,NA,NA,NA,2.67387,0.69944,0.56124,1.26068,3.93455,3.48019,0.36169,0.04124,27.3,NA,25,NA,1,NA,1.18595,0.85217,1.98721,0.73313,0.57889,3.29924,2.92686,3.11582,0.81505,0.654,4.58488,4.05542,2025-05-15,4,4,0,20,1,0,20,2024-02-07,2,1,1,8,1,0,8,17,NA,1,14069,0,1,"419 EAST OKLAHOMA,GUTHRIE,OK,73044",35.878,-97.421,NA,2026-06-01
375375,Claremore Skilled Nursing and Therapy,920 East 16Th Street,Claremore,OK,74017,4059436444,650,Rogers,Y,For profit - Partnership,118,79.2,NA,Medicare and Medicaid,N,CLAREMORE OPERATIONS LLC,1999-10-07,BRIDGES HEALTH,91,34,3.5,3.5,3.3,3.1,N,NA,N,N,N,Resident,Yes,2,NA,2,NA,3,NA,4,NA,2,NA,2,NA,NA,NA,1.9805,1.10904,0.20863,1.31767,3.29817,3.16275,0.20631,0.01466,50,NA,80,NA,0,NA,1.17685,0.84563,1.97197,0.72751,0.57445,3.27393,2.90441,2.32568,1.30234,0.24499,3.87302,3.71399,2026-03-04,8,5,4,68,1,0,68,2024-06-28,7,6,1,40,1,0,40,61,NA,0,0,0,0,"920 East 16Th Street,Claremore,OK,74017",36.3245,-95.596,NA,2026-06-01
375376,Muskogee Nursing Center,602 North M Street,Muskogee,OK,74403,9186829232,500,Muskogee,N,For profit - Individual,58,33.8,NA,Medicare and Medicaid,N,MUSKOGEE HEALTH SERVICES LLC,1999-12-01,NA,NA,NA,NA,NA,NA,NA,N,NA,N,N,N,Resident,Yes,1,NA,1,NA,2,NA,2,NA,NA,2,1,24,NA,NA,2.41652,0.73066,0.27284,1.00349,3.42002,3.38876,0.2301,0.00604,NA,26,NA,26,NA,26,1.04523,0.75106,1.75142,0.64614,0.5102,2.90776,2.57958,3.19505,0.96605,0.36074,4.52183,4.4805,2025-01-08,8,7,6,127,1,0,127,2023-11-16,2,2,0,8,1,0,8,97.25,NA,6,59711,0,6,"602 North M Street,Muskogee,OK,74403",35.7477,-95.352,NA,2026-06-01
375378,SOUTHERN OAKS CARE CENTER,1401 4TH STREET,PAWNEE,OK,74058,9187622515,580,Pawnee,Y,For profit - Corporation,82,49.7,NA,Medicare and Medicaid,N,PHOENIX HEALTHCARE LLC,2000-03-01,PHOENIX HEALTHCARE,401,6,2.8,2.8,3.2,3,N,NA,N,N,N,Resident,Yes,4,NA,4,NA,2,NA,2,NA,2,NA,3,NA,NA,NA,2.16425,0.98348,0.43592,1.41941,3.58365,3.40875,0.52777,0.08733,57.1,NA,44.4,NA,4,NA,1.11164,0.79877,1.8627,0.6872,0.54262,3.09251,2.74347,2.69055,1.22265,0.54193,4.45513,4.2377,2026-03-20,8,8,1,32,1,0,32,2024-09-12,4,2,2,20,1,0,20,29,NA,1,3174,0,1,"1401 4TH STREET,PAWNEE,OK,74058",36.3279,-96.8,NA,2026-06-01
375379,Ardmore Center for Rehabilitation and Healthcare,604 LAKE MURRAY DRIVE,ARDMORE,OK,73401,5802234501,090,Carter,N,For profit - Corporation,62,45,NA,Medicare and Medicaid,N,DARLENE INVESTMENT GROUP LAKELAND MANOR INC,2000-01-01,NA,NA,NA,NA,NA,NA,NA,N,NA,N,N,N,Resident,Yes,5,NA,5,NA,2,NA,2,NA,2,NA,2,NA,NA,NA,3.25193,0.54444,0.39121,0.93565,4.18757,4.09555,0.38295,0.0155,81,NA,87.5,NA,2,NA,1.30215,0.93566,2.18191,0.80496,0.63561,3.62249,3.21363,3.45127,0.57781,0.41519,4.44428,4.34661,2025-02-27,0,0,0,0,0,0,0,2023-12-28,5,0,5,44,0,0,44,11,NA,2,12606,1,3,"604 LAKE MURRAY DRIVE,ARDMORE,OK,73401",34.163,-97.124,NA,2026-06-01
375381,Baptist Village of Oklahoma City,9700 Mashburn Blvd,Oklahoma City,OK,73162,4057212466,540,Oklahoma,Y,Non profit - Corporation,120,101,NA,Medicare and Medicaid,N,"BAPTIST VILLAGE RETIREMENT COMMUNITIES OF OKLAHOMA, INC",2000-06-01,NA,NA,NA,NA,NA,NA,NA,Y,NA,Y,N,N,Resident,Yes,2,NA,2,NA,4,NA,4,NA,4,NA,4,NA,NA,NA,3.82275,1.3372,0.48417,1.82136,5.64412,4.95137,0.45918,0.06296,53.2,NA,53.8,NA,1,NA,1.18838,0.85392,1.99128,0.73463,0.58008,3.306,2.93286,4.44549,1.55503,0.56304,6.56356,5.75796,2025-10-01,2,2,2,28,1,0,28,2024-07-19,23,21,2,293,1,0,293,94.25,NA,2,28695,0,2,"9700 Mashburn Blvd,Oklahoma City,OK,73162",35.5699,-97.654,NA,2026-06-01
375382,BAPTIST VILLAGE OF OWASSO,12600 EAST 73RD STREET NORTH,OWASSO,OK,74055,9182728007,710,Tulsa,Y,Non profit - Corporation,120,74.7,NA,Medicare and Medicaid,N,"BAPTIST VILLAGE RETIREMENT COMMUNITIES OF OKLAHOMA, INC",2000-05-09,NA,NA,NA,NA,NA,NA,NA,Y,NA,N,N,N,Resident,Yes,3,NA,3,NA,3,NA,2,NA,4,NA,2,NA,NA,NA,2.91376,0.8736,0.16413,1.03773,3.95149,3.65977,0.15522,0.01149,70.5,NA,80,NA,0,NA,1.25826,0.90412,2.10837,0.77783,0.61419,3.50038,3.10531,3.20025,0.9595,0.18027,4.34001,4.01961,2025-06-27,6,6,1,44,1,0,44,2024-07-24,4,3,1,91,1,0,91,55.75,NA,2,18155,0,2,"12600 EAST 73RD STREET NORTH,OWASSO,OK,74055",36.2602,-95.835,NA,2026-06-01
375383,WILDEWOOD SKILLED NURSING AND THERAPY,1913 NORTHEAST 50TH STREET,OKLAHOMA CITY,OK,73111,4054275414,540,Oklahoma,Y,For profit - Partnership,107,78.5,NA,Medicare and Medicaid,N,SOONER GERIATRICS LLC,2000-02-16,BRIDGES HEALTH,91,34,3.5,3.5,3.3,3.1,N,NA,N,N,N,Resident,Yes,3,NA,3,NA,2,NA,4,NA,1,NA,4,NA,NA,NA,2.17634,0.87013,0.3719,1.24203,3.41837,3.0902,0.29246,0.00525,51.5,NA,28.6,NA,0,NA,1.05528,0.75827,1.76825,0.65235,0.51511,2.93572,2.60437,2.85009,1.13951,0.48703,4.47663,4.04686,2024-09-16,10,10,4,44,1,0,44,2023-08-03,3,3,0,16,1,0,16,37,NA,0,0,0,0,"1913 NORTHEAST 50TH STREET,OKLAHOMA CITY,OK,73111",35.5222,-97.479,NA,2026-06-01
375384,NEW HOPE RETIREMENT & CARE CENTER,1220 EAST ELECTRIC BLVD,MCALESTER,OK,74501,9184239095,600,Pittsburg,N,For profit - Individual,55,40.8,NA,Medicare and Medicaid,N,ASPIRE MANAGEMENT LLC,2000-05-23,NA,NA,NA,NA,NA,NA,NA,N,NA,N,N,N,Resident,Yes,1,NA,2,NA,3,NA,2,NA,3,NA,1,25,25,6,NA,NA,NA,NA,NA,NA,NA,NA,73.6,NA,60,NA,0,NA,NA,NA,NA,NA,NA,NA,NA,NA,NA,NA,NA,NA,2025-12-31,12,8,6,68,1,0,68,2024-11-07,13,8,5,92,1,0,92,74,NA,1,7371,0,1,"1220 EAST ELECTRIC BLVD,MCALESTER,OK,74501",34.9456,-95.746,NA,2026-06-01
375385,PARKLAND MANOR LIVING CENTER,922  WEST PARKLAND AVENUE,PRAGUE,OK,74864,4055672201,400,Lincoln,Y,For profit - Individual,78,32.8,NA,Medicare and Medicaid,N,PARKLAND MANOR LIVING CENTER LLC,2000-03-22,ELMBROOK MANAGEMENT COMPANY,198,11,3.5,3.7,3.1,2.4,N,NA,N,N,N,Resident,Yes,3,NA,4,NA,1,NA,1,NA,NA,2,3,NA,NA,NA,3.03148,0.65441,0.4333,1.08771,4.11918,3.36216,0.36533,0.0106,71.9,NA,NA,27,NA,26,1.23934,0.89053,2.07667,0.76613,0.60495,3.44775,3.05862,3.38037,0.72972,0.48317,4.59325,3.74911,2025-12-04,2,2,0,8,1,0,8,2024-05-31,13,11,2,84,1,0,84,27,NA,0,0,0,0,"922  WEST PARKLAND AVENUE,PRAGUE,OK,74864",35.4955,-96.686,NA,2026-06-01
375386,"QUAIL RIDGE LIVING CENTER, INC",564 STATE LINE ROAD,COLCORD,OK,74338,9184225138,200,Delaware,N,For profit - Corporation,120,92.3,NA,Medicare and Medicaid,N,QUAIL RIDGE LIVING CENTER INC,2000-07-10,STEIN LTC,490,4,4,3.8,3,3.8,N,NA,N,N,N,Resident,Yes,3,NA,3,NA,3,NA,3,NA,3,NA,3,NA,NA,NA,2.71422,0.5992,0.34896,0.94816,3.66238,3.10259,0.1581,0.02936,46.2,NA,50,NA,2,NA,1.05118,0.75533,1.76139,0.64982,0.51311,2.92432,2.59426,3.56834,0.78775,0.45877,4.81487,4.07892,2024-08-23,9,9,0,60,1,0,60,2023-07-19,6,6,0,40,1,0,40,55,NA,0,0,0,0,"564 STATE LINE ROAD,COLCORD,OK,74338",36.1808,-94.566,NA,2026-06-01
375387,BEARE MANOR,1300 NORTH DRIVE,HARTSHORNE,OK,74547,9182977000,600,Pittsburg,N,For profit - Partnership,60,40.3,NA,Medicare and Medicaid,N,"HARTSHORNE HEALTH SERVICES, LLC",2000-06-28,NA,NA,NA,NA,NA,NA,NA,N,NA,N,N,N,Resident,Yes,4,NA,3,NA,5,NA,5,NA,NA,2,3,NA,NA,NA,2.14208,0.60599,0.36707,0.97306,3.11513,3.03632,0.271,0.00702,47.2,NA,NA,27,0,NA,1.09577,0.78737,1.83609,0.67738,0.53487,3.04835,2.70429,2.70157,0.76427,0.46295,3.92878,3.82938,2024-07-26,7,7,0,64,1,0,64,2023-07-07,2,2,2,12,1,0,12,51,NA,0,0,0,0,"1300 NORTH DRIVE,HARTSHORNE,OK,74547",34.8392,-95.553,NA,2026-06-01
375388,"Miami Nursing Center, LLC",1100 East Street Northeast,Miami,OK,74354,9185423335,570,Ottawa,N,For profit - Individual,82,66,NA,Medicare and Medicaid,N,"MIAMI NURSING CENTER, LLC",2000-03-06,"OKLAHOMA NURSING HOMES, LTD.",384,7,2.4,2.9,2.3,2.6,N,NA,N,N,N,Both,Yes,1,NA,1,NA,3,NA,4,NA,3,NA,3,NA,NA,NA,2.81303,0.65347,0.33888,0.99234,3.80537,3.36922,0.27154,0.00139,66.3,NA,57.1,NA,1,NA,0.98703,0.70923,1.65389,0.61016,0.48179,2.74585,2.43594,3.93861,0.91494,0.47447,5.32802,4.71735,2025-08-14,11,8,3,189,1,0,189,2024-07-22,25,16,16,132,1,0,132,174.75,NA,3,33924,0,3,"1100 East Street Northeast,Miami,OK,74354",36.8651,-94.871,NA,2026-06-01
375389,TULSA NURSING CENTER,10912 EAST 14TH STREET,TULSA,OK,74128,9184382440,710,Tulsa,Y,For profit - Limited Liability company,104,100.7,NA,Medicare and Medicaid,N,"PF TNC SNF OPS, LLC,",2000-07-25,STONEGATE SENIOR LIVING,495,24,2.6,2.3,2.1,4.1,N,NA,N,N,N,Resident,Yes,4,NA,3,NA,5,NA,5,NA,4,NA,2,NA,NA,NA,2.21459,0.63089,0.1976,0.82849,3.04308,2.8888,0.16034,0.05089,49.4,NA,60,NA,0,NA,1.13545,0.81588,1.90259,0.70191,0.55424,3.15874,2.80223,2.6954,0.76787,0.2405,3.70377,3.516,2025-03-12,10,9,2,48,1,0,48,2023-11-16,4,3,1,16,1,0,16,40,NA,0,0,0,0,"10912 EAST 14TH STREET,TULSA,OK,74128",36.1424,-95.854,NA,2026-06-01
375390,ELMBROOK OF HUGO,1200 WEST FINLEY,HUGO,OK,74743,5803268383,110,Choctaw,N,For profit - Individual,100,53,NA,Medicare and Medicaid,N,"ELMBROOK OF HUGO OPERATING CO., LLC",2000-11-01,ELMBROOK MANAGEMENT COMPANY,198,11,3.5,3.7,3.1,2.4,N,NA,Y,N,N,Resident,Yes,2,NA,2,NA,4,NA,3,NA,4,NA,4,NA,NA,NA,2.21339,1.12319,0.31113,1.43432,3.64771,3.34689,0.18993,0,37.5,NA,40,NA,0,NA,1.05155,0.75559,1.762,0.65005,0.51329,2.92534,2.59517,2.90889,1.47612,0.40889,4.7939,4.39856,2025-05-06,4,4,1,32,1,0,32,2023-12-07,11,7,4,92,1,0,92,47,NA,2,29580,0,2,"1200 WEST FINLEY,HUGO,OK,74743",34.0172,-95.524,NA,2026-06-01
375392,FOREST HILLS  CARE AND REHABILITATION CENTER,4300 WEST HOUSTON,BROKEN ARROW,OK,74012,9182545000,710,Tulsa,Y,For profit - Limited Liability company,159,141,NA,Medicare and Medicaid,N,FOREST HILLS HEALTH CARE,2001-02-20,MGM HEALTHCARE,348,32,2.4,2.2,1.7,3.9,N,NA,N,N,N,Resident,Yes,4,NA,3,NA,5,NA,5,NA,3,NA,3,NA,NA,NA,2.75401,1.04211,0.29379,1.3359,4.0899,3.62291,0.19824,0.03174,64.1,NA,50,NA,0,NA,1.33385,0.95844,2.23504,0.82456,0.65109,3.71068,3.29187,2.85336,1.07971,0.30439,4.23746,3.75362,2025-05-07,9,9,4,52,1,0,52,2024-02-09,12,11,3,60,1,0,60,54,NA,0,0,0,0,"4300 WEST HOUSTON,BROKEN ARROW,OK,74012",36.0464,-95.842,NA,2026-06-01
375393,"Woodview Home, Inc.",1630 3RD AVENUE NORTHEAST,ARDMORE,OK,73401,5802265454,090,Carter,N,For profit - Individual,68,39.9,NA,Medicare and Medicaid,N,"WOODVIEW HOME, INC.",2001-02-06,ELMBROOK MANAGEMENT COMPANY,198,11,3.5,3.7,3.1,2.4,N,NA,N,N,N,Resident,Yes,4,NA,4,NA,4,NA,4,NA,NA,2,3,NA,NA,NA,3.06571,1.0218,0.51994,1.54173,4.60744,3.80032,0.39718,0,64.7,NA,71.4,NA,NA,26,1.08322,0.77835,1.81507,0.66962,0.52875,3.01344,2.67333,3.91123,1.30361,0.66334,5.87818,4.84845,2024-12-12,4,2,2,20,1,0,20,2023-10-13,2,2,2,8,1,0,8,17,NA,0,0,0,0,"1630 3RD AVENUE NORTHEAST,ARDMORE,OK,73401",34.1743,-97.106,NA,2026-06-01
375394,"SEQUOYAH EAST NURSING CENTER,  LLC",701 SOUTH TAYLOR ROAD,ROLAND,OK,74954,9184277401,670,Sequoyah,Y,For profit - Limited Liability company,80,47.5,NA,Medicare and Medicaid,N,SEQUOYAH EAST NURSING CENTER LLC.,2001-05-08,NA,NA,NA,NA,NA,NA,NA,N,NA,N,N,N,Resident,Yes,1,NA,1,NA,2,NA,1,NA,2,NA,2,NA,NA,NA,2.49358,1.15909,0.2124,1.37149,3.86508,3.63733,0.32268,0.0037200000000000002,NA,26,NA,26,NA,26,1.12861,0.81097,1.89113,0.69768,0.5509,3.13971,2.78534,3.05337,1.4193,0.26008,4.73276,4.45388,2025-04-16,14,12,2,92,1,0,92,2023-12-07,30,16,14,220,1,0,220,124,0,7,120451,2,9,"701 SOUTH TAYLOR ROAD,ROLAND,OK,74954",35.4082,-94.496,NA,2026-06-01
375395,EUFAULA MANOR NURSING AND REHABILITATION CENTER,1152 EUNICE BURNS ROAD,EUFAULA,OK,74432,9186893211,450,Mcintosh,N,For profit - Corporation,100,85.2,NA,Medicare and Medicaid,N,EUFAULA CARE CENTER INC,2001-05-09,CENTRAL ARKANSAS NURSING CENTERS,129,39,3.7,3.2,3.5,4.3,N,NA,N,N,N,Resident,Yes,3,NA,3,NA,2,NA,2,NA,2,NA,3,NA,NA,NA,3.01945,1.14335,0.13136,1.27471,4.29416,4.13324,0.12545,0.01593,59.3,NA,40,NA,0,NA,1.16279,0.83553,1.9484,0.71881,0.56759,3.2348,2.8697,3.58861,1.35887,0.15612,5.1036,4.91235,2024-08-02,5,5,0,32,1,0,32,2023-06-23,9,9,3,56,1,0,56,38,NA,0,0,0,0,"1152 EUNICE BURNS ROAD,EUFAULA,OK,74432",35.2884,-95.585,22,2026-06-01
375396,THE LAKES,5701 WEST BRITTON ROAD,OKLAHOMA CITY,OK,73132,4057738900,540,Oklahoma,Y,For profit - Individual,120,74,NA,Medicare and Medicaid,N,PHOENIX HEALTHCARE LLC,2001-06-13,PHOENIX HEALTHCARE,401,6,2.8,2.8,3.2,3,N,NA,N,N,N,Resident,Yes,1,NA,2,NA,1,NA,1,NA,1,NA,4,NA,NA,NA,3.19453,0.94714,0.4684,1.41554,4.61006,4.28262,0.46521,0.00585,57.7,NA,14.3,NA,NA,26,1.24211,0.89252,2.0813,0.76784,0.6063,3.45545,3.06545,3.55425,1.05379,0.52114,5.12918,4.76486,2024-11-21,11,11,0,68,1,0,68,2023-09-28,10,3,7,139,1,0,139,85.75,NA,2,19073,1,3,"5701 WEST BRITTON ROAD,OKLAHOMA CITY,OK,73132",35.5656,-97.617,NA,2026-06-01
375397,THE KING'S DAUGHTERS & SONS NURSING HOME,1223 WEST BALTIMORE,DURANT,OK,74701,5809240496,060,Bryan,N,For profit - Corporation,65,33.6,NA,Medicare and Medicaid,N,KD&S HOMES INC,2001-07-06,NA,NA,NA,NA,NA,NA,NA,N,NA,N,N,N,Resident,Yes,4,NA,3,NA,3,NA,3,NA,3,NA,5,NA,NA,NA,2.761,1.21983,0.69974,1.91957,4.68056,4.12176,0.60058,0.13865,33.3,NA,16.7,NA,0,NA,1.11953,0.80445,1.87592,0.69207,0.54647,3.11447,2.76295,3.40822,1.50577,0.86377,5.77777,5.08797,2025-06-19,2,2,1,8,1,0,8,2024-02-06,13,13,0,187,1,0,187,52.75,NA,1,15249,0,1,"1223 WEST BALTIMORE,DURANT,OK,74701",34.0105,-96.429,NA,2026-06-01
375398,BINGER NURSING AND REHABILITATION,516 NORTH BROADWAY,BINGER,OK,73009,4054572302,070,Caddo,N,For profit - Limited Liability company,65,37.7,NA,Medicare and Medicaid,N,"BINGER NURSING AND REHABILITATION, LLC",2001-11-01,NA,NA,NA,NA,NA,NA,NA,N,NA,N,N,N,Resident,Yes,2,NA,4,NA,1,NA,1,NA,NA,2,1,24,NA,NA,3.18355,1.49385,0.21856,1.71241,4.89595,4.15149,0.22198,0.00633,47.4,NA,NA,27,NA,26,1.07822,0.77476,1.8067,0.66653,0.52630999999999994,2.99954,2.66099,4.0804,1.91469,0.28013,6.27522,5.32102,2024-10-28,2,2,1,16,1,0,16,2023-08-21,4,2,2,28,1,0,28,19,NA,0,0,0,0,"516 NORTH BROADWAY,BINGER,OK,73009",35.3134,-98.342,NA,2026-06-01
375399,BELL AVENUE NURSING CENTER,2301 BELL AVENUE,ELK CITY,OK,73644,5802253335,040,Beckham,N,For profit - Limited Liability company,90,51.9,NA,Medicare and Medicaid,N,BELL AVE SNF OPERATIONS LLC,2001-09-17,SKYBLUE HEALTHCARE,883,10,2.2,2.3,2.2,3,N,NA,N,N,N,Resident,Yes,4,NA,4,NA,3,NA,2,NA,3,NA,2,NA,NA,NA,2.56808,0.8285,0.26179,1.0903,3.65837,3.38658,0.22913,0.00937,49.1,NA,NA,27,0,NA,1.31388,0.94409,2.20157,0.81221,0.64134,3.65512,3.24258,2.70117,0.87144,0.27536,3.84798,3.5621,2025-03-26,3,3,0,20,1,0,20,2023-12-01,3,0,3,52,0,0,52,28,NA,1,31008,0,1,"2301 BELL AVENUE,ELK CITY,OK,73644",35.4189,-99.432,NA,2026-06-01
375400,Windsor Hills Nursing Center,2416 North Ann Arbor,Oklahoma City,OK,73127,4059428566,540,Oklahoma,Y,For profit - Limited Liability company,112,53.8,NA,Medicare and Medicaid,N,WINDSOR HILLS SNF OPERATIONS LLC,2001-10-05,SKYBLUE HEALTHCARE,883,10,2.2,2.3,2.2,3,N,NA,Y,N,N,Resident,Yes,1,NA,1,NA,3,NA,3,NA,NA,2,2,NA,NA,NA,2.05838,1.06655,0.47855,1.54509,3.60347,3.0138,0.52979,0.14348,NA,26,NA,26,2,NA,1.12082,0.80537,1.87808,0.69287,0.5471,3.11805,2.76613,2.53798,1.31505,0.59005,4.44308,3.71601,2025-09-11,8,8,1,76,1,0,76,2024-09-27,18,10,14,176,1,0,176,101,NA,3,55026,0,3,"2416 North Ann Arbor,Oklahoma City,OK,73127",35.4935,-97.61,NA,2026-06-01
375402,Hillcrest Manor Nursing Center,1210 South 6th Street,Blackwell,OK,74631,5803633244,350,Kay,N,For profit - Limited Liability company,137,53.1,NA,Medicare and Medicaid,N,"BEDLAM PROPERTIES, LLC",2001-08-29,NA,NA,NA,NA,NA,NA,NA,N,NA,N,N,N,Resident,Yes,1,NA,2,NA,2,NA,1,NA,2,NA,1,24,6,6,NA,NA,NA,NA,NA,NA,NA,NA,NA,26,NA,26,NA,26,NA,NA,NA,NA,NA,NA,NA,NA,NA,NA,NA,NA,2025-04-04,10,10,3,92,1,0,92,2023-12-14,7,5,2,48,1,0,48,81,NA,1,46898,1,2,"1210 South 6th Street,Blackwell,OK,74631",36.7927,-97.292,NA,2026-06-01
375404,ENGLISH VILLAGE SKILLED NURSING AND THERAPY,1515 CANTERBURY BLVD,ALTUS,OK,73521,5804771133,320,Jackson,N,For profit - Corporation,128,55.2,NA,Medicare and Medicaid,N,"EV OPERATIONS, LLC",2001-12-19,BRIDGES HEALTH,91,34,3.5,3.5,3.3,3.1,N,NA,N,N,N,Resident,Yes,4,NA,4,NA,3,NA,3,NA,3,NA,3,NA,NA,NA,2.33556,0.96764,0.3752,1.34284,3.6784,3.31739,0.33631,0,62.5,NA,50,NA,0,NA,1.21013,0.86954,2.02772,0.74808,0.59069,3.36649,2.98653,2.66722,1.10505,0.42848,4.20075,3.78847,2025-04-03,4,4,0,16,1,0,16,2023-12-18,2,1,1,28,1,0,28,19,NA,1,7443,0,1,"1515 CANTERBURY BLVD,ALTUS,OK,73521",34.6517,-99.314,NA,2026-06-01
375405,HARRAH NURSING CENTER,2400 WHITES MEADOW DRIVE,HARRAH,OK,73045,4054546255,540,Oklahoma,Y,For profit - Individual,100,69,NA,Medicare and Medicaid,N,HARRAH WHITES MEADOWS NURSING LLC,2000-12-14,NA,NA,NA,NA,NA,NA,NA,N,NA,N,N,N,Resident,Yes,5,NA,4,NA,5,NA,2,NA,5,NA,2,NA,NA,NA,2.87291,0.78947,0.35019,1.13966,4.01257,3.31225,0.18539,0.02464,NA,26,NA,26,NA,26,1.11546,0.80152,1.8691,0.68956,0.54448,3.10314,2.7529,3.55932,0.97809,0.43386,4.97127,4.10363,2025-01-30,4,3,1,16,1,0,16,2023-10-19,3,3,0,12,1,0,12,15,NA,0,0,0,0,"2400 WHITES MEADOW DRIVE,HARRAH,OK,73045",35.4931,-97.182,NA,2026-06-01
375406,BAPTIST VILLAGE OF ENID,5801 NORTH OAKWOOD ROAD,ENID,OK,73703,5802492600,230,Garfield,Y,Non profit - Corporation,90,70.7,NA,Medicare and Medicaid,N,"BAPTIST VILLAGE RETIREMENT COMMUNITIES OF OKLAHOMA, INC",2002-03-04,NA,NA,NA,NA,NA,NA,NA,Y,NA,N,N,N,Resident,Yes,3,NA,3,NA,2,NA,2,NA,2,NA,4,NA,NA,NA,3.04038,1.15873,0.31917,1.47791,4.51828,3.90202,0.17457,0.01938,47.8,NA,57.1,NA,0,NA,1.14428,0.82223,1.91739,0.70737,0.55855,3.18331,2.82402,3.67192,1.39943,0.38547,5.45682,4.71255,2024-12-05,5,3,2,24,1,0,24,2023-10-20,11,7,7,72,1,0,72,36,NA,0,0,0,0,"5801 NORTH OAKWOOD ROAD,ENID,OK,73703",36.4512,-97.926,NA,2026-06-01
375408,THE GARDENS,1165 SOUTH BRENNER ROAD,SAPULPA,OK,74066,9182240600,180,Creek,Y,For profit - Limited Liability company,107,61.4,NA,Medicare and Medicaid,N,PHOENIX HEALTHCARE LLC,2002-02-25,PHOENIX HEALTHCARE,401,6,2.8,2.8,3.2,3,N,NA,N,N,N,Resident,Yes,3,NA,3,NA,4,NA,3,NA,4,NA,3,NA,NA,NA,2.62723,1.26114,0.40594,1.66708,4.29431,4.01936,0.17805,0.05986,67.5,NA,NA,27,NA,26,1.28816,0.92561,2.15848,0.79632,0.62878,3.58358,3.17911,2.81855,1.35298,0.4355,4.60704,4.31207,2024-09-13,8,8,1,48,1,0,48,2023-07-19,1,1,0,4,1,0,4,37,NA,0,0,0,0,"1165 SOUTH BRENNER ROAD,SAPULPA,OK,74066",35.9848,-96.083,NA,2026-06-01
375409,Corn Heritage Village and Rehab,106 West Adams,Corn,OK,73024,5803432295,740,Washita,N,Non profit - Church related,104,53.3,NA,Medicare and Medicaid,N,CORN HERITAGE VILLAGE OF CORN INC,2002-05-14,NA,NA,NA,NA,NA,NA,NA,N,NA,N,N,N,Resident,Yes,1,NA,1,NA,2,NA,2,NA,2,NA,1,23,23,23,NA,NA,NA,NA,NA,NA,NA,NA,NA,26,NA,26,NA,26,NA,NA,NA,NA,NA,NA,NA,NA,NA,NA,NA,NA,2024-11-21,8,4,4,173,1,0,173,2023-08-23,2,0,2,16,0,0,16,133.75,NA,1,77880,1,2,"106 West Adams,Corn,OK,73024",35.3752,-98.787,NA,2026-06-01
375410,GRAN GRANS PLACE,1110 SOUTH CORNWELL DRIVE,YUKON,OK,73099,4053502311,080,Canadian,Y,For profit - Partnership,69,30.7,NA,Medicare and Medicaid,N,GGP LLC,2002-05-21,NA,NA,NA,NA,NA,NA,NA,N,NA,N,N,N,Resident,Yes,4,NA,3,NA,5,NA,5,NA,NA,2,4,NA,NA,NA,2.95663,0.94585,0.44765,1.3935,4.35014,3.78319,0.24629,0,43.8,NA,40,NA,0,NA,1.20738,0.86756,2.02311,0.74638,0.58935,3.35884,2.97974,3.38419,1.08263,0.51239,4.9792,4.33027,2024-07-10,9,9,0,56,1,0,56,2023-06-23,7,6,3,48,1,0,48,54,NA,0,0,0,0,"1110 SOUTH CORNWELL DRIVE,YUKON,OK,73099",35.4967,-97.743,NA,2026-06-01
375412,"IGNITE MEDICAL RESORT OKC, LLC",6312 NORTH PORTLAND,OKLAHOMA CITY,OK,73112,4059466932,540,Oklahoma,Y,For profit - Corporation,75,71.5,NA,Medicare and Medicaid,N,"IGNITE MEDICAL RESORT OKC, LLC",2002-05-24,IGNITE MEDICAL RESORTS,279,24,2.6,2.3,2,4.3,N,NA,N,N,N,Resident,Yes,3,NA,3,NA,4,NA,NA,2,4,NA,3,NA,NA,NA,2.30411,1.78581,0.52694,2.31274,4.61685,4.1661,0.47994,0.14959,52.9,NA,27.3,NA,1,NA,1.78013,1.27912,2.98283,1.10044,0.86892,4.95219,4.39326,1.78876,1.38638,0.40908,3.58422,3.23428,2025-09-11,8,8,4,32,1,0,32,2024-03-29,9,1,8,44,1,0,44,35,NA,0,0,0,0,"6312 NORTH PORTLAND,OKLAHOMA CITY,OK,73112",35.5355,-97.583,NA,2026-06-01
375414,HASKELL CARE CENTER,405 NORTH CHOCTAW,HASKELL,OK,74436,9184823310,500,Muskogee,N,For profit - Limited Liability company,58,35.4,NA,Medicare and Medicaid,N,HASKELL CARE CENTER LLC,2002-09-16,NA,NA,NA,NA,NA,NA,NA,N,NA,N,N,N,Resident,Yes,2,NA,3,NA,4,NA,4,NA,NA,2,1,25,25,6,NA,NA,NA,NA,NA,NA,NA,NA,25,NA,NA,27,1,NA,NA,NA,NA,NA,NA,NA,NA,NA,NA,NA,NA,NA,2024-09-27,7,7,3,44,1,0,44,2023-08-10,7,4,3,60,1,0,60,48,NA,1,3422,0,1,"405 NORTH CHOCTAW,HASKELL,OK,74436",35.8223,-95.676,NA,2026-06-01
375415,MONROE MANOR,226 E MONROE STREET,JAY,OK,74346,9189193276,200,Delaware,N,For profit - Limited Liability company,98,42.8,NA,Medicare and Medicaid,N,"MONROE MANOR NURSING, LLC",2002-09-15,NA,NA,NA,NA,NA,NA,NA,N,NA,N,N,N,Resident,Yes,2,NA,2,NA,2,NA,2,NA,NA,2,3,NA,NA,NA,2.34379,0.80731,0.37812,1.18543,3.52922,3.21962,0.3822,0.00635,60.9,NA,66.7,NA,NA,26,1.05183,0.75579,1.76247,0.65022,0.51342,2.92611,2.59585,3.07946,1.06071,0.49681,4.63697,4.23019,2024-08-14,5,5,0,32,1,0,32,2023-07-14,12,2,12,159,1,0,159,63.75,NA,2,31773,1,3,"226 E MONROE STREET,JAY,OK,74346",36.4306,-94.789,NA,2026-06-01
375416,FIRST SHAMROCK CARE CENTER,1415 SOUTH MAIN STREET,KINGFISHER,OK,73750,4053753157,360,Kingfisher,N,For profit - Limited Liability company,55,38.3,NA,Medicare and Medicaid,N,SHAMROCK CARE CENTERS LLC,2002-06-05,BGM ESTATE,78,15,1.9,2.3,1.9,2.5,N,NA,N,N,N,Resident,Yes,1,NA,3,NA,1,NA,1,NA,NA,2,1,24,NA,NA,2.05325,1.00124,0.1528,1.15404,3.20729,3.09012,0.17105,0,59.6,NA,NA,27,3,NA,1.19195,0.85648,1.99726,0.73684,0.58182,3.31592,2.94166,2.38059,1.16086,0.17716,3.7186,3.58275,2024-07-19,9,4,5,40,1,0,40,2023-06-27,10,7,5,72,1,0,72,48,NA,0,0,0,0,"1415 SOUTH MAIN STREET,KINGFISHER,OK,73750",35.8453,-97.933,NA,2026-06-01
375417,Westhaven Nursing Home,1215 South Western,Stillwater,OK,74074,4057431140,590,Payne,N,For profit - Limited Liability company,125,53.3,NA,Medicare and Medicaid,N,N&R OF WESTHAVEN L L C,2002-08-16,NA,NA,NA,NA,NA,NA,NA,N,NA,N,N,N,Resident,Yes,4,NA,4,NA,2,NA,1,NA,2,NA,3,NA,NA,NA,2.56654,1.09614,0.52654,1.62268,4.18922,3.61291,0.48485,0.03119,55.1,NA,55.6,NA,1,NA,1.30377,0.93683,2.18463,0.80596,0.6364,3.62699,3.21763,2.72049,1.16189,0.55813,4.4405,3.82963,2026-02-10,7,4,3,28,1,0,28,2024-08-28,7,7,0,44,1,0,44,32,NA,0,0,0,0,"1215 South Western,Stillwater,OK,74074",36.1081,-97.087,NA,2026-06-01
375418,SEMINOLE CARE AND REHABILITATION CENTER,1200 WRANGLER BLVD,SEMINOLE,OK,74868,4053821127,660,Seminole,N,For profit - Corporation,106,89.1,NA,Medicare and Medicaid,N,SEMINOLE HEALTH CARE LLC,2002-08-29,MGM HEALTHCARE,348,32,2.4,2.2,1.7,3.9,N,NA,N,N,N,Both,Yes,4,NA,3,NA,5,NA,5,NA,5,NA,2,NA,NA,NA,2.71317,0.74176,0.48985,1.23162,3.94479,3.29014,0.29931,0.01255,58.3,NA,53.8,NA,2,NA,1.44647,1.03936,2.42373,0.89418,0.70606,4.02396,3.5698,2.5922,0.70869,0.46801,3.7689,3.14344,2024-09-18,5,5,0,36,1,0,36,2023-08-31,9,5,4,48,1,0,48,39,NA,0,0,0,0,"1200 WRANGLER BLVD,SEMINOLE,OK,74868",35.2466,-96.683,NA,2026-06-01
375420,OKEMAH CARE CENTER,112 NORTH WOODY GUTHRIE,OKEMAH,OK,74859,9186231126,530,Okfuskee,N,For profit - Limited Liability company,76,45.7,NA,Medicare and Medicaid,N,"OKEMAH CARE CENTER, LLC",2002-11-25,NA,NA,NA,NA,NA,NA,NA,N,NA,N,N,N,Resident,Yes,3,NA,3,NA,4,NA,4,NA,NA,2,4,NA,NA,NA,2.40715,0.65739,0.23003,0.88741,3.29457,2.9317,0.23746,0,35.1,NA,NA,27,0,NA,0.95435,0.68575,1.59913,0.58996,0.46584,2.65493,2.35528,3.48575,0.95195,0.3331,4.77079,4.24533,2026-02-27,3,3,0,24,1,0,24,2024-06-07,13,11,2,76,1,0,76,37,NA,0,0,1,1,"112 NORTH WOODY GUTHRIE,OKEMAH,OK,74859",35.4357,-96.3,NA,2026-06-01
375421,Green Country Care Center,3601 North Columbia,Tulsa,OK,74110,9184283600,710,Tulsa,Y,For profit - Corporation,114,76.5,NA,Medicare and Medicaid,N,PHOENIX HEALTHCARE LLC,2003-01-01,PHOENIX HEALTHCARE,401,6,2.8,2.8,3.2,3,N,NA,N,N,N,Resident,Yes,1,NA,2,NA,3,NA,3,NA,NA,2,1,25,25,6,NA,NA,NA,NA,NA,NA,NA,NA,34.8,NA,60,NA,4,NA,NA,NA,NA,NA,NA,NA,NA,NA,NA,NA,NA,NA,2024-11-15,9,8,3,60,1,0,60,2023-09-28,13,12,2,64,1,0,64,61,NA,1,12740,0,1,"3601 North Columbia,Tulsa,OK,74110",36.2061,-95.951,NA,2026-06-01
375423,Elmwood Manor Nursing Home,300 South Seminole,Wewoka,OK,74884,4052576621,660,Seminole,N,For profit - Limited Liability company,46,39.7,NA,Medicare and Medicaid,N,ELMWOOD MANOR NURSING HOME LLC,2003-01-14,NA,NA,NA,NA,NA,NA,NA,N,NA,Y,N,N,Resident,Yes,1,NA,1,NA,4,NA,4,NA,NA,2,3,NA,NA,NA,2.40072,0.80196,0.25266,1.05462,3.45534,2.94413,0.23399,0.00685,50,NA,NA,27,0,NA,1.06801,0.76742,1.78958,0.66022,0.52132,2.97112,2.63578,3.10647,1.03771,0.32693,4.47112,3.80963,2024-10-24,13,7,7,234,1,0,234,2023-08-17,0,0,0,0,0,0,0,175.5,NA,2,34125,0,2,"300 South Seminole,Wewoka,OK,74884",35.1566,-96.497,NA,2026-06-01
375424,WILKINS HEALTH & REHABILITATION COMMUNITY,1205 SOUTH 4TH STREET,DUNCAN,OK,73533,5802523955,680,Stephens,N,For profit - Corporation,118,114,NA,Medicare and Medicaid,N,DUNCAN HEALTH CARE INC,2002-11-18,NA,NA,NA,NA,NA,NA,NA,N,NA,N,N,N,Both,Yes,5,NA,5,NA,2,NA,2,NA,2,NA,4,NA,NA,NA,3.4996,0.4954,0.42372,0.91912,4.41871,4.01262,0.23892,0.00782,47.9,NA,14.3,NA,NA,26,1.15074,0.82687,1.92821,0.71137,0.56171,3.20128,2.83997,4.20281,0.59495,0.50886,5.30661,4.81892,2025-05-22,1,1,0,8,1,0,8,2024-01-29,6,4,2,24,1,0,24,12,NA,0,0,0,0,"1205 SOUTH 4TH STREET,DUNCAN,OK,73533",34.4889,-97.951,NA,2026-06-01
375425,"GREGSTON NURSING HOME, INC.",711 SOUTH BROADWAY,MARLOW,OK,73055,5806582319,680,Stephens,N,For profit - Corporation,96,54,NA,Medicare and Medicaid,N,GREGSTON NURSING HOME INC,2003-04-01,NA,NA,NA,NA,NA,NA,NA,N,NA,N,N,N,Resident,Yes,4,NA,4,NA,2,NA,1,NA,2,NA,4,NA,NA,NA,3.1091,1.24049,0.39638,1.63687,4.74596,4.39828,0.35039,0.00525,58.7,NA,NA,27,0,NA,1.17515,0.84441,1.96912,0.72646,0.57362,3.2692,2.90022,3.65627,1.45881,0.46614,5.58122,5.17234,2025-08-22,3,3,0,24,1,0,24,2024-03-07,0,0,0,0,0,0,0,18,NA,0,0,0,0,"711 SOUTH BROADWAY,MARLOW,OK,73055",34.6399,-97.958,NA,2026-06-01
375426,MERIDIAN NURSING HOME,179791 N 2820 RD,COMANCHE,OK,73529,5804392398,680,Stephens,N,For profit - Individual,63,45.3,NA,Medicare and Medicaid,N,"MERIDIAN HEALTH CARE, LLC",2003-01-03,ELMBROOK MANAGEMENT COMPANY,198,11,3.5,3.7,3.1,2.4,N,NA,N,N,N,Resident,Yes,5,NA,5,NA,2,NA,2,NA,NA,2,2,NA,NA,NA,2.41106,1.01869,0.28455,1.30325,3.7143,3.40324,0.22587,0,61.7,NA,42.9,NA,NA,26,1.20879,0.86858,2.02548,0.74725,0.59004,3.36277,2.98323,2.75649,1.16464,0.32532,4.24645,3.89082,2024-11-26,0,0,0,0,0,0,0,2023-08-31,0,0,0,0,0,0,0,0,NA,0,0,0,0,"179791 N 2820 RD,COMANCHE,OK,73529",34.4083,-97.965,NA,2026-06-01
375427,"Fairview Fellowship Home For Senior Citizens, Inc",605 East State Road,Fairview,OK,73737,5802273783,460,Major,N,Non profit - Corporation,100,70.7,NA,Medicare and Medicaid,N,FAIRVIEW FELLOWSHIP HOME FOR SENIOR CITIZENS INC,2003-01-31,NA,NA,NA,NA,NA,NA,NA,N,NA,N,N,N,Resident,Yes,1,NA,2,NA,1,NA,3,NA,1,NA,4,NA,NA,NA,3.58158,0.73054,0.27046,1.001,4.58258,4.23911,0.17252,0.05746,48.8,NA,33.3,NA,0,NA,1.08157,0.77717,1.81231,0.66861,0.52794,3.00886,2.66926,4.57633,0.93344,0.34558,5.85535,5.41648,2025-12-04,4,1,3,20,1,0,20,2024-05-23,13,11,2,213,1,0,213,68.25,NA,1,18415,0,1,"605 East State Road,Fairview,OK,73737",36.2752,-98.474,NA,2026-06-01
375428,TUTTLE CARE CENTER,104 SOUTHEAST 4TH STREET,TUTTLE,OK,73089,4053813363,250,Grady,Y,For profit - Limited Liability company,52,43.2,NA,Medicare and Medicaid,N,SOUTHWEST LTC TUTTLE LLC,2003-03-11,SOUTHWEST LTC,481,13,3.1,3.6,1.8,2.5,N,NA,N,N,N,Resident,Yes,3,NA,4,NA,1,NA,1,NA,NA,2,2,NA,NA,NA,2.46602,0.85599,0.21560000000000001,1.07159,3.53761,3.25952,0.26802,0.11553,63,NA,NA,27,NA,26,1.23274,0.88579,2.06561,0.76205,0.60173,3.42939,3.04233,2.76455,0.95961,0.2417,3.96587,3.65411,2025-05-30,4,4,0,24,1,0,24,2024-02-29,4,0,4,16,0,0,16,22,NA,0,0,0,0,"104 SOUTHEAST 4TH STREET,TUTTLE,OK,73089",35.2893,-97.808,NA,2026-06-01
375429,TEMPLE MANOR NURSING HOME,100 WEST GREEN AVENUE,TEMPLE,OK,73568,5808256336,160,Cotton,Y,For profit - Limited Liability company,48,37.8,NA,Medicare and Medicaid,N,SOUTHWEST LTC - TEMPLE LLC,2003-01-03,SOUTHWEST LTC,481,13,3.1,3.6,1.8,2.5,N,NA,N,N,N,Resident,Yes,5,NA,5,NA,5,NA,5,NA,NA,2,3,NA,NA,NA,2.16435,0.89769,0.27684,1.17453,3.33889,2.96479,0.31783,0,53.3,NA,NA,27,0,NA,1.16496,0.83708,1.95203,0.72015,0.56864,3.24083,2.87505,2.56754,1.06492,0.32842,3.96088,3.51709,2025-01-24,1,1,0,8,1,0,8,2023-12-22,1,1,0,4,1,0,4,7,NA,0,0,0,0,"100 WEST GREEN AVENUE,TEMPLE,OK,73568",34.2636,-98.231,NA,2026-06-01
375431,Willow Park Health Care Center,7019 Northwest Cache Road,Lawton,OK,73505,5805361279,150,Comanche,Y,For profit - Corporation,151,78.7,NA,Medicare and Medicaid,N,SOUTHWEST LTC LAWTON LLC,2003-04-22,SOUTHWEST LTC,481,13,3.1,3.6,1.8,2.5,N,NA,N,N,N,Resident,Yes,1,NA,1,NA,1,NA,2,NA,1,NA,2,NA,NA,NA,2.31116,0.93734,0.18932,1.12666,3.43781,2.99769,0.21967,0.00445,66.2,NA,80,NA,1,NA,1.18961,0.8548,1.99334,0.73539,0.58068,3.3094,2.93588,2.68488,1.08891,0.21993,3.99373,3.48243,2024-10-07,7,5,2,228,1,0,228,2023-08-08,10,7,5,52,1,0,52,184,NA,2,60371,0,2,"7019 Northwest Cache Road,Lawton,OK,73505",34.6234,-98.478,NA,2026-06-01
375432,SHAWNEE COLONIAL ESTATES NURSING HOME,535 WEST FEDERAL STREET,SHAWNEE,OK,74801,4052737661,620,Pottawatomie,N,For profit - Corporation,161,53.7,NA,Medicare and Medicaid,N,N & R SHAWNEE LLC,2003-02-20,NA,NA,NA,NA,NA,NA,NA,N,NA,N,N,N,Resident,Yes,1,NA,1,NA,3,NA,4,NA,3,NA,2,NA,NA,NA,2.50116,1.06769,0.28529,1.35298,3.85414,3.53152,0.21203,0.01999,NA,26,NA,26,NA,26,1.1835,0.85041,1.98311,0.73162,0.5777,3.29242,2.92082,2.9206,1.24674,0.33313,4.50047,4.12375,2025-04-10,7,7,2,149,1,0,149,2021-11-21,11,10,1,60,1,0,60,126.75,NA,1,44355,0,1,"535 WEST FEDERAL STREET,SHAWNEE,OK,74801",35.3545,-96.931,NA,2026-06-01
375433,"Vian Nursing & Rehab, LLC",305 North Thornton,Vian,OK,74962,9187735258,670,Sequoyah,Y,For profit - Limited Liability company,133,56.6,NA,Medicare and Medicaid,N,VIAN NURSING & REHAB LLC,2003-05-22,NA,NA,NA,NA,NA,NA,NA,N,NA,N,N,N,Resident,Yes,3,NA,3,NA,2,NA,1,NA,4,NA,3,NA,NA,NA,3.27791,0.90821,0.17505,1.08326,4.36117,3.77608,0.21398,0.00619,52.2,NA,NA,27,NA,26,1.15455,0.8296,1.93459,0.71372,0.56356,3.21186,2.84935,3.92361,1.08712,0.20953,5.22025,4.51991,2025-04-24,7,6,3,56,1,0,56,2023-12-21,13,11,5,68,1,0,68,59,NA,1,12735,0,1,"305 North Thornton,Vian,OK,74962",35.4995,-94.969,NA,2026-06-01
375434,HEAVENER NURSING & REHAB,114 WEST 2ND STREET,HEAVENER,OK,74937,9186532464,390,Le Flore,N,For profit - Limited Liability company,84,41.6,NA,Medicare and Medicaid,N,"HEAVENER MANOR, LLC",2003-03-29,BRADFORD MONTGOMERY,87,11,2,2.5,1.7,2.8,N,NA,N,N,N,Resident,Yes,1,NA,2,NA,1,NA,1,NA,1,NA,3,NA,NA,NA,5.18208,0.64333,0.39817,1.0415,6.22358,5.18485,0.69107,0,NA,26,NA,26,0,NA,1.20044,0.86258,2.0114899999999998,0.74209,0.58596,3.33954,2.96261,5.96573,0.74062,0.45838,7.16473,5.96892,2025-04-03,8,8,1,60,1,0,60,2023-12-14,13,11,2,92,2,46,138,79.5,NA,0,0,0,0,"114 WEST 2ND STREET,HEAVENER,OK,74937",34.8947,-94.604,NA,2026-06-01
375436,WILLOW CREEK HEALTH CARE,2300 WEST NOBLE,GUTHRIE,OK,73044,4052821686,410,Logan,Y,For profit - Limited Liability company,100,51.8,NA,Medicare and Medicaid,N,"WILLOW CREEK HEALTH CARE, LLC",2003-05-05,NA,NA,NA,NA,NA,NA,NA,N,NA,N,N,N,Resident,Yes,5,NA,5,NA,3,NA,3,NA,NA,2,4,NA,NA,NA,2.83784,0.75692,0.3196,1.07652,3.91436,3.59298,0.20434,0.00257,22.9,NA,40,NA,0,NA,1.16383,0.83627,1.95014,0.71945,0.56809,3.23768,2.87226,3.36977,0.89879,0.37951,4.64807,4.26645,2024-12-11,1,1,0,4,1,0,4,2023-09-27,1,1,0,4,1,0,4,4,NA,0,0,0,0,"2300 WEST NOBLE,GUTHRIE,OK,73044",35.8799,-97.452,NA,2026-06-01
375437,FAMILY CARE CENTER OF KINGSTON,701 HIGHWAY 32,KINGSTON,OK,73439,5805642216,470,Marshall,N,For profit - Limited Liability company,60,34.2,NA,Medicare and Medicaid,N,FCC OF KINGSTON LLC,2003-05-14,NA,NA,NA,NA,NA,NA,NA,N,NA,N,N,N,None,Yes,3,NA,4,NA,1,NA,1,NA,1,NA,3,NA,NA,NA,3.66513,0.60078,0.45402,1.0548,4.71993,4.4351,0.28696,0,NA,26,NA,26,NA,26,1.21643,0.87407,2.03828,0.75197,0.59377,3.38402,3.00208,4.1639099999999996,0.68254,0.51581,5.36226,5.03867,2025-08-04,5,5,0,24,1,0,24,2024-03-22,5,5,0,24,1,0,24,24,NA,0,0,0,0,"701 HIGHWAY 32,KINGSTON,OK,73439",33.9999,-96.729,NA,2026-06-01
375438,Gracewood Health & Rehab,6201 East 36th Street,Tulsa,OK,74135,9186223430,710,Tulsa,Y,For profit - Limited Liability company,121,70.8,NA,Medicare and Medicaid,N,GRACEWOOD HEALTH & REHAB LLC,2003-06-15,BRADFORD MONTGOMERY,87,11,2,2.5,1.7,2.8,N,NA,Y,N,N,Resident,Yes,1,NA,2,NA,2,NA,2,NA,NA,2,1,25,25,6,NA,NA,NA,NA,NA,NA,NA,NA,89.2,NA,80,NA,1,NA,NA,NA,NA,NA,NA,NA,NA,NA,NA,NA,NA,NA,2025-01-14,17,14,4,116,1,0,116,2023-09-28,4,1,3,28,1,0,28,94,NA,0,0,0,0,"6201 East 36th Street,Tulsa,OK,74135",36.1116,-95.908,NA,2026-06-01
375439,PONCA CITY NURSING & REHABILITATION CENTER,1400 NORTH WAVERLY,PONCA CITY,OK,74601,5807626668,350,Kay,N,For profit - Limited Liability company,157,75.4,NA,Medicare and Medicaid,N,N& R OF PONCA CITY LLC,2003-06-14,NA,NA,NA,NA,NA,NA,NA,N,NA,N,N,N,Resident,Yes,5,NA,5,NA,3,NA,4,NA,3,NA,3,NA,NA,NA,2.55023,0.95031,0.28808,1.23839,3.78862,3.21792,0.21268,0.07531,55.1,NA,20,NA,0,NA,1.174,0.84358,1.96718,0.72574,0.57306,3.26598,2.89737,3.002,1.11866,0.33911,4.45977,3.78797,2024-08-01,3,3,0,12,1,0,12,2023-06-22,1,0,1,4,0,0,4,10,NA,0,0,0,0,"1400 NORTH WAVERLY,PONCA CITY,OK,74601",36.7186,-97.103,NA,2026-06-01
375440,SUNSET ESTATES OF PURCELL,915 NORTH 7TH AVENUE,PURCELL,OK,73080,4055272122,430,Mcclain,Y,For profit - Corporation,69,50.9,NA,Medicare and Medicaid,N,"SUNSET ESTATES OF PURCELL, INC.",2003-09-19,NA,NA,NA,NA,NA,NA,NA,N,NA,N,N,N,Resident,Yes,4,NA,4,NA,4,NA,2,NA,5,NA,3,NA,NA,NA,2.15866,1.03672,0.24248,1.2792,3.43786,3.0584,0.18105,0.01253,41.3,NA,NA,27,0,NA,1.09815,0.78908,1.8401,0.67886,0.53604,3.05499,2.71018,2.71656,1.30466,0.30515,4.32637,3.84884,2024-11-14,3,3,0,20,1,0,20,2023-09-12,6,6,0,28,1,0,28,22,NA,0,0,0,0,"915 NORTH 7TH AVENUE,PURCELL,OK,73080",35.0233,-97.368,NA,2026-06-01
375443,CLEVELAND CARE AND REHAB CENTER,900 N DIVISION ST,CLEVELAND,OK,74020,9183583135,580,Pawnee,Y,For profit - Limited Liability company,90,58.2,NA,Medicare and Medicaid,N,"CLEVELAND HEALTHCARE, LLC",2003-10-24,MGM HEALTHCARE,348,32,2.4,2.2,1.7,3.9,N,NA,N,N,N,Resident,Yes,4,NA,4,NA,3,NA,4,NA,2,NA,2,NA,NA,NA,2.45289,0.8167,0.53385,1.35055,3.80344,3.15142,0.33197,0.01559,63.6,NA,80,NA,2,NA,1.31268,0.94323,2.19955,0.81147,0.64075,3.65177,3.23961,2.58238,0.85981,0.56203,4.00422,3.31779,2025-12-08,5,4,1,20,1,0,20,2024-04-05,11,7,4,80,1,0,80,35,NA,1,14069,0,1,"900 N DIVISION ST,CLEVELAND,OK,74020",36.3171,-96.465,NA,2026-06-01
375446,HERITAGE SKILLED NURSING AND THERAPY,201 WEST WALNUT,TECUMSEH,OK,74873,4055982167,620,Pottawatomie,N,For profit - Limited Liability company,100,59,NA,Medicare and Medicaid,N,"TECUMSEH OPERATIONS, LLC",2003-10-09,BRIDGES HEALTH,91,34,3.5,3.5,3.3,3.1,N,NA,N,N,N,Resident,Yes,5,NA,4,NA,5,NA,5,NA,5,NA,3,NA,NA,NA,2.36678,1.10217,0.33397,1.43615,3.80292,3.44677,0.28327,0.00569,66.2,NA,87.5,NA,0,NA,1.10091,0.79107,1.84472,0.68056,0.53738,3.06267,2.717,2.971,1.38355,0.41924,4.77379,4.32671,2025-03-27,6,6,0,32,1,0,32,2023-11-16,10,10,2,48,1,0,48,36,NA,0,0,0,0,"201 WEST WALNUT,TECUMSEH,OK,74873",35.2608,-96.938,NA,2026-06-01
375448,EL RENO POST-ACUTE REHABILITATION CENTER,2100 TOWNSEND DRIVE,EL RENO,OK,73036,4052623323,080,Canadian,Y,For profit - Limited Liability company,66,43.5,NA,Medicare and Medicaid,N,"EL RENO HEALTH CARE, LLC",2003-08-25,NA,NA,NA,NA,NA,NA,NA,N,NA,N,Y,N,Resident,Yes,3,NA,4,NA,3,NA,3,NA,NA,2,1,NA,NA,NA,2.16556,1.01547,0.23089,1.24636,3.41192,3.00821,0.26043,0.01399,62.5,NA,NA,27,NA,26,1.2954,0.93082,2.17061,0.80079,0.63232,3.60372,3.19698,2.31029,1.08333,0.24632,3.63994,3.20924,2024-05-23,5,5,0,20,1,0,20,2023-04-03,7,4,3,48,1,0,48,27,NA,0,0,0,0,"2100 TOWNSEND DRIVE,EL RENO,OK,73036",35.5354,-97.981,NA,2026-06-01
375449,LANE NURSING & VENTILATOR CARE,400 NORTH BROADWAY,INOLA,OK,74036,9185438800,650,Rogers,Y,For profit - Limited Liability company,65,35.2,NA,Medicare and Medicaid,N,"LANE NURSING & VENTILATOR CARE, LLC",2003-07-15,NA,NA,NA,NA,NA,NA,NA,N,NA,N,N,N,Resident,Yes,1,NA,2,NA,4,NA,4,NA,NA,2,1,NA,NA,NA,2.98491,1.36398,0.37609,1.74007,4.72498,4.58427,0.2794,0.00417,NA,26,NA,26,NA,26,1.88614,1.35529,3.16047,1.16598,0.92067,5.24711,4.65489,2.18704,0.99939,0.27556,3.46199,3.35889,2024-10-23,7,7,4,56,1,0,56,2023-08-28,16,10,8,112,1,0,112,70,NA,0,0,0,0,"400 NORTH BROADWAY,INOLA,OK,74036",36.1563,-95.512,NA,2026-06-01
375451,PLEASANT VALLEY HEALTH CARE CENTER,1120 ILLINOIS STREET,MUSKOGEE,OK,74403,9186825391,500,Muskogee,N,For profit - Corporation,101,78,NA,Medicare and Medicaid,N,"PLEASANT VALLEY HEALTH CARE CENTER, INC",2004-01-04,NA,NA,NA,NA,NA,NA,NA,N,NA,Y,N,N,Resident,Yes,1,NA,1,NA,1,NA,1,NA,1,NA,2,NA,NA,NA,2.8056,0.94531,0.24162,1.18693,3.99253,3.19442,0.19265,0.01304,NA,26,NA,26,NA,26,1.18476,0.85131,1.98521,0.73239,0.57831,3.29592,2.92392,3.27262,1.10266,0.28184,4.65712,3.72616,2024-08-20,14,14,4,171,1,0,171,2023-07-18,10,10,0,68,1,0,68,145.25,NA,1,20049,0,1,"1120 ILLINOIS STREET,MUSKOGEE,OK,74403",35.7308,-95.349,NA,2026-06-01
375452,South Park East,225 Southwest 35th Street,Oklahoma City,OK,73109,4056317444,540,Oklahoma,Y,For profit - Corporation,47,38.8,NA,Medicare and Medicaid,N,PHOENIX HEALTHCARE LLC,2004-02-19,PHOENIX HEALTHCARE,401,6,2.8,2.8,3.2,3,N,NA,Y,N,N,Resident,Yes,3,NA,2,NA,5,NA,5,NA,NA,2,3,NA,NA,NA,3.44287,0.75572,0.33782,1.09354,4.5364,4.12155,0.25614,9.8e-4,63,NA,71.4,NA,5,NA,1.12554,0.80876,1.88598,0.69579,0.5494,3.13117,2.77777,4.22726,0.9279,0.41478,5.56994,5.06056,2025-06-04,4,0,4,91,0,0,91,2024-02-23,7,7,0,36,1,0,36,77.25,NA,1,15480,0,1,"225 Southwest 35th Street,Oklahoma City,OK,73109",35.4293,-97.517,NA,2026-06-01
375454,"TRINITY WOODS, INC.",4134 EAST 31ST STREET,TULSA,OK,74135,9187432565,710,Tulsa,Y,Non profit - Corporation,84,54,NA,Medicare and Medicaid,N,TRINITY WOODS,2003-11-01,NA,NA,NA,NA,NA,NA,NA,Y,NA,N,N,N,Resident,Yes,5,NA,5,NA,5,NA,5,NA,5,NA,5,NA,NA,NA,3.48512,1.39953,0.65232,2.05185,5.53696,5.0139,0.55718,0.02576,27.1,NA,0,NA,0,NA,1.20691,0.86723,2.02233,0.74609,0.58912,3.35754,2.97859,3.99063,1.60253,0.74694,6.3401,5.74116,2024-07-03,0,0,0,0,0,0,0,2023-06-15,1,1,0,8,1,0,8,2,NA,0,0,0,0,"4134 EAST 31ST STREET,TULSA,OK,74135",36.1188,-95.93,NA,2026-06-01
375457,Betty Ann Nursing Center,1400 South Main Street,Grove,OK,74344,9187862275,200,Delaware,N,For profit - Individual,60,50.8,NA,Medicare and Medicaid,N,"BAN NH, LLC",2004-01-07,MARSH POINTE MANAGEMENT,337,6,3,2.8,4,3,N,NA,N,N,N,Resident,Yes,1,NA,1,NA,2,NA,1,NA,4,NA,1,24,NA,NA,2.39973,0.87147,0.30547,1.17694,3.57667,3.22136,0.05379,0.00268,46.8,NA,60,NA,0,NA,1.03194,0.74151,1.72915,0.63793,0.50372,2.87079,2.54678,3.21371,1.16707,0.40909,4.78986,4.31403,2024-10-03,14,13,1,80,1,0,80,2023-07-27,13,10,4,197,1,0,197,109.25,NA,1,44429,0,1,"1400 South Main Street,Grove,OK,74344",36.582,-94.769,NA,2026-06-01
375458,THE LIVING CENTER,1409 NORTH 17TH STREET,ENID,OK,73701,5802341411,230,Garfield,Y,For profit - Individual,50,20.1,NA,Medicare and Medicaid,N,LIVING CENTER LLC,2003-08-08,MARSH POINTE MANAGEMENT,337,6,3,2.8,4,3,N,NA,N,N,N,Resident,Yes,5,NA,5,NA,4,NA,4,NA,NA,2,5,NA,NA,NA,2.8143,0.58584,0.89165,1.47748,4.29179,3.78368,0.7616,0.03624,35.3,NA,NA,27,1,NA,1.06226,0.76329,1.77994,0.65666,0.51851,2.95512,2.62159,3.66135,0.76216,1.16001,5.58353,4.92249,2025-05-07,1,1,0,4,1,0,4,2024-02-23,1,1,0,8,1,0,8,5,NA,0,0,0,0,"1409 NORTH 17TH STREET,ENID,OK,73701",36.4098,-97.854,NA,2026-06-01
375460,"Montereau, Inc.",6800 South Granite Avenue,Tulsa,OK,74136,9184915250,710,Tulsa,Y,Non profit - Corporation,74,55.6,NA,Medicare,N,MONTEREAU INC,2004-07-07,NA,NA,NA,NA,NA,NA,NA,Y,NA,N,N,N,Resident,Yes,4,NA,3,NA,5,NA,5,NA,5,NA,4,NA,NA,NA,2.85388,1.77224,0.3988,2.17103,5.02491,4.83679,0.39283,0.09508,64.3,NA,33.3,NA,0,NA,1.36289,0.97931,2.2837,0.84251,0.66526,3.79147,3.36354,2.89383,1.79705,0.40438,5.09526,4.9045,2024-07-08,8,3,6,40,1,0,40,2023-05-19,10,7,3,72,1,0,72,48,NA,2,24212,0,2,"6800 South Granite Avenue,Tulsa,OK,74136",36.0653,-95.91,NA,2026-06-01
375461,"Ignite Medical Resort Norman, LLC",1050 Rambling Oaks Drive,Norman,OK,73072,4052922273,130,Cleveland,Y,For profit - Limited Liability company,52,37.5,NA,Medicare,N,"IGNITE MEDICAL RESORT NORMAN, LLC",2004-06-23,IGNITE MEDICAL RESORTS,279,24,2.6,2.3,2,4.3,N,NA,N,N,N,Resident,Yes,1,NA,1,NA,4,NA,NA,2,4,NA,1,NA,NA,NA,1.69666,1.63117,0.32067,1.95184,3.64851,3.03234,0.32328,0.21393,56,NA,100,NA,0,NA,1.50526,1.08161,2.52225,0.93052,0.73475,4.18752,3.71489,1.5577,1.49758,0.29441,3.34969,2.78399,2024-08-15,14,10,9,201,1,0,201,2023-07-17,7,5,3,36,1,0,36,159.75,NA,1,16660,0,1,"1050 Rambling Oaks Drive,Norman,OK,73072",35.2309,-97.491,NA,2026-06-01
375462,"FOUNTAIN VIEW MANOR, INC",107 EAST BARCLAY,HENRYETTA,OK,74437,9186527021,550,Okmulgee,Y,For profit - Corporation,119,84.5,NA,Medicare and Medicaid,N,"FOUNTAIN VIEW MANOR, INC.",2003-09-30,NA,NA,NA,NA,NA,NA,NA,N,NA,N,N,N,Resident,Yes,3,NA,3,NA,2,NA,2,NA,NA,2,2,NA,NA,NA,2.05512,0.59347,0.41094,1.00441,3.05953,3.43979,0.47695,0.00295,NA,26,NA,26,NA,26,1.01209,0.72724,1.69589,0.62566,0.49403,2.81558,2.49779,2.80618,0.81036,0.56112,4.17766,4.69688,2026-01-20,7,7,0,40,1,0,40,2024-04-25,11,9,2,72,1,0,72,48,NA,0,0,0,0,"107 EAST BARCLAY,HENRYETTA,OK,74437",35.4302,-95.982,NA,2026-06-01
375463,Pauls Valley Care Center,1413 South Chickasaw Street,Pauls Valley,OK,73075,4052386411,240,Garvin,N,For profit - Limited Liability company,71,35.3,NA,Medicare and Medicaid,N,PRO HEALTH AND REHAB,2004-07-15,NA,NA,NA,NA,NA,NA,NA,N,NA,N,N,N,Resident,Yes,2,NA,3,NA,2,NA,2,NA,NA,2,1,NA,NA,NA,1.92982,0.89082,0.23523,1.12604,3.05586,2.85897,0.24918,0,NA,26,NA,27,1,NA,1.18665,0.85267,1.98838,0.73356,0.57923,3.30117,2.92858,2.24747,1.03745,0.27394,3.55886,3.32956,2025-12-18,5,4,1,36,1,0,36,2024-04-18,6,6,3,44,1,0,44,38,NA,1,50778,2,3,"1413 South Chickasaw Street,Pauls Valley,OK,73075",34.7248,-97.213,NA,2026-06-01
375464,ADA CARE CENTER,931 NORTH COUNTRY CLUB ROAD,ADA,OK,74820,5803323631,610,Pontotoc,N,For profit - Individual,85,35.8,NA,Medicare and Medicaid,N,ADA CARE CENTER LLC,2004-03-23,IHS MANAGEMENT CONSULTANTS,280,5,2.2,2.6,2.4,2,N,NA,N,N,N,Resident,Yes,4,NA,4,NA,2,NA,2,NA,NA,2,3,NA,NA,NA,2.27428,0.78634,0.40913,1.19547,3.46975,3.21293,0.23089,0.00716,NA,26,NA,27,2,NA,1.02918,0.73952,1.72453,0.63622,0.50237,2.86312,2.53997,3.05386,1.05588,0.54937,4.65912,4.31427,2025-02-05,5,5,0,32,1,0,32,2023-11-28,4,4,0,24,1,0,24,30,NA,0,0,0,0,"931 NORTH COUNTRY CLUB ROAD,ADA,OK,74820",34.7833,-96.652,NA,2026-06-01
375465,Colonial Manor Nursing Home,1815 East Skelly Drive,Tulsa,OK,74105,9187437838,710,Tulsa,Y,For profit - Limited Liability company,120,52.9,NA,Medicare and Medicaid,N,SKELLY OPERATIONS LLC,2004-04-16,NA,NA,NA,NA,NA,NA,NA,N,NA,N,N,N,Resident,Yes,2,NA,2,NA,4,NA,4,NA,4,NA,3,NA,NA,NA,2.38511,0.73777,0.41341,1.15118,3.53629,3.45078,0.29799,0.1157,NA,26,NA,27,1,NA,1.18242,0.84963,1.98129,0.73095,0.57717,3.28941,2.91814,2.78764,0.86228,0.48318,4.1331,4.03316,2025-02-06,8,1,7,103,1,0,103,2023-12-01,7,4,7,40,1,0,40,87.25,NA,1,48785,1,2,"1815 East Skelly Drive,Tulsa,OK,74105",36.0901,-95.966,NA,2026-06-01
375466,Drumright Nursing Home,701 N Bristow Ave,Drumright,OK,74030,9183523249,180,Creek,Y,For profit - Limited Liability company,133,51.5,NA,Medicare and Medicaid,N,"DRUMRIGHT NURSING HOME, LLC",2004-09-15,"OKLAHOMA NURSING HOMES, LTD.",384,7,2.4,2.9,2.3,2.6,N,NA,Y,N,N,Resident,Yes,1,NA,1,NA,2,NA,1,NA,2,NA,1,24,25,6,NA,NA,NA,NA,NA,NA,NA,NA,50.8,NA,NA,27,NA,26,NA,NA,NA,NA,NA,NA,NA,NA,NA,NA,NA,NA,2025-09-22,7,4,3,190,1,0,190,2024-05-09,18,17,4,144,1,0,144,178.5,NA,3,102356,0,3,"701 N Bristow Ave,Drumright,OK,74030",35.9942,-96.607,NA,2026-06-01
375467,Fairfax Behavioral Health & Memory Care Community,282 County Road 6300,Fairfax,OK,74637,9186423234,560,Osage,Y,For profit - Corporation,60,48.1,NA,Medicare and Medicaid,N,FAIRFAX BEHAVIORAL HEALTH AND MEMORY CARE COMMUNITY LLC,2004-06-28,NA,NA,NA,NA,NA,NA,NA,N,NA,Y,N,N,Resident,Yes,1,NA,2,NA,1,NA,1,NA,NA,2,1,NA,NA,NA,2.09532,0.65701,0.22231,0.87932,2.97464,2.48505,0.25821,0,NA,26,NA,27,NA,26,1.09308,0.78543,1.83159,0.67572,0.53356,3.04086,2.69765,2.64911,0.83066,0.28106,3.76083,3.14185,2025-07-21,12,9,5,96,1,0,96,2024-06-07,14,11,3,80,1,0,80,92,NA,2,71440,0,2,"282 County Road 6300,Fairfax,OK,74637",36.5649,-96.716,NA,2026-06-01
375468,OKLAHOMA MEMORY CARE INSTITUTE,3333 EAST 28TH STREET,TULSA,OK,74114,9182030606,710,Tulsa,Y,For profit - Limited Liability company,56,43.7,NA,Medicare and Medicaid,N,OMCI OPERATIONS LLC,2004-10-23,NA,NA,NA,NA,NA,NA,NA,N,NA,N,N,N,Resident,Yes,2,NA,2,NA,2,NA,2,NA,NA,2,2,NA,NA,NA,2.39641,0.9703,0.25859,1.22889,3.6253,3.27982,0.24103,0.00458,NA,26,NA,27,1,NA,1.14569,0.82324,1.91975,0.70824,0.55924,3.18723,2.8275,2.89063,1.1704,0.31192,4.37296,3.95623,2024-10-31,11,9,2,64,1,0,64,2023-09-22,17,13,4,124,1,0,124,79,NA,1,8653,0,1,"3333 EAST 28TH STREET,TULSA,OK,74114",36.1224,-95.94,NA,2026-06-01
375469,Southern Pointe Living Center,101 Sherrard Drive,Colbert,OK,74733,5802964500,060,Bryan,N,For profit - Corporation,95,47.6,NA,Medicare and Medicaid,N,"COLBERT NURSING HOME, INC.",2004-09-19,BGM ESTATE,78,15,1.9,2.3,1.9,2.5,N,NA,N,N,N,Resident,Yes,1,NA,2,NA,1,NA,1,NA,1,NA,1,24,NA,NA,1.36317,0.57052,0.17378,0.74429,2.10746,2.42519,0.2682,0.01421,83.3,NA,83.3,NA,1,NA,1.08093,0.7767,1.81123,0.66821,0.52763,3.00706,2.66766,1.74283,0.72941,0.22217,2.69441,3.10063,2025-09-18,1,1,0,8,1,0,8,2024-04-04,16,11,6,218,1,0,218,60.5,NA,1,38445,0,1,"101 Sherrard Drive,Colbert,OK,74733",33.8552,-96.512,NA,2026-06-01
375470,CHANDLER THERAPY & LIVING CENTER LLC,601 WEST 1ST STREET,CHANDLER,OK,74834,4057857486,400,Lincoln,Y,For profit - Limited Liability company,76,NA,10,Medicare and Medicaid,N,CHANDLER THERAPY & LIVING CENTER LLC,2004-08-09,NA,NA,NA,NA,NA,NA,NA,N,NA,N,N,N,Resident,Yes,1,NA,1,NA,3,NA,3,NA,NA,2,NA,2,25,6,NA,NA,NA,NA,NA,NA,NA,NA,NA,26,NA,26,NA,26,NA,NA,NA,NA,NA,NA,NA,NA,NA,NA,NA,NA,2025-12-15,6,6,2,28,1,0,28,2024-08-14,37,20,17,518,1,0,518,150.5,NA,19,145346,1,20,"601 WEST 1ST STREET,CHANDLER,OK,74834",35.71,-96.887,NA,2026-06-01
375471,LINWOOD VILLAGE NURSING & RETIREMENT APTS,530 SOUTH LINWOOD AVENUE,CUSHING,OK,74023,9182252220,590,Payne,N,For profit - Limited Liability company,67,48.7,NA,Medicare and Medicaid,N,LINWOOD VILLAGE OPERATIONS LLC,2005-01-11,SKYBLUE HEALTHCARE,883,10,2.2,2.3,2.2,3,N,NA,Y,N,N,Resident,Yes,3,NA,2,NA,5,NA,5,NA,4,NA,3,NA,NA,NA,2.60065,0.69045,0.29353,0.98399,3.58463,3.1409,0.25299,0.12326,57.9,NA,66.7,NA,1,NA,1.09782,0.78884,1.83954,0.67865,0.53587,3.05407,2.70937,3.27377,0.86916,0.36951,4.51244,3.95386,2025-05-23,8,8,5,40,1,0,40,2024-02-23,10,9,1,52,1,0,52,43,NA,0,0,0,0,"530 SOUTH LINWOOD AVENUE,CUSHING,OK,74023",35.9759,-96.75,NA,2026-06-01
375472,THE WOLFE LIVING CENTER AT SUMMIT RIDGE,18501 NORTHEAST 63RD STREET,HARRAH,OK,73045,4054541400,540,Oklahoma,Y,Non profit - Church related,48,37.3,NA,Medicare and Medicaid,N,WOLFE LIVING CENTER ASSOCIATION,2005-01-01,NA,NA,NA,NA,NA,NA,NA,N,NA,N,N,N,Resident,Yes,3,NA,3,NA,3,NA,4,NA,3,NA,3,NA,NA,NA,2.54142,1.48541,0.2292,1.7146,4.25602,4.6982,0.21863,0.02193,61.1,NA,NA,27,0,NA,1.08538,0.7799,1.81868,0.67096,0.5298,3.01944,2.67865,3.23591,1.89132,0.29183,5.41905,5.98205,2025-04-01,8,8,0,44,1,0,44,2023-11-22,3,1,2,12,1,0,12,36,NA,0,0,0,0,"18501 NORTHEAST 63RD STREET,HARRAH,OK,73045",35.5361,-97.202,NA,2026-06-01
375473,Epworth Villa Health Services,14901 North Penn Avenue,Oklahoma City,OK,73134,4057521200,540,Oklahoma,Y,Non profit - Corporation,87,85.6,NA,Medicare,N,CENTRAL OKLAHOMA UNITED METHODIST RETIREMENT FACILITY INC,2005-01-24,NA,NA,NA,NA,NA,NA,NA,N,NA,N,N,N,None,Yes,4,NA,4,NA,4,NA,5,NA,4,NA,4,NA,NA,NA,3.17883,1.23499,0.37573,1.61072,4.78955,4.24412,0.38447,0.13908,34.6,NA,33.3,NA,0,NA,1.34666,0.96764,2.25649,0.83248,0.65734,3.7463,3.32347,3.2622,1.26738,0.38559,4.91517,4.35543,2024-10-03,2,2,0,8,1,0,8,2023-08-11,4,3,2,32,1,0,32,14,NA,0,0,0,0,"14901 North Penn Avenue,Oklahoma City,OK,73134",35.6074,-97.549,NA,2026-06-01
375474,"OSAGE NURSING HOME, LLC",822 WEST OSAGE,NOWATA,OK,74048,9182732012,520,Nowata,N,For profit - Limited Liability company,50,25.7,NA,Medicare and Medicaid,N,"OSAGE NURSING CENTER, LLC",2004-09-15,"OKLAHOMA NURSING HOMES, LTD.",384,7,2.4,2.9,2.3,2.6,N,NA,N,N,N,Resident,Yes,4,NA,3,NA,3,NA,3,NA,NA,2,5,NA,NA,NA,2.35074,1.13858,0.51818,1.65677,4.00751,3.61145,0.41077,0.00211,27.3,NA,NA,27,NA,26,1.02935,0.73965,1.72481,0.63633,0.50245,2.86359,2.54039,3.15602,1.52862,0.69569,5.38033,4.84859,2025-02-05,9,9,0,60,1,0,60,2023-11-17,6,6,0,36,1,0,36,54,NA,0,0,0,0,"822 WEST OSAGE,NOWATA,OK,74048",36.6969,-95.647,NA,2026-06-01
375476,COVENANT LIVING AT INVERNESS,3800 WEST 71ST STREET SOUTH,TULSA,OK,74132,9184819988,180,Creek,Y,Non profit - Corporation,44,41.2,NA,Medicare and Medicaid,N,TULSA HILLS COMMUNITY INC,2005-05-24,COVENANT LIVING,168,15,4.4,4.1,4.3,3.6,Y,NA,N,N,N,Resident,Yes,5,NA,5,NA,5,NA,5,NA,5,NA,4,NA,NA,NA,2.5656,0.83528,0.51126,1.34654,3.91214,3.54583,0.37766,0.05563,47.8,NA,NA,27,1,NA,1.25667,0.90299,2.10572,0.77685,0.61341,3.49598,3.1014,2.82141,0.91857,0.56223,4.30221,3.89937,2024-09-26,1,1,0,8,1,0,8,2023-07-20,1,0,1,4,0,0,4,7,NA,0,0,0,0,"3800 WEST 71ST STREET SOUTH,TULSA,OK,74132",36.061,-96.028,NA,2026-06-01
375477,Anadarko Nursing & Rehab,300 West Washington,Anadarko,OK,73005,4052473346,070,Caddo,N,For profit - Individual,92,75.6,NA,Medicare and Medicaid,N,ANADARKO NURSING & REHABILITATION LLC,2005-07-29,BRADFORD MONTGOMERY,87,11,2,2.5,1.7,2.8,N,NA,N,N,N,Resident,Yes,1,NA,2,NA,4,NA,4,NA,NA,2,1,24,25,6,NA,NA,NA,NA,NA,NA,NA,NA,52.2,NA,80,NA,1,NA,NA,NA,NA,NA,NA,NA,NA,NA,NA,NA,NA,NA,2026-03-30,8,8,5,68,1,0,68,2024-11-12,5,4,3,40,1,0,40,61,NA,1,14867,0,1,"300 West Washington,Anadarko,OK,73005",35.0784,-98.247,NA,2026-06-01
375478,"SUMMERS HEALTHCARE, LLC",119 NORTH 6TH STREET,OKEENE,OK,73763,5808224441,050,Blaine,N,For profit - Individual,48,21.1,NA,Medicare and Medicaid,N,"SUMMERS HEALTH SERVICES, LLC",2004-01-22,NA,NA,NA,NA,NA,NA,NA,N,NA,N,N,N,Resident,Yes,4,NA,4,NA,3,NA,3,NA,NA,2,3,NA,NA,NA,2.58749,1.65697,0.45903,2.11601,4.7035,4.29178,0.46674,0,30,NA,NA,27,0,NA,1.75563,1.26151,2.94178,1.0853,0.85697,4.88404,4.3328,2.03678,1.30431,0.36134,3.70243,3.37834,2024-09-25,0,0,0,0,0,0,0,2023-08-25,5,1,5,119,1,0,119,29.75,NA,1,13627,0,1,"119 NORTH 6TH STREET,OKEENE,OK,73763",36.1162,-98.315,NA,2026-06-01
375479,ELK CITY NURSING AND REHABILITATION CENTER,301 NORTH GARRETT,ELK CITY,OK,73644,5802252811,040,Beckham,N,For profit - Partnership,118,44.6,NA,Medicare and Medicaid,N,ELK CITY NURSING HOME LLC,2004-11-14,NA,NA,NA,NA,NA,NA,NA,N,NA,N,N,N,Resident,Yes,4,NA,4,NA,2,NA,1,NA,2,NA,4,NA,NA,NA,3.07132,0.8565,0.26914,1.12564,4.19696,3.58902,0.20484,0.00623,41.7,NA,NA,27,0,NA,1.09444,0.78641,1.8338699999999999,0.67656,0.53422,3.04466,2.70102,3.87822,1.08152,0.33985,5.29959,4.53193,2025-08-01,2,2,0,8,1,0,8,2024-03-20,9,9,0,64,1,0,64,22,NA,0,0,0,0,"301 NORTH GARRETT,ELK CITY,OK,73644",35.4137,-99.428,NA,2026-06-01
375482,BARNSDALL NURSING HOME,411 S 4TH STREET,BARNSDALL,OK,74002,9188472572,560,Osage,Y,For profit - Limited Liability company,40,NA,10,Medicare and Medicaid,N,Legal Business Name Not Available,2005-08-12,NA,NA,NA,NA,NA,NA,NA,N,NA,N,Y,N,Resident,Yes,2,NA,3,NA,NA,2,NA,2,NA,2,1,23,23,23,NA,NA,NA,NA,NA,NA,NA,NA,NA,26,NA,26,NA,26,NA,NA,NA,NA,NA,NA,NA,NA,NA,NA,NA,NA,2023-08-18,4,4,0,28,1,0,28,2021-05-10,9,9,0,72,1,0,72,39,NA,0,0,0,0,"411 S 4TH STREET,BARNSDALL,OK,74002",36.5593,-96.161,NA,2026-06-01
375483,Edmond Health Care Center,39 East 33Rd Street,Edmond,OK,73013,4059423884,540,Oklahoma,Y,For profit - Limited Liability company,109,68,NA,Medicare and Medicaid,N,YOUNGE AND CRANE INC,2005-07-01,NA,NA,NA,NA,NA,NA,NA,N,SFF Candidate,Y,N,N,Resident,Yes,1,NA,1,NA,1,NA,3,NA,1,NA,1,NA,NA,NA,2.26483,1.1135,0.1506,1.2641,3.52893,3.67179,0.16696,0,82.9,NA,83.3,NA,NA,26,1.23234,0.8855,2.06494,0.76181,0.60154,3.42829,3.04135,2.53983,1.2487,0.16889,3.95741,4.11762,2026-01-05,14,6,8,151,1,0,151,2024-07-12,33,14,24,326,1,0,326,194.75,NA,8,71283,0,8,"39 East 33Rd Street,Edmond,OK,73013",35.6235,-97.485,NA,2026-06-01
375485,HENNESSEY NURSING & REHAB,705 EAST 3RD STREET,HENNESSEY,OK,73742,4058534390,360,Kingfisher,N,For profit - Limited Liability company,50,33.2,NA,Medicare and Medicaid,N,HENNESSEY NURSING & REHABILITATION LLC,2005-08-30,BRADFORD MONTGOMERY,87,11,2,2.5,1.7,2.8,N,NA,N,N,N,Resident,Yes,1,NA,2,NA,2,NA,2,NA,NA,2,1,24,25,6,NA,NA,NA,NA,NA,NA,NA,NA,80,NA,100,NA,0,NA,NA,NA,NA,NA,NA,NA,NA,NA,NA,NA,NA,NA,2026-03-26,7,7,1,68,1,0,68,2024-08-07,17,13,4,163,1,0,163,91.75,NA,1,33924,0,1,"705 EAST 3RD STREET,HENNESSEY,OK,73742",36.1063,-97.891,NA,2026-06-01
375486,HIGHLAND PARK HEALTH CARE,1307 R D MILLER DRIVE,OKMULGEE,OK,74447,9187565611,550,Okmulgee,Y,For profit - Limited Liability company,114,76.2,NA,Medicare and Medicaid,N,"PF HPM SNF OPS, LLC",2005-02-01,STONEGATE SENIOR LIVING,495,24,2.6,2.3,2.1,4.1,N,NA,N,N,N,Resident,Yes,3,NA,3,NA,2,NA,4,NA,1,NA,3,NA,NA,NA,2.52173,0.90877,0.21517,1.12393,3.64566,3.1694,0.14817,0.01435,46.1,NA,80,NA,0,NA,1.07082,0.76944,1.79429,0.66196,0.52269,2.97894,2.64272,3.25448,1.17283,0.27769,4.705,4.09036,2024-08-23,3,3,0,16,1,0,16,2023-07-25,14,13,4,96,1,0,96,36,NA,1,14901,0,1,"1307 R D MILLER DRIVE,OKMULGEE,OK,74447",35.6127,-95.955,NA,2026-06-01
375487,MCALESTER NURSING & REHAB,615 E MORRIS AVE,MCALESTER,OK,74501,9184264010,600,Pittsburg,N,For profit - Limited Liability company,63,47.7,NA,Medicare and Medicaid,N,MCALESTER NURSING & REHABILITATION LLC,2005-09-10,BRADFORD MONTGOMERY,87,11,2,2.5,1.7,2.8,N,NA,N,N,N,Resident,Yes,2,NA,2,NA,2,NA,2,NA,1,NA,2,NA,NA,NA,2.49015,1.0809,0.26184,1.34275,3.8329,3.98469,0.17325,0.00596,93.9,NA,100,NA,2,NA,1.17312,0.84295,1.96571,0.7252,0.57263,3.26354,2.89519,2.93348,1.27334,0.30846,4.51527,4.69409,2024-07-31,8,8,0,44,1,0,44,2023-06-28,6,4,2,123,1,0,123,63.75,NA,2,17193,0,2,"615 E MORRIS AVE,MCALESTER,OK,74501",34.9485,-95.755,NA,2026-06-01
375488,THE COMMONS,301 SOUTH OAKWOOD ROAD,ENID,OK,73706,5802376164,230,Garfield,Y,Non profit - Church related,138,89.2,NA,Medicare and Medicaid,N,COMMONS OPERATIONS LLC,2005-02-09,BRIDGES HEALTH,91,34,3.5,3.5,3.3,3.1,Y,NA,N,N,N,Resident,Yes,3,NA,3,NA,3,NA,4,NA,2,NA,3,NA,NA,NA,2.24272,0.96121,0.24852,1.20973,3.45245,3.02326,0.17025,0.00897,56.2,NA,44.4,NA,1,NA,1.12945,0.81157,1.89253,0.6982,0.55131,3.14204,2.78741,2.74416,1.17612,0.30409,4.22437,3.69922,2024-10-31,3,3,1,32,1,0,32,2023-09-15,9,9,1,44,1,0,44,35,NA,1,3174,0,1,"301 SOUTH OAKWOOD ROAD,ENID,OK,73706",36.3945,-97.926,NA,2026-06-01
375489,The Cottage Extended Care,7707 South Memorial Drive,Tulsa,OK,74133,9182508571,710,Tulsa,Y,For profit - Individual,176,95.3,NA,Medicare and Medicaid,N,COX RETIREMENT PROPERTIES INC,2005-10-01,NA,NA,NA,NA,NA,NA,NA,N,NA,N,N,N,Resident,Yes,4,NA,4,NA,2,NA,4,NA,1,NA,2,NA,NA,NA,2.72344,1.0249,0.19499,1.21989,3.94333,3.76966,0.12567,0.01169,80.6,NA,66.7,NA,0,NA,1.18819,0.85378,1.99097,0.73452,0.57999,3.30547,2.9324,3.1676,1.19205,0.22679,4.58644,4.38444,2025-01-09,3,3,0,12,1,0,12,2023-09-15,7,5,6,48,1,0,48,21,NA,0,0,0,0,"7707 South Memorial Drive,Tulsa,OK,74133",36.0529,-95.886,NA,2026-06-01
375490,Marlow Nursing & Rehab,702 South 9th,Marlow,OK,73055,5806585468,680,Stephens,N,For profit - Individual,69,50.2,NA,Medicare and Medicaid,N,MARLOW NURSING & REHABILITATION LLC,2005-08-12,BRADFORD MONTGOMERY,87,11,2,2.5,1.7,2.8,N,NA,N,N,N,Resident,Yes,2,NA,3,NA,4,NA,4,NA,NA,2,1,24,NA,NA,2.41575,1.33176,0.14109,1.47285,3.8886,3.54406,0.18257,0,88.8,NA,71.4,NA,3,NA,1.01944,0.73252,1.7082,0.6302,0.49761,2.83601,2.51592,3.27483,1.80536,0.19127,5.27146,4.8044,2025-11-24,6,5,3,40,1,0,40,2024-06-28,19,13,6,104,1,0,104,56,0,0,0,0,0,"702 South 9th,Marlow,OK,73055",34.6405,-97.967,NA,2026-06-01
375491,BROADWAY LIVING CENTER,301 BROADWAY,LEXINGTON,OK,73051,4055276519,130,Cleveland,Y,For profit - Limited Liability company,101,85.1,NA,Medicare and Medicaid,N,MM OF LEXINGTON LLC,2005-08-29,NA,NA,NA,NA,NA,NA,NA,N,NA,N,Y,N,Resident,Yes,4,NA,4,NA,4,NA,4,NA,NA,2,3,NA,NA,NA,2.89557,0.40671,0.3965,0.8032,3.69877,3.05513,0.1444,0,NA,26,NA,26,NA,26,0.89597,0.6438,1.50131,0.55387,0.43734,2.49252,2.2112,4.46623,0.62732,0.61157,5.70513,4.71234,2024-03-18,3,3,0,28,1,0,28,2023-01-19,6,6,0,44,1,0,44,32,NA,0,0,0,0,"301 BROADWAY,LEXINGTON,OK,73051",35.0149,-97.339,NA,2026-06-01
375492,Homestead of Hugo,1001 Heritage Way,Hugo,OK,74743,5803267771,110,Choctaw,N,For profit - Corporation,124,58.8,NA,Medicare and Medicaid,N,HOMESTEAD OF HUGO LLC,2005-11-17,BGM ESTATE,78,15,1.9,2.3,1.9,2.5,N,NA,N,N,N,Resident,Yes,1,NA,1,NA,1,NA,1,NA,2,NA,1,24,NA,NA,1.60508,0.53543,0.2478,0.78323,2.38831,2.12113,0.21327,0.0089,59.6,NA,40,NA,0,NA,1.09203,0.78468,1.82984,0.67507,0.53305,3.03796,2.69507,2.03124,0.67759,0.31359,3.02242,2.6843,2025-06-10,8,4,5,127,1,0,127,2024-01-08,28,19,9,375,1,0,375,189,NA,2,38841,0,2,"1001 Heritage Way,Hugo,OK,74743",33.9955,-95.487,NA,2026-06-01
375493,Heartsworth Center For Nursing & Rehabilitation,1200 West Canadian Avenue,Vinita,OK,74301,9182568768,170,Craig,N,For profit - Limited Liability company,146,62,NA,Medicare and Medicaid,N,HEARTSWORTH OPERATIONS SNF LLC,2005-12-16,NA,NA,NA,NA,NA,NA,NA,N,NA,N,N,N,Resident,Yes,2,NA,2,NA,4,NA,5,NA,3,NA,4,NA,NA,NA,2.28942,1.10587,0.35375,1.45962,3.74905,3.43884,0.29943,0.09741,52,NA,33.3,NA,0,NA,1.12053,0.80516,1.87758,0.69269,0.54696,3.11723,2.7654,2.8236,1.3639,0.43629,4.62379,4.24121,2025-09-18,3,3,1,95,1,0,95,2024-05-02,14,13,3,76,1,0,76,90.25,NA,1,16153,0,1,"1200 West Canadian Avenue,Vinita,OK,74301",36.6424,-95.17,NA,2026-06-01
375494,WOODLANDS SKILLED NURSING AND THERAPY,1701 EAST 6TH STREET,OKMULGEE,OK,74447,9187561967,550,Okmulgee,Y,For profit - Partnership,114,46,NA,Medicare and Medicaid,N,Legal Business Name Not Available,2005-08-15,BRIDGES HEALTH,91,34,3.5,3.5,3.3,3.1,N,NA,N,N,N,Resident,Yes,4,NA,4,NA,4,NA,5,NA,3,NA,4,NA,NA,NA,1.886,1.02412,0.3802,1.40431,3.29031,2.99468,0.24106,0.01115,27.3,NA,NA,27,0,NA,0.99168,0.71257,1.66168,0.61303,0.48406,2.75877,2.4474,2.62827,1.42718,0.52983,4.58528,4.17331,2025-05-22,2,2,2,12,1,0,12,2024-02-15,12,11,4,76,1,0,76,28,NA,0,0,0,0,"1701 EAST 6TH STREET,OKMULGEE,OK,74447",35.6234,-95.946,NA,2026-06-01
375496,MAPLE LAWN NURSING AND REHABILITATION,800 ARAPAHO AVENUE,HYDRO,OK,73048,4056632455,050,Blaine,N,For profit - Partnership,60,40.3,NA,Medicare and Medicaid,N,WESTERN HEALTH MANAGEMENT INC,2006-01-10,NA,NA,NA,NA,NA,NA,NA,N,NA,N,N,N,Resident,Yes,4,NA,4,NA,4,NA,4,NA,4,NA,3,NA,NA,NA,3.03397,0.90625,0.21481,1.12106,4.15503,3.71456,0.24652,0.00732,39.1,NA,NA,27,NA,26,1.10444,0.7936,1.85063,0.68274,0.5391,3.07247,2.72569,3.79637,1.13398,0.26878,5.19914,4.64799,2026-01-30,5,5,0,36,1,0,36,2024-06-14,1,0,1,4,0,0,4,28,NA,0,0,0,0,"800 ARAPAHO AVENUE,HYDRO,OK,73048",35.5505,-98.578,NA,2026-06-01
375497,STIGLER NURSING & REHAB,1402 NORTHWEST 7TH STREET,STIGLER,OK,74462,9189673381,300,Haskell,N,For profit - Limited Liability company,80,55.1,NA,Medicare and Medicaid,N,HASKELL NURSING & REHAB LLC,2006-01-09,NA,NA,NA,NA,NA,NA,NA,N,NA,N,N,N,Resident,Yes,1,NA,2,NA,4,NA,4,NA,NA,2,1,25,25,6,NA,NA,NA,NA,NA,NA,NA,NA,62.7,NA,NA,27,1,NA,NA,NA,NA,NA,NA,NA,NA,NA,NA,NA,NA,NA,2026-02-12,5,5,1,32,1,0,32,2024-04-17,9,1,8,139,1,0,139,58.75,NA,2,66206,1,3,"1402 NORTHWEST 7TH STREET,STIGLER,OK,74462",35.2655,-95.132,NA,2026-06-01
375498,BRADFORD VILLAGE HEALTHCARE CENTER,906 NORTH BLVD,EDMOND,OK,73034,4053410810,540,Oklahoma,Y,For profit - Partnership,122,87,NA,Medicare and Medicaid,N,BV OPERATIONS LLC,2006-03-01,BRIDGES HEALTH,91,34,3.5,3.5,3.3,3.1,Y,NA,N,N,N,Both,Yes,4,NA,4,NA,3,NA,5,NA,2,NA,4,NA,NA,NA,2.21363,1.1924,0.50757,1.69997,3.91359,3.296,0.52832,0.04557,34.1,NA,11.1,NA,0,NA,1.25272,0.90015,2.09909,0.77441,0.61148,3.48499,3.09165,2.44202,1.31542,0.55993,4.31738,3.63606,2025-02-12,3,3,0,16,1,0,16,2023-11-30,4,3,3,36,1,0,36,21,NA,0,0,0,0,"906 NORTH BLVD,EDMOND,OK,73034",35.6971,-97.433,22,2026-06-01
375499,EMERALD CARE CENTER CLAREMORE,2800 NORTH HICKORY STREET,CLAREMORE,OK,74017,9183414365,650,Rogers,Y,For profit - Limited Liability company,129,112,NA,Medicare and Medicaid,N,"EMERALD CARE CENTER CLAREMORE, LLC",2005-12-22,EMERALD HEALTHCARE,630,14,1.5,1.6,1.9,1.9,N,NA,N,N,N,Resident,Yes,2,NA,2,NA,2,NA,1,NA,2,NA,2,NA,NA,NA,2.37957,0.72721,0.21415,0.94137,3.32094,3.13618,0.09386,0.04484,52.5,NA,66.7,NA,0,NA,1.10877,0.79671,1.85788,0.68542,0.54122,3.08451,2.73637,2.96592,0.9064,0.26692,4.13925,3.90895,2025-12-18,7,7,0,44,1,0,44,2024-05-17,30,17,13,176,1,0,176,77,NA,0,0,0,0,"2800 NORTH HICKORY STREET,CLAREMORE,OK,74017",36.3348,-95.621,NA,2026-06-01
375501,FORREST MANOR NURSING CENTER,1410 NORTH CHOCTAW,DEWEY,OK,74029,9185343355,730,Washington,N,For profit - Individual,116,59,NA,Medicare and Medicaid,N,"DEWBAR MANAGEMENT, LLC",2006-07-23,NA,NA,NA,NA,NA,NA,NA,N,NA,N,N,N,Resident,Yes,1,NA,1,NA,1,NA,1,NA,NA,2,1,24,NA,NA,2.38823,0.73732,0.18427,0.92159,3.30982,3.21794,0.13052,0,NA,26,NA,26,NA,26,1.15858,0.8325,1.94135,0.71621,0.56553,3.2231,2.85932,2.84871,0.87949,0.2198,3.94799,3.83839,2024-09-11,23,23,0,168,1,0,168,2023-06-30,7,7,0,28,1,0,28,133,NA,0,0,0,0,"1410 NORTH CHOCTAW,DEWEY,OK,74029",36.8078,-95.932,NA,2026-06-01
375502,HERITAGE MANOR,3804 NORTH BARR AVE,OKLAHOMA CITY,OK,73122,4057897103,540,Oklahoma,Y,For profit - Limited Liability company,55,47.2,NA,Medicare and Medicaid,N,HERITAGE MANOR MANAGEMENT LLC,2006-11-08,NA,NA,NA,NA,NA,NA,NA,N,NA,N,N,N,Resident,Yes,2,NA,2,NA,2,NA,2,NA,2,NA,2,NA,NA,NA,2.32351,0.97771,0.21412,1.19182,3.51533,3.52344,0.26495,0,66.7,NA,80,NA,NA,26,1.07268,0.77078,1.79742,0.66311,0.5236,2.98413,2.64732,2.99345,1.25961,0.27585,4.52891,4.53936,2025-11-21,6,6,0,56,1,0,56,2024-05-23,18,13,7,211,1,0,211,94.75,NA,2,30133,0,2,"3804 NORTH BARR AVE,OKLAHOMA CITY,OK,73122",35.509,-97.606,NA,2026-06-01
375504,NORTH COUNTY CENTER FOR NURSING AND REHABILITATION,2300 WEST BROADWAY,COLLINSVILLE,OK,74021,9183712545,710,Tulsa,Y,For profit - Corporation,119,46.9,NA,Medicare and Medicaid,N,NORTH COUNTY OPERATIONS SNF LLC,2006-12-20,NA,NA,NA,NA,NA,NA,NA,N,NA,N,N,N,Resident,Yes,2,NA,2,NA,2,NA,2,NA,2,NA,3,NA,NA,NA,2.32587,0.99849,0.33084,1.32933,3.6552,3.5061,0.4001,0.1336,57.1,NA,NA,27,2,NA,1.1777,0.84624,1.97338,0.72803,0.57486,3.27627,2.90649,2.7293,1.17168,0.38823,4.28921,4.11424,2025-08-06,3,3,0,16,1,0,16,2024-04-04,20,14,7,162,2,81,243,72.75,NA,1,17641,1,2,"2300 WEST BROADWAY,COLLINSVILLE,OK,74021",36.3657,-95.853,NA,2026-06-01
375505,MAGNOLIA CREEK SKILLED NURSING AND THERAPY,2610 CEDAR CREEK DRIVE,ALTUS,OK,73521,5804801800,320,Jackson,N,For profit - Partnership,158,75.8,NA,Medicare and Medicaid,N,"ALTUS OPERATIONS, L L C",2006-10-13,BRIDGES HEALTH,91,34,3.5,3.5,3.3,3.1,N,NA,N,N,N,Resident,Yes,4,NA,4,NA,3,NA,4,NA,2,NA,4,NA,NA,NA,2.35052,1.08757,0.40686,1.49444,3.84495,3.34733,0.29632,0,51.4,NA,16.7,NA,1,NA,1.17765,0.84621,1.9733,0.728,0.57484,3.27614,2.90638,2.75833,1.27627,0.47745,4.51205,3.92808,2026-01-28,1,1,0,8,1,0,8,2024-06-21,13,6,9,72,1,0,72,24,NA,0,0,0,0,"2610 CEDAR CREEK DRIVE,ALTUS,OK,73521",34.6654,-99.32,NA,2026-06-01
375508,THE REGENCY SKILLED NURSING AND THERAPY,1610 NORTH BRYAN AVENUE,SHAWNEE,OK,74804,4052759004,620,Pottawatomie,N,For profit - Partnership,110,95.2,NA,Medicare and Medicaid,N,OPSHAW LLC,2007-01-31,BRIDGES HEALTH,91,34,3.5,3.5,3.3,3.1,N,NA,N,N,N,Resident,Yes,5,NA,5,NA,3,NA,4,NA,2,NA,3,NA,NA,NA,2.40205,0.97633,0.28118,1.25751,3.65956,3.35681,0.23376,0.04091,44.9,NA,NA,27,0,NA,1.23209,0.88532,2.06451,0.76165,0.60141,3.42758,3.04072,2.69427,1.0951,0.31539,4.10476,3.76517,2025-05-01,1,1,1,8,1,0,8,2024-01-05,4,2,2,20,1,0,20,11,NA,0,0,0,0,"1610 NORTH BRYAN AVENUE,SHAWNEE,OK,74804",35.3473,-96.894,NA,2026-06-01
375510,Lawton Post Acute & Rehab,1700 Northwest Fort Sill Blvd,Lawton,OK,73507,5803551616,150,Comanche,Y,For profit - Limited Liability company,95,79.9,NA,Medicare and Medicaid,N,"LAWTON POST ACUTE & REHAB,LLC",2007-03-23,NA,NA,NA,NA,NA,NA,NA,N,SFF Candidate,N,N,N,Resident,Yes,1,NA,1,NA,1,NA,2,NA,1,NA,2,NA,NA,NA,2.6997,0.68933,0.28658,0.97591,3.6756,3.23604,0.10313,0.02872,53.1,NA,NA,27,1,NA,1.31815,0.94716,2.20872,0.81485,0.64342,3.66699,3.25311,2.83042,0.72271,0.30045,3.85358,3.39274,2024-06-07,21,13,8,412,2,206,618,2023-04-27,7,4,3,52,1,0,52,476.5,NA,1,99585,0,1,"1700 Northwest Fort Sill Blvd,Lawton,OK,73507",34.6261,-98.405,NA,2026-06-01
375511,HERITAGE PARK,6912 NORTHWEST 23RD STREET,BETHANY,OK,73008,4057897208,540,Oklahoma,Y,For profit - Corporation,55,49.4,NA,Medicare and Medicaid,N,"HERITAGE PARK MANAGEMENT, LLC",2007-10-01,NA,NA,NA,NA,NA,NA,NA,N,NA,N,N,N,Resident,Yes,1,NA,2,NA,3,NA,5,NA,1,NA,1,NA,NA,NA,2.02517,0.87789,0.17723,1.05512,3.08029,3.34918,0.185,0,66.7,NA,NA,27,NA,26,1.18997,0.85505,1.99394,0.73561,0.58085,3.3104,2.93677,2.35194,1.01954,0.20583,3.57731,3.88959,2024-10-23,13,13,0,76,1,0,76,2023-09-19,7,7,1,40,1,0,40,67,NA,0,0,0,0,"6912 NORTHWEST 23RD STREET,BETHANY,OK,73008",35.4934,-97.635,NA,2026-06-01
375512,MITCHELL CARE & REHAB CENTER,315 WEST ELECTRIC AVENUE,MCALESTER,OK,74501,9184234661,600,Pittsburg,N,For profit - Limited Liability company,100,64.3,NA,Medicare and Medicaid,N,"MITCHELL HEALTHCARE MANAGEMENT, LLC",2007-09-01,MGM HEALTHCARE,348,32,2.4,2.2,1.7,3.9,N,NA,N,N,N,Resident,Yes,5,NA,4,NA,5,NA,5,NA,3,NA,3,NA,NA,NA,2.76949,0.73083,0.54922,1.28005,4.04954,3.49236,0.2299,0.02139,53.7,NA,71.4,NA,2,NA,1.30131,0.93506,2.18052,0.80445,0.6352,3.62016,3.21157,2.94115,0.77613,0.58326,4.30054,3.70882,2025-03-27,4,4,0,20,1,0,20,2023-11-30,10,5,5,48,1,0,48,27,NA,0,0,0,0,"315 WEST ELECTRIC AVENUE,MCALESTER,OK,74501",34.9475,-95.772,NA,2026-06-01
375513,THE GOLDEN RULE HOME,38801 HARDESTY ROAD,SHAWNEE,OK,74801,4052737106,620,Pottawatomie,N,For profit - Limited Liability company,83,43.9,NA,Medicare and Medicaid,N,"GOLDEN RULE SENIOR PROPERTIES, LLC",2007-09-01,NA,NA,NA,NA,NA,NA,NA,N,NA,N,N,N,Resident,Yes,3,NA,3,NA,2,NA,2,NA,NA,2,2,NA,NA,NA,2.30161,0.42392,0.44882,0.87274,3.17435,3.02085,0.37906,0.03488,NA,26,NA,26,NA,26,1.08459,0.77933,1.81736,0.67047,0.52941,3.01725,2.6767,2.93269,0.54015,0.57189,4.04473,3.84914,2024-10-03,4,4,0,24,1,0,24,2023-09-07,11,9,2,76,1,0,76,37,NA,1,10246,0,1,"38801 HARDESTY ROAD,SHAWNEE,OK,74801",35.3042,-96.97,NA,2026-06-01
375514,"LEXINGTON NURSING HOME, INC.",632 SOUTHEAST 3RD STREET,LEXINGTON,OK,73051,4055276531,130,Cleveland,Y,For profit - Limited Liability company,70,37,NA,Medicare and Medicaid,N,"LEXINGTON NURSING HOME, INC.",2007-08-20,NA,NA,NA,NA,NA,NA,NA,N,NA,N,N,N,Resident,Yes,4,NA,4,NA,2,NA,2,NA,NA,2,4,NA,NA,NA,3.72055,1.60029,0.35849,1.95879,5.67934,5.17518,0.27992,0.00748,50,NA,NA,27,0,NA,1.19063,0.85553,1.99504,0.73602,0.58117,3.31224,2.9384,4.31848,1.85748,0.41611,6.59206,6.00689,2024-06-27,3,3,0,20,1,0,20,2023-06-21,8,8,0,40,1,0,40,25,0,0,0,0,0,"632 SOUTHEAST 3RD STREET,LEXINGTON,OK,73051",35.0093,-97.331,NA,2026-06-01
375515,MAPLE HEALTHCARE AND REHAB,12 EAST CONNER,FAIRLAND,OK,74343,9186763685,570,Ottawa,N,For profit - Corporation,29,22.2,NA,Medicare and Medicaid,N,GLOBAL FAIRLAND LLC,2007-07-15,SELECTIS HEALTH,858,6,2.4,2.4,2.2,3.4,N,NA,N,N,N,Resident,Yes,3,NA,3,NA,2,NA,2,NA,NA,2,3,NA,NA,NA,2.48965,0.96993,0.47039,1.44032,3.92998,3.44328,0.6825,0.00796,68.6,NA,66.7,NA,2,NA,1.11764,0.80308,1.87274,0.6909,0.54555,3.10919,2.75827,3.07848,1.19933,0.58165,4.85946,4.2576599999999996,2025-01-02,7,7,0,44,1,0,44,2023-08-31,19,19,0,88,1,0,88,55,NA,0,0,0,0,"12 EAST CONNER,FAIRLAND,OK,74343",36.7512,-94.847,NA,2026-06-01
375518,THE HEALTH CENTER AT CONCORDIA,7707 WEST BRITTON ROAD,OKLAHOMA CITY,OK,73132,4057207200,540,Oklahoma,Y,Non profit - Corporation,30,27.4,NA,Medicare,N,LUTHERAN SENIOR CITIZENS INC,2010-03-13,NA,NA,NA,NA,NA,NA,NA,Y,NA,N,N,N,Resident,Yes,5,NA,4,NA,5,NA,5,NA,4,NA,3,NA,NA,NA,3.17288,1.24033,0.47157,1.7119,4.88477,4.82479,0.34728,0,59.5,NA,NA,27,1,NA,1.48293,1.06556,2.48483,0.91672,0.72385,4.1254,3.65978,2.95687,1.15589,0.43947,4.55223,4.49633,2024-11-19,3,3,1,32,1,0,32,2023-09-13,4,4,0,20,1,0,20,29,NA,2,25407,1,3,"7707 WEST BRITTON ROAD,OKLAHOMA CITY,OK,73132",35.5656,-97.649,NA,2026-06-01
375519,Calera Manor,1061 North Access Road,Calera,OK,74730,5804345727,060,Bryan,N,For profit - Limited Liability company,82,76.5,NA,Medicare and Medicaid,N,"CALERA MANOR, LLC",2007-10-12,BGM ESTATE,78,15,1.9,2.3,1.9,2.5,N,NA,N,N,N,Resident,Yes,2,NA,3,NA,2,NA,3,NA,1,NA,1,NA,NA,NA,1.41063,0.74189,0.10503,0.84692,2.25754,2.05411,0.11479,0.02257,48.9,NA,NA,27,0,NA,1.07574,0.77298,1.80254,0.665,0.5251,2.99264,2.65487,1.81219,0.95308,0.13493,2.9002,2.63886,2025-06-12,6,5,3,40,1,0,40,2024-01-11,11,11,2,60,1,0,60,45,NA,0,0,0,0,"1061 North Access Road,Calera,OK,74730",33.9078,-96.535,NA,2026-06-01
375520,Northwest Nursing Center,2801 Northwest 61St Street,Oklahoma City,OK,73112,4058426601,540,Oklahoma,Y,For profit - Corporation,100,60.7,NA,Medicare and Medicaid,N,"SOUTHWEST LTC - NW OKC, LLC",2009-06-10,SOUTHWEST LTC,481,13,3.1,3.6,1.8,2.5,N,NA,N,N,N,Resident,Yes,1,NA,1,NA,4,NA,4,NA,NA,2,2,NA,NA,NA,2.32985,1.04092,0.20311,1.24403,3.57389,2.97976,0.3067,0.00573,56.6,NA,60,NA,2,NA,1.11434,0.80071,1.86722,0.68886,0.54394,3.10002,2.75014,2.88941,1.29092,0.25189,4.43222,3.6954,2025-07-23,20,16,6,124,1,0,124,2024-10-31,7,0,7,60,0,0,60,108,NA,1,10062,0,1,"2801 Northwest 61St Street,Oklahoma City,OK,73112",35.5336,-97.563,NA,2026-06-01
375521,Bradbury Commons,1601 ACADEMY ROAD,PONCA CITY,OK,74604,5803707132,350,Kay,N,Non profit - Corporation,68,61.4,NA,Medicare and Medicaid,N,Legal Business Name Not Available,2008-03-23,NA,NA,NA,NA,NA,NA,NA,Y,NA,N,N,N,Resident,Yes,4,NA,5,NA,3,NA,3,NA,2,NA,1,24,6,6,NA,NA,NA,NA,NA,NA,NA,NA,NA,26,NA,26,NA,26,NA,NA,NA,NA,NA,NA,NA,NA,NA,NA,NA,NA,2024-07-03,0,0,0,0,0,0,0,2023-05-25,0,0,0,0,0,0,0,0,NA,0,0,0,0,"1601 ACADEMY ROAD,PONCA CITY,OK,74604",36.7192,-97.04,NA,2026-06-01
375524,Beadles Nursing Home,916 Noble,Alva,OK,73717,5803271274,750,Woods,N,For profit - Corporation,74,43.8,NA,Medicare and Medicaid,N,"BEADLES, INC.",2008-07-28,NA,NA,NA,NA,NA,NA,NA,N,NA,N,N,N,Resident,Yes,2,NA,2,NA,3,NA,3,NA,3,NA,3,NA,NA,NA,4.09629,1.04316,0.35622,1.39938,5.49567,5.04338,0.19128,0.00925,NA,26,NA,26,0,NA,1.16971,0.8405,1.95999,0.72309,0.57096,3.25404,2.88677,4.83964,1.2324600000000001,0.42086,6.49297,5.95861,2026-01-15,2,1,1,79,1,0,79,2024-08-09,0,0,0,0,0,0,0,59.25,NA,0,0,1,1,"916 Noble,Alva,OK,73717",36.7987,-98.657,NA,2026-06-01
375525,Franciscan Villa,17110 East 51St Street,Broken Arrow,OK,74012,9183551596,710,Tulsa,Y,For profit - Individual,110,92.6,NA,Medicare and Medicaid,N,FRANCISCAN VILLA SNF OPERATIONS LLC,2008-07-01,NA,NA,NA,NA,NA,NA,NA,N,NA,N,N,N,Resident,Yes,4,NA,4,NA,2,NA,3,NA,2,NA,2,NA,NA,NA,2.30996,1.47508,0.09794,1.57303,3.88299,3.42902,0.09281,0.10922,NA,26,NA,26,1,NA,1.21995,0.8766,2.04418,0.75415,0.59549,3.39382,3.01077,2.61675,1.67099,0.11095,4.39868,3.88442,2024-12-23,4,2,3,40,1,0,40,2023-09-21,0,0,0,0,0,0,0,30,NA,1,12735,0,1,"17110 East 51St Street,Broken Arrow,OK,74012",36.09,-95.795,NA,2026-06-01
375527,Garland Road Nursing & Rehab Center,1404 North Garland Road,Enid,OK,73703,5802342526,230,Garfield,Y,For profit - Corporation,118,98.6,NA,Medicare and Medicaid,N,"PF GARLAND SNF OPS, LLC",2008-09-01,STONEGATE SENIOR LIVING,495,24,2.6,2.3,2.1,4.1,N,SFF Candidate,N,N,N,Resident,Yes,2,NA,1,NA,5,NA,3,NA,5,NA,3,NA,NA,NA,2.07427,0.68562,0.27537,0.961,3.03527,2.79587,0.25581,0.02543,45.5,NA,NA,27,0,NA,1.10083,0.791,1.84458,0.68051,0.53734,3.06243,2.71679,2.60402,0.86073,0.3457,3.81045,3.50991,2025-05-06,16,7,11,313,1,0,313,2023-12-22,8,6,4,60,1,0,60,249.75,NA,0,0,0,0,"1404 North Garland Road,Enid,OK,73703",36.4089,-97.944,NA,2026-06-01
375528,SENIOR SUITES HEALTHCARE,3501 W WASHINGTON STREET,BROKEN ARROW,OK,74012,9182505405,710,Tulsa,Y,For profit - Limited Liability company,92,75.7,NA,Medicare and Medicaid,N,"COX BUILDING COMPANY, INC.",2008-09-24,NA,NA,NA,NA,NA,NA,NA,N,NA,N,N,N,Resident,Yes,1,NA,2,NA,4,NA,5,NA,2,NA,1,25,25,6,NA,NA,NA,NA,NA,NA,NA,NA,NA,26,NA,26,2,NA,NA,NA,NA,NA,NA,NA,NA,NA,NA,NA,NA,NA,2026-02-12,17,15,2,92,1,0,92,2024-11-07,14,4,10,80,1,0,80,89,NA,0,0,0,0,"3501 W WASHINGTON STREET,BROKEN ARROW,OK,74012",36.0319,-95.831,NA,2026-06-01
375529,EASTWOOD MANOR,6TH AND HIGHWAY 69,COMMERCE,OK,74339,9186754455,570,Ottawa,N,For profit - Individual,80,38.9,NA,Medicare and Medicaid,N,"EASTWOOD MANOR, LLC",2008-07-25,"OKLAHOMA NURSING HOMES, LTD.",384,7,2.4,2.9,2.3,2.6,N,NA,N,N,N,Both,Yes,2,NA,3,NA,3,NA,2,NA,4,NA,1,23,23,23,NA,NA,NA,NA,NA,NA,NA,NA,NA,26,NA,26,NA,26,NA,NA,NA,NA,NA,NA,NA,NA,NA,NA,NA,NA,2025-02-27,7,7,0,48,1,0,48,2023-12-19,9,9,0,52,1,0,52,49,NA,10,54540,0,10,"6TH AND HIGHWAY 69,COMMERCE,OK,74339",36.9318,-94.87,22,2026-06-01
375530,CORN HERITAGE VILLAGE AND REHAB OF WEATHERFORD,801 NORTH WASHINGTON,WEATHERFORD,OK,73096,5807723993,190,Custer,N,Non profit - Church related,81,54.9,NA,Medicare and Medicaid,N,CORN HERITAGE VILLAGE OF WEATHERFORD INC,2009-07-01,NA,NA,NA,NA,NA,NA,NA,N,NA,N,N,N,Resident,Yes,2,NA,3,NA,2,NA,2,NA,3,NA,1,23,23,23,NA,NA,NA,NA,NA,NA,NA,NA,NA,26,NA,26,NA,26,NA,NA,NA,NA,NA,NA,NA,NA,NA,NA,NA,NA,2025-01-23,5,5,0,24,1,0,24,2023-11-01,4,2,3,91,1,0,91,40.75,NA,1,9113,0,1,"801 NORTH WASHINGTON,WEATHERFORD,OK,73096",35.5333,-98.694,NA,2026-06-01
375531,UNIVERSITY VILLAGE RETIREMENT COMMUNITY,8555 SOUTH LEWIS AVENUE,TULSA,OK,74137,9182992661,710,Tulsa,Y,For profit - Limited Liability company,80,68.3,NA,Medicare and Medicaid,N,"UNIVERSITY VILLAGE RETIREMENT COMMUNITY, LLC",2009-06-05,NA,NA,NA,NA,NA,NA,NA,Y,NA,N,N,N,Resident,Yes,4,NA,3,NA,4,NA,4,NA,3,NA,5,NA,NA,NA,2.8405300000000002,0.72742,0.9453,1.67273,4.51326,4.13324,0.82868,0.0489,45.5,NA,30.8,NA,1,NA,1.30365,0.93675,2.18444,0.80589,0.63635,3.62668,3.21735,3.01118,0.77112,1.00209,4.78439,4.38154,2024-12-05,8,8,0,44,1,0,44,2023-09-26,6,5,1,36,1,0,36,42,NA,0,0,0,0,"8555 SOUTH LEWIS AVENUE,TULSA,OK,74137",36.0384,-95.956,NA,2026-06-01
375532,HENSLEY NURSING & REHAB,"HIGHWAY 152, BOX 465",SAYRE,OK,73662,5809282494,040,Beckham,N,For profit - Limited Liability company,67,32.7,NA,Medicare and Medicaid,N,HENSLEY NURSING & REHAB LLC,2010-01-15,BRADFORD MONTGOMERY,87,11,2,2.5,1.7,2.8,N,NA,N,N,N,Resident,Yes,5,NA,5,NA,3,NA,3,NA,NA,2,3,NA,NA,NA,2.63464,0.91572,0.3189,1.23462,3.86927,3.48882,0.25235,0.00306,52.6,NA,NA,27,0,NA,1.20978,0.86929,2.02714,0.74786,0.59052,3.36552,2.98567,3.00964,1.04606,0.36429,4.41999,3.9854,2025-05-14,1,1,0,4,1,0,4,2024-02-23,3,0,3,12,0,0,12,6,NA,0,0,0,0,"HIGHWAY 152, BOX 465,SAYRE,OK,73662",35.2994,-99.639,22,2026-06-01
375534,SIENNA EXTENDED CARE & REHAB,9221 HARMONY DRIVE,MIDWEST CITY,OK,73130,4058690700,540,Oklahoma,Y,For profit - Corporation,100,82.5,NA,Medicare and Medicaid,N,SIENNA EXTENDED CARE & REHAB LLC,2009-11-04,NA,NA,NA,NA,NA,NA,NA,N,NA,N,N,N,Resident,Yes,1,NA,2,NA,2,NA,3,NA,1,NA,1,NA,NA,NA,2.38773,1.0076,0.15017,1.15777,3.5455,3.10015,0.22884,0.07629,NA,26,NA,26,NA,26,1.20573,0.86638,2.02035,0.74536,0.58855,3.35425,2.97567,2.73675,1.15489,0.17212,4.06375,3.55331,2025-04-21,12,12,5,76,1,0,76,2023-12-21,8,4,4,56,2,28,84,78,NA,0,0,0,0,"9221 HARMONY DRIVE,MIDWEST CITY,OK,73130",35.446,-97.368,NA,2026-06-01
375535,LATIMER NURSING HOME,103 SOUTHWEST 9TH STREET,WILBURTON,OK,74578,9184652255,380,Latimer,N,For profit - Limited Liability company,48,27.6,NA,Medicare and Medicaid,N,LATIMER LONG TERM CARE LLC,2009-10-28,NA,NA,NA,NA,NA,NA,NA,N,NA,N,N,N,Resident,Yes,1,NA,3,NA,1,NA,1,NA,NA,2,1,24,NA,NA,3.19375,1.28137,0.27872,1.56009,4.75384,3.96271,0.25697,0,63.3,NA,100,NA,0,NA,1.1285,0.81088,1.89094,0.69761,0.55085,3.13939,2.78506,3.91111,1.56919,0.34132,5.82162,4.85279,2025-05-13,5,5,3,32,1,0,32,2024-05-03,13,13,0,96,1,0,96,48,NA,23,134080,0,23,"103 SOUTHWEST 9TH STREET,WILBURTON,OK,74578",34.9204,-95.321,NA,2026-06-01
375536,TUSCANY VILLAGE NURSING CENTER,2333 TUSCANY BLVD,OKLAHOMA CITY,OK,73120,4052860835,540,Oklahoma,Y,For profit - Limited Liability company,137,116.1,NA,Medicare and Medicaid,N,"PF TUSCANY SNF OPS, LLC",2010-04-02,STONEGATE SENIOR LIVING,495,24,2.6,2.3,2.1,4.1,N,NA,N,N,N,Resident,Yes,1,NA,1,NA,3,NA,5,NA,1,NA,2,NA,NA,NA,2.10808,0.99863,0.18076,1.1794,3.28747,2.91582,0.09274,0.02288,63.4,NA,66.7,NA,0,NA,1.14913,0.82571,1.92551,0.71037,0.56092,3.19679,2.83598,2.53523,1.20098,0.21739,3.9536,3.50664,2025-04-02,16,5,14,100,1,0,100,2024-03-01,28,13,15,152,1,0,152,113,NA,1,10033,1,2,"2333 TUSCANY BLVD,OKLAHOMA CITY,OK,73120",35.5744,-97.557,NA,2026-06-01
375540,MONTEVISTA REHABILITATION AND SKILLED CARE,7604 QUANAH PARKER TRAILWAY,LAWTON,OK,73505,5805362866,150,Comanche,Y,Non profit - Corporation,105,91.6,NA,Medicare and Medicaid,N,PF LAWTON SNF OPS LLC,2010-09-17,STONEGATE SENIOR LIVING,495,24,2.6,2.3,2.1,4.1,N,NA,N,N,N,Resident,Yes,2,NA,3,NA,3,NA,5,NA,2,NA,1,NA,NA,NA,2.06217,1.0902,0.16417,1.25437,3.31654,2.93332,0.13897,0.01868,65.4,NA,77.8,NA,0,NA,1.25063,0.89865,2.09559,0.77312,0.61046,3.47917,3.08649,2.27874,1.20469,0.18141,3.66484,3.24138,2024-09-06,3,3,0,20,1,0,20,2023-07-13,15,4,13,160,1,0,160,55,NA,3,27782,0,3,"7604 QUANAH PARKER TRAILWAY,LAWTON,OK,73505",34.631100000000004,-98.479,NA,2026-06-01
375541,"CHICKASHA NURSING CENTER, INC",2701 SOUTH 9TH STREET,CHICKASHA,OK,73018,4052243593,250,Grady,Y,For profit - Corporation,60,25.4,NA,Medicare and Medicaid,N,CHICKASHA NURSING CENTER INC.,2010-12-03,NA,NA,NA,NA,NA,NA,NA,N,NA,N,N,N,Resident,Yes,1,NA,2,NA,2,NA,2,NA,3,NA,1,23,23,23,NA,NA,NA,NA,NA,NA,NA,NA,NA,26,NA,26,NA,26,NA,NA,NA,NA,NA,NA,NA,NA,NA,NA,NA,NA,2024-09-06,8,8,0,60,2,30,90,2023-08-10,7,7,0,48,1,0,48,79.5,NA,0,0,1,1,"2701 SOUTH 9TH STREET,CHICKASHA,OK,73018",35.0239,-97.944,NA,2026-06-01
375545,TOWN OF VICI NURSING HOME,619 SPECK,VICI,OK,73859,5809954216,210,Dewey,N,Government - City/county,73,32.8,NA,Medicare and Medicaid,N,TOWN OF VICI,2011-08-07,NA,NA,NA,NA,NA,NA,NA,N,NA,N,N,N,Resident,Yes,4,NA,4,NA,2,NA,2,NA,NA,2,4,NA,NA,NA,3.83347,0.58231,0.37396,0.95627,4.78974,4.12353,0.25855,0.00365,59.6,NA,NA,27,0,NA,1.19152,0.85617,1.99654,0.73657,0.58161,3.31472,2.9406,4.44622,0.67539,0.43374,5.55534,4.78264,2025-04-09,3,3,0,20,1,0,20,2023-12-06,8,6,2,60,1,0,60,30,NA,1,8018,1,2,"619 SPECK,VICI,OK,73859",36.1499,-99.302,NA,2026-06-01
375546,THE VILLAGES AT SOUTHERN HILLS,5721 S LEWIS AVE,TULSA,OK,74105,9184476447,710,Tulsa,Y,For profit - Limited Liability company,110,102.7,NA,Medicare and Medicaid,N,"PF SOUTHERN HILLS SNF OPS, LLC",2011-08-23,STONEGATE SENIOR LIVING,495,24,2.6,2.3,2.1,4.1,Y,NA,N,N,N,Resident,Yes,5,NA,5,NA,5,NA,5,NA,4,NA,1,24,25,6,NA,NA,NA,NA,NA,NA,NA,NA,48.6,NA,33.3,NA,0,NA,NA,NA,NA,NA,NA,NA,NA,NA,NA,NA,NA,NA,2025-01-15,0,0,0,0,0,0,0,2023-11-08,1,1,0,4,1,0,4,1,NA,0,0,0,0,"5721 S LEWIS AVE,TULSA,OK,74105",36.0788,-95.958,NA,2026-06-01
375547,Zarrow Pointe,2025 East 71St Street,Tulsa,OK,74136,9184968333,710,Tulsa,Y,Non profit - Corporation,62,55.3,NA,Medicare and Medicaid,N,THE TULSA JEWISH COMMUNITY RETIREMENT AND HEALTH CARE CENTER INC,2011-11-15,NA,NA,NA,NA,NA,NA,NA,Y,NA,N,N,N,Resident,Yes,5,NA,4,NA,5,NA,5,NA,5,NA,4,NA,NA,NA,4.00742,1.09239,0.6899,1.78229,5.7897,5.211,0.53468,0.09701,NA,26,NA,26,1,NA,1.22591,0.88088,2.05417,0.75783,0.5984,3.4104,3.02548,4.51757,1.23145,0.77773,6.52675,5.87437,2025-08-29,2,2,0,8,1,0,8,2024-04-05,10,7,3,84,1,0,84,27,NA,1,8278,0,1,"2025 East 71St Street,Tulsa,OK,74136",36.0607,-95.978,NA,2026-06-01
375548,AYERS NURSING HOME,801 B STREET,SNYDER,OK,73566,5805692258,370,Kiowa,N,For profit - Corporation,97,68.9,NA,Medicare and Medicaid,N,AYERS NURSING HOME INC,2011-11-16,NA,NA,NA,NA,NA,NA,NA,N,NA,N,N,N,Resident,Yes,3,NA,3,NA,2,NA,2,NA,NA,2,4,NA,NA,NA,2.59093,0.66262,0.42539,1.08801,3.67894,3.40857,0.28238,0.04789,33.3,NA,0,NA,0,NA,1.20641,0.86687,2.02149,0.74578,0.58888,3.35615,2.97735,2.96797,0.75905,0.4873,4.21432,3.90461,2024-09-19,6,6,0,56,1,0,56,2023-07-07,0,0,0,0,0,0,0,42,NA,0,0,0,0,"801 B STREET,SNYDER,OK,73566",34.6578,-98.956,NA,2026-06-01
375549,IGNITE MEDICAL RESORT ADAMS PARC,6006 SE ADAMS BLVD,BARTLESVILLE,OK,74006,9183310550,730,Washington,N,For profit - Corporation,92,49.6,NA,Medicare and Medicaid,N,"IGNITE MEDICAL RESORT BARTLESVILLE, LLC",2012-04-26,IGNITE MEDICAL RESORTS,279,24,2.6,2.3,2,4.3,N,NA,N,N,N,None,Yes,5,NA,5,NA,5,NA,5,NA,4,NA,2,NA,NA,NA,1.9717,1.81807,0.22953,2.0476,4.01929,3.84092,0.17315,0.06196,45.5,NA,60,NA,1,NA,1.43457,1.03081,2.40379,0.88682,0.70025,3.99086,3.54043,1.89941,1.75142,0.22111,3.87194,3.70011,2025-01-23,1,1,0,4,1,0,4,2023-10-26,4,3,1,20,1,0,20,8,NA,0,0,0,0,"6006 SE ADAMS BLVD,BARTLESVILLE,OK,74006",36.7425,-95.912,NA,2026-06-01
375550,BEADLES NEW BEGINNINGS,730 SHARE DRIVE,ALVA,OK,73717,5807320311,750,Woods,N,Government - Hospital district,80,30.3,NA,Medicare and Medicaid,N,"BEADLES OPERATIONS, LLC",2012-03-11,NA,NA,NA,NA,NA,NA,NA,N,NA,N,N,N,Resident,Yes,5,NA,5,NA,2,NA,2,NA,NA,2,4,NA,NA,NA,2.88815,1.00763,0.59542,1.60305,4.4912,3.98764,0.35013,0,62.9,NA,50,NA,NA,26,1.08484,0.77951,1.81778,0.67062,0.52954,3.01794,2.67732,3.67921,1.28362,0.75851,5.72134,5.07985,2024-08-30,0,0,0,0,0,0,0,2023-07-27,1,1,0,8,1,0,8,2,NA,2,9438,0,2,"730 SHARE DRIVE,ALVA,OK,73717",36.7869,-98.669,NA,2026-06-01
375551,Medical Park West Rehabilitation & Skilled Care,3110 Healthplex Drive,Norman,OK,73072,4053212188,130,Cleveland,Y,Non profit - Corporation,104,95.1,NA,Medicare and Medicaid,N,PF MPW SNF OPS LLC,2012-06-01,STONEGATE SENIOR LIVING,495,24,2.6,2.3,2.1,4.1,N,SFF Candidate,N,N,N,Resident,Yes,1,NA,1,NA,3,NA,4,NA,3,NA,2,NA,NA,NA,2.36656,1.14336,0.18264,1.32601,3.69256,3.31012,0.26128,0.05029,55.7,NA,50,NA,0,NA,1.2845,0.92298,2.15234,0.79405,0.627,3.57339,3.17007,2.54614,1.23013,0.1965,3.97277,3.5613,2025-01-30,14,10,4,197,1,0,197,2023-11-07,26,19,11,247,1,0,247,209.5,NA,2,36863,0,2,"3110 Healthplex Drive,Norman,OK,73072",35.2298,-97.505,22,2026-06-01
375553,MEMORY CARE CENTER AT EMERALD,2700 NORTH HICKORY STREET,CLAREMORE,OK,74017,9182834949,650,Rogers,Y,For profit - Limited Liability company,60,58.8,NA,Medicare and Medicaid,N,"MEMORY CARE CENTER AT EMERALD, LLC",2013-06-04,EMERALD HEALTHCARE,630,14,1.5,1.6,1.9,1.9,N,NA,N,Y,N,Resident,Yes,1,NA,1,NA,1,NA,1,NA,NA,2,2,NA,NA,NA,2.49432,0.7554,0.13739,0.89279,3.3871000000000002,3.15647,0.14435,0.0989,67.1,NA,NA,27,0,NA,1.14141,0.82017,1.91258,0.7056,0.55715,3.17534,2.81695,3.02001,0.9146,0.16635,4.10095,3.82171,2024-05-14,19,19,2,128,1,0,128,2023-04-03,30,22,8,325,1,0,325,177.25,NA,4,38175,0,4,"2700 NORTH HICKORY STREET,CLAREMORE,OK,74017",36.3363,-95.621,NA,2026-06-01
375554,SAINT SIMEONS EPISCOPAL HOME,3701 MARTIN LUTHER KING JR BLVD,TULSA,OK,74106,9184253583,710,Tulsa,Y,Non profit - Church related,109,68.1,NA,Medicare,N,"ST SIMEONS EPISCOPAL HOME, INC",2013-06-29,NA,NA,NA,NA,NA,NA,NA,Y,NA,N,N,N,Resident,Yes,4,NA,4,NA,4,NA,4,NA,4,NA,2,NA,NA,NA,5.11225,1.88446,0.32985,2.21431,7.32656,6.83424,0.34794,0.04992,NA,26,NA,26,NA,26,1.41737,1.01845,2.37498,0.87619,0.69185,3.94302,3.49798,4.98458,1.8374,0.32161,7.14359,6.66357,2025-01-24,3,3,0,12,1,0,12,2023-10-24,6,0,6,28,0,0,28,16,NA,4,12837,0,4,"3701 MARTIN LUTHER KING JR BLVD,TULSA,OK,74106",36.182,-95.994,NA,2026-06-01
375556,SHERWOOD MANOR NURSING HOME,2416 WEST 51STSOUTH,TULSA,OK,74107,9184464284,710,Tulsa,Y,For profit - Individual,102,68.1,NA,Medicare and Medicaid,N,SHERWOOD HEALTH SERVICES LLC,2013-09-25,NA,NA,NA,NA,NA,NA,NA,N,NA,N,N,N,Resident,Yes,2,NA,2,NA,3,NA,2,NA,4,NA,2,NA,NA,NA,2.61166,0.87578,0.12457,1.00035,3.61201,3.45899,0.12402,0,65.8,NA,NA,27,0,NA,1.14633,0.8237,1.92081,0.70864,0.55955,3.189,2.82907,3.14853,1.05582,0.15017,4.35451,4.17004,2024-09-06,8,8,0,40,1,0,40,2023-08-03,16,9,7,268,1,0,268,97,NA,2,91862,1,3,"2416 WEST 51STSOUTH,TULSA,OK,74107",36.1007,-96.03,22,2026-06-01
375557,BOYCE MANOR NURSING HOME,1600 EAST HIGHWAY,HOLDENVILLE,OK,74848,4053795443,310,Hughes,N,For profit - Limited Liability company,155,49.4,NA,Medicare and Medicaid,N,MEDI-PLEX NURSING CENTERS INC.,2013-10-18,BGM ESTATE,78,15,1.9,2.3,1.9,2.5,N,NA,N,N,N,Resident,Yes,1,NA,2,NA,4,NA,4,NA,NA,2,1,24,NA,NA,1.8367,0.79588,0.12737,0.92325,2.75995,2.49706,0.30032,0.00479,59.5,NA,NA,27,0,NA,0.98694,0.70917,1.65374,0.61011,0.48175,2.7456,2.43571,2.57186,1.11444,0.17835,3.86465,3.49654,2025-02-11,5,5,0,28,1,0,28,2023-12-07,15,11,5,246,1,0,246,82.5,NA,2,90499,0,2,"1600 EAST HIGHWAY,HOLDENVILLE,OK,74848",35.0868,-96.38,NA,2026-06-01
375558,The Highlands at Owasso,10098 N 123 E Ave,Owasso,OK,74055,9189284800,710,Tulsa,Y,For profit - Individual,105,86.5,NA,Medicare and Medicaid,N,GOLF COURSE PROPERTY INC,2014-02-21,NA,NA,NA,NA,NA,NA,NA,N,NA,N,N,N,Resident,Yes,2,NA,2,NA,3,NA,5,NA,2,NA,2,NA,NA,NA,2.86146,1.13036,0.16573,1.29609,4.15756,3.24281,0.15413,0.05796,71.3,NA,88.9,NA,0,NA,1.1436,0.82174,1.91625,0.70695,0.55822,3.18142,2.82235,3.4579,1.36597,0.20027,5.02415,3.91874,2025-05-06,11,6,8,104,1,0,104,2024-01-23,9,3,8,48,1,0,48,90,NA,2,35660,0,2,"10098 N 123 E Ave,Owasso,OK,74055",36.28,-95.85,22,2026-06-01
375559,BEAVER COUNTY NURSING HOME,200 EAST 8TH STREET,BEAVER,OK,73932,5806254571,030,Beaver,N,Government - County,62,33.6,NA,Medicare and Medicaid,N,BEAVER COUNTY NURSING HOME,2014-02-12,NA,NA,NA,NA,NA,NA,NA,N,NA,N,N,N,Resident,Yes,1,NA,2,NA,1,NA,1,NA,NA,2,1,25,25,6,NA,NA,NA,NA,NA,NA,NA,NA,68.2,NA,83.3,NA,NA,26,NA,NA,NA,NA,NA,NA,NA,NA,NA,NA,NA,NA,2024-12-12,8,8,0,119,1,0,119,2023-11-02,0,0,0,0,0,0,0,89.25,NA,1,15642,0,1,"200 EAST 8TH STREET,BEAVER,OK,73932",36.8102,-100.51,NA,2026-06-01
375560,SPANISH COVE HOUSING AUTHORITY,11 PALM STREET,YUKON,OK,73099,4053541901,080,Canadian,Y,For profit - Individual,47,51.8,NA,Medicare,N,SPANISH COVE HOUSING AUTHORITY,2014-03-07,NA,NA,NA,NA,NA,NA,NA,Y,NA,N,N,N,Resident,Yes,5,NA,5,NA,3,NA,3,NA,4,NA,5,NA,NA,NA,3.73018,1.36834,0.46141,1.82975,5.55992,4.81601,0.28748,0.01652,30.3,NA,16.7,NA,0,NA,1.16212,0.83504,1.94728,0.7184,0.56726,3.23293,2.86804,4.43587,1.6272,0.5487,6.61177,5.72712,2024-10-23,1,1,0,4,1,0,4,2023-07-31,1,0,1,20,0,0,20,8,NA,1,8018,1,2,"11 PALM STREET,YUKON,OK,73099",35.4898,-97.742,NA,2026-06-01
375561,ST. ANN'S SKILLED NURSING AND THERAPY,9400 ST ANN'S DRIVE,OKLAHOMA CITY,OK,73162,4057287888,540,Oklahoma,Y,For profit - Partnership,120,109,NA,Medicare and Medicaid,N,"SA OPERATIONS, LLC",2014-05-01,BRIDGES HEALTH,91,34,3.5,3.5,3.3,3.1,Y,NA,N,Y,N,Resident,Yes,4,NA,4,NA,3,NA,4,NA,2,NA,3,NA,NA,NA,2.42659,0.92982,0.37531,1.30514,3.73172,3.50274,0.28252,0.0264,52.1,NA,60,NA,0,NA,1.11903,0.80409,1.87508,0.69176,0.54623,3.11307,2.76171,2.99676,1.1483,0.4635,4.60856,4.32578,2024-05-17,8,4,4,32,1,0,32,2023-04-03,3,3,0,16,1,0,16,28,NA,0,0,0,0,"9400 ST ANN'S DRIVE,OKLAHOMA CITY,OK,73162",35.5656,-97.646,NA,2026-06-01
375562,Mcmahon-Tomlinson Nursing Center,2007 NW 52Nd Street,Lawton,OK,73505,5803573240,150,Comanche,Y,Non profit - Corporation,142,118.9,NA,Medicare and Medicaid,Y,COMANCHE COUNTY HOSPITAL AUTHORITY,2014-06-19,NA,NA,NA,NA,NA,NA,NA,N,NA,Y,N,N,Resident,Yes,2,NA,2,NA,2,NA,1,NA,2,NA,2,NA,NA,NA,2.74085,1.16296,0.15379,1.31675,4.0576,3.77012,0.08969,0.12366,NA,26,NA,26,NA,26,1.25369,0.90084,2.10072,0.77501,0.61196,3.48768,3.09404,3.02131,1.28196,0.16953,4.47279,4.15589,2025-12-16,4,2,2,48,1,0,48,2024-04-11,14,11,3,100,1,0,100,61,NA,1,9750,0,1,"2007 NW 52Nd Street,Lawton,OK,73505",34.6348,-98.457,NA,2026-06-01
375563,TIDWELL LIVING CENTER,900 W RANCHWOOD DRIVE,WILBURTON,OK,74578,9184655020,380,Latimer,N,For profit - Individual,55,33.9,NA,Medicare and Medicaid,N,"TIDWELL HEALTHCARE, LLC",2015-03-23,NA,NA,NA,NA,NA,NA,NA,N,NA,N,N,N,Resident,Yes,5,NA,5,NA,5,NA,5,NA,NA,2,4,NA,NA,NA,2.73597,0.71613,0.31742,1.03355,3.76952,3.36727,0.43969,0.0105,34.5,NA,NA,27,0,NA,1.10047,0.79075,1.84398,0.68029,0.53717,3.06144,2.7159,3.43583,0.89932,0.39861,4.73376,4.22862,2025-05-08,2,2,0,8,1,0,8,2024-01-11,4,4,0,28,1,0,28,13,NA,0,0,0,0,"900 W RANCHWOOD DRIVE,WILBURTON,OK,74578",34.9178,-95.321,NA,2026-06-01
375564,SHATTUCK NURSING CENTER,211 NORTH ALFALFA,SHATTUCK,OK,73858,5809382501,220,Ellis,N,For profit - Corporation,60,44.8,NA,Medicare and Medicaid,N,SHATTUCK NURSING CENTER INC,2015-08-31,NA,NA,NA,NA,NA,NA,NA,N,NA,N,N,N,Resident,Yes,1,NA,3,NA,1,NA,1,NA,NA,2,1,24,NA,NA,2.73082,0.63504,0.24436,0.8794,3.61022,3.35202,0.1729,0,NA,26,NA,26,NA,26,1.1957,0.85917,2.00354,0.73916,0.58365,3.32634,2.95091,3.15625,0.73398,0.28242,4.17265,3.87423,2024-10-24,7,7,0,48,1,0,48,2023-08-04,5,5,0,32,1,0,32,44,NA,0,0,0,0,"211 NORTH ALFALFA,SHATTUCK,OK,73858",36.2767,-99.867,NA,2026-06-01
375565,"BROKEN ARROW NURSING HOME, INC",424 NORTH DATE AVENUE,BROKEN ARROW,OK,74012,9182515343,710,Tulsa,Y,For profit - Corporation,101,72.9,NA,Medicare and Medicaid,N,BROKEN ARROW NURSING HOME INC,2015-09-14,NA,NA,NA,NA,NA,NA,NA,N,NA,N,N,N,Resident,Yes,4,NA,4,NA,4,NA,4,NA,NA,2,2,NA,NA,NA,2.57905,0.90307,0.12007,1.02315,3.6022,3.30653,0.12577,0.0623,60.3,NA,100,NA,0,NA,1.0727,0.77079,1.79745,0.66312,0.52361,2.98418,2.64737,3.32262,1.16344,0.15469,4.64076,4.25984,2024-11-01,2,1,1,12,1,0,12,2023-09-28,8,6,2,56,1,0,56,23,NA,0,0,0,0,"424 NORTH DATE AVENUE,BROKEN ARROW,OK,74012",36.0556,-95.796,NA,2026-06-01
375566,ELK CROSSING,811 WEST ELK,DUNCAN,OK,73533,5804750750,680,Stephens,N,For profit - Limited Liability company,120,96.6,NA,Medicare and Medicaid,N,JLG HEALTHCARE LLC,2016-01-04,NA,NA,NA,NA,NA,NA,NA,N,NA,N,Y,N,Both,Yes,5,NA,5,NA,3,NA,2,NA,3,NA,3,NA,NA,NA,4.5356,1.26693,0.3077,1.57462,6.11022,5.51643,0.21671,0.00798,46.9,NA,55.6,NA,0,NA,1.25228,0.89983,2.09835,0.77413,0.61127,3.48375,3.09055,5.00533,1.39814,0.33956,6.74303,6.08774,2024-04-25,2,2,1,12,1,0,12,2023-03-23,2,2,0,16,1,0,16,13,NA,0,0,0,0,"811 WEST ELK,DUNCAN,OK,73533",34.5216,-97.954,NA,2026-06-01
375568,Tulsa Center for Rehabilitation and Healthcare,6202 EAST 61ST STREET,TULSA,OK,74136,9184948830,710,Tulsa,Y,For profit - Corporation,180,114.9,NA,Medicare and Medicaid,N,SKYLINE HEIGHTS OPERATING CO LLC IN RECEIVERSHIP,2016-10-06,SLP OPERATIONS,730,8,2.5,2.5,1.5,3.8,N,NA,N,N,N,Resident,Yes,2,NA,4,NA,1,NA,1,NA,1,NA,1,24,NA,NA,1.99691,0.67325,0.07952,0.75277,2.74967,2.71536,0.06313,0.00596,66.1,NA,80,NA,1,NA,1.10159,0.79155,1.84586,0.68098,0.53771,3.06455,2.71867,2.50516,0.8446,0.09976,3.44953,3.40648,2025-08-25,5,3,3,20,1,0,20,2024-03-20,7,2,6,36,1,0,36,24,NA,0,0,0,0,"6202 EAST 61ST STREET,TULSA,OK,74136",36.0753,-95.907,NA,2026-06-01
375569,HENRYETTA COMMUNITY SKILLED HEALTHCARE & REHAB,212 NORTH ANTES,HENRYETTA,OK,74437,9186528797,550,Okmulgee,Y,For profit - Corporation,53,33.8,NA,Medicare and Medicaid,N,HENRYETTA COMMUNITY SKILLED HEALTHCARE AND REHAB LLC,2016-11-28,NA,NA,NA,NA,NA,NA,NA,N,NA,N,N,N,Resident,Yes,4,NA,5,NA,1,NA,1,NA,1,NA,4,NA,NA,NA,3.05427,0.81133,0.37872,1.19005,4.24432,4.0564,0.25045,0.00637,57.5,NA,60,NA,1,NA,1.06109,0.76245,1.778,0.65595,0.51795,2.95189,2.61872,3.9779,1.05668,0.49324,5.52782,5.28307,2025-05-08,1,1,0,4,1,0,4,2024-01-26,0,0,0,0,0,0,0,3,NA,0,0,0,0,"212 NORTH ANTES,HENRYETTA,OK,74437",35.4565,-95.977,NA,2026-06-01
375570,Accel At Crystal Park,315 SW 80Th Street,Oklahoma City,OK,73139,4056359961,540,Oklahoma,Y,Non profit - Corporation,69,62.3,NA,Medicare and Medicaid,N,PF CRYSTAL PARK SNF OPS LLC,2017-05-18,STONEGATE SENIOR LIVING,495,24,2.6,2.3,2.1,4.1,N,NA,N,N,N,Resident,Yes,1,NA,1,NA,3,NA,3,NA,3,NA,2,NA,NA,NA,2.09898,0.97348,0.29809,1.27156,3.37055,3.01127,0.24016,0.15368,82.9,NA,42.9,NA,1,NA,1.29868,0.93317,2.17609,0.80282,0.63392,3.61283,3.20506,2.23361,1.03592,0.31721,3.58674,3.20441,2025-01-15,14,8,10,135,1,0,135,2023-12-07,21,4,17,100,1,0,100,126.25,NA,0,0,0,0,"315 SW 80Th Street,Oklahoma City,OK,73139",35.3864,-97.518,NA,2026-06-01
375572,BEACON RIDGE,102 EAST LINE AVENUE,SAPULPA,OK,74066,9182161811,180,Creek,Y,For profit - Limited Liability company,69,49.6,NA,Medicare and Medicaid,N,BEACON RIDGE SNF OPERATIONS LLC,2018-04-26,SKYBLUE HEALTHCARE,883,10,2.2,2.3,2.2,3,N,NA,N,N,N,Resident,Yes,2,NA,2,NA,2,NA,2,NA,NA,2,2,NA,NA,NA,2.40137,0.94459,0.26733,1.21192,3.61329,3.37546,0.21291,0.01905,74.3,NA,75,NA,1,NA,1.01939,0.73249,1.70812,0.63017,0.49759,2.83588,2.51581,3.25549,1.28056,0.36241,4.89846,4.57604,2024-11-21,16,16,2,100,1,0,100,2023-09-08,17,10,11,88,1,0,88,97,NA,0,0,2,2,"102 EAST LINE AVENUE,SAPULPA,OK,74066",36.0029,-96.113,NA,2026-06-01
375573,CROSS TIMBERS NURSING AND REHABILITATION,1400 BUENA VISTA AVENUE,MIDWEST CITY,OK,73110,4052519988,540,Oklahoma,Y,For profit - Corporation,187,59.8,NA,Medicare and Medicaid,N,CROSS TIMBERS SNF OPERATIONS LLC,2018-02-15,SKYBLUE HEALTHCARE,883,10,2.2,2.3,2.2,3,N,NA,N,N,N,Resident,Yes,1,NA,1,NA,3,NA,3,NA,NA,2,3,NA,NA,NA,1.92313,1.08232,0.13589,1.21821,3.14134,2.82097,0.14151,0.09517,58.6,NA,NA,27,0,NA,0.9692,0.69642,1.62402,0.59914,0.47309,2.69625,2.39194,2.74216,1.54327,0.19376,4.47919,4.02238,2025-02-26,3,3,0,12,1,0,12,2024-08-23,23,5,18,591,1,0,591,156.75,NA,1,126808,3,4,"1400 BUENA VISTA AVENUE,MIDWEST CITY,OK,73110",35.4515,-97.418,NA,2026-06-01
375574,The Lodge At Brookline,5301 North Brookline,Oklahoma City,OK,73112,4052512847,540,Oklahoma,Y,For profit - Corporation,132,41.6,NA,Medicare and Medicaid,N,Legal Business Name Not Available,2018-06-18,NA,NA,NA,NA,NA,NA,NA,N,NA,N,N,N,Resident,Yes,1,NA,1,NA,3,NA,4,NA,3,NA,3,NA,NA,NA,2.34425,0.76126,0.8443,1.60556,3.9498,3.83653,0.9593,0.00916,NA,26,NA,26,1,NA,1.34183,0.96417,2.2484,0.82949,0.65498,3.73286,3.31155,2.41439,0.78403,0.86956,4.06798,3.95132,2024-09-06,18,11,7,167,1,0,167,2023-08-03,16,8,9,84,1,0,84,146.25,NA,1,25057,1,2,"5301 North Brookline,Oklahoma City,OK,73112",35.5233,-97.568,NA,2026-06-01
375575,LAKEVIEW NURSING & REHAB,607 WOODLAND AVENUE,EUFAULA,OK,74432,9186189588,450,Mcintosh,N,For profit - Corporation,70,57.1,NA,Medicare and Medicaid,N,LAKEVIEW NURSING & REHAB LLC,2019-07-15,BRADFORD MONTGOMERY,87,11,2,2.5,1.7,2.8,N,NA,N,N,N,Resident,Yes,4,NA,4,NA,2,NA,2,NA,NA,2,2,NA,NA,NA,2.22152,0.93418,0.14874,1.08292,3.30444,3.32958,0.13997,0.00395,NA,26,NA,26,1,NA,0.987,0.70921,1.65384,0.61014,0.48178,2.74576,2.43585,3.11052,1.30802,0.20827,4.6268,4.662,2025-02-13,3,3,1,16,1,0,16,2023-10-24,2,2,0,12,1,0,12,15,NA,0,0,0,0,"607 WOODLAND AVENUE,EUFAULA,OK,74432",35.2815,-95.589,NA,2026-06-01
375577,SENIOR VILLAGE HEALTHCARE,1104 NORTH MADISON,BLANCHARD,OK,73010,4054853315,430,Mcclain,Y,For profit - Partnership,50,45.1,NA,Medicare and Medicaid,N,SENIOR VILLAGE OPERATIONS LLC,2019-11-08,BRIDGES HEALTH,91,34,3.5,3.5,3.3,3.1,N,NA,N,N,N,Resident,Yes,4,NA,4,NA,4,NA,5,NA,3,NA,4,NA,NA,NA,2.39156,0.67486,0.51051,1.18538,3.57694,3.45446,0.22129,0.00827,31.7,NA,NA,27,1,NA,1.05556,0.75847,1.76872,0.65252,0.51524,2.93648,2.60505,3.13112,0.88355,0.66838,4.68306,4.52271,2024-08-01,5,5,1,36,1,0,36,2023-07-10,0,0,0,0,0,0,0,27,NA,0,0,0,0,"1104 NORTH MADISON,BLANCHARD,OK,73010",35.1467,-97.661,NA,2026-06-01
375579,HIGHER CALL NURSING CENTER,407 WHITEBIRD STREET,QUAPAW,OK,74363,9186742233,570,Ottawa,N,For profit - Limited Liability company,86,43.5,NA,Medicare and Medicaid,N,GLOBAL HIGHER CALL NURSING LLC,2020-10-06,SELECTIS HEALTH,858,6,2.4,2.4,2.2,3.4,N,NA,N,N,N,Resident,Yes,2,NA,2,NA,3,NA,4,NA,2,NA,4,NA,NA,NA,2.52391,0.80134,0.50492,1.30625,3.83017,3.37591,0.31944,0.00923,74.5,NA,NA,27,0,NA,1.10518,0.79413,1.85187,0.6832,0.53947,3.07453,2.72752,3.15603,1.00203,0.63137,4.78943,4.22141,2026-01-09,3,3,1,24,1,0,24,2024-05-16,12,5,7,301,1,0,301,93.25,NA,1,18113,0,1,"407 WHITEBIRD STREET,QUAPAW,OK,74363",36.9544,-94.786,NA,2026-06-01
375580,HOLIDAY HEIGHTS HEALTHCARE,301 EAST DALE,NORMAN,OK,73069,4053217932,130,Cleveland,Y,Non profit - Corporation,51,43.8,NA,Medicare and Medicaid,N,"HOLIDAY HEIGHTS OPERATIONS, LLC",2020-04-01,BRIDGES HEALTH,91,34,3.5,3.5,3.3,3.1,N,NA,N,N,N,None,Yes,5,NA,5,NA,5,NA,5,NA,NA,2,4,NA,NA,NA,2.10783,1.07357,0.43415,1.50773,3.61556,3.22209,0.62731,0.00549,58,NA,NA,27,1,NA,1.00834,0.72455,1.68961,0.62334,0.4922,2.80514,2.48854,2.88886,1.47137,0.59502,4.95525,4.41599,2024-07-24,2,2,0,12,1,0,12,2023-06-29,3,3,0,16,1,0,16,13,NA,0,0,0,0,"301 EAST DALE,NORMAN,OK,73069",35.234,-97.443,NA,2026-06-01
375581,"IGNITE MEDICAL RESORT TULSA, LLC",8720 SOUTH 101ST AVENUE,TULSA,OK,74133,9189650101,710,Tulsa,Y,For profit - Limited Liability company,104,99.9,NA,Medicare and Medicaid,N,"IGNITE MEDICAL RESORT TULSA, LLC",2021-08-17,IGNITE MEDICAL RESORTS,279,24,2.6,2.3,2,4.3,N,NA,N,N,N,Both,Yes,4,NA,4,NA,4,NA,4,NA,4,NA,2,NA,NA,NA,2.57389,1.45797,0.45485,1.91282,4.48671,4.07177,0.23649,0.10431,65.6,NA,50,NA,1,NA,1.49975,1.07765,2.51302,0.92712,0.73206,4.1722,3.7013,2.37176,1.34348,0.41913,4.13437,3.75201,2024-12-11,4,3,1,20,1,0,20,2023-09-19,1,0,1,20,0,0,20,20,NA,1,16772,0,1,"8720 SOUTH 101ST AVENUE,TULSA,OK,74133",36.0319,-95.865,NA,2026-06-01
375583,"Ignite Medical Resort Edmond, LLC",1400 EAST MEMORIAL ROAD,OKLAHOMA CITY,OK,73131,4058750040,540,Oklahoma,Y,For profit - Limited Liability company,73,62.2,NA,Medicare and Medicaid,N,PARC PLACE OPERATIONS LLC,2022-02-09,IGNITE MEDICAL RESORTS,279,24,2.6,2.3,2,4.3,N,NA,N,N,N,Resident,Yes,1,NA,1,NA,3,NA,3,NA,3,NA,4,NA,NA,NA,2.96928,1.30548,0.74977,2.05524,5.02452,4.69568,0.53087,0.05316,67.5,NA,66.7,NA,1,NA,1.25029,0.8984,2.09502,0.77291,0.6103,3.47823,3.08565,3.282,1.44297,0.82873,5.5537,5.19022,2025-11-25,20,19,2,108,1,0,108,2024-04-25,13,10,3,68,1,0,68,98,NA,0,0,0,0,"1400 EAST MEMORIAL ROAD,OKLAHOMA CITY,OK,73131",35.609,-97.489,NA,2026-06-01
37E024,"CARNEGIE NURSING HOME, INC.",225 NORTH BROADWAY,CARNEGIE,OK,73015,5806541439,070,Caddo,N,For profit - Individual,100,24.9,NA,Medicaid,N,Legal Business Name Not Available,1975-09-01,NA,NA,NA,NA,NA,NA,NA,N,NA,N,N,N,Resident,Yes,5,NA,4,NA,5,NA,5,NA,NA,2,3,NA,NA,NA,2.65678,1.2874,0.32272,1.61012,4.2669,3.94059,0.31404,0,NA,26,NA,26,0,NA,1.20833,0.86825,2.0247,0.74696,0.58981,3.36148,2.98209,3.03858,1.4724,0.3691,4.88008,4.50687,2025-09-05,1,1,0,8,1,0,8,2024-04-18,8,8,8,44,1,0,44,17,NA,0,0,0,0,"225 NORTH BROADWAY,CARNEGIE,OK,73015",35.1086,-98.605,NA,2026-06-01
37E082,SEILING NURSING CENTER,914 NE HIGHWAY 60,SEILING,OK,73663,5809224433,210,Dewey,N,Government - City,31,18.7,NA,Medicaid,N,Legal Business Name Not Available,1979-03-02,NA,NA,NA,NA,NA,NA,NA,N,NA,N,N,N,Both,Yes,2,NA,3,NA,2,NA,2,NA,NA,2,1,24,NA,NA,1.4047,0.49981,0.35818,0.85799,2.26269,2.24877,0.2384,0,NA,26,NA,26,NA,26,0.93246,0.67002,1.56246,0.57643,0.45516,2.59404,2.30126,2.08186,0.74076,0.53085,3.35346,3.33283,2026-01-22,4,4,0,52,1,0,52,2024-06-13,7,7,0,40,1,0,40,49,NA,0,0,0,0,"914 NE HIGHWAY 60,SEILING,OK,73663",36.1588,-98.921,NA,2026-06-01
37E109,COLONIAL MANOR II,120 WEST VERSA,HOLLIS,OK,73550,5806889431,280,Harmon,N,Government - County,92,35.2,NA,Medicaid,N,Legal Business Name Not Available,1978-07-01,NA,NA,NA,NA,NA,NA,NA,N,NA,N,N,N,Resident,Yes,3,NA,4,NA,2,NA,2,NA,NA,2,1,23,23,23,NA,NA,NA,NA,NA,NA,NA,NA,NA,26,NA,26,NA,26,NA,NA,NA,NA,NA,NA,NA,NA,NA,NA,NA,NA,2026-01-08,2,2,0,12,1,0,12,2024-06-01,8,5,3,72,1,0,72,27,NA,0,0,1,1,"120 WEST VERSA,HOLLIS,OK,73550",34.6871,-99.919,NA,2026-06-01
37E204,RAINBOW TERRACE CARE CENTER,300 WEST 9TH STREET,WELEETKA,OK,74880,4057862244,530,Okfuskee,N,For profit - Corporation,60,32.3,NA,Medicaid,N,Legal Business Name Not Available,1974-09-01,NA,NA,NA,NA,NA,NA,NA,N,NA,N,N,N,None,Yes,1,NA,1,NA,4,NA,4,NA,NA,2,4,NA,NA,NA,2.71636,0.7245,0.36961,1.09411,3.81047,3.63162,0.28831,0,56.3,NA,NA,27,NA,26,0.93359,0.67084,1.56435,0.57713,0.45571,2.59719,2.30406,4.02095,1.07246,0.54712,5.64053,5.37579,2025-01-08,4,4,1,24,1,0,24,2023-09-12,33,15,21,365,1,0,365,109.25,NA,1,60140,0,1,"300 WEST 9TH STREET,WELEETKA,OK,74880",35.3356,-96.135,NA,2026-06-01
37E568,North Winds Living Center,3718 North Portland,Oklahoma City,OK,73112,4059421014,540,Oklahoma,Y,For profit - Corporation,29,26.9,NA,Medicaid,N,Legal Business Name Not Available,2001-01-01,NA,NA,NA,NA,NA,NA,NA,N,NA,Y,N,N,Resident,Yes,2,NA,2,NA,4,NA,4,NA,NA,2,3,NA,NA,NA,2.17445,0.64927,0.538,1.18727,3.36172,3.17479,0.94878,0,NA,26,NA,26,NA,26,0.81294,0.58414,1.36218,0.50254,0.39682,2.26154,2.00629,3.69651,1.10374,0.91459,5.71483,5.39706,2025-05-12,7,7,0,60,1,0,60,2024-02-15,5,5,0,20,2,10,30,52.5,NA,0,0,0,0,"3718 North Portland,Oklahoma City,OK,73112",35.5089,-97.583,NA,2026-06-01
37E624,CALLAWAY NURSING HOME,1300 WEST LINDSEY,SULPHUR,OK,73086,5806222416,490,Murray,N,For profit - Corporation,86,46.4,NA,Medicaid,N,Legal Business Name Not Available,2015-10-28,NA,NA,NA,NA,NA,NA,NA,N,NA,N,N,N,Resident,Yes,1,NA,1,NA,3,NA,3,NA,NA,2,1,NA,NA,NA,0.54897,0.8148,0.38037,1.19517,1.74413,1.46167,0.3686,0,NA,26,NA,26,NA,26,0.86646,0.6226,1.45186,0.53563,0.42294,2.41044,2.13838,0.87559,1.29957,0.60668,2.78183,2.3313,2025-04-28,10,9,5,72,1,0,72,2024-01-05,13,5,12,151,2,76,227,110.75,NA,0,0,0,0,"1300 WEST LINDSEY,SULPHUR,OK,73086",34.5353,-96.989,NA,2026-06-01
